0.320212+1.504420j,-0.331621+1.150796j,-0.331621+1.150796j,0.000000
0.320212+1.504420j,-0.331625+1.150803j,-0.331618+1.150790j,0.000000
0.320212+1.504420j,-0.331622+1.150798j,-0.331621+1.150795j,0.000000
0.320212+1.504420j,-0.331605+1.150763j,-0.331638+1.150830j,0.000000
0.320212+1.504420j,-0.331605+1.150763j,-0.331638+1.150830j,0.000000
0.320212+1.504420j,-0.331605+1.150763j,-0.331638+1.150830j,0.000000
0.320212+1.504420j,-0.331605+1.150762j,-0.331638+1.150830j,0.000000
0.320212+1.504420j,-0.331605+1.150762j,-0.331638+1.150831j,0.000000
0.320212+1.504420j,-0.331605+1.150762j,-0.331638+1.150831j,0.000000
0.320212+1.504420j,-0.331605+1.150762j,-0.331638+1.150831j,0.000000
0.320212+1.504420j,-0.331605+1.150762j,-0.331638+1.150831j,0.000000
0.320212+1.504420j,-0.331605+1.150762j,-0.331638+1.150831j,0.000000
0.320212+1.504420j,-0.331605+1.150761j,-0.331638+1.150831j,0.000000
0.320212+1.504420j,-0.331605+1.150761j,-0.331638+1.150832j,0.000000
0.320212+1.504420j,-0.331605+1.150761j,-0.331638+1.150832j,0.000000
0.320212+1.504420j,-0.331605+1.150761j,-0.331638+1.150832j,0.000000
0.320212+1.504420j,-0.331604+1.150761j,-0.331639+1.150832j,0.000000
0.320212+1.504420j,-0.331604+1.150761j,-0.331639+1.150832j,0.000000
0.320212+1.504420j,-0.331604+1.150761j,-0.331639+1.150832j,0.000000
0.320212+1.504420j,-0.331604+1.150760j,-0.331639+1.150832j,0.000000
0.320212+1.504420j,-0.331604+1.150760j,-0.331639+1.150833j,0.000000
0.320212+1.504420j,-0.331604+1.150760j,-0.331639+1.150833j,0.000000
0.320212+1.504420j,-0.331604+1.150760j,-0.331639+1.150833j,0.000000
0.320212+1.504420j,-0.331604+1.150760j,-0.331639+1.150833j,0.000000
0.320212+1.504420j,-0.331604+1.150760j,-0.331639+1.150833j,0.000000
0.320212+1.504420j,-0.331604+1.150760j,-0.331639+1.150833j,0.000000
0.320212+1.504420j,-0.331604+1.150759j,-0.331639+1.150833j,0.000000
0.320212+1.504420j,-0.331604+1.150759j,-0.331639+1.150834j,0.000000
0.320212+1.504420j,-0.331604+1.150759j,-0.331639+1.150834j,0.000000
0.320212+1.504420j,-0.331604+1.150759j,-0.331639+1.150834j,0.000000
0.320212+1.504420j,-0.331604+1.150759j,-0.331639+1.150834j,0.000000
0.320212+1.504420j,-0.331603+1.150759j,-0.331639+1.150834j,0.000000
0.320212+1.504420j,-0.331603+1.150759j,-0.331640+1.150834j,0.000000
0.320212+1.504420j,-0.331603+1.150759j,-0.331640+1.150834j,0.000000
0.320212+1.504420j,-0.331603+1.150758j,-0.331640+1.150834j,0.000000
0.320212+1.504420j,-0.331603+1.150758j,-0.331640+1.150835j,0.000000
0.320212+1.504420j,-0.331603+1.150758j,-0.331640+1.150835j,0.000000
0.320212+1.504420j,-0.331603+1.150758j,-0.331640+1.150835j,0.000000
0.320212+1.504420j,-0.331603+1.150758j,-0.331640+1.150835j,0.000000
0.320212+1.504420j,-0.331603+1.150758j,-0.331640+1.150835j,0.000000
0.320212+1.504420j,-0.331603+1.150758j,-0.331640+1.150835j,0.000000
0.320212+1.504420j,-0.331603+1.150758j,-0.331640+1.150835j,0.000000
0.320212+1.504420j,-0.331603+1.150757j,-0.331640+1.150835j,0.000000
0.320212+1.504420j,-0.331603+1.150757j,-0.331640+1.150836j,0.000000
0.320212+1.504420j,-0.331603+1.150757j,-0.331640+1.150836j,0.000000
0.320212+1.504420j,-0.331603+1.150757j,-0.331640+1.150836j,0.000000
0.320212+1.504420j,-0.331603+1.150757j,-0.331640+1.150836j,0.000000
0.320212+1.504420j,-0.331603+1.150757j,-0.331640+1.150836j,0.000000
0.320212+1.504420j,-0.331602+1.150757j,-0.331641+1.150836j,0.000000
0.320212+1.504420j,-0.331602+1.150757j,-0.331641+1.150836j,0.000000
0.320212+1.504420j,-0.331602+1.150756j,-0.331641+1.150836j,0.000000
0.320212+1.504420j,-0.331602+1.150756j,-0.331641+1.150837j,0.000000
0.320212+1.504420j,-0.331612+1.150777j,-0.331631+1.150816j,0.000000
0.320212+1.504420j,-0.331612+1.150776j,-0.331631+1.150817j,0.000000
0.320212+1.504420j,-0.331611+1.150775j,-0.331632+1.150818j,0.000000
0.320212+1.504420j,-0.331611+1.150774j,-0.331632+1.150819j,0.000000
0.320212+1.504420j,-0.331611+1.150774j,-0.331632+1.150819j,0.000000
0.320212+1.504420j,-0.331610+1.150773j,-0.331633+1.150820j,0.000000
0.320212+1.504420j,-0.331610+1.150772j,-0.331633+1.150821j,0.000000
0.320212+1.504420j,-0.331610+1.150772j,-0.331633+1.150821j,0.000000
0.320212+1.504420j,-0.331609+1.150771j,-0.331634+1.150822j,0.000000
0.320212+1.504420j,-0.331609+1.150770j,-0.331634+1.150822j,0.000000
0.320212+1.504420j,-0.331609+1.150770j,-0.331634+1.150823j,0.000000
0.320212+1.504420j,-0.331609+1.150769j,-0.331634+1.150823j,0.000000
0.320212+1.504420j,-0.331608+1.150769j,-0.331635+1.150824j,0.000000
0.320212+1.504420j,-0.331608+1.150768j,-0.331635+1.150824j,0.000000
0.320212+1.504420j,-0.331608+1.150768j,-0.331635+1.150825j,0.000000
0.320212+1.504420j,-0.331608+1.150768j,-0.331635+1.150825j,0.000000
0.320212+1.504420j,-0.331607+1.150767j,-0.331636+1.150826j,0.000000
0.320212+1.504420j,-0.331607+1.150767j,-0.331636+1.150826j,0.000000
0.320212+1.504420j,-0.331607+1.150766j,-0.331636+1.150827j,0.000000
0.320212+1.504420j,-0.331607+1.150766j,-0.331636+1.150827j,0.000000
0.320212+1.504420j,-0.331607+1.150765j,-0.331636+1.150827j,0.000000
0.320212+1.504420j,-0.331606+1.150765j,-0.331636+1.150828j,0.000000
0.320212+1.504420j,-0.331606+1.150765j,-0.331637+1.150828j,0.000000
0.320212+1.504420j,-0.331606+1.150764j,-0.331637+1.150829j,0.000000
0.320212+1.504420j,-0.331606+1.150764j,-0.331637+1.150829j,0.000000
0.320212+1.504420j,-0.331606+1.150764j,-0.331637+1.150829j,0.000000
0.320212+1.504420j,-0.331606+1.150763j,-0.331637+1.150830j,0.000000
0.320212+1.504420j,-0.331605+1.150763j,-0.331638+1.150830j,0.000000
0.320212+1.504420j,-0.331605+1.150763j,-0.331638+1.150830j,0.000000
0.320212+1.504420j,-0.331605+1.150762j,-0.331638+1.150831j,0.000000
0.320212+1.504420j,-0.331605+1.150762j,-0.331638+1.150831j,0.000000
0.320212+1.504420j,-0.331605+1.150762j,-0.331638+1.150831j,0.000000
0.320212+1.504420j,-0.331605+1.150761j,-0.331638+1.150832j,0.000000
0.320212+1.504420j,-0.331605+1.150761j,-0.331638+1.150832j,0.000000
0.320212+1.504420j,-0.331604+1.150761j,-0.331639+1.150832j,0.000000
0.320212+1.504420j,-0.331604+1.150761j,-0.331639+1.150832j,0.000000
0.320212+1.504420j,-0.331604+1.150760j,-0.331639+1.150833j,0.000000
0.320212+1.504420j,-0.331604+1.150760j,-0.331639+1.150833j,0.000000
0.320212+1.504420j,-0.331604+1.150760j,-0.331639+1.150833j,0.000000
0.320212+1.504420j,-0.331604+1.150759j,-0.331639+1.150834j,0.000000
0.320212+1.504420j,-0.331604+1.150759j,-0.331639+1.150834j,0.000000
0.320212+1.504420j,-0.331604+1.150759j,-0.331639+1.150834j,0.000000
0.320212+1.504420j,-0.331603+1.150759j,-0.331640+1.150834j,0.000000
0.320212+1.504420j,-0.331603+1.150758j,-0.331640+1.150835j,0.000000
0.320212+1.504420j,-0.331603+1.150758j,-0.331640+1.150835j,0.000000
0.320212+1.504420j,-0.331603+1.150758j,-0.331640+1.150835j,0.000000
0.320212+1.504420j,-0.331603+1.150758j,-0.331640+1.150835j,0.000000
0.320212+1.504420j,-0.331603+1.150757j,-0.331640+1.150836j,0.000000
0.320212+1.504420j,-0.331603+1.150757j,-0.331640+1.150836j,0.000000
0.320212+1.504420j,-0.331603+1.150757j,-0.331640+1.150836j,0.000000
0.320212+1.504420j,-0.331602+1.150757j,-0.331641+1.150836j,0.000000
0.320212+1.504420j,-0.331602+1.150756j,-0.331641+1.150837j,0.000000
0.320212+1.504420j,-0.331602+1.150756j,-0.331641+1.150837j,0.000000
0.320212+1.504420j,-0.331602+1.150755j,-0.331641+1.150838j,0.000000
0.320212+1.504420j,-0.331602+1.150755j,-0.331641+1.150838j,0.000000
0.320212+1.504420j,-0.331601+1.150754j,-0.331642+1.150838j,0.000000
0.320212+1.504420j,-0.331601+1.150754j,-0.331642+1.150839j,0.000000
0.320212+1.504420j,-0.331601+1.150754j,-0.331642+1.150839j,0.000000
0.320212+1.504420j,-0.331601+1.150753j,-0.331642+1.150840j,0.000000
0.320212+1.504420j,-0.331601+1.150753j,-0.331642+1.150840j,0.000000
0.320212+1.504420j,-0.331600+1.150752j,-0.331643+1.150840j,0.000000
0.320212+1.504420j,-0.331600+1.150752j,-0.331643+1.150841j,0.000000
0.320212+1.504420j,-0.331600+1.150752j,-0.331643+1.150841j,0.000000
0.320212+1.504420j,-0.331600+1.150751j,-0.331643+1.150842j,0.000000
0.320212+1.504420j,-0.331600+1.150751j,-0.331643+1.150842j,0.000000
0.320212+1.504420j,-0.331600+1.150751j,-0.331643+1.150842j,0.000000
0.320212+1.504420j,-0.331599+1.150750j,-0.331644+1.150843j,0.000000
0.320212+1.504420j,-0.331599+1.150750j,-0.331644+1.150843j,0.000000
0.320212+1.504420j,-0.331599+1.150750j,-0.331644+1.150843j,0.000000
0.320212+1.504420j,-0.331599+1.150749j,-0.331644+1.150844j,0.000000
0.320212+1.504420j,-0.331599+1.150749j,-0.331644+1.150844j,0.000000
0.320212+1.504420j,-0.331599+1.150749j,-0.331644+1.150844j,0.000000
0.320212+1.504420j,-0.331598+1.150748j,-0.331645+1.150845j,0.000000
0.320212+1.504420j,-0.331598+1.150748j,-0.331645+1.150845j,0.000000
0.320212+1.504420j,-0.331598+1.150748j,-0.331645+1.150845j,0.000000
0.320212+1.504420j,-0.331598+1.150747j,-0.331645+1.150846j,0.000000
0.320212+1.504420j,-0.331598+1.150747j,-0.331645+1.150846j,0.000000
0.320212+1.504420j,-0.331598+1.150747j,-0.331645+1.150846j,0.000000
0.320212+1.504420j,-0.331598+1.150746j,-0.331645+1.150846j,0.000000
0.320212+1.504420j,-0.331597+1.150746j,-0.331646+1.150847j,0.000000
0.320212+1.504420j,-0.331597+1.150746j,-0.331646+1.150847j,0.000000
0.320212+1.504420j,-0.331597+1.150746j,-0.331646+1.150847j,0.000000
0.320212+1.504420j,-0.331597+1.150745j,-0.331646+1.150848j,0.000000
0.320212+1.504420j,-0.331597+1.150745j,-0.331646+1.150848j,0.000000
0.320212+1.504420j,-0.331597+1.150745j,-0.331646+1.150848j,0.000000
0.320212+1.504420j,-0.331597+1.150744j,-0.331646+1.150848j,0.000000
0.320212+1.504420j,-0.331596+1.150744j,-0.331647+1.150849j,0.000000
0.320212+1.504420j,-0.331596+1.150744j,-0.331647+1.150849j,0.000000
0.320212+1.504420j,-0.331596+1.150744j,-0.331647+1.150849j,0.000000
0.320212+1.504420j,-0.331596+1.150743j,-0.331647+1.150850j,0.000000
0.320212+1.504420j,-0.331596+1.150743j,-0.331647+1.150850j,0.000000
0.320212+1.504420j,-0.331596+1.150743j,-0.331647+1.150850j,0.000000
0.320212+1.504420j,-0.331596+1.150743j,-0.331647+1.150850j,0.000000
0.320212+1.504420j,-0.331596+1.150742j,-0.331647+1.150851j,0.000000
0.320212+1.504420j,-0.331595+1.150742j,-0.331648+1.150851j,0.000000
0.320212+1.504420j,-0.331595+1.150742j,-0.331648+1.150851j,0.000000
0.320212+1.504420j,-0.331595+1.150742j,-0.331648+1.150851j,0.000000
0.320212+1.504420j,-0.331595+1.150741j,-0.331648+1.150852j,0.000000
0.320212+1.504420j,-0.331595+1.150741j,-0.331648+1.150852j,0.000000
0.320212+1.504420j,-0.331595+1.150741j,-0.331648+1.150852j,0.000000
0.320212+1.504420j,-0.331595+1.150741j,-0.331648+1.150852j,0.000000
0.320212+1.504420j,-0.331595+1.150740j,-0.331648+1.150853j,0.000000
0.320212+1.504420j,-0.331595+1.150740j,-0.331648+1.150853j,0.000000
0.320212+1.504420j,-0.331594+1.150740j,-0.331649+1.150853j,0.000000
0.320212+1.504420j,-0.331594+1.150739j,-0.331649+1.150853j,0.000000
0.320212+1.504420j,-0.331594+1.150739j,-0.331649+1.150854j,0.000000
0.320212+1.504420j,-0.331594+1.150739j,-0.331649+1.150854j,0.000000
0.320212+1.504420j,-0.331594+1.150739j,-0.331649+1.150854j,0.000000
0.320212+1.504420j,-0.331594+1.150738j,-0.331649+1.150855j,0.000000
0.320212+1.504420j,-0.331594+1.150738j,-0.331649+1.150855j,0.000000
0.320212+1.504420j,-0.331593+1.150738j,-0.331650+1.150855j,0.000000
0.320212+1.504420j,-0.331593+1.150738j,-0.331650+1.150855j,0.000000
0.320212+1.504420j,-0.331593+1.150737j,-0.331650+1.150856j,0.000000
0.320212+1.504420j,-0.331593+1.150737j,-0.331650+1.150856j,0.000000
0.320212+1.504420j,-0.331593+1.150737j,-0.331650+1.150856j,0.000000
0.320212+1.504420j,-0.331593+1.150736j,-0.331650+1.150856j,0.000000
0.320212+1.504420j,-0.331593+1.150736j,-0.331650+1.150857j,0.000000
0.320212+1.504420j,-0.331593+1.150736j,-0.331650+1.150857j,0.000000
0.320212+1.504420j,-0.331592+1.150736j,-0.331651+1.150857j,0.000000
0.320212+1.504420j,-0.331592+1.150735j,-0.331651+1.150857j,0.000000
0.320212+1.504420j,-0.331592+1.150735j,-0.331651+1.150858j,0.000000
0.320212+1.504420j,-0.331592+1.150735j,-0.331651+1.150858j,0.000000
0.320212+1.504420j,-0.331592+1.150735j,-0.331651+1.150858j,0.000000
0.320212+1.504420j,-0.331592+1.150734j,-0.331651+1.150858j,0.000000
0.320212+1.504420j,-0.331592+1.150734j,-0.331651+1.150859j,0.000000
0.320212+1.504420j,-0.331592+1.150734j,-0.331651+1.150859j,0.000000
0.320212+1.504420j,-0.331592+1.150734j,-0.331651+1.150859j,0.000000
0.320212+1.504420j,-0.331591+1.150734j,-0.331652+1.150859j,0.000000
0.320212+1.504420j,-0.331591+1.150733j,-0.331652+1.150860j,0.000000
0.320212+1.504420j,-0.331591+1.150733j,-0.331652+1.150860j,0.000000
0.320212+1.504420j,-0.331591+1.150733j,-0.331652+1.150860j,0.000000
0.320212+1.504420j,-0.331591+1.150733j,-0.331652+1.150860j,0.000000
0.320212+1.504420j,-0.331591+1.150732j,-0.331652+1.150861j,0.000000
0.320212+1.504420j,-0.331591+1.150732j,-0.331652+1.150861j,0.000000
0.320212+1.504420j,-0.331591+1.150732j,-0.331652+1.150861j,0.000000
0.320212+1.504420j,-0.331591+1.150732j,-0.331652+1.150861j,0.000000
0.320212+1.504420j,-0.331590+1.150731j,-0.331653+1.150861j,0.000000
0.320212+1.504420j,-0.331590+1.150731j,-0.331653+1.150862j,0.000000
0.320212+1.504420j,-0.331590+1.150731j,-0.331653+1.150862j,0.000000
0.320212+1.504420j,-0.331590+1.150731j,-0.331653+1.150862j,0.000000
0.320212+1.504420j,-0.331590+1.150731j,-0.331653+1.150862j,0.000000
0.320212+1.504420j,-0.331590+1.150730j,-0.331653+1.150863j,0.000000
0.320212+1.504420j,-0.331590+1.150730j,-0.331653+1.150863j,0.000000
0.320212+1.504420j,-0.331590+1.150730j,-0.331653+1.150863j,0.000000
0.320212+1.504420j,-0.331590+1.150730j,-0.331653+1.150863j,0.000000
0.320212+1.504420j,-0.331590+1.150730j,-0.331653+1.150863j,0.000000
0.320212+1.504420j,-0.331589+1.150729j,-0.331654+1.150864j,0.000000
0.320212+1.504420j,-0.331589+1.150729j,-0.331654+1.150864j,0.000000
0.320212+1.504420j,-0.331589+1.150729j,-0.331654+1.150864j,0.000000
0.320212+1.504420j,-0.331589+1.150729j,-0.331654+1.150864j,0.000000
0.320212+1.504420j,-0.331589+1.150729j,-0.331654+1.150864j,0.000000
0.320212+1.504420j,-0.331584+1.150718j,-0.331659+1.150875j,0.000000
0.320212+1.504420j,-0.331580+1.150709j,-0.331663+1.150884j,0.000000
0.320212+1.504420j,-0.331575+1.150698j,-0.331668+1.150895j,0.000000
0.320212+1.504420j,-0.331569+1.150687j,-0.331674+1.150906j,0.000000
0.320212+1.504420j,-0.331563+1.150674j,-0.331680+1.150919j,0.000000
0.320212+1.504420j,-0.331556+1.150660j,-0.331687+1.150932j,0.000000
0.320212+1.504420j,-0.331549+1.150645j,-0.331694+1.150948j,0.000000
0.320212+1.504420j,-0.331541+1.150629j,-0.331702+1.150964j,0.000000
0.320212+1.504420j,-0.331533+1.150611j,-0.331710+1.150982j,0.000000
0.320212+1.504420j,-0.331523+1.150591j,-0.331720+1.151002j,0.000000
0.320212+1.504420j,-0.331513+1.150569j,-0.331730+1.151023j,0.000000
0.320212+1.504420j,-0.331502+1.150546j,-0.331741+1.151047j,0.000000
0.320212+1.504420j,-0.331490+1.150521j,-0.331753+1.151072j,0.000000
0.320212+1.504419j,-0.331476+1.150493j,-0.331767+1.151100j,0.000000
0.320212+1.504419j,-0.331462+1.150463j,-0.331781+1.151130j,0.000000
0.320212+1.504419j,-0.331446+1.150431j,-0.331796+1.151162j,0.000000
0.320212+1.504419j,-0.331430+1.150396j,-0.331813+1.151197j,0.000000
0.320212+1.504419j,-0.331411+1.150358j,-0.331831+1.151235j,0.000000
0.320213+1.504419j,-0.331392+1.150317j,-0.331851+1.151276j,0.000000
0.320213+1.504419j,-0.331371+1.150273j,-0.331872+1.151320j,0.000000
0.320213+1.504419j,-0.331348+1.150225j,-0.331895+1.151368j,0.000000
0.320213+1.504419j,-0.331323+1.150174j,-0.331919+1.151419j,0.000000
0.320213+1.504419j,-0.331297+1.150119j,-0.331945+1.151474j,0.000000
0.320213+1.504418j,-0.331269+1.150060j,-0.331973+1.151533j,0.000000
0.320214+1.504418j,-0.331238+1.149997j,-0.332004+1.151596j,0.000000
0.320214+1.504418j,-0.331206+1.149929j,-0.332036+1.151664j,0.000000
0.320214+1.504418j,-0.331171+1.149856j,-0.332071+1.151737j,0.000000
0.320215+1.504417j,-0.331134+1.149778j,-0.332108+1.151815j,0.000000
0.320215+1.504417j,-0.331094+1.149695j,-0.332148+1.151898j,0.000000
0.320216+1.504416j,-0.331051+1.149606j,-0.332190+1.151988j,0.000000
0.320217+1.504416j,-0.331005+1.149511j,-0.332235+1.152083j,0.000000
0.320218+1.504415j,-0.330957+1.149410j,-0.332283+1.152184j,0.000000
0.320218+1.504415j,-0.330905+1.149302j,-0.332335+1.152292j,0.000000
0.320220+1.504414j,-0.330849+1.149187j,-0.332390+1.152407j,0.000000
0.320221+1.504413j,-0.330791+1.149064j,-0.332448+1.152529j,0.000000
0.320222+1.504412j,-0.330728+1.148934j,-0.332510+1.152660j,0.000000
0.320224+1.504411j,-0.330661+1.148796j,-0.332575+1.152798j,0.000000
0.320226+1.504409j,-0.330591+1.148649j,-0.332645+1.152945j,0.000000
0.320228+1.504408j,-0.330516+1.148494j,-0.332719+1.153101j,0.000000
0.320230+1.504406j,-0.330436+1.148329j,-0.332797+1.153266j,0.000000
0.320233+1.504404j,-0.330352+1.148154j,-0.332881+1.153441j,0.000000
0.320236+1.504401j,-0.330262+1.147969j,-0.332968+1.153627j,0.000000
0.320239+1.504399j,-0.330167+1.147773j,-0.333061+1.153823j,0.000000
0.320243+1.504396j,-0.330067+1.147565j,-0.333159+1.154031j,0.000000
0.320247+1.504392j,-0.329961+1.147346j,-0.333263+1.154250j,0.000000
0.320252+1.504389j,-0.329849+1.147115j,-0.333373+1.154482j,0.000000
0.320258+1.504384j,-0.329731+1.146871j,-0.333488+1.154727j,0.000000
0.320264+1.504380j,-0.329606+1.146614j,-0.333610+1.154985j,0.000000
0.320271+1.504374j,-0.329474+1.146342j,-0.333738+1.155257j,0.000000
0.320279+1.504368j,-0.329335+1.146056j,-0.333873+1.155544j,0.000000
0.320287+1.504362j,-0.329189+1.145755j,-0.334015+1.155846j,0.000000
0.320297+1.504354j,-0.329034+1.145439j,-0.334164+1.156163j,0.000001
0.320308+1.504346j,-0.328872+1.145105j,-0.334320+1.156498j,0.000001
0.320320+1.504336j,-0.328701+1.144755j,-0.334485+1.156849j,0.000001
0.320334+1.504326j,-0.328521+1.144387j,-0.334658+1.157219j,0.000001
0.320349+1.504314j,-0.328332+1.144001j,-0.334839+1.157607j,0.000001
0.320366+1.504301j,-0.328133+1.143596j,-0.335029+1.158014j,0.000001
0.320385+1.504287j,-0.327924+1.143170j,-0.335227+1.158441j,0.000002
0.320406+1.504270j,-0.327705+1.142725j,-0.335436+1.158889j,0.000002
0.320429+1.504253j,-0.327475+1.142258j,-0.335653+1.159358j,0.000002
0.320454+1.504233j,-0.327234+1.141769j,-0.335881+1.159850j,0.000003
0.320483+1.504211j,-0.326981+1.141257j,-0.336119+1.160365j,0.000003
0.320514+1.504187j,-0.326716+1.140722j,-0.336367+1.160903j,0.000004
0.320549+1.504160j,-0.326439+1.140162j,-0.336627+1.161467j,0.000004
0.320587+1.504131j,-0.326148+1.139577j,-0.336897+1.162056j,0.000005
0.320629+1.504099j,-0.325844+1.138966j,-0.337179+1.162671j,0.000006
0.320675+1.504063j,-0.325526+1.138329j,-0.337473+1.163314j,0.000007
0.320726+1.504024j,-0.325193+1.137663j,-0.337779+1.163985j,0.000008
0.320782+1.503981j,-0.324845+1.136969j,-0.338097+1.164685j,0.000010
0.320843+1.503934j,-0.324482+1.136245j,-0.338428+1.165415j,0.000011
0.320911+1.503882j,-0.324102+1.135491j,-0.338773+1.166176j,0.000013
0.320984+1.503825j,-0.323706+1.134706j,-0.339130+1.166969j,0.000016
0.321065+1.503763j,-0.323292+1.133889j,-0.339501+1.167795j,0.000018
0.321153+1.503695j,-0.322860+1.133039j,-0.339886+1.168655j,0.000021
0.321250+1.503621j,-0.322410+1.132154j,-0.340286+1.169549j,0.000024
0.321355+1.503540j,-0.321941+1.131235j,-0.340700+1.170480j,0.000028
0.321469+1.503451j,-0.321452+1.130280j,-0.341128+1.171447j,0.000032
0.321594+1.503355j,-0.320942+1.129288j,-0.341572+1.172452j,0.000037
0.321730+1.503250j,-0.320412+1.128259j,-0.342031+1.173496j,0.000043
0.321878+1.503136j,-0.319859+1.127191j,-0.342505+1.174580j,0.000049
0.322039+1.503012j,-0.319284+1.126083j,-0.342995+1.175704j,0.000056
0.322213+1.502878j,-0.318687+1.124935j,-0.343501+1.176871j,0.000065
0.322402+1.502732j,-0.318065+1.123746j,-0.344023+1.178081j,0.000074
0.322607+1.502574j,-0.317419+1.122514j,-0.344561+1.179334j,0.000085
0.322829+1.502403j,-0.316747+1.121239j,-0.345115+1.180633j,0.000097
0.323069+1.502218j,-0.316049+1.119920j,-0.345686+1.181977j,0.000110
0.323328+1.502018j,-0.315325+1.118556j,-0.346273+1.183369j,0.000125
0.323607+1.501802j,-0.314573+1.117147j,-0.346877+1.184808j,0.000143
0.323909+1.501569j,-0.313793+1.115690j,-0.347497+1.186297j,0.000162
0.324234+1.501318j,-0.312984+1.114186j,-0.348135+1.187836j,0.000184
0.324585+1.501047j,-0.312145+1.112634j,-0.348788+1.189426j,0.000208
0.324961+1.500755j,-0.311275+1.111032j,-0.349458+1.191068j,0.000236
0.325366+1.500442j,-0.310373+1.109381j,-0.350145+1.192762j,0.000267
0.325801+1.500105j,-0.309440+1.107678j,-0.350848+1.194511j,0.000301
0.326268+1.499744j,-0.308473+1.105925j,-0.351567+1.196315j,0.000340
0.326768+1.499356j,-0.307472+1.104119j,-0.352302+1.198175j,0.000383
0.327304+1.498941j,-0.306437+1.102260j,-0.353053+1.200091j,0.000431
0.327878+1.498496j,-0.305366+1.100347j,-0.353818+1.202065j,0.000484
0.328491+1.498020j,-0.304259+1.098381j,-0.354599+1.204097j,0.000543
0.329147+1.497511j,-0.303114+1.096360j,-0.355395+1.206189j,0.000609
0.329843+1.496969j,-0.301936+1.094292j,-0.356201+1.208332j,0.000682
0.330584+1.496393j,-0.300724+1.092176j,-0.357018+1.210528j,0.000762
0.331369+1.495781j,-0.299477+1.090012j,-0.357846+1.212776j,0.000850
0.332203+1.495132j,-0.298195+1.087799j,-0.358683+1.215079j,0.000948
0.333086+1.494443j,-0.296876+1.085538j,-0.359529+1.217435j,0.001054
0.334021+1.493713j,-0.295521+1.083228j,-0.360383+1.219846j,0.001172
0.335010+1.492939j,-0.294128+1.080868j,-0.361245+1.222312j,0.001300
0.336055+1.492121j,-0.292697+1.078459j,-0.362114+1.224835j,0.001441
0.337160+1.491255j,-0.291227+1.076001j,-0.362990+1.227413j,0.001594
0.338326+1.490341j,-0.289718+1.073492j,-0.363871+1.230048j,0.001762
0.339555+1.489375j,-0.288168+1.070934j,-0.364757+1.232740j,0.001946
0.340851+1.488355j,-0.286578+1.068325j,-0.365647+1.235490j,0.002145
0.342216+1.487280j,-0.284946+1.065665j,-0.366540+1.238298j,0.002363
0.343653+1.486146j,-0.283272+1.062955j,-0.367435+1.241166j,0.002599
0.345163+1.484952j,-0.281554+1.060193j,-0.368332+1.244092j,0.002856
0.346751+1.483695j,-0.279793+1.057381j,-0.369228+1.247078j,0.003135
0.348419+1.482372j,-0.277988+1.054518j,-0.370123+1.250124j,0.003437
0.350169+1.480981j,-0.276138+1.051603j,-0.371016+1.253232j,0.003764
0.352005+1.479519j,-0.274241+1.048637j,-0.371906+1.256400j,0.004119
0.353930+1.477983j,-0.272299+1.045619j,-0.372791+1.259630j,0.004502
0.355946+1.476371j,-0.270308+1.042550j,-0.373670+1.262922j,0.004916
0.358057+1.474679j,-0.268270+1.039429j,-0.374542+1.266277j,0.005362
0.360265+1.472904j,-0.266184+1.036257j,-0.375405+1.269695j,0.005844
0.362575+1.471044j,-0.264048+1.033032j,-0.376258+1.273176j,0.006362
0.364988+1.469094j,-0.261861+1.029757j,-0.377099+1.276722j,0.006921
0.367508+1.467053j,-0.259624+1.026429j,-0.377927+1.280331j,0.007522
0.370139+1.464916j,-0.257336+1.023051j,-0.378739+1.284006j,0.008167
0.372883+1.462680j,-0.254995+1.019620j,-0.379534+1.287746j,0.008861
0.375744+1.460341j,-0.252601+1.016138j,-0.380310+1.291552j,0.009605
0.378725+1.457897j,-0.250153+1.012605j,-0.381065+1.295423j,0.010402
0.381830+1.455342j,-0.247652+1.009021j,-0.381798+1.299362j,0.011257
0.385061+1.452674j,-0.245095+1.005385j,-0.382505+1.303367j,0.012172
0.388422+1.449888j,-0.242482+1.001699j,-0.383185+1.307440j,0.013151
0.391916+1.446980j,-0.239813+0.997962j,-0.383836+1.311580j,0.014197
0.395547+1.443947j,-0.237088+0.994175j,-0.384454+1.315788j,0.015315
0.399317+1.440784j,-0.234304+0.990337j,-0.385038+1.320065j,0.016508
0.403230+1.437486j,-0.231462+0.986450j,-0.385585+1.324411j,0.017781
0.407289+1.434050j,-0.228561+0.982513j,-0.386092+1.328826j,0.019139
0.411497+1.430471j,-0.225601+0.978527j,-0.386556+1.333311j,0.020585
0.415857+1.426744j,-0.222580+0.974491j,-0.386974+1.337865j,0.022124
0.420372+1.422865j,-0.219499+0.970408j,-0.387343+1.342490j,0.023762
0.425046+1.418828j,-0.216356+0.966276j,-0.387661+1.347185j,0.025503
0.429881+1.414630j,-0.213151+0.962097j,-0.387923+1.351952j,0.027354
0.434880+1.410264j,-0.209884+0.957870j,-0.388126+1.356790j,0.029319
0.440046+1.405726j,-0.206554+0.953598j,-0.388266+1.361699j,0.031404
0.445380+1.401011j,-0.203161+0.949279j,-0.388341+1.366680j,0.033615
0.450887+1.396113j,-0.199703+0.944915j,-0.388345+1.371734j,0.035959
0.456568+1.391027j,-0.196181+0.940506j,-0.388275+1.376860j,0.038442
0.462425+1.385748j,-0.192595+0.936053j,-0.388126+1.382060j,0.041071
0.468461+1.380270j,-0.188943+0.931557j,-0.387895+1.387332j,0.043852
0.474677+1.374587j,-0.185226+0.927019j,-0.387575+1.392678j,0.046792
0.481075+1.368694j,-0.181442+0.922439j,-0.387164+1.398099j,0.049900
0.487657+1.362585j,-0.177593+0.917818j,-0.386655+1.403593j,0.053181
0.494425+1.356254j,-0.173676+0.913157j,-0.386044+1.409163j,0.056645
0.501378+1.349695j,-0.169694+0.908458j,-0.385326+1.414807j,0.060299
0.508519+1.342902j,-0.165644+0.903721j,-0.384493+1.420527j,0.064151
0.515848+1.335869j,-0.161527+0.898947j,-0.383542+1.426323j,0.068210
0.523366+1.328591j,-0.157343+0.894138j,-0.382466+1.432195j,0.072484
0.531072+1.321060j,-0.153091+0.889295j,-0.381259+1.438144j,0.076982
0.538967+1.313272j,-0.148773+0.884419j,-0.379913+1.444170j,0.081713
0.547050+1.305219j,-0.144387+0.879512j,-0.378424+1.450274j,0.086686
0.555320+1.296896j,-0.139934+0.874575j,-0.376783+1.456457j,0.091911
0.563777+1.288297j,-0.135413+0.869609j,-0.374984+1.462718j,0.097397
0.572418+1.279415j,-0.130826+0.864616j,-0.373019+1.469060j,0.103154
0.581243+1.270245j,-0.126173+0.859598j,-0.370880+1.475482j,0.109192
0.590237+1.260794j,-0.121460+0.854564j,-0.368563+1.481977j,0.115511
0.599389+1.251065j,-0.116691+0.849519j,-0.366063+1.488540j,0.122116
0.608696+1.241054j,-0.111868+0.844466j,-0.363371+1.495171j,0.129015
0.618154+1.230757j,-0.106991+0.839405j,-0.360481+1.501873j,0.136215
0.627758+1.220170j,-0.102062+0.834340j,-0.357385+1.508645j,0.143726
0.637503+1.209291j,-0.097080+0.829273j,-0.354075+1.515489j,0.151555
0.647385+1.198116j,-0.092048+0.824206j,-0.350544+1.522405j,0.159711
0.657398+1.186642j,-0.086967+0.819140j,-0.346782+1.529397j,0.168201
0.667537+1.174866j,-0.081837+0.814079j,-0.342782+1.536464j,0.177033
0.677795+1.162786j,-0.076659+0.809024j,-0.338535+1.543610j,0.186216
0.688167+1.150399j,-0.071436+0.803979j,-0.334032+1.550837j,0.195758
0.698647+1.137703j,-0.066168+0.798945j,-0.329264+1.558146j,0.205665
0.709227+1.124696j,-0.060857+0.793924j,-0.324222+1.565543j,0.215946
0.719902+1.111376j,-0.055504+0.788920j,-0.318896+1.573029j,0.226609
0.730664+1.097742j,-0.050111+0.783935j,-0.313276+1.580609j,0.237660
0.741506+1.083793j,-0.044678+0.778971j,-0.307353+1.588287j,0.249108
0.752421+1.069526j,-0.039209+0.774031j,-0.301116+1.596068j,0.260959
0.763402+1.054943j,-0.033704+0.769117j,-0.294554+1.603958j,0.273221
0.774442+1.040042j,-0.028166+0.764233j,-0.287658+1.611963j,0.285900
0.785177+1.025313j,-0.022773+0.759534j,-0.280652+1.619827j,0.298575
0.796315+1.009779j,-0.017171+0.754713j,-0.273061+1.628082j,0.312102
0.807142+0.994422j,-0.011716+0.750076j,-0.265354+1.636213j,0.325625
0.818344+0.978262j,-0.006060+0.745329j,-0.257027+1.644747j,0.340021
0.829230+0.962284j,-0.000552+0.740766j,-0.248576+1.653176j,0.354412
0.840468+0.945499j,0.005149+0.736105j,-0.239466+1.662031j,0.369704
0.851385+0.928902j,0.010702+0.731625j,-0.230225+1.670802j,0.384990
0.862631+0.911497j,0.016438+0.727060j,-0.220285+1.680027j,0.401204
0.873552+0.894284j,0.022027+0.722673j,-0.210205+1.689193j,0.417413
0.884779+0.876261j,0.027791+0.718212j,-0.199385+1.698851j,0.434577
0.895678+0.858437j,0.033405+0.713929j,-0.188418+1.708478j,0.451737
0.906863+0.839798j,0.039186+0.709580j,-0.176666+1.718642j,0.469885
0.917716+0.821366j,0.044815+0.705407j,-0.164760+1.728810j,0.488028
0.928825+0.802136j,0.050596+0.701183j,-0.152038+1.739560j,0.507172
0.939599+0.783121j,0.056223+0.697132j,-0.139158+1.750352j,0.526313
0.950470+0.763557j,0.061921+0.693089j,-0.125596+1.761646j,0.546228
0.961013+0.744213j,0.067464+0.689212j,-0.111878+1.773025j,0.566140
0.971243+0.725080j,0.072860+0.685491j,-0.098013+1.784508j,0.586048
0.981172+0.706156j,0.078112+0.681917j,-0.084009+1.796112j,0.605953
0.990813+0.687434j,0.083227+0.678482j,-0.069875+1.807854j,0.625856
1.000179+0.668910j,0.088208+0.675178j,-0.055622+1.819750j,0.645755
1.009280+0.650582j,0.093059+0.671997j,-0.041260+1.831814j,0.665653
1.018125+0.632444j,0.097785+0.668932j,-0.026800+1.844060j,0.685548
1.026724+0.614495j,0.102388+0.665977j,-0.012253+1.856501j,0.705442
1.035085+0.596732j,0.106873+0.663126j,0.002370+1.869149j,0.725334
1.043216+0.579151j,0.111242+0.660372j,0.017056+1.882016j,0.745225
1.051124+0.561750j,0.115498+0.657710j,0.031792+1.895112j,0.765115
1.058816+0.544528j,0.119645+0.655135j,0.046566+1.908446j,0.785003
1.066296+0.527481j,0.123685+0.652641j,0.061363+1.922027j,0.804891
1.073572+0.510609j,0.127621+0.650223j,0.076171+1.935862j,0.824778
1.080649+0.493909j,0.131456+0.647877j,0.090975+1.949959j,0.844664
1.086843+0.479043j,0.134820+0.645826j,0.104266+1.962857j,0.862527
1.092883+0.464313j,0.138106+0.643826j,0.117532+1.975975j,0.880389
1.098771+0.449718j,0.141316+0.641874j,0.130762+1.989314j,0.898251
1.104511+0.435257j,0.144453+0.639968j,0.143946+2.002877j,0.916113
1.110105+0.420928j,0.147518+0.638105j,0.157072+2.016666j,0.933974
1.115555+0.406730j,0.150513+0.636282j,0.170131+2.030681j,0.951835
1.120864+0.392662j,0.153440+0.634497j,0.183111+2.044923j,0.969696
1.126034+0.378723j,0.156301+0.632748j,0.196002+2.059392j,0.987556
1.131066+0.364910j,0.159098+0.631032j,0.208793+2.074086j,1.005416
1.135963+0.351224j,0.161832+0.629348j,0.221474+2.089005j,1.023276
1.140727+0.337662j,0.164506+0.627693j,0.234035+2.104146j,1.041136
1.145358+0.324223j,0.167120+0.626066j,0.246467+2.119508j,1.058995
1.149860+0.310906j,0.169677+0.624465j,0.258758+2.135086j,1.076853
1.154233+0.297709j,0.172179+0.622889j,0.270901+2.150877j,1.094712
1.158479+0.284631j,0.174627+0.621335j,0.282885+2.166878j,1.112569
1.162599+0.271670j,0.177022+0.619804j,0.294702+2.183083j,1.130427
1.166594+0.258825j,0.179367+0.618292j,0.306343+2.199489j,1.148284
1.170467+0.246095j,0.181662+0.616800j,0.317799+2.216089j,1.166140
1.173827+0.234806j,0.183675+0.615481j,0.327883+2.231095j,1.182100
1.177091+0.223607j,0.185650+0.614175j,0.337807+2.246249j,1.198059
1.180260+0.212496j,0.187589+0.612882j,0.347566+2.261544j,1.214018
1.183334+0.201471j,0.189493+0.611602j,0.357157+2.276978j,1.229977
1.186314+0.190534j,0.191363+0.610333j,0.366573+2.292544j,1.245935
1.189201+0.179681j,0.193199+0.609075j,0.375811+2.308238j,1.261892
1.191997+0.168912j,0.195004+0.607828j,0.384866+2.324054j,1.277849
1.194702+0.158226j,0.196776+0.606591j,0.393734+2.339988j,1.293806
1.197316+0.147622j,0.198519+0.605363j,0.402411+2.356034j,1.309762
1.199841+0.137099j,0.200231+0.604145j,0.410895+2.372186j,1.325718
1.202277+0.126656j,0.201915+0.602935j,0.419181+2.388438j,1.341672
1.204626+0.116291j,0.203570+0.601734j,0.427268+2.404785j,1.357627
1.206889+0.106005j,0.205198+0.600540j,0.435152+2.421220j,1.373581
1.209065+0.095795j,0.206799+0.599354j,0.442830+2.437738j,1.389534
1.211156+0.085661j,0.208374+0.598175j,0.450301+2.454334j,1.405487
1.213163+0.075601j,0.209924+0.597004j,0.457563+2.471000j,1.421439
1.215087+0.065616j,0.211449+0.595838j,0.464614+2.487731j,1.437390
1.216928+0.055703j,0.212950+0.594680j,0.471453+2.504520j,1.453341
1.218687+0.045862j,0.214428+0.593527j,0.478079+2.521362j,1.469291
1.220366+0.036092j,0.215882+0.592381j,0.484491+2.538251j,1.485240
1.221964+0.026392j,0.217315+0.591240j,0.490687+2.555181j,1.501189
1.223484+0.016761j,0.218726+0.590104j,0.496669+2.572144j,1.517137
1.224925+0.007198j,0.220115+0.588974j,0.502435+2.589137j,1.533084
1.226288-0.002297j,0.221485+0.587849j,0.507986+2.606152j,1.549031
1.227575-0.011726j,0.222833+0.586729j,0.513322+2.623184j,1.564977
1.228786-0.021090j,0.224163+0.585614j,0.518444+2.640227j,1.580923
1.229922-0.030388j,0.225473+0.584504j,0.523352+2.657275j,1.596867
1.230984-0.039623j,0.226764+0.583398j,0.528047+2.674323j,1.612811
1.231973-0.048795j,0.228037+0.582296j,0.532531+2.691364j,1.628755
1.232889-0.057904j,0.229292+0.581198j,0.536805+2.708395j,1.644697
1.233733-0.066951j,0.230530+0.580105j,0.540870+2.725409j,1.660639
1.234506-0.075938j,0.231750+0.579015j,0.544728+2.742401j,1.676580
1.235210-0.084865j,0.232954+0.577930j,0.548381+2.759366j,1.692521
1.235844-0.093732j,0.234142+0.576848j,0.551832+2.776299j,1.708461
1.236409-0.102540j,0.235314+0.575770j,0.555081+2.793195j,1.724400
1.236907-0.111291j,0.236470+0.574695j,0.558132+2.810050j,1.740338
1.237338-0.119984j,0.237611+0.573624j,0.560987+2.826859j,1.756276
1.237703-0.128621j,0.238737+0.572556j,0.563649+2.843617j,1.772213
1.238003-0.137201j,0.239848+0.571491j,0.566120+2.860321j,1.788150
1.238238-0.145726j,0.240945+0.570430j,0.568403+2.876966j,1.804085
1.238409-0.154197j,0.242029+0.569372j,0.570502+2.893548j,1.820020
1.238517-0.162613j,0.243098+0.568317j,0.572419+2.910064j,1.835955
1.238563-0.170976j,0.244154+0.567264j,0.574157+2.926509j,1.851889
1.238547-0.179286j,0.245197+0.566215j,0.575720+2.942881j,1.867822
1.238471-0.187543j,0.246227+0.565169j,0.577111+2.959175j,1.883754
1.238334-0.195748j,0.247245+0.564125j,0.578333+2.975389j,1.899686
1.238129-0.204223j,0.248289+0.563043j,0.579428+2.992155j,1.916247
1.237861-0.212643j,0.249321+0.561964j,0.580348+3.008827j,1.932808
1.237531-0.221008j,0.250339+0.560888j,0.581098+3.025403j,1.949369
1.237139-0.229320j,0.251346+0.559815j,0.581681+3.041879j,1.965928
1.236686-0.237579j,0.252340+0.558744j,0.582101+3.058254j,1.982487
1.236173-0.245785j,0.253322+0.557676j,0.582362+3.074524j,1.999045
1.235576-0.254271j,0.254331+0.556568j,0.582470+3.091347j,2.016282
1.234915-0.262701j,0.255328+0.555461j,0.582414+3.108051j,2.033518
1.234192-0.271076j,0.256313+0.554358j,0.582200+3.124635j,2.050753
1.233408-0.279396j,0.257286+0.553258j,0.581832+3.141096j,2.067988
1.232562-0.287662j,0.258247+0.552160j,0.581315+3.157433j,2.085222
1.231617-0.296218j,0.259237+0.551018j,0.580622+3.174322j,2.103182
1.230607-0.304716j,0.260214+0.549880j,0.579776+3.191073j,2.121141
1.229535-0.313157j,0.261179+0.548744j,0.578783+3.207683j,2.139099
1.228399-0.321541j,0.262132+0.547610j,0.577649+3.224152j,2.157057
1.227155-0.330192j,0.263110+0.546436j,0.576324+3.241111j,2.175715
1.225844-0.338783j,0.264076+0.545264j,0.574857+3.257914j,2.194372
1.224470-0.347315j,0.265031+0.544095j,0.573252+3.274561j,2.213029
1.223031-0.355788j,0.265973+0.542929j,0.571516+3.291052j,2.231685
1.221463-0.364569j,0.266945+0.541714j,0.569568+3.308095j,2.251159
1.219827-0.373287j,0.267904+0.540502j,0.567488+3.324967j,2.270631
1.218126-0.381942j,0.268852+0.539293j,0.565282+3.341665j,2.290103
1.216295-0.390842j,0.269821+0.538044j,0.562869+3.358781j,2.310274
1.214395-0.399677j,0.270778+0.536798j,0.560332+3.375711j,2.330444
1.212427-0.408446j,0.271723+0.535554j,0.557678+3.392457j,2.350613
1.210313-0.417484j,0.272691+0.534266j,0.554803+3.409652j,2.371559
1.208128-0.426453j,0.273648+0.532980j,0.551814+3.426648j,2.392504
1.205874-0.435353j,0.274592+0.531698j,0.548716+3.443448j,2.413448
1.203455-0.444546j,0.275563+0.530366j,0.545382+3.460729j,2.435253
1.200963-0.453666j,0.276520+0.529038j,0.541945+3.477798j,2.457057
1.198400-0.462714j,0.277466+0.527712j,0.538409+3.494657j,2.478860
1.195650-0.472078j,0.278440+0.526332j,0.534621+3.512028j,2.501612
1.192825-0.481365j,0.279401+0.524955j,0.530741+3.529174j,2.524363
1.189927-0.490576j,0.280349+0.523582j,0.526773+3.546098j,2.547113
1.186818-0.500127j,0.281328+0.522149j,0.522537+3.563561j,2.570907
1.183631-0.509595j,0.282294+0.520719j,0.518219+3.580787j,2.594700
1.180368-0.518982j,0.283247+0.519293j,0.513826+3.597778j,2.618493
1.176868-0.528733j,0.284232+0.517802j,0.509149+3.615337j,2.643432
1.173288-0.538396j,0.285204+0.516315j,0.504403+3.632644j,2.668370
1.169628-0.547971j,0.286163+0.514831j,0.499595+3.649704j,2.693307
1.165701-0.557934j,0.287156+0.513277j,0.494486+3.667358j,2.719500
1.161690-0.567802j,0.288136+0.511726j,0.489322+3.684748j,2.745692
1.157455-0.577913j,0.289135+0.510126j,0.483930+3.702464j,2.772791
1.153133-0.587923j,0.290120+0.508530j,0.478494+3.719906j,2.799888
1.148570-0.598185j,0.291126+0.506881j,0.472826+3.737685j,2.827951
1.143918-0.608341j,0.292118+0.505237j,0.467124+3.755181j,2.856013
1.139006-0.618758j,0.293130+0.503537j,0.461186+3.773022j,2.885100
1.134004-0.629063j,0.294129+0.501842j,0.455227+3.790571j,2.914186
1.128722-0.639637j,0.295149+0.500088j,0.449030+3.808472j,2.944359
1.123347-0.650092j,0.296155+0.498339j,0.442823+3.826073j,2.974531
1.117671-0.660823j,0.297183+0.496529j,0.436377+3.844033j,3.005856
1.111901-0.671430j,0.298196+0.494723j,0.429935+3.861683j,3.037180
1.105807-0.682319j,0.299233+0.492852j,0.423252+3.879700j,3.069725
1.099616-0.693075j,0.300254+0.490987j,0.416587+3.897398j,3.102269
1.093079-0.704120j,0.301299+0.489053j,0.409682+3.915469j,3.136108
1.086442-0.715024j,0.302328+0.487125j,0.402810+3.933212j,3.169945
1.079433-0.726222j,0.303383+0.485124j,0.395700+3.951335j,3.205154
1.072321-0.737270j,0.304421+0.483130j,0.388638+3.969121j,3.240362
1.064812-0.748617j,0.305485+0.481060j,0.381342+3.987292j,3.277021
1.057198-0.759804j,0.306531+0.478996j,0.374110+4.005117j,3.313680
1.049158-0.771292j,0.307605+0.476853j,0.366649+4.023332j,3.351876
1.041011-0.782611j,0.308661+0.474716j,0.359270+4.041194j,3.390070
1.032407-0.794233j,0.309744+0.472496j,0.351669+4.059450j,3.429893
1.023695-0.805675j,0.310809+0.470283j,0.344169+4.077343j,3.469714
1.014493-0.817421j,0.311903+0.467982j,0.336457+4.095634j,3.511261
1.005182-0.828974j,0.312978+0.465688j,0.328864+4.113554j,3.552805
0.995348-0.840831j,0.314082+0.463303j,0.321072+4.131877j,3.596178
0.985402-0.852482j,0.315167+0.460925j,0.313421+4.149818j,3.639549
0.974896-0.864436j,0.316281+0.458450j,0.305584+4.168166j,3.684860
0.964277-0.876171j,0.317376+0.455984j,0.297911+4.186122j,3.730169
0.953059-0.888206j,0.318502+0.453415j,0.290070+4.204490j,3.777543
0.941726-0.900006j,0.319608+0.450856j,0.282417+4.222455j,3.824915
0.929750-0.912105j,0.320745+0.448188j,0.274616+4.240836j,3.874492
0.917659-0.923952j,0.321862+0.445529j,0.267030+4.258802j,3.924067
0.904872-0.936098j,0.323012+0.442755j,0.259317+4.277192j,3.976014
0.891971-0.947974j,0.324142+0.439992j,0.251849+4.295151j,4.027958
0.878312-0.960150j,0.325306+0.437104j,0.244278+4.313548j,4.082480
0.864539-0.972037j,0.326449+0.434227j,0.236984+4.331493j,4.136997
0.849932-0.984232j,0.327631+0.431214j,0.229613+4.349897j,4.194356
0.835210-0.996113j,0.328790+0.428213j,0.222555+4.367823j,4.251712
0.819552-1.008320j,0.329992+0.425059j,0.215447+4.386239j,4.312261
0.803781-1.020187j,0.331171+0.421918j,0.208691+4.404142j,4.372806
0.786939-1.032405j,0.332399+0.418603j,0.201913+4.422577j,4.437018
0.769985-1.044252j,0.333603+0.415302j,0.195534+4.440451j,4.501225
0.751797-1.056477j,0.334863+0.411801j,0.189170+4.458889j,4.569666
0.733497-1.068292j,0.336098+0.408316j,0.183254+4.476700j,4.638102
0.713859-1.080452j,0.337391+0.404616j,0.177428+4.495010j,4.711116
0.694111-1.092162j,0.338659+0.400934j,0.172094+4.512606j,4.784123
0.673270-1.103976j,0.339964+0.397087j,0.167009+4.530309j,4.860767
0.652325-1.115311j,0.341245+0.393259j,0.162433+4.547220j,4.937403
0.631283-1.126172j,0.342501+0.389449j,0.158341+4.563335j,5.014032
0.610153-1.136567j,0.343735+0.385657j,0.154707+4.578651j,5.090652
0.588942-1.146505j,0.344947+0.381882j,0.151498+4.593164j,5.167265
0.567656-1.155990j,0.346138+0.378123j,0.148679+4.606876j,5.243869
0.546301-1.165031j,0.347309+0.374380j,0.146214+4.619790j,5.320466
0.524882-1.173632j,0.348461+0.370653j,0.144062+4.631912j,5.397056
0.502558-1.182113j,0.349638+0.366794j,0.142115+4.643684j,5.476664
0.480176-1.190131j,0.350796+0.362951j,0.140419+4.654630j,5.556264
0.456832-1.197989j,0.351982+0.358967j,0.138875+4.665165j,5.639089
0.433439-1.205356j,0.353147+0.354998j,0.137509+4.674857j,5.721906
0.408540-1.212650j,0.354365+0.350798j,0.136208+4.684266j,5.809884
0.382600-1.219661j,0.355609+0.346446j,0.134970+4.693126j,5.901372
0.355374-1.226384j,0.356889+0.341903j,0.133751+4.701454j,5.997250
0.326545-1.232804j,0.358216+0.337116j,0.132504+4.709259j,6.098637
0.295667-1.238896j,0.359608+0.332014j,0.131171+4.716551j,6.207127
0.263377-1.244410j,0.361031+0.326702j,0.129740+4.723088j,6.320507
0.231081-1.249058j,0.362423+0.321409j,0.128238+4.728608j,6.433873
0.198795-1.252846j,0.363783+0.316135j,0.126643+4.733194j,6.547228
0.166536-1.255779j,0.365113+0.310879j,0.124939+4.736927j,6.660572
0.134319-1.257863j,0.366413+0.305639j,0.123120+4.739876j,6.773907
0.102162-1.259104j,0.367682+0.300414j,0.121182+4.742106j,6.887233
0.070081-1.259505j,0.368921+0.295205j,0.119123+4.743676j,7.000552
0.038094-1.259073j,0.370129+0.290010j,0.116947+4.744638j,7.113864
0.006219-1.257812j,0.371308+0.284829j,0.114658+4.745040j,7.227169
-0.025528-1.255729j,0.372457+0.279661j,0.112261+4.744924j,7.340468
-0.057128-1.252829j,0.373576+0.274506j,0.109761+4.744328j,7.453763
-0.088563-1.249118j,0.374665+0.269363j,0.107165+4.743288j,7.567052
-0.119815-1.244603j,0.375724+0.264232j,0.104480+4.741834j,7.680338
-0.150866-1.239290j,0.376754+0.259112j,0.101712+4.739995j,7.793620
-0.181699-1.233187j,0.377754+0.254004j,0.098867+4.737796j,7.906898
-0.212294-1.226300j,0.378724+0.248906j,0.095952+4.735261j,8.020173
-0.242635-1.218639j,0.379664+0.243818j,0.092972+4.732410j,8.133445
-0.272703-1.210211j,0.380575+0.238741j,0.089933+4.729263j,8.246714
-0.302480-1.201025j,0.381455+0.233673j,0.086841+4.725839j,8.359981
-0.331948-1.191090j,0.382306+0.228614j,0.083699+4.722152j,8.473246
-0.361091-1.180415j,0.383127+0.223565j,0.080514+4.718218j,8.586510
-0.389891-1.169011j,0.383918+0.218525j,0.077289+4.714051j,8.699771
-0.418329-1.156887j,0.384679+0.213494j,0.074029+4.709663j,8.813031
-0.446391-1.144054j,0.385410+0.208471j,0.070736+4.705066j,8.926289
-0.474058-1.130524j,0.386111+0.203457j,0.067416+4.700271j,9.039546
-0.501314-1.116308j,0.386782+0.198451j,0.064070+4.695288j,9.152802
-0.528143-1.101417j,0.387423+0.193453j,0.060702+4.690126j,9.266057
-0.554528-1.085864j,0.388034+0.188463j,0.057314+4.684794j,9.379311
-0.580455-1.069663j,0.388614+0.183480j,0.053910+4.679300j,9.492564
-0.605907-1.052825j,0.389164+0.178505j,0.050491+4.673652j,9.605816
-0.630870-1.035364j,0.389685+0.173537j,0.047060+4.667856j,9.719068
-0.655329-1.017294j,0.390174+0.168576j,0.043619+4.661919j,9.832319
-0.679268-0.998630j,0.390634+0.163622j,0.040169+4.655848j,9.945570
-0.702675-0.979385j,0.391063+0.158675j,0.036712+4.649648j,10.058821
-0.725535-0.959575j,0.391461+0.153735j,0.033250+4.643324j,10.172071
-0.747835-0.939214j,0.391829+0.148801j,0.029784+4.636883j,10.285320
-0.769561-0.918319j,0.392166+0.143873j,0.026316+4.630328j,10.398570
-0.790702-0.896905j,0.392473+0.138952j,0.022846+4.623664j,10.511819
-0.811245-0.874988j,0.392749+0.134038j,0.019375+4.616895j,10.625069
-0.831179-0.852585j,0.392994+0.129129j,0.015906+4.610025j,10.738318
-0.850491-0.829712j,0.393208+0.124226j,0.012438+4.603059j,10.851567
-0.869171-0.806386j,0.393391+0.119328j,0.008973+4.596000j,10.964817
-0.887209-0.782625j,0.393543+0.114437j,0.005510+4.588850j,11.078066
-0.904594-0.758446j,0.393664+0.109551j,0.002052+4.581614j,11.191315
-0.921317-0.733867j,0.393754+0.104670j,-0.001402+4.574294j,11.304565
-0.937368-0.708906j,0.393813+0.099795j,-0.004851+4.566894j,11.417814
-0.952739-0.683580j,0.393840+0.094925j,-0.008294+4.559415j,11.531064
-0.967423-0.657909j,0.393836+0.090060j,-0.011731+4.551861j,11.644314
-0.981410-0.631911j,0.393800+0.085200j,-0.015161+4.544234j,11.757565
-0.994694-0.605605j,0.393733+0.080345j,-0.018585+4.536536j,11.870815
-1.007268-0.579009j,0.393634+0.075494j,-0.022001+4.528770j,11.984066
-1.019126-0.552143j,0.393503+0.070649j,-0.025410+4.520938j,12.097317
-1.030262-0.525026j,0.393341+0.065807j,-0.028811+4.513040j,12.210568
-1.040671-0.497677j,0.393146+0.060971j,-0.032204+4.505081j,12.323820
-1.050348-0.470115j,0.392920+0.056138j,-0.035588+4.497060j,12.437072
-1.059288-0.442361j,0.392661+0.051310j,-0.038964+4.488981j,12.550324
-1.067489-0.414434j,0.392370+0.046486j,-0.042331+4.480844j,12.663577
-1.074947-0.386353j,0.392047+0.041666j,-0.045690+4.472652j,12.776830
-1.081659-0.358139j,0.391691+0.036850j,-0.049039+4.464405j,12.890084
-1.087623-0.329810j,0.391302+0.032037j,-0.052379+4.456105j,13.003338
-1.092837-0.301388j,0.390881+0.027229j,-0.055710+4.447753j,13.116592
-1.097301-0.272891j,0.390427+0.022424j,-0.059031+4.439352j,13.229847
-1.101014-0.244340j,0.389940+0.017623j,-0.062343+4.430901j,13.343102
-1.103975-0.215755j,0.389420+0.012825j,-0.065646+4.422402j,13.456358
-1.106185-0.187155j,0.388867+0.008030j,-0.068939+4.413856j,13.569614
-1.107645-0.158560j,0.388280+0.003238j,-0.072222+4.405265j,13.682870
-1.108356-0.129991j,0.387660-0.001550j,-0.075495+4.396628j,13.796127
-1.108321-0.101465j,0.387006-0.006335j,-0.078759+4.387948j,13.909384
-1.107542-0.073004j,0.386319-0.011117j,-0.082013+4.379225j,14.022642
-1.106021-0.044627j,0.385598-0.015897j,-0.085257+4.370461j,14.135900
-1.103763-0.016353j,0.384842-0.020674j,-0.088492+4.361654j,14.249159
-1.100772+0.011799j,0.384053-0.025448j,-0.091717+4.352808j,14.362418
-1.097052+0.039810j,0.383229-0.030220j,-0.094931+4.343922j,14.475677
-1.092607+0.067659j,0.382371-0.034989j,-0.098136+4.334997j,14.588937
-1.087444+0.095330j,0.381478-0.039756j,-0.101332+4.326035j,14.702198
-1.081569+0.122802j,0.380550-0.044520j,-0.104517+4.317034j,14.815459
-1.074987+0.150057j,0.379587-0.049283j,-0.107692+4.307997j,14.928720
-1.067707+0.177078j,0.378589-0.054043j,-0.110858+4.298924j,15.041982
-1.059735+0.203846j,0.377556-0.058802j,-0.114014+4.289815j,15.155244
-1.051080+0.230342j,0.376487-0.063558j,-0.117160+4.280671j,15.268507
-1.041749+0.256551j,0.375383-0.068313j,-0.120297+4.271492j,15.381770
-1.031752+0.282453j,0.374242-0.073067j,-0.123423+4.262279j,15.495033
-1.021097+0.308032j,0.373066-0.077819j,-0.126540+4.253033j,15.608297
-1.009796+0.333272j,0.371853-0.082569j,-0.129647+4.243754j,15.721562
-0.997857+0.358154j,0.370604-0.087319j,-0.132744+4.234443j,15.834826
-0.985291+0.382665j,0.369318-0.092067j,-0.135832+4.225099j,15.948092
-0.972110+0.406786j,0.367995-0.096814j,-0.138910+4.215723j,16.061357
-0.958325+0.430503j,0.366635-0.101560j,-0.141978+4.206316j,16.174623
-0.943947+0.453799j,0.365238-0.106305j,-0.145036+4.196878j,16.287890
-0.928989+0.476662j,0.363803-0.111050j,-0.148085+4.187410j,16.401156
-0.913463+0.499074j,0.362330-0.115794j,-0.151124+4.177911j,16.514423
-0.897383+0.521023j,0.360820-0.120537j,-0.154153+4.168382j,16.627691
-0.880762+0.542494j,0.359271-0.125280j,-0.157173+4.158824j,16.740959
-0.863613+0.563473j,0.357684-0.130023j,-0.160183+4.149236j,16.854227
-0.845950+0.583948j,0.356057-0.134766j,-0.163183+4.139619j,16.967496
-0.827788+0.603906j,0.354392-0.139509j,-0.166174+4.129973j,17.080765
-0.809141+0.623333j,0.352688-0.144252j,-0.169155+4.120299j,17.194034
-0.790026+0.642219j,0.350944-0.148996j,-0.172126+4.110597j,17.307304
-0.770455+0.660552j,0.349160-0.153739j,-0.175088+4.100866j,17.420574
-0.750446+0.678320j,0.347336-0.158484j,-0.178039+4.091108j,17.533844
-0.730015+0.695512j,0.345472-0.163229j,-0.180982+4.081322j,17.647114
-0.709176+0.712119j,0.343567-0.167975j,-0.183914+4.071508j,17.760385
-0.687948+0.728131j,0.341621-0.172722j,-0.186837+4.061668j,17.873656
-0.666345+0.743538j,0.339633-0.177470j,-0.189750+4.051800j,17.986928
-0.644386+0.758331j,0.337605-0.182220j,-0.192653+4.041905j,18.100199
-0.622087+0.772502j,0.335534-0.186971j,-0.195546+4.031984j,18.213471
-0.599465+0.786042j,0.333421-0.191723j,-0.198430+4.022036j,18.326743
-0.576539+0.798945j,0.331265-0.196478j,-0.201303+4.012062j,18.440016
-0.553325+0.811203j,0.329067-0.201234j,-0.204167+4.002061j,18.553288
-0.529841+0.822809j,0.326825-0.205993j,-0.207021+3.992035j,18.666561
-0.506106+0.833758j,0.324540-0.210754j,-0.209865+3.981982j,18.779834
-0.482137+0.844044j,0.322211-0.215517j,-0.212699+3.971903j,18.893107
-0.457953+0.853662j,0.319837-0.220283j,-0.215522+3.961799j,19.006380
-0.433572+0.862607j,0.317419-0.225053j,-0.218336+3.951669j,19.119653
-0.409012+0.870875j,0.314956-0.229825j,-0.221139+3.941513j,19.232927
-0.384293+0.878462j,0.312448-0.234600j,-0.223933+3.931332j,19.346201
-0.359431+0.885365j,0.309893-0.239379j,-0.226716+3.921125j,19.459474
-0.334447+0.891582j,0.307293-0.244162j,-0.229488+3.910893j,19.572748
-0.309359+0.897111j,0.304645-0.248948j,-0.232251+3.900635j,19.686022
-0.284186+0.901950j,0.301951-0.253739j,-0.235002+3.890353j,19.799296
-0.258946+0.906097j,0.299209-0.258535j,-0.237744+3.880045j,19.912570
-0.236242+0.909232j,0.296707-0.262844j,-0.240196+3.870768j,20.014264
-0.231140+0.909859j,0.296140-0.263812j,-0.240745+3.868683j,20.037084
-0.231140+0.909859j,0.296140-0.263812j,-0.240745+3.868683j,20.037084
-0.231140+0.909859j,0.296140-0.263812j,-0.240745+3.868683j,20.037084
-0.231140+0.909859j,0.296140-0.263812j,-0.240745+3.868683j,20.037084
-0.231140+0.909859j,0.296140-0.263812j,-0.240745+3.868683j,20.037084
-0.231140+0.909859j,0.296140-0.263812j,-0.240745+3.868682j,20.037085
-0.231139+0.909859j,0.296140-0.263812j,-0.240746+3.868682j,20.037089
-0.231135+0.909860j,0.296139-0.263813j,-0.240746+3.868680j,20.037107
-0.231116+0.909862j,0.296137-0.263817j,-0.240748+3.868673j,20.037190
-0.231033+0.909872j,0.296128-0.263833j,-0.240757+3.868639j,20.037564
-0.230657+0.909917j,0.296086-0.263904j,-0.240797+3.868485j,20.039246
-0.228964+0.910118j,0.295897-0.264225j,-0.240980+3.867793j,20.046813
-0.221346+0.910984j,0.295046-0.265671j,-0.241799+3.864677j,20.080875
-0.198716+0.913186j,0.292491-0.269966j,-0.244225+3.855411j,20.182088
-0.176083+0.914836j,0.289897-0.274266j,-0.246643+3.846125j,20.283301
-0.153461+0.915935j,0.287264-0.278570j,-0.249052+3.836819j,20.384514
-0.130863+0.916484j,0.284591-0.282879j,-0.251452+3.827494j,20.485727
-0.108302+0.916484j,0.281878-0.287192j,-0.253844+3.818148j,20.586941
-0.085792+0.915938j,0.279125-0.291511j,-0.256226+3.808782j,20.688154
-0.063345+0.914846j,0.276331-0.295834j,-0.258600+3.799397j,20.789367
-0.040974+0.913212j,0.273496-0.300163j,-0.260964+3.789991j,20.890579
-0.018694+0.911038j,0.270619-0.304497j,-0.263320+3.780566j,20.991792
0.003484+0.908327j,0.267701-0.308838j,-0.265666+3.771121j,21.093005
0.025547+0.905082j,0.264741-0.313184j,-0.268002+3.761656j,21.194218
0.047482+0.901307j,0.261738-0.317536j,-0.270330+3.752171j,21.295430
0.069275+0.897007j,0.258693-0.321895j,-0.272648+3.742666j,21.396642
0.090916+0.892184j,0.255604-0.326261j,-0.274956+3.733142j,21.497855
0.112390+0.886843j,0.252472-0.330634j,-0.277255+3.723597j,21.599067
0.133687+0.880990j,0.249296-0.335013j,-0.279543+3.714033j,21.700278
0.154793+0.874629j,0.246076-0.339401j,-0.281822+3.704449j,21.801490
0.175697+0.867766j,0.242811-0.343796j,-0.284091+3.694845j,21.902702
0.196386+0.860406j,0.239501-0.348199j,-0.286350+3.685221j,22.003913
0.216850+0.852555j,0.236145-0.352610j,-0.288598+3.675577j,22.105124
0.237076+0.844220j,0.232744-0.357029j,-0.290836+3.665913j,22.206334
0.257053+0.835407j,0.229297-0.361458j,-0.293064+3.656229j,22.307545
0.276770+0.826122j,0.225803-0.365896j,-0.295281+3.646525j,22.408755
0.296216+0.816373j,0.222262-0.370343j,-0.297488+3.636802j,22.509965
0.315379+0.806167j,0.218673-0.374799j,-0.299683+3.627058j,22.611175
0.334249+0.795511j,0.215038-0.379266j,-0.301867+3.617294j,22.712384
0.352816+0.784413j,0.211353-0.383743j,-0.304041+3.607510j,22.813593
0.371069+0.772881j,0.207621-0.388230j,-0.306203+3.597706j,22.914801
0.388998+0.760924j,0.203840-0.392728j,-0.308353+3.587882j,23.016010
0.406594+0.748550j,0.200009-0.397238j,-0.310492+3.578038j,23.117217
0.423845+0.735767j,0.196129-0.401759j,-0.312620+3.568173j,23.218425
0.440744+0.722585j,0.192198-0.406291j,-0.314735+3.558289j,23.319632
0.457280+0.709012j,0.188218-0.410836j,-0.316838+3.548384j,23.420838
0.473445+0.695058j,0.184186-0.415393j,-0.318929+3.538459j,23.522044
0.489230+0.680733j,0.180104-0.419963j,-0.321008+3.528514j,23.623250
0.504626+0.666047j,0.175969-0.424546j,-0.323074+3.518548j,23.724455
0.519625+0.651008j,0.171784-0.429142j,-0.325128+3.508562j,23.825660
0.534219+0.635628j,0.167546-0.433752j,-0.327168+3.498555j,23.926864
0.548400+0.619917j,0.163255-0.438376j,-0.329195+3.488529j,24.028067
0.562161+0.603885j,0.158912-0.443013j,-0.331210+3.478481j,24.129270
0.575494+0.587543j,0.154515-0.447666j,-0.333210+3.468414j,24.230472
0.587110+0.572595j,0.150517-0.451861j,-0.334997+3.459345j,24.321447
0.598369+0.557414j,0.146475-0.456068j,-0.336772+3.450260j,24.412421
0.609267+0.542007j,0.142390-0.460287j,-0.338537+3.441158j,24.503395
0.619800+0.526382j,0.138261-0.464519j,-0.340289+3.432039j,24.594368
0.629963+0.510548j,0.134088-0.468763j,-0.342030+3.422904j,24.685341
0.639751+0.494513j,0.129871-0.473020j,-0.343759+3.413752j,24.776313
0.649162+0.478285j,0.125609-0.477289j,-0.345477+3.404584j,24.867284
0.658190+0.461874j,0.121303-0.481572j,-0.347182+3.395398j,24.958255
0.666832+0.445287j,0.116952-0.485867j,-0.348874+3.386196j,25.049226
0.675086+0.428533j,0.112556-0.490176j,-0.350554+3.376977j,25.140196
0.682947+0.411621j,0.108115-0.494497j,-0.352222+3.367742j,25.231165
0.690412+0.394560j,0.103630-0.498831j,-0.353877+3.358489j,25.322133
0.697479+0.377358j,0.099099-0.503178j,-0.355518+3.349219j,25.413101
0.704145+0.360025j,0.094523-0.507539j,-0.357147+3.339933j,25.504069
0.710407+0.342569j,0.089901-0.511912j,-0.358762+3.330630j,25.595035
0.716263+0.324999j,0.085234-0.516297j,-0.360363+3.321309j,25.686001
0.721711+0.307325j,0.080522-0.520695j,-0.361951+3.311972j,25.776967
0.726749+0.289556j,0.075764-0.525105j,-0.363524+3.302618j,25.867931
0.731375+0.271699j,0.070961-0.529527j,-0.365084+3.293246j,25.958895
0.735587+0.253766j,0.066113-0.533961j,-0.366629+3.283858j,26.049858
0.739386+0.235764j,0.061219-0.538406j,-0.368160+3.274452j,26.140820
0.742768+0.217703j,0.056279-0.542861j,-0.369676+3.265030j,26.231781
0.745733+0.199593j,0.051294-0.547327j,-0.371177+3.255590j,26.322741
0.748281+0.181442j,0.046264-0.551802j,-0.372663+3.246133j,26.413701
0.750411+0.163259j,0.041189-0.556286j,-0.374133+3.236659j,26.504659
0.752122+0.145054j,0.036069-0.560779j,-0.375588+3.227168j,26.595617
0.753414+0.126835j,0.030904-0.565278j,-0.377027+3.217659j,26.686573
0.754288+0.108613j,0.025694-0.569784j,-0.378451+3.208133j,26.777529
0.754743+0.090396j,0.020439-0.574294j,-0.379858+3.198590j,26.868483
0.754780+0.072193j,0.015140-0.578809j,-0.381248+3.189029j,26.959437
0.754399+0.054014j,0.009796-0.583327j,-0.382622+3.179451j,27.050389
0.753601+0.035868j,0.004408-0.587845j,-0.383979+3.169856j,27.141340
0.752388+0.017763j,-0.001023-0.592364j,-0.385319+3.160243j,27.232290
0.750759-0.000291j,-0.006499-0.596880j,-0.386642+3.150612j,27.323239
0.748717-0.018285j,-0.012018-0.601392j,-0.387947+3.140964j,27.414186
0.746263-0.036211j,-0.017580-0.605899j,-0.389235+3.131298j,27.505132
0.743398-0.054058j,-0.023185-0.610397j,-0.390504+3.121615j,27.596077
0.740125-0.071820j,-0.028833-0.614885j,-0.391755+3.111913j,27.687020
0.736445-0.089485j,-0.034523-0.619360j,-0.392988+3.102194j,27.777962
0.732360-0.107047j,-0.040255-0.623819j,-0.394202+3.092457j,27.868902
0.727874-0.124495j,-0.046029-0.628259j,-0.395397+3.082702j,27.959841
0.722988-0.141822j,-0.051845-0.632678j,-0.396574+3.072928j,28.050777
0.717513-0.159615j,-0.057906-0.637223j,-0.397770+3.062796j,28.144877
0.711617-0.177259j,-0.064011-0.641737j,-0.398946+3.052644j,28.238975
0.705303-0.194744j,-0.070160-0.646215j,-0.400100+3.042472j,28.333071
0.698572-0.212062j,-0.076351-0.650653j,-0.401233+3.032280j,28.427165
0.691431-0.229203j,-0.082585-0.655045j,-0.402343+3.022068j,28.521256
0.683536-0.246908j,-0.089142-0.659579j,-0.403480+3.011381j,28.619529
0.675202-0.264399j,-0.095744-0.664051j,-0.404592+3.000671j,28.717800
0.666431-0.281667j,-0.102391-0.668454j,-0.405680+2.989939j,28.816067
0.656851-0.299382j,-0.109353-0.672954j,-0.406784+2.978751j,28.918284
0.646810-0.316833j,-0.116362-0.677363j,-0.407862+2.967538j,29.020497
0.635927-0.334625j,-0.123676-0.681826j,-0.408948+2.955892j,29.126406
0.624563-0.352110j,-0.131039-0.686170j,-0.410005+2.944219j,29.232310
0.612133-0.370106j,-0.138815-0.690586j,-0.411080+2.931946j,29.343380
0.599191-0.387737j,-0.146645-0.694845j,-0.412121+2.919641j,29.454445
0.585743-0.404990j,-0.154528-0.698931j,-0.413127+2.907305j,29.565503
0.571800-0.421851j,-0.162464-0.702829j,-0.414098+2.894936j,29.676555
0.557368-0.438307j,-0.170451-0.706522j,-0.415034+2.882533j,29.787600
0.542459-0.454345j,-0.178489-0.709993j,-0.415933+2.870096j,29.898638
0.527080-0.469954j,-0.186577-0.713224j,-0.416795+2.857625j,30.009669
0.511241-0.485119j,-0.194716-0.716197j,-0.417620+2.845117j,30.120692
0.494952-0.499829j,-0.202904-0.718892j,-0.418407+2.832572j,30.231707
0.478222-0.514071j,-0.211141-0.721290j,-0.419156+2.819988j,30.342713
0.461062-0.527833j,-0.219428-0.723372j,-0.419866+2.807366j,30.453709
0.443481-0.541103j,-0.227764-0.725117j,-0.420537+2.794703j,30.564697
0.425488-0.553870j,-0.236150-0.726506j,-0.421167+2.781998j,30.675674
0.407095-0.566121j,-0.244588-0.727519j,-0.421756+2.769249j,30.786641
0.390717-0.576386j,-0.251996-0.728083j,-0.422236+2.758082j,30.883526
0.374048-0.586242j,-0.259446-0.728334j,-0.422685+2.746879j,30.980404
0.357095-0.595680j,-0.266936-0.728261j,-0.423100+2.735640j,31.077274
0.339866-0.604692j,-0.274470-0.727855j,-0.423483+2.724363j,31.174137
0.322366-0.613272j,-0.282049-0.727104j,-0.423831+2.713046j,31.270990
0.304604-0.621411j,-0.289673-0.726001j,-0.424145+2.701690j,31.367836
0.286586-0.629101j,-0.297346-0.724538j,-0.424425+2.690291j,31.464672
0.268321-0.636335j,-0.305068-0.722709j,-0.424668+2.678849j,31.561499
0.249814-0.643104j,-0.312841-0.720509j,-0.424875+2.667363j,31.658318
0.231075-0.649401j,-0.320666-0.717935j,-0.425044+2.655831j,31.755126
0.212110-0.655219j,-0.328545-0.714986j,-0.425176+2.644250j,31.851926
0.192927-0.660548j,-0.336478-0.711660j,-0.425268+2.632621j,31.948715
0.173535-0.665380j,-0.344466-0.707958j,-0.425321+2.620940j,32.045494
0.153941-0.669708j,-0.352509-0.703884j,-0.425333+2.609207j,32.142263
0.134154-0.673524j,-0.360604-0.699441j,-0.425303+2.597419j,32.239022
0.114182-0.676817j,-0.368752-0.694634j,-0.425231+2.585576j,32.335771
0.094034-0.679581j,-0.376949-0.689468j,-0.425114+2.573675j,32.432509
0.073720-0.681806j,-0.385192-0.683950j,-0.424953+2.561715j,32.529236
0.053247-0.683484j,-0.393477-0.678087j,-0.424745+2.549693j,32.625952
0.032627-0.684604j,-0.401800-0.671886j,-0.424489+2.537609j,32.722658
0.011869-0.685160j,-0.410156-0.665357j,-0.424185+2.525460j,32.819352
-0.009018-0.685140j,-0.418538-0.658506j,-0.423831+2.513245j,32.916035
-0.030022-0.684535j,-0.426941-0.651342j,-0.423425+2.500962j,33.012707
-0.051133-0.683336j,-0.435357-0.643873j,-0.422966+2.488609j,33.109368
-0.072339-0.681533j,-0.443779-0.636107j,-0.422453+2.476184j,33.206017
-0.093629-0.679116j,-0.452199-0.628051j,-0.421884+2.463686j,33.302654
-0.114990-0.676075j,-0.460611-0.619711j,-0.421257+2.451112j,33.399279
-0.136410-0.672398j,-0.469005-0.611095j,-0.420572+2.438462j,33.495891
-0.157876-0.668077j,-0.477375-0.602209j,-0.419826+2.425733j,33.592492
-0.179375-0.663099j,-0.485712-0.593057j,-0.419017+2.412922j,33.689080
-0.200891-0.657454j,-0.494008-0.583646j,-0.418145+2.400030j,33.785654
-0.222410-0.651131j,-0.502257-0.573979j,-0.417206+2.387053j,33.882216
-0.241495-0.644944j,-0.509529-0.565191j,-0.416317+2.375466j,33.967926
-0.260559-0.638205j,-0.516752-0.556206j,-0.415373+2.363810j,34.053626
-0.279590-0.630908j,-0.523921-0.547028j,-0.414373+2.352083j,34.139316
-0.298577-0.623043j,-0.531031-0.537658j,-0.413315+2.340284j,34.224997
-0.317508-0.614603j,-0.538077-0.528096j,-0.412199+2.328411j,34.310667
-0.336369-0.605578j,-0.545054-0.518345j,-0.411022+2.316463j,34.396327
-0.355146-0.595960j,-0.551958-0.508404j,-0.409784+2.304439j,34.481976
-0.373827-0.585741j,-0.558783-0.498273j,-0.408481+2.292336j,34.567613
-0.392396-0.574911j,-0.565527-0.487954j,-0.407114+2.280154j,34.653240
-0.410838-0.563462j,-0.572183-0.477444j,-0.405680+2.267891j,34.738855
-0.429137-0.551384j,-0.578748-0.466744j,-0.404177+2.255544j,34.824458
-0.447277-0.538668j,-0.585218-0.455853j,-0.402603+2.243114j,34.910049
-0.465241-0.525305j,-0.591588-0.444768j,-0.400957+2.230597j,34.995627
-0.481026-0.512893j,-0.597156-0.434765j,-0.399434+2.219412j,35.071635
-0.496646-0.499956j,-0.602639-0.424606j,-0.397850+2.208156j,35.147632
-0.512086-0.486489j,-0.608035-0.414291j,-0.396205+2.196829j,35.223621
-0.527332-0.472484j,-0.613341-0.403817j,-0.394497+2.185429j,35.299599
-0.542371-0.457934j,-0.618553-0.393183j,-0.392724+2.173954j,35.375567
-0.557186-0.442832j,-0.623669-0.382385j,-0.390884+2.162403j,35.451525
-0.571763-0.427172j,-0.628685-0.371421j,-0.388977+2.150776j,35.527472
-0.586084-0.410945j,-0.633599-0.360289j,-0.386999+2.139070j,35.603407
-0.600133-0.394146j,-0.638408-0.348984j,-0.384950+2.127283j,35.679331
-0.613892-0.376766j,-0.643108-0.337504j,-0.382828+2.115416j,35.755243
-0.627343-0.358798j,-0.647697-0.325845j,-0.380629+2.103465j,35.831143
-0.640465-0.340235j,-0.652171-0.314002j,-0.378353+2.091430j,35.907030
-0.651828-0.323242j,-0.656045-0.303326j,-0.376264+2.080668j,35.974473
-0.662902-0.305767j,-0.659823-0.292498j,-0.374111+2.069837j,36.041906
-0.673671-0.287807j,-0.663503-0.281515j,-0.371892+2.058935j,36.109330
-0.684119-0.269354j,-0.667081-0.270373j,-0.369605+2.047962j,36.176743
-0.694230-0.250403j,-0.670556-0.259068j,-0.367248+2.036916j,36.244145
-0.703985-0.230949j,-0.673924-0.247595j,-0.364820+2.025796j,36.311537
-0.713367-0.210986j,-0.677182-0.235951j,-0.362319+2.014600j,36.378917
-0.722356-0.190509j,-0.680327-0.224129j,-0.359742+2.003328j,36.446286
-0.730934-0.169510j,-0.683356-0.212125j,-0.357089+1.991978j,36.513642
-0.739079-0.147986j,-0.686265-0.199932j,-0.354356+1.980548j,36.580986
-0.746769-0.125928j,-0.689051-0.187545j,-0.351542+1.969037j,36.648316
-0.753183-0.105941j,-0.691412-0.176406j,-0.348979+1.958773j,36.707997
-0.759206-0.085526j,-0.693671-0.165104j,-0.346350+1.948443j,36.767668
-0.764821-0.064680j,-0.695824-0.153634j,-0.343652+1.938046j,36.827329
-0.770009-0.043398j,-0.697868-0.141991j,-0.340883+1.927581j,36.886979
-0.774753-0.021675j,-0.699800-0.130168j,-0.338043+1.917047j,36.946619
-0.779031+0.000492j,-0.701617-0.118161j,-0.335129+1.906443j,37.006246
-0.782823+0.023110j,-0.703315-0.105961j,-0.332139+1.895767j,37.065862
-0.786108+0.046182j,-0.704889-0.093562j,-0.329071+1.885019j,37.125466
-0.788862+0.069715j,-0.706336-0.080955j,-0.325924+1.874197j,37.185056
-0.791061+0.093712j,-0.707651-0.068134j,-0.322697+1.863300j,37.244633
-0.792526+0.115360j,-0.708703-0.056591j,-0.319768+1.853584j,37.297446
-0.793517+0.137380j,-0.709643-0.044865j,-0.316773+1.843807j,37.350248
-0.794015+0.159777j,-0.710470-0.032950j,-0.313710+1.833968j,37.403040
-0.793999+0.182554j,-0.711178-0.020838j,-0.310578+1.824066j,37.455820
-0.793448+0.205716j,-0.711764-0.008521j,-0.307375+1.814100j,37.508589
-0.792340+0.229267j,-0.712223+0.004009j,-0.304100+1.804069j,37.561346
-0.790649+0.253210j,-0.712551+0.016762j,-0.300752+1.793972j,37.614090
-0.788351+0.277551j,-0.712741+0.029748j,-0.297329+1.783808j,37.666821
-0.785419+0.302294j,-0.712790+0.042976j,-0.293831+1.773575j,37.719538
-0.782273+0.324524j,-0.712709+0.054892j,-0.290671+1.764463j,37.766220
-0.778588+0.347077j,-0.712508+0.067016j,-0.287451+1.755296j,37.812890
-0.774341+0.369956j,-0.712182+0.079357j,-0.284168+1.746072j,37.859550
-0.769509+0.393165j,-0.711726+0.091925j,-0.280823+1.736790j,37.906197
-0.764068+0.416708j,-0.711135+0.104732j,-0.277416+1.727449j,37.952833
-0.757990+0.440590j,-0.710402+0.117787j,-0.273945+1.718049j,37.999456
-0.751247+0.464815j,-0.709522+0.131105j,-0.270410+1.708587j,38.046066
-0.743811+0.489389j,-0.708487+0.144698j,-0.266812+1.699062j,38.092661
-0.736628+0.511422j,-0.707437+0.156965j,-0.263576+1.690582j,38.133920
-0.728853+0.533736j,-0.706255+0.169469j,-0.260291+1.682051j,38.175167
-0.720461+0.556334j,-0.704935+0.182224j,-0.256957+1.673467j,38.216404
-0.711425+0.579222j,-0.703471+0.195242j,-0.253575+1.664829j,38.257628
-0.701716+0.602405j,-0.701855+0.208537j,-0.250146+1.656134j,38.298839
-0.691304+0.625887j,-0.700080+0.222125j,-0.246672+1.647382j,38.340037
-0.680154+0.649674j,-0.698137+0.236022j,-0.243153+1.638570j,38.381220
-0.669671+0.670932j,-0.696275+0.248563j,-0.240012+1.630739j,38.417614
-0.658558+0.692437j,-0.694269+0.261372j,-0.236840+1.622858j,38.453997
-0.646789+0.714195j,-0.692111+0.274467j,-0.233640+1.614924j,38.490368
-0.634331+0.736211j,-0.689793+0.287862j,-0.230414+1.606935j,38.526727
-0.621152+0.758491j,-0.687305+0.301578j,-0.227165+1.598889j,38.563072
-0.607216+0.781042j,-0.684637+0.315632j,-0.223898+1.590781j,38.599403
-0.594278+0.801144j,-0.682129+0.328316j,-0.221008+1.583584j,38.631452
-0.580692+0.821468j,-0.679465+0.341297j,-0.218111+1.576333j,38.663491
-0.566426+0.842020j,-0.676635+0.354594j,-0.215211+1.569025j,38.695517
-0.551448+0.862806j,-0.673629+0.368227j,-0.212313+1.561656j,38.727531
-0.535719+0.883834j,-0.670436+0.382220j,-0.209424+1.554222j,38.759531
-0.521175+0.902609j,-0.667451+0.394893j,-0.206887+1.547599j,38.787816
-0.505983+0.921586j,-0.664299+0.407884j,-0.204367+1.540917j,38.816089
-0.490109+0.940773j,-0.660971+0.421216j,-0.201872+1.534169j,38.844351
-0.473516+0.960176j,-0.657453+0.434912j,-0.199409+1.527350j,38.872601
-0.458034+0.977722j,-0.654136+0.447492j,-0.197241+1.521185j,38.897890
-0.441912+0.995456j,-0.650644+0.460405j,-0.195112+1.514952j,38.923168
-0.425114+1.013387j,-0.646967+0.473677j,-0.193033+1.508642j,38.948435
-0.407603+1.031523j,-0.643088+0.487334j,-0.191012+1.502249j,38.973689
-0.391935+1.047297j,-0.639579+0.499414j,-0.189329+1.496674j,38.995444
-0.375676+1.063238j,-0.635898+0.511823j,-0.187706+1.491023j,39.017189
-0.358791+1.079355j,-0.632032+0.524586j,-0.186154+1.485287j,39.038925
-0.341244+1.095658j,-0.627965+0.537731j,-0.184682+1.479455j,39.060648
-0.325524+1.109895j,-0.624279+0.549415j,-0.183486+1.474332j,39.079435
-0.309249+1.124286j,-0.620418+0.561431j,-0.182369+1.469121j,39.098214
-0.292384+1.138840j,-0.616367+0.573804j,-0.181344+1.463811j,39.116983
-0.274892+1.153567j,-0.612111+0.586565j,-0.180422+1.458389j,39.135741
-0.259662+1.166098j,-0.608357+0.597625j,-0.179738+1.453731j,39.151547
-0.243930+1.178768j,-0.604431+0.609006j,-0.179148+1.448974j,39.167345
-0.227666+1.191585j,-0.600319+0.620735j,-0.178664+1.444105j,39.183135
-0.210834+1.204558j,-0.596002+0.632842j,-0.178299+1.439112j,39.198916
-0.196173+1.215626j,-0.592191+0.643368j,-0.178097+1.434793j,39.212241
-0.181053+1.226822j,-0.588206+0.654210j,-0.178001+1.430362j,39.225560
-0.165444+1.238155j,-0.584034+0.665398j,-0.178026+1.425805j,39.238870
-0.149312+1.249634j,-0.579655+0.676961j,-0.178186+1.421107j,39.252173
-0.135547+1.259247j,-0.575863+0.686834j,-0.178433+1.417102j,39.263194
-0.120813+1.269357j,-0.571743+0.697414j,-0.178812+1.412811j,39.274632
-0.105606+1.279602j,-0.567423+0.708356j,-0.179330+1.408371j,39.286063
-0.092423+1.288331j,-0.563618+0.717863j,-0.179887+1.404509j,39.295691
-0.078856+1.297172j,-0.559642+0.727675j,-0.180567+1.400513j,39.305314
-0.064876+1.306133j,-0.555477+0.737821j,-0.181384+1.396369j,39.314931
-0.052153+1.314160j,-0.551624+0.747092j,-0.182234+1.392567j,39.323438
-0.039058+1.322297j,-0.547592+0.756676j,-0.183217+1.388619j,39.331940
-0.025563+1.330553j,-0.543363+0.766604j,-0.184349+1.384505j,39.340435
-0.013880+1.337597j,-0.539638+0.775246j,-0.185430+1.380902j,39.347590
-0.001870+1.344740j,-0.535742+0.784183j,-0.186642+1.377152j,39.354741
0.010495+1.351991j,-0.531658+0.793443j,-0.188001+1.373235j,39.361886
0.021545+1.358384j,-0.527942+0.801777j,-0.189314+1.369681j,39.368100
0.032906+1.364875j,-0.524051+0.810408j,-0.190764+1.365969j,39.374309
0.044605+1.371471j,-0.519967+0.819368j,-0.192368+1.362078j,39.380513
0.054684+1.377085j,-0.516380+0.827152j,-0.193845+1.358663j,39.385718
0.065403+1.382985j,-0.512494+0.835503j,-0.195515+1.354963j,39.391096
0.075211+1.388322j,-0.508867+0.843215j,-0.197137+1.351510j,39.395884
0.085296+1.393748j,-0.505065+0.851221j,-0.198903+1.347885j,39.400669
0.094607+1.398704j,-0.501484+0.858688j,-0.200626+1.344465j,39.404968
0.104181+1.403747j,-0.497726+0.866448j,-0.202494+1.340869j,39.409264
0.112918+1.408302j,-0.494226+0.873608j,-0.204289+1.337510j,39.413079
0.121902+1.412940j,-0.490552+0.881054j,-0.206228+1.333974j,39.416891
0.130142+1.417153j,-0.487111+0.887965j,-0.208095+1.330651j,39.420294
0.138614+1.421445j,-0.483496+0.895160j,-0.210108+1.327148j,39.423694
0.146320+1.425314j,-0.480138+0.901786j,-0.212024+1.323878j,39.426703
0.154243+1.429258j,-0.476608+0.908691j,-0.214085+1.320427j,39.429710
0.161467+1.432823j,-0.473319+0.915072j,-0.216049+1.317196j,39.432377
0.168896+1.436461j,-0.469859+0.921727j,-0.218157+1.313781j,39.435041
0.175625+1.439730j,-0.466655+0.927843j,-0.220149+1.310600j,39.437389
0.182546+1.443067j,-0.463282+0.934228j,-0.222285+1.307235j,39.439735
0.188819+1.446070j,-0.460154+0.940104j,-0.224303+1.304096j,39.441804
0.195274+1.449138j,-0.456859+0.946247j,-0.226464+1.300771j,39.443870
0.201092+1.451885j,-0.453818+0.951875j,-0.228492+1.297683j,39.445682
0.207080+1.454694j,-0.450612+0.957763j,-0.230662+1.294409j,39.447492
0.212477+1.457209j,-0.447652+0.963162j,-0.232696+1.291366j,39.449079
0.218032+1.459783j,-0.444529+0.968817j,-0.234873+1.288137j,39.450663
0.223015+1.462079j,-0.441658+0.973982j,-0.236902+1.285148j,39.452045
0.228146+1.464429j,-0.438626+0.979399j,-0.239072+1.281972j,39.453425
0.232744+1.466524j,-0.435840+0.984345j,-0.241091+1.279034j,39.454627
0.237480+1.468671j,-0.432895+0.989540j,-0.243251+1.275908j,39.455827
0.241705+1.470577j,-0.430198+0.994266j,-0.245252+1.273027j,39.456868
0.246059+1.472531j,-0.427345+0.999237j,-0.247391+1.269959j,39.457907
0.249937+1.474265j,-0.424736+1.003757j,-0.249370+1.267133j,39.458806
0.253935+1.476044j,-0.421971+1.008516j,-0.251486+1.264121j,39.459704
0.257481+1.477615j,-0.419452+1.012829j,-0.253434+1.261357j,39.460476
0.261139+1.479229j,-0.416780+1.017378j,-0.255520+1.258406j,39.461248
0.264376+1.480653j,-0.414348+1.021496j,-0.257435+1.255702j,39.461911
0.267716+1.482116j,-0.411767+1.025845j,-0.259486+1.252813j,39.462573
0.270661+1.483402j,-0.409425+1.029770j,-0.261363+1.250175j,39.463139
0.273702+1.484725j,-0.406935+1.033921j,-0.263373+1.247352j,39.463704
0.276375+1.485885j,-0.404681+1.037662j,-0.265208+1.244779j,39.464185
0.279137+1.487079j,-0.402282+1.041625j,-0.267177+1.242023j,39.464666
0.281555+1.488122j,-0.400116+1.045184j,-0.268966+1.239520j,39.465073
0.284054+1.489197j,-0.397808+1.048962j,-0.270886+1.236834j,39.465480
0.286236+1.490133j,-0.395730+1.052349j,-0.272627+1.234401j,39.465824
0.288574+1.491133j,-0.393431+1.056079j,-0.274566+1.231692j,39.466179
0.290475+1.491945j,-0.391499+1.059200j,-0.276206+1.229402j,39.466459
0.292581+1.492842j,-0.389291+1.062754j,-0.278092+1.226767j,39.466757
0.294282+1.493565j,-0.387445+1.065713j,-0.279678+1.224553j,39.466990
0.296174+1.494368j,-0.385323+1.069101j,-0.281512+1.221991j,39.467239
0.297690+1.495010j,-0.383564+1.071899j,-0.283040+1.219855j,39.467433
0.299385+1.495726j,-0.381528+1.075127j,-0.284819+1.217368j,39.467640
0.300730+1.496294j,-0.379855+1.077770j,-0.286289+1.215312j,39.467799
0.302244+1.496931j,-0.377904+1.080842j,-0.288012+1.212902j,39.467971
0.303433+1.497431j,-0.376315+1.083336j,-0.289422+1.210927j,39.468101
0.304780+1.497997j,-0.374448+1.086257j,-0.291086+1.208595j,39.468243
0.305827+1.498436j,-0.372942+1.088606j,-0.292435+1.206703j,39.468349
0.307021+1.498937j,-0.371158+1.091380j,-0.294041+1.204450j,39.468465
0.307938+1.499320j,-0.369733+1.093590j,-0.295328+1.202642j,39.468550
0.308884+1.499716j,-0.368209+1.095946j,-0.296711+1.200698j,39.468635
0.309871+1.500128j,-0.366551+1.098504j,-0.298222+1.198571j,39.468720
0.310620+1.500441j,-0.365241+1.100519j,-0.299420+1.196884j,39.468782
0.311392+1.500763j,-0.363837+1.102674j,-0.300709+1.195067j,39.468843
0.312117+1.501064j,-0.362464+1.104776j,-0.301974+1.193281j,39.468898
0.312790+1.501344j,-0.361135+1.106806j,-0.303204+1.191545j,39.468947
0.313419+1.501606j,-0.359837+1.108783j,-0.304408+1.189842j,39.468990
0.314002+1.501849j,-0.358581+1.110694j,-0.305577+1.188187j,39.469029
0.314546+1.502074j,-0.357358+1.112550j,-0.306720+1.186567j,39.469063
0.315049+1.502283j,-0.356174+1.114344j,-0.307830+1.184993j,39.469094
0.315516+1.502477j,-0.355022+1.116085j,-0.308913+1.183457j,39.469121
0.315948+1.502656j,-0.353908+1.117766j,-0.309963+1.181964j,39.469144
0.316347+1.502822j,-0.352826+1.119396j,-0.310986+1.180509j,39.469165
0.316715+1.502974j,-0.351780+1.120968j,-0.311977+1.179097j,39.469183
0.317054+1.503115j,-0.350767+1.122490j,-0.312941+1.177724j,39.469199
0.317366+1.503244j,-0.349788+1.123957j,-0.313874+1.176393j,39.469213
0.317652+1.503362j,-0.348840+1.125375j,-0.314779+1.175100j,39.469225
0.317913+1.503470j,-0.347934+1.126730j,-0.315648+1.173858j,39.469236
0.318150+1.503568j,-0.347062+1.128031j,-0.316484+1.172661j,39.469245
0.318364+1.503657j,-0.346229+1.129272j,-0.317285+1.171514j,39.469253
0.318560+1.503737j,-0.345430+1.130462j,-0.318056+1.170409j,39.469259
0.318736+1.503810j,-0.344667+1.131596j,-0.318793+1.169352j,39.469265
0.318891+1.503874j,-0.343959+1.132648j,-0.319479+1.168368j,39.469270
0.319031+1.503932j,-0.343280+1.133654j,-0.320136+1.167423j,39.469274
0.319158+1.503984j,-0.342633+1.134614j,-0.320765+1.166519j,39.469277
0.319272+1.504032j,-0.342015+1.135529j,-0.321366+1.165654j,39.469280
0.319375+1.504074j,-0.341426+1.136400j,-0.321940+1.164827j,39.469283
0.319467+1.504112j,-0.340865+1.137230j,-0.322488+1.164038j,39.469285
0.319551+1.504147j,-0.340330+1.138019j,-0.323010+1.163285j,39.469287
0.319625+1.504178j,-0.339822+1.138769j,-0.323507+1.162567j,39.469288
0.319692+1.504205j,-0.339338+1.139482j,-0.323981+1.161884j,39.469289
0.319752+1.504230j,-0.338879+1.140159j,-0.324432+1.161233j,39.469290
0.319805+1.504252j,-0.338443+1.140802j,-0.324860+1.160613j,39.469291
0.319853+1.504272j,-0.338029+1.141411j,-0.325267+1.160025j,39.469292
0.319895+1.504289j,-0.337636+1.141989j,-0.325653+1.159466j,39.469293
0.319933+1.504305j,-0.337264+1.142535j,-0.326020+1.158936j,39.469293
0.319967+1.504319j,-0.336912+1.143053j,-0.326367+1.158433j,39.469294
0.319997+1.504331j,-0.336579+1.143542j,-0.326696+1.157957j,39.469294
0.320023+1.504342j,-0.336264+1.144005j,-0.327007+1.157506j,39.469294
0.320046+1.504351j,-0.335966+1.144442j,-0.327301+1.157079j,39.469295
0.320067+1.504360j,-0.335685+1.144854j,-0.327579+1.156676j,39.469295
0.320085+1.504367j,-0.335420+1.145243j,-0.327842+1.156295j,39.469295
0.320101+1.504374j,-0.335170+1.145609j,-0.328090+1.155935j,39.469295
0.320116+1.504380j,-0.334934+1.145954j,-0.328323+1.155597j,39.469295
0.320128+1.504385j,-0.334712+1.146279j,-0.328543+1.155277j,39.469295
0.320139+1.504390j,-0.334504+1.146584j,-0.328750+1.154977j,39.469295
0.320148+1.504394j,-0.334308+1.146871j,-0.328945+1.154694j,39.469296
0.320157+1.504397j,-0.334123+1.147141j,-0.329128+1.154428j,39.469296
0.320164+1.504400j,-0.333950+1.147394j,-0.329300+1.154178j,39.469296
0.320171+1.504403j,-0.333788+1.147631j,-0.329461+1.153944j,39.469296
0.320176+1.504405j,-0.333636+1.147853j,-0.329612+1.153725j,39.469296
0.320181+1.504407j,-0.333494+1.148061j,-0.329754+1.153519j,39.469296
0.320185+1.504409j,-0.333361+1.148255j,-0.329886+1.153326j,39.469296
0.320189+1.504410j,-0.333236+1.148437j,-0.330010+1.153146j,39.469296
0.320192+1.504412j,-0.333120+1.148607j,-0.330126+1.152977j,39.469296
0.320195+1.504413j,-0.333011+1.148765j,-0.330235+1.152820j,39.469296
0.320197+1.504414j,-0.332909+1.148913j,-0.330336+1.152673j,39.469296
0.320199+1.504414j,-0.332815+1.149051j,-0.330430+1.152536j,39.469296
0.320201+1.504415j,-0.332726+1.149179j,-0.330518+1.152409j,39.469296
0.320203+1.504416j,-0.332644+1.149299j,-0.330600+1.152290j,39.469296
0.320204+1.504416j,-0.332567+1.149410j,-0.330677+1.152180j,39.469296
0.320205+1.504417j,-0.332496+1.149513j,-0.330748+1.152077j,39.469296
0.320206+1.504417j,-0.332430+1.149609j,-0.330814+1.151982j,39.469296
0.320207+1.504418j,-0.332368+1.149697j,-0.330876+1.151893j,39.469296
0.320208+1.504418j,-0.332310+1.149780j,-0.330933+1.151811j,39.469296
0.320208+1.504418j,-0.332257+1.149856j,-0.330987+1.151736j,39.469296
0.320209+1.504418j,-0.332207+1.149926j,-0.331037+1.151665j,39.469296
0.320209+1.504419j,-0.332160+1.149991j,-0.331083+1.151601j,39.469296
0.320210+1.504419j,-0.332117+1.150051j,-0.331126+1.151541j,39.469296
0.320210+1.504419j,-0.332077+1.150106j,-0.331167+1.151486j,39.469296
0.320210+1.504419j,-0.332039+1.150157j,-0.331204+1.151435j,39.469296
0.320210+1.504419j,-0.332003+1.150203j,-0.331240+1.151389j,39.469296
0.320211+1.504419j,-0.331970+1.150246j,-0.331274+1.151346j,39.469296
0.320211+1.504419j,-0.331938+1.150285j,-0.331305+1.151307j,39.469296
0.320211+1.504419j,-0.331907+1.150321j,-0.331336+1.151272j,39.469296
0.320211+1.504419j,-0.331878+1.150353j,-0.331365+1.151240j,39.469296
0.320211+1.504419j,-0.331850+1.150382j,-0.331393+1.151211j,39.469296
0.320211+1.504419j,-0.331821+1.150408j,-0.331422+1.151184j,39.469296
0.320211+1.504419j,-0.331792+1.150432j,-0.331451+1.151161j,39.469296
0.320212+1.504419j,-0.331761+1.150453j,-0.331482+1.151139j,39.469296
0.320212+1.504419j,-0.331725+1.150471j,-0.331518+1.151121j,39.469296
0.320212+1.504419j,-0.331680+1.150483j,-0.331562+1.151109j,39.469296
0.320212+1.504419j,-0.331649+1.150485j,-0.331594+1.151108j,39.469296
0.320212+1.504419j,-0.331607+1.150477j,-0.331636+1.151116j,39.469296
0.320212+1.504419j,-0.331572+1.150461j,-0.331671+1.151132j,39.469296
0.320212+1.504419j,-0.331542+1.150440j,-0.331701+1.151153j,39.469296
0.320212+1.504419j,-0.331514+1.150415j,-0.331729+1.151178j,39.469296
0.320212+1.504419j,-0.331487+1.150386j,-0.331756+1.151207j,39.469296
0.320212+1.504419j,-0.331461+1.150353j,-0.331782+1.151239j,39.469296
0.320212+1.504419j,-0.331435+1.150317j,-0.331808+1.151276j,39.469296
0.320213+1.504419j,-0.331409+1.150277j,-0.331834+1.151316j,39.469296
0.320213+1.504419j,-0.331382+1.150233j,-0.331860+1.151360j,39.469296
0.320213+1.504419j,-0.331354+1.150186j,-0.331888+1.151407j,39.469296
0.320213+1.504419j,-0.331326+1.150134j,-0.331917+1.151459j,39.469296
0.320213+1.504418j,-0.331295+1.150078j,-0.331947+1.151515j,39.469296
0.320214+1.504418j,-0.331264+1.150017j,-0.331978+1.151576j,39.469296
0.320214+1.504418j,-0.331230+1.149952j,-0.332012+1.151641j,39.469296
0.320214+1.504418j,-0.331195+1.149882j,-0.332047+1.151711j,39.469296
0.320215+1.504417j,-0.331157+1.149807j,-0.332085+1.151786j,39.469296
0.320215+1.504417j,-0.331117+1.149727j,-0.332124+1.151867j,39.469296
0.320216+1.504417j,-0.331074+1.149641j,-0.332166+1.151953j,39.469296
0.320216+1.504416j,-0.331029+1.149549j,-0.332211+1.152045j,39.469296
0.320217+1.504416j,-0.330981+1.149450j,-0.332259+1.152143j,39.469296
0.320218+1.504415j,-0.330930+1.149345j,-0.332310+1.152248j,39.469296
0.320219+1.504414j,-0.330876+1.149234j,-0.332363+1.152360j,39.469296
0.320220+1.504413j,-0.330818+1.149115j,-0.332421+1.152479j,39.469296
0.320222+1.504412j,-0.330757+1.148988j,-0.332481+1.152606j,39.469296
0.320223+1.504411j,-0.330691+1.148853j,-0.332546+1.152741j,39.469296
0.320225+1.504410j,-0.330622+1.148710j,-0.332614+1.152884j,39.469296
0.320227+1.504408j,-0.330549+1.148558j,-0.332687+1.153036j,39.469296
0.320229+1.504407j,-0.330471+1.148397j,-0.332763+1.153197j,39.469296
0.320231+1.504405j,-0.330388+1.148227j,-0.332845+1.153368j,39.469296
0.320234+1.504402j,-0.330301+1.148046j,-0.332930+1.153549j,39.469296
0.320238+1.504400j,-0.330208+1.147855j,-0.333021+1.153741j,39.469296
0.320241+1.504397j,-0.330110+1.147652j,-0.333117+1.153944j,39.469296
0.320245+1.504394j,-0.330006+1.147438j,-0.333219+1.154158j,39.469296
0.320250+1.504390j,-0.329897+1.147212j,-0.333326+1.154385j,39.469296
0.320255+1.504386j,-0.329781+1.146973j,-0.333439+1.154624j,39.469296
0.320261+1.504382j,-0.329659+1.146721j,-0.333558+1.154877j,39.469296
0.320268+1.504377j,-0.329530+1.146456j,-0.333684+1.155143j,39.469296
0.320275+1.504371j,-0.329394+1.146176j,-0.333816+1.155424j,39.469296
0.320284+1.504364j,-0.329250+1.145881j,-0.333955+1.155719j,39.469296
0.320293+1.504357j,-0.329099+1.145571j,-0.334101+1.156030j,39.469296
0.320303+1.504349j,-0.328940+1.145245j,-0.334255+1.156358j,39.469296
0.320315+1.504340j,-0.328773+1.144902j,-0.334416+1.156702j,39.469297
0.320328+1.504330j,-0.328597+1.144541j,-0.334585+1.157064j,39.469297
0.320343+1.504319j,-0.328411+1.144163j,-0.334763+1.157444j,39.469297
0.320359+1.504306j,-0.328217+1.143765j,-0.334949+1.157843j,39.469297
0.320377+1.504293j,-0.328012+1.143348j,-0.335144+1.158262j,39.469297
0.320397+1.504277j,-0.327797+1.142911j,-0.335348+1.158701j,39.469298
0.320419+1.504260j,-0.327572+1.142453j,-0.335562+1.159162j,39.469298
0.320444+1.504241j,-0.327335+1.141974j,-0.335786+1.159644j,39.469298
0.320471+1.504220j,-0.327087+1.141471j,-0.336019+1.160149j,39.469299
0.320501+1.504197j,-0.326827+1.140946j,-0.336263+1.160678j,39.469299
0.320534+1.504172j,-0.326555+1.140396j,-0.336518+1.161231j,39.469300
0.320571+1.504144j,-0.326270+1.139822j,-0.336784+1.161809j,39.469301
0.320611+1.504112j,-0.325971+1.139222j,-0.337061+1.162413j,39.469302
0.320656+1.504078j,-0.325659+1.138595j,-0.337350+1.163045j,39.469303
0.320704+1.504041j,-0.325332+1.137941j,-0.337651+1.163704j,39.469304
0.320758+1.503999j,-0.324991+1.137259j,-0.337964+1.164392j,39.469305
0.320817+1.503954j,-0.324634+1.136548j,-0.338290+1.165109j,39.469307
0.320882+1.503904j,-0.324261+1.135807j,-0.338629+1.165858j,39.469308
0.320953+1.503849j,-0.323871+1.135035j,-0.338981+1.166637j,39.469310
0.321031+1.503789j,-0.323465+1.134231j,-0.339346+1.167450j,39.469313
0.321116+1.503724j,-0.323041+1.133394j,-0.339726+1.168295j,39.469315
0.321209+1.503652j,-0.322598+1.132524j,-0.340119+1.169175j,39.469319
0.321310+1.503574j,-0.322137+1.131619j,-0.340527+1.170091j,39.469322
0.321421+1.503489j,-0.321656+1.130679j,-0.340949+1.171043j,39.469326
0.321541+1.503396j,-0.321155+1.129703j,-0.341387+1.172032j,39.469331
0.321673+1.503295j,-0.320633+1.128689j,-0.341839+1.173060j,39.469336
0.321816+1.503185j,-0.320090+1.127637j,-0.342307+1.174127j,39.469342
0.321971+1.503065j,-0.319525+1.126546j,-0.342791+1.175235j,39.469349
0.322139+1.502935j,-0.318936+1.125414j,-0.343290+1.176384j,39.469357
0.322322+1.502794j,-0.318325+1.124242j,-0.343805+1.177576j,39.469366
0.322520+1.502641j,-0.317689+1.123028j,-0.344336+1.178811j,39.469376
0.322735+1.502475j,-0.317028+1.121771j,-0.344884+1.180091j,39.469387
0.322967+1.502296j,-0.316341+1.120471j,-0.345448+1.181416j,39.469400
0.323218+1.502103j,-0.315628+1.119125j,-0.346028+1.182788j,39.469415
0.323489+1.501893j,-0.314887+1.117735j,-0.346625+1.184208j,39.469431
0.323782+1.501667j,-0.314119+1.116298j,-0.347239+1.185676j,39.469450
0.324097+1.501424j,-0.313322+1.114813j,-0.347869+1.187194j,39.469470
0.324437+1.501161j,-0.312495+1.113281j,-0.348516+1.188763j,39.469494
0.324802+1.500878j,-0.311638+1.111700j,-0.349180+1.190383j,39.469520
0.325196+1.500574j,-0.310750+1.110069j,-0.349859+1.192056j,39.469549
0.325618+1.500247j,-0.309830+1.108388j,-0.350556+1.193782j,39.469582
0.326071+1.499896j,-0.308877+1.106656j,-0.351268+1.195563j,39.469619
0.326557+1.499520j,-0.307890+1.104871j,-0.351996+1.197399j,39.469660
0.327078+1.499116j,-0.306869+1.103034j,-0.352741+1.199292j,39.469706
0.327636+1.498683j,-0.305813+1.101144j,-0.353500+1.201242j,39.469757
0.328233+1.498220j,-0.304721+1.099200j,-0.354275+1.203251j,39.469814
0.328871+1.497725j,-0.303591+1.097201j,-0.355065+1.205318j,39.469877
0.329550+1.497197j,-0.302428+1.095153j,-0.355866+1.207439j,39.469947
0.330272+1.496635j,-0.301230+1.093056j,-0.356679+1.209613j,39.470024
0.331039+1.496039j,-0.299997+1.090912j,-0.357502+1.211840j,39.470109
0.331852+1.495405j,-0.298730+1.088720j,-0.358335+1.214120j,39.470202
0.332714+1.494733j,-0.297426+1.086479j,-0.359178+1.216454j,39.470305
0.333627+1.494020j,-0.296086+1.084189j,-0.360029+1.218842j,39.470418
0.334594+1.493264j,-0.294709+1.081850j,-0.360888+1.221286j,39.470541
0.335616+1.492465j,-0.293293+1.079462j,-0.361754+1.223785j,39.470677
0.336696+1.491619j,-0.291840+1.077024j,-0.362627+1.226340j,39.470825
0.337836+1.490725j,-0.290347+1.074536j,-0.363506+1.228951j,39.470987
0.339039+1.489781j,-0.288814+1.071998j,-0.364390+1.231620j,39.471164
0.340307+1.488783j,-0.287241+1.069410j,-0.365279+1.234346j,39.471356
0.341643+1.487731j,-0.285626+1.066771j,-0.366171+1.237130j,39.471566
0.343050+1.486622j,-0.283969+1.064082j,-0.367065+1.239973j,39.471795
0.344529+1.485454j,-0.282270+1.061341j,-0.367961+1.242875j,39.472043
0.346085+1.484223j,-0.280527+1.058550j,-0.368857+1.245836j,39.472313
0.347719+1.482927j,-0.278740+1.055708j,-0.369753+1.248857j,39.472605
0.349435+1.481565j,-0.276908+1.052814j,-0.370647+1.251939j,39.472922
0.351235+1.480132j,-0.275031+1.049869j,-0.371539+1.255082j,39.473265
0.353123+1.478627j,-0.273108+1.046873j,-0.372426+1.258287j,39.473636
0.355101+1.477047j,-0.271137+1.043825j,-0.373308+1.261553j,39.474036
0.357172+1.475388j,-0.269119+1.040726j,-0.374183+1.264882j,39.474469
0.359340+1.473648j,-0.267053+1.037575j,-0.375050+1.268274j,39.474936
0.361607+1.471824j,-0.264937+1.034372j,-0.375907+1.271729j,39.475439
0.363977+1.469911j,-0.262771+1.031118j,-0.376753+1.275248j,39.475981
0.366453+1.467909j,-0.260555+1.027812j,-0.377586+1.278831j,39.476564
0.369037+1.465811j,-0.258288+1.024454j,-0.378405+1.282479j,39.477191
0.371734+1.463617j,-0.255969+1.021045j,-0.379207+1.286191j,39.477864
0.374547+1.461321j,-0.253597+1.017584j,-0.379992+1.289970j,39.478586
0.377478+1.458921j,-0.251172+1.014072j,-0.380756+1.293814j,39.479361
0.380531+1.456412j,-0.248693+1.010509j,-0.381498+1.297725j,39.480192
0.383709+1.453791j,-0.246159+1.006895j,-0.382216+1.301703j,39.481082
0.387016+1.451054j,-0.243569+1.003230j,-0.382908+1.305747j,39.482034
0.390455+1.448198j,-0.240924+0.999514j,-0.383571+1.309860j,39.483052
0.394029+1.445217j,-0.238222+0.995747j,-0.384203+1.314040j,39.484140
0.397740+1.442108j,-0.235462+0.991930j,-0.384801+1.318288j,39.485301
0.401594+1.438866j,-0.232644+0.988063j,-0.385363+1.322606j,39.486541
0.405592+1.435488j,-0.229768+0.984147j,-0.385887+1.326992j,39.487863
0.409738+1.431969j,-0.226832+0.980181j,-0.386369+1.331448j,39.489271
0.414035+1.428303j,-0.223836+0.976166j,-0.386807+1.335973j,39.490772
0.418486+1.424488j,-0.220780+0.972102j,-0.387197+1.340569j,39.492368
0.423094+1.420517j,-0.217663+0.967990j,-0.387536+1.345235j,39.494066
0.427862+1.416386j,-0.214484+0.963831j,-0.387821+1.349972j,39.495871
0.432793+1.412090j,-0.211243+0.959624j,-0.388049+1.354780j,39.497788
0.437889+1.407624j,-0.207939+0.955370j,-0.388216+1.359660j,39.499822
0.443154+1.402983j,-0.204572+0.951070j,-0.388318+1.364612j,39.501981
0.448589+1.398161j,-0.201141+0.946725j,-0.388352+1.369635j,39.504269
0.454197+1.393154j,-0.197646+0.942334j,-0.388313+1.374732j,39.506694
0.459981+1.387955j,-0.194086+0.937900j,-0.388197+1.379901j,39.509262
0.465943+1.382560j,-0.190461+0.933421j,-0.388001+1.385143j,39.511979
0.472084+1.376963j,-0.186771+0.928900j,-0.387718+1.390459j,39.514852
0.478407+1.371157j,-0.183015+0.924338j,-0.387346+1.395848j,39.517890
0.484913+1.365138j,-0.179193+0.919733j,-0.386878+1.401312j,39.521099
0.491604+1.358899j,-0.175304+0.915089j,-0.386310+1.406850j,39.524486
0.498480+1.352435j,-0.171349+0.910406j,-0.385636+1.412464j,39.528060
0.505544+1.345740j,-0.167327+0.905684j,-0.384852+1.418152j,39.531829
0.512795+1.338807j,-0.163238+0.900926j,-0.383950+1.423917j,39.535802
0.520234+1.331631j,-0.159081+0.896131j,-0.382927+1.429757j,39.539985
0.527862+1.324205j,-0.154858+0.891302j,-0.381774+1.435674j,39.544390
0.535679+1.316524j,-0.150567+0.886440j,-0.380487+1.441669j,39.549023
0.543684+1.308581j,-0.146209+0.881545j,-0.379058+1.447740j,39.553895
0.551877+1.300371j,-0.141783+0.876620j,-0.377480+1.453891j,39.559015
0.560257+1.291887j,-0.137291+0.871666j,-0.375748+1.460119j,39.564392
0.568822+1.283122j,-0.132731+0.866684j,-0.373852+1.466428j,39.570036
0.577572+1.274073j,-0.128105+0.861676j,-0.371786+1.472816j,39.575956
0.586499+1.264735j,-0.123415+0.856647j,-0.369543+1.479283j,39.582160
0.595586+1.255122j,-0.118670+0.851606j,-0.367119+1.485818j,39.588646
0.604829+1.245228j,-0.113869+0.846556j,-0.364508+1.492421j,39.595422
0.614225+1.235049j,-0.109014+0.841498j,-0.361700+1.499094j,39.602497
0.623770+1.224583j,-0.104106+0.836435j,-0.358691+1.505836j,39.609878
0.633457+1.213825j,-0.099146+0.831368j,-0.355470+1.512650j,39.617575
0.643283+1.202772j,-0.094135+0.826301j,-0.352031+1.519537j,39.625594
0.653243+1.191422j,-0.089074+0.821234j,-0.348366+1.526497j,39.633945
0.663330+1.179772j,-0.083963+0.816171j,-0.344466+1.533533j,39.642635
0.673540+1.167818j,-0.078805+0.811113j,-0.340322+1.540646j,39.651672
0.683866+1.155558j,-0.073601+0.806064j,-0.335926+1.547839j,39.661064
0.694301+1.142990j,-0.068352+0.801024j,-0.331268+1.555114j,39.670820
0.704841+1.130112j,-0.063058+0.795998j,-0.326341+1.562474j,39.680945
0.715477+1.116921j,-0.057722+0.790987j,-0.321133+1.569923j,39.691449
0.726204+1.103418j,-0.052345+0.785994j,-0.315636+1.577463j,39.702339
0.737014+1.089599j,-0.046929+0.781020j,-0.309839+1.585100j,39.713622
0.747899+1.075463j,-0.041475+0.776070j,-0.303733+1.592838j,39.725306
0.758854+1.061011j,-0.035984+0.771145j,-0.297307+1.600682j,39.737397
0.769870+1.046241j,-0.030460+0.766248j,-0.290550+1.608639j,39.749903
0.780584+1.031644j,-0.025081+0.761538j,-0.283686+1.616452j,39.762404
0.791704+1.016241j,-0.019491+0.756702j,-0.276244+1.624653j,39.775752
0.802516+1.001015j,-0.014048+0.752051j,-0.268687+1.632725j,39.789095
0.813707+0.984986j,-0.008403+0.747288j,-0.260519+1.641198j,39.803307
0.824583+0.969138j,-0.002905+0.742708j,-0.252228+1.649561j,39.817513
0.835815+0.952485j,0.002787+0.738029j,-0.243286+1.658345j,39.832614
0.846729+0.936017j,0.008331+0.733530j,-0.234215+1.667039j,39.847711
0.857974+0.918742j,0.014061+0.728944j,-0.224454+1.676183j,39.863728
0.868897+0.901658j,0.019643+0.724537j,-0.214554+1.685261j,39.879741
0.880130+0.883765j,0.025402+0.720054j,-0.203923+1.694822j,39.896704
0.891036+0.866068j,0.031011+0.715747j,-0.193146+1.704346j,39.913661
0.902231+0.847559j,0.036789+0.711375j,-0.181595+1.714397j,39.931599
0.913096+0.829254j,0.042416+0.707178j,-0.169890+1.724443j,39.949533
0.924233+0.810130j,0.048204+0.702923j,-0.157364+1.735072j,39.968484
0.935036+0.791219j,0.053838+0.698842j,-0.144680+1.745735j,39.987430
0.939688+0.782962j,0.056270+0.697098j,-0.139049+1.750443j,39.995731
0.939688+0.782962j,0.056270+0.697098j,-0.139049+1.750443j,39.995731
0.939688+0.782962j,0.056270+0.697098j,-0.139049+1.750443j,39.995731
0.939688+0.782962j,0.056270+0.697098j,-0.139049+1.750443j,39.995731
0.939688+0.782962j,0.056270+0.697098j,-0.139049+1.750443j,39.995731
0.939689+0.782961j,0.056270+0.697098j,-0.139048+1.750444j,39.995732
0.939691+0.782957j,0.056271+0.697097j,-0.139046+1.750446j,39.995736
0.939701+0.782938j,0.056277+0.697093j,-0.139033+1.750457j,39.995755
0.939748+0.782855j,0.056301+0.697076j,-0.138976+1.750504j,39.995838
0.939956+0.782483j,0.056410+0.696998j,-0.138721+1.750717j,39.996211
0.940894+0.780810j,0.056901+0.696648j,-0.137573+1.751676j,39.997894
0.945082+0.773302j,0.059094+0.695087j,-0.132391+1.755995j,40.005484
0.955941+0.753565j,0.064795+0.691072j,-0.118549+1.767496j,40.025692
0.966471+0.734051j,0.070341+0.687222j,-0.104550+1.779094j,40.045896
0.976685+0.714752j,0.075737+0.683528j,-0.090405+1.790809j,40.066096
0.986597+0.695664j,0.080989+0.679980j,-0.076122+1.802659j,40.086293
0.996220+0.676782j,0.086101+0.676571j,-0.061712+1.814659j,40.106488
1.005565+0.658103j,0.091078+0.673291j,-0.047185+1.826827j,40.126680
1.014644+0.639622j,0.095924+0.670135j,-0.032551+1.839176j,40.146870
1.023465+0.621335j,0.100643+0.667094j,-0.017824+1.851721j,40.167058
1.032038+0.603241j,0.105238+0.664162j,-0.003014+1.864474j,40.187244
1.040372+0.585336j,0.109712+0.661333j,0.011865+1.877448j,40.207429
1.048473+0.567618j,0.114070+0.658601j,0.026801+1.890655j,40.227612
1.056349+0.550083j,0.118314+0.655959j,0.041780+1.904103j,40.247794
1.064007+0.532731j,0.122448+0.653403j,0.056788+1.917803j,40.267975
1.071451+0.515558j,0.126473+0.650927j,0.071811+1.931762j,40.288156
1.077932+0.500354j,0.129983+0.648777j,0.085244+1.944470j,40.306186
1.084251+0.485291j,0.133412+0.646684j,0.098667+1.957395j,40.324216
1.090412+0.470367j,0.136761+0.644644j,0.112068+1.970541j,40.342246
1.096417+0.455582j,0.140032+0.642655j,0.125437+1.983913j,40.360275
1.102270+0.440932j,0.143227+0.640713j,0.138763+1.997512j,40.378304
1.107972+0.426419j,0.146348+0.638816j,0.152036+2.011340j,40.396332
1.113528+0.412039j,0.149398+0.636961j,0.165243+2.025399j,40.414360
1.118939+0.397792j,0.152377+0.635146j,0.178374+2.039688j,40.432388
1.124207+0.383676j,0.155289+0.633367j,0.191418+2.054209j,40.450415
1.129335+0.369691j,0.158134+0.631624j,0.204365+2.068960j,40.468442
1.134324+0.355834j,0.160915+0.629913j,0.217203+2.083940j,40.486469
1.139176+0.342104j,0.163634+0.628234j,0.229922+2.099148j,40.504496
1.143894+0.328500j,0.166292+0.626583j,0.242513+2.114580j,40.522522
1.148479+0.315021j,0.168891+0.624959j,0.254964+2.130234j,40.540547
1.152932+0.301664j,0.171433+0.623360j,0.267266+2.146107j,40.558572
1.157255+0.288429j,0.173919+0.621786j,0.279410+2.162194j,40.576597
1.161449+0.275314j,0.176352+0.620234j,0.291386+2.178491j,40.594622
1.165096+0.263674j,0.178485+0.618862j,0.301958+2.193256j,40.610749
1.168643+0.252127j,0.180578+0.617506j,0.312382+2.208182j,40.626875
1.172090+0.240673j,0.182632+0.616166j,0.322652+2.223264j,40.643001
1.175438+0.229311j,0.184646+0.614839j,0.332763+2.238498j,40.659127
1.178688+0.218039j,0.186624+0.613527j,0.342708+2.253880j,40.675253
1.181841+0.206858j,0.188565+0.612227j,0.352483+2.269405j,40.691377
1.184897+0.195764j,0.190471+0.610940j,0.362083+2.285068j,40.707502
1.187859+0.184758j,0.192342+0.609664j,0.371502+2.300864j,40.723626
1.190727+0.173839j,0.194180+0.608399j,0.380737+2.316788j,40.739749
1.193501+0.163004j,0.195986+0.607144j,0.389783+2.332834j,40.755872
1.196183+0.152254j,0.197760+0.605900j,0.398636+2.348997j,40.771995
1.198773+0.141586j,0.199503+0.604665j,0.407293+2.365270j,40.788117
1.201272+0.131001j,0.201216+0.603439j,0.415750+2.381649j,40.804238
1.203682+0.120496j,0.202900+0.602221j,0.424004+2.398126j,40.820359
1.206003+0.110072j,0.204556+0.601012j,0.432052+2.414697j,40.836479
1.208235+0.099726j,0.206184+0.599811j,0.439891+2.431355j,40.852599
1.210381+0.089458j,0.207785+0.598617j,0.447520+2.448093j,40.868718
1.212440+0.079266j,0.209361+0.597431j,0.454936+2.464906j,40.884836
1.214414+0.069150j,0.210910+0.596251j,0.462137+2.481787j,40.900954
1.216303+0.059109j,0.212436+0.595078j,0.469122+2.498731j,40.917071
1.218108+0.049141j,0.213936+0.593912j,0.475889+2.515730j,40.933187
1.219831+0.039247j,0.215414+0.592751j,0.482439+2.532780j,40.949303
1.221472+0.029424j,0.216868+0.591597j,0.488769+2.549872j,40.965418
1.223032+0.019672j,0.218301+0.590448j,0.494879+2.567002j,40.981532
1.224511+0.009989j,0.219711+0.589305j,0.500770+2.584162j,40.997646
1.225911+0.000376j,0.221100+0.588166j,0.506441+2.601348j,41.013759
1.227233-0.009169j,0.222469+0.587033j,0.511893+2.618552j,41.029871
1.228477-0.018647j,0.223817+0.585905j,0.517125+2.635769j,41.045982
1.229644-0.028059j,0.225145+0.584782j,0.522139+2.652993j,41.062093
1.230735-0.037405j,0.226455+0.583663j,0.526936+2.670218j,41.078203
1.231751-0.046687j,0.227745+0.582549j,0.531517+2.687439j,41.094313
1.232693-0.055905j,0.229017+0.581439j,0.535883+2.704649j,41.110421
1.233562-0.065059j,0.230272+0.580334j,0.540035+2.721843j,41.126529
1.234358-0.074152j,0.231509+0.579232j,0.543976+2.739016j,41.142637
1.235082-0.083183j,0.232728+0.578135j,0.547707+2.756163j,41.158743
1.235736-0.092153j,0.233931+0.577041j,0.551230+2.773278j,41.174849
1.236319-0.101063j,0.235118+0.575951j,0.554548+2.790356j,41.190954
1.236833-0.109913j,0.236289+0.574864j,0.557663+2.807393j,41.207058
1.237279-0.118706j,0.237444+0.573781j,0.560578+2.824383j,41.223162
1.237657-0.127440j,0.238583+0.572702j,0.563295+2.841323j,41.239265
1.237968-0.136117j,0.239708+0.571626j,0.565817+2.858207j,41.255367
1.238213-0.144737j,0.240818+0.570553j,0.568147+2.875032j,41.271469
1.238394-0.153302j,0.241914+0.569484j,0.570288+2.891794j,41.287570
1.238509-0.161811j,0.242996+0.568417j,0.572243+2.908487j,41.303670
1.238561-0.170265j,0.244065+0.567354j,0.574016+2.925110j,41.319769
1.238550-0.178665j,0.245119+0.566294j,0.575609+2.941657j,41.335868
1.238477-0.187012j,0.246161+0.565236j,0.577026+2.958126j,41.351966
1.238343-0.195305j,0.247190+0.564182j,0.578271+2.974513j,41.368064
1.238148-0.203546j,0.248206+0.563130j,0.579347+2.990815j,41.384161
1.237884-0.212017j,0.249244+0.562045j,0.580286+3.007588j,41.400815
1.237556-0.220434j,0.250270+0.560962j,0.581052+3.024264j,41.417468
1.237166-0.228796j,0.251282+0.559883j,0.581649+3.040839j,41.434120
1.236714-0.237104j,0.252283+0.558806j,0.582081+3.057312j,41.450772
1.236201-0.245358j,0.253271+0.557732j,0.582353+3.073679j,41.467423
1.235608-0.253844j,0.254281+0.556623j,0.582468+3.090500j,41.484653
1.234950-0.262273j,0.255278+0.555518j,0.582421+3.107204j,41.501882
1.234231-0.270648j,0.256263+0.554415j,0.582215+3.123787j,41.519110
1.233450-0.278967j,0.257236+0.553314j,0.581855+3.140248j,41.536338
1.232607-0.287232j,0.258197+0.552217j,0.581346+3.156585j,41.553565
1.231666-0.295787j,0.259187+0.551076j,0.580660+3.173473j,41.571517
1.230660-0.304285j,0.260164+0.549937j,0.579823+3.190223j,41.589468
1.229591-0.312725j,0.261129+0.548802j,0.578838+3.206833j,41.607418
1.228460-0.321108j,0.262083+0.547669j,0.577711+3.223302j,41.625367
1.227219-0.329758j,0.263061+0.546495j,0.576394+3.240260j,41.644016
1.225913-0.338348j,0.264028+0.545324j,0.574935+3.257062j,41.662664
1.224542-0.346878j,0.264982+0.544155j,0.573338+3.273709j,41.681311
1.223107-0.355349j,0.265924+0.542989j,0.571609+3.290199j,41.699957
1.221543-0.364128j,0.266896+0.541775j,0.569669+3.307241j,41.719420
1.219912-0.372844j,0.267856+0.540564j,0.567597+3.324112j,41.738881
1.218215-0.381498j,0.268803+0.539356j,0.565399+3.340810j,41.758342
1.216388-0.390396j,0.269772+0.538107j,0.562993+3.357924j,41.778500
1.214493-0.399228j,0.270729+0.536861j,0.560464+3.374853j,41.798658
1.212530-0.407995j,0.271674+0.535618j,0.557818+3.391598j,41.818814
1.210421-0.417031j,0.272643+0.534331j,0.554950+3.408791j,41.839746
1.208241-0.425997j,0.273599+0.533046j,0.551969+3.425787j,41.860678
1.205992-0.434895j,0.274544+0.531764j,0.548878+3.442586j,41.881608
1.203578-0.444085j,0.275514+0.530433j,0.545553+3.459865j,41.903398
1.201092-0.453203j,0.276472+0.529105j,0.542122+3.476933j,41.925187
1.198534-0.462248j,0.277417+0.527780j,0.538594+3.493791j,41.946974
1.195790-0.471609j,0.278391+0.526401j,0.534814+3.511160j,41.969709
1.192971-0.480894j,0.279352+0.525025j,0.530941+3.528305j,41.992444
1.190078-0.490101j,0.280300+0.523653j,0.526980+3.545227j,42.015177
1.186976-0.499649j,0.281279+0.522221j,0.522751+3.562690j,42.038953
1.183796-0.509114j,0.282245+0.520792j,0.518441+3.579914j,42.062728
1.180539-0.518498j,0.283198+0.519367j,0.514056+3.596904j,42.086502
1.177046-0.528245j,0.284183+0.517877j,0.509386+3.614461j,42.111421
1.173472-0.537905j,0.285155+0.516391j,0.504647+3.631767j,42.136338
1.169820-0.547477j,0.286114+0.514908j,0.499846+3.648825j,42.161255
1.165900-0.557436j,0.287107+0.513355j,0.494744+3.666478j,42.187426
1.161897-0.567301j,0.288086+0.511805j,0.489587+3.683866j,42.213596
1.157669-0.577407j,0.289085+0.510206j,0.484202+3.701581j,42.240671
1.153356-0.587414j,0.290070+0.508611j,0.478773+3.719021j,42.267745
1.148801-0.597672j,0.291076+0.506964j,0.473111+3.736799j,42.295783
1.144158-0.607825j,0.292067+0.505321j,0.467416+3.754294j,42.323820
1.139255-0.618237j,0.293080+0.503623j,0.461485+3.772133j,42.352881
1.134262-0.628539j,0.294078+0.501929j,0.455532+3.789681j,42.381940
1.128989-0.639108j,0.295098+0.500176j,0.449341+3.807581j,42.412086
1.123624-0.649560j,0.296103+0.498429j,0.443141+3.825180j,42.442229
1.117959-0.660288j,0.297132+0.496619j,0.436701+3.843139j,42.473525
1.112198-0.670890j,0.298144+0.494815j,0.430264+3.860788j,42.504818
1.106116-0.681775j,0.299181+0.492946j,0.423587+3.878803j,42.537332
1.099935-0.692528j,0.300202+0.491082j,0.416928+3.896500j,42.569845
1.093409-0.703569j,0.301247+0.489150j,0.410028+3.914570j,42.603650
1.086784-0.714469j,0.302276+0.487223j,0.403161+3.932312j,42.637454
1.079787-0.725663j,0.303330+0.485225j,0.396056+3.950433j,42.672628
1.072688-0.736708j,0.304368+0.483232j,0.388998+3.968218j,42.707800
1.065192-0.748051j,0.305432+0.481164j,0.381707+3.986388j,42.744422
1.057591-0.759235j,0.306478+0.479102j,0.374479+4.004212j,42.781043
1.049564-0.770719j,0.307551+0.476960j,0.367022+4.022426j,42.819199
1.041431-0.782035j,0.308607+0.474826j,0.359646+4.040287j,42.857354
1.032841-0.793654j,0.309690+0.472607j,0.352049+4.058542j,42.897135
1.024144-0.805093j,0.310755+0.470396j,0.344551+4.076434j,42.936914
1.014958-0.816836j,0.311848+0.468097j,0.336841+4.094725j,42.978416
1.005662-0.828386j,0.312923+0.465806j,0.329251+4.112644j,43.019916
0.995844-0.840241j,0.314027+0.463422j,0.321460+4.130966j,43.063241
0.985915-0.851890j,0.315111+0.461047j,0.313810+4.148907j,43.106565
0.975426-0.863842j,0.316225+0.458574j,0.305974+4.167254j,43.151826
0.964825-0.875574j,0.317320+0.456110j,0.298301+4.185210j,43.197085
0.953625-0.887607j,0.318446+0.453544j,0.290459+4.203577j,43.244406
0.942311-0.899406j,0.319551+0.450987j,0.282805+4.221542j,43.291724
0.930354-0.911504j,0.320688+0.448321j,0.275002+4.239923j,43.341245
0.918282-0.923350j,0.321805+0.445666j,0.267414+4.257889j,43.390762
0.905517-0.935495j,0.322955+0.442894j,0.259698+4.276279j,43.442647
0.892636-0.947370j,0.324084+0.440134j,0.252226+4.294239j,43.494530
0.879001-0.959546j,0.325248+0.437249j,0.244651+4.312635j,43.548983
0.865250-0.971432j,0.326391+0.434375j,0.237353+4.330581j,43.603434
0.850668-0.983627j,0.327572+0.431365j,0.229976+4.348984j,43.660717
0.835971-0.995509j,0.328731+0.428367j,0.222911+4.366911j,43.717997
0.820342-1.007715j,0.329932+0.425217j,0.215795+4.385326j,43.778461
0.804598-1.019582j,0.331111+0.422080j,0.209031+4.403231j,43.838921
0.787788-1.031801j,0.332338+0.418769j,0.202244+4.421665j,43.903034
0.770865-1.043648j,0.333541+0.415473j,0.195854+4.439539j,43.967143
0.752713-1.055873j,0.334800+0.411976j,0.189479+4.457978j,44.035471
0.734448-1.067689j,0.336035+0.408496j,0.183549+4.475792j,44.103794
0.714847-1.079853j,0.337327+0.404801j,0.177708+4.494108j,44.176696
0.695134-1.091567j,0.338594+0.401124j,0.172357+4.511714j,44.249592
0.674315-1.103397j,0.339899+0.397279j,0.167251+4.529442j,44.326173
0.653392-1.114745j,0.341180+0.393453j,0.162653+4.546379j,44.402746
0.632373-1.125622j,0.342437+0.389646j,0.158541+4.562522j,44.479312
0.611265-1.136033j,0.343671+0.385856j,0.154887+4.577867j,44.555870
0.590075-1.145986j,0.344883+0.382083j,0.151659+4.592411j,44.632420
0.568810-1.155488j,0.346074+0.378326j,0.148822+4.606154j,44.708962
0.547476-1.164545j,0.347245+0.374586j,0.146341+4.619101j,44.785496
0.526079-1.173164j,0.348397+0.370861j,0.144175+4.631256j,44.862023
0.503776-1.181663j,0.349575+0.367004j,0.142214+4.643064j,44.941566
0.481415-1.189700j,0.350733+0.363163j,0.140507+4.654046j,45.021102
0.458106-1.197573j,0.351918+0.359183j,0.138954+4.664613j,45.103816
0.434747-1.204957j,0.353083+0.355219j,0.137582+4.674338j,45.186522
0.409898-1.212267j,0.354299+0.351026j,0.136276+4.683776j,45.274329
0.384021-1.219292j,0.355541+0.346684j,0.135035+4.692664j,45.365607
0.356870-1.226031j,0.356819+0.342152j,0.133817+4.701021j,45.461225
0.328137-1.232468j,0.358144+0.337380j,0.132572+4.708854j,45.562282
0.297384-1.238579j,0.359531+0.332297j,0.131246+4.716173j,45.670339
0.265118-1.244135j,0.360955+0.326988j,0.129819+4.722762j,45.783636
0.232845-1.248826j,0.362348+0.321698j,0.128322+4.728331j,45.896921
0.200582-1.252658j,0.363709+0.316427j,0.126734+4.732964j,46.010194
0.168344-1.255637j,0.365040+0.311173j,0.125038+4.736739j,46.123456
0.136148-1.257768j,0.366340+0.305936j,0.123227+4.739728j,46.236709
0.104010-1.259055j,0.367610+0.300715j,0.121297+4.741996j,46.349953
0.071948-1.259505j,0.368849+0.295508j,0.119246+4.743601j,46.463190
0.039978-1.259121j,0.370059+0.290316j,0.117079+4.744597j,46.576419
0.008119-1.257911j,0.371239+0.285138j,0.114798+4.745031j,46.689642
-0.023613-1.255878j,0.372388+0.279973j,0.112409+4.744945j,46.802860
-0.055199-1.253030j,0.373508+0.274821j,0.109917+4.744378j,46.916072
-0.086622-1.249371j,0.374599+0.269681j,0.107329+4.743365j,47.029280
-0.117864-1.244909j,0.375659+0.264553j,0.104651+4.741937j,47.142483
-0.148906-1.239650j,0.376690+0.259436j,0.101890+4.740123j,47.255682
-0.179730-1.233601j,0.377691+0.254331j,0.099052+4.737947j,47.368878
-0.210319-1.226770j,0.378662+0.249236j,0.096143+4.735435j,47.482071
-0.240655-1.219165j,0.379603+0.244151j,0.093169+4.732606j,47.595261
-0.270719-1.210793j,0.380515+0.239077j,0.090136+4.729481j,47.708448
-0.300495-1.201664j,0.381397+0.234012j,0.087049+4.726076j,47.821633
-0.329963-1.191786j,0.382249+0.228957j,0.083914+4.722410j,47.934816
-0.359108-1.181169j,0.383071+0.223911j,0.080733+4.718495j,48.047997
-0.387910-1.169823j,0.383864+0.218874j,0.077513+4.714346j,48.161176
-0.416354-1.157757j,0.384626+0.213845j,0.074258+4.709977j,48.274353
-0.444422-1.144983j,0.385359+0.208826j,0.070970+4.705397j,48.387529
-0.472097-1.131512j,0.386062+0.203815j,0.067653+4.700620j,48.500704
-0.499364-1.117355j,0.386734+0.198812j,0.064312+4.695653j,48.613878
-0.526204-1.102523j,0.387377+0.193816j,0.060947+4.690508j,48.727050
-0.552604-1.087030j,0.387990+0.188829j,0.057564+4.685192j,48.840222
-0.578546-1.070888j,0.388572+0.183850j,0.054163+4.679713j,48.953393
-0.604016-1.054109j,0.389124+0.178877j,0.050748+4.674080j,49.066563
-0.628998-1.036707j,0.389646+0.173912j,0.047320+4.668300j,49.179732
-0.653477-1.018697j,0.390138+0.168955j,0.043882+4.662378j,49.292901
-0.677440-1.000091j,0.390599+0.164004j,0.040435+4.656321j,49.406069
-0.700871-0.980904j,0.391030+0.159060j,0.036981+4.650135j,49.519238
-0.723758-0.961152j,0.391431+0.154123j,0.033522+4.643826j,49.632405
-0.746086-0.940849j,0.391801+0.149192j,0.030059+4.637398j,49.745573
-0.767843-0.920011j,0.392140+0.144268j,0.026593+4.630857j,49.858740
-0.789016-0.898654j,0.392449+0.139350j,0.023126+4.624206j,49.971907
