0.109612-0.323765j,-0.154119-0.719119j,-0.154119-0.719119j,0.000000
0.109612-0.323765j,-0.154119-0.719114j,-0.154119-0.719124j,0.000000
0.109612-0.323765j,-0.154119-0.719118j,-0.154119-0.719120j,0.000000
0.109612-0.323765j,-0.154118-0.719147j,-0.154119-0.719091j,0.000000
0.109612-0.323765j,-0.154118-0.719147j,-0.154119-0.719091j,0.000000
0.109612-0.323765j,-0.154118-0.719147j,-0.154119-0.719091j,0.000000
0.109612-0.323765j,-0.154118-0.719147j,-0.154119-0.719091j,0.000000
0.109612-0.323765j,-0.154118-0.719148j,-0.154119-0.719090j,0.000000
0.109612-0.323765j,-0.154118-0.719148j,-0.154119-0.719090j,0.000000
0.109612-0.323765j,-0.154118-0.719148j,-0.154119-0.719090j,0.000000
0.109612-0.323765j,-0.154118-0.719148j,-0.154119-0.719090j,0.000000
0.109612-0.323765j,-0.154118-0.719148j,-0.154119-0.719090j,0.000000
0.109612-0.323765j,-0.154118-0.719148j,-0.154119-0.719090j,0.000000
0.109612-0.323765j,-0.154118-0.719148j,-0.154119-0.719090j,0.000000
0.109612-0.323765j,-0.154118-0.719148j,-0.154119-0.719090j,0.000000
0.109612-0.323765j,-0.154118-0.719149j,-0.154119-0.719089j,0.000000
0.109612-0.323765j,-0.154118-0.719149j,-0.154119-0.719089j,0.000000
0.109612-0.323765j,-0.154118-0.719149j,-0.154119-0.719089j,0.000000
0.109612-0.323765j,-0.154118-0.719149j,-0.154119-0.719089j,0.000000
0.109612-0.323765j,-0.154118-0.719149j,-0.154119-0.719089j,0.000000
0.109612-0.323765j,-0.154118-0.719149j,-0.154119-0.719089j,0.000000
0.109612-0.323765j,-0.154118-0.719149j,-0.154119-0.719089j,0.000000
0.109612-0.323765j,-0.154118-0.719149j,-0.154119-0.719089j,0.000000
0.109612-0.323765j,-0.154118-0.719150j,-0.154119-0.719088j,0.000000
0.109612-0.323765j,-0.154118-0.719150j,-0.154119-0.719088j,0.000000
0.109612-0.323765j,-0.154118-0.719150j,-0.154119-0.719088j,0.000000
0.109612-0.323765j,-0.154118-0.719150j,-0.154119-0.719088j,0.000000
0.109612-0.323765j,-0.154118-0.719150j,-0.154119-0.719088j,0.000000
0.109612-0.323765j,-0.154118-0.719150j,-0.154119-0.719088j,0.000000
0.109612-0.323765j,-0.154118-0.719150j,-0.154119-0.719088j,0.000000
0.109612-0.323765j,-0.154118-0.719150j,-0.154119-0.719088j,0.000000
0.109612-0.323765j,-0.154118-0.719150j,-0.154119-0.719088j,0.000000
0.109612-0.323765j,-0.154118-0.719151j,-0.154119-0.719087j,0.000000
0.109612-0.323765j,-0.154118-0.719151j,-0.154119-0.719087j,0.000000
0.109612-0.323765j,-0.154118-0.719151j,-0.154119-0.719087j,0.000000
0.109612-0.323765j,-0.154118-0.719151j,-0.154119-0.719087j,0.000000
0.109612-0.323765j,-0.154118-0.719151j,-0.154119-0.719087j,0.000000
0.109612-0.323765j,-0.154118-0.719151j,-0.154119-0.719087j,0.000000
0.109612-0.323765j,-0.154118-0.719151j,-0.154119-0.719087j,0.000000
0.109612-0.323765j,-0.154118-0.719151j,-0.154119-0.719087j,0.000000
0.109612-0.323765j,-0.154118-0.719151j,-0.154119-0.719087j,0.000000
0.109612-0.323765j,-0.154118-0.719151j,-0.154119-0.719087j,0.000000
0.109612-0.323765j,-0.154118-0.719152j,-0.154119-0.719086j,0.000000
0.109612-0.323765j,-0.154118-0.719152j,-0.154119-0.719086j,0.000000
0.109612-0.323765j,-0.154118-0.719152j,-0.154119-0.719086j,0.000000
0.109612-0.323765j,-0.154118-0.719152j,-0.154119-0.719086j,0.000000
0.109612-0.323765j,-0.154118-0.719152j,-0.154119-0.719086j,0.000000
0.109612-0.323765j,-0.154118-0.719152j,-0.154119-0.719086j,0.000000
0.109612-0.323765j,-0.154118-0.719152j,-0.154119-0.719086j,0.000000
0.109612-0.323765j,-0.154118-0.719152j,-0.154119-0.719086j,0.000000
0.109612-0.323765j,-0.154118-0.719152j,-0.154119-0.719086j,0.000000
0.109612-0.323765j,-0.154118-0.719152j,-0.154119-0.719086j,0.000000
0.109612-0.323765j,-0.154118-0.719135j,-0.154119-0.719103j,0.000000
0.109612-0.323765j,-0.154118-0.719136j,-0.154119-0.719102j,0.000000
0.109612-0.323765j,-0.154118-0.719137j,-0.154119-0.719101j,0.000000
0.109612-0.323765j,-0.154118-0.719138j,-0.154119-0.719101j,0.000000
0.109612-0.323765j,-0.154118-0.719138j,-0.154119-0.719100j,0.000000
0.109612-0.323765j,-0.154118-0.719139j,-0.154119-0.719099j,0.000000
0.109612-0.323765j,-0.154118-0.719139j,-0.154119-0.719099j,0.000000
0.109612-0.323765j,-0.154118-0.719140j,-0.154119-0.719098j,0.000000
0.109612-0.323765j,-0.154118-0.719140j,-0.154119-0.719098j,0.000000
0.109612-0.323765j,-0.154118-0.719141j,-0.154119-0.719097j,0.000000
0.109612-0.323765j,-0.154118-0.719141j,-0.154119-0.719097j,0.000000
0.109612-0.323765j,-0.154118-0.719142j,-0.154119-0.719096j,0.000000
0.109612-0.323765j,-0.154118-0.719142j,-0.154119-0.719096j,0.000000
0.109612-0.323765j,-0.154118-0.719142j,-0.154119-0.719096j,0.000000
0.109612-0.323765j,-0.154118-0.719143j,-0.154119-0.719095j,0.000000
0.109612-0.323765j,-0.154118-0.719143j,-0.154119-0.719095j,0.000000
0.109612-0.323765j,-0.154118-0.719144j,-0.154119-0.719094j,0.000000
0.109612-0.323765j,-0.154118-0.719144j,-0.154119-0.719094j,0.000000
0.109612-0.323765j,-0.154118-0.719144j,-0.154119-0.719094j,0.000000
0.109612-0.323765j,-0.154118-0.719145j,-0.154119-0.719093j,0.000000
0.109612-0.323765j,-0.154118-0.719145j,-0.154119-0.719093j,0.000000
0.109612-0.323765j,-0.154118-0.719145j,-0.154119-0.719093j,0.000000
0.109612-0.323765j,-0.154118-0.719146j,-0.154119-0.719093j,0.000000
0.109612-0.323765j,-0.154118-0.719146j,-0.154119-0.719092j,0.000000
0.109612-0.323765j,-0.154118-0.719146j,-0.154119-0.719092j,0.000000
0.109612-0.323765j,-0.154118-0.719146j,-0.154119-0.719092j,0.000000
0.109612-0.323765j,-0.154118-0.719147j,-0.154119-0.719091j,0.000000
0.109612-0.323765j,-0.154118-0.719147j,-0.154119-0.719091j,0.000000
0.109612-0.323765j,-0.154118-0.719147j,-0.154119-0.719091j,0.000000
0.109612-0.323765j,-0.154118-0.719148j,-0.154119-0.719091j,0.000000
0.109612-0.323765j,-0.154118-0.719148j,-0.154119-0.719090j,0.000000
0.109612-0.323765j,-0.154118-0.719148j,-0.154119-0.719090j,0.000000
0.109612-0.323765j,-0.154118-0.719148j,-0.154119-0.719090j,0.000000
0.109612-0.323765j,-0.154118-0.719149j,-0.154119-0.719089j,0.000000
0.109612-0.323765j,-0.154118-0.719149j,-0.154119-0.719089j,0.000000
0.109612-0.323765j,-0.154118-0.719149j,-0.154119-0.719089j,0.000000
0.109612-0.323765j,-0.154118-0.719149j,-0.154119-0.719089j,0.000000
0.109612-0.323765j,-0.154118-0.719149j,-0.154119-0.719089j,0.000000
0.109612-0.323765j,-0.154118-0.719150j,-0.154119-0.719088j,0.000000
0.109612-0.323765j,-0.154118-0.719150j,-0.154119-0.719088j,0.000000
0.109612-0.323765j,-0.154118-0.719150j,-0.154119-0.719088j,0.000000
0.109612-0.323765j,-0.154118-0.719150j,-0.154119-0.719088j,0.000000
0.109612-0.323765j,-0.154118-0.719151j,-0.154119-0.719087j,0.000000
0.109612-0.323765j,-0.154118-0.719151j,-0.154119-0.719087j,0.000000
0.109612-0.323765j,-0.154118-0.719151j,-0.154119-0.719087j,0.000000
0.109612-0.323765j,-0.154118-0.719151j,-0.154119-0.719087j,0.000000
0.109612-0.323765j,-0.154118-0.719151j,-0.154119-0.719087j,0.000000
0.109612-0.323765j,-0.154118-0.719152j,-0.154119-0.719086j,0.000000
0.109612-0.323765j,-0.154118-0.719152j,-0.154119-0.719086j,0.000000
0.109612-0.323765j,-0.154118-0.719152j,-0.154119-0.719086j,0.000000
0.109612-0.323765j,-0.154118-0.719152j,-0.154119-0.719086j,0.000000
0.109612-0.323765j,-0.154118-0.719153j,-0.154119-0.719085j,0.000000
0.109612-0.323765j,-0.154118-0.719153j,-0.154119-0.719085j,0.000000
0.109612-0.323765j,-0.154118-0.719153j,-0.154119-0.719085j,0.000000
0.109612-0.323765j,-0.154118-0.719154j,-0.154119-0.719084j,0.000000
0.109612-0.323765j,-0.154118-0.719154j,-0.154119-0.719084j,0.000000
0.109612-0.323765j,-0.154118-0.719154j,-0.154119-0.719084j,0.000000
0.109612-0.323765j,-0.154118-0.719155j,-0.154119-0.719083j,0.000000
0.109612-0.323765j,-0.154118-0.719155j,-0.154119-0.719083j,0.000000
0.109612-0.323765j,-0.154118-0.719155j,-0.154119-0.719083j,0.000000
0.109612-0.323765j,-0.154118-0.719156j,-0.154119-0.719082j,0.000000
0.109612-0.323765j,-0.154118-0.719156j,-0.154119-0.719082j,0.000000
0.109612-0.323765j,-0.154118-0.719156j,-0.154119-0.719082j,0.000000
0.109612-0.323765j,-0.154118-0.719157j,-0.154119-0.719081j,0.000000
0.109612-0.323765j,-0.154118-0.719157j,-0.154119-0.719081j,0.000000
0.109612-0.323765j,-0.154118-0.719157j,-0.154119-0.719081j,0.000000
0.109612-0.323765j,-0.154118-0.719158j,-0.154119-0.719080j,0.000000
0.109612-0.323765j,-0.154118-0.719158j,-0.154119-0.719080j,0.000000
0.109612-0.323765j,-0.154118-0.719158j,-0.154119-0.719080j,0.000000
0.109612-0.323765j,-0.154118-0.719158j,-0.154119-0.719080j,0.000000
0.109612-0.323765j,-0.154118-0.719159j,-0.154119-0.719079j,0.000000
0.109612-0.323765j,-0.154118-0.719159j,-0.154119-0.719079j,0.000000
0.109612-0.323765j,-0.154118-0.719159j,-0.154119-0.719079j,0.000000
0.109612-0.323765j,-0.154118-0.719160j,-0.154119-0.719079j,0.000000
0.109612-0.323765j,-0.154118-0.719160j,-0.154119-0.719078j,0.000000
0.109612-0.323765j,-0.154118-0.719160j,-0.154119-0.719078j,0.000000
0.109612-0.323765j,-0.154118-0.719160j,-0.154119-0.719078j,0.000000
0.109612-0.323765j,-0.154118-0.719161j,-0.154119-0.719077j,0.000000
0.109612-0.323765j,-0.154118-0.719161j,-0.154119-0.719077j,0.000000
0.109612-0.323765j,-0.154118-0.719161j,-0.154119-0.719077j,0.000000
0.109612-0.323765j,-0.154118-0.719161j,-0.154119-0.719077j,0.000000
0.109612-0.323765j,-0.154118-0.719162j,-0.154119-0.719077j,0.000000
0.109612-0.323765j,-0.154118-0.719162j,-0.154119-0.719076j,0.000000
0.109612-0.323765j,-0.154118-0.719162j,-0.154119-0.719076j,0.000000
0.109612-0.323765j,-0.154118-0.719162j,-0.154119-0.719076j,0.000000
0.109612-0.323765j,-0.154118-0.719162j,-0.154119-0.719076j,0.000000
0.109612-0.323765j,-0.154118-0.719163j,-0.154119-0.719075j,0.000000
0.109612-0.323765j,-0.154118-0.719163j,-0.154119-0.719075j,0.000000
0.109612-0.323765j,-0.154118-0.719163j,-0.154119-0.719075j,0.000000
0.109612-0.323765j,-0.154118-0.719163j,-0.154119-0.719075j,0.000000
0.109612-0.323765j,-0.154118-0.719164j,-0.154119-0.719074j,0.000000
0.109612-0.323765j,-0.154118-0.719164j,-0.154119-0.719074j,0.000000
0.109612-0.323765j,-0.154118-0.719164j,-0.154119-0.719074j,0.000000
0.109612-0.323765j,-0.154118-0.719164j,-0.154119-0.719074j,0.000000
0.109612-0.323765j,-0.154118-0.719164j,-0.154119-0.719074j,0.000000
0.109612-0.323765j,-0.154118-0.719165j,-0.154119-0.719073j,0.000000
0.109612-0.323765j,-0.154118-0.719165j,-0.154119-0.719073j,0.000000
0.109612-0.323765j,-0.154118-0.719165j,-0.154119-0.719073j,0.000000
0.109612-0.323765j,-0.154118-0.719165j,-0.154119-0.719073j,0.000000
0.109612-0.323765j,-0.154118-0.719165j,-0.154119-0.719073j,0.000000
0.109612-0.323765j,-0.154118-0.719166j,-0.154119-0.719072j,0.000000
0.109612-0.323765j,-0.154118-0.719166j,-0.154119-0.719072j,0.000000
0.109612-0.323765j,-0.154118-0.719166j,-0.154119-0.719072j,0.000000
0.109612-0.323765j,-0.154118-0.719166j,-0.154119-0.719072j,0.000000
0.109612-0.323765j,-0.154118-0.719167j,-0.154119-0.719071j,0.000000
0.109612-0.323765j,-0.154118-0.719167j,-0.154119-0.719071j,0.000000
0.109612-0.323765j,-0.154118-0.719167j,-0.154119-0.719071j,0.000000
0.109612-0.323765j,-0.154118-0.719167j,-0.154119-0.719071j,0.000000
0.109612-0.323765j,-0.154118-0.719168j,-0.154119-0.719070j,0.000000
0.109612-0.323765j,-0.154118-0.719168j,-0.154119-0.719070j,0.000000
0.109612-0.323765j,-0.154118-0.719168j,-0.154119-0.719070j,0.000000
0.109612-0.323765j,-0.154118-0.719168j,-0.154119-0.719070j,0.000000
0.109612-0.323765j,-0.154118-0.719168j,-0.154119-0.719070j,0.000000
0.109612-0.323765j,-0.154118-0.719169j,-0.154119-0.719069j,0.000000
0.109612-0.323765j,-0.154118-0.719169j,-0.154119-0.719069j,0.000000
0.109612-0.323765j,-0.154118-0.719169j,-0.154119-0.719069j,0.000000
0.109612-0.323765j,-0.154118-0.719169j,-0.154119-0.719069j,0.000000
0.109612-0.323765j,-0.154118-0.719170j,-0.154119-0.719069j,0.000000
0.109612-0.323765j,-0.154118-0.719170j,-0.154119-0.719068j,0.000000
0.109612-0.323765j,-0.154118-0.719170j,-0.154119-0.719068j,0.000000
0.109612-0.323765j,-0.154118-0.719170j,-0.154119-0.719068j,0.000000
0.109612-0.323765j,-0.154118-0.719170j,-0.154119-0.719068j,0.000000
0.109612-0.323765j,-0.154118-0.719171j,-0.154119-0.719067j,0.000000
0.109612-0.323765j,-0.154118-0.719171j,-0.154119-0.719067j,0.000000
0.109612-0.323765j,-0.154118-0.719171j,-0.154119-0.719067j,0.000000
0.109612-0.323765j,-0.154118-0.719171j,-0.154119-0.719067j,0.000000
0.109612-0.323765j,-0.154118-0.719171j,-0.154119-0.719067j,0.000000
0.109612-0.323765j,-0.154118-0.719172j,-0.154119-0.719066j,0.000000
0.109612-0.323765j,-0.154118-0.719172j,-0.154119-0.719066j,0.000000
0.109612-0.323765j,-0.154118-0.719172j,-0.154119-0.719066j,0.000000
0.109612-0.323765j,-0.154118-0.719172j,-0.154119-0.719066j,0.000000
0.109612-0.323765j,-0.154118-0.719172j,-0.154119-0.719066j,0.000000
0.109612-0.323765j,-0.154118-0.719173j,-0.154119-0.719066j,0.000000
0.109612-0.323765j,-0.154118-0.719173j,-0.154119-0.719065j,0.000000
0.109612-0.323765j,-0.154118-0.719173j,-0.154119-0.719065j,0.000000
0.109612-0.323765j,-0.154118-0.719173j,-0.154119-0.719065j,0.000000
0.109612-0.323765j,-0.154118-0.719173j,-0.154119-0.719065j,0.000000
0.109612-0.323765j,-0.154118-0.719173j,-0.154119-0.719065j,0.000000
0.109612-0.323765j,-0.154118-0.719174j,-0.154119-0.719064j,0.000000
0.109612-0.323765j,-0.154118-0.719174j,-0.154119-0.719064j,0.000000
0.109612-0.323765j,-0.154118-0.719174j,-0.154119-0.719064j,0.000000
0.109612-0.323765j,-0.154118-0.719174j,-0.154119-0.719064j,0.000000
0.109612-0.323765j,-0.154118-0.719174j,-0.154119-0.719064j,0.000000
0.109612-0.323765j,-0.154118-0.719175j,-0.154119-0.719064j,0.000000
0.109612-0.323765j,-0.154118-0.719175j,-0.154119-0.719063j,0.000000
0.109612-0.323765j,-0.154118-0.719175j,-0.154119-0.719063j,0.000000
0.109612-0.323765j,-0.154118-0.719175j,-0.154119-0.719063j,0.000000
0.109612-0.323765j,-0.154118-0.719175j,-0.154119-0.719063j,0.000000
0.109612-0.323765j,-0.154118-0.719175j,-0.154119-0.719063j,0.000000
0.109612-0.323765j,-0.154118-0.719176j,-0.154119-0.719062j,0.000000
0.109612-0.323765j,-0.154118-0.719176j,-0.154119-0.719062j,0.000000
0.109612-0.323765j,-0.154118-0.719185j,-0.154119-0.719053j,0.000000
0.109612-0.323765j,-0.154118-0.719192j,-0.154119-0.719046j,0.000000
0.109612-0.323765j,-0.154118-0.719201j,-0.154119-0.719038j,0.000000
0.109612-0.323765j,-0.154118-0.719210j,-0.154120-0.719028j,0.000000
0.109612-0.323765j,-0.154118-0.719220j,-0.154120-0.719018j,0.000000
0.109612-0.323765j,-0.154118-0.719231j,-0.154120-0.719007j,0.000000
0.109612-0.323765j,-0.154117-0.719243j,-0.154120-0.718995j,0.000000
0.109612-0.323765j,-0.154117-0.719257j,-0.154120-0.718981j,0.000000
0.109612-0.323765j,-0.154117-0.719271j,-0.154120-0.718967j,0.000000
0.109612-0.323765j,-0.154117-0.719287j,-0.154120-0.718951j,0.000000
0.109612-0.323765j,-0.154117-0.719304j,-0.154121-0.718934j,0.000000
0.109612-0.323765j,-0.154117-0.719323j,-0.154121-0.718915j,0.000000
0.109612-0.323765j,-0.154116-0.719343j,-0.154121-0.718895j,0.000000
0.109612-0.323765j,-0.154116-0.719365j,-0.154121-0.718873j,0.000000
0.109612-0.323765j,-0.154116-0.719389j,-0.154121-0.718849j,0.000000
0.109612-0.323765j,-0.154116-0.719415j,-0.154122-0.718823j,0.000000
0.109612-0.323765j,-0.154116-0.719443j,-0.154122-0.718795j,0.000000
0.109612-0.323765j,-0.154115-0.719473j,-0.154122-0.718765j,0.000000
0.109612-0.323765j,-0.154115-0.719505j,-0.154123-0.718733j,0.000000
0.109612-0.323765j,-0.154115-0.719540j,-0.154123-0.718698j,0.000000
0.109612-0.323765j,-0.154114-0.719578j,-0.154124-0.718661j,0.000000
0.109612-0.323765j,-0.154114-0.719618j,-0.154124-0.718620j,0.000000
0.109612-0.323765j,-0.154114-0.719661j,-0.154125-0.718577j,0.000000
0.109612-0.323765j,-0.154113-0.719708j,-0.154125-0.718531j,0.000000
0.109612-0.323766j,-0.154113-0.719758j,-0.154126-0.718481j,0.000000
0.109611-0.323766j,-0.154112-0.719811j,-0.154126-0.718428j,0.000000
0.109611-0.323766j,-0.154112-0.719868j,-0.154127-0.718371j,0.000000
0.109611-0.323766j,-0.154111-0.719929j,-0.154128-0.718310j,0.000000
0.109611-0.323766j,-0.154111-0.719994j,-0.154129-0.718246j,0.000000
0.109611-0.323766j,-0.154110-0.720064j,-0.154129-0.718176j,0.000000
0.109611-0.323766j,-0.154110-0.720138j,-0.154130-0.718103j,0.000000
0.109610-0.323766j,-0.154109-0.720217j,-0.154131-0.718024j,0.000000
0.109610-0.323766j,-0.154109-0.720301j,-0.154133-0.717940j,0.000000
0.109610-0.323766j,-0.154108-0.720390j,-0.154134-0.717851j,0.000000
0.109609-0.323766j,-0.154108-0.720485j,-0.154135-0.717757j,0.000000
0.109609-0.323766j,-0.154107-0.720586j,-0.154137-0.717657j,0.000000
0.109608-0.323767j,-0.154106-0.720694j,-0.154138-0.717550j,0.000000
0.109608-0.323767j,-0.154106-0.720807j,-0.154140-0.717437j,0.000000
0.109607-0.323767j,-0.154105-0.720928j,-0.154142-0.717317j,0.000000
0.109607-0.323767j,-0.154105-0.721056j,-0.154144-0.717191j,0.000000
0.109606-0.323767j,-0.154104-0.721191j,-0.154146-0.717057j,0.000000
0.109605-0.323768j,-0.154103-0.721334j,-0.154148-0.716915j,0.000000
0.109604-0.323768j,-0.154103-0.721485j,-0.154151-0.716765j,0.000000
0.109603-0.323768j,-0.154102-0.721645j,-0.154153-0.716607j,0.000000
0.109601-0.323769j,-0.154102-0.721814j,-0.154156-0.716441j,0.000000
0.109600-0.323769j,-0.154102-0.721992j,-0.154160-0.716265j,0.000000
0.109598-0.323770j,-0.154101-0.722180j,-0.154163-0.716079j,0.000000
0.109596-0.323771j,-0.154101-0.722378j,-0.154167-0.715884j,0.000000
0.109594-0.323771j,-0.154101-0.722586j,-0.154171-0.715679j,0.000000
0.109592-0.323772j,-0.154101-0.722806j,-0.154175-0.715463j,0.000000
0.109589-0.323773j,-0.154102-0.723037j,-0.154180-0.715236j,0.000000
0.109586-0.323774j,-0.154102-0.723280j,-0.154185-0.714997j,0.000000
0.109583-0.323775j,-0.154102-0.723535j,-0.154191-0.714747j,0.000001
0.109579-0.323776j,-0.154103-0.723803j,-0.154197-0.714485j,0.000001
0.109575-0.323777j,-0.154104-0.724084j,-0.154204-0.714209j,0.000001
0.109571-0.323779j,-0.154106-0.724380j,-0.154211-0.713921j,0.000001
0.109566-0.323780j,-0.154108-0.724689j,-0.154219-0.713619j,0.000001
0.109560-0.323782j,-0.154110-0.725014j,-0.154228-0.713303j,0.000001
0.109554-0.323784j,-0.154112-0.725354j,-0.154237-0.712972j,0.000002
0.109548-0.323786j,-0.154115-0.725709j,-0.154247-0.712626j,0.000002
0.109540-0.323789j,-0.154119-0.726082j,-0.154258-0.712265j,0.000002
0.109532-0.323792j,-0.154123-0.726471j,-0.154270-0.711888j,0.000002
0.109523-0.323794j,-0.154128-0.726878j,-0.154282-0.711495j,0.000003
0.109513-0.323798j,-0.154133-0.727303j,-0.154296-0.711085j,0.000003
0.109502-0.323801j,-0.154139-0.727747j,-0.154311-0.710657j,0.000004
0.109490-0.323805j,-0.154146-0.728211j,-0.154327-0.710212j,0.000005
0.109477-0.323810j,-0.154154-0.728694j,-0.154345-0.709749j,0.000005
0.109462-0.323814j,-0.154163-0.729198j,-0.154363-0.709267j,0.000006
0.109447-0.323819j,-0.154174-0.729723j,-0.154384-0.708765j,0.000007
0.109429-0.323825j,-0.154185-0.730270j,-0.154406-0.708244j,0.000008
0.109410-0.323831j,-0.154198-0.730840j,-0.154430-0.707704j,0.000010
0.109390-0.323838j,-0.154212-0.731432j,-0.154455-0.707142j,0.000011
0.109367-0.323845j,-0.154228-0.732049j,-0.154483-0.706560j,0.000013
0.109343-0.323853j,-0.154245-0.732689j,-0.154512-0.705956j,0.000015
0.109316-0.323862j,-0.154265-0.733355j,-0.154545-0.705331j,0.000017
0.109287-0.323871j,-0.154286-0.734046j,-0.154579-0.704683j,0.000020
0.109256-0.323882j,-0.154310-0.734764j,-0.154616-0.704013j,0.000023
0.109222-0.323893j,-0.154336-0.735508j,-0.154656-0.703320j,0.000026
0.109185-0.323905j,-0.154364-0.736281j,-0.154699-0.702604j,0.000030
0.109145-0.323918j,-0.154396-0.737081j,-0.154745-0.701864j,0.000035
0.109102-0.323932j,-0.154430-0.737910j,-0.154794-0.701100j,0.000039
0.109055-0.323947j,-0.154467-0.738769j,-0.154847-0.700312j,0.000045
0.109005-0.323964j,-0.154508-0.739659j,-0.154904-0.699499j,0.000051
0.108950-0.323981j,-0.154552-0.740579j,-0.154965-0.698661j,0.000058
0.108892-0.324000j,-0.154600-0.741530j,-0.155030-0.697797j,0.000066
0.108829-0.324021j,-0.154652-0.742514j,-0.155099-0.696909j,0.000075
0.108761-0.324043j,-0.154709-0.743531j,-0.155173-0.695994j,0.000085
0.108688-0.324066j,-0.154770-0.744582j,-0.155253-0.695053j,0.000096
0.108610-0.324092j,-0.154836-0.745666j,-0.155337-0.694087j,0.000108
0.108526-0.324119j,-0.154908-0.746786j,-0.155427-0.693093j,0.000122
0.108437-0.324148j,-0.154985-0.747942j,-0.155523-0.692073j,0.000138
0.108340-0.324179j,-0.155068-0.749133j,-0.155626-0.691026j,0.000155
0.108238-0.324212j,-0.155157-0.750362j,-0.155735-0.689953j,0.000174
0.108128-0.324248j,-0.155252-0.751628j,-0.155851-0.688852j,0.000195
0.108011-0.324286j,-0.155355-0.752933j,-0.155974-0.687724j,0.000219
0.107886-0.324326j,-0.155465-0.754277j,-0.156104-0.686568j,0.000245
0.107752-0.324369j,-0.155584-0.755660j,-0.156243-0.685385j,0.000273
0.107610-0.324415j,-0.155710-0.757084j,-0.156390-0.684175j,0.000305
0.107459-0.324463j,-0.155845-0.758550j,-0.156546-0.682936j,0.000340
0.107299-0.324515j,-0.155989-0.760057j,-0.156711-0.681671j,0.000379
0.107128-0.324569j,-0.156143-0.761607j,-0.156886-0.680377j,0.000422
0.106946-0.324627j,-0.156306-0.763200j,-0.157071-0.679056j,0.000468
0.106754-0.324689j,-0.156481-0.764837j,-0.157266-0.677707j,0.000520
0.106550-0.324754j,-0.156666-0.766520j,-0.157472-0.676331j,0.000576
0.106334-0.324822j,-0.156864-0.768248j,-0.157690-0.674926j,0.000638
0.106105-0.324895j,-0.157073-0.770022j,-0.157920-0.673495j,0.000706
0.105863-0.324972j,-0.157296-0.771843j,-0.158162-0.672035j,0.000780
0.105607-0.325053j,-0.157531-0.773713j,-0.158417-0.670548j,0.000862
0.105336-0.325138j,-0.157781-0.775631j,-0.158686-0.669034j,0.000950
0.105050-0.325228j,-0.158046-0.777599j,-0.158969-0.667492j,0.001047
0.104748-0.325322j,-0.158326-0.779617j,-0.159266-0.665923j,0.001152
0.104430-0.325422j,-0.158621-0.781686j,-0.159578-0.664327j,0.001266
0.104095-0.325526j,-0.158934-0.783808j,-0.159907-0.662704j,0.001391
0.103741-0.325636j,-0.159264-0.785982j,-0.160251-0.661055j,0.001526
0.103369-0.325751j,-0.159612-0.788209j,-0.160613-0.659378j,0.001673
0.102978-0.325872j,-0.159979-0.790492j,-0.160992-0.657675j,0.001832
0.102566-0.325998j,-0.160365-0.792830j,-0.161389-0.655946j,0.002005
0.102133-0.326130j,-0.160772-0.795224j,-0.161805-0.654190j,0.002191
0.101678-0.326269j,-0.161200-0.797675j,-0.162241-0.652409j,0.002393
0.101201-0.326413j,-0.161650-0.800184j,-0.162696-0.650602j,0.002612
0.100700-0.326565j,-0.162123-0.802752j,-0.163173-0.648769j,0.002848
0.100175-0.326722j,-0.162620-0.805381j,-0.163671-0.646911j,0.003102
0.099624-0.326887j,-0.163141-0.808070j,-0.164191-0.645028j,0.003376
0.099046-0.327058j,-0.163688-0.810820j,-0.164734-0.643120j,0.003672
0.098442-0.327237j,-0.164262-0.813634j,-0.165301-0.641187j,0.003990
0.097809-0.327422j,-0.164862-0.816511j,-0.165892-0.639230j,0.004332
0.097147-0.327615j,-0.165491-0.819452j,-0.166508-0.637249j,0.004700
0.096454-0.327816j,-0.166149-0.822460j,-0.167151-0.635244j,0.005095
0.095730-0.328024j,-0.166838-0.825533j,-0.167819-0.633215j,0.005519
0.094973-0.328240j,-0.167558-0.828675j,-0.168515-0.631163j,0.005974
0.094183-0.328463j,-0.168309-0.831884j,-0.169239-0.629088j,0.006461
0.093358-0.328695j,-0.169095-0.835164j,-0.169992-0.626990j,0.006984
0.092496-0.328934j,-0.169914-0.838513j,-0.170775-0.624869j,0.007542
0.091598-0.329182j,-0.170769-0.841935j,-0.171588-0.622727j,0.008140
0.090661-0.329437j,-0.171660-0.845428j,-0.172433-0.620562j,0.008779
0.089685-0.329701j,-0.172589-0.848996j,-0.173309-0.618375j,0.009462
0.088668-0.329973j,-0.173556-0.852637j,-0.174219-0.616166j,0.010191
0.087608-0.330253j,-0.174563-0.856354j,-0.175162-0.613937j,0.010968
0.086505-0.330541j,-0.175611-0.860148j,-0.176139-0.611686j,0.011797
0.085357-0.330837j,-0.176700-0.864019j,-0.177152-0.609415j,0.012681
0.084163-0.331141j,-0.177833-0.867969j,-0.178201-0.607123j,0.013622
0.082921-0.331452j,-0.179009-0.871998j,-0.179287-0.604810j,0.014623
0.081629-0.331771j,-0.180231-0.876107j,-0.180410-0.602477j,0.015688
0.080288-0.332098j,-0.181498-0.880298j,-0.181572-0.600125j,0.016820
0.078894-0.332432j,-0.182813-0.884571j,-0.182773-0.597752j,0.018023
0.077447-0.332772j,-0.184177-0.888927j,-0.184014-0.595360j,0.019301
0.075945-0.333120j,-0.185589-0.893368j,-0.185295-0.592948j,0.020656
0.074386-0.333473j,-0.187053-0.897894j,-0.186619-0.590517j,0.022094
0.072769-0.333832j,-0.188567-0.902505j,-0.187985-0.588067j,0.023619
0.071092-0.334197j,-0.190134-0.907204j,-0.189393-0.585598j,0.025234
0.069355-0.334567j,-0.191755-0.911990j,-0.190846-0.583109j,0.026944
0.067554-0.334941j,-0.193430-0.916865j,-0.192343-0.580601j,0.028754
0.065689-0.335318j,-0.195161-0.921829j,-0.193885-0.578075j,0.030669
0.063757-0.335699j,-0.196947-0.926883j,-0.195473-0.575529j,0.032693
0.061758-0.336081j,-0.198791-0.932028j,-0.197107-0.572964j,0.034831
0.059690-0.336465j,-0.200693-0.937264j,-0.198788-0.570380j,0.037090
0.057550-0.336850j,-0.202654-0.942592j,-0.200518-0.567777j,0.039474
0.055338-0.337234j,-0.204674-0.948014j,-0.202295-0.565154j,0.041990
0.053052-0.337616j,-0.206754-0.953528j,-0.204121-0.562512j,0.044642
0.050690-0.337996j,-0.208895-0.959136j,-0.205996-0.559849j,0.047437
0.048250-0.338372j,-0.211097-0.964838j,-0.207921-0.557167j,0.050381
0.045731-0.338742j,-0.213361-0.970635j,-0.209896-0.554465j,0.053481
0.043132-0.339106j,-0.215687-0.976526j,-0.211921-0.551742j,0.056743
0.040451-0.339461j,-0.218075-0.982513j,-0.213997-0.548997j,0.060173
0.037686-0.339806j,-0.220526-0.988595j,-0.216124-0.546232j,0.063778
0.034836-0.340139j,-0.223040-0.994773j,-0.218302-0.543445j,0.067566
0.031900-0.340459j,-0.225616-1.001046j,-0.220532-0.540635j,0.071543
0.028876-0.340764j,-0.228256-1.007415j,-0.222813-0.537803j,0.075717
0.025763-0.341050j,-0.230958-1.013879j,-0.225145-0.534947j,0.080095
0.022560-0.341317j,-0.233722-1.020438j,-0.227528-0.532067j,0.084684
0.019265-0.341562j,-0.236549-1.027092j,-0.229962-0.529163j,0.089492
0.015879-0.341782j,-0.239437-1.033841j,-0.232447-0.526233j,0.094528
0.012399-0.341975j,-0.242385-1.040684j,-0.234983-0.523278j,0.099798
0.008825-0.342138j,-0.245394-1.047620j,-0.237569-0.520296j,0.105310
0.005157-0.342268j,-0.248463-1.054649j,-0.240204-0.517286j,0.111073
0.001393-0.342363j,-0.251590-1.061771j,-0.242888-0.514248j,0.117094
-0.002465-0.342419j,-0.254774-1.068983j,-0.245621-0.511180j,0.123382
-0.006420-0.342434j,-0.258014-1.076286j,-0.248401-0.508083j,0.129944
-0.010471-0.342403j,-0.261309-1.083679j,-0.251227-0.504955j,0.136788
-0.014617-0.342325j,-0.264656-1.091159j,-0.254099-0.501794j,0.143922
-0.018858-0.342195j,-0.268056-1.098726j,-0.257016-0.498601j,0.151354
-0.023195-0.342009j,-0.271505-1.106380j,-0.259975-0.495374j,0.159093
-0.027626-0.341765j,-0.275003-1.114117j,-0.262976-0.492113j,0.167145
-0.032151-0.341458j,-0.278546-1.121937j,-0.266018-0.488815j,0.175518
-0.036768-0.341085j,-0.282134-1.129839j,-0.269098-0.485481j,0.184220
-0.041476-0.340642j,-0.285763-1.137820j,-0.272216-0.482109j,0.193258
-0.046274-0.340125j,-0.289433-1.145879j,-0.275369-0.478698j,0.202640
-0.051161-0.339530j,-0.293139-1.154015j,-0.278555-0.475248j,0.212373
-0.056133-0.338854j,-0.296881-1.162226j,-0.281773-0.471756j,0.222464
-0.061190-0.338092j,-0.300655-1.170509j,-0.285021-0.468223j,0.232919
-0.066329-0.337241j,-0.304459-1.178864j,-0.288296-0.464646j,0.243746
-0.071547-0.336296j,-0.308291-1.187289j,-0.291596-0.461026j,0.254950
-0.076842-0.335254j,-0.312148-1.195781j,-0.294919-0.457360j,0.266539
-0.082037-0.334149j,-0.315903-1.204064j,-0.298156-0.453769j,0.278124
-0.087477-0.332904j,-0.319803-1.212689j,-0.301519-0.450011j,0.290494
-0.092812-0.331593j,-0.323600-1.221106j,-0.304793-0.446324j,0.302859
-0.098382-0.330130j,-0.327533-1.229853j,-0.308185-0.442470j,0.316027
-0.103843-0.328601j,-0.331359-1.238395j,-0.311486-0.438686j,0.329190
-0.109529-0.326906j,-0.335314-1.247259j,-0.314898-0.434733j,0.343178
-0.115101-0.325142j,-0.339162-1.255920j,-0.318216-0.430847j,0.357162
-0.120888-0.323201j,-0.343130-1.264895j,-0.321637-0.426793j,0.371993
-0.126556-0.321191j,-0.346989-1.273669j,-0.324962-0.422802j,0.386819
-0.132428-0.318991j,-0.350961-1.282751j,-0.328382-0.418643j,0.402512
-0.138175-0.316721j,-0.354823-1.291635j,-0.331705-0.414545j,0.418202
-0.144114-0.314251j,-0.358791-1.300818j,-0.335114-0.410277j,0.434778
-0.149923-0.311709j,-0.362648-1.309807j,-0.338424-0.406069j,0.451351
-0.155912-0.308956j,-0.366602-1.319089j,-0.341811-0.401690j,0.468830
-0.161764-0.306132j,-0.370447-1.328179j,-0.345098-0.397369j,0.486305
-0.167783-0.303085j,-0.374381-1.337556j,-0.348454-0.392878j,0.504707
-0.173659-0.299969j,-0.378205-1.346745j,-0.351708-0.388442j,0.523104
-0.179687-0.296621j,-0.382111-1.356214j,-0.355022-0.383835j,0.542447
-0.185568-0.293203j,-0.385908-1.365498j,-0.358232-0.379283j,0.561785
-0.191585-0.289545j,-0.389781-1.375058j,-0.361494-0.374559j,0.582087
-0.197448-0.285818j,-0.393545-1.384436j,-0.364651-0.369889j,0.602385
-0.203434-0.281843j,-0.397379-1.394083j,-0.367851-0.365047j,0.623665
-0.209258-0.277801j,-0.401104-1.403553j,-0.370945-0.360258j,0.644941
-0.215189-0.273503j,-0.404892-1.413287j,-0.374073-0.355298j,0.667217
-0.220953-0.269141j,-0.408573-1.422847j,-0.377093-0.350389j,0.689489
-0.226807-0.264517j,-0.412312-1.432666j,-0.380140-0.345309j,0.712780
-0.232488-0.259831j,-0.415944-1.442315j,-0.383077-0.340281j,0.736066
-0.238242-0.254877j,-0.419630-1.452219j,-0.386033-0.335082j,0.760389
-0.243817-0.249866j,-0.423209-1.461956j,-0.388878-0.329935j,0.784707
-0.249447-0.244581j,-0.426836-1.471944j,-0.391733-0.324617j,0.810080
-0.254893-0.239243j,-0.430359-1.481767j,-0.394476-0.319351j,0.835448
-0.260376-0.233627j,-0.433925-1.491838j,-0.397221-0.313916j,0.861889
-0.265669-0.227963j,-0.437388-1.501748j,-0.399854-0.308532j,0.888324
-0.270982-0.222020j,-0.440890-1.511901j,-0.402480-0.302980j,0.915850
-0.276098-0.216032j,-0.444290-1.521896j,-0.404993-0.297480j,0.943370
-0.281216-0.209763j,-0.447724-1.532132j,-0.407492-0.291813j,0.971997
-0.286132-0.203456j,-0.451059-1.542212j,-0.409876-0.286199j,1.000620
-0.291032-0.196867j,-0.454423-1.552529j,-0.412239-0.280418j,1.030366
-0.295724-0.190246j,-0.457690-1.562693j,-0.414486-0.274692j,1.060108
-0.300382-0.183343j,-0.460983-1.573092j,-0.416704-0.268801j,1.090990
-0.304827-0.176415j,-0.464180-1.583340j,-0.418807-0.262965j,1.121867
-0.309219-0.169206j,-0.467399-1.593819j,-0.420871-0.256967j,1.153901
-0.313394-0.161980j,-0.470524-1.604150j,-0.422821-0.251024j,1.185931
-0.317498-0.154475j,-0.473668-1.614709j,-0.424725-0.244921j,1.219134
-0.321379-0.146961j,-0.476719-1.625122j,-0.426513-0.238874j,1.252332
-0.325171-0.139173j,-0.479786-1.635761j,-0.428248-0.232670j,1.286719
-0.328737-0.131382j,-0.482762-1.646256j,-0.429868-0.226523j,1.321102
-0.332196-0.123322j,-0.485751-1.656974j,-0.431427-0.220221j,1.356690
-0.335425-0.115269j,-0.488651-1.667551j,-0.432871-0.213978j,1.392274
-0.338528-0.106952j,-0.491561-1.678347j,-0.434247-0.207582j,1.429078
-0.341399-0.098651j,-0.494383-1.689004j,-0.435507-0.201247j,1.465878
-0.344041-0.090371j,-0.497122-1.699527j,-0.436655-0.194972j,1.502672
-0.346579-0.081700j,-0.499913-1.710441j,-0.437745-0.188443j,1.541321
-0.348878-0.073059j,-0.502618-1.721218j,-0.438719-0.181978j,1.579965
-0.350947-0.064453j,-0.505243-1.731865j,-0.439581-0.175574j,1.618604
-0.352874-0.055470j,-0.507911-1.742892j,-0.440369-0.168925j,1.659125
-0.354560-0.046532j,-0.510498-1.753786j,-0.441042-0.162340j,1.699641
-0.356011-0.037644j,-0.513005-1.764552j,-0.441603-0.155820j,1.740152
-0.357287-0.028393j,-0.515550-1.775692j,-0.442074-0.149060j,1.782579
-0.358321-0.019203j,-0.518016-1.786701j,-0.442431-0.142368j,1.825001
-0.359118-0.010078j,-0.520405-1.797584j,-0.442675-0.135742j,1.867417
-0.359706-0.000608j,-0.522825-1.808836j,-0.442816-0.128883j,1.911783
-0.360050+0.008785j,-0.525168-1.819958j,-0.442841-0.122095j,1.956143
-0.360158+0.018096j,-0.527436-1.830957j,-0.442756-0.115376j,2.000498
-0.360026+0.027733j,-0.529730-1.842317j,-0.442551-0.108430j,2.046835
-0.359650+0.037275j,-0.531949-1.853552j,-0.442231-0.101558j,2.093166
-0.359038+0.046719j,-0.534096-1.864664j,-0.441801-0.094758j,2.139492
-0.358155+0.056466j,-0.536263-1.876133j,-0.441237-0.087738j,2.187833
-0.357031+0.066101j,-0.538356-1.887477j,-0.440559-0.080796j,2.236168
-0.355673+0.075620j,-0.540380-1.898701j,-0.439770-0.073928j,2.284497
-0.354016+0.085417j,-0.542418-1.910276j,-0.438833-0.066849j,2.334873
-0.352121+0.095085j,-0.544385-1.921729j,-0.437782-0.059849j,2.385244
-0.349995+0.104620j,-0.546285-1.933063j,-0.436621-0.052928j,2.435610
-0.347544+0.114405j,-0.548193-1.944743j,-0.435297-0.045804j,2.488054
-0.344859+0.124042j,-0.550032-1.956303j,-0.433860-0.038762j,2.540493
-0.341949+0.133529j,-0.551806-1.967746j,-0.432313-0.031802j,2.592926
-0.338689+0.143236j,-0.553583-1.979529j,-0.430589-0.024648j,2.647471
-0.335201+0.152777j,-0.555294-1.991194j,-0.428752-0.017580j,2.702010
-0.331493+0.162151j,-0.556940-2.002745j,-0.426805-0.010597j,2.756543
-0.327415+0.171714j,-0.558585-2.014630j,-0.424668-0.003429j,2.813221
-0.323116+0.181092j,-0.560166-2.026399j,-0.422418+0.003648j,2.869893
-0.318605+0.190285j,-0.561683-2.038055j,-0.420058+0.010637j,2.926559
-0.313722+0.199599j,-0.563189-2.049998j,-0.417503+0.017775j,2.985184
-0.308629+0.208712j,-0.564633-2.061827j,-0.414836+0.024819j,3.043803
-0.303334+0.217623j,-0.566016-2.073545j,-0.412060+0.031771j,3.102416
-0.297845+0.226332j,-0.567340-2.085155j,-0.409178+0.038631j,3.161024
-0.291922+0.235197j,-0.568660-2.097151j,-0.406062+0.045688j,3.222142
-0.285805+0.243841j,-0.569920-2.109036j,-0.402835+0.052648j,3.283253
-0.279502+0.252264j,-0.571123-2.120814j,-0.399501+0.059510j,3.344360
-0.273022+0.260464j,-0.572268-2.132487j,-0.396063+0.066277j,3.405460
-0.266095+0.268765j,-0.573403-2.144530j,-0.392374+0.073219j,3.469067
-0.258992+0.276825j,-0.574480-2.156467j,-0.388577+0.080059j,3.532669
-0.251721+0.284645j,-0.575502-2.168299j,-0.384674+0.086798j,3.596265
-0.244291+0.292225j,-0.576469-2.180030j,-0.380667+0.093435j,3.659855
-0.236407+0.299848j,-0.577419-2.192118j,-0.376396+0.100226j,3.725946
-0.228368+0.307214j,-0.578314-2.204101j,-0.372019+0.106910j,3.792030
-0.220182+0.314321j,-0.579155-2.215984j,-0.367538+0.113487j,3.858109
-0.211855+0.321172j,-0.579944-2.227768j,-0.362956+0.119958j,3.924183
-0.203397+0.327766j,-0.580682-2.239456j,-0.358275+0.126322j,3.990250
-0.194498+0.334332j,-0.581396-2.251473j,-0.353320+0.132808j,4.058734
-0.185473+0.340626j,-0.582057-2.263392j,-0.348265+0.139182j,4.127211
-0.176330+0.346647j,-0.582669-2.275215j,-0.343110+0.145444j,4.195683
-0.167077+0.352398j,-0.583232-2.286946j,-0.337859+0.151595j,4.264150
-0.157721+0.357881j,-0.583747-2.298585j,-0.332514+0.157636j,4.332611
-0.148268+0.363095j,-0.584215-2.310136j,-0.327077+0.163566j,4.401067
-0.138727+0.368044j,-0.584639-2.321601j,-0.321551+0.169387j,4.469518
-0.128751+0.372894j,-0.585031-2.333393j,-0.315732+0.175305j,4.540458
-0.118695+0.377462j,-0.585376-2.345097j,-0.309822+0.181107j,4.611394
-0.108564+0.381749j,-0.585677-2.356715j,-0.303823+0.186794j,4.682324
-0.098367+0.385758j,-0.585933-2.368248j,-0.297737+0.192365j,4.753249
-0.088108+0.389491j,-0.586147-2.379698j,-0.291568+0.197823j,4.824169
-0.077796+0.392950j,-0.586318-2.391068j,-0.285317+0.203167j,4.895084
-0.067435+0.396137j,-0.586448-2.402359j,-0.278987+0.208399j,4.965994
-0.057034+0.399053j,-0.586537-2.413573j,-0.272579+0.213519j,5.036899
-0.046596+0.401702j,-0.586587-2.424712j,-0.266097+0.218528j,5.107800
-0.036129+0.404085j,-0.586599-2.435777j,-0.259542+0.223427j,5.178696
-0.025637+0.406204j,-0.586573-2.446769j,-0.252917+0.228218j,5.249588
-0.015126+0.408062j,-0.586510-2.457691j,-0.246223+0.232901j,5.320475
-0.004603+0.409661j,-0.586411-2.468543j,-0.239463+0.237477j,5.391359
0.006291+0.411045j,-0.586270-2.479697j,-0.232404+0.242100j,5.464677
0.017188+0.412157j,-0.586093-2.490780j,-0.225278+0.246611j,5.537991
0.028082+0.412999j,-0.585879-2.501793j,-0.218089+0.251013j,5.611301
0.038969+0.413574j,-0.585630-2.512738j,-0.210837+0.255307j,5.684606
0.049842+0.413885j,-0.585345-2.523616j,-0.203526+0.259494j,5.757907
0.060697+0.413933j,-0.585026-2.534429j,-0.196157+0.263578j,5.831204
0.071529+0.413723j,-0.584673-2.545177j,-0.188732+0.267559j,5.904497
0.082332+0.413256j,-0.584288-2.555861j,-0.181254+0.271439j,5.977786
0.093103+0.412535j,-0.583870-2.566484j,-0.173724+0.275222j,6.051071
0.103835+0.411562j,-0.583420-2.577046j,-0.166143+0.278910j,6.124353
0.114526+0.410341j,-0.582938-2.587548j,-0.158515+0.282505j,6.197631
0.125170+0.408875j,-0.582426-2.597992j,-0.150840+0.286010j,6.270905
0.135763+0.407164j,-0.581884-2.608378j,-0.143119+0.289429j,6.344176
0.146301+0.405214j,-0.581312-2.618707j,-0.135355+0.292763j,6.417444
0.156779+0.403025j,-0.580712-2.628980j,-0.127549+0.296017j,6.490708
0.167193+0.400602j,-0.580082-2.639199j,-0.119701+0.299194j,6.563969
0.177539+0.397946j,-0.579425-2.649364j,-0.111813+0.302298j,6.637227
0.187814+0.395061j,-0.578739-2.659475j,-0.103886+0.305333j,6.710482
0.198013+0.391949j,-0.578027-2.669534j,-0.095921+0.308303j,6.783734
0.208133+0.388614j,-0.577288-2.679542j,-0.087918+0.311212j,6.856983
0.218169+0.385057j,-0.576523-2.689499j,-0.079878+0.314065j,6.930230
0.228119+0.381282j,-0.575732-2.699406j,-0.071801+0.316868j,7.003474
0.237978+0.377292j,-0.574916-2.709263j,-0.063688+0.319624j,7.076716
0.247744+0.373089j,-0.574075-2.719072j,-0.055539+0.322341j,7.149955
0.256356+0.369170j,-0.573305-2.727764j,-0.048253+0.324731j,7.215162
0.264889+0.365088j,-0.572516-2.736419j,-0.040938+0.327098j,7.280367
0.273340+0.360844j,-0.571708-2.745037j,-0.033594+0.329448j,7.345571
0.281706+0.356439j,-0.570882-2.753618j,-0.026221+0.331784j,7.410773
0.289986+0.351877j,-0.570037-2.762162j,-0.018818+0.334113j,7.475974
0.298176+0.347160j,-0.569174-2.770669j,-0.011384+0.336441j,7.541174
0.306276+0.342289j,-0.568294-2.779141j,-0.003920+0.338772j,7.606373
0.314281+0.337267j,-0.567396-2.787577j,0.003577+0.341113j,7.671570
0.321319+0.332677j,-0.566582-2.795048j,0.010270+0.343210j,7.729540
0.328280+0.327970j,-0.565756-2.802491j,0.016989+0.345325j,7.787509
0.335163+0.323149j,-0.564916-2.809907j,0.023736+0.347464j,7.845477
0.341965+0.318215j,-0.564063-2.817295j,0.030510+0.349634j,7.903445
0.348686+0.313169j,-0.563197-2.824655j,0.037314+0.351841j,7.961412
0.355323+0.308014j,-0.562318-2.831989j,0.044147+0.354090j,8.019379
0.361877+0.302751j,-0.561426-2.839295j,0.051011+0.356391j,8.077346
0.367542+0.298057j,-0.560636-2.845666j,0.057045+0.358451j,8.128075
0.373140+0.293284j,-0.559836-2.852017j,0.063103+0.360563j,8.178804
0.378671+0.288431j,-0.559027-2.858347j,0.069187+0.362731j,8.229533
0.384134+0.283500j,-0.558209-2.864656j,0.075298+0.364963j,8.280262
0.389527+0.278492j,-0.557381-2.870945j,0.081436+0.367266j,8.330991
0.394850+0.273409j,-0.556545-2.877213j,0.087602+0.369647j,8.381721
0.399523+0.268828j,-0.555794-2.882768j,0.093108+0.371836j,8.426822
0.404140+0.264188j,-0.555037-2.888307j,0.098637+0.374101j,8.471923
0.408699+0.259492j,-0.554272-2.893829j,0.104190+0.376449j,8.517025
0.413200+0.254739j,-0.553501-2.899335j,0.109766+0.378887j,8.562127
0.417642+0.249932j,-0.552724-2.904824j,0.115367+0.381424j,8.607229
0.421553+0.245601j,-0.552025-2.909703j,0.120380+0.383776j,8.647434
0.425416+0.241227j,-0.551321-2.914569j,0.125412+0.386221j,8.687640
0.429231+0.236811j,-0.550613-2.919422j,0.130464+0.388768j,8.727845
0.432999+0.232355j,-0.549899-2.924261j,0.135534+0.391424j,8.768052
0.436717+0.227858j,-0.549181-2.929087j,0.140623+0.394199j,8.808259
0.439910+0.223917j,-0.548552-2.933270j,0.145061+0.396717j,8.843205
0.443065+0.219947j,-0.547921-2.937443j,0.149512+0.399340j,8.878153
0.446182+0.215948j,-0.547286-2.941606j,0.153975+0.402077j,8.913100
0.449262+0.211921j,-0.546647-2.945758j,0.158449+0.404938j,8.948048
0.452303+0.207866j,-0.546006-2.949900j,0.162933+0.407932j,8.982997
0.454900+0.204340j,-0.545449-2.953469j,0.166813+0.410635j,9.013189
0.457468+0.200794j,-0.544889-2.957030j,0.170698+0.413455j,9.043382
0.460007+0.197229j,-0.544328-2.960584j,0.174585+0.416400j,9.073575
0.462516+0.193645j,-0.543764-2.964128j,0.178474+0.419481j,9.103769
0.464741+0.190415j,-0.543257-2.967299j,0.181957+0.422367j,9.130832
0.466942+0.187171j,-0.542749-2.970462j,0.185437+0.425379j,9.157896
0.469118+0.183912j,-0.542239-2.973619j,0.188910+0.428528j,9.184960
0.471271+0.180639j,-0.541727-2.976769j,0.192373+0.431825j,9.212025
0.473091+0.177831j,-0.541289-2.979455j,0.195322+0.434769j,9.235156
0.474894+0.175012j,-0.540849-2.982137j,0.198257+0.437839j,9.258287
0.476679+0.172183j,-0.540409-2.984813j,0.201174+0.441043j,9.281419
0.478446+0.169345j,-0.539968-2.987483j,0.204070+0.444394j,9.304550
0.479971+0.166863j,-0.539583-2.989807j,0.206572+0.447442j,9.324714
0.481482+0.164374j,-0.539197-2.992126j,0.209048+0.450620j,9.344877
0.482979+0.161878j,-0.538811-2.994441j,0.211494+0.453936j,9.365041
0.484462+0.159376j,-0.538424-2.996752j,0.213903+0.457401j,9.385205
0.485700+0.157263j,-0.538098-2.998696j,0.215898+0.460445j,9.402190
0.486928+0.155145j,-0.537772-3.000636j,0.217855+0.463611j,9.419175
0.488146+0.153022j,-0.537445-3.002572j,0.219768+0.466909j,9.436160
0.489353+0.150896j,-0.537119-3.004506j,0.221630+0.470349j,9.453146
0.490374+0.149080j,-0.536840-3.006152j,0.223168+0.473401j,9.467623
0.491388+0.147260j,-0.536562-3.007795j,0.224654+0.476570j,9.482101
0.492393+0.145438j,-0.536284-3.009436j,0.226079+0.479866j,9.496579
0.493391+0.143613j,-0.536006-3.011074j,0.227433+0.483297j,9.511057
0.494216+0.142091j,-0.535774-3.012436j,0.228498+0.486263j,9.523115
0.495065+0.140512j,-0.535534-3.013846j,0.229531+0.489448j,9.535609
0.495908+0.138930j,-0.535295-3.015254j,0.230482+0.492753j,9.548103
0.496625+0.137576j,-0.535090-3.016457j,0.231219+0.495679j,9.558789
0.497337+0.136221j,-0.534885-3.017658j,0.231875+0.498702j,9.569475
0.498044+0.134864j,-0.534681-3.018858j,0.232439+0.501824j,9.580162
0.498673+0.133648j,-0.534499-3.019930j,0.232855+0.504705j,9.589725
0.499298+0.132431j,-0.534316-3.021002j,0.233174+0.507671j,9.599289
0.499920+0.131214j,-0.534134-3.022072j,0.233384+0.510721j,9.608853
0.500457+0.130155j,-0.533977-3.023000j,0.233467+0.513438j,9.617160
0.500991+0.129096j,-0.533819-3.023928j,0.233444+0.516216j,9.625467
0.501522+0.128035j,-0.533662-3.024855j,0.233304+0.519053j,9.633774
0.502050+0.126974j,-0.533505-3.025780j,0.233034+0.521942j,9.642081
0.502494+0.126077j,-0.533373-3.026562j,0.232694+0.524419j,9.649103
0.502936+0.125178j,-0.533241-3.027343j,0.232243+0.526922j,9.656125
0.503376+0.124280j,-0.533109-3.028124j,0.231671+0.529442j,9.663148
0.503813+0.123380j,-0.532978-3.028904j,0.230971+0.531969j,9.670170
0.504248+0.122480j,-0.532847-3.029683j,0.230135+0.534490j,9.677192
0.504628+0.121690j,-0.532733-3.030367j,0.229287+0.536685j,9.683354
0.505007+0.120899j,-0.532619-3.031050j,0.228328+0.538853j,9.689516
0.505383+0.120108j,-0.532505-3.031732j,0.227259+0.540982j,9.695678
0.505758+0.119316j,-0.532391-3.032414j,0.226082+0.543059j,9.701840
0.506130+0.118523j,-0.532278-3.033096j,0.224801+0.545071j,9.708001
0.506501+0.117730j,-0.532166-3.033777j,0.223422+0.547007j,9.714163
0.506870+0.116936j,-0.532053-3.034458j,0.221954+0.548856j,9.720325
0.507237+0.116142j,-0.531941-3.035139j,0.220408+0.550608j,9.726486
0.507603+0.115347j,-0.531830-3.035819j,0.218795+0.552259j,9.732648
0.507966+0.114551j,-0.531719-3.036499j,0.217129+0.553802j,9.738809
0.508328+0.113755j,-0.531608-3.037178j,0.215421+0.555236j,9.744970
0.508688+0.112958j,-0.531498-3.037858j,0.213684+0.556562j,9.751132
0.509046+0.112160j,-0.531388-3.038537j,0.211929+0.557780j,9.757293
0.509418+0.111325j,-0.531273-3.039247j,0.210085+0.558943j,9.763737
0.509789+0.110488j,-0.531159-3.039957j,0.208243+0.559998j,9.770182
0.510179+0.109602j,-0.531039-3.040708j,0.206305+0.561004j,9.777004
0.510567+0.108715j,-0.530919-3.041459j,0.204386+0.561903j,9.783826
0.510980+0.107765j,-0.530792-3.042262j,0.202364+0.562755j,9.791118
0.511405+0.106779j,-0.530660-3.043095j,0.200305+0.563530j,9.798683
0.511844+0.105753j,-0.530523-3.043960j,0.198210+0.564228j,9.806547
0.512299+0.104682j,-0.530382-3.044861j,0.196082+0.564852j,9.814738
0.512770+0.103564j,-0.530235-3.045800j,0.193924+0.565401j,9.823280
0.513258+0.102395j,-0.530082-3.046781j,0.191739+0.565875j,9.832200
0.513765+0.101170j,-0.529922-3.047806j,0.189529+0.566276j,9.841525
0.514292+0.099887j,-0.529757-3.048879j,0.187297+0.566604j,9.851282
0.514838+0.098542j,-0.529583-3.050002j,0.185045+0.566859j,9.861499
0.515407+0.097129j,-0.529403-3.051178j,0.182776+0.567040j,9.872205
0.515997+0.095645j,-0.529214-3.052412j,0.180494+0.567148j,9.883431
0.516611+0.094085j,-0.529017-3.053705j,0.178201+0.567184j,9.895205
0.517249+0.092446j,-0.528811-3.055062j,0.175899+0.567146j,9.907559
0.517911+0.090722j,-0.528596-3.056486j,0.173593+0.567035j,9.920526
0.518600+0.088908j,-0.528371-3.057981j,0.171284+0.566849j,9.934139
0.519314+0.086999j,-0.528136-3.059550j,0.168977+0.566589j,9.948432
0.520056+0.084990j,-0.527890-3.061197j,0.166674+0.566255j,9.963440
0.520824+0.082876j,-0.527632-3.062927j,0.164378+0.565844j,9.979200
0.521621+0.080650j,-0.527363-3.064743j,0.162094+0.565357j,9.995748
0.522445+0.078307j,-0.527082-3.066649j,0.159825+0.564792j,10.013125
0.523298+0.075841j,-0.526787-3.068650j,0.157575+0.564149j,10.031368
0.524179+0.073245j,-0.526479-3.070750j,0.155347+0.563427j,10.050520
0.525088+0.070513j,-0.526157-3.072954j,0.153145+0.562624j,10.070621
0.526025+0.067637j,-0.525820-3.075267j,0.150974+0.561739j,10.091715
0.526990+0.064612j,-0.525468-3.077692j,0.148837+0.560771j,10.113846
0.527980+0.061429j,-0.525100-3.080235j,0.146740+0.559719j,10.137059
0.528997+0.058082j,-0.524716-3.082901j,0.144686+0.558582j,10.161398
0.530037+0.054562j,-0.524314-3.085695j,0.142681+0.557357j,10.186912
0.531100+0.050861j,-0.523894-3.088622j,0.140728+0.556043j,10.213645
0.532184+0.046973j,-0.523456-3.091686j,0.138833+0.554640j,10.241647
0.533286+0.042888j,-0.522999-3.094893j,0.137001+0.553146j,10.270964
0.534403+0.038599j,-0.522521-3.098249j,0.135237+0.551558j,10.301645
0.535533+0.034096j,-0.522023-3.101757j,0.133545+0.549877j,10.333737
0.536671+0.029373j,-0.521503-3.105422j,0.131932+0.548100j,10.367287
0.537813+0.024420j,-0.520961-3.109251j,0.130402+0.546227j,10.402341
0.538955+0.019230j,-0.520397-3.113247j,0.128960+0.544256j,10.438947
0.540091+0.013794j,-0.519808-3.117415j,0.127612+0.542187j,10.477148
0.541215+0.008105j,-0.519196-3.121760j,0.126362+0.540018j,10.516987
0.542320+0.002154j,-0.518558-3.126285j,0.125216+0.537748j,10.558508
0.543400-0.004067j,-0.517895-3.130995j,0.124178+0.535378j,10.601750
0.544446-0.010563j,-0.517205-3.135893j,0.123254+0.532906j,10.646752
0.545450-0.017342j,-0.516488-3.140984j,0.122446+0.530332j,10.693551
0.546402-0.024412j,-0.515744-3.146270j,0.121761+0.527657j,10.742182
0.547291-0.031777j,-0.514970-3.151754j,0.121201+0.524879j,10.792676
0.548109-0.039444j,-0.514168-3.157439j,0.120771+0.522000j,10.845065
0.548841-0.047418j,-0.513336-3.163328j,0.120473+0.519020j,10.899375
0.549478-0.055702j,-0.512473-3.169423j,0.120311+0.515940j,10.955633
0.550004-0.064302j,-0.511579-3.175725j,0.120287+0.512759j,11.013859
0.550407-0.073220j,-0.510654-3.182235j,0.120403+0.509480j,11.074071
0.550666-0.082160j,-0.509727-3.188739j,0.120651+0.506212j,11.134284
0.550783-0.091712j,-0.508737-3.195665j,0.121049+0.502742j,11.198466
0.550736-0.101283j,-0.507745-3.202582j,0.121573+0.499286j,11.262649
0.550506-0.111461j,-0.506689-3.209917j,0.122255+0.495634j,11.330776
0.550091-0.121655j,-0.505631-3.217242j,0.123056+0.491999j,11.398904
0.549451-0.132441j,-0.504509-3.224974j,0.124021+0.488177j,11.470898
0.548603-0.143236j,-0.503384-3.232696j,0.125097+0.484376j,11.542892
0.547488-0.154588j,-0.502198-3.240801j,0.126337+0.480403j,11.618561
0.546144-0.165941j,-0.501007-3.248895j,0.127679+0.476453j,11.694229
0.544496-0.177792j,-0.499759-3.257334j,0.129179+0.472353j,11.773243
0.542598-0.189634j,-0.498507-3.265761j,0.130771+0.468278j,11.852256
0.540367-0.201895j,-0.497203-3.274483j,0.132509+0.464081j,11.934157
0.537868-0.214133j,-0.495894-3.283192j,0.134328+0.459910j,12.016058
0.535102-0.226345j,-0.494579-3.291886j,0.136220+0.455766j,12.097959
0.531940-0.239019j,-0.493204-3.300921j,0.138259+0.451482j,12.183192
0.528490-0.251651j,-0.491823-3.309940j,0.140361+0.447225j,12.268425
0.524752-0.264235j,-0.490436-3.318944j,0.142522+0.442996j,12.353658
0.520727-0.276763j,-0.489043-3.327933j,0.144733+0.438795j,12.438892
0.516417-0.289230j,-0.487643-3.336907j,0.146990+0.434620j,12.524127
0.511640-0.302107j,-0.486183-3.346212j,0.149377+0.430312j,12.612645
0.506558-0.314903j,-0.484715-3.355500j,0.151802+0.426032j,12.701164
0.501173-0.327612j,-0.483241-3.364772j,0.154260+0.421779j,12.789683
0.495486-0.340227j,-0.481760-3.374027j,0.156748+0.417552j,12.878202
0.489499-0.352740j,-0.480272-3.383266j,0.159261+0.413351j,12.966721
0.483215-0.365146j,-0.478777-3.392489j,0.161794+0.409176j,13.055241
0.476636-0.377437j,-0.477275-3.401695j,0.164346+0.405024j,13.143761
0.469764-0.389606j,-0.475766-3.410885j,0.166911+0.400897j,13.232281
0.462601-0.401647j,-0.474251-3.420059j,0.169489+0.396793j,13.320802
0.455150-0.413553j,-0.472729-3.429216j,0.172075+0.392712j,13.409322
0.447139-0.425726j,-0.471147-3.438676j,0.174758+0.388511j,13.500931
0.438827-0.437739j,-0.469558-3.448118j,0.177444+0.384333j,13.592540
0.430215-0.449587j,-0.467962-3.457543j,0.180133+0.380177j,13.684149
0.421309-0.461261j,-0.466359-3.466951j,0.182821+0.376042j,13.775758
0.412111-0.472755j,-0.464749-3.476340j,0.185506+0.371928j,13.867367
0.402626-0.484062j,-0.463133-3.485713j,0.188186+0.367834j,13.958977
0.392858-0.495175j,-0.461510-3.495068j,0.190861+0.363759j,14.050586
0.382810-0.506087j,-0.459880-3.504405j,0.193527+0.359703j,14.142196
0.372487-0.516792j,-0.458245-3.513726j,0.196184+0.355665j,14.233806
0.361894-0.527283j,-0.456602-3.523028j,0.198830+0.351644j,14.325416
0.351036-0.537554j,-0.454954-3.532314j,0.201464+0.347640j,14.417026
0.339916-0.547598j,-0.453299-3.541582j,0.204085+0.343652j,14.508636
0.328540-0.557409j,-0.451639-3.550833j,0.206691+0.339680j,14.600246
0.316502-0.567311j,-0.449914-3.560390j,0.209373+0.335585j,14.695061
0.304200-0.576951j,-0.448183-3.569929j,0.212037+0.331505j,14.789876
0.291641-0.586322j,-0.446446-3.579449j,0.214682+0.327440j,14.884692
0.278831-0.595417j,-0.444702-3.588951j,0.217309+0.323389j,14.979507
0.265776-0.604230j,-0.442953-3.598435j,0.219915+0.319352j,15.074323
0.252482-0.612755j,-0.441198-3.607900j,0.222500+0.315328j,15.169138
0.238956-0.620985j,-0.439438-3.617347j,0.225064+0.311317j,15.263954
0.225204-0.628916j,-0.437672-3.626776j,0.227606+0.307318j,15.358770
0.211234-0.636542j,-0.435900-3.636187j,0.230125+0.303331j,15.453586
0.197052-0.643856j,-0.434123-3.645580j,0.232621+0.299355j,15.548402
0.182665-0.650853j,-0.432341-3.654955j,0.235093+0.295390j,15.643218
0.168080-0.657530j,-0.430554-3.664312j,0.237541+0.291435j,15.738034
0.153305-0.663879j,-0.428762-3.673652j,0.239964+0.287489j,15.832850
0.137795-0.670111j,-0.426899-3.683314j,0.242451+0.283409j,15.931136
0.122098-0.675981j,-0.425032-3.692958j,0.244910+0.279339j,16.029421
0.106220-0.681485j,-0.423159-3.702582j,0.247342+0.275278j,16.127707
0.090171-0.686618j,-0.421281-3.712187j,0.249746+0.271226j,16.225993
0.073960-0.691375j,-0.419399-3.721773j,0.252122+0.267182j,16.324279
0.057595-0.695751j,-0.417512-3.731341j,0.254470+0.263146j,16.422565
0.041086-0.699742j,-0.415620-3.740889j,0.256790+0.259118j,16.520852
0.024441-0.703345j,-0.413725-3.750419j,0.259081+0.255097j,16.619138
0.007670-0.706555j,-0.411825-3.759930j,0.261344+0.251083j,16.717425
-0.009219-0.709370j,-0.409921-3.769422j,0.263577+0.247075j,16.815711
-0.026215-0.711785j,-0.408013-3.778896j,0.265782+0.243074j,16.913998
-0.043309-0.713798j,-0.406101-3.788351j,0.267958+0.239078j,17.012285
-0.060492-0.715405j,-0.404185-3.797787j,0.270105+0.235088j,17.110572
-0.078378-0.716639j,-0.402197-3.807544j,0.272298+0.230960j,17.212396
-0.096338-0.717433j,-0.400205-3.817281j,0.274460+0.226837j,17.314221
-0.114361-0.717784j,-0.398209-3.826998j,0.276591+0.222719j,17.416045
-0.132437-0.717690j,-0.396210-3.836695j,0.278690+0.218605j,17.517870
-0.150555-0.717148j,-0.394208-3.846373j,0.280757+0.214496j,17.619695
-0.168703-0.716157j,-0.392202-3.856031j,0.282794+0.210392j,17.721520
-0.186870-0.714715j,-0.390193-3.865669j,0.284798+0.206291j,17.823345
-0.205046-0.712823j,-0.388181-3.875288j,0.286772+0.202194j,17.925171
-0.223219-0.710477j,-0.386167-3.884887j,0.288714+0.198100j,18.026996
-0.241379-0.707679j,-0.384150-3.894467j,0.290624+0.194009j,18.128822
-0.259513-0.704428j,-0.382130-3.904027j,0.292503+0.189921j,18.230648
-0.277611-0.700724j,-0.380108-3.913568j,0.294351+0.185836j,18.332475
-0.295662-0.696566j,-0.378084-3.923090j,0.296168+0.181753j,18.434301
-0.313654-0.691956j,-0.376057-3.932591j,0.297953+0.177673j,18.536128
-0.332208-0.686707j,-0.373957-3.942409j,0.299769+0.173450j,18.641551
-0.350675-0.680975j,-0.371855-3.952206j,0.301551+0.169229j,18.746973
-0.369043-0.674761j,-0.369750-3.961982j,0.303300+0.165010j,18.852397
-0.387298-0.668068j,-0.367645-3.971737j,0.305016+0.160793j,18.957820
-0.405429-0.660897j,-0.365537-3.981472j,0.306699+0.156577j,19.063244
-0.423423-0.653251j,-0.363428-3.991186j,0.308348+0.152362j,19.168668
-0.441269-0.645133j,-0.361318-4.000879j,0.309965+0.148148j,19.274092
-0.458953-0.636545j,-0.359207-4.010552j,0.311549+0.143935j,19.379516
-0.476464-0.627492j,-0.357095-4.020204j,0.313101+0.139722j,19.484941
-0.493790-0.617976j,-0.354982-4.029835j,0.314619+0.135510j,19.590366
-0.510919-0.608002j,-0.352868-4.039446j,0.316105+0.131298j,19.695792
-0.527839-0.597574j,-0.350754-4.049036j,0.317559+0.127087j,19.801218
-0.544538-0.586697j,-0.348640-4.058606j,0.318980+0.122875j,19.906644
-0.560864-0.575475j,-0.346544-4.068072j,0.320357+0.118699j,20.011160
-0.560864-0.575475j,-0.346544-4.068072j,0.320357+0.118699j,20.011160
-0.560864-0.575475j,-0.346544-4.068072j,0.320357+0.118699j,20.011160
-0.560864-0.575475j,-0.346544-4.068072j,0.320357+0.118699j,20.011160
-0.560864-0.575475j,-0.346544-4.068072j,0.320357+0.118699j,20.011160
-0.560864-0.575475j,-0.346544-4.068072j,0.320357+0.118699j,20.011161
-0.560865-0.575474j,-0.346544-4.068072j,0.320357+0.118699j,20.011165
-0.560867-0.575472j,-0.346543-4.068074j,0.320358+0.118698j,20.011184
-0.560880-0.575463j,-0.346542-4.068082j,0.320359+0.118695j,20.011267
-0.560938-0.575422j,-0.346534-4.068115j,0.320364+0.118680j,20.011640
-0.561199-0.575238j,-0.346500-4.068267j,0.320385+0.118613j,20.013322
-0.562369-0.574410j,-0.346349-4.068951j,0.320484+0.118311j,20.020888
-0.567622-0.570652j,-0.345667-4.072026j,0.320924+0.116953j,20.054924
-0.584240-0.558337j,-0.343487-4.081841j,0.322309+0.112609j,20.163623
-0.600581-0.545562j,-0.341307-4.091634j,0.323660+0.108265j,20.272323
-0.616633-0.532336j,-0.339127-4.101406j,0.324977+0.103921j,20.381024
-0.632384-0.518665j,-0.336948-4.111155j,0.326260+0.099575j,20.489725
-0.647822-0.504555j,-0.334770-4.120882j,0.327510+0.095228j,20.598426
-0.662934-0.490015j,-0.332593-4.130587j,0.328725+0.090881j,20.707128
-0.677711-0.475052j,-0.330417-4.140270j,0.329908+0.086532j,20.815830
-0.692139-0.459675j,-0.328243-4.149930j,0.331056+0.082181j,20.924533
-0.706209-0.443890j,-0.326070-4.159569j,0.332172+0.077829j,21.033235
-0.719908-0.427708j,-0.323899-4.169185j,0.333254+0.073475j,21.141939
-0.733226-0.411137j,-0.321730-4.178778j,0.334303+0.069120j,21.250643
-0.746153-0.394187j,-0.319564-4.188349j,0.335319+0.064762j,21.359347
-0.758678-0.376866j,-0.317400-4.197898j,0.336302+0.060403j,21.468052
-0.770791-0.359185j,-0.315238-4.207423j,0.337253+0.056041j,21.576757
-0.782482-0.341154j,-0.313080-4.216927j,0.338170+0.051677j,21.685462
-0.793742-0.322782j,-0.310925-4.226407j,0.339055+0.047311j,21.794168
-0.804561-0.304082j,-0.308773-4.235864j,0.339907+0.042942j,21.902875
-0.814930-0.285062j,-0.306625-4.245298j,0.340727+0.038570j,22.011582
-0.824840-0.265735j,-0.304482-4.254710j,0.341514+0.034196j,22.120289
-0.834283-0.246112j,-0.302342-4.264097j,0.342269+0.029819j,22.228997
-0.843250-0.226204j,-0.300207-4.273462j,0.342992+0.025439j,22.337705
-0.851735-0.206023j,-0.298077-4.282803j,0.343683+0.021055j,22.446414
-0.859727-0.185581j,-0.295952-4.292120j,0.344341+0.016669j,22.555123
-0.867472-0.164171j,-0.293759-4.301734j,0.344989+0.012128j,22.667580
-0.874675-0.142509j,-0.291573-4.311322j,0.345602+0.007583j,22.780039
-0.881329-0.120608j,-0.289393-4.320884j,0.346182+0.003034j,22.892497
-0.887427-0.098482j,-0.287221-4.330420j,0.346727-0.001519j,23.004956
-0.892962-0.076145j,-0.285055-4.339930j,0.347238-0.006076j,23.117416
-0.897929-0.053613j,-0.282898-4.349414j,0.347716-0.010636j,23.229876
-0.902320-0.030899j,-0.280748-4.358870j,0.348160-0.015201j,23.342337
-0.906131-0.008020j,-0.278608-4.368299j,0.348570-0.019771j,23.454798
-0.909356+0.015012j,-0.276476-4.377702j,0.348946-0.024345j,23.567260
-0.911991+0.038180j,-0.274354-4.387076j,0.349289-0.028923j,23.679722
-0.914030+0.061468j,-0.272242-4.396423j,0.349598-0.033506j,23.792185
-0.915471+0.084863j,-0.270141-4.405741j,0.349874-0.038094j,23.904648
-0.916309+0.108347j,-0.268051-4.415031j,0.350116-0.042687j,24.017111
-0.916541+0.131906j,-0.265973-4.424292j,0.350325-0.047285j,24.129576
-0.916164+0.155524j,-0.263907-4.433524j,0.350501-0.051888j,24.242040
-0.915176+0.179185j,-0.261854-4.442726j,0.350643-0.056496j,24.354506
-0.913575+0.202873j,-0.259815-4.451899j,0.350752-0.061110j,24.466971
-0.911359+0.226572j,-0.257790-4.461040j,0.350828-0.065730j,24.579438
-0.908528+0.250266j,-0.255780-4.470151j,0.350871-0.070355j,24.691904
-0.905080+0.273939j,-0.253785-4.479230j,0.350881-0.074986j,24.804371
-0.901015+0.297576j,-0.251808-4.488278j,0.350858-0.079623j,24.916839
-0.896334+0.321160j,-0.249848-4.497293j,0.350802-0.084265j,25.029307
-0.891036+0.344674j,-0.247906-4.506275j,0.350713-0.088914j,25.141776
-0.885123+0.368104j,-0.245983-4.515223j,0.350591-0.093570j,25.254245
-0.878596+0.391433j,-0.244080-4.524137j,0.350437-0.098232j,25.366714
-0.871457+0.414644j,-0.242199-4.533016j,0.350249-0.102900j,25.479184
-0.863708+0.437723j,-0.240339-4.541860j,0.350029-0.107575j,25.591654
-0.855351+0.460652j,-0.238503-4.550667j,0.349775-0.112257j,25.704125
-0.846390+0.483417j,-0.236692-4.559437j,0.349489-0.116946j,25.816596
-0.836829+0.506001j,-0.234906-4.568170j,0.349171-0.121643j,25.929067
-0.826670+0.528389j,-0.233147-4.576863j,0.348820-0.126346j,26.041539
-0.815918+0.550565j,-0.231417-4.585516j,0.348436-0.131057j,26.154011
-0.804579+0.572514j,-0.229717-4.594129j,0.348019-0.135776j,26.266484
-0.792656+0.594220j,-0.228048-4.602699j,0.347570-0.140502j,26.378957
-0.780155+0.615668j,-0.226412-4.611227j,0.347088-0.145237j,26.491430
-0.767083+0.636843j,-0.224811-4.619710j,0.346574-0.149979j,26.603903
-0.753445+0.657731j,-0.223246-4.628148j,0.346027-0.154730j,26.716377
-0.739249+0.678315j,-0.221721-4.636538j,0.345447-0.159489j,26.828851
-0.724500+0.698582j,-0.220236-4.644880j,0.344835-0.164257j,26.941325
-0.709207+0.718517j,-0.218794-4.653172j,0.344191-0.169034j,27.053799
-0.693377+0.738106j,-0.217397-4.661412j,0.343514-0.173820j,27.166273
-0.677018+0.757335j,-0.216048-4.669599j,0.342805-0.178615j,27.278748
-0.660139+0.776191j,-0.214749-4.677730j,0.342063-0.183419j,27.391222
-0.642748+0.794659j,-0.213504-4.685803j,0.341289-0.188233j,27.503697
-0.624855+0.812726j,-0.212315-4.693815j,0.340482-0.193057j,27.616172
-0.606469+0.830379j,-0.211186-4.701765j,0.339643-0.197891j,27.728646
-0.587600+0.847606j,-0.210120-4.709649j,0.338772-0.202735j,27.841121
-0.568258+0.864393j,-0.209120-4.717465j,0.337868-0.207589j,27.953595
-0.548454+0.880729j,-0.208191-4.725209j,0.336932-0.212455j,28.066070
-0.528197+0.896602j,-0.207337-4.732878j,0.335964-0.217331j,28.178544
-0.507500+0.911998j,-0.206562-4.740468j,0.334964-0.222219j,28.291017
-0.486373+0.926909j,-0.205872-4.747973j,0.333931-0.227118j,28.403490
-0.464828+0.941321j,-0.205270-4.755391j,0.332866-0.232029j,28.515963
-0.442876+0.955225j,-0.204764-4.762715j,0.331769-0.236951j,28.628436
-0.420530+0.968609j,-0.204359-4.769940j,0.330640-0.241887j,28.740907
-0.397803+0.981464j,-0.204061-4.777058j,0.329479-0.246835j,28.853378
-0.374705+0.993781j,-0.203876-4.784064j,0.328286-0.251796j,28.965848
-0.351251+1.005548j,-0.203813-4.790950j,0.327061-0.256770j,29.078317
-0.327452+1.016758j,-0.203879-4.797705j,0.325804-0.261758j,29.190785
-0.303322+1.027402j,-0.204082-4.804321j,0.324515-0.266761j,29.303251
-0.278874+1.037471j,-0.204431-4.810785j,0.323194-0.271777j,29.415716
-0.254121+1.046957j,-0.204935-4.817086j,0.321842-0.276809j,29.528180
-0.229076+1.055852j,-0.205603-4.823209j,0.320458-0.281856j,29.640641
-0.203753+1.064150j,-0.206446-4.829138j,0.319042-0.286919j,29.753101
-0.178165+1.071843j,-0.207474-4.834854j,0.317595-0.291999j,29.865557
-0.152326+1.078925j,-0.208698-4.840336j,0.316116-0.297095j,29.978012
-0.126249+1.085390j,-0.210128-4.845561j,0.314606-0.302209j,30.090463
-0.099947+1.091232j,-0.211774-4.850501j,0.313065-0.307341j,30.202910
-0.073433+1.096445j,-0.213645-4.855125j,0.311493-0.312492j,30.315354
-0.046721+1.101025j,-0.215750-4.859400j,0.309890-0.317662j,30.427793
-0.019824+1.104966j,-0.218095-4.863284j,0.308256-0.322853j,30.540227
0.007246+1.108263j,-0.220683-4.866734j,0.306591-0.328065j,30.652656
0.034476+1.110913j,-0.223512-4.869700j,0.304895-0.333299j,30.765078
0.061855+1.112912j,-0.226576-4.872128j,0.303168-0.338556j,30.877492
0.089371+1.114254j,-0.229861-4.873958j,0.301411-0.343838j,30.989899
0.113418+1.114885j,-0.232881-4.875016j,0.299857-0.348455j,31.087736
0.137553+1.115013j,-0.236030-4.875533j,0.298279-0.353092j,31.185568
0.161769+1.114635j,-0.239279-4.875464j,0.296678-0.357750j,31.283391
0.186058+1.113748j,-0.242593-4.874770j,0.295053-0.362431j,31.381208
0.210416+1.112349j,-0.245927-4.873413j,0.293404-0.367134j,31.479016
0.234834+1.110433j,-0.249232-4.871360j,0.291731-0.371861j,31.576816
0.259307+1.107996j,-0.252453-4.868585j,0.290034-0.376614j,31.674606
0.283829+1.105034j,-0.255529-4.865070j,0.288311-0.381393j,31.772387
0.308393+1.101541j,-0.258398-4.860807j,0.286563-0.386199j,31.870158
0.332993+1.097512j,-0.260999-4.855794j,0.284789-0.391035j,31.967920
0.357622+1.092939j,-0.263272-4.850043j,0.282988-0.395900j,32.065672
0.382272+1.087816j,-0.265161-4.843570j,0.281159-0.400796j,32.163415
0.406938+1.082137j,-0.266617-4.836396j,0.279301-0.405724j,32.261147
0.431609+1.075891j,-0.267598-4.828550j,0.277413-0.410686j,32.358871
0.456278+1.069073j,-0.268066-4.820061j,0.275495-0.415683j,32.456585
0.480935+1.061672j,-0.267993-4.810959j,0.273545-0.420715j,32.554291
0.506507+1.053363j,-0.267320-4.800892j,0.271485-0.425977j,32.655696
0.532044+1.044407j,-0.266018-4.790226j,0.269388-0.431281j,32.757092
0.557533+1.034794j,-0.264073-4.778989j,0.267252-0.436626j,32.858479
0.582959+1.024511j,-0.261472-4.767203j,0.265075-0.442015j,32.959858
0.608308+1.013549j,-0.258208-4.754889j,0.262857-0.447447j,33.061228
0.633564+1.001896j,-0.254274-4.742063j,0.260594-0.452926j,33.162591
0.658710+0.989542j,-0.249665-4.728736j,0.258286-0.458450j,33.263945
0.683728+0.976476j,-0.244376-4.714916j,0.255930-0.464023j,33.365292
0.708601+0.962686j,-0.238403-4.700607j,0.253523-0.469644j,33.466632
0.733307+0.948162j,-0.231741-4.685809j,0.251065-0.475315j,33.567964
0.757827+0.932893j,-0.224384-4.670520j,0.248552-0.481038j,33.669288
0.782138+0.916868j,-0.216327-4.654734j,0.245982-0.486813j,33.770605
0.806216+0.900077j,-0.207561-4.638440j,0.243353-0.492641j,33.871915
0.830039+0.882509j,-0.198078-4.621627j,0.240662-0.498524j,33.973218
0.853579+0.864154j,-0.187868-4.604280j,0.237905-0.504463j,34.074513
0.876809+0.845003j,-0.176920-4.586379j,0.235081-0.510458j,34.175800
0.899702+0.825046j,-0.165220-4.567904j,0.232184-0.516513j,34.277080
0.922228+0.804273j,-0.152754-4.548829j,0.229213-0.522626j,34.378352
0.944354+0.782676j,-0.139506-4.529127j,0.226163-0.528801j,34.479616
0.962866+0.763619j,-0.127589-4.511823j,0.223499-0.534111j,34.565945
0.981043+0.743952j,-0.115078-4.494019j,0.220772-0.539466j,34.652269
0.998862+0.723672j,-0.101961-4.475691j,0.217980-0.544868j,34.738587
1.016300+0.702772j,-0.088223-4.456815j,0.215118-0.550318j,34.824901
1.033332+0.681251j,-0.073850-4.437362j,0.212185-0.555816j,34.911208
1.047661+0.662207j,-0.060945-4.420116j,0.209597-0.560592j,34.985603
1.061652+0.642697j,-0.047546-4.402398j,0.206951-0.565405j,35.059994
1.075288+0.622719j,-0.033640-4.384184j,0.204244-0.570255j,35.134382
1.088551+0.602271j,-0.019215-4.365450j,0.201474-0.575144j,35.208765
1.101420+0.581351j,-0.004259-4.346169j,0.198637-0.580070j,35.283144
1.112090+0.563102j,0.008952-4.329240j,0.196158-0.584311j,35.346731
1.122445+0.544509j,0.022570-4.311871j,0.193626-0.588580j,35.410315
1.132471+0.525570j,0.036604-4.294043j,0.191039-0.592878j,35.473897
1.142155+0.506287j,0.051063-4.275732j,0.188395-0.597205j,35.537475
1.151482+0.486660j,0.065957-4.256917j,0.185692-0.601562j,35.601051
1.159238+0.469431j,0.079179-4.240240j,0.183307-0.605348j,35.655985
1.166706+0.451947j,0.092740-4.223150j,0.180874-0.609157j,35.710917
1.173876+0.434209j,0.106646-4.205629j,0.178391-0.612988j,35.765847
1.180736+0.416217j,0.120905-4.187658j,0.175856-0.616842j,35.820775
1.187276+0.397972j,0.135524-4.169215j,0.173268-0.620718j,35.875700
1.192659+0.382008j,0.148449-4.152886j,0.170986-0.624084j,35.923172
1.197786+0.365858j,0.161652-4.136173j,0.168662-0.627468j,35.970643
1.202650+0.349524j,0.175138-4.119061j,0.166292-0.630868j,36.018111
1.207241+0.333006j,0.188912-4.101534j,0.163876-0.634285j,36.065578
1.211552+0.316307j,0.202979-4.083573j,0.161412-0.637719j,36.113043
1.215084+0.301560j,0.215520-4.067501j,0.159217-0.640734j,36.154554
1.218389+0.286678j,0.228291-4.051070j,0.156983-0.643762j,36.196064
1.221460+0.271661j,0.241295-4.034267j,0.154708-0.646802j,36.237572
1.224291+0.256511j,0.254536-4.017077j,0.152391-0.649855j,36.279078
1.226876+0.241230j,0.268015-3.999484j,0.150030-0.652920j,36.320584
1.228937+0.227704j,0.280052-3.983689j,0.147920-0.655622j,36.357046
1.230798+0.214079j,0.292277-3.967560j,0.145774-0.658333j,36.393508
1.232454+0.200357j,0.304692-3.951084j,0.143591-0.661052j,36.429969
1.233900+0.186541j,0.317297-3.934250j,0.141370-0.663781j,36.466428
1.235131+0.172632j,0.330095-3.917043j,0.139109-0.666518j,36.502886
1.236040+0.160199j,0.341626-3.901436j,0.137068-0.668957j,36.535281
1.236770+0.147696j,0.353309-3.885514j,0.134993-0.671401j,36.567674
1.237319+0.135123j,0.365146-3.869268j,0.132884-0.673853j,36.600067
1.237682+0.122483j,0.377138-3.852686j,0.130740-0.676310j,36.632459
1.237856+0.109778j,0.389283-3.835757j,0.128561-0.678773j,36.664849
1.237847+0.098360j,0.400275-3.820314j,0.126580-0.680980j,36.693823
1.237679+0.086893j,0.411390-3.804575j,0.124569-0.683192j,36.722797
1.237350+0.075377j,0.422627-3.788532j,0.122527-0.685407j,36.751770
1.236857+0.063815j,0.433986-3.772174j,0.120452-0.687626j,36.780742
1.236196+0.052207j,0.445466-3.755492j,0.118345-0.689849j,36.809713
1.235363+0.040555j,0.457066-3.738476j,0.116203-0.692075j,36.838683
1.234494+0.030360j,0.467279-3.723356j,0.114307-0.694019j,36.863955
1.233490+0.020133j,0.477581-3.707966j,0.112384-0.695964j,36.889227
1.232349+0.009878j,0.487970-3.692300j,0.110433-0.697912j,36.914498
1.231067-0.000406j,0.498446-3.676350j,0.108453-0.699861j,36.939768
1.229642-0.010716j,0.509007-3.660107j,0.106443-0.701811j,36.965038
1.228073-0.021051j,0.519651-3.643565j,0.104404-0.703762j,36.990307
1.226356-0.031410j,0.530375-3.626713j,0.102333-0.705713j,37.015575
1.224717-0.040562j,0.539896-3.611592j,0.100481-0.707434j,37.037862
1.222959-0.049730j,0.549477-3.596218j,0.098604-0.709155j,37.060148
1.221081-0.058913j,0.559114-3.580586j,0.096700-0.710876j,37.082433
1.219080-0.068109j,0.568806-3.564688j,0.094771-0.712596j,37.104718
1.216955-0.077317j,0.578550-3.548520j,0.092814-0.714315j,37.127003
1.214703-0.086535j,0.588344-3.532074j,0.090829-0.716034j,37.149286
1.212323-0.095763j,0.598185-3.515343j,0.088816-0.717750j,37.171570
1.209812-0.104998j,0.608070-3.498321j,0.086774-0.719465j,37.193852
1.207502-0.113099j,0.616767-3.483155j,0.084959-0.720966j,37.213390
1.205089-0.121203j,0.625493-3.467755j,0.083121-0.722466j,37.232927
1.202570-0.129310j,0.634244-3.452116j,0.081259-0.723963j,37.252463
1.199946-0.137417j,0.643019-3.436234j,0.079372-0.725457j,37.271999
1.197213-0.145525j,0.651813-3.420103j,0.077460-0.726949j,37.291535
1.194372-0.153632j,0.660623-3.403719j,0.075523-0.728437j,37.311070
1.191419-0.161736j,0.669446-3.387076j,0.073560-0.729922j,37.330605
1.188354-0.169836j,0.678279-3.370170j,0.071570-0.731403j,37.350139
1.185175-0.177931j,0.687116-3.352995j,0.069553-0.732879j,37.369673
1.182249-0.185130j,0.694983-3.337479j,0.067734-0.734189j,37.387063
1.179229-0.192322j,0.702848-3.321741j,0.065893-0.735496j,37.404452
1.176116-0.199507j,0.710706-3.305780j,0.064029-0.736797j,37.421841
1.172908-0.206684j,0.718555-3.289591j,0.062141-0.738095j,37.439230
1.169603-0.213850j,0.726392-3.273171j,0.060230-0.739387j,37.456619
1.166201-0.221005j,0.734211-3.256516j,0.058294-0.740673j,37.474007
1.162700-0.228147j,0.742009-3.239623j,0.056333-0.741954j,37.491395
1.159100-0.235276j,0.749781-3.222488j,0.054347-0.743229j,37.508782
1.155398-0.242390j,0.757524-3.205108j,0.052335-0.744497j,37.526169
1.151594-0.249487j,0.765232-3.187480j,0.050297-0.745758j,37.543555
1.148113-0.255802j,0.772074-3.171543j,0.048456-0.746876j,37.559067
1.144549-0.262102j,0.778880-3.155403j,0.046594-0.747989j,37.574579
1.140901-0.268385j,0.785648-3.139059j,0.044709-0.749094j,37.590090
1.137168-0.274651j,0.792372-3.122508j,0.042802-0.750192j,37.605601
1.133349-0.280897j,0.799049-3.105748j,0.040872-0.751283j,37.621111
1.129443-0.287124j,0.805675-3.088777j,0.038919-0.752366j,37.636621
1.125449-0.293330j,0.812244-3.071593j,0.036942-0.753441j,37.652131
1.121366-0.299513j,0.818753-3.054195j,0.034941-0.754507j,37.667641
1.117194-0.305672j,0.825196-3.036581j,0.032915-0.755564j,37.683150
1.112931-0.311806j,0.831568-3.018750j,0.030864-0.756611j,37.698659
1.108576-0.317913j,0.837865-3.000699j,0.028788-0.757647j,37.714167
1.104129-0.323992j,0.844081-2.982429j,0.026686-0.758674j,37.729676
1.100099-0.329370j,0.849533-2.966007j,0.024796-0.759576j,37.743461
1.095994-0.334723j,0.854913-2.949410j,0.022885-0.760469j,37.757246
1.091815-0.340051j,0.860217-2.932638j,0.020953-0.761353j,37.771031
1.087559-0.345352j,0.865440-2.915690j,0.018999-0.762226j,37.784815
1.083228-0.350626j,0.870579-2.898566j,0.017023-0.763089j,37.798599
1.078820-0.355870j,0.875630-2.881267j,0.015025-0.763941j,37.812383
1.074334-0.361085j,0.880587-2.863791j,0.013005-0.764781j,37.826167
1.069770-0.366268j,0.885446-2.846141j,0.010961-0.765609j,37.839951
1.065127-0.371418j,0.890203-2.828315j,0.008894-0.766425j,37.853734
1.060406-0.376534j,0.894853-2.810316j,0.006804-0.767228j,37.867517
1.055604-0.381615j,0.899392-2.792144j,0.004690-0.768017j,37.881300
1.050722-0.386659j,0.903814-2.773799j,0.002552-0.768792j,37.895082
1.045759-0.391665j,0.908116-2.755283j,0.000390-0.769552j,37.908864
1.040715-0.396631j,0.912291-2.736599j,-0.001797-0.770297j,37.922646
1.036117-0.401054j,0.915927-2.719683j,-0.003782-0.770952j,37.935020
1.031453-0.405443j,0.919454-2.702635j,-0.005786-0.771594j,37.947394
1.026722-0.409796j,0.922869-2.685454j,-0.007811-0.772221j,37.959768
1.021924-0.414113j,0.926167-2.668143j,-0.009857-0.772835j,37.972141
1.017059-0.418393j,0.929345-2.650704j,-0.011924-0.773434j,37.984514
1.012125-0.422633j,0.932399-2.633138j,-0.014011-0.774017j,37.996887
1.007124-0.426834j,0.935326-2.615449j,-0.016120-0.774584j,38.009260
1.002055-0.430994j,0.938122-2.597637j,-0.018251-0.775135j,38.021633
0.996917-0.435111j,0.940784-2.579707j,-0.020402-0.775669j,38.034006
0.991711-0.439184j,0.943307-2.561661j,-0.022576-0.776185j,38.046378
0.986435-0.443212j,0.945689-2.543501j,-0.024771-0.776683j,38.058750
0.981091-0.447194j,0.947925-2.525231j,-0.026988-0.777163j,38.071123
0.975677-0.451128j,0.950013-2.506854j,-0.029227-0.777622j,38.083495
0.970194-0.455013j,0.951949-2.488374j,-0.031488-0.778062j,38.095867
0.964641-0.458847j,0.953729-2.469794j,-0.033772-0.778481j,38.108238
0.959019-0.462630j,0.955350-2.451118j,-0.036077-0.778878j,38.120610
0.953328-0.466359j,0.956809-2.432351j,-0.038405-0.779254j,38.132982
0.947567-0.470034j,0.958103-2.413496j,-0.040755-0.779606j,38.145353
0.942350-0.473276j,0.959119-2.396546j,-0.042878-0.779902j,38.156431
0.937078-0.476472j,0.959998-2.379533j,-0.045019-0.780178j,38.167509
0.931750-0.479620j,0.960738-2.362459j,-0.047178-0.780435j,38.178587
0.926366-0.482721j,0.961337-2.345329j,-0.049355-0.780671j,38.189665
0.920927-0.485772j,0.961792-2.328147j,-0.051549-0.780886j,38.200743
0.915433-0.488773j,0.962103-2.310915j,-0.053761-0.781079j,38.211821
0.909884-0.491722j,0.962268-2.293639j,-0.055991-0.781250j,38.222898
0.904280-0.494618j,0.962284-2.276321j,-0.058238-0.781399j,38.233976
0.898622-0.497461j,0.962150-2.258965j,-0.060503-0.781524j,38.245054
0.892909-0.500248j,0.961865-2.241577j,-0.062785-0.781626j,38.256132
0.887142-0.502980j,0.961427-2.224160j,-0.065085-0.781703j,38.267210
0.881322-0.505654j,0.960835-2.206717j,-0.067401-0.781755j,38.278287
0.875448-0.508270j,0.960088-2.189255j,-0.069734-0.781782j,38.289365
0.869521-0.510826j,0.959185-2.171776j,-0.072084-0.781782j,38.300443
0.863541-0.513322j,0.958124-2.154286j,-0.074450-0.781756j,38.311521
0.857510-0.515756j,0.956904-2.136789j,-0.076832-0.781702j,38.322599
0.851427-0.518127j,0.955526-2.119289j,-0.079230-0.781621j,38.333677
0.845293-0.520434j,0.953988-2.101791j,-0.081643-0.781511j,38.344755
0.839108-0.522676j,0.952289-2.084300j,-0.084072-0.781371j,38.355833
0.832874-0.524851j,0.950430-2.066820j,-0.086515-0.781203j,38.366911
0.826591-0.526960j,0.948409-2.049356j,-0.088973-0.781004j,38.377990
0.820259-0.528999j,0.946226-2.031913j,-0.091444-0.780774j,38.389068
0.813879-0.530970j,0.943883-2.014496j,-0.093930-0.780513j,38.400147
0.807453-0.532869j,0.941377-1.997108j,-0.096428-0.780220j,38.411226
0.800980-0.534697j,0.938709-1.979756j,-0.098940-0.779895j,38.422305
0.794461-0.536453j,0.935880-1.962442j,-0.101463-0.779536j,38.433384
0.787899-0.538134j,0.932890-1.945173j,-0.103998-0.779145j,38.444463
0.781293-0.539741j,0.929738-1.927952j,-0.106544-0.778719j,38.455542
0.774644-0.541272j,0.926426-1.910785j,-0.109101-0.778259j,38.466622
0.767953-0.542727j,0.922954-1.893675j,-0.111667-0.777764j,38.477701
0.761222-0.544104j,0.919322-1.876627j,-0.114243-0.777234j,38.488781
0.754451-0.545403j,0.915531-1.859646j,-0.116828-0.776668j,38.499862
0.747642-0.546623j,0.911582-1.842736j,-0.119420-0.776066j,38.510942
0.740796-0.547762j,0.907476-1.825901j,-0.122019-0.775428j,38.522022
0.733913-0.548821j,0.903213-1.809146j,-0.124625-0.774753j,38.533103
0.726995-0.549798j,0.898795-1.792473j,-0.127237-0.774041j,38.544184
0.720043-0.550693j,0.894222-1.775888j,-0.129854-0.773291j,38.555266
0.713059-0.551505j,0.889496-1.759394j,-0.132475-0.772504j,38.566347
0.706043-0.552234j,0.884618-1.742995j,-0.135099-0.771679j,38.577429
0.698997-0.552878j,0.879588-1.726695j,-0.137726-0.770816j,38.588511
0.691923-0.553438j,0.874409-1.710497j,-0.140355-0.769915j,38.599593
0.684820-0.553912j,0.869081-1.694404j,-0.142985-0.768976j,38.610676
0.677692-0.554301j,0.863605-1.678420j,-0.145614-0.767998j,38.621759
0.670539-0.554604j,0.857983-1.662549j,-0.148243-0.766982j,38.632842
0.663362-0.554820j,0.852216-1.646792j,-0.150870-0.765928j,38.643926
0.656163-0.554950j,0.846306-1.631153j,-0.153494-0.764836j,38.655009
0.648944-0.554993j,0.840254-1.615635j,-0.156115-0.763705j,38.666093
0.641705-0.554948j,0.834060-1.600240j,-0.158732-0.762536j,38.677178
0.634447-0.554817j,0.827728-1.584970j,-0.161343-0.761330j,38.688262
0.627174-0.554597j,0.821257-1.569828j,-0.163948-0.760085j,38.699347
0.619884-0.554290j,0.814649-1.554817j,-0.166546-0.758803j,38.710432
0.612581-0.553896j,0.807906-1.539938j,-0.169136-0.757484j,38.721517
0.605265-0.553414j,0.801028-1.525192j,-0.171716-0.756129j,38.732603
0.597938-0.552844j,0.794018-1.510582j,-0.174287-0.754736j,38.743689
0.590601-0.552188j,0.786876-1.496109j,-0.176848-0.753308j,38.754775
0.583255-0.551443j,0.779603-1.481775j,-0.179396-0.751844j,38.765861
0.575901-0.550612j,0.772201-1.467581j,-0.181932-0.750345j,38.776948
0.568541-0.549694j,0.764671-1.453527j,-0.184455-0.748812j,38.788035
0.561177-0.548689j,0.757014-1.439615j,-0.186963-0.747245j,38.799122
0.553808-0.547598j,0.749231-1.425846j,-0.189456-0.745644j,38.810209
0.546437-0.546421j,0.741322-1.412219j,-0.191933-0.744011j,38.821297
0.539064-0.545158j,0.733290-1.398737j,-0.194393-0.742345j,38.832384
0.531691-0.543810j,0.725134-1.385398j,-0.196836-0.740649j,38.843472
0.524318-0.542377j,0.716855-1.372203j,-0.199260-0.738922j,38.854560
0.516947-0.540860j,0.708455-1.359153j,-0.201665-0.737166j,38.865648
0.509579-0.539259j,0.699933-1.346247j,-0.204049-0.735381j,38.876736
0.502214-0.537574j,0.691291-1.333484j,-0.206413-0.733568j,38.887825
0.494853-0.535807j,0.682528-1.320865j,-0.208755-0.731728j,38.898913
0.487498-0.533957j,0.673645-1.308388j,-0.211074-0.729863j,38.910001
0.480149-0.532025j,0.664643-1.296054j,-0.213370-0.727972j,38.921090
0.472807-0.530012j,0.655521-1.283861j,-0.215643-0.726058j,38.932178
0.465472-0.527918j,0.646278-1.271809j,-0.217890-0.724121j,38.943266
0.458145-0.525744j,0.636916-1.259896j,-0.220112-0.722163j,38.954355
0.450827-0.523490j,0.627434-1.248121j,-0.222307-0.720184j,38.965443
0.443518-0.521156j,0.617830-1.236482j,-0.224475-0.718186j,38.976531
0.436218-0.518744j,0.608105-1.224979j,-0.226615-0.716170j,38.987619
0.428929-0.516254j,0.598258-1.213609j,-0.228727-0.714138j,38.998707
0.421650-0.513686j,0.588288-1.202370j,-0.230809-0.712091j,39.009794
0.414381-0.511041j,0.578192-1.191262j,-0.232860-0.710031j,39.020882
0.407124-0.508318j,0.567971-1.180280j,-0.234881-0.707958j,39.031968
0.399877-0.505519j,0.557621-1.169424j,-0.236868-0.705875j,39.043055
0.392640-0.502644j,0.547141-1.158691j,-0.238823-0.703782j,39.054141
0.385415-0.499693j,0.536530-1.148078j,-0.240743-0.701683j,39.065227
0.378200-0.496667j,0.525782-1.137582j,-0.242628-0.699579j,39.076312
0.370996-0.493565j,0.514897-1.127201j,-0.244477-0.697471j,39.087396
0.363801-0.490387j,0.503871-1.116930j,-0.246287-0.695361j,39.098480
0.356616-0.487134j,0.492698-1.106767j,-0.248058-0.693253j,39.109563
0.349441-0.483806j,0.481376-1.096707j,-0.249789-0.691147j,39.120645
0.342273-0.480402j,0.469899-1.086748j,-0.251477-0.689047j,39.131726
0.335113-0.476922j,0.458262-1.076883j,-0.253121-0.686955j,39.142806
0.327959-0.473365j,0.446458-1.067110j,-0.254718-0.684874j,39.153885
0.320810-0.469732j,0.434480-1.057422j,-0.256267-0.682807j,39.164963
0.313666-0.466021j,0.422320-1.047815j,-0.257765-0.680756j,39.176038
0.306524-0.462231j,0.409970-1.038282j,-0.259208-0.678727j,39.187113
0.299382-0.458362j,0.397419-1.028817j,-0.260595-0.676721j,39.198185
0.292239-0.454411j,0.384655-1.019412j,-0.261919-0.674745j,39.209255
0.285092-0.450377j,0.371665-1.010060j,-0.263179-0.672802j,39.220323
0.277939-0.446258j,0.358435-1.000752j,-0.264368-0.670898j,39.231388
0.271551-0.442511j,0.346419-0.992479j,-0.265364-0.669237j,39.241258
0.265153-0.438693j,0.334184-0.984226j,-0.266294-0.667616j,39.251125
0.258743-0.434800j,0.321714-0.975984j,-0.267153-0.666041j,39.260989
0.252315-0.430830j,0.308991-0.967742j,-0.267935-0.664517j,39.270850
0.245868-0.426780j,0.295994-0.959489j,-0.268631-0.663052j,39.280708
0.239397-0.422646j,0.282698-0.951213j,-0.269233-0.661653j,39.290562
0.232896-0.418423j,0.269076-0.942899j,-0.269730-0.660330j,39.300411
0.227515-0.414874j,0.257586-0.936009j,-0.270051-0.659304j,39.308528
0.221875-0.411102j,0.245325-0.928775j,-0.270291-0.658305j,39.316983
0.216854-0.407699j,0.234207-0.922315j,-0.270414-0.657487j,39.324470
0.211801-0.404230j,0.222815-0.915791j,-0.270443-0.656739j,39.331952
0.207269-0.401081j,0.212416-0.909912j,-0.270379-0.656140j,39.338619
0.202705-0.397873j,0.201755-0.903959j,-0.270223-0.655612j,39.345283
0.198621-0.394972j,0.192051-0.898601j,-0.269996-0.655208j,39.351200
0.194504-0.392018j,0.182097-0.893163j,-0.269676-0.654874j,39.357114
0.190791-0.389328j,0.172967-0.888223j,-0.269303-0.654640j,39.362403
0.187045-0.386589j,0.163597-0.883198j,-0.268837-0.654476j,39.367689
0.183673-0.384100j,0.155017-0.878634j,-0.268334-0.654394j,39.372406
0.180267-0.381566j,0.146205-0.873983j,-0.267739-0.654380j,39.377119
0.177185-0.379255j,0.138096-0.869732j,-0.267117-0.654432j,39.381342
0.174070-0.376901j,0.129763-0.865390j,-0.266403-0.654551j,39.385563
0.171256-0.374758j,0.122107-0.861425j,-0.265676-0.654722j,39.389335
0.168410-0.372576j,0.114233-0.857367j,-0.264855-0.654960j,39.393105
0.165831-0.370585j,0.106979-0.853647j,-0.264031-0.655237j,39.396480
0.163221-0.368557j,0.099512-0.849833j,-0.263112-0.655581j,39.399854
0.160859-0.366710j,0.092643-0.846338j,-0.262202-0.655952j,39.402869
0.158466-0.364829j,0.085566-0.842750j,-0.261196-0.656389j,39.405882
0.156299-0.363114j,0.079046-0.839454j,-0.260206-0.656843j,39.408575
0.154101-0.361367j,0.072323-0.836064j,-0.259119-0.657363j,39.411266
0.152114-0.359777j,0.066139-0.832952j,-0.258059-0.657890j,39.413666
0.150097-0.358157j,0.059755-0.829746j,-0.256901-0.658483j,39.416065
0.148272-0.356683j,0.053879-0.826801j,-0.255776-0.659074j,39.418204
0.146418-0.355179j,0.047808-0.823761j,-0.254554-0.659732j,39.420341
0.144743-0.353814j,0.042228-0.820969j,-0.253373-0.660379j,39.422242
0.143041-0.352421j,0.036457-0.818084j,-0.252093-0.661091j,39.424142
0.141504-0.351158j,0.031152-0.815434j,-0.250862-0.661786j,39.425830
0.139940-0.349867j,0.025661-0.812691j,-0.249531-0.662547j,39.427517
0.138529-0.348699j,0.020620-0.810173j,-0.248257-0.663284j,39.429012
0.137094-0.347506j,0.015395-0.807564j,-0.246881-0.664086j,39.430506
0.135800-0.346426j,0.010602-0.805168j,-0.245569-0.664857j,39.431829
0.134482-0.345323j,0.005629-0.802682j,-0.244155-0.665693j,39.433150
0.133296-0.344327j,0.001074-0.800403j,-0.242812-0.666493j,39.434317
0.132087-0.343309j,-0.003659-0.798033j,-0.241366-0.667358j,39.435483
0.131001-0.342391j,-0.007991-0.795862j,-0.239996-0.668181j,39.436510
0.129893-0.341452j,-0.012495-0.793602j,-0.238522-0.669069j,39.437536
0.128899-0.340607j,-0.016613-0.791534j,-0.237131-0.669910j,39.438438
0.127884-0.339742j,-0.020900-0.789377j,-0.235637-0.670816j,39.439339
0.126975-0.338966j,-0.024813-0.787406j,-0.234230-0.671670j,39.440129
0.126046-0.338171j,-0.028893-0.785347j,-0.232719-0.672590j,39.440919
0.125216-0.337458j,-0.032612-0.783468j,-0.231302-0.673453j,39.441609
0.124367-0.336728j,-0.036494-0.781503j,-0.229780-0.674381j,39.442298
0.123609-0.336075j,-0.040028-0.779711j,-0.228356-0.675250j,39.442900
0.122834-0.335405j,-0.043721-0.777836j,-0.226827-0.676183j,39.443500
0.122144-0.334808j,-0.047077-0.776128j,-0.225401-0.677054j,39.444023
0.121437-0.334195j,-0.050589-0.774337j,-0.223871-0.677988j,39.444544
0.120810-0.333650j,-0.053775-0.772709j,-0.222447-0.678857j,39.444997
0.120166-0.333090j,-0.057115-0.771000j,-0.220919-0.679789j,39.445448
0.119596-0.332593j,-0.060139-0.769449j,-0.219502-0.680652j,39.445839
0.119011-0.332082j,-0.063313-0.767818j,-0.217981-0.681579j,39.446229
0.118494-0.331630j,-0.066182-0.766340j,-0.216574-0.682435j,39.446565
0.117962-0.331165j,-0.069198-0.764784j,-0.215063-0.683354j,39.446900
0.117494-0.330755j,-0.071918-0.763377j,-0.213671-0.684200j,39.447188
0.117013-0.330333j,-0.074781-0.761893j,-0.212174-0.685108j,39.447475
0.116591-0.329961j,-0.077360-0.760554j,-0.210799-0.685941j,39.447721
0.116156-0.329578j,-0.080078-0.759140j,-0.209320-0.686836j,39.447967
0.115774-0.329243j,-0.082519-0.757867j,-0.207965-0.687655j,39.448176
0.115382-0.328896j,-0.085098-0.756519j,-0.206507-0.688534j,39.448385
0.115039-0.328594j,-0.087409-0.755309j,-0.205176-0.689337j,39.448562
0.114686-0.328281j,-0.089854-0.754026j,-0.203743-0.690199j,39.448739
0.114378-0.328009j,-0.092040-0.752877j,-0.202438-0.690983j,39.448889
0.114049-0.327719j,-0.094438-0.751614j,-0.200982-0.691856j,39.449043
0.113782-0.327482j,-0.096444-0.750554j,-0.199744-0.692598j,39.449165
0.113488-0.327221j,-0.098716-0.749353j,-0.198317-0.693451j,39.449295
0.113249-0.327009j,-0.100608-0.748350j,-0.197111-0.694172j,39.449397
0.112986-0.326775j,-0.102761-0.747206j,-0.195715-0.695003j,39.449506
0.112774-0.326587j,-0.104542-0.746259j,-0.194544-0.695701j,39.449590
0.112539-0.326378j,-0.106582-0.745171j,-0.193181-0.696510j,39.449681
0.112352-0.326212j,-0.108256-0.744277j,-0.192047-0.697183j,39.449751
0.112142-0.326025j,-0.110187-0.743244j,-0.190721-0.697969j,39.449826
0.111977-0.325878j,-0.111759-0.742401j,-0.189625-0.698617j,39.449883
0.111791-0.325713j,-0.113585-0.741420j,-0.188336-0.699378j,39.449945
0.111646-0.325583j,-0.115060-0.740627j,-0.187281-0.700000j,39.449992
0.111481-0.325437j,-0.116785-0.739698j,-0.186032-0.700736j,39.450043
0.111354-0.325323j,-0.118166-0.738952j,-0.185019-0.701332j,39.450081
0.111209-0.325194j,-0.119794-0.738072j,-0.183810-0.702041j,39.450122
0.111098-0.325095j,-0.121085-0.737373j,-0.182840-0.702610j,39.450153
0.110984-0.324993j,-0.122459-0.736628j,-0.181797-0.703221j,39.450184
0.110877-0.324897j,-0.123791-0.735904j,-0.180774-0.703819j,39.450211
0.110777-0.324808j,-0.125081-0.735203j,-0.179774-0.704403j,39.450235
0.110684-0.324725j,-0.126330-0.734522j,-0.178795-0.704974j,39.450257
0.110598-0.324647j,-0.127538-0.733863j,-0.177838-0.705531j,39.450277
0.110517-0.324575j,-0.128707-0.733225j,-0.176903-0.706074j,39.450294
0.110442-0.324508j,-0.129837-0.732607j,-0.175991-0.706604j,39.450310
0.110372-0.324446j,-0.130929-0.732008j,-0.175101-0.707121j,39.450324
0.110307-0.324388j,-0.131985-0.731430j,-0.174233-0.707623j,39.450336
0.110247-0.324334j,-0.133004-0.730870j,-0.173388-0.708113j,39.450347
0.110191-0.324284j,-0.133988-0.730329j,-0.172565-0.708588j,39.450357
0.110140-0.324238j,-0.134938-0.729806j,-0.171765-0.709051j,39.450365
0.110093-0.324196j,-0.135854-0.729302j,-0.170987-0.709500j,39.450373
0.110049-0.324157j,-0.136737-0.728815j,-0.170231-0.709935j,39.450379
0.110008-0.324120j,-0.137587-0.728345j,-0.169498-0.710358j,39.450385
0.109971-0.324087j,-0.138407-0.727892j,-0.168787-0.710767j,39.450390
0.109937-0.324057j,-0.139195-0.727456j,-0.168097-0.711163j,39.450394
0.109906-0.324029j,-0.139953-0.727036j,-0.167430-0.711546j,39.450398
0.109877-0.324003j,-0.140682-0.726632j,-0.166784-0.711916j,39.450402
0.109851-0.323979j,-0.141383-0.726244j,-0.166160-0.712274j,39.450405
0.109827-0.323958j,-0.142055-0.725870j,-0.165557-0.712619j,39.450407
0.109805-0.323938j,-0.142700-0.725512j,-0.164975-0.712952j,39.450409
0.109785-0.323920j,-0.143319-0.725168j,-0.164415-0.713273j,39.450411
0.109767-0.323904j,-0.143912-0.724838j,-0.163874-0.713582j,39.450413
0.109751-0.323890j,-0.144480-0.724521j,-0.163354-0.713879j,39.450414
0.109736-0.323876j,-0.145024-0.724219j,-0.162854-0.714164j,39.450416
0.109723-0.323864j,-0.145528-0.723937j,-0.162388-0.714430j,39.450416
0.109711-0.323854j,-0.146011-0.723668j,-0.161940-0.714686j,39.450417
0.109700-0.323844j,-0.146471-0.723411j,-0.161510-0.714930j,39.450418
0.109690-0.323836j,-0.146911-0.723165j,-0.161099-0.715165j,39.450419
0.109682-0.323828j,-0.147330-0.722931j,-0.160705-0.715389j,39.450419
0.109674-0.323821j,-0.147729-0.722708j,-0.160329-0.715603j,39.450420
0.109667-0.323814j,-0.148109-0.722495j,-0.159969-0.715807j,39.450420
0.109661-0.323809j,-0.148470-0.722293j,-0.159626-0.716002j,39.450420
0.109655-0.323804j,-0.148813-0.722101j,-0.159299-0.716187j,39.450421
0.109650-0.323799j,-0.149139-0.721918j,-0.158988-0.716364j,39.450421
0.109645-0.323795j,-0.149449-0.721745j,-0.158692-0.716532j,39.450421
0.109641-0.323792j,-0.149742-0.721581j,-0.158411-0.716692j,39.450421
0.109638-0.323788j,-0.150019-0.721425j,-0.158143-0.716843j,39.450421
0.109635-0.323785j,-0.150282-0.721278j,-0.157890-0.716987j,39.450421
0.109632-0.323783j,-0.150530-0.721138j,-0.157650-0.717123j,39.450422
0.109629-0.323781j,-0.150765-0.721007j,-0.157422-0.717252j,39.450422
0.109627-0.323779j,-0.150986-0.720882j,-0.157207-0.717373j,39.450422
0.109625-0.323777j,-0.151195-0.720765j,-0.157004-0.717488j,39.450422
0.109624-0.323776j,-0.151392-0.720655j,-0.156812-0.717597j,39.450422
0.109622-0.323774j,-0.151577-0.720551j,-0.156632-0.717699j,39.450422
0.109621-0.323773j,-0.151751-0.720453j,-0.156461-0.717795j,39.450422
0.109620-0.323772j,-0.151914-0.720361j,-0.156301-0.717886j,39.450422
0.109619-0.323771j,-0.152068-0.720274j,-0.156151-0.717971j,39.450422
0.109618-0.323770j,-0.152212-0.720194j,-0.156009-0.718051j,39.450422
0.109617-0.323770j,-0.152347-0.720118j,-0.155876-0.718126j,39.450422
0.109616-0.323769j,-0.152473-0.720047j,-0.155752-0.718196j,39.450422
0.109616-0.323769j,-0.152591-0.719980j,-0.155635-0.718262j,39.450422
0.109615-0.323768j,-0.152702-0.719918j,-0.155526-0.718323j,39.450422
0.109615-0.323768j,-0.152805-0.719860j,-0.155425-0.718381j,39.450422
0.109614-0.323767j,-0.152901-0.719806j,-0.155329-0.718434j,39.450422
0.109614-0.323767j,-0.152991-0.719756j,-0.155241-0.718484j,39.450422
0.109614-0.323767j,-0.153075-0.719709j,-0.155158-0.718531j,39.450422
0.109614-0.323767j,-0.153153-0.719665j,-0.155081-0.718574j,39.450422
0.109613-0.323766j,-0.153225-0.719625j,-0.155009-0.718614j,39.450422
0.109613-0.323766j,-0.153292-0.719587j,-0.154942-0.718652j,39.450422
0.109613-0.323766j,-0.153355-0.719553j,-0.154880-0.718686j,39.450422
0.109613-0.323766j,-0.153413-0.719520j,-0.154822-0.718719j,39.450422
0.109613-0.323766j,-0.153467-0.719491j,-0.154768-0.718748j,39.450422
0.109613-0.323766j,-0.153517-0.719463j,-0.154719-0.718776j,39.450422
0.109613-0.323766j,-0.153564-0.719438j,-0.154672-0.718801j,39.450422
0.109613-0.323766j,-0.153607-0.719415j,-0.154629-0.718824j,39.450422
0.109612-0.323766j,-0.153647-0.719393j,-0.154590-0.718845j,39.450422
0.109612-0.323766j,-0.153684-0.719374j,-0.154553-0.718865j,39.450422
0.109612-0.323766j,-0.153718-0.719356j,-0.154518-0.718882j,39.450422
0.109612-0.323766j,-0.153750-0.719340j,-0.154487-0.718898j,39.450422
0.109612-0.323765j,-0.153780-0.719325j,-0.154457-0.718913j,39.450422
0.109612-0.323765j,-0.153808-0.719312j,-0.154429-0.718926j,39.450422
0.109612-0.323765j,-0.153834-0.719301j,-0.154403-0.718937j,39.450422
0.109612-0.323765j,-0.153858-0.719291j,-0.154379-0.718947j,39.450422
0.109612-0.323765j,-0.153881-0.719282j,-0.154356-0.718956j,39.450422
0.109612-0.323765j,-0.153904-0.719275j,-0.154333-0.718963j,39.450422
0.109612-0.323765j,-0.153925-0.719269j,-0.154312-0.718969j,39.450422
0.109612-0.323765j,-0.153947-0.719266j,-0.154290-0.718973j,39.450422
0.109612-0.323765j,-0.153970-0.719264j,-0.154267-0.718974j,39.450422
0.109612-0.323765j,-0.153996-0.719267j,-0.154241-0.718971j,39.450422
0.109612-0.323765j,-0.154018-0.719274j,-0.154219-0.718964j,39.450422
0.109612-0.323765j,-0.154037-0.719287j,-0.154200-0.718951j,39.450422
0.109612-0.323765j,-0.154054-0.719305j,-0.154183-0.718933j,39.450422
0.109612-0.323765j,-0.154066-0.719324j,-0.154171-0.718914j,39.450422
0.109612-0.323765j,-0.154075-0.719345j,-0.154162-0.718893j,39.450422
0.109612-0.323765j,-0.154082-0.719367j,-0.154155-0.718871j,39.450422
0.109612-0.323765j,-0.154088-0.719391j,-0.154150-0.718847j,39.450422
0.109612-0.323765j,-0.154092-0.719417j,-0.154145-0.718821j,39.450422
0.109612-0.323765j,-0.154096-0.719445j,-0.154142-0.718793j,39.450422
0.109612-0.323765j,-0.154099-0.719475j,-0.154139-0.718763j,39.450422
0.109612-0.323765j,-0.154101-0.719508j,-0.154137-0.718730j,39.450422
0.109612-0.323765j,-0.154103-0.719543j,-0.154135-0.718695j,39.450422
0.109612-0.323765j,-0.154104-0.719581j,-0.154133-0.718658j,39.450422
0.109612-0.323765j,-0.154106-0.719621j,-0.154132-0.718617j,39.450422
0.109612-0.323765j,-0.154107-0.719665j,-0.154132-0.718574j,39.450422
0.109612-0.323765j,-0.154107-0.719712j,-0.154131-0.718527j,39.450422
0.109612-0.323766j,-0.154108-0.719762j,-0.154131-0.718477j,39.450422
0.109611-0.323766j,-0.154108-0.719816j,-0.154131-0.718424j,39.450422
0.109611-0.323766j,-0.154108-0.719873j,-0.154131-0.718366j,39.450422
0.109611-0.323766j,-0.154108-0.719934j,-0.154131-0.718305j,39.450422
0.109611-0.323766j,-0.154108-0.720000j,-0.154131-0.718240j,39.450422
0.109611-0.323766j,-0.154108-0.720070j,-0.154132-0.718170j,39.450422
0.109611-0.323766j,-0.154108-0.720144j,-0.154133-0.718096j,39.450422
0.109610-0.323766j,-0.154108-0.720223j,-0.154133-0.718017j,39.450422
0.109610-0.323766j,-0.154107-0.720308j,-0.154134-0.717933j,39.450422
0.109610-0.323766j,-0.154107-0.720398j,-0.154135-0.717844j,39.450422
0.109609-0.323766j,-0.154106-0.720493j,-0.154136-0.717749j,39.450422
0.109609-0.323766j,-0.154106-0.720595j,-0.154138-0.717648j,39.450422
0.109608-0.323767j,-0.154106-0.720703j,-0.154139-0.717541j,39.450422
0.109608-0.323767j,-0.154105-0.720817j,-0.154141-0.717427j,39.450422
0.109607-0.323767j,-0.154104-0.720938j,-0.154142-0.717307j,39.450422
0.109606-0.323767j,-0.154104-0.721067j,-0.154144-0.717180j,39.450422
0.109606-0.323767j,-0.154103-0.721202j,-0.154146-0.717045j,39.450422
0.109605-0.323768j,-0.154103-0.721346j,-0.154149-0.716903j,39.450422
0.109604-0.323768j,-0.154103-0.721498j,-0.154151-0.716753j,39.450422
0.109602-0.323768j,-0.154102-0.721659j,-0.154154-0.716594j,39.450422
0.109601-0.323769j,-0.154102-0.721828j,-0.154157-0.716426j,39.450422
0.109600-0.323769j,-0.154101-0.722007j,-0.154160-0.716250j,39.450422
0.109598-0.323770j,-0.154101-0.722196j,-0.154164-0.716064j,39.450422
0.109596-0.323771j,-0.154101-0.722395j,-0.154167-0.715868j,39.450422
0.109594-0.323771j,-0.154101-0.722604j,-0.154171-0.715661j,39.450422
0.109592-0.323772j,-0.154101-0.722824j,-0.154176-0.715445j,39.450422
0.109589-0.323773j,-0.154101-0.723056j,-0.154181-0.715217j,39.450422
0.109586-0.323774j,-0.154102-0.723300j,-0.154186-0.714977j,39.450422
0.109583-0.323775j,-0.154102-0.723557j,-0.154192-0.714726j,39.450422
0.109579-0.323776j,-0.154103-0.723826j,-0.154198-0.714462j,39.450423
0.109575-0.323777j,-0.154104-0.724108j,-0.154205-0.714186j,39.450423
0.109571-0.323779j,-0.154106-0.724405j,-0.154212-0.713896j,39.450423
0.109566-0.323781j,-0.154108-0.724715j,-0.154220-0.713593j,39.450423
0.109560-0.323782j,-0.154110-0.725041j,-0.154228-0.713276j,39.450423
0.109554-0.323784j,-0.154112-0.725382j,-0.154238-0.712944j,39.450423
0.109547-0.323787j,-0.154115-0.725740j,-0.154248-0.712597j,39.450424
0.109540-0.323789j,-0.154119-0.726113j,-0.154259-0.712235j,39.450424
0.109531-0.323792j,-0.154123-0.726504j,-0.154271-0.711856j,39.450424
0.109522-0.323795j,-0.154128-0.726913j,-0.154283-0.711462j,39.450425
0.109512-0.323798j,-0.154133-0.727339j,-0.154297-0.711050j,39.450425
0.109501-0.323802j,-0.154140-0.727785j,-0.154312-0.710621j,39.450426
0.109489-0.323806j,-0.154147-0.728250j,-0.154329-0.710175j,39.450427
0.109476-0.323810j,-0.154155-0.728735j,-0.154346-0.709710j,39.450427
0.109461-0.323815j,-0.154164-0.729241j,-0.154365-0.709226j,39.450428
0.109445-0.323820j,-0.154174-0.729768j,-0.154386-0.708723j,39.450429
0.109428-0.323826j,-0.154186-0.730316j,-0.154408-0.708201j,39.450431
0.109409-0.323832j,-0.154199-0.730888j,-0.154432-0.707658j,39.450432
0.109388-0.323839j,-0.154213-0.731482j,-0.154457-0.707095j,39.450433
0.109365-0.323846j,-0.154229-0.732101j,-0.154485-0.706511j,39.450435
0.109341-0.323854j,-0.154247-0.732743j,-0.154515-0.705906j,39.450437
0.109314-0.323863j,-0.154267-0.733411j,-0.154547-0.705278j,39.450440
0.109285-0.323872j,-0.154288-0.734104j,-0.154582-0.704629j,39.450442
0.109253-0.323883j,-0.154312-0.734824j,-0.154619-0.703957j,39.450445
0.109219-0.323894j,-0.154338-0.735571j,-0.154659-0.703262j,39.450449
0.109182-0.323906j,-0.154367-0.736346j,-0.154703-0.702544j,39.450453
0.109141-0.323919j,-0.154398-0.737148j,-0.154749-0.701802j,39.450457
0.109098-0.323933j,-0.154433-0.737980j,-0.154798-0.701036j,39.450462
0.109051-0.323949j,-0.154470-0.738842j,-0.154852-0.700245j,39.450467
0.109000-0.323965j,-0.154511-0.739733j,-0.154909-0.699430j,39.450474
0.108946-0.323983j,-0.154556-0.740656j,-0.154970-0.698590j,39.450481
0.108887-0.324002j,-0.154604-0.741610j,-0.155035-0.697725j,39.450489
0.108823-0.324023j,-0.154657-0.742597j,-0.155105-0.696834j,39.450498
0.108755-0.324045j,-0.154714-0.743617j,-0.155180-0.695917j,39.450508
0.108682-0.324069j,-0.154775-0.744670j,-0.155259-0.694975j,39.450519
0.108603-0.324094j,-0.154842-0.745758j,-0.155344-0.694006j,39.450531
0.108519-0.324121j,-0.154914-0.746880j,-0.155435-0.693010j,39.450545
0.108429-0.324151j,-0.154991-0.748038j,-0.155532-0.691988j,39.450561
0.108332-0.324182j,-0.155075-0.749233j,-0.155635-0.690939j,39.450578
0.108229-0.324215j,-0.155164-0.750465j,-0.155744-0.689863j,39.450597
0.108119-0.324251j,-0.155261-0.751734j,-0.155861-0.688760j,39.450619
0.108001-0.324289j,-0.155364-0.753042j,-0.155984-0.687629j,39.450643
0.107875-0.324329j,-0.155475-0.754389j,-0.156116-0.686471j,39.450669
0.107741-0.324373j,-0.155594-0.755776j,-0.156255-0.685286j,39.450698
0.107598-0.324418j,-0.155721-0.757204j,-0.156403-0.684073j,39.450730
0.107446-0.324467j,-0.155856-0.758672j,-0.156559-0.682833j,39.450765
0.107285-0.324519j,-0.156001-0.760183j,-0.156725-0.681565j,39.450804
0.107113-0.324574j,-0.156156-0.761737j,-0.156901-0.680269j,39.450847
0.106931-0.324632j,-0.156320-0.763333j,-0.157087-0.678946j,39.450894
0.106738-0.324694j,-0.156496-0.764974j,-0.157283-0.677595j,39.450946
0.106533-0.324759j,-0.156682-0.766661j,-0.157490-0.676216j,39.451003
0.106315-0.324828j,-0.156881-0.768392j,-0.157709-0.674809j,39.451066
0.106085-0.324901j,-0.157091-0.770170j,-0.157939-0.673375j,39.451134
0.105842-0.324978j,-0.157315-0.771996j,-0.158183-0.671913j,39.451209
0.105585-0.325059j,-0.157552-0.773869j,-0.158439-0.670424j,39.451290
0.105313-0.325145j,-0.157803-0.775792j,-0.158709-0.668908j,39.451380
0.105026-0.325235j,-0.158068-0.777763j,-0.158993-0.667364j,39.451477
0.104723-0.325330j,-0.158349-0.779786j,-0.159291-0.665793j,39.451583
0.104403-0.325430j,-0.158647-0.781859j,-0.159605-0.664194j,39.451698
0.104066-0.325535j,-0.158960-0.783985j,-0.159934-0.662569j,39.451823
0.103711-0.325645j,-0.159292-0.786163j,-0.160280-0.660917j,39.451960
0.103338-0.325761j,-0.159641-0.788396j,-0.160643-0.659239j,39.452107
0.102944-0.325882j,-0.160010-0.790683j,-0.161024-0.657533j,39.452268
0.102531-0.326009j,-0.160398-0.793025j,-0.161423-0.655802j,39.452441
0.102096-0.326142j,-0.160807-0.795424j,-0.161840-0.654044j,39.452629
0.101640-0.326280j,-0.161236-0.797880j,-0.162277-0.652261j,39.452833
0.101161-0.326426j,-0.161688-0.800394j,-0.162735-0.650452j,39.453052
0.100658-0.326577j,-0.162163-0.802967j,-0.163213-0.648617j,39.453290
0.100130-0.326736j,-0.162662-0.805600j,-0.163713-0.646757j,39.453546
0.099577-0.326901j,-0.163186-0.808294j,-0.164235-0.644871j,39.453822
0.098998-0.327073j,-0.163735-0.811050j,-0.164780-0.642961j,39.454119
0.098391-0.327252j,-0.164310-0.813869j,-0.165349-0.641027j,39.454439
0.097755-0.327438j,-0.164913-0.816751j,-0.165942-0.639068j,39.454783
0.097091-0.327632j,-0.165544-0.819698j,-0.166560-0.637084j,39.455153
0.096395-0.327833j,-0.166205-0.822711j,-0.167205-0.635077j,39.455551
0.095669-0.328041j,-0.166896-0.825790j,-0.167876-0.633047j,39.455977
0.094909-0.328258j,-0.167618-0.828937j,-0.168574-0.630993j,39.456435
0.094116-0.328482j,-0.168373-0.832152j,-0.169300-0.628916j,39.456925
0.093288-0.328714j,-0.169161-0.835437j,-0.170056-0.626816j,39.457450
0.092424-0.328954j,-0.169983-0.838793j,-0.170841-0.624693j,39.458012
0.091522-0.329203j,-0.170841-0.842220j,-0.171657-0.622549j,39.458613
0.090582-0.329459j,-0.171735-0.845720j,-0.172504-0.620382j,39.459256
0.089602-0.329723j,-0.172667-0.849293j,-0.173383-0.618193j,39.459942
0.088582-0.329996j,-0.173638-0.852941j,-0.174295-0.615983j,39.460675
0.087519-0.330276j,-0.174648-0.856665j,-0.175241-0.613752j,39.461457
0.086412-0.330565j,-0.175699-0.860465j,-0.176222-0.611499j,39.462290
0.085260-0.330862j,-0.176792-0.864342j,-0.177237-0.609226j,39.463178
0.084062-0.331166j,-0.177928-0.868298j,-0.178289-0.606932j,39.464124
0.082816-0.331478j,-0.179108-0.872334j,-0.179378-0.604618j,39.465130
0.081521-0.331798j,-0.180333-0.876450j,-0.180504-0.602284j,39.466201
0.080175-0.332125j,-0.181605-0.880647j,-0.181669-0.599930j,39.467339
0.078777-0.332460j,-0.182924-0.884927j,-0.182874-0.597556j,39.468548
0.077325-0.332801j,-0.184291-0.889291j,-0.184118-0.595162j,39.469832
0.075818-0.333149j,-0.185708-0.893738j,-0.185403-0.592749j,39.471194
0.074255-0.333503j,-0.187176-0.898271j,-0.186730-0.590316j,39.472639
0.072633-0.333862j,-0.188695-0.902890j,-0.188099-0.587864j,39.474171
0.070951-0.334227j,-0.190266-0.907596j,-0.189511-0.585393j,39.475793
0.069208-0.334597j,-0.191891-0.912389j,-0.190968-0.582903j,39.477511
0.067402-0.334972j,-0.193571-0.917271j,-0.192468-0.580394j,39.479330
0.065532-0.335349j,-0.195306-0.922243j,-0.194014-0.577865j,39.481253
0.063595-0.335730j,-0.197097-0.927304j,-0.195606-0.575318j,39.483287
0.061590-0.336113j,-0.198946-0.932456j,-0.197244-0.572752j,39.485435
0.059516-0.336497j,-0.200853-0.937700j,-0.198929-0.570166j,39.487704
0.057370-0.336882j,-0.202818-0.943036j,-0.200662-0.567561j,39.490099
0.055152-0.337266j,-0.204843-0.948465j,-0.202444-0.564937j,39.492625
0.052860-0.337648j,-0.206928-0.953987j,-0.204274-0.562293j,39.495289
0.050491-0.338027j,-0.209074-0.959603j,-0.206153-0.559629j,39.498096
0.048045-0.338402j,-0.211281-0.965313j,-0.208082-0.556945j,39.501053
0.045520-0.338772j,-0.213550-0.971118j,-0.210061-0.554241j,39.504166
0.042914-0.339135j,-0.215881-0.977017j,-0.212091-0.551516j,39.507441
0.040226-0.339490j,-0.218275-0.983012j,-0.214171-0.548770j,39.510885
0.037454-0.339834j,-0.220731-0.989102j,-0.216302-0.546003j,39.514506
0.034597-0.340166j,-0.223250-0.995287j,-0.218484-0.543214j,39.518309
0.031653-0.340485j,-0.225832-1.001568j,-0.220718-0.540402j,39.522302
0.028622-0.340788j,-0.228476-1.007945j,-0.223003-0.537568j,39.526492
0.025502-0.341073j,-0.231183-1.014417j,-0.225339-0.534710j,39.530887
0.022291-0.341338j,-0.233953-1.020984j,-0.227727-0.531828j,39.535494
0.018989-0.341581j,-0.236785-1.027646j,-0.230165-0.528922j,39.540321
0.015595-0.341799j,-0.239678-1.034402j,-0.232655-0.525990j,39.545376
0.012107-0.341989j,-0.242631-1.041253j,-0.235194-0.523033j,39.550666
0.008526-0.342150j,-0.245646-1.048197j,-0.237784-0.520048j,39.556198
0.004850-0.342277j,-0.248719-1.055234j,-0.240424-0.517036j,39.561982
0.001079-0.342369j,-0.251850-1.062363j,-0.243112-0.513996j,39.568025
-0.002788-0.342422j,-0.255039-1.069583j,-0.245848-0.510926j,39.574335
-0.006751-0.342433j,-0.258284-1.076893j,-0.248632-0.507826j,39.580920
-0.010809-0.342399j,-0.261583-1.084293j,-0.251463-0.504695j,39.587787
-0.014963-0.342316j,-0.264935-1.091780j,-0.254338-0.501532j,39.594946
-0.019213-0.342181j,-0.268339-1.099355j,-0.257258-0.498336j,39.602403
-0.023557-0.341991j,-0.271792-1.107015j,-0.260221-0.495107j,39.610167
-0.027996-0.341742j,-0.275294-1.114759j,-0.263226-0.491842j,39.618245
-0.032528-0.341430j,-0.278841-1.122586j,-0.266271-0.488542j,39.626645
-0.037153-0.341051j,-0.282432-1.130494j,-0.269354-0.485204j,39.635375
-0.041869-0.340602j,-0.286065-1.138482j,-0.272475-0.481829j,39.644442
-0.046674-0.340079j,-0.289737-1.146548j,-0.275631-0.478415j,39.653852
-0.051568-0.339477j,-0.293447-1.154690j,-0.278820-0.474961j,39.663614
-0.056547-0.338794j,-0.297191-1.162907j,-0.282040-0.471466j,39.673735
-0.061611-0.338025j,-0.300968-1.171196j,-0.285290-0.467929j,39.684221
-0.066756-0.337166j,-0.304775-1.179557j,-0.288567-0.464349j,39.695078
-0.071981-0.336214j,-0.308609-1.187987j,-0.291870-0.460725j,39.706314
-0.077282-0.335163j,-0.312468-1.196485j,-0.295195-0.457056j,39.717935
-0.082483-0.334050j,-0.316224-1.204773j,-0.298433-0.453461j,39.729552
-0.087929-0.332796j,-0.320126-1.213404j,-0.301797-0.449699j,39.741954
-0.093270-0.331477j,-0.323924-1.221826j,-0.305073-0.446007j,39.754353
-0.098845-0.330004j,-0.327858-1.230579j,-0.308466-0.442150j,39.767554
-0.104311-0.328465j,-0.331686-1.239125j,-0.311768-0.438361j,39.780752
-0.110001-0.326760j,-0.335641-1.247994j,-0.315180-0.434405j,39.794775
-0.115577-0.324987j,-0.339490-1.256660j,-0.318498-0.430514j,39.808794
-0.121369-0.323035j,-0.343458-1.265639j,-0.321919-0.426456j,39.823660
-0.127040-0.321014j,-0.347318-1.274418j,-0.325245-0.422461j,39.838522
-0.132915-0.318803j,-0.351290-1.283504j,-0.328665-0.418297j,39.854252
-0.138665-0.316522j,-0.355152-1.292393j,-0.331987-0.414194j,39.869978
-0.144607-0.314040j,-0.359119-1.301580j,-0.335396-0.409922j,39.886592
-0.150418-0.311487j,-0.362976-1.310574j,-0.338705-0.405709j,39.903202
-0.156408-0.308721j,-0.366929-1.319859j,-0.342091-0.401325j,39.920720
-0.162262-0.305885j,-0.370773-1.328954j,-0.345377-0.396999j,39.938233
-0.168281-0.302826j,-0.374706-1.338335j,-0.348731-0.392503j,39.956674
-0.174158-0.299697j,-0.378529-1.347528j,-0.351983-0.388062j,39.975110
-0.174563-0.299477j,-0.378792-1.348162j,-0.352206-0.387755j,39.976388
-0.174563-0.299477j,-0.378792-1.348162j,-0.352206-0.387755j,39.976388
-0.174563-0.299477j,-0.378792-1.348162j,-0.352206-0.387755j,39.976388
-0.174563-0.299477j,-0.378792-1.348162j,-0.352206-0.387755j,39.976388
-0.174563-0.299477j,-0.378792-1.348162j,-0.352206-0.387754j,39.976388
-0.174563-0.299476j,-0.378792-1.348163j,-0.352206-0.387754j,39.976389
-0.174565-0.299476j,-0.378793-1.348165j,-0.352207-0.387753j,39.976393
-0.174570-0.299473j,-0.378796-1.348174j,-0.352210-0.387749j,39.976412
-0.174597-0.299458j,-0.378813-1.348215j,-0.352225-0.387729j,39.976495
-0.174715-0.299393j,-0.378890-1.348400j,-0.352290-0.387639j,39.976868
-0.175246-0.299102j,-0.379235-1.349234j,-0.352583-0.387234j,39.978551
-0.177624-0.297784j,-0.380776-1.352967j,-0.353890-0.385418j,39.986139
-0.183695-0.294308j,-0.384701-1.362537j,-0.357213-0.380738j,40.005947
-0.189615-0.290761j,-0.388514-1.371920j,-0.360429-0.376113j,40.025750
-0.195623-0.286996j,-0.392374-1.381509j,-0.363671-0.371350j,40.046381
-0.201475-0.283163j,-0.396125-1.390918j,-0.366807-0.366640j,40.067008
-0.207444-0.279078j,-0.399944-1.400595j,-0.369984-0.361758j,40.088625
-0.213251-0.274928j,-0.403655-1.410095j,-0.373053-0.356928j,40.110237
-0.219158-0.270520j,-0.407427-1.419859j,-0.376155-0.351927j,40.132857
-0.224897-0.266048j,-0.411092-1.429449j,-0.379148-0.346978j,40.155471
-0.230719-0.261312j,-0.414813-1.439297j,-0.382165-0.341858j,40.179111
-0.236366-0.256515j,-0.418428-1.448976j,-0.385072-0.336789j,40.202746
-0.242081-0.251449j,-0.422093-1.458909j,-0.387994-0.331550j,40.227425
-0.247614-0.246326j,-0.425654-1.468675j,-0.390806-0.326362j,40.252098
-0.253198-0.240929j,-0.429261-1.478691j,-0.393624-0.321004j,40.277832
-0.258594-0.235480j,-0.432764-1.488544j,-0.396331-0.315698j,40.303561
-0.264022-0.229753j,-0.436308-1.498643j,-0.399037-0.310223j,40.330369
-0.269257-0.223978j,-0.439750-1.508582j,-0.401630-0.304799j,40.357171
-0.274506-0.217923j,-0.443229-1.518763j,-0.404213-0.299208j,40.385069
-0.279557-0.211827j,-0.446607-1.528787j,-0.406684-0.293669j,40.412963
-0.284604-0.205448j,-0.450018-1.539051j,-0.409137-0.287963j,40.441969
-0.289446-0.199034j,-0.453330-1.549159j,-0.411476-0.282310j,40.470970
-0.294267-0.192337j,-0.456670-1.559504j,-0.413790-0.276492j,40.501101
-0.298877-0.185610j,-0.459913-1.569697j,-0.415989-0.270728j,40.531227
-0.303447-0.178602j,-0.463181-1.580123j,-0.418156-0.264800j,40.562499
-0.307803-0.171572j,-0.466354-1.590399j,-0.420207-0.258928j,40.593766
-0.312100-0.164262j,-0.469548-1.600905j,-0.422218-0.252893j,40.626196
-0.316177-0.156936j,-0.472648-1.611265j,-0.424114-0.246915j,40.658621
-0.320178-0.149334j,-0.475766-1.621851j,-0.425961-0.240777j,40.692225
-0.323954-0.141724j,-0.478792-1.632292j,-0.427693-0.234696j,40.725825
-0.327636-0.133842j,-0.481832-1.642958j,-0.429369-0.228458j,40.760619
-0.331089-0.125961j,-0.484783-1.653481j,-0.430930-0.222278j,40.795408
-0.334430-0.117811j,-0.487745-1.664226j,-0.432427-0.215943j,40.831408
-0.337539-0.109672j,-0.490619-1.674830j,-0.433809-0.209669j,40.867403
-0.340517-0.101271j,-0.493501-1.685652j,-0.435121-0.203242j,40.904625
-0.343260-0.092890j,-0.496297-1.696337j,-0.436317-0.196876j,40.941842
-0.345776-0.084532j,-0.499010-1.706888j,-0.437401-0.190571j,40.979053
-0.348177-0.075786j,-0.501772-1.717828j,-0.438423-0.184014j,41.018127
-0.350340-0.067074j,-0.504451-1.728632j,-0.439330-0.177520j,41.057196
-0.352271-0.058399j,-0.507049-1.739305j,-0.440125-0.171089j,41.096260
-0.354053-0.049351j,-0.509689-1.750359j,-0.440842-0.164413j,41.137214
-0.355593-0.040351j,-0.512248-1.761280j,-0.441443-0.157803j,41.178163
-0.356898-0.031405j,-0.514729-1.772072j,-0.441933-0.151258j,41.219106
-0.358020-0.022099j,-0.517245-1.783238j,-0.442330-0.144474j,41.261973
-0.358899-0.012858j,-0.519683-1.794273j,-0.442612-0.137759j,41.304835
-0.359541-0.003686j,-0.522045-1.805183j,-0.442783-0.131111j,41.347692
-0.359968+0.005827j,-0.524436-1.816459j,-0.442845-0.124231j,41.392505
-0.360150+0.015259j,-0.526751-1.827608j,-0.442793-0.117422j,41.437313
-0.360096+0.024605j,-0.528992-1.838632j,-0.442630-0.110684j,41.482116
-0.359794+0.034272j,-0.531256-1.850018j,-0.442344-0.103720j,41.528908
-0.359250+0.043841j,-0.533447-1.861277j,-0.441944-0.096830j,41.575694
-0.358469+0.053307j,-0.535566-1.872415j,-0.441433-0.090014j,41.622475
-0.357412+0.063071j,-0.537703-1.883908j,-0.440785-0.082979j,41.671278
-0.356113+0.072718j,-0.539768-1.895278j,-0.440023-0.076022j,41.720076
-0.354581+0.082247j,-0.541764-1.906527j,-0.439150-0.069141j,41.768868
-0.352745+0.092047j,-0.543772-1.918126j,-0.438126-0.062050j,41.819714
-0.350670+0.101713j,-0.545710-1.929604j,-0.436988-0.055040j,41.870555
-0.348366+0.111242j,-0.547581-1.940963j,-0.435740-0.048108j,41.921390
-0.345732+0.121016j,-0.549459-1.952667j,-0.434326-0.040976j,41.974311
-0.342864+0.130637j,-0.551269-1.964250j,-0.432799-0.033927j,42.027227
-0.339772+0.140104j,-0.553014-1.975718j,-0.431161-0.026960j,42.080138
-0.336326+0.149784j,-0.554761-1.987525j,-0.429344-0.019801j,42.135167
-0.332654+0.159294j,-0.556442-1.999214j,-0.427414-0.012730j,42.190191
-0.328762+0.168632j,-0.558059-2.010788j,-0.425374-0.005744j,42.245209
-0.324496+0.178152j,-0.559674-2.022698j,-0.423140+0.001424j,42.302379
-0.320011+0.187483j,-0.561224-2.034490j,-0.420793+0.008502j,42.359543
-0.315316+0.196625j,-0.562712-2.046170j,-0.418337+0.015490j,42.416702
-0.310417+0.205576j,-0.564140-2.057741j,-0.415773+0.022388j,42.473855
-0.305096+0.214717j,-0.565568-2.069706j,-0.412984+0.029496j,42.533524
-0.299570+0.223648j,-0.566935-2.081560j,-0.410085+0.036509j,42.593188
-0.293849+0.232369j,-0.568242-2.093303j,-0.407077+0.043428j,42.652847
-0.287941+0.240879j,-0.569492-2.104941j,-0.403963+0.050254j,42.712499
-0.281592+0.249522j,-0.570734-2.116957j,-0.400608+0.057267j,42.774659
-0.275058+0.257935j,-0.571918-2.128864j,-0.397144+0.064181j,42.836814
-0.268344+0.266119j,-0.573044-2.140665j,-0.393573+0.070996j,42.898962
-0.261460+0.274073j,-0.574115-2.152363j,-0.389898+0.077712j,42.961105
-0.254126+0.282104j,-0.575173-2.164426j,-0.385967+0.084596j,43.025753
-0.246625+0.289887j,-0.576173-2.176383j,-0.381928+0.091376j,43.090395
-0.238964+0.297422j,-0.577119-2.188237j,-0.377784+0.098051j,43.155032
-0.231151+0.304709j,-0.578012-2.199990j,-0.373537+0.104623j,43.219663
-0.222893+0.312009j,-0.578884-2.212083j,-0.369025+0.111333j,43.286722
-0.214488+0.319045j,-0.579701-2.224072j,-0.364408+0.117934j,43.353774
-0.205946+0.325816j,-0.580466-2.235963j,-0.359688+0.124425j,43.420821
-0.197272+0.332325j,-0.581180-2.247756j,-0.354868+0.130808j,43.487863
-0.188476+0.338571j,-0.581844-2.259455j,-0.349950+0.137084j,43.554899
-0.179564+0.344557j,-0.582459-2.271061j,-0.344937+0.143251j,43.621930
-0.170207+0.350490j,-0.583047-2.283003j,-0.339639+0.149535j,43.691445
-0.160742+0.356146j,-0.583586-2.294850j,-0.334244+0.155704j,43.760955
-0.151175+0.361525j,-0.584076-2.306605j,-0.328753+0.161760j,43.830459
-0.141514+0.366630j,-0.584520-2.318271j,-0.323170+0.167703j,43.899958
-0.131767+0.371462j,-0.584917-2.329849j,-0.317496+0.173534j,43.969451
-0.121939+0.376023j,-0.585270-2.341341j,-0.311733+0.179253j,44.038940
-0.112038+0.380314j,-0.585579-2.352749j,-0.305885+0.184861j,44.108423
-0.102071+0.384337j,-0.585845-2.364076j,-0.299953+0.190359j,44.177902
-0.091691+0.388221j,-0.586077-2.375715j,-0.293728+0.195933j,44.249810
-0.081254+0.391823j,-0.586265-2.387271j,-0.287419+0.201390j,44.321713
-0.070765+0.395144j,-0.586410-2.398745j,-0.281026+0.206732j,44.393610
-0.060231+0.398186j,-0.586514-2.410139j,-0.274554+0.211959j,44.465503
-0.049659+0.400953j,-0.586577-2.421455j,-0.268005+0.217071j,44.537391
-0.039054+0.403446j,-0.586600-2.432694j,-0.261380+0.222070j,44.609274
-0.028423+0.405667j,-0.586584-2.443859j,-0.254682+0.226957j,44.681153
-0.017771+0.407620j,-0.586529-2.454951j,-0.247913+0.231733j,44.753027
-0.007104+0.409305j,-0.586437-2.465971j,-0.241075+0.236399j,44.824896
0.003572+0.410726j,-0.586309-2.476921j,-0.234172+0.240957j,44.896761
0.014253+0.411884j,-0.586144-2.487802j,-0.227204+0.245407j,44.968622
0.024933+0.412783j,-0.585945-2.498616j,-0.220174+0.249752j,45.040479
0.035607+0.413425j,-0.585711-2.509364j,-0.213084+0.253992j,45.112332
0.046269+0.413812j,-0.585442-2.520047j,-0.205936+0.258129j,45.184181
0.056916+0.413946j,-0.585141-2.530667j,-0.198732+0.262166j,45.256025
0.067541+0.413831j,-0.584807-2.541225j,-0.191473+0.266104j,45.327867
0.078142+0.413467j,-0.584441-2.551721j,-0.184163+0.269945j,45.399704
0.088713+0.412859j,-0.584044-2.562158j,-0.176802+0.273691j,45.471538
0.099249+0.412009j,-0.583616-2.572535j,-0.169392+0.277344j,45.543368
0.109746+0.410919j,-0.583158-2.582855j,-0.161935+0.280907j,45.615194
0.120201+0.409591j,-0.582669-2.593118j,-0.154433+0.284383j,45.687018
0.130608+0.408028j,-0.582152-2.603325j,-0.146887+0.287774j,45.758838
0.140965+0.406233j,-0.581606-2.613477j,-0.139297+0.291083j,45.830655
0.151266+0.404208j,-0.581032-2.623575j,-0.131667+0.294313j,45.902468
0.161508+0.401956j,-0.580430-2.633620j,-0.123996+0.297467j,45.974279
0.171687+0.399479j,-0.579800-2.643612j,-0.116286+0.300549j,46.046087
0.181799+0.396780j,-0.579144-2.653553j,-0.108538+0.303562j,46.117892
0.191841+0.393862j,-0.578462-2.663444j,-0.100753+0.306510j,46.189694
0.201808+0.390728j,-0.577754-2.673284j,-0.092931+0.309398j,46.261493
0.211698+0.387379j,-0.577020-2.683075j,-0.085074+0.312229j,46.333290
0.221507+0.383818j,-0.576261-2.692818j,-0.077181+0.315008j,46.405084
0.231231+0.380049j,-0.575478-2.702513j,-0.069253+0.317740j,46.476876
0.240867+0.376074j,-0.574670-2.712160j,-0.061290+0.320429j,46.548666
0.250412+0.371896j,-0.573839-2.721761j,-0.053292+0.323082j,46.620453
0.259862+0.367517j,-0.572984-2.731316j,-0.045259+0.325703j,46.692238
0.268233+0.363433j,-0.572199-2.739824j,-0.038044+0.328027j,46.756450
0.276523+0.359192j,-0.571397-2.748296j,-0.030801+0.330335j,46.820660
0.284731+0.354797j,-0.570576-2.756733j,-0.023529+0.332633j,46.884869
0.292853+0.350249j,-0.569738-2.765134j,-0.016228+0.334925j,46.949077
0.300889+0.345552j,-0.568882-2.773500j,-0.008897+0.337218j,47.013284
0.308835+0.340706j,-0.568010-2.781831j,-0.001536+0.339516j,47.077489
0.316690+0.335715j,-0.567120-2.790128j,0.005856+0.341826j,47.141694
0.324451+0.330580j,-0.566213-2.798390j,0.013280+0.344156j,47.205897
0.331181+0.325959j,-0.565405-2.805610j,0.019820+0.346220j,47.262218
0.337836+0.321230j,-0.564583-2.812804j,0.026385+0.348310j,47.318537
0.344415+0.316395j,-0.563750-2.819971j,0.032978+0.350431j,47.374856
0.350917+0.311456j,-0.562904-2.827113j,0.039598+0.352589j,47.431175
0.357340+0.306413j,-0.562046-2.834230j,0.046247+0.354789j,47.487494
0.363683+0.301269j,-0.561176-2.841320j,0.052925+0.357040j,47.543812
0.369945+0.296025j,-0.560295-2.848385j,0.059633+0.359348j,47.600130
0.375375+0.291339j,-0.559511-2.854568j,0.065549+0.361429j,47.649584
0.380741+0.286579j,-0.558719-2.860731j,0.071491+0.363566j,47.699037
0.386042+0.281745j,-0.557918-2.866874j,0.077457+0.365766j,47.748491
0.391276+0.276838j,-0.557109-2.872998j,0.083450+0.368035j,47.797945
0.396444+0.271860j,-0.556291-2.879102j,0.089470+0.370382j,47.847398
0.401544+0.266811j,-0.555465-2.885186j,0.095517+0.372815j,47.896852
0.405981+0.262305j,-0.554730-2.890531j,0.100869+0.375036j,47.940427
0.410364+0.257747j,-0.553989-2.895860j,0.106242+0.377337j,47.984003
0.414693+0.253137j,-0.553242-2.901174j,0.111638+0.379725j,48.027578
0.418967+0.248475j,-0.552488-2.906472j,0.117057+0.382208j,48.071154
0.423186+0.243763j,-0.551729-2.911755j,0.122498+0.384795j,48.114730
0.426903+0.239517j,-0.551047-2.916455j,0.127372+0.387198j,48.153609
0.430576+0.235232j,-0.550360-2.921143j,0.132263+0.389699j,48.192489
0.434203+0.230910j,-0.549668-2.925818j,0.137173+0.392305j,48.231369
0.437784+0.226549j,-0.548972-2.930481j,0.142099+0.395026j,48.270250
0.441320+0.222152j,-0.548271-2.935131j,0.147043+0.397872j,48.309131
0.444332+0.218330j,-0.547664-2.939131j,0.151319+0.400435j,48.342670
0.447310+0.214482j,-0.547053-2.943122j,0.155606+0.403106j,48.376210
0.450253+0.210608j,-0.546439-2.947104j,0.159904+0.405894j,48.409749
0.453161+0.206708j,-0.545823-2.951075j,0.164209+0.408809j,48.443290
0.456033+0.202783j,-0.545203-2.955037j,0.168522+0.411861j,48.476830
0.458483+0.199377j,-0.544666-2.958447j,0.172246+0.414613j,48.505765
0.460905+0.195953j,-0.544127-2.961849j,0.175972+0.417483j,48.534700
0.463301+0.192512j,-0.543586-2.965243j,0.179698+0.420481j,48.563635
0.465669+0.189053j,-0.543044-2.968630j,0.183421+0.423618j,48.592571
0.467759+0.185954j,-0.542558-2.971644j,0.186737+0.426541j,48.618377
0.469826+0.182842j,-0.542071-2.974652j,0.190046+0.429591j,48.644183
0.471872+0.179717j,-0.541583-2.977653j,0.193344+0.432780j,48.669990
0.473895+0.176579j,-0.541093-2.980648j,0.196629+0.436118j,48.695798
0.475603+0.173893j,-0.540675-2.983197j,0.199414+0.439090j,48.717800
0.477294+0.171199j,-0.540256-2.985740j,0.202182+0.442189j,48.739803
0.478969+0.168497j,-0.539836-2.988279j,0.204929+0.445423j,48.761806
0.480627+0.165785j,-0.539416-2.990813j,0.207649+0.448803j,48.783809
0.482053+0.163425j,-0.539050-2.993008j,0.209983+0.451865j,48.802907
0.483467+0.161059j,-0.538684-2.995199j,0.212288+0.455054j,48.822006
0.484867+0.158687j,-0.538318-2.997387j,0.214558+0.458381j,48.841104
0.486255+0.156308j,-0.537951-2.999570j,0.216785+0.461856j,48.860204
0.487411+0.154306j,-0.537643-3.001402j,0.218618+0.464900j,48.876252
0.488558+0.152299j,-0.537334-3.003231j,0.220408+0.468064j,48.892300
0.489696+0.150288j,-0.537026-3.005057j,0.222150+0.471358j,48.908349
0.490825+0.148274j,-0.536717-3.006880j,0.223833+0.474791j,48.924398
0.491776+0.146559j,-0.536455-3.008427j,0.225211+0.477825j,48.938037
0.492721+0.144841j,-0.536193-3.009972j,0.226531+0.480974j,48.951676
0.493659+0.143121j,-0.535931-3.011515j,0.227785+0.484245j,48.965315
0.494590+0.141398j,-0.535669-3.013055j,0.228961+0.487646j,48.978954
0.495359+0.139963j,-0.535451-3.014335j,0.229871+0.490582j,48.990305
0.496151+0.138473j,-0.535225-3.015661j,0.230739+0.493731j,49.002071
0.496938+0.136982j,-0.535000-3.016984j,0.231517+0.496994j,49.013837
0.497606+0.135705j,-0.534808-3.018114j,0.232101+0.499876j,49.023894
0.498270+0.134427j,-0.534616-3.019243j,0.232599+0.502849j,49.033952
0.498930+0.133149j,-0.534424-3.020371j,0.232999+0.505913j,49.044011
0.499519+0.132000j,-0.534252-3.021381j,0.233262+0.508742j,49.053035
0.500105+0.130851j,-0.534080-3.022390j,0.233424+0.511646j,49.062060
0.500687+0.129700j,-0.533909-3.023399j,0.233470+0.514623j,49.071084
0.501192+0.128696j,-0.533760-3.024277j,0.233406+0.517278j,49.078953
0.501694+0.127692j,-0.533611-3.025155j,0.233232+0.519983j,49.086822
0.502193+0.126686j,-0.533463-3.026031j,0.232937+0.522734j,49.094692
0.502690+0.125680j,-0.533315-3.026907j,0.232509+0.525522j,49.102561
0.503113+0.124818j,-0.533188-3.027657j,0.232028+0.527932j,49.109301
0.503534+0.123955j,-0.533062-3.028406j,0.231433+0.530355j,49.116041
0.503953+0.123091j,-0.532936-3.029154j,0.230718+0.532780j,49.122782
0.504370+0.122227j,-0.532811-3.029902j,0.229876+0.535195j,49.129522
0.504785+0.121362j,-0.532686-3.030650j,0.228903+0.537587j,49.136262
0.505198+0.120497j,-0.532561-3.031396j,0.227799+0.539940j,49.143002
0.505558+0.119737j,-0.532452-3.032051j,0.226722+0.541960j,49.148915
0.505917+0.118977j,-0.532343-3.032705j,0.225547+0.543926j,49.154827
0.506274+0.118217j,-0.532235-3.033359j,0.224279+0.545829j,49.160740
0.506629+0.117455j,-0.532127-3.034013j,0.222923+0.547657j,49.166652
0.506983+0.116694j,-0.532019-3.034666j,0.221489+0.549402j,49.172564
0.507334+0.115931j,-0.531912-3.035319j,0.219986+0.551056j,49.178477
0.507685+0.115168j,-0.531805-3.035972j,0.218425+0.552615j,49.184389
0.508033+0.114405j,-0.531698-3.036624j,0.216817+0.554075j,49.190301
0.508380+0.113640j,-0.531592-3.037276j,0.215173+0.555434j,49.196213
0.508741+0.112841j,-0.531482-3.037957j,0.213427+0.556747j,49.202393
0.509099+0.112040j,-0.531372-3.038639j,0.211665+0.557953j,49.208573
0.509473+0.111202j,-0.531257-3.039352j,0.209814+0.559105j,49.215042
0.509845+0.110362j,-0.531142-3.040064j,0.207966+0.560149j,49.221511
0.510237+0.109472j,-0.531021-3.040819j,0.206021+0.561143j,49.228364
0.510626+0.108580j,-0.530901-3.041573j,0.204097+0.562031j,49.235217
0.511040+0.107626j,-0.530773-3.042380j,0.202069+0.562871j,49.242548
0.511467+0.106634j,-0.530641-3.043217j,0.200005+0.563635j,49.250154
0.511909+0.105601j,-0.530503-3.044088j,0.197905+0.564323j,49.258064
0.512366+0.104524j,-0.530361-3.044994j,0.195773+0.564936j,49.266304
0.512839+0.103399j,-0.530213-3.045939j,0.193611+0.565474j,49.274899
0.513330+0.102222j,-0.530059-3.046926j,0.191422+0.565938j,49.283876
0.513840+0.100989j,-0.529899-3.047958j,0.189208+0.566328j,49.293261
0.514369+0.099697j,-0.529732-3.049038j,0.186973+0.566645j,49.303083
0.514919+0.098342j,-0.529558-3.050168j,0.184719+0.566889j,49.313369
0.515490+0.096919j,-0.529376-3.051353j,0.182448+0.567060j,49.324148
0.516084+0.095425j,-0.529186-3.052594j,0.180164+0.567158j,49.335450
0.516701+0.093854j,-0.528988-3.053897j,0.177869+0.567183j,49.347306
0.517343+0.092203j,-0.528781-3.055263j,0.175567+0.567135j,49.359747
0.518009+0.090466j,-0.528564-3.056697j,0.173260+0.567012j,49.372805
0.518701+0.088638j,-0.528338-3.058202j,0.170951+0.566816j,49.386514
0.519419+0.086716j,-0.528101-3.059782j,0.168644+0.566546j,49.400908
0.520165+0.084692j,-0.527853-3.061441j,0.166342+0.566200j,49.416022
0.520937+0.082562j,-0.527594-3.063183j,0.164048+0.565778j,49.431893
0.521738+0.080319j,-0.527323-3.065012j,0.161766+0.565280j,49.448559
0.522567+0.077959j,-0.527040-3.066932j,0.159500+0.564704j,49.466057
0.523423+0.075475j,-0.526744-3.068947j,0.157252+0.564050j,49.484429
0.524309+0.072860j,-0.526434-3.071062j,0.155028+0.563316j,49.503715
0.525222+0.070107j,-0.526109-3.073281j,0.152830+0.562501j,49.523957
0.526163+0.067211j,-0.525771-3.075609j,0.150664+0.561605j,49.545198
0.527131+0.064163j,-0.525416-3.078051j,0.148532+0.560625j,49.567482
0.528125+0.060957j,-0.525046-3.080612j,0.146441+0.559561j,49.590854
0.529145+0.057585j,-0.524659-3.083296j,0.144394+0.558410j,49.615360
0.530189+0.054040j,-0.524255-3.086109j,0.142396+0.557173j,49.641046
0.531255+0.050313j,-0.523832-3.089055j,0.140451+0.555847j,49.667960
0.532342+0.046396j,-0.523391-3.092140j,0.138565+0.554430j,49.696148
0.533446+0.042282j,-0.522931-3.095368j,0.136742+0.552922j,49.725659
0.534565+0.037963j,-0.522451-3.098745j,0.134988+0.551322j,49.756541
0.535696+0.033429j,-0.521949-3.102275j,0.133308+0.549627j,49.788840
0.536835+0.028673j,-0.521426-3.105964j,0.131706+0.547836j,49.822604
0.537978+0.023687j,-0.520881-3.109817j,0.130188+0.545949j,49.857879
0.539119+0.018462j,-0.520313-3.113837j,0.128760+0.543964j,49.894712
0.540254+0.012990j,-0.519722-3.118031j,0.127425+0.541880j,49.933146
0.541375+0.007263j,-0.519105-3.122401j,0.126190+0.539696j,49.973226
