0.730189-1.589556j,-0.185607-1.445107j,-0.185607-1.445107j,0.000000
0.730189-1.589556j,-0.185609-1.445115j,-0.185606-1.445099j,0.000000
0.730189-1.589556j,-0.185608-1.445109j,-0.185607-1.445105j,0.000000
0.730189-1.589556j,-0.185600-1.445067j,-0.185615-1.445147j,0.000000
0.730189-1.589556j,-0.185600-1.445067j,-0.185615-1.445147j,0.000000
0.730189-1.589556j,-0.185600-1.445066j,-0.185615-1.445148j,0.000000
0.730189-1.589556j,-0.185600-1.445066j,-0.185615-1.445148j,0.000000
0.730189-1.589556j,-0.185599-1.445066j,-0.185615-1.445148j,0.000000
0.730189-1.589556j,-0.185599-1.445066j,-0.185615-1.445148j,0.000000
0.730189-1.589556j,-0.185599-1.445066j,-0.185615-1.445148j,0.000000
0.730189-1.589556j,-0.185599-1.445065j,-0.185615-1.445149j,0.000000
0.730189-1.589556j,-0.185599-1.445065j,-0.185615-1.445149j,0.000000
0.730189-1.589556j,-0.185599-1.445065j,-0.185615-1.445149j,0.000000
0.730189-1.589556j,-0.185599-1.445065j,-0.185615-1.445149j,0.000000
0.730189-1.589556j,-0.185599-1.445065j,-0.185615-1.445149j,0.000000
0.730189-1.589556j,-0.185599-1.445064j,-0.185615-1.445149j,0.000000
0.730189-1.589556j,-0.185599-1.445064j,-0.185615-1.445150j,0.000000
0.730189-1.589556j,-0.185599-1.445064j,-0.185615-1.445150j,0.000000
0.730189-1.589556j,-0.185599-1.445064j,-0.185615-1.445150j,0.000000
0.730189-1.589556j,-0.185599-1.445064j,-0.185615-1.445150j,0.000000
0.730189-1.589556j,-0.185599-1.445064j,-0.185615-1.445150j,0.000000
0.730189-1.589556j,-0.185599-1.445063j,-0.185616-1.445150j,0.000000
0.730189-1.589556j,-0.185599-1.445063j,-0.185616-1.445151j,0.000000
0.730189-1.589556j,-0.185599-1.445063j,-0.185616-1.445151j,0.000000
0.730189-1.589556j,-0.185599-1.445063j,-0.185616-1.445151j,0.000000
0.730189-1.589556j,-0.185599-1.445063j,-0.185616-1.445151j,0.000000
0.730189-1.589556j,-0.185599-1.445063j,-0.185616-1.445151j,0.000000
0.730189-1.589556j,-0.185599-1.445062j,-0.185616-1.445151j,0.000000
0.730189-1.589556j,-0.185599-1.445062j,-0.185616-1.445152j,0.000000
0.730189-1.589556j,-0.185599-1.445062j,-0.185616-1.445152j,0.000000
0.730189-1.589556j,-0.185599-1.445062j,-0.185616-1.445152j,0.000000
0.730189-1.589556j,-0.185599-1.445062j,-0.185616-1.445152j,0.000000
0.730189-1.589556j,-0.185599-1.445062j,-0.185616-1.445152j,0.000000
0.730189-1.589556j,-0.185599-1.445062j,-0.185616-1.445152j,0.000000
0.730189-1.589556j,-0.185599-1.445061j,-0.185616-1.445153j,0.000000
0.730189-1.589556j,-0.185599-1.445061j,-0.185616-1.445153j,0.000000
0.730189-1.589556j,-0.185599-1.445061j,-0.185616-1.445153j,0.000000
0.730189-1.589556j,-0.185599-1.445061j,-0.185616-1.445153j,0.000000
0.730189-1.589556j,-0.185599-1.445061j,-0.185616-1.445153j,0.000000
0.730189-1.589556j,-0.185598-1.445061j,-0.185616-1.445153j,0.000000
0.730189-1.589556j,-0.185598-1.445060j,-0.185616-1.445153j,0.000000
0.730189-1.589556j,-0.185598-1.445060j,-0.185616-1.445154j,0.000000
0.730189-1.589556j,-0.185598-1.445060j,-0.185616-1.445154j,0.000000
0.730189-1.589556j,-0.185598-1.445060j,-0.185616-1.445154j,0.000000
0.730189-1.589556j,-0.185598-1.445060j,-0.185616-1.445154j,0.000000
0.730189-1.589556j,-0.185598-1.445060j,-0.185616-1.445154j,0.000000
0.730189-1.589556j,-0.185598-1.445060j,-0.185616-1.445154j,0.000000
0.730189-1.589556j,-0.185598-1.445059j,-0.185616-1.445154j,0.000000
0.730189-1.589556j,-0.185598-1.445059j,-0.185616-1.445155j,0.000000
0.730189-1.589556j,-0.185598-1.445059j,-0.185616-1.445155j,0.000000
0.730189-1.589556j,-0.185598-1.445059j,-0.185616-1.445155j,0.000000
0.730189-1.589556j,-0.185598-1.445059j,-0.185616-1.445155j,0.000000
0.730189-1.589556j,-0.185603-1.445083j,-0.185612-1.445130j,0.000000
0.730189-1.589556j,-0.185603-1.445082j,-0.185612-1.445132j,0.000000
0.730189-1.589556j,-0.185602-1.445081j,-0.185612-1.445133j,0.000000
0.730189-1.589556j,-0.185602-1.445080j,-0.185612-1.445134j,0.000000
0.730189-1.589556j,-0.185602-1.445080j,-0.185612-1.445134j,0.000000
0.730189-1.589556j,-0.185602-1.445079j,-0.185613-1.445135j,0.000000
0.730189-1.589556j,-0.185602-1.445078j,-0.185613-1.445136j,0.000000
0.730189-1.589556j,-0.185602-1.445077j,-0.185613-1.445137j,0.000000
0.730189-1.589556j,-0.185601-1.445076j,-0.185613-1.445137j,0.000000
0.730189-1.589556j,-0.185601-1.445076j,-0.185613-1.445138j,0.000000
0.730189-1.589556j,-0.185601-1.445075j,-0.185613-1.445139j,0.000000
0.730189-1.589556j,-0.185601-1.445075j,-0.185613-1.445139j,0.000000
0.730189-1.589556j,-0.185601-1.445074j,-0.185614-1.445140j,0.000000
0.730189-1.589556j,-0.185601-1.445073j,-0.185614-1.445141j,0.000000
0.730189-1.589556j,-0.185601-1.445073j,-0.185614-1.445141j,0.000000
0.730189-1.589556j,-0.185601-1.445072j,-0.185614-1.445142j,0.000000
0.730189-1.589556j,-0.185601-1.445072j,-0.185614-1.445142j,0.000000
0.730189-1.589556j,-0.185601-1.445071j,-0.185614-1.445143j,0.000000
0.730189-1.589556j,-0.185600-1.445071j,-0.185614-1.445143j,0.000000
0.730189-1.589556j,-0.185600-1.445070j,-0.185614-1.445144j,0.000000
0.730189-1.589556j,-0.185600-1.445070j,-0.185614-1.445144j,0.000000
0.730189-1.589556j,-0.185600-1.445069j,-0.185614-1.445145j,0.000000
0.730189-1.589556j,-0.185600-1.445069j,-0.185614-1.445145j,0.000000
0.730189-1.589556j,-0.185600-1.445068j,-0.185615-1.445145j,0.000000
0.730189-1.589556j,-0.185600-1.445068j,-0.185615-1.445146j,0.000000
0.730189-1.589556j,-0.185600-1.445068j,-0.185615-1.445146j,0.000000
0.730189-1.589556j,-0.185600-1.445067j,-0.185615-1.445147j,0.000000
0.730189-1.589556j,-0.185600-1.445067j,-0.185615-1.445147j,0.000000
0.730189-1.589556j,-0.185600-1.445066j,-0.185615-1.445148j,0.000000
0.730189-1.589556j,-0.185600-1.445066j,-0.185615-1.445148j,0.000000
0.730189-1.589556j,-0.185599-1.445066j,-0.185615-1.445148j,0.000000
0.730189-1.589556j,-0.185599-1.445065j,-0.185615-1.445149j,0.000000
0.730189-1.589556j,-0.185599-1.445065j,-0.185615-1.445149j,0.000000
0.730189-1.589556j,-0.185599-1.445065j,-0.185615-1.445149j,0.000000
0.730189-1.589556j,-0.185599-1.445064j,-0.185615-1.445150j,0.000000
0.730189-1.589556j,-0.185599-1.445064j,-0.185615-1.445150j,0.000000
0.730189-1.589556j,-0.185599-1.445064j,-0.185615-1.445150j,0.000000
0.730189-1.589556j,-0.185599-1.445063j,-0.185616-1.445151j,0.000000
0.730189-1.589556j,-0.185599-1.445063j,-0.185616-1.445151j,0.000000
0.730189-1.589556j,-0.185599-1.445063j,-0.185616-1.445151j,0.000000
0.730189-1.589556j,-0.185599-1.445062j,-0.185616-1.445152j,0.000000
0.730189-1.589556j,-0.185599-1.445062j,-0.185616-1.445152j,0.000000
0.730189-1.589556j,-0.185599-1.445062j,-0.185616-1.445152j,0.000000
0.730189-1.589556j,-0.185599-1.445061j,-0.185616-1.445153j,0.000000
0.730189-1.589556j,-0.185599-1.445061j,-0.185616-1.445153j,0.000000
0.730189-1.589556j,-0.185599-1.445061j,-0.185616-1.445153j,0.000000
0.730189-1.589556j,-0.185598-1.445060j,-0.185616-1.445154j,0.000000
0.730189-1.589556j,-0.185598-1.445060j,-0.185616-1.445154j,0.000000
0.730189-1.589556j,-0.185598-1.445060j,-0.185616-1.445154j,0.000000
0.730189-1.589556j,-0.185598-1.445059j,-0.185616-1.445154j,0.000000
0.730189-1.589556j,-0.185598-1.445059j,-0.185616-1.445155j,0.000000
0.730189-1.589556j,-0.185598-1.445059j,-0.185616-1.445155j,0.000000
0.730189-1.589556j,-0.185598-1.445058j,-0.185617-1.445156j,0.000000
0.730189-1.589556j,-0.185598-1.445058j,-0.185617-1.445156j,0.000000
0.730189-1.589556j,-0.185598-1.445057j,-0.185617-1.445157j,0.000000
0.730189-1.589556j,-0.185598-1.445057j,-0.185617-1.445157j,0.000000
0.730189-1.589556j,-0.185598-1.445056j,-0.185617-1.445158j,0.000000
0.730189-1.589556j,-0.185598-1.445056j,-0.185617-1.445158j,0.000000
0.730189-1.589556j,-0.185597-1.445055j,-0.185617-1.445159j,0.000000
0.730189-1.589556j,-0.185597-1.445055j,-0.185617-1.445159j,0.000000
0.730189-1.589556j,-0.185597-1.445054j,-0.185617-1.445160j,0.000000
0.730189-1.589556j,-0.185597-1.445054j,-0.185617-1.445160j,0.000000
0.730189-1.589556j,-0.185597-1.445053j,-0.185617-1.445161j,0.000000
0.730189-1.589556j,-0.185597-1.445053j,-0.185618-1.445161j,0.000000
0.730189-1.589556j,-0.185597-1.445052j,-0.185618-1.445162j,0.000000
0.730189-1.589556j,-0.185597-1.445052j,-0.185618-1.445162j,0.000000
0.730189-1.589556j,-0.185597-1.445052j,-0.185618-1.445162j,0.000000
0.730189-1.589556j,-0.185597-1.445051j,-0.185618-1.445163j,0.000000
0.730189-1.589556j,-0.185597-1.445051j,-0.185618-1.445163j,0.000000
0.730189-1.589556j,-0.185597-1.445050j,-0.185618-1.445164j,0.000000
0.730189-1.589556j,-0.185596-1.445050j,-0.185618-1.445164j,0.000000
0.730189-1.589556j,-0.185596-1.445050j,-0.185618-1.445164j,0.000000
0.730189-1.589556j,-0.185596-1.445049j,-0.185618-1.445165j,0.000000
0.730189-1.589556j,-0.185596-1.445049j,-0.185618-1.445165j,0.000000
0.730189-1.589556j,-0.185596-1.445048j,-0.185618-1.445166j,0.000000
0.730189-1.589556j,-0.185596-1.445048j,-0.185618-1.445166j,0.000000
0.730189-1.589556j,-0.185596-1.445048j,-0.185618-1.445166j,0.000000
0.730189-1.589556j,-0.185596-1.445047j,-0.185619-1.445167j,0.000000
0.730189-1.589556j,-0.185596-1.445047j,-0.185619-1.445167j,0.000000
0.730189-1.589556j,-0.185596-1.445047j,-0.185619-1.445167j,0.000000
0.730189-1.589556j,-0.185596-1.445046j,-0.185619-1.445168j,0.000000
0.730189-1.589556j,-0.185596-1.445046j,-0.185619-1.445168j,0.000000
0.730189-1.589556j,-0.185596-1.445046j,-0.185619-1.445168j,0.000000
0.730189-1.589556j,-0.185596-1.445045j,-0.185619-1.445169j,0.000000
0.730189-1.589556j,-0.185596-1.445045j,-0.185619-1.445169j,0.000000
0.730189-1.589556j,-0.185595-1.445045j,-0.185619-1.445169j,0.000000
0.730189-1.589556j,-0.185595-1.445044j,-0.185619-1.445170j,0.000000
0.730189-1.589556j,-0.185595-1.445044j,-0.185619-1.445170j,0.000000
0.730189-1.589556j,-0.185595-1.445044j,-0.185619-1.445170j,0.000000
0.730189-1.589556j,-0.185595-1.445043j,-0.185619-1.445171j,0.000000
0.730189-1.589556j,-0.185595-1.445043j,-0.185619-1.445171j,0.000000
0.730189-1.589556j,-0.185595-1.445043j,-0.185619-1.445171j,0.000000
0.730189-1.589556j,-0.185595-1.445042j,-0.185620-1.445172j,0.000000
0.730189-1.589556j,-0.185595-1.445042j,-0.185620-1.445172j,0.000000
0.730189-1.589556j,-0.185595-1.445042j,-0.185620-1.445172j,0.000000
0.730189-1.589556j,-0.185595-1.445041j,-0.185620-1.445172j,0.000000
0.730189-1.589556j,-0.185595-1.445041j,-0.185620-1.445173j,0.000000
0.730189-1.589556j,-0.185595-1.445041j,-0.185620-1.445173j,0.000000
0.730189-1.589556j,-0.185595-1.445041j,-0.185620-1.445173j,0.000000
0.730189-1.589556j,-0.185595-1.445040j,-0.185620-1.445174j,0.000000
0.730189-1.589556j,-0.185595-1.445040j,-0.185620-1.445174j,0.000000
0.730189-1.589556j,-0.185595-1.445040j,-0.185620-1.445174j,0.000000
0.730189-1.589556j,-0.185594-1.445039j,-0.185620-1.445175j,0.000000
0.730189-1.589556j,-0.185594-1.445039j,-0.185620-1.445175j,0.000000
0.730189-1.589556j,-0.185594-1.445039j,-0.185620-1.445175j,0.000000
0.730189-1.589556j,-0.185594-1.445038j,-0.185620-1.445176j,0.000000
0.730189-1.589556j,-0.185594-1.445038j,-0.185620-1.445176j,0.000000
0.730189-1.589556j,-0.185594-1.445038j,-0.185620-1.445176j,0.000000
0.730189-1.589556j,-0.185594-1.445037j,-0.185620-1.445177j,0.000000
0.730189-1.589556j,-0.185594-1.445037j,-0.185621-1.445177j,0.000000
0.730189-1.589556j,-0.185594-1.445037j,-0.185621-1.445177j,0.000000
0.730189-1.589556j,-0.185594-1.445036j,-0.185621-1.445178j,0.000000
0.730189-1.589556j,-0.185594-1.445036j,-0.185621-1.445178j,0.000000
0.730189-1.589556j,-0.185594-1.445036j,-0.185621-1.445178j,0.000000
0.730189-1.589556j,-0.185594-1.445035j,-0.185621-1.445179j,0.000000
0.730189-1.589556j,-0.185594-1.445035j,-0.185621-1.445179j,0.000000
0.730189-1.589556j,-0.185594-1.445035j,-0.185621-1.445179j,0.000000
0.730189-1.589556j,-0.185594-1.445034j,-0.185621-1.445180j,0.000000
0.730189-1.589556j,-0.185593-1.445034j,-0.185621-1.445180j,0.000000
0.730189-1.589556j,-0.185593-1.445034j,-0.185621-1.445180j,0.000000
0.730189-1.589556j,-0.185593-1.445034j,-0.185621-1.445180j,0.000000
0.730189-1.589556j,-0.185593-1.445033j,-0.185621-1.445181j,0.000000
0.730189-1.589556j,-0.185593-1.445033j,-0.185621-1.445181j,0.000000
0.730189-1.589556j,-0.185593-1.445033j,-0.185621-1.445181j,0.000000
0.730189-1.589556j,-0.185593-1.445032j,-0.185621-1.445182j,0.000000
0.730189-1.589556j,-0.185593-1.445032j,-0.185621-1.445182j,0.000000
0.730189-1.589556j,-0.185593-1.445032j,-0.185622-1.445182j,0.000000
0.730189-1.589556j,-0.185593-1.445031j,-0.185622-1.445182j,0.000000
0.730189-1.589556j,-0.185593-1.445031j,-0.185622-1.445183j,0.000000
0.730189-1.589556j,-0.185593-1.445031j,-0.185622-1.445183j,0.000000
0.730189-1.589556j,-0.185593-1.445031j,-0.185622-1.445183j,0.000000
0.730189-1.589556j,-0.185593-1.445030j,-0.185622-1.445184j,0.000000
0.730189-1.589556j,-0.185593-1.445030j,-0.185622-1.445184j,0.000000
0.730189-1.589556j,-0.185593-1.445030j,-0.185622-1.445184j,0.000000
0.730189-1.589556j,-0.185593-1.445030j,-0.185622-1.445184j,0.000000
0.730189-1.589556j,-0.185593-1.445029j,-0.185622-1.445185j,0.000000
0.730189-1.589556j,-0.185593-1.445029j,-0.185622-1.445185j,0.000000
0.730189-1.589556j,-0.185592-1.445029j,-0.185622-1.445185j,0.000000
0.730189-1.589556j,-0.185592-1.445029j,-0.185622-1.445185j,0.000000
0.730189-1.589556j,-0.185592-1.445028j,-0.185622-1.445186j,0.000000
0.730189-1.589556j,-0.185592-1.445028j,-0.185622-1.445186j,0.000000
0.730189-1.589556j,-0.185592-1.445028j,-0.185622-1.445186j,0.000000
0.730189-1.589556j,-0.185592-1.445027j,-0.185622-1.445186j,0.000000
0.730189-1.589556j,-0.185592-1.445027j,-0.185622-1.445187j,0.000000
0.730189-1.589556j,-0.185592-1.445027j,-0.185622-1.445187j,0.000000
0.730189-1.589556j,-0.185592-1.445027j,-0.185622-1.445187j,0.000000
0.730189-1.589556j,-0.185592-1.445026j,-0.185623-1.445187j,0.000000
0.730189-1.589556j,-0.185592-1.445026j,-0.185623-1.445188j,0.000000
0.730189-1.589556j,-0.185592-1.445026j,-0.185623-1.445188j,0.000000
0.730189-1.589556j,-0.185592-1.445026j,-0.185623-1.445188j,0.000000
0.730189-1.589556j,-0.185592-1.445026j,-0.185623-1.445188j,0.000000
0.730189-1.589556j,-0.185589-1.445013j,-0.185625-1.445201j,0.000000
0.730189-1.589556j,-0.185587-1.445002j,-0.185627-1.445212j,0.000000
0.730189-1.589556j,-0.185585-1.444989j,-0.185630-1.445225j,0.000000
0.730189-1.589556j,-0.185582-1.444975j,-0.185632-1.445239j,0.000000
0.730189-1.589556j,-0.185579-1.444960j,-0.185635-1.445254j,0.000000
0.730190-1.589556j,-0.185576-1.444943j,-0.185638-1.445271j,0.000000
0.730190-1.589556j,-0.185573-1.444924j,-0.185642-1.445290j,0.000000
0.730190-1.589556j,-0.185569-1.444904j,-0.185646-1.445310j,0.000000
0.730190-1.589556j,-0.185565-1.444882j,-0.185650-1.445332j,0.000000
0.730190-1.589556j,-0.185560-1.444858j,-0.185654-1.445356j,0.000000
0.730190-1.589556j,-0.185555-1.444831j,-0.185659-1.445383j,0.000000
0.730190-1.589556j,-0.185550-1.444803j,-0.185665-1.445411j,0.000000
0.730190-1.589556j,-0.185544-1.444771j,-0.185671-1.445443j,0.000000
0.730190-1.589556j,-0.185537-1.444737j,-0.185677-1.445477j,0.000000
0.730190-1.589556j,-0.185530-1.444701j,-0.185684-1.445513j,0.000000
0.730190-1.589556j,-0.185523-1.444661j,-0.185692-1.445553j,0.000000
0.730190-1.589556j,-0.185514-1.444617j,-0.185700-1.445597j,0.000000
0.730190-1.589556j,-0.185506-1.444571j,-0.185709-1.445644j,0.000000
0.730190-1.589556j,-0.185496-1.444520j,-0.185718-1.445694j,0.000000
0.730190-1.589556j,-0.185486-1.444466j,-0.185729-1.445749j,0.000000
0.730191-1.589555j,-0.185474-1.444407j,-0.185740-1.445808j,0.000000
0.730191-1.589555j,-0.185462-1.444343j,-0.185752-1.445871j,0.000000
0.730191-1.589555j,-0.185449-1.444275j,-0.185764-1.445939j,0.000000
0.730191-1.589555j,-0.185435-1.444202j,-0.185778-1.446013j,0.000000
0.730192-1.589555j,-0.185420-1.444123j,-0.185793-1.446091j,0.000000
0.730192-1.589554j,-0.185404-1.444039j,-0.185809-1.446176j,0.000000
0.730192-1.589554j,-0.185387-1.443949j,-0.185826-1.446267j,0.000000
0.730193-1.589554j,-0.185369-1.443852j,-0.185844-1.446364j,0.000000
0.730193-1.589553j,-0.185349-1.443748j,-0.185864-1.446467j,0.000000
0.730194-1.589553j,-0.185328-1.443637j,-0.185884-1.446579j,0.000000
0.730195-1.589552j,-0.185305-1.443519j,-0.185907-1.446697j,0.000000
0.730196-1.589552j,-0.185281-1.443393j,-0.185930-1.446824j,0.000000
0.730197-1.589551j,-0.185255-1.443258j,-0.185956-1.446959j,0.000000
0.730198-1.589550j,-0.185227-1.443114j,-0.185983-1.447103j,0.000000
0.730200-1.589549j,-0.185198-1.442962j,-0.186011-1.447257j,0.000000
0.730201-1.589548j,-0.185167-1.442799j,-0.186042-1.447420j,0.000000
0.730203-1.589547j,-0.185133-1.442626j,-0.186074-1.447594j,0.000000
0.730205-1.589545j,-0.185098-1.442442j,-0.186108-1.447778j,0.000000
0.730207-1.589543j,-0.185060-1.442247j,-0.186145-1.447974j,0.000000
0.730210-1.589542j,-0.185020-1.442040j,-0.186183-1.448182j,0.000000
0.730213-1.589539j,-0.184978-1.441821j,-0.186224-1.448403j,0.000000
0.730217-1.589537j,-0.184933-1.441588j,-0.186267-1.448637j,0.000000
0.730221-1.589534j,-0.184885-1.441342j,-0.186313-1.448885j,0.000000
0.730225-1.589531j,-0.184834-1.441082j,-0.186362-1.449147j,0.000000
0.730230-1.589527j,-0.184781-1.440806j,-0.186413-1.449425j,0.000000
0.730236-1.589523j,-0.184724-1.440515j,-0.186466-1.449719j,0.000000
0.730242-1.589519j,-0.184664-1.440208j,-0.186523-1.450029j,0.000000
0.730250-1.589514j,-0.184600-1.439883j,-0.186583-1.450356j,0.000000
0.730258-1.589508j,-0.184533-1.439541j,-0.186646-1.450702j,0.000000
0.730267-1.589501j,-0.184462-1.439180j,-0.186712-1.451067j,0.000000
0.730277-1.589494j,-0.184386-1.438799j,-0.186782-1.451452j,0.000001
0.730289-1.589486j,-0.184307-1.438399j,-0.186855-1.451857j,0.000001
0.730302-1.589477j,-0.184223-1.437977j,-0.186932-1.452284j,0.000001
0.730316-1.589466j,-0.184135-1.437534j,-0.187013-1.452734j,0.000001
0.730332-1.589455j,-0.184042-1.437068j,-0.187098-1.453207j,0.000001
0.730350-1.589442j,-0.183944-1.436578j,-0.187186-1.453704j,0.000001
0.730370-1.589428j,-0.183840-1.436063j,-0.187279-1.454227j,0.000002
0.730393-1.589412j,-0.183731-1.435523j,-0.187376-1.454777j,0.000002
0.730417-1.589394j,-0.183617-1.434957j,-0.187478-1.455354j,0.000002
0.730445-1.589375j,-0.183496-1.434363j,-0.187584-1.455960j,0.000003
0.730476-1.589353j,-0.183369-1.433740j,-0.187695-1.456595j,0.000003
0.730510-1.589329j,-0.183235-1.433088j,-0.187811-1.457262j,0.000004
0.730547-1.589302j,-0.183095-1.432405j,-0.187932-1.457961j,0.000004
0.730589-1.589272j,-0.182947-1.431691j,-0.188057-1.458693j,0.000005
0.730635-1.589240j,-0.182792-1.430943j,-0.188189-1.459460j,0.000006
0.730686-1.589203j,-0.182629-1.430162j,-0.188325-1.460263j,0.000007
0.730742-1.589163j,-0.182457-1.429345j,-0.188467-1.461103j,0.000009
0.730804-1.589119j,-0.182277-1.428493j,-0.188614-1.461982j,0.000010
0.730872-1.589071j,-0.182089-1.427602j,-0.188767-1.462902j,0.000012
0.730947-1.589018j,-0.181890-1.426673j,-0.188926-1.463863j,0.000014
0.731030-1.588959j,-0.181682-1.425704j,-0.189090-1.464867j,0.000016
0.731120-1.588895j,-0.181464-1.424694j,-0.189261-1.465915j,0.000019
0.731220-1.588824j,-0.181236-1.423642j,-0.189437-1.467010j,0.000022
0.731329-1.588746j,-0.180996-1.422545j,-0.189619-1.468153j,0.000025
0.731448-1.588661j,-0.180745-1.421404j,-0.189808-1.469345j,0.000029
0.731579-1.588568j,-0.180481-1.420217j,-0.190002-1.470588j,0.000034
0.731722-1.588467j,-0.180205-1.418982j,-0.190203-1.471884j,0.000040
0.731878-1.588355j,-0.179916-1.417698j,-0.190410-1.473234j,0.000046
0.732049-1.588234j,-0.179614-1.416364j,-0.190623-1.474641j,0.000053
0.732235-1.588101j,-0.179297-1.414978j,-0.190841-1.476105j,0.000061
0.732438-1.587957j,-0.178965-1.413540j,-0.191066-1.477630j,0.000070
0.732659-1.587800j,-0.178619-1.412048j,-0.191297-1.479216j,0.000081
0.732899-1.587629j,-0.178256-1.410501j,-0.191533-1.480866j,0.000093
0.733160-1.587443j,-0.177876-1.408897j,-0.191775-1.482580j,0.000107
0.733443-1.587241j,-0.177480-1.407237j,-0.192022-1.484362j,0.000122
0.733751-1.587022j,-0.177065-1.405518j,-0.192275-1.486212j,0.000140
0.734084-1.586784j,-0.176632-1.403740j,-0.192532-1.488132j,0.000160
0.734444-1.586527j,-0.176180-1.401901j,-0.192794-1.490125j,0.000183
0.734835-1.586248j,-0.175708-1.400001j,-0.193060-1.492192j,0.000209
0.735256-1.585947j,-0.175216-1.398038j,-0.193330-1.494334j,0.000238
0.735710-1.585623j,-0.174704-1.396019j,-0.193603-1.496547j,0.000270
0.736196-1.585276j,-0.174173-1.393949j,-0.193878-1.498826j,0.000307
0.736717-1.584904j,-0.173623-1.391826j,-0.194153-1.501172j,0.000347
0.737274-1.584506j,-0.173053-1.389651j,-0.194429-1.503586j,0.000393
0.737869-1.584080j,-0.172462-1.387423j,-0.194705-1.506069j,0.000443
0.738504-1.583625j,-0.171851-1.385142j,-0.194981-1.508623j,0.000500
0.739182-1.583139j,-0.171218-1.382807j,-0.195255-1.511249j,0.000562
0.739904-1.582622j,-0.170563-1.380419j,-0.195528-1.513948j,0.000631
0.740672-1.582070j,-0.169885-1.377977j,-0.195799-1.516721j,0.000707
0.741490-1.581483j,-0.169184-1.375481j,-0.196068-1.519569j,0.000792
0.742358-1.580859j,-0.168459-1.372931j,-0.196332-1.522494j,0.000885
0.743280-1.580196j,-0.167710-1.370326j,-0.196593-1.525498j,0.000988
0.744258-1.579492j,-0.166935-1.367667j,-0.196848-1.528580j,0.001101
0.745295-1.578745j,-0.166135-1.364953j,-0.197098-1.531744j,0.001225
0.746393-1.577953j,-0.165309-1.362184j,-0.197341-1.534990j,0.001361
0.747555-1.577114j,-0.164455-1.359360j,-0.197577-1.538319j,0.001511
0.748784-1.576226j,-0.163574-1.356480j,-0.197805-1.541734j,0.001674
0.750082-1.575286j,-0.162664-1.353545j,-0.198023-1.545235j,0.001853
0.751453-1.574293j,-0.161726-1.350555j,-0.198231-1.548824j,0.002049
0.752899-1.573244j,-0.160758-1.347509j,-0.198428-1.552504j,0.002263
0.754423-1.572136j,-0.159759-1.344408j,-0.198613-1.556275j,0.002495
0.756030-1.570966j,-0.158729-1.341251j,-0.198784-1.560139j,0.002749
0.757721-1.569733j,-0.157668-1.338038j,-0.198940-1.564098j,0.003025
0.759501-1.568434j,-0.156574-1.334769j,-0.199081-1.568154j,0.003325
0.761373-1.567065j,-0.155446-1.331444j,-0.199204-1.572308j,0.003651
0.763339-1.565623j,-0.154285-1.328064j,-0.199310-1.576563j,0.004004
0.765405-1.564107j,-0.153089-1.324627j,-0.199395-1.580921j,0.004387
0.767572-1.562512j,-0.151858-1.321135j,-0.199459-1.585383j,0.004803
0.769846-1.560835j,-0.150590-1.317587j,-0.199501-1.589951j,0.005252
0.772230-1.559074j,-0.149286-1.313982j,-0.199518-1.594628j,0.005737
0.774727-1.557224j,-0.147944-1.310322j,-0.199509-1.599417j,0.006262
0.777341-1.555282j,-0.146563-1.306606j,-0.199473-1.604319j,0.006828
0.780077-1.553245j,-0.145143-1.302835j,-0.199408-1.609336j,0.007439
0.782938-1.551109j,-0.143683-1.299007j,-0.199312-1.614472j,0.008098
0.785929-1.548870j,-0.142183-1.295124j,-0.199183-1.619728j,0.008807
0.789054-1.546523j,-0.140641-1.291186j,-0.199019-1.625108j,0.009570
0.792317-1.544065j,-0.139056-1.287191j,-0.198818-1.630615j,0.010390
0.795722-1.541492j,-0.137429-1.283142j,-0.198578-1.636250j,0.011272
0.799273-1.538798j,-0.135758-1.279037j,-0.198298-1.642018j,0.012219
0.802976-1.535980j,-0.134042-1.274877j,-0.197974-1.647921j,0.013235
0.806834-1.533033j,-0.132281-1.270661j,-0.197604-1.653963j,0.014324
0.810851-1.529952j,-0.130474-1.266391j,-0.197187-1.660146j,0.015492
0.815033-1.526732j,-0.128620-1.262066j,-0.196719-1.666476j,0.016743
0.819384-1.523368j,-0.126718-1.257686j,-0.196198-1.672954j,0.018081
0.823909-1.519854j,-0.124768-1.253251j,-0.195621-1.679585j,0.019514
0.828611-1.516185j,-0.122769-1.248762j,-0.194987-1.686373j,0.021045
0.833496-1.512355j,-0.120721-1.244219j,-0.194291-1.693322j,0.022680
0.838568-1.508359j,-0.118621-1.239621j,-0.193531-1.700437j,0.024427
0.843832-1.504190j,-0.116471-1.234970j,-0.192704-1.707722j,0.026292
0.849292-1.499842j,-0.114269-1.230265j,-0.191807-1.715182j,0.028280
0.854953-1.495309j,-0.112013-1.225506j,-0.190837-1.722821j,0.030400
0.860820-1.490584j,-0.109705-1.220693j,-0.189791-1.730646j,0.032660
0.866897-1.485659j,-0.107343-1.215827j,-0.188665-1.738661j,0.035066
0.873189-1.480529j,-0.104926-1.210908j,-0.187455-1.746873j,0.037627
0.879700-1.475185j,-0.102453-1.205936j,-0.186159-1.755287j,0.040352
0.886434-1.469620j,-0.099925-1.200911j,-0.184773-1.763909j,0.043250
0.893396-1.463825j,-0.097340-1.195833j,-0.183292-1.772748j,0.046331
0.900583-1.457800j,-0.094701-1.190708j,-0.181716-1.781799j,0.049601
0.907976-1.451555j,-0.092015-1.185550j,-0.180044-1.791043j,0.053060
0.915578-1.445083j,-0.089282-1.180361j,-0.178276-1.800485j,0.056715
0.923387-1.438380j,-0.086502-1.175142j,-0.176407-1.810130j,0.060577
0.931404-1.431440j,-0.083676-1.169894j,-0.174437-1.819981j,0.064652
0.939630-1.424259j,-0.080804-1.164617j,-0.172362-1.830043j,0.068951
0.948062-1.416831j,-0.077888-1.159314j,-0.170180-1.840321j,0.073481
0.956701-1.409150j,-0.074926-1.153986j,-0.167889-1.850821j,0.078252
0.965545-1.401213j,-0.071922-1.148634j,-0.165488-1.861546j,0.083273
0.974591-1.393013j,-0.068873-1.143258j,-0.162973-1.872502j,0.088554
0.983839-1.384546j,-0.065783-1.137861j,-0.160345-1.883694j,0.094104
0.993285-1.375807j,-0.062651-1.132443j,-0.157601-1.895128j,0.099933
1.002927-1.366791j,-0.059479-1.127006j,-0.154739-1.906809j,0.106050
1.012761-1.357493j,-0.056267-1.121552j,-0.151759-1.918742j,0.112465
1.022782-1.347909j,-0.053016-1.116080j,-0.148661-1.930934j,0.119189
1.032988-1.338034j,-0.049728-1.110594j,-0.145442-1.943390j,0.126231
1.043373-1.327865j,-0.046403-1.105093j,-0.142104-1.956115j,0.133602
1.053931-1.317397j,-0.043044-1.099580j,-0.138647-1.969116j,0.141311
1.064657-1.306626j,-0.039650-1.094056j,-0.135070-1.982398j,0.149369
1.075544-1.295550j,-0.036224-1.088523j,-0.131374-1.995967j,0.157785
1.086585-1.284164j,-0.032768-1.082981j,-0.127562-2.009828j,0.166569
1.097773-1.272466j,-0.029281-1.077432j,-0.123634-2.023988j,0.175731
1.109100-1.260454j,-0.025767-1.071878j,-0.119592-2.038451j,0.185281
1.120556-1.248125j,-0.022227-1.066321j,-0.115440-2.053223j,0.195227
1.132133-1.235478j,-0.018662-1.060761j,-0.111180-2.068308j,0.205580
1.143821-1.222511j,-0.015075-1.055201j,-0.106816-2.083712j,0.216347
1.155609-1.209224j,-0.011467-1.049642j,-0.102353-2.099439j,0.227537
1.167487-1.195616j,-0.007840-1.044085j,-0.097795-2.115493j,0.239159
1.179443-1.181688j,-0.004196-1.038533j,-0.093148-2.131877j,0.251219
1.191465-1.167441j,-0.000538-1.032987j,-0.088418-2.148595j,0.263725
1.203541-1.152876j,0.003132-1.027449j,-0.083612-2.165649j,0.276684
1.215658-1.137994j,0.006814-1.021921j,-0.078736-2.183042j,0.290101
1.227803-1.122799j,0.010503-1.016403j,-0.073800-2.200776j,0.303983
1.239962-1.107293j,0.014198-1.010898j,-0.068811-2.218850j,0.318335
1.251738-1.091984j,0.017781-1.005580j,-0.063938-2.236681j,0.332681
1.263892-1.075870j,0.021483-1.000103j,-0.058871-2.255438j,0.347978
1.275653-1.059956j,0.025074-0.994807j,-0.053934-2.273955j,0.363268
1.287741-1.043256j,0.028774-0.989364j,-0.048830-2.293385j,0.379518
1.299429-1.026760j,0.032363-0.984097j,-0.043871-2.312580j,0.395762
1.311398-1.009492j,0.036052-0.978694j,-0.038773-2.332679j,0.412978
1.322961-0.992431j,0.039632-0.973460j,-0.033835-2.352547j,0.430189
1.334761-0.974613j,0.043304-0.968100j,-0.028788-2.373309j,0.448383
1.346147-0.957005j,0.046869-0.962904j,-0.023916-2.393842j,0.466572
1.357138-0.939598j,0.050331-0.957860j,-0.019219-2.414157j,0.484755
1.368174-0.921692j,0.053833-0.952762j,-0.014514-2.435074j,0.503675
1.378818-0.903985j,0.057236-0.947809j,-0.009994-2.455779j,0.522590
1.389088-0.886470j,0.060547-0.942989j,-0.005656-2.476279j,0.541500
1.398998-0.869140j,0.063771-0.938296j,-0.001499-2.496583j,0.560405
1.408563-0.851987j,0.066912-0.933721j,0.002479-2.516698j,0.579306
1.418134-0.834375j,0.070087-0.929093j,0.006420-2.537372j,0.598914
1.427361-0.816941j,0.073181-0.924578j,0.010173-2.557856j,0.618518
1.436257-0.799679j,0.076199-0.920170j,0.013741-2.578155j,0.638117
1.444833-0.782584j,0.079144-0.915861j,0.017127-2.598273j,0.657713
1.453100-0.765651j,0.082020-0.911648j,0.020333-2.618216j,0.677305
1.461070-0.748874j,0.084829-0.907525j,0.023362-2.637986j,0.696893
1.468751-0.732250j,0.087575-0.903488j,0.026217-2.657588j,0.716478
1.476153-0.715775j,0.090260-0.899531j,0.028899-2.677023j,0.736060
1.483285-0.699443j,0.092887-0.895652j,0.031413-2.696294j,0.755639
1.490156-0.683252j,0.095458-0.891847j,0.033760-2.715404j,0.775215
1.496772-0.667199j,0.097975-0.888111j,0.035944-2.734355j,0.794788
1.503141-0.651279j,0.100441-0.884443j,0.037967-2.753147j,0.814359
1.509271-0.635490j,0.102857-0.880838j,0.039832-2.771784j,0.833927
1.515168-0.619830j,0.105225-0.877295j,0.041543-2.790266j,0.853492
1.520839-0.604294j,0.107548-0.873811j,0.043102-2.808595j,0.873055
1.526289-0.588882j,0.109826-0.870383j,0.044512-2.826771j,0.892616
1.531524-0.573590j,0.112061-0.867008j,0.045776-2.844796j,0.912174
1.536551-0.558415j,0.114256-0.863686j,0.046897-2.862671j,0.931731
1.541374-0.543357j,0.116410-0.860413j,0.047879-2.880396j,0.951285
1.545998-0.528412j,0.118526-0.857188j,0.048724-2.897973j,0.970837
1.550429-0.513578j,0.120604-0.854009j,0.049434-2.915402j,0.990388
1.554670-0.498855j,0.122647-0.850874j,0.050014-2.932684j,1.009937
1.558728-0.484239j,0.124654-0.847783j,0.050467-2.949820j,1.029483
1.562605-0.469729j,0.126628-0.844732j,0.050794-2.966810j,1.049028
1.566306-0.455324j,0.128569-0.841721j,0.051000-2.983655j,1.068572
1.569836-0.441022j,0.130478-0.838749j,0.051086-3.000357j,1.088114
1.573197-0.426821j,0.132357-0.835813j,0.051057-3.016914j,1.107654
1.576394-0.412719j,0.134205-0.832914j,0.050915-3.033329j,1.127192
1.579093-0.400304j,0.135819-0.830373j,0.050698-3.047758j,1.144499
1.581669-0.387966j,0.137411-0.827859j,0.050395-3.062076j,1.161804
1.584122-0.375702j,0.138981-0.825371j,0.050011-3.076283j,1.179109
1.586457-0.363514j,0.140529-0.822907j,0.049546-3.090379j,1.196412
1.588675-0.351399j,0.142058-0.820468j,0.049003-3.104366j,1.213715
1.590778-0.339357j,0.143566-0.818053j,0.048383-3.118244j,1.231016
1.592768-0.327387j,0.145054-0.815661j,0.047689-3.132013j,1.248317
1.594432-0.316885j,0.146351-0.813569j,0.047017-3.144072j,1.263575
1.596012-0.306437j,0.147634-0.811494j,0.046289-3.156047j,1.278832
1.597508-0.296045j,0.148903-0.809435j,0.045507-3.167938j,1.294088
1.598921-0.285706j,0.150157-0.807393j,0.044673-3.179746j,1.309344
1.600254-0.275421j,0.151397-0.805367j,0.043787-3.191472j,1.324600
1.601508-0.265189j,0.152625-0.803357j,0.042851-3.203115j,1.339855
1.602683-0.255010j,0.153838-0.801362j,0.041866-3.214676j,1.355109
1.603780-0.244883j,0.155039-0.799382j,0.040834-3.226156j,1.370363
1.604802-0.234807j,0.156228-0.797416j,0.039755-3.237555j,1.385617
1.605748-0.224783j,0.157403-0.795465j,0.038631-3.248873j,1.400870
1.606621-0.214811j,0.158567-0.793528j,0.037463-3.260110j,1.416122
1.607421-0.204888j,0.159719-0.791604j,0.036252-3.271268j,1.431374
1.608149-0.195016j,0.160858-0.789694j,0.035000-3.282346j,1.446625
1.608841-0.184645j,0.162050-0.787692j,0.033633-3.293959j,1.462732
1.609456-0.174330j,0.163228-0.785704j,0.032222-3.305484j,1.478839
1.610021-0.163512j,0.164457-0.783623j,0.030688-3.317543j,1.495824
1.610503-0.152754j,0.165673-0.781557j,0.029108-3.329505j,1.512809
1.610924-0.141419j,0.166947-0.779385j,0.027385-3.342078j,1.530810
1.611253-0.130152j,0.168206-0.777229j,0.025613-3.354544j,1.548810
1.611505-0.118257j,0.169528-0.774957j,0.023681-3.367668j,1.567931
1.611658-0.106436j,0.170834-0.772702j,0.021698-3.380674j,1.587050
1.611714-0.093953j,0.172206-0.770326j,0.019537-3.394370j,1.607374
1.611662-0.081552j,0.173560-0.767968j,0.017323-3.407934j,1.627697
1.611490-0.068464j,0.174981-0.765483j,0.014915-3.422205j,1.649296
1.611200-0.055467j,0.176384-0.763019j,0.012452-3.436331j,1.670894
1.610767-0.041765j,0.177854-0.760425j,0.009780-3.451173j,1.693831
1.610205-0.028164j,0.179305-0.757852j,0.007052-3.465856j,1.716767
1.609473-0.013844j,0.180823-0.755147j,0.004100-3.481259j,1.741103
1.608603+0.000363j,0.182320-0.752465j,0.001092-3.496485j,1.765438
1.607534+0.015301j,0.183884-0.749648j,-0.002154-3.512434j,1.791233
1.606316+0.030116j,0.185426-0.746857j,-0.005456-3.528190j,1.817027
1.604869+0.045670j,0.187034-0.743927j,-0.009010-3.544666j,1.844345
1.603262+0.061089j,0.188619-0.741024j,-0.012618-3.560932j,1.871661
1.601393+0.077257j,0.190271-0.737982j,-0.016492-3.577916j,1.900567
1.599353+0.093276j,0.191898-0.734967j,-0.020417-3.594672j,1.929471
1.597017+0.110052j,0.193591-0.731810j,-0.024620-3.612144j,1.960036
1.594499+0.126666j,0.195258-0.728682j,-0.028871-3.629370j,1.990599
1.591647+0.144047j,0.196991-0.725409j,-0.033412-3.647308j,2.022901
1.588602+0.161249j,0.198696-0.722168j,-0.037997-3.664981j,2.055201
1.585183+0.179227j,0.200468-0.718777j,-0.042882-3.683365j,2.089324
1.581560+0.197010j,0.202210-0.715419j,-0.047806-3.701464j,2.123445
1.577519+0.215579j,0.204020-0.711908j,-0.053040-3.720272j,2.159481
1.573264+0.233934j,0.205798-0.708432j,-0.058304-3.738775j,2.195515
1.568545+0.253084j,0.207643-0.704799j,-0.063889-3.757986j,2.233566
1.563600+0.272001j,0.209457-0.701203j,-0.069496-3.776871j,2.271613
1.558142+0.291722j,0.211337-0.697444j,-0.075431-3.796464j,2.311786
1.552447+0.311188j,0.213184-0.693724j,-0.081377-3.815711j,2.351956
1.546185+0.331465j,0.215099-0.689837j,-0.087658-3.835664j,2.394369
1.539676+0.351464j,0.216979-0.685989j,-0.093937-3.855251j,2.436778
1.532543+0.372279j,0.218927-0.681970j,-0.100558-3.875542j,2.481556
1.525152+0.392792j,0.220839-0.677993j,-0.107162-3.895447j,2.526331
1.517078+0.414124j,0.222820-0.673838j,-0.114110-3.916054j,2.573609
1.508735+0.435126j,0.224762-0.669727j,-0.121026-3.936255j,2.620882
1.499645+0.456944j,0.226774-0.665433j,-0.128285-3.957155j,2.670799
1.490277+0.478404j,0.228747-0.661184j,-0.135495-3.977629j,2.720712
1.480096+0.500673j,0.230789-0.656747j,-0.143044-3.998796j,2.773413
1.469628+0.522552j,0.232790-0.652358j,-0.150525-4.019519j,2.826110
1.458278+0.545227j,0.234861-0.647775j,-0.158338-4.040927j,2.881744
1.446634+0.567476j,0.236890-0.643242j,-0.166059-4.061872j,2.937373
1.434039+0.590501j,0.238988-0.638511j,-0.174101-4.083491j,2.996087
1.421143+0.613063j,0.241042-0.633832j,-0.182029-4.104632j,3.054795
1.407228+0.636368j,0.243165-0.628951j,-0.190259-4.126431j,3.116733
1.393007+0.659171j,0.245243-0.624124j,-0.198348-4.147736j,3.178665
1.377701+0.682676j,0.247389-0.619093j,-0.206717-4.169681j,3.243964
1.362086+0.705638j,0.249489-0.614117j,-0.214917-4.191118j,3.309257
1.345324+0.729246j,0.251653-0.608936j,-0.223366-4.213171j,3.378042
1.328254+0.752269j,0.253772-0.603813j,-0.231617-4.234705j,3.446820
1.309980+0.775871j,0.255953-0.598484j,-0.240080-4.256828j,3.519201
1.291402+0.798844j,0.258087-0.593215j,-0.248313-4.278423j,3.591575
1.271571+0.822317j,0.260281-0.587742j,-0.256712-4.300574j,3.667645
1.251445+0.845116j,0.262427-0.582331j,-0.264849-4.322193j,3.743707
1.230027+0.868326j,0.264629-0.576719j,-0.273101-4.344333j,3.823536
1.208326+0.890816j,0.266783-0.571171j,-0.281054-4.365938j,3.903357
1.185405+0.913522j,0.268981-0.565450j,-0.289029-4.387933j,3.986637
1.162218+0.935470j,0.271130-0.559795j,-0.296671-4.409399j,4.069909
1.138786+0.956671j,0.273232-0.554204j,-0.303977-4.430360j,4.153172
1.115128+0.977138j,0.275290-0.548674j,-0.310943-4.450840j,4.236427
1.090219+0.997726j,0.277393-0.542969j,-0.317845-4.471723j,4.323316
1.065106+1.017541j,0.279450-0.537326j,-0.324369-4.492130j,4.410196
1.039807+1.036596j,0.281465-0.531745j,-0.330509-4.512082j,4.497069
1.014341+1.054906j,0.283438-0.526224j,-0.336261-4.531602j,4.583933
0.987699+1.073169j,0.285449-0.520544j,-0.341825-4.551465j,4.674278
0.960914+1.090653j,0.287419-0.514925j,-0.346956-4.570901j,4.764615
0.934006+1.107373j,0.289350-0.509364j,-0.351648-4.589931j,4.854944
0.906991+1.123342j,0.291242-0.503862j,-0.355892-4.608573j,4.945265
0.878821+1.139157j,0.293171-0.498203j,-0.359816-4.627553j,5.039138
0.850571+1.154192j,0.295063-0.492603j,-0.363233-4.646148j,5.133003
0.822259+1.168462j,0.296919-0.487060j,-0.366129-4.664375j,5.226860
0.793899+1.181982j,0.298740-0.481573j,-0.368486-4.682246j,5.320709
0.764238+1.195321j,0.300607-0.475898j,-0.370353-4.700549j,5.418767
0.734559+1.207876j,0.302441-0.470282j,-0.371586-4.718486j,5.516816
0.704878+1.219663j,0.304241-0.464721j,-0.372157-4.736063j,5.614857
0.675208+1.230698j,0.306010-0.459215j,-0.372030-4.753282j,5.712889
0.645565+1.240998j,0.307750-0.453763j,-0.371166-4.770138j,5.810912
0.619314+1.249529j,0.309268-0.448972j,-0.369747-4.784770j,5.897776
0.593101+1.257508j,0.310766-0.444220j,-0.367676-4.799091j,5.984633
0.566935+1.264946j,0.312243-0.439508j,-0.364915-4.813079j,6.071484
0.544908+1.270807j,0.313474-0.435564j,-0.362017-4.824593j,6.144687
0.522923+1.276298j,0.314692-0.431646j,-0.358568-4.835817j,6.217886
0.500982+1.281427j,0.315897-0.427754j,-0.354540-4.846716j,6.291080
0.481558+1.285679j,0.316957-0.424322j,-0.350460-4.856075j,6.355991
0.462173+1.289656j,0.318008-0.420910j,-0.345887-4.865100j,6.420898
0.442829+1.293363j,0.319051-0.417516j,-0.340807-4.873742j,6.485801
0.425874+1.296400j,0.319960-0.414551j,-0.335922-4.880971j,6.542786
0.408951+1.299235j,0.320864-0.411600j,-0.330646-4.887815j,6.599769
0.392062+1.301871j,0.321762-0.408663j,-0.324988-4.894225j,6.656747
0.375205+1.304312j,0.322655-0.405739j,-0.318969-4.900148j,6.713721
0.360180+1.306329j,0.323449-0.403138j,-0.313317-4.904985j,6.764588
0.345180+1.308193j,0.324239-0.400547j,-0.307436-4.909358j,6.815452
0.330205+1.309907j,0.325025-0.397965j,-0.301368-4.913239j,6.866312
0.315256+1.311471j,0.325808-0.395393j,-0.295161-4.916603j,6.917170
0.300330+1.312887j,0.326588-0.392829j,-0.288867-4.919438j,6.968023
0.285428+1.314155j,0.327364-0.390274j,-0.282542-4.921741j,7.018873
0.270549+1.315277j,0.328138-0.387727j,-0.276242-4.923521j,7.069720
0.255693+1.316252j,0.328908-0.385187j,-0.270017-4.924796j,7.120564
0.240858+1.317081j,0.329675-0.382655j,-0.263913-4.925593j,7.171405
0.226045+1.317764j,0.330439-0.380129j,-0.257968-4.925945j,7.222244
0.211253+1.318301j,0.331199-0.377610j,-0.252212-4.925889j,7.273079
0.195818+1.318704j,0.331991-0.374985j,-0.246420-4.925437j,7.326206
0.180406+1.318948j,0.332778-0.372366j,-0.240874-4.924625j,7.379331
0.164123+1.319030j,0.333607-0.369601j,-0.235282-4.923419j,7.435553
0.147867+1.318932j,0.334431-0.366843j,-0.229977-4.921901j,7.491773
0.130542+1.318626j,0.335306-0.363905j,-0.224627-4.919983j,7.551799
0.112630+1.318092j,0.336207-0.360869j,-0.219418-4.917716j,7.613982
0.094086+1.317301j,0.337135-0.357728j,-0.214357-4.915106j,7.678503
0.074872+1.316226j,0.338091-0.354473j,-0.209454-4.912161j,7.745508
0.054957+1.314832j,0.339077-0.351099j,-0.204717-4.908884j,7.815141
0.034312+1.313086j,0.340093-0.347600j,-0.200154-4.905279j,7.887535
0.012910+1.310946j,0.341140-0.343970j,-0.195772-4.901350j,7.962820
-0.009270+1.308372j,0.342217-0.340205j,-0.191579-4.897099j,8.041117
-0.032247+1.305317j,0.343325-0.336299j,-0.187579-4.892525j,8.122548
-0.056038+1.301732j,0.344463-0.332248j,-0.183780-4.887629j,8.207230
-0.080656+1.297563j,0.345632-0.328047j,-0.180184-4.882409j,8.295280
-0.106112+1.292754j,0.346831-0.323692j,-0.176798-4.876862j,8.386817
-0.132415+1.287244j,0.348058-0.319177j,-0.173623-4.870986j,8.481965
-0.159571+1.280967j,0.349314-0.314497j,-0.170665-4.864772j,8.580855
-0.187587+1.273852j,0.350597-0.309648j,-0.167925-4.858216j,8.683627
-0.216467+1.265823j,0.351906-0.304622j,-0.165406-4.851307j,8.790438
-0.246215+1.256796j,0.353240-0.299413j,-0.163109-4.844034j,8.901466
-0.275672+1.247081j,0.354548-0.294218j,-0.161112-4.836678j,9.012493
-0.304822+1.236683j,0.355827-0.289038j,-0.159387-4.829244j,9.123518
-0.333648+1.225612j,0.357079-0.283873j,-0.157911-4.821741j,9.234544
-0.362135+1.213873j,0.358303-0.278720j,-0.156663-4.814173j,9.345568
-0.390267+1.201475j,0.359499-0.273582j,-0.155624-4.806544j,9.456592
-0.418029+1.188426j,0.360667-0.268456j,-0.154777-4.798858j,9.567616
-0.445405+1.174737j,0.361805-0.263343j,-0.154109-4.791118j,9.678639
-0.472381+1.160416j,0.362915-0.258243j,-0.153604-4.783326j,9.789663
-0.498940+1.145474j,0.363997-0.253154j,-0.153253-4.775486j,9.900686
-0.525070+1.129921j,0.365049-0.248078j,-0.153042-4.767597j,10.011708
-0.550755+1.113768j,0.366072-0.243013j,-0.152964-4.759663j,10.122731
-0.575981+1.097027j,0.367065-0.237960j,-0.153008-4.751685j,10.233753
-0.600735+1.079709j,0.368030-0.232918j,-0.153166-4.743665j,10.344776
-0.625002+1.061826j,0.368964-0.227887j,-0.153431-4.735603j,10.455798
-0.648770+1.043392j,0.369870-0.222867j,-0.153797-4.727500j,10.566821
-0.672025+1.024418j,0.370745-0.217857j,-0.154256-4.719359j,10.677844
-0.694756+1.004919j,0.371591-0.212857j,-0.154802-4.711179j,10.788866
-0.716949+0.984907j,0.372407-0.207867j,-0.155432-4.702962j,10.899889
-0.738593+0.964398j,0.373194-0.202888j,-0.156139-4.694708j,11.010912
-0.759676+0.943404j,0.373950-0.197918j,-0.156919-4.686418j,11.121935
-0.780188+0.921941j,0.374676-0.192957j,-0.157768-4.678093j,11.232958
-0.800116+0.900024j,0.375372-0.188005j,-0.158682-4.669734j,11.343982
-0.819452+0.877668j,0.376039-0.183063j,-0.159657-4.661341j,11.455006
-0.838184+0.854888j,0.376675-0.178129j,-0.160691-4.652915j,11.566030
-0.856304+0.831700j,0.377281-0.173205j,-0.161778-4.644456j,11.677054
-0.873801+0.808120j,0.377856-0.168288j,-0.162918-4.635965j,11.788078
-0.890667+0.784163j,0.378401-0.163380j,-0.164106-4.627442j,11.899103
-0.906895+0.759848j,0.378916-0.158480j,-0.165341-4.618889j,12.010128
-0.922474+0.735189j,0.379401-0.153588j,-0.166620-4.610304j,12.121154
-0.937399+0.710204j,0.379855-0.148704j,-0.167941-4.601690j,12.232179
-0.951662+0.684911j,0.380279-0.143828j,-0.169301-4.593045j,12.343205
-0.965257+0.659325j,0.380672-0.138959j,-0.170699-4.584372j,12.454232
-0.978177+0.633465j,0.381034-0.134098j,-0.172132-4.575669j,12.565259
-0.990416+0.607348j,0.381366-0.129243j,-0.173600-4.566937j,12.676286
-1.001969+0.580991j,0.381668-0.124396j,-0.175099-4.558178j,12.787313
-1.012832+0.554413j,0.381938-0.119556j,-0.176629-4.549390j,12.898341
-1.022999+0.527631j,0.382178-0.114722j,-0.178189-4.540575j,13.009369
-1.032467+0.500664j,0.382387-0.109895j,-0.179776-4.531732j,13.120398
-1.041233+0.473528j,0.382566-0.105074j,-0.181390-4.522862j,13.231427
-1.049294+0.446243j,0.382713-0.100260j,-0.183028-4.513966j,13.342457
-1.056646+0.418827j,0.382830-0.095452j,-0.184691-4.505043j,13.453486
-1.063288+0.391297j,0.382916-0.090649j,-0.186377-4.496094j,13.564517
-1.069219+0.363673j,0.382970-0.085853j,-0.188084-4.487119j,13.675547
-1.074437+0.335972j,0.382994-0.081063j,-0.189812-4.478119j,13.786579
-1.078941+0.308212j,0.382986-0.076278j,-0.191560-4.469093j,13.897610
-1.082732+0.280413j,0.382948-0.071498j,-0.193326-4.460041j,14.008642
-1.085810+0.252592j,0.382878-0.066724j,-0.195111-4.450965j,14.119675
-1.088175+0.224768j,0.382777-0.061955j,-0.196912-4.441864j,14.230708
-1.089829+0.196959j,0.382645-0.057192j,-0.198730-4.432738j,14.341741
-1.090774+0.169182j,0.382481-0.052433j,-0.200563-4.423588j,14.452775
-1.091011+0.141457j,0.382286-0.047679j,-0.202411-4.414413j,14.563809
-1.090544+0.113801j,0.382060-0.042930j,-0.204273-4.405215j,14.674844
-1.089375+0.086232j,0.381802-0.038185j,-0.206149-4.395992j,14.785879
-1.087508+0.058768j,0.381512-0.033445j,-0.208037-4.386746j,14.896914
-1.084948+0.031427j,0.381191-0.028709j,-0.209938-4.377477j,15.007950
-1.081698+0.004226j,0.380838-0.023977j,-0.211850-4.368183j,15.118987
-1.077764-0.022817j,0.380454-0.019249j,-0.213773-4.358867j,15.230024
-1.073151-0.049685j,0.380038-0.014526j,-0.215706-4.349527j,15.341061
-1.067865-0.076360j,0.379589-0.009806j,-0.217650-4.340165j,15.452099
-1.061912-0.102827j,0.379109-0.005090j,-0.219603-4.330779j,15.563137
-1.055299-0.129067j,0.378597-0.000377j,-0.221565-4.321370j,15.674176
-1.048033-0.155065j,0.378053+0.004332j,-0.223535-4.311939j,15.785215
-1.040121-0.180803j,0.377477+0.009037j,-0.225513-4.302486j,15.896254
-1.031572-0.206266j,0.376868+0.013740j,-0.227499-4.293009j,16.007294
-1.022394-0.231439j,0.376227+0.018439j,-0.229492-4.283511j,16.118335
-1.012596-0.256304j,0.375554+0.023136j,-0.231492-4.273990j,16.229376
-1.002187-0.280847j,0.374848+0.027830j,-0.233499-4.264447j,16.340417
-0.991176-0.305052j,0.374110+0.032520j,-0.235511-4.254882j,16.451459
-0.979574-0.328905j,0.373340+0.037209j,-0.237529-4.245294j,16.562501
-0.967391-0.352390j,0.372536+0.041895j,-0.239552-4.235685j,16.673543
-0.954638-0.375494j,0.371700+0.046578j,-0.241581-4.226054j,16.784586
-0.941325-0.398203j,0.370831+0.051259j,-0.243614-4.216401j,16.895630
-0.927465-0.420502j,0.369929+0.055939j,-0.245651-4.206726j,17.006673
-0.913068-0.442378j,0.368994+0.060616j,-0.247692-4.197029j,17.117718
-0.898148-0.463818j,0.368026+0.065291j,-0.249738-4.187310j,17.228762
-0.882716-0.484810j,0.367025+0.069965j,-0.251786-4.177570j,17.339807
-0.866785-0.505340j,0.365991+0.074638j,-0.253838-4.167809j,17.450853
-0.850369-0.525398j,0.364923+0.079308j,-0.255892-4.158025j,17.561899
-0.833480-0.544970j,0.363822+0.083978j,-0.257949-4.148220j,17.672945
-0.816133-0.564046j,0.362687+0.088646j,-0.260009-4.138394j,17.783991
-0.798341-0.582615j,0.361519+0.093314j,-0.262070-4.128546j,17.895038
-0.780119-0.600666j,0.360317+0.097980j,-0.264134-4.118677j,18.006086
-0.761480-0.618189j,0.359081+0.102646j,-0.266199-4.108786j,18.117133
-0.742441-0.635174j,0.357812+0.107312j,-0.268265-4.098874j,18.228181
-0.723015-0.651611j,0.356508+0.111976j,-0.270332-4.088940j,18.339230
-0.703218-0.667493j,0.355171+0.116641j,-0.272400-4.078985j,18.450278
-0.683065-0.682809j,0.353799+0.121306j,-0.274469-4.069008j,18.561327
-0.662572-0.697552j,0.352393+0.125970j,-0.276538-4.059011j,18.672377
-0.641755-0.711715j,0.350952+0.130635j,-0.278608-4.048991j,18.783426
-0.620629-0.725289j,0.349478+0.135300j,-0.280677-4.038950j,18.894477
-0.599211-0.738268j,0.347968+0.139966j,-0.282746-4.028888j,19.005527
-0.577518-0.750645j,0.346424+0.144632j,-0.284815-4.018805j,19.116578
-0.555564-0.762415j,0.344846+0.149300j,-0.286883-4.008700j,19.227629
-0.533368-0.773572j,0.343233+0.153968j,-0.288950-3.998573j,19.338680
-0.510946-0.784110j,0.341585+0.158638j,-0.291016-3.988425j,19.449731
-0.488315-0.794025j,0.339902+0.163309j,-0.293080-3.978256j,19.560783
-0.465491-0.803313j,0.338184+0.167981j,-0.295144-3.968065j,19.671835
-0.442492-0.811970j,0.336431+0.172656j,-0.297205-3.957852j,19.782888
-0.419335-0.819993j,0.334643+0.177332j,-0.299265-3.947618j,19.893940
-0.396037-0.827378j,0.332820+0.182010j,-0.301323-3.937363j,20.004993
-0.386951-0.830075j,0.332102+0.183829j,-0.302121-3.933372j,20.048105
-0.386951-0.830075j,0.332102+0.183829j,-0.302121-3.933372j,20.048105
-0.386951-0.830075j,0.332102+0.183829j,-0.302121-3.933372j,20.048105
-0.386951-0.830075j,0.332102+0.183829j,-0.302121-3.933372j,20.048105
-0.386951-0.830075j,0.332102+0.183829j,-0.302121-3.933372j,20.048106
-0.386950-0.830075j,0.332102+0.183829j,-0.302122-3.933372j,20.048107
-0.386950-0.830075j,0.332102+0.183829j,-0.302122-3.933372j,20.048111
-0.386946-0.830076j,0.332102+0.183830j,-0.302122-3.933370j,20.048129
-0.386928-0.830082j,0.332101+0.183833j,-0.302123-3.933363j,20.048212
-0.386849-0.830105j,0.332094+0.183849j,-0.302130-3.933328j,20.048586
-0.386494-0.830208j,0.332066+0.183920j,-0.302162-3.933172j,20.050267
-0.384897-0.830671j,0.331940+0.184239j,-0.302302-3.932471j,20.057835
-0.377701-0.832716j,0.331368+0.185677j,-0.302933-3.929315j,20.091900
-0.355458-0.838641j,0.329584+0.190108j,-0.304876-3.919574j,20.196985
-0.333131-0.843989j,0.327769+0.194542j,-0.306817-3.909813j,20.302070
-0.310735-0.848762j,0.325922+0.198979j,-0.308756-3.900033j,20.407155
-0.288284-0.852957j,0.324043+0.203418j,-0.310692-3.890234j,20.512241
-0.265793-0.856574j,0.322133+0.207860j,-0.312625-3.880415j,20.617326
-0.243277-0.859615j,0.320192+0.212306j,-0.314555-3.870576j,20.722412
-0.220749-0.862078j,0.318219+0.216755j,-0.316482-3.860718j,20.827498
-0.198225-0.863965j,0.316214+0.221207j,-0.318406-3.850841j,20.932584
-0.175720-0.865278j,0.314177+0.225663j,-0.320327-3.840943j,21.037671
-0.153248-0.866018j,0.312109+0.230123j,-0.322243-3.831026j,21.142757
-0.130823-0.866186j,0.310010+0.234588j,-0.324157-3.821089j,21.247843
-0.108459-0.865785j,0.307879+0.239056j,-0.326066-3.811133j,21.352930
-0.086172-0.864818j,0.305717+0.243530j,-0.327971-3.801156j,21.458017
-0.063975-0.863288j,0.303524+0.248008j,-0.329872-3.791160j,21.563104
-0.041882-0.861198j,0.301299+0.252491j,-0.331769-3.781144j,21.668191
-0.019908-0.858552j,0.299043+0.256980j,-0.333661-3.771107j,21.773278
0.001934-0.855354j,0.296757+0.261473j,-0.335549-3.761051j,21.878365
0.023630-0.851608j,0.294440+0.265973j,-0.337431-3.750974j,21.983452
0.045166-0.847319j,0.292092+0.270479j,-0.339309-3.740878j,22.088540
0.066529-0.842493j,0.289714+0.274990j,-0.341182-3.730761j,22.193627
0.087704-0.837135j,0.287305+0.279508j,-0.343049-3.720624j,22.298714
0.108680-0.831250j,0.284867+0.284033j,-0.344911-3.710467j,22.403802
0.129442-0.824845j,0.282400+0.288564j,-0.346767-3.700289j,22.508889
0.149979-0.817926j,0.279903+0.293103j,-0.348618-3.690090j,22.613977
0.170277-0.810499j,0.277377+0.297649j,-0.350462-3.679872j,22.719065
0.190323-0.802573j,0.274823+0.302202j,-0.352301-3.669632j,22.824152
0.210106-0.794154j,0.272241+0.306763j,-0.354133-3.659372j,22.929240
0.229613-0.785251j,0.269631+0.311332j,-0.355959-3.649092j,23.034327
0.248832-0.775870j,0.266994+0.315909j,-0.357779-3.638790j,23.139415
0.267751-0.766020j,0.264331+0.320495j,-0.359591-3.628468j,23.244502
0.286359-0.755711j,0.261642+0.325089j,-0.361397-3.618125j,23.349590
0.304645-0.744950j,0.258928+0.329691j,-0.363196-3.607761j,23.454678
0.322598-0.733747j,0.256189+0.334303j,-0.364988-3.597376j,23.559765
0.340206-0.722112j,0.253427+0.338923j,-0.366772-3.586970j,23.664853
0.357459-0.710053j,0.250642+0.343552j,-0.368549-3.576543j,23.769940
0.374348-0.697581j,0.247836+0.348191j,-0.370318-3.566094j,23.875027
0.390861-0.684707j,0.245008+0.352839j,-0.372080-3.555625j,23.980115
0.406989-0.671440j,0.242162+0.357496j,-0.373833-3.545134j,24.085202
0.422722-0.657791j,0.239296+0.362162j,-0.375579-3.534621j,24.190289
0.438051-0.643771j,0.236414+0.366838j,-0.377316-3.524087j,24.295376
0.452968-0.629392j,0.233516+0.371522j,-0.379045-3.513532j,24.400463
0.467464-0.614664j,0.230604+0.376216j,-0.380765-3.502955j,24.505550
0.481529-0.599599j,0.227680+0.380918j,-0.382477-3.492356j,24.610636
0.495157-0.584210j,0.224746+0.385629j,-0.384180-3.481736j,24.715723
0.508339-0.568507j,0.221802+0.390347j,-0.385874-3.471093j,24.820810
0.521067-0.552503j,0.218853+0.395073j,-0.387559-3.460429j,24.925896
0.533336-0.536211j,0.215899+0.399807j,-0.389234-3.449743j,25.030982
0.545137-0.519642j,0.212944+0.404546j,-0.390901-3.439035j,25.136068
0.556464-0.502810j,0.209989+0.409291j,-0.392558-3.428304j,25.241154
0.567311-0.485728j,0.207039+0.414040j,-0.394206-3.417552j,25.346240
0.577672-0.468408j,0.204096+0.418793j,-0.395843-3.406777j,25.451326
0.587542-0.450863j,0.201163+0.423547j,-0.397472-3.395980j,25.556411
0.596915-0.433108j,0.198244+0.428302j,-0.399090-3.385160j,25.661496
0.605786-0.415154j,0.195343+0.433055j,-0.400699-3.374318j,25.766581
0.614150-0.397016j,0.192465+0.437805j,-0.402298-3.363453j,25.871666
0.622004-0.378708j,0.189613+0.442548j,-0.403886-3.352566j,25.976750
0.629343-0.360242j,0.186794+0.447281j,-0.405465-3.341655j,26.081834
0.636164-0.341634j,0.184011+0.452002j,-0.407034-3.330722j,26.186918
0.642463-0.322896j,0.181272+0.456707j,-0.408593-3.319766j,26.292002
0.648238-0.304043j,0.178581+0.461390j,-0.410142-3.308786j,26.397085
0.653486-0.285089j,0.175946+0.466047j,-0.411681-3.297783j,26.502167
0.658204-0.266048j,0.173375+0.470672j,-0.413210-3.286757j,26.607249
0.662390-0.246934j,0.170874+0.475258j,-0.414730-3.275707j,26.712331
0.666282-0.226401j,0.168284+0.480116j,-0.416347-3.263848j,26.824871
0.669737-0.204593j,0.165651+0.485190j,-0.418048-3.251254j,26.944105
0.672501-0.182751j,0.163145+0.490173j,-0.419737-3.238628j,27.063339
0.674648-0.159969j,0.160687+0.495251j,-0.421485-3.225434j,27.187628
0.675907-0.140123j,0.158684+0.499558j,-0.422999-3.213908j,27.295911
0.676595-0.120299j,0.156826+0.503733j,-0.424504-3.202356j,27.404192
0.676732-0.103270j,0.155351+0.507203j,-0.425793-3.192393j,27.497357
0.676447-0.086278j,0.154000+0.510539j,-0.427076-3.182409j,27.590520
0.675740-0.069334j,0.152780+0.513721j,-0.428353-3.172404j,27.683682
0.674761-0.054335j,0.151812+0.516397j,-0.429484-3.163501j,27.766406
0.673451-0.039388j,0.150957+0.518914j,-0.430611-3.154581j,27.849128
0.671810-0.024500j,0.150217+0.521247j,-0.431734-3.145642j,27.931849
0.669840-0.009678j,0.149594+0.523373j,-0.432855-3.136686j,28.014568
0.667795+0.003545j,0.149135+0.525079j,-0.433857-3.128643j,28.088702
0.665486+0.016705j,0.148764+0.526573j,-0.434858-3.120584j,28.162835
0.662915+0.029797j,0.148478+0.527830j,-0.435857-3.112509j,28.236965
0.660082+0.042817j,0.148266+0.528824j,-0.436855-3.104417j,28.311094
0.656988+0.055759j,0.148114+0.529526j,-0.437852-3.096309j,28.385220
0.653634+0.068620j,0.148004+0.529907j,-0.438848-3.088182j,28.459343
0.650020+0.081394j,0.147908+0.529937j,-0.439845-3.080036j,28.533462
0.646148+0.094078j,0.147794+0.529588j,-0.440841-3.071871j,28.607579
0.642019+0.106667j,0.147622+0.528836j,-0.441837-3.063685j,28.681691
0.637634+0.119158j,0.147341+0.527663j,-0.442834-3.055478j,28.755799
0.632995+0.131545j,0.146897+0.526060j,-0.443830-3.047247j,28.829903
0.628846+0.142006j,0.146346+0.524356j,-0.444679-3.040223j,28.892974
0.624515+0.152387j,0.145594+0.522349j,-0.445527-3.033180j,28.956041
0.620003+0.162686j,0.144605+0.520056j,-0.446374-3.026118j,29.019106
0.615922+0.171599j,0.143523+0.517841j,-0.447113-3.019943j,29.074097
0.611704+0.180446j,0.142214+0.515445j,-0.447851-3.013753j,29.129086
0.607352+0.189226j,0.140664+0.512890j,-0.448587-3.007546j,29.184073
0.602866+0.197939j,0.138861+0.510201j,-0.449322-3.001323j,29.239060
0.598246+0.206581j,0.136797+0.507403j,-0.450055-2.995083j,29.294045
0.593495+0.215152j,0.134470+0.504522j,-0.450786-2.988825j,29.349028
0.588614+0.223650j,0.131880+0.501581j,-0.451514-2.982550j,29.404011
0.584147+0.231173j,0.129350+0.498925j,-0.452161-2.976933j,29.453091
0.579578+0.238636j,0.126620+0.496254j,-0.452804-2.971301j,29.502171
0.574908+0.246037j,0.123697+0.493582j,-0.453445-2.965654j,29.551250
0.570137+0.253375j,0.120589+0.490920j,-0.454082-2.959992j,29.600329
0.565267+0.260649j,0.117304+0.488278j,-0.454715-2.954314j,29.649407
0.560299+0.267858j,0.113852+0.485665j,-0.455344-2.948622j,29.698486
0.555232+0.275001j,0.110242+0.483086j,-0.455968-2.942913j,29.747564
0.550069+0.282076j,0.106484+0.480547j,-0.456587-2.937189j,29.796642
0.544811+0.289083j,0.102587+0.478053j,-0.457201-2.931450j,29.845719
0.539457+0.296020j,0.098559+0.475605j,-0.457809-2.925694j,29.894797
0.534010+0.302885j,0.094410+0.473205j,-0.458412-2.919923j,29.943874
0.528258+0.309934j,0.089984+0.470768j,-0.459030-2.913917j,29.994807
0.522407+0.316903j,0.085444+0.468384j,-0.459642-2.907893j,30.045739
0.516459+0.323792j,0.080799+0.466054j,-0.460246-2.901852j,30.096671
0.510413+0.330598j,0.076056+0.463777j,-0.460843-2.895794j,30.147603
0.504039+0.337572j,0.071039+0.461467j,-0.461454-2.889489j,30.200447
0.497563+0.344455j,0.065931+0.459211j,-0.462057-2.883166j,30.253290
0.490986+0.351245j,0.060738+0.457004j,-0.462650-2.876824j,30.306134
0.484310+0.357941j,0.055467+0.454846j,-0.463234-2.870463j,30.358977
0.477234+0.364830j,0.049886+0.452640j,-0.463833-2.863801j,30.414149
0.470052+0.371613j,0.044232+0.450479j,-0.464422-2.857118j,30.469320
0.462765+0.378288j,0.038508+0.448360j,-0.464999-2.850415j,30.524491
0.455105+0.385090j,0.032510+0.446204j,-0.465585-2.843446j,30.581659
0.447337+0.391772j,0.026449+0.444084j,-0.466159-2.836454j,30.638827
0.439460+0.398334j,0.020328+0.441997j,-0.466719-2.829440j,30.695994
0.431166+0.405019j,0.013912+0.439859j,-0.467287-2.822130j,30.755372
0.422759+0.411570j,0.007440+0.437746j,-0.467841-2.814796j,30.814749
0.414241+0.417985j,0.000916+0.435654j,-0.468379-2.807436j,30.874125
0.405257+0.424516j,-0.005927+0.433493j,-0.468923-2.799747j,30.935938
0.396157+0.430894j,-0.012820+0.431345j,-0.469450-2.792031j,30.997750
0.386942+0.437118j,-0.019758+0.429204j,-0.469960-2.784287j,31.059560
0.377207+0.443446j,-0.027043+0.426973j,-0.470472-2.776177j,31.124052
0.367351+0.449600j,-0.034372+0.424739j,-0.470965-2.768037j,31.188541
0.357378+0.455579j,-0.041741+0.422496j,-0.471437-2.759866j,31.253029
0.346830+0.461639j,-0.049485+0.420138j,-0.471908-2.751291j,31.320439
0.336157+0.467502j,-0.057267+0.417760j,-0.472355-2.742682j,31.387847
0.325364+0.473166j,-0.065085+0.415355j,-0.472779-2.734038j,31.455252
0.313952+0.478871j,-0.073295+0.412807j,-0.473196-2.724961j,31.525737
0.302413+0.484352j,-0.081538+0.410218j,-0.473586-2.715846j,31.596220
0.290752+0.489606j,-0.089810+0.407583j,-0.473948-2.706692j,31.666699
0.278473+0.494835j,-0.098460+0.404782j,-0.474295-2.697110j,31.740139
0.266068+0.499810j,-0.107135+0.401917j,-0.474610-2.687485j,31.813575
0.253542+0.504527j,-0.115832+0.398984j,-0.474893-2.677816j,31.887008
0.240897+0.508983j,-0.124549+0.395977j,-0.475142-2.668102j,31.960437
0.227652+0.513328j,-0.133612+0.392771j,-0.475365-2.657973j,32.036639
0.214289+0.517384j,-0.142689+0.389472j,-0.475551-2.647794j,32.112836
0.200811+0.521148j,-0.151776+0.386076j,-0.475698-2.637565j,32.189030
0.187222+0.524614j,-0.160869+0.382576j,-0.475807-2.627285j,32.265218
0.173529+0.527781j,-0.169963+0.378968j,-0.475875-2.616953j,32.341403
0.159734+0.530642j,-0.179056+0.375247j,-0.475902-2.606568j,32.417582
0.145844+0.533195j,-0.188142+0.371407j,-0.475887-2.596130j,32.493756
0.131862+0.535435j,-0.197219+0.367446j,-0.475830-2.585637j,32.569926
0.117793+0.537359j,-0.206282+0.363358j,-0.475728-2.575089j,32.646090
0.103643+0.538961j,-0.215326+0.359139j,-0.475582-2.564485j,32.722249
0.089417+0.540239j,-0.224348+0.354788j,-0.475389-2.553824j,32.798402
0.075119+0.541187j,-0.233344+0.350299j,-0.475150-2.543104j,32.874549
0.060755+0.541802j,-0.242309+0.345670j,-0.474862-2.532325j,32.950691
0.046330+0.542080j,-0.251239+0.340898j,-0.474525-2.521485j,33.026827
0.031850+0.542015j,-0.260131+0.335981j,-0.474137-2.510584j,33.102957
0.017321+0.541604j,-0.268979+0.330915j,-0.473698-2.499620j,33.179080
0.002748+0.540842j,-0.277779+0.325700j,-0.473206-2.488592j,33.255197
-0.011863+0.539725j,-0.286529+0.320333j,-0.472659-2.477499j,33.331308
-0.026506+0.538248j,-0.295223+0.314813j,-0.472057-2.466340j,33.407412
-0.041174+0.536406j,-0.303858+0.309137j,-0.471397-2.455113j,33.483509
-0.055860+0.534195j,-0.312429+0.303305j,-0.470679-2.443817j,33.559598
-0.070559+0.531609j,-0.320934+0.297314j,-0.469901-2.432450j,33.635681
-0.085263+0.528645j,-0.329368+0.291165j,-0.469062-2.421012j,33.711756
-0.099966+0.525297j,-0.337728+0.284855j,-0.468159-2.409501j,33.787824
-0.114659+0.521560j,-0.346009+0.278384j,-0.467192-2.397915j,33.863884
-0.129336+0.517430j,-0.354209+0.271751j,-0.466157-2.386253j,33.939936
-0.143988+0.512900j,-0.362325+0.264956j,-0.465055-2.374513j,34.015980
-0.158608+0.507967j,-0.370352+0.257997j,-0.463881-2.362694j,34.092016
-0.173187+0.502624j,-0.378288+0.250873j,-0.462636-2.350793j,34.168043
-0.187717+0.496867j,-0.386129+0.243584j,-0.461315-2.338810j,34.244061
-0.202188+0.490689j,-0.393873+0.236130j,-0.459918-2.326742j,34.320070
-0.216591+0.484086j,-0.401517+0.228508j,-0.458442-2.314589j,34.396071
-0.230917+0.477052j,-0.409057+0.220719j,-0.456884-2.302347j,34.472061
-0.245156+0.469581j,-0.416490+0.212761j,-0.455243-2.290015j,34.548042
-0.259297+0.461668j,-0.423815+0.204634j,-0.453514-2.277591j,34.624013
-0.273330+0.453306j,-0.431027+0.196336j,-0.451695-2.265073j,34.699973
-0.287244+0.444491j,-0.438125+0.187867j,-0.449784-2.252459j,34.775923
-0.301026+0.435216j,-0.445106+0.179224j,-0.447777-2.239747j,34.851862
-0.314665+0.425475j,-0.451967+0.170407j,-0.445671-2.226935j,34.927790
-0.328148+0.415262j,-0.458705+0.161414j,-0.443462-2.214021j,35.003706
-0.339941+0.405825j,-0.464564+0.153305j,-0.441419-2.202503j,35.070925
-0.351593+0.396008j,-0.470324+0.145056j,-0.439289-2.190902j,35.138136
-0.363093+0.385809j,-0.475981+0.136665j,-0.437070-2.179215j,35.205338
-0.374431+0.375222j,-0.481535+0.128130j,-0.434759-2.167441j,35.272531
-0.385598+0.364243j,-0.486984+0.119449j,-0.432353-2.155579j,35.339714
-0.396581+0.352868j,-0.492324+0.110620j,-0.429848-2.143626j,35.406888
-0.407371+0.341092j,-0.497556+0.101642j,-0.427241-2.131581j,35.474051
-0.417954+0.328911j,-0.502675+0.092511j,-0.424528-2.119441j,35.541205
-0.428318+0.316319j,-0.507681+0.083227j,-0.421705-2.107206j,35.608347
-0.438452+0.303312j,-0.512572+0.073785j,-0.418767-2.094873j,35.675479
-0.448341+0.289886j,-0.517344+0.064183j,-0.415710-2.082440j,35.742598
-0.456935+0.277565j,-0.521496+0.055490j,-0.412882-2.071276j,35.802436
-0.465315+0.264904j,-0.525551+0.046665j,-0.409953-2.060029j,35.862265
-0.473468+0.251898j,-0.529507+0.037706j,-0.406917-2.048699j,35.922085
-0.481385+0.238545j,-0.533362+0.028609j,-0.403772-2.037284j,35.981895
-0.489054+0.224841j,-0.537115+0.019373j,-0.400513-2.025783j,36.041696
-0.496462+0.210782j,-0.540764+0.009994j,-0.397135-2.014194j,36.101487
-0.503598+0.196364j,-0.544307+0.000468j,-0.393633-2.002516j,36.161267
-0.510449+0.181584j,-0.547742-0.009208j,-0.390003-1.990748j,36.221037
-0.517001+0.166438j,-0.551067-0.019037j,-0.386239-1.978888j,36.280796
-0.522622+0.152512j,-0.553959-0.028005j,-0.382737-1.968151j,36.334523
-0.527980+0.138284j,-0.556759-0.037103j,-0.379118-1.957338j,36.388241
-0.533064+0.123751j,-0.559465-0.046334j,-0.375377-1.946448j,36.441950
-0.537863+0.108910j,-0.562075-0.055704j,-0.371509-1.935481j,36.495650
-0.542364+0.093759j,-0.564587-0.065214j,-0.367507-1.924435j,36.549340
-0.546556+0.078293j,-0.567001-0.074869j,-0.363368-1.913311j,36.603020
-0.550425+0.062510j,-0.569313-0.084674j,-0.359084-1.902107j,36.656690
-0.553958+0.046406j,-0.571521-0.094633j,-0.354650-1.890823j,36.710348
-0.556816+0.031763j,-0.573403-0.103653j,-0.350560-1.880688j,36.758258
-0.559384+0.016859j,-0.575200-0.112803j,-0.346340-1.870488j,36.806158
-0.561653+0.001692j,-0.576910-0.122087j,-0.341983-1.860224j,36.854050
-0.563610-0.013742j,-0.578531-0.131509j,-0.337485-1.849898j,36.901934
-0.565245-0.029445j,-0.580063-0.141073j,-0.332838-1.839508j,36.949808
-0.566545-0.045420j,-0.581503-0.150784j,-0.328037-1.829055j,36.997672
-0.567497-0.061671j,-0.582850-0.160646j,-0.323075-1.818541j,37.045526
-0.568088-0.078200j,-0.584102-0.170666j,-0.317944-1.807967j,37.093370
-0.568299-0.093118j,-0.585133-0.179701j,-0.313238-1.798525j,37.135896
-0.568204-0.108260j,-0.586086-0.188868j,-0.308387-1.789038j,37.178415
-0.567794-0.123631j,-0.586962-0.198172j,-0.303385-1.779507j,37.220925
-0.567056-0.139232j,-0.587757-0.207616j,-0.298226-1.769934j,37.263427
-0.565979-0.155067j,-0.588472-0.217206j,-0.292902-1.760322j,37.305921
-0.564552-0.171139j,-0.589105-0.226946j,-0.287406-1.750672j,37.348405
-0.562763-0.187451j,-0.589654-0.236842j,-0.281731-1.740988j,37.390880
-0.560598-0.204007j,-0.590120-0.246899j,-0.275869-1.731273j,37.433346
-0.558362-0.218845j,-0.590461-0.255927j,-0.270526-1.722664j,37.470909
-0.555812-0.233880j,-0.590734-0.265089j,-0.265024-1.714038j,37.508465
-0.552938-0.249114j,-0.590940-0.274390j,-0.259357-1.705397j,37.546014
-0.549732-0.264550j,-0.591077-0.283835j,-0.253518-1.696747j,37.583555
-0.546180-0.280193j,-0.591146-0.293429j,-0.247500-1.688092j,37.621089
-0.542274-0.296045j,-0.591145-0.303176j,-0.241298-1.679437j,37.658615
-0.538000-0.312111j,-0.591075-0.313082j,-0.234902-1.670788j,37.696133
-0.533347-0.328395j,-0.590936-0.323152j,-0.228305-1.662152j,37.733643
-0.528912-0.342965j,-0.590754-0.332189j,-0.222305-1.654540j,37.766808
-0.524162-0.357712j,-0.590519-0.341363j,-0.216137-1.646950j,37.799968
-0.519089-0.372640j,-0.590229-0.350677j,-0.209795-1.639389j,37.833121
-0.513683-0.387752j,-0.589884-0.360137j,-0.203275-1.631863j,37.866268
-0.507934-0.403053j,-0.589486-0.369746j,-0.196569-1.624382j,37.899410
-0.501832-0.418547j,-0.589035-0.379509j,-0.189673-1.616953j,37.932544
-0.495367-0.434238j,-0.588530-0.389431j,-0.182582-1.609587j,37.965673
-0.488529-0.450133j,-0.587973-0.399516j,-0.175290-1.602294j,37.998795
-0.482137-0.464414j,-0.587435-0.408607j,-0.168645-1.595893j,38.028220
-0.475435-0.478863j,-0.586857-0.417835j,-0.161835-1.589567j,38.057641
-0.468414-0.493484j,-0.586240-0.427202j,-0.154857-1.583328j,38.087057
-0.461065-0.508281j,-0.585583-0.436711j,-0.147709-1.577185j,38.116469
-0.453380-0.523260j,-0.584888-0.446366j,-0.140387-1.571150j,38.145877
-0.445352-0.538424j,-0.584155-0.456171j,-0.132892-1.565235j,38.175280
-0.436970-0.553780j,-0.583384-0.466129j,-0.125222-1.559454j,38.204678
-0.428226-0.569332j,-0.582577-0.476242j,-0.117378-1.553820j,38.234073
-0.419111-0.585086j,-0.581734-0.486515j,-0.109360-1.548348j,38.263463
-0.410766-0.599136j,-0.580961-0.495700j,-0.102155-1.543675j,38.289383
-0.402118-0.613352j,-0.580161-0.505014j,-0.094819-1.539150j,38.315300
-0.393162-0.627737j,-0.579333-0.514458j,-0.087357-1.534788j,38.341214
-0.383891-0.642296j,-0.578476-0.524035j,-0.079771-1.530598j,38.367126
-0.374297-0.657033j,-0.577592-0.533748j,-0.072069-1.526594j,38.393036
-0.364374-0.671953j,-0.576678-0.543597j,-0.064255-1.522789j,38.418943
-0.354113-0.687060j,-0.575734-0.553587j,-0.056338-1.519196j,38.444848
-0.343508-0.702359j,-0.574758-0.563719j,-0.048327-1.515827j,38.470751
-0.332550-0.717854j,-0.573750-0.573995j,-0.040232-1.512696j,38.496652
-0.321231-0.733550j,-0.572706-0.584419j,-0.032065-1.509817j,38.522551
-0.310888-0.747638j,-0.571750-0.593786j,-0.024776-1.507484j,38.545536
-0.300248-0.761891j,-0.570762-0.603274j,-0.017451-1.505368j,38.568521
-0.289305-0.776311j,-0.569739-0.612884j,-0.010103-1.503475j,38.591504
-0.278052-0.790902j,-0.568679-0.622620j,-0.002743-1.501815j,38.614485
-0.266482-0.805668j,-0.567579-0.632484j,0.004614-1.500395j,38.637466
-0.254586-0.820611j,-0.566435-0.642480j,0.011954-1.499221j,38.660444
-0.242357-0.835734j,-0.565243-0.652611j,0.019261-1.498299j,38.683422
-0.229786-0.851041j,-0.563999-0.662882j,0.026519-1.497636j,38.706397
-0.216862-0.866534j,-0.562696-0.673298j,0.033710-1.497236j,38.729371
-0.203576-0.882217j,-0.561331-0.683865j,0.040816-1.497101j,38.752343
-0.189916-0.898092j,-0.559896-0.694587j,0.047816-1.497236j,38.775312
-0.177324-0.912512j,-0.558543-0.704352j,0.053995-1.497588j,38.795952
-0.164412-0.927093j,-0.557124-0.714254j,0.060057-1.498158j,38.816589
-0.151168-0.941836j,-0.555633-0.724300j,0.065986-1.498947j,38.837225
-0.137581-0.956745j,-0.554063-0.734495j,0.071765-1.499953j,38.857858
-0.123641-0.971823j,-0.552409-0.744848j,0.077378-1.501176j,38.878488
-0.109332-0.987072j,-0.550662-0.755368j,0.082805-1.502611j,38.899115
-0.094640-1.002496j,-0.548816-0.766063j,0.088030-1.504257j,38.919739
-0.079551-1.018098j,-0.546862-0.776944j,0.093031-1.506109j,38.940359
-0.064046-1.033883j,-0.544791-0.788022j,0.097788-1.508161j,38.960975
-0.048106-1.049855j,-0.542592-0.799310j,0.102281-1.510408j,38.981586
-0.033725-1.064047j,-0.540547-0.809414j,0.105992-1.512538j,38.999715
-0.018976-1.078391j,-0.538387-0.819702j,0.109466-1.514808j,39.017840
-0.003844-1.092891j,-0.536103-0.830186j,0.112686-1.517212j,39.035961
0.011691-1.107552j,-0.533686-0.840878j,0.115632-1.519743j,39.054077
0.027648-1.122378j,-0.531125-0.851794j,0.118288-1.522394j,39.072188
0.044050-1.137375j,-0.528408-0.862950j,0.120631-1.525157j,39.090293
0.060922-1.152550j,-0.525521-0.874363j,0.122641-1.528021j,39.108392
0.075895-1.165807j,-0.522880-0.884445j,0.124090-1.530570j,39.124044
0.091257-1.179208j,-0.520090-0.894749j,0.125256-1.533180j,39.139691
0.107031-1.192758j,-0.517140-0.905292j,0.126120-1.535844j,39.155332
0.123240-1.206465j,-0.514016-0.916091j,0.126662-1.538551j,39.170967
0.139910-1.220336j,-0.510703-0.927167j,0.126861-1.541292j,39.186596
0.154867-1.232590j,-0.507642-0.937085j,0.126735-1.543705j,39.200258
0.170219-1.244981j,-0.504411-0.947249j,0.126310-1.546127j,39.213914
0.185991-1.257519j,-0.500994-0.957680j,0.125566-1.548547j,39.227564
0.202210-1.270211j,-0.497375-0.968400j,0.124482-1.550956j,39.241207
0.216741-1.281412j,-0.494038-0.978005j,0.123238-1.553038j,39.253118
0.231658-1.292746j,-0.490519-0.987868j,0.121696-1.555092j,39.265022
0.246985-1.304219j,-0.486799-0.998013j,0.119835-1.557108j,39.276921
0.262750-1.315843j,-0.482860-1.008463j,0.117630-1.559075j,39.288814
0.276417-1.325775j,-0.479348-1.017540j,0.115482-1.560685j,39.298863
0.290442-1.335829j,-0.475649-1.026876j,0.113050-1.562240j,39.308907
0.304847-1.346013j,-0.471745-1.036494j,0.110312-1.563729j,39.318946
0.319660-1.356336j,-0.467614-1.046419j,0.107244-1.565139j,39.328978
0.332480-1.365150j,-0.463940-1.055041j,0.104382-1.566255j,39.337442
0.345633-1.374078j,-0.460072-1.063924j,0.101244-1.567294j,39.345902
0.359144-1.383130j,-0.455989-1.073093j,0.097807-1.568244j,39.354356
0.371600-1.391369j,-0.452123-1.081590j,0.094447-1.569010j,39.361951
0.384390-1.399724j,-0.448048-1.090363j,0.090802-1.569680j,39.369540
0.397538-1.408204j,-0.443739-1.099440j,0.086846-1.570242j,39.377125
0.408904-1.415447j,-0.439914-1.107339j,0.083254-1.570618j,39.383518
0.420566-1.422794j,-0.435886-1.115497j,0.079399-1.570894j,39.389907
0.432547-1.430255j,-0.431635-1.123942j,0.075257-1.571055j,39.396291
0.443341-1.436901j,-0.427701-1.131610j,0.071363-1.571090j,39.401897
0.454423-1.443651j,-0.423555-1.139547j,0.067203-1.571011j,39.407499
0.465815-1.450513j,-0.419173-1.147780j,0.062748-1.570803j,39.413097
0.475617-1.456356j,-0.415299-1.154928j,0.058767-1.570517j,39.417792
0.486028-1.462500j,-0.411075-1.162593j,0.054384-1.570097j,39.422645
0.495581-1.468081j,-0.407093-1.169695j,0.050217-1.569604j,39.426983
0.505392-1.473758j,-0.402893-1.177066j,0.045787-1.568982j,39.431317
0.514443-1.478947j,-0.398911-1.183938j,0.041561-1.568300j,39.435212
0.523742-1.484229j,-0.394708-1.191078j,0.037073-1.567486j,39.439104
0.532241-1.489014j,-0.390761-1.197679j,0.032836-1.566635j,39.442569
0.540974-1.493888j,-0.386593-1.204543j,0.028343-1.565650j,39.446031
0.548977-1.498317j,-0.382667-1.210912j,0.024095-1.564641j,39.449121
0.557201-1.502832j,-0.378519-1.217541j,0.019592-1.563494j,39.452209
0.564686-1.506909j,-0.374638-1.223653j,0.015368-1.562346j,39.454944
0.572378-1.511067j,-0.370537-1.230021j,0.010894-1.561057j,39.457678
0.579385-1.514826j,-0.366696-1.235903j,0.006695-1.559781j,39.460101
0.586588-1.518664j,-0.362633-1.242038j,0.002248-1.558362j,39.462522
0.593112-1.522115j,-0.358849-1.247676j,-0.001899-1.556976j,39.464656
0.599820-1.525640j,-0.354844-1.253563j,-0.006291-1.555444j,39.466787
0.605893-1.528811j,-0.351113-1.258976j,-0.010384-1.553959j,39.468665
0.612141-1.532052j,-0.347163-1.264634j,-0.014720-1.552326j,39.470540
0.617768-1.534955j,-0.343499-1.269816j,-0.018740-1.550757j,39.472184
0.623560-1.537924j,-0.339617-1.275238j,-0.023000-1.549039j,39.473825
0.628770-1.540581j,-0.336020-1.280202j,-0.026945-1.547398j,39.475261
0.634134-1.543301j,-0.332205-1.285404j,-0.031127-1.545606j,39.476696
0.638938-1.545725j,-0.328684-1.290148j,-0.034984-1.543906j,39.477944
0.643887-1.548209j,-0.324946-1.295125j,-0.039074-1.542054j,39.479192
0.648310-1.550419j,-0.321502-1.299660j,-0.042840-1.540306j,39.480275
0.652869-1.552686j,-0.317842-1.304425j,-0.046836-1.538404j,39.481357
0.656927-1.554695j,-0.314481-1.308753j,-0.050502-1.536620j,39.482293
0.661110-1.556757j,-0.310906-1.313305j,-0.054395-1.534682j,39.483227
0.664826-1.558582j,-0.307630-1.317434j,-0.057958-1.532870j,39.484033
0.668658-1.560456j,-0.304142-1.321783j,-0.061746-1.530905j,39.484838
0.672048-1.562108j,-0.300956-1.325715j,-0.065201-1.529077j,39.485528
0.675547-1.563807j,-0.297560-1.329864j,-0.068877-1.527095j,39.486217
0.678633-1.565301j,-0.294464-1.333608j,-0.072222-1.525259j,39.486807
0.681820-1.566838j,-0.291161-1.337564j,-0.075787-1.523269j,39.487396
0.684619-1.568184j,-0.288161-1.341123j,-0.079018-1.521434j,39.487897
0.687511-1.569571j,-0.284955-1.344890j,-0.082465-1.519445j,39.488398
0.690044-1.570782j,-0.282050-1.348271j,-0.085582-1.517619j,39.488822
0.692663-1.572031j,-0.278942-1.351857j,-0.088912-1.515638j,39.489246
0.694947-1.573117j,-0.276136-1.355065j,-0.091913-1.513828j,39.489603
0.697395-1.574278j,-0.273018-1.358597j,-0.095241-1.511791j,39.489973
0.699384-1.575220j,-0.270393-1.361545j,-0.098038-1.510056j,39.490263
0.701588-1.576261j,-0.267377-1.364904j,-0.101246-1.508041j,39.490573
0.703366-1.577099j,-0.264853-1.367690j,-0.103925-1.506337j,39.490815
0.705346-1.578030j,-0.261937-1.370884j,-0.107015-1.504347j,39.491074
0.706927-1.578773j,-0.259518-1.373512j,-0.109573-1.502680j,39.491274
0.708700-1.579604j,-0.256703-1.376546j,-0.112545-1.500721j,39.491489
0.710102-1.580260j,-0.254390-1.379021j,-0.114984-1.499097j,39.491653
0.711683-1.580999j,-0.251677-1.381900j,-0.117839-1.497175j,39.491831
0.712921-1.581576j,-0.249468-1.384227j,-0.120158-1.495597j,39.491965
0.714326-1.582231j,-0.246857-1.386957j,-0.122896-1.493716j,39.492111
0.715414-1.582737j,-0.244753-1.389142j,-0.125098-1.492189j,39.492220
0.716658-1.583316j,-0.242246-1.391727j,-0.127718-1.490354j,39.492340
0.717610-1.583758j,-0.240246-1.393775j,-0.129804-1.488881j,39.492428
0.718592-1.584213j,-0.238100-1.395959j,-0.132040-1.487289j,39.492515
0.719618-1.584688j,-0.235755-1.398329j,-0.134479-1.485537j,39.492602
0.720393-1.585047j,-0.233904-1.400188j,-0.136401-1.484145j,39.492665
0.721193-1.585417j,-0.231914-1.402175j,-0.138464-1.482639j,39.492727
0.721943-1.585764j,-0.229962-1.404112j,-0.140485-1.481154j,39.492783
0.722639-1.586085j,-0.228071-1.405978j,-0.142441-1.479706j,39.492833
0.723289-1.586385j,-0.226220-1.407794j,-0.144352-1.478281j,39.492877
0.723890-1.586662j,-0.224426-1.409543j,-0.146201-1.476893j,39.492916
0.724451-1.586920j,-0.222675-1.411242j,-0.148004-1.475531j,39.492951
0.724968-1.587159j,-0.220978-1.412880j,-0.149749-1.474204j,39.492982
0.725449-1.587380j,-0.219324-1.414467j,-0.151447-1.472905j,39.493009
0.725892-1.587584j,-0.217723-1.415996j,-0.153089-1.471642j,39.493033
0.726298-1.587771j,-0.216177-1.417466j,-0.154673-1.470416j,39.493054
0.726671-1.587942j,-0.214687-1.418876j,-0.156198-1.469230j,39.493072
0.727012-1.588099j,-0.213250-1.420229j,-0.157667-1.468081j,39.493088
0.727324-1.588242j,-0.211867-1.421526j,-0.159079-1.466971j,39.493101
0.727609-1.588373j,-0.210535-1.422770j,-0.160438-1.465898j,39.493113
0.727868-1.588492j,-0.209254-1.423961j,-0.161743-1.464863j,39.493123
0.728105-1.588601j,-0.208023-1.425102j,-0.162997-1.463864j,39.493132
0.728320-1.588699j,-0.206840-1.426193j,-0.164199-1.462901j,39.493140
0.728516-1.588789j,-0.205705-1.427237j,-0.165353-1.461975j,39.493146
0.728693-1.588870j,-0.204616-1.428234j,-0.166458-1.461084j,39.493152
0.728853-1.588944j,-0.203573-1.429187j,-0.167516-1.460227j,39.493157
0.728994-1.589008j,-0.202604-1.430069j,-0.168498-1.459429j,39.493161
0.729121-1.589067j,-0.201675-1.430912j,-0.169439-1.458662j,39.493164
0.729237-1.589120j,-0.200787-1.431716j,-0.170338-1.457927j,39.493167
0.729340-1.589167j,-0.199938-1.432482j,-0.171197-1.457224j,39.493170
0.729434-1.589210j,-0.199128-1.433211j,-0.172016-1.456550j,39.493172
0.729518-1.589249j,-0.198355-1.433905j,-0.172797-1.455907j,39.493174
0.729594-1.589283j,-0.197618-1.434565j,-0.173541-1.455292j,39.493175
0.729661-1.589314j,-0.196916-1.435192j,-0.174249-1.454705j,39.493176
0.729722-1.589342j,-0.196248-1.435788j,-0.174923-1.454146j,39.493177
0.729776-1.589367j,-0.195613-1.436353j,-0.175563-1.453613j,39.493178
0.729825-1.589389j,-0.195009-1.436890j,-0.176171-1.453106j,39.493179
0.729868-1.589409j,-0.194436-1.437398j,-0.176749-1.452624j,39.493180
0.729906-1.589427j,-0.193892-1.437879j,-0.177296-1.452165j,39.493180
0.729941-1.589442j,-0.193376-1.438335j,-0.177815-1.451730j,39.493181
0.729971-1.589456j,-0.192888-1.438765j,-0.178306-1.451318j,39.493181
0.729998-1.589468j,-0.192426-1.439172j,-0.178771-1.450927j,39.493181
0.730022-1.589479j,-0.191988-1.439557j,-0.179210-1.450557j,39.493182
0.730043-1.589489j,-0.191575-1.439919j,-0.179625-1.450207j,39.493182
0.730061-1.589498j,-0.191185-1.440261j,-0.180017-1.449876j,39.493182
0.730078-1.589505j,-0.190818-1.440583j,-0.180386-1.449564j,39.493182
0.730092-1.589512j,-0.190471-1.440887j,-0.180734-1.449269j,39.493182
0.730105-1.589517j,-0.190144-1.441172j,-0.181062-1.448991j,39.493182
0.730116-1.589523j,-0.189837-1.441440j,-0.181370-1.448730j,39.493182
0.730126-1.589527j,-0.189548-1.441692j,-0.181660-1.448483j,39.493182
0.730134-1.589531j,-0.189277-1.441929j,-0.181932-1.448252j,39.493183
0.730141-1.589534j,-0.189022-1.442150j,-0.182188-1.448035j,39.493183
0.730148-1.589537j,-0.188783-1.442358j,-0.182427-1.447831j,39.493183
0.730154-1.589540j,-0.188559-1.442553j,-0.182652-1.447640j,39.493183
0.730158-1.589542j,-0.188350-1.442735j,-0.182862-1.447461j,39.493183
0.730163-1.589544j,-0.188154-1.442905j,-0.183058-1.447293j,39.493183
0.730166-1.589546j,-0.187970-1.443064j,-0.183242-1.447137j,39.493183
0.730170-1.589547j,-0.187799-1.443212j,-0.183413-1.446990j,39.493183
0.730172-1.589548j,-0.187639-1.443350j,-0.183574-1.446854j,39.493183
0.730175-1.589550j,-0.187490-1.443479j,-0.183723-1.446726j,39.493183
0.730177-1.589550j,-0.187351-1.443599j,-0.183862-1.446607j,39.493183
0.730179-1.589551j,-0.187222-1.443711j,-0.183992-1.446497j,39.493183
0.730180-1.589552j,-0.187101-1.443814j,-0.184112-1.446394j,39.493183
0.730182-1.589553j,-0.186989-1.443911j,-0.184224-1.446299j,39.493183
0.730183-1.589553j,-0.186885-1.444000j,-0.184329-1.446210j,39.493183
0.730184-1.589554j,-0.186788-1.444083j,-0.184426-1.446128j,39.493183
0.730185-1.589554j,-0.186698-1.444160j,-0.184516-1.446051j,39.493183
0.730185-1.589554j,-0.186615-1.444231j,-0.184599-1.445981j,39.493183
0.730186-1.589555j,-0.186537-1.444296j,-0.184677-1.445915j,39.493183
0.730186-1.589555j,-0.186466-1.444357j,-0.184749-1.445855j,39.493183
0.730187-1.589555j,-0.186399-1.444413j,-0.184815-1.445799j,39.493183
0.730187-1.589555j,-0.186337-1.444464j,-0.184877-1.445748j,39.493183
0.730188-1.589555j,-0.186279-1.444512j,-0.184935-1.445701j,39.493183
0.730188-1.589555j,-0.186226-1.444555j,-0.184988-1.445658j,39.493183
0.730188-1.589556j,-0.186176-1.444595j,-0.185038-1.445619j,39.493183
0.730188-1.589556j,-0.186130-1.444631j,-0.185085-1.445583j,39.493183
0.730188-1.589556j,-0.186087-1.444663j,-0.185128-1.445550j,39.493183
0.730189-1.589556j,-0.186046-1.444693j,-0.185169-1.445520j,39.493183
0.730189-1.589556j,-0.186008-1.444720j,-0.185207-1.445494j,39.493183
0.730189-1.589556j,-0.185971-1.444744j,-0.185243-1.445470j,39.493183
0.730189-1.589556j,-0.185936-1.444765j,-0.185278-1.445449j,39.493183
0.730189-1.589556j,-0.185903-1.444783j,-0.185312-1.445430j,39.493183
0.730189-1.589556j,-0.185869-1.444799j,-0.185345-1.445414j,39.493183
0.730189-1.589556j,-0.185834-1.444812j,-0.185380-1.445402j,39.493183
0.730189-1.589556j,-0.185796-1.444821j,-0.185418-1.445393j,39.493183
0.730189-1.589556j,-0.185753-1.444824j,-0.185462-1.445390j,39.493183
0.730189-1.589556j,-0.185718-1.444818j,-0.185497-1.445396j,39.493183
0.730189-1.589556j,-0.185680-1.444802j,-0.185534-1.445412j,39.493183
0.730190-1.589556j,-0.185647-1.444776j,-0.185567-1.445438j,39.493183
0.730190-1.589556j,-0.185623-1.444748j,-0.185592-1.445466j,39.493183
0.730190-1.589556j,-0.185602-1.444716j,-0.185613-1.445498j,39.493183
0.730190-1.589556j,-0.185583-1.444681j,-0.185631-1.445533j,39.493183
0.730190-1.589556j,-0.185566-1.444642j,-0.185648-1.445572j,39.493183
0.730190-1.589556j,-0.185550-1.444600j,-0.185664-1.445614j,39.493183
0.730190-1.589556j,-0.185535-1.444553j,-0.185680-1.445661j,39.493183
0.730190-1.589556j,-0.185520-1.444503j,-0.185694-1.445711j,39.493183
0.730190-1.589556j,-0.185505-1.444448j,-0.185709-1.445766j,39.493183
0.730191-1.589555j,-0.185490-1.444389j,-0.185724-1.445825j,39.493183
0.730191-1.589555j,-0.185475-1.444325j,-0.185739-1.445889j,39.493183
0.730191-1.589555j,-0.185459-1.444256j,-0.185754-1.445958j,39.493183
0.730191-1.589555j,-0.185443-1.444182j,-0.185771-1.446032j,39.493183
0.730192-1.589555j,-0.185426-1.444103j,-0.185787-1.446112j,39.493183
0.730192-1.589554j,-0.185408-1.444017j,-0.185805-1.446198j,39.493183
0.730192-1.589554j,-0.185390-1.443926j,-0.185823-1.446290j,39.493183
0.730193-1.589554j,-0.185370-1.443828j,-0.185843-1.446388j,39.493183
0.730194-1.589553j,-0.185349-1.443722j,-0.185863-1.446493j,39.493183
0.730194-1.589553j,-0.185327-1.443610j,-0.185885-1.446606j,39.493183
0.730195-1.589552j,-0.185303-1.443490j,-0.185908-1.446726j,39.493183
0.730196-1.589551j,-0.185278-1.443362j,-0.185933-1.446855j,39.493183
0.730197-1.589551j,-0.185251-1.443225j,-0.185959-1.446992j,39.493183
0.730198-1.589550j,-0.185223-1.443080j,-0.185987-1.447138j,39.493183
0.730200-1.589549j,-0.185193-1.442925j,-0.186016-1.447294j,39.493183
0.730202-1.589548j,-0.185161-1.442760j,-0.186047-1.447459j,39.493183
0.730203-1.589546j,-0.185127-1.442585j,-0.186080-1.447635j,39.493183
0.730206-1.589545j,-0.185091-1.442398j,-0.186115-1.447822j,39.493183
0.730208-1.589543j,-0.185052-1.442201j,-0.186152-1.448021j,39.493183
0.730211-1.589541j,-0.185012-1.441991j,-0.186192-1.448232j,39.493183
0.730214-1.589539j,-0.184969-1.441769j,-0.186233-1.448456j,39.493183
0.730218-1.589536j,-0.184923-1.441533j,-0.186277-1.448693j,39.493183
0.730222-1.589533j,-0.184874-1.441284j,-0.186323-1.448944j,39.493183
0.730226-1.589530j,-0.184823-1.441020j,-0.186372-1.449210j,39.493183
0.730231-1.589526j,-0.184768-1.440741j,-0.186424-1.449491j,39.493183
0.730237-1.589522j,-0.184711-1.440446j,-0.186479-1.449788j,39.493183
0.730244-1.589518j,-0.184650-1.440135j,-0.186536-1.450102j,39.493183
0.730251-1.589512j,-0.184585-1.439806j,-0.186597-1.450434j,39.493183
0.730260-1.589506j,-0.184517-1.439459j,-0.186661-1.450784j,39.493183
0.730269-1.589500j,-0.184445-1.439094j,-0.186728-1.451154j,39.493183
0.730280-1.589492j,-0.184369-1.438709j,-0.186798-1.451543j,39.493183
0.730292-1.589484j,-0.184288-1.438304j,-0.186872-1.451953j,39.493183
0.730305-1.589474j,-0.184204-1.437877j,-0.186950-1.452385j,39.493184
0.730320-1.589464j,-0.184114-1.437429j,-0.187032-1.452840j,39.493184
0.730336-1.589452j,-0.184020-1.436957j,-0.187117-1.453319j,39.493184
0.730355-1.589439j,-0.183921-1.436462j,-0.187207-1.453822j,39.493184
0.730375-1.589424j,-0.183816-1.435942j,-0.187301-1.454351j,39.493184
0.730398-1.589408j,-0.183706-1.435396j,-0.187399-1.454907j,39.493185
0.730424-1.589390j,-0.183590-1.434823j,-0.187502-1.455490j,39.493185
0.730452-1.589370j,-0.183467-1.434222j,-0.187609-1.456103j,39.493186
0.730483-1.589347j,-0.183339-1.433593j,-0.187721-1.456745j,39.493186
0.730518-1.589323j,-0.183204-1.432934j,-0.187838-1.457419j,39.493187
0.730557-1.589295j,-0.183061-1.432244j,-0.187960-1.458126j,39.493187
0.730599-1.589265j,-0.182912-1.431522j,-0.188087-1.458866j,39.493188
0.730646-1.589232j,-0.182755-1.430767j,-0.188219-1.459641j,39.493189
0.730698-1.589195j,-0.182590-1.429978j,-0.188357-1.460453j,39.493190
0.730756-1.589154j,-0.182417-1.429153j,-0.188500-1.461302j,39.493192
0.730819-1.589109j,-0.182235-1.428291j,-0.188649-1.462190j,39.493193
0.730889-1.589059j,-0.182044-1.427392j,-0.188803-1.463119j,39.493195
0.730965-1.589005j,-0.181844-1.426454j,-0.188963-1.464089j,39.493197
0.731050-1.588945j,-0.181633-1.425476j,-0.189129-1.465103j,39.493199
0.731142-1.588879j,-0.181413-1.424456j,-0.189301-1.466163j,39.493202
0.731244-1.588807j,-0.181182-1.423394j,-0.189478-1.467268j,39.493205
0.731355-1.588727j,-0.180939-1.422287j,-0.189662-1.468422j,39.493209
0.731477-1.588641j,-0.180685-1.421136j,-0.189852-1.469626j,39.493213
0.731611-1.588546j,-0.180419-1.419937j,-0.190048-1.470881j,39.493218
0.731757-1.588442j,-0.180140-1.418691j,-0.190250-1.472189j,39.493224
0.731916-1.588328j,-0.179848-1.417396j,-0.190458-1.473552j,39.493230
0.732090-1.588205j,-0.179542-1.416050j,-0.190672-1.474972j,39.493237
0.732280-1.588069j,-0.179222-1.414653j,-0.190893-1.476450j,39.493246
0.732487-1.587922j,-0.178887-1.413202j,-0.191119-1.477989j,39.493255
0.732712-1.587762j,-0.178537-1.411697j,-0.191351-1.479590j,39.493266
0.732957-1.587587j,-0.178170-1.410137j,-0.191588-1.481254j,39.493279
0.733223-1.587398j,-0.177787-1.408521j,-0.191831-1.482983j,39.493293
0.733512-1.587192j,-0.177386-1.406847j,-0.192080-1.484780j,39.493309
0.733825-1.586969j,-0.176968-1.405115j,-0.192333-1.486646j,39.493327
0.734164-1.586727j,-0.176530-1.403323j,-0.192592-1.488583j,39.493348
0.734531-1.586465j,-0.176074-1.401470j,-0.192855-1.490593j,39.493371
0.734929-1.586181j,-0.175597-1.399556j,-0.193122-1.492677j,39.493398
0.735358-1.585875j,-0.175100-1.397579j,-0.193393-1.494837j,39.493428
0.735819-1.585546j,-0.174583-1.395548j,-0.193666-1.497065j,39.493461
0.736313-1.585193j,-0.174048-1.393466j,-0.193941-1.499359j,39.493498
0.736841-1.584815j,-0.173493-1.391331j,-0.194216-1.501721j,39.493540
0.737407-1.584410j,-0.172919-1.389143j,-0.194492-1.504151j,39.493587
0.738011-1.583978j,-0.172324-1.386903j,-0.194768-1.506650j,39.493639
0.738656-1.583516j,-0.171707-1.384610j,-0.195044-1.509221j,39.493696
0.739344-1.583023j,-0.171069-1.382263j,-0.195318-1.511863j,39.493760
0.740076-1.582498j,-0.170409-1.379862j,-0.195591-1.514579j,39.493831
0.740856-1.581939j,-0.169726-1.377408j,-0.195861-1.517369j,39.493909
0.741685-1.581343j,-0.169019-1.374900j,-0.196129-1.520235j,39.493995
0.742565-1.580710j,-0.168289-1.372337j,-0.196393-1.523178j,39.494091
0.743500-1.580038j,-0.167534-1.369720j,-0.196652-1.526199j,39.494196
0.744491-1.579324j,-0.166754-1.367048j,-0.196906-1.529300j,39.494311
0.745542-1.578567j,-0.165948-1.364321j,-0.197155-1.532483j,39.494438
0.746655-1.577764j,-0.165115-1.361539j,-0.197396-1.535748j,39.494577
0.747832-1.576914j,-0.164255-1.358703j,-0.197630-1.539096j,39.494730
0.749076-1.576015j,-0.163367-1.355810j,-0.197856-1.542531j,39.494897
0.750390-1.575063j,-0.162451-1.352863j,-0.198072-1.546052j,39.495080
0.751778-1.574057j,-0.161506-1.349860j,-0.198278-1.549662j,39.495279
0.753242-1.572994j,-0.160531-1.346801j,-0.198472-1.553363j,39.495497
0.754785-1.571872j,-0.159525-1.343687j,-0.198653-1.557155j,39.495734
0.756411-1.570689j,-0.158488-1.340517j,-0.198821-1.561041j,39.495993
0.758123-1.569440j,-0.157419-1.337291j,-0.198974-1.565022j,39.496274
0.759923-1.568125j,-0.156318-1.334010j,-0.199111-1.569100j,39.496580
0.761816-1.566740j,-0.155183-1.330672j,-0.199230-1.573277j,39.496912
0.763805-1.565281j,-0.154013-1.327279j,-0.199331-1.577556j,39.497272
0.765894-1.563747j,-0.152809-1.323829j,-0.199412-1.581937j,39.497663
0.768086-1.562134j,-0.151570-1.320324j,-0.199471-1.586423j,39.498085
0.770384-1.560438j,-0.150294-1.316763j,-0.199507-1.591017j,39.498543
0.772793-1.558657j,-0.148981-1.313146j,-0.199518-1.595719j,39.499037
0.775317-1.556786j,-0.147630-1.309473j,-0.199504-1.600534j,39.499571
0.777959-1.554823j,-0.146240-1.305744j,-0.199461-1.605462j,39.500148
0.780724-1.552763j,-0.144811-1.301960j,-0.199389-1.610506j,39.500769
0.783614-1.550603j,-0.143342-1.298120j,-0.199285-1.615669j,39.501439
0.786636-1.548340j,-0.141832-1.294224j,-0.199148-1.620954j,39.502160
0.789792-1.545968j,-0.140280-1.290272j,-0.198976-1.626363j,39.502936
0.793087-1.543484j,-0.138686-1.286265j,-0.198766-1.631899j,39.503770
0.796525-1.540883j,-0.137049-1.282203j,-0.198517-1.637565j,39.504666
0.800111-1.538162j,-0.135367-1.278085j,-0.198227-1.643363j,39.505629
0.803849-1.535314j,-0.133641-1.273912j,-0.197893-1.649298j,39.506661
0.807743-1.532337j,-0.131870-1.269684j,-0.197512-1.655372j,39.507768
0.811798-1.529224j,-0.130052-1.265401j,-0.197084-1.661588j,39.508955
0.816019-1.525971j,-0.128187-1.261064j,-0.196604-1.667951j,39.510225
0.820409-1.522573j,-0.126274-1.256671j,-0.196070-1.674464j,39.511585
0.824974-1.519024j,-0.124313-1.252224j,-0.195481-1.681131j,39.513039
0.829718-1.515319j,-0.122303-1.247723j,-0.194832-1.687956j,39.514594
0.834645-1.511451j,-0.120243-1.243167j,-0.194122-1.694943j,39.516255
0.839761-1.507416j,-0.118132-1.238557j,-0.193347-1.702097j,39.518028
0.845069-1.503207j,-0.115969-1.233893j,-0.192504-1.709421j,39.519920
0.850576-1.498817j,-0.113755-1.229175j,-0.191591-1.716922j,39.521938
0.856284-1.494240j,-0.111488-1.224404j,-0.190604-1.724603j,39.524090
0.862199-1.489469j,-0.109167-1.219579j,-0.189539-1.732471j,39.526382
0.868325-1.484498j,-0.106792-1.214701j,-0.188394-1.740531j,39.528823
0.874666-1.479319j,-0.104362-1.209769j,-0.187165-1.748789j,39.531421
0.881228-1.473925j,-0.101877-1.204785j,-0.185849-1.757250j,39.534185
0.888014-1.468308j,-0.099336-1.199748j,-0.184441-1.765922j,39.537125
0.895030-1.462460j,-0.096738-1.194658j,-0.182938-1.774811j,39.540249
0.902264-1.456385j,-0.094088-1.189525j,-0.181340-1.783906j,39.543561
0.909705-1.450088j,-0.091391-1.184360j,-0.179647-1.793195j,39.547065
0.917354-1.443563j,-0.088647-1.179164j,-0.177855-1.802683j,39.550767
0.925211-1.436806j,-0.085856-1.173938j,-0.175964-1.812375j,39.554677
0.933276-1.429811j,-0.083020-1.168684j,-0.173969-1.822274j,39.558803
0.941549-1.422574j,-0.080138-1.163401j,-0.171870-1.832386j,39.563154
0.950029-1.415088j,-0.077211-1.158092j,-0.169663-1.842714j,39.567739
0.958715-1.407349j,-0.074240-1.152758j,-0.167347-1.853265j,39.572566
0.967606-1.399352j,-0.071225-1.147400j,-0.164920-1.864043j,39.577646
0.976699-1.391091j,-0.068167-1.142020j,-0.162380-1.875053j,39.582988
0.985992-1.382562j,-0.065067-1.136618j,-0.159725-1.886300j,39.588601
0.995484-1.373759j,-0.061926-1.131195j,-0.156953-1.897790j,39.594495
1.005170-1.364679j,-0.058744-1.125754j,-0.154065-1.909528j,39.600680
1.015047-1.355316j,-0.055523-1.120296j,-0.151058-1.921521j,39.607165
1.025112-1.345666j,-0.052264-1.114821j,-0.147932-1.933773j,39.613962
1.035359-1.335724j,-0.048967-1.109331j,-0.144686-1.946290j,39.621078
1.045784-1.325486j,-0.045634-1.103828j,-0.141320-1.959078j,39.628526
1.056381-1.314949j,-0.042267-1.098312j,-0.137835-1.972143j,39.636314
1.067144-1.304108j,-0.038866-1.092786j,-0.134231-1.985490j,39.644453
1.078068-1.292961j,-0.035433-1.087250j,-0.130508-1.999126j,39.652953
1.089143-1.281504j,-0.031969-1.081706j,-0.126669-2.013055j,39.661823
1.100364-1.269734j,-0.028476-1.076156j,-0.122715-2.027284j,39.671074
1.111721-1.257649j,-0.024956-1.070602j,-0.118648-2.041818j,39.680714
1.123206-1.245247j,-0.021410-1.065043j,-0.114470-2.056661j,39.690753
1.134810-1.232526j,-0.017840-1.059483j,-0.110186-2.071820j,39.701200
1.146521-1.219486j,-0.014247-1.053923j,-0.105799-2.087298j,39.712063
1.158331-1.206125j,-0.010635-1.048365j,-0.101314-2.103099j,39.723352
1.170228-1.192444j,-0.007004-1.042809j,-0.096735-2.119229j,39.735074
1.182200-1.178442j,-0.003357-1.037258j,-0.092068-2.135689j,39.747236
1.194236-1.164122j,0.000304-1.031714j,-0.087320-2.152484j,39.759845
1.206322-1.149484j,0.003978-1.026178j,-0.082497-2.169616j,39.772909
1.218447-1.134530j,0.007661-1.020652j,-0.077607-2.187087j,39.786433
1.230596-1.119263j,0.011352-1.015137j,-0.072658-2.204899j,39.800422
1.242366-1.104191j,0.014929-1.009811j,-0.067819-2.222464j,39.814407
1.254530-1.088311j,0.018631-1.004321j,-0.062777-2.240957j,39.829334
1.266306-1.072629j,0.022220-0.999015j,-0.057860-2.259209j,39.844255
1.278426-1.056157j,0.025922-0.993558j,-0.052766-2.278376j,39.860130
1.290148-1.039887j,0.029512-0.988279j,-0.047810-2.297306j,39.875999
1.302171-1.022839j,0.033206-0.982860j,-0.042705-2.317144j,39.892836
1.313789-1.005997j,0.036791-0.977613j,-0.037753-2.336749j,39.909667
1.325661-0.988392j,0.040471-0.972236j,-0.032680-2.357253j,39.927477
1.337122-0.970996j,0.044042-0.967025j,-0.027777-2.377526j,39.945282
1.348681-0.953028j,0.047665-0.961743j,-0.022832-2.398482j,39.963891
1.359831-0.935269j,0.051183-0.956619j,-0.018069-2.419212j,39.982495
1.370591-0.917710j,0.054603-0.951641j,-0.013486-2.439729j,40.001093
1.380976-0.900342j,0.057929-0.946800j,-0.009081-2.460041j,40.019687
1.381303-0.899787j,0.058035-0.946646j,-0.008942-2.460691j,40.020279
1.381303-0.899787j,0.058035-0.946646j,-0.008942-2.460691j,40.020279
1.381303-0.899787j,0.058035-0.946646j,-0.008942-2.460691j,40.020279
1.381303-0.899787j,0.058035-0.946646j,-0.008942-2.460691j,40.020279
1.381304-0.899787j,0.058035-0.946646j,-0.008942-2.460691j,40.020279
1.381304-0.899786j,0.058035-0.946646j,-0.008942-2.460692j,40.020280
1.381306-0.899782j,0.058036-0.946645j,-0.008941-2.460696j,40.020284
1.381316-0.899765j,0.058039-0.946640j,-0.008936-2.460717j,40.020303
1.381362-0.899687j,0.058054-0.946619j,-0.008917-2.460808j,40.020386
1.381569-0.899337j,0.058120-0.946522j,-0.008830-2.461217j,40.020760
1.382496-0.897763j,0.058419-0.946088j,-0.008438-2.463059j,40.022442
1.386632-0.890699j,0.059753-0.944146j,-0.006691-2.471328j,40.030035
1.396876-0.872889j,0.063078-0.939305j,-0.002387-2.492189j,40.049422
1.406753-0.855267j,0.066315-0.934591j,0.001729-2.512851j,40.068804
1.416278-0.837827j,0.069468-0.929995j,0.005659-2.533319j,40.088181
1.425465-0.820562j,0.072543-0.925511j,0.009406-2.553600j,40.107554
1.434326-0.803466j,0.075541-0.921132j,0.012971-2.573700j,40.126923
1.442871-0.786535j,0.078468-0.916852j,0.016358-2.593623j,40.146289
1.451114-0.769762j,0.081326-0.912666j,0.019569-2.613373j,40.165650
1.459328-0.752581j,0.084212-0.908432j,0.022706-2.633617j,40.185672
1.467239-0.735560j,0.087031-0.904288j,0.025660-2.653685j,40.205691
1.474857-0.718694j,0.089787-0.900229j,0.028435-2.673578j,40.225706
1.482191-0.701980j,0.092481-0.896252j,0.031032-2.693300j,40.245717
1.489250-0.685414j,0.095116-0.892352j,0.033455-2.712852j,40.265726
1.496043-0.668991j,0.097695-0.888527j,0.035707-2.732238j,40.285731
1.502577-0.652709j,0.100220-0.884771j,0.037791-2.751460j,40.305734
1.508860-0.636563j,0.102693-0.881082j,0.039710-2.770518j,40.325734
1.514900-0.620552j,0.105117-0.877458j,0.041467-2.789414j,40.345731
1.520703-0.604672j,0.107492-0.873895j,0.043066-2.808150j,40.365725
1.526276-0.588919j,0.109820-0.870391j,0.044509-2.826727j,40.385718
1.531624-0.573293j,0.112105-0.866943j,0.045799-2.845146j,40.405707
1.536755-0.557789j,0.114346-0.863549j,0.046941-2.863408j,40.425695
1.541672-0.542407j,0.116545-0.860207j,0.047936-2.881514j,40.445680
1.546383-0.527143j,0.118704-0.856915j,0.048789-2.899465j,40.465664
1.550892-0.511995j,0.120825-0.853671j,0.049503-2.917262j,40.485645
1.555205-0.496961j,0.122908-0.850473j,0.050080-2.934905j,40.505624
1.559325-0.482040j,0.124955-0.847319j,0.050524-2.952396j,40.525602
1.563258-0.467230j,0.126966-0.844208j,0.050838-2.969735j,40.545577
1.567008-0.452528j,0.128944-0.841139j,0.051026-2.986922j,40.565551
1.570579-0.437934j,0.130888-0.838109j,0.051090-3.003959j,40.585523
1.573636-0.424922j,0.132607-0.835422j,0.051045-3.019126j,40.603442
1.576555-0.411994j,0.134300-0.832765j,0.050905-3.034173j,40.621360
1.579339-0.399149j,0.135969-0.830137j,0.050673-3.049099j,40.639276
1.581991-0.386386j,0.137614-0.827538j,0.050351-3.063907j,40.657192
1.584512-0.373703j,0.139235-0.824966j,0.049940-3.078596j,40.675106
1.586907-0.361100j,0.140835-0.822421j,0.049444-3.093168j,40.693019
1.589177-0.348576j,0.142412-0.819901j,0.048865-3.107621j,40.710931
1.591070-0.337638j,0.143780-0.817709j,0.048289-3.120222j,40.726659
1.592870-0.326760j,0.145132-0.815536j,0.047651-3.132733j,40.742386
1.594578-0.315940j,0.146468-0.813381j,0.046953-3.145155j,40.758113
1.596197-0.305179j,0.147788-0.811244j,0.046197-3.157487j,40.773839
1.597727-0.294476j,0.149093-0.809125j,0.045384-3.169731j,40.789564
1.599170-0.283830j,0.150384-0.807023j,0.044515-3.181887j,40.805288
1.600528-0.273241j,0.151659-0.804939j,0.043592-3.193955j,40.821012
1.601801-0.262708j,0.152921-0.802870j,0.042616-3.205935j,40.836736
1.602991-0.252231j,0.154169-0.800818j,0.041588-3.217829j,40.852459
1.604099-0.241809j,0.155403-0.798782j,0.040511-3.229636j,40.868181
1.605127-0.231442j,0.156623-0.796761j,0.039384-3.241357j,40.883902
1.606076-0.221130j,0.157830-0.794755j,0.038209-3.252992j,40.899624
1.606947-0.210872j,0.159025-0.792764j,0.036988-3.264542j,40.915344
1.607741-0.200667j,0.160207-0.790787j,0.035723-3.276008j,40.931064
1.608459-0.190515j,0.161376-0.788825j,0.034413-3.287390j,40.946784
1.609124-0.180056j,0.162575-0.786807j,0.033011-3.299090j,40.963067
1.609710-0.169653j,0.163760-0.784804j,0.031565-3.310701j,40.979349
1.610246-0.158726j,0.164999-0.782703j,0.029991-3.322868j,40.996548
1.610696-0.147860j,0.166224-0.780619j,0.028371-3.334938j,41.013747
1.611081-0.136405j,0.167508-0.778425j,0.026604-3.347629j,41.031986
1.611374-0.125019j,0.168778-0.776248j,0.024787-3.360212j,41.050225
1.611585-0.112996j,0.170110-0.773953j,0.022806-3.373461j,41.069605
1.611696-0.101049j,0.171427-0.771676j,0.020773-3.386590j,41.088983
1.611704-0.088433j,0.172810-0.769276j,0.018559-3.400412j,41.109582
1.611602-0.075902j,0.174175-0.766895j,0.016292-3.414100j,41.130181
1.611376-0.062679j,0.175607-0.764386j,0.013827-3.428498j,41.152069
1.611029-0.049549j,0.177020-0.761898j,0.011307-3.442747j,41.173957
1.610533-0.035711j,0.178501-0.759279j,0.008575-3.457714j,41.197197
1.609907-0.021977j,0.179962-0.756683j,0.005787-3.472518j,41.220437
1.609104-0.007521j,0.181490-0.753953j,0.002771-3.488043j,41.245090
1.608160+0.006821j,0.182997-0.751247j,-0.000301-3.503388j,41.269741
1.607011+0.021895j,0.184571-0.748406j,-0.003614-3.519454j,41.295867
1.605711+0.036843j,0.186123-0.745589j,-0.006982-3.535324j,41.321991
1.604175+0.052533j,0.187741-0.742635j,-0.010606-3.551914j,41.349653
1.602476+0.068085j,0.189335-0.739708j,-0.014283-3.568290j,41.377314
1.600508+0.084387j,0.190996-0.736640j,-0.018228-3.585384j,41.406579
1.598367+0.100538j,0.192632-0.733600j,-0.022225-3.602245j,41.435843
1.595921+0.117448j,0.194334-0.730418j,-0.026502-3.619822j,41.466784
1.593291+0.134192j,0.196010-0.727265j,-0.030826-3.637148j,41.497723
1.590318+0.151705j,0.197751-0.723966j,-0.035442-3.655186j,41.530420
1.587151+0.169036j,0.199465-0.720699j,-0.040102-3.672955j,41.563114
1.583599+0.187145j,0.201245-0.717282j,-0.045064-3.691434j,41.597651
1.579842+0.205055j,0.202996-0.713899j,-0.050062-3.709624j,41.632185
1.575656+0.223753j,0.204813-0.710361j,-0.055373-3.728523j,41.668657
1.571254+0.242233j,0.206599-0.706859j,-0.060714-3.747112j,41.705127
1.566377+0.261510j,0.208452-0.703198j,-0.066376-3.766409j,41.743635
1.561272+0.280550j,0.210273-0.699574j,-0.072057-3.785376j,41.782141
1.555643+0.300394j,0.212161-0.695788j,-0.078069-3.805050j,41.822798
1.549773+0.319979j,0.214016-0.692040j,-0.084089-3.824374j,41.863451
1.543326+0.340377j,0.215938-0.688124j,-0.090446-3.844403j,41.906375
1.536628+0.360491j,0.217825-0.684248j,-0.096798-3.864062j,41.949295
1.529294+0.381423j,0.219780-0.680199j,-0.103492-3.884425j,41.994613
1.521699+0.402046j,0.221699-0.676193j,-0.110166-3.904397j,42.039927
1.513407+0.423488j,0.223687-0.672008j,-0.117184-3.925071j,42.087775
1.504844+0.444593j,0.225636-0.667866j,-0.124167-3.945334j,42.135618
1.495520+0.466515j,0.227655-0.663541j,-0.131492-3.966295j,42.186137
1.485916+0.488070j,0.229634-0.659262j,-0.138763-3.986826j,42.236651
1.475484+0.510434j,0.231682-0.654793j,-0.146374-4.008049j,42.289986
1.464763+0.532398j,0.233690-0.650372j,-0.153910-4.028823j,42.343317
1.453145+0.555156j,0.235767-0.645757j,-0.161777-4.050280j,42.399618
1.441231+0.577480j,0.237801-0.641192j,-0.169547-4.071271j,42.455913
1.428351+0.600572j,0.239905-0.636428j,-0.177635-4.092933j,42.515326
1.415169+0.623194j,0.241965-0.631716j,-0.185602-4.114112j,42.574733
1.400953+0.646550j,0.244093-0.626802j,-0.193867-4.135947j,42.637401
1.386431+0.669397j,0.246176-0.621943j,-0.201985-4.157284j,42.700063
1.370808+0.692933j,0.248326-0.616878j,-0.210377-4.179256j,42.766121
1.354878+0.715917j,0.250430-0.611870j,-0.218594-4.200717j,42.832172
1.337786+0.739534j,0.252599-0.606656j,-0.227052-4.222789j,42.901742
1.320388+0.762555j,0.254721-0.601500j,-0.235305-4.244340j,42.971304
1.301774+0.786140j,0.256906-0.596139j,-0.243761-4.266472j,43.044492
1.282857+0.809086j,0.259043-0.590839j,-0.251980-4.288076j,43.117672
1.262679+0.832513j,0.261239-0.585334j,-0.260354-4.310228j,43.194566
1.242207+0.855256j,0.263387-0.579893j,-0.268459-4.331847j,43.271451
1.220437+0.878389j,0.265590-0.574250j,-0.276665-4.353979j,43.352117
1.198386+0.900791j,0.267746-0.568673j,-0.284565-4.375576j,43.432775
1.175232+0.923275j,0.269932-0.562953j,-0.292434-4.397444j,43.516466
1.151818+0.944997j,0.272071-0.557299j,-0.299965-4.418789j,43.600148
1.128166+0.965972j,0.274164-0.551708j,-0.307154-4.439635j,43.683822
1.104294+0.986210j,0.276213-0.546179j,-0.313999-4.460005j,43.767489
1.079181+1.006548j,0.278304-0.540476j,-0.320766-4.480769j,43.854765
1.053870+1.026113j,0.280352-0.534835j,-0.327148-4.501063j,43.942034
1.028380+1.044917j,0.282357-0.529257j,-0.333142-4.520908j,44.029295
1.002730+1.062974j,0.284321-0.523737j,-0.338742-4.540326j,44.116548
0.975910+1.080970j,0.286322-0.518060j,-0.344140-4.560083j,44.207275
0.948954+1.098187j,0.288283-0.512443j,-0.349099-4.579419j,44.297994
0.921881+1.114639j,0.290205-0.506885j,-0.353611-4.598353j,44.388706
0.894708+1.130341j,0.292089-0.501385j,-0.357666-4.616904j,44.479409
0.866376+1.145880j,0.294010-0.495727j,-0.361386-4.635797j,44.573696
0.837972+1.160639j,0.295893-0.490128j,-0.364588-4.654309j,44.667975
0.809511+1.174633j,0.297742-0.484586j,-0.367256-4.672455j,44.762246
0.781010+1.187878j,0.299556-0.479099j,-0.369374-4.690248j,44.856509
0.751166+1.200948j,0.301419-0.473417j,-0.370976-4.708495j,44.955137
0.721311+1.213231j,0.303248-0.467793j,-0.371925-4.726376j,45.053756
0.691460+1.224744j,0.305045-0.462225j,-0.372188-4.743894j,45.152367
0.661628+1.235505j,0.306811-0.456711j,-0.371728-4.761047j,45.250969
0.631828+1.245530j,0.308547-0.451251j,-0.370502-4.777829j,45.349562
0.606767+1.253415j,0.309987-0.446693j,-0.368840-4.791662j,45.432530
0.581744+1.260800j,0.311409-0.442172j,-0.366566-4.805202j,45.515492
0.556767+1.267696j,0.312812-0.437685j,-0.363644-4.818426j,45.598448
0.534832+1.273367j,0.314033-0.433766j,-0.360507-4.829772j,45.671406
0.512940+1.278675j,0.315241-0.429873j,-0.356810-4.840816j,45.744358
0.491094+1.283625j,0.316438-0.426005j,-0.352525-4.851517j,45.817306
0.472351+1.287601j,0.317457-0.422700j,-0.348352-4.860404j,45.879996
0.453645+1.291322j,0.318468-0.419412j,-0.343711-4.868958j,45.942682
0.434978+1.294793j,0.319472-0.416142j,-0.338595-4.877133j,46.005363
0.416351+1.298019j,0.320469-0.412890j,-0.333002-4.884871j,46.068041
0.400511+1.300576j,0.321313-0.410132j,-0.327866-4.891074j,46.121423
0.384701+1.302961j,0.322153-0.407385j,-0.322404-4.896873j,46.174803
0.368919+1.305174j,0.322988-0.404650j,-0.316636-4.902225j,46.228179
0.353166+1.307219j,0.323819-0.401926j,-0.310595-4.907089j,46.281551
0.337441+1.309097j,0.324645-0.399212j,-0.304322-4.911426j,46.334920
0.321744+1.310810j,0.325469-0.396509j,-0.297870-4.915206j,46.388284
0.306074+1.312359j,0.326288-0.393815j,-0.291297-4.918409j,46.441645
0.290430+1.313746j,0.327104-0.391131j,-0.284666-4.921027j,46.495002
0.274812+1.314971j,0.327916-0.388456j,-0.278042-4.923064j,46.548354
0.259218+1.316034j,0.328725-0.385789j,-0.271486-4.924538j,46.601704
0.243648+1.316937j,0.329531-0.383131j,-0.265051-4.925478j,46.655049
0.228103+1.317678j,0.330333-0.380480j,-0.258784-4.925921j,46.708392
0.212581+1.318258j,0.331131-0.377836j,-0.252720-4.925910j,46.761732
0.197082+1.318677j,0.331926-0.375200j,-0.246886-4.925488j,46.815069
0.181608+1.318935j,0.332717-0.372570j,-0.241298-4.924700j,46.868404
0.165361+1.319030j,0.333544-0.369811j,-0.235697-4.923522j,46.924492
0.149142+1.318946j,0.334367-0.367059j,-0.230383-4.922031j,46.980577
0.131860+1.318657j,0.335240-0.364128j,-0.225023-4.920139j,47.040447
0.113994+1.318140j,0.336139-0.361101j,-0.219803-4.917898j,47.102461
0.095498+1.317370j,0.337064-0.357967j,-0.214731-4.915314j,47.166801
0.076336+1.316317j,0.338019-0.354721j,-0.209815-4.912393j,47.233616
0.056474+1.314949j,0.339002-0.351356j,-0.205066-4.909141j,47.303047
0.035885+1.313230j,0.340016-0.347866j,-0.200489-4.905561j,47.375230
0.014541+1.311121j,0.341060-0.344247j,-0.196094-4.901656j,47.450293
-0.007580+1.308581j,0.342135-0.340492j,-0.191886-4.897428j,47.528360
-0.030497+1.305563j,0.343241-0.336597j,-0.187872-4.892879j,47.609552
-0.054226+1.302020j,0.344377-0.332557j,-0.184057-4.888007j,47.693986
-0.078782+1.297897j,0.345543-0.328368j,-0.180447-4.882811j,47.781780
-0.104175+1.293138j,0.346740-0.324024j,-0.177044-4.877290j,47.873052
-0.130414+1.287683j,0.347965-0.319521j,-0.173854-4.871438j,47.967925
-0.157506+1.281466j,0.349219-0.314854j,-0.170879-4.865250j,48.066529
-0.185458+1.274416j,0.350500-0.310017j,-0.168122-4.858720j,48.169005
-0.214273+1.266458j,0.351807-0.305005j,-0.165587-4.851837j,48.275508
-0.243956+1.257509j,0.353139-0.299810j,-0.163274-4.844592j,48.386213
-0.273350+1.247875j,0.354445-0.294629j,-0.161260-4.837263j,48.496917
-0.302440+1.237563j,0.355723-0.289463j,-0.159519-4.829857j,48.607620
-0.331210+1.226579j,0.356974-0.284311j,-0.158027-4.822382j,48.718323
-0.359645+1.214931j,0.358197-0.279173j,-0.156764-4.814841j,48.829024
-0.387727+1.202628j,0.359392-0.274048j,-0.155710-4.807240j,48.939726
-0.415443+1.189677j,0.360558-0.268936j,-0.154849-4.799581j,49.050427
-0.442777+1.176088j,0.361697-0.263837j,-0.154166-4.791868j,49.161128
-0.469714+1.161870j,0.362806-0.258750j,-0.153648-4.784104j,49.271828
-0.496239+1.147033j,0.363887-0.253675j,-0.153282-4.776291j,49.382528
-0.522338+1.131588j,0.364939-0.248612j,-0.153058-4.768430j,49.493228
-0.547997+1.115545j,0.365962-0.243561j,-0.152966-4.760524j,49.603928
-0.573201+1.098916j,0.366956-0.238521j,-0.152997-4.752574j,49.714628
-0.597936+1.081713j,0.367921-0.233493j,-0.153142-4.744582j,49.825328
-0.622190+1.063946j,0.368857-0.228475j,-0.153395-4.736548j,49.936028
