0.800000+0.000000j,0.236710+2.047222j,-0.317109-1.565346j,0.000000
0.800089+0.001257j,0.236818+2.046764j,-0.316827-1.565837j,0.005755
0.800176+0.002514j,0.236925+2.046307j,-0.316545-1.566328j,0.011510
0.800261+0.003771j,0.237032+2.045851j,-0.316263-1.566820j,0.017264
0.800344+0.005028j,0.237139+2.045395j,-0.315981-1.567313j,0.023019
0.800425+0.006286j,0.237246+2.044939j,-0.315700-1.567806j,0.028774
0.800504+0.007544j,0.237353+2.044484j,-0.315420-1.568300j,0.034529
0.800581+0.008802j,0.237460+2.044030j,-0.315139-1.568794j,0.040284
0.800656+0.010061j,0.237567+2.043576j,-0.314860-1.569289j,0.046039
0.800729+0.011320j,0.237674+2.043123j,-0.314580-1.569785j,0.051794
0.800801+0.012579j,0.237781+2.042670j,-0.314301-1.570282j,0.057549
0.800870+0.013838j,0.237888+2.042218j,-0.314022-1.570779j,0.063304
0.800937+0.015098j,0.237995+2.041767j,-0.313744-1.571276j,0.069059
0.801003+0.016358j,0.238102+2.041316j,-0.313466-1.571775j,0.074814
0.801066+0.017618j,0.238209+2.040865j,-0.313188-1.572274j,0.080569
0.801127+0.018878j,0.238315+2.040415j,-0.312911-1.572773j,0.086324
0.801187+0.020139j,0.238422+2.039966j,-0.312634-1.573273j,0.092079
0.801244+0.021399j,0.238529+2.039517j,-0.312358-1.573774j,0.097834
0.801299+0.022660j,0.238636+2.039069j,-0.312082-1.574275j,0.103590
0.801353+0.023922j,0.238742+2.038621j,-0.311806-1.574777j,0.109345
0.801404+0.025183j,0.238849+2.038174j,-0.311531-1.575280j,0.115100
0.801454+0.026445j,0.238956+2.037728j,-0.311256-1.575783j,0.120856
0.801501+0.027707j,0.239062+2.037282j,-0.310981-1.576287j,0.126611
0.801547+0.028969j,0.239169+2.036836j,-0.310707-1.576791j,0.132367
0.801591+0.030231j,0.239275+2.036392j,-0.310433-1.577296j,0.138122
0.801632+0.031494j,0.239382+2.035947j,-0.310160-1.577802j,0.143878
0.801672+0.032756j,0.239488+2.035504j,-0.309887-1.578308j,0.149633
0.801709+0.034019j,0.239594+2.035061j,-0.309614-1.578814j,0.155389
0.801745+0.035282j,0.239701+2.034618j,-0.309342-1.579322j,0.161145
0.801779+0.036546j,0.239807+2.034176j,-0.309070-1.579830j,0.166901
0.801811+0.037809j,0.239913+2.033735j,-0.308798-1.580338j,0.172657
0.801840+0.039073j,0.240020+2.033294j,-0.308527-1.580847j,0.178413
0.801868+0.040337j,0.240126+2.032854j,-0.308256-1.581357j,0.184169
0.801894+0.041601j,0.240232+2.032414j,-0.307986-1.581867j,0.189925
0.801918+0.042865j,0.240338+2.031975j,-0.307716-1.582378j,0.195681
0.801939+0.044130j,0.240444+2.031537j,-0.307446-1.582890j,0.201437
0.801959+0.045394j,0.240550+2.031099j,-0.307177-1.583402j,0.207194
0.801977+0.046659j,0.240656+2.030662j,-0.306908-1.583914j,0.212950
0.801993+0.047924j,0.240762+2.030225j,-0.306639-1.584427j,0.218706
0.802007+0.049189j,0.240868+2.029789j,-0.306371-1.584941j,0.224463
0.802019+0.050455j,0.240974+2.029353j,-0.306103-1.585455j,0.230220
0.802028+0.051720j,0.241079+2.028918j,-0.305836-1.585970j,0.235976
0.802036+0.052986j,0.241185+2.028484j,-0.305569-1.586486j,0.241733
0.802042+0.054251j,0.241291+2.028050j,-0.305302-1.587002j,0.247490
0.802046+0.055517j,0.241397+2.027617j,-0.305036-1.587518j,0.253247
0.802048+0.056783j,0.241502+2.027184j,-0.304770-1.588035j,0.259004
0.802048+0.058050j,0.241608+2.026752j,-0.304504-1.588553j,0.264762
0.802046+0.059316j,0.241713+2.026321j,-0.304239-1.589071j,0.270519
0.802042+0.060582j,0.241819+2.025890j,-0.303974-1.589590j,0.276276
0.802036+0.061849j,0.241924+2.025460j,-0.303709-1.590110j,0.282034
0.802028+0.063116j,0.242029+2.025030j,-0.303445-1.590630j,0.287791
0.802018+0.064383j,0.242135+2.024601j,-0.303181-1.591150j,0.293549
0.802006+0.065650j,0.242240+2.024173j,-0.302918-1.591671j,0.299307
0.801992+0.066917j,0.242345+2.023745j,-0.302655-1.592193j,0.305065
0.801976+0.068184j,0.242450+2.023318j,-0.302392-1.592715j,0.310823
0.801958+0.069451j,0.242555+2.022891j,-0.302130-1.593237j,0.316581
0.801938+0.070719j,0.242660+2.022465j,-0.301868-1.593761j,0.322339
0.801916+0.071986j,0.242765+2.022040j,-0.301606-1.594284j,0.328098
0.801892+0.073254j,0.242870+2.021615j,-0.301345-1.594809j,0.333856
0.801866+0.074522j,0.242975+2.021191j,-0.301084-1.595334j,0.339615
0.801838+0.075790j,0.243080+2.020767j,-0.300824-1.595859j,0.345374
0.801808+0.077058j,0.243184+2.020344j,-0.300564-1.596385j,0.351133
0.801776+0.078326j,0.243289+2.019922j,-0.300304-1.596911j,0.356892
0.801742+0.079594j,0.243393+2.019500j,-0.300044-1.597438j,0.362651
0.801706+0.080862j,0.243498+2.019079j,-0.299785-1.597966j,0.368410
0.801669+0.082131j,0.243602+2.018659j,-0.299527-1.598494j,0.374169
0.801629+0.083399j,0.243707+2.018239j,-0.299268-1.599023j,0.379929
0.801587+0.084668j,0.243811+2.017820j,-0.299010-1.599552j,0.385689
0.801543+0.085936j,0.243915+2.017401j,-0.298753-1.600081j,0.391448
0.801497+0.087205j,0.244020+2.016983j,-0.298496-1.600612j,0.397208
0.801449+0.088473j,0.244124+2.016565j,-0.298239-1.601142j,0.402968
0.801399+0.089742j,0.244228+2.016149j,-0.297982-1.601673j,0.408729
0.801347+0.091011j,0.244332+2.015733j,-0.297726-1.602205j,0.414489
0.801293+0.092280j,0.244436+2.015317j,-0.297470-1.602737j,0.420250
0.801237+0.093549j,0.244540+2.014902j,-0.297215-1.603270j,0.426010
0.801180+0.094818j,0.244643+2.014488j,-0.296960-1.603803j,0.431771
0.801120+0.096087j,0.244747+2.014074j,-0.296705-1.604337j,0.437532
0.801058+0.097356j,0.244851+2.013661j,-0.296451-1.604872j,0.443293
0.800994+0.098625j,0.244954+2.013249j,-0.296197-1.605406j,0.449054
0.800928+0.099895j,0.245058+2.012837j,-0.295943-1.605942j,0.454816
0.800860+0.101164j,0.245161+2.012426j,-0.295690-1.606478j,0.460577
0.800790+0.102433j,0.245264+2.012015j,-0.295437-1.607014j,0.466339
0.800718+0.103702j,0.245368+2.011605j,-0.295184-1.607551j,0.472101
0.800644+0.104972j,0.245471+2.011196j,-0.294932-1.608088j,0.477863
0.800568+0.106241j,0.245574+2.010788j,-0.294680-1.608626j,0.483625
0.800490+0.107510j,0.245677+2.010380j,-0.294428-1.609164j,0.489388
0.800411+0.108780j,0.245780+2.009972j,-0.294177-1.609703j,0.495150
0.800329+0.110049j,0.245883+2.009566j,-0.293926-1.610243j,0.500913
0.800245+0.111319j,0.245986+2.009160j,-0.293676-1.610782j,0.506676
0.800159+0.112588j,0.246088+2.008754j,-0.293426-1.611323j,0.512439
0.800071+0.113857j,0.246191+2.008350j,-0.293176-1.611864j,0.518202
0.799981+0.115127j,0.246294+2.007945j,-0.292927-1.612405j,0.523966
0.799889+0.116396j,0.246396+2.007542j,-0.292678-1.612947j,0.529730
0.799795+0.117666j,0.246498+2.007139j,-0.292429-1.613489j,0.535493
0.799699+0.118935j,0.246601+2.006737j,-0.292181-1.614032j,0.541257
0.799601+0.120205j,0.246703+2.006336j,-0.291933-1.614575j,0.547022
0.799501+0.121474j,0.246805+2.005935j,-0.291685-1.615119j,0.552786
0.799399+0.122743j,0.246907+2.005535j,-0.291438-1.615663j,0.558551
0.799295+0.124013j,0.247009+2.005135j,-0.291191-1.616208j,0.564315
0.799189+0.125282j,0.247111+2.004736j,-0.290944-1.616753j,0.570080
0.799081+0.126551j,0.247213+2.004338j,-0.290698-1.617299j,0.575845
0.798971+0.127821j,0.247314+2.003940j,-0.290452-1.617845j,0.581611
0.798859+0.129090j,0.247416+2.003543j,-0.290206-1.618392j,0.587376
0.798745+0.130359j,0.247517+2.003147j,-0.289961-1.618939j,0.593142
0.798629+0.131628j,0.247619+2.002752j,-0.289716-1.619486j,0.598908
0.798511+0.132898j,0.247720+2.002357j,-0.289472-1.620034j,0.604674
0.798391+0.134167j,0.247821+2.001962j,-0.289228-1.620583j,0.610441
0.798269+0.135436j,0.247922+2.001569j,-0.288984-1.621132j,0.616207
0.798145+0.136705j,0.248023+2.001176j,-0.288740-1.621681j,0.621974
0.798019+0.137974j,0.248124+2.000784j,-0.288497-1.622231j,0.627741
0.797891+0.139243j,0.248225+2.000392j,-0.288254-1.622782j,0.633508
0.797761+0.140511j,0.248326+2.000001j,-0.288012-1.623333j,0.639276
0.797629+0.141780j,0.248426+1.999611j,-0.287770-1.623884j,0.645043
0.797495+0.143049j,0.248527+1.999221j,-0.287528-1.624436j,0.650811
0.797359+0.144318j,0.248627+1.998832j,-0.287286-1.624988j,0.656579
0.797221+0.145586j,0.248728+1.998444j,-0.287045-1.625541j,0.662348
0.797081+0.146855j,0.248828+1.998056j,-0.286805-1.626094j,0.668116
0.796939+0.148123j,0.248928+1.997669j,-0.286564-1.626648j,0.673885
0.796795+0.149391j,0.249028+1.997283j,-0.286324-1.627202j,0.679654
0.796649+0.150660j,0.249128+1.996898j,-0.286084-1.627756j,0.685423
0.796500+0.151928j,0.249228+1.996513j,-0.285845-1.628311j,0.691193
0.796350+0.153196j,0.249327+1.996129j,-0.285606-1.628867j,0.696962
0.796198+0.154464j,0.249427+1.995745j,-0.285367-1.629423j,0.702732
0.796044+0.155732j,0.249526+1.995362j,-0.285129-1.629979j,0.708503
0.795888+0.156999j,0.249626+1.994980j,-0.284891-1.630536j,0.714273
0.795730+0.158267j,0.249725+1.994599j,-0.284653-1.631093j,0.720044
0.795570+0.159535j,0.249824+1.994218j,-0.284416-1.631651j,0.725815
0.795407+0.160802j,0.249923+1.993838j,-0.284179-1.632209j,0.731586
0.795243+0.162069j,0.250022+1.993459j,-0.283942-1.632767j,0.737357
0.795077+0.163337j,0.250121+1.993080j,-0.283706-1.633326j,0.743129
0.794909+0.164604j,0.250219+1.992702j,-0.283470-1.633886j,0.748901
0.794739+0.165871j,0.250318+1.992325j,-0.283234-1.634446j,0.754673
0.794566+0.167138j,0.250416+1.991948j,-0.282999-1.635006j,0.760445
0.794392+0.168404j,0.250515+1.991572j,-0.282764-1.635567j,0.766218
0.794216+0.169671j,0.250613+1.991197j,-0.282529-1.636128j,0.771991
0.794038+0.170937j,0.250711+1.990823j,-0.282294-1.636689j,0.777764
0.793857+0.172204j,0.250809+1.990449j,-0.282060-1.637251j,0.783537
0.793675+0.173470j,0.250907+1.990076j,-0.281827-1.637814j,0.789311
0.793491+0.174736j,0.251005+1.989703j,-0.281593-1.638377j,0.795085
0.793305+0.176002j,0.251102+1.989332j,-0.281360-1.638940j,0.800859
0.793116+0.177267j,0.251200+1.988961j,-0.281128-1.639504j,0.806634
0.792926+0.178533j,0.251297+1.988590j,-0.280895-1.640068j,0.812409
0.792734+0.179798j,0.251394+1.988221j,-0.280663-1.640633j,0.818184
0.792539+0.181064j,0.251491+1.987852j,-0.280432-1.641198j,0.823959
0.792343+0.182329j,0.251588+1.987484j,-0.280200-1.641763j,0.829735
0.792145+0.183594j,0.251685+1.987116j,-0.279969-1.642329j,0.835511
0.791944+0.184858j,0.251782+1.986750j,-0.279738-1.642895j,0.841287
0.791742+0.186123j,0.251878+1.986384j,-0.279508-1.643462j,0.847063
0.791537+0.187387j,0.251975+1.986018j,-0.279278-1.644029j,0.852840
0.791331+0.188652j,0.252071+1.985654j,-0.279048-1.644597j,0.858617
0.791123+0.189916j,0.252167+1.985290j,-0.278819-1.645165j,0.864394
0.790912+0.191179j,0.252263+1.984927j,-0.278590-1.645733j,0.870172
0.790700+0.192443j,0.252359+1.984564j,-0.278361-1.646302j,0.875950
0.790485+0.193707j,0.252455+1.984202j,-0.278132-1.646871j,0.881728
0.790269+0.194970j,0.252550+1.983841j,-0.277904-1.647441j,0.887506
0.790051+0.196233j,0.252646+1.983481j,-0.277677-1.648011j,0.893285
0.789830+0.197496j,0.252741+1.983122j,-0.277449-1.648581j,0.899064
0.789608+0.198758j,0.252836+1.982763j,-0.277222-1.649152j,0.904844
0.789383+0.200021j,0.252931+1.982405j,-0.276995-1.649723j,0.910623
0.789157+0.201283j,0.253026+1.982047j,-0.276769-1.650295j,0.916403
0.788928+0.202545j,0.253121+1.981691j,-0.276542-1.650867j,0.922184
0.788698+0.203807j,0.253215+1.981335j,-0.276317-1.651439j,0.927964
0.788465+0.205068j,0.253310+1.980980j,-0.276091-1.652012j,0.933745
0.788231+0.206330j,0.253404+1.980625j,-0.275866-1.652585j,0.939526
0.787994+0.207591j,0.253498+1.980272j,-0.275641-1.653159j,0.945308
0.787756+0.208852j,0.253592+1.979919j,-0.275416-1.653733j,0.951090
0.787515+0.210112j,0.253686+1.979566j,-0.275192-1.654308j,0.956872
0.787273+0.211373j,0.253780+1.979215j,-0.274968-1.654882j,0.962654
0.787028+0.212633j,0.253873+1.978864j,-0.274744-1.655458j,0.968437
0.786782+0.213893j,0.253967+1.978514j,-0.274521-1.656033j,0.974220
0.786533+0.215153j,0.254060+1.978165j,-0.274298-1.656609j,0.980004
0.786283+0.216412j,0.254153+1.977816j,-0.274076-1.657186j,0.985787
0.786030+0.217671j,0.254246+1.977469j,-0.273853-1.657762j,0.991571
0.785776+0.218930j,0.254339+1.977122j,-0.273631-1.658340j,0.997356
0.785519+0.220189j,0.254432+1.976775j,-0.273409-1.658917j,1.003141
0.785260+0.221447j,0.254524+1.976430j,-0.273188-1.659495j,1.008926
0.785000+0.222705j,0.254616+1.976085j,-0.272967-1.660073j,1.014711
0.784737+0.223963j,0.254708+1.975741j,-0.272746-1.660652j,1.020497
0.784473+0.225221j,0.254800+1.975398j,-0.272526-1.661231j,1.026283
0.784206+0.226478j,0.254892+1.975055j,-0.272305-1.661811j,1.032069
0.783937+0.227735j,0.254984+1.974713j,-0.272086-1.662391j,1.037856
0.783667+0.228992j,0.255075+1.974372j,-0.271866-1.662971j,1.043643
0.783394+0.230248j,0.255167+1.974032j,-0.271647-1.663551j,1.049431
0.783120+0.231505j,0.255258+1.973693j,-0.271428-1.664132j,1.055219
0.782843+0.232760j,0.255349+1.973354j,-0.271209-1.664714j,1.061007
0.782564+0.234016j,0.255439+1.973016j,-0.270991-1.665296j,1.066795
0.782284+0.235271j,0.255530+1.972679j,-0.270773-1.665878j,1.072584
0.782001+0.236526j,0.255621+1.972342j,-0.270555-1.666460j,1.078373
0.781716+0.237781j,0.255711+1.972007j,-0.270338-1.667043j,1.084163
0.781430+0.239035j,0.255801+1.971672j,-0.270121-1.667626j,1.089953
0.781141+0.240289j,0.255891+1.971338j,-0.269904-1.668210j,1.095743
0.780851+0.241543j,0.255981+1.971004j,-0.269688-1.668794j,1.101534
0.780558+0.242797j,0.256070+1.970672j,-0.269472-1.669378j,1.107325
0.780263+0.244050j,0.256159+1.970340j,-0.269256-1.669963j,1.113116
0.779967+0.245303j,0.256249+1.970009j,-0.269040-1.670548j,1.118908
0.779668+0.246555j,0.256338+1.969678j,-0.268825-1.671133j,1.124700
0.779367+0.247807j,0.256427+1.969349j,-0.268610-1.671719j,1.130493
0.779065+0.249059j,0.256515+1.969020j,-0.268396-1.672305j,1.136286
0.778760+0.250310j,0.256604+1.968692j,-0.268181-1.672892j,1.142079
0.778453+0.251562j,0.256692+1.968365j,-0.267967-1.673479j,1.147872
0.778145+0.252812j,0.256780+1.968039j,-0.267754-1.674066j,1.153666
0.777834+0.254063j,0.256868+1.967713j,-0.267540-1.674654j,1.159461
0.777521+0.255313j,0.256956+1.967388j,-0.267327-1.675242j,1.165256
0.777207+0.256563j,0.257043+1.967064j,-0.267114-1.675830j,1.171051
0.776890+0.257812j,0.257131+1.966741j,-0.266902-1.676419j,1.176846
0.776572+0.259061j,0.257218+1.966418j,-0.266690-1.677008j,1.182642
0.776251+0.260310j,0.257305+1.966097j,-0.266478-1.677597j,1.188439
0.775928+0.261558j,0.257391+1.965776j,-0.266266-1.678187j,1.194235
0.775604+0.262806j,0.257478+1.965456j,-0.266055-1.678777j,1.200032
0.775277+0.264054j,0.257564+1.965136j,-0.265844-1.679367j,1.205830
0.774948+0.265301j,0.257650+1.964818j,-0.265633-1.679958j,1.211628
0.774618+0.266548j,0.257736+1.964500j,-0.265423-1.680549j,1.217426
0.774285+0.267794j,0.257822+1.964183j,-0.265213-1.681141j,1.223225
0.773951+0.269040j,0.257908+1.963867j,-0.265003-1.681732j,1.229024
0.773614+0.270286j,0.257993+1.963552j,-0.264794-1.682325j,1.234823
0.773275+0.271531j,0.258078+1.963237j,-0.264585-1.682917j,1.240623
0.772935+0.272776j,0.258163+1.962924j,-0.264376-1.683510j,1.246423
0.772592+0.274020j,0.258248+1.962611j,-0.264167-1.684103j,1.252224
0.772248+0.275264j,0.258332+1.962299j,-0.263959-1.684697j,1.258025
0.771901+0.276508j,0.258417+1.961987j,-0.263751-1.685291j,1.263827
0.771553+0.277751j,0.258501+1.961677j,-0.263543-1.685885j,1.269629
0.771202+0.278994j,0.258585+1.961367j,-0.263336-1.686479j,1.275431
0.770849+0.280237j,0.258668+1.961058j,-0.263128-1.687074j,1.281234
0.770495+0.281479j,0.258752+1.960750j,-0.262922-1.687670j,1.287037
0.770138+0.282720j,0.258835+1.960443j,-0.262715-1.688265j,1.292841
0.769780+0.283961j,0.258918+1.960136j,-0.262509-1.688861j,1.298645
0.769419+0.285202j,0.259001+1.959831j,-0.262303-1.689457j,1.304449
0.769057+0.286443j,0.259083+1.959526j,-0.262097-1.690054j,1.310254
0.768692+0.287682j,0.259166+1.959222j,-0.261892-1.690651j,1.316060
0.768326+0.288922j,0.259248+1.958919j,-0.261687-1.691248j,1.321865
0.767957+0.290161j,0.259330+1.958616j,-0.261482-1.691846j,1.327671
0.767587+0.291400j,0.259412+1.958315j,-0.261277-1.692443j,1.333478
0.767215+0.292638j,0.259493+1.958014j,-0.261073-1.693042j,1.339285
0.766840+0.293875j,0.259574+1.957714j,-0.260869-1.693640j,1.345093
0.766464+0.295113j,0.259655+1.957415j,-0.260666-1.694239j,1.350901
0.766085+0.296349j,0.259736+1.957117j,-0.260462-1.694838j,1.356709
0.765705+0.297586j,0.259817+1.956820j,-0.260259-1.695438j,1.362518
0.765323+0.298822j,0.259897+1.956523j,-0.260056-1.696038j,1.368327
0.764938+0.300057j,0.259977+1.956227j,-0.259854-1.696638j,1.374137
0.764552+0.301292j,0.260057+1.955932j,-0.259652-1.697238j,1.379947
0.764164+0.302526j,0.260137+1.955638j,-0.259450-1.697839j,1.385758
0.763773+0.303760j,0.260216+1.955345j,-0.259248-1.698440j,1.391569
0.763381+0.304994j,0.260295+1.955053j,-0.259047-1.699042j,1.397380
0.762987+0.306227j,0.260374+1.954761j,-0.258846-1.699644j,1.403192
0.762591+0.307460j,0.260453+1.954470j,-0.258645-1.700246j,1.409005
0.762192+0.308692j,0.260531+1.954180j,-0.258445-1.700848j,1.414818
0.761792+0.309923j,0.260609+1.953891j,-0.258244-1.701451j,1.420631
0.761390+0.311154j,0.260687+1.953603j,-0.258044-1.702054j,1.426445
0.760986+0.312385j,0.260765+1.953316j,-0.257845-1.702657j,1.432259
0.760580+0.313615j,0.260842+1.953029j,-0.257645-1.703261j,1.438074
0.760172+0.314845j,0.260920+1.952744j,-0.257446-1.703865j,1.443889
0.759762+0.316074j,0.260996+1.952459j,-0.257247-1.704469j,1.449705
0.759350+0.317302j,0.261073+1.952175j,-0.257049-1.705074j,1.455521
0.758935+0.318530j,0.261150+1.951892j,-0.256851-1.705679j,1.461338
0.758519+0.319758j,0.261226+1.951609j,-0.256653-1.706284j,1.467155
0.758102+0.320985j,0.261302+1.951328j,-0.256455-1.706890j,1.472972
0.757682+0.322212j,0.261377+1.951047j,-0.256258-1.707495j,1.478791
0.757260+0.323438j,0.261453+1.950768j,-0.256060-1.708102j,1.484609
0.756836+0.324663j,0.261528+1.950489j,-0.255864-1.708708j,1.490428
0.756410+0.325888j,0.261603+1.950211j,-0.255667-1.709315j,1.496248
0.755982+0.327113j,0.261678+1.949934j,-0.255471-1.709922j,1.502068
0.755552+0.328336j,0.261752+1.949657j,-0.255275-1.710529j,1.507888
0.755120+0.329560j,0.261826+1.949382j,-0.255079-1.711137j,1.513709
0.754687+0.330783j,0.261900+1.949107j,-0.254883-1.711745j,1.519531
0.754251+0.332005j,0.261973+1.948834j,-0.254688-1.712353j,1.525353
0.753813+0.333227j,0.262047+1.948561j,-0.254493-1.712962j,1.531175
0.753374+0.334448j,0.262120+1.948289j,-0.254299-1.713571j,1.536998
0.752932+0.335668j,0.262193+1.948018j,-0.254104-1.714180j,1.542822
0.752488+0.336888j,0.262265+1.947748j,-0.253910-1.714789j,1.548646
0.752043+0.338108j,0.262337+1.947478j,-0.253716-1.715399j,1.554470
0.751595+0.339327j,0.262409+1.947210j,-0.253523-1.716009j,1.560295
0.751146+0.340545j,0.262481+1.946942j,-0.253330-1.716620j,1.566121
0.750694+0.341763j,0.262552+1.946675j,-0.253136-1.717230j,1.571947
0.750241+0.342980j,0.262623+1.946410j,-0.252944-1.717841j,1.577773
0.749785+0.344197j,0.262694+1.946145j,-0.252751-1.718452j,1.583600
0.749328+0.345413j,0.262765+1.945881j,-0.252559-1.719064j,1.589428
0.748869+0.346628j,0.262835+1.945617j,-0.252367-1.719676j,1.595256
0.748408+0.347843j,0.262905+1.945355j,-0.252175-1.720288j,1.601085
0.747944+0.349057j,0.262975+1.945094j,-0.251984-1.720900j,1.606914
0.747479+0.350271j,0.263044+1.944833j,-0.251793-1.721513j,1.612743
0.747012+0.351484j,0.263113+1.944573j,-0.251602-1.722126j,1.618574
0.746543+0.352697j,0.263182+1.944315j,-0.251411-1.722739j,1.624404
0.746072+0.353909j,0.263251+1.944057j,-0.251221-1.723353j,1.630235
0.745599+0.355120j,0.263319+1.943800j,-0.251031-1.723967j,1.636067
0.745124+0.356331j,0.263387+1.943544j,-0.250841-1.724581j,1.641900
0.744647+0.357541j,0.263454+1.943288j,-0.250652-1.725195j,1.647732
0.744168+0.358750j,0.263522+1.943034j,-0.250462-1.725810j,1.653566
0.743687+0.359959j,0.263589+1.942781j,-0.250273-1.726425j,1.659400
0.743204+0.361167j,0.263656+1.942528j,-0.250085-1.727040j,1.665234
0.742720+0.362375j,0.263722+1.942276j,-0.249896-1.727656j,1.671069
0.742233+0.363582j,0.263788+1.942026j,-0.249708-1.728271j,1.676904
0.741744+0.364788j,0.263854+1.941776j,-0.249520-1.728887j,1.682741
0.741254+0.365994j,0.263920+1.941527j,-0.249332-1.729504j,1.688577
0.740761+0.367199j,0.263985+1.941279j,-0.249145-1.730120j,1.694414
0.740267+0.368403j,0.264050+1.941032j,-0.248958-1.730737j,1.700252
0.739770+0.369607j,0.264114+1.940786j,-0.248771-1.731355j,1.706090
0.739272+0.370810j,0.264179+1.940540j,-0.248584-1.731972j,1.711929
0.738772+0.372013j,0.264243+1.940296j,-0.248398-1.732590j,1.717768
0.738269+0.373215j,0.264306+1.940052j,-0.248212-1.733208j,1.723608
0.737765+0.374416j,0.264370+1.939810j,-0.248026-1.733826j,1.729449
0.737259+0.375616j,0.264433+1.939568j,-0.247840-1.734445j,1.735290
0.736751+0.376816j,0.264496+1.939327j,-0.247655-1.735064j,1.741131
0.736241+0.378015j,0.264558+1.939088j,-0.247470-1.735683j,1.746974
0.735729+0.379214j,0.264620+1.938849j,-0.247285-1.736302j,1.752816
0.735215+0.380412j,0.264682+1.938611j,-0.247100-1.736922j,1.758660
0.734699+0.381609j,0.264743+1.938374j,-0.246916-1.737542j,1.764504
0.734181+0.382805j,0.264804+1.938137j,-0.246732-1.738162j,1.770348
0.733662+0.384001j,0.264865+1.937902j,-0.246548-1.738782j,1.776193
0.733140+0.385196j,0.264926+1.937668j,-0.246365-1.739403j,1.782039
0.732616+0.386391j,0.264986+1.937435j,-0.246181-1.740024j,1.787885
0.732091+0.387585j,0.265046+1.937202j,-0.245998-1.740645j,1.793732
0.731563+0.388778j,0.265105+1.936971j,-0.245816-1.741267j,1.799579
0.731034+0.389970j,0.265164+1.936740j,-0.245633-1.741889j,1.805427
0.730503+0.391162j,0.265223+1.936510j,-0.245451-1.742511j,1.811275
0.729969+0.392353j,0.265281+1.936282j,-0.245269-1.743133j,1.817124
0.729434+0.393543j,0.265339+1.936054j,-0.245087-1.743756j,1.822974
0.728897+0.394733j,0.265397+1.935827j,-0.244906-1.744378j,1.828824
0.728358+0.395921j,0.265455+1.935601j,-0.244724-1.745001j,1.834675
0.727817+0.397110j,0.265512+1.935376j,-0.244543-1.745625j,1.840527
0.727274+0.398297j,0.265569+1.935152j,-0.244363-1.746248j,1.846379
0.726729+0.399484j,0.265625+1.934929j,-0.244182-1.746872j,1.852231
0.726183+0.400670j,0.265681+1.934707j,-0.244002-1.747496j,1.858085
0.725634+0.401855j,0.265737+1.934485j,-0.243822-1.748121j,1.863938
0.725083+0.403040j,0.265792+1.934265j,-0.243642-1.748746j,1.869793
0.724531+0.404223j,0.265847+1.934046j,-0.243463-1.749370j,1.875648
0.723976+0.405406j,0.265902+1.933827j,-0.243283-1.749996j,1.881504
0.723420+0.406589j,0.265956+1.933610j,-0.243104-1.750621j,1.887360
0.722862+0.407770j,0.266010+1.933394j,-0.242925-1.751247j,1.893217
0.722301+0.408951j,0.266063+1.933178j,-0.242747-1.751873j,1.899074
0.721739+0.410131j,0.266117+1.932963j,-0.242569-1.752499j,1.904932
0.721175+0.411310j,0.266169+1.932750j,-0.242391-1.753125j,1.910791
0.720609+0.412489j,0.266222+1.932537j,-0.242213-1.753752j,1.916651
0.720041+0.413667j,0.266274+1.932325j,-0.242035-1.754379j,1.922511
0.719472+0.414844j,0.266326+1.932115j,-0.241858-1.755006j,1.928371
0.718900+0.416020j,0.266377+1.931905j,-0.241681-1.755633j,1.934232
0.718326+0.417196j,0.266428+1.931696j,-0.241504-1.756261j,1.940094
0.717751+0.418370j,0.266479+1.931488j,-0.241328-1.756889j,1.945957
0.717173+0.419544j,0.266529+1.931281j,-0.241151-1.757517j,1.951820
0.716594+0.420718j,0.266579+1.931075j,-0.240975-1.758146j,1.957684
0.716013+0.421890j,0.266628+1.930870j,-0.240800-1.758774j,1.963548
0.715430+0.423062j,0.266678+1.930666j,-0.240624-1.759403j,1.969413
0.714845+0.424232j,0.266726+1.930463j,-0.240449-1.760032j,1.975279
0.714258+0.425403j,0.266775+1.930261j,-0.240274-1.760662j,1.981145
0.713669+0.426572j,0.266823+1.930060j,-0.240099-1.761291j,1.987012
0.713078+0.427740j,0.266870+1.929860j,-0.239924-1.761921j,1.992879
0.712485+0.428908j,0.266918+1.929661j,-0.239750-1.762551j,1.998748
0.711891+0.430075j,0.266964+1.929462j,-0.239576-1.763182j,2.004616
0.711294+0.431241j,0.267011+1.929265j,-0.239402-1.763812j,2.010486
0.710696+0.432406j,0.267057+1.929069j,-0.239228-1.764443j,2.016356
0.710096+0.433571j,0.267103+1.928874j,-0.239055-1.765074j,2.022227
0.709494+0.434734j,0.267148+1.928679j,-0.238881-1.765705j,2.028098
0.708890+0.435897j,0.267193+1.928486j,-0.238708-1.766337j,2.033970
0.708284+0.437059j,0.267237+1.928294j,-0.238536-1.766969j,2.039843
0.707676+0.438220j,0.267281+1.928103j,-0.238363-1.767601j,2.045717
0.707066+0.439381j,0.267325+1.927912j,-0.238191-1.768233j,2.051591
0.706455+0.440540j,0.267368+1.927723j,-0.238019-1.768866j,2.057466
0.705841+0.441699j,0.267411+1.927535j,-0.237847-1.769498j,2.063341
0.705226+0.442857j,0.267454+1.927347j,-0.237676-1.770131j,2.069217
0.704608+0.444014j,0.267496+1.927161j,-0.237505-1.770764j,2.075094
0.703989+0.445170j,0.267537+1.926975j,-0.237334-1.771398j,2.080971
0.703368+0.446325j,0.267579+1.926791j,-0.237163-1.772032j,2.086849
0.702745+0.447480j,0.267619+1.926608j,-0.236992-1.772665j,2.092728
0.702120+0.448633j,0.267660+1.926425j,-0.236822-1.773300j,2.098608
0.701494+0.449786j,0.267700+1.926244j,-0.236652-1.773934j,2.104488
0.700865+0.450938j,0.267740+1.926063j,-0.236482-1.774569j,2.110369
0.700235+0.452089j,0.267779+1.925884j,-0.236312-1.775203j,2.116250
0.699602+0.453239j,0.267818+1.925706j,-0.236143-1.775838j,2.122132
0.698968+0.454389j,0.267856+1.925528j,-0.235974-1.776474j,2.128015
0.698332+0.455537j,0.267894+1.925352j,-0.235805-1.777109j,2.133899
0.697694+0.456685j,0.267931+1.925176j,-0.235636-1.777745j,2.139783
0.697054+0.457831j,0.267968+1.925002j,-0.235467-1.778381j,2.145668
0.696413+0.458977j,0.268005+1.924829j,-0.235299-1.779017j,2.151554
0.695769+0.460122j,0.268041+1.924656j,-0.235131-1.779653j,2.157440
0.695124+0.461266j,0.268077+1.924485j,-0.234963-1.780290j,2.163327
0.694476+0.462410j,0.268112+1.924315j,-0.234796-1.780927j,2.169215
0.693827+0.463552j,0.268147+1.924145j,-0.234628-1.781564j,2.175103
0.693176+0.464693j,0.268182+1.923977j,-0.234461-1.782201j,2.180992
0.692523+0.465834j,0.268216+1.923810j,-0.234294-1.782839j,2.186882
0.691868+0.466973j,0.268250+1.923644j,-0.234128-1.783477j,2.192773
0.691212+0.468112j,0.268283+1.923478j,-0.233961-1.784115j,2.198664
0.690553+0.469250j,0.268315+1.923314j,-0.233795-1.784753j,2.204556
0.689893+0.470387j,0.268348+1.923151j,-0.233629-1.785391j,2.210449
0.689231+0.471523j,0.268380+1.922989j,-0.233463-1.786030j,2.216342
0.688566+0.472658j,0.268411+1.922828j,-0.233298-1.786669j,2.222236
0.687901+0.473792j,0.268442+1.922667j,-0.233133-1.787308j,2.228131
0.687233+0.474925j,0.268472+1.922508j,-0.232967-1.787947j,2.234027
0.686563+0.476058j,0.268503+1.922350j,-0.232803-1.788587j,2.239923
0.685892+0.477189j,0.268532+1.922193j,-0.232638-1.789226j,2.245820
0.685218+0.478320j,0.268561+1.922037j,-0.232474-1.789866j,2.251718
0.684543+0.479449j,0.268590+1.921882j,-0.232309-1.790506j,2.257616
0.683866+0.480578j,0.268618+1.921728j,-0.232145-1.791147j,2.263516
0.683187+0.481705j,0.268646+1.921576j,-0.231982-1.791787j,2.269415
0.682506+0.482832j,0.268673+1.921424j,-0.231818-1.792428j,2.275316
0.681824+0.483958j,0.268700+1.921273j,-0.231655-1.793069j,2.281218
0.681139+0.485083j,0.268727+1.921123j,-0.231492-1.793710j,2.287120
0.680453+0.486207j,0.268752+1.920974j,-0.231329-1.794352j,2.293023
0.679765+0.487329j,0.268778+1.920827j,-0.231166-1.794993j,2.298926
0.679075+0.488451j,0.268803+1.920680j,-0.231004-1.795635j,2.304831
0.678383+0.489572j,0.268827+1.920535j,-0.230842-1.796277j,2.310736
0.677689+0.490692j,0.268851+1.920390j,-0.230680-1.796920j,2.316642
0.676994+0.491812j,0.268875+1.920246j,-0.230518-1.797562j,2.322548
0.676297+0.492930j,0.268898+1.920104j,-0.230356-1.798205j,2.328456
0.675597+0.494047j,0.268921+1.919963j,-0.230195-1.798848j,2.334364
0.674897+0.495163j,0.268943+1.919822j,-0.230034-1.799491j,2.340273
0.674194+0.496278j,0.268965+1.919683j,-0.229873-1.800134j,2.346182
0.673489+0.497392j,0.268986+1.919545j,-0.229713-1.800778j,2.352093
0.672783+0.498506j,0.269006+1.919408j,-0.229552-1.801421j,2.358004
0.672074+0.499618j,0.269027+1.919272j,-0.229392-1.802065j,2.363916
0.671364+0.500729j,0.269046+1.919136j,-0.229232-1.802709j,2.369828
0.670652+0.501839j,0.269066+1.919002j,-0.229072-1.803354j,2.375742
0.669938+0.502949j,0.269084+1.918870j,-0.228912-1.803998j,2.381656
0.669223+0.504057j,0.269102+1.918738j,-0.228753-1.804643j,2.387571
0.668505+0.505164j,0.269120+1.918607j,-0.228594-1.805288j,2.393487
0.667786+0.506270j,0.269137+1.918477j,-0.228435-1.805933j,2.399403
0.667065+0.507376j,0.269154+1.918348j,-0.228276-1.806579j,2.405321
0.666342+0.508480j,0.269170+1.918221j,-0.228118-1.807224j,2.411239
0.665618+0.509583j,0.269186+1.918094j,-0.227959-1.807870j,2.417157
0.664891+0.510685j,0.269201+1.917969j,-0.227801-1.808516j,2.423077
0.664163+0.511787j,0.269216+1.917845j,-0.227644-1.809162j,2.428998
0.663433+0.512887j,0.269230+1.917721j,-0.227486-1.809808j,2.434919
0.662701+0.513986j,0.269244+1.917599j,-0.227328-1.810455j,2.440841
0.661967+0.515084j,0.269257+1.917478j,-0.227171-1.811102j,2.446764
0.661231+0.516181j,0.269270+1.917358j,-0.227014-1.811749j,2.452687
0.660494+0.517277j,0.269282+1.917239j,-0.226857-1.812396j,2.458612
0.659755+0.518372j,0.269294+1.917121j,-0.226701-1.813043j,2.464537
0.659014+0.519466j,0.269305+1.917004j,-0.226544-1.813691j,2.470463
0.658271+0.520559j,0.269316+1.916888j,-0.226388-1.814339j,2.476390
0.657527+0.521651j,0.269326+1.916774j,-0.226232-1.814987j,2.482317
0.656780+0.522742j,0.269335+1.916660j,-0.226076-1.815635j,2.488246
0.656032+0.523832j,0.269345+1.916548j,-0.225921-1.816283j,2.494175
0.655282+0.524920j,0.269353+1.916436j,-0.225765-1.816932j,2.500105
0.654531+0.526008j,0.269361+1.916326j,-0.225610-1.817580j,2.506036
0.653777+0.527095j,0.269369+1.916217j,-0.225455-1.818229j,2.511967
0.653022+0.528180j,0.269376+1.916109j,-0.225301-1.818878j,2.517900
0.652265+0.529265j,0.269382+1.916002j,-0.225146-1.819528j,2.523833
0.651506+0.530348j,0.269388+1.915896j,-0.224992-1.820177j,2.529767
0.650745+0.531431j,0.269393+1.915791j,-0.224838-1.820827j,2.535702
0.649983+0.532512j,0.269398+1.915687j,-0.224684-1.821477j,2.541638
0.649218+0.533592j,0.269402+1.915585j,-0.224530-1.822127j,2.547574
0.648452+0.534671j,0.269406+1.915483j,-0.224377-1.822777j,2.553512
0.647684+0.535749j,0.269409+1.915383j,-0.224223-1.823427j,2.559450
0.646915+0.536826j,0.269412+1.915283j,-0.224070-1.824078j,2.565389
0.646143+0.537902j,0.269414+1.915185j,-0.223917-1.824729j,2.571329
0.645370+0.538977j,0.269416+1.915088j,-0.223765-1.825380j,2.577269
0.644595+0.540051j,0.269417+1.914992j,-0.223612-1.826031j,2.583211
0.643819+0.541123j,0.269417+1.914897j,-0.223460-1.826682j,2.589153
0.643040+0.542195j,0.269417+1.914804j,-0.223308-1.827334j,2.595096
0.642260+0.543265j,0.269417+1.914711j,-0.223156-1.827986j,2.601040
0.641478+0.544334j,0.269415+1.914619j,-0.223004-1.828638j,2.606985
0.640694+0.545402j,0.269414+1.914529j,-0.222853-1.829290j,2.612931
0.639909+0.546469j,0.269411+1.914440j,-0.222702-1.829942j,2.618878
0.639121+0.547535j,0.269409+1.914352j,-0.222551-1.830595j,2.624825
0.638332+0.548600j,0.269405+1.914265j,-0.222400-1.831247j,2.630773
0.637542+0.549664j,0.269401+1.914179j,-0.222249-1.831900j,2.636722
0.636749+0.550726j,0.269397+1.914094j,-0.222099-1.832553j,2.642672
0.635955+0.551788j,0.269391+1.914010j,-0.221948-1.833206j,2.648623
0.635159+0.552848j,0.269386+1.913928j,-0.221798-1.833860j,2.654575
0.634361+0.553907j,0.269379+1.913846j,-0.221648-1.834513j,2.660528
0.633561+0.554965j,0.269373+1.913766j,-0.221499-1.835167j,2.666481
0.632760+0.556022j,0.269365+1.913687j,-0.221349-1.835821j,2.672435
0.631957+0.557078j,0.269357+1.913609j,-0.221200-1.836475j,2.678390
0.631152+0.558133j,0.269349+1.913532j,-0.221051-1.837130j,2.684346
0.630345+0.559186j,0.269340+1.913456j,-0.220902-1.837784j,2.690303
0.629537+0.560239j,0.269330+1.913381j,-0.220753-1.838439j,2.696261
0.628727+0.561290j,0.269320+1.913308j,-0.220605-1.839094j,2.702220
0.627915+0.562340j,0.269309+1.913236j,-0.220457-1.839749j,2.708179
0.627101+0.563389j,0.269297+1.913164j,-0.220308-1.840404j,2.714140
0.626286+0.564436j,0.269285+1.913094j,-0.220161-1.841059j,2.720101
0.625469+0.565483j,0.269272+1.913025j,-0.220013-1.841715j,2.726063
0.624650+0.566528j,0.269259+1.912958j,-0.219865-1.842371j,2.732026
0.623830+0.567572j,0.269245+1.912891j,-0.219718-1.843026j,2.737990
0.623008+0.568615j,0.269231+1.912826j,-0.219571-1.843683j,2.743955
0.622184+0.569657j,0.269216+1.912761j,-0.219424-1.844339j,2.749921
0.621358+0.570698j,0.269200+1.912698j,-0.219277-1.844995j,2.755887
0.620531+0.571737j,0.269184+1.912636j,-0.219131-1.845652j,2.761855
0.619701+0.572776j,0.269167+1.912575j,-0.218984-1.846309j,2.767823
0.618871+0.573813j,0.269150+1.912515j,-0.218838-1.846966j,2.773793
0.618038+0.574849j,0.269132+1.912457j,-0.218692-1.847623j,2.779763
0.617204+0.575883j,0.269113+1.912399j,-0.218546-1.848280j,2.785734
0.616368+0.576917j,0.269094+1.912343j,-0.218401-1.848937j,2.791706
0.615530+0.577949j,0.269074+1.912288j,-0.218255-1.849595j,2.797679
0.614690+0.578980j,0.269054+1.912234j,-0.218110-1.850253j,2.803653
0.613849+0.580010j,0.269033+1.912181j,-0.217965-1.850911j,2.809628
0.613006+0.581039j,0.269011+1.912130j,-0.217820-1.851569j,2.815603
0.612162+0.582067j,0.268989+1.912079j,-0.217676-1.852227j,2.821580
0.611315+0.583093j,0.268966+1.912030j,-0.217531-1.852886j,2.827557
0.610467+0.584118j,0.268942+1.911982j,-0.217387-1.853544j,2.833536
0.609618+0.585142j,0.268918+1.911935j,-0.217243-1.854203j,2.839515
0.608766+0.586165j,0.268893+1.911889j,-0.217099-1.854862j,2.845495
0.607913+0.587186j,0.268868+1.911845j,-0.216955-1.855521j,2.851477
0.607058+0.588206j,0.268842+1.911801j,-0.216812-1.856181j,2.857459
0.606202+0.589225j,0.268815+1.911759j,-0.216669-1.856840j,2.863442
0.605344+0.590243j,0.268788+1.911718j,-0.216526-1.857500j,2.869426
0.604484+0.591259j,0.268760+1.911678j,-0.216383-1.858160j,2.875411
0.603622+0.592275j,0.268731+1.911640j,-0.216240-1.858820j,2.881396
0.602759+0.593289j,0.268702+1.911602j,-0.216097-1.859480j,2.887383
0.601894+0.594301j,0.268672+1.911566j,-0.215955-1.860140j,2.893371
0.601027+0.595313j,0.268642+1.911531j,-0.215813-1.860801j,2.899360
0.600159+0.596323j,0.268610+1.911497j,-0.215671-1.861461j,2.905349
0.599289+0.597332j,0.268579+1.911464j,-0.215529-1.862122j,2.911340
0.598417+0.598340j,0.268546+1.911432j,-0.215387-1.862783j,2.917331
0.597544+0.599347j,0.268513+1.911402j,-0.215246-1.863444j,2.923324
0.596669+0.600352j,0.268480+1.911373j,-0.215104-1.864106j,2.929317
0.595792+0.601356j,0.268445+1.911345j,-0.214963-1.864767j,2.935312
0.594914+0.602359j,0.268410+1.911318j,-0.214822-1.865429j,2.941307
0.594034+0.603360j,0.268375+1.911292j,-0.214682-1.866091j,2.947303
0.593152+0.604360j,0.268338+1.911268j,-0.214541-1.866753j,2.953300
0.592268+0.605359j,0.268301+1.911245j,-0.214401-1.867415j,2.959299
0.591383+0.606357j,0.268264+1.911223j,-0.214261-1.868077j,2.965298
0.590496+0.607353j,0.268225+1.911202j,-0.214121-1.868739j,2.971298
0.589608+0.608348j,0.268186+1.911182j,-0.213981-1.869402j,2.977299
0.588718+0.609342j,0.268147+1.911164j,-0.213841-1.870065j,2.983301
0.587826+0.610335j,0.268107+1.911147j,-0.213702-1.870728j,2.989304
0.586933+0.611326j,0.268066+1.911131j,-0.213562-1.871391j,2.995308
0.586038+0.612316j,0.268024+1.911116j,-0.213423-1.872054j,3.001313
0.585141+0.613304j,0.267982+1.911102j,-0.213284-1.872717j,3.007319
0.584243+0.614292j,0.267939+1.911090j,-0.213146-1.873381j,3.013326
0.583343+0.615278j,0.267895+1.911079j,-0.213007-1.874045j,3.019334
0.582441+0.616262j,0.267851+1.911069j,-0.212869-1.874708j,3.025343
0.581538+0.617246j,0.267806+1.911060j,-0.212731-1.875372j,3.031353
0.580633+0.618228j,0.267760+1.911053j,-0.212593-1.876037j,3.037364
0.579726+0.619209j,0.267714+1.911046j,-0.212455-1.876701j,3.043376
0.578818+0.620188j,0.267667+1.911041j,-0.212317-1.877365j,3.049389
0.577908+0.621166j,0.267620+1.911037j,-0.212180-1.878030j,3.055402
0.576996+0.622143j,0.267571+1.911035j,-0.212042-1.878695j,3.061417
0.576083+0.623119j,0.267522+1.911033j,-0.211905-1.879360j,3.067433
0.575168+0.624093j,0.267472+1.911033j,-0.211768-1.880025j,3.073450
0.574252+0.625066j,0.267422+1.911034j,-0.211631-1.880690j,3.079468
0.573334+0.626037j,0.267371+1.911037j,-0.211495-1.881355j,3.085487
0.572414+0.627008j,0.267319+1.911040j,-0.211358-1.882021j,3.091507
0.571493+0.627976j,0.267267+1.911045j,-0.211222-1.882687j,3.097528
0.570570+0.628944j,0.267214+1.911051j,-0.211086-1.883353j,3.103550
0.569646+0.629910j,0.267160+1.911058j,-0.210950-1.884019j,3.109572
0.568719+0.630875j,0.267105+1.911067j,-0.210814-1.884685j,3.115596
0.567792+0.631838j,0.267050+1.911076j,-0.210679-1.885351j,3.121621
0.566862+0.632801j,0.266994+1.911087j,-0.210543-1.886017j,3.127647
0.565931+0.633761j,0.266937+1.911099j,-0.210408-1.886684j,3.133674
0.564998+0.634721j,0.266880+1.911113j,-0.210273-1.887351j,3.139702
0.564064+0.635679j,0.266822+1.911128j,-0.210138-1.888018j,3.145732
0.563128+0.636636j,0.266763+1.911143j,-0.210004-1.888685j,3.151762
0.562191+0.637591j,0.266704+1.911161j,-0.209869-1.889352j,3.157793
0.561252+0.638545j,0.266643+1.911179j,-0.209735-1.890019j,3.163825
0.560311+0.639497j,0.266582+1.911199j,-0.209601-1.890687j,3.169858
0.559369+0.640449j,0.266521+1.911220j,-0.209467-1.891354j,3.175892
0.558425+0.641399j,0.266458+1.911242j,-0.209333-1.892022j,3.181928
0.557480+0.642347j,0.266395+1.911265j,-0.209199-1.892690j,3.187964
0.556532+0.643294j,0.266332+1.911290j,-0.209065-1.893358j,3.194001
0.555584+0.644240j,0.266267+1.911316j,-0.208932-1.894026j,3.200040
0.554634+0.645184j,0.266202+1.911343j,-0.208799-1.894695j,3.206079
0.553682+0.646127j,0.266136+1.911372j,-0.208666-1.895363j,3.212120
0.552728+0.647069j,0.266069+1.911401j,-0.208533-1.896032j,3.218161
0.551773+0.648009j,0.266002+1.911432j,-0.208401-1.896701j,3.224204
0.550817+0.648948j,0.265934+1.911465j,-0.208268-1.897370j,3.230247
0.549858+0.649885j,0.265865+1.911498j,-0.208136-1.898039j,3.236292
0.548899+0.650821j,0.265795+1.911533j,-0.208004-1.898708j,3.242338
0.547937+0.651756j,0.265725+1.911569j,-0.207872-1.899377j,3.248385
0.546975+0.652689j,0.265654+1.911606j,-0.207740-1.900047j,3.254433
0.546010+0.653620j,0.265582+1.911645j,-0.207608-1.900717j,3.260482
0.545044+0.654551j,0.265510+1.911685j,-0.207477-1.901386j,3.266532
0.544076+0.655480j,0.265437+1.911726j,-0.207345-1.902056j,3.272583
0.543107+0.656407j,0.265363+1.911768j,-0.207214-1.902726j,3.278635
0.542136+0.657333j,0.265288+1.911812j,-0.207083-1.903397j,3.284688
0.541164+0.658258j,0.265213+1.911857j,-0.206952-1.904067j,3.290743
0.540190+0.659181j,0.265136+1.911903j,-0.206822-1.904738j,3.296798
0.539215+0.660103j,0.265059+1.911951j,-0.206691-1.905408j,3.302855
0.538238+0.661023j,0.264982+1.912000j,-0.206561-1.906079j,3.308912
0.537259+0.661942j,0.264903+1.912050j,-0.206431-1.906750j,3.314971
0.536279+0.662860j,0.264824+1.912101j,-0.206301-1.907421j,3.321031
0.535298+0.663776j,0.264744+1.912154j,-0.206171-1.908092j,3.327092
0.534314+0.664691j,0.264663+1.912208j,-0.206041-1.908764j,3.333154
0.533330+0.665604j,0.264582+1.912264j,-0.205912-1.909435j,3.339217
0.532343+0.666516j,0.264500+1.912320j,-0.205783-1.910107j,3.345281
0.531355+0.667426j,0.264417+1.912378j,-0.205653-1.910778j,3.351346
0.530366+0.668335j,0.264333+1.912437j,-0.205524-1.911450j,3.357412
0.529375+0.669242j,0.264249+1.912498j,-0.205395-1.912122j,3.363480
0.528383+0.670148j,0.264163+1.912560j,-0.205267-1.912795j,3.369548
0.527389+0.671053j,0.264077+1.912623j,-0.205138-1.913467j,3.375618
0.526393+0.671956j,0.263991+1.912687j,-0.205010-1.914139j,3.381689
0.525396+0.672857j,0.263903+1.912753j,-0.204882-1.914812j,3.387761
0.524398+0.673757j,0.263815+1.912820j,-0.204754-1.915485j,3.393834
0.523398+0.674656j,0.263726+1.912888j,-0.204626-1.916157j,3.399908
0.522396+0.675553j,0.263636+1.912958j,-0.204498-1.916830j,3.405983
0.521393+0.676449j,0.263545+1.913029j,-0.204370-1.917503j,3.412059
0.520388+0.677343j,0.263454+1.913101j,-0.204243-1.918177j,3.418137
0.519382+0.678236j,0.263362+1.913175j,-0.204116-1.918850j,3.424216
0.518374+0.679127j,0.263269+1.913249j,-0.203989-1.919524j,3.430295
0.517365+0.680017j,0.263175+1.913326j,-0.203862-1.920197j,3.436376
0.516355+0.680905j,0.263081+1.913403j,-0.203735-1.920871j,3.442458
0.515342+0.681792j,0.262985+1.913482j,-0.203608-1.921545j,3.448541
0.514329+0.682677j,0.262889+1.913562j,-0.203482-1.922219j,3.454626
0.513313+0.683561j,0.262792+1.913644j,-0.203356-1.922893j,3.460711
0.512297+0.684443j,0.262695+1.913727j,-0.203230-1.923567j,3.466798
0.511278+0.685324j,0.262596+1.913811j,-0.203104-1.924242j,3.472885
0.510259+0.686203j,0.262497+1.913896j,-0.202978-1.924917j,3.478974
0.509238+0.687081j,0.262397+1.913983j,-0.202852-1.925591j,3.485064
0.508215+0.687957j,0.262297+1.914071j,-0.202727-1.926266j,3.491155
0.507191+0.688832j,0.262195+1.914161j,-0.202601-1.926941j,3.497248
0.506165+0.689706j,0.262093+1.914252j,-0.202476-1.927616j,3.503341
0.505138+0.690577j,0.261990+1.914344j,-0.202351-1.928291j,3.509436
0.504109+0.691448j,0.261886+1.914437j,-0.202226-1.928967j,3.515531
0.503079+0.692316j,0.261781+1.914532j,-0.202101-1.929642j,3.521628
0.502047+0.693183j,0.261675+1.914628j,-0.201977-1.930318j,3.527726
0.501014+0.694049j,0.261569+1.914726j,-0.201852-1.930993j,3.533826
0.499980+0.694913j,0.261462+1.914825j,-0.201728-1.931669j,3.539926
0.498944+0.695776j,0.261354+1.914925j,-0.201604-1.932345j,3.546028
0.497906+0.696637j,0.261245+1.915027j,-0.201480-1.933021j,3.552130
0.496867+0.697497j,0.261136+1.915130j,-0.201356-1.933698j,3.558234
0.495827+0.698355j,0.261026+1.915234j,-0.201233-1.934374j,3.564339
0.494785+0.699211j,0.260914+1.915339j,-0.201109-1.935051j,3.570446
0.493742+0.700066j,0.260802+1.915446j,-0.200986-1.935727j,3.576553
0.492697+0.700919j,0.260690+1.915555j,-0.200863-1.936404j,3.582662
0.491651+0.701771j,0.260576+1.915665j,-0.200739-1.937081j,3.588772
0.490603+0.702622j,0.260462+1.915776j,-0.200617-1.937758j,3.594883
0.489554+0.703470j,0.260347+1.915888j,-0.200494-1.938435j,3.600995
0.488503+0.704318j,0.260231+1.916002j,-0.200371-1.939112j,3.607108
0.487451+0.705163j,0.260114+1.916117j,-0.200249-1.939790j,3.613223
0.486397+0.706007j,0.259996+1.916234j,-0.200127-1.940467j,3.619339
0.485342+0.706850j,0.259878+1.916352j,-0.200004-1.941145j,3.625456
0.484286+0.707691j,0.259759+1.916471j,-0.199882-1.941822j,3.631574
0.483228+0.708530j,0.259639+1.916591j,-0.199761-1.942500j,3.637693
0.482169+0.709368j,0.259518+1.916713j,-0.199639-1.943178j,3.643814
0.481108+0.710204j,0.259396+1.916837j,-0.199517-1.943856j,3.649936
0.480046+0.711039j,0.259273+1.916962j,-0.199396-1.944535j,3.656059
0.478982+0.711872j,0.259150+1.917088j,-0.199275-1.945213j,3.662183
0.477917+0.712704j,0.259026+1.917215j,-0.199154-1.945891j,3.668308
0.476851+0.713533j,0.258901+1.917344j,-0.199033-1.946570j,3.674435
0.475783+0.714362j,0.258775+1.917475j,-0.198912-1.947249j,3.680563
0.474714+0.715189j,0.258648+1.917606j,-0.198791-1.947928j,3.686692
0.473643+0.716014j,0.258521+1.917739j,-0.198671-1.948607j,3.692822
0.472571+0.716837j,0.258393+1.917874j,-0.198550-1.949286j,3.698954
0.471498+0.717659j,0.258263+1.918010j,-0.198430-1.949965j,3.705087
0.470423+0.718480j,0.258133+1.918147j,-0.198310-1.950644j,3.711221
0.469346+0.719299j,0.258003+1.918286j,-0.198190-1.951324j,3.717356
0.468269+0.720116j,0.257871+1.918426j,-0.198070-1.952003j,3.723493
0.467189+0.720931j,0.257739+1.918567j,-0.197951-1.952683j,3.729630
0.466109+0.721745j,0.257605+1.918710j,-0.197831-1.953363j,3.735769
0.465027+0.722558j,0.257471+1.918854j,-0.197712-1.954043j,3.741910
0.463944+0.723369j,0.257336+1.919000j,-0.197593-1.954723j,3.748051
0.462859+0.724178j,0.257200+1.919147j,-0.197474-1.955403j,3.754194
0.461773+0.724985j,0.257064+1.919296j,-0.197355-1.956083j,3.760338
0.460685+0.725791j,0.256926+1.919445j,-0.197236-1.956763j,3.766483
0.459596+0.726596j,0.256788+1.919597j,-0.197118-1.957444j,3.772629
0.458506+0.727398j,0.256648+1.919749j,-0.196999-1.958125j,3.778777
0.457414+0.728199j,0.256508+1.919904j,-0.196881-1.958805j,3.784926
0.456321+0.728999j,0.256368+1.920059j,-0.196763-1.959486j,3.791076
0.455227+0.729797j,0.256226+1.920216j,-0.196645-1.960167j,3.797228
0.454131+0.730593j,0.256083+1.920374j,-0.196527-1.960848j,3.803380
0.453034+0.731388j,0.255940+1.920534j,-0.196409-1.961529j,3.809534
0.451935+0.732180j,0.255795+1.920695j,-0.196291-1.962211j,3.815690
0.450835+0.732972j,0.255650+1.920858j,-0.196174-1.962892j,3.821846
0.449734+0.733761j,0.255504+1.921022j,-0.196057-1.963574j,3.828004
0.448632+0.734549j,0.255358+1.921188j,-0.195939-1.964255j,3.834163
0.447528+0.735336j,0.255210+1.921355j,-0.195822-1.964937j,3.840324
0.446422+0.736121j,0.255061+1.921523j,-0.195706-1.965619j,3.846485
0.445316+0.736904j,0.254912+1.921693j,-0.195589-1.966301j,3.852648
0.444207+0.737685j,0.254762+1.921864j,-0.195472-1.966983j,3.858813
0.443098+0.738465j,0.254611+1.922037j,-0.195356-1.967665j,3.864978
0.441987+0.739243j,0.254459+1.922211j,-0.195239-1.968348j,3.871145
0.440875+0.740019j,0.254306+1.922386j,-0.195123-1.969030j,3.877313
0.439762+0.740794j,0.254152+1.922563j,-0.195007-1.969713j,3.883483
0.438647+0.741567j,0.253997+1.922742j,-0.194891-1.970396j,3.889653
0.437531+0.742339j,0.253842+1.922922j,-0.194775-1.971078j,3.895825
0.436413+0.743109j,0.253686+1.923103j,-0.194660-1.971761j,3.901999
0.435294+0.743877j,0.253529+1.923286j,-0.194544-1.972444j,3.908173
0.434174+0.744643j,0.253371+1.923470j,-0.194429-1.973127j,3.914349
0.433053+0.745408j,0.253212+1.923656j,-0.194314-1.973811j,3.920526
0.431930+0.746171j,0.253052+1.923843j,-0.194199-1.974494j,3.926705
0.430806+0.746932j,0.252891+1.924031j,-0.194084-1.975177j,3.932885
0.429681+0.747692j,0.252730+1.924221j,-0.193969-1.975861j,3.939066
0.428554+0.748450j,0.252568+1.924413j,-0.193854-1.976545j,3.945249
0.427426+0.749207j,0.252405+1.924606j,-0.193740-1.977228j,3.951432
0.426296+0.749961j,0.252240+1.924800j,-0.193625-1.977912j,3.957618
0.425166+0.750714j,0.252076+1.924996j,-0.193511-1.978596j,3.963804
0.424034+0.751466j,0.251910+1.925194j,-0.193397-1.979281j,3.969992
0.422900+0.752215j,0.251743+1.925393j,-0.193283-1.979965j,3.976181
0.421766+0.752963j,0.251576+1.925593j,-0.193169-1.980649j,3.982372
0.420630+0.753709j,0.251407+1.925795j,-0.193056-1.981334j,3.988563
0.419493+0.754454j,0.251238+1.925998j,-0.192942-1.982018j,3.994757
0.418354+0.755197j,0.251068+1.926203j,-0.192829-1.982703j,4.000951
0.417214+0.755938j,0.250897+1.926409j,-0.192715-1.983388j,4.007147
0.416073+0.756677j,0.250725+1.926617j,-0.192602-1.984072j,4.013344
0.414931+0.757415j,0.250552+1.926826j,-0.192489-1.984757j,4.019543
0.413787+0.758151j,0.250378+1.927037j,-0.192376-1.985442j,4.025742
0.412642+0.758885j,0.250204+1.927249j,-0.192263-1.986128j,4.031944
0.411496+0.759618j,0.250028+1.927462j,-0.192151-1.986813j,4.038146
0.410349+0.760349j,0.249852+1.927678j,-0.192038-1.987498j,4.044350
0.409200+0.761078j,0.249675+1.927894j,-0.191926-1.988184j,4.050556
0.408050+0.761805j,0.249497+1.928112j,-0.191814-1.988870j,4.056762
0.406898+0.762531j,0.249318+1.928332j,-0.191702-1.989555j,4.062970
0.405746+0.763255j,0.249138+1.928553j,-0.191590-1.990241j,4.069180
0.404592+0.763977j,0.248957+1.928776j,-0.191478-1.990927j,4.075390
0.403437+0.764697j,0.248776+1.929000j,-0.191366-1.991613j,4.081603
0.402280+0.765416j,0.248593+1.929226j,-0.191255-1.992299j,4.087816
0.401123+0.766133j,0.248410+1.929453j,-0.191143-1.992985j,4.094031
0.399964+0.766848j,0.248226+1.929681j,-0.191032-1.993672j,4.100247
0.398804+0.767562j,0.248041+1.929912j,-0.190921-1.994358j,4.106465
0.397642+0.768273j,0.247855+1.930143j,-0.190810-1.995045j,4.112684
0.396480+0.768983j,0.247668+1.930376j,-0.190699-1.995731j,4.118904
0.395316+0.769692j,0.247480+1.930611j,-0.190588-1.996418j,4.125126
0.394151+0.770398j,0.247292+1.930847j,-0.190477-1.997105j,4.131350
0.392984+0.771103j,0.247102+1.931085j,-0.190367-1.997792j,4.137574
0.391817+0.771806j,0.246912+1.931324j,-0.190256-1.998479j,4.143800
0.390648+0.772507j,0.246720+1.931565j,-0.190146-1.999166j,4.150028
0.389478+0.773207j,0.246528+1.931807j,-0.190036-1.999854j,4.156256
0.388307+0.773905j,0.246335+1.932051j,-0.189926-2.000541j,4.162487
0.387134+0.774601j,0.246141+1.932297j,-0.189816-2.001229j,4.168718
0.385960+0.775295j,0.245946+1.932544j,-0.189706-2.001916j,4.174951
0.384785+0.775987j,0.245751+1.932792j,-0.189597-2.002604j,4.181186
0.383609+0.776678j,0.245554+1.933042j,-0.189487-2.003292j,4.187422
0.382432+0.777367j,0.245357+1.933293j,-0.189378-2.003979j,4.193659
0.381253+0.778054j,0.245158+1.933547j,-0.189269-2.004667j,4.199898
0.380073+0.778739j,0.244959+1.933801j,-0.189160-2.005356j,4.206138
0.378892+0.779423j,0.244759+1.934057j,-0.189051-2.006044j,4.212379
0.377710+0.780105j,0.244558+1.934315j,-0.188942-2.006732j,4.218622
0.376527+0.780785j,0.244356+1.934574j,-0.188833-2.007420j,4.224867
0.375342+0.781463j,0.244153+1.934835j,-0.188725-2.008109j,4.231112
0.374156+0.782139j,0.243949+1.935097j,-0.188616-2.008797j,4.237360
0.372969+0.782814j,0.243745+1.935361j,-0.188508-2.009486j,4.243608
0.371781+0.783487j,0.243539+1.935627j,-0.188400-2.010175j,4.249859
0.370591+0.784158j,0.243333+1.935894j,-0.188292-2.010864j,4.256110
0.369401+0.784827j,0.243125+1.936162j,-0.188184-2.011553j,4.262363
0.368209+0.785495j,0.242917+1.936432j,-0.188076-2.012242j,4.268618
0.367016+0.786161j,0.242708+1.936704j,-0.187968-2.012931j,4.274874
0.365822+0.786825j,0.242498+1.936977j,-0.187861-2.013620j,4.281131
0.364627+0.787487j,0.242287+1.937252j,-0.187753-2.014310j,4.287390
0.363430+0.788147j,0.242076+1.937528j,-0.187646-2.014999j,4.293650
0.362232+0.788805j,0.241863+1.937806j,-0.187539-2.015689j,4.299912
0.361034+0.789462j,0.241650+1.938086j,-0.187431-2.016378j,4.306175
0.359834+0.790117j,0.241435+1.938367j,-0.187325-2.017068j,4.312440
0.358632+0.790770j,0.241220+1.938649j,-0.187218-2.017758j,4.318706
0.357430+0.791421j,0.241004+1.938934j,-0.187111-2.018448j,4.324974
0.356227+0.792071j,0.240787+1.939219j,-0.187004-2.019138j,4.331243
0.355022+0.792718j,0.240569+1.939507j,-0.186898-2.019828j,4.337513
0.353816+0.793364j,0.240350+1.939796j,-0.186792-2.020518j,4.343785
0.352609+0.794008j,0.240130+1.940086j,-0.186685-2.021209j,4.350059
0.351401+0.794650j,0.239909+1.940379j,-0.186579-2.021899j,4.356334
0.350192+0.795291j,0.239688+1.940672j,-0.186473-2.022590j,4.362610
0.348982+0.795929j,0.239466+1.940968j,-0.186368-2.023280j,4.368888
0.347770+0.796566j,0.239242+1.941265j,-0.186262-2.023971j,4.375168
0.346558+0.797200j,0.239018+1.941563j,-0.186156-2.024662j,4.381449
0.345344+0.797833j,0.238793+1.941863j,-0.186051-2.025353j,4.387731
0.344129+0.798465j,0.238567+1.942165j,-0.185945-2.026044j,4.394015
0.342913+0.799094j,0.238340+1.942468j,-0.185840-2.026735j,4.400301
0.341696+0.799721j,0.238112+1.942773j,-0.185735-2.027426j,4.406588
0.340477+0.800347j,0.237884+1.943080j,-0.185630-2.028117j,4.412876
0.339258+0.800971j,0.237654+1.943388j,-0.185525-2.028809j,4.419166
0.338038+0.801593j,0.237424+1.943698j,-0.185420-2.029500j,4.425458
0.336816+0.802213j,0.237193+1.944009j,-0.185316-2.030192j,4.431751
0.335593+0.802831j,0.236960+1.944322j,-0.185211-2.030883j,4.438045
0.334369+0.803448j,0.236727+1.944637j,-0.185107-2.031575j,4.444341
0.333145+0.804062j,0.236493+1.944953j,-0.185003-2.032267j,4.450639
0.331919+0.804675j,0.236258+1.945271j,-0.184898-2.032959j,4.456938
0.330691+0.805286j,0.236023+1.945590j,-0.184794-2.033651j,4.463238
0.329463+0.805895j,0.235786+1.945911j,-0.184690-2.034343j,4.469541
0.328234+0.806502j,0.235549+1.946234j,-0.184587-2.035035j,4.475844
0.327003+0.807107j,0.235310+1.946559j,-0.184483-2.035727j,4.482150
0.325772+0.807710j,0.235071+1.946885j,-0.184379-2.036420j,4.488456
0.324539+0.808312j,0.234831+1.947212j,-0.184276-2.037112j,4.494765
0.323306+0.808911j,0.234590+1.947541j,-0.184173-2.037805j,4.501074
0.322071+0.809509j,0.234348+1.947872j,-0.184069-2.038497j,4.507386
0.320835+0.810105j,0.234105+1.948205j,-0.183966-2.039190j,4.513699
0.319598+0.810699j,0.233861+1.948539j,-0.183863-2.039883j,4.520013
0.318360+0.811291j,0.233617+1.948875j,-0.183761-2.040576j,4.526329
0.317121+0.811882j,0.233371+1.949212j,-0.183658-2.041269j,4.532647
0.315881+0.812470j,0.233125+1.949551j,-0.183555-2.041962j,4.538966
0.314640+0.813056j,0.232878+1.949892j,-0.183453-2.042655j,4.545287
0.313398+0.813641j,0.232630+1.950235j,-0.183350-2.043348j,4.551609
0.312155+0.814224j,0.232381+1.950579j,-0.183248-2.044042j,4.557933
0.310910+0.814805j,0.232131+1.950924j,-0.183146-2.044735j,4.564258
0.309665+0.815384j,0.231880+1.951272j,-0.183044-2.045429j,4.570585
0.308418+0.815961j,0.231628+1.951621j,-0.182942-2.046122j,4.576914
0.307171+0.816536j,0.231376+1.951972j,-0.182840-2.046816j,4.583244
0.305922+0.817109j,0.231122+1.952324j,-0.182738-2.047510j,4.589576
0.304673+0.817680j,0.230868+1.952678j,-0.182637-2.048204j,4.595909
0.303422+0.818250j,0.230613+1.953034j,-0.182535-2.048898j,4.602244
0.302171+0.818817j,0.230357+1.953391j,-0.182434-2.049592j,4.608581
0.300918+0.819383j,0.230100+1.953750j,-0.182333-2.050286j,4.614919
0.299664+0.819947j,0.229842+1.954111j,-0.182232-2.050980j,4.621258
0.298410+0.820509j,0.229584+1.954473j,-0.182131-2.051675j,4.627600
0.297154+0.821069j,0.229324+1.954837j,-0.182030-2.052369j,4.633943
0.295897+0.821627j,0.229064+1.955203j,-0.181929-2.053064j,4.640287
0.294639+0.822183j,0.228803+1.955570j,-0.181828-2.053758j,4.646633
0.293381+0.822737j,0.228541+1.955939j,-0.181728-2.054453j,4.652981
0.292121+0.823289j,0.228278+1.956310j,-0.181627-2.055148j,4.659330
0.290860+0.823840j,0.228014+1.956683j,-0.181527-2.055842j,4.665681
0.289598+0.824388j,0.227749+1.957057j,-0.181427-2.056537j,4.672034
0.288336+0.824935j,0.227484+1.957433j,-0.181327-2.057232j,4.678388
0.287072+0.825479j,0.227217+1.957810j,-0.181227-2.057927j,4.684743
0.285807+0.826022j,0.226950+1.958190j,-0.181127-2.058623j,4.691101
0.284541+0.826563j,0.226682+1.958571j,-0.181027-2.059318j,4.697460
0.283274+0.827102j,0.226413+1.958953j,-0.180927-2.060013j,4.703821
0.282007+0.827639j,0.226143+1.959338j,-0.180828-2.060709j,4.710183
0.280738+0.828174j,0.225872+1.959724j,-0.180728-2.061404j,4.716547
0.279468+0.828707j,0.225600+1.960111j,-0.180629-2.062100j,4.722912
0.278197+0.829238j,0.225328+1.960501j,-0.180530-2.062796j,4.729280
0.276926+0.829767j,0.225055+1.960892j,-0.180431-2.063491j,4.735648
0.275653+0.830294j,0.224781+1.961285j,-0.180332-2.064187j,4.742019
0.274379+0.830819j,0.224505+1.961680j,-0.180233-2.064883j,4.748391
0.273105+0.831343j,0.224230+1.962076j,-0.180134-2.065579j,4.754765
0.271829+0.831864j,0.223953+1.962474j,-0.180036-2.066275j,4.761140
0.270553+0.832384j,0.223675+1.962874j,-0.179937-2.066971j,4.767517
0.269275+0.832901j,0.223397+1.963275j,-0.179839-2.067668j,4.773896
0.267997+0.833417j,0.223118+1.963678j,-0.179740-2.068364j,4.780277
0.266718+0.833930j,0.222837+1.964083j,-0.179642-2.069060j,4.786659
0.265437+0.834442j,0.222557+1.964490j,-0.179544-2.069757j,4.793043
0.264156+0.834952j,0.222275+1.964898j,-0.179446-2.070454j,4.799428
0.262874+0.835459j,0.221992+1.965309j,-0.179348-2.071150j,4.805815
0.261591+0.835965j,0.221709+1.965720j,-0.179250-2.071847j,4.812204
0.260306+0.836469j,0.221424+1.966134j,-0.179153-2.072544j,4.818594
0.259021+0.836971j,0.221139+1.966549j,-0.179055-2.073241j,4.824987
0.257735+0.837471j,0.220853+1.966966j,-0.178958-2.073938j,4.831380
0.256449+0.837969j,0.220566+1.967385j,-0.178860-2.074635j,4.837776
0.255161+0.838465j,0.220279+1.967806j,-0.178763-2.075332j,4.844173
0.253872+0.838959j,0.219990+1.968228j,-0.178666-2.076029j,4.850572
0.252582+0.839451j,0.219701+1.968652j,-0.178569-2.076727j,4.856973
0.251292+0.839941j,0.219410+1.969078j,-0.178472-2.077424j,4.863375
0.250000+0.840429j,0.219119+1.969506j,-0.178375-2.078122j,4.869779
0.248708+0.840915j,0.218828+1.969935j,-0.178278-2.078819j,4.876185
0.247415+0.841399j,0.218535+1.970366j,-0.178182-2.079517j,4.882592
0.246120+0.841881j,0.218241+1.970799j,-0.178085-2.080214j,4.889001
0.244825+0.842362j,0.217947+1.971233j,-0.177989-2.080912j,4.895412
0.243529+0.842840j,0.217652+1.971670j,-0.177893-2.081610j,4.901825
0.242232+0.843316j,0.217356+1.972108j,-0.177796-2.082308j,4.908239
0.240935+0.843790j,0.217059+1.972548j,-0.177700-2.083006j,4.914655
0.239636+0.844262j,0.216762+1.972989j,-0.177604-2.083704j,4.921073
0.238336+0.844733j,0.216463+1.973433j,-0.177508-2.084403j,4.927492
0.237036+0.845201j,0.216164+1.973878j,-0.177413-2.085101j,4.933914
0.235735+0.845667j,0.215864+1.974325j,-0.177317-2.085799j,4.940337
0.234432+0.846132j,0.215563+1.974774j,-0.177221-2.086498j,4.946761
0.233129+0.846594j,0.215262+1.975224j,-0.177126-2.087196j,4.953188
0.231825+0.847054j,0.214959+1.975677j,-0.177031-2.087895j,4.959616
0.230520+0.847512j,0.214656+1.976131j,-0.176935-2.088593j,4.966046
0.229215+0.847969j,0.214352+1.976586j,-0.176840-2.089292j,4.972477
0.227908+0.848423j,0.214047+1.977044j,-0.176745-2.089991j,4.978911
0.226601+0.848875j,0.213741+1.977504j,-0.176650-2.090690j,4.985346
0.225293+0.849326j,0.213435+1.977965j,-0.176556-2.091389j,4.991783
0.223983+0.849774j,0.213127+1.978428j,-0.176461-2.092088j,4.998222
0.222673+0.850220j,0.212819+1.978893j,-0.176366-2.092787j,5.004662
0.221363+0.850665j,0.212511+1.979359j,-0.176272-2.093486j,5.011104
0.220051+0.851107j,0.212201+1.979828j,-0.176177-2.094185j,5.017548
0.218738+0.851547j,0.211891+1.980298j,-0.176083-2.094885j,5.023994
0.217425+0.851985j,0.211579+1.980770j,-0.175989-2.095584j,5.030442
0.216111+0.852422j,0.211267+1.981243j,-0.175895-2.096284j,5.036891
0.214796+0.852856j,0.210955+1.981719j,-0.175801-2.096983j,5.043342
0.213480+0.853288j,0.210641+1.982196j,-0.175707-2.097683j,5.049795
0.212163+0.853718j,0.210327+1.982676j,-0.175613-2.098383j,5.056250
0.210846+0.854146j,0.210012+1.983157j,-0.175519-2.099083j,5.062706
0.209528+0.854572j,0.209696+1.983639j,-0.175426-2.099782j,5.069164
0.208209+0.854997j,0.209379+1.984124j,-0.175332-2.100482j,5.075624
0.206889+0.855419j,0.209062+1.984611j,-0.175239-2.101182j,5.082086
0.205568+0.855839j,0.208743+1.985099j,-0.175145-2.101882j,5.088550
0.204246+0.856257j,0.208424+1.985589j,-0.175052-2.102583j,5.095015
0.202924+0.856673j,0.208105+1.986081j,-0.174959-2.103283j,5.101483
0.201601+0.857087j,0.207784+1.986574j,-0.174866-2.103983j,5.107952
0.200277+0.857499j,0.207463+1.987070j,-0.174773-2.104684j,5.114423
0.198952+0.857909j,0.207141+1.987567j,-0.174680-2.105384j,5.120895
0.197627+0.858316j,0.206818+1.988066j,-0.174588-2.106085j,5.127370
0.196300+0.858722j,0.206495+1.988567j,-0.174495-2.106785j,5.133846
0.194973+0.859126j,0.206170+1.989070j,-0.174403-2.107486j,5.140324
0.193645+0.859528j,0.205845+1.989575j,-0.174310-2.108187j,5.146804
0.192317+0.859928j,0.205520+1.990081j,-0.174218-2.108888j,5.153286
0.190987+0.860325j,0.205193+1.990590j,-0.174126-2.109589j,5.159770
0.189657+0.860721j,0.204866+1.991100j,-0.174034-2.110290j,5.166256
0.188326+0.861114j,0.204538+1.991612j,-0.173942-2.110991j,5.172743
0.186994+0.861506j,0.204209+1.992126j,-0.173850-2.111692j,5.179232
0.185662+0.861896j,0.203880+1.992642j,-0.173758-2.112393j,5.185723
0.184329+0.862283j,0.203550+1.993159j,-0.173666-2.113094j,5.192216
0.182995+0.862668j,0.203219+1.993678j,-0.173575-2.113796j,5.198711
0.181660+0.863052j,0.202887+1.994200j,-0.173483-2.114497j,5.205207
0.180324+0.863433j,0.202555+1.994723j,-0.173392-2.115198j,5.211706
0.178988+0.863812j,0.202222+1.995248j,-0.173300-2.115900j,5.218206
0.177651+0.864189j,0.201888+1.995774j,-0.173209-2.116602j,5.224708
0.176313+0.864564j,0.201553+1.996303j,-0.173118-2.117303j,5.231213
0.174975+0.864938j,0.201218+1.996833j,-0.173027-2.118005j,5.237718
0.173635+0.865309j,0.200882+1.997366j,-0.172936-2.118707j,5.244226
0.172296+0.865677j,0.200546+1.997900j,-0.172845-2.119409j,5.250736
0.170955+0.866044j,0.200208+1.998436j,-0.172755-2.120111j,5.257248
0.169613+0.866409j,0.199870+1.998974j,-0.172664-2.120813j,5.263761
0.168271+0.866772j,0.199531+1.999514j,-0.172573-2.121515j,5.270276
0.166928+0.867133j,0.199192+2.000055j,-0.172483-2.122217j,5.276794
0.165585+0.867491j,0.198852+2.000599j,-0.172393-2.122920j,5.283313
0.164241+0.867848j,0.198511+2.001144j,-0.172302-2.123622j,5.289834
0.162896+0.868202j,0.198170+2.001691j,-0.172212-2.124324j,5.296357
0.161550+0.868554j,0.197827+2.002240j,-0.172122-2.125027j,5.302881
0.160203+0.868905j,0.197484+2.002791j,-0.172032-2.125729j,5.309408
0.158856+0.869253j,0.197141+2.003344j,-0.171942-2.126432j,5.315937
0.157509+0.869599j,0.196797+2.003899j,-0.171852-2.127135j,5.322467
0.156160+0.869943j,0.196452+2.004455j,-0.171763-2.127837j,5.329000
0.154811+0.870285j,0.196106+2.005014j,-0.171673-2.128540j,5.335534
0.153461+0.870625j,0.195760+2.005574j,-0.171584-2.129243j,5.342070
0.152110+0.870963j,0.195413+2.006136j,-0.171494-2.129946j,5.348609
0.150759+0.871299j,0.195065+2.006700j,-0.171405-2.130649j,5.355149
0.149407+0.871632j,0.194717+2.007266j,-0.171316-2.131352j,5.361691
0.148055+0.871964j,0.194368+2.007834j,-0.171227-2.132055j,5.368235
0.146701+0.872293j,0.194019+2.008404j,-0.171138-2.132759j,5.374781
0.145347+0.872621j,0.193668+2.008975j,-0.171049-2.133462j,5.381329
0.143993+0.872946j,0.193318+2.009549j,-0.170960-2.134165j,5.387879
0.142638+0.873269j,0.192966+2.010124j,-0.170871-2.134869j,5.394430
0.141282+0.873590j,0.192614+2.010701j,-0.170782-2.135572j,5.400984
0.139925+0.873909j,0.192261+2.011280j,-0.170694-2.136276j,5.407540
0.138568+0.874226j,0.191908+2.011861j,-0.170605-2.136979j,5.414097
0.137210+0.874541j,0.191554+2.012444j,-0.170517-2.137683j,5.420657
0.135851+0.874854j,0.191199+2.013029j,-0.170429-2.138387j,5.427219
0.134492+0.875165j,0.190844+2.013616j,-0.170340-2.139091j,5.433782
0.133133+0.875473j,0.190488+2.014204j,-0.170252-2.139795j,5.440348
0.131772+0.875780j,0.190131+2.014795j,-0.170164-2.140499j,5.446915
0.130411+0.876084j,0.189774+2.015387j,-0.170076-2.141203j,5.453484
0.129049+0.876386j,0.189416+2.015982j,-0.169989-2.141907j,5.460056
0.127687+0.876686j,0.189058+2.016578j,-0.169901-2.142611j,5.466629
0.126324+0.876984j,0.188699+2.017176j,-0.169813-2.143315j,5.473205
0.124961+0.877280j,0.188339+2.017776j,-0.169726-2.144019j,5.479782
0.123596+0.877574j,0.187979+2.018378j,-0.169638-2.144724j,5.486361
0.122232+0.877866j,0.187618+2.018981j,-0.169551-2.145428j,5.492943
0.120866+0.878155j,0.187257+2.019587j,-0.169463-2.146133j,5.499526
0.119500+0.878443j,0.186895+2.020195j,-0.169376-2.146837j,5.506111
0.118134+0.878728j,0.186532+2.020804j,-0.169289-2.147542j,5.512698
0.116766+0.879011j,0.186169+2.021415j,-0.169202-2.148247j,5.519288
0.115398+0.879292j,0.185805+2.022029j,-0.169115-2.148951j,5.525879
0.114030+0.879571j,0.185441+2.022644j,-0.169028-2.149656j,5.532472
0.112661+0.879848j,0.185076+2.023261j,-0.168942-2.150361j,5.539068
0.111292+0.880123j,0.184711+2.023880j,-0.168855-2.151066j,5.545665
0.109921+0.880396j,0.184345+2.024501j,-0.168768-2.151771j,5.552265
0.108551+0.880666j,0.183978+2.025124j,-0.168682-2.152476j,5.558866
0.107179+0.880935j,0.183611+2.025749j,-0.168596-2.153181j,5.565469
0.105807+0.881201j,0.183243+2.026375j,-0.168509-2.153886j,5.572075
0.104435+0.881465j,0.182875+2.027004j,-0.168423-2.154592j,5.578682
0.103062+0.881727j,0.182506+2.027634j,-0.168337-2.155297j,5.585292
0.101688+0.881987j,0.182137+2.028267j,-0.168251-2.156002j,5.591904
0.100314+0.882245j,0.181767+2.028901j,-0.168165-2.156708j,5.598517
0.098939+0.882500j,0.181396+2.029537j,-0.168079-2.157413j,5.605133
0.097564+0.882754j,0.181025+2.030176j,-0.167993-2.158119j,5.611751
0.096188+0.883005j,0.180654+2.030816j,-0.167908-2.158825j,5.618370
0.094812+0.883254j,0.180282+2.031458j,-0.167822-2.159530j,5.624992
0.093435+0.883502j,0.179909+2.032102j,-0.167736-2.160236j,5.631616
0.092058+0.883747j,0.179536+2.032747j,-0.167651-2.160942j,5.638242
0.090680+0.883989j,0.179163+2.033395j,-0.167566-2.161648j,5.644870
0.089301+0.884230j,0.178788+2.034045j,-0.167480-2.162354j,5.651500
0.087922+0.884469j,0.178414+2.034696j,-0.167395-2.163060j,5.658132
0.086542+0.884705j,0.178039+2.035350j,-0.167310-2.163766j,5.664766
0.085162+0.884939j,0.177663+2.036005j,-0.167225-2.164472j,5.671403
0.083782+0.885171j,0.177287+2.036663j,-0.167140-2.165178j,5.678041
0.082400+0.885401j,0.176910+2.037322j,-0.167055-2.165885j,5.684682
0.081019+0.885629j,0.176533+2.037983j,-0.166971-2.166591j,5.691324
0.079637+0.885855j,0.176156+2.038646j,-0.166886-2.167297j,5.697969
0.078254+0.886078j,0.175777+2.039311j,-0.166801-2.168004j,5.704616
0.076871+0.886300j,0.175399+2.039978j,-0.166717-2.168710j,5.711264
0.075487+0.886519j,0.175020+2.040647j,-0.166633-2.169417j,5.717915
0.074103+0.886736j,0.174640+2.041318j,-0.166548-2.170123j,5.724568
0.072718+0.886951j,0.174260+2.041991j,-0.166464-2.170830j,5.731223
0.071333+0.887164j,0.173880+2.042666j,-0.166380-2.171537j,5.737881
0.069947+0.887375j,0.173499+2.043342j,-0.166296-2.172244j,5.744540
0.068561+0.887583j,0.173118+2.044021j,-0.166212-2.172951j,5.751202
0.067175+0.887790j,0.172736+2.044701j,-0.166128-2.173658j,5.757865
0.065787+0.887994j,0.172354+2.045384j,-0.166044-2.174365j,5.764531
0.064400+0.888196j,0.171971+2.046068j,-0.165961-2.175072j,5.771199
0.063012+0.888396j,0.171588+2.046754j,-0.165877-2.175779j,5.777869
0.061623+0.888593j,0.171204+2.047442j,-0.165793-2.176486j,5.784541
0.060234+0.888789j,0.170820+2.048133j,-0.165710-2.177193j,5.791215
0.058845+0.888982j,0.170436+2.048825j,-0.165627-2.177900j,5.797891
0.057455+0.889174j,0.170051+2.049519j,-0.165543-2.178608j,5.804570
0.056065+0.889363j,0.169666+2.050214j,-0.165460-2.179315j,5.811251
0.054674+0.889550j,0.169280+2.050912j,-0.165377-2.180023j,5.817933
0.053282+0.889734j,0.168894+2.051612j,-0.165294-2.180730j,5.824618
0.051891+0.889917j,0.168507+2.052314j,-0.165211-2.181438j,5.831305
0.050499+0.890097j,0.168120+2.053017j,-0.165128-2.182146j,5.837995
0.049106+0.890276j,0.167733+2.053723j,-0.165045-2.182853j,5.844686
0.047713+0.890452j,0.167345+2.054430j,-0.164962-2.183561j,5.851380
0.046319+0.890626j,0.166957+2.055140j,-0.164880-2.184269j,5.858076
0.044926+0.890797j,0.166569+2.055851j,-0.164797-2.184977j,5.864773
0.043531+0.890967j,0.166180+2.056564j,-0.164715-2.185685j,5.871474
0.042137+0.891134j,0.165790+2.057279j,-0.164632-2.186393j,5.878176
0.040741+0.891300j,0.165401+2.057996j,-0.164550-2.187101j,5.884880
0.039346+0.891463j,0.165011+2.058715j,-0.164468-2.187809j,5.891587
0.037950+0.891624j,0.164620+2.059436j,-0.164386-2.188517j,5.898296
0.036553+0.891782j,0.164229+2.060159j,-0.164304-2.189225j,5.905007
0.035157+0.891939j,0.163838+2.060884j,-0.164222-2.189934j,5.911720
0.033760+0.892093j,0.163447+2.061611j,-0.164140-2.190642j,5.918435
0.032362+0.892245j,0.163055+2.062339j,-0.164058-2.191350j,5.925153
0.030964+0.892395j,0.162663+2.063070j,-0.163976-2.192059j,5.931873
0.029566+0.892543j,0.162270+2.063802j,-0.163895-2.192767j,5.938595
0.028167+0.892689j,0.161878+2.064537j,-0.163813-2.193476j,5.945319
0.026768+0.892832j,0.161484+2.065273j,-0.163732-2.194185j,5.952046
0.025368+0.892974j,0.161091+2.066011j,-0.163650-2.194893j,5.958774
0.023968+0.893113j,0.160697+2.066752j,-0.163569-2.195602j,5.965505
0.022568+0.893250j,0.160303+2.067494j,-0.163488-2.196311j,5.972238
0.021167+0.893384j,0.159908+2.068238j,-0.163406-2.197020j,5.978973
0.019766+0.893517j,0.159513+2.068984j,-0.163325-2.197729j,5.985711
0.018365+0.893647j,0.159118+2.069732j,-0.163244-2.198438j,5.992451
0.016963+0.893775j,0.158723+2.070481j,-0.163163-2.199147j,5.999193
0.015561+0.893901j,0.158327+2.071233j,-0.163082-2.199856j,6.005937
0.014159+0.894025j,0.157931+2.071987j,-0.163002-2.200565j,6.012683
0.012756+0.894147j,0.157535+2.072742j,-0.162921-2.201274j,6.019432
0.011353+0.894266j,0.157138+2.073500j,-0.162840-2.201983j,6.026183
0.009949+0.894383j,0.156741+2.074259j,-0.162760-2.202693j,6.032936
0.008545+0.894498j,0.156344+2.075020j,-0.162679-2.203402j,6.039692
0.007141+0.894611j,0.155947+2.075784j,-0.162599-2.204111j,6.046450
0.005737+0.894722j,0.155549+2.076549j,-0.162519-2.204821j,6.053210
0.004332+0.894830j,0.155151+2.077316j,-0.162438-2.205530j,6.059972
0.002927+0.894937j,0.154753+2.078085j,-0.162358-2.206240j,6.066736
0.001521+0.895041j,0.154354+2.078856j,-0.162278-2.206950j,6.073503
0.000115+0.895143j,0.153955+2.079628j,-0.162198-2.207659j,6.080272
-0.001291+0.895242j,0.153556+2.080403j,-0.162118-2.208369j,6.087044
-0.002697+0.895340j,0.153157+2.081180j,-0.162038-2.209079j,6.093817
-0.004104+0.895435j,0.152758+2.081958j,-0.161959-2.209789j,6.100593
-0.005511+0.895528j,0.152358+2.082739j,-0.161879-2.210499j,6.107371
-0.006918+0.895619j,0.151958+2.083521j,-0.161799-2.211209j,6.114152
-0.008326+0.895708j,0.151558+2.084305j,-0.161720-2.211919j,6.120935
-0.009734+0.895794j,0.151157+2.085091j,-0.161640-2.212629j,6.127720
-0.011142+0.895878j,0.150757+2.085879j,-0.161561-2.213339j,6.134507
-0.012551+0.895960j,0.150356+2.086669j,-0.161482-2.214049j,6.141297
-0.013959+0.896040j,0.149955+2.087461j,-0.161402-2.214759j,6.148089
-0.015368+0.896118j,0.149553+2.088255j,-0.161323-2.215470j,6.154883
-0.016778+0.896193j,0.149152+2.089051j,-0.161244-2.216180j,6.161679
-0.018187+0.896267j,0.148750+2.089848j,-0.161165-2.216890j,6.168478
-0.019597+0.896338j,0.148348+2.090648j,-0.161086-2.217601j,6.175280
-0.021008+0.896407j,0.147946+2.091449j,-0.161007-2.218311j,6.182083
-0.022418+0.896473j,0.147544+2.092252j,-0.160929-2.219022j,6.188889
-0.023829+0.896538j,0.147142+2.093057j,-0.160850-2.219732j,6.195697
-0.025240+0.896600j,0.146739+2.093864j,-0.160771-2.220443j,6.202508
-0.026651+0.896660j,0.146336+2.094673j,-0.160693-2.221154j,6.209321
-0.028062+0.896718j,0.145933+2.095484j,-0.160614-2.221865j,6.216136
-0.029474+0.896773j,0.145530+2.096296j,-0.160536-2.222575j,6.222953
-0.030886+0.896827j,0.145127+2.097111j,-0.160458-2.223286j,6.229773
-0.032298+0.896878j,0.144723+2.097927j,-0.160379-2.223997j,6.236595
-0.033711+0.896927j,0.144320+2.098746j,-0.160301-2.224708j,6.243420
-0.035123+0.896973j,0.143916+2.099566j,-0.160223-2.225419j,6.250247
-0.036536+0.897018j,0.143512+2.100388j,-0.160145-2.226130j,6.257076
-0.037949+0.897060j,0.143108+2.101212j,-0.160067-2.226841j,6.263908
-0.039363+0.897100j,0.142704+2.102038j,-0.159989-2.227553j,6.270742
-0.040776+0.897138j,0.142299+2.102866j,-0.159912-2.228264j,6.277578
-0.042190+0.897174j,0.141895+2.103695j,-0.159834-2.228975j,6.284417
-0.043604+0.897207j,0.141490+2.104527j,-0.159756-2.229686j,6.291258
-0.045018+0.897238j,0.141086+2.105360j,-0.159679-2.230398j,6.298101
-0.046433+0.897267j,0.140681+2.106195j,-0.159601-2.231109j,6.304947
-0.047847+0.897294j,0.140276+2.107032j,-0.159524-2.231821j,6.311795
-0.049262+0.897319j,0.139871+2.107871j,-0.159446-2.232532j,6.318646
-0.050677+0.897341j,0.139466+2.108712j,-0.159369-2.233244j,6.325499
-0.052093+0.897361j,0.139061+2.109554j,-0.159292-2.233956j,6.332354
-0.053508+0.897379j,0.138655+2.110399j,-0.159215-2.234667j,6.339212
-0.054924+0.897395j,0.138250+2.111245j,-0.159138-2.235379j,6.346072
-0.056339+0.897408j,0.137845+2.112093j,-0.159061-2.236091j,6.352935
-0.057755+0.897420j,0.137439+2.112944j,-0.158984-2.236803j,6.359800
-0.059171+0.897429j,0.137033+2.113795j,-0.158907-2.237515j,6.366667
-0.060588+0.897435j,0.136628+2.114649j,-0.158830-2.238227j,6.373537
-0.062004+0.897440j,0.136222+2.115505j,-0.158753-2.238939j,6.380409
-0.063421+0.897442j,0.135816+2.116362j,-0.158677-2.239651j,6.387284
-0.064838+0.897442j,0.135410+2.117222j,-0.158600-2.240363j,6.394161
-0.066254+0.897440j,0.135004+2.118083j,-0.158524-2.241075j,6.401040
-0.067672+0.897436j,0.134598+2.118946j,-0.158447-2.241787j,6.407922
-0.069089+0.897429j,0.134192+2.119811j,-0.158371-2.242499j,6.414806
-0.070506+0.897421j,0.133786+2.120677j,-0.158295-2.243212j,6.421693
-0.071924+0.897410j,0.133380+2.121546j,-0.158218-2.243924j,6.428582
-0.073341+0.897396j,0.132974+2.122416j,-0.158142-2.244636j,6.435474
-0.074759+0.897381j,0.132568+2.123288j,-0.158066-2.245349j,6.442368
-0.076177+0.897363j,0.132162+2.124162j,-0.157990-2.246061j,6.449264
-0.077595+0.897343j,0.131755+2.125038j,-0.157914-2.246774j,6.456163
-0.079014+0.897321j,0.131349+2.125916j,-0.157838-2.247486j,6.463065
-0.080432+0.897297j,0.130943+2.126795j,-0.157763-2.248199j,6.469968
-0.081850+0.897270j,0.130537+2.127676j,-0.157687-2.248912j,6.476875
-0.083269+0.897241j,0.130130+2.128559j,-0.157611-2.249624j,6.483783
-0.084688+0.897210j,0.129724+2.129444j,-0.157536-2.250337j,6.490695
-0.086106+0.897177j,0.129318+2.130331j,-0.157460-2.251050j,6.497608
-0.087525+0.897141j,0.128911+2.131219j,-0.157385-2.251763j,6.504524
-0.088944+0.897104j,0.128505+2.132110j,-0.157309-2.252476j,6.511443
-0.090363+0.897064j,0.128099+2.133002j,-0.157234-2.253189j,6.518364
-0.091783+0.897021j,0.127693+2.133896j,-0.157159-2.253902j,6.525288
-0.093202+0.896977j,0.127286+2.134791j,-0.157084-2.254615j,6.532214
-0.094621+0.896930j,0.126880+2.135689j,-0.157009-2.255328j,6.539142
-0.096041+0.896881j,0.126474+2.136588j,-0.156934-2.256041j,6.546073
-0.097460+0.896830j,0.126068+2.137489j,-0.156859-2.256754j,6.553007
-0.098880+0.896777j,0.125662+2.138392j,-0.156784-2.257468j,6.559943
-0.100299+0.896721j,0.125256+2.139297j,-0.156709-2.258181j,6.566881
-0.101719+0.896663j,0.124850+2.140203j,-0.156634-2.258894j,6.573822
-0.103139+0.896603j,0.124444+2.141112j,-0.156560-2.259608j,6.580765
-0.104559+0.896541j,0.124038+2.142022j,-0.156485-2.260321j,6.587711
-0.105979+0.896476j,0.123632+2.142933j,-0.156411-2.261035j,6.594660
-0.107399+0.896409j,0.123226+2.143847j,-0.156336-2.261748j,6.601611
-0.108819+0.896340j,0.122821+2.144762j,-0.156262-2.262462j,6.608564
-0.110239+0.896269j,0.122415+2.145679j,-0.156187-2.263176j,6.615520
-0.111659+0.896195j,0.122010+2.146598j,-0.156113-2.263889j,6.622479
-0.113079+0.896119j,0.121604+2.147519j,-0.156039-2.264603j,6.629440
-0.114500+0.896041j,0.121199+2.148441j,-0.155965-2.265317j,6.636403
-0.115920+0.895961j,0.120793+2.149365j,-0.155891-2.266031j,6.643369
-0.117340+0.895879j,0.120388+2.150291j,-0.155817-2.266744j,6.650338
-0.118761+0.895794j,0.119983+2.151219j,-0.155743-2.267458j,6.657309
-0.120181+0.895707j,0.119578+2.152148j,-0.155669-2.268172j,6.664283
-0.121601+0.895618j,0.119173+2.153079j,-0.155595-2.268886j,6.671259
-0.123022+0.895526j,0.118768+2.154012j,-0.155521-2.269600j,6.678238
-0.124442+0.895432j,0.118364+2.154947j,-0.155448-2.270315j,6.685219
-0.125862+0.895336j,0.117959+2.155883j,-0.155374-2.271029j,6.692203
-0.127283+0.895238j,0.117554+2.156821j,-0.155301-2.271743j,6.699190
-0.128703+0.895138j,0.117150+2.157761j,-0.155227-2.272457j,6.706178
-0.130124+0.895035j,0.116746+2.158703j,-0.155154-2.273171j,6.713170
-0.131544+0.894930j,0.116342+2.159646j,-0.155080-2.273886j,6.720164
-0.132965+0.894823j,0.115938+2.160591j,-0.155007-2.274600j,6.727161
-0.134385+0.894714j,0.115534+2.161538j,-0.154934-2.275315j,6.734160
-0.135805+0.894602j,0.115130+2.162486j,-0.154861-2.276029j,6.741162
-0.137226+0.894488j,0.114727+2.163436j,-0.154788-2.276744j,6.748166
-0.138646+0.894372j,0.114323+2.164388j,-0.154715-2.277458j,6.755173
-0.140066+0.894254j,0.113920+2.165342j,-0.154642-2.278173j,6.762182
-0.141487+0.894133j,0.113517+2.166297j,-0.154569-2.278887j,6.769195
-0.142907+0.894010j,0.113114+2.167254j,-0.154496-2.279602j,6.776209
-0.144327+0.893885j,0.112711+2.168213j,-0.154423-2.280317j,6.783226
-0.145747+0.893758j,0.112308+2.169173j,-0.154351-2.281032j,6.790246
-0.147168+0.893628j,0.111906+2.170135j,-0.154278-2.281746j,6.797269
-0.148588+0.893496j,0.111503+2.171099j,-0.154206-2.282461j,6.804294
-0.150008+0.893362j,0.111101+2.172064j,-0.154133-2.283176j,6.811321
-0.151428+0.893226j,0.110699+2.173031j,-0.154061-2.283891j,6.818352
-0.152848+0.893087j,0.110298+2.174000j,-0.153988-2.284606j,6.825384
-0.154268+0.892946j,0.109896+2.174971j,-0.153916-2.285321j,6.832420
-0.155687+0.892803j,0.109495+2.175943j,-0.153844-2.286036j,6.839458
-0.157107+0.892658j,0.109093+2.176916j,-0.153772-2.286751j,6.846498
-0.158527+0.892510j,0.108692+2.177892j,-0.153700-2.287467j,6.853542
-0.159946+0.892360j,0.108291+2.178869j,-0.153628-2.288182j,6.860588
-0.161366+0.892208j,0.107891+2.179848j,-0.153556-2.288897j,6.867636
-0.162785+0.892054j,0.107490+2.180828j,-0.153484-2.289612j,6.874687
-0.164205+0.891897j,0.107090+2.181810j,-0.153412-2.290328j,6.881741
-0.165624+0.891739j,0.106690+2.182794j,-0.153340-2.291043j,6.888797
-0.167043+0.891578j,0.106290+2.183779j,-0.153268-2.291759j,6.895856
-0.168462+0.891414j,0.105891+2.184766j,-0.153197-2.292474j,6.902918
-0.169881+0.891249j,0.105491+2.185755j,-0.153125-2.293190j,6.909982
-0.171300+0.891081j,0.105092+2.186745j,-0.153054-2.293905j,6.917049
-0.172719+0.890911j,0.104693+2.187737j,-0.152982-2.294621j,6.924119
-0.174138+0.890739j,0.104295+2.188731j,-0.152911-2.295336j,6.931191
-0.175556+0.890564j,0.103896+2.189726j,-0.152839-2.296052j,6.938266
-0.176975+0.890387j,0.103498+2.190723j,-0.152768-2.296768j,6.945343
-0.178393+0.890208j,0.103100+2.191721j,-0.152697-2.297484j,6.952423
-0.179811+0.890027j,0.102702+2.192721j,-0.152626-2.298199j,6.959506
-0.181229+0.889843j,0.102305+2.193723j,-0.152555-2.298915j,6.966591
-0.182647+0.889658j,0.101907+2.194726j,-0.152484-2.299631j,6.973680
-0.184065+0.889470j,0.101510+2.195731j,-0.152413-2.300347j,6.980770
-0.185483+0.889279j,0.101114+2.196737j,-0.152342-2.301063j,6.987864
-0.186900+0.889087j,0.100717+2.197745j,-0.152271-2.301779j,6.994960
-0.188318+0.888892j,0.100321+2.198755j,-0.152200-2.302495j,7.002059
-0.189735+0.888695j,0.099925+2.199766j,-0.152130-2.303211j,7.009160
-0.191152+0.888496j,0.099529+2.200779j,-0.152059-2.303928j,7.016264
-0.192569+0.888294j,0.099134+2.201793j,-0.151988-2.304644j,7.023371
-0.193986+0.888090j,0.098739+2.202809j,-0.151918-2.305360j,7.030481
-0.195402+0.887884j,0.098344+2.203827j,-0.151847-2.306076j,7.037593
-0.196819+0.887676j,0.097949+2.204846j,-0.151777-2.306793j,7.044708
-0.198235+0.887466j,0.097555+2.205866j,-0.151707-2.307509j,7.051825
-0.199651+0.887253j,0.097161+2.206888j,-0.151636-2.308225j,7.058945
-0.201067+0.887038j,0.096767+2.207912j,-0.151566-2.308942j,7.066068
-0.202483+0.886821j,0.096374+2.208938j,-0.151496-2.309658j,7.073194
-0.203898+0.886601j,0.095981+2.209964j,-0.151426-2.310375j,7.080322
-0.205314+0.886379j,0.095588+2.210993j,-0.151356-2.311091j,7.087453
-0.206729+0.886155j,0.095195+2.212023j,-0.151286-2.311808j,7.094587
-0.208144+0.885929j,0.094803+2.213054j,-0.151216-2.312525j,7.101724
-0.209559+0.885701j,0.094411+2.214087j,-0.151146-2.313241j,7.108863
-0.210973+0.885470j,0.094019+2.215122j,-0.151076-2.313958j,7.116005
-0.212388+0.885237j,0.093628+2.216158j,-0.151006-2.314675j,7.123149
-0.213802+0.885002j,0.093237+2.217196j,-0.150937-2.315392j,7.130297
-0.215216+0.884764j,0.092846+2.218235j,-0.150867-2.316109j,7.137447
-0.216630+0.884524j,0.092456+2.219275j,-0.150797-2.316825j,7.144600
-0.218043+0.884282j,0.092066+2.220318j,-0.150728-2.317542j,7.151755
-0.219456+0.884038j,0.091676+2.221361j,-0.150659-2.318259j,7.158913
-0.220869+0.883792j,0.091286+2.222407j,-0.150589-2.318976j,7.166074
-0.222282+0.883543j,0.090897+2.223453j,-0.150520-2.319693j,7.173238
-0.223695+0.883292j,0.090509+2.224501j,-0.150451-2.320411j,7.180404
-0.225107+0.883039j,0.090120+2.225551j,-0.150381-2.321128j,7.187574
-0.226519+0.882783j,0.089732+2.226602j,-0.150312-2.321845j,7.194745
-0.227931+0.882526j,0.089344+2.227655j,-0.150243-2.322562j,7.201920
-0.229343+0.882266j,0.088957+2.228709j,-0.150174-2.323279j,7.209098
-0.230754+0.882003j,0.088570+2.229765j,-0.150105-2.323997j,7.216278
-0.232166+0.881739j,0.088183+2.230822j,-0.150036-2.324714j,7.223461
-0.233576+0.881472j,0.087797+2.231880j,-0.149967-2.325431j,7.230646
-0.234987+0.881203j,0.087411+2.232940j,-0.149898-2.326149j,7.237835
-0.236397+0.880932j,0.087025+2.234002j,-0.149830-2.326866j,7.245026
-0.237807+0.880659j,0.086639+2.235065j,-0.149761-2.327584j,7.252220
-0.239217+0.880383j,0.086254+2.236129j,-0.149692-2.328301j,7.259417
-0.240627+0.880105j,0.085870+2.237195j,-0.149624-2.329019j,7.266616
-0.242036+0.879825j,0.085486+2.238263j,-0.149555-2.329736j,7.273818
-0.243445+0.879543j,0.085102+2.239331j,-0.149487-2.330454j,7.281023
-0.244854+0.879258j,0.084718+2.240402j,-0.149418-2.331172j,7.288231
-0.246262+0.878971j,0.084335+2.241473j,-0.149350-2.331889j,7.295442
-0.247670+0.878682j,0.083952+2.242546j,-0.149282-2.332607j,7.302655
-0.249078+0.878390j,0.083570+2.243621j,-0.149214-2.333325j,7.309871
-0.250485+0.878097j,0.083188+2.244697j,-0.149145-2.334043j,7.317090
-0.251893+0.877801j,0.082806+2.245774j,-0.149077-2.334761j,7.324312
-0.253300+0.877503j,0.082425+2.246853j,-0.149009-2.335479j,7.331536
-0.254706+0.877202j,0.082044+2.247933j,-0.148941-2.336197j,7.338764
-0.256112+0.876900j,0.081663+2.249015j,-0.148873-2.336915j,7.345994
-0.257518+0.876595j,0.081283+2.250098j,-0.148805-2.337633j,7.353227
-0.258924+0.876288j,0.080903+2.251182j,-0.148737-2.338351j,7.360462
-0.260329+0.875979j,0.080524+2.252268j,-0.148670-2.339069j,7.367701
-0.261734+0.875667j,0.080145+2.253355j,-0.148602-2.339787j,7.374942
-0.263139+0.875353j,0.079766+2.254443j,-0.148534-2.340505j,7.382186
-0.264543+0.875037j,0.079388+2.255533j,-0.148467-2.341223j,7.389433
-0.265947+0.874719j,0.079010+2.256625j,-0.148399-2.341942j,7.396683
-0.267351+0.874398j,0.078633+2.257717j,-0.148332-2.342660j,7.403935
-0.268754+0.874076j,0.078256+2.258811j,-0.148264-2.343378j,7.411191
-0.270157+0.873751j,0.077879+2.259907j,-0.148197-2.344097j,7.418449
-0.271559+0.873423j,0.077503+2.261004j,-0.148129-2.344815j,7.425710
-0.272962+0.873094j,0.077127+2.262102j,-0.148062-2.345533j,7.432974
-0.274363+0.872762j,0.076752+2.263201j,-0.147995-2.346252j,7.440240
-0.275765+0.872428j,0.076377+2.264302j,-0.147928-2.346970j,7.447510
-0.277166+0.872092j,0.076002+2.265405j,-0.147861-2.347689j,7.454782
-0.278567+0.871753j,0.075628+2.266508j,-0.147794-2.348408j,7.462057
-0.279967+0.871413j,0.075254+2.267613j,-0.147727-2.349126j,7.469335
-0.281367+0.871070j,0.074881+2.268719j,-0.147660-2.349845j,7.476616
-0.282767+0.870725j,0.074508+2.269827j,-0.147593-2.350564j,7.483900
-0.284166+0.870377j,0.074136+2.270936j,-0.147526-2.351282j,7.491186
-0.285565+0.870028j,0.073764+2.272046j,-0.147459-2.352001j,7.498475
-0.286963+0.869676j,0.073392+2.273158j,-0.147392-2.352720j,7.505768
-0.288361+0.869322j,0.073021+2.274270j,-0.147326-2.353439j,7.513063
-0.289759+0.868965j,0.072650+2.275385j,-0.147259-2.354158j,7.520360
-0.291156+0.868607j,0.072280+2.276500j,-0.147193-2.354876j,7.527661
-0.292553+0.868246j,0.071910+2.277617j,-0.147126-2.355595j,7.534965
-0.293949+0.867883j,0.071540+2.278735j,-0.147060-2.356314j,7.542271
-0.295345+0.867517j,0.071171+2.279854j,-0.146993-2.357033j,7.549580
-0.296741+0.867150j,0.070803+2.280975j,-0.146927-2.357752j,7.556893
-0.298136+0.866780j,0.070434+2.282097j,-0.146861-2.358472j,7.564208
-0.299530+0.866408j,0.070067+2.283220j,-0.146794-2.359191j,7.571526
-0.300925+0.866034j,0.069699+2.284345j,-0.146728-2.359910j,7.578846
-0.302319+0.865657j,0.069332+2.285471j,-0.146662-2.360629j,7.586170
-0.303712+0.865279j,0.068966+2.286598j,-0.146596-2.361348j,7.593496
-0.305105+0.864898j,0.068600+2.287726j,-0.146530-2.362068j,7.600826
-0.306497+0.864515j,0.068234+2.288856j,-0.146464-2.362787j,7.608158
-0.307890+0.864129j,0.067869+2.289987j,-0.146398-2.363506j,7.615493
-0.309281+0.863742j,0.067505+2.291119j,-0.146332-2.364226j,7.622831
-0.310672+0.863352j,0.067140+2.292252j,-0.146266-2.364945j,7.630172
-0.312063+0.862960j,0.066777+2.293387j,-0.146200-2.365664j,7.637516
-0.313453+0.862566j,0.066413+2.294523j,-0.146135-2.366384j,7.644862
-0.314843+0.862169j,0.066050+2.295660j,-0.146069-2.367104j,7.652212
-0.316232+0.861770j,0.065688+2.296798j,-0.146003-2.367823j,7.659564
-0.317621+0.861369j,0.065326+2.297938j,-0.145938-2.368543j,7.666920
-0.319010+0.860966j,0.064965+2.299079j,-0.145872-2.369262j,7.674278
-0.320398+0.860561j,0.064604+2.300221j,-0.145807-2.369982j,7.681639
-0.321785+0.860153j,0.064243+2.301364j,-0.145741-2.370702j,7.689003
-0.323172+0.859743j,0.063883+2.302508j,-0.145676-2.371421j,7.696370
-0.324558+0.859331j,0.063523+2.303654j,-0.145611-2.372141j,7.703740
-0.325944+0.858917j,0.063164+2.304801j,-0.145546-2.372861j,7.711113
-0.327330+0.858500j,0.062805+2.305949j,-0.145480-2.373581j,7.718488
-0.328715+0.858081j,0.062447+2.307098j,-0.145415-2.374301j,7.725867
-0.330099+0.857660j,0.062089+2.308249j,-0.145350-2.375021j,7.733248
-0.331483+0.857237j,0.061732+2.309401j,-0.145285-2.375740j,7.740633
-0.332867+0.856812j,0.061375+2.310553j,-0.145220-2.376460j,7.748020
-0.334249+0.856384j,0.061019+2.311708j,-0.145155-2.377180j,7.755410
-0.335632+0.855954j,0.060663+2.312863j,-0.145090-2.377900j,7.762803
-0.337014+0.855522j,0.060307+2.314019j,-0.145025-2.378621j,7.770199
-0.338395+0.855088j,0.059952+2.315177j,-0.144961-2.379341j,7.777598
-0.339776+0.854651j,0.059598+2.316336j,-0.144896-2.380061j,7.785000
-0.341156+0.854213j,0.059244+2.317496j,-0.144831-2.380781j,7.792405
-0.342536+0.853772j,0.058890+2.318657j,-0.144767-2.381501j,7.799813
-0.343915+0.853329j,0.058537+2.319819j,-0.144702-2.382221j,7.807224
-0.345294+0.852883j,0.058185+2.320982j,-0.144637-2.382942j,7.814637
-0.346672+0.852436j,0.057832+2.322147j,-0.144573-2.383662j,7.822054
-0.348050+0.851986j,0.057481+2.323313j,-0.144508-2.384382j,7.829474
-0.349427+0.851534j,0.057130+2.324479j,-0.144444-2.385103j,7.836896
-0.350803+0.851079j,0.056779+2.325647j,-0.144380-2.385823j,7.844321
-0.352179+0.850623j,0.056429+2.326817j,-0.144315-2.386543j,7.851750
-0.353554+0.850164j,0.056079+2.327987j,-0.144251-2.387264j,7.859181
-0.354929+0.849703j,0.055730+2.329158j,-0.144187-2.387984j,7.866615
-0.356303+0.849240j,0.055381+2.330331j,-0.144123-2.388705j,7.874052
-0.357677+0.848775j,0.055033+2.331504j,-0.144059-2.389426j,7.881493
-0.359050+0.848307j,0.054685+2.332679j,-0.143995-2.390146j,7.888936
-0.360422+0.847838j,0.054337+2.333855j,-0.143931-2.390867j,7.896382
-0.361794+0.847366j,0.053991+2.335032j,-0.143867-2.391587j,7.903831
-0.363166+0.846892j,0.053644+2.336210j,-0.143803-2.392308j,7.911283
-0.364536+0.846415j,0.053298+2.337389j,-0.143739-2.393029j,7.918738
-0.365906+0.845937j,0.052953+2.338569j,-0.143675-2.393750j,7.926196
-0.367276+0.845456j,0.052608+2.339751j,-0.143611-2.394470j,7.933657
-0.368645+0.844973j,0.052264+2.340933j,-0.143548-2.395191j,7.941120
-0.370013+0.844488j,0.051920+2.342117j,-0.143484-2.395912j,7.948587
-0.371381+0.844000j,0.051576+2.343301j,-0.143421-2.396633j,7.956057
-0.372748+0.843511j,0.051233+2.344487j,-0.143357-2.397354j,7.963530
-0.374114+0.843019j,0.050891+2.345674j,-0.143293-2.398075j,7.971005
-0.375480+0.842525j,0.050549+2.346862j,-0.143230-2.398796j,7.978484
-0.376845+0.842029j,0.050208+2.348050j,-0.143167-2.399517j,7.985966
-0.378210+0.841531j,0.049867+2.349240j,-0.143103-2.400238j,7.993451
-0.379574+0.841030j,0.049526+2.350431j,-0.143040-2.400959j,8.000938
-0.380937+0.840527j,0.049186+2.351623j,-0.142977-2.401680j,8.008429
-0.382300+0.840022j,0.048847+2.352817j,-0.142913-2.402401j,8.015922
-0.383662+0.839515j,0.048508+2.354011j,-0.142850-2.403122j,8.023419
-0.385023+0.839006j,0.048169+2.355206j,-0.142787-2.403844j,8.030919
-0.386384+0.838494j,0.047831+2.356402j,-0.142724-2.404565j,8.038421
-0.387744+0.837980j,0.047494+2.357599j,-0.142661-2.405286j,8.045927
-0.389103+0.837464j,0.047157+2.358798j,-0.142598-2.406008j,8.053435
-0.390462+0.836946j,0.046820+2.359997j,-0.142535-2.406729j,8.060947
-0.391820+0.836426j,0.046484+2.361197j,-0.142472-2.407450j,8.068462
-0.393178+0.835903j,0.046149+2.362399j,-0.142409-2.408172j,8.075979
-0.394535+0.835379j,0.045814+2.363601j,-0.142347-2.408893j,8.083500
-0.395891+0.834852j,0.045479+2.364805j,-0.142284-2.409615j,8.091023
-0.397246+0.834323j,0.045145+2.366009j,-0.142221-2.410336j,8.098550
-0.398601+0.833791j,0.044812+2.367214j,-0.142158-2.411058j,8.106079
-0.399955+0.833258j,0.044479+2.368421j,-0.142096-2.411779j,8.113612
-0.401308+0.832722j,0.044146+2.369628j,-0.142033-2.412501j,8.121148
-0.402661+0.832184j,0.043814+2.370837j,-0.141971-2.413222j,8.128686
-0.404013+0.831644j,0.043483+2.372046j,-0.141908-2.413944j,8.136228
-0.405364+0.831102j,0.043152+2.373256j,-0.141846-2.414666j,8.143773
-0.406715+0.830558j,0.042821+2.374468j,-0.141784-2.415387j,8.151320
-0.408065+0.830011j,0.042491+2.375680j,-0.141721-2.416109j,8.158871
-0.409414+0.829463j,0.042162+2.376894j,-0.141659-2.416831j,8.166425
-0.410762+0.828912j,0.041833+2.378108j,-0.141597-2.417553j,8.173981
-0.412110+0.828358j,0.041504+2.379323j,-0.141534-2.418274j,8.181541
-0.413457+0.827803j,0.041176+2.380539j,-0.141472-2.418996j,8.189104
-0.414803+0.827246j,0.040849+2.381757j,-0.141410-2.419718j,8.196670
-0.416149+0.826686j,0.040522+2.382975j,-0.141348-2.420440j,8.204239
-0.417494+0.826124j,0.040195+2.384194j,-0.141286-2.421162j,8.211810
-0.418838+0.825560j,0.039869+2.385414j,-0.141224-2.421884j,8.219385
-0.420181+0.824994j,0.039544+2.386635j,-0.141162-2.422606j,8.226963
-0.421524+0.824426j,0.039219+2.387857j,-0.141100-2.423328j,8.234544
-0.422866+0.823855j,0.038894+2.389080j,-0.141039-2.424050j,8.242128
-0.424207+0.823283j,0.038570+2.390304j,-0.140977-2.424772j,8.249715
-0.425547+0.822708j,0.038247+2.391529j,-0.140915-2.425494j,8.257305
-0.426887+0.822131j,0.037924+2.392754j,-0.140853-2.426216j,8.264899
-0.428226+0.821551j,0.037601+2.393981j,-0.140792-2.426939j,8.272495
-0.429564+0.820970j,0.037279+2.395208j,-0.140730-2.427661j,8.280094
-0.430901+0.820387j,0.036958+2.396437j,-0.140668-2.428383j,8.287696
-0.432238+0.819801j,0.036637+2.397666j,-0.140607-2.429105j,8.295302
-0.433574+0.819213j,0.036317+2.398897j,-0.140545-2.429828j,8.302910
-0.434909+0.818623j,0.035997+2.400128j,-0.140484-2.430550j,8.310521
-0.436243+0.818031j,0.035677+2.401360j,-0.140423-2.431272j,8.318136
-0.437577+0.817436j,0.035358+2.402593j,-0.140361-2.431995j,8.325753
-0.438909+0.816840j,0.035040+2.403827j,-0.140300-2.432717j,8.333374
-0.440241+0.816241j,0.034722+2.405062j,-0.140239-2.433440j,8.340998
-0.441572+0.815640j,0.034404+2.406298j,-0.140178-2.434162j,8.348624
-0.442903+0.815037j,0.034087+2.407534j,-0.140116-2.434885j,8.356254
-0.444232+0.814432j,0.033771+2.408772j,-0.140055-2.435607j,8.363887
-0.445561+0.813825j,0.033455+2.410010j,-0.139994-2.436330j,8.371523
-0.446889+0.813216j,0.033140+2.411249j,-0.139933-2.437052j,8.379162
-0.448216+0.812604j,0.032825+2.412490j,-0.139872-2.437775j,8.386804
-0.449542+0.811990j,0.032510+2.413731j,-0.139811-2.438497j,8.394449
-0.450868+0.811374j,0.032196+2.414972j,-0.139750-2.439220j,8.402097
-0.452192+0.810756j,0.031883+2.416215j,-0.139689-2.439943j,8.409748
-0.453516+0.810136j,0.031570+2.417459j,-0.139629-2.440666j,8.417403
-0.454839+0.809514j,0.031257+2.418703j,-0.139568-2.441388j,8.425060
-0.456161+0.808889j,0.030946+2.419949j,-0.139507-2.442111j,8.432721
-0.457483+0.808262j,0.030634+2.421195j,-0.139446-2.442834j,8.440384
-0.458803+0.807634j,0.030323+2.422442j,-0.139386-2.443557j,8.448051
-0.460123+0.807003j,0.030013+2.423690j,-0.139325-2.444280j,8.455720
-0.461442+0.806370j,0.029703+2.424939j,-0.139265-2.445003j,8.463393
-0.462760+0.805734j,0.029393+2.426188j,-0.139204-2.445725j,8.471069
-0.464077+0.805097j,0.029085+2.427439j,-0.139144-2.446448j,8.478748
-0.465393+0.804458j,0.028776+2.428690j,-0.139083-2.447171j,8.486430
-0.466708+0.803816j,0.028468+2.429942j,-0.139023-2.447894j,8.494115
-0.468023+0.803172j,0.028161+2.431195j,-0.138962-2.448617j,8.501804
-0.469337+0.802526j,0.027854+2.432448j,-0.138902-2.449341j,8.509495
-0.470649+0.801878j,0.027547+2.433703j,-0.138842-2.450064j,8.517189
-0.471961+0.801228j,0.027242+2.434958j,-0.138782-2.450787j,8.524887
-0.473272+0.800576j,0.026936+2.436215j,-0.138721-2.451510j,8.532587
-0.474583+0.799921j,0.026631+2.437472j,-0.138661-2.452233j,8.540291
-0.475892+0.799265j,0.026327+2.438729j,-0.138601-2.452956j,8.547998
-0.477200+0.798606j,0.026023+2.439988j,-0.138541-2.453679j,8.555708
-0.478508+0.797945j,0.025719+2.441247j,-0.138481-2.454403j,8.563421
-0.479814+0.797282j,0.025416+2.442508j,-0.138421-2.455126j,8.571137
-0.481120+0.796617j,0.025114+2.443769j,-0.138361-2.455849j,8.578856
-0.482425+0.795950j,0.024812+2.445030j,-0.138301-2.456573j,8.586578
-0.483729+0.795280j,0.024511+2.446293j,-0.138241-2.457296j,8.594304
-0.485032+0.794609j,0.024210+2.447556j,-0.138182-2.458019j,8.602032
-0.486334+0.793935j,0.023909+2.448820j,-0.138122-2.458743j,8.609764
-0.487635+0.793260j,0.023609+2.450085j,-0.138062-2.459466j,8.617499
-0.488935+0.792582j,0.023310+2.451351j,-0.138002-2.460190j,8.625236
-0.490235+0.791902j,0.023011+2.452618j,-0.137943-2.460913j,8.632977
-0.491533+0.791220j,0.022712+2.453885j,-0.137883-2.461637j,8.640721
-0.492831+0.790535j,0.022414+2.455153j,-0.137824-2.462360j,8.648469
-0.494127+0.789849j,0.022117+2.456422j,-0.137764-2.463084j,8.656219
-0.495423+0.789161j,0.021820+2.457691j,-0.137705-2.463808j,8.663972
-0.496718+0.788470j,0.021523+2.458962j,-0.137645-2.464531j,8.671729
-0.498012+0.787778j,0.021227+2.460233j,-0.137586-2.465255j,8.679489
-0.499304+0.787083j,0.020932+2.461504j,-0.137526-2.465978j,8.687251
-0.500596+0.786386j,0.020637+2.462777j,-0.137467-2.466702j,8.695017
-0.501887+0.785687j,0.020342+2.464050j,-0.137408-2.467426j,8.702786
-0.503177+0.784986j,0.020048+2.465324j,-0.137349-2.468150j,8.710559
-0.504466+0.784283j,0.019755+2.466599j,-0.137289-2.468873j,8.718334
-0.505754+0.783578j,0.019462+2.467875j,-0.137230-2.469597j,8.726112
-0.507041+0.782870j,0.019169+2.469151j,-0.137171-2.470321j,8.733894
-0.508327+0.782161j,0.018877+2.470428j,-0.137112-2.471045j,8.741679
-0.509613+0.781449j,0.018585+2.471706j,-0.137053-2.471769j,8.749466
-0.510897+0.780736j,0.018294+2.472984j,-0.136994-2.472493j,8.757257
-0.512180+0.780020j,0.018003+2.474263j,-0.136935-2.473217j,8.765051
-0.513462+0.779302j,0.017713+2.475543j,-0.136876-2.473941j,8.772849
-0.514743+0.778582j,0.017424+2.476824j,-0.136817-2.474665j,8.780649
-0.516024+0.777860j,0.017134+2.478105j,-0.136758-2.475389j,8.788452
-0.517303+0.777136j,0.016846+2.479387j,-0.136700-2.476113j,8.796259
-0.518581+0.776410j,0.016557+2.480670j,-0.136641-2.476837j,8.804069
-0.519858+0.775681j,0.016270+2.481954j,-0.136582-2.477561j,8.811882
-0.521135+0.774951j,0.015982+2.483238j,-0.136523-2.478285j,8.819698
-0.522410+0.774218j,0.015696+2.484523j,-0.136465-2.479009j,8.827517
-0.523684+0.773484j,0.015409+2.485808j,-0.136406-2.479733j,8.835339
-0.524957+0.772747j,0.015124+2.487095j,-0.136347-2.480458j,8.843165
-0.526230+0.772008j,0.014838+2.488382j,-0.136289-2.481182j,8.850994
-0.527501+0.771268j,0.014553+2.489669j,-0.136230-2.481906j,8.858825
-0.528771+0.770525j,0.014269+2.490958j,-0.136172-2.482630j,8.866660
-0.530040+0.769780j,0.013985+2.492247j,-0.136114-2.483355j,8.874499
-0.531308+0.769033j,0.013702+2.493536j,-0.136055-2.484079j,8.882340
-0.532575+0.768283j,0.013419+2.494827j,-0.135997-2.484803j,8.890184
-0.533841+0.767532j,0.013136+2.496118j,-0.135938-2.485528j,8.898032
-0.535106+0.766779j,0.012854+2.497410j,-0.135880-2.486252j,8.905883
-0.536370+0.766024j,0.012573+2.498702j,-0.135822-2.486976j,8.913736
-0.537633+0.765266j,0.012292+2.499995j,-0.135764-2.487701j,8.921593
-0.538895+0.764507j,0.012011+2.501289j,-0.135706-2.488425j,8.929454
-0.540156+0.763745j,0.011731+2.502583j,-0.135647-2.489150j,8.937317
-0.541416+0.762982j,0.011451+2.503878j,-0.135589-2.489874j,8.945184
-0.542674+0.762216j,0.011172+2.505174j,-0.135531-2.490599j,8.953053
-0.543932+0.761448j,0.010894+2.506470j,-0.135473-2.491323j,8.960926
-0.545189+0.760678j,0.010615+2.507768j,-0.135415-2.492048j,8.968802
-0.546444+0.759906j,0.010338+2.509065j,-0.135357-2.492773j,8.976681
-0.547698+0.759133j,0.010060+2.510364j,-0.135300-2.493497j,8.984564
-0.548952+0.758357j,0.009783+2.511663j,-0.135242-2.494222j,8.992449
-0.550204+0.757579j,0.009507+2.512962j,-0.135184-2.494947j,9.000338
-0.551455+0.756798j,0.009231+2.514262j,-0.135126-2.495671j,9.008230
-0.552705+0.756016j,0.008956+2.515563j,-0.135068-2.496396j,9.016125
-0.553954+0.755232j,0.008681+2.516865j,-0.135011-2.497121j,9.024023
-0.555202+0.754446j,0.008406+2.518167j,-0.134953-2.497846j,9.031925
-0.556449+0.753658j,0.008132+2.519470j,-0.134895-2.498570j,9.039829
-0.557695+0.752867j,0.007859+2.520773j,-0.134838-2.499295j,9.047737
-0.558939+0.752075j,0.007586+2.522077j,-0.134780-2.500020j,9.055648
-0.560183+0.751281j,0.007313+2.523382j,-0.134723-2.500745j,9.063562
-0.561425+0.750484j,0.007041+2.524687j,-0.134665-2.501470j,9.071479
-0.562667+0.749686j,0.006769+2.525993j,-0.134608-2.502195j,9.079400
-0.563907+0.748885j,0.006498+2.527300j,-0.134550-2.502920j,9.087323
-0.565146+0.748082j,0.006227+2.528607j,-0.134493-2.503645j,9.095250
-0.566384+0.747278j,0.005957+2.529915j,-0.134435-2.504370j,9.103180
-0.567621+0.746471j,0.005687+2.531223j,-0.134378-2.505095j,9.111113
-0.568856+0.745663j,0.005418+2.532532j,-0.134321-2.505820j,9.119050
-0.570091+0.744852j,0.005149+2.533842j,-0.134264-2.506545j,9.126989
-0.571324+0.744039j,0.004880+2.535152j,-0.134206-2.507270j,9.134932
-0.572557+0.743224j,0.004612+2.536463j,-0.134149-2.507995j,9.142878
-0.573788+0.742408j,0.004345+2.537774j,-0.134092-2.508720j,9.150827
-0.575018+0.741589j,0.004077+2.539086j,-0.134035-2.509445j,9.158780
-0.576246+0.740768j,0.003811+2.540398j,-0.133978-2.510170j,9.166735
-0.577474+0.739945j,0.003545+2.541712j,-0.133921-2.510896j,9.174694
-0.578701+0.739120j,0.003279+2.543025j,-0.133864-2.511621j,9.182656
-0.579926+0.738293j,0.003013+2.544340j,-0.133807-2.512346j,9.190621
-0.581150+0.737464j,0.002749+2.545654j,-0.133750-2.513071j,9.198589
-0.582373+0.736633j,0.002484+2.546970j,-0.133693-2.513797j,9.206561
-0.583595+0.735800j,0.002220+2.548286j,-0.133636-2.514522j,9.214536
-0.584816+0.734965j,0.001957+2.549602j,-0.133580-2.515247j,9.222514
-0.586035+0.734129j,0.001694+2.550920j,-0.133523-2.515973j,9.230495
-0.587254+0.733290j,0.001431+2.552237j,-0.133466-2.516698j,9.238479
-0.588471+0.732449j,0.001169+2.553556j,-0.133409-2.517423j,9.246467
-0.589687+0.731606j,0.000907+2.554875j,-0.133353-2.518149j,9.254457
-0.590902+0.730761j,0.000646+2.556194j,-0.133296-2.518874j,9.262451
-0.592115+0.729914j,0.000385+2.557514j,-0.133239-2.519600j,9.270449
-0.593328+0.729065j,0.000124+2.558835j,-0.133183-2.520325j,9.278449
-0.594539+0.728214j,-0.000136+2.560156j,-0.133126-2.521051j,9.286452
-0.595749+0.727361j,-0.000395+2.561477j,-0.133070-2.521776j,9.294459
-0.596958+0.726506j,-0.000654+2.562800j,-0.133013-2.522502j,9.302469
-0.598165+0.725649j,-0.000913+2.564122j,-0.132957-2.523227j,9.310482
-0.599371+0.724790j,-0.001171+2.565446j,-0.132900-2.523953j,9.318499
-0.600577+0.723929j,-0.001429+2.566769j,-0.132844-2.524679j,9.326519
-0.601781+0.723066j,-0.001686+2.568094j,-0.132788-2.525404j,9.334541
-0.602983+0.722201j,-0.001943+2.569419j,-0.132731-2.526130j,9.342567
-0.604185+0.721334j,-0.002200+2.570744j,-0.132675-2.526856j,9.350597
-0.605385+0.720465j,-0.002456+2.572070j,-0.132619-2.527581j,9.358629
-0.606584+0.719594j,-0.002711+2.573397j,-0.132563-2.528307j,9.366665
-0.607782+0.718721j,-0.002967+2.574724j,-0.132506-2.529033j,9.374704
-0.608978+0.717846j,-0.003221+2.576051j,-0.132450-2.529759j,9.382746
-0.610174+0.716970j,-0.003476+2.577380j,-0.132394-2.530484j,9.390791
-0.611368+0.716091j,-0.003730+2.578708j,-0.132338-2.531210j,9.398840
-0.612561+0.715210j,-0.003983+2.580037j,-0.132282-2.531936j,9.406892
-0.613752+0.714327j,-0.004236+2.581367j,-0.132226-2.532662j,9.414947
-0.614942+0.713443j,-0.004489+2.582697j,-0.132170-2.533388j,9.423005
-0.616131+0.712556j,-0.004741+2.584028j,-0.132114-2.534114j,9.431067
-0.617319+0.711667j,-0.004993+2.585359j,-0.132058-2.534840j,9.439131
-0.618506+0.710777j,-0.005244+2.586691j,-0.132002-2.535566j,9.447199
-0.619691+0.709884j,-0.005495+2.588023j,-0.131947-2.536292j,9.455270
-0.620875+0.708989j,-0.005745+2.589356j,-0.131891-2.537018j,9.463345
-0.622058+0.708093j,-0.005996+2.590689j,-0.131835-2.537744j,9.471422
-0.623239+0.707194j,-0.006245+2.592023j,-0.131779-2.538470j,9.479503
-0.624419+0.706294j,-0.006494+2.593357j,-0.131724-2.539196j,9.487587
-0.625598+0.705392j,-0.006743+2.594692j,-0.131668-2.539922j,9.495675
-0.626776+0.704487j,-0.006992+2.596027j,-0.131612-2.540648j,9.503765
-0.627952+0.703581j,-0.007240+2.597363j,-0.131557-2.541374j,9.511859
-0.629127+0.702673j,-0.007487+2.598699j,-0.131501-2.542100j,9.519956
-0.630301+0.701763j,-0.007734+2.600036j,-0.131445-2.542826j,9.528056
-0.631473+0.700851j,-0.007981+2.601373j,-0.131390-2.543552j,9.536160
-0.632644+0.699937j,-0.008227+2.602711j,-0.131334-2.544279j,9.544267
-0.633814+0.699021j,-0.008473+2.604049j,-0.131279-2.545005j,9.552376
-0.634983+0.698103j,-0.008719+2.605388j,-0.131224-2.545731j,9.560490
-0.636150+0.697183j,-0.008964+2.606727j,-0.131168-2.546457j,9.568606
-0.637316+0.696261j,-0.009209+2.608067j,-0.131113-2.547184j,9.576726
-0.638480+0.695337j,-0.009453+2.609407j,-0.131058-2.547910j,9.584849
-0.639643+0.694412j,-0.009697+2.610748j,-0.131002-2.548636j,9.592975
-0.640805+0.693484j,-0.009940+2.612089j,-0.130947-2.549363j,9.601104
-0.641966+0.692554j,-0.010183+2.613430j,-0.130892-2.550089j,9.609237
-0.643125+0.691623j,-0.010426+2.614772j,-0.130837-2.550815j,9.617373
-0.644283+0.690690j,-0.010668+2.616115j,-0.130781-2.551542j,9.625512
-0.645440+0.689754j,-0.010910+2.617458j,-0.130726-2.552268j,9.633654
-0.646595+0.688817j,-0.011151+2.618801j,-0.130671-2.552995j,9.641800
-0.647749+0.687878j,-0.011392+2.620145j,-0.130616-2.553721j,9.649949
-0.648901+0.686937j,-0.011633+2.621489j,-0.130561-2.554448j,9.658101
-0.650053+0.685994j,-0.011873+2.622834j,-0.130506-2.555174j,9.666257
-0.651202+0.685049j,-0.012113+2.624179j,-0.130451-2.555901j,9.674415
-0.652351+0.684102j,-0.012353+2.625525j,-0.130396-2.556627j,9.682577
-0.653498+0.683154j,-0.012592+2.626871j,-0.130341-2.557354j,9.690742
-0.654644+0.682203j,-0.012830+2.628218j,-0.130286-2.558080j,9.698911
-0.655788+0.681250j,-0.013068+2.629565j,-0.130231-2.558807j,9.707082
-0.656931+0.680296j,-0.013306+2.630912j,-0.130177-2.559533j,9.715257
-0.658073+0.679340j,-0.013544+2.632260j,-0.130122-2.560260j,9.723435
-0.659213+0.678381j,-0.013781+2.633609j,-0.130067-2.560987j,9.731617
-0.660352+0.677421j,-0.014017+2.634957j,-0.130012-2.561713j,9.739802
-0.661490+0.676459j,-0.014254+2.636307j,-0.129957-2.562440j,9.747989
-0.662626+0.675495j,-0.014490+2.637656j,-0.129903-2.563167j,9.756181
-0.663760+0.674530j,-0.014725+2.639006j,-0.129848-2.563894j,9.764375
-0.664894+0.673562j,-0.014960+2.640357j,-0.129794-2.564620j,9.772573
-0.666026+0.672592j,-0.015195+2.641708j,-0.129739-2.565347j,9.780774
-0.667156+0.671621j,-0.015429+2.643059j,-0.129684-2.566074j,9.788978
-0.668285+0.670647j,-0.015663+2.644411j,-0.129630-2.566801j,9.797186
-0.669413+0.669672j,-0.015897+2.645764j,-0.129575-2.567527j,9.805396
-0.670540+0.668695j,-0.016130+2.647116j,-0.129521-2.568254j,9.813610
-0.671664+0.667716j,-0.016363+2.648469j,-0.129466-2.568981j,9.821828
-0.672788+0.666735j,-0.016595+2.649823j,-0.129412-2.569708j,9.830048
-0.673910+0.665753j,-0.016827+2.651177j,-0.129358-2.570435j,9.838272
-0.675031+0.664768j,-0.017059+2.652531j,-0.129303-2.571162j,9.846499
-0.676150+0.663781j,-0.017290+2.653886j,-0.129249-2.571889j,9.854729
-0.677268+0.662793j,-0.017521+2.655241j,-0.129195-2.572616j,9.862963
-0.678384+0.661803j,-0.017752+2.656597j,-0.129140-2.573343j,9.871200
-0.679499+0.660811j,-0.017982+2.657953j,-0.129086-2.574070j,9.879440
-0.680613+0.659817j,-0.018211+2.659310j,-0.129032-2.574797j,9.887684
-0.681725+0.658821j,-0.018441+2.660666j,-0.128978-2.575524j,9.895930
-0.682836+0.657823j,-0.018670+2.662024j,-0.128924-2.576251j,9.904180
-0.683945+0.656824j,-0.018898+2.663381j,-0.128869-2.576978j,9.912434
-0.685053+0.655823j,-0.019127+2.664739j,-0.128815-2.577705j,9.920690
-0.686159+0.654819j,-0.019355+2.666098j,-0.128761-2.578432j,9.928950
-0.687264+0.653814j,-0.019582+2.667457j,-0.128707-2.579159j,9.937213
-0.688367+0.652807j,-0.019809+2.668816j,-0.128653-2.579886j,9.945479
-0.689469+0.651799j,-0.020036+2.670176j,-0.128599-2.580614j,9.953749
-0.690570+0.650788j,-0.020263+2.671536j,-0.128545-2.581341j,9.962022
-0.691669+0.649775j,-0.020489+2.672896j,-0.128491-2.582068j,9.970298
-0.692766+0.648761j,-0.020714+2.674257j,-0.128438-2.582795j,9.978577
-0.693863+0.647745j,-0.020940+2.675618j,-0.128384-2.583522j,9.986860
-0.694957+0.646727j,-0.021165+2.676980j,-0.128330-2.584250j,9.995146
-0.696050+0.645707j,-0.021389+2.678342j,-0.128276-2.584977j,10.003435
-0.697142+0.644686j,-0.021613+2.679704j,-0.128222-2.585704j,10.011728
-0.698232+0.643662j,-0.021837+2.681067j,-0.128168-2.586432j,10.020024
-0.699321+0.642637j,-0.022061+2.682430j,-0.128115-2.587159j,10.028323
-0.700408+0.641610j,-0.022284+2.683794j,-0.128061-2.587886j,10.036625
-0.701494+0.640581j,-0.022507+2.685158j,-0.128007-2.588614j,10.044931
-0.702578+0.639550j,-0.022729+2.686522j,-0.127954-2.589341j,10.053240
-0.703661+0.638518j,-0.022951+2.687887j,-0.127900-2.590068j,10.061552
-0.704742+0.637483j,-0.023173+2.689252j,-0.127847-2.590796j,10.069868
-0.705822+0.636447j,-0.023394+2.690617j,-0.127793-2.591523j,10.078187
-0.706900+0.635409j,-0.023615+2.691983j,-0.127739-2.592251j,10.086509
-0.707977+0.634369j,-0.023836+2.693349j,-0.127686-2.592978j,10.094834
-0.709052+0.633328j,-0.024056+2.694716j,-0.127632-2.593706j,10.103163
-0.710125+0.632284j,-0.024276+2.696082j,-0.127579-2.594433j,10.111495
-0.711198+0.631239j,-0.024496+2.697450j,-0.127526-2.595161j,10.119830
-0.712268+0.630192j,-0.024715+2.698817j,-0.127472-2.595888j,10.128169
-0.713337+0.629143j,-0.024934+2.700185j,-0.127419-2.596616j,10.136511
-0.714405+0.628093j,-0.025153+2.701554j,-0.127365-2.597343j,10.144856
-0.715471+0.627040j,-0.025371+2.702922j,-0.127312-2.598071j,10.153204
-0.716535+0.625986j,-0.025589+2.704291j,-0.127259-2.598798j,10.161556
-0.717598+0.624930j,-0.025806+2.705661j,-0.127206-2.599526j,10.169911
-0.718660+0.623872j,-0.026024+2.707031j,-0.127152-2.600254j,10.178270
-0.719720+0.622813j,-0.026240+2.708401j,-0.127099-2.600981j,10.186631
-0.720778+0.621751j,-0.026457+2.709771j,-0.127046-2.601709j,10.194996
-0.721835+0.620688j,-0.026673+2.711142j,-0.126993-2.602437j,10.203364
-0.722890+0.619623j,-0.026889+2.712513j,-0.126940-2.603164j,10.211736
-0.723944+0.618557j,-0.027104+2.713885j,-0.126887-2.603892j,10.220111
-0.724996+0.617488j,-0.027320+2.715256j,-0.126833-2.604620j,10.228489
-0.726046+0.616418j,-0.027534+2.716629j,-0.126780-2.605348j,10.236870
-0.727095+0.615346j,-0.027749+2.718001j,-0.126727-2.606075j,10.245255
-0.728143+0.614272j,-0.027963+2.719374j,-0.126674-2.606803j,10.253643
-0.729189+0.613197j,-0.028177+2.720747j,-0.126621-2.607531j,10.262034
-0.730233+0.612119j,-0.028390+2.722121j,-0.126568-2.608259j,10.270429
-0.731276+0.611040j,-0.028603+2.723495j,-0.126516-2.608987j,10.278827
-0.732317+0.609960j,-0.028816+2.724869j,-0.126463-2.609714j,10.287228
-0.733356+0.608877j,-0.029029+2.726243j,-0.126410-2.610442j,10.295632
-0.734394+0.607793j,-0.029241+2.727618j,-0.126357-2.611170j,10.304040
-0.735431+0.606707j,-0.029453+2.728993j,-0.126304-2.611898j,10.312451
-0.736465+0.605619j,-0.029664+2.730369j,-0.126251-2.612626j,10.320866
-0.737499+0.604529j,-0.029875+2.731745j,-0.126198-2.613354j,10.329283
-0.738530+0.603438j,-0.030086+2.733121j,-0.126146-2.614082j,10.337705
-0.739560+0.602345j,-0.030297+2.734498j,-0.126093-2.614810j,10.346129
-0.740588+0.601250j,-0.030507+2.735874j,-0.126040-2.615538j,10.354556
-0.741615+0.600154j,-0.030717+2.737252j,-0.125988-2.616266j,10.362987
-0.742640+0.599055j,-0.030926+2.738629j,-0.125935-2.616994j,10.371422
-0.743664+0.597955j,-0.031136+2.740007j,-0.125882-2.617722j,10.379859
-0.744686+0.596854j,-0.031344+2.741385j,-0.125830-2.618450j,10.388300
-0.745706+0.595750j,-0.031553+2.742763j,-0.125777-2.619178j,10.396744
-0.746725+0.594645j,-0.031761+2.744142j,-0.125725-2.619906j,10.405192
-0.747742+0.593538j,-0.031969+2.745521j,-0.125672-2.620634j,10.413643
-0.748758+0.592429j,-0.032177+2.746901j,-0.125620-2.621362j,10.422097
-0.749771+0.591319j,-0.032384+2.748280j,-0.125567-2.622090j,10.430554
-0.750784+0.590207j,-0.032591+2.749660j,-0.125515-2.622819j,10.439015
-0.751794+0.589093j,-0.032798+2.751041j,-0.125462-2.623547j,10.447479
-0.752803+0.587978j,-0.033004+2.752421j,-0.125410-2.624275j,10.455946
-0.753810+0.586861j,-0.033210+2.753802j,-0.125358-2.625003j,10.464417
-0.754816+0.585742j,-0.033416+2.755184j,-0.125305-2.625731j,10.472891
-0.755820+0.584621j,-0.033622+2.756565j,-0.125253-2.626460j,10.481368
-0.756822+0.583499j,-0.033827+2.757947j,-0.125201-2.627188j,10.489849
-0.757823+0.582375j,-0.034031+2.759329j,-0.125148-2.627916j,10.498333
-0.758822+0.581249j,-0.034236+2.760711j,-0.125096-2.628644j,10.506820
-0.759820+0.580122j,-0.034440+2.762094j,-0.125044-2.629373j,10.515311
-0.760815+0.578993j,-0.034644+2.763477j,-0.124992-2.630101j,10.523804
-0.761809+0.577862j,-0.034848+2.764861j,-0.124939-2.630829j,10.532302
-0.762802+0.576729j,-0.035051+2.766244j,-0.124887-2.631558j,10.540802
-0.763792+0.575595j,-0.035254+2.767628j,-0.124835-2.632286j,10.549306
-0.764781+0.574459j,-0.035457+2.769012j,-0.124783-2.633014j,10.557813
-0.765769+0.573322j,-0.035659+2.770397j,-0.124731-2.633743j,10.566324
-0.766755+0.572183j,-0.035861+2.771782j,-0.124679-2.634471j,10.574837
-0.767739+0.571042j,-0.036063+2.773167j,-0.124627-2.635199j,10.583355
-0.768721+0.569899j,-0.036264+2.774552j,-0.124575-2.635928j,10.591875
-0.769702+0.568755j,-0.036466+2.775938j,-0.124523-2.636656j,10.600399
-0.770681+0.567609j,-0.036666+2.777324j,-0.124471-2.637385j,10.608926
-0.771658+0.566462j,-0.036867+2.778710j,-0.124419-2.638113j,10.617456
-0.772633+0.565313j,-0.037067+2.780097j,-0.124367-2.638842j,10.625990
-0.773607+0.564162j,-0.037267+2.781483j,-0.124315-2.639570j,10.634527
-0.774580+0.563009j,-0.037467+2.782870j,-0.124263-2.640299j,10.643067
-0.775550+0.561855j,-0.037667+2.784258j,-0.124211-2.641027j,10.651611
-0.776519+0.560699j,-0.037866+2.785645j,-0.124159-2.641756j,10.660158
-0.777486+0.559542j,-0.038064+2.787033j,-0.124108-2.642484j,10.668709
-0.778451+0.558383j,-0.038263+2.788421j,-0.124056-2.643213j,10.677262
-0.779415+0.557222j,-0.038461+2.789810j,-0.124004-2.643941j,10.685819
-0.780377+0.556060j,-0.038659+2.791199j,-0.123952-2.644670j,10.694380
-0.781337+0.554895j,-0.038857+2.792588j,-0.123901-2.645398j,10.702943
-0.782296+0.553730j,-0.039054+2.793977j,-0.123849-2.646127j,10.711510
-0.783252+0.552562j,-0.039251+2.795366j,-0.123797-2.646856j,10.720081
-0.784207+0.551393j,-0.039448+2.796756j,-0.123746-2.647584j,10.728654
-0.785161+0.550223j,-0.039645+2.798146j,-0.123694-2.648313j,10.737231
-0.786112+0.549051j,-0.039841+2.799537j,-0.123642-2.649042j,10.745811
-0.787062+0.547877j,-0.040037+2.800927j,-0.123591-2.649770j,10.754395
-0.788010+0.546701j,-0.040233+2.802318j,-0.123539-2.650499j,10.762982
-0.788957+0.545524j,-0.040428+2.803709j,-0.123488-2.651228j,10.771572
-0.789901+0.544346j,-0.040623+2.805101j,-0.123436-2.651957j,10.780166
-0.790844+0.543165j,-0.040818+2.806492j,-0.123385-2.652685j,10.788763
-0.791785+0.541983j,-0.041013+2.807884j,-0.123333-2.653414j,10.797363
-0.792725+0.540800j,-0.041207+2.809277j,-0.123282-2.654143j,10.805967
-0.793662+0.539615j,-0.041401+2.810669j,-0.123230-2.654872j,10.814574
-0.794598+0.538428j,-0.041595+2.812062j,-0.123179-2.655600j,10.823184
-0.795532+0.537240j,-0.041788+2.813455j,-0.123128-2.656329j,10.831798
-0.796464+0.536050j,-0.041982+2.814848j,-0.123076-2.657058j,10.840415
-0.797395+0.534858j,-0.042174+2.816241j,-0.123025-2.657787j,10.849035
-0.798324+0.533665j,-0.042367+2.817635j,-0.122973-2.658516j,10.857659
-0.799251+0.532470j,-0.042560+2.819029j,-0.122922-2.659245j,10.866286
-0.800176+0.531274j,-0.042752+2.820423j,-0.122871-2.659974j,10.874916
-0.801100+0.530076j,-0.042943+2.821818j,-0.122820-2.660702j,10.883550
-0.802021+0.528877j,-0.043135+2.823212j,-0.122768-2.661431j,10.892187
-0.802941+0.527676j,-0.043326+2.824607j,-0.122717-2.662160j,10.900827
-0.803859+0.526473j,-0.043517+2.826002j,-0.122666-2.662889j,10.909471
-0.804776+0.525269j,-0.043708+2.827398j,-0.122615-2.663618j,10.918118
-0.805690+0.524063j,-0.043899+2.828794j,-0.122564-2.664347j,10.926768
-0.806603+0.522855j,-0.044089+2.830189j,-0.122512-2.665076j,10.935422
-0.807514+0.521647j,-0.044279+2.831586j,-0.122461-2.665805j,10.944079
-0.808423+0.520436j,-0.044469+2.832982j,-0.122410-2.666534j,10.952739
-0.809331+0.519224j,-0.044658+2.834379j,-0.122359-2.667263j,10.961403
-0.810236+0.518010j,-0.044847+2.835776j,-0.122308-2.667992j,10.970070
-0.811140+0.516795j,-0.045036+2.837173j,-0.122257-2.668721j,10.978740
-0.812042+0.515578j,-0.045225+2.838570j,-0.122206-2.669450j,10.987414
-0.812942+0.514360j,-0.045414+2.839968j,-0.122155-2.670179j,10.996091
-0.813840+0.513140j,-0.045602+2.841365j,-0.122104-2.670908j,11.004772
-0.814737+0.511919j,-0.045790+2.842763j,-0.122053-2.671637j,11.013455
-0.815632+0.510696j,-0.045977+2.844162j,-0.122002-2.672367j,11.022142
-0.816524+0.509472j,-0.046165+2.845560j,-0.121951-2.673096j,11.030833
-0.817416+0.508246j,-0.046352+2.846959j,-0.121900-2.673825j,11.039527
-0.818305+0.507018j,-0.046539+2.848358j,-0.121850-2.674554j,11.048224
-0.819192+0.505789j,-0.046726+2.849757j,-0.121799-2.675283j,11.056924
-0.820078+0.504558j,-0.046912+2.851157j,-0.121748-2.676012j,11.065628
-0.820961+0.503326j,-0.047098+2.852556j,-0.121697-2.676741j,11.074335
-0.821843+0.502093j,-0.047284+2.853956j,-0.121646-2.677471j,11.083046
-0.822723+0.500857j,-0.047470+2.855356j,-0.121596-2.678200j,11.091760
-0.823602+0.499621j,-0.047655+2.856757j,-0.121545-2.678929j,11.100477
-0.824478+0.498382j,-0.047840+2.858157j,-0.121494-2.679658j,11.109198
-0.825352+0.497143j,-0.048025+2.859558j,-0.121443-2.680388j,11.117922
-0.826225+0.495901j,-0.048210+2.860959j,-0.121393-2.681117j,11.126649
-0.827096+0.494659j,-0.048394+2.862360j,-0.121342-2.681846j,11.135379
-0.827965+0.493414j,-0.048578+2.863761j,-0.121291-2.682575j,11.144113
-0.828832+0.492169j,-0.048762+2.865163j,-0.121241-2.683305j,11.152851
-0.829697+0.490921j,-0.048946+2.866565j,-0.121190-2.684034j,11.161591
-0.830561+0.489673j,-0.049130+2.867967j,-0.121139-2.684763j,11.170335
-0.831422+0.488422j,-0.049313+2.869369j,-0.121089-2.685493j,11.179083
-0.832282+0.487171j,-0.049496+2.870772j,-0.121038-2.686222j,11.187834
-0.833140+0.485917j,-0.049679+2.872174j,-0.120988-2.686951j,11.196588
-0.833995+0.484663j,-0.049861+2.873577j,-0.120937-2.687681j,11.205345
-0.834849+0.483406j,-0.050043+2.874980j,-0.120887-2.688410j,11.214106
-0.835702+0.482149j,-0.050225+2.876384j,-0.120836-2.689139j,11.222870
-0.836552+0.480890j,-0.050407+2.877787j,-0.120786-2.689869j,11.231638
-0.837400+0.479629j,-0.050589+2.879191j,-0.120735-2.690598j,11.240408
-0.838247+0.478367j,-0.050770+2.880595j,-0.120685-2.691328j,11.249183
-0.839091+0.477103j,-0.050951+2.881999j,-0.120635-2.692057j,11.257960
-0.839934+0.475838j,-0.051132+2.883404j,-0.120584-2.692787j,11.266741
-0.840775+0.474572j,-0.051313+2.884808j,-0.120534-2.693516j,11.275525
-0.841614+0.473304j,-0.051493+2.886213j,-0.120483-2.694245j,11.284313
-0.842451+0.472034j,-0.051673+2.887618j,-0.120433-2.694975j,11.293104
-0.843286+0.470763j,-0.051853+2.889023j,-0.120383-2.695704j,11.301898
-0.844119+0.469491j,-0.052033+2.890428j,-0.120332-2.696434j,11.310696
-0.844951+0.468217j,-0.052213+2.891834j,-0.120282-2.697163j,11.319497
-0.845780+0.466942j,-0.052392+2.893240j,-0.120232-2.697893j,11.328301
-0.846607+0.465665j,-0.052571+2.894646j,-0.120182-2.698623j,11.337109
-0.847433+0.464387j,-0.052750+2.896052j,-0.120131-2.699352j,11.345920
-0.848257+0.463108j,-0.052928+2.897458j,-0.120081-2.700082j,11.354735
-0.849078+0.461827j,-0.053107+2.898865j,-0.120031-2.700811j,11.363553
-0.849898+0.460544j,-0.053285+2.900272j,-0.119981-2.701541j,11.372374
-0.850716+0.459260j,-0.053463+2.901679j,-0.119931-2.702270j,11.381198
-0.851532+0.457975j,-0.053641+2.903086j,-0.119881-2.703000j,11.390026
-0.852346+0.456688j,-0.053818+2.904493j,-0.119830-2.703730j,11.398858
-0.853158+0.455400j,-0.053996+2.905901j,-0.119780-2.704459j,11.407692
-0.853968+0.454111j,-0.054173+2.907308j,-0.119730-2.705189j,11.416530
-0.854777+0.452820j,-0.054349+2.908716j,-0.119680-2.705919j,11.425372
-0.855583+0.451527j,-0.054526+2.910124j,-0.119630-2.706648j,11.434216
-0.856387+0.450233j,-0.054703+2.911533j,-0.119580-2.707378j,11.443064
-0.857190+0.448938j,-0.054879+2.912941j,-0.119530-2.708108j,11.451916
-0.857990+0.447642j,-0.055055+2.914350j,-0.119480-2.708837j,11.460771
-0.858789+0.446344j,-0.055231+2.915758j,-0.119430-2.709567j,11.469629
-0.859585+0.445044j,-0.055406+2.917167j,-0.119380-2.710297j,11.478490
-0.860380+0.443743j,-0.055581+2.918577j,-0.119330-2.711026j,11.487355
-0.861173+0.442441j,-0.055757+2.919986j,-0.119280-2.711756j,11.496224
-0.861963+0.441138j,-0.055932+2.921396j,-0.119230-2.712486j,11.505095
-0.862752+0.439833j,-0.056106+2.922805j,-0.119181-2.713216j,11.513970
-0.863539+0.438526j,-0.056281+2.924215j,-0.119131-2.713945j,11.522849
-0.864324+0.437218j,-0.056455+2.925625j,-0.119081-2.714675j,11.531730
-0.865107+0.435909j,-0.056629+2.927036j,-0.119031-2.715405j,11.540615
-0.865888+0.434599j,-0.056803+2.928446j,-0.118981-2.716135j,11.549504
-0.866667+0.433287j,-0.056977+2.929857j,-0.118931-2.716865j,11.558396
-0.867443+0.431974j,-0.057150+2.931267j,-0.118881-2.717594j,11.567291
-0.868218+0.430659j,-0.057324+2.932678j,-0.118832-2.718324j,11.576189
-0.868991+0.429343j,-0.057497+2.934089j,-0.118782-2.719054j,11.585091
-0.869762+0.428026j,-0.057670+2.935501j,-0.118732-2.719784j,11.593997
-0.870532+0.426707j,-0.057842+2.936912j,-0.118682-2.720514j,11.602905
-0.871299+0.425387j,-0.058015+2.938324j,-0.118633-2.721244j,11.611817
-0.872064+0.424066j,-0.058187+2.939736j,-0.118583-2.721974j,11.620733
-0.872827+0.422743j,-0.058359+2.941148j,-0.118533-2.722703j,11.629651
-0.873588+0.421419j,-0.058531+2.942560j,-0.118484-2.723433j,11.638574
-0.874347+0.420093j,-0.058703+2.943972j,-0.118434-2.724163j,11.647499
-0.875104+0.418767j,-0.058874+2.945385j,-0.118384-2.724893j,11.656428
-0.875859+0.417439j,-0.059046+2.946797j,-0.118335-2.725623j,11.665360
-0.876612+0.416109j,-0.059217+2.948210j,-0.118285-2.726353j,11.674296
-0.877363+0.414778j,-0.059388+2.949623j,-0.118236-2.727083j,11.683235
-0.878112+0.413446j,-0.059559+2.951036j,-0.118186-2.727813j,11.692177
-0.878859+0.412113j,-0.059729+2.952450j,-0.118136-2.728543j,11.701123
-0.879604+0.410778j,-0.059899+2.953863j,-0.118087-2.729273j,11.710072
-0.880347+0.409442j,-0.060070+2.955277j,-0.118037-2.730003j,11.719024
-0.881088+0.408105j,-0.060240+2.956691j,-0.117988-2.730733j,11.727980
-0.881827+0.406766j,-0.060409+2.958105j,-0.117938-2.731463j,11.736940
-0.882564+0.405426j,-0.060579+2.959519j,-0.117889-2.732193j,11.745902
-0.883299+0.404085j,-0.060748+2.960933j,-0.117839-2.732923j,11.754868
-0.884032+0.402742j,-0.060918+2.962347j,-0.117790-2.733653j,11.763837
-0.884763+0.401398j,-0.061087+2.963762j,-0.117741-2.734383j,11.772810
-0.885492+0.400053j,-0.061255+2.965177j,-0.117691-2.735113j,11.781786
-0.886219+0.398706j,-0.061424+2.966592j,-0.117642-2.735843j,11.790766
-0.886944+0.397359j,-0.061593+2.968007j,-0.117592-2.736573j,11.799748
-0.887666+0.396009j,-0.061761+2.969422j,-0.117543-2.737303j,11.808735
-0.888387+0.394659j,-0.061929+2.970837j,-0.117494-2.738033j,11.817724
-0.889106+0.393307j,-0.062097+2.972253j,-0.117444-2.738764j,11.826717
-0.889822+0.391954j,-0.062265+2.973668j,-0.117395-2.739494j,11.835713
-0.890537+0.390600j,-0.062432+2.975084j,-0.117346-2.740224j,11.844713
-0.891250+0.389245j,-0.062600+2.976500j,-0.117296-2.740954j,11.853716
-0.891960+0.387888j,-0.062767+2.977916j,-0.117247-2.741684j,11.862723
-0.892669+0.386530j,-0.062934+2.979333j,-0.117198-2.742414j,11.871733
-0.893375+0.385171j,-0.063101+2.980749j,-0.117149-2.743144j,11.880746
-0.894079+0.383810j,-0.063268+2.982166j,-0.117099-2.743875j,11.889762
-0.894782+0.382448j,-0.063434+2.983582j,-0.117050-2.744605j,11.898782
-0.895482+0.381085j,-0.063600+2.984999j,-0.117001-2.745335j,11.907806
-0.896180+0.379721j,-0.063767+2.986416j,-0.116952-2.746065j,11.916832
-0.896876+0.378355j,-0.063933+2.987833j,-0.116902-2.746795j,11.925862
-0.897570+0.376989j,-0.064098+2.989250j,-0.116853-2.747526j,11.934896
-0.898262+0.375621j,-0.064264+2.990668j,-0.116804-2.748256j,11.943933
-0.898952+0.374251j,-0.064430+2.992085j,-0.116755-2.748986j,11.952973
-0.899640+0.372881j,-0.064595+2.993503j,-0.116706-2.749716j,11.962017
-0.900325+0.371509j,-0.064760+2.994921j,-0.116657-2.750446j,11.971064
-0.901009+0.370136j,-0.064925+2.996339j,-0.116608-2.751177j,11.980114
-0.901691+0.368762j,-0.065090+2.997757j,-0.116559-2.751907j,11.989168
-0.902370+0.367386j,-0.065255+2.999175j,-0.116509-2.752637j,11.998225
-0.903047+0.366010j,-0.065419+3.000594j,-0.116460-2.753368j,12.007285
-0.903723+0.364632j,-0.065583+3.002012j,-0.116411-2.754098j,12.016349
-0.904396+0.363253j,-0.065747+3.003431j,-0.116362-2.754828j,12.025416
-0.905067+0.361873j,-0.065911+3.004850j,-0.116313-2.755558j,12.034487
-0.905736+0.360491j,-0.066075+3.006269j,-0.116264-2.756289j,12.043561
-0.906403+0.359108j,-0.066239+3.007688j,-0.116215-2.757019j,12.052639
-0.907068+0.357725j,-0.066402+3.009107j,-0.116166-2.757749j,12.061719
-0.907731+0.356339j,-0.066566+3.010526j,-0.116117-2.758480j,12.070804
-0.908391+0.354953j,-0.066729+3.011946j,-0.116068-2.759210j,12.079891
-0.909050+0.353566j,-0.066892+3.013365j,-0.116019-2.759941j,12.088982
-0.909706+0.352177j,-0.067055+3.014785j,-0.115970-2.760671j,12.098076
-0.910361+0.350787j,-0.067218+3.016205j,-0.115922-2.761401j,12.107174
-0.911013+0.349396j,-0.067380+3.017625j,-0.115873-2.762132j,12.116275
-0.911663+0.348004j,-0.067543+3.019045j,-0.115824-2.762862j,12.125380
-0.912311+0.346610j,-0.067705+3.020465j,-0.115775-2.763592j,12.134487
-0.912957+0.345216j,-0.067867+3.021886j,-0.115726-2.764323j,12.143599
-0.913601+0.343820j,-0.068029+3.023306j,-0.115677-2.765053j,12.152713
-0.914242+0.342423j,-0.068191+3.024727j,-0.115628-2.765784j,12.161831
-0.914882+0.341025j,-0.068352+3.026148j,-0.115580-2.766514j,12.170953
-0.915519+0.339626j,-0.068514+3.027569j,-0.115531-2.767245j,12.180077
-0.916154+0.338225j,-0.068675+3.028990j,-0.115482-2.767975j,12.189206
-0.916787+0.336824j,-0.068836+3.030411j,-0.115433-2.768705j,12.198337
-0.917418+0.335421j,-0.068997+3.031832j,-0.115384-2.769436j,12.207472
-0.918047+0.334017j,-0.069158+3.033253j,-0.115336-2.770166j,12.216610
-0.918674+0.332612j,-0.069319+3.034675j,-0.115287-2.770897j,12.225752
-0.919299+0.331206j,-0.069479+3.036096j,-0.115238-2.771627j,12.234897
-0.919921+0.329799j,-0.069640+3.037518j,-0.115189-2.772358j,12.244046
-0.920541+0.328391j,-0.069800+3.038940j,-0.115141-2.773088j,12.253198
-0.921160+0.326981j,-0.069960+3.040362j,-0.115092-2.773819j,12.262353
-0.921776+0.325570j,-0.070120+3.041784j,-0.115043-2.774549j,12.271511
-0.922389+0.324159j,-0.070280+3.043206j,-0.114995-2.775280j,12.280673
-0.923001+0.322746j,-0.070440+3.044628j,-0.114946-2.776010j,12.289839
-0.923611+0.321332j,-0.070599+3.046051j,-0.114897-2.776741j,12.299008
-0.924218+0.319917j,-0.070759+3.047473j,-0.114849-2.777471j,12.308180
-0.924823+0.318500j,-0.070918+3.048896j,-0.114800-2.778202j,12.317355
-0.925426+0.317083j,-0.071077+3.050319j,-0.114751-2.778933j,12.326534
-0.926027+0.315665j,-0.071236+3.051742j,-0.114703-2.779663j,12.335717
-0.926626+0.314245j,-0.071395+3.053165j,-0.114654-2.780394j,12.344902
-0.927223+0.312824j,-0.071554+3.054588j,-0.114606-2.781124j,12.354092
-0.927817+0.311403j,-0.071713+3.056011j,-0.114557-2.781855j,12.363284
-0.928410+0.309980j,-0.071871+3.057434j,-0.114508-2.782585j,12.372480
-0.929000+0.308556j,-0.072029+3.058858j,-0.114460-2.783316j,12.381679
-0.929588+0.307131j,-0.072187+3.060281j,-0.114411-2.784047j,12.390882
-0.930173+0.305705j,-0.072346+3.061705j,-0.114363-2.784777j,12.400088
-0.930757+0.304278j,-0.072503+3.063129j,-0.114314-2.785508j,12.409297
-0.931338+0.302849j,-0.072661+3.064553j,-0.114266-2.786239j,12.418510
-0.931918+0.301420j,-0.072819+3.065977j,-0.114217-2.786969j,12.427727
-0.932495+0.299990j,-0.072976+3.067401j,-0.114169-2.787700j,12.436946
-0.933070+0.298558j,-0.073134+3.068825j,-0.114120-2.788430j,12.446169
-0.933642+0.297126j,-0.073291+3.070249j,-0.114072-2.789161j,12.455396
-0.934213+0.295692j,-0.073448+3.071674j,-0.114023-2.789892j,12.464625
-0.934781+0.294257j,-0.073605+3.073098j,-0.113975-2.790622j,12.473859
-0.935347+0.292822j,-0.073762+3.074523j,-0.113926-2.791353j,12.483095
-0.935911+0.291385j,-0.073919+3.075948j,-0.113878-2.792084j,12.492335
-0.936473+0.289947j,-0.074075+3.077372j,-0.113830-2.792814j,12.501579
-0.937032+0.288508j,-0.074232+3.078797j,-0.113781-2.793545j,12.510825
-0.937590+0.287068j,-0.074388+3.080222j,-0.113733-2.794276j,12.520075
-0.938145+0.285628j,-0.074545+3.081647j,-0.113684-2.795007j,12.529329
-0.938698+0.284186j,-0.074701+3.083073j,-0.113636-2.795737j,12.538586
-0.939249+0.282743j,-0.074857+3.084498j,-0.113588-2.796468j,12.547846
-0.939797+0.281299j,-0.075013+3.085923j,-0.113539-2.797199j,12.557110
-0.940343+0.279854j,-0.075168+3.087349j,-0.113491-2.797929j,12.566377
-0.940888+0.278408j,-0.075324+3.088774j,-0.113443-2.798660j,12.575648
-0.941430+0.276961j,-0.075480+3.090200j,-0.113394-2.799391j,12.584922
-0.941969+0.275513j,-0.075635+3.091626j,-0.113346-2.800122j,12.594199
-0.942507+0.274063j,-0.075790+3.093052j,-0.113298-2.800852j,12.603480
-0.943042+0.272613j,-0.075945+3.094478j,-0.113249-2.801583j,12.612764
-0.943575+0.271162j,-0.076100+3.095904j,-0.113201-2.802314j,12.622051
-0.944106+0.269710j,-0.076255+3.097330j,-0.113153-2.803045j,12.631342
-0.944634+0.268257j,-0.076410+3.098756j,-0.113105-2.803776j,12.640636
-0.945161+0.266803j,-0.076565+3.100183j,-0.113056-2.804506j,12.649934
-0.945685+0.265348j,-0.076719+3.101609j,-0.113008-2.805237j,12.659235
-0.946207+0.263892j,-0.076874+3.103036j,-0.112960-2.805968j,12.668539
-0.946727+0.262435j,-0.077028+3.104462j,-0.112912-2.806699j,12.677847
-0.947244+0.260977j,-0.077183+3.105889j,-0.112863-2.807430j,12.687158
-0.947759+0.259518j,-0.077337+3.107316j,-0.112815-2.808160j,12.696473
-0.948272+0.258058j,-0.077491+3.108743j,-0.112767-2.808891j,12.705791
-0.948783+0.256597j,-0.077645+3.110170j,-0.112719-2.809622j,12.715113
-0.949292+0.255135j,-0.077798+3.111597j,-0.112671-2.810353j,12.724437
-0.949798+0.253673j,-0.077952+3.113024j,-0.112622-2.811084j,12.733766
-0.950302+0.252209j,-0.078106+3.114451j,-0.112574-2.811814j,12.743097
-0.950804+0.250744j,-0.078259+3.115878j,-0.112526-2.812545j,12.752432
-0.951303+0.249278j,-0.078413+3.117306j,-0.112478-2.813276j,12.761771
-0.951801+0.247812j,-0.078566+3.118733j,-0.112430-2.814007j,12.771112
-0.952296+0.246344j,-0.078719+3.120161j,-0.112382-2.814738j,12.780458
-0.952788+0.244876j,-0.078872+3.121589j,-0.112334-2.815469j,12.789806
-0.953279+0.243406j,-0.079025+3.123016j,-0.112286-2.816200j,12.799158
-0.953767+0.241936j,-0.079178+3.124444j,-0.112237-2.816931j,12.808514
-0.954253+0.240464j,-0.079331+3.125872j,-0.112189-2.817661j,12.817872
-0.954737+0.238992j,-0.079483+3.127300j,-0.112141-2.818392j,12.827235
-0.955219+0.237519j,-0.079636+3.128728j,-0.112093-2.819123j,12.836600
-0.955698+0.236045j,-0.079788+3.130156j,-0.112045-2.819854j,12.845969
-0.956175+0.234570j,-0.079941+3.131585j,-0.111997-2.820585j,12.855342
-0.956650+0.233094j,-0.080093+3.133013j,-0.111949-2.821316j,12.864717
-0.957122+0.231617j,-0.080245+3.134441j,-0.111901-2.822047j,12.874097
-0.957592+0.230139j,-0.080397+3.135870j,-0.111853-2.822778j,12.883479
-0.958060+0.228661j,-0.080549+3.137298j,-0.111805-2.823509j,12.892865
-0.958526+0.227181j,-0.080701+3.138727j,-0.111757-2.824240j,12.902254
-0.958989+0.225701j,-0.080853+3.140156j,-0.111709-2.824971j,12.911647
-0.959451+0.224219j,-0.081004+3.141584j,-0.111661-2.825701j,12.921043
-0.959909+0.222737j,-0.081156+3.143013j,-0.111613-2.826432j,12.930443
-0.960366+0.221254j,-0.081307+3.144442j,-0.111565-2.827163j,12.939846
-0.960820+0.219770j,-0.081459+3.145871j,-0.111517-2.827894j,12.949252
-0.961272+0.218285j,-0.081610+3.147300j,-0.111469-2.828625j,12.958662
-0.961722+0.216799j,-0.081761+3.148729j,-0.111421-2.829356j,12.968075
-0.962169+0.215313j,-0.081912+3.150159j,-0.111373-2.830087j,12.977492
-0.962615+0.213825j,-0.082063+3.151588j,-0.111325-2.830818j,12.986912
-0.963057+0.212337j,-0.082214+3.153017j,-0.111277-2.831549j,12.996335
-0.963498+0.210848j,-0.082365+3.154447j,-0.111229-2.832280j,13.005762
-0.963936+0.209358j,-0.082516+3.155876j,-0.111181-2.833011j,13.015192
-0.964372+0.207867j,-0.082666+3.157306j,-0.111133-2.833742j,13.024626
-0.964806+0.206375j,-0.082817+3.158735j,-0.111086-2.834473j,13.034063
-0.965237+0.204882j,-0.082967+3.160165j,-0.111038-2.835204j,13.043503
-0.965667+0.203389j,-0.083118+3.161595j,-0.110990-2.835935j,13.052947
-0.966093+0.201895j,-0.083268+3.163025j,-0.110942-2.836666j,13.062394
-0.966518+0.200399j,-0.083418+3.164454j,-0.110894-2.837397j,13.071845
-0.966940+0.198903j,-0.083569+3.165884j,-0.110846-2.838128j,13.081299
-0.967360+0.197407j,-0.083719+3.167314j,-0.110798-2.838859j,13.090756
-0.967778+0.195909j,-0.083869+3.168745j,-0.110750-2.839590j,13.100217
-0.968193+0.194411j,-0.084018+3.170175j,-0.110703-2.840321j,13.109681
-0.968606+0.192911j,-0.084168+3.171605j,-0.110655-2.841052j,13.119148
-0.969017+0.191411j,-0.084318+3.173035j,-0.110607-2.841783j,13.128619
-0.969425+0.189910j,-0.084468+3.174466j,-0.110559-2.842514j,13.138094
-0.969831+0.188409j,-0.084617+3.175896j,-0.110511-2.843245j,13.147572
-0.970235+0.186906j,-0.084767+3.177326j,-0.110463-2.843976j,13.157053
-0.970636+0.185403j,-0.084916+3.178757j,-0.110416-2.844707j,13.166537
-0.971035+0.183899j,-0.085066+3.180187j,-0.110368-2.845438j,13.176025
-0.971432+0.182394j,-0.085215+3.181618j,-0.110320-2.846170j,13.185517
-0.971827+0.180888j,-0.085364+3.183049j,-0.110272-2.846901j,13.195012
-0.972219+0.179382j,-0.085513+3.184480j,-0.110224-2.847632j,13.204510
-0.972609+0.177874j,-0.085662+3.185910j,-0.110177-2.848363j,13.214011
-0.972996+0.176366j,-0.085811+3.187341j,-0.110129-2.849094j,13.223516
-0.973381+0.174857j,-0.085960+3.188772j,-0.110081-2.849825j,13.233025
-0.973764+0.173348j,-0.086109+3.190203j,-0.110033-2.850556j,13.242537
-0.974145+0.171837j,-0.086258+3.191634j,-0.109986-2.851287j,13.252052
-0.974523+0.170326j,-0.086406+3.193065j,-0.109938-2.852018j,13.261570
-0.974899+0.168814j,-0.086555+3.194497j,-0.109890-2.852749j,13.271092
-0.975272+0.167302j,-0.086703+3.195928j,-0.109842-2.853480j,13.280618
-0.975644+0.165788j,-0.086852+3.197359j,-0.109795-2.854211j,13.290147
-0.976012+0.164274j,-0.087000+3.198790j,-0.109747-2.854942j,13.299679
-0.976379+0.162759j,-0.087149+3.200222j,-0.109699-2.855673j,13.309215
-0.976743+0.161244j,-0.087297+3.201653j,-0.109651-2.856405j,13.318754
-0.977105+0.159727j,-0.087445+3.203085j,-0.109604-2.857136j,13.328296
-0.977465+0.158210j,-0.087593+3.204516j,-0.109556-2.857867j,13.337842
-0.977822+0.156692j,-0.087741+3.205948j,-0.109508-2.858598j,13.347391
-0.978177+0.155174j,-0.087889+3.207379j,-0.109461-2.859329j,13.356944
-0.978529+0.153654j,-0.088037+3.208811j,-0.109413-2.860060j,13.366500
-0.978879+0.152134j,-0.088185+3.210243j,-0.109365-2.860791j,13.376059
-0.979227+0.150614j,-0.088333+3.211674j,-0.109318-2.861522j,13.385622
-0.979572+0.149092j,-0.088481+3.213106j,-0.109270-2.862253j,13.395189
-0.979915+0.147570j,-0.088628+3.214538j,-0.109222-2.862985j,13.404758
-0.980256+0.146047j,-0.088776+3.215970j,-0.109175-2.863716j,13.414331
-0.980594+0.144523j,-0.088924+3.217402j,-0.109127-2.864447j,13.423908
-0.980930+0.142999j,-0.089071+3.218834j,-0.109079-2.865178j,13.433488
-0.981264+0.141474j,-0.089219+3.220266j,-0.109032-2.865909j,13.443071
-0.981595+0.139948j,-0.089366+3.221698j,-0.108984-2.866640j,13.452658
-0.981924+0.138422j,-0.089513+3.223130j,-0.108936-2.867371j,13.462248
-0.982251+0.136895j,-0.089661+3.224562j,-0.108889-2.868102j,13.471841
-0.982575+0.135367j,-0.089808+3.225995j,-0.108841-2.868834j,13.481438
-0.982897+0.133839j,-0.089955+3.227427j,-0.108793-2.869565j,13.491039
-0.983216+0.132310j,-0.090102+3.228859j,-0.108746-2.870296j,13.500642
-0.983534+0.130780j,-0.090249+3.230292j,-0.108698-2.871027j,13.510249
-0.983848+0.129250j,-0.090396+3.231724j,-0.108651-2.871758j,13.519860
-0.984161+0.127718j,-0.090543+3.233156j,-0.108603-2.872489j,13.529474
-0.984471+0.126187j,-0.090690+3.234589j,-0.108555-2.873220j,13.539091
-0.984778+0.124654j,-0.090837+3.236021j,-0.108508-2.873951j,13.548712
-0.985084+0.123121j,-0.090984+3.237454j,-0.108460-2.874683j,13.558336
-0.985387+0.121587j,-0.091131+3.238886j,-0.108413-2.875414j,13.567964
-0.985687+0.120053j,-0.091277+3.240319j,-0.108365-2.876145j,13.577595
-0.985985+0.118518j,-0.091424+3.241752j,-0.108317-2.876876j,13.587229
-0.986281+0.116982j,-0.091571+3.243184j,-0.108270-2.877607j,13.596867
-0.986574+0.115446j,-0.091717+3.244617j,-0.108222-2.878338j,13.606508
-0.986865+0.113909j,-0.091864+3.246050j,-0.108175-2.879069j,13.616153
-0.987154+0.112372j,-0.092010+3.247483j,-0.108127-2.879801j,13.625801
-0.987440+0.110833j,-0.092157+3.248915j,-0.108079-2.880532j,13.635452
-0.987724+0.109295j,-0.092303+3.250348j,-0.108032-2.881263j,13.645107
-0.988005+0.107755j,-0.092449+3.251781j,-0.107984-2.881994j,13.654765
-0.988285+0.106215j,-0.092596+3.253214j,-0.107937-2.882725j,13.664427
-0.988561+0.104675j,-0.092742+3.254647j,-0.107889-2.883456j,13.674092
-0.988836+0.103133j,-0.092888+3.256080j,-0.107842-2.884187j,13.683760
-0.989107+0.101591j,-0.093034+3.257513j,-0.107794-2.884918j,13.693432
-0.989377+0.100049j,-0.093180+3.258946j,-0.107747-2.885650j,13.703108
-0.989644+0.098506j,-0.093326+3.260379j,-0.107699-2.886381j,13.712786
-0.989909+0.096962j,-0.093472+3.261812j,-0.107652-2.887112j,13.722468
-0.990171+0.095418j,-0.093619+3.263245j,-0.107604-2.887843j,13.732154
-0.990431+0.093873j,-0.093764+3.264678j,-0.107556-2.888574j,13.741843
-0.990689+0.092328j,-0.093910+3.266112j,-0.107509-2.889305j,13.751535
-0.990944+0.090782j,-0.094056+3.267545j,-0.107461-2.890036j,13.761231
-0.991197+0.089235j,-0.094202+3.268978j,-0.107414-2.890767j,13.770930
-0.991447+0.087688j,-0.094348+3.270411j,-0.107366-2.891499j,13.780632
-0.991695+0.086141j,-0.094494+3.271845j,-0.107319-2.892230j,13.790338
-0.991940+0.084593j,-0.094640+3.273278j,-0.107271-2.892961j,13.800048
-0.992183+0.083044j,-0.094785+3.274711j,-0.107224-2.893692j,13.809760
-0.992424+0.081494j,-0.094931+3.276144j,-0.107176-2.894423j,13.819476
-0.992663+0.079945j,-0.095077+3.277578j,-0.107129-2.895154j,13.829196
-0.992898+0.078394j,-0.095222+3.279011j,-0.107081-2.895885j,13.838919
-0.993132+0.076843j,-0.095368+3.280444j,-0.107034-2.896616j,13.848645
-0.993363+0.075292j,-0.095513+3.281878j,-0.106986-2.897347j,13.858375
-0.993592+0.073740j,-0.095659+3.283311j,-0.106939-2.898078j,13.868108
-0.993818+0.072187j,-0.095805+3.284745j,-0.106891-2.898809j,13.877845
-0.994042+0.070634j,-0.095950+3.286178j,-0.106844-2.899540j,13.887585
-0.994263+0.069080j,-0.096095+3.287611j,-0.106796-2.900271j,13.897328
-0.994482+0.067526j,-0.096241+3.289045j,-0.106749-2.901002j,13.907075
-0.994699+0.065971j,-0.096386+3.290478j,-0.106701-2.901733j,13.916825
-0.994913+0.064416j,-0.096532+3.291912j,-0.106654-2.902464j,13.926579
-0.995125+0.062861j,-0.096677+3.293345j,-0.106606-2.903195j,13.936336
-0.995334+0.061304j,-0.096822+3.294779j,-0.106559-2.903926j,13.946097
-0.995541+0.059748j,-0.096968+3.296212j,-0.106511-2.904657j,13.955860
-0.995746+0.058190j,-0.097113+3.297646j,-0.106464-2.905388j,13.965628
-0.995948+0.056633j,-0.097258+3.299079j,-0.106416-2.906119j,13.975398
-0.996147+0.055075j,-0.097404+3.300513j,-0.106369-2.906850j,13.985172
-0.996345+0.053516j,-0.097549+3.301946j,-0.106321-2.907581j,13.994950
-0.996539+0.051957j,-0.097694+3.303379j,-0.106274-2.908311j,14.004731
-0.996732+0.050397j,-0.097839+3.304813j,-0.106226-2.909042j,14.014515
-0.996922+0.048837j,-0.097985+3.306246j,-0.106178-2.909773j,14.024303
-0.997109+0.047276j,-0.098130+3.307680j,-0.106131-2.910504j,14.034094
-0.997294+0.045715j,-0.098275+3.309113j,-0.106083-2.911234j,14.043888
-0.997477+0.044154j,-0.098420+3.310546j,-0.106036-2.911965j,14.053686
-0.997657+0.042592j,-0.098565+3.311979j,-0.105988-2.912696j,14.063488
-0.997835+0.041029j,-0.098710+3.313413j,-0.105941-2.913426j,14.073292
-0.998010+0.039467j,-0.098856+3.314846j,-0.105893-2.914157j,14.083101
-0.998183+0.037903j,-0.099001+3.316279j,-0.105846-2.914887j,14.092912
-0.998354+0.036339j,-0.099146+3.317712j,-0.105798-2.915617j,14.102727
-0.998522+0.034775j,-0.099291+3.319145j,-0.105750-2.916347j,14.112546
-0.998687+0.033211j,-0.099436+3.320578j,-0.105703-2.917078j,14.122367
-0.998851+0.031645j,-0.099581+3.322011j,-0.105655-2.917808j,14.132192
-0.999011+0.030080j,-0.099727+3.323443j,-0.105607-2.918537j,14.142021
-0.999170+0.028514j,-0.099872+3.324876j,-0.105560-2.919267j,14.151853
-0.999325+0.026948j,-0.100017+3.326308j,-0.105512-2.919997j,14.161688
-0.999479+0.025381j,-0.100162+3.327740j,-0.105464-2.920726j,14.171527
-0.999630+0.023814j,-0.100308+3.329172j,-0.105416-2.921455j,14.181369
-0.999778+0.022246j,-0.100453+3.330604j,-0.105368-2.922184j,14.191215
-0.999924+0.020678j,-0.100599+3.332035j,-0.105320-2.922912j,14.201064
-1.000068+0.019110j,-0.100745+3.333466j,-0.105271-2.923640j,14.210916
-1.000209+0.017541j,-0.100891+3.334896j,-0.105223-2.924367j,14.220772
-1.000348+0.015972j,-0.101037+3.336325j,-0.105174-2.925094j,14.230631
-1.000484+0.014402j,-0.101184+3.337753j,-0.105125-2.925819j,14.240494
-1.000618+0.012832j,-0.101331+3.339180j,-0.105075-2.926543j,14.250360
-1.000749+0.011262j,-0.101479+3.340605j,-0.105024-2.927265j,14.260229
-1.000878+0.009691j,-0.101629+3.342028j,-0.104972-2.927985j,14.270102
-1.001005+0.008120j,-0.101781+3.343446j,-0.104917-2.928700j,14.279978
-1.001129+0.006548j,-0.101938+3.344858j,-0.104857-2.929410j,14.289858
-1.001250+0.004976j,-0.102106+3.346260j,-0.104787-2.930108j,14.299740
-1.001369+0.003404j,-0.102301+3.347643j,-0.104689-2.930789j,14.309626
-1.001486+0.001831j,-0.102583+3.349003j,-0.104505-2.931446j,14.319515
-1.001600+0.000258j,-0.103592+3.350722j,-0.103593-2.932462j,14.329409
