0.800000+0.000000j,0.236710+2.047222j,-0.317109-1.565346j,0.000000
0.800000+0.000000j,0.236710+2.047222j,-0.317109-1.565346j,0.000000
0.800000+0.000000j,0.236710+2.047222j,-0.317109-1.565346j,0.000000
0.800000+0.000000j,0.236710+2.047222j,-0.317109-1.565346j,0.000000
0.800000+0.000000j,0.236710+2.047222j,-0.317109-1.565346j,0.000000
0.800000+0.000000j,0.236710+2.047222j,-0.317109-1.565346j,0.000000
0.800000+0.000000j,0.236710+2.047222j,-0.317109-1.565346j,0.000000
0.800000+0.000000j,0.236710+2.047222j,-0.317109-1.565346j,0.000000
0.800000+0.000000j,0.236710+2.047222j,-0.317109-1.565346j,0.000000
0.800000+0.000000j,0.236710+2.047222j,-0.317109-1.565346j,0.000000
0.800000+0.000000j,0.236710+2.047222j,-0.317109-1.565346j,0.000000
0.800000+0.000000j,0.236710+2.047222j,-0.317109-1.565346j,0.000000
0.800000+0.000000j,0.236710+2.047222j,-0.317109-1.565346j,0.000000
0.800000+0.000000j,0.236710+2.047222j,-0.317109-1.565346j,0.000000
0.800000+0.000000j,0.236710+2.047222j,-0.317109-1.565346j,0.000000
0.800000+0.000000j,0.236710+2.047222j,-0.317109-1.565346j,0.000000
0.800000+0.000000j,0.236710+2.047222j,-0.317109-1.565346j,0.000000
0.800000+0.000000j,0.236710+2.047222j,-0.317109-1.565346j,0.000000
0.800000+0.000000j,0.236710+2.047222j,-0.317109-1.565346j,0.000000
0.800000+0.000000j,0.236710+2.047222j,-0.317109-1.565346j,0.000000
0.800000+0.000000j,0.236710+2.047222j,-0.317109-1.565346j,0.000000
0.800000+0.000000j,0.236710+2.047222j,-0.317109-1.565346j,0.000000
0.800000+0.000000j,0.236710+2.047222j,-0.317109-1.565346j,0.000000
0.800000+0.000000j,0.236710+2.047222j,-0.317109-1.565346j,0.000000
0.800000+0.000000j,0.236710+2.047222j,-0.317109-1.565346j,0.000000
0.800000+0.000000j,0.236710+2.047222j,-0.317109-1.565346j,0.000000
0.800000+0.000000j,0.236710+2.047222j,-0.317109-1.565346j,0.000000
0.800000+0.000000j,0.236710+2.047222j,-0.317109-1.565346j,0.000000
0.800000+0.000000j,0.236710+2.047222j,-0.317109-1.565346j,0.000000
0.800000+0.000000j,0.236710+2.047222j,-0.317109-1.565346j,0.000000
0.800000+0.000000j,0.236710+2.047222j,-0.317109-1.565346j,0.000000
0.800000+0.000000j,0.236710+2.047222j,-0.317109-1.565346j,0.000000
0.800000+0.000000j,0.236710+2.047222j,-0.317109-1.565346j,0.000000
0.800000+0.000000j,0.236710+2.047222j,-0.317109-1.565346j,0.000000
0.800000+0.000000j,0.236710+2.047222j,-0.317109-1.565346j,0.000000
0.800000+0.000000j,0.236710+2.047222j,-0.317109-1.565346j,0.000000
0.800000+0.000000j,0.236710+2.047222j,-0.317109-1.565346j,0.000000
0.800000+0.000000j,0.236710+2.047222j,-0.317109-1.565346j,0.000000
0.800000+0.000000j,0.236710+2.047222j,-0.317109-1.565346j,0.000000
0.800000+0.000000j,0.236710+2.047222j,-0.317109-1.565346j,0.000000
0.800000+0.000000j,0.236710+2.047222j,-0.317109-1.565346j,0.000000
0.800000+0.000000j,0.236710+2.047222j,-0.317109-1.565346j,0.000000
0.800000+0.000000j,0.236710+2.047222j,-0.317109-1.565346j,0.000000
0.800000+0.000000j,0.236710+2.047222j,-0.317109-1.565346j,0.000000
0.800000+0.000000j,0.236710+2.047222j,-0.317109-1.565346j,0.000000
0.800000+0.000000j,0.236710+2.047222j,-0.317109-1.565346j,0.000000
0.800000+0.000000j,0.236710+2.047222j,-0.317109-1.565346j,0.000000
0.800000+0.000000j,0.236710+2.047222j,-0.317109-1.565346j,0.000000
0.800000+0.000000j,0.236710+2.047222j,-0.317109-1.565346j,0.000000
0.800000+0.000000j,0.236710+2.047222j,-0.317109-1.565346j,0.000000
0.800000+0.000000j,0.236710+2.047222j,-0.317109-1.565346j,0.000000
0.800000+0.000000j,0.236710+2.047222j,-0.317109-1.565346j,0.000000
0.800000+0.000000j,0.236710+2.047222j,-0.317109-1.565346j,0.000000
0.800000+0.000000j,0.236710+2.047222j,-0.317109-1.565346j,0.000000
0.800000+0.000000j,0.236710+2.047222j,-0.317109-1.565346j,0.000000
0.800000+0.000000j,0.236710+2.047222j,-0.317109-1.565346j,0.000000
0.800000+0.000000j,0.236710+2.047222j,-0.317109-1.565346j,0.000000
0.800000+0.000000j,0.236710+2.047222j,-0.317109-1.565346j,0.000000
0.800000+0.000000j,0.236710+2.047222j,-0.317109-1.565346j,0.000000
0.800000+0.000000j,0.236710+2.047222j,-0.317109-1.565346j,0.000000
0.800000+0.000000j,0.236710+2.047222j,-0.317109-1.565346j,0.000000
0.800000+0.000000j,0.236710+2.047222j,-0.317109-1.565346j,0.000000
0.800000+0.000000j,0.236710+2.047222j,-0.317109-1.565346j,0.000000
0.800000+0.000000j,0.236710+2.047222j,-0.317109-1.565346j,0.000000
0.800000+0.000000j,0.236710+2.047222j,-0.317109-1.565346j,0.000000
0.800000+0.000000j,0.236710+2.047222j,-0.317109-1.565346j,0.000000
0.800000+0.000000j,0.236710+2.047222j,-0.317109-1.565346j,0.000000
0.800000+0.000000j,0.236710+2.047222j,-0.317109-1.565346j,0.000000
0.800000+0.000000j,0.236710+2.047222j,-0.317109-1.565346j,0.000000
0.800000+0.000000j,0.236710+2.047222j,-0.317109-1.565346j,0.000000
0.800000+0.000000j,0.236710+2.047222j,-0.317109-1.565346j,0.000000
0.800000+0.000000j,0.236710+2.047222j,-0.317109-1.565346j,0.000000
0.800000+0.000000j,0.236710+2.047222j,-0.317109-1.565346j,0.000000
0.800000+0.000000j,0.236710+2.047222j,-0.317109-1.565346j,0.000000
0.800000+0.000000j,0.236710+2.047222j,-0.317109-1.565346j,0.000000
0.800000+0.000000j,0.236710+2.047222j,-0.317109-1.565346j,0.000000
0.800000+0.000000j,0.236710+2.047222j,-0.317109-1.565346j,0.000000
0.800000+0.000000j,0.236710+2.047222j,-0.317109-1.565346j,0.000000
0.800000+0.000000j,0.236710+2.047222j,-0.317109-1.565346j,0.000000
0.800000+0.000000j,0.236710+2.047222j,-0.317109-1.565346j,0.000000
0.800000+0.000000j,0.236710+2.047222j,-0.317109-1.565346j,0.000000
0.800000+0.000000j,0.236710+2.047222j,-0.317109-1.565346j,0.000000
0.800000+0.000000j,0.236710+2.047222j,-0.317109-1.565346j,0.000000
0.800000+0.000000j,0.236710+2.047222j,-0.317109-1.565346j,0.000000
0.800000+0.000000j,0.236710+2.047222j,-0.317109-1.565346j,0.000000
0.800000+0.000000j,0.236710+2.047222j,-0.317109-1.565346j,0.000000
0.800000+0.000000j,0.236710+2.047222j,-0.317109-1.565346j,0.000000
0.800000+0.000000j,0.236710+2.047222j,-0.317109-1.565346j,0.000000
0.800000+0.000000j,0.236710+2.047222j,-0.317109-1.565346j,0.000000
0.800000+0.000000j,0.236710+2.047222j,-0.317109-1.565346j,0.000000
0.800000+0.000000j,0.236710+2.047222j,-0.317109-1.565346j,0.000000
0.800000+0.000000j,0.236710+2.047222j,-0.317109-1.565346j,0.000000
0.800000+0.000000j,0.236710+2.047222j,-0.317109-1.565346j,0.000000
0.800000+0.000000j,0.236710+2.047222j,-0.317109-1.565346j,0.000000
0.800000+0.000000j,0.236710+2.047222j,-0.317109-1.565346j,0.000000
0.800000+0.000000j,0.236710+2.047222j,-0.317109-1.565346j,0.000000
0.800000+0.000000j,0.236710+2.047222j,-0.317109-1.565346j,0.000000
0.800000+0.000000j,0.236710+2.047222j,-0.317109-1.565346j,0.000000
0.800000+0.000000j,0.236710+2.047222j,-0.317109-1.565346j,0.000000
0.800000+0.000000j,0.236710+2.047222j,-0.317109-1.565346j,0.000000
0.800000+0.000000j,0.236710+2.047222j,-0.317109-1.565346j,0.000000
0.800000+0.000000j,0.236710+2.047222j,-0.317109-1.565346j,0.000000
0.800000+0.000000j,0.236710+2.047222j,-0.317109-1.565346j,0.000000
0.800000+0.000000j,0.236710+2.047222j,-0.317109-1.565346j,0.000000
0.800000+0.000000j,0.236710+2.047222j,-0.317109-1.565346j,0.000000
0.800000+0.000000j,0.236710+2.047222j,-0.317109-1.565346j,0.000000
0.800000+0.000000j,0.236710+2.047222j,-0.317109-1.565346j,0.000000
0.800000+0.000000j,0.236710+2.047222j,-0.317109-1.565346j,0.000000
0.800000+0.000000j,0.236710+2.047222j,-0.317109-1.565346j,0.000000
0.800000+0.000000j,0.236710+2.047222j,-0.317109-1.565346j,0.000000
0.800000+0.000000j,0.236710+2.047222j,-0.317109-1.565346j,0.000000
0.800000+0.000000j,0.236710+2.047222j,-0.317109-1.565346j,0.000000
0.800000+0.000000j,0.236710+2.047222j,-0.317109-1.565346j,0.000000
0.800000+0.000000j,0.236710+2.047222j,-0.317109-1.565346j,0.000000
0.800000+0.000000j,0.236710+2.047222j,-0.317109-1.565346j,0.000000
0.800000+0.000000j,0.236710+2.047222j,-0.317109-1.565346j,0.000000
0.800000+0.000000j,0.236710+2.047222j,-0.317109-1.565346j,0.000000
0.800000+0.000000j,0.236710+2.047222j,-0.317109-1.565346j,0.000000
0.800000+0.000000j,0.236710+2.047222j,-0.317109-1.565346j,0.000000
0.800000+0.000000j,0.236710+2.047222j,-0.317109-1.565346j,0.000000
0.800000+0.000000j,0.236710+2.047222j,-0.317109-1.565346j,0.000000
0.800000+0.000000j,0.236710+2.047222j,-0.317109-1.565346j,0.000000
0.800000+0.000000j,0.236710+2.047222j,-0.317109-1.565346j,0.000000
0.800000+0.000000j,0.236710+2.047222j,-0.317109-1.565346j,0.000000
0.800000+0.000000j,0.236710+2.047222j,-0.317109-1.565346j,0.000000
0.800000+0.000000j,0.236710+2.047222j,-0.317109-1.565346j,0.000000
0.800000+0.000000j,0.236710+2.047222j,-0.317109-1.565346j,0.000000
0.800000+0.000000j,0.236710+2.047222j,-0.317109-1.565346j,0.000000
0.800000+0.000000j,0.236710+2.047222j,-0.317109-1.565346j,0.000000
0.800000+0.000000j,0.236710+2.047222j,-0.317109-1.565346j,0.000000
0.800000+0.000000j,0.236710+2.047222j,-0.317109-1.565346j,0.000000
0.800000+0.000000j,0.236710+2.047222j,-0.317109-1.565346j,0.000000
0.800000+0.000000j,0.236710+2.047222j,-0.317109-1.565346j,0.000000
0.800000+0.000000j,0.236710+2.047222j,-0.317109-1.565346j,0.000000
0.800000+0.000000j,0.236710+2.047222j,-0.317109-1.565346j,0.000000
0.800000+0.000000j,0.236710+2.047222j,-0.317109-1.565346j,0.000000
0.800000+0.000000j,0.236710+2.047222j,-0.317109-1.565346j,0.000000
0.800000+0.000000j,0.236710+2.047222j,-0.317109-1.565346j,0.000000
0.800000+0.000000j,0.236710+2.047222j,-0.317109-1.565346j,0.000000
0.800000+0.000000j,0.236710+2.047222j,-0.317109-1.565346j,0.000000
0.800000+0.000000j,0.236710+2.047222j,-0.317109-1.565346j,0.000000
0.800000+0.000000j,0.236710+2.047222j,-0.317109-1.565346j,0.000000
0.800000+0.000000j,0.236710+2.047222j,-0.317109-1.565346j,0.000000
0.800000+0.000000j,0.236710+2.047222j,-0.317109-1.565346j,0.000000
0.800000+0.000000j,0.236710+2.047222j,-0.317109-1.565346j,0.000000
0.800000+0.000000j,0.236710+2.047222j,-0.317109-1.565346j,0.000000
0.800000+0.000000j,0.236710+2.047222j,-0.317109-1.565346j,0.000000
0.800000+0.000000j,0.236710+2.047222j,-0.317109-1.565346j,0.000000
0.800000+0.000000j,0.236710+2.047222j,-0.317109-1.565346j,0.000000
0.800000+0.000000j,0.236710+2.047222j,-0.317109-1.565346j,0.000000
0.800000+0.000000j,0.236710+2.047222j,-0.317109-1.565346j,0.000000
0.800000+0.000000j,0.236710+2.047222j,-0.317109-1.565346j,0.000000
0.800000+0.000000j,0.236710+2.047222j,-0.317109-1.565346j,0.000000
0.800000+0.000000j,0.236710+2.047222j,-0.317109-1.565346j,0.000000
0.800000+0.000000j,0.236710+2.047222j,-0.317109-1.565346j,0.000000
0.800000+0.000000j,0.236710+2.047222j,-0.317109-1.565346j,0.000000
0.800000+0.000000j,0.236710+2.047222j,-0.317109-1.565346j,0.000000
0.800000+0.000000j,0.236710+2.047222j,-0.317109-1.565346j,0.000000
0.800000+0.000000j,0.236710+2.047222j,-0.317109-1.565346j,0.000000
0.800000+0.000000j,0.236710+2.047222j,-0.317109-1.565346j,0.000000
0.800000+0.000000j,0.236710+2.047222j,-0.317109-1.565346j,0.000000
0.800000+0.000000j,0.236710+2.047222j,-0.317109-1.565346j,0.000000
0.800000+0.000000j,0.236710+2.047222j,-0.317109-1.565346j,0.000000
0.800000+0.000000j,0.236710+2.047222j,-0.317109-1.565346j,0.000000
0.800000+0.000000j,0.236710+2.047222j,-0.317109-1.565346j,0.000000
0.800000+0.000000j,0.236710+2.047222j,-0.317109-1.565346j,0.000000
0.800000+0.000000j,0.236710+2.047222j,-0.317109-1.565346j,0.000000
0.800000+0.000000j,0.236710+2.047222j,-0.317109-1.565346j,0.000000
0.800000+0.000000j,0.236710+2.047222j,-0.317109-1.565346j,0.000000
0.800000+0.000000j,0.236710+2.047222j,-0.317109-1.565346j,0.000000
0.800000+0.000000j,0.236710+2.047222j,-0.317109-1.565346j,0.000000
0.800000+0.000000j,0.236710+2.047222j,-0.317109-1.565346j,0.000000
0.800000+0.000000j,0.236710+2.047222j,-0.317109-1.565346j,0.000000
0.800000+0.000000j,0.236710+2.047222j,-0.317109-1.565346j,0.000000
0.800000+0.000000j,0.236710+2.047222j,-0.317109-1.565346j,0.000000
0.800000+0.000000j,0.236710+2.047222j,-0.317109-1.565346j,0.000000
0.800000+0.000000j,0.236710+2.047222j,-0.317109-1.565346j,0.000000
0.800000+0.000000j,0.236710+2.047222j,-0.317109-1.565346j,0.000000
0.800000+0.000000j,0.236710+2.047222j,-0.317109-1.565346j,0.000000
0.800000+0.000000j,0.236710+2.047222j,-0.317109-1.565346j,0.000000
0.800000+0.000000j,0.236710+2.047222j,-0.317109-1.565346j,0.000000
0.800000+0.000000j,0.236710+2.047222j,-0.317109-1.565346j,0.000000
0.800000+0.000000j,0.236710+2.047222j,-0.317109-1.565346j,0.000000
0.800000+0.000000j,0.236710+2.047222j,-0.317109-1.565346j,0.000000
0.800000+0.000000j,0.236710+2.047222j,-0.317109-1.565346j,0.000000
0.800000+0.000000j,0.236710+2.047222j,-0.317109-1.565346j,0.000000
0.800000+0.000000j,0.236710+2.047222j,-0.317109-1.565346j,0.000000
0.800000+0.000000j,0.236710+2.047222j,-0.317109-1.565346j,0.000000
0.800000+0.000000j,0.236710+2.047222j,-0.317109-1.565346j,0.000000
0.800000+0.000000j,0.236710+2.047222j,-0.317109-1.565346j,0.000000
0.800000+0.000000j,0.236710+2.047222j,-0.317109-1.565346j,0.000000
0.800000+0.000000j,0.236710+2.047222j,-0.317109-1.565346j,0.000000
0.800000+0.000000j,0.236710+2.047222j,-0.317109-1.565346j,0.000000
0.800000+0.000000j,0.236710+2.047222j,-0.317109-1.565346j,0.000000
0.800000+0.000000j,0.236710+2.047222j,-0.317109-1.565346j,0.000000
0.800000+0.000000j,0.236710+2.047222j,-0.317109-1.565346j,0.000000
0.800000+0.000000j,0.236710+2.047222j,-0.317109-1.565346j,0.000000
0.800000+0.000000j,0.236710+2.047222j,-0.317109-1.565346j,0.000000
0.800000+0.000000j,0.236710+2.047222j,-0.317109-1.565346j,0.000000
0.800000+0.000000j,0.236710+2.047222j,-0.317109-1.565346j,0.000000
0.800000+0.000000j,0.236710+2.047222j,-0.317109-1.565346j,0.000000
0.800000+0.000000j,0.236710+2.047222j,-0.317109-1.565346j,0.000000
0.800000+0.000000j,0.236710+2.047222j,-0.317109-1.565346j,0.000000
0.800000+0.000000j,0.236710+2.047222j,-0.317109-1.565346j,0.000000
0.800000+0.000000j,0.236710+2.047222j,-0.317109-1.565346j,0.000000
0.800000+0.000000j,0.236710+2.047222j,-0.317109-1.565346j,0.000000
0.800000+0.000000j,0.236710+2.047222j,-0.317109-1.565346j,0.000000
0.800000+0.000000j,0.236710+2.047222j,-0.317109-1.565346j,0.000000
0.800000+0.000000j,0.236710+2.047222j,-0.317109-1.565346j,0.000000
0.800000+0.000000j,0.236710+2.047222j,-0.317109-1.565346j,0.000000
0.800000+0.000000j,0.236710+2.047222j,-0.317109-1.565346j,0.000000
0.800000+0.000000j,0.236710+2.047222j,-0.317109-1.565346j,0.000000
0.800000+0.000000j,0.236710+2.047222j,-0.317109-1.565346j,0.000000
0.800000+0.000000j,0.236710+2.047222j,-0.317109-1.565346j,0.000000
0.800000+0.000000j,0.236710+2.047222j,-0.317109-1.565346j,0.000000
0.800000+0.000000j,0.236710+2.047222j,-0.317109-1.565346j,0.000000
0.800000+0.000000j,0.236710+2.047222j,-0.317109-1.565346j,0.000000
0.800000+0.000000j,0.236710+2.047222j,-0.317109-1.565346j,0.000000
0.800000+0.000000j,0.236710+2.047222j,-0.317109-1.565346j,0.000000
0.800000+0.000000j,0.236710+2.047222j,-0.317109-1.565346j,0.000000
0.800000+0.000000j,0.236710+2.047222j,-0.317109-1.565346j,0.000000
0.800000+0.000000j,0.236710+2.047222j,-0.317109-1.565346j,0.000000
0.800000+0.000000j,0.236710+2.047222j,-0.317109-1.565346j,0.000000
0.800000+0.000000j,0.236710+2.047222j,-0.317109-1.565346j,0.000000
0.800000+0.000000j,0.236710+2.047222j,-0.317109-1.565346j,0.000000
0.800000+0.000000j,0.236710+2.047222j,-0.317109-1.565346j,0.000000
0.800000+0.000000j,0.236710+2.047222j,-0.317109-1.565346j,0.000000
0.800000+0.000000j,0.236710+2.047222j,-0.317109-1.565346j,0.000000
0.800000+0.000000j,0.236710+2.047222j,-0.317109-1.565346j,0.000000
0.800000+0.000000j,0.236710+2.047222j,-0.317109-1.565346j,0.000000
0.800000+0.000000j,0.236710+2.047222j,-0.317109-1.565346j,0.000000
0.800000+0.000000j,0.236710+2.047222j,-0.317109-1.565346j,0.000000
0.800000+0.000000j,0.236710+2.047222j,-0.317109-1.565346j,0.000000
0.800000+0.000000j,0.236710+2.047222j,-0.317109-1.565346j,0.000000
0.800000+0.000000j,0.236710+2.047222j,-0.317109-1.565346j,0.000000
0.800000+0.000000j,0.236710+2.047222j,-0.317109-1.565346j,0.000000
0.800000+0.000000j,0.236710+2.047222j,-0.317109-1.565346j,0.000000
0.800000+0.000000j,0.236710+2.047222j,-0.317109-1.565346j,0.000000
0.800000+0.000000j,0.236710+2.047222j,-0.317109-1.565346j,0.000000
0.800000+0.000000j,0.236710+2.047222j,-0.317109-1.565346j,0.000000
0.800000+0.000000j,0.236710+2.047222j,-0.317109-1.565346j,0.000000
0.800000+0.000000j,0.236710+2.047222j,-0.317109-1.565346j,0.000000
0.800000+0.000000j,0.236710+2.047222j,-0.317109-1.565346j,0.000000
0.800000+0.000000j,0.236710+2.047222j,-0.317109-1.565346j,0.000000
0.800000+0.000000j,0.236710+2.047222j,-0.317109-1.565346j,0.000000
0.800000+0.000000j,0.236710+2.047222j,-0.317109-1.565346j,0.000000
0.800000+0.000000j,0.236710+2.047222j,-0.317109-1.565346j,0.000000
0.800000+0.000000j,0.236710+2.047222j,-0.317109-1.565346j,0.000000
0.800000+0.000000j,0.236710+2.047222j,-0.317109-1.565346j,0.000000
0.800000+0.000000j,0.236710+2.047222j,-0.317109-1.565346j,0.000000
0.800000+0.000000j,0.236710+2.047222j,-0.317109-1.565346j,0.000000
0.800000+0.000000j,0.236710+2.047222j,-0.317109-1.565346j,0.000000
0.800000+0.000000j,0.236710+2.047222j,-0.317109-1.565346j,0.000000
0.800000+0.000000j,0.236710+2.047222j,-0.317109-1.565346j,0.000000
0.800000+0.000000j,0.236710+2.047222j,-0.317109-1.565346j,0.000000
0.800000+0.000000j,0.236710+2.047222j,-0.317109-1.565346j,0.000000
0.800000+0.000000j,0.236710+2.047222j,-0.317109-1.565346j,0.000000
0.800000+0.000000j,0.236710+2.047222j,-0.317109-1.565346j,0.000000
0.800000+0.000000j,0.236710+2.047222j,-0.317109-1.565346j,0.000000
0.800000+0.000000j,0.236710+2.047222j,-0.317109-1.565346j,0.000000
0.800000+0.000000j,0.236710+2.047222j,-0.317109-1.565346j,0.000000
0.800000+0.000000j,0.236710+2.047222j,-0.317109-1.565346j,0.000000
0.800000+0.000000j,0.236710+2.047222j,-0.317109-1.565346j,0.000000
0.800000+0.000000j,0.236710+2.047222j,-0.317109-1.565346j,0.000000
0.800000+0.000000j,0.236710+2.047222j,-0.317109-1.565346j,0.000000
0.800000+0.000000j,0.236710+2.047222j,-0.317109-1.565346j,0.000000
0.800000+0.000000j,0.236710+2.047222j,-0.317109-1.565346j,0.000000
0.800000+0.000000j,0.236710+2.047222j,-0.317109-1.565346j,0.000000
0.800000+0.000000j,0.236710+2.047222j,-0.317109-1.565346j,0.000000
0.800000+0.000000j,0.236710+2.047222j,-0.317109-1.565346j,0.000000
0.800000+0.000000j,0.236710+2.047222j,-0.317109-1.565346j,0.000000
0.800000+0.000000j,0.236710+2.047222j,-0.317109-1.565346j,0.000000
0.800000+0.000000j,0.236710+2.047222j,-0.317109-1.565346j,0.000000
0.800000+0.000000j,0.236710+2.047222j,-0.317109-1.565346j,0.000000
0.800000+0.000000j,0.236710+2.047222j,-0.317109-1.565346j,0.000000
0.800000+0.000000j,0.236710+2.047222j,-0.317109-1.565346j,0.000000
0.800000+0.000000j,0.236710+2.047222j,-0.317109-1.565346j,0.000000
0.800000+0.000000j,0.236710+2.047222j,-0.317109-1.565346j,0.000000
0.800000+0.000000j,0.236710+2.047222j,-0.317109-1.565346j,0.000000
0.800000+0.000000j,0.236710+2.047222j,-0.317109-1.565346j,0.000000
0.800000+0.000000j,0.236710+2.047222j,-0.317109-1.565346j,0.000000
0.800000+0.000000j,0.236710+2.047222j,-0.317109-1.565346j,0.000000
0.800000+0.000000j,0.236710+2.047222j,-0.317109-1.565346j,0.000000
0.800000+0.000000j,0.236710+2.047222j,-0.317109-1.565346j,0.000000
0.800000+0.000000j,0.236710+2.047222j,-0.317109-1.565346j,0.000000
0.800000+0.000000j,0.236710+2.047222j,-0.317109-1.565346j,0.000000
0.800000+0.000000j,0.236710+2.047222j,-0.317109-1.565346j,0.000000
0.800000+0.000000j,0.236710+2.047222j,-0.317109-1.565346j,0.000000
0.800000+0.000000j,0.236710+2.047222j,-0.317109-1.565346j,0.000000
0.800000+0.000000j,0.236710+2.047222j,-0.317109-1.565346j,0.000000
0.800000+0.000000j,0.236710+2.047222j,-0.317109-1.565346j,0.000000
0.800000+0.000000j,0.236710+2.047222j,-0.317109-1.565346j,0.000000
0.800000+0.000000j,0.236710+2.047222j,-0.317109-1.565346j,0.000000
0.800000+0.000000j,0.236710+2.047222j,-0.317109-1.565346j,0.000000
0.800000+0.000000j,0.236710+2.047222j,-0.317109-1.565346j,0.000000
0.800000+0.000000j,0.236710+2.047222j,-0.317109-1.565346j,0.000000
0.800000+0.000000j,0.236710+2.047222j,-0.317109-1.565346j,0.000000
0.800000+0.000000j,0.236710+2.047222j,-0.317109-1.565346j,0.000000
0.800000+0.000000j,0.236710+2.047222j,-0.317109-1.565346j,0.000000
0.800000+0.000000j,0.236710+2.047222j,-0.317109-1.565346j,0.000000
0.800000+0.000000j,0.236710+2.047222j,-0.317109-1.565346j,0.000000
0.800000+0.000000j,0.236710+2.047222j,-0.317109-1.565346j,0.000000
0.800000+0.000000j,0.236710+2.047222j,-0.317109-1.565346j,0.000000
0.800000+0.000000j,0.236710+2.047222j,-0.317109-1.565346j,0.000000
0.800000+0.000000j,0.236710+2.047222j,-0.317109-1.565346j,0.000000
0.800000+0.000000j,0.236710+2.047222j,-0.317109-1.565346j,0.000000
0.800000+0.000000j,0.236710+2.047222j,-0.317109-1.565346j,0.000000
0.800000+0.000000j,0.236710+2.047222j,-0.317109-1.565346j,0.000000
0.800000+0.000000j,0.236710+2.047222j,-0.317109-1.565346j,0.000000
0.800000+0.000000j,0.236710+2.047222j,-0.317109-1.565346j,0.000000
0.800000+0.000000j,0.236710+2.047222j,-0.317109-1.565346j,0.000000
0.800000+0.000000j,0.236710+2.047222j,-0.317109-1.565346j,0.000000
0.800000+0.000000j,0.236710+2.047222j,-0.317109-1.565346j,0.000000
0.800000+0.000000j,0.236710+2.047222j,-0.317109-1.565346j,0.000000
0.800000+0.000000j,0.236710+2.047222j,-0.317109-1.565346j,0.000000
0.800000+0.000000j,0.236710+2.047222j,-0.317109-1.565346j,0.000000
0.800000+0.000000j,0.236710+2.047222j,-0.317109-1.565346j,0.000000
0.800000+0.000000j,0.236710+2.047222j,-0.317109-1.565346j,0.000000
0.800000+0.000000j,0.236710+2.047222j,-0.317109-1.565346j,0.000000
0.800000+0.000000j,0.236710+2.047222j,-0.317109-1.565346j,0.000000
0.800000+0.000000j,0.236710+2.047222j,-0.317109-1.565346j,0.000000
0.800000+0.000000j,0.236710+2.047222j,-0.317109-1.565346j,0.000000
0.800000+0.000000j,0.236710+2.047222j,-0.317109-1.565346j,0.000000
0.800000+0.000000j,0.236710+2.047222j,-0.317109-1.565346j,0.000000
0.800000+0.000000j,0.236710+2.047222j,-0.317109-1.565346j,0.000000
0.800000+0.000000j,0.236710+2.047222j,-0.317109-1.565346j,0.000000
0.800000+0.000000j,0.236710+2.047222j,-0.317109-1.565346j,0.000000
0.800000+0.000000j,0.236710+2.047222j,-0.317109-1.565346j,0.000000
0.800000+0.000000j,0.236710+2.047222j,-0.317109-1.565346j,0.000000
0.800000+0.000000j,0.236710+2.047222j,-0.317109-1.565346j,0.000000
0.800000+0.000000j,0.236710+2.047222j,-0.317109-1.565346j,0.000000
0.800000+0.000000j,0.236710+2.047222j,-0.317109-1.565346j,0.000000
0.800000+0.000000j,0.236710+2.047222j,-0.317109-1.565346j,0.000000
0.800000+0.000000j,0.236710+2.047222j,-0.317109-1.565346j,0.000000
0.800000+0.000000j,0.236710+2.047222j,-0.317109-1.565346j,0.000000
0.800000+0.000000j,0.236710+2.047222j,-0.317109-1.565346j,0.000000
0.800000+0.000000j,0.236710+2.047222j,-0.317109-1.565346j,0.000000
0.800000+0.000000j,0.236710+2.047222j,-0.317109-1.565346j,0.000000
0.800000+0.000000j,0.236710+2.047222j,-0.317109-1.565346j,0.000000
0.800000+0.000000j,0.236710+2.047222j,-0.317109-1.565346j,0.000000
0.800000+0.000000j,0.236710+2.047222j,-0.317109-1.565346j,0.000000
0.800000+0.000000j,0.236710+2.047222j,-0.317109-1.565346j,0.000000
0.800000+0.000000j,0.236710+2.047222j,-0.317109-1.565346j,0.000000
0.800000+0.000000j,0.236710+2.047222j,-0.317109-1.565346j,0.000000
0.800000+0.000000j,0.236710+2.047222j,-0.317109-1.565346j,0.000000
0.800000+0.000000j,0.236710+2.047222j,-0.317109-1.565346j,0.000000
0.800000+0.000000j,0.236710+2.047222j,-0.317109-1.565346j,0.000000
0.800000+0.000000j,0.236710+2.047222j,-0.317109-1.565346j,0.000000
0.800000+0.000000j,0.236710+2.047222j,-0.317109-1.565346j,0.000000
0.800000+0.000000j,0.236710+2.047222j,-0.317109-1.565346j,0.000000
0.800000+0.000000j,0.236710+2.047222j,-0.317109-1.565346j,0.000000
0.800000+0.000000j,0.236710+2.047222j,-0.317109-1.565346j,0.000000
0.800000+0.000000j,0.236710+2.047222j,-0.317109-1.565346j,0.000000
0.800000+0.000000j,0.236710+2.047222j,-0.317109-1.565346j,0.000000
0.800000+0.000000j,0.236710+2.047222j,-0.317109-1.565346j,0.000000
0.800000+0.000000j,0.236710+2.047222j,-0.317109-1.565346j,0.000000
0.800000+0.000000j,0.236710+2.047222j,-0.317109-1.565346j,0.000000
0.800000+0.000000j,0.236710+2.047222j,-0.317109-1.565346j,0.000000
0.800000+0.000000j,0.236710+2.047222j,-0.317109-1.565346j,0.000000
0.800000+0.000000j,0.236710+2.047222j,-0.317109-1.565346j,0.000000
0.800000+0.000000j,0.236710+2.047222j,-0.317109-1.565346j,0.000000
0.800000+0.000000j,0.236710+2.047222j,-0.317109-1.565346j,0.000000
0.800000+0.000000j,0.236710+2.047222j,-0.317109-1.565346j,0.000000
0.800000+0.000000j,0.236710+2.047222j,-0.317109-1.565346j,0.000000
0.800000+0.000000j,0.236710+2.047222j,-0.317109-1.565346j,0.000000
0.800000+0.000000j,0.236710+2.047222j,-0.317109-1.565346j,0.000000
0.800000+0.000000j,0.236710+2.047222j,-0.317109-1.565346j,0.000000
0.800000+0.000000j,0.236710+2.047222j,-0.317109-1.565346j,0.000000
0.800000+0.000000j,0.236710+2.047222j,-0.317109-1.565346j,0.000000
0.800000+0.000000j,0.236710+2.047222j,-0.317109-1.565346j,0.000000
0.800000+0.000000j,0.236710+2.047222j,-0.317109-1.565346j,0.000000
0.800000+0.000000j,0.236710+2.047222j,-0.317109-1.565346j,0.000000
0.800000+0.000000j,0.236710+2.047222j,-0.317109-1.565346j,0.000000
0.800000+0.000000j,0.236710+2.047222j,-0.317109-1.565346j,0.000000
0.800000+0.000000j,0.236710+2.047222j,-0.317109-1.565346j,0.000000
0.800000+0.000000j,0.236710+2.047222j,-0.317109-1.565346j,0.000000
0.800000+0.000000j,0.236710+2.047222j,-0.317109-1.565346j,0.000000
0.800000+0.000000j,0.236710+2.047222j,-0.317109-1.565346j,0.000000
0.800000+0.000000j,0.236710+2.047222j,-0.317109-1.565346j,0.000000
0.800000+0.000000j,0.236710+2.047222j,-0.317109-1.565346j,0.000000
0.800000+0.000000j,0.236710+2.047222j,-0.317109-1.565346j,0.000000
0.800000+0.000000j,0.236710+2.047222j,-0.317109-1.565346j,0.000000
0.800000+0.000000j,0.236710+2.047222j,-0.317109-1.565346j,0.000000
0.800000+0.000000j,0.236710+2.047222j,-0.317109-1.565346j,0.000000
0.800000+0.000000j,0.236710+2.047222j,-0.317109-1.565346j,0.000000
0.800000+0.000000j,0.236710+2.047222j,-0.317109-1.565346j,0.000000
0.800000+0.000000j,0.236710+2.047222j,-0.317109-1.565346j,0.000000
0.800000+0.000000j,0.236710+2.047222j,-0.317109-1.565346j,0.000000
0.800000+0.000000j,0.236710+2.047222j,-0.317109-1.565346j,0.000000
0.800000+0.000000j,0.236710+2.047222j,-0.317109-1.565346j,0.000000
0.800000+0.000000j,0.236710+2.047222j,-0.317109-1.565346j,0.000000
0.800000+0.000000j,0.236710+2.047222j,-0.317109-1.565346j,0.000000
0.800000+0.000000j,0.236710+2.047222j,-0.317109-1.565346j,0.000000
0.800000+0.000000j,0.236710+2.047222j,-0.317109-1.565346j,0.000000
0.800000+0.000000j,0.236710+2.047222j,-0.317109-1.565346j,0.000000
0.800000+0.000000j,0.236710+2.047222j,-0.317109-1.565346j,0.000000
0.800000+0.000000j,0.236710+2.047222j,-0.317109-1.565346j,0.000000
0.800000+0.000000j,0.236710+2.047222j,-0.317109-1.565346j,0.000000
0.800000+0.000000j,0.236710+2.047222j,-0.317109-1.565346j,0.000000
0.800000+0.000000j,0.236710+2.047222j,-0.317109-1.565346j,0.000000
0.800000+0.000000j,0.236710+2.047222j,-0.317109-1.565346j,0.000000
0.800000+0.000000j,0.236710+2.047222j,-0.317109-1.565346j,0.000000
0.800000+0.000000j,0.236710+2.047222j,-0.317109-1.565346j,0.000000
0.800000+0.000000j,0.236710+2.047222j,-0.317109-1.565346j,0.000000
0.800000+0.000000j,0.236710+2.047222j,-0.317109-1.565346j,0.000000
0.800000+0.000000j,0.236710+2.047222j,-0.317109-1.565346j,0.000000
0.800000+0.000000j,0.236710+2.047222j,-0.317109-1.565346j,0.000000
0.800000+0.000000j,0.236710+2.047222j,-0.317109-1.565346j,0.000000
0.800000+0.000000j,0.236710+2.047222j,-0.317109-1.565346j,0.000000
0.800000+0.000000j,0.236710+2.047222j,-0.317109-1.565346j,0.000000
0.800000+0.000000j,0.236710+2.047222j,-0.317109-1.565346j,0.000000
0.800000+0.000000j,0.236710+2.047222j,-0.317109-1.565346j,0.000000
0.800000+0.000000j,0.236710+2.047222j,-0.317109-1.565346j,0.000000
0.800000+0.000000j,0.236710+2.047222j,-0.317109-1.565346j,0.000000
0.800000+0.000000j,0.236710+2.047222j,-0.317109-1.565346j,0.000000
0.800000+0.000000j,0.236710+2.047222j,-0.317109-1.565346j,0.000000
0.800000+0.000000j,0.236710+2.047222j,-0.317109-1.565346j,0.000000
0.800000+0.000000j,0.236710+2.047222j,-0.317109-1.565346j,0.000000
0.800000+0.000000j,0.236710+2.047222j,-0.317109-1.565346j,0.000000
0.800000+0.000000j,0.236710+2.047222j,-0.317109-1.565346j,0.000000
0.800000+0.000000j,0.236710+2.047222j,-0.317109-1.565346j,0.000000
0.800000+0.000000j,0.236710+2.047222j,-0.317109-1.565346j,0.000000
0.800000+0.000000j,0.236710+2.047222j,-0.317109-1.565346j,0.000000
0.800000+0.000000j,0.236710+2.047222j,-0.317109-1.565346j,0.000000
0.800000+0.000000j,0.236710+2.047222j,-0.317109-1.565346j,0.000000
0.800000+0.000000j,0.236710+2.047222j,-0.317109-1.565346j,0.000000
0.800000+0.000000j,0.236710+2.047222j,-0.317109-1.565346j,0.000000
0.800000+0.000000j,0.236710+2.047222j,-0.317109-1.565346j,0.000000
0.800000+0.000000j,0.236710+2.047222j,-0.317109-1.565346j,0.000000
0.800000+0.000000j,0.236710+2.047222j,-0.317109-1.565346j,0.000000
0.800000+0.000000j,0.236710+2.047222j,-0.317109-1.565346j,0.000000
0.800000+0.000000j,0.236710+2.047222j,-0.317109-1.565346j,0.000000
0.800000+0.000000j,0.236710+2.047222j,-0.317109-1.565346j,0.000000
0.800000+0.000000j,0.236710+2.047222j,-0.317109-1.565346j,0.000000
0.800000+0.000000j,0.236710+2.047222j,-0.317109-1.565346j,0.000000
0.800000+0.000000j,0.236710+2.047222j,-0.317109-1.565346j,0.000000
0.800000+0.000000j,0.236710+2.047222j,-0.317109-1.565346j,0.000000
0.800000+0.000000j,0.236710+2.047222j,-0.317109-1.565346j,0.000000
0.800000+0.000000j,0.236710+2.047222j,-0.317109-1.565346j,0.000000
0.800000+0.000000j,0.236710+2.047222j,-0.317109-1.565346j,0.000000
0.800000+0.000000j,0.236710+2.047222j,-0.317109-1.565346j,0.000000
0.800000+0.000000j,0.236710+2.047222j,-0.317109-1.565346j,0.000000
0.800000+0.000000j,0.236710+2.047222j,-0.317109-1.565346j,0.000000
0.800000+0.000000j,0.236710+2.047222j,-0.317109-1.565346j,0.000000
0.800000+0.000000j,0.236710+2.047222j,-0.317109-1.565346j,0.000000
0.800000+0.000000j,0.236710+2.047222j,-0.317109-1.565346j,0.000000
0.800000+0.000000j,0.236710+2.047222j,-0.317109-1.565346j,0.000000
0.800000+0.000000j,0.236710+2.047222j,-0.317109-1.565346j,0.000000
0.800000+0.000000j,0.236710+2.047222j,-0.317109-1.565346j,0.000000
0.800000+0.000000j,0.236710+2.047222j,-0.317109-1.565346j,0.000000
0.800000+0.000000j,0.236710+2.047222j,-0.317109-1.565346j,0.000000
0.800000+0.000000j,0.236710+2.047222j,-0.317109-1.565346j,0.000000
0.800000+0.000000j,0.236710+2.047222j,-0.317109-1.565346j,0.000000
0.800000+0.000000j,0.236710+2.047222j,-0.317109-1.565346j,0.000000
0.800000+0.000000j,0.236710+2.047222j,-0.317109-1.565346j,0.000000
0.800000+0.000000j,0.236710+2.047222j,-0.317109-1.565346j,0.000000
0.800000+0.000000j,0.236710+2.047222j,-0.317109-1.565346j,0.000000
0.800000+0.000000j,0.236710+2.047222j,-0.317109-1.565346j,0.000000
0.800000+0.000000j,0.236710+2.047222j,-0.317109-1.565346j,0.000000
0.800000+0.000000j,0.236710+2.047222j,-0.317109-1.565346j,0.000000
0.800000+0.000000j,0.236710+2.047222j,-0.317109-1.565346j,0.000000
0.800000+0.000000j,0.236710+2.047222j,-0.317109-1.565346j,0.000000
0.800000+0.000000j,0.236710+2.047222j,-0.317109-1.565346j,0.000000
0.800000+0.000000j,0.236710+2.047222j,-0.317109-1.565346j,0.000000
0.800000+0.000000j,0.236710+2.047222j,-0.317109-1.565346j,0.000000
0.800000+0.000000j,0.236710+2.047222j,-0.317109-1.565346j,0.000000
0.800000+0.000000j,0.236710+2.047222j,-0.317109-1.565346j,0.000000
0.800000+0.000000j,0.236710+2.047222j,-0.317109-1.565346j,0.000000
0.800000+0.000000j,0.236710+2.047222j,-0.317109-1.565346j,0.000000
0.800000+0.000000j,0.236710+2.047222j,-0.317109-1.565346j,0.000000
0.800000+0.000000j,0.236710+2.047222j,-0.317109-1.565346j,0.000000
0.800000+0.000000j,0.236710+2.047222j,-0.317109-1.565346j,0.000000
0.800000+0.000000j,0.236710+2.047222j,-0.317109-1.565346j,0.000000
0.800000+0.000000j,0.236710+2.047222j,-0.317109-1.565346j,0.000000
0.800000+0.000000j,0.236710+2.047222j,-0.317109-1.565346j,0.000000
0.800000+0.000000j,0.236710+2.047222j,-0.317109-1.565346j,0.000000
0.800000+0.000000j,0.236710+2.047222j,-0.317109-1.565346j,0.000000
0.800000+0.000000j,0.236710+2.047222j,-0.317109-1.565346j,0.000000
0.800000+0.000000j,0.236710+2.047222j,-0.317109-1.565346j,0.000000
0.800000+0.000000j,0.236710+2.047222j,-0.317109-1.565346j,0.000000
0.800000+0.000000j,0.236710+2.047222j,-0.317109-1.565346j,0.000000
0.800000+0.000000j,0.236710+2.047222j,-0.317109-1.565346j,0.000000
0.800000+0.000000j,0.236710+2.047222j,-0.317109-1.565346j,0.000000
0.800000+0.000000j,0.236710+2.047222j,-0.317109-1.565346j,0.000000
0.800000+0.000000j,0.236710+2.047222j,-0.317109-1.565346j,0.000000
0.800000+0.000000j,0.236710+2.047222j,-0.317109-1.565346j,0.000000
0.800000+0.000000j,0.236710+2.047222j,-0.317109-1.565346j,0.000000
0.800000+0.000000j,0.236710+2.047222j,-0.317109-1.565346j,0.000000
0.800000+0.000000j,0.236710+2.047222j,-0.317109-1.565346j,0.000000
0.800000+0.000000j,0.236710+2.047222j,-0.317109-1.565346j,0.000000
0.800000+0.000000j,0.236710+2.047222j,-0.317109-1.565346j,0.000000
0.800000+0.000000j,0.236710+2.047222j,-0.317109-1.565346j,0.000000
0.800000+0.000000j,0.236710+2.047222j,-0.317109-1.565346j,0.000000
0.800000+0.000000j,0.236710+2.047222j,-0.317109-1.565346j,0.000000
0.800000+0.000000j,0.236710+2.047222j,-0.317109-1.565346j,0.000000
0.800000+0.000000j,0.236710+2.047222j,-0.317109-1.565346j,0.000000
0.800000+0.000000j,0.236710+2.047222j,-0.317109-1.565346j,0.000000
0.800000+0.000000j,0.236710+2.047222j,-0.317109-1.565346j,0.000000
0.800000+0.000000j,0.236710+2.047222j,-0.317109-1.565346j,0.000000
0.800000+0.000000j,0.236710+2.047222j,-0.317109-1.565346j,0.000000
0.800000+0.000000j,0.236710+2.047222j,-0.317109-1.565346j,0.000000
0.800000+0.000000j,0.236710+2.047222j,-0.317109-1.565346j,0.000000
0.800000+0.000000j,0.236710+2.047222j,-0.317109-1.565346j,0.000000
0.800000+0.000000j,0.236710+2.047222j,-0.317109-1.565346j,0.000000
0.800000+0.000000j,0.236710+2.047222j,-0.317109-1.565346j,0.000000
0.800000+0.000000j,0.236710+2.047222j,-0.317109-1.565346j,0.000000
0.800000+0.000000j,0.236710+2.047222j,-0.317109-1.565346j,0.000000
0.800000+0.000000j,0.236710+2.047222j,-0.317109-1.565346j,0.000000
0.800000+0.000000j,0.236710+2.047222j,-0.317109-1.565346j,0.000000
0.800000+0.000000j,0.236710+2.047222j,-0.317109-1.565346j,0.000000
0.800000+0.000000j,0.236710+2.047222j,-0.317109-1.565346j,0.000000
0.800000+0.000000j,0.236710+2.047222j,-0.317109-1.565346j,0.000000
0.800000+0.000000j,0.236710+2.047222j,-0.317109-1.565346j,0.000000
0.800000+0.000000j,0.236710+2.047222j,-0.317109-1.565346j,0.000000
0.800000+0.000000j,0.236710+2.047222j,-0.317109-1.565346j,0.000000
0.800000+0.000000j,0.236710+2.047222j,-0.317109-1.565346j,0.000000
0.800000+0.000000j,0.236710+2.047222j,-0.317109-1.565346j,0.000000
0.800000+0.000000j,0.236710+2.047222j,-0.317109-1.565346j,0.000000
0.800000+0.000000j,0.236710+2.047222j,-0.317109-1.565346j,0.000000
0.800000+0.000000j,0.236710+2.047222j,-0.317109-1.565346j,0.000000
0.800000+0.000000j,0.236710+2.047222j,-0.317109-1.565346j,0.000000
0.800000+0.000000j,0.236710+2.047222j,-0.317109-1.565346j,0.000000
0.800000+0.000000j,0.236710+2.047222j,-0.317109-1.565346j,0.000000
0.800000+0.000000j,0.236710+2.047222j,-0.317109-1.565346j,0.000000
0.800000+0.000000j,0.236710+2.047222j,-0.317109-1.565346j,0.000000
0.800000+0.000000j,0.236710+2.047222j,-0.317109-1.565346j,0.000000
0.800000+0.000000j,0.236710+2.047222j,-0.317109-1.565346j,0.000000
0.800000+0.000000j,0.236710+2.047222j,-0.317109-1.565346j,0.000000
0.800000+0.000000j,0.236710+2.047222j,-0.317109-1.565346j,0.000000
0.800000+0.000000j,0.236710+2.047222j,-0.317109-1.565346j,0.000000
0.800000+0.000000j,0.236710+2.047222j,-0.317109-1.565346j,0.000000
0.800000+0.000000j,0.236710+2.047222j,-0.317109-1.565346j,0.000000
0.800000+0.000000j,0.236710+2.047222j,-0.317109-1.565346j,0.000000
0.800000+0.000000j,0.236710+2.047222j,-0.317109-1.565346j,0.000000
0.800000+0.000000j,0.236710+2.047222j,-0.317109-1.565346j,0.000000
0.800000+0.000000j,0.236710+2.047222j,-0.317109-1.565346j,0.000000
0.800000+0.000000j,0.236710+2.047222j,-0.317109-1.565346j,0.000000
0.800000+0.000000j,0.236710+2.047222j,-0.317109-1.565346j,0.000000
0.800000+0.000000j,0.236710+2.047222j,-0.317109-1.565346j,0.000000
0.800000+0.000000j,0.236710+2.047222j,-0.317109-1.565346j,0.000000
0.800000+0.000000j,0.236710+2.047222j,-0.317109-1.565346j,0.000000
0.800000+0.000000j,0.236710+2.047222j,-0.317109-1.565346j,0.000000
0.800000+0.000000j,0.236710+2.047222j,-0.317109-1.565346j,0.000000
0.800000+0.000000j,0.236710+2.047222j,-0.317109-1.565346j,0.000000
0.800000+0.000000j,0.236710+2.047222j,-0.317109-1.565346j,0.000000
0.800000+0.000000j,0.236710+2.047222j,-0.317109-1.565346j,0.000000
0.800000+0.000000j,0.236710+2.047222j,-0.317109-1.565346j,0.000000
0.800000+0.000000j,0.236710+2.047222j,-0.317109-1.565346j,0.000000
0.800000+0.000000j,0.236710+2.047222j,-0.317109-1.565346j,0.000000
0.800000+0.000000j,0.236710+2.047222j,-0.317109-1.565346j,0.000000
0.800000+0.000000j,0.236710+2.047222j,-0.317109-1.565346j,0.000000
0.800000+0.000000j,0.236710+2.047222j,-0.317109-1.565346j,0.000000
0.800000+0.000000j,0.236710+2.047222j,-0.317109-1.565346j,0.000000
0.800000+0.000000j,0.236710+2.047222j,-0.317109-1.565346j,0.000000
0.800000+0.000000j,0.236710+2.047222j,-0.317109-1.565346j,0.000000
0.800000+0.000000j,0.236710+2.047222j,-0.317109-1.565346j,0.000000
0.800000+0.000000j,0.236710+2.047222j,-0.317109-1.565346j,0.000000
0.800000+0.000000j,0.236710+2.047222j,-0.317109-1.565346j,0.000000
0.800000+0.000000j,0.236710+2.047222j,-0.317109-1.565346j,0.000000
0.800000+0.000000j,0.236710+2.047222j,-0.317109-1.565346j,0.000000
0.800000+0.000000j,0.236710+2.047222j,-0.317109-1.565346j,0.000000
0.800000+0.000000j,0.236710+2.047222j,-0.317109-1.565346j,0.000000
0.800000+0.000000j,0.236710+2.047222j,-0.317109-1.565346j,0.000000
0.800000+0.000000j,0.236710+2.047222j,-0.317109-1.565346j,0.000000
0.800000+0.000000j,0.236710+2.047222j,-0.317109-1.565346j,0.000000
0.800000+0.000000j,0.236710+2.047222j,-0.317109-1.565346j,0.000000
0.800000+0.000000j,0.236710+2.047222j,-0.317109-1.565346j,0.000000
0.800000+0.000000j,0.236710+2.047222j,-0.317109-1.565346j,0.000000
0.800000+0.000000j,0.236710+2.047222j,-0.317109-1.565346j,0.000000
0.800000+0.000000j,0.236710+2.047222j,-0.317109-1.565346j,0.000000
0.800000+0.000000j,0.236710+2.047222j,-0.317109-1.565346j,0.000000
0.800000+0.000000j,0.236710+2.047222j,-0.317109-1.565346j,0.000000
0.800000+0.000000j,0.236710+2.047222j,-0.317109-1.565346j,0.000000
0.800000+0.000000j,0.236710+2.047222j,-0.317109-1.565346j,0.000000
0.800000+0.000000j,0.236710+2.047222j,-0.317109-1.565346j,0.000000
0.800000+0.000000j,0.236710+2.047222j,-0.317109-1.565346j,0.000000
0.800000+0.000000j,0.236710+2.047222j,-0.317109-1.565346j,0.000000
0.800000+0.000000j,0.236710+2.047222j,-0.317109-1.565346j,0.000000
0.800000+0.000000j,0.236710+2.047222j,-0.317109-1.565346j,0.000000
0.800000+0.000000j,0.236710+2.047222j,-0.317109-1.565346j,0.000000
0.800000+0.000000j,0.236710+2.047222j,-0.317109-1.565346j,0.000000
0.800000+0.000000j,0.236710+2.047222j,-0.317109-1.565346j,0.000000
0.800000+0.000000j,0.236710+2.047222j,-0.317109-1.565346j,0.000000
0.800000+0.000000j,0.236710+2.047222j,-0.317109-1.565346j,0.000000
0.800000+0.000000j,0.236710+2.047222j,-0.317109-1.565346j,0.000000
0.800000+0.000000j,0.236710+2.047222j,-0.317109-1.565346j,0.000000
0.800000+0.000000j,0.236710+2.047222j,-0.317109-1.565346j,0.000000
0.800000+0.000000j,0.236710+2.047222j,-0.317109-1.565346j,0.000000
0.800000+0.000000j,0.236710+2.047222j,-0.317109-1.565346j,0.000000
0.800000+0.000000j,0.236710+2.047222j,-0.317109-1.565346j,0.000000
0.800000+0.000000j,0.236710+2.047222j,-0.317109-1.565346j,0.000000
0.800000+0.000000j,0.236710+2.047222j,-0.317109-1.565346j,0.000000
0.800000+0.000000j,0.236710+2.047222j,-0.317109-1.565346j,0.000000
0.800000+0.000000j,0.236710+2.047222j,-0.317109-1.565346j,0.000000
0.800000+0.000000j,0.236710+2.047222j,-0.317109-1.565346j,0.000000
0.800000+0.000000j,0.236710+2.047222j,-0.317109-1.565346j,0.000000
0.800000+0.000000j,0.236710+2.047222j,-0.317109-1.565346j,0.000000
0.800000+0.000000j,0.236710+2.047222j,-0.317109-1.565346j,0.000000
0.800000+0.000000j,0.236710+2.047222j,-0.317109-1.565346j,0.000000
0.800000+0.000000j,0.236710+2.047222j,-0.317109-1.565346j,0.000000
0.800000+0.000000j,0.236710+2.047222j,-0.317109-1.565346j,0.000000
0.800000+0.000000j,0.236710+2.047222j,-0.317109-1.565346j,0.000000
0.800000+0.000000j,0.236710+2.047222j,-0.317109-1.565346j,0.000000
0.800000+0.000000j,0.236710+2.047222j,-0.317109-1.565346j,0.000000
0.800000+0.000000j,0.236710+2.047222j,-0.317109-1.565346j,0.000000
0.800000+0.000000j,0.236710+2.047222j,-0.317109-1.565346j,0.000000
0.800000+0.000000j,0.236710+2.047222j,-0.317109-1.565346j,0.000000
0.800000+0.000000j,0.236710+2.047222j,-0.317109-1.565346j,0.000000
0.800000+0.000000j,0.236710+2.047222j,-0.317109-1.565346j,0.000000
0.800000+0.000000j,0.236710+2.047222j,-0.317109-1.565346j,0.000000
0.800000+0.000000j,0.236710+2.047222j,-0.317109-1.565346j,0.000000
0.800000+0.000000j,0.236710+2.047222j,-0.317109-1.565346j,0.000000
0.800000+0.000000j,0.236710+2.047222j,-0.317109-1.565346j,0.000000
0.800000+0.000000j,0.236710+2.047222j,-0.317109-1.565346j,0.000000
0.800000+0.000000j,0.236710+2.047222j,-0.317109-1.565346j,0.000000
0.800000+0.000000j,0.236710+2.047222j,-0.317109-1.565346j,0.000000
0.800000+0.000000j,0.236710+2.047222j,-0.317109-1.565346j,0.000000
0.800000+0.000000j,0.236710+2.047222j,-0.317109-1.565346j,0.000000
0.800000+0.000000j,0.236710+2.047222j,-0.317109-1.565346j,0.000000
0.800000+0.000000j,0.236710+2.047222j,-0.317109-1.565346j,0.000000
0.800000+0.000000j,0.236710+2.047222j,-0.317109-1.565346j,0.000000
0.800000+0.000000j,0.236710+2.047222j,-0.317109-1.565346j,0.000000
0.800000+0.000000j,0.236710+2.047222j,-0.317109-1.565346j,0.000000
0.800000+0.000000j,0.236710+2.047222j,-0.317109-1.565346j,0.000000
0.800000+0.000000j,0.236710+2.047222j,-0.317109-1.565346j,0.000000
0.800000+0.000000j,0.236710+2.047222j,-0.317109-1.565346j,0.000000
0.800000+0.000000j,0.236710+2.047222j,-0.317109-1.565346j,0.000000
0.800000+0.000000j,0.236710+2.047222j,-0.317109-1.565346j,0.000000
0.800000+0.000000j,0.236710+2.047222j,-0.317109-1.565346j,0.000000
0.800000+0.000000j,0.236710+2.047222j,-0.317109-1.565346j,0.000000
0.800000+0.000000j,0.236710+2.047222j,-0.317109-1.565346j,0.000000
0.800000+0.000000j,0.236710+2.047222j,-0.317109-1.565346j,0.000000
0.800000+0.000000j,0.236710+2.047222j,-0.317109-1.565346j,0.000000
0.800000+0.000000j,0.236710+2.047222j,-0.317109-1.565346j,0.000000
0.800000+0.000000j,0.236710+2.047222j,-0.317109-1.565346j,0.000000
0.800000+0.000000j,0.236710+2.047222j,-0.317109-1.565346j,0.000000
0.800000+0.000000j,0.236710+2.047222j,-0.317109-1.565346j,0.000000
0.800000+0.000000j,0.236710+2.047222j,-0.317109-1.565346j,0.000000
0.800000+0.000000j,0.236710+2.047222j,-0.317109-1.565346j,0.000000
0.800000+0.000000j,0.236710+2.047222j,-0.317109-1.565346j,0.000000
0.800000+0.000000j,0.236710+2.047222j,-0.317109-1.565346j,0.000000
0.800000+0.000000j,0.236710+2.047222j,-0.317109-1.565346j,0.000000
0.800000+0.000000j,0.236710+2.047222j,-0.317109-1.565346j,0.000000
0.800000+0.000000j,0.236710+2.047222j,-0.317109-1.565346j,0.000000
0.800000+0.000000j,0.236710+2.047222j,-0.317109-1.565346j,0.000000
0.800000+0.000000j,0.236710+2.047222j,-0.317109-1.565346j,0.000000
0.800000+0.000000j,0.236710+2.047222j,-0.317109-1.565346j,0.000000
0.800000+0.000000j,0.236710+2.047222j,-0.317109-1.565346j,0.000000
0.800000+0.000000j,0.236710+2.047222j,-0.317109-1.565346j,0.000000
0.800000+0.000000j,0.236710+2.047222j,-0.317109-1.565346j,0.000000
0.800000+0.000000j,0.236710+2.047222j,-0.317109-1.565346j,0.000000
0.800000+0.000000j,0.236710+2.047222j,-0.317109-1.565346j,0.000000
0.800000+0.000000j,0.236710+2.047222j,-0.317109-1.565346j,0.000000
0.800000+0.000000j,0.236710+2.047222j,-0.317109-1.565346j,0.000000
0.800000+0.000000j,0.236710+2.047222j,-0.317109-1.565346j,0.000000
0.800000+0.000000j,0.236710+2.047222j,-0.317109-1.565346j,0.000000
0.800000+0.000000j,0.236710+2.047222j,-0.317109-1.565346j,0.000000
0.800000+0.000000j,0.236710+2.047222j,-0.317109-1.565346j,0.000000
0.800000+0.000000j,0.236710+2.047222j,-0.317109-1.565346j,0.000000
0.800000+0.000000j,0.236710+2.047222j,-0.317109-1.565346j,0.000000
0.800000+0.000000j,0.236710+2.047222j,-0.317109-1.565346j,0.000000
0.800000+0.000000j,0.236710+2.047222j,-0.317109-1.565346j,0.000000
0.800000+0.000000j,0.236710+2.047222j,-0.317109-1.565346j,0.000000
0.800000+0.000000j,0.236710+2.047222j,-0.317109-1.565346j,0.000000
0.800000+0.000000j,0.236710+2.047222j,-0.317109-1.565346j,0.000000
0.800000+0.000000j,0.236710+2.047222j,-0.317109-1.565346j,0.000000
0.800000+0.000000j,0.236710+2.047222j,-0.317109-1.565346j,0.000000
0.800000+0.000000j,0.236710+2.047222j,-0.317109-1.565346j,0.000000
0.800000+0.000000j,0.236710+2.047222j,-0.317109-1.565346j,0.000000
0.800000+0.000000j,0.236710+2.047222j,-0.317109-1.565346j,0.000000
0.800000+0.000000j,0.236710+2.047222j,-0.317109-1.565346j,0.000000
0.800000+0.000000j,0.236710+2.047222j,-0.317109-1.565346j,0.000000
0.800000+0.000000j,0.236710+2.047222j,-0.317109-1.565346j,0.000000
0.800000+0.000000j,0.236710+2.047222j,-0.317109-1.565346j,0.000000
0.800000+0.000000j,0.236710+2.047222j,-0.317109-1.565346j,0.000000
0.800000+0.000000j,0.236710+2.047222j,-0.317109-1.565346j,0.000000
0.800000+0.000000j,0.236710+2.047222j,-0.317109-1.565346j,0.000000
0.800000+0.000000j,0.236710+2.047222j,-0.317109-1.565346j,0.000000
0.800000+0.000000j,0.236710+2.047222j,-0.317109-1.565346j,0.000000
0.800000+0.000000j,0.236710+2.047222j,-0.317109-1.565346j,0.000000
0.800000+0.000000j,0.236710+2.047222j,-0.317109-1.565346j,0.000000
0.800000+0.000000j,0.236710+2.047222j,-0.317109-1.565346j,0.000000
0.800000+0.000000j,0.236710+2.047222j,-0.317109-1.565346j,0.000000
0.800000+0.000000j,0.236710+2.047222j,-0.317109-1.565346j,0.000000
0.800000+0.000000j,0.236710+2.047222j,-0.317109-1.565346j,0.000000
0.800000+0.000000j,0.236710+2.047222j,-0.317109-1.565346j,0.000000
0.800000+0.000000j,0.236710+2.047222j,-0.317109-1.565346j,0.000000
0.800000+0.000000j,0.236710+2.047222j,-0.317109-1.565346j,0.000000
0.800000+0.000000j,0.236710+2.047222j,-0.317109-1.565346j,0.000000
0.800000+0.000000j,0.236710+2.047222j,-0.317109-1.565346j,0.000000
0.800000+0.000000j,0.236710+2.047222j,-0.317109-1.565346j,0.000000
0.800000+0.000000j,0.236710+2.047222j,-0.317109-1.565346j,0.000000
0.800000+0.000000j,0.236710+2.047222j,-0.317109-1.565346j,0.000000
0.800000+0.000000j,0.236710+2.047222j,-0.317109-1.565346j,0.000000
0.800000+0.000000j,0.236710+2.047222j,-0.317109-1.565346j,0.000000
0.800000+0.000000j,0.236710+2.047222j,-0.317109-1.565346j,0.000000
0.800000+0.000000j,0.236710+2.047222j,-0.317109-1.565346j,0.000000
0.800000+0.000000j,0.236710+2.047222j,-0.317109-1.565346j,0.000000
0.800000+0.000000j,0.236710+2.047222j,-0.317109-1.565346j,0.000000
0.800000+0.000000j,0.236710+2.047222j,-0.317109-1.565346j,0.000000
0.800000+0.000000j,0.236710+2.047222j,-0.317109-1.565346j,0.000000
0.800000+0.000000j,0.236710+2.047222j,-0.317109-1.565346j,0.000000
0.800000+0.000000j,0.236710+2.047222j,-0.317109-1.565346j,0.000000
0.800000+0.000000j,0.236710+2.047222j,-0.317109-1.565346j,0.000000
0.800000+0.000000j,0.236710+2.047222j,-0.317109-1.565346j,0.000000
0.800000+0.000000j,0.236710+2.047222j,-0.317109-1.565346j,0.000000
0.800000+0.000000j,0.236710+2.047222j,-0.317109-1.565346j,0.000000
0.800000+0.000000j,0.236710+2.047222j,-0.317109-1.565346j,0.000000
0.800000+0.000000j,0.236710+2.047222j,-0.317109-1.565346j,0.000000
0.800000+0.000000j,0.236710+2.047222j,-0.317109-1.565346j,0.000000
0.800000+0.000000j,0.236710+2.047222j,-0.317109-1.565346j,0.000000
0.800000+0.000000j,0.236710+2.047222j,-0.317109-1.565346j,0.000000
0.800000+0.000000j,0.236710+2.047222j,-0.317109-1.565346j,0.000000
0.800000+0.000000j,0.236710+2.047222j,-0.317109-1.565346j,0.000000
0.800000+0.000000j,0.236710+2.047222j,-0.317109-1.565346j,0.000000
0.800000+0.000000j,0.236710+2.047222j,-0.317109-1.565346j,0.000000
0.800000+0.000000j,0.236710+2.047222j,-0.317109-1.565346j,0.000000
0.800000+0.000000j,0.236710+2.047222j,-0.317109-1.565346j,0.000000
0.800000+0.000000j,0.236710+2.047222j,-0.317109-1.565346j,0.000000
0.800000+0.000000j,0.236710+2.047222j,-0.317109-1.565346j,0.000000
0.800000+0.000000j,0.236710+2.047222j,-0.317109-1.565346j,0.000000
0.800000+0.000000j,0.236710+2.047222j,-0.317109-1.565346j,0.000000
0.800000+0.000000j,0.236710+2.047222j,-0.317109-1.565346j,0.000000
0.800000+0.000000j,0.236710+2.047222j,-0.317109-1.565346j,0.000000
0.800000+0.000000j,0.236710+2.047222j,-0.317109-1.565346j,0.000000
0.800000+0.000000j,0.236710+2.047222j,-0.317109-1.565346j,0.000000
0.800000+0.000000j,0.236710+2.047222j,-0.317109-1.565346j,0.000000
0.800000+0.000000j,0.236710+2.047222j,-0.317109-1.565346j,0.000000
0.800000+0.000000j,0.236710+2.047222j,-0.317109-1.565346j,0.000000
0.800000+0.000000j,0.236710+2.047222j,-0.317109-1.565346j,0.000000
0.800000+0.000000j,0.236710+2.047222j,-0.317109-1.565346j,0.000000
0.800000+0.000000j,0.236710+2.047222j,-0.317109-1.565346j,0.000000
0.800000+0.000000j,0.236710+2.047222j,-0.317109-1.565346j,0.000000
0.800000+0.000000j,0.236710+2.047222j,-0.317109-1.565346j,0.000000
0.800000+0.000000j,0.236710+2.047222j,-0.317109-1.565346j,0.000000
0.800000+0.000000j,0.236710+2.047222j,-0.317109-1.565346j,0.000000
0.800000+0.000000j,0.236710+2.047222j,-0.317109-1.565346j,0.000000
0.800000+0.000000j,0.236710+2.047222j,-0.317109-1.565346j,0.000000
0.800000+0.000000j,0.236710+2.047222j,-0.317109-1.565346j,0.000000
0.800000+0.000000j,0.236710+2.047222j,-0.317109-1.565346j,0.000000
0.800000+0.000000j,0.236710+2.047222j,-0.317109-1.565346j,0.000000
0.800000+0.000000j,0.236710+2.047222j,-0.317109-1.565346j,0.000000
0.800000+0.000000j,0.236710+2.047222j,-0.317109-1.565346j,0.000000
0.800000+0.000000j,0.236710+2.047222j,-0.317109-1.565346j,0.000000
0.800000+0.000000j,0.236710+2.047222j,-0.317109-1.565346j,0.000000
0.800000+0.000000j,0.236710+2.047222j,-0.317109-1.565346j,0.000000
0.800000+0.000000j,0.236710+2.047222j,-0.317109-1.565346j,0.000000
0.800000+0.000000j,0.236710+2.047222j,-0.317109-1.565346j,0.000000
0.800000+0.000000j,0.236710+2.047222j,-0.317109-1.565346j,0.000000
0.800000+0.000000j,0.236710+2.047222j,-0.317109-1.565346j,0.000000
0.800000+0.000000j,0.236710+2.047222j,-0.317109-1.565346j,0.000000
0.800000+0.000000j,0.236710+2.047222j,-0.317109-1.565346j,0.000000
0.800000+0.000000j,0.236710+2.047222j,-0.317109-1.565346j,0.000000
0.800000+0.000000j,0.236710+2.047222j,-0.317109-1.565346j,0.000000
0.800000+0.000000j,0.236710+2.047222j,-0.317109-1.565346j,0.000000
0.800000+0.000000j,0.236710+2.047222j,-0.317109-1.565346j,0.000000
0.800000+0.000000j,0.236710+2.047222j,-0.317109-1.565346j,0.000000
0.800000+0.000000j,0.236710+2.047222j,-0.317109-1.565346j,0.000000
0.800000+0.000000j,0.236710+2.047222j,-0.317109-1.565346j,0.000000
0.800000+0.000000j,0.236710+2.047222j,-0.317109-1.565346j,0.000000
0.800000+0.000000j,0.236710+2.047222j,-0.317109-1.565346j,0.000000
0.800000+0.000000j,0.236710+2.047222j,-0.317109-1.565346j,0.000000
0.800000+0.000000j,0.236710+2.047222j,-0.317109-1.565346j,0.000000
0.800000+0.000000j,0.236710+2.047222j,-0.317109-1.565346j,0.000000
0.800000+0.000000j,0.236710+2.047222j,-0.317109-1.565346j,0.000000
0.800000+0.000000j,0.236710+2.047222j,-0.317109-1.565346j,0.000000
0.800000+0.000000j,0.236710+2.047222j,-0.317109-1.565346j,0.000000
0.800000+0.000000j,0.236710+2.047222j,-0.317109-1.565346j,0.000000
0.800000+0.000000j,0.236710+2.047222j,-0.317109-1.565346j,0.000000
0.800000+0.000000j,0.236710+2.047222j,-0.317109-1.565346j,0.000000
0.800000+0.000000j,0.236710+2.047222j,-0.317109-1.565346j,0.000000
0.800000+0.000000j,0.236710+2.047222j,-0.317109-1.565346j,0.000000
0.800000+0.000000j,0.236710+2.047222j,-0.317109-1.565346j,0.000000
0.800000+0.000000j,0.236710+2.047222j,-0.317109-1.565346j,0.000000
0.800000+0.000000j,0.236710+2.047222j,-0.317109-1.565346j,0.000000
0.800000+0.000000j,0.236710+2.047222j,-0.317109-1.565346j,0.000000
0.800000+0.000000j,0.236710+2.047222j,-0.317109-1.565346j,0.000000
0.800000+0.000000j,0.236710+2.047222j,-0.317109-1.565346j,0.000000
0.800000+0.000000j,0.236710+2.047222j,-0.317109-1.565346j,0.000000
0.800000+0.000000j,0.236710+2.047222j,-0.317109-1.565346j,0.000000
0.800000+0.000000j,0.236710+2.047222j,-0.317109-1.565346j,0.000000
0.800000+0.000000j,0.236710+2.047222j,-0.317109-1.565346j,0.000000
0.800000+0.000000j,0.236710+2.047222j,-0.317109-1.565346j,0.000000
0.800000+0.000000j,0.236710+2.047222j,-0.317109-1.565346j,0.000000
0.800000+0.000000j,0.236710+2.047222j,-0.317109-1.565346j,0.000000
0.800000+0.000000j,0.236710+2.047222j,-0.317109-1.565346j,0.000000
0.800000+0.000000j,0.236710+2.047222j,-0.317109-1.565346j,0.000000
0.800000+0.000000j,0.236710+2.047222j,-0.317109-1.565346j,0.000000
0.800000+0.000000j,0.236710+2.047222j,-0.317109-1.565346j,0.000000
0.800000+0.000000j,0.236710+2.047222j,-0.317109-1.565346j,0.000000
0.800000+0.000000j,0.236710+2.047222j,-0.317109-1.565346j,0.000000
0.800000+0.000000j,0.236710+2.047222j,-0.317109-1.565346j,0.000000
0.800000+0.000000j,0.236710+2.047222j,-0.317109-1.565346j,0.000000
0.800000+0.000000j,0.236710+2.047222j,-0.317109-1.565346j,0.000000
0.800000+0.000000j,0.236710+2.047222j,-0.317109-1.565346j,0.000000
0.800000+0.000000j,0.236710+2.047222j,-0.317109-1.565346j,0.000000
0.800000+0.000000j,0.236710+2.047222j,-0.317109-1.565346j,0.000000
0.800000+0.000000j,0.236710+2.047222j,-0.317109-1.565346j,0.000000
0.800000+0.000000j,0.236710+2.047222j,-0.317109-1.565346j,0.000000
0.800000+0.000000j,0.236710+2.047222j,-0.317109-1.565346j,0.000000
0.800000+0.000000j,0.236710+2.047222j,-0.317109-1.565346j,0.000000
0.800000+0.000000j,0.236710+2.047222j,-0.317109-1.565346j,0.000000
0.800000+0.000000j,0.236710+2.047222j,-0.317109-1.565346j,0.000000
0.800000+0.000000j,0.236710+2.047222j,-0.317109-1.565346j,0.000000
0.800000+0.000000j,0.236710+2.047222j,-0.317109-1.565346j,0.000000
0.800000+0.000000j,0.236710+2.047222j,-0.317109-1.565346j,0.000000
0.800000+0.000000j,0.236710+2.047222j,-0.317109-1.565346j,0.000000
0.800000+0.000000j,0.236710+2.047222j,-0.317109-1.565346j,0.000000
0.800000+0.000000j,0.236710+2.047222j,-0.317109-1.565346j,0.000000
0.800000+0.000000j,0.236710+2.047222j,-0.317109-1.565346j,0.000000
0.800000+0.000000j,0.236710+2.047222j,-0.317109-1.565346j,0.000000
0.800000+0.000000j,0.236710+2.047222j,-0.317109-1.565346j,0.000000
0.800000+0.000000j,0.236710+2.047222j,-0.317109-1.565346j,0.000000
0.800000+0.000000j,0.236710+2.047222j,-0.317109-1.565346j,0.000000
0.800000+0.000000j,0.236710+2.047222j,-0.317109-1.565346j,0.000000
0.800000+0.000000j,0.236710+2.047222j,-0.317109-1.565346j,0.000000
0.800000+0.000000j,0.236710+2.047222j,-0.317109-1.565346j,0.000000
0.800000+0.000000j,0.236710+2.047222j,-0.317109-1.565346j,0.000000
0.800000+0.000000j,0.236710+2.047222j,-0.317109-1.565346j,0.000000
0.800000+0.000000j,0.236710+2.047222j,-0.317109-1.565346j,0.000000
0.800000+0.000000j,0.236710+2.047222j,-0.317109-1.565346j,0.000000
0.800000+0.000000j,0.236710+2.047222j,-0.317109-1.565346j,0.000000
0.800000+0.000000j,0.236710+2.047222j,-0.317109-1.565346j,0.000000
0.800000+0.000000j,0.236710+2.047222j,-0.317109-1.565346j,0.000000
0.800000+0.000000j,0.236710+2.047222j,-0.317109-1.565346j,0.000000
0.800000+0.000000j,0.236710+2.047222j,-0.317109-1.565346j,0.000000
0.800000+0.000000j,0.236710+2.047222j,-0.317109-1.565346j,0.000000
0.800000+0.000000j,0.236710+2.047222j,-0.317109-1.565346j,0.000000
0.800000+0.000000j,0.236710+2.047222j,-0.317109-1.565346j,0.000000
0.800000+0.000000j,0.236710+2.047222j,-0.317109-1.565346j,0.000000
0.800000+0.000000j,0.236710+2.047222j,-0.317109-1.565346j,0.000000
0.800000+0.000000j,0.236710+2.047222j,-0.317109-1.565346j,0.000000
0.800000+0.000000j,0.236710+2.047222j,-0.317109-1.565346j,0.000000
0.800000+0.000000j,0.236710+2.047222j,-0.317109-1.565346j,0.000000
0.800000+0.000000j,0.236710+2.047222j,-0.317109-1.565346j,0.000000
0.800000+0.000000j,0.236710+2.047222j,-0.317109-1.565346j,0.000000
0.800000+0.000000j,0.236710+2.047222j,-0.317109-1.565346j,0.000000
0.800000+0.000000j,0.236710+2.047222j,-0.317109-1.565346j,0.000000
0.800000+0.000000j,0.236710+2.047222j,-0.317109-1.565346j,0.000000
0.800000+0.000000j,0.236710+2.047222j,-0.317109-1.565346j,0.000000
0.800000+0.000000j,0.236710+2.047222j,-0.317109-1.565346j,0.000000
0.800000+0.000000j,0.236710+2.047222j,-0.317109-1.565346j,0.000000
0.800000+0.000000j,0.236710+2.047222j,-0.317109-1.565346j,0.000000
0.800000+0.000000j,0.236710+2.047222j,-0.317109-1.565346j,0.000000
0.800000+0.000000j,0.236710+2.047222j,-0.317109-1.565346j,0.000000
0.800000+0.000000j,0.236710+2.047222j,-0.317109-1.565346j,0.000000
0.800000+0.000000j,0.236710+2.047222j,-0.317109-1.565346j,0.000000
0.800000+0.000000j,0.236710+2.047222j,-0.317109-1.565346j,0.000000
0.800000+0.000000j,0.236710+2.047222j,-0.317109-1.565346j,0.000000
0.800000+0.000000j,0.236710+2.047222j,-0.317109-1.565346j,0.000000
0.800000+0.000000j,0.236710+2.047222j,-0.317109-1.565346j,0.000000
0.800000+0.000000j,0.236710+2.047222j,-0.317109-1.565346j,0.000000
0.800000+0.000000j,0.236710+2.047222j,-0.317109-1.565346j,0.000000
0.800000+0.000000j,0.236710+2.047222j,-0.317109-1.565346j,0.000000
0.800000+0.000000j,0.236710+2.047222j,-0.317109-1.565346j,0.000000
0.800000+0.000000j,0.236710+2.047222j,-0.317109-1.565346j,0.000000
0.800000+0.000000j,0.236710+2.047222j,-0.317109-1.565346j,0.000000
0.800000+0.000000j,0.236710+2.047222j,-0.317109-1.565346j,0.000000
0.800000+0.000000j,0.236710+2.047222j,-0.317109-1.565346j,0.000000
0.800000+0.000000j,0.236710+2.047222j,-0.317109-1.565346j,0.000000
0.800000+0.000000j,0.236710+2.047222j,-0.317109-1.565346j,0.000000
0.800000+0.000000j,0.236710+2.047222j,-0.317109-1.565346j,0.000000
0.800000+0.000000j,0.236710+2.047222j,-0.317109-1.565346j,0.000000
0.800000+0.000000j,0.236710+2.047222j,-0.317109-1.565346j,0.000000
0.800000+0.000000j,0.236710+2.047222j,-0.317109-1.565346j,0.000000
0.800000+0.000000j,0.236710+2.047222j,-0.317109-1.565346j,0.000000
0.800000+0.000000j,0.236710+2.047222j,-0.317109-1.565346j,0.000000
0.800000+0.000000j,0.236710+2.047222j,-0.317109-1.565346j,0.000000
0.800000+0.000000j,0.236710+2.047222j,-0.317109-1.565346j,0.000000
0.800000+0.000000j,0.236710+2.047222j,-0.317109-1.565346j,0.000000
0.800000+0.000000j,0.236710+2.047222j,-0.317109-1.565346j,0.000000
0.800000+0.000000j,0.236710+2.047222j,-0.317109-1.565346j,0.000000
0.800000+0.000000j,0.236710+2.047222j,-0.317109-1.565346j,0.000000
0.800000+0.000000j,0.236710+2.047222j,-0.317109-1.565346j,0.000000
0.800000+0.000000j,0.236710+2.047222j,-0.317109-1.565346j,0.000000
0.800000+0.000000j,0.236710+2.047222j,-0.317109-1.565346j,0.000000
0.800000+0.000000j,0.236710+2.047222j,-0.317109-1.565346j,0.000000
0.800000+0.000000j,0.236710+2.047222j,-0.317109-1.565346j,0.000000
0.800000+0.000000j,0.236710+2.047222j,-0.317109-1.565346j,0.000000
0.800000+0.000000j,0.236710+2.047222j,-0.317109-1.565346j,0.000000
0.800000+0.000000j,0.236710+2.047222j,-0.317109-1.565346j,0.000000
0.800000+0.000000j,0.236710+2.047222j,-0.317109-1.565346j,0.000000
0.800000+0.000000j,0.236710+2.047222j,-0.317109-1.565346j,0.000000
0.800000+0.000000j,0.236710+2.047222j,-0.317109-1.565346j,0.000000
0.800000+0.000000j,0.236710+2.047222j,-0.317109-1.565346j,0.000000
0.800000+0.000000j,0.236710+2.047222j,-0.317109-1.565346j,0.000000
0.800000+0.000000j,0.236710+2.047222j,-0.317109-1.565346j,0.000000
0.800000+0.000000j,0.236710+2.047222j,-0.317109-1.565346j,0.000000
0.800000+0.000000j,0.236710+2.047222j,-0.317109-1.565346j,0.000000
0.800000+0.000000j,0.236710+2.047222j,-0.317109-1.565346j,0.000000
0.800000+0.000000j,0.236710+2.047222j,-0.317109-1.565346j,0.000000
0.800000+0.000000j,0.236710+2.047222j,-0.317109-1.565346j,0.000000
0.800000+0.000000j,0.236710+2.047222j,-0.317109-1.565346j,0.000000
0.800000+0.000000j,0.236710+2.047222j,-0.317109-1.565346j,0.000000
0.800000+0.000000j,0.236710+2.047222j,-0.317109-1.565346j,0.000000
0.800000+0.000000j,0.236710+2.047222j,-0.317109-1.565346j,0.000000
0.800000+0.000000j,0.236710+2.047222j,-0.317109-1.565346j,0.000000
0.800000+0.000000j,0.236710+2.047222j,-0.317109-1.565346j,0.000000
0.800000+0.000000j,0.236710+2.047222j,-0.317109-1.565346j,0.000000
0.800000+0.000000j,0.236710+2.047222j,-0.317109-1.565346j,0.000000
0.800000+0.000000j,0.236710+2.047222j,-0.317109-1.565346j,0.000000
0.800000+0.000000j,0.236710+2.047222j,-0.317109-1.565346j,0.000000
0.800000+0.000000j,0.236710+2.047222j,-0.317109-1.565346j,0.000000
0.800000+0.000000j,0.236710+2.047222j,-0.317109-1.565346j,0.000000
0.800000+0.000000j,0.236710+2.047222j,-0.317109-1.565346j,0.000000
0.800000+0.000000j,0.236710+2.047222j,-0.317109-1.565346j,0.000000
0.800000+0.000000j,0.236710+2.047222j,-0.317109-1.565346j,0.000000
0.800000+0.000000j,0.236710+2.047222j,-0.317109-1.565346j,0.000000
0.800000+0.000000j,0.236710+2.047222j,-0.317109-1.565346j,0.000000
0.800000+0.000000j,0.236710+2.047222j,-0.317109-1.565346j,0.000000
0.800000+0.000000j,0.236710+2.047222j,-0.317109-1.565346j,0.000000
0.800000+0.000000j,0.236710+2.047222j,-0.317109-1.565346j,0.000000
0.800000+0.000000j,0.236710+2.047222j,-0.317109-1.565346j,0.000000
0.800000+0.000000j,0.236710+2.047222j,-0.317109-1.565346j,0.000000
0.800000+0.000000j,0.236710+2.047222j,-0.317109-1.565346j,0.000000
0.800000+0.000000j,0.236710+2.047222j,-0.317109-1.565346j,0.000000
0.800000+0.000000j,0.236710+2.047222j,-0.317109-1.565346j,0.000000
0.800000+0.000000j,0.236710+2.047222j,-0.317109-1.565346j,0.000000
0.800000+0.000000j,0.236710+2.047222j,-0.317109-1.565346j,0.000000
0.800000+0.000000j,0.236710+2.047222j,-0.317109-1.565346j,0.000000
0.800000+0.000000j,0.236710+2.047222j,-0.317109-1.565346j,0.000000
0.800000+0.000000j,0.236710+2.047222j,-0.317109-1.565346j,0.000000
0.800000+0.000000j,0.236710+2.047222j,-0.317109-1.565346j,0.000000
0.800000+0.000000j,0.236710+2.047222j,-0.317109-1.565346j,0.000000
0.800000+0.000000j,0.236710+2.047222j,-0.317109-1.565346j,0.000000
0.800000+0.000000j,0.236710+2.047222j,-0.317109-1.565346j,0.000000
0.800000+0.000000j,0.236710+2.047222j,-0.317109-1.565346j,0.000000
0.800000+0.000000j,0.236710+2.047222j,-0.317109-1.565346j,0.000000
0.800000+0.000000j,0.236710+2.047222j,-0.317109-1.565346j,0.000000
0.800000+0.000000j,0.236710+2.047222j,-0.317109-1.565346j,0.000000
0.800000+0.000000j,0.236710+2.047222j,-0.317109-1.565346j,0.000000
0.800000+0.000000j,0.236710+2.047222j,-0.317109-1.565346j,0.000000
0.800000+0.000000j,0.236710+2.047222j,-0.317109-1.565346j,0.000000
0.800000+0.000000j,0.236710+2.047222j,-0.317109-1.565346j,0.000000
0.800000+0.000000j,0.236710+2.047222j,-0.317109-1.565346j,0.000000
0.800000+0.000000j,0.236710+2.047222j,-0.317109-1.565346j,0.000000
0.800000+0.000000j,0.236710+2.047222j,-0.317109-1.565346j,0.000000
0.800000+0.000000j,0.236710+2.047222j,-0.317109-1.565346j,0.000000
0.800000+0.000000j,0.236710+2.047222j,-0.317109-1.565346j,0.000000
0.800000+0.000000j,0.236710+2.047222j,-0.317109-1.565346j,0.000000
0.800000+0.000000j,0.236710+2.047222j,-0.317109-1.565346j,0.000000
0.800000+0.000000j,0.236710+2.047222j,-0.317109-1.565346j,0.000000
0.800000+0.000000j,0.236710+2.047222j,-0.317109-1.565346j,0.000000
0.800000+0.000000j,0.236710+2.047222j,-0.317109-1.565346j,0.000000
0.800000+0.000000j,0.236710+2.047222j,-0.317109-1.565346j,0.000000
0.800000+0.000000j,0.236710+2.047222j,-0.317109-1.565346j,0.000000
0.800000+0.000000j,0.236710+2.047222j,-0.317109-1.565346j,0.000000
0.800000+0.000000j,0.236710+2.047222j,-0.317109-1.565346j,0.000000
0.800000+0.000000j,0.236710+2.047222j,-0.317109-1.565346j,0.000000
0.800000+0.000000j,0.236710+2.047222j,-0.317109-1.565346j,0.000000
0.800000+0.000000j,0.236710+2.047222j,-0.317109-1.565346j,0.000000
0.800000+0.000000j,0.236710+2.047222j,-0.317109-1.565346j,0.000000
0.800000+0.000000j,0.236710+2.047222j,-0.317109-1.565346j,0.000000
0.800000+0.000000j,0.236710+2.047222j,-0.317109-1.565346j,0.000000
0.800000+0.000000j,0.236710+2.047222j,-0.317109-1.565346j,0.000000
0.800000+0.000000j,0.236710+2.047222j,-0.317109-1.565346j,0.000000
0.800000+0.000000j,0.236710+2.047222j,-0.317109-1.565346j,0.000000
0.800000+0.000000j,0.236710+2.047222j,-0.317109-1.565346j,0.000000
0.800000+0.000000j,0.236710+2.047222j,-0.317109-1.565346j,0.000000
0.800000+0.000000j,0.236710+2.047222j,-0.317109-1.565346j,0.000000
0.800000+0.000000j,0.236710+2.047222j,-0.317109-1.565346j,0.000000
0.800000+0.000000j,0.236710+2.047222j,-0.317109-1.565346j,0.000000
0.800000+0.000000j,0.236710+2.047222j,-0.317109-1.565346j,0.000000
0.800000+0.000000j,0.236710+2.047222j,-0.317109-1.565346j,0.000000
0.800000+0.000000j,0.236710+2.047222j,-0.317109-1.565346j,0.000000
0.800000+0.000000j,0.236710+2.047222j,-0.317109-1.565346j,0.000000
0.800000+0.000000j,0.236710+2.047222j,-0.317109-1.565346j,0.000000
0.800000+0.000000j,0.236710+2.047222j,-0.317109-1.565346j,0.000000
0.800000+0.000000j,0.236710+2.047222j,-0.317109-1.565346j,0.000000
0.800000+0.000000j,0.236710+2.047222j,-0.317109-1.565346j,0.000000
0.800000+0.000000j,0.236710+2.047222j,-0.317109-1.565346j,0.000000
0.800000+0.000000j,0.236710+2.047222j,-0.317109-1.565346j,0.000000
0.800000+0.000000j,0.236710+2.047222j,-0.317109-1.565346j,0.000000
0.800000+0.000000j,0.236710+2.047222j,-0.317109-1.565346j,0.000000
0.800000+0.000000j,0.236710+2.047222j,-0.317109-1.565346j,0.000000
0.800000+0.000000j,0.236710+2.047222j,-0.317109-1.565346j,0.000000
0.800000+0.000000j,0.236710+2.047222j,-0.317109-1.565346j,0.000000
0.800000+0.000000j,0.236710+2.047222j,-0.317109-1.565346j,0.000000
0.800000+0.000000j,0.236710+2.047222j,-0.317109-1.565346j,0.000000
0.800000+0.000000j,0.236710+2.047222j,-0.317109-1.565346j,0.000000
0.800000+0.000000j,0.236710+2.047222j,-0.317109-1.565346j,0.000000
0.800000+0.000000j,0.236710+2.047222j,-0.317109-1.565346j,0.000000
0.800000+0.000000j,0.236710+2.047222j,-0.317109-1.565346j,0.000000
0.800000+0.000000j,0.236710+2.047222j,-0.317109-1.565346j,0.000000
0.800000+0.000000j,0.236710+2.047222j,-0.317109-1.565346j,0.000000
0.800000+0.000000j,0.236710+2.047222j,-0.317109-1.565346j,0.000000
0.800000+0.000000j,0.236710+2.047222j,-0.317109-1.565346j,0.000000
0.800000+0.000000j,0.236710+2.047222j,-0.317109-1.565346j,0.000000
0.800000+0.000000j,0.236710+2.047222j,-0.317109-1.565346j,0.000000
0.800000+0.000000j,0.236710+2.047222j,-0.317109-1.565346j,0.000000
0.800000+0.000000j,0.236710+2.047222j,-0.317109-1.565346j,0.000000
0.800000+0.000000j,0.236710+2.047222j,-0.317109-1.565346j,0.000000
0.800000+0.000000j,0.236710+2.047222j,-0.317109-1.565346j,0.000000
0.800000+0.000000j,0.236710+2.047222j,-0.317109-1.565346j,0.000000
0.800000+0.000000j,0.236710+2.047222j,-0.317109-1.565346j,0.000000
0.800000+0.000000j,0.236710+2.047222j,-0.317109-1.565346j,0.000000
0.800000+0.000000j,0.236710+2.047222j,-0.317109-1.565346j,0.000000
0.800000+0.000000j,0.236710+2.047222j,-0.317109-1.565346j,0.000000
0.800000+0.000000j,0.236710+2.047222j,-0.317109-1.565346j,0.000000
0.800000+0.000000j,0.236710+2.047222j,-0.317109-1.565346j,0.000000
0.800000+0.000000j,0.236710+2.047222j,-0.317109-1.565346j,0.000000
0.800000+0.000000j,0.236710+2.047222j,-0.317109-1.565346j,0.000000
0.800000+0.000000j,0.236710+2.047222j,-0.317109-1.565346j,0.000000
0.800000+0.000000j,0.236710+2.047222j,-0.317109-1.565346j,0.000000
0.800000+0.000000j,0.236710+2.047222j,-0.317109-1.565346j,0.000000
0.800000+0.000000j,0.236710+2.047222j,-0.317109-1.565346j,0.000000
0.800000+0.000000j,0.236710+2.047222j,-0.317109-1.565346j,0.000000
0.800000+0.000000j,0.236710+2.047222j,-0.317109-1.565346j,0.000000
0.800000+0.000000j,0.236710+2.047222j,-0.317109-1.565346j,0.000000
0.800000+0.000000j,0.236710+2.047222j,-0.317109-1.565346j,0.000000
0.800000+0.000000j,0.236710+2.047222j,-0.317109-1.565346j,0.000000
0.800000+0.000000j,0.236710+2.047222j,-0.317109-1.565346j,0.000000
0.800000+0.000000j,0.236710+2.047222j,-0.317109-1.565346j,0.000000
0.800000+0.000000j,0.236710+2.047222j,-0.317109-1.565346j,0.000000
0.800000+0.000000j,0.236710+2.047222j,-0.317109-1.565346j,0.000000
0.800000+0.000000j,0.236710+2.047222j,-0.317109-1.565346j,0.000000
0.800000+0.000000j,0.236710+2.047222j,-0.317109-1.565346j,0.000000
0.800000+0.000000j,0.236710+2.047222j,-0.317109-1.565346j,0.000000
0.800000+0.000000j,0.236710+2.047222j,-0.317109-1.565346j,0.000000
0.800000+0.000000j,0.236710+2.047222j,-0.317109-1.565346j,0.000000
0.800000+0.000000j,0.236710+2.047222j,-0.317109-1.565346j,0.000000
0.800000+0.000000j,0.236710+2.047222j,-0.317109-1.565346j,0.000000
0.800000+0.000000j,0.236710+2.047222j,-0.317109-1.565346j,0.000000
0.800000+0.000000j,0.236710+2.047222j,-0.317109-1.565346j,0.000000
0.800000+0.000000j,0.236710+2.047222j,-0.317109-1.565346j,0.000000
0.800000+0.000000j,0.236710+2.047222j,-0.317109-1.565346j,0.000000
0.800000+0.000000j,0.236710+2.047222j,-0.317109-1.565346j,0.000000
0.800000+0.000000j,0.236710+2.047222j,-0.317109-1.565346j,0.000000
0.800000+0.000000j,0.236710+2.047222j,-0.317109-1.565346j,0.000000
0.800000+0.000000j,0.236710+2.047222j,-0.317109-1.565346j,0.000000
0.800000+0.000000j,0.236710+2.047222j,-0.317109-1.565346j,0.000000
0.800000+0.000000j,0.236710+2.047222j,-0.317109-1.565346j,0.000000
0.800000+0.000000j,0.236710+2.047222j,-0.317109-1.565346j,0.000000
0.800000+0.000000j,0.236710+2.047222j,-0.317109-1.565346j,0.000000
0.800000+0.000000j,0.236710+2.047222j,-0.317109-1.565346j,0.000000
0.800000+0.000000j,0.236710+2.047222j,-0.317109-1.565346j,0.000000
0.800000+0.000000j,0.236710+2.047222j,-0.317109-1.565346j,0.000000
0.800000+0.000000j,0.236710+2.047222j,-0.317109-1.565346j,0.000000
0.800000+0.000000j,0.236710+2.047222j,-0.317109-1.565346j,0.000000
0.800000+0.000000j,0.236710+2.047222j,-0.317109-1.565346j,0.000000
0.800000+0.000000j,0.236710+2.047222j,-0.317109-1.565346j,0.000000
0.800000+0.000000j,0.236710+2.047222j,-0.317109-1.565346j,0.000000
0.800000+0.000000j,0.236710+2.047222j,-0.317109-1.565346j,0.000000
0.800000+0.000000j,0.236710+2.047222j,-0.317109-1.565346j,0.000000
0.800000+0.000000j,0.236710+2.047222j,-0.317109-1.565346j,0.000000
0.800000+0.000000j,0.236710+2.047222j,-0.317109-1.565346j,0.000000
0.800000+0.000000j,0.236710+2.047222j,-0.317109-1.565346j,0.000000
0.800000+0.000000j,0.236710+2.047222j,-0.317109-1.565346j,0.000000
0.800000+0.000000j,0.236710+2.047222j,-0.317109-1.565346j,0.000000
0.800000+0.000000j,0.236710+2.047222j,-0.317109-1.565346j,0.000000
0.800000+0.000000j,0.236710+2.047222j,-0.317109-1.565346j,0.000000
0.800000+0.000000j,0.236710+2.047222j,-0.317109-1.565346j,0.000000
0.800000+0.000000j,0.236710+2.047222j,-0.317109-1.565346j,0.000000
0.800000+0.000000j,0.236710+2.047222j,-0.317109-1.565346j,0.000000
0.800000+0.000000j,0.236710+2.047222j,-0.317109-1.565346j,0.000000
0.800000+0.000000j,0.236710+2.047222j,-0.317109-1.565346j,0.000000
0.800000+0.000000j,0.236710+2.047222j,-0.317109-1.565346j,0.000000
0.800000+0.000000j,0.236710+2.047222j,-0.317109-1.565346j,0.000000
0.800000+0.000000j,0.236710+2.047222j,-0.317109-1.565346j,0.000000
0.800000+0.000000j,0.236710+2.047222j,-0.317109-1.565346j,0.000000
0.800000+0.000000j,0.236710+2.047222j,-0.317109-1.565346j,0.000000
0.800000+0.000000j,0.236710+2.047222j,-0.317109-1.565346j,0.000000
0.800000+0.000000j,0.236710+2.047222j,-0.317109-1.565346j,0.000000
0.800000+0.000000j,0.236710+2.047222j,-0.317109-1.565346j,0.000000
0.800000+0.000000j,0.236710+2.047222j,-0.317109-1.565346j,0.000000
0.800000+0.000000j,0.236710+2.047222j,-0.317109-1.565346j,0.000000
0.800000+0.000000j,0.236710+2.047222j,-0.317109-1.565346j,0.000000
0.800000+0.000000j,0.236710+2.047222j,-0.317109-1.565346j,0.000000
0.800000+0.000000j,0.236710+2.047222j,-0.317109-1.565346j,0.000000
0.800000+0.000000j,0.236710+2.047222j,-0.317109-1.565346j,0.000000
0.800000+0.000000j,0.236710+2.047222j,-0.317109-1.565346j,0.000000
0.800000+0.000000j,0.236710+2.047222j,-0.317109-1.565346j,0.000000
0.800000+0.000000j,0.236710+2.047222j,-0.317109-1.565346j,0.000000
0.800000+0.000000j,0.236710+2.047222j,-0.317109-1.565346j,0.000000
0.800000+0.000000j,0.236710+2.047222j,-0.317109-1.565346j,0.000000
0.800000+0.000000j,0.236710+2.047222j,-0.317109-1.565346j,0.000000
0.800000+0.000000j,0.236710+2.047222j,-0.317109-1.565346j,0.000000
0.800000+0.000000j,0.236710+2.047222j,-0.317109-1.565346j,0.000000
0.800000+0.000000j,0.236710+2.047222j,-0.317109-1.565346j,0.000000
0.800000+0.000000j,0.236710+2.047222j,-0.317109-1.565346j,0.000000
0.800000+0.000000j,0.236710+2.047222j,-0.317109-1.565346j,0.000000
0.800000+0.000000j,0.236710+2.047222j,-0.317109-1.565346j,0.000000
0.800000+0.000000j,0.236710+2.047222j,-0.317109-1.565346j,0.000000
0.800000+0.000000j,0.236710+2.047222j,-0.317109-1.565346j,0.000000
0.800000+0.000000j,0.236710+2.047222j,-0.317109-1.565346j,0.000000
0.800000+0.000000j,0.236710+2.047222j,-0.317109-1.565346j,0.000000
0.800000+0.000000j,0.236710+2.047222j,-0.317109-1.565346j,0.000000
0.800000+0.000000j,0.236710+2.047222j,-0.317109-1.565346j,0.000000
0.800000+0.000000j,0.236710+2.047222j,-0.317109-1.565346j,0.000000
0.800000+0.000000j,0.236710+2.047222j,-0.317109-1.565346j,0.000000
0.800000+0.000000j,0.236710+2.047222j,-0.317109-1.565346j,0.000000
0.800000+0.000000j,0.236710+2.047222j,-0.317109-1.565346j,0.000000
0.800000+0.000000j,0.236710+2.047222j,-0.317109-1.565346j,0.000000
0.800000+0.000000j,0.236710+2.047222j,-0.317109-1.565346j,0.000000
0.800000+0.000000j,0.236710+2.047222j,-0.317109-1.565346j,0.000000
0.800000+0.000000j,0.236710+2.047222j,-0.317109-1.565346j,0.000000
0.800000+0.000000j,0.236710+2.047222j,-0.317109-1.565346j,0.000000
0.800000+0.000000j,0.236710+2.047222j,-0.317109-1.565346j,0.000000
0.800000+0.000000j,0.236710+2.047222j,-0.317109-1.565346j,0.000000
0.800000+0.000000j,0.236710+2.047222j,-0.317109-1.565346j,0.000000
0.800000+0.000000j,0.236710+2.047222j,-0.317109-1.565346j,0.000000
0.800000+0.000000j,0.236710+2.047222j,-0.317109-1.565346j,0.000000
0.800000+0.000000j,0.236710+2.047222j,-0.317109-1.565346j,0.000000
0.800000+0.000000j,0.236710+2.047222j,-0.317109-1.565346j,0.000000
0.800000+0.000000j,0.236710+2.047222j,-0.317109-1.565346j,0.000000
0.800000+0.000000j,0.236710+2.047222j,-0.317109-1.565346j,0.000000
0.800000+0.000000j,0.236710+2.047222j,-0.317109-1.565346j,0.000000
0.800000+0.000000j,0.236710+2.047222j,-0.317109-1.565346j,0.000000
0.800000+0.000000j,0.236710+2.047222j,-0.317109-1.565346j,0.000000
0.800000+0.000000j,0.236710+2.047222j,-0.317109-1.565346j,0.000000
0.800000+0.000000j,0.236710+2.047222j,-0.317109-1.565346j,0.000000
0.800000+0.000000j,0.236710+2.047222j,-0.317109-1.565346j,0.000000
0.800000+0.000000j,0.236710+2.047222j,-0.317109-1.565346j,0.000000
0.800000+0.000000j,0.236710+2.047222j,-0.317109-1.565346j,0.000000
0.800000+0.000000j,0.236710+2.047222j,-0.317109-1.565346j,0.000000
0.800000+0.000000j,0.236710+2.047222j,-0.317109-1.565346j,0.000000
0.800000+0.000000j,0.236710+2.047222j,-0.317109-1.565346j,0.000000
0.800000+0.000000j,0.236710+2.047222j,-0.317109-1.565346j,0.000000
0.800000+0.000000j,0.236710+2.047222j,-0.317109-1.565346j,0.000000
0.800000+0.000000j,0.236710+2.047222j,-0.317109-1.565346j,0.000000
0.800000+0.000000j,0.236710+2.047222j,-0.317109-1.565346j,0.000000
0.800000+0.000000j,0.236710+2.047222j,-0.317109-1.565346j,0.000000
0.800000+0.000000j,0.236710+2.047222j,-0.317109-1.565346j,0.000000
0.800000+0.000000j,0.236710+2.047222j,-0.317109-1.565346j,0.000000
0.800000+0.000000j,0.236710+2.047222j,-0.317109-1.565346j,0.000000
0.800000+0.000000j,0.236710+2.047222j,-0.317109-1.565346j,0.000000
0.800000+0.000000j,0.236710+2.047222j,-0.317109-1.565346j,0.000000
0.800000+0.000000j,0.236710+2.047222j,-0.317109-1.565346j,0.000000
0.800000+0.000000j,0.236710+2.047222j,-0.317109-1.565346j,0.000000
0.800000+0.000000j,0.236710+2.047222j,-0.317109-1.565346j,0.000000
0.800000+0.000000j,0.236710+2.047222j,-0.317109-1.565346j,0.000000
0.800000+0.000000j,0.236710+2.047222j,-0.317109-1.565346j,0.000000
0.800000+0.000000j,0.236710+2.047222j,-0.317109-1.565346j,0.000000
0.800000+0.000000j,0.236710+2.047222j,-0.317109-1.565346j,0.000000
0.800000+0.000000j,0.236710+2.047222j,-0.317109-1.565346j,0.000000
0.800000+0.000000j,0.236710+2.047222j,-0.317109-1.565346j,0.000000
0.800000+0.000000j,0.236710+2.047222j,-0.317109-1.565346j,0.000000
0.800000+0.000000j,0.236710+2.047222j,-0.317109-1.565346j,0.000000
0.800000+0.000000j,0.236710+2.047222j,-0.317109-1.565346j,0.000000
0.800000+0.000000j,0.236710+2.047222j,-0.317109-1.565346j,0.000000
0.800000+0.000000j,0.236710+2.047222j,-0.317109-1.565346j,0.000000
0.800000+0.000000j,0.236710+2.047222j,-0.317109-1.565346j,0.000000
0.800000+0.000000j,0.236710+2.047222j,-0.317109-1.565346j,0.000000
0.800000+0.000000j,0.236710+2.047222j,-0.317109-1.565346j,0.000000
0.800000+0.000000j,0.236710+2.047222j,-0.317109-1.565346j,0.000000
0.800000+0.000000j,0.236710+2.047222j,-0.317109-1.565346j,0.000000
0.800000+0.000000j,0.236710+2.047222j,-0.317109-1.565346j,0.000000
0.800000+0.000000j,0.236710+2.047222j,-0.317109-1.565346j,0.000000
0.800000+0.000000j,0.236710+2.047222j,-0.317109-1.565346j,0.000000
0.800000+0.000000j,0.236710+2.047222j,-0.317109-1.565346j,0.000000
0.800000+0.000000j,0.236710+2.047222j,-0.317109-1.565346j,0.000000
0.800000+0.000000j,0.236710+2.047222j,-0.317109-1.565346j,0.000000
0.800000+0.000000j,0.236710+2.047222j,-0.317109-1.565346j,0.000000
0.800000+0.000000j,0.236710+2.047222j,-0.317109-1.565346j,0.000000
0.800000+0.000000j,0.236710+2.047222j,-0.317109-1.565346j,0.000000
0.800000+0.000000j,0.236710+2.047222j,-0.317109-1.565346j,0.000000
0.800000+0.000000j,0.236710+2.047222j,-0.317109-1.565346j,0.000000
0.800000+0.000000j,0.236710+2.047222j,-0.317109-1.565346j,0.000000
0.800000+0.000000j,0.236710+2.047222j,-0.317109-1.565346j,0.000000
0.800000+0.000000j,0.236710+2.047222j,-0.317109-1.565346j,0.000000
0.800000+0.000000j,0.236710+2.047222j,-0.317109-1.565346j,0.000000
0.800000+0.000000j,0.236710+2.047222j,-0.317109-1.565346j,0.000000
0.800000+0.000000j,0.236710+2.047222j,-0.317109-1.565346j,0.000000
0.800000+0.000000j,0.236710+2.047222j,-0.317109-1.565346j,0.000000
0.800000+0.000000j,0.236710+2.047222j,-0.317109-1.565346j,0.000000
0.800000+0.000000j,0.236710+2.047222j,-0.317109-1.565346j,0.000000
0.800000+0.000000j,0.236710+2.047222j,-0.317109-1.565346j,0.000000
0.800000+0.000000j,0.236710+2.047222j,-0.317109-1.565346j,0.000000
0.800000+0.000000j,0.236710+2.047222j,-0.317109-1.565346j,0.000000
0.800000+0.000000j,0.236710+2.047222j,-0.317109-1.565346j,0.000000
0.800000+0.000000j,0.236710+2.047222j,-0.317109-1.565346j,0.000000
0.800000+0.000000j,0.236710+2.047222j,-0.317109-1.565346j,0.000000
0.800000+0.000000j,0.236710+2.047222j,-0.317109-1.565346j,0.000000
0.800000+0.000000j,0.236710+2.047222j,-0.317109-1.565346j,0.000000
0.800000+0.000000j,0.236710+2.047222j,-0.317109-1.565346j,0.000000
0.800000+0.000000j,0.236710+2.047222j,-0.317109-1.565346j,0.000000
0.800000+0.000000j,0.236710+2.047222j,-0.317109-1.565346j,0.000000
0.800000+0.000000j,0.236710+2.047222j,-0.317109-1.565346j,0.000000
0.800000+0.000000j,0.236710+2.047222j,-0.317109-1.565346j,0.000000
0.800000+0.000000j,0.236710+2.047222j,-0.317109-1.565346j,0.000000
0.800000+0.000000j,0.236710+2.047222j,-0.317109-1.565346j,0.000000
0.800000+0.000000j,0.236710+2.047222j,-0.317109-1.565346j,0.000000
0.800000+0.000000j,0.236710+2.047222j,-0.317109-1.565346j,0.000000
0.800000+0.000000j,0.236710+2.047222j,-0.317109-1.565346j,0.000000
0.800000+0.000000j,0.236710+2.047222j,-0.317109-1.565346j,0.000000
0.800000+0.000000j,0.236710+2.047222j,-0.317109-1.565346j,0.000000
0.800000+0.000000j,0.236710+2.047222j,-0.317109-1.565346j,0.000000
0.800000+0.000000j,0.236710+2.047222j,-0.317109-1.565346j,0.000000
0.800000+0.000000j,0.236710+2.047222j,-0.317109-1.565346j,0.000000
0.800000+0.000000j,0.236710+2.047222j,-0.317109-1.565346j,0.000000
0.800000+0.000000j,0.236710+2.047222j,-0.317109-1.565346j,0.000000
0.800000+0.000000j,0.236710+2.047222j,-0.317109-1.565346j,0.000000
0.800000+0.000000j,0.236710+2.047222j,-0.317109-1.565346j,0.000000
0.800000+0.000000j,0.236710+2.047222j,-0.317109-1.565346j,0.000000
0.800000+0.000000j,0.236710+2.047222j,-0.317109-1.565346j,0.000000
0.800000+0.000000j,0.236710+2.047222j,-0.317109-1.565346j,0.000000
0.800000+0.000000j,0.236710+2.047222j,-0.317109-1.565346j,0.000000
0.800000+0.000000j,0.236710+2.047222j,-0.317109-1.565346j,0.000000
0.800000+0.000000j,0.236710+2.047222j,-0.317109-1.565346j,0.000000
0.800000+0.000000j,0.236710+2.047222j,-0.317109-1.565346j,0.000000
0.800000+0.000000j,0.236710+2.047222j,-0.317109-1.565346j,0.000000
0.800000+0.000000j,0.236710+2.047222j,-0.317109-1.565346j,0.000000
0.800000+0.000000j,0.236710+2.047222j,-0.317109-1.565346j,0.000000
0.800000+0.000000j,0.236710+2.047222j,-0.317109-1.565346j,0.000000
0.800000+0.000000j,0.236710+2.047222j,-0.317109-1.565346j,0.000000
0.800000+0.000000j,0.236710+2.047222j,-0.317109-1.565346j,0.000000
0.800000+0.000000j,0.236710+2.047222j,-0.317109-1.565346j,0.000000
0.800000+0.000000j,0.236710+2.047222j,-0.317109-1.565346j,0.000000
0.800000+0.000000j,0.236710+2.047222j,-0.317109-1.565346j,0.000000
0.800000+0.000000j,0.236710+2.047222j,-0.317109-1.565346j,0.000000
0.800000+0.000000j,0.236710+2.047222j,-0.317109-1.565346j,0.000000
0.800000+0.000000j,0.236710+2.047222j,-0.317109-1.565346j,0.000000
0.800000+0.000000j,0.236710+2.047222j,-0.317109-1.565346j,0.000000
0.800000+0.000000j,0.236710+2.047222j,-0.317109-1.565346j,0.000000
0.800000+0.000000j,0.236710+2.047222j,-0.317109-1.565346j,0.000000
0.800000+0.000000j,0.236710+2.047222j,-0.317109-1.565346j,0.000000
0.800000+0.000000j,0.236710+2.047222j,-0.317109-1.565346j,0.000000
0.800000+0.000000j,0.236710+2.047222j,-0.317109-1.565346j,0.000000
0.800000+0.000000j,0.236710+2.047222j,-0.317109-1.565346j,0.000000
0.800000+0.000000j,0.236710+2.047222j,-0.317109-1.565346j,0.000000
0.800000+0.000000j,0.236710+2.047222j,-0.317109-1.565346j,0.000000
0.800000+0.000000j,0.236710+2.047222j,-0.317109-1.565346j,0.000000
0.800000+0.000000j,0.236710+2.047222j,-0.317109-1.565346j,0.000000
0.800000+0.000000j,0.236710+2.047222j,-0.317109-1.565346j,0.000000
0.800000+0.000000j,0.236710+2.047222j,-0.317109-1.565346j,0.000000
0.800000+0.000000j,0.236710+2.047222j,-0.317109-1.565346j,0.000000
0.800000+0.000000j,0.236710+2.047222j,-0.317109-1.565346j,0.000000
0.800000+0.000000j,0.236710+2.047222j,-0.317109-1.565346j,0.000000
0.800000+0.000000j,0.236710+2.047222j,-0.317109-1.565346j,0.000000
0.800000+0.000000j,0.236710+2.047222j,-0.317109-1.565346j,0.000000
0.800000+0.000000j,0.236710+2.047222j,-0.317109-1.565346j,0.000000
0.800000+0.000000j,0.236710+2.047222j,-0.317109-1.565346j,0.000000
0.800000+0.000000j,0.236710+2.047222j,-0.317109-1.565346j,0.000000
0.800000+0.000000j,0.236710+2.047222j,-0.317109-1.565346j,0.000000
0.800000+0.000000j,0.236710+2.047222j,-0.317109-1.565346j,0.000000
0.800000+0.000000j,0.236710+2.047222j,-0.317109-1.565346j,0.000000
0.800000+0.000000j,0.236710+2.047222j,-0.317109-1.565346j,0.000000
0.800000+0.000000j,0.236710+2.047222j,-0.317109-1.565346j,0.000000
0.800000+0.000000j,0.236710+2.047222j,-0.317109-1.565346j,0.000000
0.800000+0.000000j,0.236710+2.047222j,-0.317109-1.565346j,0.000000
0.800000+0.000000j,0.236710+2.047222j,-0.317109-1.565346j,0.000000
0.800000+0.000000j,0.236710+2.047222j,-0.317109-1.565346j,0.000000
0.800000+0.000000j,0.236710+2.047222j,-0.317109-1.565346j,0.000000
0.800000+0.000000j,0.236710+2.047222j,-0.317109-1.565346j,0.000000
0.800000+0.000000j,0.236710+2.047222j,-0.317109-1.565346j,0.000000
0.800000+0.000000j,0.236710+2.047222j,-0.317109-1.565346j,0.000000
0.800000+0.000000j,0.236710+2.047222j,-0.317109-1.565346j,0.000000
0.800000+0.000000j,0.236710+2.047222j,-0.317109-1.565346j,0.000000
0.800000+0.000000j,0.236710+2.047222j,-0.317109-1.565346j,0.000000
0.800000+0.000000j,0.236710+2.047222j,-0.317109-1.565346j,0.000000
0.800000+0.000000j,0.236710+2.047222j,-0.317109-1.565346j,0.000000
0.800000+0.000000j,0.236710+2.047222j,-0.317109-1.565346j,0.000000
0.800000+0.000000j,0.236710+2.047222j,-0.317109-1.565346j,0.000000
0.800000+0.000000j,0.236710+2.047222j,-0.317109-1.565346j,0.000000
0.800000+0.000000j,0.236710+2.047222j,-0.317109-1.565346j,0.000000
0.800000+0.000000j,0.236710+2.047222j,-0.317109-1.565346j,0.000000
0.800000+0.000000j,0.236710+2.047222j,-0.317109-1.565346j,0.000000
0.800000+0.000000j,0.236710+2.047222j,-0.317109-1.565346j,0.000000
0.800000+0.000000j,0.236710+2.047222j,-0.317109-1.565346j,0.000000
0.800000+0.000000j,0.236710+2.047222j,-0.317109-1.565346j,0.000000
0.800000+0.000000j,0.236710+2.047222j,-0.317109-1.565346j,0.000000
0.800000+0.000000j,0.236710+2.047222j,-0.317109-1.565346j,0.000000
0.800000+0.000000j,0.236710+2.047222j,-0.317109-1.565346j,0.000000
0.800000+0.000000j,0.236710+2.047222j,-0.317109-1.565346j,0.000000
0.800000+0.000000j,0.236710+2.047222j,-0.317109-1.565346j,0.000000
0.800000+0.000000j,0.236710+2.047222j,-0.317109-1.565346j,0.000000
0.800000+0.000000j,0.236710+2.047222j,-0.317109-1.565346j,0.000000
0.800000+0.000000j,0.236710+2.047222j,-0.317109-1.565346j,0.000000
0.800000+0.000000j,0.236710+2.047222j,-0.317109-1.565346j,0.000000
0.800000+0.000000j,0.236710+2.047222j,-0.317109-1.565346j,0.000000
0.800000+0.000000j,0.236710+2.047222j,-0.317109-1.565346j,0.000000
0.800000+0.000000j,0.236710+2.047222j,-0.317109-1.565346j,0.000000
0.800000+0.000000j,0.236710+2.047222j,-0.317109-1.565346j,0.000000
0.800000+0.000000j,0.236710+2.047222j,-0.317109-1.565346j,0.000000
0.800000+0.000000j,0.236710+2.047222j,-0.317109-1.565346j,0.000000
0.800000+0.000000j,0.236710+2.047222j,-0.317109-1.565346j,0.000000
0.800000+0.000000j,0.236710+2.047222j,-0.317109-1.565346j,0.000000
0.800000+0.000000j,0.236710+2.047222j,-0.317109-1.565346j,0.000000
0.800000+0.000000j,0.236710+2.047222j,-0.317109-1.565346j,0.000000
0.800000+0.000000j,0.236710+2.047222j,-0.317109-1.565346j,0.000000
0.800000+0.000000j,0.236710+2.047222j,-0.317109-1.565346j,0.000000
0.800000+0.000000j,0.236710+2.047222j,-0.317109-1.565346j,0.000000
0.800000+0.000000j,0.236710+2.047222j,-0.317109-1.565346j,0.000000
0.800000+0.000000j,0.236710+2.047222j,-0.317109-1.565346j,0.000000
0.800000+0.000000j,0.236710+2.047222j,-0.317109-1.565346j,0.000000
0.800000+0.000000j,0.236710+2.047222j,-0.317109-1.565346j,0.000000
0.800000+0.000000j,0.236710+2.047222j,-0.317109-1.565346j,0.000000
0.800000+0.000000j,0.236710+2.047222j,-0.317109-1.565346j,0.000000
0.800000+0.000000j,0.236710+2.047222j,-0.317109-1.565346j,0.000000
0.800000+0.000000j,0.236710+2.047222j,-0.317109-1.565346j,0.000000
0.800000+0.000000j,0.236710+2.047222j,-0.317109-1.565346j,0.000000
0.800000+0.000000j,0.236710+2.047222j,-0.317109-1.565346j,0.000000
0.800000+0.000000j,0.236710+2.047222j,-0.317109-1.565346j,0.000000
0.800000+0.000000j,0.236710+2.047222j,-0.317109-1.565346j,0.000000
0.800000+0.000000j,0.236710+2.047222j,-0.317109-1.565346j,0.000000
0.800000+0.000000j,0.236710+2.047222j,-0.317109-1.565346j,0.000000
0.800000+0.000000j,0.236710+2.047222j,-0.317109-1.565346j,0.000000
0.800000+0.000000j,0.236710+2.047222j,-0.317109-1.565346j,0.000000
0.800000+0.000000j,0.236710+2.047222j,-0.317109-1.565346j,0.000000
0.800000+0.000000j,0.236710+2.047222j,-0.317109-1.565346j,0.000000
0.800000+0.000000j,0.236710+2.047222j,-0.317109-1.565346j,0.000000
0.800000+0.000000j,0.236710+2.047222j,-0.317109-1.565346j,0.000000
0.800000+0.000000j,0.236710+2.047222j,-0.317109-1.565346j,0.000000
0.800000+0.000000j,0.236710+2.047222j,-0.317109-1.565346j,0.000000
0.800000+0.000000j,0.236710+2.047222j,-0.317109-1.565346j,0.000000
0.800000+0.000000j,0.236710+2.047222j,-0.317109-1.565346j,0.000000
0.800000+0.000000j,0.236710+2.047222j,-0.317109-1.565346j,0.000000
0.800000+0.000000j,0.236710+2.047222j,-0.317109-1.565346j,0.000000
0.800000+0.000000j,0.236710+2.047222j,-0.317109-1.565346j,0.000000
0.800000+0.000000j,0.236710+2.047222j,-0.317109-1.565346j,0.000000
0.800000+0.000000j,0.236710+2.047222j,-0.317109-1.565346j,0.000000
0.800000+0.000000j,0.236710+2.047222j,-0.317109-1.565346j,0.000000
0.800000+0.000000j,0.236710+2.047222j,-0.317109-1.565346j,0.000000
0.800000+0.000000j,0.236710+2.047222j,-0.317109-1.565346j,0.000000
0.800000+0.000000j,0.236710+2.047222j,-0.317109-1.565346j,0.000000
0.800000+0.000000j,0.236710+2.047222j,-0.317109-1.565346j,0.000000
0.800000+0.000000j,0.236710+2.047222j,-0.317109-1.565346j,0.000000
0.800000+0.000000j,0.236710+2.047222j,-0.317109-1.565346j,0.000000
0.800000+0.000000j,0.236710+2.047222j,-0.317109-1.565346j,0.000000
0.800000+0.000000j,0.236710+2.047222j,-0.317109-1.565346j,0.000000
0.800000+0.000000j,0.236710+2.047222j,-0.317109-1.565346j,0.000000
0.800000+0.000000j,0.236710+2.047222j,-0.317109-1.565346j,0.000000
0.800000+0.000000j,0.236710+2.047222j,-0.317109-1.565346j,0.000000
0.800000+0.000000j,0.236710+2.047222j,-0.317109-1.565346j,0.000000
0.800000+0.000000j,0.236710+2.047222j,-0.317109-1.565346j,0.000000
0.800000+0.000000j,0.236710+2.047222j,-0.317109-1.565346j,0.000000
0.800000+0.000000j,0.236710+2.047222j,-0.317109-1.565346j,0.000000
0.800000+0.000000j,0.236710+2.047222j,-0.317109-1.565346j,0.000000
0.800000+0.000000j,0.236710+2.047222j,-0.317109-1.565346j,0.000000
0.800000+0.000000j,0.236710+2.047222j,-0.317109-1.565346j,0.000000
0.800000+0.000000j,0.236710+2.047222j,-0.317109-1.565346j,0.000000
0.800000+0.000000j,0.236710+2.047222j,-0.317109-1.565346j,0.000000
0.800000+0.000000j,0.236710+2.047222j,-0.317109-1.565346j,0.000000
0.800000+0.000000j,0.236710+2.047222j,-0.317109-1.565346j,0.000000
0.800000+0.000000j,0.236710+2.047222j,-0.317109-1.565346j,0.000000
0.800000+0.000000j,0.236710+2.047222j,-0.317109-1.565346j,0.000000
0.800000+0.000000j,0.236710+2.047222j,-0.317109-1.565346j,0.000000
0.800000+0.000000j,0.236710+2.047222j,-0.317109-1.565346j,0.000000
0.800000+0.000000j,0.236710+2.047222j,-0.317109-1.565346j,0.000000
0.800000+0.000000j,0.236710+2.047222j,-0.317109-1.565346j,0.000000
0.800000+0.000000j,0.236710+2.047222j,-0.317109-1.565346j,0.000000
0.800000+0.000000j,0.236710+2.047222j,-0.317109-1.565346j,0.000000
0.800000+0.000000j,0.236710+2.047222j,-0.317109-1.565346j,0.000000
0.800000+0.000000j,0.236710+2.047222j,-0.317109-1.565346j,0.000000
0.800000+0.000000j,0.236710+2.047222j,-0.317109-1.565346j,0.000000
0.800000+0.000000j,0.236710+2.047222j,-0.317109-1.565346j,0.000000
0.800000+0.000000j,0.236710+2.047222j,-0.317109-1.565346j,0.000000
0.800000+0.000000j,0.236710+2.047222j,-0.317109-1.565346j,0.000000
0.800000+0.000000j,0.236710+2.047222j,-0.317109-1.565346j,0.000000
0.800000+0.000000j,0.236710+2.047222j,-0.317109-1.565346j,0.000000
0.800000+0.000000j,0.236710+2.047222j,-0.317109-1.565346j,0.000000
0.800000+0.000000j,0.236710+2.047222j,-0.317109-1.565346j,0.000000
0.800000+0.000000j,0.236710+2.047222j,-0.317109-1.565346j,0.000000
0.800000+0.000000j,0.236710+2.047222j,-0.317109-1.565346j,0.000000
0.800000+0.000000j,0.236710+2.047222j,-0.317109-1.565346j,0.000000
0.800000+0.000000j,0.236710+2.047222j,-0.317109-1.565346j,0.000000
0.800000+0.000000j,0.236710+2.047222j,-0.317109-1.565346j,0.000000
0.800000+0.000000j,0.236710+2.047222j,-0.317109-1.565346j,0.000000
0.800000+0.000000j,0.236710+2.047222j,-0.317109-1.565346j,0.000000
0.800000+0.000000j,0.236710+2.047222j,-0.317109-1.565346j,0.000000
0.800000+0.000000j,0.236710+2.047222j,-0.317109-1.565346j,0.000000
0.800000+0.000000j,0.236710+2.047222j,-0.317109-1.565346j,0.000000
0.800000+0.000000j,0.236710+2.047222j,-0.317109-1.565346j,0.000000
0.800000+0.000000j,0.236710+2.047222j,-0.317109-1.565346j,0.000000
0.800000+0.000000j,0.236710+2.047222j,-0.317109-1.565346j,0.000000
0.800000+0.000000j,0.236710+2.047222j,-0.317109-1.565346j,0.000000
0.800000+0.000000j,0.236710+2.047222j,-0.317109-1.565346j,0.000000
0.800000+0.000000j,0.236710+2.047222j,-0.317109-1.565346j,0.000000
0.800000+0.000000j,0.236710+2.047222j,-0.317109-1.565346j,0.000000
0.800000+0.000000j,0.236710+2.047222j,-0.317109-1.565346j,0.000000
0.800000+0.000000j,0.236710+2.047222j,-0.317109-1.565346j,0.000000
0.800000+0.000000j,0.236710+2.047222j,-0.317109-1.565346j,0.000000
0.800000+0.000000j,0.236710+2.047222j,-0.317109-1.565346j,0.000000
0.800000+0.000000j,0.236710+2.047222j,-0.317109-1.565346j,0.000000
0.800000+0.000000j,0.236710+2.047222j,-0.317109-1.565346j,0.000000
0.800000+0.000000j,0.236710+2.047222j,-0.317109-1.565346j,0.000000
0.800000+0.000000j,0.236710+2.047222j,-0.317109-1.565346j,0.000000
0.800000+0.000000j,0.236710+2.047222j,-0.317109-1.565346j,0.000000
0.800000+0.000000j,0.236710+2.047222j,-0.317109-1.565346j,0.000000
0.800000+0.000000j,0.236710+2.047222j,-0.317109-1.565346j,0.000000
0.800000+0.000000j,0.236710+2.047222j,-0.317109-1.565346j,0.000000
0.800000+0.000000j,0.236710+2.047222j,-0.317109-1.565346j,0.000000
0.800000+0.000000j,0.236710+2.047222j,-0.317109-1.565346j,0.000000
0.800000+0.000000j,0.236710+2.047222j,-0.317109-1.565346j,0.000000
0.800000+0.000000j,0.236710+2.047222j,-0.317109-1.565346j,0.000000
0.800000+0.000000j,0.236710+2.047222j,-0.317109-1.565346j,0.000000
0.800000+0.000000j,0.236710+2.047222j,-0.317109-1.565346j,0.000000
0.800000+0.000000j,0.236710+2.047222j,-0.317109-1.565346j,0.000000
0.800000+0.000000j,0.236710+2.047222j,-0.317109-1.565346j,0.000000
0.800000+0.000000j,0.236710+2.047222j,-0.317109-1.565346j,0.000000
0.800000+0.000000j,0.236710+2.047222j,-0.317109-1.565346j,0.000000
0.800000+0.000000j,0.236710+2.047222j,-0.317109-1.565346j,0.000000
0.800000+0.000000j,0.236710+2.047222j,-0.317109-1.565346j,0.000000
0.800000+0.000000j,0.236710+2.047222j,-0.317109-1.565346j,0.000000
0.800000+0.000000j,0.236710+2.047222j,-0.317109-1.565346j,0.000000
0.800000+0.000000j,0.236710+2.047222j,-0.317109-1.565346j,0.000000
0.800000+0.000000j,0.236710+2.047222j,-0.317109-1.565346j,0.000000
0.800000+0.000000j,0.236710+2.047222j,-0.317109-1.565346j,0.000000
0.800000+0.000000j,0.236710+2.047222j,-0.317109-1.565346j,0.000000
0.800000+0.000000j,0.236710+2.047222j,-0.317109-1.565346j,0.000000
0.800000+0.000000j,0.236710+2.047222j,-0.317109-1.565346j,0.000000
0.800000+0.000000j,0.236710+2.047222j,-0.317109-1.565346j,0.000000
0.800000+0.000000j,0.236710+2.047222j,-0.317109-1.565346j,0.000000
0.800000+0.000000j,0.236710+2.047222j,-0.317109-1.565346j,0.000000
0.800000+0.000000j,0.236710+2.047222j,-0.317109-1.565346j,0.000000
0.800000+0.000000j,0.236710+2.047222j,-0.317109-1.565346j,0.000000
0.800000+0.000000j,0.236710+2.047222j,-0.317109-1.565346j,0.000000
0.800000+0.000000j,0.236710+2.047222j,-0.317109-1.565346j,0.000000
0.800000+0.000000j,0.236710+2.047222j,-0.317109-1.565346j,0.000000
0.800000+0.000000j,0.236710+2.047222j,-0.317109-1.565346j,0.000000
0.800000+0.000000j,0.236710+2.047222j,-0.317109-1.565346j,0.000000
0.800000+0.000000j,0.236710+2.047222j,-0.317109-1.565346j,0.000000
0.800000+0.000000j,0.236710+2.047222j,-0.317109-1.565346j,0.000000
0.800000+0.000000j,0.236710+2.047222j,-0.317109-1.565346j,0.000000
0.800000+0.000000j,0.236710+2.047222j,-0.317109-1.565346j,0.000000
0.800000+0.000000j,0.236710+2.047222j,-0.317109-1.565346j,0.000000
0.800000+0.000000j,0.236710+2.047222j,-0.317109-1.565346j,0.000000
0.800000+0.000000j,0.236710+2.047222j,-0.317109-1.565346j,0.000000
0.800000+0.000000j,0.236710+2.047222j,-0.317109-1.565346j,0.000000
0.800000+0.000000j,0.236710+2.047222j,-0.317109-1.565346j,0.000000
0.800000+0.000000j,0.236710+2.047222j,-0.317109-1.565346j,0.000000
0.800000+0.000000j,0.236710+2.047222j,-0.317109-1.565346j,0.000000
0.800000+0.000000j,0.236710+2.047222j,-0.317109-1.565346j,0.000000
0.800000+0.000000j,0.236710+2.047222j,-0.317109-1.565346j,0.000000
0.800000+0.000000j,0.236710+2.047222j,-0.317109-1.565346j,0.000000
0.800000+0.000000j,0.236710+2.047222j,-0.317109-1.565346j,0.000000
0.800000+0.000000j,0.236710+2.047222j,-0.317109-1.565346j,0.000000
0.800000+0.000000j,0.236710+2.047222j,-0.317109-1.565346j,0.000000
0.800000+0.000000j,0.236710+2.047222j,-0.317109-1.565346j,0.000000
0.800000+0.000000j,0.236710+2.047222j,-0.317109-1.565346j,0.000000
0.800000+0.000000j,0.236710+2.047222j,-0.317109-1.565346j,0.000000
0.800000+0.000000j,0.236710+2.047222j,-0.317109-1.565346j,0.000000
0.800000+0.000000j,0.236710+2.047222j,-0.317109-1.565346j,0.000000
0.800000+0.000000j,0.236710+2.047222j,-0.317109-1.565346j,0.000000
0.800000+0.000000j,0.236710+2.047222j,-0.317109-1.565346j,0.000000
0.800000+0.000000j,0.236710+2.047222j,-0.317109-1.565346j,0.000000
0.800000+0.000000j,0.236710+2.047222j,-0.317109-1.565346j,0.000000
0.800000+0.000000j,0.236710+2.047222j,-0.317109-1.565346j,0.000000
0.800000+0.000000j,0.236710+2.047222j,-0.317109-1.565346j,0.000000
0.800000+0.000000j,0.236710+2.047222j,-0.317109-1.565346j,0.000000
0.800000+0.000000j,0.236710+2.047222j,-0.317109-1.565346j,0.000000
0.800000+0.000000j,0.236710+2.047222j,-0.317109-1.565346j,0.000000
0.800000+0.000000j,0.236710+2.047222j,-0.317109-1.565346j,0.000000
0.800000+0.000000j,0.236710+2.047222j,-0.317109-1.565346j,0.000000
0.800000+0.000000j,0.236710+2.047222j,-0.317109-1.565346j,0.000000
0.800000+0.000000j,0.236710+2.047222j,-0.317109-1.565346j,0.000000
0.800000+0.000000j,0.236710+2.047222j,-0.317109-1.565346j,0.000000
0.800000+0.000000j,0.236710+2.047222j,-0.317109-1.565346j,0.000000
0.800000+0.000000j,0.236710+2.047222j,-0.317109-1.565346j,0.000000
0.800000+0.000000j,0.236710+2.047222j,-0.317109-1.565346j,0.000000
0.800000+0.000000j,0.236710+2.047222j,-0.317109-1.565346j,0.000000
0.800000+0.000000j,0.236710+2.047222j,-0.317109-1.565346j,0.000000
0.800000+0.000000j,0.236710+2.047222j,-0.317109-1.565346j,0.000000
0.800000+0.000000j,0.236710+2.047222j,-0.317109-1.565346j,0.000000
0.800000+0.000000j,0.236710+2.047222j,-0.317109-1.565346j,0.000000
0.800000+0.000000j,0.236710+2.047222j,-0.317109-1.565346j,0.000000
0.800000+0.000000j,0.236710+2.047222j,-0.317109-1.565346j,0.000000
0.800000+0.000000j,0.236710+2.047222j,-0.317109-1.565346j,0.000000
0.800000+0.000000j,0.236710+2.047222j,-0.317109-1.565346j,0.000000
0.800000+0.000000j,0.236710+2.047222j,-0.317109-1.565346j,0.000000
0.800000+0.000000j,0.236710+2.047222j,-0.317109-1.565346j,0.000000
0.800000+0.000000j,0.236710+2.047222j,-0.317109-1.565346j,0.000000
0.800000+0.000000j,0.236710+2.047222j,-0.317109-1.565346j,0.000000
0.800000+0.000000j,0.236710+2.047222j,-0.317109-1.565346j,0.000000
0.800000+0.000000j,0.236710+2.047222j,-0.317109-1.565346j,0.000000
0.800000+0.000000j,0.236710+2.047222j,-0.317109-1.565346j,0.000000
0.800000+0.000000j,0.236710+2.047222j,-0.317109-1.565346j,0.000000
0.800000+0.000000j,0.236710+2.047222j,-0.317109-1.565346j,0.000000
0.800000+0.000000j,0.236710+2.047222j,-0.317109-1.565346j,0.000000
0.800000+0.000000j,0.236710+2.047222j,-0.317109-1.565346j,0.000000
0.800000+0.000000j,0.236710+2.047222j,-0.317109-1.565346j,0.000000
0.800000+0.000000j,0.236710+2.047222j,-0.317109-1.565346j,0.000000
0.800000+0.000000j,0.236710+2.047222j,-0.317109-1.565346j,0.000000
0.800000+0.000000j,0.236710+2.047222j,-0.317109-1.565346j,0.000000
0.800000+0.000000j,0.236710+2.047222j,-0.317109-1.565346j,0.000000
0.800000+0.000000j,0.236710+2.047222j,-0.317109-1.565346j,0.000000
0.800000+0.000000j,0.236710+2.047222j,-0.317109-1.565346j,0.000000
0.800000+0.000000j,0.236710+2.047222j,-0.317109-1.565346j,0.000000
0.800000+0.000000j,0.236710+2.047222j,-0.317109-1.565346j,0.000000
0.800000+0.000000j,0.236710+2.047222j,-0.317109-1.565346j,0.000000
0.800000+0.000000j,0.236710+2.047222j,-0.317109-1.565346j,0.000000
0.800000+0.000000j,0.236710+2.047222j,-0.317109-1.565346j,0.000000
0.800000+0.000000j,0.236710+2.047222j,-0.317109-1.565346j,0.000000
0.800000+0.000000j,0.236710+2.047222j,-0.317109-1.565346j,0.000000
0.800000+0.000000j,0.236710+2.047222j,-0.317109-1.565346j,0.000000
0.800000+0.000000j,0.236710+2.047222j,-0.317109-1.565346j,0.000000
0.800000+0.000000j,0.236710+2.047222j,-0.317109-1.565346j,0.000000
0.800000+0.000000j,0.236710+2.047222j,-0.317109-1.565346j,0.000000
0.800000+0.000000j,0.236710+2.047222j,-0.317109-1.565346j,0.000000
0.800000+0.000000j,0.236710+2.047222j,-0.317109-1.565346j,0.000000
0.800000+0.000000j,0.236710+2.047222j,-0.317109-1.565346j,0.000000
0.800000+0.000000j,0.236710+2.047222j,-0.317109-1.565346j,0.000000
0.800000+0.000000j,0.236710+2.047222j,-0.317109-1.565346j,0.000000
0.800000+0.000000j,0.236710+2.047222j,-0.317109-1.565346j,0.000000
0.800000+0.000000j,0.236710+2.047222j,-0.317109-1.565346j,0.000000
0.800000+0.000000j,0.236710+2.047222j,-0.317109-1.565346j,0.000000
0.800000+0.000000j,0.236710+2.047222j,-0.317109-1.565346j,0.000000
0.800000+0.000000j,0.236710+2.047222j,-0.317109-1.565346j,0.000000
0.800000+0.000000j,0.236710+2.047222j,-0.317109-1.565346j,0.000000
0.800000+0.000000j,0.236710+2.047222j,-0.317109-1.565346j,0.000000
0.800000+0.000000j,0.236710+2.047222j,-0.317109-1.565346j,0.000000
0.800000+0.000000j,0.236710+2.047222j,-0.317109-1.565346j,0.000000
0.800000+0.000000j,0.236710+2.047222j,-0.317109-1.565346j,0.000000
0.800000+0.000000j,0.236710+2.047222j,-0.317109-1.565346j,0.000000
0.800000+0.000000j,0.236710+2.047222j,-0.317109-1.565346j,0.000000
0.800000+0.000000j,0.236710+2.047222j,-0.317109-1.565346j,0.000000
0.800000+0.000000j,0.236710+2.047222j,-0.317109-1.565346j,0.000000
0.800000+0.000000j,0.236710+2.047222j,-0.317109-1.565346j,0.000000
0.800000+0.000000j,0.236710+2.047222j,-0.317109-1.565346j,0.000000
0.800000+0.000000j,0.236710+2.047222j,-0.317109-1.565346j,0.000000
0.800000+0.000000j,0.236710+2.047222j,-0.317109-1.565346j,0.000000
0.800000+0.000000j,0.236710+2.047222j,-0.317109-1.565346j,0.000000
0.800000+0.000000j,0.236710+2.047222j,-0.317109-1.565346j,0.000000
0.800000+0.000000j,0.236710+2.047222j,-0.317109-1.565346j,0.000000
0.800000+0.000000j,0.236710+2.047222j,-0.317109-1.565346j,0.000000
0.800000+0.000000j,0.236710+2.047222j,-0.317109-1.565346j,0.000000
0.800000+0.000000j,0.236710+2.047222j,-0.317109-1.565346j,0.000000
0.800000+0.000000j,0.236710+2.047222j,-0.317109-1.565346j,0.000000
0.800000+0.000000j,0.236710+2.047222j,-0.317109-1.565346j,0.000000
0.800000+0.000000j,0.236710+2.047222j,-0.317109-1.565346j,0.000000
0.800000+0.000000j,0.236710+2.047222j,-0.317109-1.565346j,0.000000
0.800000+0.000000j,0.236710+2.047222j,-0.317109-1.565346j,0.000000
0.800000+0.000000j,0.236710+2.047222j,-0.317109-1.565346j,0.000000
0.800000+0.000000j,0.236710+2.047222j,-0.317109-1.565346j,0.000000
0.800000+0.000000j,0.236710+2.047222j,-0.317109-1.565346j,0.000000
0.800000+0.000000j,0.236710+2.047222j,-0.317109-1.565346j,0.000000
0.800000+0.000000j,0.236710+2.047222j,-0.317109-1.565346j,0.000000
0.800000+0.000000j,0.236710+2.047222j,-0.317109-1.565346j,0.000000
0.800000+0.000000j,0.236710+2.047222j,-0.317109-1.565346j,0.000000
0.800000+0.000000j,0.236710+2.047222j,-0.317109-1.565346j,0.000000
0.800000+0.000000j,0.236710+2.047222j,-0.317109-1.565346j,0.000000
0.800000+0.000000j,0.236710+2.047222j,-0.317109-1.565346j,0.000000
0.800000+0.000000j,0.236710+2.047222j,-0.317109-1.565346j,0.000000
0.800000+0.000000j,0.236710+2.047222j,-0.317109-1.565346j,0.000000
0.800000+0.000000j,0.236710+2.047222j,-0.317109-1.565346j,0.000000
0.800000+0.000000j,0.236710+2.047222j,-0.317109-1.565346j,0.000000
0.800000+0.000000j,0.236710+2.047222j,-0.317109-1.565346j,0.000000
0.800000+0.000000j,0.236710+2.047222j,-0.317109-1.565346j,0.000000
0.800000+0.000000j,0.236710+2.047222j,-0.317109-1.565346j,0.000000
0.800000+0.000000j,0.236710+2.047222j,-0.317109-1.565346j,0.000000
0.800000+0.000000j,0.236710+2.047222j,-0.317109-1.565346j,0.000000
0.800000+0.000000j,0.236710+2.047222j,-0.317109-1.565346j,0.000000
0.800000+0.000000j,0.236710+2.047222j,-0.317109-1.565346j,0.000000
0.800000+0.000000j,0.236710+2.047222j,-0.317109-1.565346j,0.000000
0.800000+0.000000j,0.236710+2.047222j,-0.317109-1.565346j,0.000000
0.800000+0.000000j,0.236710+2.047222j,-0.317109-1.565346j,0.000000
0.800000+0.000000j,0.236710+2.047222j,-0.317109-1.565346j,0.000000
0.800000+0.000000j,0.236710+2.047222j,-0.317109-1.565346j,0.000000
0.800000+0.000000j,0.236710+2.047222j,-0.317109-1.565346j,0.000000
0.800000+0.000000j,0.236710+2.047222j,-0.317109-1.565346j,0.000000
0.800000+0.000000j,0.236710+2.047222j,-0.317109-1.565346j,0.000000
0.800000+0.000000j,0.236710+2.047222j,-0.317109-1.565346j,0.000000
0.800000+0.000000j,0.236710+2.047222j,-0.317109-1.565346j,0.000000
0.800000+0.000000j,0.236710+2.047222j,-0.317109-1.565346j,0.000000
0.800000+0.000000j,0.236710+2.047222j,-0.317109-1.565346j,0.000000
0.800000+0.000000j,0.236710+2.047222j,-0.317109-1.565346j,0.000000
0.800000+0.000000j,0.236710+2.047222j,-0.317109-1.565346j,0.000000
0.800000+0.000000j,0.236710+2.047222j,-0.317109-1.565346j,0.000000
0.800000+0.000000j,0.236710+2.047222j,-0.317109-1.565346j,0.000000
0.800000+0.000000j,0.236710+2.047222j,-0.317109-1.565346j,0.000000
0.800000+0.000000j,0.236710+2.047222j,-0.317109-1.565346j,0.000000
0.800000+0.000000j,0.236710+2.047222j,-0.317109-1.565346j,0.000000
0.800000+0.000000j,0.236710+2.047222j,-0.317109-1.565346j,0.000000
0.800000+0.000000j,0.236710+2.047222j,-0.317109-1.565346j,0.000000
0.800000+0.000000j,0.236710+2.047222j,-0.317109-1.565346j,0.000000
0.800000+0.000000j,0.236710+2.047222j,-0.317109-1.565346j,0.000000
0.800000+0.000000j,0.236710+2.047222j,-0.317109-1.565346j,0.000000
0.800000+0.000000j,0.236710+2.047222j,-0.317109-1.565346j,0.000000
0.800000+0.000000j,0.236710+2.047222j,-0.317109-1.565346j,0.000000
0.800000+0.000000j,0.236710+2.047222j,-0.317109-1.565346j,0.000000
0.800000+0.000000j,0.236710+2.047222j,-0.317109-1.565346j,0.000000
0.800000+0.000000j,0.236710+2.047222j,-0.317109-1.565346j,0.000000
0.800000+0.000000j,0.236710+2.047222j,-0.317109-1.565346j,0.000000
0.800000+0.000000j,0.236710+2.047222j,-0.317109-1.565346j,0.000000
0.800000+0.000000j,0.236710+2.047222j,-0.317109-1.565346j,0.000000
0.800000+0.000000j,0.236710+2.047222j,-0.317109-1.565346j,0.000000
0.800000+0.000000j,0.236710+2.047222j,-0.317109-1.565346j,0.000000
0.800000+0.000000j,0.236710+2.047222j,-0.317109-1.565346j,0.000000
0.800000+0.000000j,0.236710+2.047222j,-0.317109-1.565346j,0.000000
0.800000+0.000000j,0.236710+2.047222j,-0.317109-1.565346j,0.000000
0.800000+0.000000j,0.236710+2.047222j,-0.317109-1.565346j,0.000000
0.800000+0.000000j,0.236710+2.047222j,-0.317109-1.565346j,0.000000
0.800000+0.000000j,0.236710+2.047222j,-0.317109-1.565346j,0.000000
0.800000+0.000000j,0.236710+2.047222j,-0.317109-1.565346j,0.000000
0.800000+0.000000j,0.236710+2.047222j,-0.317109-1.565346j,0.000000
0.800000+0.000000j,0.236710+2.047222j,-0.317109-1.565346j,0.000000
0.800000+0.000000j,0.236710+2.047222j,-0.317109-1.565346j,0.000000
0.800000+0.000000j,0.236710+2.047222j,-0.317109-1.565346j,0.000000
0.800000+0.000000j,0.236710+2.047222j,-0.317109-1.565346j,0.000000
0.800000+0.000000j,0.236710+2.047222j,-0.317109-1.565346j,0.000000
0.800000+0.000000j,0.236710+2.047222j,-0.317109-1.565346j,0.000000
0.800000+0.000000j,0.236710+2.047222j,-0.317109-1.565346j,0.000000
0.800000+0.000000j,0.236710+2.047222j,-0.317109-1.565346j,0.000000
0.800000+0.000000j,0.236710+2.047222j,-0.317109-1.565346j,0.000000
0.800000+0.000000j,0.236710+2.047222j,-0.317109-1.565346j,0.000000
0.800000+0.000000j,0.236710+2.047222j,-0.317109-1.565346j,0.000000
0.800000+0.000000j,0.236710+2.047222j,-0.317109-1.565346j,0.000000
0.800000+0.000000j,0.236710+2.047222j,-0.317109-1.565346j,0.000000
0.800000+0.000000j,0.236710+2.047222j,-0.317109-1.565346j,0.000000
0.800000+0.000000j,0.236710+2.047222j,-0.317109-1.565346j,0.000000
0.800000+0.000000j,0.236710+2.047222j,-0.317109-1.565346j,0.000000
0.800000+0.000000j,0.236710+2.047222j,-0.317109-1.565346j,0.000000
0.800000+0.000000j,0.236710+2.047222j,-0.317109-1.565346j,0.000000
0.800000+0.000000j,0.236710+2.047222j,-0.317109-1.565346j,0.000000
0.800000+0.000000j,0.236710+2.047222j,-0.317109-1.565346j,0.000000
0.800000+0.000000j,0.236710+2.047222j,-0.317109-1.565346j,0.000000
0.800000+0.000000j,0.236710+2.047222j,-0.317109-1.565346j,0.000000
0.800000+0.000000j,0.236710+2.047222j,-0.317109-1.565346j,0.000000
0.800000+0.000000j,0.236710+2.047222j,-0.317109-1.565346j,0.000000
0.800000+0.000000j,0.236710+2.047222j,-0.317109-1.565346j,0.000000
0.800000+0.000000j,0.236710+2.047222j,-0.317109-1.565346j,0.000000
0.800000+0.000000j,0.236710+2.047222j,-0.317109-1.565346j,0.000000
0.800000+0.000000j,0.236710+2.047222j,-0.317109-1.565346j,0.000000
0.800000+0.000000j,0.236710+2.047222j,-0.317109-1.565346j,0.000000
0.800000+0.000000j,0.236710+2.047222j,-0.317109-1.565346j,0.000000
0.800000+0.000000j,0.236710+2.047222j,-0.317109-1.565346j,0.000000
0.800000+0.000000j,0.236710+2.047222j,-0.317109-1.565346j,0.000000
0.800000+0.000000j,0.236710+2.047222j,-0.317109-1.565346j,0.000000
0.800000+0.000000j,0.236710+2.047222j,-0.317109-1.565346j,0.000000
0.800000+0.000000j,0.236710+2.047222j,-0.317109-1.565346j,0.000000
0.800000+0.000000j,0.236710+2.047222j,-0.317109-1.565346j,0.000000
0.800000+0.000000j,0.236710+2.047222j,-0.317109-1.565346j,0.000000
0.800000+0.000000j,0.236710+2.047222j,-0.317109-1.565346j,0.000000
0.800000+0.000000j,0.236710+2.047222j,-0.317109-1.565346j,0.000000
0.800000+0.000000j,0.236710+2.047222j,-0.317109-1.565346j,0.000000
0.800000+0.000000j,0.236710+2.047222j,-0.317109-1.565346j,0.000000
0.800000+0.000000j,0.236710+2.047222j,-0.317109-1.565346j,0.000000
0.800000+0.000000j,0.236710+2.047222j,-0.317109-1.565346j,0.000000
0.800000+0.000000j,0.236710+2.047222j,-0.317109-1.565346j,0.000000
0.800000+0.000000j,0.236710+2.047222j,-0.317109-1.565346j,0.000000
0.800000+0.000000j,0.236710+2.047222j,-0.317109-1.565346j,0.000000
0.800000+0.000000j,0.236710+2.047222j,-0.317109-1.565346j,0.000000
0.800000+0.000000j,0.236710+2.047222j,-0.317109-1.565346j,0.000000
0.800000+0.000000j,0.236710+2.047222j,-0.317109-1.565346j,0.000000
0.800000+0.000000j,0.236710+2.047222j,-0.317109-1.565346j,0.000000
0.800000+0.000000j,0.236710+2.047222j,-0.317109-1.565346j,0.000000
0.800000+0.000000j,0.236710+2.047222j,-0.317109-1.565346j,0.000000
0.800000+0.000000j,0.236710+2.047222j,-0.317109-1.565346j,0.000000
0.800000+0.000000j,0.236710+2.047222j,-0.317109-1.565346j,0.000000
0.800000+0.000000j,0.236710+2.047222j,-0.317109-1.565346j,0.000000
0.800000+0.000000j,0.236710+2.047222j,-0.317109-1.565346j,0.000000
0.800000+0.000000j,0.236710+2.047222j,-0.317109-1.565346j,0.000000
0.800000+0.000000j,0.236710+2.047222j,-0.317109-1.565346j,0.000000
0.800000+0.000000j,0.236710+2.047222j,-0.317109-1.565346j,0.000000
0.800000+0.000000j,0.236710+2.047222j,-0.317109-1.565346j,0.000000
0.800000+0.000000j,0.236710+2.047222j,-0.317109-1.565346j,0.000000
0.800000+0.000000j,0.236710+2.047222j,-0.317109-1.565346j,0.000000
0.800000+0.000000j,0.236710+2.047222j,-0.317109-1.565346j,0.000000
0.800000+0.000000j,0.236710+2.047222j,-0.317109-1.565346j,0.000000
0.800000+0.000000j,0.236710+2.047222j,-0.317109-1.565346j,0.000000
0.800000+0.000000j,0.236710+2.047222j,-0.317109-1.565346j,0.000000
0.800000+0.000000j,0.236710+2.047222j,-0.317109-1.565346j,0.000000
0.800000+0.000000j,0.236710+2.047222j,-0.317109-1.565346j,0.000000
0.800000+0.000000j,0.236710+2.047222j,-0.317109-1.565346j,0.000000
0.800000+0.000000j,0.236710+2.047222j,-0.317109-1.565346j,0.000000
0.800000+0.000000j,0.236710+2.047222j,-0.317109-1.565346j,0.000000
0.800000+0.000000j,0.236710+2.047222j,-0.317109-1.565346j,0.000000
0.800000+0.000000j,0.236710+2.047222j,-0.317109-1.565346j,0.000000
0.800000+0.000000j,0.236710+2.047222j,-0.317109-1.565346j,0.000000
0.800000+0.000000j,0.236710+2.047222j,-0.317109-1.565346j,0.000000
0.800000+0.000000j,0.236710+2.047222j,-0.317109-1.565346j,0.000000
0.800000+0.000000j,0.236710+2.047222j,-0.317109-1.565346j,0.000000
0.800000+0.000000j,0.236710+2.047222j,-0.317109-1.565346j,0.000000
0.800000+0.000000j,0.236710+2.047222j,-0.317109-1.565346j,0.000000
0.800000+0.000000j,0.236710+2.047222j,-0.317109-1.565346j,0.000000
0.800000+0.000000j,0.236710+2.047222j,-0.317109-1.565346j,0.000000
0.800000+0.000000j,0.236710+2.047222j,-0.317109-1.565346j,0.000000
0.800000+0.000000j,0.236710+2.047222j,-0.317109-1.565346j,0.000000
0.800000+0.000000j,0.236710+2.047222j,-0.317109-1.565346j,0.000000
0.800000+0.000000j,0.236710+2.047222j,-0.317109-1.565346j,0.000000
0.800000+0.000000j,0.236710+2.047222j,-0.317109-1.565346j,0.000000
0.800000+0.000000j,0.236710+2.047222j,-0.317109-1.565346j,0.000000
0.800000+0.000000j,0.236710+2.047222j,-0.317109-1.565346j,0.000000
0.800000+0.000000j,0.236710+2.047222j,-0.317109-1.565346j,0.000000
0.800000+0.000000j,0.236710+2.047222j,-0.317109-1.565346j,0.000000
0.800000+0.000000j,0.236710+2.047222j,-0.317109-1.565346j,0.000000
0.800000+0.000000j,0.236710+2.047222j,-0.317109-1.565346j,0.000000
0.800000+0.000000j,0.236710+2.047222j,-0.317109-1.565346j,0.000000
0.800000+0.000000j,0.236710+2.047222j,-0.317109-1.565346j,0.000000
0.800000+0.000000j,0.236710+2.047222j,-0.317109-1.565346j,0.000000
0.800000+0.000000j,0.236710+2.047222j,-0.317109-1.565346j,0.000000
0.800000+0.000000j,0.236710+2.047222j,-0.317109-1.565346j,0.000000
0.800000+0.000000j,0.236710+2.047222j,-0.317109-1.565346j,0.000000
0.800000+0.000000j,0.236710+2.047222j,-0.317109-1.565346j,0.000000
0.800000+0.000000j,0.236710+2.047222j,-0.317109-1.565346j,0.000000
0.800000+0.000000j,0.236710+2.047222j,-0.317109-1.565346j,0.000000
0.800000+0.000000j,0.236710+2.047222j,-0.317109-1.565346j,0.000000
0.800000+0.000000j,0.236710+2.047222j,-0.317109-1.565346j,0.000000
0.800000+0.000000j,0.236710+2.047222j,-0.317109-1.565346j,0.000000
0.800000+0.000000j,0.236710+2.047222j,-0.317109-1.565346j,0.000000
0.800000+0.000000j,0.236710+2.047222j,-0.317109-1.565346j,0.000000
0.800000+0.000000j,0.236710+2.047222j,-0.317109-1.565346j,0.000000
0.800000+0.000000j,0.236710+2.047222j,-0.317109-1.565346j,0.000000
0.800000+0.000000j,0.236710+2.047222j,-0.317109-1.565346j,0.000000
0.800000+0.000000j,0.236710+2.047222j,-0.317109-1.565346j,0.000000
0.800000+0.000000j,0.236710+2.047222j,-0.317109-1.565346j,0.000000
0.800000+0.000000j,0.236710+2.047222j,-0.317109-1.565346j,0.000000
0.800000+0.000000j,0.236710+2.047222j,-0.317109-1.565346j,0.000000
0.800000+0.000000j,0.236710+2.047222j,-0.317109-1.565346j,0.000000
0.800000+0.000000j,0.236710+2.047222j,-0.317109-1.565346j,0.000000
0.800000+0.000000j,0.236710+2.047222j,-0.317109-1.565346j,0.000000
0.800000+0.000000j,0.236710+2.047222j,-0.317109-1.565346j,0.000000
0.800000+0.000000j,0.236710+2.047222j,-0.317109-1.565346j,0.000000
0.800000+0.000000j,0.236710+2.047222j,-0.317109-1.565346j,0.000000
0.800000+0.000000j,0.236710+2.047222j,-0.317109-1.565346j,0.000000
0.800000+0.000000j,0.236710+2.047222j,-0.317109-1.565346j,0.000000
0.800000+0.000000j,0.236710+2.047222j,-0.317109-1.565346j,0.000000
0.800000+0.000000j,0.236710+2.047222j,-0.317109-1.565346j,0.000000
0.800000+0.000000j,0.236710+2.047222j,-0.317109-1.565346j,0.000000
0.800000+0.000000j,0.236710+2.047222j,-0.317109-1.565346j,0.000000
0.800000+0.000000j,0.236710+2.047222j,-0.317109-1.565346j,0.000000
0.800000+0.000000j,0.236710+2.047222j,-0.317109-1.565346j,0.000000
0.800000+0.000000j,0.236710+2.047222j,-0.317109-1.565346j,0.000000
0.800000+0.000000j,0.236710+2.047222j,-0.317109-1.565346j,0.000000
0.800000+0.000000j,0.236710+2.047222j,-0.317109-1.565346j,0.000000
0.800000+0.000000j,0.236710+2.047222j,-0.317109-1.565346j,0.000000
0.800000+0.000000j,0.236710+2.047222j,-0.317109-1.565346j,0.000000
0.800000+0.000000j,0.236710+2.047222j,-0.317109-1.565346j,0.000000
0.800000+0.000000j,0.236710+2.047222j,-0.317109-1.565346j,0.000000
0.800000+0.000000j,0.236710+2.047222j,-0.317109-1.565346j,0.000000
0.800000+0.000000j,0.236710+2.047222j,-0.317109-1.565346j,0.000000
0.800000+0.000000j,0.236710+2.047222j,-0.317109-1.565346j,0.000000
0.800000+0.000000j,0.236710+2.047222j,-0.317109-1.565346j,0.000000
0.800000+0.000000j,0.236710+2.047222j,-0.317109-1.565346j,0.000000
0.800000+0.000000j,0.236710+2.047222j,-0.317109-1.565346j,0.000000
0.800000+0.000000j,0.236710+2.047222j,-0.317109-1.565346j,0.000000
0.800000+0.000000j,0.236710+2.047222j,-0.317109-1.565346j,0.000000
0.800000+0.000000j,0.236710+2.047222j,-0.317109-1.565346j,0.000000
0.800000+0.000000j,0.236710+2.047222j,-0.317109-1.565346j,0.000000
0.800000+0.000000j,0.236710+2.047222j,-0.317109-1.565346j,0.000000
0.800000+0.000000j,0.236710+2.047222j,-0.317109-1.565346j,0.000000
0.800000+0.000000j,0.236710+2.047222j,-0.317109-1.565346j,0.000000
0.800000+0.000000j,0.236710+2.047222j,-0.317109-1.565346j,0.000000
0.800000+0.000000j,0.236710+2.047222j,-0.317109-1.565346j,0.000000
0.800000+0.000000j,0.236710+2.047222j,-0.317109-1.565346j,0.000000
0.800000+0.000000j,0.236710+2.047222j,-0.317109-1.565346j,0.000000
0.800000+0.000000j,0.236710+2.047222j,-0.317109-1.565346j,0.000000
0.800000+0.000000j,0.236710+2.047222j,-0.317109-1.565346j,0.000000
0.800000+0.000000j,0.236710+2.047222j,-0.317109-1.565346j,0.000000
0.800000+0.000000j,0.236710+2.047222j,-0.317109-1.565346j,0.000000
0.800000+0.000000j,0.236710+2.047222j,-0.317109-1.565346j,0.000000
0.800000+0.000000j,0.236710+2.047222j,-0.317109-1.565346j,0.000000
0.800000+0.000000j,0.236710+2.047222j,-0.317109-1.565346j,0.000000
0.800000+0.000000j,0.236710+2.047222j,-0.317109-1.565346j,0.000000
0.800000+0.000000j,0.236710+2.047222j,-0.317109-1.565346j,0.000000
0.800000+0.000000j,0.236710+2.047222j,-0.317109-1.565346j,0.000000
0.800000+0.000000j,0.236710+2.047222j,-0.317109-1.565346j,0.000000
0.800000+0.000000j,0.236710+2.047222j,-0.317109-1.565346j,0.000000
0.800000+0.000000j,0.236710+2.047222j,-0.317109-1.565346j,0.000000
0.800000+0.000000j,0.236710+2.047222j,-0.317109-1.565346j,0.000000
0.800000+0.000000j,0.236710+2.047222j,-0.317109-1.565346j,0.000000
0.800000+0.000000j,0.236710+2.047222j,-0.317109-1.565346j,0.000000
0.800000+0.000000j,0.236710+2.047222j,-0.317109-1.565346j,0.000000
0.800000+0.000000j,0.236710+2.047222j,-0.317109-1.565346j,0.000000
0.800000+0.000000j,0.236710+2.047222j,-0.317109-1.565346j,0.000000
0.800000+0.000000j,0.236710+2.047222j,-0.317109-1.565346j,0.000000
0.800000+0.000000j,0.236710+2.047222j,-0.317109-1.565346j,0.000000
0.800000+0.000000j,0.236710+2.047222j,-0.317109-1.565346j,0.000000
0.800000+0.000000j,0.236710+2.047222j,-0.317109-1.565346j,0.000000
0.800000+0.000000j,0.236710+2.047222j,-0.317109-1.565346j,0.000000
0.800000+0.000000j,0.236710+2.047222j,-0.317109-1.565346j,0.000000
0.800000+0.000000j,0.236710+2.047222j,-0.317109-1.565346j,0.000000
0.800000+0.000000j,0.236710+2.047222j,-0.317109-1.565346j,0.000000
0.800000+0.000000j,0.236710+2.047222j,-0.317109-1.565346j,0.000000
0.800000+0.000000j,0.236710+2.047222j,-0.317109-1.565346j,0.000000
0.800000+0.000000j,0.236710+2.047222j,-0.317109-1.565346j,0.000000
0.800000+0.000000j,0.236710+2.047222j,-0.317109-1.565346j,0.000000
0.800000+0.000000j,0.236710+2.047222j,-0.317109-1.565346j,0.000000
0.800000+0.000000j,0.236710+2.047222j,-0.317109-1.565346j,0.000000
0.800000+0.000000j,0.236710+2.047222j,-0.317109-1.565346j,0.000000
0.800000+0.000000j,0.236710+2.047222j,-0.317109-1.565346j,0.000000
0.800000+0.000000j,0.236710+2.047222j,-0.317109-1.565346j,0.000000
0.800000+0.000000j,0.236710+2.047222j,-0.317109-1.565346j,0.000000
0.800000+0.000000j,0.236710+2.047222j,-0.317109-1.565346j,0.000000
0.800000+0.000000j,0.236710+2.047222j,-0.317109-1.565346j,0.000000
0.800000+0.000000j,0.236710+2.047222j,-0.317109-1.565346j,0.000000
0.800000+0.000000j,0.236710+2.047222j,-0.317109-1.565346j,0.000000
0.800000+0.000000j,0.236710+2.047222j,-0.317109-1.565346j,0.000000
0.800000+0.000000j,0.236710+2.047222j,-0.317109-1.565346j,0.000000
0.800000+0.000000j,0.236710+2.047222j,-0.317109-1.565346j,0.000000
0.800000+0.000000j,0.236710+2.047222j,-0.317109-1.565346j,0.000000
0.800000+0.000000j,0.236710+2.047222j,-0.317109-1.565346j,0.000000
0.800000+0.000000j,0.236710+2.047222j,-0.317109-1.565346j,0.000000
0.800000+0.000000j,0.236710+2.047222j,-0.317109-1.565346j,0.000000
0.800000+0.000000j,0.236710+2.047222j,-0.317109-1.565346j,0.000000
0.800000+0.000000j,0.236710+2.047222j,-0.317109-1.565346j,0.000000
0.800000+0.000000j,0.236710+2.047222j,-0.317109-1.565346j,0.000000
0.800000+0.000000j,0.236710+2.047222j,-0.317109-1.565346j,0.000000
0.800000+0.000000j,0.236710+2.047222j,-0.317109-1.565346j,0.000000
0.800000+0.000000j,0.236710+2.047222j,-0.317109-1.565346j,0.000000
0.800000+0.000000j,0.236710+2.047222j,-0.317109-1.565346j,0.000000
0.800000+0.000000j,0.236710+2.047222j,-0.317109-1.565346j,0.000000
0.800000+0.000000j,0.236710+2.047222j,-0.317109-1.565346j,0.000000
0.800000+0.000000j,0.236710+2.047222j,-0.317109-1.565346j,0.000000
0.800000+0.000000j,0.236710+2.047222j,-0.317109-1.565346j,0.000000
0.800000+0.000000j,0.236710+2.047222j,-0.317109-1.565346j,0.000000
0.800000+0.000000j,0.236710+2.047222j,-0.317109-1.565346j,0.000000
0.800000+0.000000j,0.236710+2.047222j,-0.317109-1.565346j,0.000000
0.800000+0.000000j,0.236710+2.047222j,-0.317109-1.565346j,0.000000
0.800000+0.000000j,0.236710+2.047222j,-0.317109-1.565346j,0.000000
0.800000+0.000000j,0.236710+2.047222j,-0.317109-1.565346j,0.000000
0.800000+0.000000j,0.236710+2.047222j,-0.317109-1.565346j,0.000000
0.800000+0.000000j,0.236710+2.047222j,-0.317109-1.565346j,0.000000
0.800000+0.000000j,0.236710+2.047222j,-0.317109-1.565346j,0.000000
0.800000+0.000000j,0.236710+2.047222j,-0.317109-1.565346j,0.000000
0.800000+0.000000j,0.236710+2.047222j,-0.317109-1.565346j,0.000000
0.800000+0.000000j,0.236710+2.047222j,-0.317109-1.565346j,0.000000
0.800000+0.000000j,0.236710+2.047222j,-0.317109-1.565346j,0.000000
0.800000+0.000000j,0.236710+2.047222j,-0.317109-1.565346j,0.000000
0.800000+0.000000j,0.236710+2.047222j,-0.317109-1.565346j,0.000000
0.800000+0.000000j,0.236710+2.047222j,-0.317109-1.565346j,0.000000
0.800000+0.000000j,0.236710+2.047222j,-0.317109-1.565346j,0.000000
0.800000+0.000000j,0.236710+2.047222j,-0.317109-1.565346j,0.000000
0.800000+0.000000j,0.236710+2.047222j,-0.317109-1.565346j,0.000000
0.800000+0.000000j,0.236710+2.047222j,-0.317109-1.565346j,0.000000
0.800000+0.000000j,0.236710+2.047222j,-0.317109-1.565346j,0.000000
0.800000+0.000000j,0.236710+2.047222j,-0.317109-1.565346j,0.000000
0.800000+0.000000j,0.236710+2.047222j,-0.317109-1.565346j,0.000000
0.800000+0.000000j,0.236710+2.047222j,-0.317109-1.565346j,0.000000
0.800000+0.000000j,0.236710+2.047222j,-0.317109-1.565346j,0.000000
0.800000+0.000000j,0.236710+2.047222j,-0.317109-1.565346j,0.000000
0.800000+0.000000j,0.236710+2.047222j,-0.317109-1.565346j,0.000000
0.800000+0.000000j,0.236710+2.047222j,-0.317109-1.565346j,0.000000
0.800000+0.000000j,0.236710+2.047222j,-0.317109-1.565346j,0.000000
0.800000+0.000000j,0.236710+2.047222j,-0.317109-1.565346j,0.000000
0.800000+0.000000j,0.236710+2.047222j,-0.317109-1.565346j,0.000000
0.800000+0.000000j,0.236710+2.047222j,-0.317109-1.565346j,0.000000
0.800000+0.000000j,0.236710+2.047222j,-0.317109-1.565346j,0.000000
0.800000+0.000000j,0.236710+2.047222j,-0.317109-1.565346j,0.000000
0.800000+0.000000j,0.236710+2.047222j,-0.317109-1.565346j,0.000000
0.800000+0.000000j,0.236710+2.047222j,-0.317109-1.565346j,0.000000
0.800000+0.000000j,0.236710+2.047222j,-0.317109-1.565346j,0.000000
0.800000+0.000000j,0.236710+2.047222j,-0.317109-1.565346j,0.000000
0.800000+0.000000j,0.236710+2.047222j,-0.317109-1.565346j,0.000000
0.800000+0.000000j,0.236710+2.047222j,-0.317109-1.565346j,0.000000
0.800000+0.000000j,0.236710+2.047222j,-0.317109-1.565346j,0.000000
0.800000+0.000000j,0.236710+2.047222j,-0.317109-1.565346j,0.000000
0.800000+0.000000j,0.236710+2.047222j,-0.317109-1.565346j,0.000000
0.800000+0.000000j,0.236710+2.047222j,-0.317109-1.565346j,0.000000
0.800000+0.000000j,0.236710+2.047222j,-0.317109-1.565346j,0.000000
0.800000+0.000000j,0.236710+2.047222j,-0.317109-1.565346j,0.000000
0.800000+0.000000j,0.236710+2.047222j,-0.317109-1.565346j,0.000000
0.800000+0.000000j,0.236710+2.047222j,-0.317109-1.565346j,0.000000
0.800000+0.000000j,0.236710+2.047222j,-0.317109-1.565346j,0.000000
0.800000+0.000000j,0.236710+2.047222j,-0.317109-1.565346j,0.000000
0.800000+0.000000j,0.236710+2.047222j,-0.317109-1.565346j,0.000000
0.800000+0.000000j,0.236710+2.047222j,-0.317109-1.565346j,0.000000
0.800000+0.000000j,0.236710+2.047222j,-0.317109-1.565346j,0.000000
0.800000+0.000000j,0.236710+2.047222j,-0.317109-1.565346j,0.000000
0.800000+0.000000j,0.236710+2.047222j,-0.317109-1.565346j,0.000000
0.800000+0.000000j,0.236710+2.047222j,-0.317109-1.565346j,0.000000
0.800000+0.000000j,0.236710+2.047222j,-0.317109-1.565346j,0.000000
0.800000+0.000000j,0.236710+2.047222j,-0.317109-1.565346j,0.000000
0.800000+0.000000j,0.236710+2.047222j,-0.317109-1.565346j,0.000000
0.800000+0.000000j,0.236710+2.047222j,-0.317109-1.565346j,0.000000
0.800000+0.000000j,0.236710+2.047222j,-0.317109-1.565346j,0.000000
0.800000+0.000000j,0.236710+2.047222j,-0.317109-1.565346j,0.000000
0.800000+0.000000j,0.236710+2.047222j,-0.317109-1.565346j,0.000000
0.800000+0.000000j,0.236710+2.047222j,-0.317109-1.565346j,0.000000
0.800000+0.000000j,0.236710+2.047222j,-0.317109-1.565346j,0.000000
0.800000+0.000000j,0.236710+2.047222j,-0.317109-1.565346j,0.000000
0.800000+0.000000j,0.236710+2.047222j,-0.317109-1.565346j,0.000000
0.800000+0.000000j,0.236710+2.047222j,-0.317109-1.565346j,0.000000
0.800000+0.000000j,0.236710+2.047222j,-0.317109-1.565346j,0.000000
0.800000+0.000000j,0.236710+2.047222j,-0.317109-1.565346j,0.000000
0.800000+0.000000j,0.236710+2.047222j,-0.317109-1.565346j,0.000000
0.800000+0.000000j,0.236710+2.047222j,-0.317109-1.565346j,0.000000
0.800000+0.000000j,0.236710+2.047222j,-0.317109-1.565346j,0.000000
0.800000+0.000000j,0.236710+2.047222j,-0.317109-1.565346j,0.000000
0.800000+0.000000j,0.236710+2.047222j,-0.317109-1.565346j,0.000000
0.800000+0.000000j,0.236710+2.047222j,-0.317109-1.565346j,0.000000
0.800000+0.000000j,0.236710+2.047222j,-0.317109-1.565346j,0.000000
0.800000+0.000000j,0.236710+2.047222j,-0.317109-1.565346j,0.000000
0.800000+0.000000j,0.236710+2.047222j,-0.317109-1.565346j,0.000000
0.800000+0.000000j,0.236710+2.047222j,-0.317109-1.565346j,0.000000
0.800000+0.000000j,0.236710+2.047222j,-0.317109-1.565346j,0.000000
0.800000+0.000000j,0.236710+2.047222j,-0.317109-1.565346j,0.000000
0.800000+0.000000j,0.236710+2.047222j,-0.317109-1.565346j,0.000000
0.800000+0.000000j,0.236710+2.047222j,-0.317109-1.565346j,0.000000
0.800000+0.000000j,0.236710+2.047222j,-0.317109-1.565346j,0.000000
0.800000+0.000000j,0.236710+2.047222j,-0.317109-1.565346j,0.000000
0.800000+0.000000j,0.236710+2.047222j,-0.317109-1.565346j,0.000000
0.800000+0.000000j,0.236710+2.047222j,-0.317109-1.565346j,0.000000
0.800000+0.000000j,0.236710+2.047222j,-0.317109-1.565346j,0.000000
0.800000+0.000000j,0.236710+2.047222j,-0.317109-1.565346j,0.000000
0.800000+0.000000j,0.236710+2.047222j,-0.317109-1.565346j,0.000000
0.800000+0.000000j,0.236710+2.047222j,-0.317109-1.565346j,0.000000
0.800000+0.000000j,0.236710+2.047222j,-0.317109-1.565346j,0.000000
0.800000+0.000000j,0.236710+2.047222j,-0.317109-1.565346j,0.000000
0.800000+0.000000j,0.236710+2.047222j,-0.317109-1.565346j,0.000000
0.800000+0.000000j,0.236710+2.047222j,-0.317109-1.565346j,0.000000
0.800000+0.000000j,0.236710+2.047222j,-0.317109-1.565346j,0.000000
0.800000+0.000000j,0.236710+2.047222j,-0.317109-1.565346j,0.000000
0.800000+0.000000j,0.236710+2.047222j,-0.317109-1.565346j,0.000000
0.800000+0.000000j,0.236710+2.047222j,-0.317109-1.565346j,0.000000
0.800000+0.000000j,0.236710+2.047222j,-0.317109-1.565346j,0.000000
0.800000+0.000000j,0.236710+2.047222j,-0.317109-1.565346j,0.000000
0.800000+0.000000j,0.236710+2.047222j,-0.317109-1.565346j,0.000000
0.800000+0.000000j,0.236710+2.047222j,-0.317109-1.565346j,0.000000
0.800000+0.000000j,0.236710+2.047222j,-0.317109-1.565346j,0.000000
0.800000+0.000000j,0.236710+2.047222j,-0.317109-1.565346j,0.000000
0.800000+0.000000j,0.236710+2.047222j,-0.317109-1.565346j,0.000000
0.800000+0.000000j,0.236710+2.047222j,-0.317109-1.565346j,0.000000
0.800000+0.000000j,0.236710+2.047222j,-0.317109-1.565346j,0.000000
0.800000+0.000000j,0.236710+2.047222j,-0.317109-1.565346j,0.000000
0.800000+0.000000j,0.236710+2.047222j,-0.317109-1.565346j,0.000000
0.800000+0.000000j,0.236710+2.047222j,-0.317109-1.565346j,0.000000
0.800000+0.000000j,0.236710+2.047222j,-0.317109-1.565346j,0.000000
0.800000+0.000000j,0.236710+2.047222j,-0.317109-1.565346j,0.000000
0.800000+0.000000j,0.236710+2.047222j,-0.317109-1.565346j,0.000000
0.800000+0.000000j,0.236710+2.047222j,-0.317109-1.565346j,0.000000
0.800000+0.000000j,0.236710+2.047222j,-0.317109-1.565346j,0.000000
0.800000+0.000000j,0.236710+2.047222j,-0.317109-1.565346j,0.000000
0.800000+0.000000j,0.236710+2.047222j,-0.317109-1.565346j,0.000000
0.800000+0.000000j,0.236710+2.047222j,-0.317109-1.565346j,0.000000
0.800000+0.000000j,0.236710+2.047222j,-0.317109-1.565346j,0.000000
0.800000+0.000000j,0.236710+2.047222j,-0.317109-1.565346j,0.000000
0.800000+0.000000j,0.236710+2.047222j,-0.317109-1.565346j,0.000000
0.800000+0.000000j,0.236710+2.047222j,-0.317109-1.565346j,0.000000
0.800000+0.000000j,0.236710+2.047222j,-0.317109-1.565346j,0.000000
0.800000+0.000000j,0.236710+2.047222j,-0.317109-1.565346j,0.000000
0.800000+0.000000j,0.236710+2.047222j,-0.317109-1.565346j,0.000000
0.800000+0.000000j,0.236710+2.047222j,-0.317109-1.565346j,0.000000
0.800000+0.000000j,0.236710+2.047222j,-0.317109-1.565346j,0.000000
0.800000+0.000000j,0.236710+2.047222j,-0.317109-1.565346j,0.000000
0.800000+0.000000j,0.236710+2.047222j,-0.317109-1.565346j,0.000000
0.800000+0.000000j,0.236710+2.047222j,-0.317109-1.565346j,0.000000
0.800000+0.000000j,0.236710+2.047222j,-0.317109-1.565346j,0.000000
0.800000+0.000000j,0.236710+2.047222j,-0.317109-1.565346j,0.000000
0.800000+0.000000j,0.236710+2.047222j,-0.317109-1.565346j,0.000000
0.800000+0.000000j,0.236710+2.047222j,-0.317109-1.565346j,0.000000
0.800000+0.000000j,0.236710+2.047222j,-0.317109-1.565346j,0.000000
0.800000+0.000000j,0.236710+2.047222j,-0.317109-1.565346j,0.000000
0.800000+0.000000j,0.236710+2.047222j,-0.317109-1.565346j,0.000000
0.800000+0.000000j,0.236710+2.047222j,-0.317109-1.565346j,0.000000
0.800000+0.000000j,0.236710+2.047222j,-0.317109-1.565346j,0.000000
0.800000+0.000000j,0.236710+2.047222j,-0.317109-1.565346j,0.000000
0.800000+0.000000j,0.236710+2.047222j,-0.317109-1.565346j,0.000000
0.800000+0.000000j,0.236710+2.047222j,-0.317109-1.565346j,0.000000
0.800000+0.000000j,0.236710+2.047222j,-0.317109-1.565346j,0.000000
0.800000+0.000000j,0.236710+2.047222j,-0.317109-1.565346j,0.000000
0.800000+0.000000j,0.236710+2.047222j,-0.317109-1.565346j,0.000000
0.800000+0.000000j,0.236710+2.047222j,-0.317109-1.565346j,0.000000
0.800000+0.000000j,0.236710+2.047222j,-0.317109-1.565346j,0.000000
0.800000+0.000000j,0.236710+2.047222j,-0.317109-1.565346j,0.000000
0.800000+0.000000j,0.236710+2.047222j,-0.317109-1.565346j,0.000000
0.800000+0.000000j,0.236710+2.047222j,-0.317109-1.565346j,0.000000
0.800000+0.000000j,0.236710+2.047222j,-0.317109-1.565346j,0.000000
0.800000+0.000000j,0.236710+2.047222j,-0.317109-1.565346j,0.000000
0.800000+0.000000j,0.236710+2.047222j,-0.317109-1.565346j,0.000000
0.800000+0.000000j,0.236710+2.047222j,-0.317109-1.565346j,0.000000
0.800000+0.000000j,0.236710+2.047222j,-0.317109-1.565346j,0.000000
0.800000+0.000000j,0.236710+2.047222j,-0.317109-1.565346j,0.000000
0.800000+0.000000j,0.236710+2.047222j,-0.317109-1.565346j,0.000000
0.800000+0.000000j,0.236710+2.047222j,-0.317109-1.565346j,0.000000
0.800000+0.000000j,0.236710+2.047222j,-0.317109-1.565346j,0.000000
0.800000+0.000000j,0.236710+2.047222j,-0.317109-1.565346j,0.000000
0.800000+0.000000j,0.236710+2.047222j,-0.317109-1.565346j,0.000000
0.800000+0.000000j,0.236710+2.047222j,-0.317109-1.565346j,0.000000
0.800000+0.000000j,0.236710+2.047222j,-0.317109-1.565346j,0.000000
0.800000+0.000000j,0.236710+2.047222j,-0.317109-1.565346j,0.000000
0.800000+0.000000j,0.236710+2.047222j,-0.317109-1.565346j,0.000000
0.800000+0.000000j,0.236710+2.047222j,-0.317109-1.565346j,0.000000
0.800000+0.000000j,0.236710+2.047222j,-0.317109-1.565346j,0.000000
0.800000+0.000000j,0.236710+2.047222j,-0.317109-1.565346j,0.000000
0.800000+0.000000j,0.236710+2.047222j,-0.317109-1.565346j,0.000000
0.800000+0.000000j,0.236710+2.047222j,-0.317109-1.565346j,0.000000
0.800000+0.000000j,0.236710+2.047222j,-0.317109-1.565346j,0.000000
0.800000+0.000000j,0.236710+2.047222j,-0.317109-1.565346j,0.000000
0.800000+0.000000j,0.236710+2.047222j,-0.317109-1.565346j,0.000000
0.800000+0.000000j,0.236710+2.047222j,-0.317109-1.565346j,0.000000
0.800000+0.000000j,0.236710+2.047222j,-0.317109-1.565346j,0.000000
0.800000+0.000000j,0.236710+2.047222j,-0.317109-1.565346j,0.000000
0.800000+0.000000j,0.236710+2.047222j,-0.317109-1.565346j,0.000000
0.800000+0.000000j,0.236710+2.047222j,-0.317109-1.565346j,0.000000
0.800000+0.000000j,0.236710+2.047222j,-0.317109-1.565346j,0.000000
0.800000+0.000000j,0.236710+2.047222j,-0.317109-1.565346j,0.000000
0.800000+0.000000j,0.236710+2.047222j,-0.317109-1.565346j,0.000000
0.800000+0.000000j,0.236710+2.047222j,-0.317109-1.565346j,0.000000
0.800000+0.000000j,0.236710+2.047222j,-0.317109-1.565346j,0.000000
0.800000+0.000000j,0.236710+2.047222j,-0.317109-1.565346j,0.000000
0.800000+0.000000j,0.236710+2.047222j,-0.317109-1.565346j,0.000000
0.800000+0.000000j,0.236710+2.047222j,-0.317109-1.565346j,0.000000
0.800000+0.000000j,0.236710+2.047222j,-0.317109-1.565346j,0.000000
0.800000+0.000000j,0.236710+2.047222j,-0.317109-1.565346j,0.000000
0.800000+0.000000j,0.236710+2.047222j,-0.317109-1.565346j,0.000000
0.800000+0.000000j,0.236710+2.047222j,-0.317109-1.565346j,0.000000
0.800000+0.000000j,0.236710+2.047222j,-0.317109-1.565346j,0.000000
0.800000+0.000000j,0.236710+2.047222j,-0.317109-1.565346j,0.000000
0.800000+0.000000j,0.236710+2.047222j,-0.317109-1.565346j,0.000000
0.800000+0.000000j,0.236710+2.047222j,-0.317109-1.565346j,0.000000
0.800000+0.000000j,0.236710+2.047222j,-0.317109-1.565346j,0.000000
0.800000+0.000000j,0.236710+2.047222j,-0.317109-1.565346j,0.000000
0.800000+0.000000j,0.236710+2.047222j,-0.317109-1.565346j,0.000000
0.800000+0.000000j,0.236710+2.047222j,-0.317109-1.565346j,0.000000
0.800000+0.000000j,0.236710+2.047222j,-0.317109-1.565346j,0.000000
0.800000+0.000000j,0.236710+2.047222j,-0.317109-1.565346j,0.000000
0.800000+0.000000j,0.236710+2.047222j,-0.317109-1.565346j,0.000000
0.800000+0.000000j,0.236710+2.047222j,-0.317109-1.565346j,0.000000
0.800000+0.000000j,0.236710+2.047222j,-0.317109-1.565346j,0.000000
0.800000+0.000000j,0.236710+2.047222j,-0.317109-1.565346j,0.000000
0.799937+0.010053j,0.237821+2.043655j,-0.314589-1.569110j,0.045927
0.799747+0.020104j,0.238925+2.040123j,-0.312086-1.572918j,0.091854
0.799432+0.030152j,0.240022+2.036626j,-0.309603-1.576767j,0.137783
0.798990+0.040195j,0.241111+2.033165j,-0.307137-1.580657j,0.183715
0.798421+0.050232j,0.242192+2.029739j,-0.304690-1.584588j,0.229651
0.797727+0.060261j,0.243265+2.026350j,-0.302262-1.588557j,0.275591
0.796907+0.070281j,0.244329+2.022998j,-0.299852-1.592566j,0.321537
0.795961+0.080289j,0.245383+2.019684j,-0.297461-1.596611j,0.367490
0.794889+0.090285j,0.246428+2.016407j,-0.295088-1.600694j,0.413450
0.793692+0.100267j,0.247462+2.013169j,-0.292734-1.604812j,0.459418
0.792369+0.110232j,0.248485+2.009970j,-0.290397-1.608966j,0.505396
0.790921+0.120180j,0.249497+2.006810j,-0.288080-1.613154j,0.551385
0.789349+0.130110j,0.250497+2.003690j,-0.285780-1.617375j,0.597385
0.787651+0.140018j,0.251485+2.000611j,-0.283499-1.621629j,0.643396
0.785830+0.149905j,0.252460+1.997572j,-0.281236-1.625916j,0.689421
0.783884+0.159768j,0.253421+1.994575j,-0.278991-1.630234j,0.735461
0.781814+0.169606j,0.254368+1.991619j,-0.276764-1.634582j,0.781515
0.779621+0.179417j,0.255301+1.988706j,-0.274554-1.638961j,0.827585
0.777305+0.189199j,0.256218+1.985836j,-0.272363-1.643368j,0.873671
0.774867+0.198952j,0.257119+1.983009j,-0.270189-1.647805j,0.919776
0.772305+0.208673j,0.258004+1.980226j,-0.268032-1.652270j,0.965899
0.769622+0.218362j,0.258871+1.977488j,-0.265893-1.656762j,1.012042
0.766817+0.228015j,0.259721+1.974794j,-0.263771-1.661281j,1.058205
0.763892+0.237633j,0.260552+1.972145j,-0.261666-1.665826j,1.104389
0.760845+0.247214j,0.261364+1.969543j,-0.259579-1.670397j,1.150596
0.757679+0.256755j,0.262156+1.966986j,-0.257508-1.674993j,1.196826
0.754392+0.266256j,0.262927+1.964477j,-0.255453-1.679613j,1.243079
0.750987+0.275714j,0.263677+1.962015j,-0.253416-1.684258j,1.289358
0.747463+0.285130j,0.264405+1.959601j,-0.251394-1.688926j,1.335662
0.743821+0.294500j,0.265110+1.957235j,-0.249389-1.693617j,1.381993
0.740062+0.303823j,0.265792+1.954918j,-0.247401-1.698331j,1.428352
0.736185+0.313099j,0.266449+1.952650j,-0.245428-1.703066j,1.474739
0.732193+0.322325j,0.267081+1.950432j,-0.243470-1.707823j,1.521155
0.728085+0.331500j,0.267687+1.948264j,-0.241529-1.712601j,1.567601
0.723862+0.340623j,0.268267+1.946147j,-0.239603-1.717400j,1.614079
0.719524+0.349693j,0.268819+1.944081j,-0.237692-1.722219j,1.660588
0.715073+0.358707j,0.269342+1.942067j,-0.235797-1.727058j,1.707130
0.710509+0.367664j,0.269836+1.940105j,-0.233917-1.731916j,1.753706
0.705833+0.376563j,0.270300+1.938196j,-0.232051-1.736792j,1.800316
0.701045+0.385403j,0.270733+1.936340j,-0.230200-1.741688j,1.846962
0.696147+0.394182j,0.271134+1.934537j,-0.228364-1.746601j,1.893644
0.691139+0.402899j,0.271502+1.932789j,-0.226542-1.751532j,1.940364
0.686021+0.411552j,0.271836+1.931095j,-0.224734-1.756481j,1.987121
0.680796+0.420140j,0.272136+1.929457j,-0.222941-1.761446j,2.033918
0.675462+0.428661j,0.272400+1.927874j,-0.221161-1.766428j,2.080754
0.670022+0.437115j,0.272628+1.926347j,-0.219395-1.771426j,2.127630
0.664477+0.445500j,0.272818+1.924876j,-0.217643-1.776441j,2.174549
0.658826+0.453815j,0.272970+1.923462j,-0.215904-1.781471j,2.221510
0.653071+0.462058j,0.273083+1.922106j,-0.214179-1.786516j,2.268514
0.647214+0.470228j,0.273155+1.920808j,-0.212466-1.791576j,2.315562
0.641254+0.478324j,0.273186+1.919568j,-0.210767-1.796651j,2.362656
0.635192+0.486344j,0.273175+1.918388j,-0.209080-1.801740j,2.409795
0.629031+0.494288j,0.273120+1.917266j,-0.207406-1.806843j,2.456981
0.622770+0.502153j,0.273021+1.916204j,-0.205745-1.811960j,2.504215
0.616411+0.509939j,0.272877+1.915203j,-0.204096-1.817090j,2.551497
0.609954+0.517645j,0.272687+1.914262j,-0.202459-1.822234j,2.598829
0.603401+0.525269j,0.272449+1.913383j,-0.200834-1.827390j,2.646212
0.596753+0.532809j,0.272163+1.912566j,-0.199222-1.832560j,2.693646
0.590010+0.540266j,0.271828+1.911811j,-0.197621-1.837741j,2.741131
0.583175+0.547638j,0.271443+1.911119j,-0.196031-1.842935j,2.788670
0.576247+0.554923j,0.271006+1.910490j,-0.194453-1.848141j,2.836263
0.569229+0.562120j,0.270517+1.909925j,-0.192887-1.853359j,2.883911
0.562120+0.569229j,0.269974+1.909425j,-0.191332-1.858588j,2.931614
0.554923+0.576247j,0.269377+1.908989j,-0.189788-1.863828j,2.979374
0.547638+0.583175j,0.268724+1.908620j,-0.188254-1.869079j,3.027192
0.540266+0.590010j,0.268016+1.908316j,-0.186732-1.874341j,3.075068
0.532809+0.596753j,0.267249+1.908079j,-0.185220-1.879614j,3.123004
0.525269+0.603401j,0.266424+1.907909j,-0.183719-1.884897j,3.171000
0.517645+0.609954j,0.265540+1.907807j,-0.182228-1.890190j,3.219057
0.509939+0.616411j,0.264595+1.907774j,-0.180748-1.895494j,3.267177
0.502153+0.622770j,0.263589+1.907810j,-0.179277-1.900807j,3.315359
0.494288+0.629031j,0.262521+1.907916j,-0.177817-1.906129j,3.363606
0.486344+0.635192j,0.261389+1.908093j,-0.176366-1.911462j,3.411918
0.478324+0.641254j,0.260192+1.908341j,-0.174926-1.916803j,3.460296
0.470228+0.647214j,0.258930+1.908660j,-0.173495-1.922153j,3.508741
0.462058+0.653071j,0.257602+1.909053j,-0.172073-1.927513j,3.557253
0.453815+0.658826j,0.256207+1.909519j,-0.170661-1.932881j,3.605835
0.445500+0.664477j,0.254744+1.910059j,-0.169258-1.938257j,3.654487
0.437115+0.670022j,0.253211+1.910675j,-0.167864-1.943642j,3.703209
0.428661+0.675462j,0.251609+1.911367j,-0.166480-1.949036j,3.752004
0.420140+0.680796j,0.249936+1.912136j,-0.165104-1.954437j,3.800872
0.411552+0.686021j,0.248192+1.912982j,-0.163737-1.959847j,3.849813
0.402899+0.691139j,0.246375+1.913908j,-0.162379-1.965264j,3.898830
0.394182+0.696147j,0.244485+1.914913j,-0.161029-1.970688j,3.947923
0.385403+0.701045j,0.242521+1.915999j,-0.159688-1.976121j,3.997093
0.376563+0.705833j,0.240483+1.917168j,-0.158355-1.981560j,4.046341
0.367664+0.710509j,0.238369+1.918419j,-0.157031-1.987007j,4.095668
0.358707+0.715073j,0.236179+1.919754j,-0.155715-1.992461j,4.145077
0.349693+0.719524j,0.233913+1.921175j,-0.154406-1.997922j,4.194566
0.340623+0.723862j,0.231570+1.922683j,-0.153106-2.003390j,4.244139
0.331500+0.728085j,0.229149+1.924279j,-0.151813-2.008864j,4.293795
0.322325+0.732193j,0.226650+1.925963j,-0.150529-2.014346j,4.343536
0.313099+0.736185j,0.224073+1.927739j,-0.149252-2.019833j,4.393364
0.303823+0.740062j,0.221417+1.929607j,-0.147982-2.025327j,4.443279
0.294500+0.743821j,0.218682+1.931568j,-0.146720-2.030827j,4.493283
0.285130+0.747463j,0.215868+1.933624j,-0.145465-2.036334j,4.543377
0.275714+0.750987j,0.212974+1.935776j,-0.144218-2.041846j,4.593562
0.266256+0.754392j,0.210000+1.938027j,-0.142978-2.047364j,4.643840
0.256755+0.757679j,0.206948+1.940377j,-0.141745-2.052888j,4.694211
0.247214+0.760845j,0.203815+1.942829j,-0.140519-2.058418j,4.744678
0.237633+0.763892j,0.200604+1.945384j,-0.139299-2.063954j,4.795241
0.228015+0.766817j,0.197313+1.948044j,-0.138087-2.069495j,4.845902
0.218362+0.769622j,0.193944+1.950811j,-0.136881-2.075041j,4.896663
0.208673+0.772305j,0.190497+1.953686j,-0.135682-2.080593j,4.947524
0.198952+0.774867j,0.186972+1.956671j,-0.134489-2.086149j,4.998488
0.189199+0.777305j,0.183370+1.959769j,-0.133303-2.091711j,5.049555
0.179417+0.779621j,0.179692+1.962980j,-0.132124-2.097278j,5.100728
0.169606+0.781814j,0.175940+1.966307j,-0.130950-2.102850j,5.152007
0.159768+0.783884j,0.172112+1.969752j,-0.129783-2.108427j,5.203395
0.149905+0.785830j,0.168212+1.973317j,-0.128622-2.114009j,5.254893
0.140018+0.787651j,0.164241+1.977004j,-0.127467-2.119595j,5.306502
0.130110+0.789349j,0.160199+1.980814j,-0.126318-2.125186j,5.358225
0.120180+0.790921j,0.156089+1.984749j,-0.125175-2.130781j,5.410062
0.110232+0.792369j,0.151912+1.988811j,-0.124038-2.136381j,5.462016
0.100267+0.793692j,0.147670+1.993002j,-0.122907-2.141986j,5.514089
0.090285+0.794889j,0.143366+1.997324j,-0.121781-2.147594j,5.566282
0.080289+0.795961j,0.139000+2.001777j,-0.120661-2.153207j,5.618596
0.070281+0.796907j,0.134577+2.006365j,-0.119546-2.158824j,5.671034
0.060261+0.797727j,0.130097+2.011088j,-0.118437-2.164445j,5.723598
0.050232+0.798421j,0.125564+2.015948j,-0.117333-2.170070j,5.776289
0.040195+0.798990j,0.120981+2.020946j,-0.116235-2.175699j,5.829110
0.030152+0.799432j,0.116349+2.026083j,-0.115141-2.181332j,5.882061
0.020104+0.799747j,0.111674+2.031360j,-0.114053-2.186968j,5.935146
0.010053+0.799937j,0.106956+2.036778j,-0.112971-2.192609j,5.988366
0.000000+0.800000j,0.102200+2.042338j,-0.111893-2.198253j,6.041722
-0.010053+0.799937j,0.097409+2.048041j,-0.110820-2.203901j,6.095217
-0.020104+0.799747j,0.092587+2.053886j,-0.109752-2.209552j,6.148853
-0.030152+0.799432j,0.087736+2.059875j,-0.108689-2.215206j,6.202632
-0.040195+0.798990j,0.082860+2.066007j,-0.107631-2.220865j,6.256555
-0.050232+0.798421j,0.077964+2.072282j,-0.106577-2.226526j,6.310625
-0.060261+0.797727j,0.073049+2.078700j,-0.105528-2.232191j,6.364843
-0.070281+0.796907j,0.068121+2.085260j,-0.104484-2.237859j,6.419212
-0.080289+0.795961j,0.063182+2.091962j,-0.103445-2.243530j,6.473733
-0.090285+0.794889j,0.058236+2.098804j,-0.102409-2.249204j,6.528409
-0.100267+0.793692j,0.053287+2.105786j,-0.101379-2.254882j,6.583240
-0.110232+0.792369j,0.048339+2.112906j,-0.100352-2.260562j,6.638231
-0.120180+0.790921j,0.043393+2.120164j,-0.099330-2.266246j,6.693381
-0.130110+0.789349j,0.038455+2.127556j,-0.098312-2.271932j,6.748692
-0.140018+0.787651j,0.033528+2.135082j,-0.097299-2.277621j,6.804168
-0.149905+0.785830j,0.028613+2.142739j,-0.096289-2.283313j,6.859809
-0.159768+0.783884j,0.023716+2.150526j,-0.095284-2.289008j,6.915618
-0.169606+0.781814j,0.018837+2.158439j,-0.094283-2.294706j,6.971595
-0.179417+0.779621j,0.013981+2.166478j,-0.093286-2.300406j,7.027744
-0.189199+0.777305j,0.009150+2.174638j,-0.092292-2.306109j,7.084065
-0.198952+0.774867j,0.004347+2.182918j,-0.091303-2.311814j,7.140559
-0.208673+0.772305j,-0.000427+2.191315j,-0.090317-2.317522j,7.197230
-0.218362+0.769622j,-0.005169+2.199826j,-0.089335-2.323233j,7.254078
-0.228015+0.766817j,-0.009877+2.208449j,-0.088357-2.328945j,7.311105
-0.237633+0.763892j,-0.014549+2.217179j,-0.087383-2.334661j,7.368312
-0.247214+0.760845j,-0.019183+2.226015j,-0.086412-2.340378j,7.425701
-0.256755+0.757679j,-0.023777+2.234954j,-0.085445-2.346098j,7.483273
-0.266256+0.754392j,-0.028331+2.243992j,-0.084481-2.351821j,7.541029
-0.275714+0.750987j,-0.032843+2.253127j,-0.083521-2.357545j,7.598972
-0.285130+0.747463j,-0.037312+2.262355j,-0.082564-2.363272j,7.657101
-0.294500+0.743821j,-0.041737+2.271673j,-0.081611-2.369000j,7.715420
-0.303823+0.740062j,-0.046116+2.281080j,-0.080661-2.374731j,7.773928
-0.313099+0.736185j,-0.050450+2.290571j,-0.079714-2.380464j,7.832626
-0.322325+0.732193j,-0.054738+2.300144j,-0.078771-2.386199j,7.891517
-0.331500+0.728085j,-0.058979+2.309796j,-0.077831-2.391936j,7.950601
-0.340623+0.723862j,-0.063172+2.319524j,-0.076894-2.397675j,8.009879
-0.349693+0.719524j,-0.067319+2.329326j,-0.075960-2.403416j,8.069352
-0.358707+0.715073j,-0.071417+2.339198j,-0.075029-2.409159j,8.129021
-0.367664+0.710509j,-0.075468+2.349139j,-0.074101-2.414903j,8.188887
-0.376563+0.705833j,-0.079472+2.359146j,-0.073176-2.420650j,8.248952
-0.385403+0.701045j,-0.083428+2.369215j,-0.072255-2.426398j,8.309215
-0.394182+0.696147j,-0.087336+2.379346j,-0.071336-2.432148j,8.369678
-0.402899+0.691139j,-0.091198+2.389535j,-0.070420-2.437899j,8.430341
-0.411552+0.686021j,-0.095012+2.399781j,-0.069506-2.443652j,8.491206
-0.420140+0.680796j,-0.098780+2.410080j,-0.068596-2.449407j,8.552273
-0.428661+0.675462j,-0.102503+2.420431j,-0.067688-2.455164j,8.613543
-0.437115+0.670022j,-0.106179+2.430833j,-0.066783-2.460922j,8.675016
-0.445500+0.664477j,-0.109811+2.441282j,-0.065881-2.466681j,8.736693
-0.453815+0.658826j,-0.113398+2.451777j,-0.064981-2.472442j,8.798575
-0.462058+0.653071j,-0.116941+2.462316j,-0.064084-2.478205j,8.860663
-0.470228+0.647214j,-0.120440+2.472898j,-0.063190-2.483969j,8.922957
-0.478324+0.641254j,-0.123897+2.483520j,-0.062298-2.489734j,8.985457
-0.486344+0.635192j,-0.127312+2.494181j,-0.061409-2.495501j,9.048164
-0.494288+0.629031j,-0.130686+2.504879j,-0.060522-2.501269j,9.111079
-0.502153+0.622770j,-0.134018+2.515614j,-0.059637-2.507039j,9.174202
-0.509939+0.616411j,-0.137311+2.526382j,-0.058755-2.512809j,9.237533
-0.517645+0.609954j,-0.140564+2.537184j,-0.057875-2.518581j,9.301074
-0.525269+0.603401j,-0.143778+2.548017j,-0.056997-2.524354j,9.364824
-0.532809+0.596753j,-0.146955+2.558881j,-0.056122-2.530129j,9.428784
-0.540266+0.590010j,-0.150094+2.569773j,-0.055249-2.535904j,9.492955
-0.547638+0.583175j,-0.153197+2.580694j,-0.054378-2.541681j,9.557336
-0.554923+0.576247j,-0.156264+2.591640j,-0.053509-2.547459j,9.621928
-0.562120+0.569229j,-0.159296+2.602613j,-0.052643-2.553238j,9.686732
-0.569229+0.562120j,-0.162293+2.613610j,-0.051778-2.559018j,9.751748
-0.576247+0.554923j,-0.165257+2.624630j,-0.050916-2.564798j,9.816975
-0.583175+0.547638j,-0.168188+2.635673j,-0.050055-2.570580j,9.882416
-0.590010+0.540266j,-0.171087+2.646737j,-0.049197-2.576363j,9.948068
-0.596753+0.532809j,-0.173954+2.657822j,-0.048341-2.582147j,10.013934
-0.603401+0.525269j,-0.176790+2.668926j,-0.047486-2.587932j,10.080014
-0.609954+0.517645j,-0.179596+2.680050j,-0.046634-2.593718j,10.146306
-0.616411+0.509939j,-0.182372+2.691191j,-0.045783-2.599504j,10.212813
-0.622770+0.502153j,-0.185120+2.702349j,-0.044934-2.605292j,10.279533
-0.629031+0.494288j,-0.187840+2.713524j,-0.044087-2.611080j,10.346468
-0.635192+0.486344j,-0.190531+2.724715j,-0.043242-2.616869j,10.413618
-0.641254+0.478324j,-0.193197+2.735920j,-0.042398-2.622659j,10.480982
-0.647214+0.470228j,-0.195835+2.747140j,-0.041557-2.628449j,10.548561
-0.653071+0.462058j,-0.198448+2.758374j,-0.040717-2.634240j,10.616355
-0.658826+0.453815j,-0.201036+2.769620j,-0.039878-2.640032j,10.684364
-0.664477+0.445500j,-0.203600+2.780879j,-0.039041-2.645825j,10.752589
-0.670022+0.437115j,-0.206140+2.792150j,-0.038206-2.651618j,10.821030
-0.675462+0.428661j,-0.208656+2.803432j,-0.037373-2.657412j,10.889686
-0.680796+0.420140j,-0.211150+2.814724j,-0.036540-2.663206j,10.958558
-0.686021+0.411552j,-0.213622+2.826027j,-0.035710-2.669001j,11.027647
-0.691139+0.402899j,-0.216072+2.837340j,-0.034881-2.674797j,11.096951
-0.696147+0.394182j,-0.218501+2.848662j,-0.034053-2.680593j,11.166472
-0.701045+0.385403j,-0.220910+2.859992j,-0.033227-2.686390j,11.236209
-0.705833+0.376563j,-0.223298+2.871330j,-0.032402-2.692187j,11.306163
-0.710509+0.367664j,-0.225667+2.882677j,-0.031579-2.697984j,11.376334
-0.715073+0.358707j,-0.228017+2.894030j,-0.030757-2.703782j,11.446721
-0.719524+0.349693j,-0.230349+2.905391j,-0.029936-2.709580j,11.517325
-0.723862+0.340623j,-0.232663+2.916758j,-0.029116-2.715379j,11.588147
-0.728085+0.331500j,-0.234959+2.928130j,-0.028298-2.721178j,11.659185
-0.732193+0.322325j,-0.237238+2.939509j,-0.027481-2.726978j,11.730440
-0.736185+0.313099j,-0.239500+2.950893j,-0.026665-2.732777j,11.801913
-0.740062+0.303823j,-0.241747+2.962281j,-0.025851-2.738577j,11.873603
-0.743821+0.294500j,-0.243977+2.973674j,-0.025037-2.744378j,11.945510
-0.747463+0.285130j,-0.246193+2.985072j,-0.024225-2.750178j,12.017635
-0.750987+0.275714j,-0.248393+2.996473j,-0.023414-2.755979j,12.089977
-0.754392+0.266256j,-0.250579+3.007877j,-0.022604-2.761780j,12.162537
-0.757679+0.256755j,-0.252752+3.019285j,-0.021795-2.767581j,12.235314
-0.760845+0.247214j,-0.254910+3.030695j,-0.020987-2.773382j,12.308309
-0.763892+0.237633j,-0.257055+3.042108j,-0.020180-2.779184j,12.381522
-0.766817+0.228015j,-0.259188+3.053523j,-0.019374-2.784985j,12.454952
-0.769622+0.218362j,-0.261308+3.064939j,-0.018569-2.790787j,12.528600
-0.772305+0.208673j,-0.263416+3.076358j,-0.017764-2.796589j,12.602466
-0.774867+0.198952j,-0.265512+3.087777j,-0.016961-2.802390j,12.676549
-0.777305+0.189199j,-0.267597+3.099197j,-0.016159-2.808192j,12.750850
-0.779621+0.179417j,-0.269671+3.110618j,-0.015357-2.813994j,12.825369
-0.781814+0.169606j,-0.271735+3.122040j,-0.014557-2.819796j,12.900106
-0.783884+0.159768j,-0.273788+3.133461j,-0.013757-2.825597j,12.975061
-0.785830+0.149905j,-0.275831+3.144882j,-0.012958-2.831399j,13.050233
-0.787651+0.140018j,-0.277864+3.156302j,-0.012159-2.837201j,13.125623
-0.789349+0.130110j,-0.279888+3.167722j,-0.011362-2.843002j,13.201231
-0.790921+0.120180j,-0.281903+3.179140j,-0.010565-2.848804j,13.277056
-0.792369+0.110232j,-0.283910+3.190557j,-0.009769-2.854605j,13.353100
-0.793692+0.100267j,-0.285908+3.201973j,-0.008973-2.860406j,13.429361
-0.794889+0.090285j,-0.287898+3.213387j,-0.008178-2.866207j,13.505839
-0.795961+0.080289j,-0.289881+3.224798j,-0.007384-2.872008j,13.582536
-0.796907+0.070281j,-0.291856+3.236207j,-0.006590-2.877808j,13.659450
-0.797727+0.060261j,-0.293823+3.247613j,-0.005797-2.883608j,13.736582
-0.798421+0.050232j,-0.295784+3.259016j,-0.005004-2.889408j,13.813931
-0.798990+0.040195j,-0.297738+3.270416j,-0.004212-2.895208j,13.891498
-0.799432+0.030152j,-0.299686+3.281812j,-0.003420-2.901008j,13.969282
-0.799747+0.020104j,-0.301628+3.293205j,-0.002629-2.906807j,14.047283
-0.799937+0.010053j,-0.303565+3.304593j,-0.001838-2.912605j,14.125503
-0.800000+0.000000j,-0.305495+3.315978j,-0.001048-2.918404j,14.203939
-0.799937-0.010053j,-0.307421+3.327357j,-0.000258-2.924202j,14.282593
-0.799747-0.020104j,-0.309341+3.338732j,0.000532-2.929999j,14.361463
-0.799432-0.030152j,-0.311257+3.350101j,0.001321-2.935796j,14.440551
-0.798990-0.040195j,-0.313168+3.361465j,0.002110-2.941593j,14.519856
-0.798421-0.050232j,-0.315075+3.372823j,0.002899-2.947389j,14.599379
-0.797727-0.060261j,-0.316978+3.384175j,0.003688-2.953184j,14.679117
-0.796907-0.070281j,-0.318877+3.395521j,0.004476-2.958979j,14.759073
-0.795961-0.080289j,-0.320773+3.406860j,0.005264-2.964774j,14.839246
-0.794889-0.090285j,-0.322665+3.418192j,0.006052-2.970568j,14.919635
-0.793692-0.100267j,-0.324554+3.429517j,0.006839-2.976361j,15.000241
-0.792369-0.110232j,-0.326440+3.440835j,0.007627-2.982153j,15.081063
-0.790921-0.120180j,-0.328324+3.452145j,0.008414-2.987945j,15.162102
-0.789349-0.130110j,-0.330205+3.463447j,0.009201-2.993736j,15.243356
-0.787651-0.140018j,-0.332084+3.474740j,0.009988-2.999527j,15.324827
-0.785830-0.149905j,-0.333960+3.486025j,0.010775-3.005316j,15.406514
-0.783884-0.159768j,-0.335835+3.497301j,0.011562-3.011105j,15.488417
-0.781814-0.169606j,-0.337708+3.508568j,0.012349-3.016893j,15.570536
-0.779621-0.179417j,-0.339580+3.519825j,0.013136-3.022681j,15.652870
-0.777305-0.189199j,-0.341451+3.531072j,0.013923-3.028467j,15.735420
-0.774867-0.198952j,-0.343320+3.542309j,0.014710-3.034253j,15.818186
-0.772305-0.208673j,-0.345188+3.553536j,0.015497-3.040038j,15.901166
-0.769622-0.218362j,-0.347056+3.564751j,0.016284-3.045821j,15.984362
-0.766817-0.228015j,-0.348923+3.575955j,0.017071-3.051604j,16.067773
-0.763892-0.237633j,-0.350790+3.587148j,0.017858-3.057387j,16.151398
-0.760845-0.247214j,-0.352657+3.598329j,0.018645-3.063168j,16.235239
-0.757679-0.256755j,-0.354523+3.609498j,0.019433-3.068948j,16.319293
-0.754392-0.266256j,-0.356390+3.620654j,0.020220-3.074727j,16.403562
-0.750987-0.275714j,-0.358257+3.631797j,0.021008-3.080505j,16.488046
-0.747463-0.285130j,-0.360124+3.642927j,0.021796-3.086282j,16.572743
-0.743821-0.294500j,-0.361992+3.654043j,0.022585-3.092058j,16.657654
-0.740062-0.303823j,-0.363860+3.665144j,0.023373-3.097833j,16.742779
-0.736185-0.313099j,-0.365730+3.676232j,0.024162-3.103606j,16.828117
-0.732193-0.322325j,-0.367600+3.687304j,0.024951-3.109379j,16.913668
-0.728085-0.331500j,-0.369472+3.698361j,0.025741-3.115150j,16.999433
-0.723862-0.340623j,-0.371345+3.709403j,0.026531-3.120920j,17.085410
-0.719524-0.349693j,-0.373219+3.720428j,0.027321-3.126689j,17.171600
-0.715073-0.358707j,-0.375095+3.731437j,0.028112-3.132457j,17.258002
-0.710509-0.367664j,-0.376972+3.742429j,0.028903-3.138223j,17.344617
-0.705833-0.376563j,-0.378851+3.753403j,0.029694-3.143988j,17.431443
-0.701045-0.385403j,-0.380732+3.764359j,0.030486-3.149752j,17.518482
-0.696147-0.394182j,-0.382615+3.775297j,0.031278-3.155514j,17.605731
-0.691139-0.402899j,-0.384499+3.786217j,0.032071-3.161275j,17.693192
-0.686021-0.411552j,-0.386386+3.797116j,0.032865-3.167034j,17.780864
-0.680796-0.420140j,-0.388275+3.807997j,0.033659-3.172792j,17.868747
-0.675462-0.428661j,-0.390166+3.818856j,0.034453-3.178549j,17.956840
-0.670022-0.437115j,-0.392059+3.829696j,0.035249-3.184304j,18.045144
-0.664477-0.445500j,-0.393955+3.840513j,0.036044-3.190058j,18.133657
-0.658826-0.453815j,-0.395853+3.851309j,0.036841-3.195810j,18.222380
-0.653071-0.462058j,-0.397754+3.862083j,0.037638-3.201560j,18.311312
-0.647214-0.470228j,-0.399657+3.872834j,0.038436-3.207309j,18.400453
-0.641254-0.478324j,-0.401562+3.883561j,0.039234-3.213056j,18.489803
-0.635192-0.486344j,-0.403470+3.894264j,0.040033-3.218801j,18.579362
-0.629031-0.494288j,-0.405380+3.904943j,0.040833-3.224545j,18.669128
-0.622770-0.502153j,-0.407293+3.915597j,0.041634-3.230287j,18.759102
-0.616411-0.509939j,-0.409208+3.926225j,0.042435-3.236027j,18.849284
-0.609954-0.517645j,-0.411126+3.936826j,0.043238-3.241766j,18.939673
-0.603401-0.525269j,-0.413046+3.947401j,0.044041-3.247502j,19.030268
-0.596753-0.532809j,-0.414969+3.957948j,0.044845-3.253237j,19.121070
-0.590010-0.540266j,-0.416893+3.968466j,0.045650-3.258970j,19.212078
-0.583175-0.547638j,-0.418821+3.978956j,0.046455-3.264701j,19.303291
-0.576247-0.554923j,-0.420750+3.989417j,0.047262-3.270430j,19.394710
-0.569229-0.562120j,-0.422681+3.999847j,0.048070-3.276157j,19.486334
-0.562120-0.569229j,-0.424614+4.010246j,0.048878-3.281882j,19.578162
-0.554923-0.576247j,-0.426549+4.020614j,0.049688-3.287605j,19.670194
-0.547638-0.583175j,-0.428486+4.030949j,0.050499-3.293325j,19.762429
-0.540266-0.590010j,-0.430424+4.041252j,0.051310-3.299044j,19.854868
-0.532809-0.596753j,-0.432364+4.051521j,0.052123-3.304761j,19.947509
-0.525269-0.603401j,-0.434305+4.061755j,0.052937-3.310475j,20.040353
-0.517645-0.609954j,-0.436247+4.071955j,0.053752-3.316187j,20.133398
-0.509939-0.616411j,-0.438189+4.082118j,0.054568-3.321897j,20.226645
-0.502153-0.622770j,-0.440133+4.092245j,0.055385-3.327604j,20.320093
-0.494288-0.629031j,-0.442076+4.102335j,0.056203-3.333310j,20.413741
-0.486344-0.635192j,-0.444020+4.112386j,0.057023-3.339012j,20.507589
-0.478324-0.641254j,-0.445964+4.122398j,0.057843-3.344713j,20.601636
-0.470228-0.647214j,-0.447907+4.132371j,0.058665-3.350411j,20.695882
-0.462058-0.653071j,-0.449849+4.142303j,0.059489-3.356106j,20.790326
-0.453815-0.658826j,-0.451790+4.152194j,0.060313-3.361799j,20.884968
-0.445500-0.664477j,-0.453730+4.162042j,0.061139-3.367490j,20.979808
-0.437115-0.670022j,-0.455668+4.171848j,0.061966-3.373178j,21.074843
-0.428661-0.675462j,-0.457603+4.181609j,0.062794-3.378863j,21.170075
-0.420140-0.680796j,-0.459536+4.191326j,0.063624-3.384545j,21.265503
-0.411552-0.686021j,-0.461466+4.200997j,0.064456-3.390225j,21.361125
-0.402899-0.691139j,-0.463392+4.210623j,0.065288-3.395902j,21.456941
-0.394182-0.696147j,-0.465315+4.220200j,0.066122-3.401576j,21.552951
-0.385403-0.701045j,-0.467232+4.229730j,0.066958-3.407248j,21.649154
-0.376563-0.705833j,-0.469145+4.239211j,0.067795-3.412916j,21.745549
-0.367664-0.710509j,-0.471052+4.248642j,0.068634-3.418582j,21.842136
-0.358707-0.715073j,-0.472953+4.258022j,0.069474-3.424244j,21.938914
-0.349693-0.719524j,-0.474847+4.267351j,0.070315-3.429904j,22.035882
-0.340623-0.723862j,-0.476733+4.276627j,0.071159-3.435560j,22.133040
-0.331500-0.728085j,-0.478612+4.285850j,0.072004-3.441214j,22.230387
-0.322325-0.732193j,-0.480482+4.295018j,0.072850-3.446864j,22.327922
-0.313099-0.736185j,-0.482342+4.304132j,0.073698-3.452511j,22.425644
-0.303823-0.740062j,-0.484193+4.313190j,0.074548-3.458154j,22.523553
-0.294500-0.743821j,-0.486032+4.322191j,0.075400-3.463795j,22.621648
-0.285130-0.747463j,-0.487860+4.331134j,0.076253-3.469432j,22.719928
-0.275714-0.750987j,-0.489676+4.340019j,0.077108-3.475066j,22.818393
-0.266256-0.754392j,-0.491479+4.348845j,0.077965-3.480696j,22.917041
-0.256755-0.757679j,-0.493267+4.357610j,0.078823-3.486323j,23.015872
-0.247214-0.760845j,-0.495041+4.366314j,0.079684-3.491946j,23.114885
-0.237633-0.763892j,-0.496799+4.374957j,0.080546-3.497565j,23.214079
-0.228015-0.766817j,-0.498541+4.383536j,0.081410-3.503181j,23.313453
-0.218362-0.769622j,-0.500265+4.392052j,0.082276-3.508793j,23.413007
-0.208673-0.772305j,-0.501971+4.400504j,0.083144-3.514402j,23.512739
-0.198952-0.774867j,-0.503657+4.408891j,0.084014-3.520007j,23.612649
-0.189199-0.777305j,-0.505323+4.417212j,0.084885-3.525607j,23.712736
-0.179417-0.779621j,-0.506968+4.425466j,0.085759-3.531204j,23.812999
-0.169606-0.781814j,-0.508591+4.433652j,0.086635-3.536797j,23.913437
-0.159768-0.783884j,-0.510190+4.441770j,0.087513-3.542386j,24.014049
-0.149905-0.785830j,-0.511765+4.449819j,0.088393-3.547970j,24.114834
-0.140018-0.787651j,-0.513315+4.457799j,0.089275-3.553551j,24.215791
-0.130110-0.789349j,-0.514838+4.465708j,0.090159-3.559127j,24.316920
-0.120180-0.790921j,-0.516334+4.473546j,0.091045-3.564699j,24.418219
-0.110232-0.792369j,-0.517802+4.481312j,0.091933-3.570267j,24.519687
-0.100267-0.793692j,-0.519240+4.489006j,0.092824-3.575830j,24.621323
-0.090285-0.794889j,-0.520647+4.496626j,0.093716-3.581389j,24.723127
-0.080289-0.795961j,-0.522023+4.504173j,0.094611-3.586943j,24.825097
-0.070281-0.796907j,-0.523366+4.511645j,0.095508-3.592492j,24.927233
-0.060261-0.797727j,-0.524675+4.519042j,0.096408-3.598037j,25.029533
-0.050232-0.798421j,-0.525949+4.526363j,0.097310-3.603577j,25.131996
-0.040195-0.798990j,-0.527187+4.533609j,0.098214-3.609113j,25.234621
-0.030152-0.799432j,-0.528387+4.540777j,0.099120-3.614643j,25.337407
-0.020104-0.799747j,-0.529550+4.547868j,0.100029-3.620168j,25.440353
-0.010053-0.799937j,-0.530673+4.554881j,0.100940-3.625689j,25.543459
-0.000000-0.800000j,-0.531756+4.561815j,0.101853-3.631204j,25.646722
0.010053-0.799937j,-0.532797+4.568671j,0.102769-3.636714j,25.750142
0.020104-0.799747j,-0.533795+4.575447j,0.103688-3.642219j,25.853718
0.030152-0.799432j,-0.534750+4.582143j,0.104609-3.647719j,25.957448
0.040195-0.798990j,-0.535661+4.588759j,0.105532-3.653213j,26.061332
0.050232-0.798421j,-0.536526+4.595293j,0.106458-3.658701j,26.165368
0.060261-0.797727j,-0.537344+4.601746j,0.107387-3.664184j,26.269556
0.070281-0.796907j,-0.538114+4.608118j,0.108318-3.669662j,26.373894
0.080289-0.795961j,-0.538836+4.614406j,0.109252-3.675133j,26.478380
0.090285-0.794889j,-0.539508+4.620613j,0.110188-3.680599j,26.583015
0.100267-0.793692j,-0.540130+4.626735j,0.111127-3.686059j,26.687796
0.110232-0.792369j,-0.540700+4.632775j,0.112068-3.691513j,26.792722
0.120180-0.790921j,-0.541218+4.638730j,0.113013-3.696961j,26.897793
0.130110-0.789349j,-0.541682+4.644601j,0.113960-3.702402j,27.003007
0.140018-0.787651j,-0.542093+4.650387j,0.114909-3.707838j,27.108363
0.149905-0.785830j,-0.542449+4.656087j,0.115862-3.713267j,27.213859
0.159768-0.783884j,-0.542750+4.661702j,0.116817-3.718689j,27.319495
0.169606-0.781814j,-0.542994+4.667231j,0.117775-3.724105j,27.425270
0.179417-0.779621j,-0.543181+4.672673j,0.118736-3.729514j,27.531181
0.189199-0.777305j,-0.543310+4.678028j,0.119700-3.734917j,27.637229
0.198952-0.774867j,-0.543381+4.683297j,0.120666-3.740313j,27.743410
0.208673-0.772305j,-0.543393+4.688477j,0.121636-3.745702j,27.849726
0.218362-0.769622j,-0.543346+4.693569j,0.122608-3.751083j,27.956173
0.228015-0.766817j,-0.543239+4.698573j,0.123583-3.756458j,28.062751
0.237633-0.763892j,-0.543071+4.703487j,0.124562-3.761825j,28.169459
0.247214-0.760845j,-0.542842+4.708313j,0.125543-3.767185j,28.276295
0.256755-0.757679j,-0.542552+4.713048j,0.126527-3.772538j,28.383259
0.266256-0.754392j,-0.542201+4.717693j,0.127514-3.777882j,28.490348
0.275714-0.750987j,-0.541787+4.722248j,0.128504-3.783219j,28.597561
0.285130-0.747463j,-0.541311+4.726712j,0.129497-3.788549j,28.704898
0.294500-0.743821j,-0.540773+4.731084j,0.130493-3.793870j,28.812357
0.303823-0.740062j,-0.540172+4.735364j,0.131493-3.799183j,28.919936
0.313099-0.736185j,-0.539508+4.739552j,0.132495-3.804488j,29.027634
0.322325-0.732193j,-0.538781+4.743647j,0.133500-3.809785j,29.135451
0.331500-0.728085j,-0.537991+4.747649j,0.134509-3.815073j,29.243384
0.340623-0.723862j,-0.537139+4.751556j,0.135520-3.820353j,29.351432
0.349693-0.719524j,-0.536224+4.755370j,0.136535-3.825624j,29.459594
0.358707-0.715073j,-0.535246+4.759089j,0.137553-3.830886j,29.567869
0.367664-0.710509j,-0.534206+4.762714j,0.138574-3.836140j,29.676255
0.376563-0.705833j,-0.533103+4.766242j,0.139598-3.841384j,29.784750
0.385403-0.701045j,-0.531939+4.769675j,0.140625-3.846619j,29.893355
0.394182-0.696147j,-0.530713+4.773011j,0.141656-3.851844j,30.002066
0.402899-0.691139j,-0.529425+4.776250j,0.142690-3.857060j,30.110883
0.411552-0.686021j,-0.528077+4.779392j,0.143727-3.862266j,30.219804
0.420140-0.680796j,-0.526669+4.782436j,0.144767-3.867463j,30.328828
0.428661-0.675462j,-0.525201+4.785382j,0.145810-3.872649j,30.437954
0.437115-0.670022j,-0.523674+4.788229j,0.146857-3.877825j,30.547179
0.445500-0.664477j,-0.522089+4.790978j,0.147906-3.882991j,30.656504
0.453815-0.658826j,-0.520445+4.793627j,0.148960-3.888147j,30.765925
0.462058-0.653071j,-0.518745+4.796176j,0.150016-3.893292j,30.875442
0.470228-0.647214j,-0.516989+4.798625j,0.151075-3.898426j,30.985054
0.478324-0.641254j,-0.515178+4.800974j,0.152138-3.903550j,31.094758
0.486344-0.635192j,-0.513312+4.803221j,0.153204-3.908662j,31.204554
0.494288-0.629031j,-0.511393+4.805368j,0.154273-3.913763j,31.314440
0.502153-0.622770j,-0.509421+4.807413j,0.155346-3.918852j,31.424415
0.509939-0.616411j,-0.507399+4.809357j,0.156421-3.923930j,31.534476
0.517645-0.609954j,-0.505326+4.811199j,0.157500-3.928996j,31.644624
0.525269-0.603401j,-0.503204+4.812939j,0.158582-3.934050j,31.754855
0.532809-0.596753j,-0.501034+4.814576j,0.159668-3.939092j,31.865169
0.540266-0.590010j,-0.498818+4.816111j,0.160756-3.944121j,31.975564
0.547638-0.583175j,-0.496557+4.817544j,0.161848-3.949138j,32.086039
0.554923-0.576247j,-0.494251+4.818874j,0.162942-3.954142j,32.196592
0.562120-0.569229j,-0.491903+4.820102j,0.164040-3.959133j,32.307222
0.569229-0.562120j,-0.489514+4.821227j,0.165141-3.964111j,32.417927
0.576247-0.554923j,-0.487085+4.822250j,0.166246-3.969076j,32.528706
0.583175-0.547638j,-0.484617+4.823170j,0.167353-3.974027j,32.639557
0.590010-0.540266j,-0.482113+4.823988j,0.168463-3.978964j,32.750480
0.596753-0.532809j,-0.479573+4.824704j,0.169577-3.983887j,32.861471
0.603401-0.525269j,-0.476999+4.825319j,0.170693-3.988796j,32.972530
0.609954-0.517645j,-0.474393+4.825832j,0.171813-3.993691j,33.083656
0.616411-0.509939j,-0.471755+4.826244j,0.172935-3.998570j,33.194847
0.622770-0.502153j,-0.469088+4.826554j,0.174060-4.003435j,33.306101
0.629031-0.494288j,-0.466394+4.826765j,0.175188-4.008285j,33.417417
0.635192-0.486344j,-0.463673+4.826876j,0.176319-4.013119j,33.528794
0.641254-0.478324j,-0.460927+4.826887j,0.177453-4.017938j,33.640229
0.647214-0.470228j,-0.458158+4.826799j,0.178589-4.022741j,33.751723
0.653071-0.462058j,-0.455367+4.826614j,0.179729-4.027528j,33.863272
0.658826-0.453815j,-0.452556+4.826330j,0.180870-4.032298j,33.974877
0.664477-0.445500j,-0.449726+4.825950j,0.182015-4.037052j,34.086534
0.670022-0.437115j,-0.446879+4.825473j,0.183162-4.041788j,34.198244
0.675462-0.428661j,-0.444016+4.824901j,0.184311-4.046508j,34.310004
0.680796-0.420140j,-0.441139+4.824235j,0.185463-4.051210j,34.421813
0.686021-0.411552j,-0.438249+4.823475j,0.186617-4.055895j,34.533669
0.691139-0.402899j,-0.435348+4.822621j,0.187774-4.060561j,34.645572
0.696147-0.394182j,-0.432436+4.821676j,0.188933-4.065209j,34.757520
0.701045-0.385403j,-0.429516+4.820640j,0.190093-4.069839j,34.869511
0.705833-0.376563j,-0.426589+4.819515j,0.191256-4.074450j,34.981545
0.710509-0.367664j,-0.423656+4.818300j,0.192421-4.079041j,35.093619
0.715073-0.358707j,-0.420718+4.816997j,0.193588-4.083614j,35.205733
0.719524-0.349693j,-0.417777+4.815607j,0.194756-4.088166j,35.317885
0.723862-0.340623j,-0.414833+4.814132j,0.195926-4.092698j,35.430073
0.728085-0.331500j,-0.411888+4.812572j,0.197098-4.097211j,35.542297
0.732193-0.322325j,-0.408943+4.810929j,0.198271-4.101702j,35.654556
0.736185-0.313099j,-0.406000+4.809204j,0.199445-4.106172j,35.766847
0.740062-0.303823j,-0.403059+4.807397j,0.200621-4.110621j,35.879170
0.743821-0.294500j,-0.400121+4.805511j,0.201797-4.115048j,35.991523
0.747463-0.285130j,-0.397187+4.803545j,0.202975-4.119454j,36.103905
0.750987-0.275714j,-0.394258+4.801503j,0.204153-4.123837j,36.216316
0.754392-0.266256j,-0.391336+4.799384j,0.205332-4.128197j,36.328752
0.757679-0.256755j,-0.388421+4.797190j,0.206512-4.132534j,36.441215
0.760845-0.247214j,-0.385513+4.794923j,0.207692-4.136848j,36.553701
0.763892-0.237633j,-0.382614+4.792583j,0.208872-4.141138j,36.666211
0.766817-0.228015j,-0.379725+4.790172j,0.210052-4.145404j,36.778742
0.769622-0.218362j,-0.376845+4.787690j,0.211232-4.149646j,36.891294
0.772305-0.208673j,-0.373977+4.785140j,0.212412-4.153862j,37.003865
0.774867-0.198952j,-0.371120+4.782523j,0.213591-4.158054j,37.116455
0.777305-0.189199j,-0.368275+4.779839j,0.214770-4.162220j,37.229062
0.779621-0.179417j,-0.365443+4.777090j,0.215947-4.166359j,37.341686
0.781814-0.169606j,-0.362624+4.774278j,0.217124-4.170473j,37.454324
0.783884-0.159768j,-0.359818+4.771403j,0.218299-4.174559j,37.566976
0.785830-0.149905j,-0.357027+4.768466j,0.219473-4.178619j,37.679641
0.787651-0.140018j,-0.354251+4.765470j,0.220645-4.182651j,37.792317
0.789349-0.130110j,-0.351490+4.762414j,0.221814-4.186655j,37.905004
0.790921-0.120180j,-0.348744+4.759301j,0.222982-4.190630j,38.017701
0.792369-0.110232j,-0.346014+4.756130j,0.224147-4.194577j,38.130406
0.793692-0.100267j,-0.343300+4.752905j,0.225309-4.198494j,38.243119
0.794889-0.090285j,-0.340603+4.749625j,0.226468-4.202382j,38.355837
0.795961-0.080289j,-0.337923+4.746292j,0.227624-4.206239j,38.468562
0.796907-0.070281j,-0.335259+4.742906j,0.228776-4.210066j,38.581290
0.797727-0.060261j,-0.332613+4.739470j,0.229924-4.213862j,38.694022
0.798421-0.050232j,-0.329985+4.735984j,0.231068-4.217627j,38.806757
0.798990-0.040195j,-0.327374+4.732449j,0.232207-4.221360j,38.919492
0.799432-0.030152j,-0.324780+4.728866j,0.233341-4.225060j,39.032228
0.799747-0.020104j,-0.322205+4.725236j,0.234470-4.228728j,39.144964
0.799937-0.010053j,-0.319648+4.721560j,0.235593-4.232362j,39.257697
0.800000-0.000000j,-0.317109+4.717840j,0.236710-4.235963j,39.370429
0.800000-0.000000j,-0.317109+4.717840j,0.236710-4.235963j,39.370429
0.800000-0.000000j,-0.317109+4.717840j,0.236710-4.235963j,39.370429
0.800000-0.000000j,-0.317109+4.717840j,0.236710-4.235963j,39.370429
0.800000-0.000000j,-0.317109+4.717840j,0.236710-4.235963j,39.370429
0.800000-0.000000j,-0.317109+4.717840j,0.236710-4.235963j,39.370429
0.800000-0.000000j,-0.317109+4.717840j,0.236710-4.235963j,39.370429
0.800000-0.000000j,-0.317109+4.717840j,0.236710-4.235963j,39.370429
0.800000-0.000000j,-0.317109+4.717840j,0.236710-4.235963j,39.370429
0.800000-0.000000j,-0.317109+4.717840j,0.236710-4.235963j,39.370429
0.800000-0.000000j,-0.317109+4.717840j,0.236710-4.235963j,39.370429
0.800000-0.000000j,-0.317109+4.717840j,0.236710-4.235963j,39.370429
0.800000-0.000000j,-0.317109+4.717840j,0.236710-4.235963j,39.370429
0.800000-0.000000j,-0.317109+4.717840j,0.236710-4.235963j,39.370429
0.800000-0.000000j,-0.317109+4.717840j,0.236710-4.235963j,39.370429
0.800000-0.000000j,-0.317109+4.717840j,0.236710-4.235963j,39.370429
0.800000-0.000000j,-0.317109+4.717840j,0.236710-4.235963j,39.370429
0.800000-0.000000j,-0.317109+4.717840j,0.236710-4.235963j,39.370429
0.800000-0.000000j,-0.317109+4.717840j,0.236710-4.235963j,39.370429
0.800000-0.000000j,-0.317109+4.717840j,0.236710-4.235963j,39.370429
0.800000-0.000000j,-0.317109+4.717840j,0.236710-4.235963j,39.370429
0.800000-0.000000j,-0.317109+4.717840j,0.236710-4.235963j,39.370429
0.800000-0.000000j,-0.317109+4.717840j,0.236710-4.235963j,39.370429
0.800000-0.000000j,-0.317109+4.717840j,0.236710-4.235963j,39.370429
0.800000-0.000000j,-0.317109+4.717840j,0.236710-4.235963j,39.370429
0.800000-0.000000j,-0.317109+4.717840j,0.236710-4.235963j,39.370429
0.800000-0.000000j,-0.317109+4.717840j,0.236710-4.235963j,39.370429
0.800000-0.000000j,-0.317109+4.717840j,0.236710-4.235963j,39.370429
0.800000-0.000000j,-0.317109+4.717840j,0.236710-4.235963j,39.370429
0.800000-0.000000j,-0.317109+4.717840j,0.236710-4.235963j,39.370429
0.800000-0.000000j,-0.317109+4.717840j,0.236710-4.235963j,39.370429
0.800000-0.000000j,-0.317109+4.717840j,0.236710-4.235963j,39.370429
0.800000-0.000000j,-0.317109+4.717840j,0.236710-4.235963j,39.370429
0.800000-0.000000j,-0.317109+4.717840j,0.236710-4.235963j,39.370429
0.800000-0.000000j,-0.317109+4.717840j,0.236710-4.235963j,39.370429
0.800000-0.000000j,-0.317109+4.717840j,0.236710-4.235963j,39.370429
0.800000-0.000000j,-0.317109+4.717840j,0.236710-4.235963j,39.370429
0.800000-0.000000j,-0.317109+4.717840j,0.236710-4.235963j,39.370429
0.800000-0.000000j,-0.317109+4.717840j,0.236710-4.235963j,39.370429
0.800000-0.000000j,-0.317109+4.717840j,0.236710-4.235963j,39.370429
0.800000-0.000000j,-0.317109+4.717840j,0.236710-4.235963j,39.370429
0.800000-0.000000j,-0.317109+4.717840j,0.236710-4.235963j,39.370429
0.800000-0.000000j,-0.317109+4.717840j,0.236710-4.235963j,39.370429
0.800000-0.000000j,-0.317109+4.717840j,0.236710-4.235963j,39.370429
0.800000-0.000000j,-0.317109+4.717840j,0.236710-4.235963j,39.370429
0.800000-0.000000j,-0.317109+4.717840j,0.236710-4.235963j,39.370429
0.800000-0.000000j,-0.317109+4.717840j,0.236710-4.235963j,39.370429
0.800000-0.000000j,-0.317109+4.717840j,0.236710-4.235963j,39.370429
0.800000-0.000000j,-0.317109+4.717840j,0.236710-4.235963j,39.370429
0.800000-0.000000j,-0.317109+4.717840j,0.236710-4.235963j,39.370429
0.800000-0.000000j,-0.317109+4.717840j,0.236710-4.235963j,39.370429
0.800000-0.000000j,-0.317109+4.717840j,0.236710-4.235963j,39.370429
0.800000-0.000000j,-0.317109+4.717840j,0.236710-4.235963j,39.370429
0.800000-0.000000j,-0.317109+4.717840j,0.236710-4.235963j,39.370429
0.800000-0.000000j,-0.317109+4.717840j,0.236710-4.235963j,39.370429
0.800000-0.000000j,-0.317109+4.717840j,0.236710-4.235963j,39.370429
0.800000-0.000000j,-0.317109+4.717840j,0.236710-4.235963j,39.370429
0.800000-0.000000j,-0.317109+4.717840j,0.236710-4.235963j,39.370429
0.800000-0.000000j,-0.317109+4.717840j,0.236710-4.235963j,39.370429
0.800000-0.000000j,-0.317109+4.717840j,0.236710-4.235963j,39.370429
0.800000-0.000000j,-0.317109+4.717840j,0.236710-4.235963j,39.370429
0.800000-0.000000j,-0.317109+4.717840j,0.236710-4.235963j,39.370429
0.800000-0.000000j,-0.317109+4.717840j,0.236710-4.235963j,39.370429
0.800000-0.000000j,-0.317109+4.717840j,0.236710-4.235963j,39.370429
0.800000-0.000000j,-0.317109+4.717840j,0.236710-4.235963j,39.370429
0.800000-0.000000j,-0.317109+4.717840j,0.236710-4.235963j,39.370429
0.800000-0.000000j,-0.317109+4.717840j,0.236710-4.235963j,39.370429
0.800000-0.000000j,-0.317109+4.717840j,0.236710-4.235963j,39.370429
0.800000-0.000000j,-0.317109+4.717840j,0.236710-4.235963j,39.370429
0.800000-0.000000j,-0.317109+4.717840j,0.236710-4.235963j,39.370429
0.800000-0.000000j,-0.317109+4.717840j,0.236710-4.235963j,39.370429
0.800000-0.000000j,-0.317109+4.717840j,0.236710-4.235963j,39.370429
0.800000-0.000000j,-0.317109+4.717840j,0.236710-4.235963j,39.370429
0.800000-0.000000j,-0.317109+4.717840j,0.236710-4.235963j,39.370429
0.800000-0.000000j,-0.317109+4.717840j,0.236710-4.235963j,39.370429
0.800000-0.000000j,-0.317109+4.717840j,0.236710-4.235963j,39.370429
0.800000-0.000000j,-0.317109+4.717840j,0.236710-4.235963j,39.370429
0.800000-0.000000j,-0.317109+4.717840j,0.236710-4.235963j,39.370429
0.800000-0.000000j,-0.317109+4.717840j,0.236710-4.235963j,39.370429
0.800000-0.000000j,-0.317109+4.717840j,0.236710-4.235963j,39.370429
0.800000-0.000000j,-0.317109+4.717840j,0.236710-4.235963j,39.370429
0.800000-0.000000j,-0.317109+4.717840j,0.236710-4.235963j,39.370429
0.800000-0.000000j,-0.317109+4.717840j,0.236710-4.235963j,39.370429
0.800000-0.000000j,-0.317109+4.717840j,0.236710-4.235963j,39.370429
0.800000-0.000000j,-0.317109+4.717840j,0.236710-4.235963j,39.370429
0.800000-0.000000j,-0.317109+4.717840j,0.236710-4.235963j,39.370429
0.800000-0.000000j,-0.317109+4.717840j,0.236710-4.235963j,39.370429
0.800000-0.000000j,-0.317109+4.717840j,0.236710-4.235963j,39.370429
0.800000-0.000000j,-0.317109+4.717840j,0.236710-4.235963j,39.370429
0.800000-0.000000j,-0.317109+4.717840j,0.236710-4.235963j,39.370429
0.800000-0.000000j,-0.317109+4.717840j,0.236710-4.235963j,39.370429
0.800000-0.000000j,-0.317109+4.717840j,0.236710-4.235963j,39.370429
0.800000-0.000000j,-0.317109+4.717840j,0.236710-4.235963j,39.370429
0.800000-0.000000j,-0.317109+4.717840j,0.236710-4.235963j,39.370429
0.800000-0.000000j,-0.317109+4.717840j,0.236710-4.235963j,39.370429
0.800000-0.000000j,-0.317109+4.717840j,0.236710-4.235963j,39.370429
0.800000-0.000000j,-0.317109+4.717840j,0.236710-4.235963j,39.370429
0.800000-0.000000j,-0.317109+4.717840j,0.236710-4.235963j,39.370429
0.800000-0.000000j,-0.317109+4.717840j,0.236710-4.235963j,39.370429
0.800000-0.000000j,-0.317109+4.717840j,0.236710-4.235963j,39.370429
0.800000-0.000000j,-0.317109+4.717840j,0.236710-4.235963j,39.370429
0.800000-0.000000j,-0.317109+4.717840j,0.236710-4.235963j,39.370429
0.800000-0.000000j,-0.317109+4.717840j,0.236710-4.235963j,39.370429
0.800000-0.000000j,-0.317109+4.717840j,0.236710-4.235963j,39.370429
0.800000-0.000000j,-0.317109+4.717840j,0.236710-4.235963j,39.370429
0.800000-0.000000j,-0.317109+4.717840j,0.236710-4.235963j,39.370429
0.800000-0.000000j,-0.317109+4.717840j,0.236710-4.235963j,39.370429
0.800000-0.000000j,-0.317109+4.717840j,0.236710-4.235963j,39.370429
0.800000-0.000000j,-0.317109+4.717840j,0.236710-4.235963j,39.370429
0.800000-0.000000j,-0.317109+4.717840j,0.236710-4.235963j,39.370429
0.800000-0.000000j,-0.317109+4.717840j,0.236710-4.235963j,39.370429
0.800000-0.000000j,-0.317109+4.717840j,0.236710-4.235963j,39.370429
0.800000-0.000000j,-0.317109+4.717840j,0.236710-4.235963j,39.370429
0.800000-0.000000j,-0.317109+4.717840j,0.236710-4.235963j,39.370429
0.800000-0.000000j,-0.317109+4.717840j,0.236710-4.235963j,39.370429
0.800000-0.000000j,-0.317109+4.717840j,0.236710-4.235963j,39.370429
0.800000-0.000000j,-0.317109+4.717840j,0.236710-4.235963j,39.370429
0.800000-0.000000j,-0.317109+4.717840j,0.236710-4.235963j,39.370429
0.800000-0.000000j,-0.317109+4.717840j,0.236710-4.235963j,39.370429
0.800000-0.000000j,-0.317109+4.717840j,0.236710-4.235963j,39.370429
0.800000-0.000000j,-0.317109+4.717840j,0.236710-4.235963j,39.370429
0.800000-0.000000j,-0.317109+4.717840j,0.236710-4.235963j,39.370429
0.800000-0.000000j,-0.317109+4.717840j,0.236710-4.235963j,39.370429
0.800000-0.000000j,-0.317109+4.717840j,0.236710-4.235963j,39.370429
0.800000-0.000000j,-0.317109+4.717840j,0.236710-4.235963j,39.370429
0.800000-0.000000j,-0.317109+4.717840j,0.236710-4.235963j,39.370429
0.800000-0.000000j,-0.317109+4.717840j,0.236710-4.235963j,39.370429
0.800000-0.000000j,-0.317109+4.717840j,0.236710-4.235963j,39.370429
0.800000-0.000000j,-0.317109+4.717840j,0.236710-4.235963j,39.370429
0.800000-0.000000j,-0.317109+4.717840j,0.236710-4.235963j,39.370429
0.800000-0.000000j,-0.317109+4.717840j,0.236710-4.235963j,39.370429
0.800000-0.000000j,-0.317109+4.717840j,0.236710-4.235963j,39.370429
0.800000-0.000000j,-0.317109+4.717840j,0.236710-4.235963j,39.370429
0.800000-0.000000j,-0.317109+4.717840j,0.236710-4.235963j,39.370429
0.800000-0.000000j,-0.317109+4.717840j,0.236710-4.235963j,39.370429
0.800000-0.000000j,-0.317109+4.717840j,0.236710-4.235963j,39.370429
0.800000-0.000000j,-0.317109+4.717840j,0.236710-4.235963j,39.370429
0.800000-0.000000j,-0.317109+4.717840j,0.236710-4.235963j,39.370429
0.800000-0.000000j,-0.317109+4.717840j,0.236710-4.235963j,39.370429
0.800000-0.000000j,-0.317109+4.717840j,0.236710-4.235963j,39.370429
0.800000-0.000000j,-0.317109+4.717840j,0.236710-4.235963j,39.370429
0.800000-0.000000j,-0.317109+4.717840j,0.236710-4.235963j,39.370429
0.800000-0.000000j,-0.317109+4.717840j,0.236710-4.235963j,39.370429
0.800000-0.000000j,-0.317109+4.717840j,0.236710-4.235963j,39.370429
0.800000-0.000000j,-0.317109+4.717840j,0.236710-4.235963j,39.370429
0.800000-0.000000j,-0.317109+4.717840j,0.236710-4.235963j,39.370429
0.800000-0.000000j,-0.317109+4.717840j,0.236710-4.235963j,39.370429
0.800000-0.000000j,-0.317109+4.717840j,0.236710-4.235963j,39.370429
0.800000-0.000000j,-0.317109+4.717840j,0.236710-4.235963j,39.370429
0.800000-0.000000j,-0.317109+4.717840j,0.236710-4.235963j,39.370429
0.800000-0.000000j,-0.317109+4.717840j,0.236710-4.235963j,39.370429
0.800000-0.000000j,-0.317109+4.717840j,0.236710-4.235963j,39.370429
0.800000-0.000000j,-0.317109+4.717840j,0.236710-4.235963j,39.370429
0.800000-0.000000j,-0.317109+4.717840j,0.236710-4.235963j,39.370429
0.800000-0.000000j,-0.317109+4.717840j,0.236710-4.235963j,39.370429
0.800000-0.000000j,-0.317109+4.717840j,0.236710-4.235963j,39.370429
0.800000-0.000000j,-0.317109+4.717840j,0.236710-4.235963j,39.370429
0.800000-0.000000j,-0.317109+4.717840j,0.236710-4.235963j,39.370429
0.800000-0.000000j,-0.317109+4.717840j,0.236710-4.235963j,39.370429
0.800000-0.000000j,-0.317109+4.717840j,0.236710-4.235963j,39.370429
0.800000-0.000000j,-0.317109+4.717840j,0.236710-4.235963j,39.370429
0.800000-0.000000j,-0.317109+4.717840j,0.236710-4.235963j,39.370429
0.800000-0.000000j,-0.317109+4.717840j,0.236710-4.235963j,39.370429
0.800000-0.000000j,-0.317109+4.717840j,0.236710-4.235963j,39.370429
0.800000-0.000000j,-0.317109+4.717840j,0.236710-4.235963j,39.370429
0.800000-0.000000j,-0.317109+4.717840j,0.236710-4.235963j,39.370429
0.800000-0.000000j,-0.317109+4.717840j,0.236710-4.235963j,39.370429
0.800000-0.000000j,-0.317109+4.717840j,0.236710-4.235963j,39.370429
0.800000-0.000000j,-0.317109+4.717840j,0.236710-4.235963j,39.370429
0.800000-0.000000j,-0.317109+4.717840j,0.236710-4.235963j,39.370429
0.800000-0.000000j,-0.317109+4.717840j,0.236710-4.235963j,39.370429
0.800000-0.000000j,-0.317109+4.717840j,0.236710-4.235963j,39.370429
0.800000-0.000000j,-0.317109+4.717840j,0.236710-4.235963j,39.370429
0.800000-0.000000j,-0.317109+4.717840j,0.236710-4.235963j,39.370429
0.800000-0.000000j,-0.317109+4.717840j,0.236710-4.235963j,39.370429
0.800000-0.000000j,-0.317109+4.717840j,0.236710-4.235963j,39.370429
0.800000-0.000000j,-0.317109+4.717840j,0.236710-4.235963j,39.370429
0.800000-0.000000j,-0.317109+4.717840j,0.236710-4.235963j,39.370429
0.800000-0.000000j,-0.317109+4.717840j,0.236710-4.235963j,39.370429
0.800000-0.000000j,-0.317109+4.717840j,0.236710-4.235963j,39.370429
0.800000-0.000000j,-0.317109+4.717840j,0.236710-4.235963j,39.370429
0.800000-0.000000j,-0.317109+4.717840j,0.236710-4.235963j,39.370429
0.800000-0.000000j,-0.317109+4.717840j,0.236710-4.235963j,39.370429
0.800000-0.000000j,-0.317109+4.717840j,0.236710-4.235963j,39.370429
0.800000-0.000000j,-0.317109+4.717840j,0.236710-4.235963j,39.370429
0.800000-0.000000j,-0.317109+4.717840j,0.236710-4.235963j,39.370429
0.800000-0.000000j,-0.317109+4.717840j,0.236710-4.235963j,39.370429
0.800000-0.000000j,-0.317109+4.717840j,0.236710-4.235963j,39.370429
0.800000-0.000000j,-0.317109+4.717840j,0.236710-4.235963j,39.370429
0.800000-0.000000j,-0.317109+4.717840j,0.236710-4.235963j,39.370429
0.800000-0.000000j,-0.317109+4.717840j,0.236710-4.235963j,39.370429
0.800000-0.000000j,-0.317109+4.717840j,0.236710-4.235963j,39.370429
0.800000-0.000000j,-0.317109+4.717840j,0.236710-4.235963j,39.370429
0.800000-0.000000j,-0.317109+4.717840j,0.236710-4.235963j,39.370429
0.800000-0.000000j,-0.317109+4.717840j,0.236710-4.235963j,39.370429
0.800000-0.000000j,-0.317109+4.717840j,0.236710-4.235963j,39.370429
0.800000-0.000000j,-0.317109+4.717840j,0.236710-4.235963j,39.370429
0.800000-0.000000j,-0.317109+4.717840j,0.236710-4.235963j,39.370429
0.800000-0.000000j,-0.317109+4.717840j,0.236710-4.235963j,39.370429
0.800000-0.000000j,-0.317109+4.717840j,0.236710-4.235963j,39.370429
0.800000-0.000000j,-0.317109+4.717840j,0.236710-4.235963j,39.370429
0.800000-0.000000j,-0.317109+4.717840j,0.236710-4.235963j,39.370429
0.800000-0.000000j,-0.317109+4.717840j,0.236710-4.235963j,39.370429
0.800000-0.000000j,-0.317109+4.717840j,0.236710-4.235963j,39.370429
0.800000-0.000000j,-0.317109+4.717840j,0.236710-4.235963j,39.370429
0.800000-0.000000j,-0.317109+4.717840j,0.236710-4.235963j,39.370429
0.800000-0.000000j,-0.317109+4.717840j,0.236710-4.235963j,39.370429
0.800000-0.000000j,-0.317109+4.717840j,0.236710-4.235963j,39.370429
0.800000-0.000000j,-0.317109+4.717840j,0.236710-4.235963j,39.370429
0.800000-0.000000j,-0.317109+4.717840j,0.236710-4.235963j,39.370429
0.800000-0.000000j,-0.317109+4.717840j,0.236710-4.235963j,39.370429
0.800000-0.000000j,-0.317109+4.717840j,0.236710-4.235963j,39.370429
0.800000-0.000000j,-0.317109+4.717840j,0.236710-4.235963j,39.370429
0.800000-0.000000j,-0.317109+4.717840j,0.236710-4.235963j,39.370429
0.800000-0.000000j,-0.317109+4.717840j,0.236710-4.235963j,39.370429
0.800000-0.000000j,-0.317109+4.717840j,0.236710-4.235963j,39.370429
0.800000-0.000000j,-0.317109+4.717840j,0.236710-4.235963j,39.370429
0.800000-0.000000j,-0.317109+4.717840j,0.236710-4.235963j,39.370429
0.800000-0.000000j,-0.317109+4.717840j,0.236710-4.235963j,39.370429
0.800000-0.000000j,-0.317109+4.717840j,0.236710-4.235963j,39.370429
0.800000-0.000000j,-0.317109+4.717840j,0.236710-4.235963j,39.370429
0.800000-0.000000j,-0.317109+4.717840j,0.236710-4.235963j,39.370429
0.800000-0.000000j,-0.317109+4.717840j,0.236710-4.235963j,39.370429
0.800000-0.000000j,-0.317109+4.717840j,0.236710-4.235963j,39.370429
0.800000-0.000000j,-0.317109+4.717840j,0.236710-4.235963j,39.370429
0.800000-0.000000j,-0.317109+4.717840j,0.236710-4.235963j,39.370429
0.800000-0.000000j,-0.317109+4.717840j,0.236710-4.235963j,39.370429
0.800000-0.000000j,-0.317109+4.717840j,0.236710-4.235963j,39.370429
0.800000-0.000000j,-0.317109+4.717840j,0.236710-4.235963j,39.370429
0.800000-0.000000j,-0.317109+4.717840j,0.236710-4.235963j,39.370429
0.800000-0.000000j,-0.317109+4.717840j,0.236710-4.235963j,39.370429
0.800000-0.000000j,-0.317109+4.717840j,0.236710-4.235963j,39.370429
0.800000-0.000000j,-0.317109+4.717840j,0.236710-4.235963j,39.370429
0.800000-0.000000j,-0.317109+4.717840j,0.236710-4.235963j,39.370429
0.800000-0.000000j,-0.317109+4.717840j,0.236710-4.235963j,39.370429
0.800000-0.000000j,-0.317109+4.717840j,0.236710-4.235963j,39.370429
0.800000-0.000000j,-0.317109+4.717840j,0.236710-4.235963j,39.370429
0.800000-0.000000j,-0.317109+4.717840j,0.236710-4.235963j,39.370429
0.800000-0.000000j,-0.317109+4.717840j,0.236710-4.235963j,39.370429
0.800000-0.000000j,-0.317109+4.717840j,0.236710-4.235963j,39.370429
0.800000-0.000000j,-0.317109+4.717840j,0.236710-4.235963j,39.370429
0.800000-0.000000j,-0.317109+4.717840j,0.236710-4.235963j,39.370429
0.800000-0.000000j,-0.317109+4.717840j,0.236710-4.235963j,39.370429
0.800000-0.000000j,-0.317109+4.717840j,0.236710-4.235963j,39.370429
0.800000-0.000000j,-0.317109+4.717840j,0.236710-4.235963j,39.370429
0.800000-0.000000j,-0.317109+4.717840j,0.236710-4.235963j,39.370429
0.800000-0.000000j,-0.317109+4.717840j,0.236710-4.235963j,39.370429
0.800000-0.000000j,-0.317109+4.717840j,0.236710-4.235963j,39.370429
0.800000-0.000000j,-0.317109+4.717840j,0.236710-4.235963j,39.370429
0.800000-0.000000j,-0.317109+4.717840j,0.236710-4.235963j,39.370429
0.800000-0.000000j,-0.317109+4.717840j,0.236710-4.235963j,39.370429
0.800000-0.000000j,-0.317109+4.717840j,0.236710-4.235963j,39.370429
0.800000-0.000000j,-0.317109+4.717840j,0.236710-4.235963j,39.370429
0.800000-0.000000j,-0.317109+4.717840j,0.236710-4.235963j,39.370429
0.800000-0.000000j,-0.317109+4.717840j,0.236710-4.235963j,39.370429
0.800000-0.000000j,-0.317109+4.717840j,0.236710-4.235963j,39.370429
0.800000-0.000000j,-0.317109+4.717840j,0.236710-4.235963j,39.370429
0.800000-0.000000j,-0.317109+4.717840j,0.236710-4.235963j,39.370429
0.800000-0.000000j,-0.317109+4.717840j,0.236710-4.235963j,39.370429
0.800000-0.000000j,-0.317109+4.717840j,0.236710-4.235963j,39.370429
0.800000-0.000000j,-0.317109+4.717840j,0.236710-4.235963j,39.370429
0.800000-0.000000j,-0.317109+4.717840j,0.236710-4.235963j,39.370429
0.800000-0.000000j,-0.317109+4.717840j,0.236710-4.235963j,39.370429
0.800000-0.000000j,-0.317109+4.717840j,0.236710-4.235963j,39.370429
0.800000-0.000000j,-0.317109+4.717840j,0.236710-4.235963j,39.370429
0.800000-0.000000j,-0.317109+4.717840j,0.236710-4.235963j,39.370429
0.800000-0.000000j,-0.317109+4.717840j,0.236710-4.235963j,39.370429
0.800000-0.000000j,-0.317109+4.717840j,0.236710-4.235963j,39.370429
0.800000-0.000000j,-0.317109+4.717840j,0.236710-4.235963j,39.370429
0.800000-0.000000j,-0.317109+4.717840j,0.236710-4.235963j,39.370429
0.800000-0.000000j,-0.317109+4.717840j,0.236710-4.235963j,39.370429
0.800000-0.000000j,-0.317109+4.717840j,0.236710-4.235963j,39.370429
0.800000-0.000000j,-0.317109+4.717840j,0.236710-4.235963j,39.370429
0.800000-0.000000j,-0.317109+4.717840j,0.236710-4.235963j,39.370429
0.800000-0.000000j,-0.317109+4.717840j,0.236710-4.235963j,39.370429
0.800000-0.000000j,-0.317109+4.717840j,0.236710-4.235963j,39.370429
0.800000-0.000000j,-0.317109+4.717840j,0.236710-4.235963j,39.370429
0.800000-0.000000j,-0.317109+4.717840j,0.236710-4.235963j,39.370429
0.800000-0.000000j,-0.317109+4.717840j,0.236710-4.235963j,39.370429
0.800000-0.000000j,-0.317109+4.717840j,0.236710-4.235963j,39.370429
0.800000-0.000000j,-0.317109+4.717840j,0.236710-4.235963j,39.370429
0.800000-0.000000j,-0.317109+4.717840j,0.236710-4.235963j,39.370429
0.800000-0.000000j,-0.317109+4.717840j,0.236710-4.235963j,39.370429
0.800000-0.000000j,-0.317109+4.717840j,0.236710-4.235963j,39.370429
0.800000-0.000000j,-0.317109+4.717840j,0.236710-4.235963j,39.370429
0.800000-0.000000j,-0.317109+4.717840j,0.236710-4.235963j,39.370429
0.800000-0.000000j,-0.317109+4.717840j,0.236710-4.235963j,39.370429
0.800000-0.000000j,-0.317109+4.717840j,0.236710-4.235963j,39.370429
0.800000-0.000000j,-0.317109+4.717840j,0.236710-4.235963j,39.370429
0.800000-0.000000j,-0.317109+4.717840j,0.236710-4.235963j,39.370429
0.800000-0.000000j,-0.317109+4.717840j,0.236710-4.235963j,39.370429
0.800000-0.000000j,-0.317109+4.717840j,0.236710-4.235963j,39.370429
0.800000-0.000000j,-0.317109+4.717840j,0.236710-4.235963j,39.370429
0.800000-0.000000j,-0.317109+4.717840j,0.236710-4.235963j,39.370429
0.800000-0.000000j,-0.317109+4.717840j,0.236710-4.235963j,39.370429
0.800000-0.000000j,-0.317109+4.717840j,0.236710-4.235963j,39.370429
0.800000-0.000000j,-0.317109+4.717840j,0.236710-4.235963j,39.370429
0.800000-0.000000j,-0.317109+4.717840j,0.236710-4.235963j,39.370429
0.800000-0.000000j,-0.317109+4.717840j,0.236710-4.235963j,39.370429
0.800000-0.000000j,-0.317109+4.717840j,0.236710-4.235963j,39.370429
0.800000-0.000000j,-0.317109+4.717840j,0.236710-4.235963j,39.370429
0.800000-0.000000j,-0.317109+4.717840j,0.236710-4.235963j,39.370429
0.800000-0.000000j,-0.317109+4.717840j,0.236710-4.235963j,39.370429
0.800000-0.000000j,-0.317109+4.717840j,0.236710-4.235963j,39.370429
0.800000-0.000000j,-0.317109+4.717840j,0.236710-4.235963j,39.370429
0.800000-0.000000j,-0.317109+4.717840j,0.236710-4.235963j,39.370429
0.800000-0.000000j,-0.317109+4.717840j,0.236710-4.235963j,39.370429
0.800000-0.000000j,-0.317109+4.717840j,0.236710-4.235963j,39.370429
0.800000-0.000000j,-0.317109+4.717840j,0.236710-4.235963j,39.370429
0.800000-0.000000j,-0.317109+4.717840j,0.236710-4.235963j,39.370429
0.800000-0.000000j,-0.317109+4.717840j,0.236710-4.235963j,39.370429
0.800000-0.000000j,-0.317109+4.717840j,0.236710-4.235963j,39.370429
0.800000-0.000000j,-0.317109+4.717840j,0.236710-4.235963j,39.370429
0.800000-0.000000j,-0.317109+4.717840j,0.236710-4.235963j,39.370429
0.800000-0.000000j,-0.317109+4.717840j,0.236710-4.235963j,39.370429
0.800000-0.000000j,-0.317109+4.717840j,0.236710-4.235963j,39.370429
0.800000-0.000000j,-0.317109+4.717840j,0.236710-4.235963j,39.370429
0.800000-0.000000j,-0.317109+4.717840j,0.236710-4.235963j,39.370429
0.800000-0.000000j,-0.317109+4.717840j,0.236710-4.235963j,39.370429
0.800000-0.000000j,-0.317109+4.717840j,0.236710-4.235963j,39.370429
0.800000-0.000000j,-0.317109+4.717840j,0.236710-4.235963j,39.370429
0.800000-0.000000j,-0.317109+4.717840j,0.236710-4.235963j,39.370429
0.800000-0.000000j,-0.317109+4.717840j,0.236710-4.235963j,39.370429
0.800000-0.000000j,-0.317109+4.717840j,0.236710-4.235963j,39.370429
0.800000-0.000000j,-0.317109+4.717840j,0.236710-4.235963j,39.370429
0.800000-0.000000j,-0.317109+4.717840j,0.236710-4.235963j,39.370429
0.800000-0.000000j,-0.317109+4.717840j,0.236710-4.235963j,39.370429
0.800000-0.000000j,-0.317109+4.717840j,0.236710-4.235963j,39.370429
0.800000-0.000000j,-0.317109+4.717840j,0.236710-4.235963j,39.370429
0.800000-0.000000j,-0.317109+4.717840j,0.236710-4.235963j,39.370429
0.800000-0.000000j,-0.317109+4.717840j,0.236710-4.235963j,39.370429
0.800000-0.000000j,-0.317109+4.717840j,0.236710-4.235963j,39.370429
0.800000-0.000000j,-0.317109+4.717840j,0.236710-4.235963j,39.370429
0.800000-0.000000j,-0.317109+4.717840j,0.236710-4.235963j,39.370429
0.800000-0.000000j,-0.317109+4.717840j,0.236710-4.235963j,39.370429
0.800000-0.000000j,-0.317109+4.717840j,0.236710-4.235963j,39.370429
0.800000-0.000000j,-0.317109+4.717840j,0.236710-4.235963j,39.370429
0.800000-0.000000j,-0.317109+4.717840j,0.236710-4.235963j,39.370429
0.800000-0.000000j,-0.317109+4.717840j,0.236710-4.235963j,39.370429
0.800000-0.000000j,-0.317109+4.717840j,0.236710-4.235963j,39.370429
0.800000-0.000000j,-0.317109+4.717840j,0.236710-4.235963j,39.370429
0.800000-0.000000j,-0.317109+4.717840j,0.236710-4.235963j,39.370429
0.800000-0.000000j,-0.317109+4.717840j,0.236710-4.235963j,39.370429
0.800000-0.000000j,-0.317109+4.717840j,0.236710-4.235963j,39.370429
0.800000-0.000000j,-0.317109+4.717840j,0.236710-4.235963j,39.370429
0.800000-0.000000j,-0.317109+4.717840j,0.236710-4.235963j,39.370429
0.800000-0.000000j,-0.317109+4.717840j,0.236710-4.235963j,39.370429
0.800000-0.000000j,-0.317109+4.717840j,0.236710-4.235963j,39.370429
0.800000-0.000000j,-0.317109+4.717840j,0.236710-4.235963j,39.370429
0.800000-0.000000j,-0.317109+4.717840j,0.236710-4.235963j,39.370429
0.800000-0.000000j,-0.317109+4.717840j,0.236710-4.235963j,39.370429
0.800000-0.000000j,-0.317109+4.717840j,0.236710-4.235963j,39.370429
0.800000-0.000000j,-0.317109+4.717840j,0.236710-4.235963j,39.370429
0.800000-0.000000j,-0.317109+4.717840j,0.236710-4.235963j,39.370429
0.800000-0.000000j,-0.317109+4.717840j,0.236710-4.235963j,39.370429
0.800000-0.000000j,-0.317109+4.717840j,0.236710-4.235963j,39.370429
0.800000-0.000000j,-0.317109+4.717840j,0.236710-4.235963j,39.370429
0.800000-0.000000j,-0.317109+4.717840j,0.236710-4.235963j,39.370429
0.800000-0.000000j,-0.317109+4.717840j,0.236710-4.235963j,39.370429
0.800000-0.000000j,-0.317109+4.717840j,0.236710-4.235963j,39.370429
0.800000-0.000000j,-0.317109+4.717840j,0.236710-4.235963j,39.370429
0.800000-0.000000j,-0.317109+4.717840j,0.236710-4.235963j,39.370429
0.800000-0.000000j,-0.317109+4.717840j,0.236710-4.235963j,39.370429
0.800000-0.000000j,-0.317109+4.717840j,0.236710-4.235963j,39.370429
0.800000-0.000000j,-0.317109+4.717840j,0.236710-4.235963j,39.370429
0.800000-0.000000j,-0.317109+4.717840j,0.236710-4.235963j,39.370429
0.800000-0.000000j,-0.317109+4.717840j,0.236710-4.235963j,39.370429
0.800000-0.000000j,-0.317109+4.717840j,0.236710-4.235963j,39.370429
0.800000-0.000000j,-0.317109+4.717840j,0.236710-4.235963j,39.370429
0.800000-0.000000j,-0.317109+4.717840j,0.236710-4.235963j,39.370429
0.800000-0.000000j,-0.317109+4.717840j,0.236710-4.235963j,39.370429
0.800000-0.000000j,-0.317109+4.717840j,0.236710-4.235963j,39.370429
0.800000-0.000000j,-0.317109+4.717840j,0.236710-4.235963j,39.370429
0.800000-0.000000j,-0.317109+4.717840j,0.236710-4.235963j,39.370429
0.800000-0.000000j,-0.317109+4.717840j,0.236710-4.235963j,39.370429
0.800000-0.000000j,-0.317109+4.717840j,0.236710-4.235963j,39.370429
0.800000-0.000000j,-0.317109+4.717840j,0.236710-4.235963j,39.370429
0.800000-0.000000j,-0.317109+4.717840j,0.236710-4.235963j,39.370429
0.800000-0.000000j,-0.317109+4.717840j,0.236710-4.235963j,39.370429
0.800000-0.000000j,-0.317109+4.717840j,0.236710-4.235963j,39.370429
0.800000-0.000000j,-0.317109+4.717840j,0.236710-4.235963j,39.370429
0.800000-0.000000j,-0.317109+4.717840j,0.236710-4.235963j,39.370429
0.800000-0.000000j,-0.317109+4.717840j,0.236710-4.235963j,39.370429
0.800000-0.000000j,-0.317109+4.717840j,0.236710-4.235963j,39.370429
0.800000-0.000000j,-0.317109+4.717840j,0.236710-4.235963j,39.370429
0.800000-0.000000j,-0.317109+4.717840j,0.236710-4.235963j,39.370429
0.800000-0.000000j,-0.317109+4.717840j,0.236710-4.235963j,39.370429
0.800000-0.000000j,-0.317109+4.717840j,0.236710-4.235963j,39.370429
0.800000-0.000000j,-0.317109+4.717840j,0.236710-4.235963j,39.370429
0.800000-0.000000j,-0.317109+4.717840j,0.236710-4.235963j,39.370429
0.800000-0.000000j,-0.317109+4.717840j,0.236710-4.235963j,39.370429
0.800000-0.000000j,-0.317109+4.717840j,0.236710-4.235963j,39.370429
0.800000-0.000000j,-0.317109+4.717840j,0.236710-4.235963j,39.370429
0.800000-0.000000j,-0.317109+4.717840j,0.236710-4.235963j,39.370429
0.800000-0.000000j,-0.317109+4.717840j,0.236710-4.235963j,39.370429
0.800000-0.000000j,-0.317109+4.717840j,0.236710-4.235963j,39.370429
0.800000-0.000000j,-0.317109+4.717840j,0.236710-4.235963j,39.370429
0.800000-0.000000j,-0.317109+4.717840j,0.236710-4.235963j,39.370429
0.800000-0.000000j,-0.317109+4.717840j,0.236710-4.235963j,39.370429
0.800000-0.000000j,-0.317109+4.717840j,0.236710-4.235963j,39.370429
0.800000-0.000000j,-0.317109+4.717840j,0.236710-4.235963j,39.370429
0.800000-0.000000j,-0.317109+4.717840j,0.236710-4.235963j,39.370429
0.800000-0.000000j,-0.317109+4.717840j,0.236710-4.235963j,39.370429
0.800000-0.000000j,-0.317109+4.717840j,0.236710-4.235963j,39.370429
0.800000-0.000000j,-0.317109+4.717840j,0.236710-4.235963j,39.370429
0.800000-0.000000j,-0.317109+4.717840j,0.236710-4.235963j,39.370429
0.800000-0.000000j,-0.317109+4.717840j,0.236710-4.235963j,39.370429
0.800000-0.000000j,-0.317109+4.717840j,0.236710-4.235963j,39.370429
0.800000-0.000000j,-0.317109+4.717840j,0.236710-4.235963j,39.370429
0.800000-0.000000j,-0.317109+4.717840j,0.236710-4.235963j,39.370429
0.800000-0.000000j,-0.317109+4.717840j,0.236710-4.235963j,39.370429
0.800000-0.000000j,-0.317109+4.717840j,0.236710-4.235963j,39.370429
0.800000-0.000000j,-0.317109+4.717840j,0.236710-4.235963j,39.370429
0.800000-0.000000j,-0.317109+4.717840j,0.236710-4.235963j,39.370429
0.800000-0.000000j,-0.317109+4.717840j,0.236710-4.235963j,39.370429
0.800000-0.000000j,-0.317109+4.717840j,0.236710-4.235963j,39.370429
0.800000-0.000000j,-0.317109+4.717840j,0.236710-4.235963j,39.370429
0.800000-0.000000j,-0.317109+4.717840j,0.236710-4.235963j,39.370429
0.800000-0.000000j,-0.317109+4.717840j,0.236710-4.235963j,39.370429
0.800000-0.000000j,-0.317109+4.717840j,0.236710-4.235963j,39.370429
0.800000-0.000000j,-0.317109+4.717840j,0.236710-4.235963j,39.370429
0.800000-0.000000j,-0.317109+4.717840j,0.236710-4.235963j,39.370429
0.800000-0.000000j,-0.317109+4.717840j,0.236710-4.235963j,39.370429
0.800000-0.000000j,-0.317109+4.717840j,0.236710-4.235963j,39.370429
0.800000-0.000000j,-0.317109+4.717840j,0.236710-4.235963j,39.370429
0.800000-0.000000j,-0.317109+4.717840j,0.236710-4.235963j,39.370429
0.800000-0.000000j,-0.317109+4.717840j,0.236710-4.235963j,39.370429
0.800000-0.000000j,-0.317109+4.717840j,0.236710-4.235963j,39.370429
0.800000-0.000000j,-0.317109+4.717840j,0.236710-4.235963j,39.370429
0.800000-0.000000j,-0.317109+4.717840j,0.236710-4.235963j,39.370429
0.800000-0.000000j,-0.317109+4.717840j,0.236710-4.235963j,39.370429
0.800000-0.000000j,-0.317109+4.717840j,0.236710-4.235963j,39.370429
0.800000-0.000000j,-0.317109+4.717840j,0.236710-4.235963j,39.370429
0.800000-0.000000j,-0.317109+4.717840j,0.236710-4.235963j,39.370429
0.800000-0.000000j,-0.317109+4.717840j,0.236710-4.235963j,39.370429
0.800000-0.000000j,-0.317109+4.717840j,0.236710-4.235963j,39.370429
0.800000-0.000000j,-0.317109+4.717840j,0.236710-4.235963j,39.370429
0.800000-0.000000j,-0.317109+4.717840j,0.236710-4.235963j,39.370429
0.800000-0.000000j,-0.317109+4.717840j,0.236710-4.235963j,39.370429
0.800000-0.000000j,-0.317109+4.717840j,0.236710-4.235963j,39.370429
0.800000-0.000000j,-0.317109+4.717840j,0.236710-4.235963j,39.370429
0.800000-0.000000j,-0.317109+4.717840j,0.236710-4.235963j,39.370429
0.800000-0.000000j,-0.317109+4.717840j,0.236710-4.235963j,39.370429
0.800000-0.000000j,-0.317109+4.717840j,0.236710-4.235963j,39.370429
0.800000-0.000000j,-0.317109+4.717840j,0.236710-4.235963j,39.370429
0.800000-0.000000j,-0.317109+4.717840j,0.236710-4.235963j,39.370429
0.800000-0.000000j,-0.317109+4.717840j,0.236710-4.235963j,39.370429
0.800000-0.000000j,-0.317109+4.717840j,0.236710-4.235963j,39.370429
0.800000-0.000000j,-0.317109+4.717840j,0.236710-4.235963j,39.370429
0.800000-0.000000j,-0.317109+4.717840j,0.236710-4.235963j,39.370429
0.800000-0.000000j,-0.317109+4.717840j,0.236710-4.235963j,39.370429
0.800000-0.000000j,-0.317109+4.717840j,0.236710-4.235963j,39.370429
0.800000-0.000000j,-0.317109+4.717840j,0.236710-4.235963j,39.370429
0.800000-0.000000j,-0.317109+4.717840j,0.236710-4.235963j,39.370429
0.800000-0.000000j,-0.317109+4.717840j,0.236710-4.235963j,39.370429
0.800000-0.000000j,-0.317109+4.717840j,0.236710-4.235963j,39.370429
0.800000-0.000000j,-0.317109+4.717840j,0.236710-4.235963j,39.370429
0.800000-0.000000j,-0.317109+4.717840j,0.236710-4.235963j,39.370429
0.800000-0.000000j,-0.317109+4.717840j,0.236710-4.235963j,39.370429
0.800000-0.000000j,-0.317109+4.717840j,0.236710-4.235963j,39.370429
0.800000-0.000000j,-0.317109+4.717840j,0.236710-4.235963j,39.370429
0.800000-0.000000j,-0.317109+4.717840j,0.236710-4.235963j,39.370429
0.800000-0.000000j,-0.317109+4.717840j,0.236710-4.235963j,39.370429
0.800000-0.000000j,-0.317109+4.717840j,0.236710-4.235963j,39.370429
0.800000-0.000000j,-0.317109+4.717840j,0.236710-4.235963j,39.370429
0.800000-0.000000j,-0.317109+4.717840j,0.236710-4.235963j,39.370429
0.800000-0.000000j,-0.317109+4.717840j,0.236710-4.235963j,39.370429
0.800000-0.000000j,-0.317109+4.717840j,0.236710-4.235963j,39.370429
0.800000-0.000000j,-0.317109+4.717840j,0.236710-4.235963j,39.370429
0.800000-0.000000j,-0.317109+4.717840j,0.236710-4.235963j,39.370429
0.800000-0.000000j,-0.317109+4.717840j,0.236710-4.235963j,39.370429
0.800000-0.000000j,-0.317109+4.717840j,0.236710-4.235963j,39.370429
0.800000-0.000000j,-0.317109+4.717840j,0.236710-4.235963j,39.370429
0.800000-0.000000j,-0.317109+4.717840j,0.236710-4.235963j,39.370429
0.800000-0.000000j,-0.317109+4.717840j,0.236710-4.235963j,39.370429
0.800000-0.000000j,-0.317109+4.717840j,0.236710-4.235963j,39.370429
0.800000-0.000000j,-0.317109+4.717840j,0.236710-4.235963j,39.370429
0.800000-0.000000j,-0.317109+4.717840j,0.236710-4.235963j,39.370429
0.800000-0.000000j,-0.317109+4.717840j,0.236710-4.235963j,39.370429
0.800000-0.000000j,-0.317109+4.717840j,0.236710-4.235963j,39.370429
0.800000-0.000000j,-0.317109+4.717840j,0.236710-4.235963j,39.370429
0.800000-0.000000j,-0.317109+4.717840j,0.236710-4.235963j,39.370429
0.800000-0.000000j,-0.317109+4.717840j,0.236710-4.235963j,39.370429
0.800000-0.000000j,-0.317109+4.717840j,0.236710-4.235963j,39.370429
0.800000-0.000000j,-0.317109+4.717840j,0.236710-4.235963j,39.370429
0.800000-0.000000j,-0.317109+4.717840j,0.236710-4.235963j,39.370429
0.800000-0.000000j,-0.317109+4.717840j,0.236710-4.235963j,39.370429
0.800000-0.000000j,-0.317109+4.717840j,0.236710-4.235963j,39.370429
0.800000-0.000000j,-0.317109+4.717840j,0.236710-4.235963j,39.370429
0.800000-0.000000j,-0.317109+4.717840j,0.236710-4.235963j,39.370429
0.800000-0.000000j,-0.317109+4.717840j,0.236710-4.235963j,39.370429
0.800000-0.000000j,-0.317109+4.717840j,0.236710-4.235963j,39.370429
0.800000-0.000000j,-0.317109+4.717840j,0.236710-4.235963j,39.370429
0.800000-0.000000j,-0.317109+4.717840j,0.236710-4.235963j,39.370429
0.800000-0.000000j,-0.317109+4.717840j,0.236710-4.235963j,39.370429
0.800000-0.000000j,-0.317109+4.717840j,0.236710-4.235963j,39.370429
0.800000-0.000000j,-0.317109+4.717840j,0.236710-4.235963j,39.370429
0.800000-0.000000j,-0.317109+4.717840j,0.236710-4.235963j,39.370429
0.800000-0.000000j,-0.317109+4.717840j,0.236710-4.235963j,39.370429
0.800000-0.000000j,-0.317109+4.717840j,0.236710-4.235963j,39.370429
0.800000-0.000000j,-0.317109+4.717840j,0.236710-4.235963j,39.370429
0.800000-0.000000j,-0.317109+4.717840j,0.236710-4.235963j,39.370429
0.800000-0.000000j,-0.317109+4.717840j,0.236710-4.235963j,39.370429
0.800000-0.000000j,-0.317109+4.717840j,0.236710-4.235963j,39.370429
0.800000-0.000000j,-0.317109+4.717840j,0.236710-4.235963j,39.370429
0.800000-0.000000j,-0.317109+4.717840j,0.236710-4.235963j,39.370429
0.800000-0.000000j,-0.317109+4.717840j,0.236710-4.235963j,39.370429
0.800000-0.000000j,-0.317109+4.717840j,0.236710-4.235963j,39.370429
0.800000-0.000000j,-0.317109+4.717840j,0.236710-4.235963j,39.370429
0.800000-0.000000j,-0.317109+4.717840j,0.236710-4.235963j,39.370429
0.800000-0.000000j,-0.317109+4.717840j,0.236710-4.235963j,39.370429
0.800000-0.000000j,-0.317109+4.717840j,0.236710-4.235963j,39.370429
0.800000-0.000000j,-0.317109+4.717840j,0.236710-4.235963j,39.370429
0.800000-0.000000j,-0.317109+4.717840j,0.236710-4.235963j,39.370429
0.800000-0.000000j,-0.317109+4.717840j,0.236710-4.235963j,39.370429
0.800000-0.000000j,-0.317109+4.717840j,0.236710-4.235963j,39.370429
0.800000-0.000000j,-0.317109+4.717840j,0.236710-4.235963j,39.370429
0.800000-0.000000j,-0.317109+4.717840j,0.236710-4.235963j,39.370429
0.800000-0.000000j,-0.317109+4.717840j,0.236710-4.235963j,39.370429
0.800000-0.000000j,-0.317109+4.717840j,0.236710-4.235963j,39.370429
0.800000-0.000000j,-0.317109+4.717840j,0.236710-4.235963j,39.370429
0.800000-0.000000j,-0.317109+4.717840j,0.236710-4.235963j,39.370429
0.800000-0.000000j,-0.317109+4.717840j,0.236710-4.235963j,39.370429
0.800000-0.000000j,-0.317109+4.717840j,0.236710-4.235963j,39.370429
0.800000-0.000000j,-0.317109+4.717840j,0.236710-4.235963j,39.370429
0.800000-0.000000j,-0.317109+4.717840j,0.236710-4.235963j,39.370429
0.800000-0.000000j,-0.317109+4.717840j,0.236710-4.235963j,39.370429
0.800000-0.000000j,-0.317109+4.717840j,0.236710-4.235963j,39.370429
0.800000-0.000000j,-0.317109+4.717840j,0.236710-4.235963j,39.370429
0.800000-0.000000j,-0.317109+4.717840j,0.236710-4.235963j,39.370429
0.800000-0.000000j,-0.317109+4.717840j,0.236710-4.235963j,39.370429
0.800000-0.000000j,-0.317109+4.717840j,0.236710-4.235963j,39.370429
0.800000-0.000000j,-0.317109+4.717840j,0.236710-4.235963j,39.370429
0.800000-0.000000j,-0.317109+4.717840j,0.236710-4.235963j,39.370429
0.800000-0.000000j,-0.317109+4.717840j,0.236710-4.235963j,39.370429
0.800000-0.000000j,-0.317109+4.717840j,0.236710-4.235963j,39.370429
0.800000-0.000000j,-0.317109+4.717840j,0.236710-4.235963j,39.370429
0.800000-0.000000j,-0.317109+4.717840j,0.236710-4.235963j,39.370429
0.800000-0.000000j,-0.317109+4.717840j,0.236710-4.235963j,39.370429
0.800000-0.000000j,-0.317109+4.717840j,0.236710-4.235963j,39.370429
0.800000-0.000000j,-0.317109+4.717840j,0.236710-4.235963j,39.370429
0.800000-0.000000j,-0.317109+4.717840j,0.236710-4.235963j,39.370429
0.800000-0.000000j,-0.317109+4.717840j,0.236710-4.235963j,39.370429
0.800000-0.000000j,-0.317109+4.717840j,0.236710-4.235963j,39.370429
0.800000-0.000000j,-0.317109+4.717840j,0.236710-4.235963j,39.370429
0.800000-0.000000j,-0.317109+4.717840j,0.236710-4.235963j,39.370429
0.800000-0.000000j,-0.317109+4.717840j,0.236710-4.235963j,39.370429
0.800000-0.000000j,-0.317109+4.717840j,0.236710-4.235963j,39.370429
0.800000-0.000000j,-0.317109+4.717840j,0.236710-4.235963j,39.370429
0.800000-0.000000j,-0.317109+4.717840j,0.236710-4.235963j,39.370429
0.800000-0.000000j,-0.317109+4.717840j,0.236710-4.235963j,39.370429
0.800000-0.000000j,-0.317109+4.717840j,0.236710-4.235963j,39.370429
0.800000-0.000000j,-0.317109+4.717840j,0.236710-4.235963j,39.370429
0.800000-0.000000j,-0.317109+4.717840j,0.236710-4.235963j,39.370429
0.800000-0.000000j,-0.317109+4.717840j,0.236710-4.235963j,39.370429
0.800000-0.000000j,-0.317109+4.717840j,0.236710-4.235963j,39.370429
0.800000-0.000000j,-0.317109+4.717840j,0.236710-4.235963j,39.370429
0.800000-0.000000j,-0.317109+4.717840j,0.236710-4.235963j,39.370429
0.800000-0.000000j,-0.317109+4.717840j,0.236710-4.235963j,39.370429
0.800000-0.000000j,-0.317109+4.717840j,0.236710-4.235963j,39.370429
0.800000-0.000000j,-0.317109+4.717840j,0.236710-4.235963j,39.370429
0.800000-0.000000j,-0.317109+4.717840j,0.236710-4.235963j,39.370429
0.800000-0.000000j,-0.317109+4.717840j,0.236710-4.235963j,39.370429
0.800000-0.000000j,-0.317109+4.717840j,0.236710-4.235963j,39.370429
0.800000-0.000000j,-0.317109+4.717840j,0.236710-4.235963j,39.370429
0.800000-0.000000j,-0.317109+4.717840j,0.236710-4.235963j,39.370429
0.800000-0.000000j,-0.317109+4.717840j,0.236710-4.235963j,39.370429
0.800000-0.000000j,-0.317109+4.717840j,0.236710-4.235963j,39.370429
0.800000-0.000000j,-0.317109+4.717840j,0.236710-4.235963j,39.370429
0.800000-0.000000j,-0.317109+4.717840j,0.236710-4.235963j,39.370429
0.800000-0.000000j,-0.317109+4.717840j,0.236710-4.235963j,39.370429
0.800000-0.000000j,-0.317109+4.717840j,0.236710-4.235963j,39.370429
0.800000-0.000000j,-0.317109+4.717840j,0.236710-4.235963j,39.370429
0.800000-0.000000j,-0.317109+4.717840j,0.236710-4.235963j,39.370429
0.800000-0.000000j,-0.317109+4.717840j,0.236710-4.235963j,39.370429
0.800000-0.000000j,-0.317109+4.717840j,0.236710-4.235963j,39.370429
0.800000-0.000000j,-0.317109+4.717840j,0.236710-4.235963j,39.370429
0.800000-0.000000j,-0.317109+4.717840j,0.236710-4.235963j,39.370429
0.800000-0.000000j,-0.317109+4.717840j,0.236710-4.235963j,39.370429
0.800000-0.000000j,-0.317109+4.717840j,0.236710-4.235963j,39.370429
0.800000-0.000000j,-0.317109+4.717840j,0.236710-4.235963j,39.370429
0.800000-0.000000j,-0.317109+4.717840j,0.236710-4.235963j,39.370429
0.800000-0.000000j,-0.317109+4.717840j,0.236710-4.235963j,39.370429
0.800000-0.000000j,-0.317109+4.717840j,0.236710-4.235963j,39.370429
0.800000-0.000000j,-0.317109+4.717840j,0.236710-4.235963j,39.370429
0.800000-0.000000j,-0.317109+4.717840j,0.236710-4.235963j,39.370429
0.800000-0.000000j,-0.317109+4.717840j,0.236710-4.235963j,39.370429
0.800000-0.000000j,-0.317109+4.717840j,0.236710-4.235963j,39.370429
0.800000-0.000000j,-0.317109+4.717840j,0.236710-4.235963j,39.370429
0.800000-0.000000j,-0.317109+4.717840j,0.236710-4.235963j,39.370429
0.800000-0.000000j,-0.317109+4.717840j,0.236710-4.235963j,39.370429
0.800000-0.000000j,-0.317109+4.717840j,0.236710-4.235963j,39.370429
0.800000-0.000000j,-0.317109+4.717840j,0.236710-4.235963j,39.370429
0.800000-0.000000j,-0.317109+4.717840j,0.236710-4.235963j,39.370429
0.800000-0.000000j,-0.317109+4.717840j,0.236710-4.235963j,39.370429
0.800000-0.000000j,-0.317109+4.717840j,0.236710-4.235963j,39.370429
0.800000-0.000000j,-0.317109+4.717840j,0.236710-4.235963j,39.370429
0.800000-0.000000j,-0.317109+4.717840j,0.236710-4.235963j,39.370429
0.800000-0.000000j,-0.317109+4.717840j,0.236710-4.235963j,39.370429
0.800000-0.000000j,-0.317109+4.717840j,0.236710-4.235963j,39.370429
0.800000-0.000000j,-0.317109+4.717840j,0.236710-4.235963j,39.370429
0.800000-0.000000j,-0.317109+4.717840j,0.236710-4.235963j,39.370429
0.800000-0.000000j,-0.317109+4.717840j,0.236710-4.235963j,39.370429
0.800000-0.000000j,-0.317109+4.717840j,0.236710-4.235963j,39.370429
0.800000-0.000000j,-0.317109+4.717840j,0.236710-4.235963j,39.370429
0.800000-0.000000j,-0.317109+4.717840j,0.236710-4.235963j,39.370429
0.800000-0.000000j,-0.317109+4.717840j,0.236710-4.235963j,39.370429
0.800000-0.000000j,-0.317109+4.717840j,0.236710-4.235963j,39.370429
0.800000-0.000000j,-0.317109+4.717840j,0.236710-4.235963j,39.370429
0.800000-0.000000j,-0.317109+4.717840j,0.236710-4.235963j,39.370429
0.800000-0.000000j,-0.317109+4.717840j,0.236710-4.235963j,39.370429
0.800000-0.000000j,-0.317109+4.717840j,0.236710-4.235963j,39.370429
0.800000-0.000000j,-0.317109+4.717840j,0.236710-4.235963j,39.370429
0.800000-0.000000j,-0.317109+4.717840j,0.236710-4.235963j,39.370429
0.800000-0.000000j,-0.317109+4.717840j,0.236710-4.235963j,39.370429
0.800000-0.000000j,-0.317109+4.717840j,0.236710-4.235963j,39.370429
0.800000-0.000000j,-0.317109+4.717840j,0.236710-4.235963j,39.370429
0.800000-0.000000j,-0.317109+4.717840j,0.236710-4.235963j,39.370429
0.800000-0.000000j,-0.317109+4.717840j,0.236710-4.235963j,39.370429
0.800000-0.000000j,-0.317109+4.717840j,0.236710-4.235963j,39.370429
0.800000-0.000000j,-0.317109+4.717840j,0.236710-4.235963j,39.370429
0.800000-0.000000j,-0.317109+4.717840j,0.236710-4.235963j,39.370429
0.800000-0.000000j,-0.317109+4.717840j,0.236710-4.235963j,39.370429
0.800000-0.000000j,-0.317109+4.717840j,0.236710-4.235963j,39.370429
0.800000-0.000000j,-0.317109+4.717840j,0.236710-4.235963j,39.370429
0.800000-0.000000j,-0.317109+4.717840j,0.236710-4.235963j,39.370429
0.800000-0.000000j,-0.317109+4.717840j,0.236710-4.235963j,39.370429
0.800000-0.000000j,-0.317109+4.717840j,0.236710-4.235963j,39.370429
0.800000-0.000000j,-0.317109+4.717840j,0.236710-4.235963j,39.370429
0.800000-0.000000j,-0.317109+4.717840j,0.236710-4.235963j,39.370429
0.800000-0.000000j,-0.317109+4.717840j,0.236710-4.235963j,39.370429
0.800000-0.000000j,-0.317109+4.717840j,0.236710-4.235963j,39.370429
0.800000-0.000000j,-0.317109+4.717840j,0.236710-4.235963j,39.370429
0.800000-0.000000j,-0.317109+4.717840j,0.236710-4.235963j,39.370429
0.800000-0.000000j,-0.317109+4.717840j,0.236710-4.235963j,39.370429
0.800000-0.000000j,-0.317109+4.717840j,0.236710-4.235963j,39.370429
0.800000-0.000000j,-0.317109+4.717840j,0.236710-4.235963j,39.370429
0.800000-0.000000j,-0.317109+4.717840j,0.236710-4.235963j,39.370429
0.800000-0.000000j,-0.317109+4.717840j,0.236710-4.235963j,39.370429
0.800000-0.000000j,-0.317109+4.717840j,0.236710-4.235963j,39.370429
0.800000-0.000000j,-0.317109+4.717840j,0.236710-4.235963j,39.370429
0.800000-0.000000j,-0.317109+4.717840j,0.236710-4.235963j,39.370429
0.800000-0.000000j,-0.317109+4.717840j,0.236710-4.235963j,39.370429
0.800000-0.000000j,-0.317109+4.717840j,0.236710-4.235963j,39.370429
0.800000-0.000000j,-0.317109+4.717840j,0.236710-4.235963j,39.370429
0.800000-0.000000j,-0.317109+4.717840j,0.236710-4.235963j,39.370429
0.800000-0.000000j,-0.317109+4.717840j,0.236710-4.235963j,39.370429
0.800000-0.000000j,-0.317109+4.717840j,0.236710-4.235963j,39.370429
0.800000-0.000000j,-0.317109+4.717840j,0.236710-4.235963j,39.370429
0.800000-0.000000j,-0.317109+4.717840j,0.236710-4.235963j,39.370429
0.800000-0.000000j,-0.317109+4.717840j,0.236710-4.235963j,39.370429
0.800000-0.000000j,-0.317109+4.717840j,0.236710-4.235963j,39.370429
0.800000-0.000000j,-0.317109+4.717840j,0.236710-4.235963j,39.370429
0.800000-0.000000j,-0.317109+4.717840j,0.236710-4.235963j,39.370429
0.800000-0.000000j,-0.317109+4.717840j,0.236710-4.235963j,39.370429
0.800000-0.000000j,-0.317109+4.717840j,0.236710-4.235963j,39.370429
0.800000-0.000000j,-0.317109+4.717840j,0.236710-4.235963j,39.370429
0.800000-0.000000j,-0.317109+4.717840j,0.236710-4.235963j,39.370429
0.800000-0.000000j,-0.317109+4.717840j,0.236710-4.235963j,39.370429
0.800000-0.000000j,-0.317109+4.717840j,0.236710-4.235963j,39.370429
0.800000-0.000000j,-0.317109+4.717840j,0.236710-4.235963j,39.370429
0.800000-0.000000j,-0.317109+4.717840j,0.236710-4.235963j,39.370429
0.800000-0.000000j,-0.317109+4.717840j,0.236710-4.235963j,39.370429
0.800000-0.000000j,-0.317109+4.717840j,0.236710-4.235963j,39.370429
0.800000-0.000000j,-0.317109+4.717840j,0.236710-4.235963j,39.370429
0.800000-0.000000j,-0.317109+4.717840j,0.236710-4.235963j,39.370429
0.800000-0.000000j,-0.317109+4.717840j,0.236710-4.235963j,39.370429
0.800000-0.000000j,-0.317109+4.717840j,0.236710-4.235963j,39.370429
0.800000-0.000000j,-0.317109+4.717840j,0.236710-4.235963j,39.370429
0.800000-0.000000j,-0.317109+4.717840j,0.236710-4.235963j,39.370429
0.800000-0.000000j,-0.317109+4.717840j,0.236710-4.235963j,39.370429
0.800000-0.000000j,-0.317109+4.717840j,0.236710-4.235963j,39.370429
0.800000-0.000000j,-0.317109+4.717840j,0.236710-4.235963j,39.370429
0.800000-0.000000j,-0.317109+4.717840j,0.236710-4.235963j,39.370429
0.800000-0.000000j,-0.317109+4.717840j,0.236710-4.235963j,39.370429
0.800000-0.000000j,-0.317109+4.717840j,0.236710-4.235963j,39.370429
0.800000-0.000000j,-0.317109+4.717840j,0.236710-4.235963j,39.370429
0.800000-0.000000j,-0.317109+4.717840j,0.236710-4.235963j,39.370429
0.800000-0.000000j,-0.317109+4.717840j,0.236710-4.235963j,39.370429
0.800000-0.000000j,-0.317109+4.717840j,0.236710-4.235963j,39.370429
0.800000-0.000000j,-0.317109+4.717840j,0.236710-4.235963j,39.370429
0.800000-0.000000j,-0.317109+4.717840j,0.236710-4.235963j,39.370429
0.800000-0.000000j,-0.317109+4.717840j,0.236710-4.235963j,39.370429
0.800000-0.000000j,-0.317109+4.717840j,0.236710-4.235963j,39.370429
0.800000-0.000000j,-0.317109+4.717840j,0.236710-4.235963j,39.370429
0.800000-0.000000j,-0.317109+4.717840j,0.236710-4.235963j,39.370429
0.800000-0.000000j,-0.317109+4.717840j,0.236710-4.235963j,39.370429
0.800000-0.000000j,-0.317109+4.717840j,0.236710-4.235963j,39.370429
0.800000-0.000000j,-0.317109+4.717840j,0.236710-4.235963j,39.370429
0.800000-0.000000j,-0.317109+4.717840j,0.236710-4.235963j,39.370429
0.800000-0.000000j,-0.317109+4.717840j,0.236710-4.235963j,39.370429
0.800000-0.000000j,-0.317109+4.717840j,0.236710-4.235963j,39.370429
0.800000-0.000000j,-0.317109+4.717840j,0.236710-4.235963j,39.370429
0.800000-0.000000j,-0.317109+4.717840j,0.236710-4.235963j,39.370429
0.800000-0.000000j,-0.317109+4.717840j,0.236710-4.235963j,39.370429
0.800000-0.000000j,-0.317109+4.717840j,0.236710-4.235963j,39.370429
0.800000-0.000000j,-0.317109+4.717840j,0.236710-4.235963j,39.370429
0.800000-0.000000j,-0.317109+4.717840j,0.236710-4.235963j,39.370429
0.800000-0.000000j,-0.317109+4.717840j,0.236710-4.235963j,39.370429
0.800000-0.000000j,-0.317109+4.717840j,0.236710-4.235963j,39.370429
0.800000-0.000000j,-0.317109+4.717840j,0.236710-4.235963j,39.370429
0.800000-0.000000j,-0.317109+4.717840j,0.236710-4.235963j,39.370429
0.800000-0.000000j,-0.317109+4.717840j,0.236710-4.235963j,39.370429
0.800000-0.000000j,-0.317109+4.717840j,0.236710-4.235963j,39.370429
0.800000-0.000000j,-0.317109+4.717840j,0.236710-4.235963j,39.370429
0.800000-0.000000j,-0.317109+4.717840j,0.236710-4.235963j,39.370429
0.800000-0.000000j,-0.317109+4.717840j,0.236710-4.235963j,39.370429
0.800000-0.000000j,-0.317109+4.717840j,0.236710-4.235963j,39.370429
0.800000-0.000000j,-0.317109+4.717840j,0.236710-4.235963j,39.370429
0.800000-0.000000j,-0.317109+4.717840j,0.236710-4.235963j,39.370429
0.800000-0.000000j,-0.317109+4.717840j,0.236710-4.235963j,39.370429
0.800000-0.000000j,-0.317109+4.717840j,0.236710-4.235963j,39.370429
0.800000-0.000000j,-0.317109+4.717840j,0.236710-4.235963j,39.370429
0.800000-0.000000j,-0.317109+4.717840j,0.236710-4.235963j,39.370429
0.800000-0.000000j,-0.317109+4.717840j,0.236710-4.235963j,39.370429
0.800000-0.000000j,-0.317109+4.717840j,0.236710-4.235963j,39.370429
0.800000-0.000000j,-0.317109+4.717840j,0.236710-4.235963j,39.370429
0.800000-0.000000j,-0.317109+4.717840j,0.236710-4.235963j,39.370429
0.800000-0.000000j,-0.317109+4.717840j,0.236710-4.235963j,39.370429
0.800000-0.000000j,-0.317109+4.717840j,0.236710-4.235963j,39.370429
0.800000-0.000000j,-0.317109+4.717840j,0.236710-4.235963j,39.370429
0.800000-0.000000j,-0.317109+4.717840j,0.236710-4.235963j,39.370429
0.800000-0.000000j,-0.317109+4.717840j,0.236710-4.235963j,39.370429
0.800000-0.000000j,-0.317109+4.717840j,0.236710-4.235963j,39.370429
0.800000-0.000000j,-0.317109+4.717840j,0.236710-4.235963j,39.370429
0.800000-0.000000j,-0.317109+4.717840j,0.236710-4.235963j,39.370429
0.800000-0.000000j,-0.317109+4.717840j,0.236710-4.235963j,39.370429
0.800000-0.000000j,-0.317109+4.717840j,0.236710-4.235963j,39.370429
0.800000-0.000000j,-0.317109+4.717840j,0.236710-4.235963j,39.370429
0.800000-0.000000j,-0.317109+4.717840j,0.236710-4.235963j,39.370429
0.800000-0.000000j,-0.317109+4.717840j,0.236710-4.235963j,39.370429
0.800000-0.000000j,-0.317109+4.717840j,0.236710-4.235963j,39.370429
0.800000-0.000000j,-0.317109+4.717840j,0.236710-4.235963j,39.370429
0.800000-0.000000j,-0.317109+4.717840j,0.236710-4.235963j,39.370429
0.800000-0.000000j,-0.317109+4.717840j,0.236710-4.235963j,39.370429
0.800000-0.000000j,-0.317109+4.717840j,0.236710-4.235963j,39.370429
0.800000-0.000000j,-0.317109+4.717840j,0.236710-4.235963j,39.370429
0.800000-0.000000j,-0.317109+4.717840j,0.236710-4.235963j,39.370429
0.800000-0.000000j,-0.317109+4.717840j,0.236710-4.235963j,39.370429
0.800000-0.000000j,-0.317109+4.717840j,0.236710-4.235963j,39.370429
0.800000-0.000000j,-0.317109+4.717840j,0.236710-4.235963j,39.370429
0.800000-0.000000j,-0.317109+4.717840j,0.236710-4.235963j,39.370429
0.800000-0.000000j,-0.317109+4.717840j,0.236710-4.235963j,39.370429
0.800000-0.000000j,-0.317109+4.717840j,0.236710-4.235963j,39.370429
0.800000-0.000000j,-0.317109+4.717840j,0.236710-4.235963j,39.370429
0.800000-0.000000j,-0.317109+4.717840j,0.236710-4.235963j,39.370429
0.800000-0.000000j,-0.317109+4.717840j,0.236710-4.235963j,39.370429
0.800000-0.000000j,-0.317109+4.717840j,0.236710-4.235963j,39.370429
0.800000-0.000000j,-0.317109+4.717840j,0.236710-4.235963j,39.370429
0.800000-0.000000j,-0.317109+4.717840j,0.236710-4.235963j,39.370429
0.800000-0.000000j,-0.317109+4.717840j,0.236710-4.235963j,39.370429
0.800000-0.000000j,-0.317109+4.717840j,0.236710-4.235963j,39.370429
0.800000-0.000000j,-0.317109+4.717840j,0.236710-4.235963j,39.370429
0.800000-0.000000j,-0.317109+4.717840j,0.236710-4.235963j,39.370429
0.800000-0.000000j,-0.317109+4.717840j,0.236710-4.235963j,39.370429
0.800000-0.000000j,-0.317109+4.717840j,0.236710-4.235963j,39.370429
0.800000-0.000000j,-0.317109+4.717840j,0.236710-4.235963j,39.370429
0.800000-0.000000j,-0.317109+4.717840j,0.236710-4.235963j,39.370429
0.800000-0.000000j,-0.317109+4.717840j,0.236710-4.235963j,39.370429
0.800000-0.000000j,-0.317109+4.717840j,0.236710-4.235963j,39.370429
0.800000-0.000000j,-0.317109+4.717840j,0.236710-4.235963j,39.370429
0.800000-0.000000j,-0.317109+4.717840j,0.236710-4.235963j,39.370429
0.800000-0.000000j,-0.317109+4.717840j,0.236710-4.235963j,39.370429
0.800000-0.000000j,-0.317109+4.717840j,0.236710-4.235963j,39.370429
0.800000-0.000000j,-0.317109+4.717840j,0.236710-4.235963j,39.370429
0.800000-0.000000j,-0.317109+4.717840j,0.236710-4.235963j,39.370429
0.800000-0.000000j,-0.317109+4.717840j,0.236710-4.235963j,39.370429
0.800000-0.000000j,-0.317109+4.717840j,0.236710-4.235963j,39.370429
0.800000-0.000000j,-0.317109+4.717840j,0.236710-4.235963j,39.370429
0.800000-0.000000j,-0.317109+4.717840j,0.236710-4.235963j,39.370429
0.800000-0.000000j,-0.317109+4.717840j,0.236710-4.235963j,39.370429
0.800000-0.000000j,-0.317109+4.717840j,0.236710-4.235963j,39.370429
0.800000-0.000000j,-0.317109+4.717840j,0.236710-4.235963j,39.370429
0.800000-0.000000j,-0.317109+4.717840j,0.236710-4.235963j,39.370429
0.800000-0.000000j,-0.317109+4.717840j,0.236710-4.235963j,39.370429
0.800000-0.000000j,-0.317109+4.717840j,0.236710-4.235963j,39.370429
0.800000-0.000000j,-0.317109+4.717840j,0.236710-4.235963j,39.370429
0.800000-0.000000j,-0.317109+4.717840j,0.236710-4.235963j,39.370429
0.800000-0.000000j,-0.317109+4.717840j,0.236710-4.235963j,39.370429
0.800000-0.000000j,-0.317109+4.717840j,0.236710-4.235963j,39.370429
0.800000-0.000000j,-0.317109+4.717840j,0.236710-4.235963j,39.370429
0.800000-0.000000j,-0.317109+4.717840j,0.236710-4.235963j,39.370429
0.800000-0.000000j,-0.317109+4.717840j,0.236710-4.235963j,39.370429
0.800000-0.000000j,-0.317109+4.717840j,0.236710-4.235963j,39.370429
0.800000-0.000000j,-0.317109+4.717840j,0.236710-4.235963j,39.370429
0.800000-0.000000j,-0.317109+4.717840j,0.236710-4.235963j,39.370429
0.800000-0.000000j,-0.317109+4.717840j,0.236710-4.235963j,39.370429
0.800000-0.000000j,-0.317109+4.717840j,0.236710-4.235963j,39.370429
0.800000-0.000000j,-0.317109+4.717840j,0.236710-4.235963j,39.370429
0.800000-0.000000j,-0.317109+4.717840j,0.236710-4.235963j,39.370429
0.800000-0.000000j,-0.317109+4.717840j,0.236710-4.235963j,39.370429
0.800000-0.000000j,-0.317109+4.717840j,0.236710-4.235963j,39.370429
0.800000-0.000000j,-0.317109+4.717840j,0.236710-4.235963j,39.370429
0.800000-0.000000j,-0.317109+4.717840j,0.236710-4.235963j,39.370429
0.800000-0.000000j,-0.317109+4.717840j,0.236710-4.235963j,39.370429
0.800000-0.000000j,-0.317109+4.717840j,0.236710-4.235963j,39.370429
0.800000-0.000000j,-0.317109+4.717840j,0.236710-4.235963j,39.370429
0.800000-0.000000j,-0.317109+4.717840j,0.236710-4.235963j,39.370429
0.800000-0.000000j,-0.317109+4.717840j,0.236710-4.235963j,39.370429
0.800000-0.000000j,-0.317109+4.717840j,0.236710-4.235963j,39.370429
0.800000-0.000000j,-0.317109+4.717840j,0.236710-4.235963j,39.370429
0.800000-0.000000j,-0.317109+4.717840j,0.236710-4.235963j,39.370429
0.800000-0.000000j,-0.317109+4.717840j,0.236710-4.235963j,39.370429
0.800000-0.000000j,-0.317109+4.717840j,0.236710-4.235963j,39.370429
0.800000-0.000000j,-0.317109+4.717840j,0.236710-4.235963j,39.370429
0.800000-0.000000j,-0.317109+4.717840j,0.236710-4.235963j,39.370429
0.800000-0.000000j,-0.317109+4.717840j,0.236710-4.235963j,39.370429
0.800000-0.000000j,-0.317109+4.717840j,0.236710-4.235963j,39.370429
0.800000-0.000000j,-0.317109+4.717840j,0.236710-4.235963j,39.370429
0.800000-0.000000j,-0.317109+4.717840j,0.236710-4.235963j,39.370429
0.800000-0.000000j,-0.317109+4.717840j,0.236710-4.235963j,39.370429
0.800000-0.000000j,-0.317109+4.717840j,0.236710-4.235963j,39.370429
0.800000-0.000000j,-0.317109+4.717840j,0.236710-4.235963j,39.370429
0.800000-0.000000j,-0.317109+4.717840j,0.236710-4.235963j,39.370429
0.800000-0.000000j,-0.317109+4.717840j,0.236710-4.235963j,39.370429
0.800000-0.000000j,-0.317109+4.717840j,0.236710-4.235963j,39.370429
0.800000-0.000000j,-0.317109+4.717840j,0.236710-4.235963j,39.370429
0.800000-0.000000j,-0.317109+4.717840j,0.236710-4.235963j,39.370429
0.800000-0.000000j,-0.317109+4.717840j,0.236710-4.235963j,39.370429
0.800000-0.000000j,-0.317109+4.717840j,0.236710-4.235963j,39.370429
0.800000-0.000000j,-0.317109+4.717840j,0.236710-4.235963j,39.370429
0.800000-0.000000j,-0.317109+4.717840j,0.236710-4.235963j,39.370429
0.800000-0.000000j,-0.317109+4.717840j,0.236710-4.235963j,39.370429
0.800000-0.000000j,-0.317109+4.717840j,0.236710-4.235963j,39.370429
0.800000-0.000000j,-0.317109+4.717840j,0.236710-4.235963j,39.370429
0.800000-0.000000j,-0.317109+4.717840j,0.236710-4.235963j,39.370429
0.800000-0.000000j,-0.317109+4.717840j,0.236710-4.235963j,39.370429
0.800000-0.000000j,-0.317109+4.717840j,0.236710-4.235963j,39.370429
0.800000-0.000000j,-0.317109+4.717840j,0.236710-4.235963j,39.370429
0.800000-0.000000j,-0.317109+4.717840j,0.236710-4.235963j,39.370429
0.800000-0.000000j,-0.317109+4.717840j,0.236710-4.235963j,39.370429
0.800000-0.000000j,-0.317109+4.717840j,0.236710-4.235963j,39.370429
0.800000-0.000000j,-0.317109+4.717840j,0.236710-4.235963j,39.370429
0.800000-0.000000j,-0.317109+4.717840j,0.236710-4.235963j,39.370429
0.800000-0.000000j,-0.317109+4.717840j,0.236710-4.235963j,39.370429
0.800000-0.000000j,-0.317109+4.717840j,0.236710-4.235963j,39.370429
0.800000-0.000000j,-0.317109+4.717840j,0.236710-4.235963j,39.370429
0.800000-0.000000j,-0.317109+4.717840j,0.236710-4.235963j,39.370429
0.800000-0.000000j,-0.317109+4.717840j,0.236710-4.235963j,39.370429
0.800000-0.000000j,-0.317109+4.717840j,0.236710-4.235963j,39.370429
0.800000-0.000000j,-0.317109+4.717840j,0.236710-4.235963j,39.370429
0.800000-0.000000j,-0.317109+4.717840j,0.236710-4.235963j,39.370429
0.800000-0.000000j,-0.317109+4.717840j,0.236710-4.235963j,39.370429
0.800000-0.000000j,-0.317109+4.717840j,0.236710-4.235963j,39.370429
0.800000-0.000000j,-0.317109+4.717840j,0.236710-4.235963j,39.370429
0.800000-0.000000j,-0.317109+4.717840j,0.236710-4.235963j,39.370429
0.800000-0.000000j,-0.317109+4.717840j,0.236710-4.235963j,39.370429
0.800000-0.000000j,-0.317109+4.717840j,0.236710-4.235963j,39.370429
0.800000-0.000000j,-0.317109+4.717840j,0.236710-4.235963j,39.370429
0.800000-0.000000j,-0.317109+4.717840j,0.236710-4.235963j,39.370429
0.800000-0.000000j,-0.317109+4.717840j,0.236710-4.235963j,39.370429
0.800000-0.000000j,-0.317109+4.717840j,0.236710-4.235963j,39.370429
0.800000-0.000000j,-0.317109+4.717840j,0.236710-4.235963j,39.370429
0.800000-0.000000j,-0.317109+4.717840j,0.236710-4.235963j,39.370429
0.800000-0.000000j,-0.317109+4.717840j,0.236710-4.235963j,39.370429
0.800000-0.000000j,-0.317109+4.717840j,0.236710-4.235963j,39.370429
0.800000-0.000000j,-0.317109+4.717840j,0.236710-4.235963j,39.370429
0.800000-0.000000j,-0.317109+4.717840j,0.236710-4.235963j,39.370429
0.800000-0.000000j,-0.317109+4.717840j,0.236710-4.235963j,39.370429
0.800000-0.000000j,-0.317109+4.717840j,0.236710-4.235963j,39.370429
0.800000-0.000000j,-0.317109+4.717840j,0.236710-4.235963j,39.370429
0.800000-0.000000j,-0.317109+4.717840j,0.236710-4.235963j,39.370429
0.800000-0.000000j,-0.317109+4.717840j,0.236710-4.235963j,39.370429
0.800000-0.000000j,-0.317109+4.717840j,0.236710-4.235963j,39.370429
0.800000-0.000000j,-0.317109+4.717840j,0.236710-4.235963j,39.370429
0.800000-0.000000j,-0.317109+4.717840j,0.236710-4.235963j,39.370429
0.800000-0.000000j,-0.317109+4.717840j,0.236710-4.235963j,39.370429
0.800000-0.000000j,-0.317109+4.717840j,0.236710-4.235963j,39.370429
0.800000-0.000000j,-0.317109+4.717840j,0.236710-4.235963j,39.370429
0.800000-0.000000j,-0.317109+4.717840j,0.236710-4.235963j,39.370429
0.800000-0.000000j,-0.317109+4.717840j,0.236710-4.235963j,39.370429
0.800000-0.000000j,-0.317109+4.717840j,0.236710-4.235963j,39.370429
0.800000-0.000000j,-0.317109+4.717840j,0.236710-4.235963j,39.370429
0.800000-0.000000j,-0.317109+4.717840j,0.236710-4.235963j,39.370429
0.800000-0.000000j,-0.317109+4.717840j,0.236710-4.235963j,39.370429
0.800000-0.000000j,-0.317109+4.717840j,0.236710-4.235963j,39.370429
0.800000-0.000000j,-0.317109+4.717840j,0.236710-4.235963j,39.370429
0.800000-0.000000j,-0.317109+4.717840j,0.236710-4.235963j,39.370429
0.800000-0.000000j,-0.317109+4.717840j,0.236710-4.235963j,39.370429
0.800000-0.000000j,-0.317109+4.717840j,0.236710-4.235963j,39.370429
0.800000-0.000000j,-0.317109+4.717840j,0.236710-4.235963j,39.370429
0.800000-0.000000j,-0.317109+4.717840j,0.236710-4.235963j,39.370429
0.800000-0.000000j,-0.317109+4.717840j,0.236710-4.235963j,39.370429
0.800000-0.000000j,-0.317109+4.717840j,0.236710-4.235963j,39.370429
0.800000-0.000000j,-0.317109+4.717840j,0.236710-4.235963j,39.370429
0.800000-0.000000j,-0.317109+4.717840j,0.236710-4.235963j,39.370429
0.800000-0.000000j,-0.317109+4.717840j,0.236710-4.235963j,39.370429
0.800000-0.000000j,-0.317109+4.717840j,0.236710-4.235963j,39.370429
0.800000-0.000000j,-0.317109+4.717840j,0.236710-4.235963j,39.370429
0.800000-0.000000j,-0.317109+4.717840j,0.236710-4.235963j,39.370429
0.800000-0.000000j,-0.317109+4.717840j,0.236710-4.235963j,39.370429
0.800000-0.000000j,-0.317109+4.717840j,0.236710-4.235963j,39.370429
0.800000-0.000000j,-0.317109+4.717840j,0.236710-4.235963j,39.370429
0.800000-0.000000j,-0.317109+4.717840j,0.236710-4.235963j,39.370429
0.800000-0.000000j,-0.317109+4.717840j,0.236710-4.235963j,39.370429
0.800000-0.000000j,-0.317109+4.717840j,0.236710-4.235963j,39.370429
0.800000-0.000000j,-0.317109+4.717840j,0.236710-4.235963j,39.370429
0.800000-0.000000j,-0.317109+4.717840j,0.236710-4.235963j,39.370429
0.800000-0.000000j,-0.317109+4.717840j,0.236710-4.235963j,39.370429
0.800000-0.000000j,-0.317109+4.717840j,0.236710-4.235963j,39.370429
0.800000-0.000000j,-0.317109+4.717840j,0.236710-4.235963j,39.370429
0.800000-0.000000j,-0.317109+4.717840j,0.236710-4.235963j,39.370429
0.800000-0.000000j,-0.317109+4.717840j,0.236710-4.235963j,39.370429
0.800000-0.000000j,-0.317109+4.717840j,0.236710-4.235963j,39.370429
0.800000-0.000000j,-0.317109+4.717840j,0.236710-4.235963j,39.370429
0.800000-0.000000j,-0.317109+4.717840j,0.236710-4.235963j,39.370429
0.800000-0.000000j,-0.317109+4.717840j,0.236710-4.235963j,39.370429
0.800000-0.000000j,-0.317109+4.717840j,0.236710-4.235963j,39.370429
0.800000-0.000000j,-0.317109+4.717840j,0.236710-4.235963j,39.370429
0.800000-0.000000j,-0.317109+4.717840j,0.236710-4.235963j,39.370429
0.800000-0.000000j,-0.317109+4.717840j,0.236710-4.235963j,39.370429
0.800000-0.000000j,-0.317109+4.717840j,0.236710-4.235963j,39.370429
0.800000-0.000000j,-0.317109+4.717840j,0.236710-4.235963j,39.370429
0.800000-0.000000j,-0.317109+4.717840j,0.236710-4.235963j,39.370429
0.800000-0.000000j,-0.317109+4.717840j,0.236710-4.235963j,39.370429
0.800000-0.000000j,-0.317109+4.717840j,0.236710-4.235963j,39.370429
0.800000-0.000000j,-0.317109+4.717840j,0.236710-4.235963j,39.370429
0.800000-0.000000j,-0.317109+4.717840j,0.236710-4.235963j,39.370429
0.800000-0.000000j,-0.317109+4.717840j,0.236710-4.235963j,39.370429
0.800000-0.000000j,-0.317109+4.717840j,0.236710-4.235963j,39.370429
0.800000-0.000000j,-0.317109+4.717840j,0.236710-4.235963j,39.370429
0.800000-0.000000j,-0.317109+4.717840j,0.236710-4.235963j,39.370429
0.800000-0.000000j,-0.317109+4.717840j,0.236710-4.235963j,39.370429
0.800000-0.000000j,-0.317109+4.717840j,0.236710-4.235963j,39.370429
0.800000-0.000000j,-0.317109+4.717840j,0.236710-4.235963j,39.370429
0.800000-0.000000j,-0.317109+4.717840j,0.236710-4.235963j,39.370429
0.800000-0.000000j,-0.317109+4.717840j,0.236710-4.235963j,39.370429
0.800000-0.000000j,-0.317109+4.717840j,0.236710-4.235963j,39.370429
0.800000-0.000000j,-0.317109+4.717840j,0.236710-4.235963j,39.370429
0.800000-0.000000j,-0.317109+4.717840j,0.236710-4.235963j,39.370429
0.800000-0.000000j,-0.317109+4.717840j,0.236710-4.235963j,39.370429
0.800000-0.000000j,-0.317109+4.717840j,0.236710-4.235963j,39.370429
0.800000-0.000000j,-0.317109+4.717840j,0.236710-4.235963j,39.370429
0.800000-0.000000j,-0.317109+4.717840j,0.236710-4.235963j,39.370429
0.800000-0.000000j,-0.317109+4.717840j,0.236710-4.235963j,39.370429
0.800000-0.000000j,-0.317109+4.717840j,0.236710-4.235963j,39.370429
0.800000-0.000000j,-0.317109+4.717840j,0.236710-4.235963j,39.370429
0.800000-0.000000j,-0.317109+4.717840j,0.236710-4.235963j,39.370429
0.800000-0.000000j,-0.317109+4.717840j,0.236710-4.235963j,39.370429
0.800000-0.000000j,-0.317109+4.717840j,0.236710-4.235963j,39.370429
0.800000-0.000000j,-0.317109+4.717840j,0.236710-4.235963j,39.370429
0.800000-0.000000j,-0.317109+4.717840j,0.236710-4.235963j,39.370429
0.800000-0.000000j,-0.317109+4.717840j,0.236710-4.235963j,39.370429
0.800000-0.000000j,-0.317109+4.717840j,0.236710-4.235963j,39.370429
0.800000-0.000000j,-0.317109+4.717840j,0.236710-4.235963j,39.370429
0.800000-0.000000j,-0.317109+4.717840j,0.236710-4.235963j,39.370429
0.800000-0.000000j,-0.317109+4.717840j,0.236710-4.235963j,39.370429
0.800000-0.000000j,-0.317109+4.717840j,0.236710-4.235963j,39.370429
0.800000-0.000000j,-0.317109+4.717840j,0.236710-4.235963j,39.370429
0.800000-0.000000j,-0.317109+4.717840j,0.236710-4.235963j,39.370429
0.800000-0.000000j,-0.317109+4.717840j,0.236710-4.235963j,39.370429
0.800000-0.000000j,-0.317109+4.717840j,0.236710-4.235963j,39.370429
0.800000-0.000000j,-0.317109+4.717840j,0.236710-4.235963j,39.370429
0.800000-0.000000j,-0.317109+4.717840j,0.236710-4.235963j,39.370429
0.800000-0.000000j,-0.317109+4.717840j,0.236710-4.235963j,39.370429
0.800000-0.000000j,-0.317109+4.717840j,0.236710-4.235963j,39.370429
0.800000-0.000000j,-0.317109+4.717840j,0.236710-4.235963j,39.370429
0.800000-0.000000j,-0.317109+4.717840j,0.236710-4.235963j,39.370429
0.800000-0.000000j,-0.317109+4.717840j,0.236710-4.235963j,39.370429
0.800000-0.000000j,-0.317109+4.717840j,0.236710-4.235963j,39.370429
0.800000-0.000000j,-0.317109+4.717840j,0.236710-4.235963j,39.370429
0.800000-0.000000j,-0.317109+4.717840j,0.236710-4.235963j,39.370429
0.800000-0.000000j,-0.317109+4.717840j,0.236710-4.235963j,39.370429
0.800000-0.000000j,-0.317109+4.717840j,0.236710-4.235963j,39.370429
0.800000-0.000000j,-0.317109+4.717840j,0.236710-4.235963j,39.370429
0.800000-0.000000j,-0.317109+4.717840j,0.236710-4.235963j,39.370429
0.800000-0.000000j,-0.317109+4.717840j,0.236710-4.235963j,39.370429
0.800000-0.000000j,-0.317109+4.717840j,0.236710-4.235963j,39.370429
0.800000-0.000000j,-0.317109+4.717840j,0.236710-4.235963j,39.370429
0.800000-0.000000j,-0.317109+4.717840j,0.236710-4.235963j,39.370429
0.800000-0.000000j,-0.317109+4.717840j,0.236710-4.235963j,39.370429
0.800000-0.000000j,-0.317109+4.717840j,0.236710-4.235963j,39.370429
0.800000-0.000000j,-0.317109+4.717840j,0.236710-4.235963j,39.370429
0.800000-0.000000j,-0.317109+4.717840j,0.236710-4.235963j,39.370429
0.800000-0.000000j,-0.317109+4.717840j,0.236710-4.235963j,39.370429
0.800000-0.000000j,-0.317109+4.717840j,0.236710-4.235963j,39.370429
0.800000-0.000000j,-0.317109+4.717840j,0.236710-4.235963j,39.370429
0.800000-0.000000j,-0.317109+4.717840j,0.236710-4.235963j,39.370429
0.800000-0.000000j,-0.317109+4.717840j,0.236710-4.235963j,39.370429
0.800000-0.000000j,-0.317109+4.717840j,0.236710-4.235963j,39.370429
0.800000-0.000000j,-0.317109+4.717840j,0.236710-4.235963j,39.370429
0.800000-0.000000j,-0.317109+4.717840j,0.236710-4.235963j,39.370429
0.800000-0.000000j,-0.317109+4.717840j,0.236710-4.235963j,39.370429
0.800000-0.000000j,-0.317109+4.717840j,0.236710-4.235963j,39.370429
0.800000-0.000000j,-0.317109+4.717840j,0.236710-4.235963j,39.370429
0.800000-0.000000j,-0.317109+4.717840j,0.236710-4.235963j,39.370429
0.800000-0.000000j,-0.317109+4.717840j,0.236710-4.235963j,39.370429
0.800000-0.000000j,-0.317109+4.717840j,0.236710-4.235963j,39.370429
0.800000-0.000000j,-0.317109+4.717840j,0.236710-4.235963j,39.370429
0.800000-0.000000j,-0.317109+4.717840j,0.236710-4.235963j,39.370429
0.800000-0.000000j,-0.317109+4.717840j,0.236710-4.235963j,39.370429
0.800000-0.000000j,-0.317109+4.717840j,0.236710-4.235963j,39.370429
0.800000-0.000000j,-0.317109+4.717840j,0.236710-4.235963j,39.370429
0.800000-0.000000j,-0.317109+4.717840j,0.236710-4.235963j,39.370429
0.800000-0.000000j,-0.317109+4.717840j,0.236710-4.235963j,39.370429
0.800000-0.000000j,-0.317109+4.717840j,0.236710-4.235963j,39.370429
0.800000-0.000000j,-0.317109+4.717840j,0.236710-4.235963j,39.370429
0.800000-0.000000j,-0.317109+4.717840j,0.236710-4.235963j,39.370429
0.800000-0.000000j,-0.317109+4.717840j,0.236710-4.235963j,39.370429
0.800000-0.000000j,-0.317109+4.717840j,0.236710-4.235963j,39.370429
0.800000-0.000000j,-0.317109+4.717840j,0.236710-4.235963j,39.370429
0.800000-0.000000j,-0.317109+4.717840j,0.236710-4.235963j,39.370429
0.800000-0.000000j,-0.317109+4.717840j,0.236710-4.235963j,39.370429
0.800000-0.000000j,-0.317109+4.717840j,0.236710-4.235963j,39.370429
0.800000-0.000000j,-0.317109+4.717840j,0.236710-4.235963j,39.370429
0.800000-0.000000j,-0.317109+4.717840j,0.236710-4.235963j,39.370429
0.800000-0.000000j,-0.317109+4.717840j,0.236710-4.235963j,39.370429
0.800000-0.000000j,-0.317109+4.717840j,0.236710-4.235963j,39.370429
0.800000-0.000000j,-0.317109+4.717840j,0.236710-4.235963j,39.370429
0.800000-0.000000j,-0.317109+4.717840j,0.236710-4.235963j,39.370429
0.800000-0.000000j,-0.317109+4.717840j,0.236710-4.235963j,39.370429
0.800000-0.000000j,-0.317109+4.717840j,0.236710-4.235963j,39.370429
0.800000-0.000000j,-0.317109+4.717840j,0.236710-4.235963j,39.370429
0.800000-0.000000j,-0.317109+4.717840j,0.236710-4.235963j,39.370429
0.800000-0.000000j,-0.317109+4.717840j,0.236710-4.235963j,39.370429
0.800000-0.000000j,-0.317109+4.717840j,0.236710-4.235963j,39.370429
0.800000-0.000000j,-0.317109+4.717840j,0.236710-4.235963j,39.370429
0.800000-0.000000j,-0.317109+4.717840j,0.236710-4.235963j,39.370429
0.800000-0.000000j,-0.317109+4.717840j,0.236710-4.235963j,39.370429
0.800000-0.000000j,-0.317109+4.717840j,0.236710-4.235963j,39.370429
0.800000-0.000000j,-0.317109+4.717840j,0.236710-4.235963j,39.370429
0.800000-0.000000j,-0.317109+4.717840j,0.236710-4.235963j,39.370429
0.800000-0.000000j,-0.317109+4.717840j,0.236710-4.235963j,39.370429
0.800000-0.000000j,-0.317109+4.717840j,0.236710-4.235963j,39.370429
0.800000-0.000000j,-0.317109+4.717840j,0.236710-4.235963j,39.370429
0.800000-0.000000j,-0.317109+4.717840j,0.236710-4.235963j,39.370429
0.800000-0.000000j,-0.317109+4.717840j,0.236710-4.235963j,39.370429
0.800000-0.000000j,-0.317109+4.717840j,0.236710-4.235963j,39.370429
0.800000-0.000000j,-0.317109+4.717840j,0.236710-4.235963j,39.370429
0.800000-0.000000j,-0.317109+4.717840j,0.236710-4.235963j,39.370429
0.800000-0.000000j,-0.317109+4.717840j,0.236710-4.235963j,39.370429
0.800000-0.000000j,-0.317109+4.717840j,0.236710-4.235963j,39.370429
0.800000-0.000000j,-0.317109+4.717840j,0.236710-4.235963j,39.370429
0.800000-0.000000j,-0.317109+4.717840j,0.236710-4.235963j,39.370429
0.800000-0.000000j,-0.317109+4.717840j,0.236710-4.235963j,39.370429
0.800000-0.000000j,-0.317109+4.717840j,0.236710-4.235963j,39.370429
0.800000-0.000000j,-0.317109+4.717840j,0.236710-4.235963j,39.370429
0.800000-0.000000j,-0.317109+4.717840j,0.236710-4.235963j,39.370429
0.800000-0.000000j,-0.317109+4.717840j,0.236710-4.235963j,39.370429
0.800000-0.000000j,-0.317109+4.717840j,0.236710-4.235963j,39.370429
0.800000-0.000000j,-0.317109+4.717840j,0.236710-4.235963j,39.370429
0.800000-0.000000j,-0.317109+4.717840j,0.236710-4.235963j,39.370429
0.800000-0.000000j,-0.317109+4.717840j,0.236710-4.235963j,39.370429
0.800000-0.000000j,-0.317109+4.717840j,0.236710-4.235963j,39.370429
0.800000-0.000000j,-0.317109+4.717840j,0.236710-4.235963j,39.370429
0.800000-0.000000j,-0.317109+4.717840j,0.236710-4.235963j,39.370429
0.800000-0.000000j,-0.317109+4.717840j,0.236710-4.235963j,39.370429
0.800000-0.000000j,-0.317109+4.717840j,0.236710-4.235963j,39.370429
0.800000-0.000000j,-0.317109+4.717840j,0.236710-4.235963j,39.370429
0.800000-0.000000j,-0.317109+4.717840j,0.236710-4.235963j,39.370429
0.800000-0.000000j,-0.317109+4.717840j,0.236710-4.235963j,39.370429
0.800000-0.000000j,-0.317109+4.717840j,0.236710-4.235963j,39.370429
0.800000-0.000000j,-0.317109+4.717840j,0.236710-4.235963j,39.370429
0.800000-0.000000j,-0.317109+4.717840j,0.236710-4.235963j,39.370429
0.800000-0.000000j,-0.317109+4.717840j,0.236710-4.235963j,39.370429
0.800000-0.000000j,-0.317109+4.717840j,0.236710-4.235963j,39.370429
0.800000-0.000000j,-0.317109+4.717840j,0.236710-4.235963j,39.370429
0.800000-0.000000j,-0.317109+4.717840j,0.236710-4.235963j,39.370429
0.800000-0.000000j,-0.317109+4.717840j,0.236710-4.235963j,39.370429
0.800000-0.000000j,-0.317109+4.717840j,0.236710-4.235963j,39.370429
0.800000-0.000000j,-0.317109+4.717840j,0.236710-4.235963j,39.370429
0.800000-0.000000j,-0.317109+4.717840j,0.236710-4.235963j,39.370429
0.800000-0.000000j,-0.317109+4.717840j,0.236710-4.235963j,39.370429
0.800000-0.000000j,-0.317109+4.717840j,0.236710-4.235963j,39.370429
0.800000-0.000000j,-0.317109+4.717840j,0.236710-4.235963j,39.370429
0.800000-0.000000j,-0.317109+4.717840j,0.236710-4.235963j,39.370429
0.800000-0.000000j,-0.317109+4.717840j,0.236710-4.235963j,39.370429
0.800000-0.000000j,-0.317109+4.717840j,0.236710-4.235963j,39.370429
0.800000-0.000000j,-0.317109+4.717840j,0.236710-4.235963j,39.370429
0.800000-0.000000j,-0.317109+4.717840j,0.236710-4.235963j,39.370429
0.800000-0.000000j,-0.317109+4.717840j,0.236710-4.235963j,39.370429
0.800000-0.000000j,-0.317109+4.717840j,0.236710-4.235963j,39.370429
0.800000-0.000000j,-0.317109+4.717840j,0.236710-4.235963j,39.370429
0.800000-0.000000j,-0.317109+4.717840j,0.236710-4.235963j,39.370429
0.800000-0.000000j,-0.317109+4.717840j,0.236710-4.235963j,39.370429
0.800000-0.000000j,-0.317109+4.717840j,0.236710-4.235963j,39.370429
0.800000-0.000000j,-0.317109+4.717840j,0.236710-4.235963j,39.370429
0.800000-0.000000j,-0.317109+4.717840j,0.236710-4.235963j,39.370429
0.800000-0.000000j,-0.317109+4.717840j,0.236710-4.235963j,39.370429
0.800000-0.000000j,-0.317109+4.717840j,0.236710-4.235963j,39.370429
0.800000-0.000000j,-0.317109+4.717840j,0.236710-4.235963j,39.370429
0.800000-0.000000j,-0.317109+4.717840j,0.236710-4.235963j,39.370429
0.800000-0.000000j,-0.317109+4.717840j,0.236710-4.235963j,39.370429
0.800000-0.000000j,-0.317109+4.717840j,0.236710-4.235963j,39.370429
0.800000-0.000000j,-0.317109+4.717840j,0.236710-4.235963j,39.370429
0.800000-0.000000j,-0.317109+4.717840j,0.236710-4.235963j,39.370429
0.800000-0.000000j,-0.317109+4.717840j,0.236710-4.235963j,39.370429
0.800000-0.000000j,-0.317109+4.717840j,0.236710-4.235963j,39.370429
0.800000-0.000000j,-0.317109+4.717840j,0.236710-4.235963j,39.370429
0.800000-0.000000j,-0.317109+4.717840j,0.236710-4.235963j,39.370429
0.800000-0.000000j,-0.317109+4.717840j,0.236710-4.235963j,39.370429
0.800000-0.000000j,-0.317109+4.717840j,0.236710-4.235963j,39.370429
0.800000-0.000000j,-0.317109+4.717840j,0.236710-4.235963j,39.370429
0.800000-0.000000j,-0.317109+4.717840j,0.236710-4.235963j,39.370429
0.800000-0.000000j,-0.317109+4.717840j,0.236710-4.235963j,39.370429
0.800000-0.000000j,-0.317109+4.717840j,0.236710-4.235963j,39.370429
0.800000-0.000000j,-0.317109+4.717840j,0.236710-4.235963j,39.370429
0.800000-0.000000j,-0.317109+4.717840j,0.236710-4.235963j,39.370429
0.800000-0.000000j,-0.317109+4.717840j,0.236710-4.235963j,39.370429
0.800000-0.000000j,-0.317109+4.717840j,0.236710-4.235963j,39.370429
0.800000-0.000000j,-0.317109+4.717840j,0.236710-4.235963j,39.370429
0.800000-0.000000j,-0.317109+4.717840j,0.236710-4.235963j,39.370429
0.800000-0.000000j,-0.317109+4.717840j,0.236710-4.235963j,39.370429
0.800000-0.000000j,-0.317109+4.717840j,0.236710-4.235963j,39.370429
0.800000-0.000000j,-0.317109+4.717840j,0.236710-4.235963j,39.370429
0.800000-0.000000j,-0.317109+4.717840j,0.236710-4.235963j,39.370429
0.800000-0.000000j,-0.317109+4.717840j,0.236710-4.235963j,39.370429
0.800000-0.000000j,-0.317109+4.717840j,0.236710-4.235963j,39.370429
0.800000-0.000000j,-0.317109+4.717840j,0.236710-4.235963j,39.370429
0.800000-0.000000j,-0.317109+4.717840j,0.236710-4.235963j,39.370429
0.800000-0.000000j,-0.317109+4.717840j,0.236710-4.235963j,39.370429
0.800000-0.000000j,-0.317109+4.717840j,0.236710-4.235963j,39.370429
0.800000-0.000000j,-0.317109+4.717840j,0.236710-4.235963j,39.370429
0.800000-0.000000j,-0.317109+4.717840j,0.236710-4.235963j,39.370429
0.800000-0.000000j,-0.317109+4.717840j,0.236710-4.235963j,39.370429
0.800000-0.000000j,-0.317109+4.717840j,0.236710-4.235963j,39.370429
0.800000-0.000000j,-0.317109+4.717840j,0.236710-4.235963j,39.370429
0.800000-0.000000j,-0.317109+4.717840j,0.236710-4.235963j,39.370429
0.800000-0.000000j,-0.317109+4.717840j,0.236710-4.235963j,39.370429
0.800000-0.000000j,-0.317109+4.717840j,0.236710-4.235963j,39.370429
0.800000-0.000000j,-0.317109+4.717840j,0.236710-4.235963j,39.370429
0.800000-0.000000j,-0.317109+4.717840j,0.236710-4.235963j,39.370429
0.800000-0.000000j,-0.317109+4.717840j,0.236710-4.235963j,39.370429
0.800000-0.000000j,-0.317109+4.717840j,0.236710-4.235963j,39.370429
0.800000-0.000000j,-0.317109+4.717840j,0.236710-4.235963j,39.370429
0.800000-0.000000j,-0.317109+4.717840j,0.236710-4.235963j,39.370429
0.800000-0.000000j,-0.317109+4.717840j,0.236710-4.235963j,39.370429
0.800000-0.000000j,-0.317109+4.717840j,0.236710-4.235963j,39.370429
0.800000-0.000000j,-0.317109+4.717840j,0.236710-4.235963j,39.370429
0.800000-0.000000j,-0.317109+4.717840j,0.236710-4.235963j,39.370429
0.800000-0.000000j,-0.317109+4.717840j,0.236710-4.235963j,39.370429
0.800000-0.000000j,-0.317109+4.717840j,0.236710-4.235963j,39.370429
0.800000-0.000000j,-0.317109+4.717840j,0.236710-4.235963j,39.370429
0.800000-0.000000j,-0.317109+4.717840j,0.236710-4.235963j,39.370429
0.800000-0.000000j,-0.317109+4.717840j,0.236710-4.235963j,39.370429
0.800000-0.000000j,-0.317109+4.717840j,0.236710-4.235963j,39.370429
0.800000-0.000000j,-0.317109+4.717840j,0.236710-4.235963j,39.370429
0.800000-0.000000j,-0.317109+4.717840j,0.236710-4.235963j,39.370429
0.800000-0.000000j,-0.317109+4.717840j,0.236710-4.235963j,39.370429
0.800000-0.000000j,-0.317109+4.717840j,0.236710-4.235963j,39.370429
0.800000-0.000000j,-0.317109+4.717840j,0.236710-4.235963j,39.370429
0.800000-0.000000j,-0.317109+4.717840j,0.236710-4.235963j,39.370429
0.800000-0.000000j,-0.317109+4.717840j,0.236710-4.235963j,39.370429
0.800000-0.000000j,-0.317109+4.717840j,0.236710-4.235963j,39.370429
0.800000-0.000000j,-0.317109+4.717840j,0.236710-4.235963j,39.370429
0.800000-0.000000j,-0.317109+4.717840j,0.236710-4.235963j,39.370429
0.800000-0.000000j,-0.317109+4.717840j,0.236710-4.235963j,39.370429
0.800000-0.000000j,-0.317109+4.717840j,0.236710-4.235963j,39.370429
0.800000-0.000000j,-0.317109+4.717840j,0.236710-4.235963j,39.370429
0.800000-0.000000j,-0.317109+4.717840j,0.236710-4.235963j,39.370429
0.800000-0.000000j,-0.317109+4.717840j,0.236710-4.235963j,39.370429
0.800000-0.000000j,-0.317109+4.717840j,0.236710-4.235963j,39.370429
0.800000-0.000000j,-0.317109+4.717840j,0.236710-4.235963j,39.370429
0.800000-0.000000j,-0.317109+4.717840j,0.236710-4.235963j,39.370429
0.800000-0.000000j,-0.317109+4.717840j,0.236710-4.235963j,39.370429
0.800000-0.000000j,-0.317109+4.717840j,0.236710-4.235963j,39.370429
0.800000-0.000000j,-0.317109+4.717840j,0.236710-4.235963j,39.370429
0.800000-0.000000j,-0.317109+4.717840j,0.236710-4.235963j,39.370429
0.800000-0.000000j,-0.317109+4.717840j,0.236710-4.235963j,39.370429
0.800000-0.000000j,-0.317109+4.717840j,0.236710-4.235963j,39.370429
0.800000-0.000000j,-0.317109+4.717840j,0.236710-4.235963j,39.370429
0.800000-0.000000j,-0.317109+4.717840j,0.236710-4.235963j,39.370429
0.800000-0.000000j,-0.317109+4.717840j,0.236710-4.235963j,39.370429
0.800000-0.000000j,-0.317109+4.717840j,0.236710-4.235963j,39.370429
0.800000-0.000000j,-0.317109+4.717840j,0.236710-4.235963j,39.370429
0.800000-0.000000j,-0.317109+4.717840j,0.236710-4.235963j,39.370429
0.800000-0.000000j,-0.317109+4.717840j,0.236710-4.235963j,39.370429
0.800000-0.000000j,-0.317109+4.717840j,0.236710-4.235963j,39.370429
0.800000-0.000000j,-0.317109+4.717840j,0.236710-4.235963j,39.370429
0.800000-0.000000j,-0.317109+4.717840j,0.236710-4.235963j,39.370429
0.800000-0.000000j,-0.317109+4.717840j,0.236710-4.235963j,39.370429
0.800000-0.000000j,-0.317109+4.717840j,0.236710-4.235963j,39.370429
0.800000-0.000000j,-0.317109+4.717840j,0.236710-4.235963j,39.370429
0.800000-0.000000j,-0.317109+4.717840j,0.236710-4.235963j,39.370429
0.800000-0.000000j,-0.317109+4.717840j,0.236710-4.235963j,39.370429
0.800000-0.000000j,-0.317109+4.717840j,0.236710-4.235963j,39.370429
0.800000-0.000000j,-0.317109+4.717840j,0.236710-4.235963j,39.370429
0.800000-0.000000j,-0.317109+4.717840j,0.236710-4.235963j,39.370429
0.800000-0.000000j,-0.317109+4.717840j,0.236710-4.235963j,39.370429
0.800000-0.000000j,-0.317109+4.717840j,0.236710-4.235963j,39.370429
0.800000-0.000000j,-0.317109+4.717840j,0.236710-4.235963j,39.370429
0.800000-0.000000j,-0.317109+4.717840j,0.236710-4.235963j,39.370429
0.800000-0.000000j,-0.317109+4.717840j,0.236710-4.235963j,39.370429
0.800000-0.000000j,-0.317109+4.717840j,0.236710-4.235963j,39.370429
0.800000-0.000000j,-0.317109+4.717840j,0.236710-4.235963j,39.370429
0.800000-0.000000j,-0.317109+4.717840j,0.236710-4.235963j,39.370429
0.800000-0.000000j,-0.317109+4.717840j,0.236710-4.235963j,39.370429
0.800000-0.000000j,-0.317109+4.717840j,0.236710-4.235963j,39.370429
0.800000-0.000000j,-0.317109+4.717840j,0.236710-4.235963j,39.370429
0.800000-0.000000j,-0.317109+4.717840j,0.236710-4.235963j,39.370429
0.800000-0.000000j,-0.317109+4.717840j,0.236710-4.235963j,39.370429
0.800000-0.000000j,-0.317109+4.717840j,0.236710-4.235963j,39.370429
0.800000-0.000000j,-0.317109+4.717840j,0.236710-4.235963j,39.370429
0.800000-0.000000j,-0.317109+4.717840j,0.236710-4.235963j,39.370429
0.800000-0.000000j,-0.317109+4.717840j,0.236710-4.235963j,39.370429
0.800000-0.000000j,-0.317109+4.717840j,0.236710-4.235963j,39.370429
0.800000-0.000000j,-0.317109+4.717840j,0.236710-4.235963j,39.370429
0.800000-0.000000j,-0.317109+4.717840j,0.236710-4.235963j,39.370429
0.800000-0.000000j,-0.317109+4.717840j,0.236710-4.235963j,39.370429
0.800000-0.000000j,-0.317109+4.717840j,0.236710-4.235963j,39.370429
0.800000-0.000000j,-0.317109+4.717840j,0.236710-4.235963j,39.370429
0.800000-0.000000j,-0.317109+4.717840j,0.236710-4.235963j,39.370429
0.800000-0.000000j,-0.317109+4.717840j,0.236710-4.235963j,39.370429
0.800000-0.000000j,-0.317109+4.717840j,0.236710-4.235963j,39.370429
0.800000-0.000000j,-0.317109+4.717840j,0.236710-4.235963j,39.370429
0.800000-0.000000j,-0.317109+4.717840j,0.236710-4.235963j,39.370429
0.800000-0.000000j,-0.317109+4.717840j,0.236710-4.235963j,39.370429
0.800000-0.000000j,-0.317109+4.717840j,0.236710-4.235963j,39.370429
0.800000-0.000000j,-0.317109+4.717840j,0.236710-4.235963j,39.370429
0.800000-0.000000j,-0.317109+4.717840j,0.236710-4.235963j,39.370429
0.800000-0.000000j,-0.317109+4.717840j,0.236710-4.235963j,39.370429
0.800000-0.000000j,-0.317109+4.717840j,0.236710-4.235963j,39.370429
0.800000-0.000000j,-0.317109+4.717840j,0.236710-4.235963j,39.370429
0.800000-0.000000j,-0.317109+4.717840j,0.236710-4.235963j,39.370429
0.800000-0.000000j,-0.317109+4.717840j,0.236710-4.235963j,39.370429
0.800000-0.000000j,-0.317109+4.717840j,0.236710-4.235963j,39.370429
0.800000-0.000000j,-0.317109+4.717840j,0.236710-4.235963j,39.370429
0.800000-0.000000j,-0.317109+4.717840j,0.236710-4.235963j,39.370429
0.800000-0.000000j,-0.317109+4.717840j,0.236710-4.235963j,39.370429
0.800000-0.000000j,-0.317109+4.717840j,0.236710-4.235963j,39.370429
0.800000-0.000000j,-0.317109+4.717840j,0.236710-4.235963j,39.370429
0.800000-0.000000j,-0.317109+4.717840j,0.236710-4.235963j,39.370429
0.800000-0.000000j,-0.317109+4.717840j,0.236710-4.235963j,39.370429
0.800000-0.000000j,-0.317109+4.717840j,0.236710-4.235963j,39.370429
0.800000-0.000000j,-0.317109+4.717840j,0.236710-4.235963j,39.370429
0.800000-0.000000j,-0.317109+4.717840j,0.236710-4.235963j,39.370429
0.800000-0.000000j,-0.317109+4.717840j,0.236710-4.235963j,39.370429
0.800000-0.000000j,-0.317109+4.717840j,0.236710-4.235963j,39.370429
0.800000-0.000000j,-0.317109+4.717840j,0.236710-4.235963j,39.370429
0.800000-0.000000j,-0.317109+4.717840j,0.236710-4.235963j,39.370429
0.800000-0.000000j,-0.317109+4.717840j,0.236710-4.235963j,39.370429
0.800000-0.000000j,-0.317109+4.717840j,0.236710-4.235963j,39.370429
0.800000-0.000000j,-0.317109+4.717840j,0.236710-4.235963j,39.370429
0.800000-0.000000j,-0.317109+4.717840j,0.236710-4.235963j,39.370429
0.800000-0.000000j,-0.317109+4.717840j,0.236710-4.235963j,39.370429
0.800000-0.000000j,-0.317109+4.717840j,0.236710-4.235963j,39.370429
0.800000-0.000000j,-0.317109+4.717840j,0.236710-4.235963j,39.370429
0.800000-0.000000j,-0.317109+4.717840j,0.236710-4.235963j,39.370429
0.800000-0.000000j,-0.317109+4.717840j,0.236710-4.235963j,39.370429
0.800000-0.000000j,-0.317109+4.717840j,0.236710-4.235963j,39.370429
0.800000-0.000000j,-0.317109+4.717840j,0.236710-4.235963j,39.370429
0.800000-0.000000j,-0.317109+4.717840j,0.236710-4.235963j,39.370429
0.800000-0.000000j,-0.317109+4.717840j,0.236710-4.235963j,39.370429
0.800000-0.000000j,-0.317109+4.717840j,0.236710-4.235963j,39.370429
0.800000-0.000000j,-0.317109+4.717840j,0.236710-4.235963j,39.370429
0.800000-0.000000j,-0.317109+4.717840j,0.236710-4.235963j,39.370429
0.800000-0.000000j,-0.317109+4.717840j,0.236710-4.235963j,39.370429
0.800000-0.000000j,-0.317109+4.717840j,0.236710-4.235963j,39.370429
0.800000-0.000000j,-0.317109+4.717840j,0.236710-4.235963j,39.370429
0.800000-0.000000j,-0.317109+4.717840j,0.236710-4.235963j,39.370429
0.800000-0.000000j,-0.317109+4.717840j,0.236710-4.235963j,39.370429
0.800000-0.000000j,-0.317109+4.717840j,0.236710-4.235963j,39.370429
0.800000-0.000000j,-0.317109+4.717840j,0.236710-4.235963j,39.370429
0.800000-0.000000j,-0.317109+4.717840j,0.236710-4.235963j,39.370429
0.800000-0.000000j,-0.317109+4.717840j,0.236710-4.235963j,39.370429
0.800000-0.000000j,-0.317109+4.717840j,0.236710-4.235963j,39.370429
0.800000-0.000000j,-0.317109+4.717840j,0.236710-4.235963j,39.370429
0.800000-0.000000j,-0.317109+4.717840j,0.236710-4.235963j,39.370429
0.800000-0.000000j,-0.317109+4.717840j,0.236710-4.235963j,39.370429
0.800000-0.000000j,-0.317109+4.717840j,0.236710-4.235963j,39.370429
0.800000-0.000000j,-0.317109+4.717840j,0.236710-4.235963j,39.370429
0.800000-0.000000j,-0.317109+4.717840j,0.236710-4.235963j,39.370429
0.800000-0.000000j,-0.317109+4.717840j,0.236710-4.235963j,39.370429
0.800000-0.000000j,-0.317109+4.717840j,0.236710-4.235963j,39.370429
0.800000-0.000000j,-0.317109+4.717840j,0.236710-4.235963j,39.370429
0.800000-0.000000j,-0.317109+4.717840j,0.236710-4.235963j,39.370429
0.800000-0.000000j,-0.317109+4.717840j,0.236710-4.235963j,39.370429
0.800000-0.000000j,-0.317109+4.717840j,0.236710-4.235963j,39.370429
0.800000-0.000000j,-0.317109+4.717840j,0.236710-4.235963j,39.370429
0.800000-0.000000j,-0.317109+4.717840j,0.236710-4.235963j,39.370429
0.800000-0.000000j,-0.317109+4.717840j,0.236710-4.235963j,39.370429
0.800000-0.000000j,-0.317109+4.717840j,0.236710-4.235963j,39.370429
0.800000-0.000000j,-0.317109+4.717840j,0.236710-4.235963j,39.370429
0.800000-0.000000j,-0.317109+4.717840j,0.236710-4.235963j,39.370429
0.800000-0.000000j,-0.317109+4.717840j,0.236710-4.235963j,39.370429
0.800000-0.000000j,-0.317109+4.717840j,0.236710-4.235963j,39.370429
0.800000-0.000000j,-0.317109+4.717840j,0.236710-4.235963j,39.370429
0.800000-0.000000j,-0.317109+4.717840j,0.236710-4.235963j,39.370429
0.800000-0.000000j,-0.317109+4.717840j,0.236710-4.235963j,39.370429
0.800000-0.000000j,-0.317109+4.717840j,0.236710-4.235963j,39.370429
0.800000-0.000000j,-0.317109+4.717840j,0.236710-4.235963j,39.370429
0.800000-0.000000j,-0.317109+4.717840j,0.236710-4.235963j,39.370429
0.800000-0.000000j,-0.317109+4.717840j,0.236710-4.235963j,39.370429
0.800000-0.000000j,-0.317109+4.717840j,0.236710-4.235963j,39.370429
0.800000-0.000000j,-0.317109+4.717840j,0.236710-4.235963j,39.370429
0.800000-0.000000j,-0.317109+4.717840j,0.236710-4.235963j,39.370429
0.800000-0.000000j,-0.317109+4.717840j,0.236710-4.235963j,39.370429
0.800000-0.000000j,-0.317109+4.717840j,0.236710-4.235963j,39.370429
0.800000-0.000000j,-0.317109+4.717840j,0.236710-4.235963j,39.370429
0.800000-0.000000j,-0.317109+4.717840j,0.236710-4.235963j,39.370429
0.800000-0.000000j,-0.317109+4.717840j,0.236710-4.235963j,39.370429
0.800000-0.000000j,-0.317109+4.717840j,0.236710-4.235963j,39.370429
0.800000-0.000000j,-0.317109+4.717840j,0.236710-4.235963j,39.370429
0.800000-0.000000j,-0.317109+4.717840j,0.236710-4.235963j,39.370429
0.800000-0.000000j,-0.317109+4.717840j,0.236710-4.235963j,39.370429
0.800000-0.000000j,-0.317109+4.717840j,0.236710-4.235963j,39.370429
0.800000-0.000000j,-0.317109+4.717840j,0.236710-4.235963j,39.370429
0.800000-0.000000j,-0.317109+4.717840j,0.236710-4.235963j,39.370429
0.800000-0.000000j,-0.317109+4.717840j,0.236710-4.235963j,39.370429
0.800000-0.000000j,-0.317109+4.717840j,0.236710-4.235963j,39.370429
0.800000-0.000000j,-0.317109+4.717840j,0.236710-4.235963j,39.370429
0.800000-0.000000j,-0.317109+4.717840j,0.236710-4.235963j,39.370429
0.800000-0.000000j,-0.317109+4.717840j,0.236710-4.235963j,39.370429
0.800000-0.000000j,-0.317109+4.717840j,0.236710-4.235963j,39.370429
0.800000-0.000000j,-0.317109+4.717840j,0.236710-4.235963j,39.370429
0.800000-0.000000j,-0.317109+4.717840j,0.236710-4.235963j,39.370429
0.800000-0.000000j,-0.317109+4.717840j,0.236710-4.235963j,39.370429
0.800000-0.000000j,-0.317109+4.717840j,0.236710-4.235963j,39.370429
0.800000-0.000000j,-0.317109+4.717840j,0.236710-4.235963j,39.370429
0.800000-0.000000j,-0.317109+4.717840j,0.236710-4.235963j,39.370429
0.800000-0.000000j,-0.317109+4.717840j,0.236710-4.235963j,39.370429
0.800000-0.000000j,-0.317109+4.717840j,0.236710-4.235963j,39.370429
0.800000-0.000000j,-0.317109+4.717840j,0.236710-4.235963j,39.370429
0.800000-0.000000j,-0.317109+4.717840j,0.236710-4.235963j,39.370429
0.800000-0.000000j,-0.317109+4.717840j,0.236710-4.235963j,39.370429
0.800000-0.000000j,-0.317109+4.717840j,0.236710-4.235963j,39.370429
0.800000-0.000000j,-0.317109+4.717840j,0.236710-4.235963j,39.370429
0.800000-0.000000j,-0.317109+4.717840j,0.236710-4.235963j,39.370429
0.800000-0.000000j,-0.317109+4.717840j,0.236710-4.235963j,39.370429
0.800000-0.000000j,-0.317109+4.717840j,0.236710-4.235963j,39.370429
0.800000-0.000000j,-0.317109+4.717840j,0.236710-4.235963j,39.370429
0.800000-0.000000j,-0.317109+4.717840j,0.236710-4.235963j,39.370429
0.800000-0.000000j,-0.317109+4.717840j,0.236710-4.235963j,39.370429
0.800000-0.000000j,-0.317109+4.717840j,0.236710-4.235963j,39.370429
0.800000-0.000000j,-0.317109+4.717840j,0.236710-4.235963j,39.370429
0.800000-0.000000j,-0.317109+4.717840j,0.236710-4.235963j,39.370429
0.800000-0.000000j,-0.317109+4.717840j,0.236710-4.235963j,39.370429
0.800000-0.000000j,-0.317109+4.717840j,0.236710-4.235963j,39.370429
0.800000-0.000000j,-0.317109+4.717840j,0.236710-4.235963j,39.370429
0.800000-0.000000j,-0.317109+4.717840j,0.236710-4.235963j,39.370429
0.800000-0.000000j,-0.317109+4.717840j,0.236710-4.235963j,39.370429
0.800000-0.000000j,-0.317109+4.717840j,0.236710-4.235963j,39.370429
0.800000-0.000000j,-0.317109+4.717840j,0.236710-4.235963j,39.370429
0.800000-0.000000j,-0.317109+4.717840j,0.236710-4.235963j,39.370429
0.800000-0.000000j,-0.317109+4.717840j,0.236710-4.235963j,39.370429
0.800000-0.000000j,-0.317109+4.717840j,0.236710-4.235963j,39.370429
0.800000-0.000000j,-0.317109+4.717840j,0.236710-4.235963j,39.370429
0.800000-0.000000j,-0.317109+4.717840j,0.236710-4.235963j,39.370429
0.800000-0.000000j,-0.317109+4.717840j,0.236710-4.235963j,39.370429
0.800000-0.000000j,-0.317109+4.717840j,0.236710-4.235963j,39.370429
0.800000-0.000000j,-0.317109+4.717840j,0.236710-4.235963j,39.370429
0.800000-0.000000j,-0.317109+4.717840j,0.236710-4.235963j,39.370429
0.800000-0.000000j,-0.317109+4.717840j,0.236710-4.235963j,39.370429
0.800000-0.000000j,-0.317109+4.717840j,0.236710-4.235963j,39.370429
0.800000-0.000000j,-0.317109+4.717840j,0.236710-4.235963j,39.370429
0.800000-0.000000j,-0.317109+4.717840j,0.236710-4.235963j,39.370429
0.800000-0.000000j,-0.317109+4.717840j,0.236710-4.235963j,39.370429
0.800000-0.000000j,-0.317109+4.717840j,0.236710-4.235963j,39.370429
0.800000-0.000000j,-0.317109+4.717840j,0.236710-4.235963j,39.370429
0.800000-0.000000j,-0.317109+4.717840j,0.236710-4.235963j,39.370429
0.800000-0.000000j,-0.317109+4.717840j,0.236710-4.235963j,39.370429
0.800000-0.000000j,-0.317109+4.717840j,0.236710-4.235963j,39.370429
0.800000-0.000000j,-0.317109+4.717840j,0.236710-4.235963j,39.370429
0.800000-0.000000j,-0.317109+4.717840j,0.236710-4.235963j,39.370429
0.800000-0.000000j,-0.317109+4.717840j,0.236710-4.235963j,39.370429
0.800000-0.000000j,-0.317109+4.717840j,0.236710-4.235963j,39.370429
0.800000-0.000000j,-0.317109+4.717840j,0.236710-4.235963j,39.370429
0.800000-0.000000j,-0.317109+4.717840j,0.236710-4.235963j,39.370429
0.800000-0.000000j,-0.317109+4.717840j,0.236710-4.235963j,39.370429
0.800000-0.000000j,-0.317109+4.717840j,0.236710-4.235963j,39.370429
0.800000-0.000000j,-0.317109+4.717840j,0.236710-4.235963j,39.370429
0.800000-0.000000j,-0.317109+4.717840j,0.236710-4.235963j,39.370429
0.800000-0.000000j,-0.317109+4.717840j,0.236710-4.235963j,39.370429
0.800000-0.000000j,-0.317109+4.717840j,0.236710-4.235963j,39.370429
0.800000-0.000000j,-0.317109+4.717840j,0.236710-4.235963j,39.370429
0.800000-0.000000j,-0.317109+4.717840j,0.236710-4.235963j,39.370429
0.800000-0.000000j,-0.317109+4.717840j,0.236710-4.235963j,39.370429
0.800000-0.000000j,-0.317109+4.717840j,0.236710-4.235963j,39.370429
0.800000-0.000000j,-0.317109+4.717840j,0.236710-4.235963j,39.370429
0.800000-0.000000j,-0.317109+4.717840j,0.236710-4.235963j,39.370429
0.800000-0.000000j,-0.317109+4.717840j,0.236710-4.235963j,39.370429
0.800000-0.000000j,-0.317109+4.717840j,0.236710-4.235963j,39.370429
0.800000-0.000000j,-0.317109+4.717840j,0.236710-4.235963j,39.370429
0.800000-0.000000j,-0.317109+4.717840j,0.236710-4.235963j,39.370429
0.800000-0.000000j,-0.317109+4.717840j,0.236710-4.235963j,39.370429
0.800000-0.000000j,-0.317109+4.717840j,0.236710-4.235963j,39.370429
0.800000-0.000000j,-0.317109+4.717840j,0.236710-4.235963j,39.370429
0.800000-0.000000j,-0.317109+4.717840j,0.236710-4.235963j,39.370429
0.800000-0.000000j,-0.317109+4.717840j,0.236710-4.235963j,39.370429
0.800000-0.000000j,-0.317109+4.717840j,0.236710-4.235963j,39.370429
0.800000-0.000000j,-0.317109+4.717840j,0.236710-4.235963j,39.370429
0.800000-0.000000j,-0.317109+4.717840j,0.236710-4.235963j,39.370429
0.800000-0.000000j,-0.317109+4.717840j,0.236710-4.235963j,39.370429
0.800000-0.000000j,-0.317109+4.717840j,0.236710-4.235963j,39.370429
0.800000-0.000000j,-0.317109+4.717840j,0.236710-4.235963j,39.370429
0.800000-0.000000j,-0.317109+4.717840j,0.236710-4.235963j,39.370429
0.800000-0.000000j,-0.317109+4.717840j,0.236710-4.235963j,39.370429
0.800000-0.000000j,-0.317109+4.717840j,0.236710-4.235963j,39.370429
0.800000-0.000000j,-0.317109+4.717840j,0.236710-4.235963j,39.370429
0.800000-0.000000j,-0.317109+4.717840j,0.236710-4.235963j,39.370429
0.800000-0.000000j,-0.317109+4.717840j,0.236710-4.235963j,39.370429
0.800000-0.000000j,-0.317109+4.717840j,0.236710-4.235963j,39.370429
0.800000-0.000000j,-0.317109+4.717840j,0.236710-4.235963j,39.370429
0.800000-0.000000j,-0.317109+4.717840j,0.236710-4.235963j,39.370429
0.800000-0.000000j,-0.317109+4.717840j,0.236710-4.235963j,39.370429
0.800000-0.000000j,-0.317109+4.717840j,0.236710-4.235963j,39.370429
0.800000-0.000000j,-0.317109+4.717840j,0.236710-4.235963j,39.370429
0.800000-0.000000j,-0.317109+4.717840j,0.236710-4.235963j,39.370429
0.800000-0.000000j,-0.317109+4.717840j,0.236710-4.235963j,39.370429
0.800000-0.000000j,-0.317109+4.717840j,0.236710-4.235963j,39.370429
0.800000-0.000000j,-0.317109+4.717840j,0.236710-4.235963j,39.370429
0.800000-0.000000j,-0.317109+4.717840j,0.236710-4.235963j,39.370429
0.800000-0.000000j,-0.317109+4.717840j,0.236710-4.235963j,39.370429
0.800000-0.000000j,-0.317109+4.717840j,0.236710-4.235963j,39.370429
0.800000-0.000000j,-0.317109+4.717840j,0.236710-4.235963j,39.370429
0.800000-0.000000j,-0.317109+4.717840j,0.236710-4.235963j,39.370429
0.800000-0.000000j,-0.317109+4.717840j,0.236710-4.235963j,39.370429
0.800000-0.000000j,-0.317109+4.717840j,0.236710-4.235963j,39.370429
0.800000-0.000000j,-0.317109+4.717840j,0.236710-4.235963j,39.370429
0.800000-0.000000j,-0.317109+4.717840j,0.236710-4.235963j,39.370429
0.800000-0.000000j,-0.317109+4.717840j,0.236710-4.235963j,39.370429
0.800000-0.000000j,-0.317109+4.717840j,0.236710-4.235963j,39.370429
0.800000-0.000000j,-0.317109+4.717840j,0.236710-4.235963j,39.370429
0.800000-0.000000j,-0.317109+4.717840j,0.236710-4.235963j,39.370429
0.800000-0.000000j,-0.317109+4.717840j,0.236710-4.235963j,39.370429
0.800000-0.000000j,-0.317109+4.717840j,0.236710-4.235963j,39.370429
0.800000-0.000000j,-0.317109+4.717840j,0.236710-4.235963j,39.370429
0.800000-0.000000j,-0.317109+4.717840j,0.236710-4.235963j,39.370429
0.800000-0.000000j,-0.317109+4.717840j,0.236710-4.235963j,39.370429
0.800000-0.000000j,-0.317109+4.717840j,0.236710-4.235963j,39.370429
0.800000-0.000000j,-0.317109+4.717840j,0.236710-4.235963j,39.370429
0.800000-0.000000j,-0.317109+4.717840j,0.236710-4.235963j,39.370429
0.800000-0.000000j,-0.317109+4.717840j,0.236710-4.235963j,39.370429
0.800000-0.000000j,-0.317109+4.717840j,0.236710-4.235963j,39.370429
0.800000-0.000000j,-0.317109+4.717840j,0.236710-4.235963j,39.370429
0.800000-0.000000j,-0.317109+4.717840j,0.236710-4.235963j,39.370429
0.800000-0.000000j,-0.317109+4.717840j,0.236710-4.235963j,39.370429
0.800000-0.000000j,-0.317109+4.717840j,0.236710-4.235963j,39.370429
0.800000-0.000000j,-0.317109+4.717840j,0.236710-4.235963j,39.370429
0.800000-0.000000j,-0.317109+4.717840j,0.236710-4.235963j,39.370429
0.800000-0.000000j,-0.317109+4.717840j,0.236710-4.235963j,39.370429
0.800000-0.000000j,-0.317109+4.717840j,0.236710-4.235963j,39.370429
0.800000-0.000000j,-0.317109+4.717840j,0.236710-4.235963j,39.370429
0.800000-0.000000j,-0.317109+4.717840j,0.236710-4.235963j,39.370429
0.800000-0.000000j,-0.317109+4.717840j,0.236710-4.235963j,39.370429
0.800000-0.000000j,-0.317109+4.717840j,0.236710-4.235963j,39.370429
0.800000-0.000000j,-0.317109+4.717840j,0.236710-4.235963j,39.370429
0.800000-0.000000j,-0.317109+4.717840j,0.236710-4.235963j,39.370429
0.800000-0.000000j,-0.317109+4.717840j,0.236710-4.235963j,39.370429
0.800000-0.000000j,-0.317109+4.717840j,0.236710-4.235963j,39.370429
0.800000-0.000000j,-0.317109+4.717840j,0.236710-4.235963j,39.370429
0.800000-0.000000j,-0.317109+4.717840j,0.236710-4.235963j,39.370429
0.800000-0.000000j,-0.317109+4.717840j,0.236710-4.235963j,39.370429
0.800000-0.000000j,-0.317109+4.717840j,0.236710-4.235963j,39.370429
0.800000-0.000000j,-0.317109+4.717840j,0.236710-4.235963j,39.370429
0.800000-0.000000j,-0.317109+4.717840j,0.236710-4.235963j,39.370429
0.800000-0.000000j,-0.317109+4.717840j,0.236710-4.235963j,39.370429
0.800000-0.000000j,-0.317109+4.717840j,0.236710-4.235963j,39.370429
0.800000-0.000000j,-0.317109+4.717840j,0.236710-4.235963j,39.370429
0.800000-0.000000j,-0.317109+4.717840j,0.236710-4.235963j,39.370429
0.800000-0.000000j,-0.317109+4.717840j,0.236710-4.235963j,39.370429
0.800000-0.000000j,-0.317109+4.717840j,0.236710-4.235963j,39.370429
0.800000-0.000000j,-0.317109+4.717840j,0.236710-4.235963j,39.370429
0.800000-0.000000j,-0.317109+4.717840j,0.236710-4.235963j,39.370429
0.800000-0.000000j,-0.317109+4.717840j,0.236710-4.235963j,39.370429
0.800000-0.000000j,-0.317109+4.717840j,0.236710-4.235963j,39.370429
0.800000-0.000000j,-0.317109+4.717840j,0.236710-4.235963j,39.370429
0.800000-0.000000j,-0.317109+4.717840j,0.236710-4.235963j,39.370429
0.800000-0.000000j,-0.317109+4.717840j,0.236710-4.235963j,39.370429
0.800000-0.000000j,-0.317109+4.717840j,0.236710-4.235963j,39.370429
0.800000-0.000000j,-0.317109+4.717840j,0.236710-4.235963j,39.370429
0.800000-0.000000j,-0.317109+4.717840j,0.236710-4.235963j,39.370429
0.800000-0.000000j,-0.317109+4.717840j,0.236710-4.235963j,39.370429
0.800000-0.000000j,-0.317109+4.717840j,0.236710-4.235963j,39.370429
0.800000-0.000000j,-0.317109+4.717840j,0.236710-4.235963j,39.370429
0.800000-0.000000j,-0.317109+4.717840j,0.236710-4.235963j,39.370429
0.800000-0.000000j,-0.317109+4.717840j,0.236710-4.235963j,39.370429
0.800000-0.000000j,-0.317109+4.717840j,0.236710-4.235963j,39.370429
0.800000-0.000000j,-0.317109+4.717840j,0.236710-4.235963j,39.370429
0.800000-0.000000j,-0.317109+4.717840j,0.236710-4.235963j,39.370429
0.800000-0.000000j,-0.317109+4.717840j,0.236710-4.235963j,39.370429
0.800000-0.000000j,-0.317109+4.717840j,0.236710-4.235963j,39.370429
0.800000-0.000000j,-0.317109+4.717840j,0.236710-4.235963j,39.370429
0.800000-0.000000j,-0.317109+4.717840j,0.236710-4.235963j,39.370429
0.800000-0.000000j,-0.317109+4.717840j,0.236710-4.235963j,39.370429
0.800000-0.000000j,-0.317109+4.717840j,0.236710-4.235963j,39.370429
0.800000-0.000000j,-0.317109+4.717840j,0.236710-4.235963j,39.370429
0.800000-0.000000j,-0.317109+4.717840j,0.236710-4.235963j,39.370429
0.800000-0.000000j,-0.317109+4.717840j,0.236710-4.235963j,39.370429
0.800000-0.000000j,-0.317109+4.717840j,0.236710-4.235963j,39.370429
0.800000-0.000000j,-0.317109+4.717840j,0.236710-4.235963j,39.370429
0.800000-0.000000j,-0.317109+4.717840j,0.236710-4.235963j,39.370429
0.800000-0.000000j,-0.317109+4.717840j,0.236710-4.235963j,39.370429
0.800000-0.000000j,-0.317109+4.717840j,0.236710-4.235963j,39.370429
0.800000-0.000000j,-0.317109+4.717840j,0.236710-4.235963j,39.370429
0.800000-0.000000j,-0.317109+4.717840j,0.236710-4.235963j,39.370429
0.800000-0.000000j,-0.317109+4.717840j,0.236710-4.235963j,39.370429
0.800000-0.000000j,-0.317109+4.717840j,0.236710-4.235963j,39.370429
0.800000-0.000000j,-0.317109+4.717840j,0.236710-4.235963j,39.370429
0.800000-0.000000j,-0.317109+4.717840j,0.236710-4.235963j,39.370429
0.800000-0.000000j,-0.317109+4.717840j,0.236710-4.235963j,39.370429
0.800000-0.000000j,-0.317109+4.717840j,0.236710-4.235963j,39.370429
0.800000-0.000000j,-0.317109+4.717840j,0.236710-4.235963j,39.370429
0.800000-0.000000j,-0.317109+4.717840j,0.236710-4.235963j,39.370429
0.800000-0.000000j,-0.317109+4.717840j,0.236710-4.235963j,39.370429
0.800000-0.000000j,-0.317109+4.717840j,0.236710-4.235963j,39.370429
0.800000-0.000000j,-0.317109+4.717840j,0.236710-4.235963j,39.370429
0.800000-0.000000j,-0.317109+4.717840j,0.236710-4.235963j,39.370429
0.800000-0.000000j,-0.317109+4.717840j,0.236710-4.235963j,39.370429
0.800000-0.000000j,-0.317109+4.717840j,0.236710-4.235963j,39.370429
0.800000-0.000000j,-0.317109+4.717840j,0.236710-4.235963j,39.370429
0.800000-0.000000j,-0.317109+4.717840j,0.236710-4.235963j,39.370429
0.800000-0.000000j,-0.317109+4.717840j,0.236710-4.235963j,39.370429
0.800000-0.000000j,-0.317109+4.717840j,0.236710-4.235963j,39.370429
0.800000-0.000000j,-0.317109+4.717840j,0.236710-4.235963j,39.370429
0.800000-0.000000j,-0.317109+4.717840j,0.236710-4.235963j,39.370429
0.800000-0.000000j,-0.317109+4.717840j,0.236710-4.235963j,39.370429
0.800000-0.000000j,-0.317109+4.717840j,0.236710-4.235963j,39.370429
0.800000-0.000000j,-0.317109+4.717840j,0.236710-4.235963j,39.370429
0.800000-0.000000j,-0.317109+4.717840j,0.236710-4.235963j,39.370429
0.800000-0.000000j,-0.317109+4.717840j,0.236710-4.235963j,39.370429
0.800000-0.000000j,-0.317109+4.717840j,0.236710-4.235963j,39.370429
0.800000-0.000000j,-0.317109+4.717840j,0.236710-4.235963j,39.370429
0.800000-0.000000j,-0.317109+4.717840j,0.236710-4.235963j,39.370429
0.800000-0.000000j,-0.317109+4.717840j,0.236710-4.235963j,39.370429
0.800000-0.000000j,-0.317109+4.717840j,0.236710-4.235963j,39.370429
0.800000-0.000000j,-0.317109+4.717840j,0.236710-4.235963j,39.370429
0.800000-0.000000j,-0.317109+4.717840j,0.236710-4.235963j,39.370429
0.800000-0.000000j,-0.317109+4.717840j,0.236710-4.235963j,39.370429
0.800000-0.000000j,-0.317109+4.717840j,0.236710-4.235963j,39.370429
0.800000-0.000000j,-0.317109+4.717840j,0.236710-4.235963j,39.370429
0.800000-0.000000j,-0.317109+4.717840j,0.236710-4.235963j,39.370429
0.800000-0.000000j,-0.317109+4.717840j,0.236710-4.235963j,39.370429
0.800000-0.000000j,-0.317109+4.717840j,0.236710-4.235963j,39.370429
0.800000-0.000000j,-0.317109+4.717840j,0.236710-4.235963j,39.370429
0.800000-0.000000j,-0.317109+4.717840j,0.236710-4.235963j,39.370429
0.800000-0.000000j,-0.317109+4.717840j,0.236710-4.235963j,39.370429
0.800000-0.000000j,-0.317109+4.717840j,0.236710-4.235963j,39.370429
0.800000-0.000000j,-0.317109+4.717840j,0.236710-4.235963j,39.370429
0.800000-0.000000j,-0.317109+4.717840j,0.236710-4.235963j,39.370429
0.800000-0.000000j,-0.317109+4.717840j,0.236710-4.235963j,39.370429
0.800000-0.000000j,-0.317109+4.717840j,0.236710-4.235963j,39.370429
0.800000-0.000000j,-0.317109+4.717840j,0.236710-4.235963j,39.370429
0.800000-0.000000j,-0.317109+4.717840j,0.236710-4.235963j,39.370429
0.800000-0.000000j,-0.317109+4.717840j,0.236710-4.235963j,39.370429
0.800000-0.000000j,-0.317109+4.717840j,0.236710-4.235963j,39.370429
0.800000-0.000000j,-0.317109+4.717840j,0.236710-4.235963j,39.370429
0.800000-0.000000j,-0.317109+4.717840j,0.236710-4.235963j,39.370429
0.800000-0.000000j,-0.317109+4.717840j,0.236710-4.235963j,39.370429
0.800000-0.000000j,-0.317109+4.717840j,0.236710-4.235963j,39.370429
0.800000-0.000000j,-0.317109+4.717840j,0.236710-4.235963j,39.370429
0.800000-0.000000j,-0.317109+4.717840j,0.236710-4.235963j,39.370429
0.800000-0.000000j,-0.317109+4.717840j,0.236710-4.235963j,39.370429
0.800000-0.000000j,-0.317109+4.717840j,0.236710-4.235963j,39.370429
0.800000-0.000000j,-0.317109+4.717840j,0.236710-4.235963j,39.370429
0.800000-0.000000j,-0.317109+4.717840j,0.236710-4.235963j,39.370429
0.800000-0.000000j,-0.317109+4.717840j,0.236710-4.235963j,39.370429
0.800000-0.000000j,-0.317109+4.717840j,0.236710-4.235963j,39.370429
0.800000-0.000000j,-0.317109+4.717840j,0.236710-4.235963j,39.370429
0.800000-0.000000j,-0.317109+4.717840j,0.236710-4.235963j,39.370429
0.800000-0.000000j,-0.317109+4.717840j,0.236710-4.235963j,39.370429
0.800000-0.000000j,-0.317109+4.717840j,0.236710-4.235963j,39.370429
0.800000-0.000000j,-0.317109+4.717840j,0.236710-4.235963j,39.370429
0.800000-0.000000j,-0.317109+4.717840j,0.236710-4.235963j,39.370429
0.800000-0.000000j,-0.317109+4.717840j,0.236710-4.235963j,39.370429
0.800000-0.000000j,-0.317109+4.717840j,0.236710-4.235963j,39.370429
0.800000-0.000000j,-0.317109+4.717840j,0.236710-4.235963j,39.370429
0.800000-0.000000j,-0.317109+4.717840j,0.236710-4.235963j,39.370429
0.800000-0.000000j,-0.317109+4.717840j,0.236710-4.235963j,39.370429
0.800000-0.000000j,-0.317109+4.717840j,0.236710-4.235963j,39.370429
0.800000-0.000000j,-0.317109+4.717840j,0.236710-4.235963j,39.370429
0.800000-0.000000j,-0.317109+4.717840j,0.236710-4.235963j,39.370429
0.800000-0.000000j,-0.317109+4.717840j,0.236710-4.235963j,39.370429
0.800000-0.000000j,-0.317109+4.717840j,0.236710-4.235963j,39.370429
0.800000-0.000000j,-0.317109+4.717840j,0.236710-4.235963j,39.370429
0.800000-0.000000j,-0.317109+4.717840j,0.236710-4.235963j,39.370429
0.800000-0.000000j,-0.317109+4.717840j,0.236710-4.235963j,39.370429
0.800000-0.000000j,-0.317109+4.717840j,0.236710-4.235963j,39.370429
0.800000-0.000000j,-0.317109+4.717840j,0.236710-4.235963j,39.370429
0.800000-0.000000j,-0.317109+4.717840j,0.236710-4.235963j,39.370429
0.800000-0.000000j,-0.317109+4.717840j,0.236710-4.235963j,39.370429
0.800000-0.000000j,-0.317109+4.717840j,0.236710-4.235963j,39.370429
0.800000-0.000000j,-0.317109+4.717840j,0.236710-4.235963j,39.370429
0.800000-0.000000j,-0.317109+4.717840j,0.236710-4.235963j,39.370429
0.800000-0.000000j,-0.317109+4.717840j,0.236710-4.235963j,39.370429
0.800000-0.000000j,-0.317109+4.717840j,0.236710-4.235963j,39.370429
0.800000-0.000000j,-0.317109+4.717840j,0.236710-4.235963j,39.370429
0.800000-0.000000j,-0.317109+4.717840j,0.236710-4.235963j,39.370429
0.800000-0.000000j,-0.317109+4.717840j,0.236710-4.235963j,39.370429
0.800000-0.000000j,-0.317109+4.717840j,0.236710-4.235963j,39.370429
0.800000-0.000000j,-0.317109+4.717840j,0.236710-4.235963j,39.370429
0.800000-0.000000j,-0.317109+4.717840j,0.236710-4.235963j,39.370429
0.800000-0.000000j,-0.317109+4.717840j,0.236710-4.235963j,39.370429
0.800000-0.000000j,-0.317109+4.717840j,0.236710-4.235963j,39.370429
0.800000-0.000000j,-0.317109+4.717840j,0.236710-4.235963j,39.370429
0.800000-0.000000j,-0.317109+4.717840j,0.236710-4.235963j,39.370429
0.800000-0.000000j,-0.317109+4.717840j,0.236710-4.235963j,39.370429
0.800000-0.000000j,-0.317109+4.717840j,0.236710-4.235963j,39.370429
0.800000-0.000000j,-0.317109+4.717840j,0.236710-4.235963j,39.370429
0.800000-0.000000j,-0.317109+4.717840j,0.236710-4.235963j,39.370429
0.800000-0.000000j,-0.317109+4.717840j,0.236710-4.235963j,39.370429
0.800000-0.000000j,-0.317109+4.717840j,0.236710-4.235963j,39.370429
0.800000-0.000000j,-0.317109+4.717840j,0.236710-4.235963j,39.370429
0.800000-0.000000j,-0.317109+4.717840j,0.236710-4.235963j,39.370429
0.800000-0.000000j,-0.317109+4.717840j,0.236710-4.235963j,39.370429
0.800000-0.000000j,-0.317109+4.717840j,0.236710-4.235963j,39.370429
0.800000-0.000000j,-0.317109+4.717840j,0.236710-4.235963j,39.370429
0.800000-0.000000j,-0.317109+4.717840j,0.236710-4.235963j,39.370429
0.800000-0.000000j,-0.317109+4.717840j,0.236710-4.235963j,39.370429
0.800000-0.000000j,-0.317109+4.717840j,0.236710-4.235963j,39.370429
0.800000-0.000000j,-0.317109+4.717840j,0.236710-4.235963j,39.370429
0.800000-0.000000j,-0.317109+4.717840j,0.236710-4.235963j,39.370429
0.800000-0.000000j,-0.317109+4.717840j,0.236710-4.235963j,39.370429
0.800000-0.000000j,-0.317109+4.717840j,0.236710-4.235963j,39.370429
0.800000-0.000000j,-0.317109+4.717840j,0.236710-4.235963j,39.370429
0.800000-0.000000j,-0.317109+4.717840j,0.236710-4.235963j,39.370429
0.800000-0.000000j,-0.317109+4.717840j,0.236710-4.235963j,39.370429
0.800000-0.000000j,-0.317109+4.717840j,0.236710-4.235963j,39.370429
0.800000-0.000000j,-0.317109+4.717840j,0.236710-4.235963j,39.370429
0.800000-0.000000j,-0.317109+4.717840j,0.236710-4.235963j,39.370429
0.800000-0.000000j,-0.317109+4.717840j,0.236710-4.235963j,39.370429
0.800000-0.000000j,-0.317109+4.717840j,0.236710-4.235963j,39.370429
0.800000-0.000000j,-0.317109+4.717840j,0.236710-4.235963j,39.370429
0.800000-0.000000j,-0.317109+4.717840j,0.236710-4.235963j,39.370429
0.800000-0.000000j,-0.317109+4.717840j,0.236710-4.235963j,39.370429
0.800000-0.000000j,-0.317109+4.717840j,0.236710-4.235963j,39.370429
0.800000-0.000000j,-0.317109+4.717840j,0.236710-4.235963j,39.370429
0.800000-0.000000j,-0.317109+4.717840j,0.236710-4.235963j,39.370429
0.800000-0.000000j,-0.317109+4.717840j,0.236710-4.235963j,39.370429
0.800000-0.000000j,-0.317109+4.717840j,0.236710-4.235963j,39.370429
0.800000-0.000000j,-0.317109+4.717840j,0.236710-4.235963j,39.370429
0.800000-0.000000j,-0.317109+4.717840j,0.236710-4.235963j,39.370429
0.800000-0.000000j,-0.317109+4.717840j,0.236710-4.235963j,39.370429
0.800000-0.000000j,-0.317109+4.717840j,0.236710-4.235963j,39.370429
0.800000-0.000000j,-0.317109+4.717840j,0.236710-4.235963j,39.370429
0.800000-0.000000j,-0.317109+4.717840j,0.236710-4.235963j,39.370429
0.800000-0.000000j,-0.317109+4.717840j,0.236710-4.235963j,39.370429
0.800000-0.000000j,-0.317109+4.717840j,0.236710-4.235963j,39.370429
0.800000-0.000000j,-0.317109+4.717840j,0.236710-4.235963j,39.370429
0.800000-0.000000j,-0.317109+4.717840j,0.236710-4.235963j,39.370429
0.800000-0.000000j,-0.317109+4.717840j,0.236710-4.235963j,39.370429
0.800000-0.000000j,-0.317109+4.717840j,0.236710-4.235963j,39.370429
0.800000-0.000000j,-0.317109+4.717840j,0.236710-4.235963j,39.370429
0.800000-0.000000j,-0.317109+4.717840j,0.236710-4.235963j,39.370429
0.800000-0.000000j,-0.317109+4.717840j,0.236710-4.235963j,39.370429
0.800000-0.000000j,-0.317109+4.717840j,0.236710-4.235963j,39.370429
0.800000-0.000000j,-0.317109+4.717840j,0.236710-4.235963j,39.370429
0.800000-0.000000j,-0.317109+4.717840j,0.236710-4.235963j,39.370429
0.800000-0.000000j,-0.317109+4.717840j,0.236710-4.235963j,39.370429
0.800000-0.000000j,-0.317109+4.717840j,0.236710-4.235963j,39.370429
0.800000-0.000000j,-0.317109+4.717840j,0.236710-4.235963j,39.370429
0.800000-0.000000j,-0.317109+4.717840j,0.236710-4.235963j,39.370429
0.800000-0.000000j,-0.317109+4.717840j,0.236710-4.235963j,39.370429
0.800000-0.000000j,-0.317109+4.717840j,0.236710-4.235963j,39.370429
0.800000-0.000000j,-0.317109+4.717840j,0.236710-4.235963j,39.370429
0.800000-0.000000j,-0.317109+4.717840j,0.236710-4.235963j,39.370429
0.800000-0.000000j,-0.317109+4.717840j,0.236710-4.235963j,39.370429
0.800000-0.000000j,-0.317109+4.717840j,0.236710-4.235963j,39.370429
0.800000-0.000000j,-0.317109+4.717840j,0.236710-4.235963j,39.370429
0.800000-0.000000j,-0.317109+4.717840j,0.236710-4.235963j,39.370429
0.800000-0.000000j,-0.317109+4.717840j,0.236710-4.235963j,39.370429
0.800000-0.000000j,-0.317109+4.717840j,0.236710-4.235963j,39.370429
0.800000-0.000000j,-0.317109+4.717840j,0.236710-4.235963j,39.370429
0.800000-0.000000j,-0.317109+4.717840j,0.236710-4.235963j,39.370429
0.800000-0.000000j,-0.317109+4.717840j,0.236710-4.235963j,39.370429
0.800000-0.000000j,-0.317109+4.717840j,0.236710-4.235963j,39.370429
0.800000-0.000000j,-0.317109+4.717840j,0.236710-4.235963j,39.370429
0.800000-0.000000j,-0.317109+4.717840j,0.236710-4.235963j,39.370429
0.800000-0.000000j,-0.317109+4.717840j,0.236710-4.235963j,39.370429
0.800000-0.000000j,-0.317109+4.717840j,0.236710-4.235963j,39.370429
0.800000-0.000000j,-0.317109+4.717840j,0.236710-4.235963j,39.370429
0.800000-0.000000j,-0.317109+4.717840j,0.236710-4.235963j,39.370429
0.800000-0.000000j,-0.317109+4.717840j,0.236710-4.235963j,39.370429
0.800000-0.000000j,-0.317109+4.717840j,0.236710-4.235963j,39.370429
0.800000-0.000000j,-0.317109+4.717840j,0.236710-4.235963j,39.370429
0.800000-0.000000j,-0.317109+4.717840j,0.236710-4.235963j,39.370429
0.800000-0.000000j,-0.317109+4.717840j,0.236710-4.235963j,39.370429
0.800000-0.000000j,-0.317109+4.717840j,0.236710-4.235963j,39.370429
0.800000-0.000000j,-0.317109+4.717840j,0.236710-4.235963j,39.370429
0.800000-0.000000j,-0.317109+4.717840j,0.236710-4.235963j,39.370429
0.800000-0.000000j,-0.317109+4.717840j,0.236710-4.235963j,39.370429
0.800000-0.000000j,-0.317109+4.717840j,0.236710-4.235963j,39.370429
0.800000-0.000000j,-0.317109+4.717840j,0.236710-4.235963j,39.370429
0.800000-0.000000j,-0.317109+4.717840j,0.236710-4.235963j,39.370429
0.800000-0.000000j,-0.317109+4.717840j,0.236710-4.235963j,39.370429
0.800000-0.000000j,-0.317109+4.717840j,0.236710-4.235963j,39.370429
0.800000-0.000000j,-0.317109+4.717840j,0.236710-4.235963j,39.370429
0.800000-0.000000j,-0.317109+4.717840j,0.236710-4.235963j,39.370429
0.800000-0.000000j,-0.317109+4.717840j,0.236710-4.235963j,39.370429
0.800000-0.000000j,-0.317109+4.717840j,0.236710-4.235963j,39.370429
0.800000-0.000000j,-0.317109+4.717840j,0.236710-4.235963j,39.370429
0.800000-0.000000j,-0.317109+4.717840j,0.236710-4.235963j,39.370429
0.800000-0.000000j,-0.317109+4.717840j,0.236710-4.235963j,39.370429
0.800000-0.000000j,-0.317109+4.717840j,0.236710-4.235963j,39.370429
0.800000-0.000000j,-0.317109+4.717840j,0.236710-4.235963j,39.370429
0.800000-0.000000j,-0.317109+4.717840j,0.236710-4.235963j,39.370429
0.800000-0.000000j,-0.317109+4.717840j,0.236710-4.235963j,39.370429
0.800000-0.000000j,-0.317109+4.717840j,0.236710-4.235963j,39.370429
0.800000-0.000000j,-0.317109+4.717840j,0.236710-4.235963j,39.370429
0.800000-0.000000j,-0.317109+4.717840j,0.236710-4.235963j,39.370429
0.800000-0.000000j,-0.317109+4.717840j,0.236710-4.235963j,39.370429
0.800000-0.000000j,-0.317109+4.717840j,0.236710-4.235963j,39.370429
0.800000-0.000000j,-0.317109+4.717840j,0.236710-4.235963j,39.370429
0.800000-0.000000j,-0.317109+4.717840j,0.236710-4.235963j,39.370429
0.800000-0.000000j,-0.317109+4.717840j,0.236710-4.235963j,39.370429
0.800000-0.000000j,-0.317109+4.717840j,0.236710-4.235963j,39.370429
0.800000-0.000000j,-0.317109+4.717840j,0.236710-4.235963j,39.370429
0.800000-0.000000j,-0.317109+4.717840j,0.236710-4.235963j,39.370429
0.800000-0.000000j,-0.317109+4.717840j,0.236710-4.235963j,39.370429
0.800000-0.000000j,-0.317109+4.717840j,0.236710-4.235963j,39.370429
0.800000-0.000000j,-0.317109+4.717840j,0.236710-4.235963j,39.370429
0.800000-0.000000j,-0.317109+4.717840j,0.236710-4.235963j,39.370429
0.800000-0.000000j,-0.317109+4.717840j,0.236710-4.235963j,39.370429
0.800000-0.000000j,-0.317109+4.717840j,0.236710-4.235963j,39.370429
0.800000-0.000000j,-0.317109+4.717840j,0.236710-4.235963j,39.370429
0.800000-0.000000j,-0.317109+4.717840j,0.236710-4.235963j,39.370429
0.800000-0.000000j,-0.317109+4.717840j,0.236710-4.235963j,39.370429
0.800000-0.000000j,-0.317109+4.717840j,0.236710-4.235963j,39.370429
0.800000-0.000000j,-0.317109+4.717840j,0.236710-4.235963j,39.370429
0.800000-0.000000j,-0.317109+4.717840j,0.236710-4.235963j,39.370429
0.800000-0.000000j,-0.317109+4.717840j,0.236710-4.235963j,39.370429
0.800000-0.000000j,-0.317109+4.717840j,0.236710-4.235963j,39.370429
0.800000-0.000000j,-0.317109+4.717840j,0.236710-4.235963j,39.370429
0.800000-0.000000j,-0.317109+4.717840j,0.236710-4.235963j,39.370429
0.800000-0.000000j,-0.317109+4.717840j,0.236710-4.235963j,39.370429
0.800000-0.000000j,-0.317109+4.717840j,0.236710-4.235963j,39.370429
0.800000-0.000000j,-0.317109+4.717840j,0.236710-4.235963j,39.370429
0.800000-0.000000j,-0.317109+4.717840j,0.236710-4.235963j,39.370429
0.800000-0.000000j,-0.317109+4.717840j,0.236710-4.235963j,39.370429
0.800000-0.000000j,-0.317109+4.717840j,0.236710-4.235963j,39.370429
0.800000-0.000000j,-0.317109+4.717840j,0.236710-4.235963j,39.370429
0.800000-0.000000j,-0.317109+4.717840j,0.236710-4.235963j,39.370429
0.800000-0.000000j,-0.317109+4.717840j,0.236710-4.235963j,39.370429
0.800000-0.000000j,-0.317109+4.717840j,0.236710-4.235963j,39.370429
0.800000-0.000000j,-0.317109+4.717840j,0.236710-4.235963j,39.370429
0.800000-0.000000j,-0.317109+4.717840j,0.236710-4.235963j,39.370429
0.800000-0.000000j,-0.317109+4.717840j,0.236710-4.235963j,39.370429
0.800000-0.000000j,-0.317109+4.717840j,0.236710-4.235963j,39.370429
0.800000-0.000000j,-0.317109+4.717840j,0.236710-4.235963j,39.370429
0.800000-0.000000j,-0.317109+4.717840j,0.236710-4.235963j,39.370429
0.800000-0.000000j,-0.317109+4.717840j,0.236710-4.235963j,39.370429
0.800000-0.000000j,-0.317109+4.717840j,0.236710-4.235963j,39.370429
0.800000-0.000000j,-0.317109+4.717840j,0.236710-4.235963j,39.370429
0.800000-0.000000j,-0.317109+4.717840j,0.236710-4.235963j,39.370429
0.800000-0.000000j,-0.317109+4.717840j,0.236710-4.235963j,39.370429
0.800000-0.000000j,-0.317109+4.717840j,0.236710-4.235963j,39.370429
0.800000-0.000000j,-0.317109+4.717840j,0.236710-4.235963j,39.370429
0.800000-0.000000j,-0.317109+4.717840j,0.236710-4.235963j,39.370429
0.800000-0.000000j,-0.317109+4.717840j,0.236710-4.235963j,39.370429
0.800000-0.000000j,-0.317109+4.717840j,0.236710-4.235963j,39.370429
0.800000-0.000000j,-0.317109+4.717840j,0.236710-4.235963j,39.370429
0.800000-0.000000j,-0.317109+4.717840j,0.236710-4.235963j,39.370429
0.800000-0.000000j,-0.317109+4.717840j,0.236710-4.235963j,39.370429
0.800000-0.000000j,-0.317109+4.717840j,0.236710-4.235963j,39.370429
0.800000-0.000000j,-0.317109+4.717840j,0.236710-4.235963j,39.370429
0.800000-0.000000j,-0.317109+4.717840j,0.236710-4.235963j,39.370429
0.800000-0.000000j,-0.317109+4.717840j,0.236710-4.235963j,39.370429
0.800000-0.000000j,-0.317109+4.717840j,0.236710-4.235963j,39.370429
0.800000-0.000000j,-0.317109+4.717840j,0.236710-4.235963j,39.370429
0.800000-0.000000j,-0.317109+4.717840j,0.236710-4.235963j,39.370429
0.800000-0.000000j,-0.317109+4.717840j,0.236710-4.235963j,39.370429
0.800000-0.000000j,-0.317109+4.717840j,0.236710-4.235963j,39.370429
0.800000-0.000000j,-0.317109+4.717840j,0.236710-4.235963j,39.370429
0.800000-0.000000j,-0.317109+4.717840j,0.236710-4.235963j,39.370429
0.800000-0.000000j,-0.317109+4.717840j,0.236710-4.235963j,39.370429
0.800000-0.000000j,-0.317109+4.717840j,0.236710-4.235963j,39.370429
0.800000-0.000000j,-0.317109+4.717840j,0.236710-4.235963j,39.370429
0.800000-0.000000j,-0.317109+4.717840j,0.236710-4.235963j,39.370429
0.800000-0.000000j,-0.317109+4.717840j,0.236710-4.235963j,39.370429
0.800000-0.000000j,-0.317109+4.717840j,0.236710-4.235963j,39.370429
0.800000-0.000000j,-0.317109+4.717840j,0.236710-4.235963j,39.370429
0.800000-0.000000j,-0.317109+4.717840j,0.236710-4.235963j,39.370429
0.800000-0.000000j,-0.317109+4.717840j,0.236710-4.235963j,39.370429
0.800000-0.000000j,-0.317109+4.717840j,0.236710-4.235963j,39.370429
0.800000-0.000000j,-0.317109+4.717840j,0.236710-4.235963j,39.370429
0.800000-0.000000j,-0.317109+4.717840j,0.236710-4.235963j,39.370429
0.800000-0.000000j,-0.317109+4.717840j,0.236710-4.235963j,39.370429
0.800000-0.000000j,-0.317109+4.717840j,0.236710-4.235963j,39.370429
0.800000-0.000000j,-0.317109+4.717840j,0.236710-4.235963j,39.370429
0.800000-0.000000j,-0.317109+4.717840j,0.236710-4.235963j,39.370429
0.800000-0.000000j,-0.317109+4.717840j,0.236710-4.235963j,39.370429
0.800000-0.000000j,-0.317109+4.717840j,0.236710-4.235963j,39.370429
0.800000-0.000000j,-0.317109+4.717840j,0.236710-4.235963j,39.370429
0.800000-0.000000j,-0.317109+4.717840j,0.236710-4.235963j,39.370429
0.800000-0.000000j,-0.317109+4.717840j,0.236710-4.235963j,39.370429
0.800000-0.000000j,-0.317109+4.717840j,0.236710-4.235963j,39.370429
0.800000-0.000000j,-0.317109+4.717840j,0.236710-4.235963j,39.370429
0.800000-0.000000j,-0.317109+4.717840j,0.236710-4.235963j,39.370429
0.800000-0.000000j,-0.317109+4.717840j,0.236710-4.235963j,39.370429
0.800000-0.000000j,-0.317109+4.717840j,0.236710-4.235963j,39.370429
0.800000-0.000000j,-0.317109+4.717840j,0.236710-4.235963j,39.370429
0.800000-0.000000j,-0.317109+4.717840j,0.236710-4.235963j,39.370429
0.800000-0.000000j,-0.317109+4.717840j,0.236710-4.235963j,39.370429
0.800000-0.000000j,-0.317109+4.717840j,0.236710-4.235963j,39.370429
0.800000-0.000000j,-0.317109+4.717840j,0.236710-4.235963j,39.370429
0.800000-0.000000j,-0.317109+4.717840j,0.236710-4.235963j,39.370429
0.800000-0.000000j,-0.317109+4.717840j,0.236710-4.235963j,39.370429
0.800000-0.000000j,-0.317109+4.717840j,0.236710-4.235963j,39.370429
0.800000-0.000000j,-0.317109+4.717840j,0.236710-4.235963j,39.370429
0.800000-0.000000j,-0.317109+4.717840j,0.236710-4.235963j,39.370429
0.800000-0.000000j,-0.317109+4.717840j,0.236710-4.235963j,39.370429
0.800000-0.000000j,-0.317109+4.717840j,0.236710-4.235963j,39.370429
0.800000-0.000000j,-0.317109+4.717840j,0.236710-4.235963j,39.370429
0.800000-0.000000j,-0.317109+4.717840j,0.236710-4.235963j,39.370429
0.800000-0.000000j,-0.317109+4.717840j,0.236710-4.235963j,39.370429
0.800000-0.000000j,-0.317109+4.717840j,0.236710-4.235963j,39.370429
0.800000-0.000000j,-0.317109+4.717840j,0.236710-4.235963j,39.370429
0.800000-0.000000j,-0.317109+4.717840j,0.236710-4.235963j,39.370429
0.800000-0.000000j,-0.317109+4.717840j,0.236710-4.235963j,39.370429
0.800000-0.000000j,-0.317109+4.717840j,0.236710-4.235963j,39.370429
0.800000-0.000000j,-0.317109+4.717840j,0.236710-4.235963j,39.370429
0.800000-0.000000j,-0.317109+4.717840j,0.236710-4.235963j,39.370429
0.800000-0.000000j,-0.317109+4.717840j,0.236710-4.235963j,39.370429
0.800000-0.000000j,-0.317109+4.717840j,0.236710-4.235963j,39.370429
0.800000-0.000000j,-0.317109+4.717840j,0.236710-4.235963j,39.370429
0.800000-0.000000j,-0.317109+4.717840j,0.236710-4.235963j,39.370429
0.800000-0.000000j,-0.317109+4.717840j,0.236710-4.235963j,39.370429
0.800000-0.000000j,-0.317109+4.717840j,0.236710-4.235963j,39.370429
0.800000-0.000000j,-0.317109+4.717840j,0.236710-4.235963j,39.370429
0.800000-0.000000j,-0.317109+4.717840j,0.236710-4.235963j,39.370429
0.800000-0.000000j,-0.317109+4.717840j,0.236710-4.235963j,39.370429
0.800000-0.000000j,-0.317109+4.717840j,0.236710-4.235963j,39.370429
0.800000-0.000000j,-0.317109+4.717840j,0.236710-4.235963j,39.370429
0.800000-0.000000j,-0.317109+4.717840j,0.236710-4.235963j,39.370429
0.800000-0.000000j,-0.317109+4.717840j,0.236710-4.235963j,39.370429
0.800000-0.000000j,-0.317109+4.717840j,0.236710-4.235963j,39.370429
0.800000-0.000000j,-0.317109+4.717840j,0.236710-4.235963j,39.370429
0.800000-0.000000j,-0.317109+4.717840j,0.236710-4.235963j,39.370429
0.800000-0.000000j,-0.317109+4.717840j,0.236710-4.235963j,39.370429
0.800000-0.000000j,-0.317109+4.717840j,0.236710-4.235963j,39.370429
0.800000-0.000000j,-0.317109+4.717840j,0.236710-4.235963j,39.370429
0.800000-0.000000j,-0.317109+4.717840j,0.236710-4.235963j,39.370429
0.800000-0.000000j,-0.317109+4.717840j,0.236710-4.235963j,39.370429
0.800000-0.000000j,-0.317109+4.717840j,0.236710-4.235963j,39.370429
0.800000-0.000000j,-0.317109+4.717840j,0.236710-4.235963j,39.370429
0.800000-0.000000j,-0.317109+4.717840j,0.236710-4.235963j,39.370429
0.800000-0.000000j,-0.317109+4.717840j,0.236710-4.235963j,39.370429
0.800000-0.000000j,-0.317109+4.717840j,0.236710-4.235963j,39.370429
0.800000-0.000000j,-0.317109+4.717840j,0.236710-4.235963j,39.370429
0.800000-0.000000j,-0.317109+4.717840j,0.236710-4.235963j,39.370429
0.800000-0.000000j,-0.317109+4.717840j,0.236710-4.235963j,39.370429
0.800000-0.000000j,-0.317109+4.717840j,0.236710-4.235963j,39.370429
0.800000-0.000000j,-0.317109+4.717840j,0.236710-4.235963j,39.370429
0.800000-0.000000j,-0.317109+4.717840j,0.236710-4.235963j,39.370429
0.800000-0.000000j,-0.317109+4.717840j,0.236710-4.235963j,39.370429
0.800000-0.000000j,-0.317109+4.717840j,0.236710-4.235963j,39.370429
0.800000-0.000000j,-0.317109+4.717840j,0.236710-4.235963j,39.370429
0.800000-0.000000j,-0.317109+4.717840j,0.236710-4.235963j,39.370429
0.800000-0.000000j,-0.317109+4.717840j,0.236710-4.235963j,39.370429
0.800000-0.000000j,-0.317109+4.717840j,0.236710-4.235963j,39.370429
0.800000-0.000000j,-0.317109+4.717840j,0.236710-4.235963j,39.370429
0.800000-0.000000j,-0.317109+4.717840j,0.236710-4.235963j,39.370429
0.800000-0.000000j,-0.317109+4.717840j,0.236710-4.235963j,39.370429
0.800000-0.000000j,-0.317109+4.717840j,0.236710-4.235963j,39.370429
0.800000-0.000000j,-0.317109+4.717840j,0.236710-4.235963j,39.370429
0.800000-0.000000j,-0.317109+4.717840j,0.236710-4.235963j,39.370429
0.800000-0.000000j,-0.317109+4.717840j,0.236710-4.235963j,39.370429
0.800000-0.000000j,-0.317109+4.717840j,0.236710-4.235963j,39.370429
0.800000-0.000000j,-0.317109+4.717840j,0.236710-4.235963j,39.370429
0.800000-0.000000j,-0.317109+4.717840j,0.236710-4.235963j,39.370429
0.800000-0.000000j,-0.317109+4.717840j,0.236710-4.235963j,39.370429
0.800000-0.000000j,-0.317109+4.717840j,0.236710-4.235963j,39.370429
0.800000-0.000000j,-0.317109+4.717840j,0.236710-4.235963j,39.370429
0.800000-0.000000j,-0.317109+4.717840j,0.236710-4.235963j,39.370429
0.800000-0.000000j,-0.317109+4.717840j,0.236710-4.235963j,39.370429
0.800000-0.000000j,-0.317109+4.717840j,0.236710-4.235963j,39.370429
0.800000-0.000000j,-0.317109+4.717840j,0.236710-4.235963j,39.370429
0.800000-0.000000j,-0.317109+4.717840j,0.236710-4.235963j,39.370429
0.800000-0.000000j,-0.317109+4.717840j,0.236710-4.235963j,39.370429
0.800000-0.000000j,-0.317109+4.717840j,0.236710-4.235963j,39.370429
0.800000-0.000000j,-0.317109+4.717840j,0.236710-4.235963j,39.370429
0.800000-0.000000j,-0.317109+4.717840j,0.236710-4.235963j,39.370429
0.800000-0.000000j,-0.317109+4.717840j,0.236710-4.235963j,39.370429
0.800000-0.000000j,-0.317109+4.717840j,0.236710-4.235963j,39.370429
0.800000-0.000000j,-0.317109+4.717840j,0.236710-4.235963j,39.370429
0.800000-0.000000j,-0.317109+4.717840j,0.236710-4.235963j,39.370429
0.800000-0.000000j,-0.317109+4.717840j,0.236710-4.235963j,39.370429
0.800000-0.000000j,-0.317109+4.717840j,0.236710-4.235963j,39.370429
0.800000-0.000000j,-0.317109+4.717840j,0.236710-4.235963j,39.370429
0.800000-0.000000j,-0.317109+4.717840j,0.236710-4.235963j,39.370429
0.800000-0.000000j,-0.317109+4.717840j,0.236710-4.235963j,39.370429
0.800000-0.000000j,-0.317109+4.717840j,0.236710-4.235963j,39.370429
0.800000-0.000000j,-0.317109+4.717840j,0.236710-4.235963j,39.370429
0.800000-0.000000j,-0.317109+4.717840j,0.236710-4.235963j,39.370429
0.800000-0.000000j,-0.317109+4.717840j,0.236710-4.235963j,39.370429
0.800000-0.000000j,-0.317109+4.717840j,0.236710-4.235963j,39.370429
0.800000-0.000000j,-0.317109+4.717840j,0.236710-4.235963j,39.370429
0.800000-0.000000j,-0.317109+4.717840j,0.236710-4.235963j,39.370429
0.800000-0.000000j,-0.317109+4.717840j,0.236710-4.235963j,39.370429
0.800000-0.000000j,-0.317109+4.717840j,0.236710-4.235963j,39.370429
0.800000-0.000000j,-0.317109+4.717840j,0.236710-4.235963j,39.370429
0.800000-0.000000j,-0.317109+4.717840j,0.236710-4.235963j,39.370429
0.800000-0.000000j,-0.317109+4.717840j,0.236710-4.235963j,39.370429
0.800000-0.000000j,-0.317109+4.717840j,0.236710-4.235963j,39.370429
0.800000-0.000000j,-0.317109+4.717840j,0.236710-4.235963j,39.370429
0.800000-0.000000j,-0.317109+4.717840j,0.236710-4.235963j,39.370429
0.800000-0.000000j,-0.317109+4.717840j,0.236710-4.235963j,39.370429
0.800000-0.000000j,-0.317109+4.717840j,0.236710-4.235963j,39.370429
0.800000-0.000000j,-0.317109+4.717840j,0.236710-4.235963j,39.370429
0.800000-0.000000j,-0.317109+4.717840j,0.236710-4.235963j,39.370429
0.800000-0.000000j,-0.317109+4.717840j,0.236710-4.235963j,39.370429
0.800000-0.000000j,-0.317109+4.717840j,0.236710-4.235963j,39.370429
0.800000-0.000000j,-0.317109+4.717840j,0.236710-4.235963j,39.370429
0.800000-0.000000j,-0.317109+4.717840j,0.236710-4.235963j,39.370429
0.800000-0.000000j,-0.317109+4.717840j,0.236710-4.235963j,39.370429
0.800000-0.000000j,-0.317109+4.717840j,0.236710-4.235963j,39.370429
0.800000-0.000000j,-0.317109+4.717840j,0.236710-4.235963j,39.370429
0.800000-0.000000j,-0.317109+4.717840j,0.236710-4.235963j,39.370429
0.800000-0.000000j,-0.317109+4.717840j,0.236710-4.235963j,39.370429
0.800000-0.000000j,-0.317109+4.717840j,0.236710-4.235963j,39.370429
0.800000-0.000000j,-0.317109+4.717840j,0.236710-4.235963j,39.370429
0.800000-0.000000j,-0.317109+4.717840j,0.236710-4.235963j,39.370429
0.800000-0.000000j,-0.317109+4.717840j,0.236710-4.235963j,39.370429
0.800000-0.000000j,-0.317109+4.717840j,0.236710-4.235963j,39.370429
0.800000-0.000000j,-0.317109+4.717840j,0.236710-4.235963j,39.370429
0.800000-0.000000j,-0.317109+4.717840j,0.236710-4.235963j,39.370429
0.800000-0.000000j,-0.317109+4.717840j,0.236710-4.235963j,39.370429
0.800000-0.000000j,-0.317109+4.717840j,0.236710-4.235963j,39.370429
0.800000-0.000000j,-0.317109+4.717840j,0.236710-4.235963j,39.370429
0.800000-0.000000j,-0.317109+4.717840j,0.236710-4.235963j,39.370429
0.800000-0.000000j,-0.317109+4.717840j,0.236710-4.235963j,39.370429
0.800000-0.000000j,-0.317109+4.717840j,0.236710-4.235963j,39.370429
0.800000-0.000000j,-0.317109+4.717840j,0.236710-4.235963j,39.370429
0.800000-0.000000j,-0.317109+4.717840j,0.236710-4.235963j,39.370429
0.800000-0.000000j,-0.317109+4.717840j,0.236710-4.235963j,39.370429
0.800000-0.000000j,-0.317109+4.717840j,0.236710-4.235963j,39.370429
0.800000-0.000000j,-0.317109+4.717840j,0.236710-4.235963j,39.370429
0.800000-0.000000j,-0.317109+4.717840j,0.236710-4.235963j,39.370429
0.800000-0.000000j,-0.317109+4.717840j,0.236710-4.235963j,39.370429
0.800000-0.000000j,-0.317109+4.717840j,0.236710-4.235963j,39.370429
0.800000-0.000000j,-0.317109+4.717840j,0.236710-4.235963j,39.370429
0.800000-0.000000j,-0.317109+4.717840j,0.236710-4.235963j,39.370429
0.800000-0.000000j,-0.317109+4.717840j,0.236710-4.235963j,39.370429
0.800000-0.000000j,-0.317109+4.717840j,0.236710-4.235963j,39.370429
0.800000-0.000000j,-0.317109+4.717840j,0.236710-4.235963j,39.370429
0.800000-0.000000j,-0.317109+4.717840j,0.236710-4.235963j,39.370429
0.800000-0.000000j,-0.317109+4.717840j,0.236710-4.235963j,39.370429
0.800000-0.000000j,-0.317109+4.717840j,0.236710-4.235963j,39.370429
0.800000-0.000000j,-0.317109+4.717840j,0.236710-4.235963j,39.370429
0.800000-0.000000j,-0.317109+4.717840j,0.236710-4.235963j,39.370429
0.800000-0.000000j,-0.317109+4.717840j,0.236710-4.235963j,39.370429
0.800000-0.000000j,-0.317109+4.717840j,0.236710-4.235963j,39.370429
0.800000-0.000000j,-0.317109+4.717840j,0.236710-4.235963j,39.370429
0.800000-0.000000j,-0.317109+4.717840j,0.236710-4.235963j,39.370429
0.800000-0.000000j,-0.317109+4.717840j,0.236710-4.235963j,39.370429
0.800000-0.000000j,-0.317109+4.717840j,0.236710-4.235963j,39.370429
0.800000-0.000000j,-0.317109+4.717840j,0.236710-4.235963j,39.370429
0.800000-0.000000j,-0.317109+4.717840j,0.236710-4.235963j,39.370429
0.800000-0.000000j,-0.317109+4.717840j,0.236710-4.235963j,39.370429
0.800000-0.000000j,-0.317109+4.717840j,0.236710-4.235963j,39.370429
0.800000-0.000000j,-0.317109+4.717840j,0.236710-4.235963j,39.370429
0.800000-0.000000j,-0.317109+4.717840j,0.236710-4.235963j,39.370429
0.800000-0.000000j,-0.317109+4.717840j,0.236710-4.235963j,39.370429
0.800000-0.000000j,-0.317109+4.717840j,0.236710-4.235963j,39.370429
0.800000-0.000000j,-0.317109+4.717840j,0.236710-4.235963j,39.370429
0.800000-0.000000j,-0.317109+4.717840j,0.236710-4.235963j,39.370429
0.800000-0.000000j,-0.317109+4.717840j,0.236710-4.235963j,39.370429
0.800000-0.000000j,-0.317109+4.717840j,0.236710-4.235963j,39.370429
0.800000-0.000000j,-0.317109+4.717840j,0.236710-4.235963j,39.370429
0.800000-0.000000j,-0.317109+4.717840j,0.236710-4.235963j,39.370429
0.800000-0.000000j,-0.317109+4.717840j,0.236710-4.235963j,39.370429
0.800000-0.000000j,-0.317109+4.717840j,0.236710-4.235963j,39.370429
0.800000-0.000000j,-0.317109+4.717840j,0.236710-4.235963j,39.370429
0.800000-0.000000j,-0.317109+4.717840j,0.236710-4.235963j,39.370429
0.800000-0.000000j,-0.317109+4.717840j,0.236710-4.235963j,39.370429
0.800000-0.000000j,-0.317109+4.717840j,0.236710-4.235963j,39.370429
0.800000-0.000000j,-0.317109+4.717840j,0.236710-4.235963j,39.370429
0.800000-0.000000j,-0.317109+4.717840j,0.236710-4.235963j,39.370429
0.800000-0.000000j,-0.317109+4.717840j,0.236710-4.235963j,39.370429
0.800000-0.000000j,-0.317109+4.717840j,0.236710-4.235963j,39.370429
0.800000-0.000000j,-0.317109+4.717840j,0.236710-4.235963j,39.370429
0.800000-0.000000j,-0.317109+4.717840j,0.236710-4.235963j,39.370429
0.800000-0.000000j,-0.317109+4.717840j,0.236710-4.235963j,39.370429
0.800000-0.000000j,-0.317109+4.717840j,0.236710-4.235963j,39.370429
0.800000-0.000000j,-0.317109+4.717840j,0.236710-4.235963j,39.370429
0.800000-0.000000j,-0.317109+4.717840j,0.236710-4.235963j,39.370429
0.800000-0.000000j,-0.317109+4.717840j,0.236710-4.235963j,39.370429
0.800000-0.000000j,-0.317109+4.717840j,0.236710-4.235963j,39.370429
0.800000-0.000000j,-0.317109+4.717840j,0.236710-4.235963j,39.370429
0.800000-0.000000j,-0.317109+4.717840j,0.236710-4.235963j,39.370429
0.800000-0.000000j,-0.317109+4.717840j,0.236710-4.235963j,39.370429
0.800000-0.000000j,-0.317109+4.717840j,0.236710-4.235963j,39.370429
0.800000-0.000000j,-0.317109+4.717840j,0.236710-4.235963j,39.370429
0.800000-0.000000j,-0.317109+4.717840j,0.236710-4.235963j,39.370429
0.800000-0.000000j,-0.317109+4.717840j,0.236710-4.235963j,39.370429
0.800000-0.000000j,-0.317109+4.717840j,0.236710-4.235963j,39.370429
0.800000-0.000000j,-0.317109+4.717840j,0.236710-4.235963j,39.370429
0.800000-0.000000j,-0.317109+4.717840j,0.236710-4.235963j,39.370429
0.800000-0.000000j,-0.317109+4.717840j,0.236710-4.235963j,39.370429
0.800000-0.000000j,-0.317109+4.717840j,0.236710-4.235963j,39.370429
0.800000-0.000000j,-0.317109+4.717840j,0.236710-4.235963j,39.370429
0.800000-0.000000j,-0.317109+4.717840j,0.236710-4.235963j,39.370429
0.800000-0.000000j,-0.317109+4.717840j,0.236710-4.235963j,39.370429
0.800000-0.000000j,-0.317109+4.717840j,0.236710-4.235963j,39.370429
0.800000-0.000000j,-0.317109+4.717840j,0.236710-4.235963j,39.370429
0.800000-0.000000j,-0.317109+4.717840j,0.236710-4.235963j,39.370429
0.800000-0.000000j,-0.317109+4.717840j,0.236710-4.235963j,39.370429
0.800000-0.000000j,-0.317109+4.717840j,0.236710-4.235963j,39.370429
0.800000-0.000000j,-0.317109+4.717840j,0.236710-4.235963j,39.370429
0.800000-0.000000j,-0.317109+4.717840j,0.236710-4.235963j,39.370429
0.800000-0.000000j,-0.317109+4.717840j,0.236710-4.235963j,39.370429
0.800000-0.000000j,-0.317109+4.717840j,0.236710-4.235963j,39.370429
0.800000-0.000000j,-0.317109+4.717840j,0.236710-4.235963j,39.370429
0.800000-0.000000j,-0.317109+4.717840j,0.236710-4.235963j,39.370429
0.800000-0.000000j,-0.317109+4.717840j,0.236710-4.235963j,39.370429
0.800000-0.000000j,-0.317109+4.717840j,0.236710-4.235963j,39.370429
0.800000-0.000000j,-0.317109+4.717840j,0.236710-4.235963j,39.370429
0.800000-0.000000j,-0.317109+4.717840j,0.236710-4.235963j,39.370429
0.800000-0.000000j,-0.317109+4.717840j,0.236710-4.235963j,39.370429
0.800000-0.000000j,-0.317109+4.717840j,0.236710-4.235963j,39.370429
