0.800000+0.000000j,-0.704018+0.329701j,0.368589+0.024871j,0.000000
0.800088+0.001241j,-0.704241+0.330252j,0.368428+0.025257j,0.001734
0.800174+0.002482j,-0.704464+0.330803j,0.368266+0.025642j,0.003467
0.800258+0.003723j,-0.704686+0.331354j,0.368104+0.026028j,0.005201
0.800340+0.004964j,-0.704908+0.331905j,0.367942+0.026413j,0.006936
0.800420+0.006206j,-0.705128+0.332457j,0.367779+0.026798j,0.008670
0.800498+0.007448j,-0.705348+0.333009j,0.367616+0.027183j,0.010404
0.800575+0.008691j,-0.705566+0.333561j,0.367453+0.027568j,0.012139
0.800649+0.009933j,-0.705784+0.334113j,0.367289+0.027953j,0.013874
0.800722+0.011176j,-0.706002+0.334665j,0.367124+0.028337j,0.015609
0.800792+0.012419j,-0.706218+0.335218j,0.366960+0.028722j,0.017344
0.800861+0.013662j,-0.706434+0.335771j,0.366795+0.029106j,0.019079
0.800928+0.014906j,-0.706649+0.336324j,0.366629+0.029490j,0.020814
0.800993+0.016150j,-0.706863+0.336877j,0.366463+0.029874j,0.022550
0.801056+0.017394j,-0.707076+0.337430j,0.366297+0.030258j,0.024286
0.801117+0.018638j,-0.707288+0.337984j,0.366130+0.030642j,0.026021
0.801176+0.019882j,-0.707500+0.338538j,0.365963+0.031025j,0.027757
0.801233+0.021127j,-0.707711+0.339092j,0.365796+0.031409j,0.029493
0.801288+0.022372j,-0.707921+0.339646j,0.365628+0.031792j,0.031230
0.801341+0.023617j,-0.708130+0.340201j,0.365459+0.032175j,0.032966
0.801393+0.024863j,-0.708339+0.340755j,0.365291+0.032558j,0.034702
0.801442+0.026108j,-0.708546+0.341310j,0.365121+0.032941j,0.036439
0.801490+0.027354j,-0.708753+0.341865j,0.364952+0.033323j,0.038176
0.801535+0.028600j,-0.708959+0.342420j,0.364782+0.033706j,0.039913
0.801579+0.029846j,-0.709164+0.342976j,0.364612+0.034088j,0.041649
0.801621+0.031093j,-0.709369+0.343531j,0.364441+0.034470j,0.043387
0.801661+0.032339j,-0.709572+0.344087j,0.364270+0.034852j,0.045124
0.801699+0.033586j,-0.709775+0.344643j,0.364098+0.035234j,0.046861
0.801735+0.034833j,-0.709977+0.345199j,0.363926+0.035616j,0.048599
0.801769+0.036080j,-0.710178+0.345756j,0.363754+0.035997j,0.050336
0.801801+0.037328j,-0.710379+0.346312j,0.363581+0.036378j,0.052074
0.801831+0.038575j,-0.710579+0.346869j,0.363408+0.036760j,0.053812
0.801859+0.039823j,-0.710777+0.347426j,0.363235+0.037141j,0.055550
0.801885+0.041071j,-0.710975+0.347983j,0.363061+0.037521j,0.057288
0.801910+0.042319j,-0.711173+0.348540j,0.362887+0.037902j,0.059026
0.801932+0.043568j,-0.711369+0.349097j,0.362712+0.038283j,0.060764
0.801953+0.044816j,-0.711565+0.349655j,0.362537+0.038663j,0.062503
0.801971+0.046065j,-0.711759+0.350213j,0.362361+0.039043j,0.064241
0.801988+0.047314j,-0.711953+0.350771j,0.362185+0.039423j,0.065980
0.802003+0.048563j,-0.712147+0.351329j,0.362009+0.039803j,0.067718
0.802015+0.049812j,-0.712339+0.351887j,0.361832+0.040182j,0.069457
0.802026+0.051061j,-0.712531+0.352445j,0.361655+0.040562j,0.071196
0.802035+0.052311j,-0.712721+0.353004j,0.361478+0.040941j,0.072935
0.802042+0.053560j,-0.712911+0.353563j,0.361300+0.041320j,0.074674
0.802047+0.054810j,-0.713100+0.354121j,0.361122+0.041699j,0.076413
0.802050+0.056060j,-0.713289+0.354680j,0.360943+0.042078j,0.078153
0.802051+0.057310j,-0.713476+0.355240j,0.360764+0.042456j,0.079892
0.802051+0.058560j,-0.713663+0.355799j,0.360584+0.042834j,0.081631
0.802048+0.059810j,-0.713849+0.356358j,0.360405+0.043213j,0.083371
0.802043+0.061061j,-0.714034+0.356918j,0.360224+0.043591j,0.085111
0.802037+0.062311j,-0.714219+0.357478j,0.360044+0.043968j,0.086850
0.802028+0.063562j,-0.714402+0.358038j,0.359863+0.044346j,0.088590
0.802018+0.064813j,-0.714585+0.358598j,0.359681+0.044723j,0.090330
0.802005+0.066064j,-0.714767+0.359158j,0.359499+0.045100j,0.092070
0.801991+0.067315j,-0.714948+0.359718j,0.359317+0.045477j,0.093810
0.801974+0.068566j,-0.715128+0.360279j,0.359135+0.045854j,0.095550
0.801956+0.069818j,-0.715308+0.360839j,0.358952+0.046231j,0.097290
0.801936+0.071069j,-0.715487+0.361400j,0.358768+0.046607j,0.099031
0.801914+0.072320j,-0.715665+0.361961j,0.358584+0.046984j,0.100771
0.801890+0.073572j,-0.715842+0.362522j,0.358400+0.047360j,0.102511
0.801864+0.074824j,-0.716018+0.363083j,0.358216+0.047735j,0.104252
0.801836+0.076076j,-0.716194+0.363644j,0.358031+0.048111j,0.105992
0.801806+0.077328j,-0.716368+0.364206j,0.357845+0.048486j,0.107733
0.801774+0.078580j,-0.716542+0.364767j,0.357660+0.048862j,0.109474
0.801740+0.079832j,-0.716715+0.365329j,0.357473+0.049237j,0.111214
0.801704+0.081084j,-0.716887+0.365891j,0.357287+0.049612j,0.112955
0.801667+0.082336j,-0.717059+0.366453j,0.357100+0.049986j,0.114696
0.801627+0.083588j,-0.717230+0.367015j,0.356913+0.050361j,0.116437
0.801586+0.084841j,-0.717400+0.367577j,0.356725+0.050735j,0.118178
0.801542+0.086093j,-0.717569+0.368139j,0.356537+0.051109j,0.119919
0.801496+0.087346j,-0.717737+0.368701j,0.356348+0.051483j,0.121660
0.801449+0.088599j,-0.717904+0.369264j,0.356160+0.051856j,0.123401
0.801400+0.089851j,-0.718071+0.369827j,0.355970+0.052229j,0.125142
0.801348+0.091104j,-0.718237+0.370389j,0.355781+0.052603j,0.126883
0.801295+0.092357j,-0.718402+0.370952j,0.355591+0.052976j,0.128625
0.801240+0.093610j,-0.718566+0.371515j,0.355400+0.053348j,0.130366
0.801183+0.094863j,-0.718729+0.372078j,0.355209+0.053721j,0.132107
0.801124+0.096116j,-0.718892+0.372641j,0.355018+0.054093j,0.133849
0.801062+0.097369j,-0.719054+0.373205j,0.354827+0.054465j,0.135590
0.800999+0.098622j,-0.719215+0.373768j,0.354635+0.054837j,0.137332
0.800934+0.099875j,-0.719375+0.374331j,0.354442+0.055209j,0.139073
0.800868+0.101128j,-0.719535+0.374895j,0.354249+0.055580j,0.140815
0.800799+0.102381j,-0.719693+0.375459j,0.354056+0.055951j,0.142556
0.800728+0.103634j,-0.719851+0.376022j,0.353863+0.056322j,0.144298
0.800655+0.104887j,-0.720008+0.376586j,0.353669+0.056693j,0.146040
0.800580+0.106141j,-0.720164+0.377150j,0.353475+0.057063j,0.147781
0.800504+0.107394j,-0.720319+0.377714j,0.353280+0.057434j,0.149523
0.800425+0.108647j,-0.720474+0.378278j,0.353085+0.057804j,0.151265
0.800344+0.109900j,-0.720628+0.378842j,0.352889+0.058174j,0.153006
0.800262+0.111154j,-0.720781+0.379407j,0.352694+0.058543j,0.154748
0.800177+0.112407j,-0.720933+0.379971j,0.352497+0.058913j,0.156490
0.800091+0.113660j,-0.721084+0.380536j,0.352301+0.059282j,0.158232
0.800003+0.114914j,-0.721235+0.381100j,0.352104+0.059651j,0.159974
0.799912+0.116167j,-0.721384+0.381665j,0.351906+0.060019j,0.161716
0.799820+0.117420j,-0.721533+0.382229j,0.351709+0.060388j,0.163457
0.799726+0.118674j,-0.721681+0.382794j,0.351511+0.060756j,0.165199
0.799629+0.119927j,-0.721829+0.383359j,0.351312+0.061124j,0.166941
0.799531+0.121180j,-0.721975+0.383924j,0.351113+0.061492j,0.168683
0.799431+0.122434j,-0.722121+0.384489j,0.350914+0.061859j,0.170425
0.799329+0.123687j,-0.722266+0.385054j,0.350714+0.062227j,0.172167
0.799225+0.124940j,-0.722410+0.385619j,0.350514+0.062594j,0.173909
0.799119+0.126193j,-0.722553+0.386185j,0.350314+0.062960j,0.175651
0.799011+0.127447j,-0.722696+0.386750j,0.350113+0.063327j,0.177393
0.798901+0.128700j,-0.722837+0.387315j,0.349912+0.063693j,0.179135
0.798789+0.129953j,-0.722978+0.387881j,0.349710+0.064059j,0.180877
0.798676+0.131206j,-0.723118+0.388446j,0.349508+0.064425j,0.182618
0.798560+0.132459j,-0.723257+0.389012j,0.349306+0.064791j,0.184360
0.798442+0.133712j,-0.723396+0.389577j,0.349103+0.065156j,0.186102
0.798322+0.134965j,-0.723533+0.390143j,0.348900+0.065521j,0.187844
0.798201+0.136218j,-0.723670+0.390709j,0.348697+0.065886j,0.189586
0.798077+0.137471j,-0.723806+0.391274j,0.348493+0.066250j,0.191328
0.797952+0.138724j,-0.723941+0.391840j,0.348289+0.066615j,0.193070
0.797824+0.139977j,-0.724076+0.392406j,0.348084+0.066979j,0.194812
0.797695+0.141229j,-0.724209+0.392972j,0.347879+0.067342j,0.196554
0.797563+0.142482j,-0.724342+0.393538j,0.347674+0.067706j,0.198295
0.797430+0.143734j,-0.724474+0.394104j,0.347468+0.068069j,0.200037
0.797294+0.144987j,-0.724605+0.394670j,0.347262+0.068432j,0.201779
0.797157+0.146239j,-0.724736+0.395236j,0.347056+0.068795j,0.203521
0.797018+0.147492j,-0.724865+0.395803j,0.346849+0.069158j,0.205263
0.796877+0.148744j,-0.724994+0.396369j,0.346642+0.069520j,0.207004
0.796734+0.149996j,-0.725122+0.396935j,0.346434+0.069882j,0.208746
0.796588+0.151248j,-0.725249+0.397501j,0.346226+0.070244j,0.210488
0.796441+0.152500j,-0.725375+0.398068j,0.346018+0.070605j,0.212229
0.796292+0.153752j,-0.725501+0.398634j,0.345809+0.070966j,0.213971
0.796141+0.155004j,-0.725625+0.399200j,0.345600+0.071327j,0.215713
0.795988+0.156256j,-0.725749+0.399767j,0.345391+0.071688j,0.217454
0.795833+0.157508j,-0.725872+0.400333j,0.345181+0.072048j,0.219196
0.795677+0.158759j,-0.725995+0.400900j,0.344971+0.072409j,0.220937
0.795518+0.160011j,-0.726116+0.401466j,0.344760+0.072768j,0.222679
0.795357+0.161262j,-0.726237+0.402033j,0.344549+0.073128j,0.224420
0.795194+0.162513j,-0.726357+0.402600j,0.344338+0.073487j,0.226161
0.795030+0.163764j,-0.726476+0.403166j,0.344126+0.073846j,0.227903
0.794863+0.165015j,-0.726594+0.403733j,0.343914+0.074205j,0.229644
0.794694+0.166266j,-0.726711+0.404300j,0.343702+0.074564j,0.231385
0.794524+0.167517j,-0.726828+0.404866j,0.343489+0.074922j,0.233126
0.794351+0.168767j,-0.726944+0.405433j,0.343276+0.075280j,0.234867
0.794177+0.170018j,-0.727059+0.406000j,0.343063+0.075638j,0.236609
0.794000+0.171268j,-0.727173+0.406566j,0.342849+0.075995j,0.238350
0.793822+0.172519j,-0.727286+0.407133j,0.342635+0.076352j,0.240091
0.793641+0.173769j,-0.727399+0.407700j,0.342420+0.076709j,0.241831
0.793459+0.175019j,-0.727510+0.408267j,0.342205+0.077066j,0.243572
0.793275+0.176268j,-0.727621+0.408834j,0.341990+0.077422j,0.245313
0.793089+0.177518j,-0.727732+0.409400j,0.341774+0.077778j,0.247054
0.792900+0.178767j,-0.727841+0.409967j,0.341558+0.078134j,0.248795
0.792710+0.180017j,-0.727949+0.410534j,0.341341+0.078489j,0.250535
0.792518+0.181266j,-0.728057+0.411101j,0.341125+0.078844j,0.252276
0.792324+0.182515j,-0.728164+0.411668j,0.340908+0.079199j,0.254016
0.792128+0.183764j,-0.728270+0.412235j,0.340690+0.079554j,0.255757
0.791930+0.185013j,-0.728375+0.412801j,0.340472+0.079908j,0.257497
0.791730+0.186261j,-0.728480+0.413368j,0.340254+0.080262j,0.259237
0.791528+0.187509j,-0.728583+0.413935j,0.340035+0.080616j,0.260977
0.791324+0.188758j,-0.728686+0.414502j,0.339816+0.080969j,0.262718
0.791118+0.190006j,-0.728788+0.415069j,0.339597+0.081323j,0.264458
0.790911+0.191253j,-0.728890+0.415636j,0.339377+0.081675j,0.266198
0.790701+0.192501j,-0.728990+0.416202j,0.339157+0.082028j,0.267938
0.790489+0.193748j,-0.729090+0.416769j,0.338937+0.082380j,0.269677
0.790276+0.194996j,-0.729188+0.417336j,0.338716+0.082732j,0.271417
0.790060+0.196243j,-0.729286+0.417903j,0.338495+0.083084j,0.273157
0.789842+0.197490j,-0.729384+0.418470j,0.338274+0.083435j,0.274896
0.789623+0.198736j,-0.729480+0.419036j,0.338052+0.083787j,0.276636
0.789401+0.199983j,-0.729575+0.419603j,0.337830+0.084137j,0.278375
0.789178+0.201229j,-0.729670+0.420170j,0.337607+0.084488j,0.280115
0.788952+0.202475j,-0.729764+0.420736j,0.337384+0.084838j,0.281854
0.788725+0.203721j,-0.729857+0.421303j,0.337161+0.085188j,0.283593
0.788496+0.204966j,-0.729950+0.421870j,0.336937+0.085538j,0.285332
0.788264+0.206212j,-0.730041+0.422436j,0.336713+0.085887j,0.287071
0.788031+0.207457j,-0.730132+0.423003j,0.336489+0.086236j,0.288810
0.787796+0.208702j,-0.730222+0.423570j,0.336264+0.086584j,0.290549
0.787559+0.209946j,-0.730311+0.424136j,0.336039+0.086933j,0.292287
0.787320+0.211191j,-0.730399+0.424703j,0.335814+0.087281j,0.294026
0.787079+0.212435j,-0.730486+0.425269j,0.335588+0.087629j,0.295764
0.786836+0.213679j,-0.730573+0.425836j,0.335362+0.087976j,0.297503
0.786591+0.214923j,-0.730659+0.426402j,0.335136+0.088323j,0.299241
0.786344+0.216166j,-0.730744+0.426969j,0.334909+0.088670j,0.300979
0.786095+0.217410j,-0.730828+0.427535j,0.334682+0.089017j,0.302717
0.785844+0.218653j,-0.730911+0.428101j,0.334454+0.089363j,0.304455
0.785591+0.219896j,-0.730994+0.428668j,0.334227+0.089709j,0.306193
0.785337+0.221138j,-0.731076+0.429234j,0.333998+0.090054j,0.307930
0.785080+0.222380j,-0.731157+0.429800j,0.333770+0.090400j,0.309668
0.784821+0.223622j,-0.731237+0.430366j,0.333541+0.090745j,0.311405
0.784561+0.224864j,-0.731316+0.430932j,0.333312+0.091089j,0.313143
0.784298+0.226106j,-0.731395+0.431499j,0.333082+0.091434j,0.314880
0.784034+0.227347j,-0.731472+0.432065j,0.332852+0.091778j,0.316617
0.783767+0.228588j,-0.731549+0.432631j,0.332622+0.092121j,0.318354
0.783499+0.229828j,-0.731625+0.433197j,0.332391+0.092465j,0.320091
0.783228+0.231069j,-0.731701+0.433762j,0.332160+0.092808j,0.321828
0.782956+0.232309j,-0.731775+0.434328j,0.331929+0.093150j,0.323564
0.782682+0.233549j,-0.731849+0.434894j,0.331698+0.093493j,0.325301
0.782405+0.234788j,-0.731922+0.435460j,0.331466+0.093835j,0.327037
0.782127+0.236027j,-0.731994+0.436025j,0.331233+0.094177j,0.328773
0.781847+0.237266j,-0.732065+0.436591j,0.331001+0.094518j,0.330510
0.781565+0.238505j,-0.732135+0.437157j,0.330768+0.094859j,0.332246
0.781281+0.239743j,-0.732205+0.437722j,0.330534+0.095200j,0.333981
0.780995+0.240981j,-0.732274+0.438288j,0.330300+0.095540j,0.335717
0.780707+0.242219j,-0.732342+0.438853j,0.330066+0.095880j,0.337453
0.780417+0.243456j,-0.732409+0.439418j,0.329832+0.096220j,0.339188
0.780125+0.244693j,-0.732475+0.439984j,0.329597+0.096560j,0.340923
0.779831+0.245930j,-0.732540+0.440549j,0.329362+0.096899j,0.342658
0.779536+0.247166j,-0.732605+0.441114j,0.329127+0.097238j,0.344393
0.779238+0.248403j,-0.732669+0.441679j,0.328891+0.097576j,0.346128
0.778938+0.249638j,-0.732732+0.442244j,0.328655+0.097914j,0.347863
0.778637+0.250874j,-0.732794+0.442809j,0.328419+0.098252j,0.349597
0.778333+0.252109j,-0.732856+0.443374j,0.328182+0.098589j,0.351332
0.778028+0.253344j,-0.732917+0.443938j,0.327945+0.098927j,0.353066
0.777720+0.254578j,-0.732976+0.444503j,0.327708+0.099263j,0.354800
0.777411+0.255812j,-0.733035+0.445068j,0.327470+0.099600j,0.356534
0.777099+0.257046j,-0.733094+0.445632j,0.327232+0.099936j,0.358268
0.776786+0.258280j,-0.733151+0.446196j,0.326993+0.100272j,0.360001
0.776471+0.259513j,-0.733207+0.446761j,0.326755+0.100607j,0.361735
0.776154+0.260745j,-0.733263+0.447325j,0.326516+0.100942j,0.363468
0.775834+0.261978j,-0.733318+0.447889j,0.326276+0.101277j,0.365201
0.775513+0.263210j,-0.733372+0.448453j,0.326036+0.101611j,0.366934
0.775190+0.264441j,-0.733426+0.449017j,0.325796+0.101945j,0.368667
0.774865+0.265673j,-0.733478+0.449581j,0.325556+0.102279j,0.370400
0.774538+0.266904j,-0.733530+0.450145j,0.325315+0.102613j,0.372132
0.774210+0.268134j,-0.733581+0.450709j,0.325074+0.102946j,0.373865
0.773879+0.269364j,-0.733631+0.451272j,0.324833+0.103278j,0.375597
0.773546+0.270594j,-0.733680+0.451836j,0.324591+0.103611j,0.377329
0.773211+0.271823j,-0.733728+0.452399j,0.324349+0.103943j,0.379060
0.772875+0.273052j,-0.733776+0.452963j,0.324107+0.104274j,0.380792
0.772536+0.274281j,-0.733823+0.453526j,0.323864+0.104605j,0.382524
0.772196+0.275509j,-0.733869+0.454089j,0.323621+0.104936j,0.384255
0.771853+0.276737j,-0.733914+0.454652j,0.323378+0.105267j,0.385986
0.771509+0.277965j,-0.733958+0.455215j,0.323134+0.105597j,0.387717
0.771162+0.279192j,-0.734002+0.455778j,0.322890+0.105927j,0.389447
0.770814+0.280418j,-0.734044+0.456341j,0.322646+0.106257j,0.391178
0.770464+0.281645j,-0.734086+0.456903j,0.322401+0.106586j,0.392908
0.770112+0.282870j,-0.734127+0.457466j,0.322156+0.106915j,0.394639
0.769757+0.284096j,-0.734167+0.458028j,0.321911+0.107243j,0.396369
0.769401+0.285321j,-0.734207+0.458591j,0.321666+0.107571j,0.398098
0.769043+0.286545j,-0.734246+0.459153j,0.321420+0.107899j,0.399828
0.768683+0.287770j,-0.734283+0.459715j,0.321174+0.108226j,0.401557
0.768322+0.288993j,-0.734320+0.460277j,0.320927+0.108553j,0.403287
0.767958+0.290217j,-0.734356+0.460839j,0.320680+0.108880j,0.405016
0.767592+0.291440j,-0.734392+0.461400j,0.320433+0.109206j,0.406744
0.767224+0.292662j,-0.734426+0.461962j,0.320186+0.109532j,0.408473
0.766855+0.293884j,-0.734460+0.462523j,0.319938+0.109858j,0.410201
0.766483+0.295106j,-0.734493+0.463085j,0.319690+0.110183j,0.411930
0.766110+0.296327j,-0.734525+0.463646j,0.319441+0.110508j,0.413658
0.765734+0.297547j,-0.734556+0.464207j,0.319192+0.110832j,0.415385
0.765357+0.298768j,-0.734587+0.464768j,0.318943+0.111156j,0.417113
0.764978+0.299988j,-0.734616+0.465329j,0.318694+0.111480j,0.418841
0.764596+0.301207j,-0.734645+0.465890j,0.318444+0.111803j,0.420568
0.764213+0.302426j,-0.734673+0.466450j,0.318194+0.112126j,0.422295
0.763828+0.303644j,-0.734700+0.467011j,0.317944+0.112449j,0.424021
0.763441+0.304862j,-0.734727+0.467571j,0.317694+0.112771j,0.425748
0.763052+0.306080j,-0.734752+0.468131j,0.317443+0.113093j,0.427474
0.762661+0.307297j,-0.734777+0.468691j,0.317191+0.113415j,0.429201
0.762268+0.308513j,-0.734801+0.469251j,0.316940+0.113736j,0.430926
0.761874+0.309729j,-0.734824+0.469811j,0.316688+0.114057j,0.432652
0.761477+0.310945j,-0.734846+0.470371j,0.316436+0.114377j,0.434378
0.761078+0.312160j,-0.734868+0.470930j,0.316183+0.114697j,0.436103
0.760678+0.313375j,-0.734888+0.471489j,0.315931+0.115017j,0.437828
0.760275+0.314589j,-0.734908+0.472049j,0.315678+0.115336j,0.439553
0.759871+0.315802j,-0.734927+0.472608j,0.315424+0.115655j,0.441277
0.759465+0.317016j,-0.734945+0.473167j,0.315171+0.115974j,0.443002
0.759056+0.318228j,-0.734962+0.473725j,0.314917+0.116292j,0.444726
0.758646+0.319440j,-0.734979+0.474284j,0.314662+0.116610j,0.446450
0.758234+0.320652j,-0.734995+0.474842j,0.314408+0.116927j,0.448173
0.757820+0.321863j,-0.735009+0.475401j,0.314153+0.117244j,0.449897
0.757404+0.323074j,-0.735023+0.475959j,0.313898+0.117561j,0.451620
0.756986+0.324284j,-0.735037+0.476517j,0.313642+0.117877j,0.453343
0.756567+0.325494j,-0.735049+0.477075j,0.313387+0.118193j,0.455066
0.756145+0.326703j,-0.735061+0.477632j,0.313130+0.118508j,0.456788
0.755721+0.327911j,-0.735071+0.478190j,0.312874+0.118823j,0.458511
0.755296+0.329119j,-0.735081+0.478747j,0.312617+0.119138j,0.460233
0.754868+0.330327j,-0.735090+0.479304j,0.312361+0.119452j,0.461954
0.754439+0.331534j,-0.735099+0.479861j,0.312103+0.119766j,0.463676
0.754008+0.332740j,-0.735106+0.480418j,0.311846+0.120080j,0.465397
0.753574+0.333946j,-0.735113+0.480975j,0.311588+0.120393j,0.467118
0.753139+0.335152j,-0.735119+0.481532j,0.311330+0.120706j,0.468839
0.752702+0.336356j,-0.735124+0.482088j,0.311071+0.121018j,0.470560
0.752263+0.337561j,-0.735128+0.482644j,0.310813+0.121330j,0.472280
0.751822+0.338765j,-0.735131+0.483200j,0.310554+0.121642j,0.474000
0.751379+0.339968j,-0.735134+0.483756j,0.310294+0.121953j,0.475720
0.750935+0.341170j,-0.735135+0.484312j,0.310035+0.122264j,0.477439
0.750488+0.342372j,-0.735136+0.484867j,0.309775+0.122574j,0.479159
0.750039+0.343574j,-0.735136+0.485422j,0.309515+0.122885j,0.480878
0.749589+0.344775j,-0.735136+0.485978j,0.309254+0.123194j,0.482596
0.749137+0.345975j,-0.735134+0.486533j,0.308994+0.123503j,0.484315
0.748682+0.347175j,-0.735132+0.487087j,0.308733+0.123812j,0.486033
0.748226+0.348374j,-0.735128+0.487642j,0.308471+0.124121j,0.487751
0.747768+0.349573j,-0.735124+0.488196j,0.308210+0.124429j,0.489469
0.747308+0.350771j,-0.735119+0.488751j,0.307948+0.124737j,0.491186
0.746846+0.351969j,-0.735114+0.489305j,0.307686+0.125044j,0.492904
0.746382+0.353166j,-0.735107+0.489858j,0.307423+0.125351j,0.494620
0.745917+0.354362j,-0.735100+0.490412j,0.307161+0.125657j,0.496337
0.745449+0.355558j,-0.735092+0.490966j,0.306898+0.125963j,0.498054
0.744979+0.356753j,-0.735083+0.491519j,0.306634+0.126269j,0.499770
0.744508+0.357947j,-0.735073+0.492072j,0.306371+0.126574j,0.501485
0.744034+0.359141j,-0.735062+0.492625j,0.306107+0.126879j,0.503201
0.743559+0.360335j,-0.735051+0.493178j,0.305843+0.127184j,0.504916
0.743082+0.361528j,-0.735038+0.493730j,0.305579+0.127488j,0.506631
0.742603+0.362720j,-0.735025+0.494282j,0.305314+0.127792j,0.508346
0.742122+0.363911j,-0.735011+0.494834j,0.305049+0.128095j,0.510060
0.741639+0.365102j,-0.734996+0.495386j,0.304784+0.128398j,0.511775
0.741154+0.366292j,-0.734981+0.495938j,0.304518+0.128700j,0.513489
0.740668+0.367482j,-0.734964+0.496489j,0.304253+0.129002j,0.515202
0.740179+0.368671j,-0.734947+0.497041j,0.303987+0.129304j,0.516915
0.739689+0.369860j,-0.734929+0.497592j,0.303720+0.129605j,0.518629
0.739196+0.371047j,-0.734910+0.498143j,0.303454+0.129906j,0.520341
0.738702+0.372235j,-0.734890+0.498693j,0.303187+0.130207j,0.522054
0.738206+0.373421j,-0.734869+0.499244j,0.302920+0.130507j,0.523766
0.737708+0.374607j,-0.734848+0.499794j,0.302652+0.130806j,0.525478
0.737208+0.375792j,-0.734826+0.500344j,0.302385+0.131105j,0.527189
0.736706+0.376977j,-0.734803+0.500894j,0.302117+0.131404j,0.528901
0.736202+0.378161j,-0.734779+0.501443j,0.301849+0.131703j,0.530612
0.735697+0.379344j,-0.734754+0.501993j,0.301580+0.132001j,0.532322
0.735189+0.380527j,-0.734728+0.502542j,0.301312+0.132298j,0.534033
0.734680+0.381709j,-0.734702+0.503091j,0.301043+0.132595j,0.535743
0.734168+0.382890j,-0.734675+0.503639j,0.300773+0.132892j,0.537452
0.733655+0.384071j,-0.734647+0.504188j,0.300504+0.133188j,0.539162
0.733140+0.385251j,-0.734618+0.504736j,0.300234+0.133484j,0.540871
0.732623+0.386430j,-0.734588+0.505284j,0.299964+0.133780j,0.542580
0.732104+0.387609j,-0.734557+0.505832j,0.299694+0.134075j,0.544289
0.731584+0.388787j,-0.734526+0.506379j,0.299423+0.134370j,0.545997
0.731061+0.389964j,-0.734494+0.506927j,0.299153+0.134664j,0.547705
0.730537+0.391141j,-0.734461+0.507474j,0.298881+0.134958j,0.549412
0.730010+0.392317j,-0.734427+0.508021j,0.298610+0.135251j,0.551120
0.729482+0.393492j,-0.734392+0.508567j,0.298339+0.135544j,0.552827
0.728952+0.394666j,-0.734357+0.509114j,0.298067+0.135837j,0.554533
0.728420+0.395840j,-0.734320+0.509660j,0.297795+0.136129j,0.556240
0.727886+0.397013j,-0.734283+0.510206j,0.297522+0.136421j,0.557946
0.727350+0.398186j,-0.734245+0.510751j,0.297250+0.136712j,0.559652
0.726812+0.399358j,-0.734206+0.511297j,0.296977+0.137003j,0.561357
0.726273+0.400529j,-0.734166+0.511842j,0.296704+0.137293j,0.563062
0.725731+0.401699j,-0.734126+0.512387j,0.296431+0.137583j,0.564767
0.725188+0.402869j,-0.734084+0.512931j,0.296157+0.137873j,0.566471
0.724643+0.404038j,-0.734042+0.513476j,0.295883+0.138162j,0.568175
0.724096+0.405206j,-0.733999+0.514020j,0.295609+0.138451j,0.569879
0.723547+0.406373j,-0.733955+0.514564j,0.295335+0.138739j,0.571583
0.722996+0.407540j,-0.733910+0.515107j,0.295060+0.139027j,0.573286
0.722444+0.408706j,-0.733865+0.515651j,0.294786+0.139315j,0.574989
0.721889+0.409872j,-0.733818+0.516194j,0.294510+0.139602j,0.576691
0.721333+0.411036j,-0.733771+0.516737j,0.294235+0.139889j,0.578393
0.720775+0.412200j,-0.733723+0.517280j,0.293960+0.140175j,0.580095
0.720214+0.413363j,-0.733674+0.517822j,0.293684+0.140461j,0.581796
0.719652+0.414525j,-0.733624+0.518364j,0.293408+0.140746j,0.583498
0.719089+0.415687j,-0.733574+0.518906j,0.293132+0.141031j,0.585198
0.718523+0.416848j,-0.733522+0.519447j,0.292855+0.141316j,0.586899
0.717955+0.418008j,-0.733470+0.519989j,0.292578+0.141600j,0.588599
0.717386+0.419167j,-0.733417+0.520530j,0.292301+0.141883j,0.590299
0.716815+0.420326j,-0.733363+0.521071j,0.292024+0.142167j,0.591998
0.716241+0.421484j,-0.733308+0.521611j,0.291747+0.142449j,0.593697
0.715666+0.422641j,-0.733252+0.522151j,0.291469+0.142732j,0.595396
0.715090+0.423797j,-0.733196+0.522691j,0.291191+0.143014j,0.597094
0.714511+0.424953j,-0.733139+0.523231j,0.290913+0.143295j,0.598792
0.713930+0.426108j,-0.733081+0.523770j,0.290635+0.143576j,0.600490
0.713348+0.427262j,-0.733022+0.524310j,0.290356+0.143857j,0.602187
0.712764+0.428415j,-0.732962+0.524848j,0.290077+0.144137j,0.603884
0.712177+0.429568j,-0.732901+0.525387j,0.289798+0.144417j,0.605581
0.711589+0.430719j,-0.732840+0.525925j,0.289519+0.144696j,0.607277
0.711000+0.431870j,-0.732777+0.526463j,0.289239+0.144975j,0.608973
0.710408+0.433020j,-0.732714+0.527001j,0.288960+0.145254j,0.610669
0.709814+0.434170j,-0.732650+0.527538j,0.288680+0.145532j,0.612364
0.709219+0.435318j,-0.732585+0.528076j,0.288399+0.145809j,0.614059
0.708622+0.436466j,-0.732519+0.528612j,0.288119+0.146086j,0.615753
0.708023+0.437613j,-0.732453+0.529149j,0.287838+0.146363j,0.617447
0.707422+0.438759j,-0.732385+0.529685j,0.287557+0.146639j,0.619141
0.706819+0.439904j,-0.732317+0.530221j,0.287276+0.146915j,0.620834
0.706214+0.441049j,-0.732248+0.530757j,0.286995+0.147191j,0.622527
0.705608+0.442192j,-0.732178+0.531292j,0.286713+0.147465j,0.624220
0.705000+0.443335j,-0.732107+0.531827j,0.286432+0.147740j,0.625912
0.704389+0.444477j,-0.732036+0.532362j,0.286150+0.148014j,0.627604
0.703778+0.445619j,-0.731963+0.532897j,0.285867+0.148288j,0.629296
0.703164+0.446759j,-0.731890+0.533431j,0.285585+0.148561j,0.630987
0.702548+0.447899j,-0.731816+0.533965j,0.285302+0.148834j,0.632677
0.701931+0.449037j,-0.731741+0.534498j,0.285020+0.149106j,0.634368
0.701311+0.450175j,-0.731665+0.535032j,0.284736+0.149378j,0.636058
0.700690+0.451312j,-0.731588+0.535565j,0.284453+0.149649j,0.637748
0.700067+0.452449j,-0.731511+0.536097j,0.284170+0.149920j,0.639437
0.699442+0.453584j,-0.731432+0.536630j,0.283886+0.150191j,0.641126
0.698816+0.454719j,-0.731353+0.537162j,0.283602+0.150461j,0.642814
0.698187+0.455852j,-0.731273+0.537693j,0.283318+0.150731j,0.644502
0.697557+0.456985j,-0.731192+0.538225j,0.283034+0.151000j,0.646190
0.696925+0.458117j,-0.731110+0.538756j,0.282749+0.151268j,0.647877
0.696291+0.459248j,-0.731028+0.539287j,0.282464+0.151537j,0.649564
0.695655+0.460379j,-0.730944+0.539817j,0.282179+0.151805j,0.651251
0.695018+0.461508j,-0.730860+0.540347j,0.281894+0.152072j,0.652937
0.694378+0.462637j,-0.730775+0.540877j,0.281609+0.152339j,0.654623
0.693737+0.463765j,-0.730689+0.541407j,0.281323+0.152606j,0.656308
0.693094+0.464891j,-0.730602+0.541936j,0.281037+0.152872j,0.657993
0.692449+0.466017j,-0.730514+0.542465j,0.280752+0.153137j,0.659678
0.691802+0.467142j,-0.730426+0.542993j,0.280465+0.153402j,0.661362
0.691154+0.468267j,-0.730336+0.543521j,0.280179+0.153667j,0.663046
0.690503+0.469390j,-0.730246+0.544049j,0.279892+0.153931j,0.664729
0.689851+0.470512j,-0.730155+0.544577j,0.279606+0.154195j,0.666412
0.689197+0.471634j,-0.730063+0.545104j,0.279319+0.154459j,0.668095
0.688542+0.472755j,-0.729970+0.545631j,0.279031+0.154722j,0.669777
0.687884+0.473874j,-0.729877+0.546157j,0.278744+0.154984j,0.671459
0.687225+0.474993j,-0.729782+0.546683j,0.278457+0.155246j,0.673140
0.686564+0.476111j,-0.729687+0.547209j,0.278169+0.155508j,0.674821
0.685901+0.477228j,-0.729590+0.547735j,0.277881+0.155769j,0.676502
0.685236+0.478345j,-0.729493+0.548260j,0.277593+0.156030j,0.678182
0.684569+0.479460j,-0.729395+0.548784j,0.277304+0.156290j,0.679862
0.683901+0.480574j,-0.729297+0.549309j,0.277016+0.156550j,0.681541
0.683231+0.481688j,-0.729197+0.549833j,0.276727+0.156809j,0.683220
0.682559+0.482800j,-0.729097+0.550357j,0.276438+0.157068j,0.684898
0.681885+0.483912j,-0.728995+0.550880j,0.276149+0.157326j,0.686577
0.681209+0.485022j,-0.728893+0.551403j,0.275860+0.157584j,0.688254
0.680532+0.486132j,-0.728790+0.551926j,0.275570+0.157842j,0.689931
0.679853+0.487241j,-0.728686+0.552448j,0.275281+0.158099j,0.691608
0.679172+0.488349j,-0.728581+0.552970j,0.274991+0.158355j,0.693285
0.678489+0.489456j,-0.728476+0.553492j,0.274701+0.158611j,0.694961
0.677804+0.490562j,-0.728369+0.554013j,0.274411+0.158867j,0.696636
0.677118+0.491667j,-0.728262+0.554534j,0.274120+0.159122j,0.698312
0.676430+0.492771j,-0.728154+0.555054j,0.273830+0.159377j,0.699986
0.675740+0.493874j,-0.728045+0.555574j,0.273539+0.159631j,0.701661
0.675048+0.494976j,-0.727935+0.556094j,0.273248+0.159885j,0.703334
0.674355+0.496078j,-0.727824+0.556614j,0.272957+0.160139j,0.705008
0.673659+0.497178j,-0.727712+0.557133j,0.272666+0.160392j,0.706681
0.672962+0.498277j,-0.727600+0.557651j,0.272374+0.160644j,0.708354
0.672263+0.499376j,-0.727486+0.558170j,0.272083+0.160896j,0.710026
0.671563+0.500473j,-0.727372+0.558688j,0.271791+0.161148j,0.711697
0.670860+0.501570j,-0.727257+0.559205j,0.271499+0.161399j,0.713369
0.670156+0.502665j,-0.727141+0.559722j,0.271207+0.161649j,0.715040
0.669450+0.503760j,-0.727024+0.560239j,0.270915+0.161900j,0.716710
0.668742+0.504853j,-0.726907+0.560756j,0.270622+0.162149j,0.718380
0.668033+0.505946j,-0.726788+0.561272j,0.270330+0.162399j,0.720050
0.667321+0.507038j,-0.726669+0.561787j,0.270037+0.162647j,0.721719
0.666608+0.508128j,-0.726549+0.562303j,0.269744+0.162896j,0.723387
0.665894+0.509218j,-0.726428+0.562817j,0.269451+0.163144j,0.725056
0.665177+0.510307j,-0.726306+0.563332j,0.269157+0.163391j,0.726723
0.664459+0.511394j,-0.726183+0.563846j,0.268864+0.163638j,0.728391
0.663738+0.512481j,-0.726059+0.564360j,0.268570+0.163885j,0.730057
0.663017+0.513567j,-0.725935+0.564873j,0.268276+0.164131j,0.731724
0.662293+0.514651j,-0.725809+0.565386j,0.267982+0.164376j,0.733390
0.661567+0.515735j,-0.725683+0.565898j,0.267688+0.164621j,0.735055
0.660840+0.516818j,-0.725556+0.566411j,0.267394+0.164866j,0.736721
0.660111+0.517899j,-0.725428+0.566922j,0.267100+0.165110j,0.738385
0.659381+0.518980j,-0.725299+0.567434j,0.266805+0.165354j,0.740049
0.658648+0.520060j,-0.725169+0.567945j,0.266510+0.165597j,0.741713
0.657914+0.521138j,-0.725039+0.568455j,0.266215+0.165840j,0.743376
0.657178+0.522216j,-0.724907+0.568965j,0.265920+0.166082j,0.745039
0.656440+0.523292j,-0.724775+0.569475j,0.265625+0.166324j,0.746701
0.655701+0.524368j,-0.724642+0.569984j,0.265330+0.166566j,0.748363
0.654960+0.525442j,-0.724508+0.570493j,0.265034+0.166807j,0.750025
0.654217+0.526516j,-0.724373+0.571001j,0.264739+0.167047j,0.751686
0.653472+0.527588j,-0.724237+0.571510j,0.264443+0.167287j,0.753346
0.652725+0.528660j,-0.724100+0.572017j,0.264147+0.167527j,0.755006
0.651977+0.529730j,-0.723963+0.572524j,0.263851+0.167766j,0.756666
0.651227+0.530799j,-0.723824+0.573031j,0.263554+0.168004j,0.758325
0.650476+0.531868j,-0.723685+0.573538j,0.263258+0.168243j,0.759984
0.649722+0.532935j,-0.723545+0.574043j,0.262961+0.168480j,0.761642
0.648967+0.534001j,-0.723404+0.574549j,0.262665+0.168718j,0.763299
0.648210+0.535066j,-0.723262+0.575054j,0.262368+0.168954j,0.764957
0.647452+0.536130j,-0.723119+0.575559j,0.262071+0.169191j,0.766613
0.646691+0.537193j,-0.722976+0.576063j,0.261774+0.169427j,0.768270
0.645929+0.538255j,-0.722831+0.576567j,0.261476+0.169662j,0.769926
0.645165+0.539316j,-0.722686+0.577070j,0.261179+0.169897j,0.771581
0.644400+0.540376j,-0.722540+0.577573j,0.260881+0.170131j,0.773236
0.643632+0.541435j,-0.722392+0.578076j,0.260584+0.170365j,0.774890
0.642863+0.542492j,-0.722244+0.578578j,0.260286+0.170599j,0.776544
0.642093+0.543549j,-0.722096+0.579079j,0.259988+0.170832j,0.778197
0.641320+0.544604j,-0.721946+0.579581j,0.259690+0.171064j,0.779850
0.640546+0.545659j,-0.721795+0.580081j,0.259392+0.171296j,0.781503
0.639770+0.546712j,-0.721644+0.580582j,0.259093+0.171528j,0.783155
0.638992+0.547764j,-0.721491+0.581082j,0.258795+0.171759j,0.784806
0.638213+0.548816j,-0.721338+0.581581j,0.258496+0.171990j,0.786457
0.637432+0.549866j,-0.721184+0.582080j,0.258197+0.172220j,0.788108
0.636649+0.550915j,-0.721029+0.582579j,0.257898+0.172450j,0.789758
0.635865+0.551963j,-0.720873+0.583077j,0.257599+0.172679j,0.791407
0.635079+0.553009j,-0.720717+0.583574j,0.257300+0.172908j,0.793056
0.634291+0.554055j,-0.720559+0.584071j,0.257001+0.173137j,0.794705
0.633501+0.555100j,-0.720400+0.584568j,0.256702+0.173364j,0.796353
0.632710+0.556143j,-0.720241+0.585064j,0.256402+0.173592j,0.798000
0.631917+0.557185j,-0.720081+0.585560j,0.256102+0.173819j,0.799647
0.631122+0.558227j,-0.719920+0.586056j,0.255803+0.174045j,0.801294
0.630326+0.559267j,-0.719758+0.586550j,0.255503+0.174271j,0.802940
0.629527+0.560306j,-0.719595+0.587045j,0.255203+0.174497j,0.804585
0.628728+0.561344j,-0.719431+0.587539j,0.254903+0.174722j,0.806230
0.627926+0.562380j,-0.719267+0.588032j,0.254602+0.174947j,0.807875
0.627123+0.563416j,-0.719101+0.588525j,0.254302+0.175171j,0.809519
0.626318+0.564450j,-0.718935+0.589018j,0.254001+0.175395j,0.811163
0.625511+0.565484j,-0.718767+0.589510j,0.253701+0.175618j,0.812806
0.624703+0.566516j,-0.718599+0.590001j,0.253400+0.175841j,0.814448
0.623893+0.567547j,-0.718430+0.590493j,0.253099+0.176063j,0.816090
0.623081+0.568577j,-0.718260+0.590983j,0.252798+0.176285j,0.817732
0.622268+0.569606j,-0.718089+0.591473j,0.252497+0.176506j,0.819373
0.621453+0.570633j,-0.717918+0.591963j,0.252196+0.176727j,0.821013
0.620636+0.571660j,-0.717745+0.592452j,0.251895+0.176947j,0.822653
0.619818+0.572685j,-0.717572+0.592941j,0.251593+0.177167j,0.824293
0.618998+0.573709j,-0.717397+0.593429j,0.251292+0.177387j,0.825931
0.618176+0.574732j,-0.717222+0.593917j,0.250990+0.177606j,0.827570
0.617353+0.575754j,-0.717046+0.594404j,0.250689+0.177824j,0.829208
0.616527+0.576775j,-0.716869+0.594891j,0.250387+0.178042j,0.830845
0.615701+0.577794j,-0.716691+0.595377j,0.250085+0.178260j,0.832482
0.614872+0.578813j,-0.716512+0.595863j,0.249783+0.178477j,0.834118
0.614042+0.579830j,-0.716333+0.596348j,0.249481+0.178694j,0.835754
0.613210+0.580846j,-0.716152+0.596833j,0.249178+0.178910j,0.837390
0.612377+0.581861j,-0.715971+0.597317j,0.248876+0.179125j,0.839024
0.611542+0.582874j,-0.715789+0.597801j,0.248574+0.179341j,0.840659
0.610705+0.583887j,-0.715605+0.598284j,0.248271+0.179556j,0.842292
0.609866+0.584898j,-0.715421+0.598767j,0.247969+0.179770j,0.843926
0.609026+0.585908j,-0.715236+0.599249j,0.247666+0.179984j,0.845558
0.608184+0.586917j,-0.715051+0.599731j,0.247363+0.180197j,0.847190
0.607341+0.587925j,-0.714864+0.600212j,0.247060+0.180410j,0.848822
0.606496+0.588931j,-0.714676+0.600692j,0.246757+0.180622j,0.850453
0.605649+0.589936j,-0.714488+0.601173j,0.246454+0.180834j,0.852084
0.604801+0.590941j,-0.714298+0.601652j,0.246151+0.181046j,0.853714
0.603951+0.591943j,-0.714108+0.602131j,0.245847+0.181257j,0.855343
0.603099+0.592945j,-0.713917+0.602610j,0.245544+0.181467j,0.856972
0.602246+0.593946j,-0.713725+0.603088j,0.245241+0.181677j,0.858600
0.601391+0.594945j,-0.713532+0.603566j,0.244937+0.181887j,0.860228
0.600534+0.595943j,-0.713338+0.604043j,0.244633+0.182096j,0.861856
0.599676+0.596940j,-0.713143+0.604519j,0.244330+0.182305j,0.863482
0.598816+0.597935j,-0.712948+0.604995j,0.244026+0.182513j,0.865109
0.597954+0.598930j,-0.712751+0.605471j,0.243722+0.182721j,0.866734
0.597091+0.599923j,-0.712554+0.605946j,0.243418+0.182928j,0.868359
0.596226+0.600915j,-0.712355+0.606420j,0.243114+0.183135j,0.869984
0.595360+0.601905j,-0.712156+0.606894j,0.242810+0.183341j,0.871608
0.594492+0.602895j,-0.711956+0.607367j,0.242505+0.183547j,0.873232
0.593622+0.603883j,-0.711755+0.607840j,0.242201+0.183752j,0.874855
0.592751+0.604870j,-0.711553+0.608312j,0.241897+0.183957j,0.876477
0.591878+0.605856j,-0.711350+0.608784j,0.241592+0.184162j,0.878099
0.591003+0.606840j,-0.711147+0.609255j,0.241288+0.184366j,0.879720
0.590127+0.607823j,-0.710942+0.609725j,0.240983+0.184569j,0.881341
0.589249+0.608805j,-0.710737+0.610195j,0.240678+0.184772j,0.882961
0.588369+0.609786j,-0.710530+0.610665j,0.240374+0.184975j,0.884581
0.587488+0.610766j,-0.710323+0.611134j,0.240069+0.185177j,0.886200
0.586606+0.611744j,-0.710115+0.611602j,0.239764+0.185378j,0.887818
0.585721+0.612721j,-0.709906+0.612070j,0.239459+0.185580j,0.889436
0.584835+0.613696j,-0.709696+0.612537j,0.239154+0.185780j,0.891054
0.583948+0.614671j,-0.709485+0.613004j,0.238849+0.185980j,0.892671
0.583059+0.615644j,-0.709273+0.613470j,0.238543+0.186180j,0.894287
0.582168+0.616616j,-0.709060+0.613936j,0.238238+0.186380j,0.895903
0.581276+0.617586j,-0.708847+0.614401j,0.237933+0.186578j,0.897518
0.580382+0.618556j,-0.708632+0.614865j,0.237627+0.186777j,0.899132
0.579486+0.619524j,-0.708417+0.615329j,0.237322+0.186975j,0.900746
0.578589+0.620491j,-0.708201+0.615792j,0.237016+0.187172j,0.902360
0.577690+0.621456j,-0.707984+0.616255j,0.236711+0.187369j,0.903973
0.576790+0.622420j,-0.707766+0.616717j,0.236405+0.187565j,0.905585
0.575888+0.623383j,-0.707547+0.617179j,0.236099+0.187761j,0.907197
0.574984+0.624345j,-0.707327+0.617640j,0.235794+0.187957j,0.908808
0.574079+0.625305j,-0.707106+0.618100j,0.235488+0.188152j,0.910419
0.573172+0.626264j,-0.706884+0.618560j,0.235182+0.188347j,0.912029
0.572264+0.627222j,-0.706662+0.619019j,0.234876+0.188541j,0.913638
0.571354+0.628178j,-0.706438+0.619478j,0.234570+0.188734j,0.915247
0.570443+0.629133j,-0.706214+0.619936j,0.234264+0.188928j,0.916855
0.569530+0.630087j,-0.705989+0.620393j,0.233958+0.189120j,0.918463
0.568615+0.631040j,-0.705763+0.620850j,0.233652+0.189313j,0.920070
0.567699+0.631991j,-0.705536+0.621307j,0.233345+0.189504j,0.921677
0.566781+0.632941j,-0.705308+0.621762j,0.233039+0.189696j,0.923283
0.565862+0.633889j,-0.705079+0.622217j,0.232733+0.189887j,0.924888
0.564941+0.634836j,-0.704849+0.622672j,0.232426+0.190077j,0.926493
0.564018+0.635782j,-0.704618+0.623126j,0.232120+0.190267j,0.928097
0.563094+0.636727j,-0.704387+0.623579j,0.231813+0.190456j,0.929701
0.562168+0.637670j,-0.704154+0.624032j,0.231507+0.190645j,0.931304
0.561241+0.638612j,-0.703921+0.624484j,0.231200+0.190834j,0.932906
0.560312+0.639552j,-0.703686+0.624935j,0.230894+0.191022j,0.934508
0.559382+0.640492j,-0.703451+0.625386j,0.230587+0.191210j,0.936109
0.558450+0.641430j,-0.703215+0.625836j,0.230280+0.191397j,0.937710
0.557517+0.642366j,-0.702978+0.626286j,0.229974+0.191584j,0.939310
0.556582+0.643301j,-0.702740+0.626735j,0.229667+0.191770j,0.940909
0.555645+0.644235j,-0.702501+0.627183j,0.229360+0.191956j,0.942508
0.554707+0.645168j,-0.702262+0.627631j,0.229053+0.192141j,0.944107
0.553767+0.646099j,-0.702021+0.628078j,0.228746+0.192326j,0.945704
0.552826+0.647029j,-0.701779+0.628525j,0.228439+0.192510j,0.947301
0.551883+0.647957j,-0.701537+0.628971j,0.228132+0.192694j,0.948898
0.550939+0.648884j,-0.701293+0.629416j,0.227825+0.192877j,0.950494
0.549993+0.649810j,-0.701049+0.629860j,0.227518+0.193060j,0.952089
0.549046+0.650734j,-0.700804+0.630304j,0.227211+0.193243j,0.953684
0.548097+0.651657j,-0.700558+0.630748j,0.226904+0.193425j,0.955278
0.547147+0.652579j,-0.700311+0.631190j,0.226597+0.193606j,0.956871
0.546195+0.653499j,-0.700063+0.631632j,0.226290+0.193788j,0.958464
0.545241+0.654418j,-0.699814+0.632074j,0.225982+0.193968j,0.960056
0.544286+0.655335j,-0.699564+0.632515j,0.225675+0.194148j,0.961648
0.543329+0.656251j,-0.699314+0.632955j,0.225368+0.194328j,0.963239
0.542371+0.657166j,-0.699062+0.633394j,0.225060+0.194507j,0.964830
0.541412+0.658080j,-0.698810+0.633833j,0.224753+0.194686j,0.966419
0.540451+0.658991j,-0.698556+0.634271j,0.224446+0.194865j,0.968009
0.539488+0.659902j,-0.698302+0.634709j,0.224138+0.195043j,0.969597
0.538524+0.660811j,-0.698047+0.635146j,0.223831+0.195220j,0.971185
0.537558+0.661719j,-0.697790+0.635582j,0.223524+0.195397j,0.972772
0.536591+0.662625j,-0.697533+0.636017j,0.223216+0.195573j,0.974359
0.535622+0.663530j,-0.697275+0.636452j,0.222909+0.195749j,0.975945
0.534652+0.664434j,-0.697017+0.636887j,0.222601+0.195925j,0.977531
0.533680+0.665336j,-0.696757+0.637320j,0.222294+0.196100j,0.979116
0.532707+0.666237j,-0.696496+0.637753j,0.221986+0.196275j,0.980700
0.531732+0.667136j,-0.696234+0.638185j,0.221678+0.196449j,0.982284
0.530756+0.668034j,-0.695972+0.638617j,0.221371+0.196623j,0.983867
0.529778+0.668931j,-0.695708+0.639048j,0.221063+0.196796j,0.985449
0.528799+0.669826j,-0.695444+0.639478j,0.220756+0.196969j,0.987031
0.527818+0.670719j,-0.695179+0.639907j,0.220448+0.197141j,0.988612
0.526836+0.671612j,-0.694913+0.640336j,0.220140+0.197313j,0.990192
0.525852+0.672502j,-0.694646+0.640764j,0.219833+0.197485j,0.991772
0.524867+0.673392j,-0.694378+0.641192j,0.219525+0.197656j,0.993351
0.523880+0.674280j,-0.694109+0.641619j,0.219217+0.197826j,0.994930
0.522892+0.675166j,-0.693839+0.642045j,0.218910+0.197996j,0.996508
0.521902+0.676051j,-0.693568+0.642470j,0.218602+0.198166j,0.998085
0.520911+0.676935j,-0.693296+0.642895j,0.218294+0.198335j,0.999662
0.519919+0.677817j,-0.693024+0.643319j,0.217987+0.198504j,1.001238
0.518924+0.678698j,-0.692750+0.643742j,0.217679+0.198672j,1.002813
0.517929+0.679577j,-0.692476+0.644165j,0.217371+0.198840j,1.004388
0.516932+0.680455j,-0.692200+0.644587j,0.217063+0.199007j,1.005962
0.515933+0.681332j,-0.691924+0.645008j,0.216756+0.199174j,1.007536
0.514933+0.682207j,-0.691647+0.645428j,0.216448+0.199341j,1.009109
0.513932+0.683080j,-0.691369+0.645848j,0.216140+0.199507j,1.010681
0.512929+0.683952j,-0.691090+0.646267j,0.215832+0.199672j,1.012253
0.511924+0.684823j,-0.690810+0.646685j,0.215525+0.199837j,1.013824
0.510919+0.685692j,-0.690529+0.647103j,0.215217+0.200002j,1.015394
0.509911+0.686560j,-0.690247+0.647520j,0.214909+0.200166j,1.016963
0.508903+0.687426j,-0.689964+0.647936j,0.214601+0.200330j,1.018532
0.507892+0.688291j,-0.689681+0.648352j,0.214294+0.200493j,1.020101
0.506881+0.689154j,-0.689396+0.648766j,0.213986+0.200656j,1.021668
0.505868+0.690016j,-0.689111+0.649181j,0.213678+0.200819j,1.023235
0.504853+0.690876j,-0.688824+0.649594j,0.213370+0.200980j,1.024802
0.503837+0.691735j,-0.688537+0.650006j,0.213063+0.201142j,1.026368
0.502819+0.692592j,-0.688249+0.650418j,0.212755+0.201303j,1.027933
0.501801+0.693448j,-0.687960+0.650829j,0.212447+0.201464j,1.029497
0.500780+0.694303j,-0.687670+0.651240j,0.212140+0.201624j,1.031061
0.499758+0.695156j,-0.687379+0.651649j,0.211832+0.201783j,1.032624
0.498735+0.696007j,-0.687087+0.652058j,0.211524+0.201943j,1.034186
0.497711+0.696857j,-0.686794+0.652466j,0.211216+0.202101j,1.035748
0.496684+0.697705j,-0.686500+0.652874j,0.210909+0.202260j,1.037309
0.495657+0.698552j,-0.686205+0.653280j,0.210601+0.202418j,1.038870
0.494628+0.699398j,-0.685910+0.653686j,0.210293+0.202575j,1.040429
0.493598+0.700242j,-0.685613+0.654091j,0.209986+0.202732j,1.041989
0.492566+0.701084j,-0.685316+0.654496j,0.209678+0.202889j,1.043547
0.491533+0.701925j,-0.685018+0.654900j,0.209371+0.203045j,1.045105
0.490498+0.702764j,-0.684718+0.655302j,0.209063+0.203200j,1.046662
0.489462+0.703602j,-0.684418+0.655705j,0.208756+0.203356j,1.048218
0.488425+0.704439j,-0.684117+0.656106j,0.208448+0.203510j,1.049774
0.487386+0.705274j,-0.683815+0.656506j,0.208140+0.203665j,1.051329
0.486345+0.706107j,-0.683512+0.656906j,0.207833+0.203819j,1.052884
0.485304+0.706939j,-0.683208+0.657305j,0.207525+0.203972j,1.054437
0.484261+0.707769j,-0.682903+0.657704j,0.207218+0.204125j,1.055990
0.483216+0.708598j,-0.682598+0.658101j,0.206911+0.204278j,1.057543
0.482170+0.709425j,-0.682291+0.658498j,0.206603+0.204430j,1.059095
0.481123+0.710251j,-0.681983+0.658894j,0.206296+0.204581j,1.060646
0.480074+0.711075j,-0.681675+0.659289j,0.205988+0.204733j,1.062196
0.479024+0.711898j,-0.681366+0.659683j,0.205681+0.204883j,1.063746
0.477973+0.712719j,-0.681055+0.660077j,0.205374+0.205034j,1.065295
0.476920+0.713538j,-0.680744+0.660470j,0.205066+0.205184j,1.066843
0.475866+0.714356j,-0.680432+0.660862j,0.204759+0.205333j,1.068391
0.474810+0.715173j,-0.680119+0.661253j,0.204452+0.205482j,1.069938
0.473753+0.715988j,-0.679805+0.661643j,0.204145+0.205631j,1.071484
0.472695+0.716801j,-0.679490+0.662033j,0.203838+0.205779j,1.073030
0.471635+0.717613j,-0.679174+0.662422j,0.203530+0.205926j,1.074574
0.470574+0.718423j,-0.678857+0.662810j,0.203223+0.206074j,1.076119
0.469511+0.719232j,-0.678539+0.663197j,0.202916+0.206221j,1.077662
0.468447+0.720039j,-0.678221+0.663583j,0.202609+0.206367j,1.079205
0.467382+0.720845j,-0.677901+0.663969j,0.202302+0.206513j,1.080747
0.466316+0.721649j,-0.677581+0.664354j,0.201995+0.206658j,1.082289
0.465248+0.722451j,-0.677259+0.664738j,0.201688+0.206804j,1.083829
0.464178+0.723252j,-0.676937+0.665121j,0.201381+0.206948j,1.085369
0.463108+0.724051j,-0.676614+0.665503j,0.201074+0.207092j,1.086909
0.462035+0.724849j,-0.676289+0.665885j,0.200768+0.207236j,1.088447
0.460962+0.725645j,-0.675964+0.666265j,0.200461+0.207379j,1.089985
0.459887+0.726440j,-0.675638+0.666645j,0.200154+0.207522j,1.091523
0.458811+0.727233j,-0.675311+0.667024j,0.199847+0.207665j,1.093059
0.457734+0.728024j,-0.674984+0.667402j,0.199541+0.207807j,1.094595
0.456655+0.728814j,-0.674655+0.667780j,0.199234+0.207948j,1.096130
0.455575+0.729602j,-0.674325+0.668156j,0.198927+0.208090j,1.097665
0.454493+0.730389j,-0.673995+0.668532j,0.198621+0.208230j,1.099198
0.453410+0.731174j,-0.673663+0.668907j,0.198314+0.208371j,1.100731
0.452326+0.731958j,-0.673330+0.669281j,0.198008+0.208511j,1.102264
0.451241+0.732740j,-0.672997+0.669654j,0.197702+0.208650j,1.103795
0.450154+0.733520j,-0.672663+0.670026j,0.197395+0.208789j,1.105326
0.449066+0.734299j,-0.672328+0.670398j,0.197089+0.208928j,1.106856
0.447976+0.735076j,-0.671991+0.670768j,0.196783+0.209066j,1.108386
0.446885+0.735851j,-0.671654+0.671138j,0.196476+0.209203j,1.109915
0.445793+0.736625j,-0.671316+0.671507j,0.196170+0.209341j,1.111443
0.444700+0.737397j,-0.670977+0.671875j,0.195864+0.209478j,1.112970
0.443605+0.738168j,-0.670638+0.672242j,0.195558+0.209614j,1.114497
0.442509+0.738937j,-0.670297+0.672609j,0.195252+0.209750j,1.116022
0.441412+0.739705j,-0.669955+0.672974j,0.194946+0.209886j,1.117548
0.440313+0.740470j,-0.669613+0.673339j,0.194640+0.210021j,1.119072
0.439213+0.741235j,-0.669269+0.673702j,0.194334+0.210156j,1.120596
0.438112+0.741997j,-0.668925+0.674065j,0.194028+0.210290j,1.122119
0.437009+0.742758j,-0.668579+0.674427j,0.193723+0.210424j,1.123641
0.435905+0.743517j,-0.668233+0.674788j,0.193417+0.210557j,1.125163
0.434800+0.744275j,-0.667886+0.675148j,0.193111+0.210690j,1.126683
0.433693+0.745031j,-0.667538+0.675508j,0.192806+0.210823j,1.128204
0.432585+0.745786j,-0.667189+0.675866j,0.192500+0.210955j,1.129723
0.431476+0.746538j,-0.666839+0.676224j,0.192195+0.211087j,1.131242
0.430366+0.747290j,-0.666488+0.676580j,0.191889+0.211218j,1.132760
0.429254+0.748039j,-0.666136+0.676936j,0.191584+0.211349j,1.134277
0.428141+0.748787j,-0.665783+0.677291j,0.191279+0.211480j,1.135793
0.427027+0.749533j,-0.665430+0.677645j,0.190974+0.211610j,1.137309
0.425911+0.750278j,-0.665075+0.677998j,0.190668+0.211739j,1.138824
0.424795+0.751021j,-0.664720+0.678350j,0.190363+0.211869j,1.140338
0.423676+0.751762j,-0.664363+0.678701j,0.190058+0.211998j,1.141852
0.422557+0.752502j,-0.664006+0.679051j,0.189753+0.212126j,1.143364
0.421436+0.753240j,-0.663648+0.679401j,0.189448+0.212254j,1.144877
0.420315+0.753976j,-0.663289+0.679749j,0.189144+0.212381j,1.146388
0.419191+0.754711j,-0.662929+0.680097j,0.188839+0.212509j,1.147898
0.418067+0.755444j,-0.662568+0.680443j,0.188534+0.212635j,1.149408
0.416941+0.756175j,-0.662206+0.680789j,0.188229+0.212762j,1.150917
0.415814+0.756905j,-0.661843+0.681134j,0.187925+0.212888j,1.152426
0.414686+0.757633j,-0.661479+0.681478j,0.187620+0.213013j,1.153933
0.413557+0.758359j,-0.661115+0.681821j,0.187316+0.213138j,1.155440
0.412426+0.759084j,-0.660749+0.682163j,0.187012+0.213263j,1.156946
0.411294+0.759807j,-0.660383+0.682504j,0.186707+0.213387j,1.158451
0.410161+0.760528j,-0.660015+0.682844j,0.186403+0.213511j,1.159956
0.409026+0.761248j,-0.659647+0.683183j,0.186099+0.213634j,1.161460
0.407891+0.761966j,-0.659278+0.683521j,0.185795+0.213757j,1.162963
0.406754+0.762682j,-0.658908+0.683859j,0.185491+0.213880j,1.164465
0.405616+0.763397j,-0.658537+0.684195j,0.185187+0.214002j,1.165967
0.404476+0.764110j,-0.658165+0.684530j,0.184883+0.214124j,1.167468
0.403336+0.764821j,-0.657792+0.684865j,0.184579+0.214245j,1.168968
0.402194+0.765530j,-0.657418+0.685198j,0.184276+0.214366j,1.170467
0.401051+0.766238j,-0.657043+0.685531j,0.183972+0.214487j,1.171966
0.399906+0.766944j,-0.656668+0.685863j,0.183669+0.214607j,1.173463
0.398761+0.767649j,-0.656291+0.686193j,0.183365+0.214727j,1.174960
0.397614+0.768351j,-0.655914+0.686523j,0.183062+0.214846j,1.176457
0.396466+0.769052j,-0.655536+0.686851j,0.182758+0.214965j,1.177952
0.395317+0.769752j,-0.655156+0.687179j,0.182455+0.215084j,1.179447
0.394167+0.770449j,-0.654776+0.687506j,0.182152+0.215202j,1.180941
0.393015+0.771145j,-0.654395+0.687832j,0.181849+0.215320j,1.182434
0.391862+0.771840j,-0.654013+0.688156j,0.181546+0.215437j,1.183927
0.390708+0.772532j,-0.653630+0.688480j,0.181243+0.215554j,1.185418
0.389553+0.773223j,-0.653247+0.688803j,0.180940+0.215670j,1.186909
0.388397+0.773912j,-0.652862+0.689125j,0.180638+0.215786j,1.188399
0.387239+0.774599j,-0.652477+0.689446j,0.180335+0.215902j,1.189889
0.386080+0.775285j,-0.652090+0.689765j,0.180032+0.216018j,1.191377
0.384920+0.775969j,-0.651703+0.690084j,0.179730+0.216132j,1.192865
0.383759+0.776651j,-0.651314+0.690402j,0.179428+0.216247j,1.194352
0.382597+0.777332j,-0.650925+0.690719j,0.179125+0.216361j,1.195838
0.381433+0.778010j,-0.650535+0.691035j,0.178823+0.216475j,1.197324
0.380268+0.778687j,-0.650144+0.691350j,0.178521+0.216588j,1.198808
0.379103+0.779363j,-0.649752+0.691663j,0.178219+0.216701j,1.200292
0.377935+0.780036j,-0.649360+0.691976j,0.177917+0.216814j,1.201775
0.376767+0.780708j,-0.648966+0.692288j,0.177615+0.216926j,1.203258
0.375598+0.781378j,-0.648571+0.692599j,0.177313+0.217037j,1.204739
0.374427+0.782046j,-0.648176+0.692909j,0.177012+0.217149j,1.206220
0.373256+0.782713j,-0.647779+0.693217j,0.176710+0.217260j,1.207700
0.372083+0.783378j,-0.647382+0.693525j,0.176409+0.217370j,1.209179
0.370909+0.784041j,-0.646984+0.693832j,0.176107+0.217480j,1.210658
0.369733+0.784702j,-0.646585+0.694137j,0.175806+0.217590j,1.212135
0.368557+0.785362j,-0.646185+0.694442j,0.175505+0.217699j,1.213612
0.367379+0.786020j,-0.645784+0.694746j,0.175204+0.217808j,1.215088
0.366201+0.786676j,-0.645382+0.695048j,0.174903+0.217917j,1.216563
0.365021+0.787330j,-0.644980+0.695350j,0.174602+0.218025j,1.218038
0.363840+0.787983j,-0.644576+0.695650j,0.174301+0.218133j,1.219512
0.362658+0.788634j,-0.644172+0.695950j,0.174000+0.218240j,1.220984
0.361475+0.789283j,-0.643766+0.696248j,0.173700+0.218347j,1.222457
0.360290+0.789930j,-0.643360+0.696545j,0.173399+0.218454j,1.223928
0.359105+0.790575j,-0.642953+0.696842j,0.173099+0.218560j,1.225398
0.357918+0.791219j,-0.642545+0.697137j,0.172798+0.218666j,1.226868
0.356730+0.791861j,-0.642136+0.697431j,0.172498+0.218772j,1.228337
0.355541+0.792501j,-0.641727+0.697724j,0.172198+0.218877j,1.229805
0.354351+0.793140j,-0.641316+0.698016j,0.171898+0.218981j,1.231272
0.353160+0.793776j,-0.640904+0.698307j,0.171598+0.219086j,1.232739
0.351968+0.794411j,-0.640492+0.698597j,0.171298+0.219190j,1.234204
0.350775+0.795045j,-0.640079+0.698886j,0.170999+0.219293j,1.235669
0.349580+0.795676j,-0.639664+0.699173j,0.170699+0.219396j,1.237133
0.348384+0.796305j,-0.639249+0.699460j,0.170400+0.219499j,1.238596
0.347188+0.796933j,-0.638833+0.699746j,0.170100+0.219602j,1.240059
0.345990+0.797559j,-0.638417+0.700030j,0.169801+0.219704j,1.241520
0.344791+0.798183j,-0.637999+0.700314j,0.169502+0.219805j,1.242981
0.343591+0.798806j,-0.637580+0.700596j,0.169203+0.219906j,1.244441
0.342390+0.799426j,-0.637161+0.700877j,0.168904+0.220007j,1.245900
0.341188+0.800045j,-0.636741+0.701157j,0.168605+0.220108j,1.247359
0.339984+0.800662j,-0.636319+0.701436j,0.168306+0.220208j,1.248816
0.338780+0.801277j,-0.635897+0.701714j,0.168007+0.220308j,1.250273
0.337574+0.801891j,-0.635474+0.701991j,0.167709+0.220407j,1.251729
0.336368+0.802502j,-0.635050+0.702267j,0.167410+0.220506j,1.253184
0.335160+0.803112j,-0.634626+0.702541j,0.167112+0.220605j,1.254638
0.333951+0.803720j,-0.634200+0.702815j,0.166814+0.220703j,1.256091
0.332742+0.804326j,-0.633774+0.703087j,0.166516+0.220801j,1.257544
0.331531+0.804931j,-0.633346+0.703358j,0.166218+0.220898j,1.258996
0.330319+0.805533j,-0.632918+0.703629j,0.165920+0.220995j,1.260447
0.329106+0.806134j,-0.632489+0.703898j,0.165622+0.221092j,1.261897
0.327892+0.806733j,-0.632059+0.704165j,0.165325+0.221188j,1.263346
0.326677+0.807330j,-0.631628+0.704432j,0.165027+0.221284j,1.264794
0.325460+0.807926j,-0.631197+0.704698j,0.164730+0.221380j,1.266242
0.324243+0.808519j,-0.630764+0.704962j,0.164432+0.221475j,1.267689
0.323025+0.809111j,-0.630331+0.705226j,0.164135+0.221570j,1.269135
0.321805+0.809701j,-0.629897+0.705488j,0.163838+0.221665j,1.270580
0.320585+0.810289j,-0.629462+0.705749j,0.163541+0.221759j,1.272024
0.319364+0.810875j,-0.629026+0.706009j,0.163244+0.221853j,1.273468
0.318141+0.811459j,-0.628589+0.706268j,0.162948+0.221946j,1.274910
0.316918+0.812042j,-0.628151+0.706525j,0.162651+0.222039j,1.276352
0.315693+0.812622j,-0.627713+0.706782j,0.162355+0.222132j,1.277793
0.314467+0.813201j,-0.627273+0.707037j,0.162058+0.222224j,1.279233
0.313241+0.813778j,-0.626833+0.707291j,0.161762+0.222316j,1.280672
0.312013+0.814353j,-0.626392+0.707544j,0.161466+0.222408j,1.282111
0.310784+0.814927j,-0.625950+0.707796j,0.161170+0.222499j,1.283548
0.309555+0.815498j,-0.625507+0.708047j,0.160874+0.222590j,1.284985
0.308324+0.816068j,-0.625064+0.708297j,0.160578+0.222680j,1.286421
0.307092+0.816636j,-0.624619+0.708545j,0.160282+0.222770j,1.287856
0.305859+0.817202j,-0.624174+0.708792j,0.159987+0.222860j,1.289290
0.304626+0.817766j,-0.623728+0.709038j,0.159692+0.222950j,1.290723
0.303391+0.818328j,-0.623281+0.709283j,0.159396+0.223039j,1.292155
0.302155+0.818888j,-0.622833+0.709526j,0.159101+0.223127j,1.293587
0.300918+0.819447j,-0.622384+0.709769j,0.158806+0.223216j,1.295018
0.299680+0.820004j,-0.621935+0.710010j,0.158511+0.223304j,1.296448
0.298441+0.820558j,-0.621484+0.710250j,0.158216+0.223391j,1.297877
0.297202+0.821111j,-0.621033+0.710489j,0.157922+0.223479j,1.299305
0.295961+0.821663j,-0.620581+0.710727j,0.157627+0.223565j,1.300732
0.294719+0.822212j,-0.620128+0.710963j,0.157333+0.223652j,1.302159
0.293476+0.822759j,-0.619675+0.711198j,0.157039+0.223738j,1.303584
0.292232+0.823305j,-0.619220+0.711432j,0.156744+0.223824j,1.305009
0.290988+0.823848j,-0.618765+0.711665j,0.156450+0.223910j,1.306433
0.289742+0.824390j,-0.618309+0.711897j,0.156156+0.223995j,1.307856
0.288495+0.824930j,-0.617852+0.712127j,0.155863+0.224079j,1.309278
0.287248+0.825468j,-0.617394+0.712357j,0.155569+0.224164j,1.310699
0.285999+0.826004j,-0.616935+0.712585j,0.155276+0.224248j,1.312119
0.284749+0.826538j,-0.616476+0.712811j,0.154982+0.224332j,1.313539
0.283499+0.827071j,-0.616016+0.713037j,0.154689+0.224415j,1.314958
0.282247+0.827601j,-0.615554+0.713261j,0.154396+0.224498j,1.316375
0.280995+0.828130j,-0.615093+0.713484j,0.154103+0.224581j,1.317792
0.279741+0.828657j,-0.614630+0.713706j,0.153810+0.224663j,1.319208
0.278487+0.829182j,-0.614166+0.713927j,0.153517+0.224745j,1.320623
0.277231+0.829705j,-0.613702+0.714146j,0.153225+0.224827j,1.322038
0.275975+0.830226j,-0.613237+0.714364j,0.152932+0.224908j,1.323451
0.274718+0.830745j,-0.612771+0.714581j,0.152640+0.224989j,1.324864
0.273460+0.831262j,-0.612304+0.714797j,0.152348+0.225070j,1.326275
0.272200+0.831778j,-0.611837+0.715011j,0.152056+0.225150j,1.327686
0.270940+0.832291j,-0.611368+0.715224j,0.151764+0.225230j,1.329096
0.269679+0.832803j,-0.610899+0.715436j,0.151472+0.225309j,1.330505
0.268417+0.833312j,-0.610429+0.715647j,0.151180+0.225389j,1.331913
0.267154+0.833820j,-0.609958+0.715856j,0.150889+0.225468j,1.333320
0.265891+0.834326j,-0.609487+0.716064j,0.150597+0.225546j,1.334726
0.264626+0.834830j,-0.609014+0.716271j,0.150306+0.225624j,1.336132
0.263360+0.835332j,-0.608541+0.716476j,0.150015+0.225702j,1.337536
0.262094+0.835832j,-0.608067+0.716681j,0.149724+0.225780j,1.338940
0.260826+0.836331j,-0.607593+0.716884j,0.149433+0.225857j,1.340343
0.259558+0.836827j,-0.607117+0.717086j,0.149142+0.225934j,1.341745
0.258288+0.837321j,-0.606641+0.717286j,0.148852+0.226010j,1.343146
0.257018+0.837814j,-0.606164+0.717485j,0.148561+0.226087j,1.344546
0.255747+0.838305j,-0.605686+0.717683j,0.148271+0.226162j,1.345945
0.254475+0.838793j,-0.605207+0.717880j,0.147981+0.226238j,1.347343
0.253202+0.839280j,-0.604728+0.718075j,0.147691+0.226313j,1.348741
0.251928+0.839765j,-0.604248+0.718269j,0.147401+0.226388j,1.350137
0.250654+0.840248j,-0.603767+0.718462j,0.147111+0.226463j,1.351533
0.249378+0.840729j,-0.603285+0.718653j,0.146822+0.226537j,1.352927
0.248101+0.841208j,-0.602803+0.718843j,0.146532+0.226611j,1.354321
0.246824+0.841685j,-0.602319+0.719032j,0.146243+0.226684j,1.355714
0.245546+0.842161j,-0.601835+0.719220j,0.145954+0.226757j,1.357106
0.244267+0.842634j,-0.601350+0.719406j,0.145665+0.226830j,1.358497
0.242987+0.843105j,-0.600865+0.719591j,0.145376+0.226903j,1.359887
0.241706+0.843575j,-0.600379+0.719774j,0.145087+0.226975j,1.361276
0.240424+0.844042j,-0.599891+0.719956j,0.144799+0.227047j,1.362665
0.239141+0.844508j,-0.599404+0.720137j,0.144510+0.227118j,1.364052
0.237858+0.844971j,-0.598915+0.720317j,0.144222+0.227190j,1.365439
0.236574+0.845433j,-0.598426+0.720495j,0.143934+0.227260j,1.366824
0.235288+0.845893j,-0.597936+0.720672j,0.143646+0.227331j,1.368209
0.234002+0.846351j,-0.597445+0.720848j,0.143358+0.227401j,1.369593
0.232716+0.846806j,-0.596953+0.721022j,0.143070+0.227471j,1.370975
0.231428+0.847260j,-0.596461+0.721195j,0.142782+0.227541j,1.372357
0.230139+0.847712j,-0.595968+0.721367j,0.142495+0.227610j,1.373738
0.228850+0.848162j,-0.595474+0.721537j,0.142208+0.227679j,1.375118
0.227560+0.848610j,-0.594980+0.721706j,0.141921+0.227748j,1.376498
0.226268+0.849057j,-0.594484+0.721874j,0.141634+0.227816j,1.377876
0.224976+0.849501j,-0.593988+0.722040j,0.141347+0.227884j,1.379253
0.223684+0.849943j,-0.593492+0.722205j,0.141060+0.227952j,1.380629
0.222390+0.850383j,-0.592994+0.722368j,0.140773+0.228019j,1.382005
0.221096+0.850822j,-0.592496+0.722530j,0.140487+0.228086j,1.383379
0.219800+0.851258j,-0.591997+0.722691j,0.140201+0.228153j,1.384753
0.218504+0.851692j,-0.591498+0.722851j,0.139915+0.228219j,1.386126
0.217207+0.852125j,-0.590997+0.723009j,0.139629+0.228285j,1.387497
0.215910+0.852555j,-0.590496+0.723165j,0.139343+0.228351j,1.388868
0.214611+0.852984j,-0.589995+0.723321j,0.139057+0.228417j,1.390238
0.213312+0.853410j,-0.589492+0.723475j,0.138772+0.228482j,1.391607
0.212012+0.853835j,-0.588989+0.723627j,0.138486+0.228547j,1.392975
0.210711+0.854257j,-0.588485+0.723779j,0.138201+0.228611j,1.394342
0.209409+0.854678j,-0.587981+0.723929j,0.137916+0.228675j,1.395708
0.208107+0.855097j,-0.587475+0.724077j,0.137631+0.228739j,1.397073
0.206803+0.855513j,-0.586969+0.724224j,0.137346+0.228803j,1.398437
0.205499+0.855928j,-0.586463+0.724370j,0.137062+0.228866j,1.399801
0.204194+0.856341j,-0.585955+0.724514j,0.136777+0.228929j,1.401163
0.202889+0.856751j,-0.585447+0.724657j,0.136493+0.228992j,1.402524
0.201582+0.857160j,-0.584938+0.724799j,0.136209+0.229054j,1.403885
0.200275+0.857567j,-0.584429+0.724939j,0.135925+0.229116j,1.405244
0.198967+0.857972j,-0.583919+0.725077j,0.135641+0.229178j,1.406603
0.197658+0.858375j,-0.583408+0.725215j,0.135357+0.229239j,1.407960
0.196349+0.858775j,-0.582897+0.725351j,0.135074+0.229301j,1.409317
0.195039+0.859174j,-0.582385+0.725485j,0.134790+0.229361j,1.410673
0.193727+0.859571j,-0.581872+0.725618j,0.134507+0.229422j,1.412028
0.192416+0.859966j,-0.581358+0.725750j,0.134224+0.229482j,1.413381
0.191103+0.860359j,-0.580844+0.725880j,0.133941+0.229542j,1.414734
0.189790+0.860750j,-0.580329+0.726009j,0.133658+0.229602j,1.416086
0.188476+0.861139j,-0.579814+0.726137j,0.133375+0.229661j,1.417437
0.187161+0.861525j,-0.579298+0.726263j,0.133093+0.229720j,1.418787
0.185845+0.861910j,-0.578781+0.726387j,0.132811+0.229779j,1.420136
0.184529+0.862293j,-0.578264+0.726510j,0.132528+0.229837j,1.421484
0.183212+0.862674j,-0.577746+0.726632j,0.132246+0.229895j,1.422831
0.181894+0.863053j,-0.577227+0.726753j,0.131965+0.229953j,1.424177
0.180576+0.863430j,-0.576708+0.726871j,0.131683+0.230011j,1.425522
0.179256+0.863805j,-0.576188+0.726989j,0.131401+0.230068j,1.426866
0.177936+0.864178j,-0.575667+0.727105j,0.131120+0.230125j,1.428210
0.176616+0.864548j,-0.575146+0.727219j,0.130839+0.230181j,1.429552
0.175294+0.864917j,-0.574624+0.727333j,0.130558+0.230238j,1.430893
0.173972+0.865284j,-0.574101+0.727444j,0.130277+0.230294j,1.432233
0.172649+0.865649j,-0.573578+0.727555j,0.129996+0.230349j,1.433573
0.171326+0.866012j,-0.573054+0.727663j,0.129715+0.230405j,1.434911
0.170001+0.866373j,-0.572530+0.727771j,0.129435+0.230460j,1.436249
0.168676+0.866732j,-0.572005+0.727877j,0.129155+0.230515j,1.437585
0.167351+0.867088j,-0.571479+0.727981j,0.128875+0.230569j,1.438920
0.166024+0.867443j,-0.570953+0.728084j,0.128595+0.230624j,1.440255
0.164697+0.867796j,-0.570426+0.728186j,0.128315+0.230678j,1.441588
0.163370+0.868147j,-0.569899+0.728286j,0.128035+0.230731j,1.442921
0.162041+0.868495j,-0.569370+0.728384j,0.127756+0.230785j,1.444252
0.160712+0.868842j,-0.568842+0.728481j,0.127476+0.230838j,1.445583
0.159382+0.869187j,-0.568312+0.728577j,0.127197+0.230891j,1.446912
0.158052+0.869529j,-0.567783+0.728671j,0.126918+0.230943j,1.448241
0.156720+0.869870j,-0.567252+0.728764j,0.126639+0.230996j,1.449569
0.155389+0.870209j,-0.566721+0.728855j,0.126361+0.231048j,1.450895
0.154056+0.870545j,-0.566190+0.728945j,0.126082+0.231099j,1.452221
0.152723+0.870880j,-0.565657+0.729033j,0.125804+0.231151j,1.453545
0.151389+0.871212j,-0.565125+0.729120j,0.125526+0.231202j,1.454869
0.150054+0.871543j,-0.564591+0.729206j,0.125248+0.231253j,1.456192
0.148719+0.871871j,-0.564057+0.729289j,0.124970+0.231303j,1.457513
0.147383+0.872197j,-0.563523+0.729372j,0.124692+0.231354j,1.458834
0.146047+0.872522j,-0.562988+0.729453j,0.124414+0.231404j,1.460154
0.144710+0.872844j,-0.562452+0.729532j,0.124137+0.231453j,1.461472
0.143372+0.873164j,-0.561916+0.729610j,0.123860+0.231503j,1.462790
0.142034+0.873483j,-0.561379+0.729686j,0.123583+0.231552j,1.464106
0.140695+0.873799j,-0.560842+0.729761j,0.123306+0.231601j,1.465422
0.139355+0.874113j,-0.560304+0.729835j,0.123029+0.231649j,1.466737
0.138014+0.874425j,-0.559766+0.729907j,0.122752+0.231698j,1.468050
0.136673+0.874735j,-0.559227+0.729977j,0.122476+0.231746j,1.469363
0.135332+0.875043j,-0.558687+0.730046j,0.122200+0.231794j,1.470675
0.133990+0.875349j,-0.558147+0.730113j,0.121924+0.231841j,1.471985
0.132647+0.875653j,-0.557607+0.730179j,0.121648+0.231888j,1.473295
0.131303+0.875955j,-0.557066+0.730244j,0.121372+0.231935j,1.474604
0.129959+0.876255j,-0.556524+0.730306j,0.121096+0.231982j,1.475911
0.128615+0.876553j,-0.555982+0.730368j,0.120821+0.232028j,1.477218
0.127269+0.876849j,-0.555439+0.730428j,0.120546+0.232075j,1.478523
0.125923+0.877142j,-0.554896+0.730486j,0.120271+0.232120j,1.479828
0.124577+0.877434j,-0.554352+0.730543j,0.119996+0.232166j,1.481132
0.123230+0.877723j,-0.553808+0.730598j,0.119721+0.232211j,1.482434
0.121882+0.878011j,-0.553264+0.730652j,0.119446+0.232256j,1.483736
0.120534+0.878296j,-0.552718+0.730704j,0.119172+0.232301j,1.485036
0.119185+0.878580j,-0.552173+0.730755j,0.118897+0.232346j,1.486336
0.117835+0.878861j,-0.551627+0.730804j,0.118623+0.232390j,1.487634
0.116485+0.879140j,-0.551080+0.730852j,0.118349+0.232434j,1.488932
0.115135+0.879418j,-0.550533+0.730898j,0.118076+0.232478j,1.490228
0.113783+0.879693j,-0.549985+0.730943j,0.117802+0.232521j,1.491524
0.112431+0.879966j,-0.549437+0.730986j,0.117529+0.232564j,1.492818
0.111079+0.880237j,-0.548888+0.731027j,0.117255+0.232607j,1.494111
0.109726+0.880506j,-0.548339+0.731067j,0.116982+0.232650j,1.495404
0.108373+0.880773j,-0.547790+0.731106j,0.116709+0.232692j,1.496695
0.107019+0.881038j,-0.547240+0.731143j,0.116436+0.232734j,1.497985
0.105664+0.881300j,-0.546689+0.731178j,0.116164+0.232776j,1.499275
0.104309+0.881561j,-0.546139+0.731212j,0.115891+0.232818j,1.500563
0.102953+0.881820j,-0.545587+0.731244j,0.115619+0.232859j,1.501850
0.101597+0.882076j,-0.545035+0.731275j,0.115347+0.232900j,1.503136
0.100240+0.882331j,-0.544483+0.731304j,0.115075+0.232941j,1.504421
0.098882+0.882583j,-0.543930+0.731332j,0.114803+0.232982j,1.505705
0.097525+0.882833j,-0.543377+0.731358j,0.114531+0.233022j,1.506989
0.096166+0.883081j,-0.542824+0.731383j,0.114260+0.233062j,1.508271
0.094807+0.883328j,-0.542270+0.731406j,0.113989+0.233102j,1.509552
0.093448+0.883572j,-0.541715+0.731427j,0.113718+0.233142j,1.510832
0.092088+0.883814j,-0.541160+0.731447j,0.113447+0.233181j,1.512110
0.090727+0.884053j,-0.540605+0.731465j,0.113176+0.233220j,1.513388
0.089366+0.884291j,-0.540049+0.731482j,0.112905+0.233259j,1.514665
0.088004+0.884527j,-0.539493+0.731497j,0.112635+0.233297j,1.515941
0.086642+0.884761j,-0.538937+0.731511j,0.112365+0.233335j,1.517216
0.085279+0.884992j,-0.538380+0.731523j,0.112094+0.233373j,1.518489
0.083916+0.885222j,-0.537822+0.731534j,0.111824+0.233411j,1.519762
0.082553+0.885449j,-0.537265+0.731543j,0.111555+0.233449j,1.521034
0.081188+0.885674j,-0.536707+0.731550j,0.111285+0.233486j,1.522304
0.079824+0.885897j,-0.536148+0.731556j,0.111016+0.233523j,1.523574
0.078459+0.886119j,-0.535589+0.731560j,0.110746+0.233560j,1.524842
0.077093+0.886338j,-0.535030+0.731563j,0.110477+0.233596j,1.526110
0.075727+0.886555j,-0.534470+0.731564j,0.110208+0.233633j,1.527376
0.074360+0.886769j,-0.533910+0.731564j,0.109940+0.233669j,1.528641
0.072993+0.886982j,-0.533350+0.731562j,0.109671+0.233704j,1.529905
0.071625+0.887193j,-0.532789+0.731558j,0.109403+0.233740j,1.531169
0.070257+0.887401j,-0.532228+0.731553j,0.109134+0.233775j,1.532431
0.068889+0.887608j,-0.531666+0.731546j,0.108866+0.233810j,1.533692
0.067520+0.887812j,-0.531105+0.731538j,0.108598+0.233845j,1.534952
0.066150+0.888014j,-0.530542+0.731528j,0.108331+0.233880j,1.536211
0.064780+0.888214j,-0.529980+0.731517j,0.108063+0.233914j,1.537469
0.063410+0.888412j,-0.529417+0.731504j,0.107796+0.233948j,1.538725
0.062039+0.888608j,-0.528854+0.731489j,0.107528+0.233982j,1.539981
0.060668+0.888802j,-0.528290+0.731473j,0.107261+0.234015j,1.541236
0.059296+0.888994j,-0.527726+0.731455j,0.106994+0.234049j,1.542490
0.057924+0.889183j,-0.527162+0.731436j,0.106728+0.234082j,1.543742
0.056551+0.889371j,-0.526597+0.731415j,0.106461+0.234115j,1.544994
0.055178+0.889556j,-0.526033+0.731393j,0.106195+0.234147j,1.546244
0.053805+0.889740j,-0.525467+0.731369j,0.105928+0.234180j,1.547493
0.052431+0.889921j,-0.524902+0.731343j,0.105662+0.234212j,1.548742
0.051056+0.890100j,-0.524336+0.731316j,0.105396+0.234244j,1.549989
0.049681+0.890277j,-0.523770+0.731287j,0.105131+0.234275j,1.551235
0.048306+0.890452j,-0.523204+0.731257j,0.104865+0.234307j,1.552480
0.046930+0.890624j,-0.522637+0.731225j,0.104600+0.234338j,1.553724
0.045554+0.890795j,-0.522070+0.731191j,0.104335+0.234369j,1.554967
0.044178+0.890963j,-0.521503+0.731156j,0.104070+0.234400j,1.556209
0.042801+0.891130j,-0.520935+0.731119j,0.103805+0.234430j,1.557450
0.041423+0.891294j,-0.520367+0.731081j,0.103540+0.234461j,1.558689
0.040046+0.891456j,-0.519799+0.731041j,0.103276+0.234491j,1.559928
0.038668+0.891616j,-0.519231+0.730999j,0.103011+0.234520j,1.561165
0.037289+0.891774j,-0.518662+0.730956j,0.102747+0.234550j,1.562402
0.035910+0.891930j,-0.518093+0.730912j,0.102483+0.234579j,1.563637
0.034531+0.892083j,-0.517524+0.730865j,0.102219+0.234608j,1.564872
0.033151+0.892235j,-0.516955+0.730817j,0.101956+0.234637j,1.566105
0.031771+0.892384j,-0.516385+0.730768j,0.101692+0.234666j,1.567337
0.030390+0.892532j,-0.515815+0.730717j,0.101429+0.234694j,1.568568
0.029010+0.892677j,-0.515245+0.730664j,0.101166+0.234722j,1.569798
0.027628+0.892820j,-0.514675+0.730610j,0.100903+0.234750j,1.571027
0.026247+0.892961j,-0.514104+0.730554j,0.100640+0.234778j,1.572254
0.024865+0.893100j,-0.513533+0.730497j,0.100377+0.234806j,1.573481
0.023482+0.893236j,-0.512962+0.730438j,0.100115+0.234833j,1.574707
0.022100+0.893371j,-0.512391+0.730377j,0.099852+0.234860j,1.575931
0.020716+0.893503j,-0.511819+0.730315j,0.099590+0.234887j,1.577154
0.019333+0.893633j,-0.511248+0.730251j,0.099328+0.234913j,1.578377
0.017949+0.893762j,-0.510676+0.730186j,0.099067+0.234940j,1.579598
0.016565+0.893888j,-0.510104+0.730119j,0.098805+0.234966j,1.580818
0.015181+0.894011j,-0.509531+0.730050j,0.098543+0.234992j,1.582037
0.013796+0.894133j,-0.508959+0.729980j,0.098282+0.235018j,1.583255
0.012411+0.894253j,-0.508386+0.729908j,0.098021+0.235043j,1.584472
0.011025+0.894370j,-0.507813+0.729835j,0.097760+0.235068j,1.585687
0.009639+0.894486j,-0.507240+0.729760j,0.097499+0.235094j,1.586902
0.008253+0.894599j,-0.506667+0.729683j,0.097239+0.235118j,1.588115
0.006866+0.894710j,-0.506094+0.729605j,0.096978+0.235143j,1.589328
0.005480+0.894819j,-0.505520+0.729525j,0.096718+0.235167j,1.590539
0.004092+0.894925j,-0.504946+0.729444j,0.096458+0.235192j,1.591749
0.002705+0.895030j,-0.504372+0.729361j,0.096198+0.235216j,1.592958
0.001317+0.895133j,-0.503798+0.729277j,0.095939+0.235239j,1.594166
-0.000071+0.895233j,-0.503224+0.729190j,0.095679+0.235263j,1.595373
-0.001459+0.895331j,-0.502650+0.729103j,0.095420+0.235286j,1.596579
-0.002848+0.895427j,-0.502075+0.729013j,0.095160+0.235309j,1.597783
-0.004237+0.895521j,-0.501501+0.728923j,0.094901+0.235332j,1.598987
-0.005626+0.895613j,-0.500926+0.728830j,0.094642+0.235355j,1.600189
-0.007016+0.895703j,-0.500351+0.728736j,0.094384+0.235377j,1.601391
-0.008406+0.895790j,-0.499776+0.728640j,0.094125+0.235400j,1.602591
-0.009796+0.895875j,-0.499201+0.728543j,0.093867+0.235422j,1.603790
-0.011187+0.895959j,-0.498625+0.728444j,0.093609+0.235444j,1.604988
-0.012577+0.896040j,-0.498050+0.728344j,0.093351+0.235465j,1.606185
-0.013968+0.896119j,-0.497474+0.728242j,0.093093+0.235487j,1.607380
-0.015360+0.896195j,-0.496899+0.728138j,0.092835+0.235508j,1.608575
-0.016751+0.896270j,-0.496323+0.728033j,0.092578+0.235529j,1.609768
-0.018143+0.896342j,-0.495747+0.727926j,0.092320+0.235550j,1.610961
-0.019535+0.896413j,-0.495171+0.727818j,0.092063+0.235570j,1.612152
-0.020928+0.896481j,-0.494595+0.727708j,0.091806+0.235590j,1.613342
-0.022320+0.896547j,-0.494019+0.727596j,0.091549+0.235611j,1.614531
-0.023713+0.896611j,-0.493443+0.727483j,0.091293+0.235631j,1.615719
-0.025106+0.896672j,-0.492867+0.727368j,0.091036+0.235650j,1.616906
-0.026500+0.896732j,-0.492291+0.727252j,0.090780+0.235670j,1.618091
-0.027893+0.896789j,-0.491714+0.727134j,0.090524+0.235689j,1.619276
-0.029287+0.896845j,-0.491138+0.727014j,0.090268+0.235708j,1.620459
-0.030681+0.896898j,-0.490561+0.726893j,0.090012+0.235727j,1.621641
-0.032076+0.896949j,-0.489985+0.726771j,0.089757+0.235746j,1.622822
-0.033470+0.896997j,-0.489408+0.726646j,0.089501+0.235765j,1.624002
-0.034865+0.897044j,-0.488832+0.726521j,0.089246+0.235783j,1.625181
-0.036260+0.897089j,-0.488255+0.726393j,0.088991+0.235801j,1.626359
-0.037655+0.897131j,-0.487678+0.726264j,0.088736+0.235819j,1.627535
-0.039051+0.897171j,-0.487101+0.726134j,0.088481+0.235837j,1.628711
-0.040447+0.897209j,-0.486525+0.726002j,0.088227+0.235854j,1.629885
-0.041843+0.897245j,-0.485948+0.725868j,0.087972+0.235872j,1.631058
-0.043239+0.897278j,-0.485371+0.725733j,0.087718+0.235889j,1.632230
-0.044635+0.897310j,-0.484794+0.725596j,0.087464+0.235906j,1.633401
-0.046032+0.897339j,-0.484217+0.725457j,0.087210+0.235922j,1.634571
-0.047428+0.897366j,-0.483640+0.725317j,0.086956+0.235939j,1.635740
-0.048825+0.897391j,-0.483064+0.725176j,0.086703+0.235955j,1.636907
-0.050222+0.897414j,-0.482487+0.725033j,0.086449+0.235971j,1.638073
-0.051620+0.897435j,-0.481910+0.724888j,0.086196+0.235987j,1.639239
-0.053017+0.897453j,-0.481333+0.724742j,0.085943+0.236003j,1.640403
-0.054415+0.897470j,-0.480756+0.724594j,0.085690+0.236019j,1.641565
-0.055813+0.897484j,-0.480179+0.724444j,0.085437+0.236034j,1.642727
-0.057211+0.897496j,-0.479602+0.724293j,0.085185+0.236049j,1.643888
-0.058609+0.897506j,-0.479026+0.724141j,0.084933+0.236064j,1.645047
-0.060007+0.897513j,-0.478449+0.723987j,0.084680+0.236079j,1.646206
-0.061406+0.897519j,-0.477872+0.723831j,0.084428+0.236094j,1.647363
-0.062804+0.897522j,-0.477295+0.723674j,0.084177+0.236108j,1.648519
-0.064203+0.897523j,-0.476719+0.723515j,0.083925+0.236122j,1.649674
-0.065602+0.897522j,-0.476142+0.723355j,0.083673+0.236136j,1.650827
-0.067001+0.897519j,-0.475566+0.723193j,0.083422+0.236150j,1.651980
-0.068401+0.897514j,-0.474989+0.723029j,0.083171+0.236164j,1.653131
-0.069800+0.897506j,-0.474413+0.722864j,0.082920+0.236177j,1.654282
-0.071200+0.897497j,-0.473836+0.722698j,0.082669+0.236190j,1.655431
-0.072600+0.897485j,-0.473260+0.722529j,0.082418+0.236204j,1.656579
-0.073999+0.897471j,-0.472684+0.722360j,0.082168+0.236216j,1.657726
-0.075399+0.897455j,-0.472107+0.722189j,0.081918+0.236229j,1.658871
-0.076800+0.897436j,-0.471531+0.722016j,0.081667+0.236242j,1.660016
-0.078200+0.897416j,-0.470955+0.721842j,0.081417+0.236254j,1.661159
-0.079600+0.897393j,-0.470379+0.721666j,0.081168+0.236266j,1.662301
-0.081001+0.897368j,-0.469804+0.721488j,0.080918+0.236278j,1.663442
-0.082401+0.897341j,-0.469228+0.721309j,0.080669+0.236290j,1.664582
-0.083802+0.897312j,-0.468652+0.721129j,0.080419+0.236302j,1.665721
-0.085203+0.897281j,-0.468077+0.720947j,0.080170+0.236313j,1.666859
-0.086604+0.897247j,-0.467501+0.720763j,0.079921+0.236324j,1.667995
-0.088005+0.897211j,-0.466926+0.720578j,0.079672+0.236335j,1.669130
-0.089406+0.897173j,-0.466351+0.720392j,0.079424+0.236346j,1.670264
-0.090807+0.897133j,-0.465775+0.720204j,0.079175+0.236357j,1.671397
-0.092209+0.897091j,-0.465200+0.720014j,0.078927+0.236367j,1.672529
-0.093610+0.897046j,-0.464626+0.719823j,0.078679+0.236378j,1.673660
-0.095011+0.897000j,-0.464051+0.719630j,0.078431+0.236388j,1.674789
-0.096413+0.896951j,-0.463476+0.719436j,0.078183+0.236398j,1.675917
-0.097815+0.896900j,-0.462902+0.719240j,0.077936+0.236408j,1.677044
-0.099216+0.896847j,-0.462327+0.719043j,0.077688+0.236417j,1.678170
-0.100618+0.896791j,-0.461753+0.718844j,0.077441+0.236427j,1.679295
-0.102020+0.896734j,-0.461179+0.718644j,0.077194+0.236436j,1.680419
-0.103422+0.896674j,-0.460605+0.718442j,0.076947+0.236445j,1.681541
-0.104824+0.896612j,-0.460032+0.718239j,0.076700+0.236454j,1.682662
-0.106226+0.896548j,-0.459458+0.718034j,0.076453+0.236463j,1.683782
-0.107628+0.896482j,-0.458885+0.717827j,0.076207+0.236471j,1.684901
-0.109030+0.896413j,-0.458311+0.717620j,0.075961+0.236480j,1.686019
-0.110433+0.896343j,-0.457738+0.717410j,0.075715+0.236488j,1.687136
-0.111835+0.896270j,-0.457165+0.717199j,0.075469+0.236496j,1.688251
-0.113237+0.896195j,-0.456593+0.716987j,0.075223+0.236504j,1.689365
-0.114640+0.896118j,-0.456020+0.716773j,0.074977+0.236511j,1.690478
-0.116042+0.896038j,-0.455448+0.716558j,0.074732+0.236519j,1.691590
-0.117444+0.895957j,-0.454876+0.716341j,0.074487+0.236526j,1.692701
-0.118847+0.895873j,-0.454304+0.716123j,0.074242+0.236534j,1.693810
-0.120249+0.895787j,-0.453732+0.715903j,0.073997+0.236541j,1.694919
-0.121652+0.895699j,-0.453160+0.715682j,0.073752+0.236547j,1.696026
-0.123054+0.895609j,-0.452589+0.715459j,0.073507+0.236554j,1.697132
-0.124457+0.895516j,-0.452018+0.715235j,0.073263+0.236561j,1.698237
-0.125859+0.895421j,-0.451447+0.715009j,0.073019+0.236567j,1.699340
-0.127262+0.895325j,-0.450876+0.714782j,0.072775+0.236573j,1.700443
-0.128664+0.895226j,-0.450306+0.714553j,0.072531+0.236579j,1.701544
-0.130067+0.895124j,-0.449735+0.714323j,0.072287+0.236585j,1.702644
-0.131469+0.895021j,-0.449165+0.714091j,0.072044+0.236591j,1.703743
-0.132872+0.894915j,-0.448596+0.713858j,0.071800+0.236596j,1.704841
-0.134274+0.894808j,-0.448026+0.713623j,0.071557+0.236601j,1.705937
-0.135677+0.894698j,-0.447457+0.713387j,0.071314+0.236607j,1.707033
-0.137079+0.894586j,-0.446887+0.713150j,0.071071+0.236612j,1.708127
-0.138482+0.894471j,-0.446319+0.712911j,0.070828+0.236616j,1.709220
-0.139884+0.894355j,-0.445750+0.712671j,0.070586+0.236621j,1.710312
-0.141287+0.894236j,-0.445182+0.712429j,0.070343+0.236626j,1.711402
-0.142689+0.894115j,-0.444613+0.712185j,0.070101+0.236630j,1.712492
-0.144091+0.893992j,-0.444046+0.711941j,0.069859+0.236634j,1.713580
-0.145494+0.893867j,-0.443478+0.711694j,0.069617+0.236638j,1.714667
-0.146896+0.893739j,-0.442911+0.711447j,0.069375+0.236642j,1.715753
-0.148298+0.893610j,-0.442343+0.711198j,0.069134+0.236646j,1.716837
-0.149700+0.893478j,-0.441777+0.710947j,0.068892+0.236649j,1.717921
-0.151102+0.893344j,-0.441210+0.710695j,0.068651+0.236653j,1.719003
-0.152504+0.893207j,-0.440644+0.710442j,0.068410+0.236656j,1.720084
-0.153906+0.893069j,-0.440078+0.710187j,0.068169+0.236659j,1.721164
-0.155308+0.892928j,-0.439512+0.709931j,0.067928+0.236662j,1.722243
-0.156710+0.892786j,-0.438947+0.709673j,0.067688+0.236665j,1.723320
-0.158112+0.892641j,-0.438382+0.709414j,0.067447+0.236667j,1.724397
-0.159514+0.892493j,-0.437817+0.709153j,0.067207+0.236670j,1.725472
-0.160916+0.892344j,-0.437252+0.708891j,0.066967+0.236672j,1.726546
-0.162317+0.892193j,-0.436688+0.708628j,0.066727+0.236674j,1.727619
-0.163719+0.892039j,-0.436124+0.708363j,0.066487+0.236676j,1.728690
-0.165120+0.891883j,-0.435561+0.708097j,0.066248+0.236678j,1.729760
-0.166521+0.891725j,-0.434997+0.707830j,0.066008+0.236680j,1.730830
-0.167923+0.891564j,-0.434434+0.707561j,0.065769+0.236681j,1.731898
-0.169324+0.891402j,-0.433872+0.707290j,0.065530+0.236683j,1.732964
-0.170725+0.891237j,-0.433309+0.707018j,0.065291+0.236684j,1.734030
-0.172126+0.891070j,-0.432747+0.706745j,0.065052+0.236685j,1.735094
-0.173527+0.890901j,-0.432185+0.706471j,0.064813+0.236686j,1.736157
-0.174927+0.890730j,-0.431624+0.706195j,0.064575+0.236686j,1.737219
-0.176328+0.890557j,-0.431063+0.705917j,0.064337+0.236687j,1.738280
-0.177729+0.890381j,-0.430502+0.705639j,0.064098+0.236687j,1.739340
-0.179129+0.890203j,-0.429942+0.705358j,0.063860+0.236688j,1.740398
-0.180529+0.890023j,-0.429382+0.705077j,0.063623+0.236688j,1.741455
-0.181929+0.889841j,-0.428822+0.704794j,0.063385+0.236688j,1.742511
-0.183329+0.889656j,-0.428263+0.704510j,0.063148+0.236688j,1.743566
-0.184729+0.889470j,-0.427704+0.704224j,0.062910+0.236687j,1.744620
-0.186129+0.889281j,-0.427145+0.703937j,0.062673+0.236687j,1.745672
-0.187529+0.889090j,-0.426587+0.703649j,0.062436+0.236686j,1.746723
-0.188928+0.888897j,-0.426029+0.703359j,0.062199+0.236686j,1.747773
-0.190328+0.888701j,-0.425471+0.703068j,0.061963+0.236685j,1.748822
-0.191727+0.888504j,-0.424914+0.702776j,0.061726+0.236684j,1.749869
-0.193126+0.888304j,-0.424357+0.702482j,0.061490+0.236682j,1.750916
-0.194525+0.888102j,-0.423801+0.702187j,0.061254+0.236681j,1.751961
-0.195923+0.887898j,-0.423245+0.701890j,0.061018+0.236680j,1.753005
-0.197322+0.887692j,-0.422689+0.701592j,0.060782+0.236678j,1.754048
-0.198720+0.887483j,-0.422133+0.701293j,0.060546+0.236676j,1.755089
-0.200118+0.887272j,-0.421578+0.700993j,0.060310+0.236674j,1.756129
-0.201517+0.887059j,-0.421024+0.700691j,0.060075+0.236672j,1.757169
-0.202914+0.886844j,-0.420470+0.700388j,0.059840+0.236670j,1.758206
-0.204312+0.886627j,-0.419916+0.700083j,0.059605+0.236668j,1.759243
-0.205710+0.886408j,-0.419362+0.699777j,0.059370+0.236665j,1.760279
-0.207107+0.886186j,-0.418809+0.699470j,0.059135+0.236663j,1.761313
-0.208504+0.885962j,-0.418257+0.699162j,0.058901+0.236660j,1.762346
-0.209901+0.885736j,-0.417704+0.698852j,0.058666+0.236657j,1.763378
-0.211298+0.885508j,-0.417153+0.698541j,0.058432+0.236654j,1.764408
-0.212694+0.885277j,-0.416601+0.698229j,0.058198+0.236651j,1.765438
-0.214091+0.885045j,-0.416050+0.697915j,0.057964+0.236647j,1.766466
-0.215487+0.884810j,-0.415499+0.697600j,0.057730+0.236644j,1.767493
-0.216883+0.884573j,-0.414949+0.697284j,0.057497+0.236640j,1.768519
-0.218278+0.884334j,-0.414399+0.696966j,0.057263+0.236636j,1.769543
-0.219674+0.884092j,-0.413850+0.696647j,0.057030+0.236633j,1.770567
-0.221069+0.883849j,-0.413301+0.696327j,0.056797+0.236628j,1.771589
-0.222464+0.883603j,-0.412752+0.696006j,0.056564+0.236624j,1.772610
-0.223859+0.883355j,-0.412204+0.695683j,0.056331+0.236620j,1.773630
-0.225253+0.883105j,-0.411657+0.695359j,0.056098+0.236616j,1.774648
-0.226648+0.882852j,-0.411109+0.695033j,0.055866+0.236611j,1.775666
-0.228042+0.882598j,-0.410562+0.694707j,0.055633+0.236606j,1.776682
-0.229436+0.882341j,-0.410016+0.694379j,0.055401+0.236601j,1.777696
-0.230829+0.882082j,-0.409470+0.694050j,0.055169+0.236596j,1.778710
-0.232223+0.881821j,-0.408925+0.693720j,0.054937+0.236591j,1.779723
-0.233616+0.881558j,-0.408379+0.693388j,0.054705+0.236586j,1.780734
-0.235009+0.881292j,-0.407835+0.693055j,0.054474+0.236581j,1.781744
-0.236401+0.881025j,-0.407291+0.692721j,0.054243+0.236575j,1.782753
-0.237794+0.880755j,-0.406747+0.692385j,0.054011+0.236570j,1.783760
-0.239186+0.880483j,-0.406203+0.692049j,0.053780+0.236564j,1.784767
-0.240577+0.880208j,-0.405661+0.691711j,0.053549+0.236558j,1.785772
-0.241969+0.879932j,-0.405118+0.691372j,0.053319+0.236552j,1.786776
-0.243360+0.879653j,-0.404576+0.691031j,0.053088+0.236546j,1.787778
-0.244751+0.879373j,-0.404035+0.690690j,0.052857+0.236539j,1.788780
-0.246142+0.879090j,-0.403494+0.690347j,0.052627+0.236533j,1.789780
-0.247532+0.878804j,-0.402953+0.690003j,0.052397+0.236526j,1.790779
-0.248922+0.878517j,-0.402413+0.689657j,0.052167+0.236520j,1.791777
-0.250312+0.878227j,-0.401873+0.689311j,0.051937+0.236513j,1.792774
-0.251702+0.877936j,-0.401334+0.688963j,0.051707+0.236506j,1.793769
-0.253091+0.877642j,-0.400795+0.688614j,0.051478+0.236499j,1.794763
-0.254480+0.877346j,-0.400257+0.688264j,0.051249+0.236491j,1.795756
-0.255868+0.877047j,-0.399719+0.687913j,0.051019+0.236484j,1.796748
-0.257257+0.876747j,-0.399182+0.687560j,0.050790+0.236477j,1.797738
-0.258645+0.876444j,-0.398645+0.687206j,0.050561+0.236469j,1.798728
-0.260032+0.876139j,-0.398109+0.686851j,0.050333+0.236461j,1.799716
-0.261420+0.875832j,-0.397573+0.686495j,0.050104+0.236453j,1.800702
-0.262807+0.875523j,-0.397037+0.686138j,0.049876+0.236445j,1.801688
-0.264194+0.875212j,-0.396502+0.685779j,0.049647+0.236437j,1.802672
-0.265580+0.874898j,-0.395968+0.685419j,0.049419+0.236429j,1.803656
-0.266966+0.874582j,-0.395434+0.685059j,0.049191+0.236421j,1.804638
-0.268352+0.874264j,-0.394901+0.684696j,0.048963+0.236412j,1.805618
-0.269737+0.873944j,-0.394368+0.684333j,0.048736+0.236404j,1.806598
-0.271122+0.873622j,-0.393835+0.683969j,0.048508+0.236395j,1.807576
-0.272507+0.873297j,-0.393303+0.683603j,0.048281+0.236386j,1.808553
-0.273891+0.872970j,-0.392772+0.683236j,0.048054+0.236377j,1.809529
-0.275275+0.872642j,-0.392241+0.682868j,0.047827+0.236368j,1.810504
-0.276659+0.872310j,-0.391710+0.682499j,0.047600+0.236359j,1.811477
-0.278042+0.871977j,-0.391180+0.682129j,0.047373+0.236349j,1.812449
-0.279425+0.871642j,-0.390651+0.681758j,0.047146+0.236340j,1.813420
-0.280807+0.871304j,-0.390122+0.681385j,0.046920+0.236330j,1.814390
-0.282189+0.870964j,-0.389593+0.681011j,0.046694+0.236321j,1.815358
-0.283571+0.870622j,-0.389065+0.680637j,0.046467+0.236311j,1.816325
-0.284952+0.870278j,-0.388538+0.680261j,0.046241+0.236301j,1.817291
-0.286333+0.869932j,-0.388011+0.679883j,0.046016+0.236291j,1.818256
-0.287714+0.869583j,-0.387485+0.679505j,0.045790+0.236281j,1.819220
-0.289094+0.869233j,-0.386959+0.679126j,0.045564+0.236270j,1.820182
-0.290474+0.868880j,-0.386433+0.678745j,0.045339+0.236260j,1.821143
-0.291854+0.868525j,-0.385908+0.678364j,0.045114+0.236249j,1.822103
-0.293233+0.868167j,-0.385384+0.677981j,0.044889+0.236239j,1.823062
-0.294611+0.867808j,-0.384860+0.677597j,0.044664+0.236228j,1.824019
-0.295990+0.867446j,-0.384337+0.677212j,0.044439+0.236217j,1.824975
-0.297367+0.867083j,-0.383814+0.676826j,0.044214+0.236206j,1.825930
-0.298745+0.866717j,-0.383292+0.676439j,0.043990+0.236195j,1.826884
-0.300122+0.866349j,-0.382770+0.676051j,0.043765+0.236184j,1.827837
-0.301498+0.865978j,-0.382249+0.675661j,0.043541+0.236172j,1.828788
-0.302874+0.865606j,-0.381728+0.675271j,0.043317+0.236161j,1.829738
-0.304250+0.865231j,-0.381208+0.674879j,0.043093+0.236149j,1.830687
-0.305625+0.864854j,-0.380688+0.674487j,0.042870+0.236138j,1.831634
-0.307000+0.864475j,-0.380169+0.674093j,0.042646+0.236126j,1.832581
-0.308375+0.864094j,-0.379651+0.673698j,0.042423+0.236114j,1.833526
-0.309749+0.863711j,-0.379133+0.673303j,0.042199+0.236102j,1.834470
-0.311122+0.863325j,-0.378615+0.672906j,0.041976+0.236090j,1.835413
-0.312495+0.862938j,-0.378098+0.672508j,0.041753+0.236077j,1.836354
-0.313868+0.862548j,-0.377582+0.672109j,0.041530+0.236065j,1.837294
-0.315240+0.862156j,-0.377066+0.671708j,0.041308+0.236053j,1.838233
-0.316612+0.861761j,-0.376550+0.671307j,0.041085+0.236040j,1.839171
-0.317983+0.861365j,-0.376035+0.670905j,0.040863+0.236027j,1.840108
-0.319354+0.860967j,-0.375521+0.670502j,0.040640+0.236014j,1.841043
-0.320724+0.860566j,-0.375007+0.670097j,0.040418+0.236002j,1.841977
-0.322094+0.860163j,-0.374494+0.669692j,0.040196+0.235989j,1.842910
-0.323464+0.859758j,-0.373982+0.669286j,0.039974+0.235975j,1.843841
-0.324833+0.859351j,-0.373470+0.668878j,0.039753+0.235962j,1.844772
-0.326201+0.858941j,-0.372958+0.668470j,0.039531+0.235949j,1.845701
-0.327569+0.858530j,-0.372447+0.668060j,0.039310+0.235935j,1.846629
-0.328936+0.858116j,-0.371936+0.667649j,0.039089+0.235922j,1.847556
-0.330303+0.857700j,-0.371427+0.667238j,0.038868+0.235908j,1.848481
-0.331670+0.857282j,-0.370917+0.666825j,0.038647+0.235894j,1.849405
-0.333036+0.856862j,-0.370408+0.666412j,0.038426+0.235880j,1.850328
-0.334401+0.856439j,-0.369900+0.665997j,0.038205+0.235866j,1.851250
-0.335766+0.856015j,-0.369392+0.665581j,0.037985+0.235852j,1.852171
-0.337131+0.855588j,-0.368885+0.665165j,0.037764+0.235838j,1.853090
-0.338495+0.855159j,-0.368379+0.664747j,0.037544+0.235824j,1.854008
-0.339858+0.854728j,-0.367873+0.664328j,0.037324+0.235809j,1.854925
-0.341221+0.854295j,-0.367367+0.663909j,0.037104+0.235795j,1.855840
-0.342583+0.853860j,-0.366862+0.663488j,0.036884+0.235780j,1.856755
-0.343945+0.853422j,-0.366358+0.663066j,0.036665+0.235765j,1.857668
-0.345307+0.852982j,-0.365854+0.662644j,0.036445+0.235750j,1.858580
-0.346667+0.852541j,-0.365351+0.662220j,0.036226+0.235735j,1.859490
-0.348028+0.852097j,-0.364848+0.661796j,0.036007+0.235720j,1.860400
-0.349387+0.851650j,-0.364346+0.661370j,0.035788+0.235705j,1.861308
-0.350747+0.851202j,-0.363844+0.660943j,0.035569+0.235690j,1.862215
-0.352105+0.850752j,-0.363343+0.660516j,0.035350+0.235674j,1.863121
-0.353463+0.850299j,-0.362843+0.660087j,0.035131+0.235659j,1.864025
-0.354821+0.849844j,-0.362343+0.659658j,0.034913+0.235643j,1.864929
-0.356178+0.849387j,-0.361844+0.659228j,0.034694+0.235628j,1.865831
-0.357534+0.848928j,-0.361345+0.658796j,0.034476+0.235612j,1.866731
-0.358890+0.848467j,-0.360847+0.658364j,0.034258+0.235596j,1.867631
-0.360245+0.848003j,-0.360349+0.657931j,0.034040+0.235580j,1.868529
-0.361600+0.847538j,-0.359852+0.657496j,0.033822+0.235564j,1.869426
-0.362954+0.847070j,-0.359356+0.657061j,0.033605+0.235548j,1.870322
-0.364308+0.846600j,-0.358860+0.656625j,0.033387+0.235531j,1.871217
-0.365661+0.846128j,-0.358364+0.656188j,0.033170+0.235515j,1.872110
-0.367013+0.845654j,-0.357870+0.655750j,0.032953+0.235498j,1.873003
-0.368365+0.845178j,-0.357375+0.655311j,0.032736+0.235482j,1.873894
-0.369716+0.844699j,-0.356882+0.654871j,0.032519+0.235465j,1.874783
-0.371067+0.844219j,-0.356389+0.654431j,0.032302+0.235448j,1.875672
-0.372417+0.843736j,-0.355896+0.653989j,0.032085+0.235432j,1.876559
-0.373766+0.843251j,-0.355404+0.653546j,0.031869+0.235415j,1.877445
-0.375115+0.842764j,-0.354913+0.653103j,0.031652+0.235397j,1.878330
-0.376464+0.842275j,-0.354422+0.652658j,0.031436+0.235380j,1.879213
-0.377811+0.841783j,-0.353932+0.652213j,0.031220+0.235363j,1.880096
-0.379158+0.841290j,-0.353442+0.651767j,0.031004+0.235346j,1.880977
-0.380505+0.840794j,-0.352953+0.651320j,0.030788+0.235328j,1.881856
-0.381850+0.840297j,-0.352465+0.650872j,0.030573+0.235311j,1.882735
-0.383195+0.839797j,-0.351977+0.650423j,0.030357+0.235293j,1.883612
-0.384540+0.839295j,-0.351490+0.649973j,0.030142+0.235275j,1.884489
-0.385884+0.838790j,-0.351003+0.649522j,0.029926+0.235257j,1.885363
-0.387227+0.838284j,-0.350517+0.649071j,0.029711+0.235239j,1.886237
-0.388570+0.837776j,-0.350031+0.648618j,0.029496+0.235221j,1.887110
-0.389912+0.837265j,-0.349546+0.648165j,0.029282+0.235203j,1.887981
-0.391253+0.836752j,-0.349062+0.647710j,0.029067+0.235185j,1.888851
-0.392594+0.836237j,-0.348578+0.647255j,0.028852+0.235167j,1.889719
-0.393934+0.835720j,-0.348094+0.646799j,0.028638+0.235148j,1.890587
-0.395273+0.835201j,-0.347612+0.646343j,0.028424+0.235130j,1.891453
-0.396612+0.834680j,-0.347130+0.645885j,0.028209+0.235111j,1.892318
-0.397950+0.834156j,-0.346648+0.645426j,0.027995+0.235092j,1.893182
-0.399287+0.833631j,-0.346167+0.644967j,0.027781+0.235074j,1.894045
-0.400624+0.833103j,-0.345687+0.644507j,0.027568+0.235055j,1.894906
-0.401960+0.832573j,-0.345207+0.644045j,0.027354+0.235036j,1.895766
-0.403295+0.832041j,-0.344727+0.643583j,0.027141+0.235017j,1.896625
-0.404630+0.831507j,-0.344249+0.643121j,0.026927+0.234998j,1.897482
-0.405964+0.830971j,-0.343771+0.642657j,0.026714+0.234978j,1.898339
-0.407297+0.830433j,-0.343293+0.642192j,0.026501+0.234959j,1.899194
-0.408630+0.829892j,-0.342816+0.641727j,0.026288+0.234940j,1.900048
-0.409962+0.829350j,-0.342340+0.641261j,0.026075+0.234920j,1.900901
-0.411293+0.828805j,-0.341864+0.640794j,0.025863+0.234901j,1.901752
-0.412624+0.828258j,-0.341389+0.640326j,0.025650+0.234881j,1.902602
-0.413954+0.827709j,-0.340914+0.639858j,0.025438+0.234861j,1.903451
-0.415283+0.827158j,-0.340440+0.639388j,0.025225+0.234841j,1.904299
-0.416611+0.826605j,-0.339967+0.638918j,0.025013+0.234821j,1.905146
-0.417939+0.826050j,-0.339494+0.638447j,0.024801+0.234801j,1.905991
-0.419266+0.825492j,-0.339021+0.637975j,0.024589+0.234781j,1.906835
-0.420592+0.824933j,-0.338550+0.637502j,0.024378+0.234761j,1.907678
-0.421918+0.824371j,-0.338079+0.637029j,0.024166+0.234741j,1.908519
-0.423243+0.823807j,-0.337608+0.636554j,0.023955+0.234720j,1.909360
-0.424567+0.823241j,-0.337138+0.636079j,0.023743+0.234700j,1.910199
-0.425890+0.822673j,-0.336669+0.635603j,0.023532+0.234679j,1.911037
-0.427213+0.822103j,-0.336200+0.635127j,0.023321+0.234659j,1.911873
-0.428535+0.821531j,-0.335731+0.634649j,0.023110+0.234638j,1.912709
-0.429856+0.820956j,-0.335264+0.634171j,0.022899+0.234617j,1.913543
-0.431176+0.820380j,-0.334797+0.633692j,0.022689+0.234596j,1.914376
-0.432496+0.819801j,-0.334330+0.633212j,0.022478+0.234575j,1.915207
-0.433815+0.819221j,-0.333864+0.632731j,0.022268+0.234554j,1.916038
-0.435133+0.818638j,-0.333399+0.632250j,0.022057+0.234533j,1.916867
-0.436451+0.818053j,-0.332934+0.631768j,0.021847+0.234512j,1.917695
-0.437767+0.817466j,-0.332470+0.631285j,0.021637+0.234490j,1.918522
-0.439083+0.816877j,-0.332006+0.630801j,0.021427+0.234469j,1.919347
-0.440398+0.816285j,-0.331543+0.630317j,0.021217+0.234447j,1.920172
-0.441713+0.815692j,-0.331081+0.629831j,0.021008+0.234426j,1.920995
-0.443026+0.815097j,-0.330619+0.629345j,0.020798+0.234404j,1.921817
-0.444339+0.814499j,-0.330157+0.628859j,0.020589+0.234382j,1.922637
-0.445651+0.813899j,-0.329697+0.628371j,0.020380+0.234361j,1.923457
-0.446962+0.813298j,-0.329236+0.627883j,0.020171+0.234339j,1.924275
-0.448273+0.812694j,-0.328777+0.627394j,0.019962+0.234317j,1.925092
-0.449582+0.812088j,-0.328318+0.626904j,0.019753+0.234295j,1.925907
-0.450891+0.811480j,-0.327859+0.626414j,0.019544+0.234272j,1.926722
-0.452199+0.810870j,-0.327402+0.625923j,0.019335+0.234250j,1.927535
-0.453506+0.810257j,-0.326944+0.625431j,0.019127+0.234228j,1.928347
-0.454813+0.809643j,-0.326487+0.624938j,0.018919+0.234206j,1.929158
-0.456118+0.809027j,-0.326031+0.624445j,0.018710+0.234183j,1.929967
-0.457423+0.808408j,-0.325576+0.623951j,0.018502+0.234161j,1.930776
-0.458727+0.807787j,-0.325121+0.623456j,0.018294+0.234138j,1.931583
-0.460030+0.807165j,-0.324666+0.622960j,0.018087+0.234115j,1.932388
-0.461333+0.806540j,-0.324212+0.622464j,0.017879+0.234092j,1.933193
-0.462634+0.805913j,-0.323759+0.621967j,0.017671+0.234070j,1.933996
-0.463935+0.805284j,-0.323307+0.621469j,0.017464+0.234047j,1.934799
-0.465235+0.804653j,-0.322854+0.620971j,0.017256+0.234024j,1.935599
-0.466534+0.804020j,-0.322403+0.620472j,0.017049+0.234000j,1.936399
-0.467832+0.803385j,-0.321952+0.619972j,0.016842+0.233977j,1.937197
-0.469129+0.802747j,-0.321501+0.619472j,0.016635+0.233954j,1.937995
-0.470426+0.802108j,-0.321052+0.618970j,0.016428+0.233931j,1.938791
-0.471721+0.801466j,-0.320602+0.618468j,0.016222+0.233907j,1.939585
-0.473016+0.800823j,-0.320154+0.617966j,0.016015+0.233884j,1.940379
-0.474310+0.800177j,-0.319705+0.617463j,0.015809+0.233860j,1.941171
-0.475603+0.799529j,-0.319258+0.616959j,0.015602+0.233837j,1.941962
-0.476895+0.798880j,-0.318811+0.616454j,0.015396+0.233813j,1.942752
-0.478187+0.798228j,-0.318364+0.615949j,0.015190+0.233789j,1.943541
-0.479477+0.797574j,-0.317919+0.615443j,0.014984+0.233765j,1.944328
-0.480767+0.796918j,-0.317473+0.614936j,0.014778+0.233741j,1.945114
-0.482056+0.796260j,-0.317029+0.614429j,0.014573+0.233717j,1.945899
-0.483344+0.795600j,-0.316584+0.613921j,0.014367+0.233693j,1.946683
-0.484630+0.794937j,-0.316141+0.613412j,0.014162+0.233669j,1.947465
-0.485917+0.794273j,-0.315698+0.612903j,0.013956+0.233645j,1.948246
-0.487202+0.793607j,-0.315255+0.612393j,0.013751+0.233620j,1.949026
-0.488486+0.792938j,-0.314813+0.611882j,0.013546+0.233596j,1.949805
-0.489769+0.792268j,-0.314372+0.611371j,0.013341+0.233572j,1.950582
-0.491052+0.791595j,-0.313931+0.610859j,0.013136+0.233547j,1.951359
-0.492334+0.790921j,-0.313491+0.610346j,0.012932+0.233523j,1.952134
-0.493614+0.790244j,-0.313051+0.609833j,0.012727+0.233498j,1.952907
-0.494894+0.789565j,-0.312612+0.609319j,0.012523+0.233473j,1.953680
-0.496173+0.788884j,-0.312174+0.608804j,0.012318+0.233448j,1.954451
-0.497451+0.788201j,-0.311736+0.608289j,0.012114+0.233423j,1.955222
-0.498728+0.787517j,-0.311298+0.607773j,0.011910+0.233398j,1.955990
-0.500004+0.786830j,-0.310862+0.607257j,0.011706+0.233373j,1.956758
-0.501279+0.786141j,-0.310425+0.606740j,0.011502+0.233348j,1.957524
-0.502554+0.785449j,-0.309990+0.606222j,0.011298+0.233323j,1.958290
-0.503827+0.784756j,-0.309554+0.605703j,0.011095+0.233298j,1.959054
-0.505099+0.784061j,-0.309120+0.605184j,0.010891+0.233273j,1.959816
-0.506371+0.783364j,-0.308686+0.604665j,0.010688+0.233247j,1.960578
-0.507641+0.782665j,-0.308252+0.604145j,0.010484+0.233222j,1.961338
-0.508911+0.781963j,-0.307819+0.603624j,0.010281+0.233196j,1.962097
-0.510180+0.781260j,-0.307387+0.603102j,0.010078+0.233171j,1.962855
-0.511447+0.780554j,-0.306955+0.602580j,0.009875+0.233145j,1.963612
-0.512714+0.779847j,-0.306524+0.602057j,0.009673+0.233119j,1.964367
-0.513980+0.779137j,-0.306093+0.601534j,0.009470+0.233093j,1.965121
-0.515245+0.778426j,-0.305663+0.601010j,0.009267+0.233067j,1.965874
-0.516508+0.777712j,-0.305233+0.600486j,0.009065+0.233041j,1.966626
-0.517771+0.776997j,-0.304804+0.599961j,0.008863+0.233015j,1.967376
-0.519033+0.776279j,-0.304376+0.599435j,0.008660+0.232989j,1.968126
-0.520294+0.775559j,-0.303948+0.598908j,0.008458+0.232963j,1.968874
-0.521554+0.774838j,-0.303520+0.598382j,0.008256+0.232937j,1.969620
-0.522813+0.774114j,-0.303093+0.597854j,0.008055+0.232911j,1.970366
-0.524071+0.773388j,-0.302667+0.597326j,0.007853+0.232884j,1.971110
-0.525328+0.772660j,-0.302241+0.596797j,0.007651+0.232858j,1.971853
-0.526584+0.771930j,-0.301816+0.596268j,0.007450+0.232831j,1.972595
-0.527839+0.771198j,-0.301391+0.595738j,0.007248+0.232805j,1.973336
-0.529093+0.770465j,-0.300967+0.595208j,0.007047+0.232778j,1.974075
-0.530346+0.769729j,-0.300544+0.594677j,0.006846+0.232752j,1.974813
-0.531598+0.768991j,-0.300121+0.594145j,0.006645+0.232725j,1.975550
-0.532849+0.768251j,-0.299698+0.593613j,0.006444+0.232698j,1.976286
-0.534099+0.767509j,-0.299276+0.593080j,0.006243+0.232671j,1.977021
-0.535348+0.766765j,-0.298855+0.592547j,0.006043+0.232644j,1.977754
-0.536596+0.766019j,-0.298434+0.592013j,0.005842+0.232617j,1.978486
-0.537843+0.765270j,-0.298014+0.591479j,0.005642+0.232590j,1.979217
-0.539089+0.764520j,-0.297594+0.590944j,0.005441+0.232563j,1.979946
-0.540334+0.763768j,-0.297175+0.590408j,0.005241+0.232536j,1.980675
-0.541578+0.763014j,-0.296756+0.589872j,0.005041+0.232509j,1.981402
-0.542820+0.762258j,-0.296338+0.589336j,0.004841+0.232481j,1.982128
-0.544062+0.761500j,-0.295920+0.588798j,0.004641+0.232454j,1.982853
-0.545303+0.760740j,-0.295503+0.588261j,0.004441+0.232426j,1.983576
-0.546543+0.759978j,-0.295086+0.587722j,0.004242+0.232399j,1.984298
-0.547781+0.759213j,-0.294670+0.587183j,0.004042+0.232371j,1.985019
-0.549019+0.758447j,-0.294255+0.586644j,0.003843+0.232344j,1.985739
-0.550256+0.757679j,-0.293840+0.586104j,0.003643+0.232316j,1.986458
-0.551491+0.756909j,-0.293425+0.585564j,0.003444+0.232288j,1.987175
-0.552726+0.756137j,-0.293011+0.585023j,0.003245+0.232260j,1.987891
-0.553959+0.755363j,-0.292598+0.584481j,0.003046+0.232232j,1.988606
-0.555191+0.754586j,-0.292185+0.583939j,0.002847+0.232204j,1.989320
-0.556423+0.753808j,-0.291773+0.583397j,0.002648+0.232176j,1.990033
-0.557653+0.753028j,-0.291361+0.582853j,0.002450+0.232148j,1.990744
-0.558882+0.752246j,-0.290950+0.582310j,0.002251+0.232120j,1.991454
-0.560110+0.751462j,-0.290539+0.581766j,0.002053+0.232092j,1.992163
-0.561337+0.750676j,-0.290129+0.581221j,0.001855+0.232064j,1.992870
-0.562563+0.749888j,-0.289719+0.580676j,0.001656+0.232035j,1.993577
-0.563787+0.749098j,-0.289310+0.580130j,0.001458+0.232007j,1.994282
-0.565011+0.748305j,-0.288901+0.579584j,0.001260+0.231979j,1.994986
-0.566234+0.747511j,-0.288493+0.579037j,0.001062+0.231950j,1.995688
-0.567455+0.746715j,-0.288086+0.578490j,0.000865+0.231921j,1.996390
-0.568676+0.745917j,-0.287678+0.577942j,0.000667+0.231893j,1.997090
-0.569895+0.745117j,-0.287272+0.577394j,0.000469+0.231864j,1.997789
-0.571113+0.744315j,-0.286866+0.576845j,0.000272+0.231835j,1.998487
-0.572330+0.743511j,-0.286460+0.576296j,0.000075+0.231807j,1.999183
-0.573546+0.742705j,-0.286055+0.575746j,-0.000123+0.231778j,1.999879
-0.574761+0.741897j,-0.285651+0.575196j,-0.000320+0.231749j,2.000573
-0.575975+0.741087j,-0.285247+0.574645j,-0.000517+0.231720j,2.001266
-0.577187+0.740276j,-0.284843+0.574094j,-0.000713+0.231691j,2.001958
-0.578399+0.739462j,-0.284440+0.573542j,-0.000910+0.231662j,2.002648
-0.579609+0.738646j,-0.284038+0.572990j,-0.001107+0.231633j,2.003337
-0.580818+0.737828j,-0.283636+0.572437j,-0.001303+0.231603j,2.004025
-0.582026+0.737008j,-0.283235+0.571884j,-0.001500+0.231574j,2.004712
-0.583233+0.736187j,-0.282834+0.571330j,-0.001696+0.231545j,2.005398
-0.584439+0.735363j,-0.282433+0.570776j,-0.001893+0.231515j,2.006082
-0.585644+0.734537j,-0.282033+0.570221j,-0.002089+0.231486j,2.006765
-0.586847+0.733710j,-0.281634+0.569666j,-0.002285+0.231457j,2.007447
-0.588050+0.732880j,-0.281235+0.569111j,-0.002481+0.231427j,2.008128
-0.589251+0.732049j,-0.280837+0.568555j,-0.002676+0.231397j,2.008807
-0.590451+0.731215j,-0.280439+0.567998j,-0.002872+0.231368j,2.009486
-0.591650+0.730380j,-0.280042+0.567441j,-0.003068+0.231338j,2.010163
-0.592848+0.729542j,-0.279645+0.566884j,-0.003263+0.231308j,2.010839
-0.594044+0.728703j,-0.279248+0.566326j,-0.003459+0.231278j,2.011513
-0.595239+0.727862j,-0.278853+0.565767j,-0.003654+0.231249j,2.012187
-0.596434+0.727019j,-0.278457+0.565208j,-0.003849+0.231219j,2.012859
-0.597627+0.726174j,-0.278062+0.564649j,-0.004044+0.231189j,2.013530
-0.598819+0.725326j,-0.277668+0.564089j,-0.004239+0.231159j,2.014200
-0.600009+0.724477j,-0.277274+0.563529j,-0.004434+0.231128j,2.014868
-0.601199+0.723626j,-0.276881+0.562968j,-0.004629+0.231098j,2.015535
-0.602387+0.722774j,-0.276488+0.562407j,-0.004823+0.231068j,2.016202
-0.603574+0.721919j,-0.276095+0.561845j,-0.005018+0.231038j,2.016866
-0.604760+0.721062j,-0.275704+0.561283j,-0.005212+0.231008j,2.017530
-0.605945+0.720203j,-0.275312+0.560721j,-0.005407+0.230977j,2.018193
-0.607128+0.719343j,-0.274921+0.560158j,-0.005601+0.230947j,2.018854
-0.608311+0.718480j,-0.274531+0.559595j,-0.005795+0.230916j,2.019514
-0.609492+0.717615j,-0.274141+0.559031j,-0.005989+0.230886j,2.020173
-0.610672+0.716749j,-0.273752+0.558467j,-0.006183+0.230855j,2.020830
-0.611850+0.715881j,-0.273363+0.557902j,-0.006377+0.230825j,2.021487
-0.613028+0.715010j,-0.272974+0.557337j,-0.006571+0.230794j,2.022142
-0.614204+0.714138j,-0.272586+0.556771j,-0.006764+0.230763j,2.022796
-0.615379+0.713264j,-0.272199+0.556205j,-0.006958+0.230732j,2.023448
-0.616553+0.712388j,-0.271812+0.555639j,-0.007151+0.230701j,2.024100
-0.617725+0.711510j,-0.271425+0.555072j,-0.007345+0.230671j,2.024750
-0.618897+0.710630j,-0.271039+0.554505j,-0.007538+0.230640j,2.025399
-0.620067+0.709748j,-0.270654+0.553937j,-0.007731+0.230609j,2.026047
-0.621235+0.708865j,-0.270268+0.553369j,-0.007924+0.230578j,2.026694
-0.622403+0.707979j,-0.269884+0.552800j,-0.008117+0.230546j,2.027339
-0.623569+0.707092j,-0.269500+0.552231j,-0.008310+0.230515j,2.027983
-0.624735+0.706202j,-0.269116+0.551662j,-0.008502+0.230484j,2.028626
-0.625898+0.705311j,-0.268733+0.551092j,-0.008695+0.230453j,2.029268
-0.627061+0.704418j,-0.268350+0.550522j,-0.008888+0.230422j,2.029909
-0.628222+0.703522j,-0.267968+0.549951j,-0.009080+0.230390j,2.030548
-0.629382+0.702625j,-0.267586+0.549380j,-0.009272+0.230359j,2.031186
-0.630541+0.701726j,-0.267205+0.548809j,-0.009464+0.230327j,2.031823
-0.631699+0.700826j,-0.266824+0.548237j,-0.009657+0.230296j,2.032459
-0.632855+0.699923j,-0.266444+0.547665j,-0.009849+0.230264j,2.033093
-0.634010+0.699018j,-0.266064+0.547092j,-0.010041+0.230233j,2.033727
-0.635164+0.698112j,-0.265685+0.546519j,-0.010232+0.230201j,2.034359
-0.636316+0.697203j,-0.265306+0.545946j,-0.010424+0.230169j,2.034990
-0.637467+0.696293j,-0.264927+0.545372j,-0.010616+0.230138j,2.035619
-0.638617+0.695381j,-0.264549+0.544797j,-0.010807+0.230106j,2.036248
-0.639766+0.694467j,-0.264172+0.544223j,-0.010999+0.230074j,2.036875
-0.640913+0.693551j,-0.263795+0.543648j,-0.011190+0.230042j,2.037501
-0.642059+0.692633j,-0.263418+0.543072j,-0.011381+0.230010j,2.038126
-0.643204+0.691713j,-0.263042+0.542497j,-0.011572+0.229978j,2.038749
-0.644347+0.690792j,-0.262666+0.541920j,-0.011764+0.229946j,2.039372
-0.645489+0.689868j,-0.262291+0.541344j,-0.011954+0.229914j,2.039993
-0.646630+0.688943j,-0.261916+0.540767j,-0.012145+0.229882j,2.040613
-0.647770+0.688016j,-0.261542+0.540189j,-0.012336+0.229850j,2.041232
-0.648908+0.687087j,-0.261168+0.539612j,-0.012527+0.229818j,2.041849
-0.650045+0.686156j,-0.260795+0.539034j,-0.012717+0.229785j,2.042465
-0.651180+0.685223j,-0.260422+0.538455j,-0.012908+0.229753j,2.043081
-0.652315+0.684289j,-0.260049+0.537876j,-0.013098+0.229721j,2.043694
-0.653448+0.683352j,-0.259677+0.537297j,-0.013288+0.229688j,2.044307
-0.654579+0.682414j,-0.259306+0.536717j,-0.013479+0.229656j,2.044919
-0.655709+0.681473j,-0.258935+0.536137j,-0.013669+0.229623j,2.045529
-0.656838+0.680531j,-0.258564+0.535557j,-0.013859+0.229591j,2.046138
-0.657966+0.679587j,-0.258194+0.534976j,-0.014049+0.229558j,2.046746
-0.659092+0.678642j,-0.257824+0.534395j,-0.014238+0.229526j,2.047353
-0.660217+0.677694j,-0.257455+0.533814j,-0.014428+0.229493j,2.047958
-0.661340+0.676744j,-0.257086+0.533232j,-0.014618+0.229460j,2.048562
-0.662463+0.675793j,-0.256717+0.532649j,-0.014807+0.229427j,2.049165
-0.663583+0.674840j,-0.256349+0.532067j,-0.014997+0.229395j,2.049767
-0.664703+0.673885j,-0.255982+0.531484j,-0.015186+0.229362j,2.050368
-0.665821+0.672928j,-0.255615+0.530901j,-0.015375+0.229329j,2.050967
-0.666938+0.671969j,-0.255248+0.530317j,-0.015564+0.229296j,2.051565
-0.668053+0.671009j,-0.254882+0.529733j,-0.015754+0.229263j,2.052162
-0.669167+0.670046j,-0.254516+0.529149j,-0.015943+0.229230j,2.052758
-0.670280+0.669082j,-0.254151+0.528564j,-0.016131+0.229197j,2.053353
-0.671391+0.668116j,-0.253786+0.527979j,-0.016320+0.229164j,2.053946
-0.672501+0.667148j,-0.253421+0.527394j,-0.016509+0.229130j,2.054538
-0.673610+0.666179j,-0.253057+0.526808j,-0.016697+0.229097j,2.055129
-0.674717+0.665207j,-0.252694+0.526222j,-0.016886+0.229064j,2.055719
-0.675823+0.664234j,-0.252331+0.525635j,-0.017074+0.229031j,2.056307
-0.676927+0.663259j,-0.251968+0.525049j,-0.017263+0.228997j,2.056895
-0.678030+0.662282j,-0.251605+0.524461j,-0.017451+0.228964j,2.057481
-0.679132+0.661303j,-0.251244+0.523874j,-0.017639+0.228931j,2.058066
-0.680232+0.660322j,-0.250882+0.523286j,-0.017827+0.228897j,2.058649
-0.681331+0.659340j,-0.250521+0.522698j,-0.018015+0.228864j,2.059232
-0.682428+0.658355j,-0.250160+0.522110j,-0.018203+0.228830j,2.059813
-0.683524+0.657369j,-0.249800+0.521521j,-0.018391+0.228796j,2.060393
-0.684619+0.656382j,-0.249441+0.520932j,-0.018579+0.228763j,2.060972
-0.685712+0.655392j,-0.249081+0.520342j,-0.018766+0.228729j,2.061550
-0.686803+0.654400j,-0.248722+0.519752j,-0.018954+0.228695j,2.062126
-0.687894+0.653407j,-0.248364+0.519162j,-0.019141+0.228662j,2.062702
-0.688983+0.652412j,-0.248006+0.518572j,-0.019328+0.228628j,2.063276
-0.690070+0.651415j,-0.247648+0.517981j,-0.019516+0.228594j,2.063849
-0.691156+0.650416j,-0.247291+0.517390j,-0.019703+0.228560j,2.064420
-0.692241+0.649416j,-0.246934+0.516798j,-0.019890+0.228526j,2.064991
-0.693324+0.648414j,-0.246578+0.516207j,-0.020077+0.228492j,2.065560
-0.694406+0.647410j,-0.246222+0.515615j,-0.020264+0.228458j,2.066128
-0.695486+0.646404j,-0.245866+0.515022j,-0.020451+0.228424j,2.066695
-0.696565+0.645396j,-0.245511+0.514429j,-0.020637+0.228390j,2.067260
-0.697643+0.644387j,-0.245156+0.513836j,-0.020824+0.228356j,2.067825
-0.698719+0.643376j,-0.244802+0.513243j,-0.021011+0.228322j,2.068388
-0.699793+0.642363j,-0.244448+0.512649j,-0.021197+0.228288j,2.068950
-0.700866+0.641348j,-0.244094+0.512055j,-0.021384+0.228253j,2.069511
-0.701938+0.640331j,-0.243741+0.511461j,-0.021570+0.228219j,2.070071
-0.703008+0.639313j,-0.243389+0.510867j,-0.021756+0.228185j,2.070629
-0.704077+0.638293j,-0.243036+0.510272j,-0.021942+0.228150j,2.071186
-0.705144+0.637271j,-0.242684+0.509676j,-0.022128+0.228116j,2.071742
-0.706210+0.636248j,-0.242333+0.509081j,-0.022314+0.228082j,2.072297
-0.707274+0.635222j,-0.241982+0.508485j,-0.022500+0.228047j,2.072851
-0.708337+0.634195j,-0.241631+0.507889j,-0.022686+0.228013j,2.073403
-0.709398+0.633166j,-0.241281+0.507293j,-0.022872+0.227978j,2.073954
-0.710458+0.632136j,-0.240931+0.506696j,-0.023057+0.227943j,2.074504
-0.711517+0.631103j,-0.240582+0.506099j,-0.023243+0.227909j,2.075053
-0.712573+0.630069j,-0.240232+0.505501j,-0.023428+0.227874j,2.075601
-0.713629+0.629033j,-0.239884+0.504904j,-0.023613+0.227839j,2.076147
-0.714683+0.627995j,-0.239536+0.504306j,-0.023799+0.227805j,2.076692
-0.715735+0.626956j,-0.239188+0.503708j,-0.023984+0.227770j,2.077236
-0.716786+0.625915j,-0.238840+0.503109j,-0.024169+0.227735j,2.077779
-0.717836+0.624872j,-0.238493+0.502510j,-0.024354+0.227700j,2.078321
-0.718884+0.623827j,-0.238146+0.501911j,-0.024539+0.227665j,2.078861
-0.719930+0.622781j,-0.237800+0.501312j,-0.024724+0.227630j,2.079400
-0.720975+0.621733j,-0.237454+0.500712j,-0.024909+0.227595j,2.079938
-0.722018+0.620683j,-0.237109+0.500112j,-0.025093+0.227560j,2.080475
-0.723060+0.619631j,-0.236763+0.499512j,-0.025278+0.227525j,2.081011
-0.724101+0.618578j,-0.236419+0.498912j,-0.025463+0.227490j,2.081545
-0.725140+0.617523j,-0.236074+0.498311j,-0.025647+0.227455j,2.082078
-0.726177+0.616466j,-0.235730+0.497710j,-0.025831+0.227420j,2.082610
-0.727213+0.615408j,-0.235387+0.497108j,-0.026016+0.227385j,2.083141
-0.728247+0.614347j,-0.235043+0.496507j,-0.026200+0.227349j,2.083671
-0.729280+0.613285j,-0.234700+0.495905j,-0.026384+0.227314j,2.084199
-0.730311+0.612222j,-0.234358+0.495302j,-0.026568+0.227279j,2.084727
-0.731341+0.611156j,-0.234016+0.494700j,-0.026752+0.227244j,2.085253
-0.732369+0.610089j,-0.233674+0.494097j,-0.026936+0.227208j,2.085777
-0.733396+0.609020j,-0.233333+0.493494j,-0.027120+0.227173j,2.086301
-0.734421+0.607950j,-0.232992+0.492891j,-0.027303+0.227137j,2.086823
-0.735444+0.606878j,-0.232651+0.492287j,-0.027487+0.227102j,2.087345
-0.736466+0.605804j,-0.232311+0.491683j,-0.027671+0.227066j,2.087865
-0.737487+0.604728j,-0.231971+0.491079j,-0.027854+0.227031j,2.088384
-0.738505+0.603651j,-0.231632+0.490475j,-0.028038+0.226995j,2.088901
-0.739523+0.602572j,-0.231293+0.489870j,-0.028221+0.226960j,2.089418
-0.740538+0.601491j,-0.230954+0.489265j,-0.028404+0.226924j,2.089933
-0.741553+0.600409j,-0.230616+0.488660j,-0.028587+0.226888j,2.090447
-0.742565+0.599324j,-0.230278+0.488055j,-0.028770+0.226853j,2.090960
-0.743576+0.598239j,-0.229940+0.487449j,-0.028953+0.226817j,2.091471
-0.744586+0.597151j,-0.229603+0.486843j,-0.029136+0.226781j,2.091982
-0.745594+0.596062j,-0.229266+0.486237j,-0.029319+0.226745j,2.092491
-0.746600+0.594971j,-0.228929+0.485630j,-0.029502+0.226709j,2.092999
-0.747605+0.593878j,-0.228593+0.485024j,-0.029685+0.226673j,2.093506
-0.748608+0.592784j,-0.228257+0.484417j,-0.029867+0.226638j,2.094012
-0.749609+0.591688j,-0.227922+0.483809j,-0.030050+0.226602j,2.094516
-0.750609+0.590591j,-0.227587+0.483202j,-0.030232+0.226566j,2.095020
-0.751608+0.589492j,-0.227252+0.482594j,-0.030415+0.226530j,2.095522
-0.752605+0.588391j,-0.226918+0.481986j,-0.030597+0.226493j,2.096023
-0.753600+0.587288j,-0.226584+0.481378j,-0.030779+0.226457j,2.096522
-0.754593+0.586184j,-0.226250+0.480769j,-0.030961+0.226421j,2.097021
-0.755585+0.585078j,-0.225917+0.480161j,-0.031143+0.226385j,2.097518
-0.756576+0.583970j,-0.225584+0.479552j,-0.031325+0.226349j,2.098014
-0.757564+0.582861j,-0.225251+0.478942j,-0.031507+0.226313j,2.098509
-0.758552+0.581750j,-0.224919+0.478333j,-0.031689+0.226276j,2.099003
-0.759537+0.580638j,-0.224587+0.477723j,-0.031871+0.226240j,2.099496
-0.760521+0.579524j,-0.224256+0.477113j,-0.032053+0.226204j,2.099987
-0.761503+0.578408j,-0.223925+0.476503j,-0.032234+0.226168j,2.100477
-0.762484+0.577290j,-0.223594+0.475892j,-0.032416+0.226131j,2.100966
-0.763463+0.576171j,-0.223263+0.475282j,-0.032597+0.226095j,2.101454
-0.764441+0.575050j,-0.222933+0.474671j,-0.032779+0.226058j,2.101940
-0.765416+0.573928j,-0.222603+0.474059j,-0.032960+0.226022j,2.102426
-0.766391+0.572804j,-0.222274+0.473448j,-0.033141+0.225985j,2.102910
-0.767363+0.571678j,-0.221945+0.472836j,-0.033323+0.225949j,2.103393
-0.768334+0.570551j,-0.221616+0.472224j,-0.033504+0.225912j,2.103875
-0.769303+0.569422j,-0.221288+0.471612j,-0.033685+0.225876j,2.104355
-0.770271+0.568291j,-0.220960+0.471000j,-0.033866+0.225839j,2.104835
-0.771237+0.567159j,-0.220632+0.470387j,-0.034047+0.225802j,2.105313
-0.772201+0.566025j,-0.220304+0.469775j,-0.034228+0.225766j,2.105790
-0.773164+0.564890j,-0.219977+0.469161j,-0.034408+0.225729j,2.106266
-0.774125+0.563753j,-0.219651+0.468548j,-0.034589+0.225692j,2.106741
-0.775084+0.562614j,-0.219324+0.467935j,-0.034770+0.225655j,2.107214
-0.776042+0.561474j,-0.218998+0.467321j,-0.034950+0.225619j,2.107686
-0.776998+0.560332j,-0.218672+0.466707j,-0.035131+0.225582j,2.108158
-0.777952+0.559189j,-0.218347+0.466093j,-0.035311+0.225545j,2.108627
-0.778905+0.558044j,-0.218022+0.465478j,-0.035491+0.225508j,2.109096
-0.779856+0.556897j,-0.217697+0.464864j,-0.035672+0.225471j,2.109564
-0.780805+0.555749j,-0.217373+0.464249j,-0.035852+0.225434j,2.110030
-0.781753+0.554599j,-0.217049+0.463634j,-0.036032+0.225397j,2.110495
-0.782699+0.553447j,-0.216725+0.463018j,-0.036212+0.225360j,2.110959
-0.783643+0.552294j,-0.216402+0.462403j,-0.036392+0.225323j,2.111422
-0.784586+0.551139j,-0.216078+0.461787j,-0.036572+0.225286j,2.111883
-0.785527+0.549983j,-0.215756+0.461171j,-0.036752+0.225249j,2.112344
-0.786466+0.548825j,-0.215433+0.460555j,-0.036931+0.225212j,2.112803
-0.787403+0.547666j,-0.215111+0.459939j,-0.037111+0.225175j,2.113261
-0.788339+0.546505j,-0.214789+0.459322j,-0.037291+0.225137j,2.113718
-0.789273+0.545342j,-0.214468+0.458705j,-0.037470+0.225100j,2.114173
-0.790206+0.544178j,-0.214147+0.458088j,-0.037650+0.225063j,2.114628
-0.791137+0.543012j,-0.213826+0.457471j,-0.037829+0.225026j,2.115081
-0.792066+0.541845j,-0.213505+0.456853j,-0.038008+0.224988j,2.115533
-0.792993+0.540676j,-0.213185+0.456236j,-0.038188+0.224951j,2.115984
-0.793919+0.539506j,-0.212865+0.455618j,-0.038367+0.224914j,2.116434
-0.794843+0.538334j,-0.212546+0.455000j,-0.038546+0.224876j,2.116882
-0.795765+0.537160j,-0.212226+0.454381j,-0.038725+0.224839j,2.117330
-0.796685+0.535985j,-0.211907+0.453763j,-0.038904+0.224801j,2.117776
-0.797604+0.534808j,-0.211589+0.453144j,-0.039083+0.224764j,2.118221
-0.798521+0.533630j,-0.211270+0.452525j,-0.039262+0.224726j,2.118664
-0.799436+0.532450j,-0.210952+0.451906j,-0.039441+0.224689j,2.119107
-0.800350+0.531269j,-0.210635+0.451287j,-0.039619+0.224651j,2.119548
-0.801262+0.530086j,-0.210317+0.450667j,-0.039798+0.224614j,2.119989
-0.802172+0.528901j,-0.210000+0.450048j,-0.039977+0.224576j,2.120428
-0.803080+0.527715j,-0.209683+0.449428j,-0.040155+0.224538j,2.120865
-0.803987+0.526528j,-0.209367+0.448808j,-0.040334+0.224501j,2.121302
-0.804892+0.525339j,-0.209051+0.448187j,-0.040512+0.224463j,2.121738
-0.805795+0.524148j,-0.208735+0.447567j,-0.040691+0.224425j,2.122172
-0.806696+0.522956j,-0.208419+0.446946j,-0.040869+0.224388j,2.122605
-0.807596+0.521762j,-0.208104+0.446325j,-0.041047+0.224350j,2.123037
-0.808494+0.520567j,-0.207789+0.445704j,-0.041225+0.224312j,2.123467
-0.809390+0.519370j,-0.207474+0.445083j,-0.041403+0.224274j,2.123897
-0.810284+0.518172j,-0.207160+0.444461j,-0.041581+0.224236j,2.124325
-0.811177+0.516972j,-0.206846+0.443839j,-0.041759+0.224198j,2.124752
-0.812068+0.515771j,-0.206532+0.443218j,-0.041937+0.224161j,2.125178
-0.812957+0.514568j,-0.206219+0.442595j,-0.042115+0.224123j,2.125603
-0.813844+0.513364j,-0.205905+0.441973j,-0.042293+0.224085j,2.126027
-0.814730+0.512158j,-0.205592+0.441351j,-0.042470+0.224047j,2.126449
-0.815614+0.510951j,-0.205280+0.440728j,-0.042648+0.224009j,2.126870
-0.816496+0.509742j,-0.204968+0.440105j,-0.042826+0.223971j,2.127290
-0.817376+0.508532j,-0.204656+0.439482j,-0.043003+0.223933j,2.127709
-0.818254+0.507320j,-0.204344+0.438859j,-0.043180+0.223895j,2.128127
-0.819131+0.506107j,-0.204032+0.438236j,-0.043358+0.223856j,2.128544
-0.820006+0.504892j,-0.203721+0.437612j,-0.043535+0.223818j,2.128959
-0.820879+0.503676j,-0.203410+0.436988j,-0.043712+0.223780j,2.129373
-0.821750+0.502458j,-0.203100+0.436365j,-0.043890+0.223742j,2.129786
-0.822620+0.501239j,-0.202789+0.435740j,-0.044067+0.223704j,2.130198
-0.823487+0.500018j,-0.202479+0.435116j,-0.044244+0.223666j,2.130608
-0.824353+0.498796j,-0.202170+0.434492j,-0.044421+0.223627j,2.131018
-0.825217+0.497572j,-0.201860+0.433867j,-0.044598+0.223589j,2.131426
-0.826080+0.496347j,-0.201551+0.433242j,-0.044775+0.223551j,2.131833
-0.826940+0.495120j,-0.201242+0.432617j,-0.044951+0.223512j,2.132239
-0.827799+0.493892j,-0.200934+0.431992j,-0.045128+0.223474j,2.132643
-0.828656+0.492663j,-0.200625+0.431367j,-0.045305+0.223436j,2.133047
-0.829511+0.491432j,-0.200317+0.430741j,-0.045481+0.223397j,2.133449
-0.830364+0.490199j,-0.200009+0.430115j,-0.045658+0.223359j,2.133850
-0.831216+0.488965j,-0.199702+0.429490j,-0.045835+0.223320j,2.134250
-0.832065+0.487730j,-0.199395+0.428863j,-0.046011+0.223282j,2.134649
-0.832913+0.486493j,-0.199088+0.428237j,-0.046187+0.223244j,2.135046
-0.833759+0.485254j,-0.198781+0.427611j,-0.046364+0.223205j,2.135443
-0.834603+0.484015j,-0.198475+0.426984j,-0.046540+0.223166j,2.135838
-0.835446+0.482773j,-0.198168+0.426358j,-0.046716+0.223128j,2.136232
-0.836286+0.481531j,-0.197863+0.425731j,-0.046892+0.223089j,2.136625
-0.837125+0.480287j,-0.197557+0.425104j,-0.047068+0.223051j,2.137017
-0.837961+0.479041j,-0.197252+0.424476j,-0.047245+0.223012j,2.137407
-0.838796+0.477794j,-0.196947+0.423849j,-0.047421+0.222973j,2.137796
-0.839630+0.476546j,-0.196642+0.423221j,-0.047596+0.222935j,2.138184
-0.840461+0.475296j,-0.196337+0.422594j,-0.047772+0.222896j,2.138571
-0.841290+0.474045j,-0.196033+0.421966j,-0.047948+0.222857j,2.138957
-0.842118+0.472792j,-0.195729+0.421338j,-0.048124+0.222819j,2.139342
-0.842944+0.471538j,-0.195425+0.420709j,-0.048300+0.222780j,2.139725
-0.843768+0.470282j,-0.195122+0.420081j,-0.048475+0.222741j,2.140107
-0.844590+0.469025j,-0.194818+0.419453j,-0.048651+0.222702j,2.140488
-0.845410+0.467767j,-0.194515+0.418824j,-0.048826+0.222663j,2.140868
-0.846228+0.466507j,-0.194213+0.418195j,-0.049002+0.222625j,2.141247
-0.847044+0.465246j,-0.193910+0.417566j,-0.049177+0.222586j,2.141624
-0.847859+0.463984j,-0.193608+0.416937j,-0.049352+0.222547j,2.142001
-0.848672+0.462720j,-0.193306+0.416307j,-0.049528+0.222508j,2.142376
-0.849483+0.461454j,-0.193004+0.415678j,-0.049703+0.222469j,2.142750
-0.850292+0.460188j,-0.192703+0.415048j,-0.049878+0.222430j,2.143123
-0.851099+0.458919j,-0.192402+0.414418j,-0.050053+0.222391j,2.143494
-0.851904+0.457650j,-0.192101+0.413788j,-0.050228+0.222352j,2.143865
-0.852707+0.456379j,-0.191800+0.413158j,-0.050403+0.222313j,2.144234
-0.853509+0.455107j,-0.191500+0.412528j,-0.050578+0.222274j,2.144602
-0.854308+0.453833j,-0.191200+0.411898j,-0.050753+0.222235j,2.144969
-0.855106+0.452558j,-0.190900+0.411267j,-0.050928+0.222196j,2.145335
-0.855902+0.451281j,-0.190600+0.410636j,-0.051103+0.222157j,2.145699
-0.856696+0.450003j,-0.190301+0.410005j,-0.051278+0.222118j,2.146062
-0.857488+0.448724j,-0.190001+0.409374j,-0.051452+0.222078j,2.146425
-0.858278+0.447444j,-0.189703+0.408743j,-0.051627+0.222039j,2.146786
-0.859066+0.446162j,-0.189404+0.408112j,-0.051801+0.222000j,2.147145
-0.859852+0.444878j,-0.189105+0.407480j,-0.051976+0.221961j,2.147504
-0.860637+0.443594j,-0.188807+0.406849j,-0.052150+0.221922j,2.147862
-0.861419+0.442308j,-0.188509+0.406217j,-0.052325+0.221882j,2.148218
-0.862200+0.441020j,-0.188211+0.405585j,-0.052499+0.221843j,2.148573
-0.862978+0.439732j,-0.187914+0.404953j,-0.052674+0.221804j,2.148927
-0.863755+0.438441j,-0.187617+0.404321j,-0.052848+0.221764j,2.149280
-0.864530+0.437150j,-0.187320+0.403689j,-0.053022+0.221725j,2.149631
-0.865303+0.435857j,-0.187023+0.403056j,-0.053196+0.221686j,2.149982
-0.866074+0.434563j,-0.186726+0.402423j,-0.053370+0.221646j,2.150331
-0.866843+0.433268j,-0.186430+0.401791j,-0.053544+0.221607j,2.150679
-0.867610+0.431971j,-0.186134+0.401158j,-0.053718+0.221568j,2.151026
-0.868375+0.430673j,-0.185838+0.400525j,-0.053892+0.221528j,2.151372
-0.869139+0.429373j,-0.185543+0.399891j,-0.054066+0.221489j,2.151716
-0.869900+0.428073j,-0.185247+0.399258j,-0.054240+0.221449j,2.152059
-0.870659+0.426770j,-0.184952+0.398625j,-0.054414+0.221410j,2.152402
-0.871417+0.425467j,-0.184657+0.397991j,-0.054587+0.221370j,2.152743
-0.872172+0.424162j,-0.184363+0.397357j,-0.054761+0.221331j,2.153082
-0.872926+0.422856j,-0.184068+0.396723j,-0.054935+0.221291j,2.153421
-0.873678+0.421549j,-0.183774+0.396089j,-0.055108+0.221252j,2.153758
-0.874428+0.420240j,-0.183480+0.395455j,-0.055282+0.221212j,2.154095
-0.875175+0.418930j,-0.183186+0.394821j,-0.055455+0.221172j,2.154430
-0.875921+0.417619j,-0.182893+0.394187j,-0.055629+0.221133j,2.154764
-0.876665+0.416306j,-0.182599+0.393552j,-0.055802+0.221093j,2.155097
-0.877407+0.414992j,-0.182306+0.392917j,-0.055976+0.221053j,2.155428
-0.878147+0.413677j,-0.182013+0.392283j,-0.056149+0.221014j,2.155759
-0.878885+0.412361j,-0.181721+0.391648j,-0.056322+0.220974j,2.156088
-0.879621+0.411043j,-0.181428+0.391013j,-0.056495+0.220934j,2.156416
-0.880355+0.409724j,-0.181136+0.390377j,-0.056668+0.220895j,2.156743
-0.881087+0.408404j,-0.180844+0.389742j,-0.056841+0.220855j,2.157069
-0.881817+0.407082j,-0.180552+0.389107j,-0.057015+0.220815j,2.157393
-0.882546+0.405759j,-0.180261+0.388471j,-0.057188+0.220775j,2.157716
-0.883272+0.404435j,-0.179969+0.387835j,-0.057360+0.220736j,2.158039
-0.883996+0.403110j,-0.179678+0.387199j,-0.057533+0.220696j,2.158360
-0.884718+0.401783j,-0.179387+0.386563j,-0.057706+0.220656j,2.158680
-0.885439+0.400455j,-0.179096+0.385927j,-0.057879+0.220616j,2.158998
-0.886157+0.399126j,-0.178806+0.385291j,-0.058052+0.220576j,2.159316
-0.886873+0.397795j,-0.178516+0.384655j,-0.058224+0.220536j,2.159632
-0.887588+0.396463j,-0.178226+0.384018j,-0.058397+0.220496j,2.159947
-0.888300+0.395130j,-0.177936+0.383382j,-0.058570+0.220456j,2.160261
-0.889010+0.393796j,-0.177646+0.382745j,-0.058742+0.220417j,2.160574
-0.889719+0.392461j,-0.177357+0.382108j,-0.058915+0.220377j,2.160886
-0.890425+0.391124j,-0.177067+0.381471j,-0.059087+0.220337j,2.161196
-0.891129+0.389786j,-0.176778+0.380834j,-0.059260+0.220297j,2.161505
-0.891832+0.388447j,-0.176490+0.380197j,-0.059432+0.220257j,2.161814
-0.892532+0.387106j,-0.176201+0.379560j,-0.059604+0.220217j,2.162121
-0.893231+0.385764j,-0.175912+0.378922j,-0.059777+0.220177j,2.162426
-0.893927+0.384422j,-0.175624+0.378285j,-0.059949+0.220136j,2.162731
-0.894621+0.383077j,-0.175336+0.377647j,-0.060121+0.220096j,2.163034
-0.895314+0.381732j,-0.175048+0.377009j,-0.060293+0.220056j,2.163337
-0.896004+0.380385j,-0.174761+0.376371j,-0.060465+0.220016j,2.163638
-0.896692+0.379038j,-0.174473+0.375733j,-0.060637+0.219976j,2.163938
-0.897379+0.377689j,-0.174186+0.375095j,-0.060810+0.219936j,2.164236
-0.898063+0.376338j,-0.173899+0.374457j,-0.060981+0.219896j,2.164534
-0.898745+0.374987j,-0.173612+0.373819j,-0.061153+0.219856j,2.164830
-0.899426+0.373634j,-0.173326+0.373180j,-0.061325+0.219815j,2.165126
-0.900104+0.372280j,-0.173039+0.372542j,-0.061497+0.219775j,2.165420
-0.900780+0.370925j,-0.172753+0.371903j,-0.061669+0.219735j,2.165712
-0.901454+0.369569j,-0.172467+0.371264j,-0.061841+0.219695j,2.166004
-0.902127+0.368211j,-0.172181+0.370625j,-0.062012+0.219654j,2.166295
-0.902797+0.366853j,-0.171895+0.369986j,-0.062184+0.219614j,2.166584
-0.903465+0.365493j,-0.171610+0.369347j,-0.062356+0.219574j,2.166872
-0.904131+0.364132j,-0.171325+0.368708j,-0.062527+0.219534j,2.167159
-0.904795+0.362770j,-0.171040+0.368068j,-0.062699+0.219493j,2.167445
-0.905457+0.361406j,-0.170755+0.367429j,-0.062870+0.219453j,2.167730
-0.906117+0.360042j,-0.170470+0.366789j,-0.063042+0.219413j,2.168013
-0.906775+0.358676j,-0.170185+0.366150j,-0.063213+0.219372j,2.168296
-0.907431+0.357309j,-0.169901+0.365510j,-0.063385+0.219332j,2.168577
-0.908084+0.355941j,-0.169617+0.364870j,-0.063556+0.219292j,2.168857
-0.908736+0.354572j,-0.169333+0.364230j,-0.063727+0.219251j,2.169136
-0.909386+0.353201j,-0.169049+0.363590j,-0.063898+0.219211j,2.169413
-0.910033+0.351830j,-0.168766+0.362950j,-0.064070+0.219170j,2.169690
-0.910679+0.350457j,-0.168482+0.362309j,-0.064241+0.219130j,2.169965
-0.911323+0.349083j,-0.168199+0.361669j,-0.064412+0.219089j,2.170239
-0.911964+0.347708j,-0.167916+0.361028j,-0.064583+0.219049j,2.170512
-0.912604+0.346332j,-0.167633+0.360388j,-0.064754+0.219008j,2.170784
-0.913241+0.344955j,-0.167350+0.359747j,-0.064925+0.218968j,2.171055
-0.913876+0.343576j,-0.167068+0.359106j,-0.065096+0.218927j,2.171324
-0.914509+0.342197j,-0.166785+0.358465j,-0.065267+0.218887j,2.171593
-0.915141+0.340816j,-0.166503+0.357824j,-0.065438+0.218846j,2.171860
-0.915770+0.339434j,-0.166221+0.357183j,-0.065609+0.218806j,2.172126
-0.916397+0.338051j,-0.165939+0.356542j,-0.065780+0.218765j,2.172391
-0.917022+0.336667j,-0.165658+0.355901j,-0.065950+0.218725j,2.172654
-0.917644+0.335282j,-0.165376+0.355259j,-0.066121+0.218684j,2.172917
-0.918265+0.333896j,-0.165095+0.354618j,-0.066292+0.218643j,2.173178
-0.918884+0.332508j,-0.164814+0.353976j,-0.066462+0.218603j,2.173438
-0.919500+0.331120j,-0.164533+0.353334j,-0.066633+0.218562j,2.173697
-0.920115+0.329730j,-0.164252+0.352693j,-0.066804+0.218521j,2.173955
-0.920727+0.328339j,-0.163971+0.352051j,-0.066974+0.218481j,2.174212
-0.921338+0.326947j,-0.163691+0.351409j,-0.067145+0.218440j,2.174467
-0.921946+0.325554j,-0.163411+0.350767j,-0.067315+0.218399j,2.174721
-0.922552+0.324160j,-0.163130+0.350124j,-0.067486+0.218359j,2.174974
-0.923156+0.322765j,-0.162850+0.349482j,-0.067656+0.218318j,2.175226
-0.923758+0.321369j,-0.162571+0.348840j,-0.067826+0.218277j,2.175477
-0.924358+0.319971j,-0.162291+0.348197j,-0.067997+0.218236j,2.175727
-0.924956+0.318573j,-0.162012+0.347555j,-0.068167+0.218196j,2.175975
-0.925552+0.317173j,-0.161732+0.346912j,-0.068337+0.218155j,2.176222
-0.926145+0.315773j,-0.161453+0.346269j,-0.068507+0.218114j,2.176469
-0.926737+0.314371j,-0.161174+0.345627j,-0.068678+0.218073j,2.176714
-0.927326+0.312968j,-0.160895+0.344984j,-0.068848+0.218032j,2.176957
-0.927913+0.311565j,-0.160617+0.344341j,-0.069018+0.217992j,2.177200
-0.928498+0.310160j,-0.160338+0.343698j,-0.069188+0.217951j,2.177441
-0.929081+0.308754j,-0.160060+0.343055j,-0.069358+0.217910j,2.177682
-0.929662+0.307347j,-0.159781+0.342411j,-0.069528+0.217869j,2.177921
-0.930241+0.305939j,-0.159503+0.341768j,-0.069698+0.217828j,2.178159
-0.930818+0.304530j,-0.159225+0.341124j,-0.069868+0.217787j,2.178395
-0.931392+0.303120j,-0.158948+0.340481j,-0.070038+0.217746j,2.178631
-0.931964+0.301708j,-0.158670+0.339837j,-0.070207+0.217705j,2.178866
-0.932535+0.300296j,-0.158393+0.339194j,-0.070377+0.217664j,2.179099
-0.933103+0.298883j,-0.158115+0.338550j,-0.070547+0.217623j,2.179331
-0.933669+0.297469j,-0.157838+0.337906j,-0.070717+0.217582j,2.179562
-0.934233+0.296053j,-0.157561+0.337262j,-0.070887+0.217542j,2.179792
-0.934795+0.294637j,-0.157284+0.336618j,-0.071056+0.217501j,2.180020
-0.935354+0.293219j,-0.157008+0.335974j,-0.071226+0.217460j,2.180248
-0.935912+0.291801j,-0.156731+0.335330j,-0.071395+0.217419j,2.180474
-0.936467+0.290382j,-0.156455+0.334686j,-0.071565+0.217378j,2.180699
-0.937020+0.288961j,-0.156178+0.334041j,-0.071735+0.217336j,2.180923
-0.937571+0.287540j,-0.155902+0.333397j,-0.071904+0.217295j,2.181146
-0.938120+0.286117j,-0.155626+0.332752j,-0.072074+0.217254j,2.181367
-0.938667+0.284694j,-0.155351+0.332108j,-0.072243+0.217213j,2.181588
-0.939212+0.283269j,-0.155075+0.331463j,-0.072412+0.217172j,2.181807
-0.939754+0.281844j,-0.154799+0.330818j,-0.072582+0.217131j,2.182025
-0.940294+0.280417j,-0.154524+0.330173j,-0.072751+0.217090j,2.182242
-0.940833+0.278990j,-0.154249+0.329529j,-0.072921+0.217049j,2.182458
-0.941369+0.277561j,-0.153974+0.328884j,-0.073090+0.217008j,2.182673
-0.941902+0.276132j,-0.153699+0.328239j,-0.073259+0.216967j,2.182886
-0.942434+0.274701j,-0.153424+0.327593j,-0.073428+0.216926j,2.183098
-0.942964+0.273270j,-0.153149+0.326948j,-0.073598+0.216884j,2.183309
-0.943491+0.271837j,-0.152874+0.326303j,-0.073767+0.216843j,2.183519
-0.944016+0.270404j,-0.152600+0.325658j,-0.073936+0.216802j,2.183728
-0.944539+0.268970j,-0.152326+0.325012j,-0.074105+0.216761j,2.183936
-0.945060+0.267534j,-0.152052+0.324367j,-0.074274+0.216720j,2.184142
-0.945579+0.266098j,-0.151777+0.323721j,-0.074443+0.216678j,2.184348
-0.946095+0.264661j,-0.151504+0.323075j,-0.074612+0.216637j,2.184552
-0.946610+0.263222j,-0.151230+0.322430j,-0.074781+0.216596j,2.184755
-0.947122+0.261783j,-0.150956+0.321784j,-0.074950+0.216555j,2.184956
-0.947632+0.260343j,-0.150683+0.321138j,-0.075119+0.216514j,2.185157
-0.948140+0.258902j,-0.150409+0.320492j,-0.075288+0.216472j,2.185357
-0.948646+0.257460j,-0.150136+0.319846j,-0.075457+0.216431j,2.185555
-0.949149+0.256017j,-0.149863+0.319200j,-0.075626+0.216390j,2.185752
-0.949650+0.254573j,-0.149590+0.318554j,-0.075794+0.216348j,2.185948
-0.950149+0.253128j,-0.149317+0.317908j,-0.075963+0.216307j,2.186143
-0.950646+0.251683j,-0.149044+0.317262j,-0.076132+0.216266j,2.186336
-0.951141+0.250236j,-0.148772+0.316615j,-0.076301+0.216224j,2.186529
-0.951634+0.248788j,-0.148499+0.315969j,-0.076469+0.216183j,2.186720
-0.952124+0.247340j,-0.148227+0.315322j,-0.076638+0.216142j,2.186910
-0.952612+0.245890j,-0.147954+0.314676j,-0.076807+0.216100j,2.187099
-0.953098+0.244440j,-0.147682+0.314029j,-0.076975+0.216059j,2.187287
-0.953582+0.242989j,-0.147410+0.313383j,-0.077144+0.216018j,2.187474
-0.954064+0.241536j,-0.147138+0.312736j,-0.077312+0.215976j,2.187659
-0.954543+0.240083j,-0.146867+0.312089j,-0.077481+0.215935j,2.187844
-0.955020+0.238629j,-0.146595+0.311442j,-0.077649+0.215894j,2.188027
-0.955495+0.237174j,-0.146323+0.310795j,-0.077818+0.215852j,2.188209
-0.955968+0.235718j,-0.146052+0.310148j,-0.077986+0.215811j,2.188390
-0.956438+0.234262j,-0.145781+0.309501j,-0.078155+0.215769j,2.188569
-0.956907+0.232804j,-0.145509+0.308854j,-0.078323+0.215728j,2.188748
-0.957373+0.231346j,-0.145238+0.308207j,-0.078492+0.215686j,2.188925
-0.957837+0.229886j,-0.144967+0.307560j,-0.078660+0.215645j,2.189101
-0.958299+0.228426j,-0.144696+0.306912j,-0.078828+0.215603j,2.189276
-0.958758+0.226965j,-0.144426+0.306265j,-0.078997+0.215562j,2.189450
-0.959215+0.225503j,-0.144155+0.305618j,-0.079165+0.215520j,2.189623
-0.959670+0.224040j,-0.143884+0.304970j,-0.079333+0.215479j,2.189795
-0.960123+0.222576j,-0.143614+0.304323j,-0.079501+0.215437j,2.189965
-0.960574+0.221112j,-0.143344+0.303675j,-0.079670+0.215396j,2.190134
-0.961022+0.219646j,-0.143073+0.303027j,-0.079838+0.215354j,2.190302
-0.961469+0.218180j,-0.142803+0.302380j,-0.080006+0.215313j,2.190469
-0.961913+0.216713j,-0.142533+0.301732j,-0.080174+0.215271j,2.190635
-0.962354+0.215245j,-0.142263+0.301084j,-0.080342+0.215230j,2.190799
-0.962794+0.213776j,-0.141994+0.300436j,-0.080510+0.215188j,2.190963
-0.963231+0.212306j,-0.141724+0.299788j,-0.080678+0.215147j,2.191125
-0.963666+0.210836j,-0.141454+0.299140j,-0.080846+0.215105j,2.191286
-0.964099+0.209364j,-0.141185+0.298492j,-0.081014+0.215063j,2.191446
-0.964530+0.207892j,-0.140915+0.297844j,-0.081182+0.215022j,2.191605
-0.964958+0.206419j,-0.140646+0.297196j,-0.081350+0.214980j,2.191762
-0.965384+0.204945j,-0.140377+0.296548j,-0.081518+0.214939j,2.191919
-0.965808+0.203470j,-0.140108+0.295899j,-0.081686+0.214897j,2.192074
-0.966230+0.201995j,-0.139839+0.295251j,-0.081854+0.214855j,2.192228
-0.966649+0.200519j,-0.139570+0.294603j,-0.082022+0.214814j,2.192381
-0.967066+0.199041j,-0.139301+0.293954j,-0.082190+0.214772j,2.192533
-0.967481+0.197564j,-0.139033+0.293306j,-0.082358+0.214730j,2.192683
-0.967894+0.196085j,-0.138764+0.292657j,-0.082526+0.214689j,2.192833
-0.968304+0.194605j,-0.138495+0.292009j,-0.082693+0.214647j,2.192981
-0.968712+0.193125j,-0.138227+0.291360j,-0.082861+0.214605j,2.193128
-0.969118+0.191644j,-0.137959+0.290711j,-0.083029+0.214564j,2.193274
-0.969522+0.190162j,-0.137690+0.290063j,-0.083197+0.214522j,2.193419
-0.969923+0.188679j,-0.137422+0.289414j,-0.083364+0.214480j,2.193563
-0.970322+0.187196j,-0.137154+0.288765j,-0.083532+0.214439j,2.193705
-0.970719+0.185711j,-0.136886+0.288116j,-0.083700+0.214397j,2.193847
-0.971114+0.184226j,-0.136618+0.287467j,-0.083867+0.214355j,2.193987
-0.971506+0.182740j,-0.136351+0.286818j,-0.084035+0.214313j,2.194126
-0.971896+0.181254j,-0.136083+0.286169j,-0.084203+0.214272j,2.194264
-0.972284+0.179766j,-0.135815+0.285520j,-0.084370+0.214230j,2.194400
-0.972670+0.178278j,-0.135548+0.284871j,-0.084538+0.214188j,2.194536
-0.973053+0.176789j,-0.135280+0.284222j,-0.084705+0.214146j,2.194670
-0.973434+0.175300j,-0.135013+0.283573j,-0.084873+0.214105j,2.194803
-0.973813+0.173809j,-0.134746+0.282924j,-0.085040+0.214063j,2.194935
-0.974190+0.172318j,-0.134478+0.282274j,-0.085208+0.214021j,2.195066
-0.974564+0.170826j,-0.134211+0.281625j,-0.085375+0.213979j,2.195196
-0.974936+0.169333j,-0.133944+0.280976j,-0.085543+0.213937j,2.195324
-0.975305+0.167840j,-0.133677+0.280326j,-0.085710+0.213896j,2.195452
-0.975673+0.166346j,-0.133410+0.279677j,-0.085878+0.213854j,2.195578
-0.976038+0.164851j,-0.133144+0.279028j,-0.086045+0.213812j,2.195703
-0.976401+0.163355j,-0.132877+0.278378j,-0.086213+0.213770j,2.195827
-0.976761+0.161859j,-0.132610+0.277728j,-0.086380+0.213728j,2.195950
-0.977120+0.160362j,-0.132344+0.277079j,-0.086547+0.213686j,2.196071
-0.977476+0.158864j,-0.132077+0.276429j,-0.086715+0.213644j,2.196192
-0.977830+0.157365j,-0.131811+0.275780j,-0.086882+0.213603j,2.196311
-0.978181+0.155866j,-0.131545+0.275130j,-0.087049+0.213561j,2.196429
-0.978530+0.154366j,-0.131278+0.274480j,-0.087217+0.213519j,2.196546
-0.978877+0.152866j,-0.131012+0.273830j,-0.087384+0.213477j,2.196662
-0.979222+0.151364j,-0.130746+0.273180j,-0.087551+0.213435j,2.196776
-0.979564+0.149862j,-0.130480+0.272531j,-0.087718+0.213393j,2.196890
-0.979904+0.148360j,-0.130214+0.271881j,-0.087886+0.213351j,2.197002
-0.980242+0.146856j,-0.129948+0.271231j,-0.088053+0.213309j,2.197113
-0.980577+0.145352j,-0.129682+0.270581j,-0.088220+0.213267j,2.197223
-0.980910+0.143847j,-0.129416+0.269931j,-0.088387+0.213225j,2.197332
-0.981241+0.142342j,-0.129151+0.269281j,-0.088555+0.213183j,2.197440
-0.981570+0.140836j,-0.128885+0.268631j,-0.088722+0.213141j,2.197546
-0.981896+0.139329j,-0.128619+0.267981j,-0.088889+0.213099j,2.197651
-0.982220+0.137821j,-0.128354+0.267330j,-0.089056+0.213057j,2.197756
-0.982541+0.136313j,-0.128088+0.266680j,-0.089223+0.213015j,2.197859
-0.982861+0.134804j,-0.127823+0.266030j,-0.089390+0.212973j,2.197960
-0.983178+0.133295j,-0.127558+0.265380j,-0.089557+0.212931j,2.198061
-0.983492+0.131785j,-0.127292+0.264730j,-0.089725+0.212889j,2.198161
-0.983805+0.130274j,-0.127027+0.264079j,-0.089892+0.212847j,2.198259
-0.984115+0.128762j,-0.126762+0.263429j,-0.090059+0.212805j,2.198356
-0.984423+0.127250j,-0.126497+0.262779j,-0.090226+0.212763j,2.198452
-0.984728+0.125737j,-0.126232+0.262128j,-0.090393+0.212721j,2.198547
-0.985031+0.124224j,-0.125967+0.261478j,-0.090560+0.212679j,2.198641
-0.985332+0.122710j,-0.125702+0.260827j,-0.090727+0.212637j,2.198734
-0.985631+0.121195j,-0.125437+0.260177j,-0.090894+0.212595j,2.198825
-0.985927+0.119680j,-0.125172+0.259526j,-0.091061+0.212553j,2.198915
-0.986221+0.118164j,-0.124907+0.258876j,-0.091228+0.212511j,2.199004
-0.986512+0.116648j,-0.124643+0.258225j,-0.091395+0.212469j,2.199092
-0.986802+0.115130j,-0.124378+0.257575j,-0.091562+0.212426j,2.199179
-0.987089+0.113613j,-0.124113+0.256924j,-0.091729+0.212384j,2.199265
-0.987373+0.112094j,-0.123849+0.256274j,-0.091896+0.212342j,2.199349
-0.987655+0.110575j,-0.123584+0.255623j,-0.092063+0.212300j,2.199432
-0.987935+0.109056j,-0.123320+0.254972j,-0.092230+0.212258j,2.199514
-0.988213+0.107536j,-0.123055+0.254322j,-0.092397+0.212216j,2.199595
-0.988488+0.106015j,-0.122791+0.253671j,-0.092564+0.212173j,2.199675
-0.988761+0.104493j,-0.122527+0.253020j,-0.092731+0.212131j,2.199754
-0.989032+0.102971j,-0.122262+0.252370j,-0.092898+0.212089j,2.199831
-0.989300+0.101449j,-0.121998+0.251719j,-0.093065+0.212047j,2.199908
-0.989566+0.099926j,-0.121734+0.251068j,-0.093232+0.212005j,2.199983
-0.989830+0.098402j,-0.121470+0.250417j,-0.093399+0.211962j,2.200057
-0.990091+0.096878j,-0.121205+0.249767j,-0.093565+0.211920j,2.200130
-0.990350+0.095353j,-0.120941+0.249116j,-0.093732+0.211878j,2.200201
-0.990607+0.093827j,-0.120677+0.248465j,-0.093899+0.211835j,2.200272
-0.990861+0.092301j,-0.120413+0.247814j,-0.094066+0.211793j,2.200341
-0.991113+0.090775j,-0.120149+0.247163j,-0.094233+0.211751j,2.200410
-0.991363+0.089248j,-0.119885+0.246512j,-0.094400+0.211708j,2.200477
-0.991610+0.087720j,-0.119621+0.245862j,-0.094567+0.211666j,2.200543
-0.991855+0.086192j,-0.119357+0.245211j,-0.094734+0.211624j,2.200607
-0.992098+0.084663j,-0.119094+0.244560j,-0.094901+0.211581j,2.200671
-0.992338+0.083133j,-0.118830+0.243909j,-0.095068+0.211539j,2.200733
-0.992576+0.081604j,-0.118566+0.243258j,-0.095235+0.211497j,2.200795
-0.992812+0.080073j,-0.118302+0.242607j,-0.095402+0.211454j,2.200855
-0.993045+0.078542j,-0.118038+0.241956j,-0.095569+0.211412j,2.200914
-0.993276+0.077011j,-0.117774+0.241305j,-0.095736+0.211369j,2.200971
-0.993504+0.075479j,-0.117511+0.240655j,-0.095903+0.211327j,2.201028
-0.993730+0.073946j,-0.117247+0.240004j,-0.096070+0.211284j,2.201084
-0.993954+0.072413j,-0.116983+0.239353j,-0.096236+0.211241j,2.201138
-0.994176+0.070880j,-0.116720+0.238702j,-0.096403+0.211199j,2.201191
-0.994395+0.069346j,-0.116456+0.238051j,-0.096571+0.211156j,2.201243
-0.994612+0.067811j,-0.116192+0.237400j,-0.096738+0.211114j,2.201294
-0.994826+0.066276j,-0.115929+0.236749j,-0.096905+0.211071j,2.201344
-0.995038+0.064740j,-0.115665+0.236099j,-0.097072+0.211028j,2.201392
-0.995248+0.063204j,-0.115401+0.235448j,-0.097239+0.210985j,2.201439
-0.995455+0.061668j,-0.115138+0.234797j,-0.097406+0.210943j,2.201486
-0.995660+0.060131j,-0.114874+0.234146j,-0.097573+0.210900j,2.201531
-0.995863+0.058593j,-0.114610+0.233496j,-0.097740+0.210857j,2.201575
-0.996063+0.057055j,-0.114347+0.232845j,-0.097907+0.210814j,2.201617
-0.996261+0.055516j,-0.114083+0.232194j,-0.098075+0.210771j,2.201659
-0.996456+0.053977j,-0.113819+0.231544j,-0.098242+0.210728j,2.201699
-0.996649+0.052438j,-0.113555+0.230893j,-0.098409+0.210685j,2.201739
-0.996840+0.050898j,-0.113292+0.230242j,-0.098577+0.210642j,2.201777
-0.997029+0.049358j,-0.113028+0.229592j,-0.098744+0.210598j,2.201814
-0.997215+0.047817j,-0.112764+0.228942j,-0.098911+0.210555j,2.201849
-0.997398+0.046276j,-0.112500+0.228291j,-0.099079+0.210512j,2.201884
-0.997580+0.044734j,-0.112236+0.227641j,-0.099247+0.210468j,2.201917
-0.997759+0.043192j,-0.111972+0.226991j,-0.099414+0.210424j,2.201950
-0.997935+0.041649j,-0.111708+0.226341j,-0.099582+0.210381j,2.201981
-0.998109+0.040106j,-0.111443+0.225691j,-0.099750+0.210337j,2.202011
-0.998109+0.040106j,-0.111443+0.225691j,-0.099750+0.210337j,2.202011
-0.998610+0.040146j,-0.111651+0.225599j,-0.099766+0.210391j,2.202021
-0.999112+0.040181j,-0.111857+0.225505j,-0.099783+0.210444j,2.202030
-0.999614+0.040209j,-0.112062+0.225408j,-0.099800+0.210498j,2.202040
-1.000116+0.040231j,-0.112266+0.225308j,-0.099818+0.210551j,2.202050
-1.000618+0.040246j,-0.112468+0.225206j,-0.099836+0.210604j,2.202059
-1.001121+0.040256j,-0.112669+0.225101j,-0.099855+0.210657j,2.202069
-1.001624+0.040258j,-0.112869+0.224994j,-0.099875+0.210709j,2.202079
-1.002126+0.040255j,-0.113067+0.224885j,-0.099895+0.210762j,2.202088
-1.002629+0.040245j,-0.113264+0.224773j,-0.099916+0.210813j,2.202098
-1.003131+0.040229j,-0.113459+0.224658j,-0.099938+0.210865j,2.202108
-1.003633+0.040207j,-0.113652+0.224542j,-0.099960+0.210917j,2.202118
-1.004135+0.040178j,-0.113844+0.224423j,-0.099983+0.210968j,2.202127
-1.004637+0.040143j,-0.114035+0.224301j,-0.100007+0.211018j,2.202137
-1.005137+0.040102j,-0.114224+0.224177j,-0.100031+0.211069j,2.202146
-1.005638+0.040054j,-0.114411+0.224051j,-0.100055+0.211119j,2.202156
-1.006138+0.040000j,-0.114596+0.223923j,-0.100081+0.211169j,2.202166
-1.006637+0.039940j,-0.114780+0.223792j,-0.100107+0.211218j,2.202175
-1.007135+0.039874j,-0.114962+0.223660j,-0.100133+0.211268j,2.202185
-1.007632+0.039801j,-0.115142+0.223525j,-0.100160+0.211316j,2.202195
-1.008129+0.039722j,-0.115321+0.223387j,-0.100188+0.211365j,2.202204
-1.008624+0.039637j,-0.115498+0.223248j,-0.100216+0.211413j,2.202214
-1.009118+0.039545j,-0.115673+0.223106j,-0.100245+0.211461j,2.202224
-1.009611+0.039448j,-0.115846+0.222963j,-0.100274+0.211508j,2.202233
-1.010103+0.039344j,-0.116017+0.222817j,-0.100304+0.211555j,2.202243
-1.010594+0.039234j,-0.116186+0.222669j,-0.100334+0.211602j,2.202252
-1.011083+0.039118j,-0.116354+0.222520j,-0.100365+0.211648j,2.202262
-1.011570+0.038996j,-0.116519+0.222368j,-0.100397+0.211694j,2.202272
-1.012056+0.038868j,-0.116683+0.222214j,-0.100429+0.211739j,2.202281
-1.012541+0.038733j,-0.116845+0.222058j,-0.100462+0.211784j,2.202291
-1.013023+0.038593j,-0.117004+0.221901j,-0.100495+0.211829j,2.202300
-1.013504+0.038446j,-0.117162+0.221741j,-0.100528+0.211873j,2.202310
-1.013983+0.038293j,-0.117317+0.221580j,-0.100563+0.211917j,2.202320
-1.014460+0.038135j,-0.117471+0.221416j,-0.100597+0.211960j,2.202329
-1.014935+0.037970j,-0.117622+0.221251j,-0.100632+0.212003j,2.202339
-1.015408+0.037800j,-0.117771+0.221085j,-0.100668+0.212045j,2.202348
-1.015878+0.037623j,-0.117918+0.220916j,-0.100704+0.212087j,2.202358
-1.016347+0.037441j,-0.118063+0.220745j,-0.100741+0.212129j,2.202367
-1.016813+0.037253j,-0.118206+0.220573j,-0.100778+0.212170j,2.202377
-1.017277+0.037058j,-0.118347+0.220400j,-0.100815+0.212210j,2.202387
-1.017738+0.036859j,-0.118485+0.220224j,-0.100854+0.212250j,2.202396
-1.018196+0.036653j,-0.118621+0.220047j,-0.100892+0.212290j,2.202406
-1.018652+0.036442j,-0.118755+0.219869j,-0.100931+0.212329j,2.202415
-1.019106+0.036224j,-0.118887+0.219688j,-0.100970+0.212367j,2.202425
-1.019556+0.036002j,-0.119016+0.219507j,-0.101010+0.212405j,2.202434
-1.020004+0.035773j,-0.119143+0.219323j,-0.101050+0.212443j,2.202444
-1.020449+0.035539j,-0.119268+0.219139j,-0.101091+0.212480j,2.202453
-1.020891+0.035299j,-0.119391+0.218952j,-0.101132+0.212517j,2.202463
-1.021330+0.035054j,-0.119511+0.218765j,-0.101174+0.212553j,2.202472
-1.021765+0.034804j,-0.119629+0.218576j,-0.101216+0.212588j,2.202482
-1.022198+0.034547j,-0.119744+0.218386j,-0.101258+0.212623j,2.202491
-1.022627+0.034286j,-0.119857+0.218194j,-0.101301+0.212658j,2.202501
-1.023053+0.034019j,-0.119968+0.218001j,-0.101344+0.212692j,2.202510
-1.023475+0.033747j,-0.120076+0.217807j,-0.101387+0.212725j,2.202520
-1.023895+0.033469j,-0.120182+0.217611j,-0.101431+0.212758j,2.202529
-1.024310+0.033186j,-0.120286+0.217414j,-0.101475+0.212790j,2.202539
-1.024722+0.032898j,-0.120387+0.217217j,-0.101520+0.212822j,2.202548
-1.025130+0.032605j,-0.120485+0.217018j,-0.101565+0.212853j,2.202558
-1.025535+0.032307j,-0.120581+0.216817j,-0.101610+0.212884j,2.202567
-1.025936+0.032004j,-0.120675+0.216616j,-0.101656+0.212914j,2.202577
-1.026333+0.031695j,-0.120766+0.216414j,-0.101702+0.212943j,2.202586
-1.026726+0.031382j,-0.120855+0.216210j,-0.101748+0.212972j,2.202596
-1.027115+0.031064j,-0.120941+0.216006j,-0.101794+0.213000j,2.202605
-1.027500+0.030741j,-0.121025+0.215801j,-0.101841+0.213028j,2.202615
-1.027881+0.030413j,-0.121106+0.215595j,-0.101888+0.213055j,2.202624
-1.028258+0.030080j,-0.121184+0.215388j,-0.101936+0.213082j,2.202634
-1.028631+0.029743j,-0.121260+0.215180j,-0.101984+0.213108j,2.202643
-1.028999+0.029401j,-0.121334+0.214971j,-0.102032+0.213133j,2.202653
-1.029363+0.029055j,-0.121405+0.214761j,-0.102080+0.213158j,2.202662
-1.029723+0.028703j,-0.121473+0.214551j,-0.102128+0.213182j,2.202672
-1.030078+0.028348j,-0.121539+0.214339j,-0.102177+0.213206j,2.202681
-1.030429+0.027988j,-0.121602+0.214128j,-0.102226+0.213229j,2.202691
-1.030775+0.027623j,-0.121662+0.213915j,-0.102276+0.213251j,2.202700
-1.031116+0.027254j,-0.121720+0.213702j,-0.102325+0.213273j,2.202709
-1.031453+0.026881j,-0.121776+0.213488j,-0.102375+0.213294j,2.202719
-1.031786+0.026504j,-0.121828+0.213273j,-0.102425+0.213315j,2.202728
-1.032113+0.026123j,-0.121879+0.213058j,-0.102475+0.213335j,2.202738
-1.032436+0.025737j,-0.121926+0.212843j,-0.102525+0.213354j,2.202747
-1.032753+0.025348j,-0.121971+0.212627j,-0.102576+0.213373j,2.202757
-1.033066+0.024954j,-0.122013+0.212410j,-0.102627+0.213391j,2.202766
-1.033374+0.024557j,-0.122053+0.212193j,-0.102678+0.213408j,2.202776
-1.033677+0.024156j,-0.122090+0.211976j,-0.102729+0.213425j,2.202785
-1.033975+0.023751j,-0.122124+0.211758j,-0.102780+0.213441j,2.202794
-1.034267+0.023342j,-0.122156+0.211540j,-0.102832+0.213457j,2.202804
-1.034555+0.022930j,-0.122185+0.211322j,-0.102883+0.213472j,2.202813
-1.034837+0.022514j,-0.122212+0.211103j,-0.102935+0.213486j,2.202823
-1.035114+0.022095j,-0.122236+0.210884j,-0.102987+0.213500j,2.202832
-1.035386+0.021672j,-0.122257+0.210665j,-0.103039+0.213513j,2.202842
-1.035652+0.021245j,-0.122275+0.210446j,-0.103091+0.213525j,2.202851
-1.035913+0.020816j,-0.122291+0.210226j,-0.103143+0.213537j,2.202860
-1.036169+0.020383j,-0.122304+0.210007j,-0.103196+0.213548j,2.202870
-1.036419+0.019947j,-0.122315+0.209787j,-0.103248+0.213558j,2.202879
-1.036664+0.019508j,-0.122323+0.209567j,-0.103301+0.213568j,2.202889
-1.036903+0.019066j,-0.122328+0.209348j,-0.103354+0.213577j,2.202898
-1.037136+0.018621j,-0.122331+0.209128j,-0.103406+0.213586j,2.202908
-1.037364+0.018173j,-0.122331+0.208908j,-0.103459+0.213594j,2.202917
-1.037587+0.017722j,-0.122328+0.208689j,-0.103512+0.213601j,2.202926
-1.037803+0.017268j,-0.122323+0.208469j,-0.103565+0.213607j,2.202936
-1.038014+0.016812j,-0.122315+0.208250j,-0.103618+0.213613j,2.202945
-1.038219+0.016353j,-0.122304+0.208030j,-0.103671+0.213619j,2.202955
-1.038419+0.015892j,-0.122291+0.207811j,-0.103724+0.213623j,2.202964
-1.038612+0.015428j,-0.122275+0.207592j,-0.103777+0.213627j,2.202974
-1.038800+0.014962j,-0.122256+0.207374j,-0.103830+0.213630j,2.202983
-1.038982+0.014493j,-0.122235+0.207155j,-0.103883+0.213633j,2.202992
-1.039158+0.014022j,-0.122212+0.206937j,-0.103936+0.213635j,2.203002
-1.039328+0.013549j,-0.122185+0.206720j,-0.103989+0.213637j,2.203011
-1.039492+0.013074j,-0.122156+0.206502j,-0.104042+0.213637j,2.203021
-1.039650+0.012597j,-0.122125+0.206286j,-0.104095+0.213637j,2.203030
-1.039802+0.012118j,-0.122091+0.206069j,-0.104148+0.213637j,2.203039
-1.039948+0.011637j,-0.122054+0.205853j,-0.104201+0.213636j,2.203049
-1.040088+0.011154j,-0.122014+0.205638j,-0.104254+0.213634j,2.203058
-1.040222+0.010669j,-0.121972+0.205423j,-0.104307+0.213631j,2.203068
-1.040349+0.010183j,-0.121928+0.205208j,-0.104360+0.213628j,2.203077
-1.040471+0.009696j,-0.121881+0.204994j,-0.104413+0.213624j,2.203086
-1.040586+0.009206j,-0.121831+0.204781j,-0.104466+0.213620j,2.203096
-1.040696+0.008716j,-0.121779+0.204569j,-0.104518+0.213615j,2.203105
-1.040799+0.008224j,-0.121724+0.204357j,-0.104571+0.213609j,2.203115
-1.040896+0.007731j,-0.121667+0.204146j,-0.104623+0.213603j,2.203124
-1.040987+0.007236j,-0.121607+0.203935j,-0.104676+0.213596j,2.203134
-1.041071+0.006741j,-0.121545+0.203725j,-0.104728+0.213588j,2.203143
-1.041150+0.006244j,-0.121480+0.203516j,-0.104780+0.213580j,2.203152
-1.041222+0.005747j,-0.121413+0.203308j,-0.104832+0.213571j,2.203162
-1.041288+0.005249j,-0.121343+0.203101j,-0.104884+0.213561j,2.203171
-1.041347+0.004749j,-0.121271+0.202895j,-0.104936+0.213551j,2.203181
-1.041401+0.004250j,-0.121196+0.202689j,-0.104987+0.213540j,2.203190
-1.041448+0.003749j,-0.121118+0.202485j,-0.105039+0.213529j,2.203199
-1.041488+0.003248j,-0.121039+0.202281j,-0.105090+0.213516j,2.203209
-1.041523+0.002747j,-0.120957+0.202079j,-0.105141+0.213504j,2.203218
-1.041551+0.002245j,-0.120872+0.201877j,-0.105192+0.213490j,2.203228
-1.041573+0.001743j,-0.120785+0.201677j,-0.105243+0.213476j,2.203237
-1.041588+0.001240j,-0.120696+0.201477j,-0.105293+0.213462j,2.203247
-1.041597+0.000738j,-0.120604+0.201279j,-0.105343+0.213446j,2.203256
-1.041600+0.000235j,-0.120510+0.201082j,-0.105394+0.213431j,2.203265
-1.041597-0.000268j,-0.120413+0.200886j,-0.105444+0.213414j,2.203275
-1.041587-0.000770j,-0.120314+0.200691j,-0.105493+0.213397j,2.203284
-1.041571-0.001273j,-0.120213+0.200497j,-0.105543+0.213379j,2.203294
-1.041548-0.001775j,-0.120110+0.200305j,-0.105592+0.213361j,2.203303
-1.041520-0.002277j,-0.120004+0.200114j,-0.105641+0.213342j,2.203312
-1.041485-0.002778j,-0.119896+0.199924j,-0.105690+0.213323j,2.203322
-1.041443-0.003279j,-0.119785+0.199736j,-0.105739+0.213303j,2.203331
-1.041396-0.003779j,-0.119673+0.199548j,-0.105787+0.213282j,2.203341
-1.041342-0.004279j,-0.119558+0.199363j,-0.105835+0.213261j,2.203350
-1.041282-0.004778j,-0.119441+0.199178j,-0.105883+0.213239j,2.203360
-1.041215-0.005276j,-0.119321+0.198996j,-0.105930+0.213216j,2.203369
-1.041143-0.005774j,-0.119200+0.198814j,-0.105977+0.213193j,2.203378
-1.041064-0.006270j,-0.119076+0.198634j,-0.106024+0.213169j,2.203388
-1.040979-0.006766j,-0.118950+0.198456j,-0.106071+0.213145j,2.203397
-1.040887-0.007260j,-0.118822+0.198279j,-0.106117+0.213120j,2.203407
-1.040790-0.007753j,-0.118692+0.198103j,-0.106163+0.213095j,2.203416
-1.040686-0.008245j,-0.118560+0.197930j,-0.106209+0.213069j,2.203426
-1.040576-0.008735j,-0.118425+0.197757j,-0.106254+0.213043j,2.203435
-1.040460-0.009224j,-0.118289+0.197587j,-0.106299+0.213016j,2.203445
-1.040338-0.009712j,-0.118150+0.197418j,-0.106344+0.212988j,2.203454
-1.040209-0.010198j,-0.118010+0.197251j,-0.106388+0.212960j,2.203463
-1.040075-0.010682j,-0.117867+0.197085j,-0.106432+0.212931j,2.203473
-1.039934-0.011165j,-0.117723+0.196922j,-0.106476+0.212902j,2.203482
-1.039788-0.011646j,-0.117576+0.196760j,-0.106519+0.212872j,2.203492
-1.039635-0.012125j,-0.117428+0.196599j,-0.106562+0.212841j,2.203501
-1.039477-0.012601j,-0.117277+0.196441j,-0.106604+0.212811j,2.203511
-1.039312-0.013076j,-0.117125+0.196284j,-0.106647+0.212779j,2.203520
-1.039141-0.013549j,-0.116970+0.196130j,-0.106688+0.212747j,2.203530
-1.038965-0.014020j,-0.116814+0.195977j,-0.106730+0.212715j,2.203539
-1.038783-0.014488j,-0.116656+0.195826j,-0.106771+0.212682j,2.203548
-1.038594-0.014954j,-0.116496+0.195677j,-0.106811+0.212648j,2.203558
-1.038400-0.015418j,-0.116335+0.195529j,-0.106851+0.212614j,2.203567
-1.038200-0.015879j,-0.116171+0.195384j,-0.106891+0.212579j,2.203577
-1.037995-0.016338j,-0.116006+0.195241j,-0.106930+0.212544j,2.203586
-1.037783-0.016794j,-0.115839+0.195100j,-0.106969+0.212509j,2.203596
-1.037566-0.017247j,-0.115670+0.194961j,-0.107008+0.212473j,2.203605
-1.037343-0.017698j,-0.115500+0.194824j,-0.107046+0.212436j,2.203615
-1.037115-0.018146j,-0.115328+0.194689j,-0.107083+0.212399j,2.203624
-1.036881-0.018590j,-0.115154+0.194556j,-0.107120+0.212362j,2.203634
-1.036641-0.019032j,-0.114979+0.194425j,-0.107157+0.212324j,2.203643
-1.036396-0.019471j,-0.114802+0.194296j,-0.107193+0.212285j,2.203653
-1.036145-0.019907j,-0.114623+0.194169j,-0.107229+0.212247j,2.203662
-1.035889-0.020339j,-0.114443+0.194045j,-0.107264+0.212207j,2.203671
-1.035628-0.020768j,-0.114261+0.193923j,-0.107299+0.212167j,2.203681
-1.035361-0.021194j,-0.114078+0.193803j,-0.107333+0.212127j,2.203690
-1.035089-0.021617j,-0.113893+0.193685j,-0.107367+0.212086j,2.203700
-1.034811-0.022036j,-0.113707+0.193569j,-0.107400+0.212045j,2.203709
-1.034528-0.022452j,-0.113519+0.193456j,-0.107433+0.212004j,2.203719
-1.034240-0.022864j,-0.113330+0.193345j,-0.107466+0.211962j,2.203728
-1.033947-0.023272j,-0.113140+0.193236j,-0.107497+0.211919j,2.203738
-1.033649-0.023677j,-0.112948+0.193130j,-0.107529+0.211877j,2.203747
-1.033346-0.024077j,-0.112755+0.193026j,-0.107559+0.211833j,2.203757
-1.033037-0.024474j,-0.112561+0.192924j,-0.107590+0.211790j,2.203766
-1.032724-0.024867j,-0.112365+0.192825j,-0.107619+0.211746j,2.203776
-1.032406-0.025257j,-0.112168+0.192728j,-0.107648+0.211701j,2.203785
-1.032083-0.025642j,-0.111970+0.192633j,-0.107677+0.211657j,2.203795
-1.031755-0.026023j,-0.111771+0.192541j,-0.107705+0.211612j,2.203804
-1.031422-0.026400j,-0.111570+0.192451j,-0.107733+0.211566j,2.203814
-1.031085-0.026772j,-0.111369+0.192364j,-0.107760+0.211520j,2.203823
-1.030743-0.027141j,-0.111166+0.192279j,-0.107786+0.211474j,2.203833
-1.030396-0.027505j,-0.110962+0.192197j,-0.107812+0.211427j,2.203842
-1.030045-0.027864j,-0.110757+0.192117j,-0.107837+0.211380j,2.203852
-1.029690-0.028219j,-0.110551+0.192039j,-0.107862+0.211333j,2.203861
-1.029329-0.028570j,-0.110345+0.191964j,-0.107886+0.211285j,2.203871
-1.028965-0.028916j,-0.110137+0.191892j,-0.107910+0.211237j,2.203880
-1.028596-0.029258j,-0.109928+0.191822j,-0.107933+0.211189j,2.203890
-1.028223-0.029595j,-0.109718+0.191755j,-0.107955+0.211141j,2.203899
-1.027846-0.029927j,-0.109508+0.191690j,-0.107977+0.211092j,2.203909
-1.027465-0.030254j,-0.109296+0.191628j,-0.107998+0.211043j,2.203918
-1.027079-0.030577j,-0.109084+0.191569j,-0.108019+0.210993j,2.203928
-1.026690-0.030895j,-0.108871+0.191512j,-0.108039+0.210943j,2.203937
-1.026296-0.031208j,-0.108657+0.191458j,-0.108058+0.210893j,2.203947
-1.025899-0.031515j,-0.108443+0.191406j,-0.108077+0.210843j,2.203956
-1.025498-0.031818j,-0.108227+0.191357j,-0.108095+0.210792j,2.203966
-1.025093-0.032116j,-0.108011+0.191310j,-0.108113+0.210742j,2.203975
-1.024684-0.032409j,-0.107795+0.191267j,-0.108130+0.210690j,2.203985
-1.024272-0.032696j,-0.107578+0.191226j,-0.108146+0.210639j,2.203995
-1.023856-0.032978j,-0.107360+0.191187j,-0.108162+0.210588j,2.204004
-1.023436-0.033256j,-0.107142+0.191152j,-0.108177+0.210536j,2.204014
-1.023013-0.033527j,-0.106923+0.191119j,-0.108191+0.210484j,2.204023
-1.022587-0.033794j,-0.106704+0.191088j,-0.108205+0.210431j,2.204033
-1.022158-0.034055j,-0.106484+0.191061j,-0.108218+0.210379j,2.204042
-1.021725-0.034310j,-0.106264+0.191036j,-0.108231+0.210326j,2.204052
-1.021289-0.034560j,-0.106043+0.191014j,-0.108243+0.210274j,2.204061
-1.020850-0.034805j,-0.105823+0.190994j,-0.108254+0.210221j,2.204071
-1.020408-0.035044j,-0.105602+0.190977j,-0.108265+0.210167j,2.204080
-1.019963-0.035278j,-0.105380+0.190963j,-0.108275+0.210114j,2.204090
-1.019515-0.035506j,-0.105158+0.190952j,-0.108284+0.210060j,2.204099
-1.019064-0.035728j,-0.104937+0.190944j,-0.108293+0.210007j,2.204109
-1.018610-0.035945j,-0.104714+0.190938j,-0.108301+0.209953j,2.204118
-1.018154-0.036156j,-0.104492+0.190935j,-0.108308+0.209899j,2.204128
-1.017695-0.036361j,-0.104270+0.190935j,-0.108315+0.209845j,2.204138
-1.017234-0.036560j,-0.104047+0.190937j,-0.108321+0.209791j,2.204147
-1.016770-0.036754j,-0.103825+0.190943j,-0.108326+0.209736j,2.204157
-1.016303-0.036941j,-0.103602+0.190951j,-0.108331+0.209682j,2.204166
-1.015835-0.037123j,-0.103380+0.190962j,-0.108335+0.209627j,2.204176
-1.015364-0.037299j,-0.103157+0.190976j,-0.108338+0.209573j,2.204185
-1.014891-0.037469j,-0.102935+0.190992j,-0.108341+0.209518j,2.204195
-1.014416-0.037633j,-0.102713+0.191011j,-0.108343+0.209463j,2.204204
-1.013939-0.037791j,-0.102491+0.191033j,-0.108344+0.209408j,2.204214
-1.013460-0.037943j,-0.102269+0.191058j,-0.108345+0.209354j,2.204224
-1.012979-0.038089j,-0.102047+0.191086j,-0.108345+0.209299j,2.204233
-1.012496-0.038229j,-0.101826+0.191116j,-0.108344+0.209244j,2.204243
-1.012011-0.038363j,-0.101605+0.191149j,-0.108343+0.209189j,2.204252
-1.011525-0.038491j,-0.101384+0.191185j,-0.108341+0.209134j,2.204262
-1.011037-0.038612j,-0.101163+0.191224j,-0.108338+0.209078j,2.204271
-1.010548-0.038728j,-0.100943+0.191265j,-0.108334+0.209023j,2.204281
-1.010058-0.038837j,-0.100723+0.191310j,-0.108330+0.208968j,2.204290
-1.009566-0.038940j,-0.100504+0.191357j,-0.108326+0.208913j,2.204300
-1.009072-0.039037j,-0.100286+0.191406j,-0.108320+0.208858j,2.204310
-1.008578-0.039128j,-0.100067+0.191459j,-0.108314+0.208803j,2.204319
-1.008083-0.039213j,-0.099850+0.191514j,-0.108307+0.208748j,2.204329
-1.007586-0.039291j,-0.099633+0.191572j,-0.108300+0.208693j,2.204338
-1.007089-0.039363j,-0.099416+0.191633j,-0.108291+0.208638j,2.204348
-1.006590-0.039429j,-0.099201+0.191697j,-0.108283+0.208584j,2.204357
-1.006091-0.039489j,-0.098985+0.191763j,-0.108273+0.208529j,2.204367
-1.005591-0.039542j,-0.098771+0.191832j,-0.108263+0.208474j,2.204377
-1.005091-0.039589j,-0.098558+0.191904j,-0.108252+0.208420j,2.204386
-1.004590-0.039630j,-0.098345+0.191978j,-0.108240+0.208365j,2.204396
-1.004088-0.039664j,-0.098133+0.192056j,-0.108228+0.208311j,2.204405
-1.003587-0.039692j,-0.097922+0.192136j,-0.108215+0.208256j,2.204415
-1.003084-0.039714j,-0.097712+0.192218j,-0.108202+0.208202j,2.204424
-1.002582-0.039730j,-0.097503+0.192303j,-0.108187+0.208148j,2.204434
-1.002079-0.039739j,-0.097294+0.192391j,-0.108172+0.208094j,2.204444
-1.001577-0.039742j,-0.097087+0.192482j,-0.108157+0.208041j,2.204453
-1.001074-0.039738j,-0.096881+0.192575j,-0.108140+0.207987j,2.204463
-1.000572-0.039728j,-0.096676+0.192671j,-0.108123+0.207934j,2.204472
-1.000069-0.039712j,-0.096472+0.192770j,-0.108106+0.207880j,2.204482
-0.999567-0.039690j,-0.096269+0.192871j,-0.108087+0.207827j,2.204491
-0.999065-0.039661j,-0.096067+0.192975j,-0.108068+0.207774j,2.204501
-0.998564-0.039626j,-0.095867+0.193081j,-0.108049+0.207722j,2.204511
-0.998063-0.039585j,-0.095668+0.193190j,-0.108029+0.207669j,2.204520
-0.997562-0.039537j,-0.095470+0.193302j,-0.108008+0.207617j,2.204530
-0.997063-0.039483j,-0.095273+0.193416j,-0.107986+0.207565j,2.204539
-0.996564-0.039423j,-0.095078+0.193533j,-0.107964+0.207513j,2.204549
-0.996065-0.039357j,-0.094884+0.193652j,-0.107941+0.207462j,2.204558
-0.995568-0.039284j,-0.094691+0.193773j,-0.107917+0.207410j,2.204568
-0.995072-0.039205j,-0.094500+0.193898j,-0.107893+0.207359j,2.204578
-0.994576-0.039120j,-0.094311+0.194024j,-0.107868+0.207309j,2.204587
-0.994082-0.039029j,-0.094123+0.194153j,-0.107843+0.207258j,2.204597
-0.993589-0.038931j,-0.093936+0.194285j,-0.107817+0.207208j,2.204606
-0.993097-0.038827j,-0.093751+0.194419j,-0.107790+0.207158j,2.204616
-0.992607-0.038717j,-0.093568+0.194555j,-0.107763+0.207108j,2.204626
-0.992117-0.038601j,-0.093386+0.194694j,-0.107735+0.207059j,2.204635
-0.991630-0.038479j,-0.093206+0.194835j,-0.107706+0.207010j,2.204645
-0.991144-0.038351j,-0.093028+0.194979j,-0.107677+0.206961j,2.204654
-0.990660-0.038216j,-0.092851+0.195125j,-0.107647+0.206913j,2.204664
-0.990177-0.038076j,-0.092676+0.195273j,-0.107616+0.206865j,2.204674
-0.989696-0.037929j,-0.092503+0.195423j,-0.107585+0.206817j,2.204683
-0.989217-0.037777j,-0.092332+0.195576j,-0.107554+0.206770j,2.204693
-0.988740-0.037618j,-0.092163+0.195731j,-0.107521+0.206723j,2.204702
-0.988265-0.037453j,-0.091995+0.195888j,-0.107489+0.206677j,2.204712
-0.987793-0.037283j,-0.091829+0.196048j,-0.107455+0.206631j,2.204722
-0.987322-0.037106j,-0.091666+0.196209j,-0.107421+0.206585j,2.204731
-0.986853-0.036924j,-0.091504+0.196373j,-0.107386+0.206540j,2.204741
-0.986387-0.036736j,-0.091345+0.196539j,-0.107351+0.206495j,2.204750
-0.985924-0.036542j,-0.091187+0.196707j,-0.107316+0.206450j,2.204760
-0.985463-0.036342j,-0.091031+0.196877j,-0.107279+0.206406j,2.204770
-0.985004-0.036136j,-0.090878+0.197050j,-0.107242+0.206362j,2.204779
-0.984548-0.035925j,-0.090727+0.197224j,-0.107205+0.206319j,2.204789
-0.984095-0.035708j,-0.090577+0.197400j,-0.107167+0.206277j,2.204798
-0.983644-0.035485j,-0.090430+0.197578j,-0.107128+0.206234j,2.204808
-0.983196-0.035256j,-0.090285+0.197758j,-0.107089+0.206192j,2.204818
-0.982751-0.035022j,-0.090143+0.197940j,-0.107050+0.206151j,2.204827
-0.982310-0.034783j,-0.090002+0.198124j,-0.107010+0.206110j,2.204837
-0.981871-0.034537j,-0.089864+0.198310j,-0.106969+0.206070j,2.204846
-0.981435-0.034287j,-0.089729+0.198498j,-0.106928+0.206030j,2.204856
-0.981003-0.034031j,-0.089595+0.198688j,-0.106886+0.205991j,2.204866
-0.980573-0.033769j,-0.089464+0.198879j,-0.106844+0.205952j,2.204875
-0.980147-0.033502j,-0.089336+0.199072j,-0.106802+0.205913j,2.204885
-0.979725-0.033230j,-0.089209+0.199267j,-0.106758+0.205875j,2.204894
-0.979306-0.032952j,-0.089085+0.199463j,-0.106715+0.205838j,2.204904
-0.978890-0.032670j,-0.088964+0.199661j,-0.106671+0.205801j,2.204914
-0.978478-0.032382j,-0.088845+0.199861j,-0.106626+0.205765j,2.204923
-0.978070-0.032089j,-0.088729+0.200063j,-0.106581+0.205730j,2.204933
-0.977665-0.031790j,-0.088615+0.200266j,-0.106536+0.205694j,2.204943
-0.977264-0.031487j,-0.088504+0.200470j,-0.106490+0.205660j,2.204952
-0.976867-0.031179j,-0.088395+0.200676j,-0.106444+0.205626j,2.204962
-0.976474-0.030865j,-0.088289+0.200884j,-0.106397+0.205592j,2.204971
-0.976085-0.030547j,-0.088185+0.201093j,-0.106350+0.205560j,2.204981
-0.975700-0.030224j,-0.088084+0.201303j,-0.106302+0.205527j,2.204991
-0.975319-0.029896j,-0.087986+0.201515j,-0.106254+0.205496j,2.205000
-0.974942-0.029564j,-0.087890+0.201728j,-0.106206+0.205465j,2.205010
-0.974570-0.029226j,-0.087797+0.201942j,-0.106157+0.205434j,2.205020
-0.974201-0.028884j,-0.087707+0.202158j,-0.106108+0.205405j,2.205029
-0.973837-0.028538j,-0.087620+0.202375j,-0.106058+0.205375j,2.205039
-0.973478-0.028187j,-0.087535+0.202593j,-0.106008+0.205347j,2.205048
-0.973122-0.027831j,-0.087453+0.202812j,-0.105958+0.205319j,2.205058
-0.972772-0.027471j,-0.087374+0.203032j,-0.105907+0.205292j,2.205068
-0.972425-0.027106j,-0.087298+0.203254j,-0.105856+0.205265j,2.205077
-0.972084-0.026738j,-0.087224+0.203476j,-0.105805+0.205239j,2.205087
-0.971747-0.026365j,-0.087154+0.203700j,-0.105753+0.205214j,2.205097
-0.971415-0.025987j,-0.087086+0.203924j,-0.105701+0.205189j,2.205106
-0.971087-0.025606j,-0.087021+0.204150j,-0.105649+0.205165j,2.205116
-0.970765-0.025221j,-0.086959+0.204376j,-0.105596+0.205142j,2.205126
-0.970447-0.024831j,-0.086900+0.204603j,-0.105544+0.205119j,2.205135
-0.970134-0.024438j,-0.086843+0.204831j,-0.105490+0.205097j,2.205145
-0.969826-0.024040j,-0.086790+0.205060j,-0.105437+0.205076j,2.205155
-0.969524-0.023639j,-0.086739+0.205290j,-0.105383+0.205055j,2.205164
-0.969226-0.023234j,-0.086692+0.205520j,-0.105329+0.205035j,2.205174
-0.968933-0.022825j,-0.086647+0.205751j,-0.105275+0.205016j,2.205184
-0.968646-0.022413j,-0.086606+0.205983j,-0.105221+0.204998j,2.205193
-0.968363-0.021997j,-0.086567+0.206215j,-0.105166+0.204980j,2.205203
-0.968086-0.021578j,-0.086532+0.206447j,-0.105111+0.204963j,2.205213
-0.967815-0.021155j,-0.086499+0.206681j,-0.105056+0.204946j,2.205222
-0.967548-0.020729j,-0.086469+0.206914j,-0.105001+0.204931j,2.205232
-0.967287-0.020299j,-0.086443+0.207149j,-0.104945+0.204916j,2.205242
-0.967031-0.019866j,-0.086419+0.207383j,-0.104890+0.204902j,2.205251
-0.966781-0.019430j,-0.086398+0.207618j,-0.104834+0.204888j,2.205261
-0.966537-0.018991j,-0.086381+0.207853j,-0.104778+0.204875j,2.205271
-0.966298-0.018549j,-0.086366+0.208089j,-0.104722+0.204863j,2.205280
-0.966064-0.018104j,-0.086355+0.208324j,-0.104665+0.204852j,2.205290
-0.965836-0.017656j,-0.086346+0.208560j,-0.104609+0.204841j,2.205300
-0.965614-0.017205j,-0.086341+0.208796j,-0.104553+0.204832j,2.205310
-0.965397-0.016752j,-0.086339+0.209032j,-0.104496+0.204822j,2.205319
-0.965186-0.016295j,-0.086339+0.209268j,-0.104439+0.204814j,2.205329
-0.964981-0.015837j,-0.086343+0.209505j,-0.104382+0.204806j,2.205339
-0.964782-0.015375j,-0.086350+0.209741j,-0.104325+0.204800j,2.205348
-0.964588-0.014911j,-0.086360+0.209977j,-0.104268+0.204793j,2.205358
-0.964401-0.014445j,-0.086373+0.210213j,-0.104211+0.204788j,2.205368
-0.964219-0.013976j,-0.086389+0.210449j,-0.104154+0.204783j,2.205378
-0.964043-0.013505j,-0.086408+0.210684j,-0.104097+0.204780j,2.205387
-0.963873-0.013032j,-0.086430+0.210920j,-0.104040+0.204776j,2.205397
-0.963709-0.012557j,-0.086455+0.211155j,-0.103983+0.204774j,2.205407
-0.963551-0.012080j,-0.086483+0.211390j,-0.103925+0.204773j,2.205416
-0.963399-0.011601j,-0.086514+0.211624j,-0.103868+0.204772j,2.205426
-0.963253-0.011120j,-0.086549+0.211858j,-0.103811+0.204772j,2.205436
-0.963113-0.010637j,-0.086586+0.212092j,-0.103754+0.204772j,2.205446
-0.962979-0.010153j,-0.086626+0.212325j,-0.103697+0.204774j,2.205455
-0.962851-0.009667j,-0.086670+0.212558j,-0.103639+0.204776j,2.205465
-0.962729-0.009179j,-0.086716+0.212790j,-0.103582+0.204779j,2.205475
-0.962614-0.008690j,-0.086766+0.213021j,-0.103525+0.204782j,2.205485
-0.962504-0.008199j,-0.086818+0.213252j,-0.103468+0.204787j,2.205494
-0.962401-0.007707j,-0.086873+0.213482j,-0.103411+0.204792j,2.205504
-0.962304-0.007214j,-0.086932+0.213712j,-0.103355+0.204798j,2.205514
-0.962213-0.006720j,-0.086993+0.213941j,-0.103298+0.204805j,2.205524
-0.962129-0.006224j,-0.087058+0.214168j,-0.103241+0.204812j,2.205533
-0.962051-0.005728j,-0.087125+0.214395j,-0.103185+0.204820j,2.205543
-0.961978-0.005230j,-0.087195+0.214621j,-0.103128+0.204829j,2.205553
-0.961913-0.004732j,-0.087268+0.214847j,-0.103072+0.204839j,2.205563
-0.961853-0.004233j,-0.087345+0.215071j,-0.103016+0.204850j,2.205573
-0.961800-0.003733j,-0.087424+0.215294j,-0.102960+0.204861j,2.205582
-0.961753-0.003232j,-0.087506+0.215516j,-0.102905+0.204873j,2.205592
-0.961712-0.002731j,-0.087590+0.215737j,-0.102849+0.204885j,2.205602
-0.961678-0.002230j,-0.087678+0.215957j,-0.102794+0.204899j,2.205612
-0.961650-0.001728j,-0.087769+0.216176j,-0.102738+0.204913j,2.205621
-0.961628-0.001226j,-0.087862+0.216393j,-0.102683+0.204928j,2.205631
-0.961612-0.000723j,-0.087958+0.216610j,-0.102629+0.204944j,2.205641
-0.961603-0.000221j,-0.088057+0.216825j,-0.102574+0.204960j,2.205651
-0.961600+0.000282j,-0.088159+0.217038j,-0.102520+0.204977j,2.205661
-0.961604+0.000784j,-0.088264+0.217250j,-0.102466+0.204995j,2.205670
-0.961613+0.001287j,-0.088371+0.217461j,-0.102412+0.205013j,2.205680
-0.961629+0.001789j,-0.088481+0.217671j,-0.102359+0.205033j,2.205690
-0.961652+0.002291j,-0.088594+0.217879j,-0.102305+0.205053j,2.205700
-0.961681+0.002793j,-0.088709+0.218085j,-0.102252+0.205073j,2.205710
-0.961716+0.003295j,-0.088828+0.218290j,-0.102200+0.205095j,2.205720
-0.961757+0.003796j,-0.088948+0.218493j,-0.102147+0.205117j,2.205729
-0.961804+0.004296j,-0.089072+0.218695j,-0.102095+0.205140j,2.205739
-0.961858+0.004796j,-0.089198+0.218895j,-0.102044+0.205163j,2.205749
-0.961918+0.005295j,-0.089327+0.219094j,-0.101992+0.205187j,2.205759
-0.961985+0.005793j,-0.089458+0.219290j,-0.101941+0.205212j,2.205769
-0.962058+0.006290j,-0.089592+0.219485j,-0.101890+0.205238j,2.205778
-0.962137+0.006787j,-0.089728+0.219678j,-0.101840+0.205264j,2.205788
-0.962222+0.007282j,-0.089867+0.219869j,-0.101790+0.205291j,2.205798
-0.962313+0.007777j,-0.090008+0.220059j,-0.101741+0.205318j,2.205808
-0.962411+0.008270j,-0.090151+0.220246j,-0.101691+0.205347j,2.205818
-0.962514+0.008761j,-0.090297+0.220431j,-0.101642+0.205376j,2.205828
-0.962624+0.009252j,-0.090446+0.220615j,-0.101594+0.205405j,2.205838
-0.962740+0.009741j,-0.090597+0.220797j,-0.101546+0.205435j,2.205847
-0.962863+0.010229j,-0.090750+0.220976j,-0.101498+0.205466j,2.205857
-0.962991+0.010715j,-0.090905+0.221154j,-0.101451+0.205498j,2.205867
-0.963125+0.011199j,-0.091063+0.221329j,-0.101405+0.205530j,2.205877
-0.963266+0.011682j,-0.091223+0.221502j,-0.101358+0.205562j,2.205887
-0.963413+0.012162j,-0.091385+0.221673j,-0.101312+0.205596j,2.205897
-0.963565+0.012641j,-0.091549+0.221842j,-0.101267+0.205630j,2.205907
-0.963724+0.013118j,-0.091716+0.222009j,-0.101222+0.205664j,2.205916
-0.963888+0.013593j,-0.091884+0.222173j,-0.101178+0.205699j,2.205926
-0.964059+0.014066j,-0.092055+0.222335j,-0.101134+0.205735j,2.205936
-0.964235+0.014537j,-0.092228+0.222495j,-0.101090+0.205771j,2.205946
-0.964418+0.015005j,-0.092403+0.222653j,-0.101047+0.205808j,2.205956
-0.964606+0.015471j,-0.092580+0.222808j,-0.101005+0.205846j,2.205966
-0.964800+0.015935j,-0.092758+0.222961j,-0.100963+0.205884j,2.205976
-0.965000+0.016396j,-0.092939+0.223112j,-0.100921+0.205922j,2.205985
-0.965206+0.016855j,-0.093122+0.223260j,-0.100880+0.205961j,2.205995
-0.965417+0.017311j,-0.093306+0.223405j,-0.100840+0.206001j,2.206005
-0.965634+0.017764j,-0.093492+0.223548j,-0.100800+0.206041j,2.206015
-0.965857+0.018215j,-0.093681+0.223689j,-0.100761+0.206082j,2.206025
-0.966085+0.018662j,-0.093870+0.223827j,-0.100722+0.206123j,2.206035
-0.966320+0.019107j,-0.094062+0.223963j,-0.100684+0.206165j,2.206045
-0.966559+0.019549j,-0.094255+0.224096j,-0.100646+0.206207j,2.206055
-0.966804+0.019988j,-0.094450+0.224226j,-0.100609+0.206250j,2.206064
-0.967055+0.020423j,-0.094647+0.224354j,-0.100572+0.206293j,2.206074
-0.967311+0.020856j,-0.094845+0.224479j,-0.100537+0.206337j,2.206084
-0.967573+0.021285j,-0.095045+0.224602j,-0.100501+0.206381j,2.206094
-0.967840+0.021711j,-0.095246+0.224721j,-0.100466+0.206426j,2.206104
-0.968112+0.022134j,-0.095449+0.224839j,-0.100432+0.206471j,2.206114
-0.968389+0.022553j,-0.095653+0.224953j,-0.100399+0.206517j,2.206124
-0.968672+0.022968j,-0.095858+0.225065j,-0.100366+0.206563j,2.206134
-0.968960+0.023380j,-0.096065+0.225174j,-0.100333+0.206609j,2.206143
-0.969253+0.023789j,-0.096273+0.225280j,-0.100302+0.206656j,2.206153
-0.969551+0.024193j,-0.096483+0.225384j,-0.100271+0.206703j,2.206163
-0.969855+0.024594j,-0.096694+0.225485j,-0.100240+0.206751j,2.206173
-0.970163+0.024991j,-0.096906+0.225582j,-0.100210+0.206799j,2.206183
-0.970476+0.025384j,-0.097119+0.225678j,-0.100181+0.206848j,2.206193
-0.970795+0.025773j,-0.097333+0.225770j,-0.100153+0.206897j,2.206203
-0.971118+0.026158j,-0.097549+0.225859j,-0.100125+0.206946j,2.206213
-0.971445+0.026539j,-0.097765+0.225946j,-0.100098+0.206995j,2.206222
-0.971778+0.026916j,-0.097983+0.226030j,-0.100071+0.207045j,2.206232
-0.972115+0.027289j,-0.098201+0.226111j,-0.100045+0.207096j,2.206242
-0.972457+0.027657j,-0.098421+0.226189j,-0.100020+0.207146j,2.206252
-0.972804+0.028021j,-0.098641+0.226264j,-0.099995+0.207197j,2.206262
-0.973155+0.028381j,-0.098862+0.226336j,-0.099971+0.207248j,2.206272
-0.973511+0.028736j,-0.099085+0.226405j,-0.099948+0.207300j,2.206282
-0.973871+0.029087j,-0.099307+0.226471j,-0.099926+0.207352j,2.206292
-0.974235+0.029433j,-0.099531+0.226535j,-0.099904+0.207404j,2.206301
-0.974604+0.029775j,-0.099755+0.226595j,-0.099882+0.207457j,2.206311
-0.974977+0.030112j,-0.099980+0.226653j,-0.099862+0.207509j,2.206321
-0.975354+0.030444j,-0.100206+0.226707j,-0.099842+0.207562j,2.206331
-0.975736+0.030771j,-0.100432+0.226759j,-0.099823+0.207616j,2.206341
-0.976121+0.031094j,-0.100659+0.226808j,-0.099804+0.207669j,2.206351
-0.976511+0.031412j,-0.100886+0.226853j,-0.099787+0.207723j,2.206361
-0.976904+0.031724j,-0.101114+0.226896j,-0.099770+0.207777j,2.206370
-0.977301+0.032032j,-0.101342+0.226936j,-0.099753+0.207831j,2.206380
-0.977703+0.032335j,-0.101571+0.226973j,-0.099738+0.207885j,2.206390
-0.978108+0.032633j,-0.101800+0.227006j,-0.099723+0.207940j,2.206400
-0.978516+0.032925j,-0.102029+0.227037j,-0.099708+0.207994j,2.206410
-0.978929+0.033213j,-0.102259+0.227065j,-0.099695+0.208049j,2.206420
-0.979345+0.033495j,-0.102489+0.227090j,-0.099682+0.208104j,2.206430
-0.979764+0.033772j,-0.102719+0.227112j,-0.099670+0.208160j,2.206439
-0.980187+0.034044j,-0.102949+0.227130j,-0.099659+0.208215j,2.206449
-0.980613+0.034310j,-0.103179+0.227146j,-0.099648+0.208271j,2.206459
-0.981043+0.034571j,-0.103409+0.227159j,-0.099638+0.208326j,2.206469
-0.981475+0.034827j,-0.103640+0.227169j,-0.099629+0.208382j,2.206479
-0.981911+0.035077j,-0.103870+0.227176j,-0.099620+0.208438j,2.206489
-0.982350+0.035322j,-0.104101+0.227180j,-0.099612+0.208494j,2.206498
-0.982793+0.035561j,-0.104331+0.227181j,-0.099605+0.208550j,2.206508
-0.983238+0.035795j,-0.104561+0.227179j,-0.099599+0.208606j,2.206518
-0.983686+0.036022j,-0.104791+0.227174j,-0.099593+0.208662j,2.206528
-0.984137+0.036245j,-0.105021+0.227166j,-0.099588+0.208719j,2.206538
-0.984590+0.036461j,-0.105251+0.227155j,-0.099584+0.208775j,2.206548
-0.985046+0.036672j,-0.105480+0.227142j,-0.099580+0.208831j,2.206557
-0.985505+0.036877j,-0.105710+0.227125j,-0.099577+0.208888j,2.206567
-0.985967+0.037077j,-0.105938+0.227105j,-0.099575+0.208944j,2.206577
-0.986431+0.037270j,-0.106167+0.227083j,-0.099574+0.209001j,2.206587
-0.986897+0.037458j,-0.106395+0.227057j,-0.099573+0.209057j,2.206597
-0.987366+0.037640j,-0.106622+0.227029j,-0.099573+0.209114j,2.206606
-0.987836+0.037816j,-0.106849+0.226997j,-0.099574+0.209170j,2.206616
-0.988309+0.037986j,-0.107076+0.226963j,-0.099575+0.209227j,2.206626
-0.988785+0.038150j,-0.107302+0.226926j,-0.099577+0.209283j,2.206636
-0.989262+0.038308j,-0.107527+0.226886j,-0.099580+0.209339j,2.206645
-0.989741+0.038460j,-0.107752+0.226843j,-0.099584+0.209396j,2.206655
-0.990222+0.038606j,-0.107976+0.226798j,-0.099588+0.209452j,2.206665
-0.990705+0.038746j,-0.108200+0.226749j,-0.099593+0.209508j,2.206675
-0.991189+0.038880j,-0.108422+0.226698j,-0.099599+0.209564j,2.206685
-0.991675+0.039008j,-0.108644+0.226644j,-0.099605+0.209620j,2.206694
-0.992163+0.039129j,-0.108865+0.226587j,-0.099612+0.209676j,2.206704
-0.992652+0.039245j,-0.109086+0.226527j,-0.099620+0.209732j,2.206714
-0.993143+0.039354j,-0.109305+0.226465j,-0.099628+0.209788j,2.206724
-0.993635+0.039457j,-0.109524+0.226399j,-0.099637+0.209843j,2.206733
-0.994128+0.039554j,-0.109741+0.226331j,-0.099647+0.209899j,2.206743
-0.994622+0.039645j,-0.109958+0.226261j,-0.099658+0.209954j,2.206753
-0.995118+0.039730j,-0.110173+0.226187j,-0.099669+0.210009j,2.206763
-0.995614+0.039808j,-0.110388+0.226111j,-0.099681+0.210064j,2.206772
-0.996112+0.039880j,-0.110601+0.226032j,-0.099693+0.210119j,2.206782
-0.996610+0.039946j,-0.110813+0.225951j,-0.099707+0.210174j,2.206792
-0.997109+0.040005j,-0.111025+0.225867j,-0.099720+0.210228j,2.206801
-0.997609+0.040059j,-0.111235+0.225780j,-0.099735+0.210283j,2.206811
-0.998109+0.040106j,-0.111443+0.225691j,-0.099750+0.210337j,2.206821
-0.997935+0.041649j,-0.111708+0.226341j,-0.099582+0.210381j,2.206852
-0.997759+0.043192j,-0.111972+0.226991j,-0.099414+0.210424j,2.206884
-0.997580+0.044734j,-0.112236+0.227641j,-0.099247+0.210468j,2.206918
-0.997398+0.046276j,-0.112500+0.228291j,-0.099079+0.210512j,2.206952
-0.997215+0.047817j,-0.112764+0.228942j,-0.098911+0.210555j,2.206988
-0.997029+0.049358j,-0.113028+0.229592j,-0.098744+0.210598j,2.207025
-0.996840+0.050898j,-0.113292+0.230242j,-0.098577+0.210642j,2.207063
-0.996649+0.052438j,-0.113555+0.230893j,-0.098409+0.210685j,2.207103
-0.996456+0.053977j,-0.113819+0.231544j,-0.098242+0.210728j,2.207143
-0.996261+0.055516j,-0.114083+0.232194j,-0.098075+0.210771j,2.207185
-0.996063+0.057055j,-0.114347+0.232845j,-0.097907+0.210814j,2.207227
-0.995863+0.058593j,-0.114610+0.233496j,-0.097740+0.210857j,2.207271
-0.995660+0.060131j,-0.114874+0.234146j,-0.097573+0.210900j,2.207316
-0.995455+0.061668j,-0.115138+0.234797j,-0.097406+0.210943j,2.207363
-0.995248+0.063204j,-0.115401+0.235448j,-0.097239+0.210985j,2.207410
-0.995038+0.064740j,-0.115665+0.236099j,-0.097072+0.211028j,2.207458
-0.994826+0.066276j,-0.115929+0.236749j,-0.096905+0.211071j,2.207508
-0.994612+0.067811j,-0.116192+0.237400j,-0.096738+0.211114j,2.207559
-0.994395+0.069346j,-0.116456+0.238051j,-0.096571+0.211156j,2.207611
-0.994176+0.070880j,-0.116720+0.238702j,-0.096403+0.211199j,2.207664
-0.993954+0.072413j,-0.116983+0.239353j,-0.096236+0.211241j,2.207718
-0.993730+0.073946j,-0.117247+0.240004j,-0.096070+0.211284j,2.207774
-0.993504+0.075479j,-0.117511+0.240655j,-0.095903+0.211327j,2.207831
-0.993276+0.077011j,-0.117774+0.241305j,-0.095736+0.211369j,2.207888
-0.993045+0.078542j,-0.118038+0.241956j,-0.095569+0.211412j,2.207947
-0.992812+0.080073j,-0.118302+0.242607j,-0.095402+0.211454j,2.208007
-0.992576+0.081604j,-0.118566+0.243258j,-0.095235+0.211497j,2.208069
-0.992338+0.083133j,-0.118830+0.243909j,-0.095068+0.211539j,2.208131
-0.992098+0.084663j,-0.119094+0.244560j,-0.094901+0.211581j,2.208195
-0.991855+0.086192j,-0.119357+0.245211j,-0.094734+0.211624j,2.208259
-0.991610+0.087720j,-0.119621+0.245862j,-0.094567+0.211666j,2.208325
-0.991363+0.089248j,-0.119885+0.246512j,-0.094400+0.211708j,2.208392
-0.991113+0.090775j,-0.120149+0.247163j,-0.094233+0.211751j,2.208461
-0.990861+0.092301j,-0.120413+0.247814j,-0.094066+0.211793j,2.208530
-0.990607+0.093827j,-0.120677+0.248465j,-0.093899+0.211835j,2.208601
-0.990350+0.095353j,-0.120941+0.249116j,-0.093732+0.211878j,2.208672
-0.990091+0.096878j,-0.121205+0.249767j,-0.093565+0.211920j,2.208745
-0.989830+0.098402j,-0.121470+0.250417j,-0.093399+0.211962j,2.208819
-0.989566+0.099926j,-0.121734+0.251068j,-0.093232+0.212005j,2.208894
-0.989300+0.101449j,-0.121998+0.251719j,-0.093065+0.212047j,2.208971
-0.989032+0.102971j,-0.122262+0.252370j,-0.092898+0.212089j,2.209048
-0.988761+0.104493j,-0.122527+0.253020j,-0.092731+0.212131j,2.209127
-0.988488+0.106015j,-0.122791+0.253671j,-0.092564+0.212173j,2.209207
-0.988213+0.107536j,-0.123055+0.254322j,-0.092397+0.212216j,2.209288
-0.987935+0.109056j,-0.123320+0.254972j,-0.092230+0.212258j,2.209370
-0.987655+0.110575j,-0.123584+0.255623j,-0.092063+0.212300j,2.209453
-0.987373+0.112094j,-0.123849+0.256274j,-0.091896+0.212342j,2.209538
-0.987089+0.113613j,-0.124113+0.256924j,-0.091729+0.212384j,2.209623
-0.986802+0.115130j,-0.124378+0.257575j,-0.091562+0.212426j,2.209710
-0.986512+0.116648j,-0.124643+0.258225j,-0.091395+0.212469j,2.209798
-0.986221+0.118164j,-0.124907+0.258876j,-0.091228+0.212511j,2.209887
-0.985927+0.119680j,-0.125172+0.259526j,-0.091061+0.212553j,2.209977
-0.985631+0.121195j,-0.125437+0.260177j,-0.090894+0.212595j,2.210069
-0.985332+0.122710j,-0.125702+0.260827j,-0.090727+0.212637j,2.210161
-0.985031+0.124224j,-0.125967+0.261478j,-0.090560+0.212679j,2.210255
-0.984728+0.125737j,-0.126232+0.262128j,-0.090393+0.212721j,2.210350
-0.984423+0.127250j,-0.126497+0.262779j,-0.090226+0.212763j,2.210446
-0.984115+0.128762j,-0.126762+0.263429j,-0.090059+0.212805j,2.210543
-0.983805+0.130274j,-0.127027+0.264079j,-0.089892+0.212847j,2.210642
-0.983492+0.131785j,-0.127292+0.264730j,-0.089725+0.212889j,2.210741
-0.983178+0.133295j,-0.127558+0.265380j,-0.089557+0.212931j,2.210842
-0.982861+0.134804j,-0.127823+0.266030j,-0.089390+0.212973j,2.210944
-0.982541+0.136313j,-0.128088+0.266680j,-0.089223+0.213015j,2.211047
-0.982220+0.137821j,-0.128354+0.267330j,-0.089056+0.213057j,2.211151
-0.981896+0.139329j,-0.128619+0.267981j,-0.088889+0.213099j,2.211256
-0.981570+0.140836j,-0.128885+0.268631j,-0.088722+0.213141j,2.211363
-0.981241+0.142342j,-0.129151+0.269281j,-0.088555+0.213183j,2.211470
-0.980910+0.143847j,-0.129416+0.269931j,-0.088387+0.213225j,2.211579
-0.980577+0.145352j,-0.129682+0.270581j,-0.088220+0.213267j,2.211689
-0.980242+0.146856j,-0.129948+0.271231j,-0.088053+0.213309j,2.211800
-0.979904+0.148360j,-0.130214+0.271881j,-0.087886+0.213351j,2.211913
-0.979564+0.149862j,-0.130480+0.272531j,-0.087718+0.213393j,2.212026
-0.979222+0.151364j,-0.130746+0.273180j,-0.087551+0.213435j,2.212141
-0.978877+0.152866j,-0.131012+0.273830j,-0.087384+0.213477j,2.212256
-0.978530+0.154366j,-0.131278+0.274480j,-0.087217+0.213519j,2.212373
-0.978181+0.155866j,-0.131545+0.275130j,-0.087049+0.213561j,2.212492
-0.977830+0.157365j,-0.131811+0.275780j,-0.086882+0.213603j,2.212611
-0.977476+0.158864j,-0.132077+0.276429j,-0.086715+0.213644j,2.212731
-0.977120+0.160362j,-0.132344+0.277079j,-0.086547+0.213686j,2.212853
-0.976761+0.161859j,-0.132610+0.277728j,-0.086380+0.213728j,2.212976
-0.976401+0.163355j,-0.132877+0.278378j,-0.086213+0.213770j,2.213099
-0.976038+0.164851j,-0.133144+0.279028j,-0.086045+0.213812j,2.213225
-0.975673+0.166346j,-0.133410+0.279677j,-0.085878+0.213854j,2.213351
-0.975305+0.167840j,-0.133677+0.280326j,-0.085710+0.213896j,2.213478
-0.974936+0.169333j,-0.133944+0.280976j,-0.085543+0.213937j,2.213607
-0.974564+0.170826j,-0.134211+0.281625j,-0.085375+0.213979j,2.213736
-0.974190+0.172318j,-0.134478+0.282274j,-0.085208+0.214021j,2.213867
-0.973813+0.173809j,-0.134746+0.282924j,-0.085040+0.214063j,2.213999
-0.973434+0.175300j,-0.135013+0.283573j,-0.084873+0.214105j,2.214133
-0.973053+0.176789j,-0.135280+0.284222j,-0.084705+0.214146j,2.214267
-0.972670+0.178278j,-0.135548+0.284871j,-0.084538+0.214188j,2.214402
-0.972284+0.179766j,-0.135815+0.285520j,-0.084370+0.214230j,2.214539
-0.971896+0.181254j,-0.136083+0.286169j,-0.084203+0.214272j,2.214677
-0.971506+0.182740j,-0.136351+0.286818j,-0.084035+0.214313j,2.214816
-0.971114+0.184226j,-0.136618+0.287467j,-0.083867+0.214355j,2.214956
-0.970719+0.185711j,-0.136886+0.288116j,-0.083700+0.214397j,2.215098
-0.970322+0.187196j,-0.137154+0.288765j,-0.083532+0.214439j,2.215240
-0.969923+0.188679j,-0.137422+0.289414j,-0.083364+0.214480j,2.215384
-0.969522+0.190162j,-0.137690+0.290063j,-0.083197+0.214522j,2.215528
-0.969118+0.191644j,-0.137959+0.290711j,-0.083029+0.214564j,2.215674
-0.968712+0.193125j,-0.138227+0.291360j,-0.082861+0.214605j,2.215822
-0.968304+0.194605j,-0.138495+0.292009j,-0.082693+0.214647j,2.215970
-0.967894+0.196085j,-0.138764+0.292657j,-0.082526+0.214689j,2.216119
-0.967481+0.197564j,-0.139033+0.293306j,-0.082358+0.214730j,2.216270
-0.967066+0.199041j,-0.139301+0.293954j,-0.082190+0.214772j,2.216422
-0.966649+0.200519j,-0.139570+0.294603j,-0.082022+0.214814j,2.216575
-0.966230+0.201995j,-0.139839+0.295251j,-0.081854+0.214855j,2.216729
-0.965808+0.203470j,-0.140108+0.295899j,-0.081686+0.214897j,2.216884
-0.965384+0.204945j,-0.140377+0.296548j,-0.081518+0.214939j,2.217041
-0.964958+0.206419j,-0.140646+0.297196j,-0.081350+0.214980j,2.217198
-0.964530+0.207892j,-0.140915+0.297844j,-0.081182+0.215022j,2.217357
-0.964099+0.209364j,-0.141185+0.298492j,-0.081014+0.215063j,2.217517
-0.963666+0.210836j,-0.141454+0.299140j,-0.080846+0.215105j,2.217678
-0.963231+0.212306j,-0.141724+0.299788j,-0.080678+0.215147j,2.217840
-0.962794+0.213776j,-0.141994+0.300436j,-0.080510+0.215188j,2.218004
-0.962354+0.215245j,-0.142263+0.301084j,-0.080342+0.215230j,2.218168
-0.961913+0.216713j,-0.142533+0.301732j,-0.080174+0.215271j,2.218334
-0.961469+0.218180j,-0.142803+0.302380j,-0.080006+0.215313j,2.218501
-0.961022+0.219646j,-0.143073+0.303027j,-0.079838+0.215354j,2.218669
-0.960574+0.221112j,-0.143344+0.303675j,-0.079670+0.215396j,2.218838
-0.960123+0.222576j,-0.143614+0.304323j,-0.079501+0.215437j,2.219009
-0.959670+0.224040j,-0.143884+0.304970j,-0.079333+0.215479j,2.219180
-0.959215+0.225503j,-0.144155+0.305618j,-0.079165+0.215520j,2.219353
-0.958758+0.226965j,-0.144426+0.306265j,-0.078997+0.215562j,2.219527
-0.958299+0.228426j,-0.144696+0.306912j,-0.078828+0.215603j,2.219702
-0.957837+0.229886j,-0.144967+0.307560j,-0.078660+0.215645j,2.219878
-0.957373+0.231346j,-0.145238+0.308207j,-0.078492+0.215686j,2.220055
-0.956907+0.232804j,-0.145509+0.308854j,-0.078323+0.215728j,2.220234
-0.956438+0.234262j,-0.145781+0.309501j,-0.078155+0.215769j,2.220414
-0.955968+0.235718j,-0.146052+0.310148j,-0.077986+0.215811j,2.220594
-0.955495+0.237174j,-0.146323+0.310795j,-0.077818+0.215852j,2.220777
-0.955020+0.238629j,-0.146595+0.311442j,-0.077649+0.215894j,2.220960
-0.954543+0.240083j,-0.146867+0.312089j,-0.077481+0.215935j,2.221144
-0.954064+0.241536j,-0.147138+0.312736j,-0.077312+0.215976j,2.221330
-0.953582+0.242989j,-0.147410+0.313383j,-0.077144+0.216018j,2.221516
-0.953098+0.244440j,-0.147682+0.314029j,-0.076975+0.216059j,2.221704
-0.952612+0.245890j,-0.147954+0.314676j,-0.076807+0.216100j,2.221893
-0.952124+0.247340j,-0.148227+0.315322j,-0.076638+0.216142j,2.222083
-0.951634+0.248788j,-0.148499+0.315969j,-0.076469+0.216183j,2.222275
-0.951141+0.250236j,-0.148772+0.316615j,-0.076301+0.216224j,2.222467
-0.950646+0.251683j,-0.149044+0.317262j,-0.076132+0.216266j,2.222661
-0.950149+0.253128j,-0.149317+0.317908j,-0.075963+0.216307j,2.222856
-0.949650+0.254573j,-0.149590+0.318554j,-0.075794+0.216348j,2.223052
-0.949149+0.256017j,-0.149863+0.319200j,-0.075626+0.216390j,2.223249
-0.948646+0.257460j,-0.150136+0.319846j,-0.075457+0.216431j,2.223447
-0.948140+0.258902j,-0.150409+0.320492j,-0.075288+0.216472j,2.223647
-0.947632+0.260343j,-0.150683+0.321138j,-0.075119+0.216514j,2.223847
-0.947122+0.261783j,-0.150956+0.321784j,-0.074950+0.216555j,2.224049
-0.946610+0.263222j,-0.151230+0.322430j,-0.074781+0.216596j,2.224252
-0.946095+0.264661j,-0.151504+0.323075j,-0.074612+0.216637j,2.224456
-0.945579+0.266098j,-0.151777+0.323721j,-0.074443+0.216678j,2.224662
-0.945060+0.267534j,-0.152052+0.324367j,-0.074274+0.216720j,2.224868
-0.944539+0.268970j,-0.152326+0.325012j,-0.074105+0.216761j,2.225076
-0.944016+0.270404j,-0.152600+0.325658j,-0.073936+0.216802j,2.225285
-0.943491+0.271837j,-0.152874+0.326303j,-0.073767+0.216843j,2.225494
-0.942964+0.273270j,-0.153149+0.326948j,-0.073598+0.216884j,2.225706
-0.942434+0.274701j,-0.153424+0.327593j,-0.073428+0.216926j,2.225918
-0.941902+0.276132j,-0.153699+0.328239j,-0.073259+0.216967j,2.226131
-0.941369+0.277561j,-0.153974+0.328884j,-0.073090+0.217008j,2.226346
-0.940833+0.278990j,-0.154249+0.329529j,-0.072921+0.217049j,2.226562
-0.940294+0.280417j,-0.154524+0.330173j,-0.072751+0.217090j,2.226779
-0.939754+0.281844j,-0.154799+0.330818j,-0.072582+0.217131j,2.226997
-0.939212+0.283269j,-0.155075+0.331463j,-0.072412+0.217172j,2.227216
-0.938667+0.284694j,-0.155351+0.332108j,-0.072243+0.217213j,2.227437
-0.938120+0.286117j,-0.155626+0.332752j,-0.072074+0.217254j,2.227658
-0.937571+0.287540j,-0.155902+0.333397j,-0.071904+0.217295j,2.227881
-0.937020+0.288961j,-0.156178+0.334041j,-0.071735+0.217336j,2.228105
-0.936467+0.290382j,-0.156455+0.334686j,-0.071565+0.217378j,2.228330
-0.935912+0.291801j,-0.156731+0.335330j,-0.071395+0.217419j,2.228557
-0.935354+0.293219j,-0.157008+0.335974j,-0.071226+0.217460j,2.228784
-0.934795+0.294637j,-0.157284+0.336618j,-0.071056+0.217501j,2.229013
-0.934233+0.296053j,-0.157561+0.337262j,-0.070887+0.217542j,2.229242
-0.933669+0.297469j,-0.157838+0.337906j,-0.070717+0.217582j,2.229473
-0.933103+0.298883j,-0.158115+0.338550j,-0.070547+0.217623j,2.229706
-0.932535+0.300296j,-0.158393+0.339194j,-0.070377+0.217664j,2.229939
-0.931964+0.301708j,-0.158670+0.339837j,-0.070207+0.217705j,2.230173
-0.931392+0.303120j,-0.158948+0.340481j,-0.070038+0.217746j,2.230409
-0.930818+0.304530j,-0.159225+0.341124j,-0.069868+0.217787j,2.230646
-0.930241+0.305939j,-0.159503+0.341768j,-0.069698+0.217828j,2.230884
-0.929662+0.307347j,-0.159781+0.342411j,-0.069528+0.217869j,2.231123
-0.929081+0.308754j,-0.160060+0.343055j,-0.069358+0.217910j,2.231363
-0.928498+0.310160j,-0.160338+0.343698j,-0.069188+0.217951j,2.231605
-0.927913+0.311565j,-0.160617+0.344341j,-0.069018+0.217992j,2.231847
-0.927326+0.312968j,-0.160895+0.344984j,-0.068848+0.218032j,2.232091
-0.926737+0.314371j,-0.161174+0.345627j,-0.068678+0.218073j,2.232336
-0.926145+0.315773j,-0.161453+0.346269j,-0.068507+0.218114j,2.232582
-0.925552+0.317173j,-0.161732+0.346912j,-0.068337+0.218155j,2.232830
-0.924956+0.318573j,-0.162012+0.347555j,-0.068167+0.218196j,2.233078
-0.924358+0.319971j,-0.162291+0.348197j,-0.067997+0.218236j,2.233328
-0.923758+0.321369j,-0.162571+0.348840j,-0.067826+0.218277j,2.233578
-0.923156+0.322765j,-0.162850+0.349482j,-0.067656+0.218318j,2.233830
-0.922552+0.324160j,-0.163130+0.350124j,-0.067486+0.218359j,2.234084
-0.921946+0.325554j,-0.163411+0.350767j,-0.067315+0.218399j,2.234338
-0.921338+0.326947j,-0.163691+0.351409j,-0.067145+0.218440j,2.234593
-0.920727+0.328339j,-0.163971+0.352051j,-0.066974+0.218481j,2.234850
-0.920115+0.329730j,-0.164252+0.352693j,-0.066804+0.218521j,2.235108
-0.919500+0.331120j,-0.164533+0.353334j,-0.066633+0.218562j,2.235367
-0.918884+0.332508j,-0.164814+0.353976j,-0.066462+0.218603j,2.235627
-0.918265+0.333896j,-0.165095+0.354618j,-0.066292+0.218643j,2.235888
-0.917644+0.335282j,-0.165376+0.355259j,-0.066121+0.218684j,2.236151
-0.917022+0.336667j,-0.165658+0.355901j,-0.065950+0.218725j,2.236414
-0.916397+0.338051j,-0.165939+0.356542j,-0.065780+0.218765j,2.236679
-0.915770+0.339434j,-0.166221+0.357183j,-0.065609+0.218806j,2.236945
-0.915141+0.340816j,-0.166503+0.357824j,-0.065438+0.218846j,2.237212
-0.914509+0.342197j,-0.166785+0.358465j,-0.065267+0.218887j,2.237481
-0.913876+0.343576j,-0.167068+0.359106j,-0.065096+0.218927j,2.237750
-0.913241+0.344955j,-0.167350+0.359747j,-0.064925+0.218968j,2.238021
-0.912604+0.346332j,-0.167633+0.360388j,-0.064754+0.219008j,2.238293
-0.911964+0.347708j,-0.167916+0.361028j,-0.064583+0.219049j,2.238566
-0.911323+0.349083j,-0.168199+0.361669j,-0.064412+0.219089j,2.238840
-0.910679+0.350457j,-0.168482+0.362309j,-0.064241+0.219130j,2.239115
-0.910033+0.351830j,-0.168766+0.362950j,-0.064070+0.219170j,2.239392
-0.909386+0.353201j,-0.169049+0.363590j,-0.063898+0.219211j,2.239670
-0.908736+0.354572j,-0.169333+0.364230j,-0.063727+0.219251j,2.239949
-0.908084+0.355941j,-0.169617+0.364870j,-0.063556+0.219292j,2.240229
-0.907431+0.357309j,-0.169901+0.365510j,-0.063385+0.219332j,2.240510
-0.906775+0.358676j,-0.170185+0.366150j,-0.063213+0.219372j,2.240792
-0.906117+0.360042j,-0.170470+0.366789j,-0.063042+0.219413j,2.241076
-0.905457+0.361406j,-0.170755+0.367429j,-0.062870+0.219453j,2.241360
-0.904795+0.362770j,-0.171040+0.368068j,-0.062699+0.219493j,2.241646
-0.904131+0.364132j,-0.171325+0.368708j,-0.062527+0.219534j,2.241933
-0.903465+0.365493j,-0.171610+0.369347j,-0.062356+0.219574j,2.242222
-0.902797+0.366853j,-0.171895+0.369986j,-0.062184+0.219614j,2.242511
-0.902127+0.368211j,-0.172181+0.370625j,-0.062012+0.219654j,2.242802
-0.901454+0.369569j,-0.172467+0.371264j,-0.061841+0.219695j,2.243093
-0.900780+0.370925j,-0.172753+0.371903j,-0.061669+0.219735j,2.243386
-0.900104+0.372280j,-0.173039+0.372542j,-0.061497+0.219775j,2.243680
-0.899426+0.373634j,-0.173326+0.373180j,-0.061325+0.219815j,2.243976
-0.898745+0.374987j,-0.173612+0.373819j,-0.061153+0.219856j,2.244272
-0.898063+0.376338j,-0.173899+0.374457j,-0.060981+0.219896j,2.244570
-0.897379+0.377689j,-0.174186+0.375095j,-0.060810+0.219936j,2.244868
-0.896692+0.379038j,-0.174473+0.375733j,-0.060637+0.219976j,2.245168
-0.896004+0.380385j,-0.174761+0.376371j,-0.060465+0.220016j,2.245470
-0.895314+0.381732j,-0.175048+0.377009j,-0.060293+0.220056j,2.245772
-0.894621+0.383077j,-0.175336+0.377647j,-0.060121+0.220096j,2.246075
-0.893927+0.384422j,-0.175624+0.378285j,-0.059949+0.220136j,2.246380
-0.893231+0.385764j,-0.175912+0.378922j,-0.059777+0.220177j,2.246686
-0.892532+0.387106j,-0.176201+0.379560j,-0.059604+0.220217j,2.246993
-0.891832+0.388447j,-0.176490+0.380197j,-0.059432+0.220257j,2.247301
-0.891129+0.389786j,-0.176778+0.380834j,-0.059260+0.220297j,2.247610
-0.890425+0.391124j,-0.177067+0.381471j,-0.059087+0.220337j,2.247921
-0.889719+0.392461j,-0.177357+0.382108j,-0.058915+0.220377j,2.248232
-0.889010+0.393796j,-0.177646+0.382745j,-0.058742+0.220417j,2.248545
-0.888300+0.395130j,-0.177936+0.383382j,-0.058570+0.220456j,2.248859
-0.887588+0.396463j,-0.178226+0.384018j,-0.058397+0.220496j,2.249174
-0.886873+0.397795j,-0.178516+0.384655j,-0.058224+0.220536j,2.249491
-0.886157+0.399126j,-0.178806+0.385291j,-0.058052+0.220576j,2.249808
-0.885439+0.400455j,-0.179096+0.385927j,-0.057879+0.220616j,2.250127
-0.884718+0.401783j,-0.179387+0.386563j,-0.057706+0.220656j,2.250447
-0.883996+0.403110j,-0.179678+0.387199j,-0.057533+0.220696j,2.250768
-0.883272+0.404435j,-0.179969+0.387835j,-0.057360+0.220736j,2.251090
-0.882546+0.405759j,-0.180261+0.388471j,-0.057188+0.220775j,2.251414
-0.881817+0.407082j,-0.180552+0.389107j,-0.057015+0.220815j,2.251738
-0.881087+0.408404j,-0.180844+0.389742j,-0.056841+0.220855j,2.252064
-0.880355+0.409724j,-0.181136+0.390377j,-0.056668+0.220895j,2.252391
-0.879621+0.411043j,-0.181428+0.391013j,-0.056495+0.220934j,2.252719
-0.878885+0.412361j,-0.181721+0.391648j,-0.056322+0.220974j,2.253048
-0.878147+0.413677j,-0.182013+0.392283j,-0.056149+0.221014j,2.253379
-0.877407+0.414992j,-0.182306+0.392917j,-0.055976+0.221053j,2.253710
-0.876665+0.416306j,-0.182599+0.393552j,-0.055802+0.221093j,2.254043
-0.875921+0.417619j,-0.182893+0.394187j,-0.055629+0.221133j,2.254377
-0.875175+0.418930j,-0.183186+0.394821j,-0.055455+0.221172j,2.254712
-0.874428+0.420240j,-0.183480+0.395455j,-0.055282+0.221212j,2.255049
-0.873678+0.421549j,-0.183774+0.396089j,-0.055108+0.221252j,2.255386
-0.872926+0.422856j,-0.184068+0.396723j,-0.054935+0.221291j,2.255725
-0.872172+0.424162j,-0.184363+0.397357j,-0.054761+0.221331j,2.256065
-0.871417+0.425467j,-0.184657+0.397991j,-0.054587+0.221370j,2.256406
-0.870659+0.426770j,-0.184952+0.398625j,-0.054414+0.221410j,2.256748
-0.869900+0.428073j,-0.185247+0.399258j,-0.054240+0.221449j,2.257091
-0.869139+0.429373j,-0.185543+0.399891j,-0.054066+0.221489j,2.257436
-0.868375+0.430673j,-0.185838+0.400525j,-0.053892+0.221528j,2.257782
-0.867610+0.431971j,-0.186134+0.401158j,-0.053718+0.221568j,2.258129
-0.866843+0.433268j,-0.186430+0.401791j,-0.053544+0.221607j,2.258477
-0.866074+0.434563j,-0.186726+0.402423j,-0.053370+0.221646j,2.258826
-0.865303+0.435857j,-0.187023+0.403056j,-0.053196+0.221686j,2.259176
-0.864530+0.437150j,-0.187320+0.403689j,-0.053022+0.221725j,2.259528
-0.863755+0.438441j,-0.187617+0.404321j,-0.052848+0.221764j,2.259881
-0.862978+0.439732j,-0.187914+0.404953j,-0.052674+0.221804j,2.260235
-0.862200+0.441020j,-0.188211+0.405585j,-0.052499+0.221843j,2.260590
-0.861419+0.442308j,-0.188509+0.406217j,-0.052325+0.221882j,2.260946
-0.860637+0.443594j,-0.188807+0.406849j,-0.052150+0.221922j,2.261304
-0.859852+0.444878j,-0.189105+0.407480j,-0.051976+0.221961j,2.261662
-0.859066+0.446162j,-0.189404+0.408112j,-0.051801+0.222000j,2.262022
-0.858278+0.447444j,-0.189703+0.408743j,-0.051627+0.222039j,2.262383
-0.857488+0.448724j,-0.190001+0.409374j,-0.051452+0.222078j,2.262746
-0.856696+0.450003j,-0.190301+0.410005j,-0.051278+0.222118j,2.263109
-0.855902+0.451281j,-0.190600+0.410636j,-0.051103+0.222157j,2.263474
-0.855106+0.452558j,-0.190900+0.411267j,-0.050928+0.222196j,2.263839
-0.854308+0.453833j,-0.191200+0.411898j,-0.050753+0.222235j,2.264206
-0.853509+0.455107j,-0.191500+0.412528j,-0.050578+0.222274j,2.264574
-0.852707+0.456379j,-0.191800+0.413158j,-0.050403+0.222313j,2.264944
-0.851904+0.457650j,-0.192101+0.413788j,-0.050228+0.222352j,2.265314
-0.851099+0.458919j,-0.192402+0.414418j,-0.050053+0.222391j,2.265686
-0.850292+0.460188j,-0.192703+0.415048j,-0.049878+0.222430j,2.266059
-0.849483+0.461454j,-0.193004+0.415678j,-0.049703+0.222469j,2.266433
-0.848672+0.462720j,-0.193306+0.416307j,-0.049528+0.222508j,2.266808
-0.847859+0.463984j,-0.193608+0.416937j,-0.049352+0.222547j,2.267184
-0.847044+0.465246j,-0.193910+0.417566j,-0.049177+0.222586j,2.267562
-0.846228+0.466507j,-0.194213+0.418195j,-0.049002+0.222625j,2.267940
-0.845410+0.467767j,-0.194515+0.418824j,-0.048826+0.222663j,2.268320
-0.844590+0.469025j,-0.194818+0.419453j,-0.048651+0.222702j,2.268701
-0.843768+0.470282j,-0.195122+0.420081j,-0.048475+0.222741j,2.269084
-0.842944+0.471538j,-0.195425+0.420709j,-0.048300+0.222780j,2.269467
-0.842118+0.472792j,-0.195729+0.421338j,-0.048124+0.222819j,2.269852
-0.841290+0.474045j,-0.196033+0.421966j,-0.047948+0.222857j,2.270237
-0.840461+0.475296j,-0.196337+0.422594j,-0.047772+0.222896j,2.270624
-0.839630+0.476546j,-0.196642+0.423221j,-0.047596+0.222935j,2.271013
-0.838796+0.477794j,-0.196947+0.423849j,-0.047421+0.222973j,2.271402
-0.837961+0.479041j,-0.197252+0.424476j,-0.047245+0.223012j,2.271792
-0.837125+0.480287j,-0.197557+0.425104j,-0.047068+0.223051j,2.272184
-0.836286+0.481531j,-0.197863+0.425731j,-0.046892+0.223089j,2.272577
-0.835446+0.482773j,-0.198168+0.426358j,-0.046716+0.223128j,2.272971
-0.834603+0.484015j,-0.198475+0.426984j,-0.046540+0.223166j,2.273366
-0.833759+0.485254j,-0.198781+0.427611j,-0.046364+0.223205j,2.273763
-0.832913+0.486493j,-0.199088+0.428237j,-0.046187+0.223244j,2.274160
-0.832065+0.487730j,-0.199395+0.428863j,-0.046011+0.223282j,2.274559
-0.831216+0.488965j,-0.199702+0.429490j,-0.045835+0.223320j,2.274959
-0.830364+0.490199j,-0.200009+0.430115j,-0.045658+0.223359j,2.275360
-0.829511+0.491432j,-0.200317+0.430741j,-0.045481+0.223397j,2.275763
-0.828656+0.492663j,-0.200625+0.431367j,-0.045305+0.223436j,2.276166
-0.827799+0.493892j,-0.200934+0.431992j,-0.045128+0.223474j,2.276571
-0.826940+0.495120j,-0.201242+0.432617j,-0.044951+0.223512j,2.276977
-0.826080+0.496347j,-0.201551+0.433242j,-0.044775+0.223551j,2.277384
-0.825217+0.497572j,-0.201860+0.433867j,-0.044598+0.223589j,2.277792
-0.824353+0.498796j,-0.202170+0.434492j,-0.044421+0.223627j,2.278202
-0.823487+0.500018j,-0.202479+0.435116j,-0.044244+0.223666j,2.278612
-0.822620+0.501239j,-0.202789+0.435740j,-0.044067+0.223704j,2.279024
-0.821750+0.502458j,-0.203100+0.436365j,-0.043890+0.223742j,2.279437
-0.820879+0.503676j,-0.203410+0.436988j,-0.043712+0.223780j,2.279851
-0.820006+0.504892j,-0.203721+0.437612j,-0.043535+0.223818j,2.280266
-0.819131+0.506107j,-0.204032+0.438236j,-0.043358+0.223856j,2.280683
-0.818254+0.507320j,-0.204344+0.438859j,-0.043180+0.223895j,2.281101
-0.817376+0.508532j,-0.204656+0.439482j,-0.043003+0.223933j,2.281520
-0.816496+0.509742j,-0.204968+0.440105j,-0.042826+0.223971j,2.281940
-0.815614+0.510951j,-0.205280+0.440728j,-0.042648+0.224009j,2.282361
-0.814730+0.512158j,-0.205592+0.441351j,-0.042470+0.224047j,2.282783
-0.813844+0.513364j,-0.205905+0.441973j,-0.042293+0.224085j,2.283207
-0.812957+0.514568j,-0.206219+0.442595j,-0.042115+0.224123j,2.283632
-0.812068+0.515771j,-0.206532+0.443218j,-0.041937+0.224161j,2.284058
-0.811177+0.516972j,-0.206846+0.443839j,-0.041759+0.224198j,2.284485
-0.810284+0.518172j,-0.207160+0.444461j,-0.041581+0.224236j,2.284914
-0.809390+0.519370j,-0.207474+0.445083j,-0.041403+0.224274j,2.285343
-0.808494+0.520567j,-0.207789+0.445704j,-0.041225+0.224312j,2.285774
-0.807596+0.521762j,-0.208104+0.446325j,-0.041047+0.224350j,2.286206
-0.806696+0.522956j,-0.208419+0.446946j,-0.040869+0.224388j,2.286639
-0.805795+0.524148j,-0.208735+0.447567j,-0.040691+0.224425j,2.287073
-0.804892+0.525339j,-0.209051+0.448187j,-0.040512+0.224463j,2.287509
-0.803987+0.526528j,-0.209367+0.448808j,-0.040334+0.224501j,2.287945
-0.803080+0.527715j,-0.209683+0.449428j,-0.040155+0.224538j,2.288383
-0.802172+0.528901j,-0.210000+0.450048j,-0.039977+0.224576j,2.288822
-0.801262+0.530086j,-0.210317+0.450667j,-0.039798+0.224614j,2.289263
-0.800350+0.531269j,-0.210635+0.451287j,-0.039619+0.224651j,2.289704
-0.799436+0.532450j,-0.210952+0.451906j,-0.039441+0.224689j,2.290147
-0.798521+0.533630j,-0.211270+0.452525j,-0.039262+0.224726j,2.290590
-0.797604+0.534808j,-0.211589+0.453144j,-0.039083+0.224764j,2.291035
-0.796685+0.535985j,-0.211907+0.453763j,-0.038904+0.224801j,2.291482
-0.795765+0.537160j,-0.212226+0.454381j,-0.038725+0.224839j,2.291929
-0.794843+0.538334j,-0.212546+0.455000j,-0.038546+0.224876j,2.292377
-0.793919+0.539506j,-0.212865+0.455618j,-0.038367+0.224914j,2.292827
-0.792993+0.540676j,-0.213185+0.456236j,-0.038188+0.224951j,2.293278
-0.792066+0.541845j,-0.213505+0.456853j,-0.038008+0.224988j,2.293730
-0.791137+0.543012j,-0.213826+0.457471j,-0.037829+0.225026j,2.294184
-0.790206+0.544178j,-0.214147+0.458088j,-0.037650+0.225063j,2.294638
-0.789273+0.545342j,-0.214468+0.458705j,-0.037470+0.225100j,2.295094
-0.788339+0.546505j,-0.214789+0.459322j,-0.037291+0.225137j,2.295551
-0.787403+0.547666j,-0.215111+0.459939j,-0.037111+0.225175j,2.296009
-0.786466+0.548825j,-0.215433+0.460555j,-0.036931+0.225212j,2.296468
-0.785527+0.549983j,-0.215756+0.461171j,-0.036752+0.225249j,2.296928
-0.784586+0.551139j,-0.216078+0.461787j,-0.036572+0.225286j,2.297390
-0.783643+0.552294j,-0.216402+0.462403j,-0.036392+0.225323j,2.297853
-0.782699+0.553447j,-0.216725+0.463018j,-0.036212+0.225360j,2.298317
-0.781753+0.554599j,-0.217049+0.463634j,-0.036032+0.225397j,2.298782
-0.780805+0.555749j,-0.217373+0.464249j,-0.035852+0.225434j,2.299248
-0.779856+0.556897j,-0.217697+0.464864j,-0.035672+0.225471j,2.299716
-0.778905+0.558044j,-0.218022+0.465478j,-0.035491+0.225508j,2.300185
-0.777952+0.559189j,-0.218347+0.466093j,-0.035311+0.225545j,2.300655
-0.776998+0.560332j,-0.218672+0.466707j,-0.035131+0.225582j,2.301126
-0.776042+0.561474j,-0.218998+0.467321j,-0.034950+0.225619j,2.301598
-0.775084+0.562614j,-0.219324+0.467935j,-0.034770+0.225655j,2.302072
-0.774125+0.563753j,-0.219651+0.468548j,-0.034589+0.225692j,2.302546
-0.773164+0.564890j,-0.219977+0.469161j,-0.034408+0.225729j,2.303022
-0.772201+0.566025j,-0.220304+0.469775j,-0.034228+0.225766j,2.303499
-0.771237+0.567159j,-0.220632+0.470387j,-0.034047+0.225802j,2.303978
-0.770271+0.568291j,-0.220960+0.471000j,-0.033866+0.225839j,2.304457
-0.769303+0.569422j,-0.221288+0.471612j,-0.033685+0.225876j,2.304938
-0.768334+0.570551j,-0.221616+0.472224j,-0.033504+0.225912j,2.305420
-0.767363+0.571678j,-0.221945+0.472836j,-0.033323+0.225949j,2.305903
-0.766391+0.572804j,-0.222274+0.473448j,-0.033141+0.225985j,2.306387
-0.765416+0.573928j,-0.222603+0.474059j,-0.032960+0.226022j,2.306873
-0.764441+0.575050j,-0.222933+0.474671j,-0.032779+0.226058j,2.307359
-0.763463+0.576171j,-0.223263+0.475282j,-0.032597+0.226095j,2.307847
-0.762484+0.577290j,-0.223594+0.475892j,-0.032416+0.226131j,2.308336
-0.761503+0.578408j,-0.223925+0.476503j,-0.032234+0.226168j,2.308826
-0.760521+0.579524j,-0.224256+0.477113j,-0.032053+0.226204j,2.309318
-0.759537+0.580638j,-0.224587+0.477723j,-0.031871+0.226240j,2.309810
-0.758552+0.581750j,-0.224919+0.478333j,-0.031689+0.226276j,2.310304
-0.757564+0.582861j,-0.225251+0.478942j,-0.031507+0.226313j,2.310799
-0.756576+0.583970j,-0.225584+0.479552j,-0.031325+0.226349j,2.311295
-0.755585+0.585078j,-0.225917+0.480161j,-0.031143+0.226385j,2.311793
-0.754593+0.586184j,-0.226250+0.480769j,-0.030961+0.226421j,2.312291
-0.753600+0.587288j,-0.226584+0.481378j,-0.030779+0.226457j,2.312791
-0.752605+0.588391j,-0.226918+0.481986j,-0.030597+0.226493j,2.313292
-0.751608+0.589492j,-0.227252+0.482594j,-0.030415+0.226530j,2.313794
-0.750609+0.590591j,-0.227587+0.483202j,-0.030232+0.226566j,2.314297
-0.749609+0.591688j,-0.227922+0.483809j,-0.030050+0.226602j,2.314802
-0.748608+0.592784j,-0.228257+0.484417j,-0.029867+0.226638j,2.315308
-0.747605+0.593878j,-0.228593+0.485024j,-0.029685+0.226673j,2.315815
-0.746600+0.594971j,-0.228929+0.485630j,-0.029502+0.226709j,2.316323
-0.745594+0.596062j,-0.229266+0.486237j,-0.029319+0.226745j,2.316832
-0.744586+0.597151j,-0.229603+0.486843j,-0.029136+0.226781j,2.317343
-0.743576+0.598239j,-0.229940+0.487449j,-0.028953+0.226817j,2.317854
-0.742565+0.599324j,-0.230278+0.488055j,-0.028770+0.226853j,2.318367
-0.741553+0.600409j,-0.230616+0.488660j,-0.028587+0.226888j,2.318881
-0.740538+0.601491j,-0.230954+0.489265j,-0.028404+0.226924j,2.319397
-0.739523+0.602572j,-0.231293+0.489870j,-0.028221+0.226960j,2.319913
-0.738505+0.603651j,-0.231632+0.490475j,-0.028038+0.226995j,2.320431
-0.737487+0.604728j,-0.231971+0.491079j,-0.027854+0.227031j,2.320950
-0.736466+0.605804j,-0.232311+0.491683j,-0.027671+0.227066j,2.321470
-0.735444+0.606878j,-0.232651+0.492287j,-0.027487+0.227102j,2.321991
-0.734421+0.607950j,-0.232992+0.492891j,-0.027303+0.227137j,2.322514
-0.733396+0.609020j,-0.233333+0.493494j,-0.027120+0.227173j,2.323037
-0.732369+0.610089j,-0.233674+0.494097j,-0.026936+0.227208j,2.323562
-0.731341+0.611156j,-0.234016+0.494700j,-0.026752+0.227244j,2.324088
-0.730311+0.612222j,-0.234358+0.495302j,-0.026568+0.227279j,2.324616
-0.729280+0.613285j,-0.234700+0.495905j,-0.026384+0.227314j,2.325144
-0.728247+0.614347j,-0.235043+0.496507j,-0.026200+0.227349j,2.325674
-0.727213+0.615408j,-0.235387+0.497108j,-0.026016+0.227385j,2.326205
-0.726177+0.616466j,-0.235730+0.497710j,-0.025831+0.227420j,2.326737
-0.725140+0.617523j,-0.236074+0.498311j,-0.025647+0.227455j,2.327270
-0.724101+0.618578j,-0.236419+0.498912j,-0.025463+0.227490j,2.327804
-0.723060+0.619631j,-0.236763+0.499512j,-0.025278+0.227525j,2.328340
-0.722018+0.620683j,-0.237109+0.500112j,-0.025093+0.227560j,2.328877
-0.720975+0.621733j,-0.237454+0.500712j,-0.024909+0.227595j,2.329415
-0.719930+0.622781j,-0.237800+0.501312j,-0.024724+0.227630j,2.329954
-0.718884+0.623827j,-0.238146+0.501911j,-0.024539+0.227665j,2.330495
-0.717836+0.624872j,-0.238493+0.502510j,-0.024354+0.227700j,2.331036
-0.716786+0.625915j,-0.238840+0.503109j,-0.024169+0.227735j,2.331579
-0.715735+0.626956j,-0.239188+0.503708j,-0.023984+0.227770j,2.332123
-0.714683+0.627995j,-0.239536+0.504306j,-0.023799+0.227805j,2.332669
-0.713629+0.629033j,-0.239884+0.504904j,-0.023613+0.227839j,2.333215
-0.712573+0.630069j,-0.240232+0.505501j,-0.023428+0.227874j,2.333763
-0.711517+0.631103j,-0.240582+0.506099j,-0.023243+0.227909j,2.334312
-0.710458+0.632136j,-0.240931+0.506696j,-0.023057+0.227943j,2.334862
-0.709398+0.633166j,-0.241281+0.507293j,-0.022872+0.227978j,2.335413
-0.708337+0.634195j,-0.241631+0.507889j,-0.022686+0.228013j,2.335965
-0.707274+0.635222j,-0.241982+0.508485j,-0.022500+0.228047j,2.336519
-0.706210+0.636248j,-0.242333+0.509081j,-0.022314+0.228082j,2.337074
-0.705144+0.637271j,-0.242684+0.509676j,-0.022128+0.228116j,2.337630
-0.704077+0.638293j,-0.243036+0.510272j,-0.021942+0.228150j,2.338187
-0.703008+0.639313j,-0.243389+0.510867j,-0.021756+0.228185j,2.338746
-0.701938+0.640331j,-0.243741+0.511461j,-0.021570+0.228219j,2.339306
-0.700866+0.641348j,-0.244094+0.512055j,-0.021384+0.228253j,2.339866
-0.699793+0.642363j,-0.244448+0.512649j,-0.021197+0.228288j,2.340429
-0.698719+0.643376j,-0.244802+0.513243j,-0.021011+0.228322j,2.340992
-0.697643+0.644387j,-0.245156+0.513836j,-0.020824+0.228356j,2.341556
-0.696565+0.645396j,-0.245511+0.514429j,-0.020637+0.228390j,2.342122
-0.695486+0.646404j,-0.245866+0.515022j,-0.020451+0.228424j,2.342689
-0.694406+0.647410j,-0.246222+0.515615j,-0.020264+0.228458j,2.343257
-0.693324+0.648414j,-0.246578+0.516207j,-0.020077+0.228492j,2.343826
-0.692241+0.649416j,-0.246934+0.516798j,-0.019890+0.228526j,2.344397
-0.691156+0.650416j,-0.247291+0.517390j,-0.019703+0.228560j,2.344969
-0.690070+0.651415j,-0.247648+0.517981j,-0.019516+0.228594j,2.345542
-0.688983+0.652412j,-0.248006+0.518572j,-0.019328+0.228628j,2.346116
-0.687894+0.653407j,-0.248364+0.519162j,-0.019141+0.228662j,2.346691
-0.686803+0.654400j,-0.248722+0.519752j,-0.018954+0.228695j,2.347268
-0.685712+0.655392j,-0.249081+0.520342j,-0.018766+0.228729j,2.347845
-0.684619+0.656382j,-0.249441+0.520932j,-0.018579+0.228763j,2.348424
-0.683524+0.657369j,-0.249800+0.521521j,-0.018391+0.228796j,2.349004
-0.682428+0.658355j,-0.250160+0.522110j,-0.018203+0.228830j,2.349586
-0.681331+0.659340j,-0.250521+0.522698j,-0.018015+0.228864j,2.350168
-0.680232+0.660322j,-0.250882+0.523286j,-0.017827+0.228897j,2.350752
-0.679132+0.661303j,-0.251244+0.523874j,-0.017639+0.228931j,2.351337
-0.678030+0.662282j,-0.251605+0.524461j,-0.017451+0.228964j,2.351923
-0.676927+0.663259j,-0.251968+0.525049j,-0.017263+0.228997j,2.352511
-0.675823+0.664234j,-0.252331+0.525635j,-0.017074+0.229031j,2.353099
-0.674717+0.665207j,-0.252694+0.526222j,-0.016886+0.229064j,2.353689
-0.673610+0.666179j,-0.253057+0.526808j,-0.016697+0.229097j,2.354280
-0.672501+0.667148j,-0.253421+0.527394j,-0.016509+0.229130j,2.354872
-0.671391+0.668116j,-0.253786+0.527979j,-0.016320+0.229164j,2.355466
-0.670280+0.669082j,-0.254151+0.528564j,-0.016131+0.229197j,2.356060
-0.669167+0.670046j,-0.254516+0.529149j,-0.015943+0.229230j,2.356656
-0.668053+0.671009j,-0.254882+0.529733j,-0.015754+0.229263j,2.357253
-0.666938+0.671969j,-0.255248+0.530317j,-0.015564+0.229296j,2.357852
-0.665821+0.672928j,-0.255615+0.530901j,-0.015375+0.229329j,2.358451
-0.664703+0.673885j,-0.255982+0.531484j,-0.015186+0.229362j,2.359052
-0.663583+0.674840j,-0.256349+0.532067j,-0.014997+0.229395j,2.359654
-0.662463+0.675793j,-0.256717+0.532649j,-0.014807+0.229427j,2.360257
-0.661340+0.676744j,-0.257086+0.533232j,-0.014618+0.229460j,2.360861
-0.660217+0.677694j,-0.257455+0.533814j,-0.014428+0.229493j,2.361466
-0.659092+0.678642j,-0.257824+0.534395j,-0.014238+0.229526j,2.362073
-0.657966+0.679587j,-0.258194+0.534976j,-0.014049+0.229558j,2.362681
-0.656838+0.680531j,-0.258564+0.535557j,-0.013859+0.229591j,2.363290
-0.655709+0.681473j,-0.258935+0.536137j,-0.013669+0.229623j,2.363901
-0.654579+0.682414j,-0.259306+0.536717j,-0.013479+0.229656j,2.364512
-0.653448+0.683352j,-0.259677+0.537297j,-0.013288+0.229688j,2.365125
-0.652315+0.684289j,-0.260049+0.537876j,-0.013098+0.229721j,2.365739
-0.651180+0.685223j,-0.260422+0.538455j,-0.012908+0.229753j,2.366354
-0.650045+0.686156j,-0.260795+0.539034j,-0.012717+0.229785j,2.366970
-0.648908+0.687087j,-0.261168+0.539612j,-0.012527+0.229818j,2.367588
-0.647770+0.688016j,-0.261542+0.540189j,-0.012336+0.229850j,2.368207
-0.646630+0.688943j,-0.261916+0.540767j,-0.012145+0.229882j,2.368827
-0.645489+0.689868j,-0.262291+0.541344j,-0.011954+0.229914j,2.369448
-0.644347+0.690792j,-0.262666+0.541920j,-0.011764+0.229946j,2.370071
-0.643204+0.691713j,-0.263042+0.542497j,-0.011572+0.229978j,2.370694
-0.642059+0.692633j,-0.263418+0.543072j,-0.011381+0.230010j,2.371319
-0.640913+0.693551j,-0.263795+0.543648j,-0.011190+0.230042j,2.371945
-0.639766+0.694467j,-0.264172+0.544223j,-0.010999+0.230074j,2.372573
-0.638617+0.695381j,-0.264549+0.544797j,-0.010807+0.230106j,2.373201
-0.637467+0.696293j,-0.264927+0.545372j,-0.010616+0.230138j,2.373831
-0.636316+0.697203j,-0.265306+0.545946j,-0.010424+0.230169j,2.374462
-0.635164+0.698112j,-0.265685+0.546519j,-0.010232+0.230201j,2.375094
-0.634010+0.699018j,-0.266064+0.547092j,-0.010041+0.230233j,2.375727
-0.632855+0.699923j,-0.266444+0.547665j,-0.009849+0.230264j,2.376362
-0.631699+0.700826j,-0.266824+0.548237j,-0.009657+0.230296j,2.376998
-0.630541+0.701726j,-0.267205+0.548809j,-0.009464+0.230327j,2.377635
-0.629382+0.702625j,-0.267586+0.549380j,-0.009272+0.230359j,2.378273
-0.628222+0.703522j,-0.267968+0.549951j,-0.009080+0.230390j,2.378912
-0.627061+0.704418j,-0.268350+0.550522j,-0.008888+0.230422j,2.379553
-0.625898+0.705311j,-0.268733+0.551092j,-0.008695+0.230453j,2.380195
-0.624735+0.706202j,-0.269116+0.551662j,-0.008502+0.230484j,2.380838
-0.623569+0.707092j,-0.269500+0.552231j,-0.008310+0.230515j,2.381482
-0.622403+0.707979j,-0.269884+0.552800j,-0.008117+0.230546j,2.382128
-0.621235+0.708865j,-0.270268+0.553369j,-0.007924+0.230578j,2.382774
-0.620067+0.709748j,-0.270654+0.553937j,-0.007731+0.230609j,2.383422
-0.618897+0.710630j,-0.271039+0.554505j,-0.007538+0.230640j,2.384071
-0.617725+0.711510j,-0.271425+0.555072j,-0.007345+0.230671j,2.384722
-0.616553+0.712388j,-0.271812+0.555639j,-0.007151+0.230701j,2.385373
-0.615379+0.713264j,-0.272199+0.556205j,-0.006958+0.230732j,2.386026
-0.614204+0.714138j,-0.272586+0.556771j,-0.006764+0.230763j,2.386680
-0.613028+0.715010j,-0.272974+0.557337j,-0.006571+0.230794j,2.387335
-0.611850+0.715881j,-0.273363+0.557902j,-0.006377+0.230825j,2.387992
-0.610672+0.716749j,-0.273752+0.558467j,-0.006183+0.230855j,2.388649
-0.609492+0.717615j,-0.274141+0.559031j,-0.005989+0.230886j,2.389308
-0.608311+0.718480j,-0.274531+0.559595j,-0.005795+0.230916j,2.389968
-0.607128+0.719343j,-0.274921+0.560158j,-0.005601+0.230947j,2.390630
-0.605945+0.720203j,-0.275312+0.560721j,-0.005407+0.230977j,2.391292
-0.604760+0.721062j,-0.275704+0.561283j,-0.005212+0.231008j,2.391956
-0.603574+0.721919j,-0.276095+0.561845j,-0.005018+0.231038j,2.392621
-0.602387+0.722774j,-0.276488+0.562407j,-0.004823+0.231068j,2.393287
-0.601199+0.723626j,-0.276881+0.562968j,-0.004629+0.231098j,2.393955
-0.600009+0.724477j,-0.277274+0.563529j,-0.004434+0.231128j,2.394623
-0.598819+0.725326j,-0.277668+0.564089j,-0.004239+0.231159j,2.395293
-0.597627+0.726174j,-0.278062+0.564649j,-0.004044+0.231189j,2.395964
-0.596434+0.727019j,-0.278457+0.565208j,-0.003849+0.231219j,2.396636
-0.595239+0.727862j,-0.278853+0.565767j,-0.003654+0.231249j,2.397310
-0.594044+0.728703j,-0.279248+0.566326j,-0.003459+0.231278j,2.397984
-0.592848+0.729542j,-0.279645+0.566884j,-0.003263+0.231308j,2.398660
-0.591650+0.730380j,-0.280042+0.567441j,-0.003068+0.231338j,2.399337
-0.590451+0.731215j,-0.280439+0.567998j,-0.002872+0.231368j,2.400016
-0.589251+0.732049j,-0.280837+0.568555j,-0.002676+0.231397j,2.400695
-0.588050+0.732880j,-0.281235+0.569111j,-0.002481+0.231427j,2.401376
-0.586847+0.733710j,-0.281634+0.569666j,-0.002285+0.231457j,2.402058
-0.585644+0.734537j,-0.282033+0.570221j,-0.002089+0.231486j,2.402741
-0.584439+0.735363j,-0.282433+0.570776j,-0.001893+0.231515j,2.403426
-0.583233+0.736187j,-0.282834+0.571330j,-0.001696+0.231545j,2.404112
-0.582026+0.737008j,-0.283235+0.571884j,-0.001500+0.231574j,2.404799
-0.580818+0.737828j,-0.283636+0.572437j,-0.001303+0.231603j,2.405487
-0.579609+0.738646j,-0.284038+0.572990j,-0.001107+0.231633j,2.406176
-0.578399+0.739462j,-0.284440+0.573542j,-0.000910+0.231662j,2.406867
-0.577187+0.740276j,-0.284843+0.574094j,-0.000713+0.231691j,2.407558
-0.575975+0.741087j,-0.285247+0.574645j,-0.000517+0.231720j,2.408251
-0.574761+0.741897j,-0.285651+0.575196j,-0.000320+0.231749j,2.408946
-0.573546+0.742705j,-0.286055+0.575746j,-0.000123+0.231778j,2.409641
-0.572330+0.743511j,-0.286460+0.576296j,0.000075+0.231807j,2.410338
-0.571113+0.744315j,-0.286866+0.576845j,0.000272+0.231835j,2.411035
-0.569895+0.745117j,-0.287272+0.577394j,0.000469+0.231864j,2.411735
-0.568676+0.745917j,-0.287678+0.577942j,0.000667+0.231893j,2.412435
-0.567455+0.746715j,-0.288086+0.578490j,0.000865+0.231921j,2.413136
-0.566234+0.747511j,-0.288493+0.579037j,0.001062+0.231950j,2.413839
-0.565011+0.748305j,-0.288901+0.579584j,0.001260+0.231979j,2.414543
-0.563787+0.749098j,-0.289310+0.580130j,0.001458+0.232007j,2.415248
-0.562563+0.749888j,-0.289719+0.580676j,0.001656+0.232035j,2.415955
-0.561337+0.750676j,-0.290129+0.581221j,0.001855+0.232064j,2.416663
-0.560110+0.751462j,-0.290539+0.581766j,0.002053+0.232092j,2.417371
-0.558882+0.752246j,-0.290950+0.582310j,0.002251+0.232120j,2.418082
-0.557653+0.753028j,-0.291361+0.582853j,0.002450+0.232148j,2.418793
-0.556423+0.753808j,-0.291773+0.583397j,0.002648+0.232176j,2.419505
-0.555191+0.754586j,-0.292185+0.583939j,0.002847+0.232204j,2.420219
-0.553959+0.755363j,-0.292598+0.584481j,0.003046+0.232232j,2.420934
-0.552726+0.756137j,-0.293011+0.585023j,0.003245+0.232260j,2.421650
-0.551491+0.756909j,-0.293425+0.585564j,0.003444+0.232288j,2.422368
-0.550256+0.757679j,-0.293840+0.586104j,0.003643+0.232316j,2.423087
-0.549019+0.758447j,-0.294255+0.586644j,0.003843+0.232344j,2.423806
-0.547781+0.759213j,-0.294670+0.587183j,0.004042+0.232371j,2.424528
-0.546543+0.759978j,-0.295086+0.587722j,0.004242+0.232399j,2.425250
-0.545303+0.760740j,-0.295503+0.588261j,0.004441+0.232426j,2.425973
-0.544062+0.761500j,-0.295920+0.588798j,0.004641+0.232454j,2.426698
-0.542820+0.762258j,-0.296338+0.589336j,0.004841+0.232481j,2.427424
-0.541578+0.763014j,-0.296756+0.589872j,0.005041+0.232509j,2.428152
-0.540334+0.763768j,-0.297175+0.590408j,0.005241+0.232536j,2.428880
-0.539089+0.764520j,-0.297594+0.590944j,0.005441+0.232563j,2.429610
-0.537843+0.765270j,-0.298014+0.591479j,0.005642+0.232590j,2.430341
-0.536596+0.766019j,-0.298434+0.592013j,0.005842+0.232617j,2.431073
-0.535348+0.766765j,-0.298855+0.592547j,0.006043+0.232644j,2.431806
-0.534099+0.767509j,-0.299276+0.593080j,0.006243+0.232671j,2.432541
-0.532849+0.768251j,-0.299698+0.593613j,0.006444+0.232698j,2.433277
-0.531598+0.768991j,-0.300121+0.594145j,0.006645+0.232725j,2.434014
-0.530346+0.769729j,-0.300544+0.594677j,0.006846+0.232752j,2.434752
-0.529093+0.770465j,-0.300967+0.595208j,0.007047+0.232778j,2.435491
-0.527839+0.771198j,-0.301391+0.595738j,0.007248+0.232805j,2.436232
-0.526584+0.771930j,-0.301816+0.596268j,0.007450+0.232831j,2.436974
-0.525328+0.772660j,-0.302241+0.596797j,0.007651+0.232858j,2.437717
-0.524071+0.773388j,-0.302667+0.597326j,0.007853+0.232884j,2.438462
-0.522813+0.774114j,-0.303093+0.597854j,0.008055+0.232911j,2.439207
-0.521554+0.774838j,-0.303520+0.598382j,0.008256+0.232937j,2.439954
-0.520294+0.775559j,-0.303948+0.598908j,0.008458+0.232963j,2.440702
-0.519033+0.776279j,-0.304376+0.599435j,0.008660+0.232989j,2.441452
-0.517771+0.776997j,-0.304804+0.599961j,0.008863+0.233015j,2.442202
-0.516508+0.777712j,-0.305233+0.600486j,0.009065+0.233041j,2.442954
-0.515245+0.778426j,-0.305663+0.601010j,0.009267+0.233067j,2.443707
-0.513980+0.779137j,-0.306093+0.601534j,0.009470+0.233093j,2.444461
-0.512714+0.779847j,-0.306524+0.602057j,0.009673+0.233119j,2.445217
-0.511447+0.780554j,-0.306955+0.602580j,0.009875+0.233145j,2.445973
-0.510180+0.781260j,-0.307387+0.603102j,0.010078+0.233171j,2.446731
-0.508911+0.781963j,-0.307819+0.603624j,0.010281+0.233196j,2.447490
-0.507641+0.782665j,-0.308252+0.604145j,0.010484+0.233222j,2.448251
-0.506371+0.783364j,-0.308686+0.604665j,0.010688+0.233247j,2.449012
-0.505099+0.784061j,-0.309120+0.605184j,0.010891+0.233273j,2.449775
-0.503827+0.784756j,-0.309554+0.605703j,0.011095+0.233298j,2.450539
-0.502554+0.785449j,-0.309990+0.606222j,0.011298+0.233323j,2.451304
-0.501279+0.786141j,-0.310425+0.606740j,0.011502+0.233348j,2.452071
-0.500004+0.786830j,-0.310862+0.607257j,0.011706+0.233373j,2.452839
-0.498728+0.787517j,-0.311298+0.607773j,0.011910+0.233398j,2.453608
-0.497451+0.788201j,-0.311736+0.608289j,0.012114+0.233423j,2.454378
-0.496173+0.788884j,-0.312174+0.608804j,0.012318+0.233448j,2.455149
-0.494894+0.789565j,-0.312612+0.609319j,0.012523+0.233473j,2.455922
-0.493614+0.790244j,-0.313051+0.609833j,0.012727+0.233498j,2.456696
-0.492334+0.790921j,-0.313491+0.610346j,0.012932+0.233523j,2.457471
-0.491052+0.791595j,-0.313931+0.610859j,0.013136+0.233547j,2.458247
-0.489769+0.792268j,-0.314372+0.611371j,0.013341+0.233572j,2.459025
-0.488486+0.792938j,-0.314813+0.611882j,0.013546+0.233596j,2.459804
-0.487202+0.793607j,-0.315255+0.612393j,0.013751+0.233620j,2.460584
-0.485917+0.794273j,-0.315698+0.612903j,0.013956+0.233645j,2.461365
-0.484630+0.794937j,-0.316141+0.613412j,0.014162+0.233669j,2.462148
-0.483344+0.795600j,-0.316584+0.613921j,0.014367+0.233693j,2.462931
-0.482056+0.796260j,-0.317029+0.614429j,0.014573+0.233717j,2.463716
-0.480767+0.796918j,-0.317473+0.614936j,0.014778+0.233741j,2.464503
-0.479477+0.797574j,-0.317919+0.615443j,0.014984+0.233765j,2.465290
-0.478187+0.798228j,-0.318364+0.615949j,0.015190+0.233789j,2.466079
-0.476895+0.798880j,-0.318811+0.616454j,0.015396+0.233813j,2.466869
-0.475603+0.799529j,-0.319258+0.616959j,0.015602+0.233837j,2.467660
-0.474310+0.800177j,-0.319705+0.617463j,0.015809+0.233860j,2.468452
-0.473016+0.800823j,-0.320154+0.617966j,0.016015+0.233884j,2.469246
-0.471721+0.801466j,-0.320602+0.618468j,0.016222+0.233907j,2.470040
-0.470426+0.802108j,-0.321052+0.618970j,0.016428+0.233931j,2.470836
-0.469129+0.802747j,-0.321501+0.619472j,0.016635+0.233954j,2.471634
-0.467832+0.803385j,-0.321952+0.619972j,0.016842+0.233977j,2.472432
-0.466534+0.804020j,-0.322403+0.620472j,0.017049+0.234000j,2.473232
-0.465235+0.804653j,-0.322854+0.620971j,0.017256+0.234024j,2.474033
-0.463935+0.805284j,-0.323307+0.621469j,0.017464+0.234047j,2.474835
-0.462634+0.805913j,-0.323759+0.621967j,0.017671+0.234070j,2.475639
-0.461333+0.806540j,-0.324212+0.622464j,0.017879+0.234092j,2.476443
-0.460030+0.807165j,-0.324666+0.622960j,0.018087+0.234115j,2.477249
-0.458727+0.807787j,-0.325121+0.623456j,0.018294+0.234138j,2.478056
-0.457423+0.808408j,-0.325576+0.623951j,0.018502+0.234161j,2.478865
-0.456118+0.809027j,-0.326031+0.624445j,0.018710+0.234183j,2.479674
-0.454813+0.809643j,-0.326487+0.624938j,0.018919+0.234206j,2.480485
-0.453506+0.810257j,-0.326944+0.625431j,0.019127+0.234228j,2.481297
-0.452199+0.810870j,-0.327402+0.625923j,0.019335+0.234250j,2.482111
-0.450891+0.811480j,-0.327859+0.626414j,0.019544+0.234272j,2.482925
-0.449582+0.812088j,-0.328318+0.626904j,0.019753+0.234295j,2.483741
-0.448273+0.812694j,-0.328777+0.627394j,0.019962+0.234317j,2.484558
-0.446962+0.813298j,-0.329236+0.627883j,0.020171+0.234339j,2.485376
-0.445651+0.813899j,-0.329697+0.628371j,0.020380+0.234361j,2.486196
-0.444339+0.814499j,-0.330157+0.628859j,0.020589+0.234382j,2.487016
-0.443026+0.815097j,-0.330619+0.629345j,0.020798+0.234404j,2.487838
-0.441713+0.815692j,-0.331081+0.629831j,0.021008+0.234426j,2.488661
-0.440398+0.816285j,-0.331543+0.630317j,0.021217+0.234447j,2.489486
-0.439083+0.816877j,-0.332006+0.630801j,0.021427+0.234469j,2.490311
-0.437767+0.817466j,-0.332470+0.631285j,0.021637+0.234490j,2.491138
-0.436451+0.818053j,-0.332934+0.631768j,0.021847+0.234512j,2.491966
-0.435133+0.818638j,-0.333399+0.632250j,0.022057+0.234533j,2.492796
-0.433815+0.819221j,-0.333864+0.632731j,0.022268+0.234554j,2.493626
-0.432496+0.819801j,-0.334330+0.633212j,0.022478+0.234575j,2.494458
-0.431176+0.820380j,-0.334797+0.633692j,0.022689+0.234596j,2.495291
-0.429856+0.820956j,-0.335264+0.634171j,0.022899+0.234617j,2.496125
-0.428535+0.821531j,-0.335731+0.634649j,0.023110+0.234638j,2.496961
-0.427213+0.822103j,-0.336200+0.635127j,0.023321+0.234659j,2.497798
-0.425890+0.822673j,-0.336669+0.635603j,0.023532+0.234679j,2.498636
-0.424567+0.823241j,-0.337138+0.636079j,0.023743+0.234700j,2.499475
-0.423243+0.823807j,-0.337608+0.636554j,0.023955+0.234720j,2.500315
-0.421918+0.824371j,-0.338079+0.637029j,0.024166+0.234741j,2.501157
-0.420592+0.824933j,-0.338550+0.637502j,0.024378+0.234761j,2.502000
-0.419266+0.825492j,-0.339021+0.637975j,0.024589+0.234781j,2.502844
-0.417939+0.826050j,-0.339494+0.638447j,0.024801+0.234801j,2.503689
-0.416611+0.826605j,-0.339967+0.638918j,0.025013+0.234821j,2.504536
-0.415283+0.827158j,-0.340440+0.639388j,0.025225+0.234841j,2.505384
-0.413954+0.827709j,-0.340914+0.639858j,0.025438+0.234861j,2.506233
-0.412624+0.828258j,-0.341389+0.640326j,0.025650+0.234881j,2.507083
-0.411293+0.828805j,-0.341864+0.640794j,0.025863+0.234901j,2.507935
-0.409962+0.829350j,-0.342340+0.641261j,0.026075+0.234920j,2.508787
-0.408630+0.829892j,-0.342816+0.641727j,0.026288+0.234940j,2.509641
-0.407297+0.830433j,-0.343293+0.642192j,0.026501+0.234959j,2.510497
-0.405964+0.830971j,-0.343771+0.642657j,0.026714+0.234978j,2.511353
-0.404630+0.831507j,-0.344249+0.643121j,0.026927+0.234998j,2.512211
-0.403295+0.832041j,-0.344727+0.643583j,0.027141+0.235017j,2.513070
-0.401960+0.832573j,-0.345207+0.644045j,0.027354+0.235036j,2.513930
-0.400624+0.833103j,-0.345687+0.644507j,0.027568+0.235055j,2.514791
-0.399287+0.833631j,-0.346167+0.644967j,0.027781+0.235074j,2.515654
-0.397950+0.834156j,-0.346648+0.645426j,0.027995+0.235092j,2.516518
-0.396612+0.834680j,-0.347130+0.645885j,0.028209+0.235111j,2.517383
-0.395273+0.835201j,-0.347612+0.646343j,0.028424+0.235130j,2.518249
-0.393934+0.835720j,-0.348094+0.646799j,0.028638+0.235148j,2.519117
-0.392594+0.836237j,-0.348578+0.647255j,0.028852+0.235167j,2.519986
-0.391253+0.836752j,-0.349062+0.647710j,0.029067+0.235185j,2.520856
-0.389912+0.837265j,-0.349546+0.648165j,0.029282+0.235203j,2.521727
-0.388570+0.837776j,-0.350031+0.648618j,0.029496+0.235221j,2.522600
-0.387227+0.838284j,-0.350517+0.649071j,0.029711+0.235239j,2.523474
-0.385884+0.838790j,-0.351003+0.649522j,0.029926+0.235257j,2.524349
-0.384540+0.839295j,-0.351490+0.649973j,0.030142+0.235275j,2.525225
-0.383195+0.839797j,-0.351977+0.650423j,0.030357+0.235293j,2.526102
-0.381850+0.840297j,-0.352465+0.650872j,0.030573+0.235311j,2.526981
-0.380505+0.840794j,-0.352953+0.651320j,0.030788+0.235328j,2.527861
-0.379158+0.841290j,-0.353442+0.651767j,0.031004+0.235346j,2.528742
-0.377811+0.841783j,-0.353932+0.652213j,0.031220+0.235363j,2.529624
-0.376464+0.842275j,-0.354422+0.652658j,0.031436+0.235380j,2.530508
-0.375115+0.842764j,-0.354913+0.653103j,0.031652+0.235397j,2.531393
-0.373766+0.843251j,-0.355404+0.653546j,0.031869+0.235415j,2.532279
-0.372417+0.843736j,-0.355896+0.653989j,0.032085+0.235432j,2.533166
-0.371067+0.844219j,-0.356389+0.654431j,0.032302+0.235448j,2.534055
-0.369716+0.844699j,-0.356882+0.654871j,0.032519+0.235465j,2.534945
-0.368365+0.845178j,-0.357375+0.655311j,0.032736+0.235482j,2.535836
-0.367013+0.845654j,-0.357870+0.655750j,0.032953+0.235498j,2.536728
-0.365661+0.846128j,-0.358364+0.656188j,0.033170+0.235515j,2.537622
-0.364308+0.846600j,-0.358860+0.656625j,0.033387+0.235531j,2.538516
-0.362954+0.847070j,-0.359356+0.657061j,0.033605+0.235548j,2.539412
-0.361600+0.847538j,-0.359852+0.657496j,0.033822+0.235564j,2.540309
-0.360245+0.848003j,-0.360349+0.657931j,0.034040+0.235580j,2.541208
-0.358890+0.848467j,-0.360847+0.658364j,0.034258+0.235596j,2.542108
-0.357534+0.848928j,-0.361345+0.658796j,0.034476+0.235612j,2.543008
-0.356178+0.849387j,-0.361844+0.659228j,0.034694+0.235628j,2.543911
-0.354821+0.849844j,-0.362343+0.659658j,0.034913+0.235643j,2.544814
-0.353463+0.850299j,-0.362843+0.660087j,0.035131+0.235659j,2.545719
-0.352105+0.850752j,-0.363343+0.660516j,0.035350+0.235674j,2.546624
-0.350747+0.851202j,-0.363844+0.660943j,0.035569+0.235690j,2.547532
-0.349387+0.851650j,-0.364346+0.661370j,0.035788+0.235705j,2.548440
-0.348028+0.852097j,-0.364848+0.661796j,0.036007+0.235720j,2.549349
-0.346667+0.852541j,-0.365351+0.662220j,0.036226+0.235735j,2.550260
-0.345307+0.852982j,-0.365854+0.662644j,0.036445+0.235750j,2.551172
-0.343945+0.853422j,-0.366358+0.663066j,0.036665+0.235765j,2.552085
-0.342583+0.853860j,-0.366862+0.663488j,0.036884+0.235780j,2.553000
-0.341221+0.854295j,-0.367367+0.663909j,0.037104+0.235795j,2.553916
-0.339858+0.854728j,-0.367873+0.664328j,0.037324+0.235809j,2.554833
-0.338495+0.855159j,-0.368379+0.664747j,0.037544+0.235824j,2.555751
-0.337131+0.855588j,-0.368885+0.665165j,0.037764+0.235838j,2.556670
-0.335766+0.856015j,-0.369392+0.665581j,0.037985+0.235852j,2.557591
-0.334401+0.856439j,-0.369900+0.665997j,0.038205+0.235866j,2.558513
-0.333036+0.856862j,-0.370408+0.666412j,0.038426+0.235880j,2.559436
-0.331670+0.857282j,-0.370917+0.666825j,0.038647+0.235894j,2.560360
-0.330303+0.857700j,-0.371427+0.667238j,0.038868+0.235908j,2.561286
-0.328936+0.858116j,-0.371936+0.667649j,0.039089+0.235922j,2.562212
-0.327569+0.858530j,-0.372447+0.668060j,0.039310+0.235935j,2.563140
-0.326201+0.858941j,-0.372958+0.668470j,0.039531+0.235949j,2.564070
-0.324833+0.859351j,-0.373470+0.668878j,0.039753+0.235962j,2.565000
-0.323464+0.859758j,-0.373982+0.669286j,0.039974+0.235975j,2.565932
-0.322094+0.860163j,-0.374494+0.669692j,0.040196+0.235989j,2.566865
-0.320724+0.860566j,-0.375007+0.670097j,0.040418+0.236002j,2.567799
-0.319354+0.860967j,-0.375521+0.670502j,0.040640+0.236014j,2.568734
-0.317983+0.861365j,-0.376035+0.670905j,0.040863+0.236027j,2.569671
-0.316612+0.861761j,-0.376550+0.671307j,0.041085+0.236040j,2.570609
-0.315240+0.862156j,-0.377066+0.671708j,0.041308+0.236053j,2.571548
-0.313868+0.862548j,-0.377582+0.672109j,0.041530+0.236065j,2.572488
-0.312495+0.862938j,-0.378098+0.672508j,0.041753+0.236077j,2.573430
-0.311122+0.863325j,-0.378615+0.672906j,0.041976+0.236090j,2.574373
-0.309749+0.863711j,-0.379133+0.673303j,0.042199+0.236102j,2.575317
-0.308375+0.864094j,-0.379651+0.673698j,0.042423+0.236114j,2.576262
-0.307000+0.864475j,-0.380169+0.674093j,0.042646+0.236126j,2.577208
-0.305625+0.864854j,-0.380688+0.674487j,0.042870+0.236138j,2.578156
-0.304250+0.865231j,-0.381208+0.674879j,0.043093+0.236149j,2.579105
-0.302874+0.865606j,-0.381728+0.675271j,0.043317+0.236161j,2.580055
-0.301498+0.865978j,-0.382249+0.675661j,0.043541+0.236172j,2.581007
-0.300122+0.866349j,-0.382770+0.676051j,0.043765+0.236184j,2.581959
-0.298745+0.866717j,-0.383292+0.676439j,0.043990+0.236195j,2.582913
-0.297367+0.867083j,-0.383814+0.676826j,0.044214+0.236206j,2.583868
-0.295990+0.867446j,-0.384337+0.677212j,0.044439+0.236217j,2.584825
-0.294611+0.867808j,-0.384860+0.677597j,0.044664+0.236228j,2.585782
-0.293233+0.868167j,-0.385384+0.677981j,0.044889+0.236239j,2.586741
-0.291854+0.868525j,-0.385908+0.678364j,0.045114+0.236249j,2.587701
-0.290474+0.868880j,-0.386433+0.678745j,0.045339+0.236260j,2.588662
-0.289094+0.869233j,-0.386959+0.679126j,0.045564+0.236270j,2.589625
-0.287714+0.869583j,-0.387485+0.679505j,0.045790+0.236281j,2.590588
-0.286333+0.869932j,-0.388011+0.679883j,0.046016+0.236291j,2.591553
-0.284952+0.870278j,-0.388538+0.680261j,0.046241+0.236301j,2.592519
-0.283571+0.870622j,-0.389065+0.680637j,0.046467+0.236311j,2.593487
-0.282189+0.870964j,-0.389593+0.681011j,0.046694+0.236321j,2.594455
-0.280807+0.871304j,-0.390122+0.681385j,0.046920+0.236330j,2.595425
-0.279425+0.871642j,-0.390651+0.681758j,0.047146+0.236340j,2.596396
-0.278042+0.871977j,-0.391180+0.682129j,0.047373+0.236349j,2.597368
-0.276659+0.872310j,-0.391710+0.682499j,0.047600+0.236359j,2.598342
-0.275275+0.872642j,-0.392241+0.682868j,0.047827+0.236368j,2.599316
-0.273891+0.872970j,-0.392772+0.683236j,0.048054+0.236377j,2.600292
-0.272507+0.873297j,-0.393303+0.683603j,0.048281+0.236386j,2.601270
-0.271122+0.873622j,-0.393835+0.683969j,0.048508+0.236395j,2.602248
-0.269737+0.873944j,-0.394368+0.684333j,0.048736+0.236404j,2.603228
-0.268352+0.874264j,-0.394901+0.684696j,0.048963+0.236412j,2.604208
-0.266966+0.874582j,-0.395434+0.685059j,0.049191+0.236421j,2.605190
-0.265580+0.874898j,-0.395968+0.685419j,0.049419+0.236429j,2.606174
-0.264194+0.875212j,-0.396502+0.685779j,0.049647+0.236437j,2.607158
-0.262807+0.875523j,-0.397037+0.686138j,0.049876+0.236445j,2.608144
-0.261420+0.875832j,-0.397573+0.686495j,0.050104+0.236453j,2.609131
-0.260032+0.876139j,-0.398109+0.686851j,0.050333+0.236461j,2.610119
-0.258645+0.876444j,-0.398645+0.687206j,0.050561+0.236469j,2.611108
-0.257257+0.876747j,-0.399182+0.687560j,0.050790+0.236477j,2.612099
-0.255868+0.877047j,-0.399719+0.687913j,0.051019+0.236484j,2.613091
-0.254480+0.877346j,-0.400257+0.688264j,0.051249+0.236491j,2.614084
-0.253091+0.877642j,-0.400795+0.688614j,0.051478+0.236499j,2.615078
-0.251702+0.877936j,-0.401334+0.688963j,0.051707+0.236506j,2.616074
-0.250312+0.878227j,-0.401873+0.689311j,0.051937+0.236513j,2.617070
-0.248922+0.878517j,-0.402413+0.689657j,0.052167+0.236520j,2.618068
-0.247532+0.878804j,-0.402953+0.690003j,0.052397+0.236526j,2.619068
-0.246142+0.879090j,-0.403494+0.690347j,0.052627+0.236533j,2.620068
-0.244751+0.879373j,-0.404035+0.690690j,0.052857+0.236539j,2.621070
-0.243360+0.879653j,-0.404576+0.691031j,0.053088+0.236546j,2.622072
-0.241969+0.879932j,-0.405118+0.691372j,0.053319+0.236552j,2.623076
-0.240577+0.880208j,-0.405661+0.691711j,0.053549+0.236558j,2.624082
-0.239186+0.880483j,-0.406203+0.692049j,0.053780+0.236564j,2.625088
-0.237794+0.880755j,-0.406747+0.692385j,0.054011+0.236570j,2.626096
-0.236401+0.881025j,-0.407291+0.692721j,0.054243+0.236575j,2.627105
-0.235009+0.881292j,-0.407835+0.693055j,0.054474+0.236581j,2.628115
-0.233616+0.881558j,-0.408379+0.693388j,0.054705+0.236586j,2.629126
-0.232223+0.881821j,-0.408925+0.693720j,0.054937+0.236591j,2.630139
-0.230829+0.882082j,-0.409470+0.694050j,0.055169+0.236596j,2.631152
-0.229436+0.882341j,-0.410016+0.694379j,0.055401+0.236601j,2.632167
-0.228042+0.882598j,-0.410562+0.694707j,0.055633+0.236606j,2.633184
-0.226648+0.882852j,-0.411109+0.695033j,0.055866+0.236611j,2.634201
-0.225253+0.883105j,-0.411657+0.695359j,0.056098+0.236616j,2.635220
-0.223859+0.883355j,-0.412204+0.695683j,0.056331+0.236620j,2.636240
-0.222464+0.883603j,-0.412752+0.696006j,0.056564+0.236624j,2.637261
-0.221069+0.883849j,-0.413301+0.696327j,0.056797+0.236628j,2.638283
-0.219674+0.884092j,-0.413850+0.696647j,0.057030+0.236633j,2.639306
-0.218278+0.884334j,-0.414399+0.696966j,0.057263+0.236636j,2.640331
-0.216883+0.884573j,-0.414949+0.697284j,0.057497+0.236640j,2.641357
-0.215487+0.884810j,-0.415499+0.697600j,0.057730+0.236644j,2.642384
-0.214091+0.885045j,-0.416050+0.697915j,0.057964+0.236647j,2.643412
-0.212694+0.885277j,-0.416601+0.698229j,0.058198+0.236651j,2.644442
-0.211298+0.885508j,-0.417153+0.698541j,0.058432+0.236654j,2.645473
-0.209901+0.885736j,-0.417704+0.698852j,0.058666+0.236657j,2.646505
-0.208504+0.885962j,-0.418257+0.699162j,0.058901+0.236660j,2.647538
-0.207107+0.886186j,-0.418809+0.699470j,0.059135+0.236663j,2.648572
-0.205710+0.886408j,-0.419362+0.699777j,0.059370+0.236665j,2.649608
-0.204312+0.886627j,-0.419916+0.700083j,0.059605+0.236668j,2.650645
-0.202914+0.886844j,-0.420470+0.700388j,0.059840+0.236670j,2.651683
-0.201517+0.887059j,-0.421024+0.700691j,0.060075+0.236672j,2.652722
-0.200118+0.887272j,-0.421578+0.700993j,0.060310+0.236674j,2.653762
-0.198720+0.887483j,-0.422133+0.701293j,0.060546+0.236676j,2.654804
-0.197322+0.887692j,-0.422689+0.701592j,0.060782+0.236678j,2.655847
-0.195923+0.887898j,-0.423245+0.701890j,0.061018+0.236680j,2.656891
-0.194525+0.888102j,-0.423801+0.702187j,0.061254+0.236681j,2.657936
-0.193126+0.888304j,-0.424357+0.702482j,0.061490+0.236682j,2.658983
-0.191727+0.888504j,-0.424914+0.702776j,0.061726+0.236684j,2.660030
-0.190328+0.888701j,-0.425471+0.703068j,0.061963+0.236685j,2.661079
-0.188928+0.888897j,-0.426029+0.703359j,0.062199+0.236686j,2.662129
-0.187529+0.889090j,-0.426587+0.703649j,0.062436+0.236686j,2.663180
-0.186129+0.889281j,-0.427145+0.703937j,0.062673+0.236687j,2.664233
-0.184729+0.889470j,-0.427704+0.704224j,0.062910+0.236687j,2.665287
-0.183329+0.889656j,-0.428263+0.704510j,0.063148+0.236688j,2.666342
-0.181929+0.889841j,-0.428822+0.704794j,0.063385+0.236688j,2.667398
-0.180529+0.890023j,-0.429382+0.705077j,0.063623+0.236688j,2.668455
-0.179129+0.890203j,-0.429942+0.705358j,0.063860+0.236688j,2.669513
-0.177729+0.890381j,-0.430502+0.705639j,0.064098+0.236687j,2.670573
-0.176328+0.890557j,-0.431063+0.705917j,0.064337+0.236687j,2.671634
-0.174927+0.890730j,-0.431624+0.706195j,0.064575+0.236686j,2.672696
-0.173527+0.890901j,-0.432185+0.706471j,0.064813+0.236686j,2.673759
-0.172126+0.891070j,-0.432747+0.706745j,0.065052+0.236685j,2.674824
-0.170725+0.891237j,-0.433309+0.707018j,0.065291+0.236684j,2.675890
-0.169324+0.891402j,-0.433872+0.707290j,0.065530+0.236683j,2.676956
-0.167923+0.891564j,-0.434434+0.707561j,0.065769+0.236681j,2.678025
-0.166521+0.891725j,-0.434997+0.707830j,0.066008+0.236680j,2.679094
-0.165120+0.891883j,-0.435561+0.708097j,0.066248+0.236678j,2.680164
-0.163719+0.892039j,-0.436124+0.708363j,0.066487+0.236676j,2.681236
-0.162317+0.892193j,-0.436688+0.708628j,0.066727+0.236674j,2.682309
-0.160916+0.892344j,-0.437252+0.708891j,0.066967+0.236672j,2.683383
-0.159514+0.892493j,-0.437817+0.709153j,0.067207+0.236670j,2.684458
-0.158112+0.892641j,-0.438382+0.709414j,0.067447+0.236667j,2.685535
-0.156710+0.892786j,-0.438947+0.709673j,0.067688+0.236665j,2.686612
-0.155308+0.892928j,-0.439512+0.709931j,0.067928+0.236662j,2.687691
-0.153906+0.893069j,-0.440078+0.710187j,0.068169+0.236659j,2.688771
-0.152504+0.893207j,-0.440644+0.710442j,0.068410+0.236656j,2.689852
-0.151102+0.893344j,-0.441210+0.710695j,0.068651+0.236653j,2.690935
-0.149700+0.893478j,-0.441777+0.710947j,0.068892+0.236649j,2.692018
-0.148298+0.893610j,-0.442343+0.711198j,0.069134+0.236646j,2.693103
-0.146896+0.893739j,-0.442911+0.711447j,0.069375+0.236642j,2.694189
-0.145494+0.893867j,-0.443478+0.711694j,0.069617+0.236638j,2.695276
-0.144091+0.893992j,-0.444046+0.711941j,0.069859+0.236634j,2.696365
-0.142689+0.894115j,-0.444613+0.712185j,0.070101+0.236630j,2.697454
-0.141287+0.894236j,-0.445182+0.712429j,0.070343+0.236626j,2.698545
-0.139884+0.894355j,-0.445750+0.712671j,0.070586+0.236621j,2.699637
-0.138482+0.894471j,-0.446319+0.712911j,0.070828+0.236616j,2.700730
-0.137079+0.894586j,-0.446887+0.713150j,0.071071+0.236612j,2.701824
-0.135677+0.894698j,-0.447457+0.713387j,0.071314+0.236607j,2.702920
-0.134274+0.894808j,-0.448026+0.713623j,0.071557+0.236601j,2.704016
-0.132872+0.894915j,-0.448596+0.713858j,0.071800+0.236596j,2.705114
-0.131469+0.895021j,-0.449165+0.714091j,0.072044+0.236591j,2.706213
-0.130067+0.895124j,-0.449735+0.714323j,0.072287+0.236585j,2.707313
-0.128664+0.895226j,-0.450306+0.714553j,0.072531+0.236579j,2.708415
-0.127262+0.895325j,-0.450876+0.714782j,0.072775+0.236573j,2.709517
-0.125859+0.895421j,-0.451447+0.715009j,0.073019+0.236567j,2.710621
-0.124457+0.895516j,-0.452018+0.715235j,0.073263+0.236561j,2.711726
-0.123054+0.895609j,-0.452589+0.715459j,0.073507+0.236554j,2.712832
-0.121652+0.895699j,-0.453160+0.715682j,0.073752+0.236547j,2.713939
-0.120249+0.895787j,-0.453732+0.715903j,0.073997+0.236541j,2.715048
-0.118847+0.895873j,-0.454304+0.716123j,0.074242+0.236534j,2.716158
-0.117444+0.895957j,-0.454876+0.716341j,0.074487+0.236526j,2.717268
-0.116042+0.896038j,-0.455448+0.716558j,0.074732+0.236519j,2.718380
-0.114640+0.896118j,-0.456020+0.716773j,0.074977+0.236511j,2.719494
-0.113237+0.896195j,-0.456593+0.716987j,0.075223+0.236504j,2.720608
-0.111835+0.896270j,-0.457165+0.717199j,0.075469+0.236496j,2.721723
-0.110433+0.896343j,-0.457738+0.717410j,0.075715+0.236488j,2.722840
-0.109030+0.896413j,-0.458311+0.717620j,0.075961+0.236480j,2.723958
-0.107628+0.896482j,-0.458885+0.717827j,0.076207+0.236471j,2.725077
-0.106226+0.896548j,-0.459458+0.718034j,0.076453+0.236463j,2.726197
-0.104824+0.896612j,-0.460032+0.718239j,0.076700+0.236454j,2.727319
-0.103422+0.896674j,-0.460605+0.718442j,0.076947+0.236445j,2.728441
-0.102020+0.896734j,-0.461179+0.718644j,0.077194+0.236436j,2.729565
-0.100618+0.896791j,-0.461753+0.718844j,0.077441+0.236427j,2.730690
-0.099216+0.896847j,-0.462327+0.719043j,0.077688+0.236417j,2.731816
-0.097815+0.896900j,-0.462902+0.719240j,0.077936+0.236408j,2.732943
-0.096413+0.896951j,-0.463476+0.719436j,0.078183+0.236398j,2.734071
-0.095011+0.897000j,-0.464051+0.719630j,0.078431+0.236388j,2.735201
-0.093610+0.897046j,-0.464626+0.719823j,0.078679+0.236378j,2.736332
-0.092209+0.897091j,-0.465200+0.720014j,0.078927+0.236367j,2.737463
-0.090807+0.897133j,-0.465775+0.720204j,0.079175+0.236357j,2.738597
-0.089406+0.897173j,-0.466351+0.720392j,0.079424+0.236346j,2.739731
-0.088005+0.897211j,-0.466926+0.720578j,0.079672+0.236335j,2.740866
-0.086604+0.897247j,-0.467501+0.720763j,0.079921+0.236324j,2.742003
-0.085203+0.897281j,-0.468077+0.720947j,0.080170+0.236313j,2.743140
-0.083802+0.897312j,-0.468652+0.721129j,0.080419+0.236302j,2.744279
-0.082401+0.897341j,-0.469228+0.721309j,0.080669+0.236290j,2.745419
-0.081001+0.897368j,-0.469804+0.721488j,0.080918+0.236278j,2.746560
-0.079600+0.897393j,-0.470379+0.721666j,0.081168+0.236266j,2.747703
-0.078200+0.897416j,-0.470955+0.721842j,0.081417+0.236254j,2.748846
-0.076800+0.897436j,-0.471531+0.722016j,0.081667+0.236242j,2.749991
-0.075399+0.897455j,-0.472107+0.722189j,0.081918+0.236229j,2.751137
-0.073999+0.897471j,-0.472684+0.722360j,0.082168+0.236216j,2.752284
-0.072600+0.897485j,-0.473260+0.722529j,0.082418+0.236204j,2.753432
-0.071200+0.897497j,-0.473836+0.722698j,0.082669+0.236190j,2.754581
-0.069800+0.897506j,-0.474413+0.722864j,0.082920+0.236177j,2.755731
-0.068401+0.897514j,-0.474989+0.723029j,0.083171+0.236164j,2.756883
-0.067001+0.897519j,-0.475566+0.723193j,0.083422+0.236150j,2.758036
-0.065602+0.897522j,-0.476142+0.723355j,0.083673+0.236136j,2.759189
-0.064203+0.897523j,-0.476719+0.723515j,0.083925+0.236122j,2.760344
-0.062804+0.897522j,-0.477295+0.723674j,0.084177+0.236108j,2.761501
-0.061406+0.897519j,-0.477872+0.723831j,0.084428+0.236094j,2.762658
-0.060007+0.897513j,-0.478449+0.723987j,0.084680+0.236079j,2.763816
-0.058609+0.897506j,-0.479026+0.724141j,0.084933+0.236064j,2.764976
-0.057211+0.897496j,-0.479602+0.724293j,0.085185+0.236049j,2.766137
-0.055813+0.897484j,-0.480179+0.724444j,0.085437+0.236034j,2.767299
-0.054415+0.897470j,-0.480756+0.724594j,0.085690+0.236019j,2.768462
-0.053017+0.897453j,-0.481333+0.724742j,0.085943+0.236003j,2.769626
-0.051620+0.897435j,-0.481910+0.724888j,0.086196+0.235987j,2.770791
-0.050222+0.897414j,-0.482487+0.725033j,0.086449+0.235971j,2.771958
-0.048825+0.897391j,-0.483064+0.725176j,0.086703+0.235955j,2.773125
-0.047428+0.897366j,-0.483640+0.725317j,0.086956+0.235939j,2.774294
-0.046032+0.897339j,-0.484217+0.725457j,0.087210+0.235922j,2.775464
-0.044635+0.897310j,-0.484794+0.725596j,0.087464+0.235906j,2.776635
-0.043239+0.897278j,-0.485371+0.725733j,0.087718+0.235889j,2.777807
-0.041843+0.897245j,-0.485948+0.725868j,0.087972+0.235872j,2.778980
-0.040447+0.897209j,-0.486525+0.726002j,0.088227+0.235854j,2.780155
-0.039051+0.897171j,-0.487101+0.726134j,0.088481+0.235837j,2.781330
-0.037655+0.897131j,-0.487678+0.726264j,0.088736+0.235819j,2.782507
-0.036260+0.897089j,-0.488255+0.726393j,0.088991+0.235801j,2.783685
-0.034865+0.897044j,-0.488832+0.726521j,0.089246+0.235783j,2.784864
-0.033470+0.896997j,-0.489408+0.726646j,0.089501+0.235765j,2.786044
-0.032076+0.896949j,-0.489985+0.726771j,0.089757+0.235746j,2.787225
-0.030681+0.896898j,-0.490561+0.726893j,0.090012+0.235727j,2.788407
-0.029287+0.896845j,-0.491138+0.727014j,0.090268+0.235708j,2.789591
-0.027893+0.896789j,-0.491714+0.727134j,0.090524+0.235689j,2.790776
-0.026500+0.896732j,-0.492291+0.727252j,0.090780+0.235670j,2.791961
-0.025106+0.896672j,-0.492867+0.727368j,0.091036+0.235650j,2.793148
-0.023713+0.896611j,-0.493443+0.727483j,0.091293+0.235631j,2.794336
-0.022320+0.896547j,-0.494019+0.727596j,0.091549+0.235611j,2.795525
-0.020928+0.896481j,-0.494595+0.727708j,0.091806+0.235590j,2.796715
-0.019535+0.896413j,-0.495171+0.727818j,0.092063+0.235570j,2.797907
-0.018143+0.896342j,-0.495747+0.727926j,0.092320+0.235550j,2.799099
-0.016751+0.896270j,-0.496323+0.728033j,0.092578+0.235529j,2.800293
-0.015360+0.896195j,-0.496899+0.728138j,0.092835+0.235508j,2.801488
-0.013968+0.896119j,-0.497474+0.728242j,0.093093+0.235487j,2.802683
-0.012577+0.896040j,-0.498050+0.728344j,0.093351+0.235465j,2.803880
-0.011187+0.895959j,-0.498625+0.728444j,0.093609+0.235444j,2.805078
-0.009796+0.895875j,-0.499201+0.728543j,0.093867+0.235422j,2.806278
-0.008406+0.895790j,-0.499776+0.728640j,0.094125+0.235400j,2.807478
-0.007016+0.895703j,-0.500351+0.728736j,0.094384+0.235377j,2.808679
-0.005626+0.895613j,-0.500926+0.728830j,0.094642+0.235355j,2.809882
-0.004237+0.895521j,-0.501501+0.728923j,0.094901+0.235332j,2.811086
-0.002848+0.895427j,-0.502075+0.729013j,0.095160+0.235309j,2.812290
-0.001459+0.895331j,-0.502650+0.729103j,0.095420+0.235286j,2.813496
-0.000071+0.895233j,-0.503224+0.729190j,0.095679+0.235263j,2.814703
0.001317+0.895133j,-0.503798+0.729277j,0.095939+0.235239j,2.815911
0.002705+0.895030j,-0.504372+0.729361j,0.096198+0.235216j,2.817120
0.004092+0.894925j,-0.504946+0.729444j,0.096458+0.235192j,2.818331
0.005480+0.894819j,-0.505520+0.729525j,0.096718+0.235167j,2.819542
0.006866+0.894710j,-0.506094+0.729605j,0.096978+0.235143j,2.820755
0.008253+0.894599j,-0.506667+0.729683j,0.097239+0.235118j,2.821968
0.009639+0.894486j,-0.507240+0.729760j,0.097499+0.235094j,2.823183
0.011025+0.894370j,-0.507813+0.729835j,0.097760+0.235068j,2.824399
0.012411+0.894253j,-0.508386+0.729908j,0.098021+0.235043j,2.825616
0.013796+0.894133j,-0.508959+0.729980j,0.098282+0.235018j,2.826834
0.015181+0.894011j,-0.509531+0.730050j,0.098543+0.234992j,2.828053
0.016565+0.893888j,-0.510104+0.730119j,0.098805+0.234966j,2.829273
0.017949+0.893762j,-0.510676+0.730186j,0.099067+0.234940j,2.830494
0.019333+0.893633j,-0.511248+0.730251j,0.099328+0.234913j,2.831717
0.020716+0.893503j,-0.511819+0.730315j,0.099590+0.234887j,2.832940
0.022100+0.893371j,-0.512391+0.730377j,0.099852+0.234860j,2.834165
0.023482+0.893236j,-0.512962+0.730438j,0.100115+0.234833j,2.835391
0.024865+0.893100j,-0.513533+0.730497j,0.100377+0.234806j,2.836617
0.026247+0.892961j,-0.514104+0.730554j,0.100640+0.234778j,2.837845
0.027628+0.892820j,-0.514675+0.730610j,0.100903+0.234750j,2.839074
0.029010+0.892677j,-0.515245+0.730664j,0.101166+0.234722j,2.840304
0.030390+0.892532j,-0.515815+0.730717j,0.101429+0.234694j,2.841535
0.031771+0.892384j,-0.516385+0.730768j,0.101692+0.234666j,2.842768
0.033151+0.892235j,-0.516955+0.730817j,0.101956+0.234637j,2.844001
0.034531+0.892083j,-0.517524+0.730865j,0.102219+0.234608j,2.845235
0.035910+0.891930j,-0.518093+0.730912j,0.102483+0.234579j,2.846471
0.037289+0.891774j,-0.518662+0.730956j,0.102747+0.234550j,2.847708
0.038668+0.891616j,-0.519231+0.730999j,0.103011+0.234520j,2.848945
0.040046+0.891456j,-0.519799+0.731041j,0.103276+0.234491j,2.850184
0.041423+0.891294j,-0.520367+0.731081j,0.103540+0.234461j,2.851424
0.042801+0.891130j,-0.520935+0.731119j,0.103805+0.234430j,2.852665
0.044178+0.890963j,-0.521503+0.731156j,0.104070+0.234400j,2.853907
0.045554+0.890795j,-0.522070+0.731191j,0.104335+0.234369j,2.855150
0.046930+0.890624j,-0.522637+0.731225j,0.104600+0.234338j,2.856394
0.048306+0.890452j,-0.523204+0.731257j,0.104865+0.234307j,2.857639
0.049681+0.890277j,-0.523770+0.731287j,0.105131+0.234275j,2.858885
0.051056+0.890100j,-0.524336+0.731316j,0.105396+0.234244j,2.860133
0.052431+0.889921j,-0.524902+0.731343j,0.105662+0.234212j,2.861381
0.053805+0.889740j,-0.525467+0.731369j,0.105928+0.234180j,2.862631
0.055178+0.889556j,-0.526033+0.731393j,0.106195+0.234147j,2.863881
0.056551+0.889371j,-0.526597+0.731415j,0.106461+0.234115j,2.865133
0.057924+0.889183j,-0.527162+0.731436j,0.106728+0.234082j,2.866385
0.059296+0.888994j,-0.527726+0.731455j,0.106994+0.234049j,2.867639
0.060668+0.888802j,-0.528290+0.731473j,0.107261+0.234015j,2.868894
0.062039+0.888608j,-0.528854+0.731489j,0.107528+0.233982j,2.870150
0.063410+0.888412j,-0.529417+0.731504j,0.107796+0.233948j,2.871407
0.064780+0.888214j,-0.529980+0.731517j,0.108063+0.233914j,2.872665
0.066150+0.888014j,-0.530542+0.731528j,0.108331+0.233880j,2.873924
0.067520+0.887812j,-0.531105+0.731538j,0.108598+0.233845j,2.875184
0.068889+0.887608j,-0.531666+0.731546j,0.108866+0.233810j,2.876445
0.070257+0.887401j,-0.532228+0.731553j,0.109134+0.233775j,2.877708
0.071625+0.887193j,-0.532789+0.731558j,0.109403+0.233740j,2.878971
0.072993+0.886982j,-0.533350+0.731562j,0.109671+0.233704j,2.880235
0.074360+0.886769j,-0.533910+0.731564j,0.109940+0.233669j,2.881501
0.075727+0.886555j,-0.534470+0.731564j,0.110208+0.233633j,2.882767
0.077093+0.886338j,-0.535030+0.731563j,0.110477+0.233596j,2.884035
0.078459+0.886119j,-0.535589+0.731560j,0.110746+0.233560j,2.885303
0.079824+0.885897j,-0.536148+0.731556j,0.111016+0.233523j,2.886573
0.081188+0.885674j,-0.536707+0.731550j,0.111285+0.233486j,2.887844
0.082553+0.885449j,-0.537265+0.731543j,0.111555+0.233449j,2.889116
0.083916+0.885222j,-0.537822+0.731534j,0.111824+0.233411j,2.890388
0.085279+0.884992j,-0.538380+0.731523j,0.112094+0.233373j,2.891662
0.086642+0.884761j,-0.538937+0.731511j,0.112365+0.233335j,2.892937
0.088004+0.884527j,-0.539493+0.731497j,0.112635+0.233297j,2.894213
0.089366+0.884291j,-0.540049+0.731482j,0.112905+0.233259j,2.895490
0.090727+0.884053j,-0.540605+0.731465j,0.113176+0.233220j,2.896768
0.092088+0.883814j,-0.541160+0.731447j,0.113447+0.233181j,2.898047
0.093448+0.883572j,-0.541715+0.731427j,0.113718+0.233142j,2.899327
0.094807+0.883328j,-0.542270+0.731406j,0.113989+0.233102j,2.900608
0.096166+0.883081j,-0.542824+0.731383j,0.114260+0.233062j,2.901890
0.097525+0.882833j,-0.543377+0.731358j,0.114531+0.233022j,2.903174
0.098882+0.882583j,-0.543930+0.731332j,0.114803+0.232982j,2.904458
0.100240+0.882331j,-0.544483+0.731304j,0.115075+0.232941j,2.905743
0.101597+0.882076j,-0.545035+0.731275j,0.115347+0.232900j,2.907030
0.102953+0.881820j,-0.545587+0.731244j,0.115619+0.232859j,2.908317
0.104309+0.881561j,-0.546139+0.731212j,0.115891+0.232818j,2.909605
0.105664+0.881300j,-0.546689+0.731178j,0.116164+0.232776j,2.910895
0.107019+0.881038j,-0.547240+0.731143j,0.116436+0.232734j,2.912185
0.108373+0.880773j,-0.547790+0.731106j,0.116709+0.232692j,2.913477
0.109726+0.880506j,-0.548339+0.731067j,0.116982+0.232650j,2.914769
0.111079+0.880237j,-0.548888+0.731027j,0.117255+0.232607j,2.916063
0.112431+0.879966j,-0.549437+0.730986j,0.117529+0.232564j,2.917357
0.113783+0.879693j,-0.549985+0.730943j,0.117802+0.232521j,2.918653
0.115135+0.879418j,-0.550533+0.730898j,0.118076+0.232478j,2.919949
0.116485+0.879140j,-0.551080+0.730852j,0.118349+0.232434j,2.921247
0.117835+0.878861j,-0.551627+0.730804j,0.118623+0.232390j,2.922546
0.119185+0.878580j,-0.552173+0.730755j,0.118897+0.232346j,2.923845
0.120534+0.878296j,-0.552718+0.730704j,0.119172+0.232301j,2.925146
0.121882+0.878011j,-0.553264+0.730652j,0.119446+0.232256j,2.926448
0.123230+0.877723j,-0.553808+0.730598j,0.119721+0.232211j,2.927750
0.124577+0.877434j,-0.554352+0.730543j,0.119996+0.232166j,2.929054
0.125923+0.877142j,-0.554896+0.730486j,0.120271+0.232120j,2.930359
0.127269+0.876849j,-0.555439+0.730428j,0.120546+0.232075j,2.931664
0.128615+0.876553j,-0.555982+0.730368j,0.120821+0.232028j,2.932971
0.129959+0.876255j,-0.556524+0.730306j,0.121096+0.231982j,2.934279
0.131303+0.875955j,-0.557066+0.730244j,0.121372+0.231935j,2.935588
0.132647+0.875653j,-0.557607+0.730179j,0.121648+0.231888j,2.936898
0.133990+0.875349j,-0.558147+0.730113j,0.121924+0.231841j,2.938208
0.135332+0.875043j,-0.558687+0.730046j,0.122200+0.231794j,2.939520
0.136673+0.874735j,-0.559227+0.729977j,0.122476+0.231746j,2.940833
0.138014+0.874425j,-0.559766+0.729907j,0.122752+0.231698j,2.942147
0.139355+0.874113j,-0.560304+0.729835j,0.123029+0.231649j,2.943461
0.140695+0.873799j,-0.560842+0.729761j,0.123306+0.231601j,2.944777
0.142034+0.873483j,-0.561379+0.729686j,0.123583+0.231552j,2.946094
0.143372+0.873164j,-0.561916+0.729610j,0.123860+0.231503j,2.947412
0.144710+0.872844j,-0.562452+0.729532j,0.124137+0.231453j,2.948731
0.146047+0.872522j,-0.562988+0.729453j,0.124414+0.231404j,2.950050
0.147383+0.872197j,-0.563523+0.729372j,0.124692+0.231354j,2.951371
0.148719+0.871871j,-0.564057+0.729289j,0.124970+0.231303j,2.952693
0.150054+0.871543j,-0.564591+0.729206j,0.125248+0.231253j,2.954016
0.151389+0.871212j,-0.565125+0.729120j,0.125526+0.231202j,2.955340
0.152723+0.870880j,-0.565657+0.729033j,0.125804+0.231151j,2.956664
0.154056+0.870545j,-0.566190+0.728945j,0.126082+0.231099j,2.957990
0.155389+0.870209j,-0.566721+0.728855j,0.126361+0.231048j,2.959317
0.156720+0.869870j,-0.567252+0.728764j,0.126639+0.230996j,2.960645
0.158052+0.869529j,-0.567783+0.728671j,0.126918+0.230943j,2.961973
0.159382+0.869187j,-0.568312+0.728577j,0.127197+0.230891j,2.963303
0.160712+0.868842j,-0.568842+0.728481j,0.127476+0.230838j,2.964634
0.162041+0.868495j,-0.569370+0.728384j,0.127756+0.230785j,2.965965
0.163370+0.868147j,-0.569899+0.728286j,0.128035+0.230731j,2.967298
0.164697+0.867796j,-0.570426+0.728186j,0.128315+0.230678j,2.968632
0.166024+0.867443j,-0.570953+0.728084j,0.128595+0.230624j,2.969966
0.167351+0.867088j,-0.571479+0.727981j,0.128875+0.230569j,2.971302
0.168676+0.866732j,-0.572005+0.727877j,0.129155+0.230515j,2.972638
0.170001+0.866373j,-0.572530+0.727771j,0.129435+0.230460j,2.973976
0.171326+0.866012j,-0.573054+0.727663j,0.129715+0.230405j,2.975314
0.172649+0.865649j,-0.573578+0.727555j,0.129996+0.230349j,2.976654
0.173972+0.865284j,-0.574101+0.727444j,0.130277+0.230294j,2.977994
0.175294+0.864917j,-0.574624+0.727333j,0.130558+0.230238j,2.979336
0.176616+0.864548j,-0.575146+0.727219j,0.130839+0.230181j,2.980678
0.177936+0.864178j,-0.575667+0.727105j,0.131120+0.230125j,2.982021
0.179256+0.863805j,-0.576188+0.726989j,0.131401+0.230068j,2.983366
0.180576+0.863430j,-0.576708+0.726871j,0.131683+0.230011j,2.984711
0.181894+0.863053j,-0.577227+0.726753j,0.131965+0.229953j,2.986057
0.183212+0.862674j,-0.577746+0.726632j,0.132246+0.229895j,2.987405
0.184529+0.862293j,-0.578264+0.726510j,0.132528+0.229837j,2.988753
0.185845+0.861910j,-0.578781+0.726387j,0.132811+0.229779j,2.990102
0.187161+0.861525j,-0.579298+0.726263j,0.133093+0.229720j,2.991452
0.188476+0.861139j,-0.579814+0.726137j,0.133375+0.229661j,2.992803
0.189790+0.860750j,-0.580329+0.726009j,0.133658+0.229602j,2.994155
0.191103+0.860359j,-0.580844+0.725880j,0.133941+0.229542j,2.995508
0.192416+0.859966j,-0.581358+0.725750j,0.134224+0.229482j,2.996862
0.193727+0.859571j,-0.581872+0.725618j,0.134507+0.229422j,2.998217
0.195039+0.859174j,-0.582385+0.725485j,0.134790+0.229361j,2.999573
0.196349+0.858775j,-0.582897+0.725351j,0.135074+0.229301j,3.000930
0.197658+0.858375j,-0.583408+0.725215j,0.135357+0.229239j,3.002287
0.198967+0.857972j,-0.583919+0.725077j,0.135641+0.229178j,3.003646
0.200275+0.857567j,-0.584429+0.724939j,0.135925+0.229116j,3.005006
0.201582+0.857160j,-0.584938+0.724799j,0.136209+0.229054j,3.006366
0.202889+0.856751j,-0.585447+0.724657j,0.136493+0.228992j,3.007728
0.204194+0.856341j,-0.585955+0.724514j,0.136777+0.228929j,3.009090
0.205499+0.855928j,-0.586463+0.724370j,0.137062+0.228866j,3.010454
0.206803+0.855513j,-0.586969+0.724224j,0.137346+0.228803j,3.011818
0.208107+0.855097j,-0.587475+0.724077j,0.137631+0.228739j,3.013183
0.209409+0.854678j,-0.587981+0.723929j,0.137916+0.228675j,3.014550
0.210711+0.854257j,-0.588485+0.723779j,0.138201+0.228611j,3.015917
0.212012+0.853835j,-0.588989+0.723627j,0.138486+0.228547j,3.017285
0.213312+0.853410j,-0.589492+0.723475j,0.138772+0.228482j,3.018654
0.214611+0.852984j,-0.589995+0.723321j,0.139057+0.228417j,3.020024
0.215910+0.852555j,-0.590496+0.723165j,0.139343+0.228351j,3.021395
0.217207+0.852125j,-0.590997+0.723009j,0.139629+0.228285j,3.022767
0.218504+0.851692j,-0.591498+0.722851j,0.139915+0.228219j,3.024140
0.219800+0.851258j,-0.591997+0.722691j,0.140201+0.228153j,3.025513
0.221096+0.850822j,-0.592496+0.722530j,0.140487+0.228086j,3.026888
0.222390+0.850383j,-0.592994+0.722368j,0.140773+0.228019j,3.028264
0.223684+0.849943j,-0.593492+0.722205j,0.141060+0.227952j,3.029640
0.224976+0.849501j,-0.593988+0.722040j,0.141347+0.227884j,3.031018
0.226268+0.849057j,-0.594484+0.721874j,0.141634+0.227816j,3.032396
0.227560+0.848610j,-0.594980+0.721706j,0.141921+0.227748j,3.033775
0.228850+0.848162j,-0.595474+0.721537j,0.142208+0.227679j,3.035156
0.230139+0.847712j,-0.595968+0.721367j,0.142495+0.227610j,3.036537
0.231428+0.847260j,-0.596461+0.721195j,0.142782+0.227541j,3.037919
0.232716+0.846806j,-0.596953+0.721022j,0.143070+0.227471j,3.039302
0.234002+0.846351j,-0.597445+0.720848j,0.143358+0.227401j,3.040686
0.235288+0.845893j,-0.597936+0.720672j,0.143646+0.227331j,3.042070
0.236574+0.845433j,-0.598426+0.720495j,0.143934+0.227260j,3.043456
0.237858+0.844971j,-0.598915+0.720317j,0.144222+0.227190j,3.044843
0.239141+0.844508j,-0.599404+0.720137j,0.144510+0.227118j,3.046230
0.240424+0.844042j,-0.599891+0.719956j,0.144799+0.227047j,3.047619
0.241706+0.843575j,-0.600379+0.719774j,0.145087+0.226975j,3.049008
0.242987+0.843105j,-0.600865+0.719591j,0.145376+0.226903j,3.050399
0.244267+0.842634j,-0.601350+0.719406j,0.145665+0.226830j,3.051790
0.245546+0.842161j,-0.601835+0.719220j,0.145954+0.226757j,3.053182
0.246824+0.841685j,-0.602319+0.719032j,0.146243+0.226684j,3.054575
0.248101+0.841208j,-0.602803+0.718843j,0.146532+0.226611j,3.055969
0.249378+0.840729j,-0.603285+0.718653j,0.146822+0.226537j,3.057364
0.250654+0.840248j,-0.603767+0.718462j,0.147111+0.226463j,3.058759
0.251928+0.839765j,-0.604248+0.718269j,0.147401+0.226388j,3.060156
0.253202+0.839280j,-0.604728+0.718075j,0.147691+0.226313j,3.061554
0.254475+0.838793j,-0.605207+0.717880j,0.147981+0.226238j,3.062952
0.255747+0.838305j,-0.605686+0.717683j,0.148271+0.226162j,3.064351
0.257018+0.837814j,-0.606164+0.717485j,0.148561+0.226087j,3.065752
0.258288+0.837321j,-0.606641+0.717286j,0.148852+0.226010j,3.067153
0.259558+0.836827j,-0.607117+0.717086j,0.149142+0.225934j,3.068555
0.260826+0.836331j,-0.607593+0.716884j,0.149433+0.225857j,3.069958
0.262094+0.835832j,-0.608067+0.716681j,0.149724+0.225780j,3.071361
0.263360+0.835332j,-0.608541+0.716476j,0.150015+0.225702j,3.072766
0.264626+0.834830j,-0.609014+0.716271j,0.150306+0.225624j,3.074172
0.265891+0.834326j,-0.609487+0.716064j,0.150597+0.225546j,3.075578
0.267154+0.833820j,-0.609958+0.715856j,0.150889+0.225468j,3.076986
0.268417+0.833312j,-0.610429+0.715647j,0.151180+0.225389j,3.078394
0.269679+0.832803j,-0.610899+0.715436j,0.151472+0.225309j,3.079803
0.270940+0.832291j,-0.611368+0.715224j,0.151764+0.225230j,3.081213
0.272200+0.831778j,-0.611837+0.715011j,0.152056+0.225150j,3.082624
0.273460+0.831262j,-0.612304+0.714797j,0.152348+0.225070j,3.084036
0.274718+0.830745j,-0.612771+0.714581j,0.152640+0.224989j,3.085448
0.275975+0.830226j,-0.613237+0.714364j,0.152932+0.224908j,3.086862
0.277231+0.829705j,-0.613702+0.714146j,0.153225+0.224827j,3.088276
0.278487+0.829182j,-0.614166+0.713927j,0.153517+0.224745j,3.089692
0.279741+0.828657j,-0.614630+0.713706j,0.153810+0.224663j,3.091108
0.280995+0.828130j,-0.615093+0.713484j,0.154103+0.224581j,3.092525
0.282247+0.827601j,-0.615554+0.713261j,0.154396+0.224498j,3.093943
0.283499+0.827071j,-0.616016+0.713037j,0.154689+0.224415j,3.095362
0.284749+0.826538j,-0.616476+0.712811j,0.154982+0.224332j,3.096781
0.285999+0.826004j,-0.616935+0.712585j,0.155276+0.224248j,3.098202
0.287248+0.825468j,-0.617394+0.712357j,0.155569+0.224164j,3.099623
0.288495+0.824930j,-0.617852+0.712127j,0.155863+0.224079j,3.101045
0.289742+0.824390j,-0.618309+0.711897j,0.156156+0.223995j,3.102469
0.290988+0.823848j,-0.618765+0.711665j,0.156450+0.223910j,3.103893
0.292232+0.823305j,-0.619220+0.711432j,0.156744+0.223824j,3.105317
0.293476+0.822759j,-0.619675+0.711198j,0.157039+0.223738j,3.106743
0.294719+0.822212j,-0.620128+0.710963j,0.157333+0.223652j,3.108170
0.295961+0.821663j,-0.620581+0.710727j,0.157627+0.223565j,3.109597
0.297202+0.821111j,-0.621033+0.710489j,0.157922+0.223479j,3.111026
0.298441+0.820558j,-0.621484+0.710250j,0.158216+0.223391j,3.112455
0.299680+0.820004j,-0.621935+0.710010j,0.158511+0.223304j,3.113885
0.300918+0.819447j,-0.622384+0.709769j,0.158806+0.223216j,3.115316
0.302155+0.818888j,-0.622833+0.709526j,0.159101+0.223127j,3.116747
0.303391+0.818328j,-0.623281+0.709283j,0.159396+0.223039j,3.118180
0.304626+0.817766j,-0.623728+0.709038j,0.159692+0.222950j,3.119613
0.305859+0.817202j,-0.624174+0.708792j,0.159987+0.222860j,3.121048
0.307092+0.816636j,-0.624619+0.708545j,0.160282+0.222770j,3.122483
0.308324+0.816068j,-0.625064+0.708297j,0.160578+0.222680j,3.123919
0.309555+0.815498j,-0.625507+0.708047j,0.160874+0.222590j,3.125356
0.310784+0.814927j,-0.625950+0.707796j,0.161170+0.222499j,3.126793
0.312013+0.814353j,-0.626392+0.707544j,0.161466+0.222408j,3.128232
0.313241+0.813778j,-0.626833+0.707291j,0.161762+0.222316j,3.129671
0.314467+0.813201j,-0.627273+0.707037j,0.162058+0.222224j,3.131112
0.315693+0.812622j,-0.627713+0.706782j,0.162355+0.222132j,3.132553
0.316918+0.812042j,-0.628151+0.706525j,0.162651+0.222039j,3.133995
0.318141+0.811459j,-0.628589+0.706268j,0.162948+0.221946j,3.135437
0.319364+0.810875j,-0.629026+0.706009j,0.163244+0.221853j,3.136881
0.320585+0.810289j,-0.629462+0.705749j,0.163541+0.221759j,3.138325
0.321805+0.809701j,-0.629897+0.705488j,0.163838+0.221665j,3.139771
0.323025+0.809111j,-0.630331+0.705226j,0.164135+0.221570j,3.141217
0.324243+0.808519j,-0.630764+0.704962j,0.164432+0.221475j,3.142664
0.325460+0.807926j,-0.631197+0.704698j,0.164730+0.221380j,3.144111
0.326677+0.807330j,-0.631628+0.704432j,0.165027+0.221284j,3.145560
0.327892+0.806733j,-0.632059+0.704165j,0.165325+0.221188j,3.147010
0.329106+0.806134j,-0.632489+0.703898j,0.165622+0.221092j,3.148460
0.330319+0.805533j,-0.632918+0.703629j,0.165920+0.220995j,3.149911
0.331531+0.804931j,-0.633346+0.703358j,0.166218+0.220898j,3.151363
0.332742+0.804326j,-0.633774+0.703087j,0.166516+0.220801j,3.152816
0.333951+0.803720j,-0.634200+0.702815j,0.166814+0.220703j,3.154269
0.335160+0.803112j,-0.634626+0.702541j,0.167112+0.220605j,3.155723
0.336368+0.802502j,-0.635050+0.702267j,0.167410+0.220506j,3.157179
0.337574+0.801891j,-0.635474+0.701991j,0.167709+0.220407j,3.158635
0.338780+0.801277j,-0.635897+0.701714j,0.168007+0.220308j,3.160092
0.339984+0.800662j,-0.636319+0.701436j,0.168306+0.220208j,3.161549
0.341188+0.800045j,-0.636741+0.701157j,0.168605+0.220108j,3.163008
0.342390+0.799426j,-0.637161+0.700877j,0.168904+0.220007j,3.164467
0.343591+0.798806j,-0.637580+0.700596j,0.169203+0.219906j,3.165927
0.344791+0.798183j,-0.637999+0.700314j,0.169502+0.219805j,3.167388
0.345990+0.797559j,-0.638417+0.700030j,0.169801+0.219704j,3.168850
0.347188+0.796933j,-0.638833+0.699746j,0.170100+0.219602j,3.170313
0.348384+0.796305j,-0.639249+0.699460j,0.170400+0.219499j,3.171776
0.349580+0.795676j,-0.639664+0.699173j,0.170699+0.219396j,3.173240
0.350775+0.795045j,-0.640079+0.698886j,0.170999+0.219293j,3.174705
0.351968+0.794411j,-0.640492+0.698597j,0.171298+0.219190j,3.176171
0.353160+0.793776j,-0.640904+0.698307j,0.171598+0.219086j,3.177638
0.354351+0.793140j,-0.641316+0.698016j,0.171898+0.218981j,3.179105
0.355541+0.792501j,-0.641727+0.697724j,0.172198+0.218877j,3.180573
0.356730+0.791861j,-0.642136+0.697431j,0.172498+0.218772j,3.182042
0.357918+0.791219j,-0.642545+0.697137j,0.172798+0.218666j,3.183512
0.359105+0.790575j,-0.642953+0.696842j,0.173099+0.218560j,3.184983
0.360290+0.789930j,-0.643360+0.696545j,0.173399+0.218454j,3.186454
0.361475+0.789283j,-0.643766+0.696248j,0.173700+0.218347j,3.187926
0.362658+0.788634j,-0.644172+0.695950j,0.174000+0.218240j,3.189399
0.363840+0.787983j,-0.644576+0.695650j,0.174301+0.218133j,3.190873
0.365021+0.787330j,-0.644980+0.695350j,0.174602+0.218025j,3.192348
0.366201+0.786676j,-0.645382+0.695048j,0.174903+0.217917j,3.193823
0.367379+0.786020j,-0.645784+0.694746j,0.175204+0.217808j,3.195299
0.368557+0.785362j,-0.646185+0.694442j,0.175505+0.217699j,3.196776
0.369733+0.784702j,-0.646585+0.694137j,0.175806+0.217590j,3.198254
0.370909+0.784041j,-0.646984+0.693832j,0.176107+0.217480j,3.199733
0.372083+0.783378j,-0.647382+0.693525j,0.176409+0.217370j,3.201212
0.373256+0.782713j,-0.647779+0.693217j,0.176710+0.217260j,3.202692
0.374427+0.782046j,-0.648176+0.692909j,0.177012+0.217149j,3.204173
0.375598+0.781378j,-0.648571+0.692599j,0.177313+0.217037j,3.205655
0.376767+0.780708j,-0.648966+0.692288j,0.177615+0.216926j,3.207137
0.377935+0.780036j,-0.649360+0.691976j,0.177917+0.216814j,3.208621
0.379103+0.779363j,-0.649752+0.691663j,0.178219+0.216701j,3.210105
0.380268+0.778687j,-0.650144+0.691350j,0.178521+0.216588j,3.211590
0.381433+0.778010j,-0.650535+0.691035j,0.178823+0.216475j,3.213075
0.382597+0.777332j,-0.650925+0.690719j,0.179125+0.216361j,3.214562
0.383759+0.776651j,-0.651314+0.690402j,0.179428+0.216247j,3.216049
0.384920+0.775969j,-0.651703+0.690084j,0.179730+0.216132j,3.217537
0.386080+0.775285j,-0.652090+0.689765j,0.180032+0.216018j,3.219026
0.387239+0.774599j,-0.652477+0.689446j,0.180335+0.215902j,3.220515
0.388397+0.773912j,-0.652862+0.689125j,0.180638+0.215786j,3.222005
0.389553+0.773223j,-0.653247+0.688803j,0.180940+0.215670j,3.223497
0.390708+0.772532j,-0.653630+0.688480j,0.181243+0.215554j,3.224988
0.391862+0.771840j,-0.654013+0.688156j,0.181546+0.215437j,3.226481
0.393015+0.771145j,-0.654395+0.687832j,0.181849+0.215320j,3.227974
0.394167+0.770449j,-0.654776+0.687506j,0.182152+0.215202j,3.229468
0.395317+0.769752j,-0.655156+0.687179j,0.182455+0.215084j,3.230963
0.396466+0.769052j,-0.655536+0.686851j,0.182758+0.214965j,3.232459
0.397614+0.768351j,-0.655914+0.686523j,0.183062+0.214846j,3.233955
0.398761+0.767649j,-0.656291+0.686193j,0.183365+0.214727j,3.235453
0.399906+0.766944j,-0.656668+0.685863j,0.183669+0.214607j,3.236951
0.401051+0.766238j,-0.657043+0.685531j,0.183972+0.214487j,3.238449
0.402194+0.765530j,-0.657418+0.685198j,0.184276+0.214366j,3.239949
0.403336+0.764821j,-0.657792+0.684865j,0.184579+0.214245j,3.241449
0.404476+0.764110j,-0.658165+0.684530j,0.184883+0.214124j,3.242950
0.405616+0.763397j,-0.658537+0.684195j,0.185187+0.214002j,3.244452
0.406754+0.762682j,-0.658908+0.683859j,0.185491+0.213880j,3.245954
0.407891+0.761966j,-0.659278+0.683521j,0.185795+0.213757j,3.247457
0.409026+0.761248j,-0.659647+0.683183j,0.186099+0.213634j,3.248961
0.410161+0.760528j,-0.660015+0.682844j,0.186403+0.213511j,3.250466
0.411294+0.759807j,-0.660383+0.682504j,0.186707+0.213387j,3.251972
0.412426+0.759084j,-0.660749+0.682163j,0.187012+0.213263j,3.253478
0.413557+0.758359j,-0.661115+0.681821j,0.187316+0.213138j,3.254985
0.414686+0.757633j,-0.661479+0.681478j,0.187620+0.213013j,3.256493
0.415814+0.756905j,-0.661843+0.681134j,0.187925+0.212888j,3.258001
0.416941+0.756175j,-0.662206+0.680789j,0.188229+0.212762j,3.259511
0.418067+0.755444j,-0.662568+0.680443j,0.188534+0.212635j,3.261020
0.419191+0.754711j,-0.662929+0.680097j,0.188839+0.212509j,3.262531
0.420315+0.753976j,-0.663289+0.679749j,0.189144+0.212381j,3.264043
0.421436+0.753240j,-0.663648+0.679401j,0.189448+0.212254j,3.265555
0.422557+0.752502j,-0.664006+0.679051j,0.189753+0.212126j,3.267068
0.423676+0.751762j,-0.664363+0.678701j,0.190058+0.211998j,3.268582
0.424795+0.751021j,-0.664720+0.678350j,0.190363+0.211869j,3.270096
0.425911+0.750278j,-0.665075+0.677998j,0.190668+0.211739j,3.271611
0.427027+0.749533j,-0.665430+0.677645j,0.190974+0.211610j,3.273127
0.428141+0.748787j,-0.665783+0.677291j,0.191279+0.211480j,3.274644
0.429254+0.748039j,-0.666136+0.676936j,0.191584+0.211349j,3.276161
0.430366+0.747290j,-0.666488+0.676580j,0.191889+0.211218j,3.277679
0.431476+0.746538j,-0.666839+0.676224j,0.192195+0.211087j,3.279198
0.432585+0.745786j,-0.667189+0.675866j,0.192500+0.210955j,3.280717
0.433693+0.745031j,-0.667538+0.675508j,0.192806+0.210823j,3.282238
0.434800+0.744275j,-0.667886+0.675148j,0.193111+0.210690j,3.283759
0.435905+0.743517j,-0.668233+0.674788j,0.193417+0.210557j,3.285280
0.437009+0.742758j,-0.668579+0.674427j,0.193723+0.210424j,3.286803
0.438112+0.741997j,-0.668925+0.674065j,0.194028+0.210290j,3.288326
0.439213+0.741235j,-0.669269+0.673702j,0.194334+0.210156j,3.289850
0.440313+0.740470j,-0.669613+0.673339j,0.194640+0.210021j,3.291375
0.441412+0.739705j,-0.669955+0.672974j,0.194946+0.209886j,3.292900
0.442509+0.738937j,-0.670297+0.672609j,0.195252+0.209750j,3.294426
0.443605+0.738168j,-0.670638+0.672242j,0.195558+0.209614j,3.295953
0.444700+0.737397j,-0.670977+0.671875j,0.195864+0.209478j,3.297480
0.445793+0.736625j,-0.671316+0.671507j,0.196170+0.209341j,3.299009
0.446885+0.735851j,-0.671654+0.671138j,0.196476+0.209203j,3.300537
0.447976+0.735076j,-0.671991+0.670768j,0.196783+0.209066j,3.302067
0.449066+0.734299j,-0.672328+0.670398j,0.197089+0.208928j,3.303598
0.450154+0.733520j,-0.672663+0.670026j,0.197395+0.208789j,3.305129
0.451241+0.732740j,-0.672997+0.669654j,0.197702+0.208650j,3.306660
0.452326+0.731958j,-0.673330+0.669281j,0.198008+0.208511j,3.308193
0.453410+0.731174j,-0.673663+0.668907j,0.198314+0.208371j,3.309726
0.454493+0.730389j,-0.673995+0.668532j,0.198621+0.208230j,3.311260
0.455575+0.729602j,-0.674325+0.668156j,0.198927+0.208090j,3.312795
0.456655+0.728814j,-0.674655+0.667780j,0.199234+0.207948j,3.314330
0.457734+0.728024j,-0.674984+0.667402j,0.199541+0.207807j,3.315866
0.458811+0.727233j,-0.675311+0.667024j,0.199847+0.207665j,3.317403
0.459887+0.726440j,-0.675638+0.666645j,0.200154+0.207522j,3.318940
0.460962+0.725645j,-0.675964+0.666265j,0.200461+0.207379j,3.320478
0.462035+0.724849j,-0.676289+0.665885j,0.200768+0.207236j,3.322017
0.463108+0.724051j,-0.676614+0.665503j,0.201074+0.207092j,3.323556
0.464178+0.723252j,-0.676937+0.665121j,0.201381+0.206948j,3.325097
0.465248+0.722451j,-0.677259+0.664738j,0.201688+0.206804j,3.326638
0.466316+0.721649j,-0.677581+0.664354j,0.201995+0.206658j,3.328179
0.467382+0.720845j,-0.677901+0.663969j,0.202302+0.206513j,3.329722
0.468447+0.720039j,-0.678221+0.663583j,0.202609+0.206367j,3.331265
0.469511+0.719232j,-0.678539+0.663197j,0.202916+0.206221j,3.332808
0.470574+0.718423j,-0.678857+0.662810j,0.203223+0.206074j,3.334353
0.471635+0.717613j,-0.679174+0.662422j,0.203530+0.205926j,3.335898
0.472695+0.716801j,-0.679490+0.662033j,0.203838+0.205779j,3.337443
0.473753+0.715988j,-0.679805+0.661643j,0.204145+0.205631j,3.338990
0.474810+0.715173j,-0.680119+0.661253j,0.204452+0.205482j,3.340537
0.475866+0.714356j,-0.680432+0.660862j,0.204759+0.205333j,3.342085
0.476920+0.713538j,-0.680744+0.660470j,0.205066+0.205184j,3.343633
0.477973+0.712719j,-0.681055+0.660077j,0.205374+0.205034j,3.345182
0.479024+0.711898j,-0.681366+0.659683j,0.205681+0.204883j,3.346732
0.480074+0.711075j,-0.681675+0.659289j,0.205988+0.204733j,3.348283
0.481123+0.710251j,-0.681983+0.658894j,0.206296+0.204581j,3.349834
0.482170+0.709425j,-0.682291+0.658498j,0.206603+0.204430j,3.351386
0.483216+0.708598j,-0.682598+0.658101j,0.206911+0.204278j,3.352939
0.484261+0.707769j,-0.682903+0.657704j,0.207218+0.204125j,3.354492
0.485304+0.706939j,-0.683208+0.657305j,0.207525+0.203972j,3.356046
0.486345+0.706107j,-0.683512+0.656906j,0.207833+0.203819j,3.357600
0.487386+0.705274j,-0.683815+0.656506j,0.208140+0.203665j,3.359156
0.488425+0.704439j,-0.684117+0.656106j,0.208448+0.203510j,3.360712
0.489462+0.703602j,-0.684418+0.655705j,0.208756+0.203356j,3.362268
0.490498+0.702764j,-0.684718+0.655302j,0.209063+0.203200j,3.363826
0.491533+0.701925j,-0.685018+0.654900j,0.209371+0.203045j,3.365383
0.492566+0.701084j,-0.685316+0.654496j,0.209678+0.202889j,3.366942
0.493598+0.700242j,-0.685613+0.654091j,0.209986+0.202732j,3.368501
0.494628+0.699398j,-0.685910+0.653686j,0.210293+0.202575j,3.370061
0.495657+0.698552j,-0.686205+0.653280j,0.210601+0.202418j,3.371622
0.496684+0.697705j,-0.686500+0.652874j,0.210909+0.202260j,3.373183
0.497711+0.696857j,-0.686794+0.652466j,0.211216+0.202101j,3.374745
0.498735+0.696007j,-0.687087+0.652058j,0.211524+0.201943j,3.376308
0.499758+0.695156j,-0.687379+0.651649j,0.211832+0.201783j,3.377871
0.500780+0.694303j,-0.687670+0.651240j,0.212140+0.201624j,3.379435
0.501801+0.693448j,-0.687960+0.650829j,0.212447+0.201464j,3.381000
0.502819+0.692592j,-0.688249+0.650418j,0.212755+0.201303j,3.382565
0.503837+0.691735j,-0.688537+0.650006j,0.213063+0.201142j,3.384131
0.504853+0.690876j,-0.688824+0.649594j,0.213370+0.200980j,3.385697
0.505868+0.690016j,-0.689111+0.649181j,0.213678+0.200819j,3.387264
0.506881+0.689154j,-0.689396+0.648766j,0.213986+0.200656j,3.388832
0.507892+0.688291j,-0.689681+0.648352j,0.214294+0.200493j,3.390401
0.508903+0.687426j,-0.689964+0.647936j,0.214601+0.200330j,3.391970
0.509911+0.686560j,-0.690247+0.647520j,0.214909+0.200166j,3.393540
0.510919+0.685692j,-0.690529+0.647103j,0.215217+0.200002j,3.395110
0.511924+0.684823j,-0.690810+0.646685j,0.215525+0.199837j,3.396681
0.512929+0.683952j,-0.691090+0.646267j,0.215832+0.199672j,3.398253
0.513932+0.683080j,-0.691369+0.645848j,0.216140+0.199507j,3.399825
0.514933+0.682207j,-0.691647+0.645428j,0.216448+0.199341j,3.401399
0.515933+0.681332j,-0.691924+0.645008j,0.216756+0.199174j,3.402972
0.516932+0.680455j,-0.692200+0.644587j,0.217063+0.199007j,3.404547
0.517929+0.679577j,-0.692476+0.644165j,0.217371+0.198840j,3.406121
0.518924+0.678698j,-0.692750+0.643742j,0.217679+0.198672j,3.407697
0.519919+0.677817j,-0.693024+0.643319j,0.217987+0.198504j,3.409273
0.520911+0.676935j,-0.693296+0.642895j,0.218294+0.198335j,3.410850
0.521902+0.676051j,-0.693568+0.642470j,0.218602+0.198166j,3.412428
0.522892+0.675166j,-0.693839+0.642045j,0.218910+0.197996j,3.414006
0.523880+0.674280j,-0.694109+0.641619j,0.219217+0.197826j,3.415585
0.524867+0.673392j,-0.694378+0.641192j,0.219525+0.197656j,3.417164
0.525852+0.672502j,-0.694646+0.640764j,0.219833+0.197485j,3.418744
0.526836+0.671612j,-0.694913+0.640336j,0.220140+0.197313j,3.420325
0.527818+0.670719j,-0.695179+0.639907j,0.220448+0.197141j,3.421906
0.528799+0.669826j,-0.695444+0.639478j,0.220756+0.196969j,3.423488
0.529778+0.668931j,-0.695708+0.639048j,0.221063+0.196796j,3.425071
0.530756+0.668034j,-0.695972+0.638617j,0.221371+0.196623j,3.426654
0.531732+0.667136j,-0.696234+0.638185j,0.221678+0.196449j,3.428237
0.532707+0.666237j,-0.696496+0.637753j,0.221986+0.196275j,3.429822
0.533680+0.665336j,-0.696757+0.637320j,0.222294+0.196100j,3.431407
0.534652+0.664434j,-0.697017+0.636887j,0.222601+0.195925j,3.432993
0.535622+0.663530j,-0.697275+0.636452j,0.222909+0.195749j,3.434579
0.536591+0.662625j,-0.697533+0.636017j,0.223216+0.195573j,3.436166
0.537558+0.661719j,-0.697790+0.635582j,0.223524+0.195397j,3.437753
0.538524+0.660811j,-0.698047+0.635146j,0.223831+0.195220j,3.439342
0.539488+0.659902j,-0.698302+0.634709j,0.224138+0.195043j,3.440930
0.540451+0.658991j,-0.698556+0.634271j,0.224446+0.194865j,3.442520
0.541412+0.658080j,-0.698810+0.633833j,0.224753+0.194686j,3.444110
0.542371+0.657166j,-0.699062+0.633394j,0.225060+0.194507j,3.445700
0.543329+0.656251j,-0.699314+0.632955j,0.225368+0.194328j,3.447291
0.544286+0.655335j,-0.699564+0.632515j,0.225675+0.194148j,3.448883
0.545241+0.654418j,-0.699814+0.632074j,0.225982+0.193968j,3.450476
0.546195+0.653499j,-0.700063+0.631632j,0.226290+0.193788j,3.452069
0.547147+0.652579j,-0.700311+0.631190j,0.226597+0.193606j,3.453662
0.548097+0.651657j,-0.700558+0.630748j,0.226904+0.193425j,3.455257
0.549046+0.650734j,-0.700804+0.630304j,0.227211+0.193243j,3.456852
0.549993+0.649810j,-0.701049+0.629860j,0.227518+0.193060j,3.458447
0.550939+0.648884j,-0.701293+0.629416j,0.227825+0.192877j,3.460043
0.551883+0.647957j,-0.701537+0.628971j,0.228132+0.192694j,3.461640
0.552826+0.647029j,-0.701779+0.628525j,0.228439+0.192510j,3.463237
0.553767+0.646099j,-0.702021+0.628078j,0.228746+0.192326j,3.464835
0.554707+0.645168j,-0.702262+0.627631j,0.229053+0.192141j,3.466433
0.555645+0.644235j,-0.702501+0.627183j,0.229360+0.191956j,3.468032
0.556582+0.643301j,-0.702740+0.626735j,0.229667+0.191770j,3.469632
0.557517+0.642366j,-0.702978+0.626286j,0.229974+0.191584j,3.471232
0.558450+0.641430j,-0.703215+0.625836j,0.230280+0.191397j,3.472833
0.559382+0.640492j,-0.703451+0.625386j,0.230587+0.191210j,3.474435
0.560312+0.639552j,-0.703686+0.624935j,0.230894+0.191022j,3.476037
0.561241+0.638612j,-0.703921+0.624484j,0.231200+0.190834j,3.477639
0.562168+0.637670j,-0.704154+0.624032j,0.231507+0.190645j,3.479243
0.563094+0.636727j,-0.704387+0.623579j,0.231813+0.190456j,3.480846
0.564018+0.635782j,-0.704618+0.623126j,0.232120+0.190267j,3.482451
0.564941+0.634836j,-0.704849+0.622672j,0.232426+0.190077j,3.484056
0.565862+0.633889j,-0.705079+0.622217j,0.232733+0.189887j,3.485661
0.566781+0.632941j,-0.705308+0.621762j,0.233039+0.189696j,3.487267
0.567699+0.631991j,-0.705536+0.621307j,0.233345+0.189504j,3.488874
0.568615+0.631040j,-0.705763+0.620850j,0.233652+0.189313j,3.490481
0.569530+0.630087j,-0.705989+0.620393j,0.233958+0.189120j,3.492089
0.570443+0.629133j,-0.706214+0.619936j,0.234264+0.188928j,3.493698
0.571354+0.628178j,-0.706438+0.619478j,0.234570+0.188734j,3.495307
0.572264+0.627222j,-0.706662+0.619019j,0.234876+0.188541j,3.496916
0.573172+0.626264j,-0.706884+0.618560j,0.235182+0.188347j,3.498527
0.574079+0.625305j,-0.707106+0.618100j,0.235488+0.188152j,3.500137
0.574984+0.624345j,-0.707327+0.617640j,0.235794+0.187957j,3.501749
0.575888+0.623383j,-0.707547+0.617179j,0.236099+0.187761j,3.503361
0.576790+0.622420j,-0.707766+0.616717j,0.236405+0.187565j,3.504973
0.577690+0.621456j,-0.707984+0.616255j,0.236711+0.187369j,3.506586
0.578589+0.620491j,-0.708201+0.615792j,0.237016+0.187172j,3.508200
0.579486+0.619524j,-0.708417+0.615329j,0.237322+0.186975j,3.509814
0.580382+0.618556j,-0.708632+0.614865j,0.237627+0.186777j,3.511429
0.581276+0.617586j,-0.708847+0.614401j,0.237933+0.186578j,3.513044
0.582168+0.616616j,-0.709060+0.613936j,0.238238+0.186380j,3.514660
0.583059+0.615644j,-0.709273+0.613470j,0.238543+0.186180j,3.516277
0.583948+0.614671j,-0.709485+0.613004j,0.238849+0.185980j,3.517894
0.584835+0.613696j,-0.709696+0.612537j,0.239154+0.185780j,3.519511
0.585721+0.612721j,-0.709906+0.612070j,0.239459+0.185580j,3.521129
0.586606+0.611744j,-0.710115+0.611602j,0.239764+0.185378j,3.522748
0.587488+0.610766j,-0.710323+0.611134j,0.240069+0.185177j,3.524367
0.588369+0.609786j,-0.710530+0.610665j,0.240374+0.184975j,3.525987
0.589249+0.608805j,-0.710737+0.610195j,0.240678+0.184772j,3.527608
0.590127+0.607823j,-0.710942+0.609725j,0.240983+0.184569j,3.529228
0.591003+0.606840j,-0.711147+0.609255j,0.241288+0.184366j,3.530850
0.591878+0.605856j,-0.711350+0.608784j,0.241592+0.184162j,3.532472
0.592751+0.604870j,-0.711553+0.608312j,0.241897+0.183957j,3.534095
0.593622+0.603883j,-0.711755+0.607840j,0.242201+0.183752j,3.535718
0.594492+0.602895j,-0.711956+0.607367j,0.242505+0.183547j,3.537341
0.595360+0.601905j,-0.712156+0.606894j,0.242810+0.183341j,3.538966
0.596226+0.600915j,-0.712355+0.606420j,0.243114+0.183135j,3.540590
0.597091+0.599923j,-0.712554+0.605946j,0.243418+0.182928j,3.542216
0.597954+0.598930j,-0.712751+0.605471j,0.243722+0.182721j,3.543842
0.598816+0.597935j,-0.712948+0.604995j,0.244026+0.182513j,3.545468
0.599676+0.596940j,-0.713143+0.604519j,0.244330+0.182305j,3.547095
0.600534+0.595943j,-0.713338+0.604043j,0.244633+0.182096j,3.548723
0.601391+0.594945j,-0.713532+0.603566j,0.244937+0.181887j,3.550351
0.602246+0.593946j,-0.713725+0.603088j,0.245241+0.181677j,3.551979
0.603099+0.592945j,-0.713917+0.602610j,0.245544+0.181467j,3.553608
0.603951+0.591943j,-0.714108+0.602131j,0.245847+0.181257j,3.555238
0.604801+0.590941j,-0.714298+0.601652j,0.246151+0.181046j,3.556868
0.605649+0.589936j,-0.714488+0.601173j,0.246454+0.180834j,3.558499
0.606496+0.588931j,-0.714676+0.600692j,0.246757+0.180622j,3.560130
0.607341+0.587925j,-0.714864+0.600212j,0.247060+0.180410j,3.561762
0.608184+0.586917j,-0.715051+0.599731j,0.247363+0.180197j,3.563394
0.609026+0.585908j,-0.715236+0.599249j,0.247666+0.179984j,3.565027
0.609866+0.584898j,-0.715421+0.598767j,0.247969+0.179770j,3.566660
0.610705+0.583887j,-0.715605+0.598284j,0.248271+0.179556j,3.568294
0.611542+0.582874j,-0.715789+0.597801j,0.248574+0.179341j,3.569929
0.612377+0.581861j,-0.715971+0.597317j,0.248876+0.179125j,3.571564
0.613210+0.580846j,-0.716152+0.596833j,0.249178+0.178910j,3.573199
0.614042+0.579830j,-0.716333+0.596348j,0.249481+0.178694j,3.574835
0.614872+0.578813j,-0.716512+0.595863j,0.249783+0.178477j,3.576472
0.615701+0.577794j,-0.716691+0.595377j,0.250085+0.178260j,3.578109
0.616527+0.576775j,-0.716869+0.594891j,0.250387+0.178042j,3.579746
0.617353+0.575754j,-0.717046+0.594404j,0.250689+0.177824j,3.581385
0.618176+0.574732j,-0.717222+0.593917j,0.250990+0.177606j,3.583023
0.618998+0.573709j,-0.717397+0.593429j,0.251292+0.177387j,3.584662
0.619818+0.572685j,-0.717572+0.592941j,0.251593+0.177167j,3.586302
0.620636+0.571660j,-0.717745+0.592452j,0.251895+0.176947j,3.587942
0.621453+0.570633j,-0.717918+0.591963j,0.252196+0.176727j,3.589583
0.622268+0.569606j,-0.718089+0.591473j,0.252497+0.176506j,3.591224
0.623081+0.568577j,-0.718260+0.590983j,0.252798+0.176285j,3.592866
0.623893+0.567547j,-0.718430+0.590493j,0.253099+0.176063j,3.594508
0.624703+0.566516j,-0.718599+0.590001j,0.253400+0.175841j,3.596150
0.625511+0.565484j,-0.718767+0.589510j,0.253701+0.175618j,3.597794
0.626318+0.564450j,-0.718935+0.589018j,0.254001+0.175395j,3.599437
0.627123+0.563416j,-0.719101+0.588525j,0.254302+0.175171j,3.601082
0.627926+0.562380j,-0.719267+0.588032j,0.254602+0.174947j,3.602726
0.628728+0.561344j,-0.719431+0.587539j,0.254903+0.174722j,3.604372
0.629527+0.560306j,-0.719595+0.587045j,0.255203+0.174497j,3.606017
0.630326+0.559267j,-0.719758+0.586550j,0.255503+0.174271j,3.607664
0.631122+0.558227j,-0.719920+0.586056j,0.255803+0.174045j,3.609310
0.631917+0.557185j,-0.720081+0.585560j,0.256102+0.173819j,3.610957
0.632710+0.556143j,-0.720241+0.585064j,0.256402+0.173592j,3.612605
0.633501+0.555100j,-0.720400+0.584568j,0.256702+0.173364j,3.614253
0.634291+0.554055j,-0.720559+0.584071j,0.257001+0.173137j,3.615902
0.635079+0.553009j,-0.720717+0.583574j,0.257300+0.172908j,3.617551
0.635865+0.551963j,-0.720873+0.583077j,0.257599+0.172679j,3.619201
0.636649+0.550915j,-0.721029+0.582579j,0.257898+0.172450j,3.620851
0.637432+0.549866j,-0.721184+0.582080j,0.258197+0.172220j,3.622502
0.638213+0.548816j,-0.721338+0.581581j,0.258496+0.171990j,3.624153
0.638992+0.547764j,-0.721491+0.581082j,0.258795+0.171759j,3.625805
0.639770+0.546712j,-0.721644+0.580582j,0.259093+0.171528j,3.627457
0.640546+0.545659j,-0.721795+0.580081j,0.259392+0.171296j,3.629109
0.641320+0.544604j,-0.721946+0.579581j,0.259690+0.171064j,3.630763
0.642093+0.543549j,-0.722096+0.579079j,0.259988+0.170832j,3.632416
0.642863+0.542492j,-0.722244+0.578578j,0.260286+0.170599j,3.634070
0.643632+0.541435j,-0.722392+0.578076j,0.260584+0.170365j,3.635725
0.644400+0.540376j,-0.722540+0.577573j,0.260881+0.170131j,3.637380
0.645165+0.539316j,-0.722686+0.577070j,0.261179+0.169897j,3.639035
0.645929+0.538255j,-0.722831+0.576567j,0.261476+0.169662j,3.640691
0.646691+0.537193j,-0.722976+0.576063j,0.261774+0.169427j,3.642348
0.647452+0.536130j,-0.723119+0.575559j,0.262071+0.169191j,3.644005
0.648210+0.535066j,-0.723262+0.575054j,0.262368+0.168954j,3.645662
0.648967+0.534001j,-0.723404+0.574549j,0.262665+0.168718j,3.647320
0.649722+0.532935j,-0.723545+0.574043j,0.262961+0.168480j,3.648978
0.650476+0.531868j,-0.723685+0.573538j,0.263258+0.168243j,3.650637
0.651227+0.530799j,-0.723824+0.573031j,0.263554+0.168004j,3.652296
0.651977+0.529730j,-0.723963+0.572524j,0.263851+0.167766j,3.653956
0.652725+0.528660j,-0.724100+0.572017j,0.264147+0.167527j,3.655616
0.653472+0.527588j,-0.724237+0.571510j,0.264443+0.167287j,3.657277
0.654217+0.526516j,-0.724373+0.571001j,0.264739+0.167047j,3.658938
0.654960+0.525442j,-0.724508+0.570493j,0.265034+0.166807j,3.660600
0.655701+0.524368j,-0.724642+0.569984j,0.265330+0.166566j,3.662262
0.656440+0.523292j,-0.724775+0.569475j,0.265625+0.166324j,3.663924
0.657178+0.522216j,-0.724907+0.568965j,0.265920+0.166082j,3.665587
0.657914+0.521138j,-0.725039+0.568455j,0.266215+0.165840j,3.667251
0.658648+0.520060j,-0.725169+0.567945j,0.266510+0.165597j,3.668915
0.659381+0.518980j,-0.725299+0.567434j,0.266805+0.165354j,3.670579
0.660111+0.517899j,-0.725428+0.566922j,0.267100+0.165110j,3.672244
0.660840+0.516818j,-0.725556+0.566411j,0.267394+0.164866j,3.673909
0.661567+0.515735j,-0.725683+0.565898j,0.267688+0.164621j,3.675575
0.662293+0.514651j,-0.725809+0.565386j,0.267982+0.164376j,3.677241
0.663017+0.513567j,-0.725935+0.564873j,0.268276+0.164131j,3.678908
0.663738+0.512481j,-0.726059+0.564360j,0.268570+0.163885j,3.680575
0.664459+0.511394j,-0.726183+0.563846j,0.268864+0.163638j,3.682242
0.665177+0.510307j,-0.726306+0.563332j,0.269157+0.163391j,3.683910
0.665894+0.509218j,-0.726428+0.562817j,0.269451+0.163144j,3.685579
0.666608+0.508128j,-0.726549+0.562303j,0.269744+0.162896j,3.687248
0.667321+0.507038j,-0.726669+0.561787j,0.270037+0.162647j,3.688917
0.668033+0.505946j,-0.726788+0.561272j,0.270330+0.162399j,3.690587
0.668742+0.504853j,-0.726907+0.560756j,0.270622+0.162149j,3.692257
0.669450+0.503760j,-0.727024+0.560239j,0.270915+0.161900j,3.693927
0.670156+0.502665j,-0.727141+0.559722j,0.271207+0.161649j,3.695598
0.670860+0.501570j,-0.727257+0.559205j,0.271499+0.161399j,3.697270
0.671563+0.500473j,-0.727372+0.558688j,0.271791+0.161148j,3.698942
0.672263+0.499376j,-0.727486+0.558170j,0.272083+0.160896j,3.700614
0.672962+0.498277j,-0.727600+0.557651j,0.272374+0.160644j,3.702287
0.673659+0.497178j,-0.727712+0.557133j,0.272666+0.160392j,3.703960
0.674355+0.496078j,-0.727824+0.556614j,0.272957+0.160139j,3.705634
0.675048+0.494976j,-0.727935+0.556094j,0.273248+0.159885j,3.707308
0.675740+0.493874j,-0.728045+0.555574j,0.273539+0.159631j,3.708982
0.676430+0.492771j,-0.728154+0.555054j,0.273830+0.159377j,3.710657
0.677118+0.491667j,-0.728262+0.554534j,0.274120+0.159122j,3.712333
0.677804+0.490562j,-0.728369+0.554013j,0.274411+0.158867j,3.714008
0.678489+0.489456j,-0.728476+0.553492j,0.274701+0.158611j,3.715685
0.679172+0.488349j,-0.728581+0.552970j,0.274991+0.158355j,3.717361
0.679853+0.487241j,-0.728686+0.552448j,0.275281+0.158099j,3.719038
0.680532+0.486132j,-0.728790+0.551926j,0.275570+0.157842j,3.720716
0.681209+0.485022j,-0.728893+0.551403j,0.275860+0.157584j,3.722394
0.681885+0.483912j,-0.728995+0.550880j,0.276149+0.157326j,3.724072
0.682559+0.482800j,-0.729097+0.550357j,0.276438+0.157068j,3.725751
0.683231+0.481688j,-0.729197+0.549833j,0.276727+0.156809j,3.727430
0.683901+0.480574j,-0.729297+0.549309j,0.277016+0.156550j,3.729109
0.684569+0.479460j,-0.729395+0.548784j,0.277304+0.156290j,3.730789
0.685236+0.478345j,-0.729493+0.548260j,0.277593+0.156030j,3.732470
0.685901+0.477228j,-0.729590+0.547735j,0.277881+0.155769j,3.734150
0.686564+0.476111j,-0.729687+0.547209j,0.278169+0.155508j,3.735831
0.687225+0.474993j,-0.729782+0.546683j,0.278457+0.155246j,3.737513
0.687884+0.473874j,-0.729877+0.546157j,0.278744+0.154984j,3.739195
0.688542+0.472755j,-0.729970+0.545631j,0.279031+0.154722j,3.740877
0.689197+0.471634j,-0.730063+0.545104j,0.279319+0.154459j,3.742560
0.689851+0.470512j,-0.730155+0.544577j,0.279606+0.154195j,3.744243
0.690503+0.469390j,-0.730246+0.544049j,0.279892+0.153931j,3.745927
0.691154+0.468267j,-0.730336+0.543521j,0.280179+0.153667j,3.747611
0.691802+0.467142j,-0.730426+0.542993j,0.280465+0.153402j,3.749295
0.692449+0.466017j,-0.730514+0.542465j,0.280752+0.153137j,3.750980
0.693094+0.464891j,-0.730602+0.541936j,0.281037+0.152872j,3.752665
0.693737+0.463765j,-0.730689+0.541407j,0.281323+0.152606j,3.754351
0.694378+0.462637j,-0.730775+0.540877j,0.281609+0.152339j,3.756037
0.695018+0.461508j,-0.730860+0.540347j,0.281894+0.152072j,3.757723
0.695655+0.460379j,-0.730944+0.539817j,0.282179+0.151805j,3.759410
0.696291+0.459248j,-0.731028+0.539287j,0.282464+0.151537j,3.761097
0.696925+0.458117j,-0.731110+0.538756j,0.282749+0.151268j,3.762785
0.697557+0.456985j,-0.731192+0.538225j,0.283034+0.151000j,3.764473
0.698187+0.455852j,-0.731273+0.537693j,0.283318+0.150731j,3.766161
0.698816+0.454719j,-0.731353+0.537162j,0.283602+0.150461j,3.767849
0.699442+0.453584j,-0.731432+0.536630j,0.283886+0.150191j,3.769539
0.700067+0.452449j,-0.731511+0.536097j,0.284170+0.149920j,3.771228
0.700690+0.451312j,-0.731588+0.535565j,0.284453+0.149649j,3.772918
0.701311+0.450175j,-0.731665+0.535032j,0.284736+0.149378j,3.774608
0.701931+0.449037j,-0.731741+0.534498j,0.285020+0.149106j,3.776299
0.702548+0.447899j,-0.731816+0.533965j,0.285302+0.148834j,3.777990
0.703164+0.446759j,-0.731890+0.533431j,0.285585+0.148561j,3.779681
0.703778+0.445619j,-0.731963+0.532897j,0.285867+0.148288j,3.781373
0.704389+0.444477j,-0.732036+0.532362j,0.286150+0.148014j,3.783065
0.705000+0.443335j,-0.732107+0.531827j,0.286432+0.147740j,3.784757
0.705608+0.442192j,-0.732178+0.531292j,0.286713+0.147465j,3.786450
0.706214+0.441049j,-0.732248+0.530757j,0.286995+0.147191j,3.788143
0.706819+0.439904j,-0.732317+0.530221j,0.287276+0.146915j,3.789837
0.707422+0.438759j,-0.732385+0.529685j,0.287557+0.146639j,3.791531
0.708023+0.437613j,-0.732453+0.529149j,0.287838+0.146363j,3.793225
0.708622+0.436466j,-0.732519+0.528612j,0.288119+0.146086j,3.794920
0.709219+0.435318j,-0.732585+0.528076j,0.288399+0.145809j,3.796615
0.709814+0.434170j,-0.732650+0.527538j,0.288680+0.145532j,3.798310
0.710408+0.433020j,-0.732714+0.527001j,0.288960+0.145254j,3.800006
0.711000+0.431870j,-0.732777+0.526463j,0.289239+0.144975j,3.801702
0.711589+0.430719j,-0.732840+0.525925j,0.289519+0.144696j,3.803398
0.712177+0.429568j,-0.732901+0.525387j,0.289798+0.144417j,3.805095
0.712764+0.428415j,-0.732962+0.524848j,0.290077+0.144137j,3.806792
0.713348+0.427262j,-0.733022+0.524310j,0.290356+0.143857j,3.808490
0.713930+0.426108j,-0.733081+0.523770j,0.290635+0.143576j,3.810188
0.714511+0.424953j,-0.733139+0.523231j,0.290913+0.143295j,3.811886
0.715090+0.423797j,-0.733196+0.522691j,0.291191+0.143014j,3.813584
0.715666+0.422641j,-0.733252+0.522151j,0.291469+0.142732j,3.815283
0.716241+0.421484j,-0.733308+0.521611j,0.291747+0.142449j,3.816983
0.716815+0.420326j,-0.733363+0.521071j,0.292024+0.142167j,3.818682
0.717386+0.419167j,-0.733417+0.520530j,0.292301+0.141883j,3.820382
0.717955+0.418008j,-0.733470+0.519989j,0.292578+0.141600j,3.822082
0.718523+0.416848j,-0.733522+0.519447j,0.292855+0.141316j,3.823783
0.719089+0.415687j,-0.733574+0.518906j,0.293132+0.141031j,3.825484
0.719652+0.414525j,-0.733624+0.518364j,0.293408+0.140746j,3.827185
0.720214+0.413363j,-0.733674+0.517822j,0.293684+0.140461j,3.828887
0.720775+0.412200j,-0.733723+0.517280j,0.293960+0.140175j,3.830589
0.721333+0.411036j,-0.733771+0.516737j,0.294235+0.139889j,3.832291
0.721889+0.409872j,-0.733818+0.516194j,0.294510+0.139602j,3.833994
0.722444+0.408706j,-0.733865+0.515651j,0.294786+0.139315j,3.835697
0.722996+0.407540j,-0.733910+0.515107j,0.295060+0.139027j,3.837400
0.723547+0.406373j,-0.733955+0.514564j,0.295335+0.138739j,3.839104
0.724096+0.405206j,-0.733999+0.514020j,0.295609+0.138451j,3.840808
0.724643+0.404038j,-0.734042+0.513476j,0.295883+0.138162j,3.842512
0.725188+0.402869j,-0.734084+0.512931j,0.296157+0.137873j,3.844217
0.725731+0.401699j,-0.734126+0.512387j,0.296431+0.137583j,3.845922
0.726273+0.400529j,-0.734166+0.511842j,0.296704+0.137293j,3.847627
0.726812+0.399358j,-0.734206+0.511297j,0.296977+0.137003j,3.849333
0.727350+0.398186j,-0.734245+0.510751j,0.297250+0.136712j,3.851039
0.727886+0.397013j,-0.734283+0.510206j,0.297522+0.136421j,3.852745
0.728420+0.395840j,-0.734320+0.509660j,0.297795+0.136129j,3.854451
0.728952+0.394666j,-0.734357+0.509114j,0.298067+0.135837j,3.856158
0.729482+0.393492j,-0.734392+0.508567j,0.298339+0.135544j,3.857865
0.730010+0.392317j,-0.734427+0.508021j,0.298610+0.135251j,3.859573
0.730537+0.391141j,-0.734461+0.507474j,0.298881+0.134958j,3.861281
0.731061+0.389964j,-0.734494+0.506927j,0.299153+0.134664j,3.862989
0.731584+0.388787j,-0.734526+0.506379j,0.299423+0.134370j,3.864697
0.732104+0.387609j,-0.734557+0.505832j,0.299694+0.134075j,3.866406
0.732623+0.386430j,-0.734588+0.505284j,0.299964+0.133780j,3.868115
0.733140+0.385251j,-0.734618+0.504736j,0.300234+0.133484j,3.869825
0.733655+0.384071j,-0.734647+0.504188j,0.300504+0.133188j,3.871534
0.734168+0.382890j,-0.734675+0.503639j,0.300773+0.132892j,3.873244
0.734680+0.381709j,-0.734702+0.503091j,0.301043+0.132595j,3.874954
0.735189+0.380527j,-0.734728+0.502542j,0.301312+0.132298j,3.876665
0.735697+0.379344j,-0.734754+0.501993j,0.301580+0.132001j,3.878376
0.736202+0.378161j,-0.734779+0.501443j,0.301849+0.131703j,3.880087
0.736706+0.376977j,-0.734803+0.500894j,0.302117+0.131404j,3.881799
0.737208+0.375792j,-0.734826+0.500344j,0.302385+0.131105j,3.883510
0.737708+0.374607j,-0.734848+0.499794j,0.302652+0.130806j,3.885222
0.738206+0.373421j,-0.734869+0.499244j,0.302920+0.130507j,3.886935
0.738702+0.372235j,-0.734890+0.498693j,0.303187+0.130207j,3.888647
0.739196+0.371047j,-0.734910+0.498143j,0.303454+0.129906j,3.890360
0.739689+0.369860j,-0.734929+0.497592j,0.303720+0.129605j,3.892073
0.740179+0.368671j,-0.734947+0.497041j,0.303987+0.129304j,3.893787
0.740668+0.367482j,-0.734964+0.496489j,0.304253+0.129002j,3.895501
0.741154+0.366292j,-0.734981+0.495938j,0.304518+0.128700j,3.897215
0.741639+0.365102j,-0.734996+0.495386j,0.304784+0.128398j,3.898929
0.742122+0.363911j,-0.735011+0.494834j,0.305049+0.128095j,3.900644
0.742603+0.362720j,-0.735025+0.494282j,0.305314+0.127792j,3.902359
0.743082+0.361528j,-0.735038+0.493730j,0.305579+0.127488j,3.904074
0.743559+0.360335j,-0.735051+0.493178j,0.305843+0.127184j,3.905789
0.744034+0.359141j,-0.735062+0.492625j,0.306107+0.126879j,3.907505
0.744508+0.357947j,-0.735073+0.492072j,0.306371+0.126574j,3.909221
0.744979+0.356753j,-0.735083+0.491519j,0.306634+0.126269j,3.910938
0.745449+0.355558j,-0.735092+0.490966j,0.306898+0.125963j,3.912654
0.745917+0.354362j,-0.735100+0.490412j,0.307161+0.125657j,3.914371
0.746382+0.353166j,-0.735107+0.489858j,0.307423+0.125351j,3.916088
0.746846+0.351969j,-0.735114+0.489305j,0.307686+0.125044j,3.917805
0.747308+0.350771j,-0.735119+0.488751j,0.307948+0.124737j,3.919523
0.747768+0.349573j,-0.735124+0.488196j,0.308210+0.124429j,3.921241
0.748226+0.348374j,-0.735128+0.487642j,0.308471+0.124121j,3.922959
0.748682+0.347175j,-0.735132+0.487087j,0.308733+0.123812j,3.924678
0.749137+0.345975j,-0.735134+0.486533j,0.308994+0.123503j,3.926396
0.749589+0.344775j,-0.735136+0.485978j,0.309254+0.123194j,3.928115
0.750039+0.343574j,-0.735136+0.485422j,0.309515+0.122885j,3.929835
0.750488+0.342372j,-0.735136+0.484867j,0.309775+0.122574j,3.931554
0.750935+0.341170j,-0.735135+0.484312j,0.310035+0.122264j,3.933274
0.751379+0.339968j,-0.735134+0.483756j,0.310294+0.121953j,3.934994
0.751822+0.338765j,-0.735131+0.483200j,0.310554+0.121642j,3.936714
0.752263+0.337561j,-0.735128+0.482644j,0.310813+0.121330j,3.938434
0.752702+0.336356j,-0.735124+0.482088j,0.311071+0.121018j,3.940155
0.753139+0.335152j,-0.735119+0.481532j,0.311330+0.120706j,3.941876
0.753574+0.333946j,-0.735113+0.480975j,0.311588+0.120393j,3.943597
0.754008+0.332740j,-0.735106+0.480418j,0.311846+0.120080j,3.945319
0.754439+0.331534j,-0.735099+0.479861j,0.312103+0.119766j,3.947041
0.754868+0.330327j,-0.735090+0.479304j,0.312361+0.119452j,3.948763
0.755296+0.329119j,-0.735081+0.478747j,0.312617+0.119138j,3.950485
0.755721+0.327911j,-0.735071+0.478190j,0.312874+0.118823j,3.952207
0.756145+0.326703j,-0.735061+0.477632j,0.313130+0.118508j,3.953930
0.756567+0.325494j,-0.735049+0.477075j,0.313387+0.118193j,3.955653
0.756986+0.324284j,-0.735037+0.476517j,0.313642+0.117877j,3.957376
0.757404+0.323074j,-0.735023+0.475959j,0.313898+0.117561j,3.959100
0.757820+0.321863j,-0.735009+0.475401j,0.314153+0.117244j,3.960823
0.758234+0.320652j,-0.734995+0.474842j,0.314408+0.116927j,3.962547
0.758646+0.319440j,-0.734979+0.474284j,0.314662+0.116610j,3.964271
0.759056+0.318228j,-0.734962+0.473725j,0.314917+0.116292j,3.965995
0.759465+0.317016j,-0.734945+0.473167j,0.315171+0.115974j,3.967720
0.759871+0.315802j,-0.734927+0.472608j,0.315424+0.115655j,3.969445
0.760275+0.314589j,-0.734908+0.472049j,0.315678+0.115336j,3.971170
0.760678+0.313375j,-0.734888+0.471489j,0.315931+0.115017j,3.972895
0.761078+0.312160j,-0.734868+0.470930j,0.316183+0.114697j,3.974620
0.761477+0.310945j,-0.734846+0.470371j,0.316436+0.114377j,3.976346
0.761874+0.309729j,-0.734824+0.469811j,0.316688+0.114057j,3.978072
0.762268+0.308513j,-0.734801+0.469251j,0.316940+0.113736j,3.979798
0.762661+0.307297j,-0.734777+0.468691j,0.317191+0.113415j,3.981524
0.763052+0.306080j,-0.734752+0.468131j,0.317443+0.113093j,3.983251
0.763441+0.304862j,-0.734727+0.467571j,0.317694+0.112771j,3.984978
0.763828+0.303644j,-0.734700+0.467011j,0.317944+0.112449j,3.986705
0.764213+0.302426j,-0.734673+0.466450j,0.318194+0.112126j,3.988432
0.764596+0.301207j,-0.734645+0.465890j,0.318444+0.111803j,3.990159
0.764978+0.299988j,-0.734616+0.465329j,0.318694+0.111480j,3.991887
0.765357+0.298768j,-0.734587+0.464768j,0.318943+0.111156j,3.993615
0.765734+0.297547j,-0.734556+0.464207j,0.319192+0.110832j,3.995343
0.766110+0.296327j,-0.734525+0.463646j,0.319441+0.110508j,3.997071
0.766483+0.295106j,-0.734493+0.463085j,0.319690+0.110183j,3.998799
0.766855+0.293884j,-0.734460+0.462523j,0.319938+0.109858j,4.000528
0.767224+0.292662j,-0.734426+0.461962j,0.320186+0.109532j,4.002257
0.767592+0.291440j,-0.734392+0.461400j,0.320433+0.109206j,4.003986
0.767958+0.290217j,-0.734356+0.460839j,0.320680+0.108880j,4.005715
0.768322+0.288993j,-0.734320+0.460277j,0.320927+0.108553j,4.007444
0.768683+0.287770j,-0.734283+0.459715j,0.321174+0.108226j,4.009174
0.769043+0.286545j,-0.734246+0.459153j,0.321420+0.107899j,4.010904
0.769401+0.285321j,-0.734207+0.458591j,0.321666+0.107571j,4.012634
0.769757+0.284096j,-0.734167+0.458028j,0.321911+0.107243j,4.014364
0.770112+0.282870j,-0.734127+0.457466j,0.322156+0.106915j,4.016094
0.770464+0.281645j,-0.734086+0.456903j,0.322401+0.106586j,4.017825
0.770814+0.280418j,-0.734044+0.456341j,0.322646+0.106257j,4.019556
0.771162+0.279192j,-0.734002+0.455778j,0.322890+0.105927j,4.021287
0.771509+0.277965j,-0.733958+0.455215j,0.323134+0.105597j,4.023018
0.771853+0.276737j,-0.733914+0.454652j,0.323378+0.105267j,4.024749
0.772196+0.275509j,-0.733869+0.454089j,0.323621+0.104936j,4.026480
0.772536+0.274281j,-0.733823+0.453526j,0.323864+0.104605j,4.028212
0.772875+0.273052j,-0.733776+0.452963j,0.324107+0.104274j,4.029944
0.773211+0.271823j,-0.733728+0.452399j,0.324349+0.103943j,4.031676
0.773546+0.270594j,-0.733680+0.451836j,0.324591+0.103611j,4.033408
0.773879+0.269364j,-0.733631+0.451272j,0.324833+0.103278j,4.035140
0.774210+0.268134j,-0.733581+0.450709j,0.325074+0.102946j,4.036873
0.774538+0.266904j,-0.733530+0.450145j,0.325315+0.102613j,4.038605
0.774865+0.265673j,-0.733478+0.449581j,0.325556+0.102279j,4.040338
0.775190+0.264441j,-0.733426+0.449017j,0.325796+0.101945j,4.042071
0.775513+0.263210j,-0.733372+0.448453j,0.326036+0.101611j,4.043804
0.775834+0.261978j,-0.733318+0.447889j,0.326276+0.101277j,4.045538
0.776154+0.260745j,-0.733263+0.447325j,0.326516+0.100942j,4.047271
0.776471+0.259513j,-0.733207+0.446761j,0.326755+0.100607j,4.049005
0.776786+0.258280j,-0.733151+0.446196j,0.326993+0.100272j,4.050739
0.777099+0.257046j,-0.733094+0.445632j,0.327232+0.099936j,4.052473
0.777411+0.255812j,-0.733035+0.445068j,0.327470+0.099600j,4.054207
0.777720+0.254578j,-0.732976+0.444503j,0.327708+0.099263j,4.055941
0.778028+0.253344j,-0.732917+0.443938j,0.327945+0.098927j,4.057676
0.778333+0.252109j,-0.732856+0.443374j,0.328182+0.098589j,4.059410
0.778637+0.250874j,-0.732794+0.442809j,0.328419+0.098252j,4.061145
0.778938+0.249638j,-0.732732+0.442244j,0.328655+0.097914j,4.062880
0.779238+0.248403j,-0.732669+0.441679j,0.328891+0.097576j,4.064615
0.779536+0.247166j,-0.732605+0.441114j,0.329127+0.097238j,4.066350
0.779831+0.245930j,-0.732540+0.440549j,0.329362+0.096899j,4.068085
0.780125+0.244693j,-0.732475+0.439984j,0.329597+0.096560j,4.069821
0.780417+0.243456j,-0.732409+0.439418j,0.329832+0.096220j,4.071556
0.780707+0.242219j,-0.732342+0.438853j,0.330066+0.095880j,4.073292
0.780995+0.240981j,-0.732274+0.438288j,0.330300+0.095540j,4.075028
0.781281+0.239743j,-0.732205+0.437722j,0.330534+0.095200j,4.076764
0.781565+0.238505j,-0.732135+0.437157j,0.330768+0.094859j,4.078500
0.781847+0.237266j,-0.732065+0.436591j,0.331001+0.094518j,4.080236
0.782127+0.236027j,-0.731994+0.436025j,0.331233+0.094177j,4.081973
0.782405+0.234788j,-0.731922+0.435460j,0.331466+0.093835j,4.083709
0.782682+0.233549j,-0.731849+0.434894j,0.331698+0.093493j,4.085446
0.782956+0.232309j,-0.731775+0.434328j,0.331929+0.093150j,4.087183
0.783228+0.231069j,-0.731701+0.433762j,0.332160+0.092808j,4.088920
0.783499+0.229828j,-0.731625+0.433197j,0.332391+0.092465j,4.090657
0.783767+0.228588j,-0.731549+0.432631j,0.332622+0.092121j,4.092394
0.784034+0.227347j,-0.731472+0.432065j,0.332852+0.091778j,4.094131
0.784298+0.226106j,-0.731395+0.431499j,0.333082+0.091434j,4.095869
0.784561+0.224864j,-0.731316+0.430932j,0.333312+0.091089j,4.097606
0.784821+0.223622j,-0.731237+0.430366j,0.333541+0.090745j,4.099344
0.785080+0.222380j,-0.731157+0.429800j,0.333770+0.090400j,4.101082
0.785337+0.221138j,-0.731076+0.429234j,0.333998+0.090054j,4.102820
0.785591+0.219896j,-0.730994+0.428668j,0.334227+0.089709j,4.104558
0.785844+0.218653j,-0.730911+0.428101j,0.334454+0.089363j,4.106296
0.786095+0.217410j,-0.730828+0.427535j,0.334682+0.089017j,4.108034
0.786344+0.216166j,-0.730744+0.426969j,0.334909+0.088670j,4.109772
0.786591+0.214923j,-0.730659+0.426402j,0.335136+0.088323j,4.111511
0.786836+0.213679j,-0.730573+0.425836j,0.335362+0.087976j,4.113249
0.787079+0.212435j,-0.730486+0.425269j,0.335588+0.087629j,4.114988
0.787320+0.211191j,-0.730399+0.424703j,0.335814+0.087281j,4.116727
0.787559+0.209946j,-0.730311+0.424136j,0.336039+0.086933j,4.118465
0.787796+0.208702j,-0.730222+0.423570j,0.336264+0.086584j,4.120204
0.788031+0.207457j,-0.730132+0.423003j,0.336489+0.086236j,4.121943
0.788264+0.206212j,-0.730041+0.422436j,0.336713+0.085887j,4.123683
0.788496+0.204966j,-0.729950+0.421870j,0.336937+0.085538j,4.125422
0.788725+0.203721j,-0.729857+0.421303j,0.337161+0.085188j,4.127161
0.788952+0.202475j,-0.729764+0.420736j,0.337384+0.084838j,4.128901
0.789178+0.201229j,-0.729670+0.420170j,0.337607+0.084488j,4.130640
0.789401+0.199983j,-0.729575+0.419603j,0.337830+0.084137j,4.132380
0.789623+0.198736j,-0.729480+0.419036j,0.338052+0.083787j,4.134119
0.789842+0.197490j,-0.729384+0.418470j,0.338274+0.083435j,4.135859
0.790060+0.196243j,-0.729286+0.417903j,0.338495+0.083084j,4.137599
0.790276+0.194996j,-0.729188+0.417336j,0.338716+0.082732j,4.139339
0.790489+0.193748j,-0.729090+0.416769j,0.338937+0.082380j,4.141079
0.790701+0.192501j,-0.728990+0.416202j,0.339157+0.082028j,4.142819
0.790911+0.191253j,-0.728890+0.415636j,0.339377+0.081675j,4.144559
0.791118+0.190006j,-0.728788+0.415069j,0.339597+0.081323j,4.146300
0.791324+0.188758j,-0.728686+0.414502j,0.339816+0.080969j,4.148040
0.791528+0.187509j,-0.728583+0.413935j,0.340035+0.080616j,4.149780
0.791730+0.186261j,-0.728480+0.413368j,0.340254+0.080262j,4.151521
0.791930+0.185013j,-0.728375+0.412801j,0.340472+0.079908j,4.153261
0.792128+0.183764j,-0.728270+0.412235j,0.340690+0.079554j,4.155002
0.792324+0.182515j,-0.728164+0.411668j,0.340908+0.079199j,4.156743
0.792518+0.181266j,-0.728057+0.411101j,0.341125+0.078844j,4.158483
0.792710+0.180017j,-0.727949+0.410534j,0.341341+0.078489j,4.160224
0.792900+0.178767j,-0.727841+0.409967j,0.341558+0.078134j,4.161965
0.793089+0.177518j,-0.727732+0.409400j,0.341774+0.077778j,4.163706
0.793275+0.176268j,-0.727621+0.408834j,0.341990+0.077422j,4.165447
0.793459+0.175019j,-0.727510+0.408267j,0.342205+0.077066j,4.167188
0.793641+0.173769j,-0.727399+0.407700j,0.342420+0.076709j,4.168929
0.793822+0.172519j,-0.727286+0.407133j,0.342635+0.076352j,4.170670
0.794000+0.171268j,-0.727173+0.406566j,0.342849+0.075995j,4.172412
0.794177+0.170018j,-0.727059+0.406000j,0.343063+0.075638j,4.174153
0.794351+0.168767j,-0.726944+0.405433j,0.343276+0.075280j,4.175894
0.794524+0.167517j,-0.726828+0.404866j,0.343489+0.074922j,4.177636
0.794694+0.166266j,-0.726711+0.404300j,0.343702+0.074564j,4.179377
0.794863+0.165015j,-0.726594+0.403733j,0.343914+0.074205j,4.181118
0.795030+0.163764j,-0.726476+0.403166j,0.344126+0.073846j,4.182860
0.795194+0.162513j,-0.726357+0.402600j,0.344338+0.073487j,4.184601
0.795357+0.161262j,-0.726237+0.402033j,0.344549+0.073128j,4.186343
0.795518+0.160011j,-0.726116+0.401466j,0.344760+0.072768j,4.188085
0.795677+0.158759j,-0.725995+0.400900j,0.344971+0.072409j,4.189826
0.795833+0.157508j,-0.725872+0.400333j,0.345181+0.072048j,4.191568
0.795988+0.156256j,-0.725749+0.399767j,0.345391+0.071688j,4.193310
0.796141+0.155004j,-0.725625+0.399200j,0.345600+0.071327j,4.195052
0.796292+0.153752j,-0.725501+0.398634j,0.345809+0.070966j,4.196793
0.796441+0.152500j,-0.725375+0.398068j,0.346018+0.070605j,4.198535
0.796588+0.151248j,-0.725249+0.397501j,0.346226+0.070244j,4.200277
0.796734+0.149996j,-0.725122+0.396935j,0.346434+0.069882j,4.202019
0.796877+0.148744j,-0.724994+0.396369j,0.346642+0.069520j,4.203761
0.797018+0.147492j,-0.724865+0.395803j,0.346849+0.069158j,4.205503
0.797157+0.146239j,-0.724736+0.395236j,0.347056+0.068795j,4.207245
0.797294+0.144987j,-0.724605+0.394670j,0.347262+0.068432j,4.208987
0.797430+0.143734j,-0.724474+0.394104j,0.347468+0.068069j,4.210729
0.797563+0.142482j,-0.724342+0.393538j,0.347674+0.067706j,4.212471
0.797695+0.141229j,-0.724209+0.392972j,0.347879+0.067342j,4.214213
0.797824+0.139977j,-0.724076+0.392406j,0.348084+0.066979j,4.215955
0.797952+0.138724j,-0.723941+0.391840j,0.348289+0.066615j,4.217697
0.798077+0.137471j,-0.723806+0.391274j,0.348493+0.066250j,4.219439
0.798201+0.136218j,-0.723670+0.390709j,0.348697+0.065886j,4.221181
0.798322+0.134965j,-0.723533+0.390143j,0.348900+0.065521j,4.222923
0.798442+0.133712j,-0.723396+0.389577j,0.349103+0.065156j,4.224665
0.798560+0.132459j,-0.723257+0.389012j,0.349306+0.064791j,4.226408
0.798676+0.131206j,-0.723118+0.388446j,0.349508+0.064425j,4.228150
0.798789+0.129953j,-0.722978+0.387881j,0.349710+0.064059j,4.229892
0.798901+0.128700j,-0.722837+0.387315j,0.349912+0.063693j,4.231634
0.799011+0.127447j,-0.722696+0.386750j,0.350113+0.063327j,4.233376
0.799119+0.126193j,-0.722553+0.386185j,0.350314+0.062960j,4.235118
0.799225+0.124940j,-0.722410+0.385619j,0.350514+0.062594j,4.236860
0.799329+0.123687j,-0.722266+0.385054j,0.350714+0.062227j,4.238602
0.799431+0.122434j,-0.722121+0.384489j,0.350914+0.061859j,4.240345
0.799531+0.121180j,-0.721975+0.383924j,0.351113+0.061492j,4.242087
0.799629+0.119927j,-0.721829+0.383359j,0.351312+0.061124j,4.243829
0.799726+0.118674j,-0.721681+0.382794j,0.351511+0.060756j,4.245571
0.799820+0.117420j,-0.721533+0.382229j,0.351709+0.060388j,4.247313
0.799912+0.116167j,-0.721384+0.381665j,0.351906+0.060019j,4.249055
0.800003+0.114914j,-0.721235+0.381100j,0.352104+0.059651j,4.250797
0.800091+0.113660j,-0.721084+0.380536j,0.352301+0.059282j,4.252539
0.800177+0.112407j,-0.720933+0.379971j,0.352497+0.058913j,4.254281
0.800262+0.111154j,-0.720781+0.379407j,0.352694+0.058543j,4.256023
0.800344+0.109900j,-0.720628+0.378842j,0.352889+0.058174j,4.257765
0.800425+0.108647j,-0.720474+0.378278j,0.353085+0.057804j,4.259507
0.800504+0.107394j,-0.720319+0.377714j,0.353280+0.057434j,4.261249
0.800580+0.106141j,-0.720164+0.377150j,0.353475+0.057063j,4.262991
0.800655+0.104887j,-0.720008+0.376586j,0.353669+0.056693j,4.264732
0.800728+0.103634j,-0.719851+0.376022j,0.353863+0.056322j,4.266474
0.800799+0.102381j,-0.719693+0.375459j,0.354056+0.055951j,4.268216
0.800868+0.101128j,-0.719535+0.374895j,0.354249+0.055580j,4.269958
0.800934+0.099875j,-0.719375+0.374331j,0.354442+0.055209j,4.271699
0.800999+0.098622j,-0.719215+0.373768j,0.354635+0.054837j,4.273441
0.801062+0.097369j,-0.719054+0.373205j,0.354827+0.054465j,4.275183
0.801124+0.096116j,-0.718892+0.372641j,0.355018+0.054093j,4.276924
0.801183+0.094863j,-0.718729+0.372078j,0.355209+0.053721j,4.278666
0.801240+0.093610j,-0.718566+0.371515j,0.355400+0.053348j,4.280407
0.801295+0.092357j,-0.718402+0.370952j,0.355591+0.052976j,4.282149
0.801348+0.091104j,-0.718237+0.370389j,0.355781+0.052603j,4.283890
0.801400+0.089851j,-0.718071+0.369827j,0.355970+0.052229j,4.285632
0.801449+0.088599j,-0.717904+0.369264j,0.356160+0.051856j,4.287373
0.801496+0.087346j,-0.717737+0.368701j,0.356348+0.051483j,4.289114
0.801542+0.086093j,-0.717569+0.368139j,0.356537+0.051109j,4.290855
0.801586+0.084841j,-0.717400+0.367577j,0.356725+0.050735j,4.292597
0.801627+0.083588j,-0.717230+0.367015j,0.356913+0.050361j,4.294338
0.801667+0.082336j,-0.717059+0.366453j,0.357100+0.049986j,4.296079
0.801704+0.081084j,-0.716887+0.365891j,0.357287+0.049612j,4.297820
0.801740+0.079832j,-0.716715+0.365329j,0.357473+0.049237j,4.299561
0.801774+0.078580j,-0.716542+0.364767j,0.357660+0.048862j,4.301301
0.801806+0.077328j,-0.716368+0.364206j,0.357845+0.048486j,4.303042
0.801836+0.076076j,-0.716194+0.363644j,0.358031+0.048111j,4.304783
0.801864+0.074824j,-0.716018+0.363083j,0.358216+0.047735j,4.306524
0.801890+0.073572j,-0.715842+0.362522j,0.358400+0.047360j,4.308264
0.801914+0.072320j,-0.715665+0.361961j,0.358584+0.046984j,4.310005
0.801936+0.071069j,-0.715487+0.361400j,0.358768+0.046607j,4.311745
0.801956+0.069818j,-0.715308+0.360839j,0.358952+0.046231j,4.313486
0.801974+0.068566j,-0.715128+0.360279j,0.359135+0.045854j,4.315226
0.801991+0.067315j,-0.714948+0.359718j,0.359317+0.045477j,4.316966
0.802005+0.066064j,-0.714767+0.359158j,0.359499+0.045100j,4.318706
0.802018+0.064813j,-0.714585+0.358598j,0.359681+0.044723j,4.320446
0.802028+0.063562j,-0.714402+0.358038j,0.359863+0.044346j,4.322186
0.802037+0.062311j,-0.714219+0.357478j,0.360044+0.043968j,4.323926
0.802043+0.061061j,-0.714034+0.356918j,0.360224+0.043591j,4.325666
0.802048+0.059810j,-0.713849+0.356358j,0.360405+0.043213j,4.327406
0.802051+0.058560j,-0.713663+0.355799j,0.360584+0.042834j,4.329145
0.802051+0.057310j,-0.713476+0.355240j,0.360764+0.042456j,4.330885
0.802050+0.056060j,-0.713289+0.354680j,0.360943+0.042078j,4.332625
0.802047+0.054810j,-0.713100+0.354121j,0.361122+0.041699j,4.334364
0.802042+0.053560j,-0.712911+0.353563j,0.361300+0.041320j,4.336103
0.802035+0.052311j,-0.712721+0.353004j,0.361478+0.040941j,4.337842
0.802026+0.051061j,-0.712531+0.352445j,0.361655+0.040562j,4.339581
0.802015+0.049812j,-0.712339+0.351887j,0.361832+0.040182j,4.341320
0.802003+0.048563j,-0.712147+0.351329j,0.362009+0.039803j,4.343059
0.801988+0.047314j,-0.711953+0.350771j,0.362185+0.039423j,4.344798
0.801971+0.046065j,-0.711759+0.350213j,0.362361+0.039043j,4.346537
0.801953+0.044816j,-0.711565+0.349655j,0.362537+0.038663j,4.348275
0.801932+0.043568j,-0.711369+0.349097j,0.362712+0.038283j,4.350014
0.801910+0.042319j,-0.711173+0.348540j,0.362887+0.037902j,4.351752
0.801885+0.041071j,-0.710975+0.347983j,0.363061+0.037521j,4.353490
0.801859+0.039823j,-0.710777+0.347426j,0.363235+0.037141j,4.355229
0.801831+0.038575j,-0.710579+0.346869j,0.363408+0.036760j,4.356967
0.801801+0.037328j,-0.710379+0.346312j,0.363581+0.036378j,4.358704
0.801769+0.036080j,-0.710178+0.345756j,0.363754+0.035997j,4.360442
0.801735+0.034833j,-0.709977+0.345199j,0.363926+0.035616j,4.362180
0.801699+0.033586j,-0.709775+0.344643j,0.364098+0.035234j,4.363917
0.801661+0.032339j,-0.709572+0.344087j,0.364270+0.034852j,4.365655
0.801621+0.031093j,-0.709369+0.343531j,0.364441+0.034470j,4.367392
0.801579+0.029846j,-0.709164+0.342976j,0.364612+0.034088j,4.369129
0.801535+0.028600j,-0.708959+0.342420j,0.364782+0.033706j,4.370866
0.801490+0.027354j,-0.708753+0.341865j,0.364952+0.033323j,4.372603
0.801442+0.026108j,-0.708546+0.341310j,0.365121+0.032941j,4.374340
0.801393+0.024863j,-0.708339+0.340755j,0.365291+0.032558j,4.376077
0.801341+0.023617j,-0.708130+0.340201j,0.365459+0.032175j,4.377813
0.801288+0.022372j,-0.707921+0.339646j,0.365628+0.031792j,4.379550
0.801233+0.021127j,-0.707711+0.339092j,0.365796+0.031409j,4.381286
0.801176+0.019882j,-0.707500+0.338538j,0.365963+0.031025j,4.383022
0.801117+0.018638j,-0.707288+0.337984j,0.366130+0.030642j,4.384758
0.801056+0.017394j,-0.707076+0.337430j,0.366297+0.030258j,4.386494
0.800993+0.016150j,-0.706863+0.336877j,0.366463+0.029874j,4.388230
0.800928+0.014906j,-0.706649+0.336324j,0.366629+0.029490j,4.389965
0.800861+0.013662j,-0.706434+0.335771j,0.366795+0.029106j,4.391701
0.800792+0.012419j,-0.706218+0.335218j,0.366960+0.028722j,4.393436
0.800722+0.011176j,-0.706002+0.334665j,0.367124+0.028337j,4.395171
0.800649+0.009933j,-0.705784+0.334113j,0.367289+0.027953j,4.396906
0.800575+0.008691j,-0.705566+0.333561j,0.367453+0.027568j,4.398641
0.800498+0.007448j,-0.705348+0.333009j,0.367616+0.027183j,4.400375
0.800420+0.006206j,-0.705128+0.332457j,0.367779+0.026798j,4.402110
0.800340+0.004964j,-0.704908+0.331905j,0.367942+0.026413j,4.403844
0.800258+0.003723j,-0.704686+0.331354j,0.368104+0.026028j,4.405578
0.800174+0.002482j,-0.704464+0.330803j,0.368266+0.025642j,4.407312
0.800088+0.001241j,-0.704241+0.330252j,0.368428+0.025257j,4.409046
0.800000+0.000000j,-0.704018+0.329701j,0.368589+0.024871j,4.410780
