0.100000+0.000000j,0.823097-1.166351j,0.045088-0.036098j,0.000000
0.100251+0.000000j,0.821608-1.166397j,0.045226-0.036179j,0.003431
0.100502+0.000000j,0.820118-1.166443j,0.045365-0.036261j,0.006860
0.100754+0.000000j,0.818628-1.166489j,0.045503-0.036342j,0.010286
0.101007+0.000000j,0.817137-1.166536j,0.045643-0.036423j,0.013710
0.101261+0.000000j,0.815645-1.166583j,0.045783-0.036505j,0.017131
0.101515+0.000000j,0.814153-1.166631j,0.045923-0.036586j,0.020550
0.101769+0.000000j,0.812660-1.166679j,0.046063-0.036668j,0.023967
0.102024+0.000000j,0.811167-1.166727j,0.046205-0.036750j,0.027381
0.102280+0.000000j,0.809673-1.166775j,0.046346-0.036832j,0.030793
0.102537+0.000000j,0.808178-1.166824j,0.046489-0.036914j,0.034203
0.102794+0.000000j,0.806683-1.166873j,0.046631-0.036996j,0.037610
0.103052+0.000000j,0.805187-1.166922j,0.046774-0.037079j,0.041015
0.103311+0.000000j,0.803691-1.166972j,0.046918-0.037161j,0.044418
0.103570+0.000000j,0.802193-1.167022j,0.047062-0.037244j,0.047818
0.103829+0.000000j,0.800696-1.167073j,0.047207-0.037326j,0.051216
0.104090+0.000000j,0.799198-1.167123j,0.047352-0.037409j,0.054611
0.104351+0.000000j,0.797699-1.167174j,0.047498-0.037492j,0.058005
0.104613+0.000000j,0.796199-1.167226j,0.047644-0.037575j,0.061395
0.104875+0.000000j,0.794699-1.167278j,0.047790-0.037658j,0.064784
0.105138+0.000000j,0.793198-1.167330j,0.047938-0.037741j,0.068170
0.105402+0.000000j,0.791697-1.167382j,0.048085-0.037825j,0.071554
0.105666+0.000000j,0.790195-1.167435j,0.048233-0.037908j,0.074935
0.105931+0.000000j,0.788692-1.167488j,0.048382-0.037992j,0.078315
0.106197+0.000000j,0.787189-1.167542j,0.048531-0.038075j,0.081691
0.106464+0.000000j,0.785685-1.167596j,0.048681-0.038159j,0.085066
0.106731+0.000000j,0.784180-1.167650j,0.048831-0.038243j,0.088438
0.106998+0.000000j,0.782675-1.167705j,0.048982-0.038327j,0.091808
0.107267+0.000000j,0.781169-1.167760j,0.049133-0.038411j,0.095176
0.107536+0.000000j,0.779663-1.167816j,0.049285-0.038495j,0.098541
0.107806+0.000000j,0.778156-1.167871j,0.049437-0.038579j,0.101904
0.108076+0.000000j,0.776648-1.167928j,0.049590-0.038664j,0.105264
0.108347+0.000000j,0.775140-1.167984j,0.049743-0.038748j,0.108623
0.108619+0.000000j,0.773631-1.168041j,0.049897-0.038833j,0.111979
0.108891+0.000000j,0.772121-1.168099j,0.050051-0.038917j,0.115332
0.109165+0.000000j,0.770611-1.168156j,0.050206-0.039002j,0.118684
0.109438+0.000000j,0.769100-1.168215j,0.050362-0.039087j,0.122033
0.109713+0.000000j,0.767588-1.168273j,0.050518-0.039172j,0.125380
0.109988+0.000000j,0.766076-1.168332j,0.050674-0.039257j,0.128724
0.110264+0.000000j,0.764563-1.168391j,0.050831-0.039342j,0.132066
0.110541+0.000000j,0.763050-1.168451j,0.050989-0.039427j,0.135406
0.110818+0.000000j,0.761536-1.168511j,0.051147-0.039513j,0.138744
0.111096+0.000000j,0.760021-1.168572j,0.051306-0.039598j,0.142079
0.111375+0.000000j,0.758505-1.168633j,0.051465-0.039684j,0.145413
0.111654+0.000000j,0.756989-1.168694j,0.051625-0.039769j,0.148743
0.111934+0.000000j,0.755472-1.168756j,0.051785-0.039855j,0.152072
0.112215+0.000000j,0.753955-1.168819j,0.051946-0.039941j,0.155398
0.112496+0.000000j,0.752437-1.168881j,0.052108-0.040027j,0.158722
0.112778+0.000000j,0.750918-1.168945j,0.052270-0.040113j,0.162044
0.113061+0.000000j,0.749398-1.169008j,0.052432-0.040199j,0.165363
0.113345+0.000000j,0.747878-1.169072j,0.052595-0.040285j,0.168681
0.113629+0.000000j,0.746357-1.169137j,0.052759-0.040371j,0.171996
0.113914+0.000000j,0.744836-1.169201j,0.052923-0.040458j,0.175308
0.114200+0.000000j,0.743314-1.169267j,0.053088-0.040544j,0.178619
0.114487+0.000000j,0.741791-1.169333j,0.053254-0.040631j,0.181927
0.114774+0.000000j,0.740267-1.169399j,0.053419-0.040717j,0.185233
0.115062+0.000000j,0.738743-1.169466j,0.053586-0.040804j,0.188537
0.115350+0.000000j,0.737218-1.169533j,0.053753-0.040891j,0.191838
0.115640+0.000000j,0.735693-1.169600j,0.053921-0.040978j,0.195138
0.115930+0.000000j,0.734166-1.169669j,0.054089-0.041065j,0.198435
0.116220+0.000000j,0.732639-1.169737j,0.054258-0.041152j,0.201730
0.116512+0.000000j,0.731112-1.169806j,0.054427-0.041239j,0.205022
0.116804+0.000000j,0.729583-1.169876j,0.054597-0.041326j,0.208312
0.117097+0.000000j,0.728054-1.169946j,0.054768-0.041413j,0.211601
0.117391+0.000000j,0.726525-1.170016j,0.054939-0.041500j,0.214887
0.117686+0.000000j,0.724994-1.170087j,0.055111-0.041588j,0.218170
0.117981+0.000000j,0.723463-1.170159j,0.055283-0.041675j,0.221452
0.118277+0.000000j,0.721932-1.170231j,0.055456-0.041763j,0.224731
0.118573+0.000000j,0.720399-1.170303j,0.055630-0.041850j,0.228008
0.118871+0.000000j,0.718866-1.170376j,0.055804-0.041938j,0.231283
0.119169+0.000000j,0.717332-1.170449j,0.055979-0.042026j,0.234556
0.119468+0.000000j,0.715798-1.170523j,0.056154-0.042113j,0.237826
0.119768+0.000000j,0.714262-1.170598j,0.056330-0.042201j,0.241095
0.120068+0.000000j,0.712726-1.170673j,0.056507-0.042289j,0.244361
0.120369+0.000000j,0.711190-1.170748j,0.056684-0.042377j,0.247625
0.120671+0.000000j,0.709652-1.170824j,0.056862-0.042465j,0.250887
0.120974+0.000000j,0.708114-1.170901j,0.057040-0.042553j,0.254146
0.121277+0.000000j,0.706575-1.170978j,0.057219-0.042641j,0.257404
0.121582+0.000000j,0.705036-1.171056j,0.057399-0.042730j,0.260659
0.121886+0.000000j,0.703496-1.171134j,0.057579-0.042818j,0.263912
0.122192+0.000000j,0.701955-1.171213j,0.057760-0.042906j,0.267163
0.122499+0.000000j,0.700413-1.171292j,0.057942-0.042995j,0.270412
0.122806+0.000000j,0.698871-1.171372j,0.058124-0.043083j,0.273659
0.123114+0.000000j,0.697328-1.171452j,0.058307-0.043171j,0.276903
0.123423+0.000000j,0.695784-1.171533j,0.058490-0.043260j,0.280146
0.123733+0.000000j,0.694239-1.171615j,0.058674-0.043349j,0.283386
0.124043+0.000000j,0.692694-1.171697j,0.058859-0.043437j,0.286624
0.124354+0.000000j,0.691148-1.171779j,0.059044-0.043526j,0.289860
0.124666+0.000000j,0.689602-1.171862j,0.059230-0.043615j,0.293094
0.124979+0.000000j,0.688054-1.171946j,0.059417-0.043703j,0.296325
0.125292+0.000000j,0.686506-1.172031j,0.059604-0.043792j,0.299555
0.125607+0.000000j,0.684957-1.172116j,0.059792-0.043881j,0.302782
0.125922+0.000000j,0.683408-1.172201j,0.059981-0.043970j,0.306008
0.126237+0.000000j,0.681857-1.172287j,0.060170-0.044059j,0.309231
0.126554+0.000000j,0.680306-1.172374j,0.060360-0.044148j,0.312452
0.126872+0.000000j,0.678754-1.172461j,0.060550-0.044237j,0.315671
0.127190+0.000000j,0.677202-1.172549j,0.060741-0.044326j,0.318888
0.127509+0.000000j,0.675649-1.172638j,0.060933-0.044415j,0.322103
0.127829+0.000000j,0.674095-1.172727j,0.061126-0.044504j,0.325316
0.128149+0.000000j,0.672540-1.172817j,0.061319-0.044593j,0.328527
0.128471+0.000000j,0.670984-1.172907j,0.061513-0.044682j,0.331735
0.128793+0.000000j,0.669428-1.172998j,0.061707-0.044771j,0.334942
0.129116+0.000000j,0.667871-1.173090j,0.061902-0.044860j,0.338146
0.129440+0.000000j,0.666314-1.173182j,0.062098-0.044950j,0.341348
0.129765+0.000000j,0.664755-1.173275j,0.062294-0.045039j,0.344549
0.130090+0.000000j,0.663196-1.173369j,0.062492-0.045128j,0.347747
0.130417+0.000000j,0.661636-1.173463j,0.062689-0.045217j,0.350943
0.130744+0.000000j,0.660075-1.173558j,0.062888-0.045307j,0.354137
0.131072+0.000000j,0.658514-1.173653j,0.063087-0.045396j,0.357330
0.131400+0.000000j,0.656952-1.173750j,0.063287-0.045485j,0.360520
0.131730+0.000000j,0.655389-1.173847j,0.063488-0.045575j,0.363708
0.132061+0.000000j,0.653825-1.173944j,0.063689-0.045664j,0.366894
0.132392+0.000000j,0.652261-1.174042j,0.063891-0.045753j,0.370078
0.132724+0.000000j,0.650696-1.174141j,0.064094-0.045843j,0.373260
0.133057+0.000000j,0.649130-1.174241j,0.064297-0.045932j,0.376440
0.133391+0.000000j,0.647563-1.174341j,0.064501-0.046021j,0.379618
0.133725+0.000000j,0.645995-1.174442j,0.064706-0.046111j,0.382793
0.134061+0.000000j,0.644427-1.174544j,0.064911-0.046200j,0.385967
0.134397+0.000000j,0.642858-1.174646j,0.065117-0.046289j,0.389139
0.134734+0.000000j,0.641289-1.174750j,0.065324-0.046379j,0.392309
0.135072+0.000000j,0.639718-1.174853j,0.065532-0.046468j,0.395477
0.135411+0.000000j,0.638147-1.174958j,0.065740-0.046557j,0.398643
0.135751+0.000000j,0.636575-1.175063j,0.065949-0.046647j,0.401807
0.136091+0.000000j,0.635002-1.175169j,0.066159-0.046736j,0.404969
0.136432+0.000000j,0.633429-1.175276j,0.066369-0.046825j,0.408129
0.136775+0.000000j,0.631854-1.175384j,0.066580-0.046914j,0.411287
0.137118+0.000000j,0.630279-1.175492j,0.066792-0.047004j,0.414443
0.137462+0.000000j,0.628703-1.175601j,0.067005-0.047093j,0.417598
0.137807+0.000000j,0.627127-1.175711j,0.067218-0.047182j,0.420750
0.138152+0.000000j,0.625549-1.175821j,0.067432-0.047271j,0.423900
0.138499+0.000000j,0.623971-1.175933j,0.067647-0.047360j,0.427048
0.138846+0.000000j,0.622392-1.176045j,0.067862-0.047450j,0.430195
0.139194+0.000000j,0.620813-1.176158j,0.068078-0.047539j,0.433339
0.139544+0.000000j,0.619232-1.176271j,0.068295-0.047628j,0.436482
0.139894+0.000000j,0.617651-1.176386j,0.068513-0.047717j,0.439623
0.140245+0.000000j,0.616069-1.176501j,0.068731-0.047806j,0.442761
0.140596+0.000000j,0.614486-1.176617j,0.068951-0.047895j,0.445898
0.140949+0.000000j,0.612903-1.176734j,0.069171-0.047983j,0.449033
0.141303+0.000000j,0.611318-1.176851j,0.069391-0.048072j,0.452166
0.141657+0.000000j,0.609733-1.176970j,0.069613-0.048161j,0.455297
0.142012+0.000000j,0.608148-1.177089j,0.069835-0.048250j,0.458427
0.142369+0.000000j,0.606561-1.177209j,0.070058-0.048339j,0.461554
0.142726+0.000000j,0.604974-1.177330j,0.070281-0.048427j,0.464680
0.143084+0.000000j,0.603385-1.177452j,0.070506-0.048516j,0.467803
0.143443+0.000000j,0.601796-1.177575j,0.070731-0.048604j,0.470925
0.143803+0.000000j,0.600207-1.177698j,0.070957-0.048693j,0.474045
0.144163+0.000000j,0.598616-1.177823j,0.071184-0.048781j,0.477163
0.144525+0.000000j,0.597025-1.177948j,0.071411-0.048869j,0.480279
0.144887+0.000000j,0.595433-1.178074j,0.071639-0.048958j,0.483394
0.145251+0.000000j,0.593840-1.178201j,0.071868-0.049046j,0.486507
0.145615+0.000000j,0.592246-1.178329j,0.072098-0.049134j,0.489617
0.145981+0.000000j,0.590652-1.178457j,0.072329-0.049222j,0.492726
0.146347+0.000000j,0.589057-1.178587j,0.072560-0.049310j,0.495834
0.146714+0.000000j,0.587461-1.178718j,0.072792-0.049398j,0.498939
0.147082+0.000000j,0.585864-1.178849j,0.073025-0.049486j,0.502042
0.147451+0.000000j,0.584267-1.178981j,0.073259-0.049573j,0.505144
0.147821+0.000000j,0.582668-1.179115j,0.073493-0.049661j,0.508244
0.148191+0.000000j,0.581069-1.179249j,0.073728-0.049749j,0.511343
0.148563+0.000000j,0.579469-1.179384j,0.073964-0.049836j,0.514439
0.148936+0.000000j,0.577869-1.179520j,0.074201-0.049923j,0.517534
0.149309+0.000000j,0.576267-1.179657j,0.074439-0.050011j,0.520627
0.149684+0.000000j,0.574665-1.179795j,0.074677-0.050098j,0.523718
0.150059+0.000000j,0.573062-1.179934j,0.074916-0.050185j,0.526807
0.150436+0.000000j,0.571458-1.180074j,0.075156-0.050272j,0.529895
0.150813+0.000000j,0.569854-1.180214j,0.075397-0.050359j,0.532981
0.151192+0.000000j,0.568249-1.180356j,0.075639-0.050445j,0.536065
0.151571+0.000000j,0.566643-1.180499j,0.075881-0.050532j,0.539148
0.151951+0.000000j,0.565036-1.180643j,0.076124-0.050618j,0.542229
0.152332+0.000000j,0.563428-1.180787j,0.076368-0.050705j,0.545308
0.152714+0.000000j,0.561820-1.180933j,0.076613-0.050791j,0.548385
0.153097+0.000000j,0.560210-1.181080j,0.076859-0.050877j,0.551461
0.153481+0.000000j,0.558600-1.181228j,0.077105-0.050963j,0.554535
0.153866+0.000000j,0.556990-1.181376j,0.077352-0.051049j,0.557607
0.154252+0.000000j,0.555378-1.181526j,0.077600-0.051135j,0.560678
0.154639+0.000000j,0.553766-1.181677j,0.077849-0.051220j,0.563747
0.155027+0.000000j,0.552153-1.181829j,0.078099-0.051306j,0.566814
0.155416+0.000000j,0.550539-1.181982j,0.078349-0.051391j,0.569880
0.155806+0.000000j,0.548924-1.182136j,0.078601-0.051476j,0.572944
0.156197+0.000000j,0.547309-1.182291j,0.078853-0.051561j,0.576007
0.156589+0.000000j,0.545693-1.182447j,0.079106-0.051646j,0.579068
0.156981+0.000000j,0.544076-1.182604j,0.079360-0.051731j,0.582127
0.157375+0.000000j,0.542458-1.182762j,0.079614-0.051815j,0.585185
0.157770+0.000000j,0.540840-1.182922j,0.079870-0.051899j,0.588241
0.158166+0.000000j,0.539220-1.183082j,0.080126-0.051984j,0.591295
0.158562+0.000000j,0.537600-1.183244j,0.080383-0.052068j,0.594348
0.158960+0.000000j,0.535980-1.183406j,0.080641-0.052151j,0.597399
0.159359+0.000000j,0.534358-1.183570j,0.080900-0.052235j,0.600449
0.159759+0.000000j,0.532736-1.183735j,0.081159-0.052319j,0.603497
0.160159+0.000000j,0.531113-1.183901j,0.081420-0.052402j,0.606544
0.160561+0.000000j,0.529489-1.184068j,0.081681-0.052485j,0.609589
0.160964+0.000000j,0.527864-1.184236j,0.081943-0.052568j,0.612632
0.161368+0.000000j,0.526239-1.184406j,0.082206-0.052651j,0.615674
0.161773+0.000000j,0.524613-1.184576j,0.082470-0.052733j,0.618715
0.162178+0.000000j,0.522986-1.184748j,0.082735-0.052816j,0.621754
0.162585+0.000000j,0.521358-1.184921j,0.083001-0.052898j,0.624791
0.162993+0.000000j,0.519730-1.185095j,0.083267-0.052980j,0.627827
0.163402+0.000000j,0.518101-1.185270j,0.083534-0.053061j,0.630862
0.163812+0.000000j,0.516471-1.185447j,0.083802-0.053143j,0.633895
0.164223+0.000000j,0.514840-1.185624j,0.084071-0.053224j,0.636926
0.164635+0.000000j,0.513209-1.185803j,0.084341-0.053305j,0.639957
0.165048+0.000000j,0.511577-1.185983j,0.084612-0.053386j,0.642985
0.165462+0.000000j,0.509944-1.186165j,0.084884-0.053467j,0.646012
0.165877+0.000000j,0.508310-1.186347j,0.085156-0.053547j,0.649038
0.166293+0.000000j,0.506676-1.186531j,0.085429-0.053627j,0.652062
0.166710+0.000000j,0.505041-1.186716j,0.085703-0.053707j,0.655085
0.167128+0.000000j,0.503405-1.186902j,0.085978-0.053787j,0.658107
0.167547+0.000000j,0.501769-1.187090j,0.086254-0.053867j,0.661127
0.167968+0.000000j,0.500131-1.187279j,0.086531-0.053946j,0.664146
0.168389+0.000000j,0.498493-1.187469j,0.086809-0.054025j,0.667163
0.168811+0.000000j,0.496855-1.187660j,0.087087-0.054103j,0.670179
0.169235+0.000000j,0.495215-1.187853j,0.087367-0.054182j,0.673194
0.169659+0.000000j,0.493575-1.188047j,0.087647-0.054260j,0.676207
0.170085+0.000000j,0.491934-1.188242j,0.087928-0.054338j,0.679219
0.170512+0.000000j,0.490292-1.188439j,0.088210-0.054416j,0.682230
0.170939+0.000000j,0.488650-1.188637j,0.088493-0.054493j,0.685239
0.171368+0.000000j,0.487007-1.188836j,0.088777-0.054570j,0.688247
0.171798+0.000000j,0.485363-1.189036j,0.089061-0.054647j,0.691254
0.172229+0.000000j,0.483718-1.189238j,0.089347-0.054723j,0.694259
0.172661+0.000000j,0.482073-1.189442j,0.089633-0.054800j,0.697263
0.173094+0.000000j,0.480427-1.189646j,0.089920-0.054875j,0.700266
0.173528+0.000000j,0.478781-1.189852j,0.090208-0.054951j,0.703267
0.173963+0.000000j,0.477133-1.190060j,0.090498-0.055026j,0.706268
0.174400+0.000000j,0.475485-1.190269j,0.090787-0.055101j,0.709267
0.174837+0.000000j,0.473837-1.190479j,0.091078-0.055176j,0.712265
0.175276+0.000000j,0.472187-1.190690j,0.091370-0.055251j,0.715261
0.175716+0.000000j,0.470537-1.190903j,0.091663-0.055325j,0.718257
0.176156+0.000000j,0.468886-1.191118j,0.091956-0.055399j,0.721251
0.176598+0.000000j,0.467235-1.191334j,0.092250-0.055472j,0.724244
0.177041+0.000000j,0.465583-1.191551j,0.092546-0.055545j,0.727236
0.177485+0.000000j,0.463930-1.191770j,0.092842-0.055618j,0.730226
0.177931+0.000000j,0.462277-1.191990j,0.093139-0.055690j,0.733216
0.178377+0.000000j,0.460623-1.192212j,0.093437-0.055762j,0.736204
0.178824+0.000000j,0.458968-1.192435j,0.093736-0.055834j,0.739191
0.179273+0.000000j,0.457312-1.192659j,0.094035-0.055906j,0.742178
0.179723+0.000000j,0.455656-1.192885j,0.094336-0.055977j,0.745162
0.180173+0.000000j,0.453999-1.193113j,0.094638-0.056047j,0.748146
0.180625+0.000000j,0.452342-1.193342j,0.094940-0.056118j,0.751129
0.181078+0.000000j,0.450684-1.193573j,0.095243-0.056188j,0.754111
0.181533+0.000000j,0.449025-1.193805j,0.095547-0.056257j,0.757091
0.181988+0.000000j,0.447366-1.194038j,0.095853-0.056327j,0.760071
0.182445+0.000000j,0.445706-1.194274j,0.096159-0.056395j,0.763049
0.182902+0.000000j,0.444046-1.194510j,0.096465-0.056464j,0.766027
0.183361+0.000000j,0.442384-1.194749j,0.096773-0.056532j,0.769003
0.183821+0.000000j,0.440723-1.194988j,0.097082-0.056600j,0.771979
0.184282+0.000000j,0.439060-1.195230j,0.097392-0.056667j,0.774953
0.184744+0.000000j,0.437397-1.195473j,0.097702-0.056734j,0.777927
0.185208+0.000000j,0.435733-1.195717j,0.098013-0.056800j,0.780899
0.185672+0.000000j,0.434069-1.195964j,0.098326-0.056867j,0.783870
0.186138+0.000000j,0.432404-1.196211j,0.098639-0.056932j,0.786841
0.186605+0.000000j,0.430739-1.196461j,0.098953-0.056997j,0.789810
0.187073+0.000000j,0.429073-1.196712j,0.099268-0.057062j,0.792779
0.187542+0.000000j,0.427406-1.196964j,0.099584-0.057127j,0.795747
0.188013+0.000000j,0.425739-1.197219j,0.099901-0.057191j,0.798714
0.188484+0.000000j,0.424072-1.197474j,0.100218-0.057254j,0.801679
0.188957+0.000000j,0.422403-1.197732j,0.100537-0.057317j,0.804644
0.189431+0.000000j,0.420734-1.197991j,0.100857-0.057380j,0.807609
0.189906+0.000000j,0.419065-1.198252j,0.101177-0.057442j,0.810572
0.190383+0.000000j,0.417395-1.198515j,0.101498-0.057504j,0.813534
0.190860+0.000000j,0.415725-1.198779j,0.101821-0.057565j,0.816496
0.191339+0.000000j,0.414054-1.199045j,0.102144-0.057626j,0.819457
0.191819+0.000000j,0.412382-1.199313j,0.102468-0.057687j,0.822416
0.192300+0.000000j,0.410710-1.199582j,0.102793-0.057747j,0.825376
0.192783+0.000000j,0.409037-1.199853j,0.103118-0.057806j,0.828334
0.193266+0.000000j,0.407364-1.200126j,0.103445-0.057865j,0.831292
0.193751+0.000000j,0.405691-1.200401j,0.103773-0.057924j,0.834248
0.194237+0.000000j,0.404017-1.200677j,0.104101-0.057982j,0.837204
0.194724+0.000000j,0.402342-1.200955j,0.104431-0.058039j,0.840160
0.195213+0.000000j,0.400667-1.201235j,0.104761-0.058096j,0.843114
0.195702+0.000000j,0.398991-1.201517j,0.105092-0.058153j,0.846068
0.196193+0.000000j,0.397315-1.201800j,0.105424-0.058209j,0.849022
0.196685+0.000000j,0.395639-1.202085j,0.105757-0.058264j,0.851974
0.197179+0.000000j,0.393962-1.202372j,0.106091-0.058319j,0.854926
0.197673+0.000000j,0.392284-1.202661j,0.106426-0.058374j,0.857877
0.198169+0.000000j,0.390607-1.202952j,0.106762-0.058428j,0.860828
0.198666+0.000000j,0.388928-1.203244j,0.107098-0.058481j,0.863778
0.199165+0.000000j,0.387249-1.203539j,0.107436-0.058534j,0.866727
0.199664+0.000000j,0.385570-1.203835j,0.107774-0.058586j,0.869676
0.200165+0.000000j,0.383891-1.204133j,0.108113-0.058638j,0.872624
0.200667+0.000000j,0.382211-1.204433j,0.108453-0.058689j,0.875571
0.201171+0.000000j,0.380530-1.204734j,0.108795-0.058740j,0.878518
0.201675+0.000000j,0.378850-1.205038j,0.109136-0.058790j,0.881465
0.202181+0.000000j,0.377168-1.205343j,0.109479-0.058840j,0.884411
0.202688+0.000000j,0.375487-1.205651j,0.109823-0.058889j,0.887356
0.203197+0.000000j,0.373805-1.205960j,0.110168-0.058937j,0.890301
0.203707+0.000000j,0.372123-1.206271j,0.110513-0.058985j,0.893245
0.204218+0.000000j,0.370440-1.206584j,0.110859-0.059033j,0.896189
0.204730+0.000000j,0.368757-1.206899j,0.111207-0.059079j,0.899133
0.205243+0.000000j,0.367074-1.207216j,0.111555-0.059126j,0.902076
0.205758+0.000000j,0.365390-1.207535j,0.111904-0.059171j,0.905018
0.206274+0.000000j,0.363706-1.207856j,0.112254-0.059216j,0.907961
0.206792+0.000000j,0.362022-1.208179j,0.112604-0.059261j,0.910902
0.207310+0.000000j,0.360337-1.208504j,0.112956-0.059304j,0.913844
0.207831+0.000000j,0.358652-1.208830j,0.113309-0.059348j,0.916785
0.208352+0.000000j,0.356967-1.209159j,0.113662-0.059390j,0.919725
0.208874+0.000000j,0.355282-1.209490j,0.114016-0.059432j,0.922666
0.209398+0.000000j,0.353596-1.209823j,0.114371-0.059473j,0.925606
0.209924+0.000000j,0.351910-1.210157j,0.114727-0.059514j,0.928545
0.210450+0.000000j,0.350224-1.210494j,0.115084-0.059554j,0.931485
0.210978+0.000000j,0.348537-1.210833j,0.115442-0.059594j,0.934424
0.211507+0.000000j,0.346851-1.211174j,0.115800-0.059632j,0.937362
0.212038+0.000000j,0.345164-1.211517j,0.116160-0.059671j,0.940301
0.212570+0.000000j,0.343477-1.211861j,0.116520-0.059708j,0.943239
0.213103+0.000000j,0.341789-1.212208j,0.116881-0.059745j,0.946177
0.213638+0.000000j,0.340102-1.212557j,0.117243-0.059781j,0.949115
0.214174+0.000000j,0.338414-1.212909j,0.117606-0.059817j,0.952053
0.214711+0.000000j,0.336726-1.213262j,0.117970-0.059852j,0.954990
0.215249+0.000000j,0.335038-1.213617j,0.118335-0.059886j,0.957928
0.215789+0.000000j,0.333350-1.213974j,0.118700-0.059919j,0.960865
0.216331+0.000000j,0.331661-1.214334j,0.119066-0.059952j,0.963802
0.216873+0.000000j,0.329973-1.214695j,0.119433-0.059984j,0.966739
0.217417+0.000000j,0.328284-1.215059j,0.119801-0.060016j,0.969676
0.217963+0.000000j,0.326596-1.215425j,0.120170-0.060047j,0.972612
0.218509+0.000000j,0.324907-1.215793j,0.120540-0.060077j,0.975549
0.219058+0.000000j,0.323218-1.216163j,0.120910-0.060106j,0.978486
0.219607+0.000000j,0.321529-1.216535j,0.121281-0.060135j,0.981422
0.220158+0.000000j,0.319840-1.216909j,0.121654-0.060163j,0.984359
0.220710+0.000000j,0.318151-1.217286j,0.122027-0.060190j,0.987295
0.221264+0.000000j,0.316462-1.217665j,0.122400-0.060217j,0.990232
0.221819+0.000000j,0.314773-1.218045j,0.122775-0.060243j,0.993169
0.222375+0.000000j,0.313083-1.218428j,0.123150-0.060268j,0.996105
0.222933+0.000000j,0.311394-1.218814j,0.123527-0.060292j,0.999042
0.223492+0.000000j,0.309705-1.219201j,0.123904-0.060316j,1.001979
0.224053+0.000000j,0.308016-1.219591j,0.124282-0.060339j,1.004916
0.224615+0.000000j,0.306327-1.219983j,0.124660-0.060361j,1.007853
0.225178+0.000000j,0.304638-1.220377j,0.125040-0.060383j,1.010790
0.225743+0.000000j,0.302949-1.220773j,0.125420-0.060403j,1.013727
0.226310+0.000000j,0.301260-1.221171j,0.125801-0.060423j,1.016664
0.226877+0.000000j,0.299571-1.221572j,0.126183-0.060443j,1.019602
0.227446+0.000000j,0.297882-1.221975j,0.126566-0.060461j,1.022540
0.228017+0.000000j,0.296193-1.222380j,0.126949-0.060479j,1.025478
0.228589+0.000000j,0.294505-1.222788j,0.127334-0.060496j,1.028416
0.229162+0.000000j,0.292816-1.223197j,0.127719-0.060512j,1.031354
0.229737+0.000000j,0.291128-1.223609j,0.128104-0.060527j,1.034293
0.230313+0.000000j,0.289440-1.224024j,0.128491-0.060542j,1.037232
0.230891+0.000000j,0.287751-1.224440j,0.128879-0.060556j,1.040171
0.231470+0.000000j,0.286064-1.224859j,0.129267-0.060569j,1.043111
0.232051+0.000000j,0.284376-1.225280j,0.129656-0.060581j,1.046051
0.232633+0.000000j,0.282688-1.225703j,0.130045-0.060592j,1.048991
0.233217+0.000000j,0.281001-1.226129j,0.130436-0.060603j,1.051931
0.233802+0.000000j,0.279314-1.226557j,0.130827-0.060613j,1.054872
0.234388+0.000000j,0.277627-1.226987j,0.131219-0.060622j,1.057814
0.234976+0.000000j,0.275941-1.227420j,0.131612-0.060630j,1.060756
0.235565+0.000000j,0.274255-1.227855j,0.132006-0.060638j,1.063698
0.236156+0.000000j,0.272569-1.228292j,0.132400-0.060644j,1.066640
0.236749+0.000000j,0.270883-1.228732j,0.132795-0.060650j,1.069584
0.237343+0.000000j,0.269198-1.229174j,0.133191-0.060655j,1.072527
0.237938+0.000000j,0.267513-1.229618j,0.133587-0.060659j,1.075471
0.238535+0.000000j,0.265828-1.230064j,0.133984-0.060663j,1.078416
0.239133+0.000000j,0.264144-1.230513j,0.134382-0.060665j,1.081361
0.239733+0.000000j,0.262460-1.230965j,0.134781-0.060667j,1.084307
0.240334+0.000000j,0.260776-1.231418j,0.135180-0.060668j,1.087253
0.240937+0.000000j,0.259093-1.231874j,0.135581-0.060668j,1.090200
0.241542+0.000000j,0.257410-1.232333j,0.135981-0.060667j,1.093147
0.242148+0.000000j,0.255728-1.232793j,0.136383-0.060665j,1.096095
0.242755+0.000000j,0.254046-1.233257j,0.136785-0.060663j,1.099044
0.243364+0.000000j,0.252364-1.233722j,0.137188-0.060659j,1.101993
0.243974+0.000000j,0.250684-1.234190j,0.137592-0.060655j,1.104943
0.244586+0.000000j,0.249003-1.234660j,0.137996-0.060650j,1.107894
0.245200+0.000000j,0.247323-1.235133j,0.138402-0.060644j,1.110845
0.245815+0.000000j,0.245644-1.235608j,0.138807-0.060637j,1.113797
0.246432+0.000000j,0.243965-1.236085j,0.139214-0.060630j,1.116750
0.247050+0.000000j,0.242286-1.236565j,0.139621-0.060621j,1.119704
0.247669+0.000000j,0.240608-1.237047j,0.140029-0.060612j,1.122658
0.248291+0.000000j,0.238931-1.237532j,0.140437-0.060602j,1.125613
0.248914+0.000000j,0.237255-1.238019j,0.140847-0.060591j,1.128569
0.249538+0.000000j,0.235579-1.238508j,0.141256-0.060579j,1.131526
0.250164+0.000000j,0.233903-1.239000j,0.141667-0.060566j,1.134484
0.250791+0.000000j,0.232228-1.239494j,0.142078-0.060552j,1.137442
0.251421+0.000000j,0.230554-1.239991j,0.142490-0.060537j,1.140402
0.252051+0.000000j,0.228881-1.240490j,0.142903-0.060522j,1.143362
0.252683+0.000000j,0.227208-1.240992j,0.143316-0.060505j,1.146323
0.253317+0.000000j,0.225536-1.241496j,0.143729-0.060488j,1.149286
0.253953+0.000000j,0.223865-1.242002j,0.144144-0.060470j,1.152249
0.254590+0.000000j,0.222194-1.242511j,0.144559-0.060450j,1.155213
0.255228+0.000000j,0.220524-1.243022j,0.144975-0.060430j,1.158178
0.255869+0.000000j,0.218855-1.243536j,0.145391-0.060409j,1.161144
0.256511+0.000000j,0.217187-1.244052j,0.145808-0.060388j,1.164111
0.257154+0.000000j,0.215519-1.244570j,0.146226-0.060365j,1.167079
0.257799+0.000000j,0.213853-1.245091j,0.146644-0.060341j,1.170049
0.258446+0.000000j,0.212187-1.245614j,0.147063-0.060317j,1.173019
0.259094+0.000000j,0.210522-1.246140j,0.147482-0.060291j,1.175990
0.259744+0.000000j,0.208858-1.246668j,0.147902-0.060265j,1.178963
0.260395+0.000000j,0.207195-1.247199j,0.148323-0.060238j,1.181936
0.261049+0.000000j,0.205532-1.247732j,0.148744-0.060209j,1.184911
0.261703+0.000000j,0.203871-1.248267j,0.149166-0.060180j,1.187887
0.262360+0.000000j,0.202210-1.248805j,0.149588-0.060150j,1.190864
0.263018+0.000000j,0.200551-1.249346j,0.150011-0.060119j,1.193843
0.263678+0.000000j,0.198892-1.249888j,0.150434-0.060087j,1.196822
0.264339+0.000000j,0.197235-1.250434j,0.150858-0.060055j,1.199803
0.265002+0.000000j,0.195578-1.250981j,0.151283-0.060021j,1.202785
0.265667+0.000000j,0.193923-1.251531j,0.151708-0.059986j,1.205768
0.266334+0.000000j,0.192268-1.252084j,0.152134-0.059951j,1.208753
0.267002+0.000000j,0.190615-1.252639j,0.152561-0.059914j,1.211739
0.267671+0.000000j,0.188962-1.253196j,0.152987-0.059877j,1.214726
0.268343+0.000000j,0.187311-1.253756j,0.153415-0.059838j,1.217715
0.269016+0.000000j,0.185661-1.254318j,0.153843-0.059799j,1.220705
0.269691+0.000000j,0.184012-1.254883j,0.154271-0.059759j,1.223696
0.270367+0.000000j,0.182364-1.255450j,0.154700-0.059717j,1.226689
0.271045+0.000000j,0.180717-1.256019j,0.155130-0.059675j,1.229683
0.271725+0.000000j,0.179071-1.256591j,0.155560-0.059632j,1.232679
0.272407+0.000000j,0.177427-1.257165j,0.155991-0.059588j,1.235676
0.273090+0.000000j,0.175784-1.257742j,0.156422-0.059543j,1.238674
0.273775+0.000000j,0.174142-1.258321j,0.156854-0.059497j,1.241674
0.274462+0.000000j,0.172501-1.258902j,0.157286-0.059451j,1.244676
0.275151+0.000000j,0.170861-1.259486j,0.157718-0.059403j,1.247679
0.275841+0.000000j,0.169223-1.260072j,0.158152-0.059354j,1.250683
0.276533+0.000000j,0.167586-1.260661j,0.158585-0.059304j,1.253689
0.277226+0.000000j,0.165951-1.261252j,0.159019-0.059254j,1.256697
0.277922+0.000000j,0.164316-1.261846j,0.159454-0.059202j,1.259706
0.278619+0.000000j,0.162683-1.262441j,0.159889-0.059150j,1.262717
0.279318+0.000000j,0.161052-1.263040j,0.160325-0.059096j,1.265730
0.280019+0.000000j,0.159422-1.263640j,0.160761-0.059042j,1.268744
0.280721+0.000000j,0.157793-1.264243j,0.161197-0.058987j,1.271759
0.281425+0.000000j,0.156165-1.264848j,0.161634-0.058930j,1.274777
0.282131+0.000000j,0.154539-1.265456j,0.162072-0.058873j,1.277796
0.282839+0.000000j,0.152915-1.266066j,0.162510-0.058815j,1.280817
0.283548+0.000000j,0.151292-1.266679j,0.162948-0.058756j,1.283839
0.284260+0.000000j,0.149670-1.267293j,0.163387-0.058696j,1.286864
0.284973+0.000000j,0.148050-1.267910j,0.163826-0.058635j,1.289890
0.285687+0.000000j,0.146432-1.268530j,0.164266-0.058573j,1.292918
0.286404+0.000000j,0.144815-1.269151j,0.164706-0.058510j,1.295947
0.287122+0.000000j,0.143199-1.269775j,0.165147-0.058446j,1.298979
0.287843+0.000000j,0.141585-1.270402j,0.165588-0.058382j,1.302012
0.288565+0.000000j,0.139973-1.271030j,0.166029-0.058316j,1.305047
0.289289+0.000000j,0.138362-1.271661j,0.166471-0.058249j,1.308084
0.290014+0.000000j,0.136753-1.272295j,0.166913-0.058181j,1.311123
0.290742+0.000000j,0.135146-1.272930j,0.167356-0.058113j,1.314164
0.291471+0.000000j,0.133540-1.273568j,0.167799-0.058043j,1.317207
0.292202+0.000000j,0.131936-1.274208j,0.168242-0.057973j,1.320251
0.292935+0.000000j,0.130333-1.274851j,0.168686-0.057902j,1.323298
0.293670+0.000000j,0.128733-1.275495j,0.169130-0.057829j,1.326346
0.294407+0.000000j,0.127134-1.276142j,0.169575-0.057756j,1.329397
0.295145+0.000000j,0.125536-1.276791j,0.170020-0.057682j,1.332449
0.295886+0.000000j,0.123941-1.277443j,0.170465-0.057607j,1.335504
0.296628+0.000000j,0.122347-1.278096j,0.170911-0.057531j,1.338560
0.297372+0.000000j,0.120755-1.278752j,0.171357-0.057453j,1.341619
0.298118+0.000000j,0.119165-1.279410j,0.171804-0.057375j,1.344679
0.298866+0.000000j,0.117577-1.280070j,0.172250-0.057297j,1.347742
0.299615+0.000000j,0.115990-1.280733j,0.172698-0.057217j,1.350807
0.300367+0.000000j,0.114406-1.281398j,0.173145-0.057136j,1.353873
0.301120+0.000000j,0.112823-1.282064j,0.173593-0.057054j,1.356942
0.301876+0.000000j,0.111242-1.282733j,0.174041-0.056972j,1.360014
0.302633+0.000000j,0.109663-1.283405j,0.174490-0.056888j,1.363087
0.303392+0.000000j,0.108086-1.284078j,0.174939-0.056803j,1.366162
0.304153+0.000000j,0.106511-1.284753j,0.175388-0.056718j,1.369240
0.304916+0.000000j,0.104938-1.285431j,0.175838-0.056632j,1.372320
0.305681+0.000000j,0.103367-1.286111j,0.176288-0.056544j,1.375402
0.306448+0.000000j,0.101797-1.286792j,0.176738-0.056456j,1.378486
0.307216+0.000000j,0.100230-1.287476j,0.177189-0.056367j,1.381572
0.307987+0.000000j,0.098665-1.288162j,0.177640-0.056277j,1.384661
0.308760+0.000000j,0.097102-1.288850j,0.178091-0.056186j,1.387752
0.309534+0.000000j,0.095541-1.289541j,0.178543-0.056094j,1.390845
0.310311+0.000000j,0.093982-1.290233j,0.178994-0.056001j,1.393941
0.311089+0.000000j,0.092425-1.290927j,0.179447-0.055907j,1.397039
0.311869+0.000000j,0.090870-1.291623j,0.179899-0.055812j,1.400139
0.312652+0.000000j,0.089317-1.292322j,0.180352-0.055717j,1.403242
0.313436+0.000000j,0.087766-1.293022j,0.180805-0.055620j,1.406347
0.314222+0.000000j,0.086218-1.293724j,0.181258-0.055523j,1.409454
0.315010+0.000000j,0.084671-1.294429j,0.181712-0.055425j,1.412564
0.315801+0.000000j,0.083127-1.295135j,0.182166-0.055325j,1.415676
0.316593+0.000000j,0.081585-1.295843j,0.182620-0.055225j,1.418790
0.317387+0.000000j,0.080045-1.296554j,0.183074-0.055124j,1.421907
0.318183+0.000000j,0.078508-1.297266j,0.183529-0.055022j,1.425027
0.318981+0.000000j,0.076973-1.297980j,0.183984-0.054919j,1.428149
0.319781+0.000000j,0.075439-1.298696j,0.184439-0.054815j,1.431273
0.320584+0.000000j,0.073909-1.299414j,0.184895-0.054711j,1.434400
0.321388+0.000000j,0.072380-1.300134j,0.185351-0.054605j,1.437529
0.322194+0.000000j,0.070854-1.300855j,0.185807-0.054499j,1.440661
0.323002+0.000000j,0.069330-1.301579j,0.186263-0.054391j,1.443795
0.323812+0.000000j,0.067808-1.302304j,0.186720-0.054283j,1.446932
0.324625+0.000000j,0.066289-1.303032j,0.187176-0.054174j,1.450072
0.325439+0.000000j,0.064771-1.303761j,0.187634-0.054064j,1.453214
0.326255+0.000000j,0.063257-1.304492j,0.188091-0.053953j,1.456358
0.327074+0.000000j,0.061744-1.305224j,0.188548-0.053841j,1.459506
0.327894+0.000000j,0.060234-1.305959j,0.189006-0.053728j,1.462655
0.328717+0.000000j,0.058727-1.306695j,0.189464-0.053615j,1.465808
0.329541+0.000000j,0.057222-1.307433j,0.189922-0.053500j,1.468963
0.330368+0.000000j,0.055719-1.308173j,0.190381-0.053385j,1.472121
0.331197+0.000000j,0.054219-1.308914j,0.190840-0.053269j,1.475281
0.332027+0.000000j,0.052721-1.309657j,0.191298-0.053152j,1.478444
0.332860+0.000000j,0.051225-1.310402j,0.191758-0.053034j,1.481610
0.333695+0.000000j,0.049733-1.311149j,0.192217-0.052915j,1.484778
0.334532+0.000000j,0.048242-1.311897j,0.192676-0.052796j,1.487949
0.335371+0.000000j,0.046754-1.312647j,0.193136-0.052675j,1.491123
0.336213+0.000000j,0.045269-1.313398j,0.193596-0.052554j,1.494300
0.337056+0.000000j,0.043786-1.314151j,0.194056-0.052432j,1.497479
0.337902+0.000000j,0.042305-1.314906j,0.194517-0.052309j,1.500661
0.338749+0.000000j,0.040827-1.315662j,0.194977-0.052185j,1.503846
0.339599+0.000000j,0.039352-1.316420j,0.195438-0.052060j,1.507034
0.340451+0.000000j,0.037879-1.317180j,0.195899-0.051934j,1.510224
0.341305+0.000000j,0.036409-1.317941j,0.196360-0.051808j,1.513418
0.342161+0.000000j,0.034941-1.318703j,0.196822-0.051681j,1.516614
0.343019+0.000000j,0.033476-1.319467j,0.197283-0.051552j,1.519813
0.343880+0.000000j,0.032014-1.320233j,0.197745-0.051423j,1.523015
0.344742+0.000000j,0.030554-1.321000j,0.198207-0.051294j,1.526219
0.345607+0.000000j,0.029097-1.321768j,0.198669-0.051163j,1.529427
0.346474+0.000000j,0.027642-1.322538j,0.199132-0.051032j,1.532637
0.347343+0.000000j,0.026191-1.323309j,0.199594-0.050899j,1.535850
0.348214+0.000000j,0.024741-1.324082j,0.200057-0.050766j,1.539066
0.349088+0.000000j,0.023295-1.324856j,0.200520-0.050632j,1.542285
0.349964+0.000000j,0.021851-1.325631j,0.200983-0.050498j,1.545507
0.350841+0.000000j,0.020410-1.326408j,0.201446-0.050362j,1.548732
0.351721+0.000000j,0.018971-1.327187j,0.201909-0.050226j,1.551960
0.352604+0.000000j,0.017535-1.327966j,0.202373-0.050089j,1.555191
0.353488+0.000000j,0.016102-1.328747j,0.202837-0.049951j,1.558424
0.354375+0.000000j,0.014672-1.329529j,0.203301-0.049812j,1.561661
0.355264+0.000000j,0.013244-1.330312j,0.203765-0.049672j,1.564901
0.356155+0.000000j,0.011819-1.331097j,0.204229-0.049532j,1.568143
0.357048+0.000000j,0.010397-1.331883j,0.204693-0.049391j,1.571389
0.357944+0.000000j,0.008977-1.332670j,0.205158-0.049249j,1.574638
0.358842+0.000000j,0.007561-1.333458j,0.205623-0.049106j,1.577889
0.359742+0.000000j,0.006147-1.334248j,0.206087-0.048963j,1.581144
0.360645+0.000000j,0.004736-1.335039j,0.206552-0.048818j,1.584402
0.361549+0.000000j,0.003327-1.335831j,0.207018-0.048673j,1.587663
0.362456+0.000000j,0.001922-1.336624j,0.207483-0.048527j,1.590926
0.363365+0.000000j,0.000519-1.337418j,0.207948-0.048381j,1.594193
0.364277+0.000000j,-0.000881-1.338213j,0.208414-0.048233j,1.597463
0.365191+0.000000j,-0.002278-1.339009j,0.208880-0.048085j,1.600736
0.366107+0.000000j,-0.003673-1.339806j,0.209346-0.047936j,1.604013
0.367025+0.000000j,-0.005064-1.340605j,0.209812-0.047787j,1.607292
0.367946+0.000000j,-0.006453-1.341404j,0.210278-0.047636j,1.610574
0.368869+0.000000j,-0.007839-1.342205j,0.210744-0.047485j,1.613860
0.369794+0.000000j,-0.009222-1.343006j,0.211211-0.047333j,1.617148
0.370722+0.000000j,-0.010602-1.343809j,0.211678-0.047180j,1.620440
0.371652+0.000000j,-0.011979-1.344612j,0.212144-0.047027j,1.623735
0.372584+0.000000j,-0.013354-1.345416j,0.212611-0.046873j,1.627033
0.373518+0.000000j,-0.014725-1.346221j,0.213078-0.046718j,1.630334
0.374455+0.000000j,-0.016094-1.347028j,0.213546-0.046562j,1.633638
0.375395+0.000000j,-0.017460-1.347835j,0.214013-0.046405j,1.636946
0.376336+0.000000j,-0.018823-1.348642j,0.214481-0.046248j,1.640257
0.377280+0.000000j,-0.020183-1.349451j,0.214948-0.046090j,1.643570
0.378227+0.000000j,-0.021540-1.350261j,0.215416-0.045932j,1.646888
0.379176+0.000000j,-0.022894-1.351071j,0.215884-0.045772j,1.650208
0.380127+0.000000j,-0.024246-1.351882j,0.216352-0.045612j,1.653531
0.381080+0.000000j,-0.025594-1.352694j,0.216820-0.045452j,1.656858
0.382036+0.000000j,-0.026940-1.353507j,0.217289-0.045290j,1.660188
0.382994+0.000000j,-0.028283-1.354320j,0.217757-0.045128j,1.663521
0.383955+0.000000j,-0.029622-1.355134j,0.218226-0.044965j,1.666858
0.384918+0.000000j,-0.030959-1.355949j,0.218694-0.044801j,1.670197
0.385884+0.000000j,-0.032293-1.356765j,0.219163-0.044637j,1.673540
0.386852+0.000000j,-0.033624-1.357581j,0.219632-0.044472j,1.676886
0.387822+0.000000j,-0.034952-1.358398j,0.220101-0.044306j,1.680236
0.388795+0.000000j,-0.036278-1.359215j,0.220571-0.044140j,1.683589
0.389770+0.000000j,-0.037600-1.360033j,0.221040-0.043973j,1.686945
0.390748+0.000000j,-0.038919-1.360852j,0.221510-0.043805j,1.690304
0.391728+0.000000j,-0.040236-1.361671j,0.221979-0.043637j,1.693667
0.392711+0.000000j,-0.041549-1.362491j,0.222449-0.043467j,1.697032
0.393696+0.000000j,-0.042860-1.363311j,0.222919-0.043298j,1.700402
0.394684+0.000000j,-0.044167-1.364132j,0.223389-0.043127j,1.703774
0.395674+0.000000j,-0.045472-1.364953j,0.223860-0.042956j,1.707150
0.396666+0.000000j,-0.046774-1.365775j,0.224330-0.042784j,1.710529
0.397661+0.000000j,-0.048072-1.366597j,0.224800-0.042611j,1.713912
0.398659+0.000000j,-0.049368-1.367420j,0.225271-0.042438j,1.717297
0.399659+0.000000j,-0.050661-1.368243j,0.225742-0.042264j,1.720687
0.400661+0.000000j,-0.051951-1.369067j,0.226213-0.042090j,1.724079
0.401666+0.000000j,-0.053238-1.369891j,0.226684-0.041915j,1.727475
0.402674+0.000000j,-0.054522-1.370715j,0.227155-0.041739j,1.730874
0.403684+0.000000j,-0.055803-1.371539j,0.227626-0.041562j,1.734277
0.404697+0.000000j,-0.057081-1.372364j,0.228098-0.041385j,1.737683
0.405712+0.000000j,-0.058357-1.373190j,0.228569-0.041207j,1.741092
0.406729+0.000000j,-0.059629-1.374015j,0.229041-0.041029j,1.744505
0.407750+0.000000j,-0.060898-1.374841j,0.229513-0.040850j,1.747921
0.408772+0.000000j,-0.062165-1.375667j,0.229985-0.040670j,1.751340
0.409798+0.000000j,-0.063428-1.376494j,0.230457-0.040490j,1.754763
0.410826+0.000000j,-0.064689-1.377320j,0.230929-0.040309j,1.758189
0.411856+0.000000j,-0.065946-1.378147j,0.231402-0.040127j,1.761619
0.412889+0.000000j,-0.067201-1.378974j,0.231874-0.039945j,1.765052
0.413925+0.000000j,-0.068452-1.379801j,0.232347-0.039762j,1.768488
0.414964+0.000000j,-0.069701-1.380629j,0.232820-0.039579j,1.771928
0.416004+0.000000j,-0.070947-1.381456j,0.233293-0.039395j,1.775372
0.417048+0.000000j,-0.072190-1.382284j,0.233766-0.039210j,1.778818
0.418094+0.000000j,-0.073430-1.383111j,0.234239-0.039025j,1.782268
0.419143+0.000000j,-0.074667-1.383939j,0.234713-0.038839j,1.785722
0.420194+0.000000j,-0.075901-1.384767j,0.235186-0.038652j,1.789179
0.421248+0.000000j,-0.077132-1.385595j,0.235660-0.038465j,1.792639
0.422305+0.000000j,-0.078361-1.386423j,0.236134-0.038277j,1.796103
0.423364+0.000000j,-0.079586-1.387251j,0.236608-0.038089j,1.799571
0.424426+0.000000j,-0.080808-1.388079j,0.237082-0.037900j,1.803041
0.425491+0.000000j,-0.082028-1.388906j,0.237556-0.037711j,1.806516
0.426558+0.000000j,-0.083244-1.389734j,0.238031-0.037521j,1.809993
0.427628+0.000000j,-0.084458-1.390562j,0.238505-0.037330j,1.813474
0.428701+0.000000j,-0.085669-1.391390j,0.238980-0.037139j,1.816959
0.429776+0.000000j,-0.086877-1.392218j,0.239455-0.036947j,1.820447
0.430854+0.000000j,-0.088082-1.393045j,0.239930-0.036754j,1.823939
0.431935+0.000000j,-0.089284-1.393873j,0.240405-0.036561j,1.827434
0.433019+0.000000j,-0.090483-1.394700j,0.240881-0.036368j,1.830932
0.434105+0.000000j,-0.091680-1.395527j,0.241356-0.036173j,1.834434
0.435194+0.000000j,-0.092873-1.396354j,0.241832-0.035979j,1.837939
0.436286+0.000000j,-0.094064-1.397181j,0.242308-0.035783j,1.841448
0.437380+0.000000j,-0.095251-1.398007j,0.242784-0.035587j,1.844961
0.438477+0.000000j,-0.096436-1.398834j,0.243260-0.035391j,1.848477
0.439577+0.000000j,-0.097618-1.399660j,0.243737-0.035194j,1.851996
0.440680+0.000000j,-0.098797-1.400486j,0.244213-0.034996j,1.855519
0.441785+0.000000j,-0.099973-1.401311j,0.244690-0.034798j,1.859045
0.442893+0.000000j,-0.101147-1.402137j,0.245167-0.034600j,1.862575
0.444004+0.000000j,-0.102317-1.402962j,0.245644-0.034400j,1.866108
0.445118+0.000000j,-0.103485-1.403786j,0.246121-0.034201j,1.869645
0.446235+0.000000j,-0.104650-1.404611j,0.246599-0.034000j,1.873185
0.447354+0.000000j,-0.105812-1.405435j,0.247076-0.033800j,1.876729
0.448476+0.000000j,-0.106971-1.406258j,0.247554-0.033598j,1.880277
0.449601+0.000000j,-0.108128-1.407082j,0.248032-0.033396j,1.883828
0.450729+0.000000j,-0.109281-1.407905j,0.248510-0.033194j,1.887382
0.451860+0.000000j,-0.110432-1.408727j,0.248989-0.032991j,1.890940
0.452993+0.000000j,-0.111580-1.409549j,0.249467-0.032787j,1.894501
0.454129+0.000000j,-0.112725-1.410371j,0.249946-0.032583j,1.898066
0.455269+0.000000j,-0.113868-1.411192j,0.250425-0.032378j,1.901635
0.456411+0.000000j,-0.115007-1.412012j,0.250904-0.032173j,1.905206
0.457555+0.000000j,-0.116144-1.412833j,0.251383-0.031968j,1.908782
0.458703+0.000000j,-0.117278-1.413652j,0.251863-0.031762j,1.912361
0.459854+0.000000j,-0.118410-1.414472j,0.252343-0.031555j,1.915943
0.461007+0.000000j,-0.119538-1.415290j,0.252823-0.031348j,1.919529
0.462164+0.000000j,-0.120664-1.416108j,0.253303-0.031140j,1.923119
0.463323+0.000000j,-0.121787-1.416926j,0.253783-0.030932j,1.926712
0.464485+0.000000j,-0.122907-1.417743j,0.254264-0.030723j,1.930309
0.465650+0.000000j,-0.124025-1.418559j,0.254744-0.030514j,1.933909
0.466819+0.000000j,-0.125140-1.419375j,0.255225-0.030304j,1.937512
0.467989+0.000000j,-0.126252-1.420190j,0.255706-0.030094j,1.941120
0.469163+0.000000j,-0.127362-1.421005j,0.256188-0.029883j,1.944730
0.470340+0.000000j,-0.128468-1.421819j,0.256669-0.029672j,1.948345
0.471520+0.000000j,-0.129572-1.422632j,0.257151-0.029460j,1.951962
0.472703+0.000000j,-0.130674-1.423444j,0.257633-0.029247j,1.955584
0.473889+0.000000j,-0.131772-1.424256j,0.258116-0.029035j,1.959209
0.475077+0.000000j,-0.132868-1.425068j,0.258598-0.028821j,1.962837
0.476269+0.000000j,-0.133962-1.425878j,0.259081-0.028608j,1.966469
0.477464+0.000000j,-0.135053-1.426688j,0.259564-0.028393j,1.970104
0.478662+0.000000j,-0.136141-1.427497j,0.260047-0.028179j,1.973743
0.479862+0.000000j,-0.137226-1.428305j,0.260531-0.027964j,1.977386
0.481066+0.000000j,-0.138309-1.429113j,0.261014-0.027748j,1.981032
0.482273+0.000000j,-0.139389-1.429919j,0.261498-0.027532j,1.984681
0.483482+0.000000j,-0.140467-1.430725j,0.261982-0.027315j,1.988335
0.484695+0.000000j,-0.141541-1.431530j,0.262467-0.027098j,1.991991
0.485911+0.000000j,-0.142614-1.432335j,0.262951-0.026880j,1.995651
0.487130+0.000000j,-0.143684-1.433138j,0.263436-0.026662j,1.999315
0.488352+0.000000j,-0.144751-1.433941j,0.263921-0.026444j,2.002982
0.489577+0.000000j,-0.145815-1.434742j,0.264407-0.026225j,2.006653
0.490805+0.000000j,-0.146877-1.435543j,0.264893-0.026005j,2.010328
0.492036+0.000000j,-0.147937-1.436343j,0.265378-0.025785j,2.014005
0.493270+0.000000j,-0.148994-1.437143j,0.265865-0.025565j,2.017687
0.494508+0.000000j,-0.150048-1.437941j,0.266351-0.025344j,2.021372
0.495748+0.000000j,-0.151100-1.438738j,0.266838-0.025122j,2.025060
0.496992+0.000000j,-0.152149-1.439535j,0.267325-0.024901j,2.028752
0.498238+0.000000j,-0.153196-1.440330j,0.267812-0.024678j,2.032448
0.499488+0.000000j,-0.154240-1.441125j,0.268300-0.024455j,2.036147
0.500741+0.000000j,-0.155282-1.441918j,0.268788-0.024232j,2.039849
0.501997+0.000000j,-0.156322-1.442711j,0.269276-0.024009j,2.043556
0.503257+0.000000j,-0.157358-1.443502j,0.269764-0.023784j,2.047265
0.504519+0.000000j,-0.158393-1.444293j,0.270253-0.023560j,2.050978
0.505785+0.000000j,-0.159425-1.445083j,0.270742-0.023335j,2.054695
0.507053+0.000000j,-0.160454-1.445871j,0.271231-0.023109j,2.058416
0.508325+0.000000j,-0.161481-1.446659j,0.271721-0.022884j,2.062139
0.509600+0.000000j,-0.162506-1.447445j,0.272210-0.022657j,2.065867
0.510879+0.000000j,-0.163528-1.448231j,0.272701-0.022430j,2.069597
0.512160+0.000000j,-0.164548-1.449015j,0.273191-0.022203j,2.073332
0.513445+0.000000j,-0.165565-1.449799j,0.273682-0.021975j,2.077070
0.514733+0.000000j,-0.166580-1.450581j,0.274173-0.021747j,2.080811
0.516024+0.000000j,-0.167593-1.451362j,0.274664-0.021519j,2.084556
0.517318+0.000000j,-0.168603-1.452142j,0.275156-0.021290j,2.088305
0.518616+0.000000j,-0.169611-1.452921j,0.275648-0.021060j,2.092057
0.519917+0.000000j,-0.170616-1.453699j,0.276140-0.020830j,2.095812
0.521221+0.000000j,-0.171619-1.454476j,0.276633-0.020600j,2.099571
0.522529+0.000000j,-0.172620-1.455251j,0.277126-0.020369j,2.103334
0.523839+0.000000j,-0.173619-1.456026j,0.277619-0.020138j,2.107100
0.525153+0.000000j,-0.174615-1.456799j,0.278113-0.019906j,2.110869
0.526471+0.000000j,-0.175609-1.457571j,0.278607-0.019674j,2.114643
0.527791+0.000000j,-0.176600-1.458342j,0.279101-0.019442j,2.118419
0.529115+0.000000j,-0.177589-1.459112j,0.279596-0.019209j,2.122199
0.530443+0.000000j,-0.178576-1.459880j,0.280091-0.018975j,2.125983
0.531773+0.000000j,-0.179561-1.460648j,0.280586-0.018742j,2.129770
0.533107+0.000000j,-0.180544-1.461414j,0.281082-0.018507j,2.133561
0.534444+0.000000j,-0.181524-1.462179j,0.281578-0.018273j,2.137355
0.535785+0.000000j,-0.182502-1.462942j,0.282075-0.018038j,2.141153
0.537129+0.000000j,-0.183477-1.463705j,0.282572-0.017802j,2.144954
0.538476+0.000000j,-0.184451-1.464466j,0.283069-0.017566j,2.148759
0.539827+0.000000j,-0.185422-1.465226j,0.283566-0.017330j,2.152567
0.541181+0.000000j,-0.186391-1.465984j,0.284064-0.017093j,2.156379
0.542539+0.000000j,-0.187358-1.466742j,0.284562-0.016856j,2.160194
0.543900+0.000000j,-0.188323-1.467498j,0.285061-0.016619j,2.164013
0.545264+0.000000j,-0.189286-1.468253j,0.285560-0.016381j,2.167835
0.546632+0.000000j,-0.190246-1.469006j,0.286059-0.016142j,2.171660
0.548003+0.000000j,-0.191204-1.469758j,0.286559-0.015903j,2.175490
0.549378+0.000000j,-0.192160-1.470509j,0.287059-0.015664j,2.179322
0.550756+0.000000j,-0.193114-1.471259j,0.287560-0.015424j,2.183159
0.552137+0.000000j,-0.194066-1.472007j,0.288061-0.015184j,2.186998
0.553522+0.000000j,-0.195016-1.472754j,0.288562-0.014944j,2.190841
0.554911+0.000000j,-0.195964-1.473499j,0.289064-0.014703j,2.194688
0.556303+0.000000j,-0.196909-1.474243j,0.289566-0.014462j,2.198538
0.557698+0.000000j,-0.197853-1.474986j,0.290069-0.014220j,2.202392
0.559097+0.000000j,-0.198794-1.475727j,0.290572-0.013978j,2.206249
0.560500+0.000000j,-0.199734-1.476468j,0.291075-0.013735j,2.210109
0.561906+0.000000j,-0.200671-1.477206j,0.291579-0.013492j,2.213973
0.563315+0.000000j,-0.201606-1.477943j,0.292083-0.013249j,2.217841
0.564728+0.000000j,-0.202540-1.478679j,0.292588-0.013005j,2.221712
0.566145+0.000000j,-0.203471-1.479414j,0.293093-0.012761j,2.225586
0.567565+0.000000j,-0.204400-1.480147j,0.293599-0.012516j,2.229464
0.568989+0.000000j,-0.205327-1.480878j,0.294105-0.012271j,2.233346
0.570416+0.000000j,-0.206253-1.481609j,0.294611-0.012026j,2.237231
0.571847+0.000000j,-0.207176-1.482337j,0.295118-0.011780j,2.241119
0.573281+0.000000j,-0.208097-1.483065j,0.295625-0.011534j,2.245011
0.574719+0.000000j,-0.209017-1.483791j,0.296133-0.011287j,2.248906
0.576161+0.000000j,-0.209934-1.484515j,0.296641-0.011040j,2.252805
0.577606+0.000000j,-0.210850-1.485238j,0.297150-0.010793j,2.256707
0.579055+0.000000j,-0.211763-1.485960j,0.297659-0.010545j,2.260612
0.580508+0.000000j,-0.212675-1.486680j,0.298169-0.010297j,2.264522
0.581964+0.000000j,-0.213585-1.487398j,0.298679-0.010048j,2.268434
0.583424+0.000000j,-0.214492-1.488115j,0.299189-0.009799j,2.272350
0.584887+0.000000j,-0.215398-1.488831j,0.299700-0.009550j,2.276269
0.586354+0.000000j,-0.216302-1.489545j,0.300212-0.009300j,2.280192
0.587825+0.000000j,-0.217205-1.490258j,0.300724-0.009050j,2.284119
0.589300+0.000000j,-0.218105-1.490969j,0.301236-0.008799j,2.288048
0.590778+0.000000j,-0.219004-1.491678j,0.301749-0.008548j,2.291981
0.592260+0.000000j,-0.219900-1.492386j,0.302263-0.008297j,2.295918
0.593746+0.000000j,-0.220795-1.493093j,0.302776-0.008045j,2.299858
0.595235+0.000000j,-0.221688-1.493798j,0.303291-0.007793j,2.303802
0.596728+0.000000j,-0.222580-1.494501j,0.303806-0.007540j,2.307748
0.598225+0.000000j,-0.223469-1.495203j,0.304321-0.007287j,2.311699
0.599726+0.000000j,-0.224357-1.495904j,0.304837-0.007034j,2.315653
0.601230+0.000000j,-0.225243-1.496603j,0.305354-0.006780j,2.319610
0.602738+0.000000j,-0.226127-1.497300j,0.305871-0.006526j,2.323570
0.604250+0.000000j,-0.227009-1.497996j,0.306388-0.006271j,2.327534
0.605766+0.000000j,-0.227890-1.498690j,0.306906-0.006016j,2.331502
0.607285+0.000000j,-0.228769-1.499383j,0.307425-0.005761j,2.335473
0.608809+0.000000j,-0.229646-1.500074j,0.307944-0.005505j,2.339447
0.610336+0.000000j,-0.230522-1.500763j,0.308463-0.005249j,2.343425
0.611867+0.000000j,-0.231396-1.501451j,0.308983-0.004992j,2.347406
0.613402+0.000000j,-0.232268-1.502137j,0.309504-0.004735j,2.351390
0.614940+0.000000j,-0.233138-1.502822j,0.310025-0.004477j,2.355378
0.616483+0.000000j,-0.234007-1.503505j,0.310547-0.004220j,2.359369
0.618029+0.000000j,-0.234874-1.504187j,0.311070-0.003961j,2.363364
0.619580+0.000000j,-0.235740-1.504867j,0.311592-0.003703j,2.367362
0.621134+0.000000j,-0.236604-1.505545j,0.312116-0.003444j,2.371363
0.622692+0.000000j,-0.237466-1.506222j,0.312640-0.003184j,2.375368
0.624254+0.000000j,-0.238327-1.506897j,0.313165-0.002925j,2.379376
0.625820+0.000000j,-0.239186-1.507570j,0.313690-0.002664j,2.383388
0.627390+0.000000j,-0.240043-1.508242j,0.314215-0.002404j,2.387403
0.628964+0.000000j,-0.240899-1.508913j,0.314742-0.002143j,2.391421
0.630541+0.000000j,-0.241753-1.509581j,0.315269-0.001881j,2.395443
0.632123+0.000000j,-0.242606-1.510248j,0.315796-0.001620j,2.399468
0.633709+0.000000j,-0.243457-1.510914j,0.316324-0.001357j,2.403497
0.635298+0.000000j,-0.244306-1.511577j,0.316853-0.001095j,2.407529
0.636892+0.000000j,-0.245154-1.512239j,0.317382-0.000832j,2.411564
0.638490+0.000000j,-0.246001-1.512900j,0.317912-0.000568j,2.415603
0.640091+0.000000j,-0.246846-1.513559j,0.318443-0.000304j,2.419645
0.641697+0.000000j,-0.247689-1.514216j,0.318974-0.000040j,2.423690
0.643306+0.000000j,-0.248531-1.514871j,0.319505+0.000224j,2.427739
0.644920+0.000000j,-0.249372-1.515525j,0.320038+0.000489j,2.431791
0.646538+0.000000j,-0.250211-1.516177j,0.320571+0.000755j,2.435846
0.648160+0.000000j,-0.251048-1.516828j,0.321104+0.001021j,2.439905
0.649786+0.000000j,-0.251884-1.517477j,0.321639+0.001287j,2.443967
0.651416+0.000000j,-0.252719-1.518124j,0.322173+0.001554j,2.448033
0.653050+0.000000j,-0.253552-1.518769j,0.322709+0.001821j,2.452102
0.654688+0.000000j,-0.254384-1.519413j,0.323245+0.002088j,2.456174
0.656330+0.000000j,-0.255214-1.520055j,0.323782+0.002356j,2.460249
0.657976+0.000000j,-0.256043-1.520696j,0.324319+0.002624j,2.464328
0.659627+0.000000j,-0.256871-1.521334j,0.324857+0.002893j,2.468411
0.661282+0.000000j,-0.257697-1.521972j,0.325396+0.003162j,2.472496
0.662940+0.000000j,-0.258521-1.522607j,0.325936+0.003431j,2.476585
0.664603+0.000000j,-0.259345-1.523241j,0.326476+0.003701j,2.480677
0.666270+0.000000j,-0.260167-1.523873j,0.327016+0.003972j,2.484773
0.667942+0.000000j,-0.260987-1.524503j,0.327558+0.004242j,2.488872
0.669617+0.000000j,-0.261807-1.525132j,0.328100+0.004514j,2.492974
0.671297+0.000000j,-0.262625-1.525759j,0.328643+0.004785j,2.497079
0.672981+0.000000j,-0.263441-1.526384j,0.329186+0.005057j,2.501188
0.674669+0.000000j,-0.264257-1.527007j,0.329730+0.005329j,2.505300
0.676361+0.000000j,-0.265071-1.527629j,0.330275+0.005602j,2.509416
0.678058+0.000000j,-0.265883-1.528249j,0.330821+0.005875j,2.513535
0.679759+0.000000j,-0.266695-1.528868j,0.331367+0.006149j,2.517657
0.681464+0.000000j,-0.267505-1.529484j,0.331914+0.006423j,2.521782
0.683173+0.000000j,-0.268314-1.530099j,0.332462+0.006697j,2.525911
0.684887+0.000000j,-0.269121-1.530713j,0.333010+0.006972j,2.530043
0.686605+0.000000j,-0.269928-1.531324j,0.333559+0.007248j,2.534178
0.688328+0.000000j,-0.270733-1.531934j,0.334109+0.007523j,2.538317
0.690054+0.000000j,-0.271537-1.532542j,0.334660+0.007799j,2.542459
0.691785+0.000000j,-0.272339-1.533148j,0.335211+0.008076j,2.546604
0.693520+0.000000j,-0.273141-1.533753j,0.335763+0.008353j,2.550753
0.695260+0.000000j,-0.273941-1.534356j,0.336316+0.008630j,2.554905
0.697004+0.000000j,-0.274740-1.534957j,0.336869+0.008908j,2.559060
0.698753+0.000000j,-0.275538-1.535557j,0.337423+0.009186j,2.563218
0.700505+0.000000j,-0.276335-1.536154j,0.337979+0.009465j,2.567380
0.702263+0.000000j,-0.277130-1.536750j,0.338534+0.009744j,2.571545
0.704024+0.000000j,-0.277924-1.537345j,0.339091+0.010023j,2.575713
0.705790+0.000000j,-0.278718-1.537937j,0.339648+0.010303j,2.579885
0.707561+0.000000j,-0.279510-1.538528j,0.340206+0.010584j,2.584059
0.709335+0.000000j,-0.280301-1.539117j,0.340765+0.010864j,2.588237
0.711115+0.000000j,-0.281090-1.539704j,0.341325+0.011146j,2.592419
0.712899+0.000000j,-0.281879-1.540290j,0.341885+0.011427j,2.596603
0.714687+0.000000j,-0.282667-1.540874j,0.342446+0.011709j,2.600791
0.716480+0.000000j,-0.283453-1.541456j,0.343008+0.011992j,2.604983
0.718277+0.000000j,-0.284239-1.542036j,0.343571+0.012275j,2.609177
0.720079+0.000000j,-0.285023-1.542615j,0.344134+0.012558j,2.613375
0.721885+0.000000j,-0.285806-1.543192j,0.344699+0.012842j,2.617576
0.723696+0.000000j,-0.286588-1.543767j,0.345264+0.013126j,2.621780
0.725511+0.000000j,-0.287369-1.544341j,0.345830+0.013411j,2.625987
0.727331+0.000000j,-0.288149-1.544912j,0.346397+0.013696j,2.630198
0.729156+0.000000j,-0.288928-1.545482j,0.346964+0.013982j,2.634412
0.730985+0.000000j,-0.289707-1.546050j,0.347533+0.014268j,2.638629
0.732818+0.000000j,-0.290483-1.546617j,0.348102+0.014554j,2.642850
0.734656+0.000000j,-0.291259-1.547181j,0.348672+0.014841j,2.647074
0.736499+0.000000j,-0.292034-1.547744j,0.349243+0.015128j,2.651301
0.738347+0.000000j,-0.292808-1.548306j,0.349815+0.015416j,2.655531
0.740199+0.000000j,-0.293581-1.548865j,0.350388+0.015704j,2.659764
0.742056+0.000000j,-0.294353-1.549423j,0.350961+0.015993j,2.664001
0.743917+0.000000j,-0.295125-1.549979j,0.351535+0.016282j,2.668241
0.745783+0.000000j,-0.295895-1.550533j,0.352111+0.016572j,2.672484
0.747654+0.000000j,-0.296664-1.551085j,0.352687+0.016862j,2.676731
0.749529+0.000000j,-0.297432-1.551636j,0.353264+0.017152j,2.680980
0.751410+0.000000j,-0.298199-1.552185j,0.353841+0.017443j,2.685233
0.753294+0.000000j,-0.298966-1.552732j,0.354420+0.017734j,2.689489
0.755184+0.000000j,-0.299731-1.553278j,0.354999+0.018026j,2.693749
0.757078+0.000000j,-0.300495-1.553821j,0.355580+0.018319j,2.698011
0.758978+0.000000j,-0.301259-1.554363j,0.356161+0.018611j,2.702277
0.760881+0.000000j,-0.302022-1.554903j,0.356743+0.018904j,2.706546
0.762790+0.000000j,-0.302784-1.555442j,0.357327+0.019198j,2.710818
0.764703+0.000000j,-0.303545-1.555979j,0.357911+0.019492j,2.715094
0.766622+0.000000j,-0.304305-1.556514j,0.358495+0.019787j,2.719372
0.768545+0.000000j,-0.305064-1.557047j,0.359081+0.020082j,2.723654
0.770473+0.000000j,-0.305822-1.557578j,0.359668+0.020378j,2.727939
0.772405+0.000000j,-0.306580-1.558108j,0.360256+0.020674j,2.732228
0.774343+0.000000j,-0.307336-1.558636j,0.360844+0.020970j,2.736519
0.776285+0.000000j,-0.308092-1.559162j,0.361434+0.021267j,2.740814
0.778233+0.000000j,-0.308847-1.559687j,0.362024+0.021564j,2.745112
0.780185+0.000000j,-0.309602-1.560209j,0.362616+0.021862j,2.749413
0.782142+0.000000j,-0.310355-1.560730j,0.363208+0.022161j,2.753717
0.784104+0.000000j,-0.311108-1.561249j,0.363801+0.022460j,2.758025
0.786071+0.000000j,-0.311859-1.561767j,0.364395+0.022759j,2.762336
0.788042+0.000000j,-0.312611-1.562283j,0.364991+0.023059j,2.766650
0.790019+0.000000j,-0.313361-1.562797j,0.365587+0.023359j,2.770967
0.792001+0.000000j,-0.314110-1.563309j,0.366184+0.023660j,2.775287
0.793988+0.000000j,-0.314859-1.563819j,0.366782+0.023961j,2.779611
0.795979+0.000000j,-0.315607-1.564328j,0.367381+0.024263j,2.783938
0.797976+0.000000j,-0.316354-1.564835j,0.367981+0.024565j,2.788267
0.799978+0.000000j,-0.317101-1.565340j,0.368582+0.024868j,2.792601
0.801984+0.000000j,-0.317847-1.565844j,0.369184+0.025171j,2.796937
0.803996+0.000000j,-0.318592-1.566345j,0.369787+0.025475j,2.801276
0.806013+0.000000j,-0.319336-1.566845j,0.370391+0.025779j,2.805619
0.808035+0.000000j,-0.320080-1.567344j,0.370996+0.026084j,2.809965
0.810062+0.000000j,-0.320823-1.567840j,0.371602+0.026389j,2.814314
0.812094+0.000000j,-0.321565-1.568335j,0.372209+0.026695j,2.818666
0.814131+0.000000j,-0.322307-1.568828j,0.372817+0.027001j,2.823022
0.816173+0.000000j,-0.323048-1.569319j,0.373426+0.027308j,2.827380
0.818220+0.000000j,-0.323788-1.569809j,0.374036+0.027615j,2.831742
0.820273+0.000000j,-0.324527-1.570297j,0.374647+0.027923j,2.836107
0.822330+0.000000j,-0.325266-1.570783j,0.375259+0.028231j,2.840475
0.824393+0.000000j,-0.326005-1.571267j,0.375872+0.028540j,2.844847
0.826461+0.000000j,-0.326742-1.571750j,0.376487+0.028849j,2.849221
0.828534+0.000000j,-0.327479-1.572231j,0.377102+0.029159j,2.853599
0.830613+0.000000j,-0.328216-1.572710j,0.377718+0.029469j,2.857979
0.832696+0.000000j,-0.328952-1.573187j,0.378336+0.029780j,2.862364
0.834785+0.000000j,-0.329687-1.573663j,0.378954+0.030091j,2.866751
0.836879+0.000000j,-0.330421-1.574137j,0.379573+0.030403j,2.871141
0.838978+0.000000j,-0.331155-1.574609j,0.380194+0.030715j,2.875535
0.841083+0.000000j,-0.331889-1.575080j,0.380816+0.031028j,2.879931
0.843193+0.000000j,-0.332622-1.575549j,0.381438+0.031342j,2.884331
0.845308+0.000000j,-0.333354-1.576016j,0.382062+0.031655j,2.888734
0.847428+0.000000j,-0.334085-1.576481j,0.382687+0.031970j,2.893140
0.849554+0.000000j,-0.334817-1.576945j,0.383313+0.032285j,2.897550
0.851685+0.000000j,-0.335547-1.577407j,0.383940+0.032600j,2.901962
0.853821+0.000000j,-0.336277-1.577867j,0.384568+0.032917j,2.906378
0.855963+0.000000j,-0.337007-1.578325j,0.385198+0.033233j,2.910797
0.858110+0.000000j,-0.337736-1.578782j,0.385828+0.033550j,2.915218
0.860263+0.000000j,-0.338464-1.579237j,0.386460+0.033868j,2.919644
0.862421+0.000000j,-0.339192-1.579690j,0.387092+0.034186j,2.924072
0.864584+0.000000j,-0.339919-1.580142j,0.387726+0.034505j,2.928503
0.866753+0.000000j,-0.340646-1.580592j,0.388361+0.034824j,2.932938
0.868927+0.000000j,-0.341373-1.581040j,0.388997+0.035144j,2.937376
0.871107+0.000000j,-0.342099-1.581487j,0.389634+0.035465j,2.941817
0.873292+0.000000j,-0.342824-1.581931j,0.390273+0.035786j,2.946261
0.875483+0.000000j,-0.343549-1.582374j,0.390912+0.036107j,2.950708
0.877679+0.000000j,-0.344273-1.582816j,0.391553+0.036429j,2.955158
0.879880+0.000000j,-0.344997-1.583256j,0.392194+0.036752j,2.959612
0.882087+0.000000j,-0.345721-1.583693j,0.392837+0.037075j,2.964068
0.884300+0.000000j,-0.346444-1.584130j,0.393482+0.037399j,2.968528
0.886518+0.000000j,-0.347167-1.584564j,0.394127+0.037723j,2.972991
0.888742+0.000000j,-0.347889-1.584997j,0.394773+0.038048j,2.977457
0.890972+0.000000j,-0.348611-1.585428j,0.395421+0.038374j,2.981927
0.893207+0.000000j,-0.349332-1.585858j,0.396070+0.038700j,2.986399
0.895447+0.000000j,-0.350053-1.586286j,0.396720+0.039026j,2.990875
0.897693+0.000000j,-0.350774-1.586712j,0.397371+0.039353j,2.995353
0.899945+0.000000j,-0.351494-1.587136j,0.398024+0.039681j,2.999835
0.902203+0.000000j,-0.352214-1.587559j,0.398678+0.040010j,3.004320
0.904466+0.000000j,-0.352933-1.587980j,0.399333+0.040338j,3.008808
0.906735+0.000000j,-0.353652-1.588399j,0.399989+0.040668j,3.013300
0.909009+0.000000j,-0.354371-1.588817j,0.400646+0.040998j,3.017794
0.911289+0.000000j,-0.355089-1.589233j,0.401305+0.041329j,3.022292
0.913575+0.000000j,-0.355807-1.589647j,0.401964+0.041660j,3.026792
0.915867+0.000000j,-0.356524-1.590060j,0.402626+0.041992j,3.031296
0.918164+0.000000j,-0.357241-1.590471j,0.403288+0.042324j,3.035803
0.920467+0.000000j,-0.357958-1.590880j,0.403951+0.042657j,3.040313
0.922776+0.000000j,-0.358675-1.591288j,0.404616+0.042991j,3.044827
0.925091+0.000000j,-0.359391-1.591694j,0.405282+0.043325j,3.049343
0.927412+0.000000j,-0.360107-1.592098j,0.405950+0.043660j,3.053863
0.929738+0.000000j,-0.360822-1.592501j,0.406618+0.043995j,3.058385
0.932070+0.000000j,-0.361537-1.592902j,0.407288+0.044332j,3.062911
0.934408+0.000000j,-0.362252-1.593301j,0.407959+0.044668j,3.067440
0.936752+0.000000j,-0.362967-1.593699j,0.408632+0.045005j,3.071972
0.939102+0.000000j,-0.363681-1.594094j,0.409306+0.045343j,3.076508
0.941458+0.000000j,-0.364395-1.594489j,0.409981+0.045682j,3.081046
0.943819+0.000000j,-0.365109-1.594881j,0.410657+0.046021j,3.085587
0.946187+0.000000j,-0.365822-1.595273j,0.411335+0.046361j,3.090132
0.948560+0.000000j,-0.366535-1.595662j,0.412014+0.046701j,3.094680
0.950940+0.000000j,-0.367248-1.596050j,0.412694+0.047042j,3.099231
0.953325+0.000000j,-0.367960-1.596436j,0.413376+0.047384j,3.103785
0.955717+0.000000j,-0.368673-1.596820j,0.414059+0.047726j,3.108342
0.958114+0.000000j,-0.369385-1.597203j,0.414743+0.048069j,3.112903
0.960517+0.000000j,-0.370097-1.597584j,0.415429+0.048412j,3.117466
0.962927+0.000000j,-0.370808-1.597964j,0.416116+0.048756j,3.122033
0.965342+0.000000j,-0.371520-1.598342j,0.416804+0.049101j,3.126603
0.967764+0.000000j,-0.372231-1.598718j,0.417494+0.049446j,3.131176
0.970191+0.000000j,-0.372942-1.599092j,0.418185+0.049792j,3.135752
0.972625+0.000000j,-0.373652-1.599465j,0.418877+0.050139j,3.140331
0.975065+0.000000j,-0.374363-1.599837j,0.419571+0.050487j,3.144914
0.977511+0.000000j,-0.375073-1.600206j,0.420266+0.050834j,3.149499
0.979963+0.000000j,-0.375783-1.600575j,0.420963+0.051183j,3.154088
0.982421+0.000000j,-0.376493-1.600941j,0.421661+0.051532j,3.158680
0.984885+0.000000j,-0.377203-1.601306j,0.422360+0.051882j,3.163275
0.987356+0.000000j,-0.377912-1.601669j,0.423061+0.052233j,3.167873
0.989833+0.000000j,-0.378622-1.602031j,0.423763+0.052584j,3.172474
0.992316+0.000000j,-0.379331-1.602391j,0.424466+0.052936j,3.177079
0.994805+0.000000j,-0.380040-1.602749j,0.425171+0.053289j,3.181686
0.997300+0.000000j,-0.380749-1.603106j,0.425878+0.053642j,3.186297
0.999802+0.000000j,-0.381458-1.603462j,0.426585+0.053996j,3.190911
1.002310+0.000000j,-0.382166-1.603815j,0.427295+0.054350j,3.195528
1.004824+0.000000j,-0.382874-1.604167j,0.428005+0.054706j,3.200148
1.007345+0.000000j,-0.383583-1.604518j,0.428717+0.055062j,3.204771
1.009872+0.000000j,-0.384291-1.604866j,0.429431+0.055418j,3.209398
1.012405+0.000000j,-0.384999-1.605214j,0.430146+0.055776j,3.214027
1.014944+0.000000j,-0.385707-1.605559j,0.430862+0.056134j,3.218660
1.017490+0.000000j,-0.386415-1.605903j,0.431580+0.056492j,3.223296
1.020043+0.000000j,-0.387122-1.606246j,0.432299+0.056852j,3.227935
1.022601+0.000000j,-0.387830-1.606587j,0.433020+0.057212j,3.232577
1.025166+0.000000j,-0.388537-1.606926j,0.433743+0.057572j,3.237223
1.027738+0.000000j,-0.389245-1.607264j,0.434466+0.057934j,3.241871
1.030316+0.000000j,-0.389952-1.607600j,0.435192+0.058296j,3.246523
1.032901+0.000000j,-0.390659-1.607935j,0.435919+0.058659j,3.251178
1.035492+0.000000j,-0.391366-1.608268j,0.436647+0.059022j,3.255836
1.038089+0.000000j,-0.392073-1.608599j,0.437377+0.059386j,3.260497
1.040693+0.000000j,-0.392780-1.608929j,0.438108+0.059751j,3.265161
1.043304+0.000000j,-0.393487-1.609257j,0.438841+0.060117j,3.269829
1.045921+0.000000j,-0.394194-1.609584j,0.439575+0.060483j,3.274499
1.048544+0.000000j,-0.394901-1.609909j,0.440311+0.060851j,3.279173
1.051175+0.000000j,-0.395607-1.610233j,0.441049+0.061218j,3.283850
1.053811+0.000000j,-0.396314-1.610555j,0.441788+0.061587j,3.288530
1.056455+0.000000j,-0.397021-1.610876j,0.442528+0.061956j,3.293213
1.059105+0.000000j,-0.397727-1.611195j,0.443270+0.062326j,3.297900
1.061762+0.000000j,-0.398434-1.611512j,0.444014+0.062697j,3.302590
1.064425+0.000000j,-0.399140-1.611828j,0.444759+0.063068j,3.307282
1.067095+0.000000j,-0.399847-1.612143j,0.445506+0.063440j,3.311978
1.069772+0.000000j,-0.400553-1.612455j,0.446254+0.063813j,3.316677
1.072455+0.000000j,-0.401260-1.612767j,0.447004+0.064187j,3.321380
1.075146+0.000000j,-0.401966-1.613077j,0.447755+0.064561j,3.326085
1.077842+0.000000j,-0.402673-1.613385j,0.448509+0.064936j,3.330794
1.080546+0.000000j,-0.403379-1.613692j,0.449263+0.065312j,3.335506
1.083257+0.000000j,-0.404086-1.613997j,0.450020+0.065688j,3.340221
1.085974+0.000000j,-0.404793-1.614300j,0.450777+0.066066j,3.344939
1.088698+0.000000j,-0.405499-1.614603j,0.451537+0.066444j,3.349660
1.091429+0.000000j,-0.406206-1.614903j,0.452298+0.066823j,3.354385
1.094167+0.000000j,-0.406912-1.615202j,0.453061+0.067202j,3.359113
1.096912+0.000000j,-0.407619-1.615500j,0.453825+0.067583j,3.363844
1.099663+0.000000j,-0.408326-1.615796j,0.454591+0.067964j,3.368578
1.102422+0.000000j,-0.409032-1.616091j,0.455359+0.068346j,3.373315
1.105187+0.000000j,-0.409739-1.616384j,0.456128+0.068728j,3.378056
1.107959+0.000000j,-0.410446-1.616676j,0.456899+0.069111j,3.382799
1.110739+0.000000j,-0.411153-1.616966j,0.457672+0.069496j,3.387546
1.113525+0.000000j,-0.411860-1.617254j,0.458446+0.069881j,3.392296
1.116318+0.000000j,-0.412567-1.617541j,0.459222+0.070266j,3.397050
1.119118+0.000000j,-0.413274-1.617827j,0.460000+0.070653j,3.401806
1.121926+0.000000j,-0.413981-1.618111j,0.460780+0.071040j,3.406566
1.124740+0.000000j,-0.414688-1.618394j,0.461561+0.071428j,3.411329
1.127561+0.000000j,-0.415395-1.618675j,0.462343+0.071817j,3.416095
1.130390+0.000000j,-0.416103-1.618955j,0.463128+0.072206j,3.420864
1.133225+0.000000j,-0.416810-1.619233j,0.463914+0.072597j,3.425637
1.136068+0.000000j,-0.417518-1.619510j,0.464702+0.072988j,3.430413
1.138918+0.000000j,-0.418226-1.619785j,0.465492+0.073380j,3.435191
1.141775+0.000000j,-0.418933-1.620059j,0.466283+0.073773j,3.439974
1.144639+0.000000j,-0.419641-1.620331j,0.467076+0.074166j,3.444759
1.147510+0.000000j,-0.420349-1.620602j,0.467871+0.074561j,3.449548
1.150388+0.000000j,-0.421057-1.620872j,0.468668+0.074956j,3.454339
1.153274+0.000000j,-0.421766-1.621140j,0.469466+0.075352j,3.459134
1.156167+0.000000j,-0.422474-1.621406j,0.470266+0.075748j,3.463933
1.159067+0.000000j,-0.423183-1.621671j,0.471068+0.076146j,3.468734
1.161975+0.000000j,-0.423891-1.621935j,0.471872+0.076544j,3.473539
1.164889+0.000000j,-0.424600-1.622197j,0.472677+0.076944j,3.478347
1.167812+0.000000j,-0.425309-1.622458j,0.473484+0.077344j,3.483158
1.170741+0.000000j,-0.426018-1.622717j,0.474293+0.077744j,3.487973
1.173678+0.000000j,-0.426727-1.622975j,0.475104+0.078146j,3.492790
1.176622+0.000000j,-0.427437-1.623232j,0.475917+0.078549j,3.497611
1.179573+0.000000j,-0.428146-1.623487j,0.476731+0.078952j,3.502435
1.182532+0.000000j,-0.428856-1.623740j,0.477547+0.079356j,3.507263
1.185499+0.000000j,-0.429566-1.623993j,0.478365+0.079761j,3.512093
1.188472+0.000000j,-0.430276-1.624243j,0.479185+0.080167j,3.516927
1.191454+0.000000j,-0.430986-1.624493j,0.480007+0.080573j,3.521764
1.194442+0.000000j,-0.431696-1.624741j,0.480831+0.080981j,3.526605
1.197439+0.000000j,-0.432407-1.624987j,0.481656+0.081389j,3.531448
1.200442+0.000000j,-0.433118-1.625232j,0.482483+0.081798j,3.536295
1.203453+0.000000j,-0.433829-1.625476j,0.483312+0.082208j,3.541146
1.206472+0.000000j,-0.434540-1.625718j,0.484143+0.082619j,3.545999
1.209499+0.000000j,-0.435251-1.625959j,0.484976+0.083031j,3.550856
1.212533+0.000000j,-0.435963-1.626199j,0.485811+0.083443j,3.555716
1.215574+0.000000j,-0.436675-1.626437j,0.486648+0.083857j,3.560579
1.218623+0.000000j,-0.437387-1.626674j,0.487486+0.084271j,3.565446
1.221680+0.000000j,-0.438099-1.626909j,0.488327+0.084686j,3.570315
1.224745+0.000000j,-0.438811-1.627143j,0.489169+0.085102j,3.575188
1.227817+0.000000j,-0.439524-1.627375j,0.490013+0.085519j,3.580065
1.230897+0.000000j,-0.440237-1.627607j,0.490860+0.085937j,3.584945
1.233985+0.000000j,-0.440950-1.627836j,0.491708+0.086355j,3.589828
1.237080+0.000000j,-0.441663-1.628065j,0.492558+0.086774j,3.594714
1.240183+0.000000j,-0.442377-1.628292j,0.493410+0.087195j,3.599603
1.243294+0.000000j,-0.443091-1.628518j,0.494264+0.087616j,3.604496
1.246413+0.000000j,-0.443805-1.628742j,0.495120+0.088038j,3.609392
1.249540+0.000000j,-0.444519-1.628965j,0.495977+0.088461j,3.614292
1.252674+0.000000j,-0.445234-1.629187j,0.496837+0.088885j,3.619195
1.255816+0.000000j,-0.445949-1.629407j,0.497699+0.089309j,3.624101
1.258966+0.000000j,-0.446664-1.629626j,0.498563+0.089735j,3.629010
1.262124+0.000000j,-0.447379-1.629843j,0.499429+0.090161j,3.633923
1.265290+0.000000j,-0.448095-1.630060j,0.500296+0.090589j,3.638839
1.268464+0.000000j,-0.448811-1.630275j,0.501166+0.091017j,3.643758
1.271646+0.000000j,-0.449527-1.630488j,0.502038+0.091446j,3.648681
1.274836+0.000000j,-0.450243-1.630700j,0.502912+0.091876j,3.653607
1.278034+0.000000j,-0.450960-1.630911j,0.503788+0.092307j,3.658536
1.281240+0.000000j,-0.451677-1.631121j,0.504666+0.092738j,3.663469
1.284454+0.000000j,-0.452394-1.631329j,0.505545+0.093171j,3.668405
1.287676+0.000000j,-0.453112-1.631536j,0.506427+0.093605j,3.673345
1.290906+0.000000j,-0.453830-1.631741j,0.507311+0.094039j,3.678287
1.294144+0.000000j,-0.454548-1.631946j,0.508197+0.094475j,3.683234
1.297390+0.000000j,-0.455267-1.632149j,0.509085+0.094911j,3.688183
1.300645+0.000000j,-0.455986-1.632350j,0.509976+0.095348j,3.693136
1.303907+0.000000j,-0.456705-1.632551j,0.510868+0.095786j,3.698092
1.307178+0.000000j,-0.457424-1.632750j,0.511762+0.096225j,3.703052
1.310457+0.000000j,-0.458144-1.632947j,0.512659+0.096665j,3.708014
1.313744+0.000000j,-0.458864-1.633144j,0.513557+0.097106j,3.712981
1.317040+0.000000j,-0.459584-1.633339j,0.514458+0.097548j,3.717950
1.320344+0.000000j,-0.460305-1.633533j,0.515361+0.097990j,3.722923
1.323656+0.000000j,-0.461026-1.633725j,0.516265+0.098434j,3.727900
1.326976+0.000000j,-0.461748-1.633917j,0.517172+0.098878j,3.732880
1.330305+0.000000j,-0.462469-1.634107j,0.518082+0.099324j,3.737863
1.333642+0.000000j,-0.463191-1.634295j,0.518993+0.099770j,3.742850
1.336987+0.000000j,-0.463914-1.634483j,0.519906+0.100218j,3.747840
1.340341+0.000000j,-0.464637-1.634669j,0.520822+0.100666j,3.752833
1.343703+0.000000j,-0.465360-1.634854j,0.521740+0.101115j,3.757830
1.347074+0.000000j,-0.466083-1.635037j,0.522660+0.101565j,3.762830
1.350453+0.000000j,-0.466807-1.635220j,0.523582+0.102016j,3.767834
1.353840+0.000000j,-0.467531-1.635401j,0.524506+0.102468j,3.772841
1.357236+0.000000j,-0.468256-1.635581j,0.525432+0.102921j,3.777851
1.360641+0.000000j,-0.468981-1.635759j,0.526361+0.103375j,3.782865
1.364054+0.000000j,-0.469706-1.635936j,0.527292+0.103830j,3.787882
1.367476+0.000000j,-0.470432-1.636113j,0.528225+0.104285j,3.792903
1.370906+0.000000j,-0.471158-1.636287j,0.529160+0.104742j,3.797928
1.374345+0.000000j,-0.471884-1.636461j,0.530098+0.105200j,3.802955
1.377792+0.000000j,-0.472611-1.636633j,0.531038+0.105658j,3.807986
1.381249+0.000000j,-0.473338-1.636804j,0.531980+0.106118j,3.813021
1.384713+0.000000j,-0.474066-1.636974j,0.532924+0.106578j,3.818059
1.388187+0.000000j,-0.474794-1.637143j,0.533871+0.107040j,3.823100
1.391669+0.000000j,-0.475522-1.637310j,0.534819+0.107502j,3.828145
1.395160+0.000000j,-0.476251-1.637477j,0.535770+0.107965j,3.833194
1.398660+0.000000j,-0.476980-1.637642j,0.536724+0.108430j,3.838246
1.402168+0.000000j,-0.477710-1.637805j,0.537679+0.108895j,3.843301
1.405685+0.000000j,-0.478439-1.637968j,0.538637+0.109361j,3.848360
1.409212+0.000000j,-0.479170-1.638129j,0.539598+0.109828j,3.853422
1.412746+0.000000j,-0.479901-1.638289j,0.540560+0.110296j,3.858488
1.416290+0.000000j,-0.480632-1.638448j,0.541525+0.110765j,3.863557
1.419843+0.000000j,-0.481363-1.638606j,0.542492+0.111235j,3.868630
1.423405+0.000000j,-0.482095-1.638763j,0.543462+0.111706j,3.873707
1.426975+0.000000j,-0.482828-1.638918j,0.544434+0.112178j,3.878787
1.430555+0.000000j,-0.483561-1.639072j,0.545408+0.112651j,3.883870
1.434143+0.000000j,-0.484294-1.639225j,0.546385+0.113125j,3.888957
1.437741+0.000000j,-0.485028-1.639377j,0.547364+0.113600j,3.894047
1.441347+0.000000j,-0.485762-1.639527j,0.548345+0.114076j,3.899141
1.444963+0.000000j,-0.486497-1.639677j,0.549329+0.114552j,3.904239
1.448587+0.000000j,-0.487232-1.639825j,0.550315+0.115030j,3.909340
1.452221+0.000000j,-0.487967-1.639972j,0.551303+0.115509j,3.914444
1.455864+0.000000j,-0.488703-1.640118j,0.552294+0.115989j,3.919552
1.459516+0.000000j,-0.489439-1.640263j,0.553287+0.116469j,3.924664
1.463177+0.000000j,-0.490176-1.640406j,0.554283+0.116951j,3.929779
1.466847+0.000000j,-0.490914-1.640549j,0.555281+0.117434j,3.934898
1.470527+0.000000j,-0.491651-1.640690j,0.556282+0.117917j,3.940020
1.474216+0.000000j,-0.492389-1.640830j,0.557285+0.118402j,3.945146
1.477914+0.000000j,-0.493128-1.640969j,0.558290+0.118887j,3.950276
1.481621+0.000000j,-0.493867-1.641107j,0.559298+0.119374j,3.955409
1.485337+0.000000j,-0.494607-1.641244j,0.560309+0.119861j,3.960546
1.489063+0.000000j,-0.495347-1.641379j,0.561322+0.120350j,3.965686
1.492799+0.000000j,-0.496087-1.641514j,0.562337+0.120839j,3.970830
1.496543+0.000000j,-0.496828-1.641647j,0.563355+0.121330j,3.975977
1.500297+0.000000j,-0.497570-1.641779j,0.564375+0.121821j,3.981129
1.504061+0.000000j,-0.498312-1.641910j,0.565398+0.122314j,3.986283
1.507834+0.000000j,-0.499054-1.642040j,0.566423+0.122807j,3.991442
1.511616+0.000000j,-0.499797-1.642169j,0.567451+0.123301j,3.996604
1.515408+0.000000j,-0.500540-1.642297j,0.568482+0.123797j,4.001769
1.519209+0.000000j,-0.501284-1.642423j,0.569515+0.124293j,4.006938
1.523020+0.000000j,-0.502029-1.642549j,0.570550+0.124790j,4.012111
1.526840+0.000000j,-0.502773-1.642673j,0.571588+0.125289j,4.017288
1.530670+0.000000j,-0.503519-1.642796j,0.572629+0.125788j,4.022468
1.534510+0.000000j,-0.504265-1.642918j,0.573672+0.126288j,4.027652
1.538359+0.000000j,-0.505011-1.643039j,0.574718+0.126789j,4.032839
1.542218+0.000000j,-0.505758-1.643159j,0.575766+0.127292j,4.038030
1.546087+0.000000j,-0.506505-1.643278j,0.576817+0.127795j,4.043225
1.549965+0.000000j,-0.507253-1.643396j,0.577871+0.128299j,4.048424
1.553853+0.000000j,-0.508001-1.643513j,0.578927+0.128804j,4.053626
1.557751+0.000000j,-0.508750-1.643628j,0.579986+0.129310j,4.058832
1.561658+0.000000j,-0.509500-1.643743j,0.581047+0.129818j,4.064041
1.565576+0.000000j,-0.510250-1.643856j,0.582111+0.130326j,4.069255
1.569503+0.000000j,-0.511000-1.643969j,0.583178+0.130835j,4.074472
1.573440+0.000000j,-0.511751-1.644080j,0.584247+0.131345j,4.079692
1.577387+0.000000j,-0.512502-1.644191j,0.585319+0.131856j,4.084917
1.581344+0.000000j,-0.513254-1.644300j,0.586394+0.132368j,4.090145
1.585310+0.000000j,-0.514007-1.644408j,0.587471+0.132881j,4.095377
1.589287+0.000000j,-0.514760-1.644515j,0.588551+0.133395j,4.100613
1.593274+0.000000j,-0.515514-1.644621j,0.589634+0.133910j,4.105852
1.597270+0.000000j,-0.516268-1.644726j,0.590719+0.134426j,4.111095
1.601277+0.000000j,-0.517022-1.644830j,0.591807+0.134943j,4.116342
1.605294+0.000000j,-0.517778-1.644933j,0.592898+0.135461j,4.121593
1.609321+0.000000j,-0.518533-1.645035j,0.593992+0.135980j,4.126847
1.613358+0.000000j,-0.519289-1.645136j,0.595088+0.136500j,4.132105
1.617405+0.000000j,-0.520046-1.645236j,0.596187+0.137021j,4.137367
1.621462+0.000000j,-0.520804-1.645334j,0.597289+0.137542j,4.142633
1.625529+0.000000j,-0.521562-1.645432j,0.598393+0.138065j,4.147903
1.629607+0.000000j,-0.522320-1.645529j,0.599501+0.138589j,4.153176
1.633695+0.000000j,-0.523079-1.645625j,0.600611+0.139114j,4.158453
1.637793+0.000000j,-0.523839-1.645719j,0.601724+0.139639j,4.163734
1.641901+0.000000j,-0.524599-1.645813j,0.602839+0.140166j,4.169019
1.646020+0.000000j,-0.525359-1.645906j,0.603958+0.140694j,4.174307
1.650149+0.000000j,-0.526120-1.645998j,0.605079+0.141222j,4.179600
1.654288+0.000000j,-0.526882-1.646088j,0.606203+0.141752j,4.184896
1.658438+0.000000j,-0.527645-1.646178j,0.607330+0.142282j,4.190196
1.662598+0.000000j,-0.528408-1.646267j,0.608460+0.142814j,4.195500
1.666768+0.000000j,-0.529171-1.646354j,0.609593+0.143346j,4.200808
1.670949+0.000000j,-0.529935-1.646441j,0.610728+0.143880j,4.206120
1.675141+0.000000j,-0.530700-1.646527j,0.611866+0.144414j,4.211435
1.679343+0.000000j,-0.531465-1.646612j,0.613008+0.144950j,4.216755
1.683555+0.000000j,-0.532231-1.646696j,0.614152+0.145486j,4.222078
1.687779+0.000000j,-0.532997-1.646778j,0.615299+0.146023j,4.227405
1.692012+0.000000j,-0.533764-1.646860j,0.616448+0.146561j,4.232736
1.696257+0.000000j,-0.534531-1.646941j,0.617601+0.147101j,4.238071
1.700512+0.000000j,-0.535299-1.647021j,0.618757+0.147641j,4.243410
1.704777+0.000000j,-0.536068-1.647100j,0.619915+0.148182j,4.248753
1.709054+0.000000j,-0.536837-1.647178j,0.621077+0.148724j,4.254100
1.713341+0.000000j,-0.537607-1.647255j,0.622241+0.149267j,4.259450
1.717639+0.000000j,-0.538378-1.647331j,0.623409+0.149810j,4.264805
1.721947+0.000000j,-0.539149-1.647406j,0.624579+0.150355j,4.270163
1.726267+0.000000j,-0.539920-1.647481j,0.625752+0.150901j,4.275526
1.730597+0.000000j,-0.540692-1.647554j,0.626929+0.151448j,4.280892
1.734938+0.000000j,-0.541465-1.647626j,0.628108+0.151995j,4.286263
1.739290+0.000000j,-0.542238-1.647698j,0.629290+0.152544j,4.291637
1.743653+0.000000j,-0.543012-1.647768j,0.630475+0.153093j,4.297015
1.748027+0.000000j,-0.543787-1.647838j,0.631663+0.153644j,4.302398
1.752412+0.000000j,-0.544562-1.647906j,0.632855+0.154195j,4.307784
1.756808+0.000000j,-0.545338-1.647974j,0.634049+0.154747j,4.313174
1.761214+0.000000j,-0.546114-1.648041j,0.635246+0.155300j,4.318569
1.765632+0.000000j,-0.546891-1.648107j,0.636447+0.155854j,4.323967
1.770061+0.000000j,-0.547669-1.648172j,0.637650+0.156409j,4.329369
1.774502+0.000000j,-0.548447-1.648236j,0.638856+0.156965j,4.334776
1.778953+0.000000j,-0.549226-1.648299j,0.640066+0.157522j,4.340186
1.783415+0.000000j,-0.550005-1.648361j,0.641278+0.158080j,4.345601
1.787889+0.000000j,-0.550785-1.648422j,0.642494+0.158638j,4.351019
1.792374+0.000000j,-0.551566-1.648483j,0.643713+0.159198j,4.356442
1.796870+0.000000j,-0.552347-1.648542j,0.644934+0.159758j,4.361868
1.801377+0.000000j,-0.553129-1.648601j,0.646159+0.160319j,4.367299
1.805896+0.000000j,-0.553912-1.648659j,0.647387+0.160881j,4.372733
1.810426+0.000000j,-0.554695-1.648716j,0.648618+0.161444j,4.378172
1.814967+0.000000j,-0.555479-1.648772j,0.649853+0.162008j,4.383615
1.819520+0.000000j,-0.556263-1.648827j,0.651090+0.162573j,4.389062
1.824084+0.000000j,-0.557048-1.648881j,0.652331+0.163139j,4.394513
1.828660+0.000000j,-0.557834-1.648934j,0.653574+0.163705j,4.399968
1.833247+0.000000j,-0.558620-1.648987j,0.654821+0.164272j,4.405428
1.837846+0.000000j,-0.559407-1.649039j,0.656071+0.164840j,4.410891
1.842456+0.000000j,-0.560194-1.649090j,0.657324+0.165410j,4.416359
1.847077+0.000000j,-0.560982-1.649139j,0.658581+0.165979j,4.421831
1.851711+0.000000j,-0.561771-1.649189j,0.659840+0.166550j,4.427306
1.856356+0.000000j,-0.562561-1.649237j,0.661103+0.167122j,4.432786
1.861012+0.000000j,-0.563351-1.649284j,0.662369+0.167694j,4.438271
1.865681+0.000000j,-0.564141-1.649331j,0.663638+0.168267j,4.443759
1.870361+0.000000j,-0.564933-1.649377j,0.664911+0.168841j,4.449251
1.875052+0.000000j,-0.565725-1.649421j,0.666186+0.169416j,4.454748
1.879756+0.000000j,-0.566517-1.649465j,0.667465+0.169992j,4.460249
1.884471+0.000000j,-0.567310-1.649509j,0.668747+0.170569j,4.465754
1.889198+0.000000j,-0.568104-1.649551j,0.670033+0.171146j,4.471263
1.893937+0.000000j,-0.568899-1.649593j,0.671322+0.171724j,4.476777
1.898688+0.000000j,-0.569694-1.649633j,0.672614+0.172303j,4.482295
1.903451+0.000000j,-0.570490-1.649673j,0.673909+0.172883j,4.487817
1.908226+0.000000j,-0.571286-1.649713j,0.675207+0.173463j,4.493343
1.913012+0.000000j,-0.572083-1.649751j,0.676509+0.174044j,4.498873
1.917811+0.000000j,-0.572881-1.649788j,0.677814+0.174626j,4.504408
1.922622+0.000000j,-0.573679-1.649825j,0.679123+0.175209j,4.509947
1.927445+0.000000j,-0.574479-1.649861j,0.680434+0.175793j,4.515490
1.932279+0.000000j,-0.575278-1.649896j,0.681750+0.176377j,4.521038
1.937126+0.000000j,-0.576079-1.649930j,0.683068+0.176962j,4.526590
1.941986+0.000000j,-0.576880-1.649964j,0.684390+0.177548j,4.532146
1.946857+0.000000j,-0.577681-1.649997j,0.685715+0.178135j,4.537706
1.951741+0.000000j,-0.578484-1.650029j,0.687043+0.178722j,4.543271
1.956637+0.000000j,-0.579287-1.650060j,0.688375+0.179310j,4.548840
1.961545+0.000000j,-0.580090-1.650090j,0.689710+0.179899j,4.554413
1.966465+0.000000j,-0.580895-1.650120j,0.691049+0.180489j,4.559991
1.971398+0.000000j,-0.581700-1.650149j,0.692391+0.181079j,4.565573
1.976343+0.000000j,-0.582505-1.650177j,0.693736+0.181670j,4.571159
1.981301+0.000000j,-0.583312-1.650204j,0.695085+0.182262j,4.576750
1.986271+0.000000j,-0.584118-1.650230j,0.696438+0.182854j,4.582345
1.991253+0.000000j,-0.584926-1.650256j,0.697793+0.183447j,4.587944
1.996248+0.000000j,-0.585734-1.650281j,0.699152+0.184041j,4.593548
2.001256+0.000000j,-0.586543-1.650305j,0.700515+0.184635j,4.599156
2.006276+0.000000j,-0.587353-1.650329j,0.701881+0.185230j,4.604769
2.011308+0.000000j,-0.588163-1.650352j,0.703250+0.185826j,4.610386
2.016354+0.000000j,-0.588974-1.650374j,0.704623+0.186422j,4.616007
2.021412+0.000000j,-0.589786-1.650395j,0.705999+0.187019j,4.621633
2.026482+0.000000j,-0.590598-1.650416j,0.707379+0.187617j,4.627263
2.031566+0.000000j,-0.591411-1.650435j,0.708762+0.188215j,4.632898
2.036662+0.000000j,-0.592225-1.650454j,0.710149+0.188814j,4.638537
2.041771+0.000000j,-0.593039-1.650473j,0.711539+0.189414j,4.644181
2.046892+0.000000j,-0.593854-1.650490j,0.712933+0.190014j,4.649829
2.052027+0.000000j,-0.594670-1.650507j,0.714330+0.190615j,4.655481
2.057174+0.000000j,-0.595486-1.650524j,0.715731+0.191216j,4.661138
2.062335+0.000000j,-0.596303-1.650539j,0.717135+0.191818j,4.666800
2.067508+0.000000j,-0.597121-1.650554j,0.718543+0.192421j,4.672466
2.072694+0.000000j,-0.597939-1.650568j,0.719954+0.193024j,4.678136
2.077893+0.000000j,-0.598758-1.650581j,0.721369+0.193627j,4.683811
2.083106+0.000000j,-0.599578-1.650594j,0.722787+0.194232j,4.689490
2.088331+0.000000j,-0.600398-1.650606j,0.724209+0.194836j,4.695174
2.093570+0.000000j,-0.601219-1.650617j,0.725635+0.195442j,4.700863
2.098821+0.000000j,-0.602041-1.650628j,0.727064+0.196048j,4.706556
2.104086+0.000000j,-0.602864-1.650637j,0.728497+0.196654j,4.712254
2.109364+0.000000j,-0.603687-1.650647j,0.729933+0.197261j,4.717956
2.114655+0.000000j,-0.604511-1.650655j,0.731373+0.197868j,4.723663
2.119960+0.000000j,-0.605335-1.650663j,0.732816+0.198476j,4.729374
2.125278+0.000000j,-0.606160-1.650670j,0.734263+0.199085j,4.735090
2.130609+0.000000j,-0.606986-1.650676j,0.735713+0.199693j,4.740810
2.135953+0.000000j,-0.607813-1.650682j,0.737168+0.200303j,4.746535
2.141311+0.000000j,-0.608640-1.650687j,0.738625+0.200913j,4.752265
2.146683+0.000000j,-0.609468-1.650692j,0.740087+0.201523j,4.757999
2.152068+0.000000j,-0.610297-1.650695j,0.741552+0.202134j,4.763738
2.157466+0.000000j,-0.611126-1.650699j,0.743020+0.202745j,4.769482
2.162878+0.000000j,-0.611956-1.650701j,0.744493+0.203356j,4.775230
2.168303+0.000000j,-0.612787-1.650703j,0.745969+0.203968j,4.780983
2.173742+0.000000j,-0.613618-1.650704j,0.747448+0.204581j,4.786740
2.179195+0.000000j,-0.614450-1.650705j,0.748931+0.205194j,4.792503
2.184662+0.000000j,-0.615283-1.650704j,0.750418+0.205807j,4.798269
2.190142+0.000000j,-0.616116-1.650704j,0.751909+0.206420j,4.804041
2.195636+0.000000j,-0.616950-1.650702j,0.753403+0.207034j,4.809817
2.201143+0.000000j,-0.617785-1.650700j,0.754901+0.207649j,4.815598
2.206665+0.000000j,-0.618621-1.650697j,0.756402+0.208263j,4.821384
2.212200+0.000000j,-0.619457-1.650694j,0.757907+0.208878j,4.827174
2.217749+0.000000j,-0.620294-1.650690j,0.759416+0.209494j,4.832969
2.223312+0.000000j,-0.621131-1.650686j,0.760929+0.210110j,4.838769
2.228889+0.000000j,-0.621970-1.650680j,0.762445+0.210726j,4.844574
2.234481+0.000000j,-0.622809-1.650675j,0.763965+0.211342j,4.850383
2.240086+0.000000j,-0.623648-1.650668j,0.765489+0.211958j,4.856197
2.245705+0.000000j,-0.624489-1.650661j,0.767016+0.212575j,4.862016
2.251338+0.000000j,-0.625330-1.650653j,0.768547+0.213192j,4.867839
2.256985+0.000000j,-0.626172-1.650645j,0.770082+0.213810j,4.873668
2.262647+0.000000j,-0.627014-1.650636j,0.771620+0.214428j,4.879501
2.268323+0.000000j,-0.627857-1.650627j,0.773163+0.215045j,4.885339
2.274013+0.000000j,-0.628701-1.650617j,0.774708+0.215664j,4.891182
2.279717+0.000000j,-0.629546-1.650606j,0.776258+0.216282j,4.897029
2.285436+0.000000j,-0.630391-1.650595j,0.777811+0.216900j,4.902882
2.291169+0.000000j,-0.631237-1.650583j,0.779369+0.217519j,4.908739
2.296916+0.000000j,-0.632084-1.650571j,0.780929+0.218138j,4.914601
2.302678+0.000000j,-0.632931-1.650558j,0.782494+0.218757j,4.920468
2.308454+0.000000j,-0.633779-1.650544j,0.784062+0.219376j,4.926340
2.314244+0.000000j,-0.634628-1.650530j,0.785634+0.219996j,4.932216
2.320050+0.000000j,-0.635477-1.650515j,0.787210+0.220615j,4.938098
2.325869+0.000000j,-0.636327-1.650500j,0.788790+0.221235j,4.943984
2.331704+0.000000j,-0.637178-1.650484j,0.790373+0.221855j,4.949876
2.337553+0.000000j,-0.638030-1.650468j,0.791960+0.222475j,4.955772
2.343416+0.000000j,-0.638882-1.650451j,0.793551+0.223095j,4.961673
2.349295+0.000000j,-0.639735-1.650433j,0.795146+0.223715j,4.967579
2.355188+0.000000j,-0.640589-1.650415j,0.796744+0.224335j,4.973490
2.361096+0.000000j,-0.641443-1.650396j,0.798346+0.224955j,4.979406
2.367018+0.000000j,-0.642298-1.650377j,0.799952+0.225576j,4.985327
2.372956+0.000000j,-0.643154-1.650357j,0.801562+0.226196j,4.991253
2.378908+0.000000j,-0.644010-1.650337j,0.803175+0.226816j,4.997183
2.384876+0.000000j,-0.644867-1.650316j,0.804792+0.227437j,5.003119
2.390858+0.000000j,-0.645725-1.650295j,0.806413+0.228057j,5.009060
2.396856+0.000000j,-0.646584-1.650273j,0.808038+0.228678j,5.015006
2.402868+0.000000j,-0.647443-1.650250j,0.809667+0.229298j,5.020956
2.408895+0.000000j,-0.648303-1.650227j,0.811299+0.229918j,5.026912
2.414938+0.000000j,-0.649164-1.650204j,0.812935+0.230538j,5.032873
2.420996+0.000000j,-0.650025-1.650180j,0.814575+0.231159j,5.038839
2.427069+0.000000j,-0.650887-1.650155j,0.816219+0.231779j,5.044809
2.433157+0.000000j,-0.651750-1.650130j,0.817866+0.232399j,5.050785
2.439260+0.000000j,-0.652613-1.650105j,0.819517+0.233019j,5.056766
2.445379+0.000000j,-0.653477-1.650078j,0.821172+0.233639j,5.062752
2.451513+0.000000j,-0.654342-1.650052j,0.822831+0.234258j,5.068743
2.457663+0.000000j,-0.655208-1.650025j,0.824494+0.234878j,5.074739
2.463828+0.000000j,-0.656074-1.649997j,0.826160+0.235497j,5.080740
2.470008+0.000000j,-0.656941-1.649969j,0.827830+0.236117j,5.086746
2.476204+0.000000j,-0.657809-1.649940j,0.829504+0.236736j,5.092757
2.482416+0.000000j,-0.658677-1.649911j,0.831182+0.237355j,5.098774
2.488643+0.000000j,-0.659546-1.649881j,0.832863+0.237974j,5.104795
2.494885+0.000000j,-0.660416-1.649851j,0.834548+0.238592j,5.110822
2.501144+0.000000j,-0.661286-1.649821j,0.836237+0.239211j,5.116854
2.507418+0.000000j,-0.662158-1.649790j,0.837930+0.239829j,5.122891
2.513707+0.000000j,-0.663029-1.649758j,0.839627+0.240447j,5.128933
2.520013+0.000000j,-0.663902-1.649726j,0.841327+0.241064j,5.134980
2.526334+0.000000j,-0.664775-1.649693j,0.843031+0.241681j,5.141032
2.532671+0.000000j,-0.665649-1.649660j,0.844739+0.242299j,5.147090
2.539025+0.000000j,-0.666524-1.649627j,0.846451+0.242915j,5.153153
2.545394+0.000000j,-0.667399-1.649593j,0.848166+0.243532j,5.159221
2.551779+0.000000j,-0.668276-1.649558j,0.849886+0.244148j,5.165294
2.558180+0.000000j,-0.669152-1.649524j,0.851609+0.244764j,5.171372
2.564597+0.000000j,-0.670030-1.649488j,0.853336+0.245379j,5.177456
2.571030+0.000000j,-0.670908-1.649452j,0.855066+0.245994j,5.183544
2.577479+0.000000j,-0.671787-1.649416j,0.856800+0.246609j,5.189638
2.583945+0.000000j,-0.672666-1.649379j,0.858538+0.247223j,5.195737
2.590426+0.000000j,-0.673547-1.649342j,0.860280+0.247837j,5.201842
2.596924+0.000000j,-0.674428-1.649305j,0.862026+0.248451j,5.207952
2.603439+0.000000j,-0.675309-1.649266j,0.863775+0.249064j,5.214067
2.609969+0.000000j,-0.676192-1.649228j,0.865528+0.249677j,5.220187
2.616516+0.000000j,-0.677075-1.649189j,0.867285+0.250289j,5.226312
2.623080+0.000000j,-0.677959-1.649150j,0.869046+0.250901j,5.232443
2.629660+0.000000j,-0.678843-1.649110j,0.870810+0.251512j,5.238579
2.636256+0.000000j,-0.679728-1.649069j,0.872578+0.252123j,5.244721
2.642869+0.000000j,-0.680614-1.649029j,0.874350+0.252733j,5.250867
2.649499+0.000000j,-0.681501-1.648988j,0.876125+0.253343j,5.257019
2.656145+0.000000j,-0.682388-1.648946j,0.877905+0.253952j,5.263177
2.662808+0.000000j,-0.683276-1.648904j,0.879687+0.254561j,5.269340
2.669487+0.000000j,-0.684165-1.648862j,0.881474+0.255169j,5.275508
2.676183+0.000000j,-0.685054-1.648819j,0.883265+0.255777j,5.281681
2.682896+0.000000j,-0.685944-1.648776j,0.885059+0.256384j,5.287860
2.689626+0.000000j,-0.686835-1.648732j,0.886856+0.256990j,5.294044
2.696373+0.000000j,-0.687726-1.648688j,0.888658+0.257596j,5.300233
2.703137+0.000000j,-0.688619-1.648643j,0.890463+0.258202j,5.306428
2.709918+0.000000j,-0.689511-1.648599j,0.892272+0.258806j,5.312629
2.716715+0.000000j,-0.690405-1.648553j,0.894084+0.259410j,5.318834
2.723530+0.000000j,-0.691299-1.648508j,0.895901+0.260014j,5.325045
2.730362+0.000000j,-0.692194-1.648462j,0.897721+0.260616j,5.331262
2.737211+0.000000j,-0.693090-1.648415j,0.899544+0.261218j,5.337484
2.744077+0.000000j,-0.693986-1.648368j,0.901371+0.261820j,5.343711
2.750961+0.000000j,-0.694883-1.648321j,0.903202+0.262420j,5.349944
2.757861+0.000000j,-0.695781-1.648273j,0.905037+0.263020j,5.356182
2.764779+0.000000j,-0.696679-1.648225j,0.906875+0.263619j,5.362426
2.771715+0.000000j,-0.697578-1.648177j,0.908717+0.264218j,5.368675
2.778667+0.000000j,-0.698478-1.648128j,0.910562+0.264815j,5.374930
2.785637+0.000000j,-0.699378-1.648079j,0.912411+0.265412j,5.381190
2.792625+0.000000j,-0.700280-1.648030j,0.914264+0.266008j,5.387455
2.799630+0.000000j,-0.701181-1.647980j,0.916120+0.266604j,5.393726
2.806653+0.000000j,-0.702084-1.647929j,0.917980+0.267198j,5.400003
2.813693+0.000000j,-0.702987-1.647879j,0.919844+0.267792j,5.406285
2.820751+0.000000j,-0.703891-1.647828j,0.921711+0.268385j,5.412573
2.827827+0.000000j,-0.704796-1.647776j,0.923581+0.268977j,5.418866
2.834921+0.000000j,-0.705701-1.647725j,0.925456+0.269568j,5.425165
2.842032+0.000000j,-0.706607-1.647673j,0.927333+0.270159j,5.431469
2.849161+0.000000j,-0.707514-1.647620j,0.929215+0.270748j,5.437779
2.856308+0.000000j,-0.708421-1.647567j,0.931100+0.271337j,5.444094
2.863473+0.000000j,-0.709329-1.647514j,0.932988+0.271925j,5.450415
2.870656+0.000000j,-0.710238-1.647461j,0.934880+0.272511j,5.456741
2.877857+0.000000j,-0.711147-1.647407j,0.936776+0.273097j,5.463073
2.885076+0.000000j,-0.712057-1.647353j,0.938675+0.273682j,5.469411
2.892313+0.000000j,-0.712968-1.647298j,0.940577+0.274266j,5.475754
2.899568+0.000000j,-0.713880-1.647243j,0.942483+0.274849j,5.482103
2.906842+0.000000j,-0.714792-1.647188j,0.944393+0.275431j,5.488458
2.914133+0.000000j,-0.715705-1.647133j,0.946306+0.276013j,5.494818
2.921443+0.000000j,-0.716618-1.647077j,0.948222+0.276593j,5.501183
2.928772+0.000000j,-0.717532-1.647021j,0.950142+0.277172j,5.507555
2.936118+0.000000j,-0.718447-1.646964j,0.952066+0.277750j,5.513932
2.943483+0.000000j,-0.719363-1.646907j,0.953993+0.278327j,5.520314
2.950867+0.000000j,-0.720279-1.646850j,0.955923+0.278903j,5.526702
2.958269+0.000000j,-0.721196-1.646793j,0.957857+0.279478j,5.533096
2.965690+0.000000j,-0.722113-1.646735j,0.959794+0.280052j,5.539496
2.973129+0.000000j,-0.723032-1.646677j,0.961735+0.280625j,5.545901
2.980587+0.000000j,-0.723951-1.646618j,0.963679+0.281197j,5.552312
2.988064+0.000000j,-0.724870-1.646559j,0.965626+0.281767j,5.558729
2.995559+0.000000j,-0.725791-1.646500j,0.967577+0.282337j,5.565151
3.003074+0.000000j,-0.726712-1.646441j,0.969531+0.282906j,5.571579
3.010607+0.000000j,-0.727633-1.646381j,0.971488+0.283473j,5.578013
3.018159+0.000000j,-0.728556-1.646321j,0.973449+0.284039j,5.584452
3.025730+0.000000j,-0.729479-1.646261j,0.975413+0.284604j,5.590897
3.033319+0.000000j,-0.730402-1.646201j,0.977381+0.285168j,5.597348
3.040928+0.000000j,-0.731327-1.646140j,0.979352+0.285731j,5.603805
3.048556+0.000000j,-0.732252-1.646078j,0.981326+0.286293j,5.610267
3.056204+0.000000j,-0.733177-1.646017j,0.983303+0.286853j,5.616736
3.063870+0.000000j,-0.734104-1.645955j,0.985284+0.287413j,5.623210
3.071556+0.000000j,-0.735031-1.645893j,0.987268+0.287971j,5.629689
3.079260+0.000000j,-0.735958-1.645831j,0.989255+0.288528j,5.636175
3.086985+0.000000j,-0.736887-1.645768j,0.991246+0.289083j,5.642666
3.094728+0.000000j,-0.737816-1.645706j,0.993240+0.289638j,5.649163
3.102491+0.000000j,-0.738745-1.645642j,0.995237+0.290191j,5.655666
3.110274+0.000000j,-0.739676-1.645579j,0.997237+0.290743j,5.662175
3.118076+0.000000j,-0.740607-1.645515j,0.999240+0.291294j,5.668689
3.125897+0.000000j,-0.741539-1.645451j,1.001247+0.291843j,5.675209
3.133738+0.000000j,-0.742471-1.645387j,1.003257+0.292391j,5.681735
3.141599+0.000000j,-0.743404-1.645323j,1.005270+0.292938j,5.688267
3.149480+0.000000j,-0.744338-1.645258j,1.007286+0.293484j,5.694805
3.157380+0.000000j,-0.745272-1.645193j,1.009305+0.294028j,5.701349
3.165300+0.000000j,-0.746207-1.645127j,1.011328+0.294571j,5.707898
3.173240+0.000000j,-0.747143-1.645062j,1.013353+0.295113j,5.714454
3.181200+0.000000j,-0.748079-1.644996j,1.015382+0.295653j,5.721015
3.189180+0.000000j,-0.749016-1.644930j,1.017414+0.296192j,5.727582
3.197180+0.000000j,-0.749954-1.644864j,1.019449+0.296730j,5.734155
3.205200+0.000000j,-0.750892-1.644797j,1.021487+0.297266j,5.740734
3.213240+0.000000j,-0.751831-1.644730j,1.023528+0.297801j,5.747319
3.221301+0.000000j,-0.752771-1.644663j,1.025572+0.298334j,5.753909
3.229381+0.000000j,-0.753711-1.644596j,1.027619+0.298867j,5.760506
3.237482+0.000000j,-0.754652-1.644528j,1.029669+0.299398j,5.767108
3.245603+0.000000j,-0.755593-1.644461j,1.031722+0.299927j,5.773717
3.253744+0.000000j,-0.756536-1.644393j,1.033778+0.300455j,5.780331
3.261906+0.000000j,-0.757479-1.644324j,1.035837+0.300982j,5.786951
3.270089+0.000000j,-0.758422-1.644256j,1.037899+0.301507j,5.793577
3.278291+0.000000j,-0.759366-1.644187j,1.039964+0.302031j,5.800209
3.286515+0.000000j,-0.760311-1.644118j,1.042032+0.302553j,5.806848
3.294759+0.000000j,-0.761257-1.644049j,1.044103+0.303074j,5.813492
3.303024+0.000000j,-0.762203-1.643979j,1.046177+0.303594j,5.820142
3.311309+0.000000j,-0.763150-1.643910j,1.048254+0.304112j,5.826798
3.319616+0.000000j,-0.764097-1.643840j,1.050334+0.304629j,5.833460
3.327943+0.000000j,-0.765045-1.643770j,1.052416+0.305144j,5.840127
3.336291+0.000000j,-0.765994-1.643700j,1.054502+0.305658j,5.846801
3.344660+0.000000j,-0.766943-1.643629j,1.056590+0.306170j,5.853481
3.353050+0.000000j,-0.767893-1.643558j,1.058681+0.306681j,5.860167
3.361461+0.000000j,-0.768844-1.643487j,1.060775+0.307190j,5.866859
3.369893+0.000000j,-0.769795-1.643416j,1.062872+0.307698j,5.873557
3.378346+0.000000j,-0.770747-1.643345j,1.064971+0.308204j,5.880261
3.386820+0.000000j,-0.771700-1.643273j,1.067074+0.308709j,5.886971
3.395316+0.000000j,-0.772653-1.643201j,1.069179+0.309212j,5.893687
3.403833+0.000000j,-0.773607-1.643129j,1.071287+0.309714j,5.900409
3.412371+0.000000j,-0.774561-1.643057j,1.073398+0.310215j,5.907137
3.420931+0.000000j,-0.775516-1.642985j,1.075511+0.310713j,5.913872
3.429512+0.000000j,-0.776472-1.642912j,1.077627+0.311211j,5.920612
3.438115+0.000000j,-0.777429-1.642839j,1.079746+0.311706j,5.927358
3.446740+0.000000j,-0.778386-1.642766j,1.081867+0.312201j,5.934111
3.455386+0.000000j,-0.779343-1.642693j,1.083992+0.312693j,5.940869
3.464053+0.000000j,-0.780302-1.642620j,1.086119+0.313185j,5.947634
3.472743+0.000000j,-0.781261-1.642546j,1.088248+0.313674j,5.954404
3.481454+0.000000j,-0.782220-1.642473j,1.090380+0.314162j,5.961181
3.490187+0.000000j,-0.783180-1.642399j,1.092515+0.314649j,5.967964
3.498942+0.000000j,-0.784141-1.642325j,1.094652+0.315134j,5.974753
3.507719+0.000000j,-0.785103-1.642250j,1.096792+0.315617j,5.981548
3.516518+0.000000j,-0.786065-1.642176j,1.098935+0.316099j,5.988349
3.525339+0.000000j,-0.787027-1.642101j,1.101080+0.316579j,5.995156
3.534182+0.000000j,-0.787991-1.642026j,1.103228+0.317058j,6.001970
3.543048+0.000000j,-0.788955-1.641951j,1.105378+0.317535j,6.008789
3.551935+0.000000j,-0.789919-1.641876j,1.107531+0.318010j,6.015615
3.560845+0.000000j,-0.790884-1.641801j,1.109686+0.318484j,6.022447
3.569777+0.000000j,-0.791850-1.641725j,1.111844+0.318957j,6.029285
3.578732+0.000000j,-0.792817-1.641650j,1.114004+0.319427j,6.036129
3.587709+0.000000j,-0.793784-1.641574j,1.116167+0.319897j,6.042979
3.596709+0.000000j,-0.794752-1.641498j,1.118332+0.320364j,6.049836
3.605731+0.000000j,-0.795720-1.641422j,1.120500+0.320830j,6.056699
3.614776+0.000000j,-0.796689-1.641345j,1.122670+0.321294j,6.063568
3.623843+0.000000j,-0.797658-1.641269j,1.124843+0.321757j,6.070443
3.632933+0.000000j,-0.798628-1.641192j,1.127018+0.322218j,6.077324
3.642046+0.000000j,-0.799599-1.641115j,1.129195+0.322678j,6.084211
3.651182+0.000000j,-0.800571-1.641039j,1.131375+0.323136j,6.091105
3.660341+0.000000j,-0.801543-1.640961j,1.133557+0.323592j,6.098005
3.669523+0.000000j,-0.802515-1.640884j,1.135741+0.324047j,6.104911
3.678728+0.000000j,-0.803488-1.640807j,1.137928+0.324500j,6.111823
3.687956+0.000000j,-0.804462-1.640729j,1.140117+0.324951j,6.118742
3.697207+0.000000j,-0.805437-1.640651j,1.142308+0.325401j,6.125667
3.706481+0.000000j,-0.806412-1.640574j,1.144502+0.325849j,6.132598
3.715779+0.000000j,-0.807387-1.640496j,1.146698+0.326296j,6.139535
3.725100+0.000000j,-0.808364-1.640418j,1.148896+0.326741j,6.146479
3.734444+0.000000j,-0.809340-1.640339j,1.151096+0.327184j,6.153428
3.743812+0.000000j,-0.810318-1.640261j,1.153299+0.327626j,6.160384
3.753203+0.000000j,-0.811296-1.640182j,1.155504+0.328066j,6.167347
3.762618+0.000000j,-0.812275-1.640104j,1.157711+0.328505j,6.174315
3.772056+0.000000j,-0.813254-1.640025j,1.159920+0.328941j,6.181290
3.781518+0.000000j,-0.814234-1.639946j,1.162132+0.329377j,6.188271
3.791004+0.000000j,-0.815214-1.639867j,1.164346+0.329810j,6.195259
3.800513+0.000000j,-0.816195-1.639788j,1.166561+0.330242j,6.202253
3.810047+0.000000j,-0.817177-1.639708j,1.168779+0.330672j,6.209253
3.819604+0.000000j,-0.818159-1.639629j,1.170999+0.331101j,6.216259
3.829185+0.000000j,-0.819142-1.639549j,1.173222+0.331528j,6.223272
3.838791+0.000000j,-0.820125-1.639470j,1.175446+0.331954j,6.230291
3.848420+0.000000j,-0.821109-1.639390j,1.177672+0.332377j,6.237316
3.858074+0.000000j,-0.822094-1.639310j,1.179901+0.332799j,6.244347
3.867752+0.000000j,-0.823079-1.639230j,1.182131+0.333220j,6.251385
3.877454+0.000000j,-0.824065-1.639150j,1.184364+0.333639j,6.258430
3.887180+0.000000j,-0.825051-1.639070j,1.186599+0.334056j,6.265480
3.896931+0.000000j,-0.826038-1.638989j,1.188835+0.334472j,6.272537
3.906706+0.000000j,-0.827026-1.638909j,1.191074+0.334886j,6.279601
3.916506+0.000000j,-0.828014-1.638828j,1.193315+0.335298j,6.286670
3.926330+0.000000j,-0.829003-1.638747j,1.195557+0.335709j,6.293746
3.936179+0.000000j,-0.829992-1.638667j,1.197802+0.336118j,6.300829
3.946053+0.000000j,-0.830982-1.638586j,1.200048+0.336525j,6.307918
3.955952+0.000000j,-0.831972-1.638505j,1.202297+0.336931j,6.315013
3.965875+0.000000j,-0.832963-1.638423j,1.204547+0.337335j,6.322114
3.975823+0.000000j,-0.833955-1.638342j,1.206800+0.337738j,6.329222
3.985796+0.000000j,-0.834947-1.638261j,1.209054+0.338138j,6.336337
3.995795+0.000000j,-0.835940-1.638179j,1.211310+0.338538j,6.343457
4.005818+0.000000j,-0.836933-1.638098j,1.213568+0.338935j,6.350585
4.015866+0.000000j,-0.837927-1.638016j,1.215828+0.339331j,6.357718
4.025940+0.000000j,-0.838922-1.637935j,1.218090+0.339726j,6.364858
4.036039+0.000000j,-0.839917-1.637853j,1.220353+0.340119j,6.372004
4.046163+0.000000j,-0.840913-1.637771j,1.222619+0.340510j,6.379157
4.056313+0.000000j,-0.841909-1.637689j,1.224886+0.340899j,6.386316
4.066488+0.000000j,-0.842906-1.637607j,1.227155+0.341287j,6.393482
4.076689+0.000000j,-0.843903-1.637525j,1.229426+0.341674j,6.400654
4.086915+0.000000j,-0.844901-1.637443j,1.231699+0.342058j,6.407833
4.097167+0.000000j,-0.845899-1.637360j,1.233973+0.342441j,6.415018
4.107444+0.000000j,-0.846898-1.637278j,1.236249+0.342823j,6.422209
4.117748+0.000000j,-0.847898-1.637195j,1.238527+0.343203j,6.429407
4.128077+0.000000j,-0.848898-1.637113j,1.240807+0.343581j,6.436612
4.138432+0.000000j,-0.849899-1.637030j,1.243088+0.343958j,6.443822
4.148813+0.000000j,-0.850900-1.636947j,1.245371+0.344333j,6.451040
4.159220+0.000000j,-0.851902-1.636865j,1.247656+0.344706j,6.458264
4.169653+0.000000j,-0.852905-1.636782j,1.249942+0.345078j,6.465494
4.180113+0.000000j,-0.853908-1.636699j,1.252230+0.345448j,6.472731
4.190598+0.000000j,-0.854911-1.636616j,1.254520+0.345817j,6.479974
4.201110+0.000000j,-0.855915-1.636533j,1.256811+0.346184j,6.487224
4.211649+0.000000j,-0.856920-1.636449j,1.259104+0.346550j,6.494480
4.222213+0.000000j,-0.857925-1.636366j,1.261399+0.346914j,6.501743
4.232805+0.000000j,-0.858931-1.636283j,1.263695+0.347276j,6.509012
4.243422+0.000000j,-0.859937-1.636200j,1.265993+0.347637j,6.516288
4.254067+0.000000j,-0.860944-1.636116j,1.268292+0.347996j,6.523570
4.264738+0.000000j,-0.861951-1.636033j,1.270593+0.348354j,6.530859
4.275436+0.000000j,-0.862959-1.635949j,1.272896+0.348710j,6.538154
4.286161+0.000000j,-0.863968-1.635865j,1.275200+0.349064j,6.545456
4.296912+0.000000j,-0.864977-1.635782j,1.277506+0.349417j,6.552765
4.307691+0.000000j,-0.865987-1.635698j,1.279813+0.349768j,6.560080
4.318497+0.000000j,-0.866997-1.635614j,1.282121+0.350118j,6.567401
4.329329+0.000000j,-0.868007-1.635530j,1.284432+0.350466j,6.574729
4.340189+0.000000j,-0.869019-1.635446j,1.286743+0.350813j,6.582064
4.351076+0.000000j,-0.870030-1.635363j,1.289057+0.351158j,6.589405
4.361991+0.000000j,-0.871043-1.635279j,1.291371+0.351502j,6.596753
4.372933+0.000000j,-0.872055-1.635194j,1.293687+0.351844j,6.604107
4.383902+0.000000j,-0.873069-1.635110j,1.296005+0.352184j,6.611468
4.394899+0.000000j,-0.874083-1.635026j,1.298324+0.352523j,6.618836
4.405923+0.000000j,-0.875097-1.634942j,1.300644+0.352861j,6.626210
4.416976+0.000000j,-0.876112-1.634858j,1.302966+0.353197j,6.633590
4.428055+0.000000j,-0.877128-1.634773j,1.305289+0.353531j,6.640978
4.439163+0.000000j,-0.878144-1.634689j,1.307614+0.353864j,6.648372
4.450298+0.000000j,-0.879160-1.634605j,1.309940+0.354195j,6.655772
4.461462+0.000000j,-0.880177-1.634520j,1.312268+0.354525j,6.663179
4.472653+0.000000j,-0.881195-1.634436j,1.314596+0.354854j,6.670593
4.483873+0.000000j,-0.882213-1.634351j,1.316927+0.355180j,6.678013
4.495120+0.000000j,-0.883232-1.634267j,1.319258+0.355506j,6.685440
4.506396+0.000000j,-0.884251-1.634182j,1.321591+0.355830j,6.692874
4.517700+0.000000j,-0.885271-1.634098j,1.323925+0.356152j,6.700314
4.529033+0.000000j,-0.886291-1.634013j,1.326261+0.356473j,6.707761
4.540394+0.000000j,-0.887312-1.633928j,1.328597+0.356792j,6.715214
4.551783+0.000000j,-0.888333-1.633844j,1.330935+0.357110j,6.722674
4.563201+0.000000j,-0.889355-1.633759j,1.333275+0.357426j,6.730141
4.574647+0.000000j,-0.890378-1.633674j,1.335616+0.357741j,6.737615
4.586123+0.000000j,-0.891400-1.633589j,1.337957+0.358055j,6.745095
4.597627+0.000000j,-0.892424-1.633504j,1.340301+0.358367j,6.752582
4.609160+0.000000j,-0.893448-1.633419j,1.342645+0.358677j,6.760075
4.620722+0.000000j,-0.894472-1.633335j,1.344991+0.358986j,6.767575
4.632313+0.000000j,-0.895497-1.633250j,1.347338+0.359294j,6.775082
4.643933+0.000000j,-0.896522-1.633165j,1.349686+0.359600j,6.782595
4.655582+0.000000j,-0.897548-1.633080j,1.352035+0.359905j,6.790115
4.667260+0.000000j,-0.898575-1.632995j,1.354386+0.360208j,6.797642
4.678968+0.000000j,-0.899602-1.632910j,1.356737+0.360510j,6.805176
4.690705+0.000000j,-0.900629-1.632825j,1.359090+0.360811j,6.812716
4.702471+0.000000j,-0.901657-1.632740j,1.361444+0.361110j,6.820263
4.714267+0.000000j,-0.902686-1.632655j,1.363799+0.361407j,6.827817
4.726093+0.000000j,-0.903715-1.632570j,1.366156+0.361703j,6.835377
4.737948+0.000000j,-0.904744-1.632484j,1.368513+0.361998j,6.842944
4.749833+0.000000j,-0.905774-1.632399j,1.370872+0.362291j,6.850518
4.761747+0.000000j,-0.906805-1.632314j,1.373232+0.362583j,6.858098
4.773692+0.000000j,-0.907836-1.632229j,1.375593+0.362874j,6.865685
4.785667+0.000000j,-0.908867-1.632144j,1.377955+0.363163j,6.873279
4.797671+0.000000j,-0.909899-1.632059j,1.380318+0.363451j,6.880880
4.809706+0.000000j,-0.910932-1.631974j,1.382682+0.363737j,6.888487
4.821771+0.000000j,-0.911965-1.631888j,1.385047+0.364022j,6.896102
4.833866+0.000000j,-0.912998-1.631803j,1.387414+0.364306j,6.903723
4.845992+0.000000j,-0.914032-1.631718j,1.389781+0.364588j,6.911350
4.858148+0.000000j,-0.915067-1.631633j,1.392150+0.364869j,6.918985
4.870334+0.000000j,-0.916102-1.631547j,1.394519+0.365148j,6.926626
4.882551+0.000000j,-0.917137-1.631462j,1.396890+0.365426j,6.934274
4.894799+0.000000j,-0.918173-1.631377j,1.399261+0.365703j,6.941928
4.907077+0.000000j,-0.919210-1.631292j,1.401634+0.365978j,6.949590
4.919387+0.000000j,-0.920247-1.631207j,1.404008+0.366252j,6.957258
4.931727+0.000000j,-0.921284-1.631121j,1.406382+0.366525j,6.964933
4.944098+0.000000j,-0.922322-1.631036j,1.408758+0.366797j,6.972615
4.956500+0.000000j,-0.923360-1.630951j,1.411135+0.367067j,6.980304
4.968933+0.000000j,-0.924399-1.630866j,1.413512+0.367335j,6.987999
4.981397+0.000000j,-0.925438-1.630780j,1.415891+0.367603j,6.995701
4.993893+0.000000j,-0.926478-1.630695j,1.418270+0.367869j,7.003411
5.006420+0.000000j,-0.927519-1.630610j,1.420651+0.368134j,7.011126
5.018978+0.000000j,-0.928559-1.630525j,1.423032+0.368397j,7.018849
5.031568+0.000000j,-0.929601-1.630440j,1.425415+0.368659j,7.026579
5.044190+0.000000j,-0.930642-1.630354j,1.427798+0.368920j,7.034315
5.056843+0.000000j,-0.931685-1.630269j,1.430183+0.369180j,7.042058
5.069528+0.000000j,-0.932727-1.630184j,1.432568+0.369438j,7.049808
5.082244+0.000000j,-0.933770-1.630099j,1.434954+0.369695j,7.057565
5.094993+0.000000j,-0.934814-1.630014j,1.437341+0.369951j,7.065328
5.107774+0.000000j,-0.935858-1.629928j,1.439729+0.370206j,7.073099
5.120586+0.000000j,-0.936903-1.629843j,1.442118+0.370459j,7.080876
5.133431+0.000000j,-0.937948-1.629758j,1.444508+0.370711j,7.088660
5.146308+0.000000j,-0.938993-1.629673j,1.446898+0.370961j,7.096451
5.159217+0.000000j,-0.940039-1.629588j,1.449290+0.371211j,7.104249
5.172159+0.000000j,-0.941086-1.629503j,1.451682+0.371459j,7.112054
5.185133+0.000000j,-0.942133-1.629418j,1.454075+0.371706j,7.119865
5.198140+0.000000j,-0.943180-1.629333j,1.456470+0.371952j,7.127684
5.211179+0.000000j,-0.944228-1.629248j,1.458864+0.372196j,7.135509
5.224251+0.000000j,-0.945276-1.629163j,1.461260+0.372439j,7.143341
5.237356+0.000000j,-0.946325-1.629078j,1.463657+0.372681j,7.151180
5.250494+0.000000j,-0.947374-1.628993j,1.466054+0.372922j,7.159026
5.263664+0.000000j,-0.948424-1.628908j,1.468452+0.373162j,7.166879
5.276868+0.000000j,-0.949474-1.628823j,1.470852+0.373400j,7.174739
5.290105+0.000000j,-0.950525-1.628738j,1.473251+0.373637j,7.182606
5.303375+0.000000j,-0.951576-1.628653j,1.475652+0.373873j,7.190479
5.316678+0.000000j,-0.952627-1.628568j,1.478054+0.374108j,7.198360
5.330015+0.000000j,-0.953679-1.628483j,1.480456+0.374342j,7.206247
5.343385+0.000000j,-0.954731-1.628398j,1.482859+0.374574j,7.214141
5.356789+0.000000j,-0.955784-1.628313j,1.485263+0.374805j,7.222042
5.370226+0.000000j,-0.956838-1.628229j,1.487667+0.375035j,7.229951
5.383697+0.000000j,-0.957891-1.628144j,1.490072+0.375264j,7.237866
5.397202+0.000000j,-0.958946-1.628059j,1.492479+0.375492j,7.245788
5.410740+0.000000j,-0.960000-1.627974j,1.494885+0.375719j,7.253716
5.424313+0.000000j,-0.961055-1.627890j,1.497293+0.375944j,7.261652
5.437920+0.000000j,-0.962111-1.627805j,1.499701+0.376168j,7.269595
5.451560+0.000000j,-0.963167-1.627721j,1.502110+0.376391j,7.277545
5.465235+0.000000j,-0.964223-1.627636j,1.504520+0.376613j,7.285501
5.478945+0.000000j,-0.965280-1.627551j,1.506931+0.376834j,7.293465
5.492688+0.000000j,-0.966337-1.627467j,1.509342+0.377054j,7.301436
5.506467+0.000000j,-0.967395-1.627382j,1.511754+0.377273j,7.309413
5.520279+0.000000j,-0.968453-1.627298j,1.514166+0.377490j,7.317398
5.534127+0.000000j,-0.969512-1.627214j,1.516580+0.377706j,7.325389
5.548009+0.000000j,-0.970571-1.627129j,1.518994+0.377922j,7.333388
5.561926+0.000000j,-0.971630-1.627045j,1.521408+0.378136j,7.341393
5.575878+0.000000j,-0.972690-1.626960j,1.523824+0.378349j,7.349405
5.589865+0.000000j,-0.973751-1.626876j,1.526240+0.378561j,7.357425
5.603886+0.000000j,-0.974811-1.626792j,1.528656+0.378771j,7.365451
5.617944+0.000000j,-0.975873-1.626708j,1.531074+0.378981j,7.373484
5.632036+0.000000j,-0.976934-1.626624j,1.533492+0.379190j,7.381525
5.646164+0.000000j,-0.977996-1.626540j,1.535910+0.379397j,7.389572
5.660327+0.000000j,-0.979059-1.626455j,1.538330+0.379604j,7.397626
5.674526+0.000000j,-0.980122-1.626371j,1.540750+0.379809j,7.405688
5.688760+0.000000j,-0.981185-1.626287j,1.543170+0.380014j,7.413756
5.703030+0.000000j,-0.982249-1.626203j,1.545591+0.380217j,7.421832
5.717336+0.000000j,-0.983313-1.626120j,1.548013+0.380419j,7.429914
5.731677+0.000000j,-0.984378-1.626036j,1.550436+0.380621j,7.438003
5.746055+0.000000j,-0.985443-1.625952j,1.552859+0.380821j,7.446100
5.760469+0.000000j,-0.986508-1.625868j,1.555283+0.381020j,7.454203
5.774919+0.000000j,-0.987574-1.625784j,1.557707+0.381218j,7.462314
5.789405+0.000000j,-0.988640-1.625701j,1.560132+0.381415j,7.470431
5.803927+0.000000j,-0.989707-1.625617j,1.562557+0.381611j,7.478556
5.818486+0.000000j,-0.990774-1.625533j,1.564983+0.381806j,7.486688
5.833082+0.000000j,-0.991842-1.625450j,1.567410+0.382000j,7.494826
5.847714+0.000000j,-0.992910-1.625366j,1.569837+0.382193j,7.502972
5.862382+0.000000j,-0.993978-1.625283j,1.572265+0.382385j,7.511125
5.877088+0.000000j,-0.995047-1.625200j,1.574694+0.382576j,7.519285
5.891830+0.000000j,-0.996116-1.625116j,1.577123+0.382766j,7.527452
5.906610+0.000000j,-0.997186-1.625033j,1.579552+0.382955j,7.535626
5.921426+0.000000j,-0.998256-1.624950j,1.581982+0.383143j,7.543807
5.936280+0.000000j,-0.999326-1.624866j,1.584413+0.383330j,7.551995
5.951171+0.000000j,-1.000397-1.624783j,1.586844+0.383516j,7.560190
5.966099+0.000000j,-1.001468-1.624700j,1.589276+0.383702j,7.568392
5.981065+0.000000j,-1.002540-1.624617j,1.591708+0.383886j,7.576602
5.996068+0.000000j,-1.003612-1.624534j,1.594141+0.384069j,7.584818
6.011109+0.000000j,-1.004684-1.624451j,1.596574+0.384251j,7.593042
6.026188+0.000000j,-1.005757-1.624368j,1.599008+0.384432j,7.601272
6.041304+0.000000j,-1.006831-1.624285j,1.601443+0.384612j,7.609510
6.056458+0.000000j,-1.007904-1.624203j,1.603878+0.384792j,7.617755
6.071651+0.000000j,-1.008978-1.624120j,1.606313+0.384970j,7.626007
6.086881+0.000000j,-1.010053-1.624037j,1.608749+0.385148j,7.634266
6.102150+0.000000j,-1.011127-1.623955j,1.611186+0.385324j,7.642532
6.117457+0.000000j,-1.012203-1.623872j,1.613623+0.385500j,7.650805
6.132802+0.000000j,-1.013278-1.623790j,1.616060+0.385674j,7.659086
6.148186+0.000000j,-1.014354-1.623707j,1.618498+0.385848j,7.667373
6.163609+0.000000j,-1.015431-1.623625j,1.620936+0.386021j,7.675668
6.179070+0.000000j,-1.016508-1.623543j,1.623375+0.386193j,7.683970
6.194570+0.000000j,-1.017585-1.623460j,1.625815+0.386364j,7.692279
6.210109+0.000000j,-1.018662-1.623378j,1.628255+0.386534j,7.700595
6.225686+0.000000j,-1.019740-1.623296j,1.630695+0.386703j,7.708918
6.241303+0.000000j,-1.020819-1.623214j,1.633136+0.386872j,7.717249
6.256959+0.000000j,-1.021898-1.623132j,1.635577+0.387039j,7.725586
6.272655+0.000000j,-1.022977-1.623050j,1.638019+0.387206j,7.733931
6.288389+0.000000j,-1.024056-1.622968j,1.640461+0.387371j,7.742283
6.304164+0.000000j,-1.025136-1.622886j,1.642904+0.387536j,7.750642
6.319977+0.000000j,-1.026216-1.622804j,1.645347+0.387700j,7.759008
6.335831+0.000000j,-1.027297-1.622723j,1.647791+0.387863j,7.767381
6.351724+0.000000j,-1.028378-1.622641j,1.650235+0.388025j,7.775762
6.367657+0.000000j,-1.029460-1.622560j,1.652679+0.388187j,7.784150
6.383630+0.000000j,-1.030541-1.622478j,1.655124+0.388347j,7.792544
6.399643+0.000000j,-1.031624-1.622397j,1.657570+0.388507j,7.800947
6.415696+0.000000j,-1.032706-1.622315j,1.660016+0.388666j,7.809356
6.431790+0.000000j,-1.033789-1.622234j,1.662462+0.388823j,7.817772
6.447924+0.000000j,-1.034872-1.622153j,1.664908+0.388981j,7.826196
6.464098+0.000000j,-1.035956-1.622072j,1.667355+0.389137j,7.834627
6.480313+0.000000j,-1.037040-1.621990j,1.669803+0.389292j,7.843065
6.496568+0.000000j,-1.038125-1.621909j,1.672251+0.389447j,7.851510
6.512865+0.000000j,-1.039210-1.621828j,1.674699+0.389601j,7.859963
6.529202+0.000000j,-1.040295-1.621747j,1.677148+0.389754j,7.868422
6.545580+0.000000j,-1.041380-1.621667j,1.679597+0.389906j,7.876889
6.562000+0.000000j,-1.042466-1.621586j,1.682047+0.390057j,7.885363
6.578460+0.000000j,-1.043553-1.621505j,1.684497+0.390208j,7.893845
6.594962+0.000000j,-1.044639-1.621425j,1.686947+0.390357j,7.902333
6.611505+0.000000j,-1.045726-1.621344j,1.689398+0.390506j,7.910829
6.628090+0.000000j,-1.046814-1.621264j,1.691849+0.390654j,7.919332
6.644716+0.000000j,-1.047901-1.621183j,1.694300+0.390802j,7.927842
6.661384+0.000000j,-1.048989-1.621103j,1.696752+0.390948j,7.936360
6.678094+0.000000j,-1.050078-1.621023j,1.699204+0.391094j,7.944885
6.694846+0.000000j,-1.051167-1.620942j,1.701657+0.391239j,7.953417
6.711639+0.000000j,-1.052256-1.620862j,1.704110+0.391383j,7.961956
6.728475+0.000000j,-1.053346-1.620782j,1.706563+0.391527j,7.970502
6.745353+0.000000j,-1.054435-1.620702j,1.709017+0.391670j,7.979056
6.762274+0.000000j,-1.055526-1.620622j,1.711471+0.391812j,7.987617
6.779237+0.000000j,-1.056616-1.620543j,1.713926+0.391953j,7.996185
6.796242+0.000000j,-1.057707-1.620463j,1.716381+0.392093j,8.004761
6.813290+0.000000j,-1.058799-1.620383j,1.718836+0.392233j,8.013344
6.830381+0.000000j,-1.059890-1.620303j,1.721291+0.392372j,8.021934
6.847515+0.000000j,-1.060982-1.620224j,1.723747+0.392510j,8.030531
6.864691+0.000000j,-1.062075-1.620145j,1.726204+0.392647j,8.039136
6.881911+0.000000j,-1.063168-1.620065j,1.728660+0.392784j,8.047748
6.899174+0.000000j,-1.064261-1.619986j,1.731117+0.392920j,8.056367
6.916481+0.000000j,-1.065354-1.619907j,1.733574+0.393055j,8.064994
6.933830+0.000000j,-1.066448-1.619827j,1.736032+0.393190j,8.073628
6.951223+0.000000j,-1.067542-1.619748j,1.738490+0.393324j,8.082269
6.968660+0.000000j,-1.068637-1.619669j,1.740948+0.393457j,8.090917
6.986141+0.000000j,-1.069731-1.619591j,1.743407+0.393589j,8.099573
7.003665+0.000000j,-1.070827-1.619512j,1.745866+0.393721j,8.108236
7.021234+0.000000j,-1.071922-1.619433j,1.748325+0.393852j,8.116906
7.038846+0.000000j,-1.073018-1.619354j,1.750785+0.393982j,8.125584
7.056503+0.000000j,-1.074114-1.619276j,1.753244+0.394112j,8.134269
7.074204+0.000000j,-1.075211-1.619197j,1.755705+0.394241j,8.142961
7.091949+0.000000j,-1.076308-1.619119j,1.758165+0.394369j,8.151661
7.109739+0.000000j,-1.077405-1.619040j,1.760626+0.394496j,8.160368
7.127574+0.000000j,-1.078502-1.618962j,1.763087+0.394623j,8.169082
7.145453+0.000000j,-1.079600-1.618884j,1.765549+0.394749j,8.177804
7.163377+0.000000j,-1.080699-1.618806j,1.768010+0.394875j,8.186533
7.181346+0.000000j,-1.081797-1.618728j,1.770473+0.395000j,8.195270
7.199360+0.000000j,-1.082896-1.618650j,1.772935+0.395124j,8.204013
7.217419+0.000000j,-1.083995-1.618572j,1.775398+0.395247j,8.212764
7.235524+0.000000j,-1.085095-1.618494j,1.777861+0.395370j,8.221523
7.253674+0.000000j,-1.086195-1.618416j,1.780324+0.395492j,8.230288
7.271869+0.000000j,-1.087295-1.618339j,1.782787+0.395614j,8.239062
7.290111+0.000000j,-1.088396-1.618261j,1.785251+0.395734j,8.247842
7.308398+0.000000j,-1.089497-1.618184j,1.787715+0.395855j,8.256630
7.326730+0.000000j,-1.090598-1.618106j,1.790180+0.395974j,8.265425
7.345109+0.000000j,-1.091699-1.618029j,1.792644+0.396093j,8.274228
7.363534+0.000000j,-1.092801-1.617952j,1.795109+0.396211j,8.283038
7.382005+0.000000j,-1.093903-1.617875j,1.797575+0.396329j,8.291855
7.400523+0.000000j,-1.095006-1.617798j,1.800040+0.396446j,8.300680
7.419087+0.000000j,-1.096109-1.617721j,1.802506+0.396562j,8.309512
7.437697+0.000000j,-1.097212-1.617644j,1.804972+0.396678j,8.318352
7.456354+0.000000j,-1.098316-1.617567j,1.807438+0.396793j,8.327198
7.475058+0.000000j,-1.099419-1.617491j,1.809905+0.396907j,8.336053
7.493809+0.000000j,-1.100524-1.617414j,1.812372+0.397021j,8.344914
7.512607+0.000000j,-1.101628-1.617337j,1.814839+0.397134j,8.353784
7.531452+0.000000j,-1.102733-1.617261j,1.817306+0.397247j,8.362660
7.550344+0.000000j,-1.103838-1.617185j,1.819774+0.397359j,8.371544
7.569284+0.000000j,-1.104943-1.617108j,1.822242+0.397471j,8.380435
7.588271+0.000000j,-1.106049-1.617032j,1.824710+0.397581j,8.389334
7.607306+0.000000j,-1.107155-1.616956j,1.827178+0.397692j,8.398240
7.626389+0.000000j,-1.108261-1.616880j,1.829647+0.397801j,8.407154
7.645519+0.000000j,-1.109368-1.616804j,1.832116+0.397910j,8.416075
7.664698+0.000000j,-1.110475-1.616728j,1.834585+0.398019j,8.425004
7.683924+0.000000j,-1.111582-1.616653j,1.837055+0.398127j,8.433939
7.703199+0.000000j,-1.112690-1.616577j,1.839524+0.398234j,8.442883
7.722522+0.000000j,-1.113798-1.616501j,1.841994+0.398341j,8.451834
7.741894+0.000000j,-1.114906-1.616426j,1.844464+0.398447j,8.460792
7.761314+0.000000j,-1.116015-1.616350j,1.846935+0.398552j,8.469757
7.780783+0.000000j,-1.117124-1.616275j,1.849405+0.398657j,8.478731
7.800301+0.000000j,-1.118233-1.616200j,1.851876+0.398762j,8.487711
7.819868+0.000000j,-1.119342-1.616125j,1.854347+0.398866j,8.496699
7.839483+0.000000j,-1.120452-1.616050j,1.856818+0.398969j,8.505695
7.859148+0.000000j,-1.121562-1.615975j,1.859290+0.399072j,8.514698
7.878863+0.000000j,-1.122673-1.615900j,1.861762+0.399174j,8.523708
7.898626+0.000000j,-1.123783-1.615825j,1.864234+0.399276j,8.532726
7.918440+0.000000j,-1.124894-1.615751j,1.866706+0.399377j,8.541751
7.938303+0.000000j,-1.126006-1.615676j,1.869178+0.399477j,8.550784
7.958216+0.000000j,-1.127117-1.615601j,1.871651+0.399577j,8.559824
7.978179+0.000000j,-1.128229-1.615527j,1.874124+0.399677j,8.568872
7.998192+0.000000j,-1.129341-1.615453j,1.876597+0.399776j,8.577927
8.018255+0.000000j,-1.130454-1.615379j,1.879070+0.399874j,8.586990
8.038368+0.000000j,-1.131566-1.615304j,1.881544+0.399972j,8.596061
8.058532+0.000000j,-1.132680-1.615230j,1.884017+0.400069j,8.605138
8.078747+0.000000j,-1.133793-1.615156j,1.886491+0.400166j,8.614224
8.099012+0.000000j,-1.134907-1.615083j,1.888966+0.400263j,8.623316
8.119328+0.000000j,-1.136021-1.615009j,1.891440+0.400358j,8.632416
8.139695+0.000000j,-1.137135-1.614935j,1.893914+0.400454j,8.641524
8.160113+0.000000j,-1.138249-1.614861j,1.896389+0.400548j,8.650640
8.180582+0.000000j,-1.139364-1.614788j,1.898864+0.400643j,8.659762
8.201103+0.000000j,-1.140479-1.614715j,1.901339+0.400736j,8.668893
8.221675+0.000000j,-1.141595-1.614641j,1.903815+0.400830j,8.678030
8.242299+0.000000j,-1.142711-1.614568j,1.906290+0.400922j,8.687176
8.262974+0.000000j,-1.143827-1.614495j,1.908766+0.401015j,8.696329
8.283702+0.000000j,-1.144943-1.614422j,1.911242+0.401106j,8.705489
8.304481+0.000000j,-1.146060-1.614349j,1.913718+0.401198j,8.714657
8.325312+0.000000j,-1.147176-1.614276j,1.916195+0.401288j,8.723832
8.346196+0.000000j,-1.148294-1.614203j,1.918671+0.401379j,8.733015
8.367132+0.000000j,-1.149411-1.614131j,1.921148+0.401468j,8.742206
8.388121+0.000000j,-1.150529-1.614058j,1.923625+0.401558j,8.751404
8.409162+0.000000j,-1.151647-1.613986j,1.926102+0.401646j,8.760610
8.430256+0.000000j,-1.152765-1.613913j,1.928579+0.401735j,8.769823
8.451403+0.000000j,-1.153884-1.613841j,1.931057+0.401823j,8.779043
8.472603+0.000000j,-1.155002-1.613769j,1.933534+0.401910j,8.788272
8.493856+0.000000j,-1.156122-1.613697j,1.936012+0.401997j,8.797508
8.515163+0.000000j,-1.157241-1.613625j,1.938490+0.402083j,8.806751
8.536523+0.000000j,-1.158361-1.613553j,1.940968+0.402169j,8.816002
8.557936+0.000000j,-1.159481-1.613481j,1.943447+0.402255j,8.825260
8.579403+0.000000j,-1.160601-1.613409j,1.945925+0.402340j,8.834527
8.600924+0.000000j,-1.161721-1.613338j,1.948404+0.402424j,8.843800
8.622499+0.000000j,-1.162842-1.613266j,1.950883+0.402508j,8.853081
8.644129+0.000000j,-1.163963-1.613195j,1.953362+0.402592j,8.862370
8.665812+0.000000j,-1.165085-1.613123j,1.955841+0.402675j,8.871667
8.687550+0.000000j,-1.166206-1.613052j,1.958321+0.402758j,8.880971
8.709342+0.000000j,-1.167328-1.612981j,1.960800+0.402840j,8.890282
8.731189+0.000000j,-1.168450-1.612910j,1.963280+0.402922j,8.899601
8.753091+0.000000j,-1.169573-1.612839j,1.965760+0.403004j,8.908928
8.775048+0.000000j,-1.170696-1.612768j,1.968240+0.403085j,8.918263
8.797060+0.000000j,-1.171819-1.612697j,1.970720+0.403165j,8.927605
8.819127+0.000000j,-1.172942-1.612626j,1.973201+0.403245j,8.936954
8.841249+0.000000j,-1.174065-1.612556j,1.975681+0.403325j,8.946311
8.863427+0.000000j,-1.175189-1.612485j,1.978162+0.403404j,8.955676
8.885661+0.000000j,-1.176313-1.612415j,1.980643+0.403483j,8.965049
8.907950+0.000000j,-1.177438-1.612345j,1.983124+0.403562j,8.974429
8.930295+0.000000j,-1.178562-1.612274j,1.985605+0.403640j,8.983816
8.952696+0.000000j,-1.179687-1.612204j,1.988086+0.403717j,8.993211
8.975154+0.000000j,-1.180812-1.612134j,1.990568+0.403794j,9.002614
8.997668+0.000000j,-1.181938-1.612064j,1.993050+0.403871j,9.012025
9.020238+0.000000j,-1.183063-1.611995j,1.995531+0.403947j,9.021443
9.042865+0.000000j,-1.184189-1.611925j,1.998013+0.404023j,9.030869
9.065549+0.000000j,-1.185315-1.611855j,2.000495+0.404099j,9.040302
9.088289+0.000000j,-1.186442-1.611786j,2.002978+0.404174j,9.049743
9.111087+0.000000j,-1.187568-1.611716j,2.005460+0.404248j,9.059192
9.133941+0.000000j,-1.188695-1.611647j,2.007943+0.404323j,9.068648
9.156854+0.000000j,-1.189823-1.611578j,2.010425+0.404397j,9.078112
9.179823+0.000000j,-1.190950-1.611509j,2.012908+0.404470j,9.087584
9.202850+0.000000j,-1.192078-1.611440j,2.015391+0.404543j,9.097063
9.225935+0.000000j,-1.193206-1.611371j,2.017874+0.404616j,9.106550
9.249078+0.000000j,-1.194334-1.611302j,2.020358+0.404688j,9.116045
9.272279+0.000000j,-1.195463-1.611233j,2.022841+0.404760j,9.125547
9.295538+0.000000j,-1.196591-1.611164j,2.025325+0.404832j,9.135057
9.318856+0.000000j,-1.197720-1.611096j,2.027808+0.404903j,9.144575
9.342232+0.000000j,-1.198850-1.611027j,2.030292+0.404973j,9.154100
9.365666+0.000000j,-1.199979-1.610959j,2.032776+0.405044j,9.163633
9.389160+0.000000j,-1.201109-1.610891j,2.035260+0.405114j,9.173173
9.412712+0.000000j,-1.202239-1.610822j,2.037745+0.405183j,9.182722
9.436323+0.000000j,-1.203369-1.610754j,2.040229+0.405253j,9.192278
9.459994+0.000000j,-1.204500-1.610686j,2.042713+0.405321j,9.201841
9.483724+0.000000j,-1.205630-1.610618j,2.045198+0.405390j,9.211413
9.507514+0.000000j,-1.206761-1.610551j,2.047683+0.405458j,9.220992
9.531363+0.000000j,-1.207893-1.610483j,2.050168+0.405526j,9.230578
9.555272+0.000000j,-1.209024-1.610415j,2.052653+0.405593j,9.240173
9.579241+0.000000j,-1.210156-1.610348j,2.055138+0.405660j,9.249775
9.603270+0.000000j,-1.211288-1.610280j,2.057623+0.405727j,9.259385
9.627359+0.000000j,-1.212420-1.610213j,2.060109+0.405793j,9.269002
9.651509+0.000000j,-1.213553-1.610146j,2.062594+0.405859j,9.278628
9.675720+0.000000j,-1.214685-1.610079j,2.065080+0.405925j,9.288261
9.699991+0.000000j,-1.215818-1.610012j,2.067566+0.405990j,9.297901
9.724323+0.000000j,-1.216952-1.609945j,2.070052+0.406055j,9.307550
9.748716+0.000000j,-1.218085-1.609878j,2.072538+0.406119j,9.317206
9.773170+0.000000j,-1.219219-1.609811j,2.075024+0.406184j,9.326870
9.797686+0.000000j,-1.220353-1.609745j,2.077510+0.406247j,9.336541
9.822263+0.000000j,-1.221487-1.609678j,2.079997+0.406311j,9.346220
9.846901+0.000000j,-1.222621-1.609612j,2.082483+0.406374j,9.355907
9.871602+0.000000j,-1.223756-1.609545j,2.084970+0.406437j,9.365602
9.896365+0.000000j,-1.224891-1.609479j,2.087456+0.406499j,9.375305
9.921189+0.000000j,-1.226026-1.609413j,2.089943+0.406561j,9.385015
9.946076+0.000000j,-1.227161-1.609347j,2.092430+0.406623j,9.394733
9.971025+0.000000j,-1.228297-1.609281j,2.094917+0.406685j,9.404458
9.996037+0.000000j,-1.229433-1.609215j,2.097405+0.406746j,9.414192
10.021112+0.000000j,-1.230569-1.609149j,2.099892+0.406807j,9.423933
10.046249+0.000000j,-1.231705-1.609084j,2.102379+0.406867j,9.433682
10.071450+0.000000j,-1.232842-1.609018j,2.104867+0.406927j,9.443439
10.096714+0.000000j,-1.233978-1.608953j,2.107355+0.406987j,9.453203
10.122041+0.000000j,-1.235115-1.608887j,2.109842+0.407047j,9.462975
10.147432+0.000000j,-1.236253-1.608822j,2.112330+0.407106j,9.472755
10.172886+0.000000j,-1.237390-1.608757j,2.114818+0.407165j,9.482543
10.198404+0.000000j,-1.238528-1.608692j,2.117306+0.407223j,9.492339
10.223987+0.000000j,-1.239666-1.608627j,2.119794+0.407281j,9.502142
10.249633+0.000000j,-1.240804-1.608562j,2.122283+0.407339j,9.511953
10.275344+0.000000j,-1.241942-1.608497j,2.124771+0.407397j,9.521772
10.301119+0.000000j,-1.243081-1.608433j,2.127260+0.407454j,9.531598
10.326959+0.000000j,-1.244220-1.608368j,2.129748+0.407511j,9.541433
10.352864+0.000000j,-1.245359-1.608303j,2.132237+0.407568j,9.551275
10.378834+0.000000j,-1.246498-1.608239j,2.134726+0.407624j,9.561125
10.404869+0.000000j,-1.247638-1.608175j,2.137215+0.407680j,9.570983
10.430969+0.000000j,-1.248777-1.608111j,2.139704+0.407736j,9.580848
10.457134+0.000000j,-1.249917-1.608047j,2.142193+0.407792j,9.590721
10.483366+0.000000j,-1.251058-1.607983j,2.144682+0.407847j,9.600603
10.509663+0.000000j,-1.252198-1.607919j,2.147172+0.407902j,9.610491
10.536026+0.000000j,-1.253339-1.607855j,2.149661+0.407956j,9.620388
10.562455+0.000000j,-1.254480-1.607791j,2.152150+0.408011j,9.630293
10.588950+0.000000j,-1.255621-1.607728j,2.154640+0.408065j,9.640205
10.615512+0.000000j,-1.256762-1.607664j,2.157130+0.408118j,9.650125
10.642141+0.000000j,-1.257903-1.607601j,2.159620+0.408172j,9.660053
10.668836+0.000000j,-1.259045-1.607537j,2.162110+0.408225j,9.669989
10.695599+0.000000j,-1.260187-1.607474j,2.164600+0.408278j,9.679932
10.722428+0.000000j,-1.261329-1.607411j,2.167090+0.408330j,9.689884
10.749325+0.000000j,-1.262472-1.607348j,2.169580+0.408383j,9.699843
10.776289+0.000000j,-1.263614-1.607285j,2.172070+0.408435j,9.709810
10.803321+0.000000j,-1.264757-1.607222j,2.174561+0.408486j,9.719785
10.830421+0.000000j,-1.265900-1.607159j,2.177051+0.408538j,9.729768
10.857588+0.000000j,-1.267043-1.607097j,2.179542+0.408589j,9.739758
10.884824+0.000000j,-1.268187-1.607034j,2.182032+0.408640j,9.749757
10.912128+0.000000j,-1.269331-1.606972j,2.184523+0.408690j,9.759763
10.939501+0.000000j,-1.270475-1.606909j,2.187014+0.408741j,9.769777
10.966942+0.000000j,-1.271619-1.606847j,2.189505+0.408791j,9.779799
10.994452+0.000000j,-1.272763-1.606785j,2.191996+0.408841j,9.789829
11.022031+0.000000j,-1.273908-1.606723j,2.194487+0.408890j,9.799866
11.049680+0.000000j,-1.275052-1.606661j,2.196978+0.408939j,9.809912
11.077397+0.000000j,-1.276197-1.606599j,2.199469+0.408988j,9.819965
11.105185+0.000000j,-1.277342-1.606537j,2.201961+0.409037j,9.830026
11.133042+0.000000j,-1.278488-1.606476j,2.204452+0.409086j,9.840095
11.160968+0.000000j,-1.279633-1.606414j,2.206943+0.409134j,9.850172
11.188965+0.000000j,-1.280779-1.606353j,2.209435+0.409182j,9.860257
11.217032+0.000000j,-1.281925-1.606291j,2.211927+0.409230j,9.870349
11.245170+0.000000j,-1.283071-1.606230j,2.214419+0.409277j,9.880450
11.273378+0.000000j,-1.284218-1.606169j,2.216910+0.409324j,9.890558
11.301656+0.000000j,-1.285364-1.606108j,2.219402+0.409371j,9.900675
11.330006+0.000000j,-1.286511-1.606047j,2.221894+0.409418j,9.910799
11.358427+0.000000j,-1.287658-1.605986j,2.224386+0.409464j,9.920931
11.386919+0.000000j,-1.288806-1.605925j,2.226879+0.409510j,9.931070
11.415483+0.000000j,-1.289953-1.605864j,2.229371+0.409556j,9.941218
11.444118+0.000000j,-1.291101-1.605804j,2.231863+0.409602j,9.951374
11.472825+0.000000j,-1.292249-1.605743j,2.234356+0.409647j,9.961537
11.501604+0.000000j,-1.293397-1.605683j,2.236848+0.409693j,9.971709
11.530456+0.000000j,-1.294545-1.605623j,2.239341+0.409738j,9.981888
11.559379+0.000000j,-1.295693-1.605562j,2.241833+0.409782j,9.992075
11.588375+0.000000j,-1.296842-1.605502j,2.244326+0.409827j,10.002270
11.617444+0.000000j,-1.297991-1.605442j,2.246819+0.409871j,10.012473
11.646586+0.000000j,-1.299140-1.605382j,2.249312+0.409915j,10.022684
11.675801+0.000000j,-1.300289-1.605323j,2.251805+0.409959j,10.032903
11.705090+0.000000j,-1.301439-1.605263j,2.254298+0.410002j,10.043130
11.734451+0.000000j,-1.302588-1.605203j,2.256791+0.410046j,10.053364
11.763887+0.000000j,-1.303738-1.605144j,2.259284+0.410089j,10.063607
11.793396+0.000000j,-1.304888-1.605084j,2.261777+0.410132j,10.073857
11.822979+0.000000j,-1.306038-1.605025j,2.264270+0.410174j,10.084116
11.852637+0.000000j,-1.307189-1.604966j,2.266764+0.410217j,10.094382
11.882368+0.000000j,-1.308340-1.604906j,2.269257+0.410259j,10.104656
11.912175+0.000000j,-1.309490-1.604847j,2.271751+0.410301j,10.114939
11.942056+0.000000j,-1.310641-1.604788j,2.274244+0.410342j,10.125229
11.972012+0.000000j,-1.311793-1.604729j,2.276738+0.410384j,10.135527
12.002044+0.000000j,-1.312944-1.604671j,2.279232+0.410425j,10.145833
12.032150+0.000000j,-1.314096-1.604612j,2.281725+0.410466j,10.156146
12.062332+0.000000j,-1.315247-1.604553j,2.284219+0.410507j,10.166468
12.092590+0.000000j,-1.316399-1.604495j,2.286713+0.410548j,10.176798
12.122924+0.000000j,-1.317552-1.604437j,2.289207+0.410588j,10.187136
12.153334+0.000000j,-1.318704-1.604378j,2.291701+0.410628j,10.197481
12.183820+0.000000j,-1.319857-1.604320j,2.294195+0.410668j,10.207835
12.214383+0.000000j,-1.321009-1.604262j,2.296690+0.410708j,10.218196
12.245022+0.000000j,-1.322162-1.604204j,2.299184+0.410747j,10.228566
12.275738+0.000000j,-1.323315-1.604146j,2.301678+0.410787j,10.238943
12.306531+0.000000j,-1.324469-1.604088j,2.304173+0.410826j,10.249329
12.337402+0.000000j,-1.325622-1.604030j,2.306667+0.410865j,10.259722
12.368349+0.000000j,-1.326776-1.603973j,2.309162+0.410903j,10.270123
12.399375+0.000000j,-1.327930-1.603915j,2.311656+0.410942j,10.280533
12.430478+0.000000j,-1.329084-1.603858j,2.314151+0.410980j,10.290950
12.461660+0.000000j,-1.330238-1.603800j,2.316646+0.411018j,10.301375
12.492919+0.000000j,-1.331393-1.603743j,2.319140+0.411056j,10.311808
12.524257+0.000000j,-1.332547-1.603686j,2.321635+0.411094j,10.322249
12.555674+0.000000j,-1.333702-1.603629j,2.324130+0.411131j,10.332698
12.587169+0.000000j,-1.334857-1.603572j,2.326625+0.411168j,10.343156
12.618743+0.000000j,-1.336012-1.603515j,2.329120+0.411205j,10.353621
12.650397+0.000000j,-1.337168-1.603458j,2.331615+0.411242j,10.364094
12.682130+0.000000j,-1.338323-1.603402j,2.334110+0.411279j,10.374575
12.713943+0.000000j,-1.339479-1.603345j,2.336605+0.411315j,10.385064
12.745835+0.000000j,-1.340635-1.603288j,2.339101+0.411352j,10.395561
12.777807+0.000000j,-1.341791-1.603232j,2.341596+0.411388j,10.406066
12.809860+0.000000j,-1.342947-1.603176j,2.344091+0.411424j,10.416579
12.841993+0.000000j,-1.344104-1.603119j,2.346587+0.411459j,10.427100
12.874207+0.000000j,-1.345260-1.603063j,2.349082+0.411495j,10.437629
12.906501+0.000000j,-1.346417-1.603007j,2.351578+0.411530j,10.448166
12.938876+0.000000j,-1.347574-1.602951j,2.354074+0.411565j,10.458711
12.971333+0.000000j,-1.348731-1.602896j,2.356569+0.411600j,10.469264
13.003871+0.000000j,-1.349889-1.602840j,2.359065+0.411635j,10.479825
13.036491+0.000000j,-1.351046-1.602784j,2.361561+0.411670j,10.490394
13.069192+0.000000j,-1.352204-1.602728j,2.364057+0.411704j,10.500971
13.101976+0.000000j,-1.353362-1.602673j,2.366552+0.411738j,10.511556
13.134842+0.000000j,-1.354520-1.602618j,2.369048+0.411772j,10.522149
13.167790+0.000000j,-1.355678-1.602562j,2.371544+0.411806j,10.532750
13.200821+0.000000j,-1.356836-1.602507j,2.374040+0.411840j,10.543359
13.233934+0.000000j,-1.357995-1.602452j,2.376537+0.411873j,10.553976
13.267131+0.000000j,-1.359154-1.602397j,2.379033+0.411906j,10.564601
13.300411+0.000000j,-1.360313-1.602342j,2.381529+0.411940j,10.575234
13.333775+0.000000j,-1.361472-1.602287j,2.384025+0.411972j,10.585876
13.367222+0.000000j,-1.362631-1.602232j,2.386522+0.412005j,10.596525
13.400753+0.000000j,-1.363791-1.602178j,2.389018+0.412038j,10.607182
13.434368+0.000000j,-1.364950-1.602123j,2.391514+0.412070j,10.617847
13.468068+0.000000j,-1.366110-1.602069j,2.394011+0.412103j,10.628521
13.501852+0.000000j,-1.367270-1.602014j,2.396507+0.412135j,10.639202
13.535721+0.000000j,-1.368430-1.601960j,2.399004+0.412166j,10.649891
13.569675+0.000000j,-1.369590-1.601906j,2.401501+0.412198j,10.660589
13.603714+0.000000j,-1.370751-1.601852j,2.403997+0.412230j,10.671294
13.637838+0.000000j,-1.371911-1.601798j,2.406494+0.412261j,10.682008
13.672048+0.000000j,-1.373072-1.601744j,2.408991+0.412292j,10.692729
13.706344+0.000000j,-1.374233-1.601690j,2.411488+0.412323j,10.703459
13.740725+0.000000j,-1.375394-1.601636j,2.413984+0.412354j,10.714197
13.775193+0.000000j,-1.376556-1.601583j,2.416481+0.412385j,10.724943
13.809748+0.000000j,-1.377717-1.601529j,2.418978+0.412416j,10.735696
13.844389+0.000000j,-1.378879-1.601476j,2.421475+0.412446j,10.746458
13.879117+0.000000j,-1.380041-1.601422j,2.423973+0.412476j,10.757228
13.913932+0.000000j,-1.381203-1.601369j,2.426470+0.412506j,10.768006
13.948835+0.000000j,-1.382365-1.601316j,2.428967+0.412536j,10.778792
13.983825+0.000000j,-1.383527-1.601263j,2.431464+0.412566j,10.789586
14.018903+0.000000j,-1.384690-1.601210j,2.433961+0.412596j,10.800389
14.054069+0.000000j,-1.385852-1.601157j,2.436459+0.412625j,10.811199
14.089323+0.000000j,-1.387015-1.601104j,2.438956+0.412654j,10.822017
14.124665+0.000000j,-1.388178-1.601051j,2.441453+0.412684j,10.832844
14.160096+0.000000j,-1.389341-1.600999j,2.443951+0.412713j,10.843678
14.195616+0.000000j,-1.390504-1.600946j,2.446448+0.412741j,10.854521
14.231226+0.000000j,-1.391668-1.600894j,2.448946+0.412770j,10.865372
14.266924+0.000000j,-1.392831-1.600841j,2.451443+0.412799j,10.876230
14.302712+0.000000j,-1.393995-1.600789j,2.453941+0.412827j,10.887097
14.338590+0.000000j,-1.395159-1.600737j,2.456439+0.412855j,10.897972
14.374557+0.000000j,-1.396323-1.600685j,2.458936+0.412883j,10.908855
14.410615+0.000000j,-1.397487-1.600633j,2.461434+0.412911j,10.919746
14.446764+0.000000j,-1.398652-1.600581j,2.463932+0.412939j,10.930646
14.483003+0.000000j,-1.399816-1.600529j,2.466430+0.412966j,10.941553
14.519333+0.000000j,-1.400981-1.600477j,2.468928+0.412994j,10.952468
14.555754+0.000000j,-1.402146-1.600425j,2.471426+0.413021j,10.963392
14.592267+0.000000j,-1.403311-1.600374j,2.473924+0.413048j,10.974324
14.628871+0.000000j,-1.404476-1.600322j,2.476422+0.413075j,10.985263
14.665567+0.000000j,-1.405642-1.600271j,2.478920+0.413102j,10.996211
14.702355+0.000000j,-1.406807-1.600220j,2.481418+0.413129j,11.007167
14.739235+0.000000j,-1.407973-1.600168j,2.483916+0.413156j,11.018131
14.776208+0.000000j,-1.409139-1.600117j,2.486414+0.413182j,11.029103
14.813273+0.000000j,-1.410305-1.600066j,2.488912+0.413209j,11.040084
14.850432+0.000000j,-1.411471-1.600015j,2.491411+0.413235j,11.051072
14.887683+0.000000j,-1.412637-1.599964j,2.493909+0.413261j,11.062069
14.925028+0.000000j,-1.413804-1.599914j,2.496407+0.413287j,11.073073
14.962467+0.000000j,-1.414970-1.599863j,2.498906+0.413312j,11.084086
15.000000+0.000000j,-1.416137-1.599812j,2.501404+0.413338j,11.095107
