0.800000+0.000000j,0.236710+2.047222j,-0.317109-1.565346j,0.000000
0.800088+0.001241j,0.236816+2.046770j,-0.316830-1.565830j,0.005682
0.800174+0.002482j,0.236922+2.046319j,-0.316552-1.566315j,0.011363
0.800258+0.003723j,0.237028+2.045868j,-0.316274-1.566801j,0.017045
0.800340+0.004964j,0.237133+2.045418j,-0.315996-1.567288j,0.022727
0.800420+0.006206j,0.237239+2.044968j,-0.315718-1.567775j,0.028409
0.800498+0.007448j,0.237345+2.044519j,-0.315441-1.568262j,0.034091
0.800575+0.008691j,0.237450+2.044070j,-0.315165-1.568750j,0.039772
0.800649+0.009933j,0.237556+2.043622j,-0.314888-1.569239j,0.045454
0.800722+0.011176j,0.237662+2.043175j,-0.314612-1.569729j,0.051136
0.800792+0.012419j,0.237767+2.042728j,-0.314337-1.570219j,0.056818
0.800861+0.013662j,0.237873+2.042281j,-0.314062-1.570709j,0.062500
0.800928+0.014906j,0.237978+2.041835j,-0.313787-1.571201j,0.068182
0.800993+0.016150j,0.238084+2.041390j,-0.313512-1.571693j,0.073864
0.801056+0.017394j,0.238189+2.040945j,-0.313238-1.572185j,0.079546
0.801117+0.018638j,0.238295+2.040501j,-0.312964-1.572678j,0.085228
0.801176+0.019882j,0.238400+2.040057j,-0.312691-1.573172j,0.090910
0.801233+0.021127j,0.238505+2.039614j,-0.312418-1.573666j,0.096592
0.801288+0.022372j,0.238611+2.039171j,-0.312145-1.574161j,0.102274
0.801341+0.023617j,0.238716+2.038729j,-0.311873-1.574656j,0.107956
0.801393+0.024863j,0.238821+2.038288j,-0.311601-1.575152j,0.113639
0.801442+0.026108j,0.238927+2.037847j,-0.311330-1.575649j,0.119321
0.801490+0.027354j,0.239032+2.037406j,-0.311059-1.576146j,0.125003
0.801535+0.028600j,0.239137+2.036966j,-0.310788-1.576644j,0.130686
0.801579+0.029846j,0.239242+2.036527j,-0.310517-1.577142j,0.136368
0.801621+0.031093j,0.239347+2.036088j,-0.310247-1.577641j,0.142051
0.801661+0.032339j,0.239452+2.035650j,-0.309978-1.578141j,0.147733
0.801699+0.033586j,0.239557+2.035212j,-0.309708-1.578641j,0.153416
0.801735+0.034833j,0.239662+2.034775j,-0.309439-1.579142j,0.159098
0.801769+0.036080j,0.239767+2.034339j,-0.309171-1.579643j,0.164781
0.801801+0.037328j,0.239872+2.033903j,-0.308903-1.580145j,0.170464
0.801831+0.038575j,0.239977+2.033467j,-0.308635-1.580647j,0.176147
0.801859+0.039823j,0.240082+2.033033j,-0.308367-1.581150j,0.181830
0.801885+0.041071j,0.240187+2.032598j,-0.308100-1.581654j,0.187513
0.801910+0.042319j,0.240291+2.032164j,-0.307833-1.582158j,0.193196
0.801932+0.043568j,0.240396+2.031731j,-0.307567-1.582663j,0.198879
0.801953+0.044816j,0.240501+2.031299j,-0.307301-1.583168j,0.204562
0.801971+0.046065j,0.240605+2.030867j,-0.307035-1.583674j,0.210245
0.801988+0.047314j,0.240710+2.030435j,-0.306770-1.584180j,0.215929
0.802003+0.048563j,0.240814+2.030004j,-0.306505-1.584687j,0.221612
0.802015+0.049812j,0.240919+2.029574j,-0.306240-1.585195j,0.227296
0.802026+0.051061j,0.241023+2.029144j,-0.305976-1.585703j,0.232979
0.802035+0.052311j,0.241128+2.028715j,-0.305712-1.586211j,0.238663
0.802042+0.053560j,0.241232+2.028287j,-0.305449-1.586721j,0.244347
0.802047+0.054810j,0.241336+2.027859j,-0.305186-1.587230j,0.250031
0.802050+0.056060j,0.241441+2.027431j,-0.304923-1.587741j,0.255715
0.802051+0.057310j,0.241545+2.027004j,-0.304660-1.588251j,0.261399
0.802051+0.058560j,0.241649+2.026578j,-0.304398-1.588763j,0.267083
0.802048+0.059810j,0.241753+2.026152j,-0.304137-1.589275j,0.272767
0.802043+0.061061j,0.241857+2.025727j,-0.303875-1.589787j,0.278452
0.802037+0.062311j,0.241961+2.025303j,-0.303614-1.590300j,0.284136
0.802028+0.063562j,0.242065+2.024879j,-0.303354-1.590814j,0.289821
0.802018+0.064813j,0.242169+2.024455j,-0.303093-1.591328j,0.295505
0.802005+0.066064j,0.242273+2.024033j,-0.302833-1.591842j,0.301190
0.801991+0.067315j,0.242377+2.023610j,-0.302574-1.592357j,0.306875
0.801974+0.068566j,0.242480+2.023189j,-0.302315-1.592873j,0.312560
0.801956+0.069818j,0.242584+2.022768j,-0.302056-1.593389j,0.318245
0.801936+0.071069j,0.242688+2.022347j,-0.301797-1.593906j,0.323930
0.801914+0.072320j,0.242791+2.021928j,-0.301539-1.594423j,0.329615
0.801890+0.073572j,0.242895+2.021508j,-0.301281-1.594941j,0.335301
0.801864+0.074824j,0.242998+2.021090j,-0.301024-1.595460j,0.340986
0.801836+0.076076j,0.243102+2.020672j,-0.300767-1.595978j,0.346672
0.801806+0.077328j,0.243205+2.020254j,-0.300510-1.596498j,0.352358
0.801774+0.078580j,0.243308+2.019837j,-0.300254-1.597018j,0.358044
0.801740+0.079832j,0.243412+2.019421j,-0.299998-1.597538j,0.363730
0.801704+0.081084j,0.243515+2.019005j,-0.299742-1.598059j,0.369416
0.801667+0.082336j,0.243618+2.018590j,-0.299487-1.598580j,0.375102
0.801627+0.083588j,0.243721+2.018176j,-0.299232-1.599102j,0.380789
0.801586+0.084841j,0.243824+2.017762j,-0.298977-1.599625j,0.386475
0.801542+0.086093j,0.243927+2.017349j,-0.298723-1.600148j,0.392162
0.801496+0.087346j,0.244030+2.016936j,-0.298469-1.600671j,0.397849
0.801449+0.088599j,0.244132+2.016524j,-0.298215-1.601195j,0.403536
0.801400+0.089851j,0.244235+2.016113j,-0.297962-1.601720j,0.409223
0.801348+0.091104j,0.244338+2.015702j,-0.297709-1.602245j,0.414910
0.801295+0.092357j,0.244440+2.015292j,-0.297457-1.602771j,0.420597
0.801240+0.093610j,0.244543+2.014882j,-0.297205-1.603297j,0.426285
0.801183+0.094863j,0.244645+2.014473j,-0.296953-1.603823j,0.431972
0.801124+0.096116j,0.244748+2.014065j,-0.296702-1.604350j,0.437660
0.801062+0.097369j,0.244850+2.013657j,-0.296450-1.604878j,0.443348
0.800999+0.098622j,0.244952+2.013250j,-0.296200-1.605406j,0.449036
0.800934+0.099875j,0.245054+2.012843j,-0.295949-1.605934j,0.454725
0.800868+0.101128j,0.245156+2.012437j,-0.295699-1.606463j,0.460413
0.800799+0.102381j,0.245258+2.012032j,-0.295450-1.606993j,0.466102
0.800728+0.103634j,0.245360+2.011627j,-0.295200-1.607523j,0.471790
0.800655+0.104887j,0.245462+2.011223j,-0.294951-1.608053j,0.477479
0.800580+0.106141j,0.245564+2.010820j,-0.294702-1.608584j,0.483168
0.800504+0.107394j,0.245666+2.010417j,-0.294454-1.609116j,0.488858
0.800425+0.108647j,0.245767+2.010015j,-0.294206-1.609648j,0.494547
0.800344+0.109900j,0.245869+2.009613j,-0.293958-1.610180j,0.500237
0.800262+0.111154j,0.245970+2.009212j,-0.293711-1.610713j,0.505926
0.800177+0.112407j,0.246072+2.008812j,-0.293464-1.611247j,0.511616
0.800091+0.113660j,0.246173+2.008412j,-0.293218-1.611781j,0.517306
0.800003+0.114914j,0.246274+2.008013j,-0.292971-1.612315j,0.522996
0.799912+0.116167j,0.246376+2.007614j,-0.292725-1.612850j,0.528687
0.799820+0.117420j,0.246477+2.007217j,-0.292480-1.613385j,0.534378
0.799726+0.118674j,0.246578+2.006819j,-0.292235-1.613921j,0.540068
0.799629+0.119927j,0.246678+2.006423j,-0.291990-1.614457j,0.545759
0.799531+0.121180j,0.246779+2.006027j,-0.291745-1.614994j,0.551450
0.799431+0.122434j,0.246880+2.005632j,-0.291501-1.615531j,0.557142
0.799329+0.123687j,0.246981+2.005237j,-0.291257-1.616069j,0.562833
0.799225+0.124940j,0.247081+2.004843j,-0.291014-1.616607j,0.568525
0.799119+0.126193j,0.247182+2.004450j,-0.290770-1.617146j,0.574217
0.799011+0.127447j,0.247282+2.004057j,-0.290527-1.617685j,0.579909
0.798901+0.128700j,0.247382+2.003665j,-0.290285-1.618225j,0.585601
0.798789+0.129953j,0.247483+2.003274j,-0.290043-1.618765j,0.591294
0.798676+0.131206j,0.247583+2.002883j,-0.289801-1.619305j,0.596986
0.798560+0.132459j,0.247683+2.002493j,-0.289559-1.619846j,0.602679
0.798442+0.133712j,0.247783+2.002103j,-0.289318-1.620388j,0.608372
0.798322+0.134965j,0.247883+2.001714j,-0.289077-1.620929j,0.614066
0.798201+0.136218j,0.247982+2.001326j,-0.288837-1.621472j,0.619759
0.798077+0.137471j,0.248082+2.000938j,-0.288597-1.622015j,0.625453
0.797952+0.138724j,0.248182+2.000552j,-0.288357-1.622558j,0.631147
0.797824+0.139977j,0.248281+2.000165j,-0.288117-1.623101j,0.636841
0.797695+0.141229j,0.248380+1.999780j,-0.287878-1.623646j,0.642535
0.797563+0.142482j,0.248480+1.999395j,-0.287639-1.624190j,0.648230
0.797430+0.143734j,0.248579+1.999011j,-0.287401-1.624735j,0.653925
0.797294+0.144987j,0.248678+1.998627j,-0.287163-1.625281j,0.659620
0.797157+0.146239j,0.248777+1.998244j,-0.286925-1.625827j,0.665315
0.797018+0.147492j,0.248876+1.997862j,-0.286687-1.626373j,0.671010
0.796877+0.148744j,0.248974+1.997480j,-0.286450-1.626920j,0.676706
0.796734+0.149996j,0.249073+1.997099j,-0.286213-1.627467j,0.682402
0.796588+0.151248j,0.249172+1.996719j,-0.285977-1.628015j,0.688098
0.796441+0.152500j,0.249270+1.996339j,-0.285741-1.628563j,0.693794
0.796292+0.153752j,0.249368+1.995960j,-0.285505-1.629112j,0.699491
0.796141+0.155004j,0.249467+1.995582j,-0.285269-1.629661j,0.705187
0.795988+0.156256j,0.249565+1.995204j,-0.285034-1.630210j,0.710884
0.795833+0.157508j,0.249663+1.994827j,-0.284799-1.630760j,0.716582
0.795677+0.158759j,0.249761+1.994451j,-0.284565-1.631310j,0.722279
0.795518+0.160011j,0.249859+1.994075j,-0.284331-1.631861j,0.727977
0.795357+0.161262j,0.249956+1.993700j,-0.284097-1.632412j,0.733675
0.795194+0.162513j,0.250054+1.993326j,-0.283863-1.632964j,0.739373
0.795030+0.163764j,0.250151+1.992952j,-0.283630-1.633516j,0.745071
0.794863+0.165015j,0.250249+1.992579j,-0.283397-1.634069j,0.750770
0.794694+0.166266j,0.250346+1.992207j,-0.283165-1.634621j,0.756469
0.794524+0.167517j,0.250443+1.991835j,-0.282932-1.635175j,0.762168
0.794351+0.168767j,0.250540+1.991464j,-0.282701-1.635729j,0.767868
0.794177+0.170018j,0.250637+1.991094j,-0.282469-1.636283j,0.773567
0.794000+0.171268j,0.250734+1.990724j,-0.282238-1.636837j,0.779267
0.793822+0.172519j,0.250830+1.990356j,-0.282007-1.637392j,0.784968
0.793641+0.173769j,0.250927+1.989987j,-0.281776-1.637948j,0.790668
0.793459+0.175019j,0.251023+1.989620j,-0.281546-1.638504j,0.796369
0.793275+0.176268j,0.251120+1.989253j,-0.281316-1.639060j,0.802070
0.793089+0.177518j,0.251216+1.988887j,-0.281086-1.639617j,0.807771
0.792900+0.178767j,0.251312+1.988521j,-0.280857-1.640174j,0.813473
0.792710+0.180017j,0.251408+1.988157j,-0.280628-1.640731j,0.819174
0.792518+0.181266j,0.251504+1.987793j,-0.280399-1.641289j,0.824876
0.792324+0.182515j,0.251599+1.987429j,-0.280171-1.641848j,0.830579
0.792128+0.183764j,0.251695+1.987067j,-0.279943-1.642406j,0.836281
0.791930+0.185013j,0.251790+1.986705j,-0.279715-1.642966j,0.841984
0.791730+0.186261j,0.251886+1.986343j,-0.279488-1.643525j,0.847687
0.791528+0.187509j,0.251981+1.985983j,-0.279261-1.644085j,0.853391
0.791324+0.188758j,0.252076+1.985623j,-0.279034-1.644645j,0.859094
0.791118+0.190006j,0.252171+1.985264j,-0.278807-1.645206j,0.864798
0.790911+0.191253j,0.252266+1.984905j,-0.278581-1.645767j,0.870503
0.790701+0.192501j,0.252360+1.984547j,-0.278355-1.646329j,0.876207
0.790489+0.193748j,0.252455+1.984190j,-0.278130-1.646891j,0.881912
0.790276+0.194996j,0.252549+1.983834j,-0.277905-1.647453j,0.887617
0.790060+0.196243j,0.252643+1.983478j,-0.277680-1.648016j,0.893322
0.789842+0.197490j,0.252737+1.983123j,-0.277455-1.648579j,0.899028
0.789623+0.198736j,0.252831+1.982769j,-0.277231-1.649143j,0.904734
0.789401+0.199983j,0.252925+1.982415j,-0.277007-1.649707j,0.910440
0.789178+0.201229j,0.253019+1.982062j,-0.276784-1.650271j,0.916147
0.788952+0.202475j,0.253112+1.981710j,-0.276560-1.650836j,0.921854
0.788725+0.203721j,0.253206+1.981359j,-0.276337-1.651401j,0.927561
0.788496+0.204966j,0.253299+1.981008j,-0.276115-1.651967j,0.933268
0.788264+0.206212j,0.253392+1.980658j,-0.275892-1.652533j,0.938976
0.788031+0.207457j,0.253485+1.980309j,-0.275670-1.653099j,0.944684
0.787796+0.208702j,0.253578+1.979960j,-0.275449-1.653666j,0.950393
0.787559+0.209946j,0.253671+1.979612j,-0.275227-1.654233j,0.956101
0.787320+0.211191j,0.253763+1.979265j,-0.275006-1.654800j,0.961810
0.787079+0.212435j,0.253855+1.978919j,-0.274785-1.655368j,0.967520
0.786836+0.213679j,0.253948+1.978573j,-0.274565-1.655937j,0.973229
0.786591+0.214923j,0.254040+1.978228j,-0.274345-1.656505j,0.978939
0.786344+0.216166j,0.254132+1.977884j,-0.274125-1.657074j,0.984650
0.786095+0.217410j,0.254223+1.977541j,-0.273905-1.657644j,0.990360
0.785844+0.218653j,0.254315+1.977198j,-0.273686-1.658213j,0.996071
0.785591+0.219896j,0.254406+1.976856j,-0.273467-1.658783j,1.001782
0.785337+0.221138j,0.254498+1.976514j,-0.273248-1.659354j,1.007494
0.785080+0.222380j,0.254589+1.976174j,-0.273030-1.659925j,1.013206
0.784821+0.223622j,0.254680+1.975834j,-0.272812-1.660496j,1.018918
0.784561+0.224864j,0.254771+1.975495j,-0.272594-1.661068j,1.024630
0.784298+0.226106j,0.254861+1.975156j,-0.272377-1.661640j,1.030343
0.784034+0.227347j,0.254952+1.974819j,-0.272160-1.662212j,1.036057
0.783767+0.228588j,0.255042+1.974482j,-0.271943-1.662785j,1.041770
0.783499+0.229828j,0.255132+1.974146j,-0.271726-1.663358j,1.047484
0.783228+0.231069j,0.255222+1.973810j,-0.271510-1.663932j,1.053198
0.782956+0.232309j,0.255312+1.973476j,-0.271294-1.664506j,1.058913
0.782682+0.233549j,0.255402+1.973142j,-0.271079-1.665080j,1.064628
0.782405+0.234788j,0.255492+1.972808j,-0.270863-1.665654j,1.070343
0.782127+0.236027j,0.255581+1.972476j,-0.270648-1.666229j,1.076058
0.781847+0.237266j,0.255670+1.972144j,-0.270434-1.666805j,1.081774
0.781565+0.238505j,0.255759+1.971813j,-0.270219-1.667380j,1.087491
0.781281+0.239743j,0.255848+1.971483j,-0.270005-1.667956j,1.093207
0.780995+0.240981j,0.255937+1.971153j,-0.269791-1.668533j,1.098924
0.780707+0.242219j,0.256025+1.970825j,-0.269578-1.669110j,1.104642
0.780417+0.243456j,0.256113+1.970497j,-0.269365-1.669687j,1.110359
0.780125+0.244693j,0.256202+1.970170j,-0.269152-1.670264j,1.116077
0.779831+0.245930j,0.256290+1.969843j,-0.268939-1.670842j,1.121796
0.779536+0.247166j,0.256377+1.969517j,-0.268727-1.671420j,1.127514
0.779238+0.248403j,0.256465+1.969192j,-0.268515-1.671999j,1.133234
0.778938+0.249638j,0.256552+1.968868j,-0.268303-1.672578j,1.138953
0.778637+0.250874j,0.256640+1.968545j,-0.268092-1.673157j,1.144673
0.778333+0.252109j,0.256727+1.968222j,-0.267881-1.673736j,1.150393
0.778028+0.253344j,0.256814+1.967900j,-0.267670-1.674316j,1.156114
0.777720+0.254578j,0.256900+1.967579j,-0.267459-1.674897j,1.161835
0.777411+0.255812j,0.256987+1.967259j,-0.267249-1.675477j,1.167556
0.777099+0.257046j,0.257073+1.966939j,-0.267039-1.676058j,1.173278
0.776786+0.258280j,0.257159+1.966620j,-0.266830-1.676640j,1.179000
0.776471+0.259513j,0.257245+1.966302j,-0.266620-1.677221j,1.184722
0.776154+0.260745j,0.257331+1.965985j,-0.266411-1.677803j,1.190445
0.775834+0.261978j,0.257417+1.965668j,-0.266203-1.678386j,1.196168
0.775513+0.263210j,0.257502+1.965352j,-0.265994-1.678968j,1.201892
0.775190+0.264441j,0.257587+1.965037j,-0.265786-1.679551j,1.207616
0.774865+0.265673j,0.257672+1.964723j,-0.265578-1.680135j,1.213340
0.774538+0.266904j,0.257757+1.964410j,-0.265370-1.680719j,1.219065
0.774210+0.268134j,0.257842+1.964097j,-0.265163-1.681303j,1.224790
0.773879+0.269364j,0.257926+1.963785j,-0.264956-1.681887j,1.230516
0.773546+0.270594j,0.258010+1.963474j,-0.264749-1.682472j,1.236242
0.773211+0.271823j,0.258094+1.963164j,-0.264543-1.683057j,1.241968
0.772875+0.273052j,0.258178+1.962854j,-0.264337-1.683642j,1.247695
0.772536+0.274281j,0.258262+1.962545j,-0.264131-1.684228j,1.253422
0.772196+0.275509j,0.258345+1.962237j,-0.263925-1.684814j,1.259150
0.771853+0.276737j,0.258428+1.961930j,-0.263720-1.685401j,1.264878
0.771509+0.277965j,0.258511+1.961624j,-0.263515-1.685987j,1.270606
0.771162+0.279192j,0.258594+1.961318j,-0.263311-1.686574j,1.276335
0.770814+0.280418j,0.258677+1.961013j,-0.263106-1.687162j,1.282064
0.770464+0.281645j,0.258759+1.960709j,-0.262902-1.687750j,1.287793
0.770112+0.282870j,0.258841+1.960406j,-0.262698-1.688338j,1.293523
0.769757+0.284096j,0.258923+1.960103j,-0.262495-1.688926j,1.299254
0.769401+0.285321j,0.259005+1.959802j,-0.262291-1.689515j,1.304985
0.769043+0.286545j,0.259086+1.959501j,-0.262088-1.690104j,1.310716
0.768683+0.287770j,0.259168+1.959201j,-0.261886-1.690693j,1.316447
0.768322+0.288993j,0.259249+1.958901j,-0.261683-1.691283j,1.322180
0.767958+0.290217j,0.259329+1.958603j,-0.261481-1.691873j,1.327912
0.767592+0.291440j,0.259410+1.958305j,-0.261279-1.692463j,1.333645
0.767224+0.292662j,0.259491+1.958008j,-0.261078-1.693054j,1.339378
0.766855+0.293884j,0.259571+1.957712j,-0.260876-1.693645j,1.345112
0.766483+0.295106j,0.259651+1.957417j,-0.260675-1.694236j,1.350846
0.766110+0.296327j,0.259730+1.957123j,-0.260475-1.694828j,1.356581
0.765734+0.297547j,0.259810+1.956829j,-0.260274-1.695420j,1.362316
0.765357+0.298768j,0.259889+1.956536j,-0.260074-1.696012j,1.368051
0.764978+0.299988j,0.259968+1.956244j,-0.259874-1.696604j,1.373787
0.764596+0.301207j,0.260047+1.955953j,-0.259674-1.697197j,1.379524
0.764213+0.302426j,0.260126+1.955662j,-0.259475-1.697790j,1.385261
0.763828+0.303644j,0.260204+1.955373j,-0.259276-1.698384j,1.390998
0.763441+0.304862j,0.260282+1.955084j,-0.259077-1.698978j,1.396735
0.763052+0.306080j,0.260360+1.954796j,-0.258879-1.699572j,1.402474
0.762661+0.307297j,0.260438+1.954509j,-0.258680-1.700166j,1.408212
0.762268+0.308513j,0.260516+1.954223j,-0.258482-1.700761j,1.413951
0.761874+0.309729j,0.260593+1.953937j,-0.258285-1.701356j,1.419691
0.761477+0.310945j,0.260670+1.953652j,-0.258087-1.701951j,1.425431
0.761078+0.312160j,0.260746+1.953368j,-0.257890-1.702547j,1.431171
0.760678+0.313375j,0.260823+1.953085j,-0.257693-1.703143j,1.436912
0.760275+0.314589j,0.260899+1.952803j,-0.257497-1.703739j,1.442653
0.759871+0.315802j,0.260975+1.952522j,-0.257301-1.704336j,1.448395
0.759465+0.317016j,0.261051+1.952241j,-0.257104-1.704933j,1.454137
0.759056+0.318228j,0.261127+1.951961j,-0.256909-1.705530j,1.459880
0.758646+0.319440j,0.261202+1.951683j,-0.256713-1.706127j,1.465623
0.758234+0.320652j,0.261277+1.951404j,-0.256518-1.706725j,1.471367
0.757820+0.321863j,0.261352+1.951127j,-0.256323-1.707323j,1.477111
0.757404+0.323074j,0.261426+1.950851j,-0.256128-1.707922j,1.482855
0.756986+0.324284j,0.261500+1.950575j,-0.255934-1.708520j,1.488600
0.756567+0.325494j,0.261574+1.950300j,-0.255740-1.709119j,1.494346
0.756145+0.326703j,0.261648+1.950027j,-0.255546-1.709718j,1.500092
0.755721+0.327911j,0.261722+1.949754j,-0.255352-1.710318j,1.505838
0.755296+0.329119j,0.261795+1.949481j,-0.255159-1.710918j,1.511585
0.754868+0.330327j,0.261868+1.949210j,-0.254966-1.711518j,1.517333
0.754439+0.331534j,0.261941+1.948939j,-0.254773-1.712118j,1.523080
0.754008+0.332740j,0.262013+1.948670j,-0.254581-1.712719j,1.528829
0.753574+0.333946j,0.262085+1.948401j,-0.254388-1.713320j,1.534578
0.753139+0.335152j,0.262157+1.948133j,-0.254196-1.713922j,1.540327
0.752702+0.336356j,0.262229+1.947866j,-0.254005-1.714523j,1.546077
0.752263+0.337561j,0.262301+1.947599j,-0.253813-1.715125j,1.551827
0.751822+0.338765j,0.262372+1.947334j,-0.253622-1.715727j,1.557578
0.751379+0.339968j,0.262443+1.947069j,-0.253431-1.716330j,1.563329
0.750935+0.341170j,0.262513+1.946805j,-0.253240-1.716933j,1.569081
0.750488+0.342372j,0.262584+1.946543j,-0.253050-1.717536j,1.574833
0.750039+0.343574j,0.262654+1.946281j,-0.252860-1.718139j,1.580586
0.749589+0.344775j,0.262723+1.946019j,-0.252670-1.718743j,1.586339
0.749137+0.345975j,0.262793+1.945759j,-0.252480-1.719346j,1.592093
0.748682+0.347175j,0.262862+1.945500j,-0.252291-1.719951j,1.597848
0.748226+0.348374j,0.262931+1.945241j,-0.252102-1.720555j,1.603602
0.747768+0.349573j,0.263000+1.944983j,-0.251913-1.721160j,1.609358
0.747308+0.350771j,0.263068+1.944726j,-0.251725-1.721765j,1.615114
0.746846+0.351969j,0.263136+1.944470j,-0.251536-1.722370j,1.620870
0.746382+0.353166j,0.263204+1.944215j,-0.251348-1.722976j,1.626627
0.745917+0.354362j,0.263272+1.943961j,-0.251161-1.723582j,1.632384
0.745449+0.355558j,0.263339+1.943707j,-0.250973-1.724188j,1.638142
0.744979+0.356753j,0.263406+1.943455j,-0.250786-1.724794j,1.643900
0.744508+0.357947j,0.263473+1.943203j,-0.250599-1.725401j,1.649659
0.744034+0.359141j,0.263539+1.942952j,-0.250412-1.726008j,1.655419
0.743559+0.360335j,0.263605+1.942702j,-0.250226-1.726615j,1.661179
0.743082+0.361528j,0.263671+1.942453j,-0.250039-1.727223j,1.666939
0.742603+0.362720j,0.263737+1.942205j,-0.249853-1.727831j,1.672700
0.742122+0.363911j,0.263802+1.941958j,-0.249668-1.728439j,1.678462
0.741639+0.365102j,0.263867+1.941712j,-0.249482-1.729047j,1.684224
0.741154+0.366292j,0.263931+1.941466j,-0.249297-1.729656j,1.689987
0.740668+0.367482j,0.263996+1.941221j,-0.249112-1.730264j,1.695750
0.740179+0.368671j,0.264060+1.940978j,-0.248927-1.730874j,1.701513
0.739689+0.369860j,0.264124+1.940735j,-0.248743-1.731483j,1.707278
0.739196+0.371047j,0.264187+1.940493j,-0.248559-1.732093j,1.713042
0.738702+0.372235j,0.264250+1.940251j,-0.248375-1.732703j,1.718808
0.738206+0.373421j,0.264313+1.940011j,-0.248191-1.733313j,1.724574
0.737708+0.374607j,0.264375+1.939772j,-0.248008-1.733923j,1.730340
0.737208+0.375792j,0.264438+1.939533j,-0.247825-1.734534j,1.736107
0.736706+0.376977j,0.264500+1.939296j,-0.247642-1.735145j,1.741875
0.736202+0.378161j,0.264561+1.939059j,-0.247459-1.735757j,1.747643
0.735697+0.379344j,0.264622+1.938823j,-0.247277-1.736368j,1.753411
0.735189+0.380527j,0.264683+1.938589j,-0.247094-1.736980j,1.759180
0.734680+0.381709j,0.264744+1.938355j,-0.246912-1.737592j,1.764950
0.734168+0.382890j,0.264804+1.938121j,-0.246731-1.738204j,1.770720
0.733655+0.384071j,0.264864+1.937889j,-0.246549-1.738817j,1.776491
0.733140+0.385251j,0.264924+1.937658j,-0.246368-1.739430j,1.782263
0.732623+0.386430j,0.264983+1.937428j,-0.246187-1.740043j,1.788035
0.732104+0.387609j,0.265042+1.937198j,-0.246007-1.740656j,1.793807
0.731584+0.388787j,0.265101+1.936970j,-0.245826-1.741270j,1.799580
0.731061+0.389964j,0.265159+1.936742j,-0.245646-1.741884j,1.805354
0.730537+0.391141j,0.265218+1.936515j,-0.245466-1.742498j,1.811128
0.730010+0.392317j,0.265275+1.936289j,-0.245286-1.743112j,1.816903
0.729482+0.393492j,0.265333+1.936064j,-0.245107-1.743727j,1.822678
0.728952+0.394666j,0.265390+1.935840j,-0.244928-1.744342j,1.828454
0.728420+0.395840j,0.265446+1.935617j,-0.244749-1.744957j,1.834231
0.727886+0.397013j,0.265503+1.935395j,-0.244570-1.745573j,1.840008
0.727350+0.398186j,0.265559+1.935174j,-0.244392-1.746188j,1.845785
0.726812+0.399358j,0.265615+1.934953j,-0.244214-1.746804j,1.851564
0.726273+0.400529j,0.265670+1.934734j,-0.244036-1.747420j,1.857343
0.725731+0.401699j,0.265725+1.934515j,-0.243858-1.748037j,1.863122
0.725188+0.402869j,0.265780+1.934298j,-0.243680-1.748653j,1.868902
0.724643+0.404038j,0.265834+1.934081j,-0.243503-1.749270j,1.874683
0.724096+0.405206j,0.265888+1.933865j,-0.243326-1.749888j,1.880464
0.723547+0.406373j,0.265942+1.933650j,-0.243149-1.750505j,1.886246
0.722996+0.407540j,0.265995+1.933436j,-0.242973-1.751123j,1.892028
0.722444+0.408706j,0.266048+1.933223j,-0.242797-1.751741j,1.897811
0.721889+0.409872j,0.266101+1.933011j,-0.242621-1.752359j,1.903595
0.721333+0.411036j,0.266153+1.932800j,-0.242445-1.752977j,1.909379
0.720775+0.412200j,0.266205+1.932590j,-0.242269-1.753596j,1.915164
0.720214+0.413363j,0.266256+1.932381j,-0.242094-1.754215j,1.920949
0.719652+0.414525j,0.266308+1.932172j,-0.241919-1.754834j,1.926735
0.719089+0.415687j,0.266358+1.931965j,-0.241744-1.755453j,1.932522
0.718523+0.416848j,0.266409+1.931759j,-0.241570-1.756073j,1.938309
0.717955+0.418008j,0.266459+1.931553j,-0.241395-1.756693j,1.944097
0.717386+0.419167j,0.266509+1.931348j,-0.241221-1.757313j,1.949885
0.716815+0.420326j,0.266558+1.931145j,-0.241047-1.757933j,1.955674
0.716241+0.421484j,0.266607+1.930942j,-0.240874-1.758554j,1.961464
0.715666+0.422641j,0.266656+1.930740j,-0.240700-1.759175j,1.967254
0.715090+0.423797j,0.266704+1.930539j,-0.240527-1.759796j,1.973045
0.714511+0.424953j,0.266752+1.930340j,-0.240354-1.760417j,1.978837
0.713930+0.426108j,0.266800+1.930141j,-0.240181-1.761039j,1.984629
0.713348+0.427262j,0.266847+1.929943j,-0.240009-1.761660j,1.990422
0.712764+0.428415j,0.266893+1.929746j,-0.239837-1.762282j,1.996215
0.712177+0.429568j,0.266940+1.929550j,-0.239665-1.762905j,2.002009
0.711589+0.430719j,0.266986+1.929354j,-0.239493-1.763527j,2.007804
0.711000+0.431870j,0.267032+1.929160j,-0.239322-1.764150j,2.013599
0.710408+0.433020j,0.267077+1.928967j,-0.239150-1.764773j,2.019395
0.709814+0.434170j,0.267122+1.928775j,-0.238979-1.765396j,2.025192
0.709219+0.435318j,0.267166+1.928583j,-0.238808-1.766019j,2.030989
0.708622+0.436466j,0.267210+1.928393j,-0.238638-1.766643j,2.036787
0.708023+0.437613j,0.267254+1.928204j,-0.238467-1.767267j,2.042586
0.707422+0.438759j,0.267298+1.928015j,-0.238297-1.767891j,2.048385
0.706819+0.439904j,0.267340+1.927828j,-0.238127-1.768515j,2.054185
0.706214+0.441049j,0.267383+1.927641j,-0.237958-1.769140j,2.059985
0.705608+0.442192j,0.267425+1.927456j,-0.237788-1.769765j,2.065786
0.705000+0.443335j,0.267467+1.927271j,-0.237619-1.770390j,2.071588
0.704389+0.444477j,0.267508+1.927087j,-0.237450-1.771015j,2.077390
0.703778+0.445619j,0.267549+1.926905j,-0.237281-1.771641j,2.083193
0.703164+0.446759j,0.267590+1.926723j,-0.237113-1.772266j,2.088997
0.702548+0.447899j,0.267630+1.926542j,-0.236945-1.772892j,2.094802
0.701931+0.449037j,0.267670+1.926363j,-0.236777-1.773518j,2.100607
0.701311+0.450175j,0.267709+1.926184j,-0.236609-1.774145j,2.106412
0.700690+0.451312j,0.267748+1.926006j,-0.236441-1.774771j,2.112219
0.700067+0.452449j,0.267787+1.925829j,-0.236274-1.775398j,2.118026
0.699442+0.453584j,0.267825+1.925653j,-0.236107-1.776025j,2.123833
0.698816+0.454719j,0.267863+1.925479j,-0.235940-1.776653j,2.129642
0.698187+0.455852j,0.267900+1.925305j,-0.235773-1.777280j,2.135451
0.697557+0.456985j,0.267937+1.925132j,-0.235606-1.777908j,2.141261
0.696925+0.458117j,0.267974+1.924960j,-0.235440-1.778536j,2.147071
0.696291+0.459248j,0.268010+1.924789j,-0.235274-1.779164j,2.152882
0.695655+0.460379j,0.268045+1.924619j,-0.235108-1.779792j,2.158694
0.695018+0.461508j,0.268081+1.924450j,-0.234943-1.780421j,2.164506
0.694378+0.462637j,0.268116+1.924282j,-0.234777-1.781050j,2.170319
0.693737+0.463765j,0.268150+1.924115j,-0.234612-1.781679j,2.176133
0.693094+0.464891j,0.268184+1.923949j,-0.234447-1.782308j,2.181948
0.692449+0.466017j,0.268218+1.923784j,-0.234283-1.782937j,2.187763
0.691802+0.467142j,0.268251+1.923620j,-0.234118-1.783567j,2.193579
0.691154+0.468267j,0.268283+1.923457j,-0.233954-1.784197j,2.199395
0.690503+0.469390j,0.268316+1.923295j,-0.233790-1.784827j,2.205212
0.689851+0.470512j,0.268348+1.923134j,-0.233626-1.785458j,2.211030
0.689197+0.471634j,0.268379+1.922974j,-0.233462-1.786088j,2.216849
0.688542+0.472755j,0.268410+1.922815j,-0.233299-1.786719j,2.222668
0.687884+0.473874j,0.268440+1.922657j,-0.233136-1.787350j,2.228488
0.687225+0.474993j,0.268471+1.922500j,-0.232973-1.787981j,2.234309
0.686564+0.476111j,0.268500+1.922344j,-0.232810-1.788612j,2.240131
0.685901+0.477228j,0.268529+1.922189j,-0.232648-1.789244j,2.245953
0.685236+0.478345j,0.268558+1.922035j,-0.232486-1.789876j,2.251776
0.684569+0.479460j,0.268587+1.921882j,-0.232323-1.790508j,2.257599
0.683901+0.480574j,0.268614+1.921730j,-0.232162-1.791140j,2.263424
0.683231+0.481688j,0.268642+1.921579j,-0.232000-1.791772j,2.269249
0.682559+0.482800j,0.268669+1.921429j,-0.231839-1.792405j,2.275074
0.681885+0.483912j,0.268695+1.921280j,-0.231677-1.793038j,2.280901
0.681209+0.485022j,0.268722+1.921133j,-0.231516-1.793671j,2.286728
0.680532+0.486132j,0.268747+1.920986j,-0.231356-1.794304j,2.292556
0.679853+0.487241j,0.268772+1.920840j,-0.231195-1.794938j,2.298384
0.679172+0.488349j,0.268797+1.920695j,-0.231035-1.795572j,2.304214
0.678489+0.489456j,0.268821+1.920551j,-0.230875-1.796205j,2.310044
0.677804+0.490562j,0.268845+1.920408j,-0.230715-1.796840j,2.315875
0.677118+0.491667j,0.268869+1.920266j,-0.230555-1.797474j,2.321706
0.676430+0.492771j,0.268891+1.920126j,-0.230396-1.798108j,2.327538
0.675740+0.493874j,0.268914+1.919986j,-0.230236-1.798743j,2.333371
0.675048+0.494976j,0.268936+1.919847j,-0.230077-1.799378j,2.339205
0.674355+0.496078j,0.268957+1.919709j,-0.229918-1.800013j,2.345039
0.673659+0.497178j,0.268978+1.919573j,-0.229760-1.800648j,2.350875
0.672962+0.498277j,0.268999+1.919437j,-0.229601-1.801284j,2.356711
0.672263+0.499376j,0.269019+1.919303j,-0.229443-1.801920j,2.362547
0.671563+0.500473j,0.269039+1.919169j,-0.229285-1.802556j,2.368385
0.670860+0.501570j,0.269058+1.919036j,-0.229127-1.803192j,2.374223
0.670156+0.502665j,0.269076+1.918905j,-0.228970-1.803828j,2.380062
0.669450+0.503760j,0.269094+1.918774j,-0.228813-1.804464j,2.385901
0.668742+0.504853j,0.269112+1.918645j,-0.228655-1.805101j,2.391742
0.668033+0.505946j,0.269129+1.918517j,-0.228498-1.805738j,2.397583
0.667321+0.507038j,0.269146+1.918389j,-0.228342-1.806375j,2.403425
0.666608+0.508128j,0.269162+1.918263j,-0.228185-1.807013j,2.409268
0.665894+0.509218j,0.269178+1.918138j,-0.228029-1.807650j,2.415111
0.665177+0.510307j,0.269193+1.918013j,-0.227873-1.808288j,2.420955
0.664459+0.511394j,0.269208+1.917890j,-0.227717-1.808926j,2.426800
0.663738+0.512481j,0.269222+1.917768j,-0.227561-1.809564j,2.432646
0.663017+0.513567j,0.269236+1.917647j,-0.227406-1.810202j,2.438493
0.662293+0.514651j,0.269249+1.917527j,-0.227250-1.810840j,2.444340
0.661567+0.515735j,0.269262+1.917408j,-0.227095-1.811479j,2.450188
0.660840+0.516818j,0.269274+1.917290j,-0.226940-1.812118j,2.456037
0.660111+0.517899j,0.269286+1.917173j,-0.226786-1.812757j,2.461886
0.659381+0.518980j,0.269297+1.917057j,-0.226631-1.813396j,2.467737
0.658648+0.520060j,0.269308+1.916943j,-0.226477-1.814036j,2.473588
0.657914+0.521138j,0.269318+1.916829j,-0.226323-1.814675j,2.479440
0.657178+0.522216j,0.269328+1.916716j,-0.226169-1.815315j,2.485293
0.656440+0.523292j,0.269337+1.916605j,-0.226015-1.815955j,2.491146
0.655701+0.524368j,0.269346+1.916494j,-0.225862-1.816595j,2.497000
0.654960+0.525442j,0.269354+1.916385j,-0.225709-1.817236j,2.502855
0.654217+0.526516j,0.269362+1.916276j,-0.225556-1.817876j,2.508711
0.653472+0.527588j,0.269369+1.916169j,-0.225403-1.818517j,2.514568
0.652725+0.528660j,0.269376+1.916063j,-0.225250-1.819158j,2.520425
0.651977+0.529730j,0.269382+1.915958j,-0.225098-1.819799j,2.526284
0.651227+0.530799j,0.269388+1.915854j,-0.224946-1.820441j,2.532143
0.650476+0.531868j,0.269393+1.915751j,-0.224794-1.821082j,2.538003
0.649722+0.532935j,0.269397+1.915649j,-0.224642-1.821724j,2.543863
0.648967+0.534001j,0.269401+1.915548j,-0.224490-1.822366j,2.549725
0.648210+0.535066j,0.269405+1.915448j,-0.224339-1.823008j,2.555587
0.647452+0.536130j,0.269408+1.915349j,-0.224187-1.823650j,2.561450
0.646691+0.537193j,0.269410+1.915251j,-0.224036-1.824292j,2.567314
0.645929+0.538255j,0.269412+1.915155j,-0.223886-1.824935j,2.573179
0.645165+0.539316j,0.269414+1.915059j,-0.223735-1.825578j,2.579044
0.644400+0.540376j,0.269415+1.914965j,-0.223584-1.826221j,2.584911
0.643632+0.541435j,0.269415+1.914872j,-0.223434-1.826864j,2.590778
0.642863+0.542492j,0.269415+1.914779j,-0.223284-1.827507j,2.596646
0.642093+0.543549j,0.269414+1.914688j,-0.223134-1.828151j,2.602514
0.641320+0.544604j,0.269413+1.914598j,-0.222985-1.828795j,2.608384
0.640546+0.545659j,0.269411+1.914509j,-0.222835-1.829438j,2.614254
0.639770+0.546712j,0.269409+1.914421j,-0.222686-1.830083j,2.620126
0.638992+0.547764j,0.269406+1.914334j,-0.222537-1.830727j,2.625998
0.638213+0.548816j,0.269402+1.914249j,-0.222388-1.831371j,2.631871
0.637432+0.549866j,0.269398+1.914164j,-0.222239-1.832016j,2.637744
0.636649+0.550915j,0.269394+1.914081j,-0.222091-1.832661j,2.643619
0.635865+0.551963j,0.269389+1.913998j,-0.221943-1.833306j,2.649494
0.635079+0.553009j,0.269383+1.913917j,-0.221794-1.833951j,2.655371
0.634291+0.554055j,0.269377+1.913837j,-0.221647-1.834596j,2.661248
0.633501+0.555100j,0.269370+1.913757j,-0.221499-1.835242j,2.667126
0.632710+0.556143j,0.269363+1.913679j,-0.221351-1.835887j,2.673005
0.631917+0.557185j,0.269355+1.913603j,-0.221204-1.836533j,2.678884
0.631122+0.558227j,0.269346+1.913527j,-0.221057-1.837179j,2.684765
0.630326+0.559267j,0.269337+1.913452j,-0.220910-1.837825j,2.690646
0.629527+0.560306j,0.269328+1.913378j,-0.220763-1.838472j,2.696528
0.628728+0.561344j,0.269317+1.913306j,-0.220617-1.839118j,2.702411
0.627926+0.562380j,0.269307+1.913235j,-0.220470-1.839765j,2.708295
0.627123+0.563416j,0.269295+1.913164j,-0.220324-1.840412j,2.714180
0.626318+0.564450j,0.269283+1.913095j,-0.220178-1.841059j,2.720065
0.625511+0.565484j,0.269271+1.913027j,-0.220032-1.841706j,2.725952
0.624703+0.566516j,0.269258+1.912960j,-0.219887-1.842353j,2.731839
0.623893+0.567547j,0.269244+1.912894j,-0.219741-1.843001j,2.737727
0.623081+0.568577j,0.269230+1.912830j,-0.219596-1.843649j,2.743616
0.622268+0.569606j,0.269215+1.912766j,-0.219451-1.844297j,2.749506
0.621453+0.570633j,0.269200+1.912704j,-0.219306-1.844945j,2.755397
0.620636+0.571660j,0.269184+1.912642j,-0.219162-1.845593j,2.761289
0.619818+0.572685j,0.269168+1.912582j,-0.219017-1.846241j,2.767181
0.618998+0.573709j,0.269150+1.912523j,-0.218873-1.846890j,2.773075
0.618176+0.574732j,0.269133+1.912465j,-0.218729-1.847539j,2.778969
0.617353+0.575754j,0.269114+1.912408j,-0.218585-1.848188j,2.784864
0.616527+0.576775j,0.269096+1.912353j,-0.218441-1.848837j,2.790760
0.615701+0.577794j,0.269076+1.912298j,-0.218298-1.849486j,2.796657
0.614872+0.578813j,0.269056+1.912245j,-0.218154-1.850136j,2.802555
0.614042+0.579830j,0.269035+1.912192j,-0.218011-1.850785j,2.808454
0.613210+0.580846j,0.269014+1.912141j,-0.217868-1.851435j,2.814353
0.612377+0.581861j,0.268992+1.912091j,-0.217725-1.852085j,2.820254
0.611542+0.582874j,0.268970+1.912042j,-0.217583-1.852735j,2.826155
0.610705+0.583887j,0.268947+1.911994j,-0.217440-1.853385j,2.832058
0.609866+0.584898j,0.268923+1.911948j,-0.217298-1.854036j,2.837961
0.609026+0.585908j,0.268899+1.911902j,-0.217156-1.854686j,2.843865
0.608184+0.586917j,0.268874+1.911858j,-0.217014-1.855337j,2.849770
0.607341+0.587925j,0.268848+1.911815j,-0.216872-1.855988j,2.855676
0.606496+0.588931j,0.268822+1.911773j,-0.216731-1.856639j,2.861583
0.605649+0.589936j,0.268795+1.911732j,-0.216590-1.857290j,2.867490
0.604801+0.590941j,0.268768+1.911692j,-0.216448-1.857942j,2.873399
0.603951+0.591943j,0.268740+1.911654j,-0.216307-1.858593j,2.879308
0.603099+0.592945j,0.268712+1.911616j,-0.216167-1.859245j,2.885219
0.602246+0.593946j,0.268682+1.911580j,-0.216026-1.859897j,2.891130
0.601391+0.594945j,0.268652+1.911545j,-0.215886-1.860549j,2.897043
0.600534+0.595943j,0.268622+1.911511j,-0.215745-1.861201j,2.902956
0.599676+0.596940j,0.268591+1.911478j,-0.215605-1.861853j,2.908870
0.598816+0.597935j,0.268559+1.911446j,-0.215465-1.862506j,2.914785
0.597954+0.598930j,0.268527+1.911416j,-0.215326-1.863159j,2.920701
0.597091+0.599923j,0.268494+1.911387j,-0.215186-1.863811j,2.926618
0.596226+0.600915j,0.268460+1.911358j,-0.215047-1.864464j,2.932536
0.595360+0.601905j,0.268426+1.911331j,-0.214908-1.865118j,2.938454
0.594492+0.602895j,0.268391+1.911306j,-0.214769-1.865771j,2.944374
0.593622+0.603883j,0.268356+1.911281j,-0.214630-1.866424j,2.950295
0.592751+0.604870j,0.268320+1.911257j,-0.214491-1.867078j,2.956216
0.591878+0.605856j,0.268283+1.911235j,-0.214353-1.867732j,2.962139
0.591003+0.606840j,0.268246+1.911214j,-0.214215-1.868386j,2.968062
0.590127+0.607823j,0.268207+1.911194j,-0.214076-1.869040j,2.973987
0.589249+0.608805j,0.268169+1.911175j,-0.213939-1.869694j,2.979912
0.588369+0.609786j,0.268129+1.911157j,-0.213801-1.870348j,2.985838
0.587488+0.610766j,0.268089+1.911141j,-0.213663-1.871003j,2.991765
0.586606+0.611744j,0.268049+1.911126j,-0.213526-1.871658j,2.997694
0.585721+0.612721j,0.268008+1.911112j,-0.213389-1.872313j,3.003623
0.584835+0.613696j,0.267966+1.911099j,-0.213252-1.872968j,3.009553
0.583948+0.614671j,0.267923+1.911087j,-0.213115-1.873623j,3.015484
0.583059+0.615644j,0.267880+1.911076j,-0.212978-1.874278j,3.021416
0.582168+0.616616j,0.267836+1.911067j,-0.212841-1.874934j,3.027349
0.581276+0.617586j,0.267791+1.911059j,-0.212705-1.875589j,3.033283
0.580382+0.618556j,0.267746+1.911052j,-0.212569-1.876245j,3.039218
0.579486+0.619524j,0.267700+1.911046j,-0.212433-1.876901j,3.045153
0.578589+0.620491j,0.267654+1.911041j,-0.212297-1.877557j,3.051090
0.577690+0.621456j,0.267606+1.911038j,-0.212161-1.878213j,3.057028
0.576790+0.622420j,0.267559+1.911036j,-0.212026-1.878870j,3.062967
0.575888+0.623383j,0.267510+1.911035j,-0.211891-1.879526j,3.068907
0.574984+0.624345j,0.267461+1.911035j,-0.211756-1.880183j,3.074847
0.574079+0.625305j,0.267411+1.911036j,-0.211621-1.880840j,3.080789
0.573172+0.626264j,0.267360+1.911039j,-0.211486-1.881497j,3.086732
0.572264+0.627222j,0.267309+1.911042j,-0.211351-1.882154j,3.092675
0.571354+0.628178j,0.267257+1.911047j,-0.211217-1.882811j,3.098620
0.570443+0.629133j,0.267205+1.911054j,-0.211082-1.883469j,3.104566
0.569530+0.630087j,0.267151+1.911061j,-0.210948-1.884126j,3.110512
0.568615+0.631040j,0.267098+1.911070j,-0.210814-1.884784j,3.116460
0.567699+0.631991j,0.267043+1.911079j,-0.210681-1.885442j,3.122408
0.566781+0.632941j,0.266988+1.911090j,-0.210547-1.886100j,3.128358
0.565862+0.633889j,0.266932+1.911102j,-0.210414-1.886758j,3.134309
0.564941+0.634836j,0.266875+1.911116j,-0.210280-1.887416j,3.140260
0.564018+0.635782j,0.266818+1.911130j,-0.210147-1.888075j,3.146213
0.563094+0.636727j,0.266760+1.911146j,-0.210014-1.888733j,3.152166
0.562168+0.637670j,0.266701+1.911163j,-0.209881-1.889392j,3.158121
0.561241+0.638612j,0.266641+1.911182j,-0.209749-1.890051j,3.164077
0.560312+0.639552j,0.266581+1.911201j,-0.209616-1.890710j,3.170033
0.559382+0.640492j,0.266520+1.911222j,-0.209484-1.891369j,3.175991
0.558450+0.641430j,0.266459+1.911244j,-0.209352-1.892028j,3.181950
0.557517+0.642366j,0.266397+1.911267j,-0.209220-1.892688j,3.187909
0.556582+0.643301j,0.266334+1.911291j,-0.209088-1.893347j,3.193870
0.555645+0.644235j,0.266270+1.911317j,-0.208957-1.894007j,3.199832
0.554707+0.645168j,0.266206+1.911344j,-0.208825-1.894667j,3.205794
0.553767+0.646099j,0.266141+1.911372j,-0.208694-1.895327j,3.211758
0.552826+0.647029j,0.266075+1.911401j,-0.208563-1.895987j,3.217723
0.551883+0.647957j,0.266009+1.911432j,-0.208432-1.896647j,3.223689
0.550939+0.648884j,0.265942+1.911463j,-0.208301-1.897308j,3.229656
0.549993+0.649810j,0.265874+1.911496j,-0.208171-1.897968j,3.235623
0.549046+0.650734j,0.265805+1.911531j,-0.208040-1.898629j,3.241592
0.548097+0.651657j,0.265736+1.911566j,-0.207910-1.899290j,3.247562
0.547147+0.652579j,0.265666+1.911603j,-0.207780-1.899951j,3.253533
0.546195+0.653499j,0.265595+1.911641j,-0.207650-1.900612j,3.259505
0.545241+0.654418j,0.265524+1.911680j,-0.207520-1.901273j,3.265478
0.544286+0.655335j,0.265452+1.911720j,-0.207390-1.901935j,3.271452
0.543329+0.656251j,0.265379+1.911762j,-0.207261-1.902596j,3.277428
0.542371+0.657166j,0.265305+1.911805j,-0.207132-1.903258j,3.283404
0.541412+0.658080j,0.265231+1.911849j,-0.207002-1.903920j,3.289381
0.540451+0.658991j,0.265156+1.911895j,-0.206873-1.904582j,3.295359
0.539488+0.659902j,0.265080+1.911941j,-0.206745-1.905244j,3.301339
0.538524+0.660811j,0.265004+1.911989j,-0.206616-1.905906j,3.307319
0.537558+0.661719j,0.264927+1.912038j,-0.206487-1.906569j,3.313301
0.536591+0.662625j,0.264849+1.912089j,-0.206359-1.907231j,3.319283
0.535622+0.663530j,0.264770+1.912141j,-0.206231-1.907894j,3.325267
0.534652+0.664434j,0.264691+1.912194j,-0.206103-1.908557j,3.331251
0.533680+0.665336j,0.264610+1.912248j,-0.205975-1.909219j,3.337237
0.532707+0.666237j,0.264530+1.912303j,-0.205847-1.909883j,3.343224
0.531732+0.667136j,0.264448+1.912360j,-0.205720-1.910546j,3.349212
0.530756+0.668034j,0.264366+1.912418j,-0.205592-1.911209j,3.355201
0.529778+0.668931j,0.264282+1.912477j,-0.205465-1.911872j,3.361191
0.528799+0.669826j,0.264199+1.912538j,-0.205338-1.912536j,3.367182
0.527818+0.670719j,0.264114+1.912600j,-0.205211-1.913200j,3.373174
0.526836+0.671612j,0.264029+1.912663j,-0.205084-1.913864j,3.379167
0.525852+0.672502j,0.263943+1.912727j,-0.204958-1.914528j,3.385162
0.524867+0.673392j,0.263856+1.912793j,-0.204831-1.915192j,3.391157
0.523880+0.674280j,0.263768+1.912860j,-0.204705-1.915856j,3.397154
0.522892+0.675166j,0.263680+1.912928j,-0.204579-1.916520j,3.403151
0.521902+0.676051j,0.263591+1.912997j,-0.204453-1.917185j,3.409150
0.520911+0.676935j,0.263501+1.913068j,-0.204327-1.917849j,3.415150
0.519919+0.677817j,0.263411+1.913140j,-0.204201-1.918514j,3.421150
0.518924+0.678698j,0.263319+1.913214j,-0.204076-1.919179j,3.427152
0.517929+0.679577j,0.263227+1.913288j,-0.203951-1.919844j,3.433156
0.516932+0.680455j,0.263134+1.913364j,-0.203825-1.920509j,3.439160
0.515933+0.681332j,0.263041+1.913441j,-0.203700-1.921175j,3.445165
0.514933+0.682207j,0.262947+1.913520j,-0.203575-1.921840j,3.451171
0.513932+0.683080j,0.262851+1.913599j,-0.203451-1.922506j,3.457179
0.512929+0.683952j,0.262756+1.913680j,-0.203326-1.923171j,3.463188
0.511924+0.684823j,0.262659+1.913763j,-0.203202-1.923837j,3.469197
0.510919+0.685692j,0.262562+1.913846j,-0.203077-1.924503j,3.475208
0.509911+0.686560j,0.262463+1.913931j,-0.202953-1.925169j,3.481220
0.508903+0.687426j,0.262364+1.914018j,-0.202829-1.925835j,3.487233
0.507892+0.688291j,0.262265+1.914105j,-0.202706-1.926501j,3.493247
0.506881+0.689154j,0.262164+1.914194j,-0.202582-1.927168j,3.499263
0.505868+0.690016j,0.262063+1.914284j,-0.202458-1.927834j,3.505279
0.504853+0.690876j,0.261961+1.914376j,-0.202335-1.928501j,3.511297
0.503837+0.691735j,0.261858+1.914468j,-0.202212-1.929168j,3.517315
0.502819+0.692592j,0.261755+1.914562j,-0.202089-1.929835j,3.523335
0.501801+0.693448j,0.261650+1.914658j,-0.201966-1.930502j,3.529356
0.500780+0.694303j,0.261545+1.914754j,-0.201843-1.931169j,3.535378
0.499758+0.695156j,0.261439+1.914852j,-0.201720-1.931836j,3.541402
0.498735+0.696007j,0.261333+1.914952j,-0.201598-1.932504j,3.547426
0.497711+0.696857j,0.261225+1.915052j,-0.201476-1.933171j,3.553452
0.496684+0.697705j,0.261117+1.915154j,-0.201353-1.933839j,3.559478
0.495657+0.698552j,0.261008+1.915258j,-0.201231-1.934507j,3.565506
0.494628+0.699398j,0.260898+1.915362j,-0.201110-1.935175j,3.571535
0.493598+0.700242j,0.260787+1.915468j,-0.200988-1.935843j,3.577565
0.492566+0.701084j,0.260676+1.915575j,-0.200866-1.936511j,3.583596
0.491533+0.701925j,0.260564+1.915684j,-0.200745-1.937179j,3.589629
0.490498+0.702764j,0.260451+1.915794j,-0.200624-1.937848j,3.595662
0.489462+0.703602j,0.260337+1.915905j,-0.200502-1.938516j,3.601697
0.488425+0.704439j,0.260223+1.916017j,-0.200382-1.939185j,3.607733
0.487386+0.705274j,0.260107+1.916131j,-0.200261-1.939854j,3.613770
0.486345+0.706107j,0.259991+1.916247j,-0.200140-1.940523j,3.619808
0.485304+0.706939j,0.259874+1.916363j,-0.200019-1.941192j,3.625848
0.484261+0.707769j,0.259757+1.916481j,-0.199899-1.941861j,3.631888
0.483216+0.708598j,0.259638+1.916600j,-0.199779-1.942530j,3.637930
0.482170+0.709425j,0.259519+1.916721j,-0.199659-1.943200j,3.643973
0.481123+0.710251j,0.259399+1.916843j,-0.199539-1.943869j,3.650017
0.480074+0.711075j,0.259278+1.916966j,-0.199419-1.944539j,3.656063
0.479024+0.711898j,0.259156+1.917090j,-0.199299-1.945208j,3.662109
0.477973+0.712719j,0.259033+1.917216j,-0.199180-1.945878j,3.668157
0.476920+0.713538j,0.258910+1.917344j,-0.199060-1.946548j,3.674206
0.475866+0.714356j,0.258786+1.917472j,-0.198941-1.947218j,3.680256
0.474810+0.715173j,0.258661+1.917602j,-0.198822-1.947889j,3.686307
0.473753+0.715988j,0.258535+1.917734j,-0.198703-1.948559j,3.692359
0.472695+0.716801j,0.258409+1.917866j,-0.198584-1.949229j,3.698413
0.471635+0.717613j,0.258281+1.918000j,-0.198466-1.949900j,3.704468
0.470574+0.718423j,0.258153+1.918136j,-0.198347-1.950571j,3.710524
0.469511+0.719232j,0.258024+1.918273j,-0.198229-1.951241j,3.716581
0.468447+0.720039j,0.257894+1.918411j,-0.198111-1.951912j,3.722639
0.467382+0.720845j,0.257764+1.918550j,-0.197993-1.952583j,3.728699
0.466316+0.721649j,0.257632+1.918691j,-0.197875-1.953255j,3.734760
0.465248+0.722451j,0.257500+1.918833j,-0.197757-1.953926j,3.740822
0.464178+0.723252j,0.257367+1.918977j,-0.197639-1.954597j,3.746885
0.463108+0.724051j,0.257233+1.919122j,-0.197522-1.955269j,3.752950
0.462035+0.724849j,0.257098+1.919268j,-0.197404-1.955940j,3.759015
0.460962+0.725645j,0.256963+1.919416j,-0.197287-1.956612j,3.765082
0.459887+0.726440j,0.256826+1.919565j,-0.197170-1.957284j,3.771150
0.458811+0.727233j,0.256689+1.919715j,-0.197053-1.957956j,3.777220
0.457734+0.728024j,0.256551+1.919867j,-0.196936-1.958628j,3.783290
0.456655+0.728814j,0.256412+1.920020j,-0.196820-1.959300j,3.789362
0.455575+0.729602j,0.256273+1.920175j,-0.196703-1.959972j,3.795435
0.454493+0.730389j,0.256132+1.920331j,-0.196587-1.960645j,3.801509
0.453410+0.731174j,0.255991+1.920488j,-0.196470-1.961317j,3.807585
0.452326+0.731958j,0.255849+1.920647j,-0.196354-1.961990j,3.813662
0.451241+0.732740j,0.255706+1.920807j,-0.196238-1.962663j,3.819740
0.450154+0.733520j,0.255562+1.920969j,-0.196122-1.963336j,3.825819
0.449066+0.734299j,0.255418+1.921132j,-0.196007-1.964009j,3.831899
0.447976+0.735076j,0.255272+1.921296j,-0.195891-1.964682j,3.837981
0.446885+0.735851j,0.255126+1.921462j,-0.195776-1.965355j,3.844064
0.445793+0.736625j,0.254979+1.921629j,-0.195661-1.966028j,3.850148
0.444700+0.737397j,0.254831+1.921797j,-0.195545-1.966702j,3.856234
0.443605+0.738168j,0.254682+1.921967j,-0.195430-1.967375j,3.862320
0.442509+0.738937j,0.254532+1.922139j,-0.195316-1.968049j,3.868408
0.441412+0.739705j,0.254382+1.922311j,-0.195201-1.968722j,3.874498
0.440313+0.740470j,0.254231+1.922485j,-0.195086-1.969396j,3.880588
0.439213+0.741235j,0.254079+1.922661j,-0.194972-1.970070j,3.886680
0.438112+0.741997j,0.253926+1.922838j,-0.194857-1.970744j,3.892773
0.437009+0.742758j,0.253772+1.923016j,-0.194743-1.971418j,3.898867
0.435905+0.743517j,0.253617+1.923196j,-0.194629-1.972093j,3.904963
0.434800+0.744275j,0.253462+1.923377j,-0.194515-1.972767j,3.911060
0.433693+0.745031j,0.253305+1.923560j,-0.194401-1.973442j,3.917158
0.432585+0.745786j,0.253148+1.923744j,-0.194288-1.974116j,3.923257
0.431476+0.746538j,0.252990+1.923929j,-0.194174-1.974791j,3.929358
0.430366+0.747290j,0.252831+1.924116j,-0.194061-1.975466j,3.935460
0.429254+0.748039j,0.252672+1.924304j,-0.193948-1.976141j,3.941563
0.428141+0.748787j,0.252511+1.924494j,-0.193835-1.976816j,3.947668
0.427027+0.749533j,0.252350+1.924685j,-0.193722-1.977491j,3.953773
0.425911+0.750278j,0.252188+1.924878j,-0.193609-1.978166j,3.959881
0.424795+0.751021j,0.252024+1.925072j,-0.193496-1.978842j,3.965989
0.423676+0.751762j,0.251861+1.925267j,-0.193383-1.979517j,3.972099
0.422557+0.752502j,0.251696+1.925464j,-0.193271-1.980193j,3.978210
0.421436+0.753240j,0.251530+1.925662j,-0.193159-1.980868j,3.984322
0.420315+0.753976j,0.251364+1.925862j,-0.193047-1.981544j,3.990436
0.419191+0.754711j,0.251196+1.926063j,-0.192934-1.982220j,3.996551
0.418067+0.755444j,0.251028+1.926266j,-0.192823-1.982896j,4.002667
0.416941+0.756175j,0.250859+1.926470j,-0.192711-1.983572j,4.008784
0.415814+0.756905j,0.250689+1.926675j,-0.192599-1.984248j,4.014903
0.414686+0.757633j,0.250518+1.926882j,-0.192488-1.984925j,4.021023
0.413557+0.758359j,0.250347+1.927091j,-0.192376-1.985601j,4.027145
0.412426+0.759084j,0.250174+1.927301j,-0.192265-1.986278j,4.033268
0.411294+0.759807j,0.250001+1.927512j,-0.192154-1.986954j,4.039392
0.410161+0.760528j,0.249827+1.927725j,-0.192043-1.987631j,4.045517
0.409026+0.761248j,0.249652+1.927939j,-0.191932-1.988308j,4.051644
0.407891+0.761966j,0.249476+1.928155j,-0.191821-1.988985j,4.057772
0.406754+0.762682j,0.249299+1.928372j,-0.191711-1.989662j,4.063902
0.405616+0.763397j,0.249122+1.928590j,-0.191600-1.990339j,4.070032
0.404476+0.764110j,0.248943+1.928810j,-0.191490-1.991016j,4.076164
0.403336+0.764821j,0.248764+1.929032j,-0.191380-1.991693j,4.082298
0.402194+0.765530j,0.248584+1.929255j,-0.191270-1.992371j,4.088433
0.401051+0.766238j,0.248403+1.929479j,-0.191160-1.993048j,4.094569
0.399906+0.766944j,0.248221+1.929705j,-0.191050-1.993726j,4.100706
0.398761+0.767649j,0.248038+1.929932j,-0.190940-1.994404j,4.106845
0.397614+0.768351j,0.247855+1.930161j,-0.190830-1.995082j,4.112985
0.396466+0.769052j,0.247670+1.930392j,-0.190721-1.995760j,4.119127
0.395317+0.769752j,0.247485+1.930623j,-0.190612-1.996438j,4.125270
0.394167+0.770449j,0.247299+1.930857j,-0.190502-1.997116j,4.131414
0.393015+0.771145j,0.247112+1.931092j,-0.190393-1.997794j,4.137559
0.391862+0.771840j,0.246924+1.931328j,-0.190284-1.998472j,4.143706
0.390708+0.772532j,0.246735+1.931566j,-0.190176-1.999151j,4.149855
0.389553+0.773223j,0.246545+1.931805j,-0.190067-1.999829j,4.156004
0.388397+0.773912j,0.246355+1.932046j,-0.189958-2.000508j,4.162156
0.387239+0.774599j,0.246164+1.932288j,-0.189850-2.001187j,4.168308
0.386080+0.775285j,0.245971+1.932531j,-0.189742-2.001866j,4.174462
0.384920+0.775969j,0.245778+1.932777j,-0.189633-2.002545j,4.180617
0.383759+0.776651j,0.245584+1.933023j,-0.189525-2.003224j,4.186773
0.382597+0.777332j,0.245390+1.933271j,-0.189417-2.003903j,4.192931
0.381433+0.778010j,0.245194+1.933521j,-0.189310-2.004582j,4.199091
0.380268+0.778687j,0.244997+1.933772j,-0.189202-2.005261j,4.205251
0.379103+0.779363j,0.244800+1.934025j,-0.189094-2.005941j,4.211414
0.377935+0.780036j,0.244602+1.934279j,-0.188987-2.006620j,4.217577
0.376767+0.780708j,0.244402+1.934535j,-0.188880-2.007300j,4.223742
0.375598+0.781378j,0.244202+1.934792j,-0.188773-2.007980j,4.229908
0.374427+0.782046j,0.244002+1.935051j,-0.188665-2.008660j,4.236076
0.373256+0.782713j,0.243800+1.935311j,-0.188559-2.009340j,4.242245
0.372083+0.783378j,0.243597+1.935573j,-0.188452-2.010020j,4.248415
0.370909+0.784041j,0.243394+1.935836j,-0.188345-2.010700j,4.254587
0.369733+0.784702j,0.243189+1.936101j,-0.188238-2.011380j,4.260761
0.368557+0.785362j,0.242984+1.936367j,-0.188132-2.012060j,4.266935
0.367379+0.786020j,0.242778+1.936635j,-0.188026-2.012741j,4.273111
0.366201+0.786676j,0.242571+1.936905j,-0.187919-2.013421j,4.279289
0.365021+0.787330j,0.242363+1.937175j,-0.187813-2.014102j,4.285468
0.363840+0.787983j,0.242155+1.937448j,-0.187707-2.014782j,4.291648
0.362658+0.788634j,0.241945+1.937722j,-0.187602-2.015463j,4.297830
0.361475+0.789283j,0.241735+1.937997j,-0.187496-2.016144j,4.304013
0.360290+0.789930j,0.241523+1.938274j,-0.187390-2.016825j,4.310198
0.359105+0.790575j,0.241311+1.938553j,-0.187285-2.017506j,4.316384
0.357918+0.791219j,0.241098+1.938833j,-0.187179-2.018187j,4.322572
0.356730+0.791861j,0.240884+1.939115j,-0.187074-2.018868j,4.328760
0.355541+0.792501j,0.240670+1.939398j,-0.186969-2.019550j,4.334951
0.354351+0.793140j,0.240454+1.939682j,-0.186864-2.020231j,4.341143
0.353160+0.793776j,0.240237+1.939969j,-0.186759-2.020913j,4.347336
0.351968+0.794411j,0.240020+1.940256j,-0.186654-2.021594j,4.353531
0.350775+0.795045j,0.239802+1.940546j,-0.186550-2.022276j,4.359727
0.349580+0.795676j,0.239583+1.940837j,-0.186445-2.022958j,4.365924
0.348384+0.796305j,0.239363+1.941129j,-0.186341-2.023640j,4.372123
0.347188+0.796933j,0.239142+1.941423j,-0.186237-2.024322j,4.378324
0.345990+0.797559j,0.238920+1.941719j,-0.186132-2.025004j,4.384526
0.344791+0.798183j,0.238698+1.942016j,-0.186028-2.025686j,4.390729
0.343591+0.798806j,0.238474+1.942315j,-0.185925-2.026368j,4.396934
0.342390+0.799426j,0.238250+1.942615j,-0.185821-2.027051j,4.403141
0.341188+0.800045j,0.238025+1.942917j,-0.185717-2.027733j,4.409348
0.339984+0.800662j,0.237799+1.943220j,-0.185613-2.028416j,4.415558
0.338780+0.801277j,0.237572+1.943525j,-0.185510-2.029098j,4.421768
0.337574+0.801891j,0.237344+1.943832j,-0.185407-2.029781j,4.427981
0.336368+0.802502j,0.237115+1.944140j,-0.185303-2.030464j,4.434194
0.335160+0.803112j,0.236886+1.944449j,-0.185200-2.031147j,4.440410
0.333951+0.803720j,0.236656+1.944761j,-0.185097-2.031830j,4.446626
0.332742+0.804326j,0.236424+1.945073j,-0.184995-2.032513j,4.452844
0.331531+0.804931j,0.236192+1.945388j,-0.184892-2.033196j,4.459064
0.330319+0.805533j,0.235959+1.945704j,-0.184789-2.033879j,4.465285
0.329106+0.806134j,0.235726+1.946021j,-0.184687-2.034562j,4.471508
0.327892+0.806733j,0.235491+1.946341j,-0.184584-2.035246j,4.477732
0.326677+0.807330j,0.235255+1.946661j,-0.184482-2.035929j,4.483958
0.325460+0.807926j,0.235019+1.946984j,-0.184380-2.036613j,4.490185
0.324243+0.808519j,0.234782+1.947308j,-0.184278-2.037297j,4.496413
0.323025+0.809111j,0.234544+1.947633j,-0.184176-2.037981j,4.502644
0.321805+0.809701j,0.234305+1.947960j,-0.184074-2.038664j,4.508875
0.320585+0.810289j,0.234065+1.948289j,-0.183972-2.039348j,4.515108
0.319364+0.810875j,0.233824+1.948619j,-0.183871-2.040032j,4.521343
0.318141+0.811459j,0.233582+1.948951j,-0.183769-2.040717j,4.527579
0.316918+0.812042j,0.233340+1.949285j,-0.183668-2.041401j,4.533817
0.315693+0.812622j,0.233097+1.949620j,-0.183567-2.042085j,4.540056
0.314467+0.813201j,0.232853+1.949957j,-0.183465-2.042770j,4.546297
0.313241+0.813778j,0.232608+1.950295j,-0.183364-2.043454j,4.552539
0.312013+0.814353j,0.232362+1.950635j,-0.183263-2.044139j,4.558783
0.310784+0.814927j,0.232115+1.950977j,-0.183163-2.044823j,4.565028
0.309555+0.815498j,0.231867+1.951320j,-0.183062-2.045508j,4.571275
0.308324+0.816068j,0.231619+1.951665j,-0.182961-2.046193j,4.577523
0.307092+0.816636j,0.231370+1.952011j,-0.182861-2.046878j,4.583773
0.305859+0.817202j,0.231120+1.952359j,-0.182761-2.047563j,4.590025
0.304626+0.817766j,0.230869+1.952709j,-0.182660-2.048248j,4.596278
0.303391+0.818328j,0.230617+1.953060j,-0.182560-2.048933j,4.602532
0.302155+0.818888j,0.230364+1.953413j,-0.182460-2.049618j,4.608789
0.300918+0.819447j,0.230111+1.953768j,-0.182360-2.050304j,4.615046
0.299680+0.820004j,0.229856+1.954124j,-0.182260-2.050989j,4.621305
0.298441+0.820558j,0.229601+1.954482j,-0.182161-2.051675j,4.627566
0.297202+0.821111j,0.229345+1.954841j,-0.182061-2.052360j,4.633829
0.295961+0.821663j,0.229088+1.955202j,-0.181962-2.053046j,4.640092
0.294719+0.822212j,0.228830+1.955565j,-0.181862-2.053732j,4.646358
0.293476+0.822759j,0.228571+1.955930j,-0.181763-2.054417j,4.652625
0.292232+0.823305j,0.228312+1.956296j,-0.181664-2.055103j,4.658894
0.290988+0.823848j,0.228052+1.956663j,-0.181565-2.055789j,4.665164
0.289742+0.824390j,0.227790+1.957033j,-0.181466-2.056475j,4.671436
0.288495+0.824930j,0.227528+1.957404j,-0.181367-2.057162j,4.677709
0.287248+0.825468j,0.227266+1.957776j,-0.181269-2.057848j,4.683984
0.285999+0.826004j,0.227002+1.958150j,-0.181170-2.058534j,4.690260
0.284749+0.826538j,0.226737+1.958526j,-0.181072-2.059221j,4.696538
0.283499+0.827071j,0.226472+1.958904j,-0.180973-2.059907j,4.702818
0.282247+0.827601j,0.226206+1.959283j,-0.180875-2.060594j,4.709099
0.280995+0.828130j,0.225939+1.959664j,-0.180777-2.061280j,4.715382
0.279741+0.828657j,0.225671+1.960047j,-0.180679-2.061967j,4.721667
0.278487+0.829182j,0.225402+1.960431j,-0.180581-2.062654j,4.727953
0.277231+0.829705j,0.225132+1.960817j,-0.180483-2.063341j,4.734240
0.275975+0.830226j,0.224862+1.961204j,-0.180385-2.064028j,4.740530
0.274718+0.830745j,0.224591+1.961594j,-0.180288-2.064715j,4.746820
0.273460+0.831262j,0.224319+1.961985j,-0.180190-2.065402j,4.753113
0.272200+0.831778j,0.224046+1.962377j,-0.180093-2.066089j,4.759407
0.270940+0.832291j,0.223772+1.962771j,-0.179996-2.066777j,4.765703
0.269679+0.832803j,0.223498+1.963167j,-0.179898-2.067464j,4.772000
0.268417+0.833312j,0.223222+1.963565j,-0.179801-2.068152j,4.778299
0.267154+0.833820j,0.222946+1.963964j,-0.179704-2.068839j,4.784599
0.265891+0.834326j,0.222669+1.964365j,-0.179607-2.069527j,4.790902
0.264626+0.834830j,0.222391+1.964768j,-0.179511-2.070215j,4.797205
0.263360+0.835332j,0.222113+1.965172j,-0.179414-2.070902j,4.803511
0.262094+0.835832j,0.221833+1.965578j,-0.179318-2.071590j,4.809818
0.260826+0.836331j,0.221553+1.965986j,-0.179221-2.072278j,4.816127
0.259558+0.836827j,0.221272+1.966396j,-0.179125-2.072966j,4.822437
0.258288+0.837321j,0.220990+1.966807j,-0.179029-2.073654j,4.828749
0.257018+0.837814j,0.220707+1.967220j,-0.178932-2.074343j,4.835063
0.255747+0.838305j,0.220423+1.967634j,-0.178836-2.075031j,4.841378
0.254475+0.838793j,0.220139+1.968050j,-0.178740-2.075719j,4.847695
0.253202+0.839280j,0.219854+1.968468j,-0.178645-2.076408j,4.854014
0.251928+0.839765j,0.219568+1.968888j,-0.178549-2.077096j,4.860334
0.250654+0.840248j,0.219281+1.969309j,-0.178453-2.077785j,4.866656
0.249378+0.840729j,0.218993+1.969732j,-0.178358-2.078474j,4.872979
0.248101+0.841208j,0.218705+1.970157j,-0.178262-2.079162j,4.879305
0.246824+0.841685j,0.218416+1.970584j,-0.178167-2.079851j,4.885632
0.245546+0.842161j,0.218126+1.971012j,-0.178072-2.080540j,4.891960
0.244267+0.842634j,0.217835+1.971442j,-0.177977-2.081229j,4.898290
0.242987+0.843105j,0.217543+1.971873j,-0.177882-2.081918j,4.904622
0.241706+0.843575j,0.217251+1.972307j,-0.177787-2.082607j,4.910956
0.240424+0.844042j,0.216957+1.972742j,-0.177692-2.083296j,4.917291
0.239141+0.844508j,0.216663+1.973179j,-0.177598-2.083986j,4.923628
0.237858+0.844971j,0.216368+1.973617j,-0.177503-2.084675j,4.929967
0.236574+0.845433j,0.216073+1.974057j,-0.177409-2.085364j,4.936307
0.235288+0.845893j,0.215776+1.974499j,-0.177314-2.086054j,4.942649
0.234002+0.846351j,0.215479+1.974943j,-0.177220-2.086744j,4.948993
0.232716+0.846806j,0.215181+1.975388j,-0.177126-2.087433j,4.955338
0.231428+0.847260j,0.214882+1.975836j,-0.177032-2.088123j,4.961686
0.230139+0.847712j,0.214583+1.976285j,-0.176938-2.088813j,4.968034
0.228850+0.848162j,0.214283+1.976735j,-0.176844-2.089503j,4.974385
0.227560+0.848610j,0.213981+1.977188j,-0.176750-2.090193j,4.980737
0.226268+0.849057j,0.213680+1.977642j,-0.176657-2.090883j,4.987091
0.224976+0.849501j,0.213377+1.978098j,-0.176563-2.091573j,4.993447
0.223684+0.849943j,0.213073+1.978555j,-0.176470-2.092263j,4.999804
0.222390+0.850383j,0.212769+1.979015j,-0.176376-2.092953j,5.006163
0.221096+0.850822j,0.212464+1.979476j,-0.176283-2.093644j,5.012524
0.219800+0.851258j,0.212158+1.979939j,-0.176190-2.094334j,5.018887
0.218504+0.851692j,0.211852+1.980403j,-0.176097-2.095025j,5.025251
0.217207+0.852125j,0.211545+1.980870j,-0.176004-2.095715j,5.031617
0.215910+0.852555j,0.211237+1.981338j,-0.175911-2.096406j,5.037985
0.214611+0.852984j,0.210928+1.981808j,-0.175818-2.097096j,5.044354
0.213312+0.853410j,0.210618+1.982279j,-0.175726-2.097787j,5.050726
0.212012+0.853835j,0.210308+1.982753j,-0.175633-2.098478j,5.057099
0.210711+0.854257j,0.209997+1.983228j,-0.175541-2.099169j,5.063473
0.209409+0.854678j,0.209685+1.983705j,-0.175448-2.099860j,5.069850
0.208107+0.855097j,0.209372+1.984183j,-0.175356-2.100551j,5.076228
0.206803+0.855513j,0.209059+1.984664j,-0.175264-2.101242j,5.082608
0.205499+0.855928j,0.208745+1.985146j,-0.175172-2.101933j,5.088990
0.204194+0.856341j,0.208430+1.985630j,-0.175080-2.102625j,5.095373
0.202889+0.856751j,0.208114+1.986116j,-0.174988-2.103316j,5.101759
0.201582+0.857160j,0.207798+1.986603j,-0.174896-2.104008j,5.108146
0.200275+0.857567j,0.207481+1.987093j,-0.174804-2.104699j,5.114534
0.198967+0.857972j,0.207163+1.987584j,-0.174713-2.105391j,5.120925
0.197658+0.858375j,0.206845+1.988077j,-0.174621-2.106082j,5.127317
0.196349+0.858775j,0.206525+1.988571j,-0.174530-2.106774j,5.133711
0.195039+0.859174j,0.206205+1.989068j,-0.174439-2.107466j,5.140107
0.193727+0.859571j,0.205885+1.989566j,-0.174348-2.108158j,5.146505
0.192416+0.859966j,0.205563+1.990066j,-0.174256-2.108850j,5.152904
0.191103+0.860359j,0.205241+1.990568j,-0.174165-2.109542j,5.159306
0.189790+0.860750j,0.204918+1.991072j,-0.174075-2.110234j,5.165709
0.188476+0.861139j,0.204594+1.991577j,-0.173984-2.110926j,5.172114
0.187161+0.861525j,0.204270+1.992084j,-0.173893-2.111618j,5.178520
0.185845+0.861910j,0.203945+1.992593j,-0.173802-2.112310j,5.184929
0.184529+0.862293j,0.203619+1.993104j,-0.173712-2.113003j,5.191339
0.183212+0.862674j,0.203293+1.993616j,-0.173621-2.113695j,5.197751
0.181894+0.863053j,0.202966+1.994131j,-0.173531-2.114388j,5.204165
0.180576+0.863430j,0.202638+1.994647j,-0.173441-2.115080j,5.210581
0.179256+0.863805j,0.202309+1.995165j,-0.173351-2.115773j,5.216998
0.177936+0.864178j,0.201980+1.995685j,-0.173261-2.116466j,5.223417
0.176616+0.864548j,0.201650+1.996206j,-0.173171-2.117158j,5.229839
0.175294+0.864917j,0.201319+1.996730j,-0.173081-2.117851j,5.236261
0.173972+0.865284j,0.200988+1.997255j,-0.172991-2.118544j,5.242686
0.172649+0.865649j,0.200656+1.997782j,-0.172902-2.119237j,5.249113
0.171326+0.866012j,0.200323+1.998311j,-0.172812-2.119930j,5.255541
0.170001+0.866373j,0.199989+1.998841j,-0.172723-2.120623j,5.261972
0.168676+0.866732j,0.199655+1.999374j,-0.172633-2.121317j,5.268404
0.167351+0.867088j,0.199320+1.999908j,-0.172544-2.122010j,5.274838
0.166024+0.867443j,0.198985+2.000444j,-0.172455-2.122703j,5.281273
0.164697+0.867796j,0.198649+2.000982j,-0.172366-2.123397j,5.287711
0.163370+0.868147j,0.198312+2.001521j,-0.172277-2.124090j,5.294151
0.162041+0.868495j,0.197974+2.002063j,-0.172188-2.124784j,5.300592
0.160712+0.868842j,0.197636+2.002606j,-0.172099-2.125477j,5.307035
0.159382+0.869187j,0.197297+2.003151j,-0.172010-2.126171j,5.313480
0.158052+0.869529j,0.196958+2.003698j,-0.171921-2.126865j,5.319927
0.156720+0.869870j,0.196618+2.004247j,-0.171833-2.127558j,5.326376
0.155389+0.870209j,0.196277+2.004798j,-0.171744-2.128252j,5.332827
0.154056+0.870545j,0.195936+2.005350j,-0.171656-2.128946j,5.339279
0.152723+0.870880j,0.195593+2.005905j,-0.171568-2.129640j,5.345734
0.151389+0.871212j,0.195251+2.006461j,-0.171480-2.130334j,5.352190
0.150054+0.871543j,0.194907+2.007019j,-0.171392-2.131028j,5.358648
0.148719+0.871871j,0.194563+2.007578j,-0.171304-2.131723j,5.365108
0.147383+0.872197j,0.194218+2.008140j,-0.171216-2.132417j,5.371570
0.146047+0.872522j,0.193873+2.008704j,-0.171128-2.133111j,5.378034
0.144710+0.872844j,0.193527+2.009269j,-0.171040-2.133806j,5.384499
0.143372+0.873164j,0.193181+2.009836j,-0.170952-2.134500j,5.390967
0.142034+0.873483j,0.192833+2.010405j,-0.170865-2.135195j,5.397437
0.140695+0.873799j,0.192486+2.010976j,-0.170777-2.135889j,5.403908
0.139355+0.874113j,0.192137+2.011548j,-0.170690-2.136584j,5.410381
0.138014+0.874425j,0.191788+2.012123j,-0.170603-2.137279j,5.416856
0.136673+0.874735j,0.191438+2.012699j,-0.170516-2.137973j,5.423334
0.135332+0.875043j,0.191088+2.013277j,-0.170429-2.138668j,5.429813
0.133990+0.875349j,0.190737+2.013857j,-0.170342-2.139363j,5.436294
0.132647+0.875653j,0.190386+2.014439j,-0.170255-2.140058j,5.442776
0.131303+0.875955j,0.190033+2.015023j,-0.170168-2.140753j,5.449261
0.129959+0.876255j,0.189681+2.015608j,-0.170081-2.141448j,5.455748
0.128615+0.876553j,0.189327+2.016196j,-0.169994-2.142143j,5.462237
0.127269+0.876849j,0.188973+2.016785j,-0.169908-2.142839j,5.468727
0.125923+0.877142j,0.188619+2.017376j,-0.169821-2.143534j,5.475220
0.124577+0.877434j,0.188264+2.017969j,-0.169735-2.144229j,5.481714
0.123230+0.877723j,0.187908+2.018564j,-0.169649-2.144925j,5.488210
0.121882+0.878011j,0.187552+2.019161j,-0.169563-2.145620j,5.494709
0.120534+0.878296j,0.187195+2.019759j,-0.169476-2.146316j,5.501209
0.119185+0.878580j,0.186838+2.020360j,-0.169390-2.147012j,5.507711
0.117835+0.878861j,0.186480+2.020962j,-0.169304-2.147707j,5.514215
0.116485+0.879140j,0.186121+2.021566j,-0.169219-2.148403j,5.520722
0.115135+0.879418j,0.185762+2.022172j,-0.169133-2.149099j,5.527230
0.113783+0.879693j,0.185402+2.022780j,-0.169047-2.149795j,5.533740
0.112431+0.879966j,0.185042+2.023389j,-0.168962-2.150491j,5.540252
0.111079+0.880237j,0.184681+2.024001j,-0.168876-2.151187j,5.546766
0.109726+0.880506j,0.184320+2.024614j,-0.168791-2.151883j,5.553282
0.108373+0.880773j,0.183958+2.025230j,-0.168705-2.152579j,5.559800
0.107019+0.881038j,0.183596+2.025847j,-0.168620-2.153275j,5.566319
0.105664+0.881300j,0.183233+2.026466j,-0.168535-2.153971j,5.572841
0.104309+0.881561j,0.182869+2.027086j,-0.168450-2.154668j,5.579365
0.102953+0.881820j,0.182505+2.027709j,-0.168365-2.155364j,5.585891
0.101597+0.882076j,0.182141+2.028334j,-0.168280-2.156060j,5.592419
0.100240+0.882331j,0.181775+2.028960j,-0.168195-2.156757j,5.598949
0.098882+0.882583j,0.181410+2.029589j,-0.168110-2.157454j,5.605480
0.097525+0.882833j,0.181044+2.030219j,-0.168026-2.158150j,5.612014
0.096166+0.883081j,0.180677+2.030851j,-0.167941-2.158847j,5.618550
0.094807+0.883328j,0.180310+2.031485j,-0.167857-2.159544j,5.625088
0.093448+0.883572j,0.179942+2.032121j,-0.167772-2.160240j,5.631628
0.092088+0.883814j,0.179574+2.032758j,-0.167688-2.160937j,5.638170
0.090727+0.884053j,0.179205+2.033398j,-0.167604-2.161634j,5.644713
0.089366+0.884291j,0.178836+2.034039j,-0.167520-2.162331j,5.651259
0.088004+0.884527j,0.178466+2.034682j,-0.167436-2.163028j,5.657807
0.086642+0.884761j,0.178096+2.035328j,-0.167352-2.163725j,5.664357
0.085279+0.884992j,0.177725+2.035975j,-0.167268-2.164423j,5.670909
0.083916+0.885222j,0.177354+2.036624j,-0.167184-2.165120j,5.677463
0.082553+0.885449j,0.176982+2.037274j,-0.167100-2.165817j,5.684019
0.081188+0.885674j,0.176610+2.037927j,-0.167017-2.166514j,5.690577
0.079824+0.885897j,0.176238+2.038582j,-0.166933-2.167212j,5.697137
0.078459+0.886119j,0.175865+2.039238j,-0.166850-2.167909j,5.703699
0.077093+0.886338j,0.175491+2.039896j,-0.166766-2.168607j,5.710263
0.075727+0.886555j,0.175117+2.040556j,-0.166683-2.169305j,5.716829
0.074360+0.886769j,0.174743+2.041218j,-0.166600-2.170002j,5.723398
0.072993+0.886982j,0.174368+2.041882j,-0.166517-2.170700j,5.729968
0.071625+0.887193j,0.173992+2.042548j,-0.166434-2.171398j,5.736540
0.070257+0.887401j,0.173616+2.043216j,-0.166351-2.172095j,5.743115
0.068889+0.887608j,0.173240+2.043885j,-0.166268-2.172793j,5.749691
0.067520+0.887812j,0.172863+2.044557j,-0.166185-2.173491j,5.756270
0.066150+0.888014j,0.172486+2.045230j,-0.166102-2.174189j,5.762850
0.064780+0.888214j,0.172109+2.045905j,-0.166020-2.174887j,5.769433
0.063410+0.888412j,0.171731+2.046582j,-0.165937-2.175586j,5.776018
0.062039+0.888608j,0.171352+2.047261j,-0.165855-2.176284j,5.782604
0.060668+0.888802j,0.170973+2.047942j,-0.165772-2.176982j,5.789193
0.059296+0.888994j,0.170594+2.048625j,-0.165690-2.177680j,5.795784
0.057924+0.889183j,0.170214+2.049309j,-0.165608-2.178379j,5.802377
0.056551+0.889371j,0.169834+2.049996j,-0.165526-2.179077j,5.808973
0.055178+0.889556j,0.169454+2.050684j,-0.165444-2.179776j,5.815570
0.053805+0.889740j,0.169073+2.051374j,-0.165362-2.180474j,5.822169
0.052431+0.889921j,0.168691+2.052066j,-0.165280-2.181173j,5.828771
0.051056+0.890100j,0.168310+2.052760j,-0.165198-2.181871j,5.835374
0.049681+0.890277j,0.167927+2.053456j,-0.165116-2.182570j,5.841980
0.048306+0.890452j,0.167545+2.054154j,-0.165034-2.183269j,5.848587
0.046930+0.890624j,0.167162+2.054854j,-0.164953-2.183968j,5.855197
0.045554+0.890795j,0.166779+2.055555j,-0.164871-2.184666j,5.861809
0.044178+0.890963j,0.166395+2.056258j,-0.164790-2.185365j,5.868423
0.042801+0.891130j,0.166011+2.056964j,-0.164709-2.186064j,5.875040
0.041423+0.891294j,0.165627+2.057671j,-0.164627-2.186763j,5.881658
0.040046+0.891456j,0.165242+2.058380j,-0.164546-2.187463j,5.888278
0.038668+0.891616j,0.164857+2.059091j,-0.164465-2.188162j,5.894901
0.037289+0.891774j,0.164471+2.059803j,-0.164384-2.188861j,5.901526
0.035910+0.891930j,0.164086+2.060518j,-0.164303-2.189560j,5.908153
0.034531+0.892083j,0.163699+2.061234j,-0.164222-2.190259j,5.914782
0.033151+0.892235j,0.163313+2.061953j,-0.164141-2.190959j,5.921413
0.031771+0.892384j,0.162926+2.062673j,-0.164061-2.191658j,5.928046
0.030390+0.892532j,0.162539+2.063395j,-0.163980-2.192358j,5.934681
0.029010+0.892677j,0.162151+2.064119j,-0.163900-2.193057j,5.941319
0.027628+0.892820j,0.161763+2.064845j,-0.163819-2.193757j,5.947959
0.026247+0.892961j,0.161375+2.065573j,-0.163739-2.194457j,5.954601
0.024865+0.893100j,0.160987+2.066303j,-0.163658-2.195156j,5.961245
0.023482+0.893236j,0.160598+2.067034j,-0.163578-2.195856j,5.967891
0.022100+0.893371j,0.160209+2.067767j,-0.163498-2.196556j,5.974539
0.020716+0.893503j,0.159819+2.068503j,-0.163418-2.197256j,5.981190
0.019333+0.893633j,0.159430+2.069240j,-0.163338-2.197956j,5.987843
0.017949+0.893762j,0.159039+2.069979j,-0.163258-2.198656j,5.994498
0.016565+0.893888j,0.158649+2.070720j,-0.163178-2.199356j,6.001155
0.015181+0.894011j,0.158258+2.071462j,-0.163098-2.200056j,6.007814
0.013796+0.894133j,0.157868+2.072207j,-0.163019-2.200756j,6.014475
0.012411+0.894253j,0.157476+2.072954j,-0.162939-2.201456j,6.021139
0.011025+0.894370j,0.157085+2.073702j,-0.162860-2.202157j,6.027805
0.009639+0.894486j,0.156693+2.074452j,-0.162780-2.202857j,6.034473
0.008253+0.894599j,0.156301+2.075204j,-0.162701-2.203557j,6.041143
0.006866+0.894710j,0.155909+2.075958j,-0.162621-2.204258j,6.047816
0.005480+0.894819j,0.155516+2.076714j,-0.162542-2.204958j,6.054490
0.004092+0.894925j,0.155123+2.077472j,-0.162463-2.205659j,6.061167
0.002705+0.895030j,0.154730+2.078231j,-0.162384-2.206359j,6.067846
0.001317+0.895133j,0.154337+2.078993j,-0.162305-2.207060j,6.074527
-0.000071+0.895233j,0.153943+2.079756j,-0.162226-2.207761j,6.081211
-0.001459+0.895331j,0.153549+2.080521j,-0.162147-2.208461j,6.087896
-0.002848+0.895427j,0.153155+2.081288j,-0.162068-2.209162j,6.094584
-0.004237+0.895521j,0.152761+2.082057j,-0.161990-2.209863j,6.101274
-0.005626+0.895613j,0.152366+2.082828j,-0.161911-2.210564j,6.107967
-0.007016+0.895703j,0.151972+2.083600j,-0.161832-2.211265j,6.114661
-0.008406+0.895790j,0.151577+2.084375j,-0.161754-2.211966j,6.121358
-0.009796+0.895875j,0.151181+2.085151j,-0.161676-2.212667j,6.128057
-0.011187+0.895959j,0.150786+2.085929j,-0.161597-2.213368j,6.134759
-0.012577+0.896040j,0.150390+2.086709j,-0.161519-2.214069j,6.141462
-0.013968+0.896119j,0.149995+2.087491j,-0.161441-2.214770j,6.148168
-0.015360+0.896195j,0.149599+2.088275j,-0.161363-2.215472j,6.154876
-0.016751+0.896270j,0.149202+2.089060j,-0.161285-2.216173j,6.161586
-0.018143+0.896342j,0.148806+2.089847j,-0.161207-2.216874j,6.168299
-0.019535+0.896413j,0.148409+2.090637j,-0.161129-2.217576j,6.175014
-0.020928+0.896481j,0.148012+2.091428j,-0.161051-2.218277j,6.181731
-0.022320+0.896547j,0.147615+2.092221j,-0.160973-2.218979j,6.188450
-0.023713+0.896611j,0.147218+2.093015j,-0.160896-2.219680j,6.195172
-0.025106+0.896672j,0.146821+2.093812j,-0.160818-2.220382j,6.201896
-0.026500+0.896732j,0.146423+2.094611j,-0.160741-2.221084j,6.208622
-0.027893+0.896789j,0.146026+2.095411j,-0.160663-2.221785j,6.215350
-0.029287+0.896845j,0.145628+2.096213j,-0.160586-2.222487j,6.222081
-0.030681+0.896898j,0.145230+2.097017j,-0.160508-2.223189j,6.228814
-0.032076+0.896949j,0.144832+2.097823j,-0.160431-2.223891j,6.235549
-0.033470+0.896997j,0.144433+2.098630j,-0.160354-2.224593j,6.242287
-0.034865+0.897044j,0.144035+2.099440j,-0.160277-2.225295j,6.249027
-0.036260+0.897089j,0.143636+2.100251j,-0.160200-2.225997j,6.255769
-0.037655+0.897131j,0.143238+2.101064j,-0.160123-2.226699j,6.262513
-0.039051+0.897171j,0.142839+2.101879j,-0.160046-2.227401j,6.269260
-0.040447+0.897209j,0.142440+2.102696j,-0.159969-2.228103j,6.276009
-0.041843+0.897245j,0.142041+2.103515j,-0.159893-2.228806j,6.282760
-0.043239+0.897278j,0.141641+2.104335j,-0.159816-2.229508j,6.289514
-0.044635+0.897310j,0.141242+2.105158j,-0.159740-2.230210j,6.296270
-0.046032+0.897339j,0.140842+2.105982j,-0.159663-2.230913j,6.303028
-0.047428+0.897366j,0.140443+2.106808j,-0.159587-2.231615j,6.309789
-0.048825+0.897391j,0.140043+2.107635j,-0.159510-2.232318j,6.316552
-0.050222+0.897414j,0.139643+2.108465j,-0.159434-2.233020j,6.323317
-0.051620+0.897435j,0.139244+2.109296j,-0.159358-2.233723j,6.330085
-0.053017+0.897453j,0.138844+2.110129j,-0.159282-2.234425j,6.336855
-0.054415+0.897470j,0.138444+2.110964j,-0.159206-2.235128j,6.343627
-0.055813+0.897484j,0.138043+2.111801j,-0.159130-2.235831j,6.350401
-0.057211+0.897496j,0.137643+2.112640j,-0.159054-2.236534j,6.357178
-0.058609+0.897506j,0.137243+2.113480j,-0.158978-2.237236j,6.363958
-0.060007+0.897513j,0.136843+2.114322j,-0.158902-2.237939j,6.370739
-0.061406+0.897519j,0.136442+2.115166j,-0.158826-2.238642j,6.377523
-0.062804+0.897522j,0.136042+2.116012j,-0.158751-2.239345j,6.384310
-0.064203+0.897523j,0.135641+2.116860j,-0.158675-2.240048j,6.391098
-0.065602+0.897522j,0.135240+2.117709j,-0.158600-2.240751j,6.397889
-0.067001+0.897519j,0.134840+2.118560j,-0.158524-2.241454j,6.404683
-0.068401+0.897514j,0.134439+2.119413j,-0.158449-2.242158j,6.411478
-0.069800+0.897506j,0.134038+2.120268j,-0.158373-2.242861j,6.418277
-0.071200+0.897497j,0.133637+2.121125j,-0.158298-2.243564j,6.425077
-0.072600+0.897485j,0.133237+2.121983j,-0.158223-2.244267j,6.431880
-0.073999+0.897471j,0.132836+2.122843j,-0.158148-2.244971j,6.438685
-0.075399+0.897455j,0.132435+2.123705j,-0.158073-2.245674j,6.445493
-0.076800+0.897436j,0.132034+2.124569j,-0.157998-2.246378j,6.452303
-0.078200+0.897416j,0.131633+2.125434j,-0.157923-2.247081j,6.459115
-0.079600+0.897393j,0.131232+2.126302j,-0.157848-2.247785j,6.465930
-0.081001+0.897368j,0.130831+2.127171j,-0.157773-2.248488j,6.472747
-0.082401+0.897341j,0.130430+2.128041j,-0.157699-2.249192j,6.479567
-0.083802+0.897312j,0.130029+2.128914j,-0.157624-2.249896j,6.486389
-0.085203+0.897281j,0.129628+2.129788j,-0.157550-2.250600j,6.493213
-0.086604+0.897247j,0.129227+2.130664j,-0.157475-2.251303j,6.500040
-0.088005+0.897211j,0.128826+2.131542j,-0.157401-2.252007j,6.506869
-0.089406+0.897173j,0.128425+2.132422j,-0.157326-2.252711j,6.513701
-0.090807+0.897133j,0.128024+2.133303j,-0.157252-2.253415j,6.520535
-0.092209+0.897091j,0.127623+2.134186j,-0.157178-2.254119j,6.527371
-0.093610+0.897046j,0.127223+2.135071j,-0.157104-2.254823j,6.534210
-0.095011+0.897000j,0.126822+2.135958j,-0.157030-2.255527j,6.541051
-0.096413+0.896951j,0.126421+2.136846j,-0.156956-2.256231j,6.547895
-0.097815+0.896900j,0.126020+2.137736j,-0.156882-2.256935j,6.554741
-0.099216+0.896847j,0.125619+2.138628j,-0.156808-2.257640j,6.561589
-0.100618+0.896791j,0.125219+2.139522j,-0.156734-2.258344j,6.568440
-0.102020+0.896734j,0.124818+2.140417j,-0.156660-2.259048j,6.575294
-0.103422+0.896674j,0.124417+2.141314j,-0.156587-2.259753j,6.582150
-0.104824+0.896612j,0.124017+2.142213j,-0.156513-2.260457j,6.589008
-0.106226+0.896548j,0.123616+2.143114j,-0.156440-2.261161j,6.595869
-0.107628+0.896482j,0.123216+2.144016j,-0.156366-2.261866j,6.602732
-0.109030+0.896413j,0.122815+2.144920j,-0.156293-2.262570j,6.609597
-0.110433+0.896343j,0.122415+2.145826j,-0.156219-2.263275j,6.616465
-0.111835+0.896270j,0.122015+2.146733j,-0.156146-2.263980j,6.623336
-0.113237+0.896195j,0.121615+2.147642j,-0.156073-2.264684j,6.630209
-0.114640+0.896118j,0.121215+2.148553j,-0.156000-2.265389j,6.637084
-0.116042+0.896038j,0.120815+2.149466j,-0.155927-2.266094j,6.643962
-0.117444+0.895957j,0.120415+2.150380j,-0.155854-2.266799j,6.650843
-0.118847+0.895873j,0.120015+2.151296j,-0.155781-2.267504j,6.657725
-0.120249+0.895787j,0.119615+2.152214j,-0.155708-2.268208j,6.664611
-0.121652+0.895699j,0.119215+2.153133j,-0.155635-2.268913j,6.671498
-0.123054+0.895609j,0.118816+2.154054j,-0.155562-2.269618j,6.678389
-0.124457+0.895516j,0.118417+2.154977j,-0.155490-2.270323j,6.685281
-0.125859+0.895421j,0.118017+2.155901j,-0.155417-2.271029j,6.692177
-0.127262+0.895325j,0.117618+2.156828j,-0.155344-2.271734j,6.699074
-0.128664+0.895226j,0.117219+2.157755j,-0.155272-2.272439j,6.705975
-0.130067+0.895124j,0.116820+2.158685j,-0.155200-2.273144j,6.712877
-0.131469+0.895021j,0.116421+2.159616j,-0.155127-2.273849j,6.719782
-0.132872+0.894915j,0.116022+2.160549j,-0.155055-2.274555j,6.726690
-0.134274+0.894808j,0.115624+2.161484j,-0.154983-2.275260j,6.733600
-0.135677+0.894698j,0.115225+2.162420j,-0.154911-2.275965j,6.740513
-0.137079+0.894586j,0.114827+2.163358j,-0.154838-2.276671j,6.747428
-0.138482+0.894471j,0.114429+2.164297j,-0.154766-2.277376j,6.754346
-0.139884+0.894355j,0.114031+2.165239j,-0.154694-2.278082j,6.761266
-0.141287+0.894236j,0.113633+2.166182j,-0.154622-2.278787j,6.768189
-0.142689+0.894115j,0.113235+2.167126j,-0.154551-2.279493j,6.775114
-0.144091+0.893992j,0.112838+2.168072j,-0.154479-2.280199j,6.782042
-0.145494+0.893867j,0.112440+2.169020j,-0.154407-2.280904j,6.788972
-0.146896+0.893739j,0.112043+2.169970j,-0.154335-2.281610j,6.795905
-0.148298+0.893610j,0.111646+2.170921j,-0.154264-2.282316j,6.802840
-0.149700+0.893478j,0.111249+2.171874j,-0.154192-2.283022j,6.809778
-0.151102+0.893344j,0.110852+2.172828j,-0.154121-2.283728j,6.816718
-0.152504+0.893207j,0.110456+2.173784j,-0.154049-2.284433j,6.823661
-0.153906+0.893069j,0.110059+2.174742j,-0.153978-2.285139j,6.830607
-0.155308+0.892928j,0.109663+2.175701j,-0.153907-2.285845j,6.837555
-0.156710+0.892786j,0.109267+2.176662j,-0.153836-2.286551j,6.844505
-0.158112+0.892641j,0.108871+2.177625j,-0.153765-2.287258j,6.851459
-0.159514+0.892493j,0.108475+2.178589j,-0.153693-2.287964j,6.858414
-0.160916+0.892344j,0.108080+2.179555j,-0.153622-2.288670j,6.865372
-0.162317+0.892193j,0.107685+2.180522j,-0.153551-2.289376j,6.872333
-0.163719+0.892039j,0.107290+2.181491j,-0.153481-2.290082j,6.879296
-0.165120+0.891883j,0.106895+2.182462j,-0.153410-2.290789j,6.886262
-0.166521+0.891725j,0.106500+2.183434j,-0.153339-2.291495j,6.893231
-0.167923+0.891564j,0.106106+2.184408j,-0.153268-2.292201j,6.900202
-0.169324+0.891402j,0.105711+2.185384j,-0.153197-2.292908j,6.907175
-0.170725+0.891237j,0.105317+2.186361j,-0.153127-2.293614j,6.914152
-0.172126+0.891070j,0.104924+2.187339j,-0.153056-2.294321j,6.921130
-0.173527+0.890901j,0.104530+2.188320j,-0.152986-2.295027j,6.928112
-0.174927+0.890730j,0.104137+2.189301j,-0.152915-2.295734j,6.935095
-0.176328+0.890557j,0.103744+2.190285j,-0.152845-2.296440j,6.942082
-0.177729+0.890381j,0.103351+2.191270j,-0.152775-2.297147j,6.949071
-0.179129+0.890203j,0.102958+2.192256j,-0.152705-2.297854j,6.956063
-0.180529+0.890023j,0.102566+2.193244j,-0.152634-2.298561j,6.963057
-0.181929+0.889841j,0.102173+2.194234j,-0.152564-2.299267j,6.970054
-0.183329+0.889656j,0.101782+2.195225j,-0.152494-2.299974j,6.977053
-0.184729+0.889470j,0.101390+2.196218j,-0.152424-2.300681j,6.984055
-0.186129+0.889281j,0.100998+2.197213j,-0.152354-2.301388j,6.991060
-0.187529+0.889090j,0.100607+2.198208j,-0.152284-2.302095j,6.998067
-0.188928+0.888897j,0.100216+2.199206j,-0.152215-2.302802j,7.005077
-0.190328+0.888701j,0.099826+2.200205j,-0.152145-2.303509j,7.012089
-0.191727+0.888504j,0.099435+2.201205j,-0.152075-2.304216j,7.019104
-0.193126+0.888304j,0.099045+2.202208j,-0.152006-2.304923j,7.026122
-0.194525+0.888102j,0.098655+2.203211j,-0.151936-2.305630j,7.033142
-0.195923+0.887898j,0.098266+2.204216j,-0.151866-2.306338j,7.040165
-0.197322+0.887692j,0.097876+2.205223j,-0.151797-2.307045j,7.047190
-0.198720+0.887483j,0.097487+2.206231j,-0.151728-2.307752j,7.054218
-0.200118+0.887272j,0.097098+2.207241j,-0.151658-2.308459j,7.061249
-0.201517+0.887059j,0.096710+2.208252j,-0.151589-2.309167j,7.068283
-0.202914+0.886844j,0.096322+2.209265j,-0.151520-2.309874j,7.075319
-0.204312+0.886627j,0.095934+2.210279j,-0.151451-2.310582j,7.082357
-0.205710+0.886408j,0.095546+2.211295j,-0.151382-2.311289j,7.089399
-0.207107+0.886186j,0.095159+2.212312j,-0.151313-2.311997j,7.096442
-0.208504+0.885962j,0.094772+2.213331j,-0.151244-2.312704j,7.103489
-0.209901+0.885736j,0.094385+2.214351j,-0.151175-2.313412j,7.110538
-0.211298+0.885508j,0.093998+2.215373j,-0.151106-2.314119j,7.117590
-0.212694+0.885277j,0.093612+2.216397j,-0.151037-2.314827j,7.124645
-0.214091+0.885045j,0.093226+2.217421j,-0.150968-2.315535j,7.131702
-0.215487+0.884810j,0.092841+2.218448j,-0.150899-2.316243j,7.138761
-0.216883+0.884573j,0.092456+2.219475j,-0.150831-2.316950j,7.145824
-0.218278+0.884334j,0.092071+2.220504j,-0.150762-2.317658j,7.152889
-0.219674+0.884092j,0.091686+2.221535j,-0.150694-2.318366j,7.159957
-0.221069+0.883849j,0.091302+2.222567j,-0.150625-2.319074j,7.167027
-0.222464+0.883603j,0.090918+2.223601j,-0.150557-2.319782j,7.174100
-0.223859+0.883355j,0.090534+2.224636j,-0.150489-2.320490j,7.181176
-0.225253+0.883105j,0.090151+2.225672j,-0.150420-2.321198j,7.188255
-0.226648+0.882852j,0.089768+2.226710j,-0.150352-2.321906j,7.195336
-0.228042+0.882598j,0.089385+2.227750j,-0.150284-2.322614j,7.202420
-0.229436+0.882341j,0.089003+2.228791j,-0.150216-2.323322j,7.209506
-0.230829+0.882082j,0.088621+2.229833j,-0.150148-2.324031j,7.216595
-0.232223+0.881821j,0.088239+2.230877j,-0.150080-2.324739j,7.223687
-0.233616+0.881558j,0.087858+2.231922j,-0.150012-2.325447j,7.230782
-0.235009+0.881292j,0.087477+2.232968j,-0.149944-2.326155j,7.237879
-0.236401+0.881025j,0.087096+2.234016j,-0.149876-2.326864j,7.244979
-0.237794+0.880755j,0.086716+2.235066j,-0.149808-2.327572j,7.252081
-0.239186+0.880483j,0.086336+2.236117j,-0.149741-2.328280j,7.259187
-0.240577+0.880208j,0.085956+2.237169j,-0.149673-2.328989j,7.266295
-0.241969+0.879932j,0.085577+2.238223j,-0.149605-2.329697j,7.273405
-0.243360+0.879653j,0.085198+2.239278j,-0.149538-2.330406j,7.280519
-0.244751+0.879373j,0.084820+2.240334j,-0.149470-2.331115j,7.287635
-0.246142+0.879090j,0.084441+2.241392j,-0.149403-2.331823j,7.294754
-0.247532+0.878804j,0.084063+2.242451j,-0.149335-2.332532j,7.301875
-0.248922+0.878517j,0.083686+2.243512j,-0.149268-2.333240j,7.308999
-0.250312+0.878227j,0.083309+2.244574j,-0.149201-2.333949j,7.316126
-0.251702+0.877936j,0.082932+2.245638j,-0.149134-2.334658j,7.323256
-0.253091+0.877642j,0.082556+2.246702j,-0.149066-2.335367j,7.330388
-0.254480+0.877346j,0.082180+2.247769j,-0.148999-2.336076j,7.337523
-0.255868+0.877047j,0.081804+2.248836j,-0.148932-2.336784j,7.344661
-0.257257+0.876747j,0.081429+2.249905j,-0.148865-2.337493j,7.351802
-0.258645+0.876444j,0.081054+2.250976j,-0.148798-2.338202j,7.358945
-0.260032+0.876139j,0.080680+2.252047j,-0.148731-2.338911j,7.366091
-0.261420+0.875832j,0.080305+2.253120j,-0.148665-2.339620j,7.373240
-0.262807+0.875523j,0.079932+2.254195j,-0.148598-2.340329j,7.380391
-0.264194+0.875212j,0.079558+2.255270j,-0.148531-2.341038j,7.387545
-0.265580+0.874898j,0.079185+2.256348j,-0.148464-2.341748j,7.394702
-0.266966+0.874582j,0.078813+2.257426j,-0.148398-2.342457j,7.401862
-0.268352+0.874264j,0.078441+2.258506j,-0.148331-2.343166j,7.409025
-0.269737+0.873944j,0.078069+2.259587j,-0.148265-2.343875j,7.416190
-0.271122+0.873622j,0.077697+2.260669j,-0.148198-2.344584j,7.423358
-0.272507+0.873297j,0.077326+2.261753j,-0.148132-2.345294j,7.430528
-0.273891+0.872970j,0.076956+2.262838j,-0.148065-2.346003j,7.437702
-0.275275+0.872642j,0.076585+2.263925j,-0.147999-2.346712j,7.444878
-0.276659+0.872310j,0.076216+2.265012j,-0.147933-2.347422j,7.452057
-0.278042+0.871977j,0.075846+2.266101j,-0.147867-2.348131j,7.459239
-0.279425+0.871642j,0.075477+2.267192j,-0.147801-2.348841j,7.466423
-0.280807+0.871304j,0.075109+2.268283j,-0.147735-2.349550j,7.473610
-0.282189+0.870964j,0.074740+2.269376j,-0.147669-2.350260j,7.480800
-0.283571+0.870622j,0.074373+2.270471j,-0.147603-2.350969j,7.487993
-0.284952+0.870278j,0.074005+2.271566j,-0.147537-2.351679j,7.495189
-0.286333+0.869932j,0.073638+2.272663j,-0.147471-2.352389j,7.502387
-0.287714+0.869583j,0.073272+2.273761j,-0.147405-2.353098j,7.509588
-0.289094+0.869233j,0.072906+2.274861j,-0.147339-2.353808j,7.516792
-0.290474+0.868880j,0.072540+2.275961j,-0.147273-2.354518j,7.523999
-0.291854+0.868525j,0.072175+2.277063j,-0.147208-2.355228j,7.531208
-0.293233+0.868167j,0.071810+2.278166j,-0.147142-2.355938j,7.538420
-0.294611+0.867808j,0.071445+2.279271j,-0.147077-2.356647j,7.545635
-0.295990+0.867446j,0.071081+2.280377j,-0.147011-2.357357j,7.552853
-0.297367+0.867083j,0.070718+2.281484j,-0.146946-2.358067j,7.560074
-0.298745+0.866717j,0.070354+2.282592j,-0.146880-2.358777j,7.567297
-0.300122+0.866349j,0.069992+2.283701j,-0.146815-2.359487j,7.574523
-0.301498+0.865978j,0.069629+2.284812j,-0.146750-2.360197j,7.581752
-0.302874+0.865606j,0.069267+2.285924j,-0.146684-2.360907j,7.588984
-0.304250+0.865231j,0.068906+2.287037j,-0.146619-2.361618j,7.596218
-0.305625+0.864854j,0.068545+2.288152j,-0.146554-2.362328j,7.603456
-0.307000+0.864475j,0.068184+2.289268j,-0.146489-2.363038j,7.610696
-0.308375+0.864094j,0.067824+2.290384j,-0.146424-2.363748j,7.617939
-0.309749+0.863711j,0.067464+2.291503j,-0.146359-2.364458j,7.625185
-0.311122+0.863325j,0.067105+2.292622j,-0.146294-2.365169j,7.632433
-0.312495+0.862938j,0.066746+2.293743j,-0.146229-2.365879j,7.639685
-0.313868+0.862548j,0.066388+2.294864j,-0.146164-2.366589j,7.646939
-0.315240+0.862156j,0.066030+2.295987j,-0.146100-2.367300j,7.654196
-0.316612+0.861761j,0.065672+2.297112j,-0.146035-2.368010j,7.661456
-0.317983+0.861365j,0.065315+2.298237j,-0.145970-2.368721j,7.668718
-0.319354+0.860967j,0.064958+2.299364j,-0.145906-2.369431j,7.675984
-0.320724+0.860566j,0.064602+2.300491j,-0.145841-2.370142j,7.683252
-0.322094+0.860163j,0.064247+2.301620j,-0.145776-2.370852j,7.690523
-0.323464+0.859758j,0.063891+2.302751j,-0.145712-2.371563j,7.697797
-0.324833+0.859351j,0.063536+2.303882j,-0.145648-2.372273j,7.705074
-0.326201+0.858941j,0.063182+2.305014j,-0.145583-2.372984j,7.712354
-0.327569+0.858530j,0.062828+2.306148j,-0.145519-2.373695j,7.719636
-0.328936+0.858116j,0.062474+2.307283j,-0.145455-2.374406j,7.726922
-0.330303+0.857700j,0.062121+2.308419j,-0.145390-2.375116j,7.734210
-0.331670+0.857282j,0.061769+2.309556j,-0.145326-2.375827j,7.741501
-0.333036+0.856862j,0.061417+2.310695j,-0.145262-2.376538j,7.748795
-0.334401+0.856439j,0.061065+2.311834j,-0.145198-2.377249j,7.756091
-0.335766+0.856015j,0.060714+2.312975j,-0.145134-2.377960j,7.763391
-0.337131+0.855588j,0.060363+2.314117j,-0.145070-2.378671j,7.770693
-0.338495+0.855159j,0.060013+2.315260j,-0.145006-2.379382j,7.777999
-0.339858+0.854728j,0.059663+2.316404j,-0.144942-2.380093j,7.785307
-0.341221+0.854295j,0.059313+2.317549j,-0.144878-2.380804j,7.792618
-0.342583+0.853860j,0.058965+2.318695j,-0.144815-2.381515j,7.799931
-0.343945+0.853422j,0.058616+2.319843j,-0.144751-2.382226j,7.807248
-0.345307+0.852982j,0.058268+2.320991j,-0.144687-2.382937j,7.814568
-0.346667+0.852541j,0.057921+2.322141j,-0.144624-2.383648j,7.821890
-0.348028+0.852097j,0.057573+2.323292j,-0.144560-2.384359j,7.829215
-0.349387+0.851650j,0.057227+2.324444j,-0.144496-2.385070j,7.836543
-0.350747+0.851202j,0.056881+2.325597j,-0.144433-2.385782j,7.843874
-0.352105+0.850752j,0.056535+2.326751j,-0.144369-2.386493j,7.851208
-0.353463+0.850299j,0.056190+2.327907j,-0.144306-2.387204j,7.858545
-0.354821+0.849844j,0.055845+2.329063j,-0.144243-2.387916j,7.865885
-0.356178+0.849387j,0.055501+2.330220j,-0.144179-2.388627j,7.873227
-0.357534+0.848928j,0.055157+2.331379j,-0.144116-2.389338j,7.880572
-0.358890+0.848467j,0.054814+2.332539j,-0.144053-2.390050j,7.887921
-0.360245+0.848003j,0.054471+2.333699j,-0.143990-2.390761j,7.895272
-0.361600+0.847538j,0.054129+2.334861j,-0.143927-2.391473j,7.902626
-0.362954+0.847070j,0.053787+2.336024j,-0.143864-2.392184j,7.909983
-0.364308+0.846600j,0.053445+2.337188j,-0.143801-2.392896j,7.917342
-0.365661+0.846128j,0.053104+2.338353j,-0.143738-2.393608j,7.924705
-0.367013+0.845654j,0.052764+2.339519j,-0.143675-2.394319j,7.932071
-0.368365+0.845178j,0.052424+2.340686j,-0.143612-2.395031j,7.939439
-0.369716+0.844699j,0.052084+2.341855j,-0.143549-2.395743j,7.946811
-0.371067+0.844219j,0.051745+2.343024j,-0.143486-2.396454j,7.954185
-0.372417+0.843736j,0.051407+2.344194j,-0.143424-2.397166j,7.961562
-0.373766+0.843251j,0.051069+2.345366j,-0.143361-2.397878j,7.968942
-0.375115+0.842764j,0.050731+2.346538j,-0.143298-2.398590j,7.976325
-0.376464+0.842275j,0.050394+2.347712j,-0.143236-2.399302j,7.983711
-0.377811+0.841783j,0.050057+2.348886j,-0.143173-2.400013j,7.991099
-0.379158+0.841290j,0.049721+2.350062j,-0.143111-2.400725j,7.998491
-0.380505+0.840794j,0.049385+2.351238j,-0.143048-2.401437j,8.005886
-0.381850+0.840297j,0.049050+2.352416j,-0.142986-2.402149j,8.013283
-0.383195+0.839797j,0.048716+2.353594j,-0.142924-2.402861j,8.020684
-0.384540+0.839295j,0.048381+2.354774j,-0.142861-2.403573j,8.028087
-0.385884+0.838790j,0.048048+2.355955j,-0.142799-2.404285j,8.035493
-0.387227+0.838284j,0.047714+2.357136j,-0.142737-2.404997j,8.042902
-0.388570+0.837776j,0.047381+2.358319j,-0.142675-2.405710j,8.050314
-0.389912+0.837265j,0.047049+2.359503j,-0.142613-2.406422j,8.057729
-0.391253+0.836752j,0.046717+2.360687j,-0.142550-2.407134j,8.065147
-0.392594+0.836237j,0.046386+2.361873j,-0.142488-2.407846j,8.072568
-0.393934+0.835720j,0.046055+2.363059j,-0.142426-2.408558j,8.079992
-0.395273+0.835201j,0.045725+2.364247j,-0.142365-2.409271j,8.087418
-0.396612+0.834680j,0.045395+2.365436j,-0.142303-2.409983j,8.094848
-0.397950+0.834156j,0.045066+2.366625j,-0.142241-2.410695j,8.102280
-0.399287+0.833631j,0.044737+2.367816j,-0.142179-2.411408j,8.109716
-0.400624+0.833103j,0.044408+2.369007j,-0.142117-2.412120j,8.117154
-0.401960+0.832573j,0.044080+2.370200j,-0.142056-2.412833j,8.124596
-0.403295+0.832041j,0.043753+2.371393j,-0.141994-2.413545j,8.132040
-0.404630+0.831507j,0.043426+2.372588j,-0.141932-2.414258j,8.139487
-0.405964+0.830971j,0.043099+2.373783j,-0.141871-2.414970j,8.146937
-0.407297+0.830433j,0.042773+2.374980j,-0.141809-2.415683j,8.154390
-0.408630+0.829892j,0.042448+2.376177j,-0.141748-2.416395j,8.161846
-0.409962+0.829350j,0.042123+2.377375j,-0.141686-2.417108j,8.169305
-0.411293+0.828805j,0.041799+2.378575j,-0.141625-2.417820j,8.176767
-0.412624+0.828258j,0.041474+2.379775j,-0.141564-2.418533j,8.184232
-0.413954+0.827709j,0.041151+2.380976j,-0.141502-2.419246j,8.191700
-0.415283+0.827158j,0.040828+2.382178j,-0.141441-2.419959j,8.199171
-0.416611+0.826605j,0.040505+2.383381j,-0.141380-2.420671j,8.206644
-0.417939+0.826050j,0.040183+2.384585j,-0.141319-2.421384j,8.214121
-0.419266+0.825492j,0.039862+2.385790j,-0.141257-2.422097j,8.221601
-0.420592+0.824933j,0.039541+2.386995j,-0.141196-2.422810j,8.229083
-0.421918+0.824371j,0.039220+2.388202j,-0.141135-2.423523j,8.236569
-0.423243+0.823807j,0.038900+2.389410j,-0.141074-2.424236j,8.244057
-0.424567+0.823241j,0.038580+2.390618j,-0.141013-2.424948j,8.251549
-0.425890+0.822673j,0.038261+2.391828j,-0.140952-2.425661j,8.259043
-0.427213+0.822103j,0.037943+2.393038j,-0.140892-2.426374j,8.266541
-0.428535+0.821531j,0.037624+2.394249j,-0.140831-2.427087j,8.274041
-0.429856+0.820956j,0.037307+2.395461j,-0.140770-2.427800j,8.281544
-0.431176+0.820380j,0.036990+2.396674j,-0.140709-2.428514j,8.289051
-0.432496+0.819801j,0.036673+2.397888j,-0.140649-2.429227j,8.296560
-0.433815+0.819221j,0.036357+2.399103j,-0.140588-2.429940j,8.304072
-0.435133+0.818638j,0.036041+2.400319j,-0.140527-2.430653j,8.311588
-0.436451+0.818053j,0.035726+2.401535j,-0.140467-2.431366j,8.319106
-0.437767+0.817466j,0.035411+2.402753j,-0.140406-2.432079j,8.326627
-0.439083+0.816877j,0.035097+2.403971j,-0.140346-2.432793j,8.334151
-0.440398+0.816285j,0.034783+2.405191j,-0.140285-2.433506j,8.341678
-0.441713+0.815692j,0.034470+2.406411j,-0.140225-2.434219j,8.349208
-0.443026+0.815097j,0.034157+2.407632j,-0.140165-2.434932j,8.356742
-0.444339+0.814499j,0.033845+2.408853j,-0.140104-2.435646j,8.364278
-0.445651+0.813899j,0.033533+2.410076j,-0.140044-2.436359j,8.371817
-0.446962+0.813298j,0.033222+2.411300j,-0.139984-2.437073j,8.379359
-0.448273+0.812694j,0.032911+2.412524j,-0.139924-2.437786j,8.386904
-0.449582+0.812088j,0.032601+2.413749j,-0.139864-2.438500j,8.394452
-0.450891+0.811480j,0.032291+2.414975j,-0.139803-2.439213j,8.402003
-0.452199+0.810870j,0.031982+2.416202j,-0.139743-2.439927j,8.409557
-0.453506+0.810257j,0.031673+2.417430j,-0.139683-2.440640j,8.417114
-0.454813+0.809643j,0.031364+2.418659j,-0.139623-2.441354j,8.424674
-0.456118+0.809027j,0.031057+2.419888j,-0.139563-2.442067j,8.432237
-0.457423+0.808408j,0.030749+2.421118j,-0.139504-2.442781j,8.439803
-0.458727+0.807787j,0.030442+2.422350j,-0.139444-2.443495j,8.447372
-0.460030+0.807165j,0.030136+2.423581j,-0.139384-2.444208j,8.454944
-0.461333+0.806540j,0.029830+2.424814j,-0.139324-2.444922j,8.462519
-0.462634+0.805913j,0.029525+2.426048j,-0.139265-2.445636j,8.470098
-0.463935+0.805284j,0.029220+2.427282j,-0.139205-2.446350j,8.477679
-0.465235+0.804653j,0.028915+2.428517j,-0.139145-2.447063j,8.485263
-0.466534+0.804020j,0.028611+2.429753j,-0.139086-2.447777j,8.492850
-0.467832+0.803385j,0.028308+2.430990j,-0.139026-2.448491j,8.500440
-0.469129+0.802747j,0.028005+2.432228j,-0.138967-2.449205j,8.508033
-0.470426+0.802108j,0.027702+2.433466j,-0.138907-2.449919j,8.515629
-0.471721+0.801466j,0.027400+2.434706j,-0.138848-2.450633j,8.523228
-0.473016+0.800823j,0.027099+2.435946j,-0.138788-2.451347j,8.530830
-0.474310+0.800177j,0.026798+2.437186j,-0.138729-2.452061j,8.538436
-0.475603+0.799529j,0.026497+2.438428j,-0.138670-2.452775j,8.546044
-0.476895+0.798880j,0.026197+2.439670j,-0.138610-2.453489j,8.553655
-0.478187+0.798228j,0.025897+2.440914j,-0.138551-2.454203j,8.561269
-0.479477+0.797574j,0.025598+2.442158j,-0.138492-2.454917j,8.568887
-0.480767+0.796918j,0.025300+2.443402j,-0.138433-2.455631j,8.576507
-0.482056+0.796260j,0.025002+2.444648j,-0.138374-2.456345j,8.584130
-0.483344+0.795600j,0.024704+2.445894j,-0.138315-2.457059j,8.591756
-0.484630+0.794937j,0.024407+2.447141j,-0.138256-2.457773j,8.599386
-0.485917+0.794273j,0.024110+2.448389j,-0.138197-2.458488j,8.607018
-0.487202+0.793607j,0.023814+2.449637j,-0.138138-2.459202j,8.614654
-0.488486+0.792938j,0.023518+2.450887j,-0.138079-2.459916j,8.622292
-0.489769+0.792268j,0.023223+2.452137j,-0.138020-2.460631j,8.629934
-0.491052+0.791595j,0.022928+2.453388j,-0.137961-2.461345j,8.637578
-0.492334+0.790921j,0.022634+2.454639j,-0.137902-2.462059j,8.645226
-0.493614+0.790244j,0.022340+2.455892j,-0.137844-2.462774j,8.652876
-0.494894+0.789565j,0.022047+2.457145j,-0.137785-2.463488j,8.660530
-0.496173+0.788884j,0.021754+2.458399j,-0.137726-2.464202j,8.668187
-0.497451+0.788201j,0.021462+2.459653j,-0.137668-2.464917j,8.675846
-0.498728+0.787517j,0.021170+2.460908j,-0.137609-2.465631j,8.683509
-0.500004+0.786830j,0.020878+2.462164j,-0.137550-2.466346j,8.691175
-0.501279+0.786141j,0.020587+2.463421j,-0.137492-2.467060j,8.698844
-0.502554+0.785449j,0.020297+2.464679j,-0.137433-2.467775j,8.706516
-0.503827+0.784756j,0.020007+2.465937j,-0.137375-2.468490j,8.714191
-0.505099+0.784061j,0.019717+2.467196j,-0.137317-2.469204j,8.721869
-0.506371+0.783364j,0.019428+2.468455j,-0.137258-2.469919j,8.729550
-0.507641+0.782665j,0.019140+2.469716j,-0.137200-2.470633j,8.737234
-0.508911+0.781963j,0.018852+2.470977j,-0.137142-2.471348j,8.744921
-0.510180+0.781260j,0.018564+2.472239j,-0.137083-2.472063j,8.752611
-0.511447+0.780554j,0.018277+2.473501j,-0.137025-2.472778j,8.760305
-0.512714+0.779847j,0.017990+2.474764j,-0.136967-2.473492j,8.768001
-0.513980+0.779137j,0.017704+2.476028j,-0.136909-2.474207j,8.775700
-0.515245+0.778426j,0.017418+2.477293j,-0.136851-2.474922j,8.783403
-0.516508+0.777712j,0.017133+2.478558j,-0.136793-2.475637j,8.791108
-0.517771+0.776997j,0.016848+2.479824j,-0.136735-2.476352j,8.798817
-0.519033+0.776279j,0.016564+2.481091j,-0.136677-2.477066j,8.806528
-0.520294+0.775559j,0.016280+2.482358j,-0.136619-2.477781j,8.814243
-0.521554+0.774838j,0.015997+2.483626j,-0.136561-2.478496j,8.821961
-0.522813+0.774114j,0.015714+2.484895j,-0.136503-2.479211j,8.829682
-0.524071+0.773388j,0.015432+2.486165j,-0.136445-2.479926j,8.837406
-0.525328+0.772660j,0.015150+2.487435j,-0.136387-2.480641j,8.845133
-0.526584+0.771930j,0.014868+2.488705j,-0.136330-2.481356j,8.852863
-0.527839+0.771198j,0.014587+2.489977j,-0.136272-2.482071j,8.860596
-0.529093+0.770465j,0.014307+2.491249j,-0.136214-2.482786j,8.868332
-0.530346+0.769729j,0.014027+2.492522j,-0.136157-2.483501j,8.876071
-0.531598+0.768991j,0.013747+2.493795j,-0.136099-2.484217j,8.883813
-0.532849+0.768251j,0.013468+2.495069j,-0.136042-2.484932j,8.891559
-0.534099+0.767509j,0.013189+2.496344j,-0.135984-2.485647j,8.899307
-0.535348+0.766765j,0.012911+2.497620j,-0.135927-2.486362j,8.907059
-0.536596+0.766019j,0.012633+2.498896j,-0.135869-2.487077j,8.914813
-0.537843+0.765270j,0.012356+2.500172j,-0.135812-2.487793j,8.922571
-0.539089+0.764520j,0.012079+2.501450j,-0.135754-2.488508j,8.930332
-0.540334+0.763768j,0.011803+2.502728j,-0.135697-2.489223j,8.938096
-0.541578+0.763014j,0.011527+2.504006j,-0.135640-2.489938j,8.945863
-0.542820+0.762258j,0.011251+2.505286j,-0.135582-2.490654j,8.953633
-0.544062+0.761500j,0.010976+2.506566j,-0.135525-2.491369j,8.961406
-0.545303+0.760740j,0.010702+2.507846j,-0.135468-2.492085j,8.969182
-0.546543+0.759978j,0.010428+2.509128j,-0.135411-2.492800j,8.976961
-0.547781+0.759213j,0.010154+2.510409j,-0.135354-2.493515j,8.984744
-0.549019+0.758447j,0.009881+2.511692j,-0.135297-2.494231j,8.992529
-0.550256+0.757679j,0.009608+2.512975j,-0.135240-2.494946j,9.000318
-0.551491+0.756909j,0.009336+2.514259j,-0.135183-2.495662j,9.008110
-0.552726+0.756137j,0.009064+2.515543j,-0.135126-2.496377j,9.015904
-0.553959+0.755363j,0.008793+2.516828j,-0.135069-2.497093j,9.023702
-0.555191+0.754586j,0.008522+2.518114j,-0.135012-2.497809j,9.031503
-0.556423+0.753808j,0.008251+2.519400j,-0.134955-2.498524j,9.039307
-0.557653+0.753028j,0.007981+2.520687j,-0.134898-2.499240j,9.047114
-0.558882+0.752246j,0.007712+2.521974j,-0.134841-2.499955j,9.054924
-0.560110+0.751462j,0.007443+2.523262j,-0.134784-2.500671j,9.062738
-0.561337+0.750676j,0.007174+2.524551j,-0.134728-2.501387j,9.070554
-0.562563+0.749888j,0.006906+2.525840j,-0.134671-2.502102j,9.078374
-0.563787+0.749098j,0.006638+2.527130j,-0.134614-2.502818j,9.086196
-0.565011+0.748305j,0.006371+2.528420j,-0.134558-2.503534j,9.094022
-0.566234+0.747511j,0.006104+2.529711j,-0.134501-2.504250j,9.101851
-0.567455+0.746715j,0.005838+2.531003j,-0.134445-2.504966j,9.109683
-0.568676+0.745917j,0.005572+2.532295j,-0.134388-2.505681j,9.117518
-0.569895+0.745117j,0.005306+2.533588j,-0.134332-2.506397j,9.125356
-0.571113+0.744315j,0.005041+2.534881j,-0.134275-2.507113j,9.133197
-0.572330+0.743511j,0.004777+2.536175j,-0.134219-2.507829j,9.141042
-0.573546+0.742705j,0.004512+2.537470j,-0.134162-2.508545j,9.148889
-0.574761+0.741897j,0.004249+2.538765j,-0.134106-2.509261j,9.156740
-0.575975+0.741087j,0.003985+2.540061j,-0.134050-2.509977j,9.164594
-0.577187+0.740276j,0.003722+2.541357j,-0.133993-2.510693j,9.172450
-0.578399+0.739462j,0.003460+2.542654j,-0.133937-2.511409j,9.180310
-0.579609+0.738646j,0.003198+2.543951j,-0.133881-2.512125j,9.188173
-0.580818+0.737828j,0.002937+2.545249j,-0.133825-2.512841j,9.196040
-0.582026+0.737008j,0.002675+2.546548j,-0.133769-2.513557j,9.203909
-0.583233+0.736187j,0.002415+2.547847j,-0.133713-2.514273j,9.211781
-0.584439+0.735363j,0.002155+2.549146j,-0.133657-2.514989j,9.219657
-0.585644+0.734537j,0.001895+2.550447j,-0.133601-2.515705j,9.227536
-0.586847+0.733710j,0.001635+2.551747j,-0.133545-2.516421j,9.235417
-0.588050+0.732880j,0.001376+2.553049j,-0.133489-2.517138j,9.243302
-0.589251+0.732049j,0.001118+2.554351j,-0.133433-2.517854j,9.251190
-0.590451+0.731215j,0.000860+2.555653j,-0.133377-2.518570j,9.259081
-0.591650+0.730380j,0.000602+2.556956j,-0.133321-2.519286j,9.266976
-0.592848+0.729542j,0.000345+2.558260j,-0.133265-2.520003j,9.274873
-0.594044+0.728703j,0.000088+2.559564j,-0.133209-2.520719j,9.282774
-0.595239+0.727862j,-0.000168+2.560868j,-0.133153-2.521435j,9.290677
-0.596434+0.727019j,-0.000424+2.562173j,-0.133098-2.522152j,9.298584
-0.597627+0.726174j,-0.000679+2.563479j,-0.133042-2.522868j,9.306494
-0.598819+0.725326j,-0.000935+2.564785j,-0.132986-2.523584j,9.314407
-0.600009+0.724477j,-0.001189+2.566092j,-0.132931-2.524301j,9.322323
-0.601199+0.723626j,-0.001443+2.567399j,-0.132875-2.525017j,9.330242
-0.602387+0.722774j,-0.001697+2.568707j,-0.132820-2.525734j,9.338165
-0.603574+0.721919j,-0.001950+2.570015j,-0.132764-2.526450j,9.346090
-0.604760+0.721062j,-0.002203+2.571324j,-0.132709-2.527166j,9.354019
-0.605945+0.720203j,-0.002456+2.572634j,-0.132653-2.527883j,9.361951
-0.607128+0.719343j,-0.002708+2.573943j,-0.132598-2.528600j,9.369886
-0.608311+0.718480j,-0.002960+2.575254j,-0.132542-2.529316j,9.377824
-0.609492+0.717615j,-0.003211+2.576565j,-0.132487-2.530033j,9.385765
-0.610672+0.716749j,-0.003462+2.577876j,-0.132431-2.530749j,9.393710
-0.611850+0.715881j,-0.003712+2.579188j,-0.132376-2.531466j,9.401657
-0.613028+0.715010j,-0.003962+2.580501j,-0.132321-2.532182j,9.409608
-0.614204+0.714138j,-0.004212+2.581814j,-0.132266-2.532899j,9.417562
-0.615379+0.713264j,-0.004461+2.583127j,-0.132210-2.533616j,9.425519
-0.616553+0.712388j,-0.004710+2.584441j,-0.132155-2.534332j,9.433479
-0.617725+0.711510j,-0.004958+2.585755j,-0.132100-2.535049j,9.441442
-0.618897+0.710630j,-0.005206+2.587070j,-0.132045-2.535766j,9.449408
-0.620067+0.709748j,-0.005453+2.588386j,-0.131990-2.536483j,9.457378
-0.621235+0.708865j,-0.005701+2.589702j,-0.131935-2.537199j,9.465351
-0.622403+0.707979j,-0.005947+2.591018j,-0.131880-2.537916j,9.473327
-0.623569+0.707092j,-0.006194+2.592335j,-0.131825-2.538633j,9.481306
-0.624735+0.706202j,-0.006439+2.593653j,-0.131770-2.539350j,9.489288
-0.625898+0.705311j,-0.006685+2.594970j,-0.131715-2.540067j,9.497273
-0.627061+0.704418j,-0.006930+2.596289j,-0.131660-2.540784j,9.505261
-0.628222+0.703522j,-0.007175+2.597608j,-0.131605-2.541501j,9.513253
-0.629382+0.702625j,-0.007419+2.598927j,-0.131550-2.542217j,9.521248
-0.630541+0.701726j,-0.007663+2.600247j,-0.131496-2.542934j,9.529246
-0.631699+0.700826j,-0.007906+2.601567j,-0.131441-2.543651j,9.537247
-0.632855+0.699923j,-0.008149+2.602888j,-0.131386-2.544368j,9.545251
-0.634010+0.699018j,-0.008392+2.604209j,-0.131331-2.545085j,9.553258
-0.635164+0.698112j,-0.008634+2.605531j,-0.131277-2.545802j,9.561269
-0.636316+0.697203j,-0.008876+2.606853j,-0.131222-2.546519j,9.569283
-0.637467+0.696293j,-0.009117+2.608176j,-0.131167-2.547236j,9.577299
-0.638617+0.695381j,-0.009358+2.609499j,-0.131113-2.547954j,9.585319
-0.639766+0.694467j,-0.009599+2.610822j,-0.131058-2.548671j,9.593343
-0.640913+0.693551j,-0.009839+2.612146j,-0.131004-2.549388j,9.601369
-0.642059+0.692633j,-0.010079+2.613471j,-0.130949-2.550105j,9.609398
-0.643204+0.691713j,-0.010319+2.614796j,-0.130895-2.550822j,9.617431
-0.644347+0.690792j,-0.010558+2.616121j,-0.130840-2.551539j,9.625467
-0.645489+0.689868j,-0.010796+2.617447j,-0.130786-2.552256j,9.633506
-0.646630+0.688943j,-0.011034+2.618774j,-0.130732-2.552974j,9.641548
-0.647770+0.688016j,-0.011272+2.620100j,-0.130677-2.553691j,9.649593
-0.648908+0.687087j,-0.011510+2.621427j,-0.130623-2.554408j,9.657642
-0.650045+0.686156j,-0.011747+2.622755j,-0.130569-2.555125j,9.665693
-0.651180+0.685223j,-0.011984+2.624083j,-0.130515-2.555843j,9.673748
-0.652315+0.684289j,-0.012220+2.625412j,-0.130460-2.556560j,9.681806
-0.653448+0.683352j,-0.012456+2.626741j,-0.130406-2.557277j,9.689867
-0.654579+0.682414j,-0.012691+2.628070j,-0.130352-2.557995j,9.697932
-0.655709+0.681473j,-0.012927+2.629400j,-0.130298-2.558712j,9.705999
-0.656838+0.680531j,-0.013161+2.630730j,-0.130244-2.559429j,9.714070
-0.657966+0.679587j,-0.013396+2.632061j,-0.130190-2.560147j,9.722144
-0.659092+0.678642j,-0.013630+2.633392j,-0.130136-2.560864j,9.730221
-0.660217+0.677694j,-0.013863+2.634724j,-0.130082-2.561582j,9.738301
-0.661340+0.676744j,-0.014097+2.636056j,-0.130028-2.562299j,9.746384
-0.662463+0.675793j,-0.014329+2.637388j,-0.129974-2.563017j,9.754471
-0.663583+0.674840j,-0.014562+2.638721j,-0.129920-2.563734j,9.762561
-0.664703+0.673885j,-0.014794+2.640055j,-0.129866-2.564452j,9.770654
-0.665821+0.672928j,-0.015026+2.641388j,-0.129812-2.565169j,9.778750
-0.666938+0.671969j,-0.015257+2.642722j,-0.129758-2.565887j,9.786849
-0.668053+0.671009j,-0.015488+2.644057j,-0.129704-2.566604j,9.794951
-0.669167+0.670046j,-0.015719+2.645392j,-0.129651-2.567322j,9.803057
-0.670280+0.669082j,-0.015949+2.646727j,-0.129597-2.568040j,9.811166
-0.671391+0.668116j,-0.016179+2.648063j,-0.129543-2.568757j,9.819278
-0.672501+0.667148j,-0.016408+2.649399j,-0.129489-2.569475j,9.827393
-0.673610+0.666179j,-0.016637+2.650736j,-0.129436-2.570192j,9.835511
-0.674717+0.665207j,-0.016866+2.652073j,-0.129382-2.570910j,9.843633
-0.675823+0.664234j,-0.017094+2.653410j,-0.129328-2.571628j,9.851757
-0.676927+0.663259j,-0.017322+2.654748j,-0.129275-2.572346j,9.859885
-0.678030+0.662282j,-0.017550+2.656087j,-0.129221-2.573063j,9.868016
-0.679132+0.661303j,-0.017777+2.657425j,-0.129168-2.573781j,9.876151
-0.680232+0.660322j,-0.018004+2.658764j,-0.129114-2.574499j,9.884288
-0.681331+0.659340j,-0.018231+2.660104j,-0.129061-2.575217j,9.892429
-0.682428+0.658355j,-0.018457+2.661444j,-0.129007-2.575934j,9.900573
-0.683524+0.657369j,-0.018683+2.662784j,-0.128954-2.576652j,9.908720
-0.684619+0.656382j,-0.018908+2.664124j,-0.128901-2.577370j,9.916870
-0.685712+0.655392j,-0.019133+2.665465j,-0.128847-2.578088j,9.925023
-0.686803+0.654400j,-0.019358+2.666807j,-0.128794-2.578806j,9.933180
-0.687894+0.653407j,-0.019582+2.668149j,-0.128741-2.579524j,9.941340
-0.688983+0.652412j,-0.019806+2.669491j,-0.128687-2.580242j,9.949503
-0.690070+0.651415j,-0.020030+2.670833j,-0.128634-2.580960j,9.957669
-0.691156+0.650416j,-0.020253+2.672176j,-0.128581-2.581678j,9.965838
-0.692241+0.649416j,-0.020476+2.673520j,-0.128528-2.582396j,9.974011
-0.693324+0.648414j,-0.020699+2.674863j,-0.128475-2.583114j,9.982187
-0.694406+0.647410j,-0.020921+2.676207j,-0.128422-2.583832j,9.990366
-0.695486+0.646404j,-0.021143+2.677552j,-0.128368-2.584550j,9.998548
-0.696565+0.645396j,-0.021364+2.678897j,-0.128315-2.585268j,10.006733
-0.697643+0.644387j,-0.021585+2.680242j,-0.128262-2.585986j,10.014922
-0.698719+0.643376j,-0.021806+2.681588j,-0.128209-2.586704j,10.023113
-0.699793+0.642363j,-0.022027+2.682934j,-0.128156-2.587422j,10.031308
-0.700866+0.641348j,-0.022247+2.684280j,-0.128103-2.588140j,10.039506
-0.701938+0.640331j,-0.022466+2.685627j,-0.128050-2.588858j,10.047708
-0.703008+0.639313j,-0.022686+2.686974j,-0.127997-2.589576j,10.055912
-0.704077+0.638293j,-0.022905+2.688321j,-0.127945-2.590294j,10.064120
-0.705144+0.637271j,-0.023124+2.689669j,-0.127892-2.591013j,10.072331
-0.706210+0.636248j,-0.023342+2.691017j,-0.127839-2.591731j,10.080545
-0.707274+0.635222j,-0.023560+2.692366j,-0.127786-2.592449j,10.088763
-0.708337+0.634195j,-0.023778+2.693714j,-0.127733-2.593167j,10.096983
-0.709398+0.633166j,-0.023995+2.695064j,-0.127681-2.593886j,10.105207
-0.710458+0.632136j,-0.024212+2.696413j,-0.127628-2.594604j,10.113434
-0.711517+0.631103j,-0.024429+2.697763j,-0.127575-2.595322j,10.121664
-0.712573+0.630069j,-0.024645+2.699114j,-0.127522-2.596040j,10.129898
-0.713629+0.629033j,-0.024861+2.700464j,-0.127470-2.596759j,10.138134
-0.714683+0.627995j,-0.025076+2.701815j,-0.127417-2.597477j,10.146374
-0.715735+0.626956j,-0.025292+2.703167j,-0.127365-2.598195j,10.154617
-0.716786+0.625915j,-0.025507+2.704518j,-0.127312-2.598914j,10.162863
-0.717836+0.624872j,-0.025721+2.705870j,-0.127259-2.599632j,10.171113
-0.718884+0.623827j,-0.025936+2.707223j,-0.127207-2.600351j,10.179365
-0.719930+0.622781j,-0.026150+2.708575j,-0.127154-2.601069j,10.187621
-0.720975+0.621733j,-0.026363+2.709928j,-0.127102-2.601787j,10.195880
-0.722018+0.620683j,-0.026577+2.711282j,-0.127050-2.602506j,10.204143
-0.723060+0.619631j,-0.026789+2.712636j,-0.126997-2.603224j,10.212408
-0.724101+0.618578j,-0.027002+2.713990j,-0.126945-2.603943j,10.220677
-0.725140+0.617523j,-0.027214+2.715344j,-0.126892-2.604661j,10.228949
-0.726177+0.616466j,-0.027426+2.716699j,-0.126840-2.605380j,10.237224
-0.727213+0.615408j,-0.027638+2.718054j,-0.126788-2.606098j,10.245502
-0.728247+0.614347j,-0.027849+2.719409j,-0.126735-2.606817j,10.253784
-0.729280+0.613285j,-0.028060+2.720765j,-0.126683-2.607535j,10.262069
-0.730311+0.612222j,-0.028271+2.722121j,-0.126631-2.608254j,10.270357
-0.731341+0.611156j,-0.028481+2.723478j,-0.126579-2.608973j,10.278648
-0.732369+0.610089j,-0.028691+2.724834j,-0.126526-2.609691j,10.286942
-0.733396+0.609020j,-0.028901+2.726192j,-0.126474-2.610410j,10.295240
-0.734421+0.607950j,-0.029110+2.727549j,-0.126422-2.611128j,10.303541
-0.735444+0.606878j,-0.029319+2.728907j,-0.126370-2.611847j,10.311845
-0.736466+0.605804j,-0.029528+2.730265j,-0.126318-2.612566j,10.320152
-0.737487+0.604728j,-0.029737+2.731623j,-0.126266-2.613285j,10.328463
-0.738505+0.603651j,-0.029945+2.732982j,-0.126214-2.614003j,10.336777
-0.739523+0.602572j,-0.030152+2.734341j,-0.126162-2.614722j,10.345094
-0.740538+0.601491j,-0.030360+2.735700j,-0.126110-2.615441j,10.353414
-0.741553+0.600409j,-0.030567+2.737060j,-0.126058-2.616159j,10.361737
-0.742565+0.599324j,-0.030774+2.738420j,-0.126006-2.616878j,10.370064
-0.743576+0.598239j,-0.030980+2.739780j,-0.125954-2.617597j,10.378394
-0.744586+0.597151j,-0.031187+2.741140j,-0.125902-2.618316j,10.386727
-0.745594+0.596062j,-0.031393+2.742501j,-0.125850-2.619035j,10.395063
-0.746600+0.594971j,-0.031598+2.743862j,-0.125798-2.619753j,10.403403
-0.747605+0.593878j,-0.031803+2.745224j,-0.125747-2.620472j,10.411745
-0.748608+0.592784j,-0.032008+2.746586j,-0.125695-2.621191j,10.420092
-0.749609+0.591688j,-0.032213+2.747948j,-0.125643-2.621910j,10.428441
-0.750609+0.590591j,-0.032417+2.749310j,-0.125591-2.622629j,10.436793
-0.751608+0.589492j,-0.032621+2.750673j,-0.125540-2.623348j,10.445149
-0.752605+0.588391j,-0.032825+2.752036j,-0.125488-2.624067j,10.453508
-0.753600+0.587288j,-0.033029+2.753399j,-0.125436-2.624786j,10.461870
-0.754593+0.586184j,-0.033232+2.754763j,-0.125385-2.625505j,10.470235
-0.755585+0.585078j,-0.033435+2.756127j,-0.125333-2.626224j,10.478604
-0.756576+0.583970j,-0.033637+2.757491j,-0.125281-2.626943j,10.486976
-0.757564+0.582861j,-0.033839+2.758855j,-0.125230-2.627662j,10.495351
-0.758552+0.581750j,-0.034041+2.760220j,-0.125178-2.628381j,10.503729
-0.759537+0.580638j,-0.034243+2.761585j,-0.125127-2.629100j,10.512111
-0.760521+0.579524j,-0.034444+2.762950j,-0.125075-2.629819j,10.520496
-0.761503+0.578408j,-0.034645+2.764316j,-0.125024-2.630538j,10.528884
-0.762484+0.577290j,-0.034846+2.765682j,-0.124972-2.631257j,10.537275
-0.763463+0.576171j,-0.035046+2.767048j,-0.124921-2.631976j,10.545669
-0.764441+0.575050j,-0.035247+2.768415j,-0.124869-2.632695j,10.554067
-0.765416+0.573928j,-0.035446+2.769781j,-0.124818-2.633414j,10.562468
-0.766391+0.572804j,-0.035646+2.771149j,-0.124767-2.634133j,10.570872
-0.767363+0.571678j,-0.035845+2.772516j,-0.124715-2.634852j,10.579280
-0.768334+0.570551j,-0.036044+2.773883j,-0.124664-2.635572j,10.587690
-0.769303+0.569422j,-0.036243+2.775251j,-0.124613-2.636291j,10.596104
-0.770271+0.568291j,-0.036441+2.776620j,-0.124561-2.637010j,10.604521
-0.771237+0.567159j,-0.036639+2.777988j,-0.124510-2.637729j,10.612942
-0.772201+0.566025j,-0.036837+2.779357j,-0.124459-2.638448j,10.621365
-0.773164+0.564890j,-0.037035+2.780726j,-0.124408-2.639168j,10.629792
-0.774125+0.563753j,-0.037232+2.782095j,-0.124356-2.639887j,10.638222
-0.775084+0.562614j,-0.037429+2.783465j,-0.124305-2.640606j,10.646656
-0.776042+0.561474j,-0.037626+2.784835j,-0.124254-2.641325j,10.655092
-0.776998+0.560332j,-0.037822+2.786205j,-0.124203-2.642045j,10.663532
-0.777952+0.559189j,-0.038018+2.787575j,-0.124152-2.642764j,10.671975
-0.778905+0.558044j,-0.038214+2.788946j,-0.124101-2.643483j,10.680421
-0.779856+0.556897j,-0.038409+2.790317j,-0.124050-2.644203j,10.688871
-0.780805+0.555749j,-0.038605+2.791688j,-0.123999-2.644922j,10.697324
-0.781753+0.554599j,-0.038800+2.793059j,-0.123948-2.645641j,10.705780
-0.782699+0.553447j,-0.038994+2.794431j,-0.123897-2.646361j,10.714239
-0.783643+0.552294j,-0.039189+2.795803j,-0.123846-2.647080j,10.722702
-0.784586+0.551139j,-0.039383+2.797175j,-0.123795-2.647799j,10.731167
-0.785527+0.549983j,-0.039577+2.798548j,-0.123744-2.648519j,10.739636
-0.786466+0.548825j,-0.039770+2.799920j,-0.123693-2.649238j,10.748109
-0.787403+0.547666j,-0.039964+2.801293j,-0.123642-2.649958j,10.756584
-0.788339+0.546505j,-0.040157+2.802667j,-0.123591-2.650677j,10.765063
-0.789273+0.545342j,-0.040350+2.804040j,-0.123540-2.651397j,10.773545
-0.790206+0.544178j,-0.040542+2.805414j,-0.123489-2.652116j,10.782030
-0.791137+0.543012j,-0.040734+2.806788j,-0.123439-2.652836j,10.790519
-0.792066+0.541845j,-0.040926+2.808162j,-0.123388-2.653555j,10.799010
-0.792993+0.540676j,-0.041118+2.809537j,-0.123337-2.654275j,10.807505
-0.793919+0.539506j,-0.041309+2.810911j,-0.123286-2.654994j,10.816004
-0.794843+0.538334j,-0.041501+2.812287j,-0.123236-2.655714j,10.824505
-0.795765+0.537160j,-0.041691+2.813662j,-0.123185-2.656433j,10.833010
-0.796685+0.535985j,-0.041882+2.815037j,-0.123134-2.657153j,10.841518
-0.797604+0.534808j,-0.042072+2.816413j,-0.123084-2.657872j,10.850029
-0.798521+0.533630j,-0.042262+2.817789j,-0.123033-2.658592j,10.858544
-0.799436+0.532450j,-0.042452+2.819165j,-0.122982-2.659312j,10.867061
-0.800350+0.531269j,-0.042642+2.820542j,-0.122932-2.660031j,10.875582
-0.801262+0.530086j,-0.042831+2.821919j,-0.122881-2.660751j,10.884107
-0.802172+0.528901j,-0.043020+2.823296j,-0.122831-2.661471j,10.892634
-0.803080+0.527715j,-0.043209+2.824673j,-0.122780-2.662190j,10.901165
-0.803987+0.526528j,-0.043398+2.826050j,-0.122730-2.662910j,10.909699
-0.804892+0.525339j,-0.043586+2.827428j,-0.122679-2.663630j,10.918236
-0.805795+0.524148j,-0.043774+2.828806j,-0.122629-2.664349j,10.926777
-0.806696+0.522956j,-0.043962+2.830184j,-0.122578-2.665069j,10.935321
-0.807596+0.521762j,-0.044149+2.831563j,-0.122528-2.665789j,10.943868
-0.808494+0.520567j,-0.044336+2.832941j,-0.122477-2.666509j,10.952418
-0.809390+0.519370j,-0.044523+2.834320j,-0.122427-2.667228j,10.960972
-0.810284+0.518172j,-0.044710+2.835699j,-0.122377-2.667948j,10.969528
-0.811177+0.516972j,-0.044896+2.837079j,-0.122326-2.668668j,10.978088
-0.812068+0.515771j,-0.045083+2.838458j,-0.122276-2.669388j,10.986652
-0.812957+0.514568j,-0.045269+2.839838j,-0.122226-2.670107j,10.995218
-0.813844+0.513364j,-0.045454+2.841218j,-0.122175-2.670827j,11.003788
-0.814730+0.512158j,-0.045640+2.842598j,-0.122125-2.671547j,11.012361
-0.815614+0.510951j,-0.045825+2.843979j,-0.122075-2.672267j,11.020938
-0.816496+0.509742j,-0.046010+2.845359j,-0.122025-2.672987j,11.029517
-0.817376+0.508532j,-0.046195+2.846740j,-0.121974-2.673707j,11.038100
-0.818254+0.507320j,-0.046379+2.848121j,-0.121924-2.674427j,11.046686
-0.819131+0.506107j,-0.046564+2.849503j,-0.121874-2.675146j,11.055276
-0.820006+0.504892j,-0.046748+2.850884j,-0.121824-2.675866j,11.063868
-0.820879+0.503676j,-0.046931+2.852266j,-0.121774-2.676586j,11.072464
-0.821750+0.502458j,-0.047115+2.853648j,-0.121724-2.677306j,11.081064
-0.822620+0.501239j,-0.047298+2.855031j,-0.121674-2.678026j,11.089666
-0.823487+0.500018j,-0.047481+2.856413j,-0.121624-2.678746j,11.098272
-0.824353+0.498796j,-0.047664+2.857796j,-0.121574-2.679466j,11.106881
-0.825217+0.497572j,-0.047846+2.859179j,-0.121523-2.680186j,11.115493
-0.826080+0.496347j,-0.048029+2.860562j,-0.121473-2.680906j,11.124109
-0.826940+0.495120j,-0.048211+2.861945j,-0.121423-2.681626j,11.132727
-0.827799+0.493892j,-0.048393+2.863329j,-0.121374-2.682346j,11.141349
-0.828656+0.492663j,-0.048574+2.864712j,-0.121324-2.683066j,11.149975
-0.829511+0.491432j,-0.048756+2.866096j,-0.121274-2.683786j,11.158603
-0.830364+0.490199j,-0.048937+2.867481j,-0.121224-2.684506j,11.167235
-0.831216+0.488965j,-0.049118+2.868865j,-0.121174-2.685226j,11.175870
-0.832065+0.487730j,-0.049298+2.870250j,-0.121124-2.685946j,11.184509
-0.832913+0.486493j,-0.049479+2.871634j,-0.121074-2.686666j,11.193150
-0.833759+0.485254j,-0.049659+2.873019j,-0.121024-2.687386j,11.201795
-0.834603+0.484015j,-0.049839+2.874405j,-0.120974-2.688107j,11.210443
-0.835446+0.482773j,-0.050019+2.875790j,-0.120925-2.688827j,11.219095
-0.836286+0.481531j,-0.050198+2.877176j,-0.120875-2.689547j,11.227750
-0.837125+0.480287j,-0.050378+2.878561j,-0.120825-2.690267j,11.236408
-0.837961+0.479041j,-0.050557+2.879947j,-0.120775-2.690987j,11.245069
-0.838796+0.477794j,-0.050735+2.881334j,-0.120726-2.691707j,11.253733
-0.839630+0.476546j,-0.050914+2.882720j,-0.120676-2.692428j,11.262401
-0.840461+0.475296j,-0.051092+2.884107j,-0.120626-2.693148j,11.271072
-0.841290+0.474045j,-0.051271+2.885494j,-0.120576-2.693868j,11.279747
-0.842118+0.472792j,-0.051448+2.886881j,-0.120527-2.694588j,11.288424
-0.842944+0.471538j,-0.051626+2.888268j,-0.120477-2.695308j,11.297105
-0.843768+0.470282j,-0.051804+2.889655j,-0.120427-2.696029j,11.305789
-0.844590+0.469025j,-0.051981+2.891043j,-0.120378-2.696749j,11.314477
-0.845410+0.467767j,-0.052158+2.892431j,-0.120328-2.697469j,11.323167
-0.846228+0.466507j,-0.052335+2.893819j,-0.120279-2.698189j,11.331861
-0.847044+0.465246j,-0.052511+2.895207j,-0.120229-2.698910j,11.340559
-0.847859+0.463984j,-0.052688+2.896595j,-0.120180-2.699630j,11.349259
-0.848672+0.462720j,-0.052864+2.897984j,-0.120130-2.700350j,11.357963
-0.849483+0.461454j,-0.053040+2.899372j,-0.120081-2.701071j,11.366670
-0.850292+0.460188j,-0.053216+2.900761j,-0.120031-2.701791j,11.375380
-0.851099+0.458919j,-0.053391+2.902150j,-0.119982-2.702511j,11.384094
-0.851904+0.457650j,-0.053566+2.903540j,-0.119932-2.703232j,11.392811
-0.852707+0.456379j,-0.053742+2.904929j,-0.119883-2.703952j,11.401531
-0.853509+0.455107j,-0.053916+2.906319j,-0.119833-2.704672j,11.410254
-0.854308+0.453833j,-0.054091+2.907709j,-0.119784-2.705393j,11.418981
-0.855106+0.452558j,-0.054266+2.909099j,-0.119734-2.706113j,11.427711
-0.855902+0.451281j,-0.054440+2.910489j,-0.119685-2.706833j,11.436444
-0.856696+0.450003j,-0.054614+2.911880j,-0.119636-2.707554j,11.445181
-0.857488+0.448724j,-0.054788+2.913270j,-0.119586-2.708274j,11.453921
-0.858278+0.447444j,-0.054961+2.914661j,-0.119537-2.708995j,11.462664
-0.859066+0.446162j,-0.055135+2.916052j,-0.119488-2.709715j,11.471410
-0.859852+0.444878j,-0.055308+2.917443j,-0.119439-2.710436j,11.480160
-0.860637+0.443594j,-0.055481+2.918834j,-0.119389-2.711156j,11.488913
-0.861419+0.442308j,-0.055654+2.920226j,-0.119340-2.711877j,11.497669
-0.862200+0.441020j,-0.055826+2.921618j,-0.119291-2.712597j,11.506429
-0.862978+0.439732j,-0.055999+2.923009j,-0.119242-2.713318j,11.515191
-0.863755+0.438441j,-0.056171+2.924401j,-0.119192-2.714038j,11.523957
-0.864530+0.437150j,-0.056343+2.925794j,-0.119143-2.714759j,11.532727
-0.865303+0.435857j,-0.056515+2.927186j,-0.119094-2.715479j,11.541499
-0.866074+0.434563j,-0.056686+2.928578j,-0.119045-2.716200j,11.550275
-0.866843+0.433268j,-0.056858+2.929971j,-0.118996-2.716920j,11.559055
-0.867610+0.431971j,-0.057029+2.931364j,-0.118947-2.717641j,11.567837
-0.868375+0.430673j,-0.057200+2.932757j,-0.118897-2.718361j,11.576623
-0.869139+0.429373j,-0.057371+2.934150j,-0.118848-2.719082j,11.585412
-0.869900+0.428073j,-0.057541+2.935544j,-0.118799-2.719802j,11.594204
-0.870659+0.426770j,-0.057712+2.936937j,-0.118750-2.720523j,11.603000
-0.871417+0.425467j,-0.057882+2.938331j,-0.118701-2.721244j,11.611799
-0.872172+0.424162j,-0.058052+2.939725j,-0.118652-2.721964j,11.620601
-0.872926+0.422856j,-0.058222+2.941119j,-0.118603-2.722685j,11.629406
-0.873678+0.421549j,-0.058392+2.942513j,-0.118554-2.723406j,11.638215
-0.874428+0.420240j,-0.058561+2.943907j,-0.118505-2.724126j,11.647027
-0.875175+0.418930j,-0.058730+2.945302j,-0.118456-2.724847j,11.655842
-0.875921+0.417619j,-0.058899+2.946697j,-0.118407-2.725567j,11.664661
-0.876665+0.416306j,-0.059068+2.948092j,-0.118358-2.726288j,11.673483
-0.877407+0.414992j,-0.059237+2.949487j,-0.118309-2.727009j,11.682308
-0.878147+0.413677j,-0.059405+2.950882j,-0.118260-2.727730j,11.691136
-0.878885+0.412361j,-0.059574+2.952277j,-0.118212-2.728450j,11.699968
-0.879621+0.411043j,-0.059742+2.953673j,-0.118163-2.729171j,11.708803
-0.880355+0.409724j,-0.059910+2.955068j,-0.118114-2.729892j,11.717641
-0.881087+0.408404j,-0.060077+2.956464j,-0.118065-2.730612j,11.726483
-0.881817+0.407082j,-0.060245+2.957860j,-0.118016-2.731333j,11.735328
-0.882546+0.405759j,-0.060412+2.959256j,-0.117967-2.732054j,11.744176
-0.883272+0.404435j,-0.060580+2.960652j,-0.117919-2.732775j,11.753027
-0.883996+0.403110j,-0.060747+2.962049j,-0.117870-2.733495j,11.761882
-0.884718+0.401783j,-0.060914+2.963445j,-0.117821-2.734216j,11.770740
-0.885439+0.400455j,-0.061080+2.964842j,-0.117772-2.734937j,11.779601
-0.886157+0.399126j,-0.061247+2.966239j,-0.117724-2.735658j,11.788466
-0.886873+0.397795j,-0.061413+2.967636j,-0.117675-2.736379j,11.797334
-0.887588+0.396463j,-0.061579+2.969033j,-0.117626-2.737099j,11.806205
-0.888300+0.395130j,-0.061745+2.970431j,-0.117577-2.737820j,11.815080
-0.889010+0.393796j,-0.061911+2.971828j,-0.117529-2.738541j,11.823957
-0.889719+0.392461j,-0.062076+2.973226j,-0.117480-2.739262j,11.832838
-0.890425+0.391124j,-0.062242+2.974624j,-0.117431-2.739983j,11.841723
-0.891129+0.389786j,-0.062407+2.976021j,-0.117383-2.740704j,11.850610
-0.891832+0.388447j,-0.062572+2.977420j,-0.117334-2.741424j,11.859501
-0.892532+0.387106j,-0.062737+2.978818j,-0.117286-2.742145j,11.868395
-0.893231+0.385764j,-0.062902+2.980216j,-0.117237-2.742866j,11.877293
-0.893927+0.384422j,-0.063066+2.981615j,-0.117188-2.743587j,11.886194
-0.894621+0.383077j,-0.063231+2.983013j,-0.117140-2.744308j,11.895098
-0.895314+0.381732j,-0.063395+2.984412j,-0.117091-2.745029j,11.904005
-0.896004+0.380385j,-0.063559+2.985811j,-0.117043-2.745750j,11.912916
-0.896692+0.379038j,-0.063723+2.987210j,-0.116994-2.746471j,11.921830
-0.897379+0.377689j,-0.063887+2.988609j,-0.116946-2.747192j,11.930747
-0.898063+0.376338j,-0.064050+2.990009j,-0.116897-2.747913j,11.939668
-0.898745+0.374987j,-0.064214+2.991408j,-0.116849-2.748634j,11.948591
-0.899426+0.373634j,-0.064377+2.992808j,-0.116800-2.749355j,11.957519
-0.900104+0.372280j,-0.064540+2.994208j,-0.116752-2.750076j,11.966449
-0.900780+0.370925j,-0.064703+2.995607j,-0.116703-2.750797j,11.975383
-0.901454+0.369569j,-0.064865+2.997007j,-0.116655-2.751518j,11.984320
-0.902127+0.368211j,-0.065028+2.998408j,-0.116606-2.752239j,11.993260
-0.902797+0.366853j,-0.065190+2.999808j,-0.116558-2.752960j,12.002204
-0.903465+0.365493j,-0.065353+3.001208j,-0.116510-2.753681j,12.011151
-0.904131+0.364132j,-0.065515+3.002609j,-0.116461-2.754402j,12.020101
-0.904795+0.362770j,-0.065677+3.004010j,-0.116413-2.755123j,12.029054
-0.905457+0.361406j,-0.065838+3.005410j,-0.116364-2.755844j,12.038011
-0.906117+0.360042j,-0.066000+3.006811j,-0.116316-2.756565j,12.046971
-0.906775+0.358676j,-0.066161+3.008213j,-0.116268-2.757286j,12.055935
-0.907431+0.357309j,-0.066323+3.009614j,-0.116220-2.758007j,12.064901
-0.908084+0.355941j,-0.066484+3.011015j,-0.116171-2.758728j,12.073871
-0.908736+0.354572j,-0.066645+3.012417j,-0.116123-2.759449j,12.082844
-0.909386+0.353201j,-0.066806+3.013818j,-0.116075-2.760170j,12.091821
-0.910033+0.351830j,-0.066966+3.015220j,-0.116026-2.760891j,12.100801
-0.910679+0.350457j,-0.067127+3.016622j,-0.115978-2.761612j,12.109784
-0.911323+0.349083j,-0.067287+3.018024j,-0.115930-2.762333j,12.118771
-0.911964+0.347708j,-0.067447+3.019426j,-0.115882-2.763055j,12.127760
-0.912604+0.346332j,-0.067607+3.020828j,-0.115833-2.763776j,12.136753
-0.913241+0.344955j,-0.067767+3.022231j,-0.115785-2.764497j,12.145750
-0.913876+0.343576j,-0.067927+3.023633j,-0.115737-2.765218j,12.154749
-0.914509+0.342197j,-0.068087+3.025036j,-0.115689-2.765939j,12.163752
-0.915141+0.340816j,-0.068246+3.026438j,-0.115641-2.766660j,12.172759
-0.915770+0.339434j,-0.068405+3.027841j,-0.115593-2.767381j,12.181768
-0.916397+0.338051j,-0.068565+3.029244j,-0.115544-2.768103j,12.190781
-0.917022+0.336667j,-0.068724+3.030647j,-0.115496-2.768824j,12.199797
-0.917644+0.335282j,-0.068882+3.032050j,-0.115448-2.769545j,12.208817
-0.918265+0.333896j,-0.069041+3.033454j,-0.115400-2.770266j,12.217839
-0.918884+0.332508j,-0.069200+3.034857j,-0.115352-2.770987j,12.226865
-0.919500+0.331120j,-0.069358+3.036261j,-0.115304-2.771709j,12.235895
-0.920115+0.329730j,-0.069516+3.037664j,-0.115256-2.772430j,12.244927
-0.920727+0.328339j,-0.069675+3.039068j,-0.115208-2.773151j,12.253963
-0.921338+0.326947j,-0.069833+3.040472j,-0.115160-2.773872j,12.263003
-0.921946+0.325554j,-0.069990+3.041876j,-0.115112-2.774593j,12.272045
-0.922552+0.324160j,-0.070148+3.043280j,-0.115064-2.775315j,12.281091
-0.923156+0.322765j,-0.070306+3.044685j,-0.115016-2.776036j,12.290140
-0.923758+0.321369j,-0.070463+3.046089j,-0.114968-2.776757j,12.299193
-0.924358+0.319971j,-0.070621+3.047493j,-0.114920-2.777478j,12.308248
-0.924956+0.318573j,-0.070778+3.048898j,-0.114872-2.778200j,12.317307
-0.925552+0.317173j,-0.070935+3.050303j,-0.114824-2.778921j,12.326370
-0.926145+0.315773j,-0.071092+3.051708j,-0.114776-2.779642j,12.335435
-0.926737+0.314371j,-0.071248+3.053112j,-0.114728-2.780364j,12.344504
-0.927326+0.312968j,-0.071405+3.054517j,-0.114680-2.781085j,12.353577
-0.927913+0.311565j,-0.071562+3.055923j,-0.114632-2.781806j,12.362652
-0.928498+0.310160j,-0.071718+3.057328j,-0.114584-2.782528j,12.371731
-0.929081+0.308754j,-0.071874+3.058733j,-0.114536-2.783249j,12.380813
-0.929662+0.307347j,-0.072030+3.060139j,-0.114488-2.783970j,12.389899
-0.930241+0.305939j,-0.072186+3.061544j,-0.114440-2.784692j,12.398988
-0.930818+0.304530j,-0.072342+3.062950j,-0.114393-2.785413j,12.408080
-0.931392+0.303120j,-0.072498+3.064356j,-0.114345-2.786134j,12.417175
-0.931964+0.301708j,-0.072653+3.065762j,-0.114297-2.786856j,12.426274
-0.932535+0.300296j,-0.072809+3.067168j,-0.114249-2.787577j,12.435376
-0.933103+0.298883j,-0.072964+3.068574j,-0.114201-2.788298j,12.444481
-0.933669+0.297469j,-0.073119+3.069980j,-0.114153-2.789020j,12.453590
-0.934233+0.296053j,-0.073275+3.071386j,-0.114106-2.789741j,12.462702
-0.934795+0.294637j,-0.073430+3.072792j,-0.114058-2.790462j,12.471817
-0.935354+0.293219j,-0.073584+3.074199j,-0.114010-2.791184j,12.480935
-0.935912+0.291801j,-0.073739+3.075606j,-0.113962-2.791905j,12.490057
-0.936467+0.290382j,-0.073894+3.077012j,-0.113914-2.792627j,12.499182
-0.937020+0.288961j,-0.074048+3.078419j,-0.113867-2.793348j,12.508311
-0.937571+0.287540j,-0.074202+3.079826j,-0.113819-2.794070j,12.517443
-0.938120+0.286117j,-0.074357+3.081233j,-0.113771-2.794791j,12.526578
-0.938667+0.284694j,-0.074511+3.082640j,-0.113724-2.795512j,12.535716
-0.939212+0.283269j,-0.074665+3.084047j,-0.113676-2.796234j,12.544858
-0.939754+0.281844j,-0.074819+3.085454j,-0.113628-2.796955j,12.554003
-0.940294+0.280417j,-0.074972+3.086862j,-0.113580-2.797677j,12.563151
-0.940833+0.278990j,-0.075126+3.088269j,-0.113533-2.798398j,12.572303
-0.941369+0.277561j,-0.075279+3.089677j,-0.113485-2.799120j,12.581458
-0.941902+0.276132j,-0.075433+3.091084j,-0.113437-2.799841j,12.590616
-0.942434+0.274701j,-0.075586+3.092492j,-0.113390-2.800563j,12.599777
-0.942964+0.273270j,-0.075739+3.093900j,-0.113342-2.801284j,12.608942
-0.943491+0.271837j,-0.075892+3.095308j,-0.113294-2.802006j,12.618110
-0.944016+0.270404j,-0.076045+3.096716j,-0.113247-2.802727j,12.627282
-0.944539+0.268970j,-0.076198+3.098124j,-0.113199-2.803449j,12.636457
-0.945060+0.267534j,-0.076351+3.099532j,-0.113152-2.804170j,12.645635
-0.945579+0.266098j,-0.076503+3.100941j,-0.113104-2.804892j,12.654816
-0.946095+0.264661j,-0.076656+3.102349j,-0.113056-2.805613j,12.664001
-0.946610+0.263222j,-0.076808+3.103757j,-0.113009-2.806335j,12.673189
-0.947122+0.261783j,-0.076960+3.105166j,-0.112961-2.807056j,12.682380
-0.947632+0.260343j,-0.077113+3.106575j,-0.112914-2.807778j,12.691575
-0.948140+0.258902j,-0.077265+3.107983j,-0.112866-2.808499j,12.700772
-0.948646+0.257460j,-0.077417+3.109392j,-0.112819-2.809221j,12.709974
-0.949149+0.256017j,-0.077568+3.110801j,-0.112771-2.809942j,12.719178
-0.949650+0.254573j,-0.077720+3.112210j,-0.112724-2.810664j,12.728386
-0.950149+0.253128j,-0.077872+3.113619j,-0.112676-2.811385j,12.737597
-0.950646+0.251683j,-0.078023+3.115028j,-0.112629-2.812107j,12.746812
-0.951141+0.250236j,-0.078175+3.116438j,-0.112581-2.812829j,12.756030
-0.951634+0.248788j,-0.078326+3.117847j,-0.112534-2.813550j,12.765251
-0.952124+0.247340j,-0.078477+3.119256j,-0.112486-2.814272j,12.774475
-0.952612+0.245890j,-0.078628+3.120666j,-0.112439-2.814993j,12.783703
-0.953098+0.244440j,-0.078779+3.122075j,-0.112391-2.815715j,12.792934
-0.953582+0.242989j,-0.078930+3.123485j,-0.112344-2.816436j,12.802168
-0.954064+0.241536j,-0.079081+3.124895j,-0.112296-2.817158j,12.811406
-0.954543+0.240083j,-0.079232+3.126304j,-0.112249-2.817880j,12.820647
-0.955020+0.238629j,-0.079382+3.127714j,-0.112201-2.818601j,12.829891
-0.955495+0.237174j,-0.079533+3.129124j,-0.112154-2.819323j,12.839139
-0.955968+0.235718j,-0.079683+3.130534j,-0.112107-2.820045j,12.848390
-0.956438+0.234262j,-0.079833+3.131944j,-0.112059-2.820766j,12.857644
-0.956907+0.232804j,-0.079984+3.133355j,-0.112012-2.821488j,12.866901
-0.957373+0.231346j,-0.080134+3.134765j,-0.111964-2.822209j,12.876162
-0.957837+0.229886j,-0.080284+3.136175j,-0.111917-2.822931j,12.885426
-0.958299+0.228426j,-0.080434+3.137586j,-0.111870-2.823653j,12.894694
-0.958758+0.226965j,-0.080583+3.138996j,-0.111822-2.824374j,12.903965
-0.959215+0.225503j,-0.080733+3.140407j,-0.111775-2.825096j,12.913239
-0.959670+0.224040j,-0.080883+3.141817j,-0.111728-2.825818j,12.922516
-0.960123+0.222576j,-0.081032+3.143228j,-0.111680-2.826539j,12.931797
-0.960574+0.221112j,-0.081182+3.144639j,-0.111633-2.827261j,12.941081
-0.961022+0.219646j,-0.081331+3.146050j,-0.111586-2.827983j,12.950368
-0.961469+0.218180j,-0.081480+3.147461j,-0.111538-2.828704j,12.959659
-0.961913+0.216713j,-0.081630+3.148872j,-0.111491-2.829426j,12.968953
-0.962354+0.215245j,-0.081779+3.150283j,-0.111444-2.830148j,12.978250
-0.962794+0.213776j,-0.081928+3.151694j,-0.111396-2.830869j,12.987551
-0.963231+0.212306j,-0.082077+3.153105j,-0.111349-2.831591j,12.996855
-0.963666+0.210836j,-0.082225+3.154516j,-0.111302-2.832313j,13.006162
-0.964099+0.209364j,-0.082374+3.155928j,-0.111254-2.833035j,13.015472
-0.964530+0.207892j,-0.082523+3.157339j,-0.111207-2.833756j,13.024786
-0.964958+0.206419j,-0.082671+3.158750j,-0.111160-2.834478j,13.034103
-0.965384+0.204945j,-0.082820+3.160162j,-0.111113-2.835200j,13.043424
-0.965808+0.203470j,-0.082968+3.161574j,-0.111065-2.835921j,13.052748
-0.966230+0.201995j,-0.083117+3.162985j,-0.111018-2.836643j,13.062075
-0.966649+0.200519j,-0.083265+3.164397j,-0.110971-2.837365j,13.071405
-0.967066+0.199041j,-0.083413+3.165809j,-0.110924-2.838087j,13.080739
-0.967481+0.197564j,-0.083561+3.167221j,-0.110877-2.838808j,13.090076
-0.967894+0.196085j,-0.083709+3.168633j,-0.110829-2.839530j,13.099416
-0.968304+0.194605j,-0.083857+3.170045j,-0.110782-2.840252j,13.108760
-0.968712+0.193125j,-0.084005+3.171457j,-0.110735-2.840974j,13.118107
-0.969118+0.191644j,-0.084153+3.172869j,-0.110688-2.841695j,13.127458
-0.969522+0.190162j,-0.084300+3.174281j,-0.110641-2.842417j,13.136811
-0.969923+0.188679j,-0.084448+3.175693j,-0.110593-2.843139j,13.146168
-0.970322+0.187196j,-0.084595+3.177105j,-0.110546-2.843861j,13.155528
-0.970719+0.185711j,-0.084743+3.178518j,-0.110499-2.844582j,13.164892
-0.971114+0.184226j,-0.084890+3.179930j,-0.110452-2.845304j,13.174259
-0.971506+0.182740j,-0.085038+3.181343j,-0.110405-2.846026j,13.183629
-0.971896+0.181254j,-0.085185+3.182755j,-0.110358-2.846748j,13.193003
-0.972284+0.179766j,-0.085332+3.184168j,-0.110310-2.847469j,13.202380
-0.972670+0.178278j,-0.085479+3.185580j,-0.110263-2.848191j,13.211760
-0.973053+0.176789j,-0.085626+3.186993j,-0.110216-2.848913j,13.221143
-0.973434+0.175300j,-0.085773+3.188406j,-0.110169-2.849635j,13.230530
-0.973813+0.173809j,-0.085920+3.189819j,-0.110122-2.850357j,13.239920
-0.974190+0.172318j,-0.086067+3.191232j,-0.110075-2.851078j,13.249314
-0.974564+0.170826j,-0.086213+3.192644j,-0.110028-2.851800j,13.258710
-0.974936+0.169333j,-0.086360+3.194057j,-0.109981-2.852522j,13.268110
-0.975305+0.167840j,-0.086507+3.195470j,-0.109933-2.853244j,13.277514
-0.975673+0.166346j,-0.086653+3.196884j,-0.109886-2.853966j,13.286921
-0.976038+0.164851j,-0.086800+3.198297j,-0.109839-2.854687j,13.296331
-0.976401+0.163355j,-0.086946+3.199710j,-0.109792-2.855409j,13.305744
-0.976761+0.161859j,-0.087092+3.201123j,-0.109745-2.856131j,13.315161
-0.977120+0.160362j,-0.087239+3.202536j,-0.109698-2.856853j,13.324581
-0.977476+0.158864j,-0.087385+3.203950j,-0.109651-2.857575j,13.334004
-0.977830+0.157365j,-0.087531+3.205363j,-0.109604-2.858296j,13.343431
-0.978181+0.155866j,-0.087677+3.206776j,-0.109557-2.859018j,13.352860
-0.978530+0.154366j,-0.087823+3.208190j,-0.109510-2.859740j,13.362294
-0.978877+0.152866j,-0.087969+3.209603j,-0.109463-2.860462j,13.371730
-0.979222+0.151364j,-0.088115+3.211017j,-0.109416-2.861184j,13.381170
-0.979564+0.149862j,-0.088261+3.212431j,-0.109369-2.861906j,13.390613
-0.979904+0.148360j,-0.088407+3.213844j,-0.109322-2.862627j,13.400060
-0.980242+0.146856j,-0.088552+3.215258j,-0.109275-2.863349j,13.409510
-0.980577+0.145352j,-0.088698+3.216672j,-0.109228-2.864071j,13.418963
-0.980910+0.143847j,-0.088844+3.218086j,-0.109181-2.864793j,13.428419
-0.981241+0.142342j,-0.088989+3.219499j,-0.109134-2.865515j,13.437879
-0.981570+0.140836j,-0.089135+3.220913j,-0.109087-2.866237j,13.447342
-0.981896+0.139329j,-0.089280+3.222327j,-0.109040-2.866958j,13.456809
-0.982220+0.137821j,-0.089425+3.223741j,-0.108993-2.867680j,13.466279
-0.982541+0.136313j,-0.089571+3.225155j,-0.108946-2.868402j,13.475752
-0.982861+0.134804j,-0.089716+3.226569j,-0.108899-2.869124j,13.485228
-0.983178+0.133295j,-0.089861+3.227983j,-0.108852-2.869846j,13.494708
-0.983492+0.131785j,-0.090006+3.229397j,-0.108805-2.870568j,13.504191
-0.983805+0.130274j,-0.090151+3.230812j,-0.108758-2.871289j,13.513677
-0.984115+0.128762j,-0.090296+3.232226j,-0.108711-2.872011j,13.523167
-0.984423+0.127250j,-0.090441+3.233640j,-0.108664-2.872733j,13.532660
-0.984728+0.125737j,-0.090586+3.235054j,-0.108617-2.873455j,13.542156
-0.985031+0.124224j,-0.090731+3.236469j,-0.108570-2.874177j,13.551656
-0.985332+0.122710j,-0.090876+3.237883j,-0.108523-2.874899j,13.561159
-0.985631+0.121195j,-0.091021+3.239297j,-0.108476-2.875621j,13.570665
-0.985927+0.119680j,-0.091166+3.240712j,-0.108429-2.876342j,13.580175
-0.986221+0.118164j,-0.091310+3.242126j,-0.108382-2.877064j,13.589688
-0.986512+0.116648j,-0.091455+3.243541j,-0.108335-2.877786j,13.599204
-0.986802+0.115130j,-0.091600+3.244955j,-0.108288-2.878508j,13.608724
-0.987089+0.113613j,-0.091744+3.246370j,-0.108241-2.879230j,13.618246
-0.987373+0.112094j,-0.091889+3.247785j,-0.108194-2.879952j,13.627773
-0.987655+0.110575j,-0.092033+3.249199j,-0.108148-2.880674j,13.637302
-0.987935+0.109056j,-0.092178+3.250614j,-0.108101-2.881395j,13.646835
-0.988213+0.107536j,-0.092322+3.252029j,-0.108054-2.882117j,13.656371
-0.988488+0.106015j,-0.092466+3.253443j,-0.108007-2.882839j,13.665911
-0.988761+0.104493j,-0.092611+3.254858j,-0.107960-2.883561j,13.675453
-0.989032+0.102971j,-0.092755+3.256273j,-0.107913-2.884283j,13.685000
-0.989300+0.101449j,-0.092899+3.257688j,-0.107866-2.885005j,13.694549
-0.989566+0.099926j,-0.093043+3.259102j,-0.107819-2.885727j,13.704102
-0.989830+0.098402j,-0.093188+3.260517j,-0.107772-2.886448j,13.713658
-0.990091+0.096878j,-0.093332+3.261932j,-0.107725-2.887170j,13.723217
-0.990350+0.095353j,-0.093476+3.263347j,-0.107678-2.887892j,13.732780
-0.990607+0.093827j,-0.093620+3.264762j,-0.107632-2.888614j,13.742346
-0.990861+0.092301j,-0.093764+3.266177j,-0.107585-2.889336j,13.751916
-0.991113+0.090775j,-0.093908+3.267592j,-0.107538-2.890058j,13.761488
-0.991363+0.089248j,-0.094052+3.269007j,-0.107491-2.890779j,13.771064
-0.991610+0.087720j,-0.094196+3.270422j,-0.107444-2.891501j,13.780644
-0.991855+0.086192j,-0.094339+3.271837j,-0.107397-2.892223j,13.790226
-0.992098+0.084663j,-0.094483+3.273252j,-0.107350-2.892945j,13.799812
-0.992338+0.083133j,-0.094627+3.274667j,-0.107303-2.893667j,13.809402
-0.992576+0.081604j,-0.094771+3.276082j,-0.107257-2.894388j,13.818994
-0.992812+0.080073j,-0.094915+3.277498j,-0.107210-2.895110j,13.828590
-0.993045+0.078542j,-0.095058+3.278913j,-0.107163-2.895832j,13.838189
-0.993276+0.077011j,-0.095202+3.280328j,-0.107116-2.896554j,13.847792
-0.993504+0.075479j,-0.095346+3.281743j,-0.107069-2.897276j,13.857398
-0.993730+0.073946j,-0.095489+3.283158j,-0.107022-2.897997j,13.867007
-0.993954+0.072413j,-0.095633+3.284573j,-0.106975-2.898719j,13.876620
-0.994176+0.070880j,-0.095776+3.285989j,-0.106928-2.899441j,13.886236
-0.994395+0.069346j,-0.095920+3.287404j,-0.106882-2.900163j,13.895855
-0.994612+0.067811j,-0.096063+3.288819j,-0.106835-2.900884j,13.905477
-0.994826+0.066276j,-0.096207+3.290234j,-0.106788-2.901606j,13.915103
-0.995038+0.064740j,-0.096350+3.291650j,-0.106741-2.902328j,13.924732
-0.995248+0.063204j,-0.096494+3.293065j,-0.106694-2.903049j,13.934365
-0.995455+0.061668j,-0.096637+3.294480j,-0.106647-2.903771j,13.944001
-0.995660+0.060131j,-0.096781+3.295895j,-0.106600-2.904493j,13.953640
-0.995863+0.058593j,-0.096924+3.297311j,-0.106553-2.905214j,13.963282
-0.996063+0.057055j,-0.097067+3.298726j,-0.106507-2.905936j,13.972928
-0.996261+0.055516j,-0.097211+3.300141j,-0.106460-2.906658j,13.982577
-0.996456+0.053977j,-0.097354+3.301556j,-0.106413-2.907379j,13.992230
-0.996649+0.052438j,-0.097497+3.302972j,-0.106366-2.908101j,14.001885
-0.996840+0.050898j,-0.097641+3.304387j,-0.106319-2.908822j,14.011544
-0.997029+0.049358j,-0.097784+3.305802j,-0.106272-2.909544j,14.021207
-0.997215+0.047817j,-0.097927+3.307217j,-0.106225-2.910265j,14.030872
-0.997398+0.046276j,-0.098071+3.308632j,-0.106178-2.910987j,14.040541
-0.997580+0.044734j,-0.098214+3.310048j,-0.106131-2.911708j,14.050214
-0.997759+0.043192j,-0.098357+3.311463j,-0.106085-2.912429j,14.059889
-0.997935+0.041649j,-0.098500+3.312878j,-0.106038-2.913151j,14.069568
-0.998109+0.040106j,-0.098644+3.314293j,-0.105991-2.913872j,14.079251
-0.998109+0.040106j,-0.098644+3.314293j,-0.105991-2.913872j,14.079251
-0.998610+0.040146j,-0.098187+3.314353j,-0.106224-2.913894j,14.082383
-0.999112+0.040181j,-0.097732+3.314419j,-0.106456-2.913919j,14.085514
-0.999614+0.040209j,-0.097278+3.314491j,-0.106688-2.913947j,14.088644
-1.000116+0.040231j,-0.096825+3.314568j,-0.106919-2.913979j,14.091771
-1.000618+0.040246j,-0.096373+3.314651j,-0.107150-2.914012j,14.094898
-1.001121+0.040256j,-0.095923+3.314740j,-0.107381-2.914049j,14.098023
-1.001624+0.040258j,-0.095474+3.314834j,-0.107610-2.914089j,14.101146
-1.002126+0.040255j,-0.095026+3.314934j,-0.107839-2.914132j,14.104268
-1.002629+0.040245j,-0.094580+3.315039j,-0.108068-2.914177j,14.107388
-1.003131+0.040229j,-0.094136+3.315150j,-0.108296-2.914225j,14.110507
-1.003633+0.040207j,-0.093693+3.315267j,-0.108523-2.914276j,14.113625
-1.004135+0.040178j,-0.093252+3.315389j,-0.108749-2.914330j,14.116741
-1.004637+0.040143j,-0.092812+3.315516j,-0.108974-2.914387j,14.119855
-1.005137+0.040102j,-0.092375+3.315649j,-0.109199-2.914447j,14.122968
-1.005638+0.040054j,-0.091939+3.315787j,-0.109423-2.914509j,14.126080
-1.006138+0.040000j,-0.091505+3.315931j,-0.109646-2.914574j,14.129190
-1.006637+0.039940j,-0.091074+3.316080j,-0.109868-2.914642j,14.132299
-1.007135+0.039874j,-0.090644+3.316234j,-0.110089-2.914712j,14.135407
-1.007632+0.039801j,-0.090217+3.316393j,-0.110308-2.914786j,14.138513
-1.008129+0.039722j,-0.089792+3.316558j,-0.110527-2.914862j,14.141617
-1.008624+0.039637j,-0.089369+3.316728j,-0.110745-2.914940j,14.144720
-1.009118+0.039545j,-0.088949+3.316903j,-0.110962-2.915022j,14.147822
-1.009611+0.039448j,-0.088530+3.317083j,-0.111178-2.915106j,14.150923
-1.010103+0.039344j,-0.088115+3.317268j,-0.111392-2.915192j,14.154022
-1.010594+0.039234j,-0.087702+3.317459j,-0.111605-2.915281j,14.157119
-1.011083+0.039118j,-0.087291+3.317654j,-0.111817-2.915373j,14.160216
-1.011570+0.038996j,-0.086884+3.317855j,-0.112028-2.915468j,14.163311
-1.012056+0.038868j,-0.086478+3.318060j,-0.112238-2.915565j,14.166405
-1.012541+0.038733j,-0.086076+3.318270j,-0.112446-2.915664j,14.169497
-1.013023+0.038593j,-0.085677+3.318486j,-0.112652-2.915766j,14.172588
-1.013504+0.038446j,-0.085280+3.318706j,-0.112858-2.915871j,14.175678
-1.013983+0.038293j,-0.084886+3.318931j,-0.113062-2.915978j,14.178767
-1.014460+0.038135j,-0.084496+3.319160j,-0.113265-2.916088j,14.181854
-1.014935+0.037970j,-0.084108+3.319394j,-0.113466-2.916200j,14.184940
-1.015408+0.037800j,-0.083723+3.319633j,-0.113665-2.916314j,14.188025
-1.015878+0.037623j,-0.083342+3.319877j,-0.113864-2.916431j,14.191109
-1.016347+0.037441j,-0.082964+3.320125j,-0.114060-2.916551j,14.194191
-1.016813+0.037253j,-0.082589+3.320378j,-0.114255-2.916672j,14.197272
-1.017277+0.037058j,-0.082217+3.320635j,-0.114449-2.916796j,14.200352
-1.017738+0.036859j,-0.081849+3.320897j,-0.114640-2.916923j,14.203431
-1.018196+0.036653j,-0.081484+3.321163j,-0.114830-2.917051j,14.206509
-1.018652+0.036442j,-0.081123+3.321434j,-0.115019-2.917182j,14.209585
-1.019106+0.036224j,-0.080765+3.321708j,-0.115206-2.917315j,14.212661
-1.019556+0.036002j,-0.080411+3.321988j,-0.115391-2.917451j,14.215735
-1.020004+0.035773j,-0.080060+3.322271j,-0.115574-2.917589j,14.218808
-1.020449+0.035539j,-0.079713+3.322558j,-0.115755-2.917728j,14.221880
-1.020891+0.035299j,-0.079370+3.322850j,-0.115935-2.917870j,14.224951
-1.021330+0.035054j,-0.079030+3.323146j,-0.116113-2.918015j,14.228021
-1.021765+0.034804j,-0.078695+3.323446j,-0.116289-2.918161j,14.231090
-1.022198+0.034547j,-0.078363+3.323749j,-0.116463-2.918309j,14.234157
-1.022627+0.034286j,-0.078035+3.324057j,-0.116635-2.918460j,14.237224
-1.023053+0.034019j,-0.077711+3.324368j,-0.116805-2.918612j,14.240290
-1.023475+0.033747j,-0.077391+3.324684j,-0.116973-2.918767j,14.243354
-1.023895+0.033469j,-0.077075+3.325003j,-0.117140-2.918923j,14.246418
-1.024310+0.033186j,-0.076763+3.325326j,-0.117304-2.919082j,14.249481
-1.024722+0.032898j,-0.076455+3.325653j,-0.117466-2.919242j,14.252543
-1.025130+0.032605j,-0.076151+3.325983j,-0.117627-2.919405j,14.255603
-1.025535+0.032307j,-0.075851+3.326317j,-0.117785-2.919569j,14.258663
-1.025936+0.032004j,-0.075556+3.326654j,-0.117941-2.919735j,14.261722
-1.026333+0.031695j,-0.075265+3.326995j,-0.118095-2.919903j,14.264780
-1.026726+0.031382j,-0.074978+3.327339j,-0.118247-2.920073j,14.267838
-1.027115+0.031064j,-0.074696+3.327686j,-0.118397-2.920244j,14.270894
-1.027500+0.030741j,-0.074418+3.328037j,-0.118544-2.920418j,14.273949
-1.027881+0.030413j,-0.074144+3.328391j,-0.118690-2.920593j,14.277004
-1.028258+0.030080j,-0.073875+3.328749j,-0.118833-2.920770j,14.280058
-1.028631+0.029743j,-0.073610+3.329109j,-0.118974-2.920948j,14.283111
-1.028999+0.029401j,-0.073350+3.329473j,-0.119113-2.921128j,14.286163
-1.029363+0.029055j,-0.073094+3.329839j,-0.119249-2.921310j,14.289214
-1.029723+0.028703j,-0.072843+3.330209j,-0.119384-2.921493j,14.292265
-1.030078+0.028348j,-0.072596+3.330581j,-0.119516-2.921678j,14.295315
-1.030429+0.027988j,-0.072355+3.330957j,-0.119645-2.921864j,14.298364
-1.030775+0.027623j,-0.072117+3.331335j,-0.119773-2.922052j,14.301412
-1.031116+0.027254j,-0.071885+3.331716j,-0.119898-2.922242j,14.304460
-1.031453+0.026881j,-0.071657+3.332099j,-0.120020-2.922433j,14.307507
-1.031786+0.026504j,-0.071434+3.332486j,-0.120140-2.922625j,14.310553
-1.032113+0.026123j,-0.071216+3.332874j,-0.120258-2.922819j,14.313599
-1.032436+0.025737j,-0.071002+3.333266j,-0.120374-2.923014j,14.316644
-1.032753+0.025348j,-0.070794+3.333659j,-0.120487-2.923210j,14.319689
-1.033066+0.024954j,-0.070590+3.334055j,-0.120598-2.923408j,14.322732
-1.033374+0.024557j,-0.070391+3.334454j,-0.120706-2.923607j,14.325776
-1.033677+0.024156j,-0.070197+3.334855j,-0.120812-2.923807j,14.328818
-1.033975+0.023751j,-0.070008+3.335258j,-0.120915-2.924009j,14.331861
-1.034267+0.023342j,-0.069824+3.335663j,-0.121016-2.924211j,14.334902
-1.034555+0.022930j,-0.069645+3.336070j,-0.121114-2.924415j,14.337943
-1.034837+0.022514j,-0.069471+3.336479j,-0.121210-2.924620j,14.340984
-1.035114+0.022095j,-0.069302+3.336891j,-0.121303-2.924826j,14.344024
-1.035386+0.021672j,-0.069138+3.337304j,-0.121394-2.925033j,14.347064
-1.035652+0.021245j,-0.068979+3.337719j,-0.121482-2.925241j,14.350103
-1.035913+0.020816j,-0.068826+3.338136j,-0.121568-2.925450j,14.353142
-1.036169+0.020383j,-0.068677+3.338554j,-0.121651-2.925660j,14.356180
-1.036419+0.019947j,-0.068533+3.338975j,-0.121731-2.925871j,14.359218
-1.036664+0.019508j,-0.068395+3.339397j,-0.121809-2.926083j,14.362255
-1.036903+0.019066j,-0.068262+3.339820j,-0.121885-2.926296j,14.365293
-1.037136+0.018621j,-0.068133+3.340245j,-0.121957-2.926510j,14.368329
-1.037364+0.018173j,-0.068010+3.340671j,-0.122028-2.926724j,14.371366
-1.037587+0.017722j,-0.067893+3.341099j,-0.122095-2.926940j,14.374402
-1.037803+0.017268j,-0.067780+3.341528j,-0.122160-2.927156j,14.377438
-1.038014+0.016812j,-0.067673+3.341958j,-0.122222-2.927373j,14.380473
-1.038219+0.016353j,-0.067571+3.342390j,-0.122282-2.927590j,14.383509
-1.038419+0.015892j,-0.067474+3.342823j,-0.122339-2.927808j,14.386544
-1.038612+0.015428j,-0.067382+3.343256j,-0.122393-2.928027j,14.389579
-1.038800+0.014962j,-0.067296+3.343691j,-0.122445-2.928247j,14.392613
-1.038982+0.014493j,-0.067215+3.344127j,-0.122494-2.928467j,14.395648
-1.039158+0.014022j,-0.067139+3.344563j,-0.122541-2.928687j,14.398682
-1.039328+0.013549j,-0.067069+3.345001j,-0.122584-2.928908j,14.401716
-1.039492+0.013074j,-0.067004+3.345439j,-0.122625-2.929130j,14.404750
-1.039650+0.012597j,-0.066944+3.345877j,-0.122664-2.929352j,14.407784
-1.039802+0.012118j,-0.066890+3.346317j,-0.122699-2.929574j,14.410818
-1.039948+0.011637j,-0.066840+3.346757j,-0.122732-2.929797j,14.413852
-1.040088+0.011154j,-0.066797+3.347197j,-0.122763-2.930020j,14.416885
-1.040222+0.010669j,-0.066758+3.347638j,-0.122790-2.930244j,14.419919
-1.040349+0.010183j,-0.066725+3.348080j,-0.122815-2.930467j,14.422952
-1.040471+0.009696j,-0.066697+3.348521j,-0.122837-2.930691j,14.425986
-1.040586+0.009206j,-0.066674+3.348963j,-0.122857-2.930916j,14.429019
-1.040696+0.008716j,-0.066657+3.349405j,-0.122873-2.931140j,14.432053
-1.040799+0.008224j,-0.066646+3.349848j,-0.122887-2.931365j,14.435086
-1.040896+0.007731j,-0.066639+3.350290j,-0.122899-2.931589j,14.438120
-1.040987+0.007236j,-0.066638+3.350732j,-0.122907-2.931814j,14.441153
-1.041071+0.006741j,-0.066642+3.351174j,-0.122913-2.932039j,14.444187
-1.041150+0.006244j,-0.066652+3.351617j,-0.122916-2.932264j,14.447221
-1.041222+0.005747j,-0.066667+3.352059j,-0.122917-2.932489j,14.450255
-1.041288+0.005249j,-0.066687+3.352500j,-0.122914-2.932714j,14.453289
-1.041347+0.004749j,-0.066712+3.352942j,-0.122910-2.932939j,14.456323
-1.041401+0.004250j,-0.066743+3.353383j,-0.122902-2.933163j,14.459358
-1.041448+0.003749j,-0.066779+3.353824j,-0.122891-2.933388j,14.462392
-1.041488+0.003248j,-0.066821+3.354264j,-0.122878-2.933613j,14.465427
-1.041523+0.002747j,-0.066868+3.354703j,-0.122863-2.933837j,14.468462
-1.041551+0.002245j,-0.066920+3.355142j,-0.122844-2.934061j,14.471497
-1.041573+0.001743j,-0.066977+3.355581j,-0.122823-2.934285j,14.474533
-1.041588+0.001240j,-0.067040+3.356018j,-0.122799-2.934509j,14.477569
-1.041597+0.000738j,-0.067108+3.356455j,-0.122772-2.934732j,14.480605
-1.041600+0.000235j,-0.067181+3.356891j,-0.122743-2.934955j,14.483641
-1.041597-0.000268j,-0.067260+3.357326j,-0.122711-2.935177j,14.486678
-1.041587-0.000770j,-0.067344+3.357760j,-0.122676-2.935399j,14.489715
-1.041571-0.001273j,-0.067433+3.358193j,-0.122639-2.935621j,14.492752
-1.041548-0.001775j,-0.067527+3.358625j,-0.122599-2.935842j,14.495790
-1.041520-0.002277j,-0.067626+3.359056j,-0.122556-2.936063j,14.498828
-1.041485-0.002778j,-0.067731+3.359485j,-0.122511-2.936284j,14.501867
-1.041443-0.003279j,-0.067841+3.359914j,-0.122463-2.936503j,14.504906
-1.041396-0.003779j,-0.067956+3.360341j,-0.122413-2.936722j,14.507946
-1.041342-0.004279j,-0.068076+3.360766j,-0.122359-2.936941j,14.510986
-1.041282-0.004778j,-0.068201+3.361190j,-0.122303-2.937159j,14.514026
-1.041215-0.005276j,-0.068331+3.361613j,-0.122245-2.937376j,14.517067
-1.041143-0.005774j,-0.068467+3.362034j,-0.122184-2.937592j,14.520108
-1.041064-0.006270j,-0.068608+3.362453j,-0.122120-2.937808j,14.523150
-1.040979-0.006766j,-0.068753+3.362871j,-0.122054-2.938023j,14.526193
-1.040887-0.007260j,-0.068904+3.363286j,-0.121985-2.938237j,14.529236
-1.040790-0.007753j,-0.069060+3.363700j,-0.121913-2.938450j,14.532280
-1.040686-0.008245j,-0.069220+3.364113j,-0.121839-2.938663j,14.535324
-1.040576-0.008735j,-0.069386+3.364523j,-0.121762-2.938874j,14.538369
-1.040460-0.009224j,-0.069557+3.364931j,-0.121683-2.939085j,14.541414
-1.040338-0.009712j,-0.069732+3.365337j,-0.121601-2.939295j,14.544460
-1.040209-0.010198j,-0.069913+3.365741j,-0.121517-2.939503j,14.547507
-1.040075-0.010682j,-0.070098+3.366143j,-0.121430-2.939711j,14.550555
-1.039934-0.011165j,-0.070289+3.366543j,-0.121341-2.939917j,14.553603
-1.039788-0.011646j,-0.070484+3.366940j,-0.121249-2.940123j,14.556652
-1.039635-0.012125j,-0.070684+3.367335j,-0.121155-2.940328j,14.559701
-1.039477-0.012601j,-0.070888+3.367728j,-0.121058-2.940531j,14.562752
-1.039312-0.013076j,-0.071098+3.368118j,-0.120959-2.940733j,14.565803
-1.039141-0.013549j,-0.071312+3.368506j,-0.120857-2.940934j,14.568854
-1.038965-0.014020j,-0.071531+3.368891j,-0.120753-2.941134j,14.571907
-1.038783-0.014488j,-0.071755+3.369274j,-0.120646-2.941332j,14.574960
-1.038594-0.014954j,-0.071983+3.369653j,-0.120537-2.941529j,14.578015
-1.038400-0.015418j,-0.072216+3.370031j,-0.120426-2.941725j,14.581070
-1.038200-0.015879j,-0.072454+3.370405j,-0.120312-2.941920j,14.584126
-1.037995-0.016338j,-0.072696+3.370776j,-0.120196-2.942113j,14.587182
-1.037783-0.016794j,-0.072942+3.371145j,-0.120077-2.942305j,14.590240
-1.037566-0.017247j,-0.073193+3.371511j,-0.119957-2.942496j,14.593298
-1.037343-0.017698j,-0.073449+3.371873j,-0.119833-2.942685j,14.596358
-1.037115-0.018146j,-0.073709+3.372233j,-0.119708-2.942872j,14.599418
-1.036881-0.018590j,-0.073973+3.372589j,-0.119580-2.943058j,14.602479
-1.036641-0.019032j,-0.074242+3.372943j,-0.119450-2.943243j,14.605542
-1.036396-0.019471j,-0.074515+3.373293j,-0.119318-2.943426j,14.608605
-1.036145-0.019907j,-0.074793+3.373640j,-0.119183-2.943607j,14.611669
-1.035889-0.020339j,-0.075074+3.373983j,-0.119047-2.943787j,14.614734
-1.035628-0.020768j,-0.075360+3.374323j,-0.118908-2.943965j,14.617800
-1.035361-0.021194j,-0.075650+3.374660j,-0.118767-2.944141j,14.620867
-1.035089-0.021617j,-0.075944+3.374993j,-0.118623-2.944316j,14.623935
-1.034811-0.022036j,-0.076243+3.375323j,-0.118478-2.944489j,14.627004
-1.034528-0.022452j,-0.076545+3.375649j,-0.118330-2.944660j,14.630075
-1.034240-0.022864j,-0.076851+3.375972j,-0.118181-2.944830j,14.633146
-1.033947-0.023272j,-0.077162+3.376291j,-0.118029-2.944998j,14.636218
-1.033649-0.023677j,-0.077476+3.376606j,-0.117875-2.945164j,14.639292
-1.033346-0.024077j,-0.077794+3.376917j,-0.117719-2.945328j,14.642366
-1.033037-0.024474j,-0.078116+3.377225j,-0.117561-2.945490j,14.645442
-1.032724-0.024867j,-0.078442+3.377528j,-0.117402-2.945650j,14.648519
-1.032406-0.025257j,-0.078771+3.377828j,-0.117240-2.945809j,14.651597
-1.032083-0.025642j,-0.079105+3.378124j,-0.117076-2.945965j,14.654676
-1.031755-0.026023j,-0.079442+3.378416j,-0.116910-2.946120j,14.657756
-1.031422-0.026400j,-0.079782+3.378704j,-0.116742-2.946272j,14.660838
-1.031085-0.026772j,-0.080127+3.378987j,-0.116573-2.946423j,14.663920
-1.030743-0.027141j,-0.080474+3.379267j,-0.116401-2.946571j,14.667004
-1.030396-0.027505j,-0.080826+3.379542j,-0.116228-2.946718j,14.670089
-1.030045-0.027864j,-0.081180+3.379814j,-0.116053-2.946862j,14.673175
-1.029690-0.028219j,-0.081539+3.380081j,-0.115876-2.947004j,14.676263
-1.029329-0.028570j,-0.081900+3.380343j,-0.115697-2.947144j,14.679352
-1.028965-0.028916j,-0.082265+3.380601j,-0.115517-2.947282j,14.682442
-1.028596-0.029258j,-0.082633+3.380855j,-0.115334-2.947418j,14.685533
-1.028223-0.029595j,-0.083004+3.381105j,-0.115151-2.947552j,14.688626
-1.027846-0.029927j,-0.083378+3.381349j,-0.114965-2.947683j,14.691719
-1.027465-0.030254j,-0.083756+3.381590j,-0.114778-2.947812j,14.694814
-1.027079-0.030577j,-0.084136+3.381826j,-0.114589-2.947939j,14.697911
-1.026690-0.030895j,-0.084520+3.382057j,-0.114398-2.948063j,14.701009
-1.026296-0.031208j,-0.084906+3.382284j,-0.114206-2.948186j,14.704108
-1.025899-0.031515j,-0.085296+3.382505j,-0.114013-2.948306j,14.707208
-1.025498-0.031818j,-0.085688+3.382723j,-0.113817-2.948423j,14.710310
-1.025093-0.032116j,-0.086083+3.382935j,-0.113621-2.948538j,14.713413
-1.024684-0.032409j,-0.086481+3.383143j,-0.113423-2.948651j,14.716518
-1.024272-0.032696j,-0.086881+3.383346j,-0.113223-2.948762j,14.719623
-1.023856-0.032978j,-0.087284+3.383544j,-0.113022-2.948870j,14.722731
-1.023436-0.033256j,-0.087689+3.383737j,-0.112820-2.948975j,14.725839
-1.023013-0.033527j,-0.088098+3.383925j,-0.112616-2.949079j,14.728949
-1.022587-0.033794j,-0.088508+3.384108j,-0.112411-2.949179j,14.732061
-1.022158-0.034055j,-0.088921+3.384286j,-0.112205-2.949277j,14.735174
-1.021725-0.034310j,-0.089336+3.384460j,-0.111997-2.949373j,14.738288
-1.021289-0.034560j,-0.089754+3.384628j,-0.111788-2.949466j,14.741404
-1.020850-0.034805j,-0.090173+3.384791j,-0.111578-2.949557j,14.744521
-1.020408-0.035044j,-0.090595+3.384949j,-0.111367-2.949645j,14.747639
-1.019963-0.035278j,-0.091019+3.385101j,-0.111154-2.949730j,14.750759
-1.019515-0.035506j,-0.091445+3.385249j,-0.110941-2.949813j,14.753881
-1.019064-0.035728j,-0.091873+3.385391j,-0.110726-2.949893j,14.757004
-1.018610-0.035945j,-0.092303+3.385528j,-0.110510-2.949971j,14.760128
-1.018154-0.036156j,-0.092734+3.385660j,-0.110293-2.950046j,14.763254
-1.017695-0.036361j,-0.093168+3.385787j,-0.110076-2.950118j,14.766382
-1.017234-0.036560j,-0.093603+3.385908j,-0.109857-2.950188j,14.769511
-1.016770-0.036754j,-0.094040+3.386024j,-0.109637-2.950255j,14.772641
-1.016303-0.036941j,-0.094478+3.386135j,-0.109417-2.950319j,14.775773
-1.015835-0.037123j,-0.094918+3.386240j,-0.109195-2.950380j,14.778906
-1.015364-0.037299j,-0.095359+3.386340j,-0.108973-2.950439j,14.782041
-1.014891-0.037469j,-0.095802+3.386434j,-0.108750-2.950495j,14.785177
-1.014416-0.037633j,-0.096246+3.386523j,-0.108526-2.950549j,14.788315
-1.013939-0.037791j,-0.096692+3.386606j,-0.108301-2.950599j,14.791455
-1.013460-0.037943j,-0.097138+3.386684j,-0.108076-2.950647j,14.794596
-1.012979-0.038089j,-0.097586+3.386756j,-0.107850-2.950692j,14.797738
-1.012496-0.038229j,-0.098035+3.386823j,-0.107623-2.950734j,14.800882
-1.012011-0.038363j,-0.098485+3.386884j,-0.107396-2.950774j,14.804028
-1.011525-0.038491j,-0.098936+3.386940j,-0.107168-2.950810j,14.807175
-1.011037-0.038612j,-0.099387+3.386990j,-0.106940-2.950844j,14.810324
-1.010548-0.038728j,-0.099840+3.387035j,-0.106711-2.950875j,14.813474
-1.010058-0.038837j,-0.100293+3.387074j,-0.106481-2.950903j,14.816626
-1.009566-0.038940j,-0.100747+3.387107j,-0.106251-2.950928j,14.819779
-1.009072-0.039037j,-0.101201+3.387134j,-0.106021-2.950950j,14.822934
-1.008578-0.039128j,-0.101656+3.387156j,-0.105791-2.950970j,14.826090
-1.008083-0.039213j,-0.102111+3.387173j,-0.105560-2.950987j,14.829248
-1.007586-0.039291j,-0.102567+3.387183j,-0.105328-2.951000j,14.832408
-1.007089-0.039363j,-0.103023+3.387188j,-0.105097-2.951011j,14.835569
-1.006590-0.039429j,-0.103480+3.387187j,-0.104865-2.951019j,14.838731
-1.006091-0.039489j,-0.103936+3.387181j,-0.104633-2.951024j,14.841895
-1.005591-0.039542j,-0.104393+3.387169j,-0.104401-2.951026j,14.845061
-1.005091-0.039589j,-0.104850+3.387151j,-0.104169-2.951026j,14.848229
-1.004590-0.039630j,-0.105306+3.387127j,-0.103936-2.951022j,14.851397
-1.004088-0.039664j,-0.105763+3.387098j,-0.103704-2.951015j,14.854568
-1.003587-0.039692j,-0.106219+3.387063j,-0.103472-2.951006j,14.857740
-1.003084-0.039714j,-0.106675+3.387022j,-0.103239-2.950994j,14.860913
-1.002582-0.039730j,-0.107131+3.386975j,-0.103007-2.950978j,14.864088
-1.002079-0.039739j,-0.107586+3.386923j,-0.102775-2.950960j,14.867265
-1.001577-0.039742j,-0.108041+3.386865j,-0.102543-2.950939j,14.870443
-1.001074-0.039738j,-0.108496+3.386801j,-0.102311-2.950915j,14.873623
-1.000572-0.039728j,-0.108950+3.386731j,-0.102079-2.950888j,14.876804
-1.000069-0.039712j,-0.109403+3.386656j,-0.101848-2.950858j,14.879987
-0.999567-0.039690j,-0.109855+3.386575j,-0.101617-2.950825j,14.883171
-0.999065-0.039661j,-0.110306+3.386488j,-0.101386-2.950789j,14.886357
-0.998564-0.039626j,-0.110757+3.386396j,-0.101155-2.950750j,14.889545
-0.998063-0.039585j,-0.111207+3.386298j,-0.100925-2.950708j,14.892734
-0.997562-0.039537j,-0.111655+3.386194j,-0.100695-2.950664j,14.895924
-0.997063-0.039483j,-0.112103+3.386084j,-0.100466-2.950616j,14.899116
-0.996564-0.039423j,-0.112549+3.385969j,-0.100237-2.950566j,14.902310
-0.996065-0.039357j,-0.112994+3.385848j,-0.100009-2.950512j,14.905505
-0.995568-0.039284j,-0.113438+3.385721j,-0.099782-2.950456j,14.908702
-0.995072-0.039205j,-0.113880+3.385589j,-0.099554-2.950397j,14.911900
-0.994576-0.039120j,-0.114321+3.385451j,-0.099328-2.950335j,14.915099
-0.994082-0.039029j,-0.114760+3.385307j,-0.099102-2.950270j,14.918300
-0.993589-0.038931j,-0.115198+3.385158j,-0.098878-2.950202j,14.921503
-0.993097-0.038827j,-0.115633+3.385003j,-0.098653-2.950131j,14.924707
-0.992607-0.038717j,-0.116068+3.384843j,-0.098430-2.950058j,14.927913
-0.992117-0.038601j,-0.116500+3.384677j,-0.098207-2.949981j,14.931120
-0.991630-0.038479j,-0.116930+3.384505j,-0.097986-2.949902j,14.934328
-0.991144-0.038351j,-0.117359+3.384328j,-0.097765-2.949820j,14.937538
-0.990660-0.038216j,-0.117785+3.384146j,-0.097545-2.949735j,14.940749
-0.990177-0.038076j,-0.118209+3.383957j,-0.097326-2.949647j,14.943962
-0.989696-0.037929j,-0.118631+3.383764j,-0.097109-2.949556j,14.947176
-0.989217-0.037777j,-0.119050+3.383565j,-0.096892-2.949463j,14.950392
-0.988740-0.037618j,-0.119468+3.383360j,-0.096676-2.949366j,14.953609
-0.988265-0.037453j,-0.119883+3.383151j,-0.096462-2.949267j,14.956828
-0.987793-0.037283j,-0.120295+3.382935j,-0.096248-2.949165j,14.960048
-0.987322-0.037106j,-0.120705+3.382715j,-0.096036-2.949061j,14.963269
-0.986853-0.036924j,-0.121112+3.382489j,-0.095825-2.948953j,14.966492
-0.986387-0.036736j,-0.121516+3.382258j,-0.095616-2.948843j,14.969716
-0.985924-0.036542j,-0.121918+3.382022j,-0.095407-2.948730j,14.972941
-0.985463-0.036342j,-0.122317+3.381780j,-0.095201-2.948615j,14.976168
-0.985004-0.036136j,-0.122713+3.381533j,-0.094995-2.948497j,14.979396
-0.984548-0.035925j,-0.123106+3.381281j,-0.094791-2.948376j,14.982625
-0.984095-0.035708j,-0.123495+3.381024j,-0.094588-2.948252j,14.985856
-0.983644-0.035485j,-0.123882+3.380762j,-0.094387-2.948126j,14.989088
-0.983196-0.035256j,-0.124266+3.380495j,-0.094187-2.947997j,14.992321
-0.982751-0.035022j,-0.124646+3.380223j,-0.093989-2.947866j,14.995556
-0.982310-0.034783j,-0.125023+3.379946j,-0.093793-2.947731j,14.998792
-0.981871-0.034537j,-0.125396+3.379663j,-0.093598-2.947595j,15.002029
-0.981435-0.034287j,-0.125766+3.379376j,-0.093405-2.947456j,15.005268
-0.981003-0.034031j,-0.126133+3.379085j,-0.093214-2.947314j,15.008507
-0.980573-0.033769j,-0.126496+3.378788j,-0.093024-2.947170j,15.011748
-0.980147-0.033502j,-0.126855+3.378486j,-0.092836-2.947023j,15.014990
-0.979725-0.033230j,-0.127210+3.378180j,-0.092650-2.946874j,15.018233
-0.979306-0.032952j,-0.127562+3.377869j,-0.092466-2.946722j,15.021478
-0.978890-0.032670j,-0.127910+3.377554j,-0.092283-2.946568j,15.024724
-0.978478-0.032382j,-0.128254+3.377234j,-0.092103-2.946412j,15.027970
-0.978070-0.032089j,-0.128594+3.376909j,-0.091924-2.946253j,15.031218
-0.977665-0.031790j,-0.128930+3.376580j,-0.091748-2.946092j,15.034467
-0.977264-0.031487j,-0.129261+3.376247j,-0.091573-2.945928j,15.037717
-0.976867-0.031179j,-0.129589+3.375909j,-0.091401-2.945762j,15.040969
-0.976474-0.030865j,-0.129912+3.375567j,-0.091230-2.945594j,15.044221
-0.976085-0.030547j,-0.130231+3.375220j,-0.091062-2.945424j,15.047474
-0.975700-0.030224j,-0.130546+3.374869j,-0.090896-2.945251j,15.050729
-0.975319-0.029896j,-0.130856+3.374514j,-0.090732-2.945076j,15.053984
-0.974942-0.029564j,-0.131162+3.374155j,-0.090570-2.944899j,15.057241
-0.974570-0.029226j,-0.131463+3.373792j,-0.090410-2.944720j,15.060498
-0.974201-0.028884j,-0.131760+3.373425j,-0.090253-2.944539j,15.063757
-0.973837-0.028538j,-0.132052+3.373054j,-0.090098-2.944356j,15.067016
-0.973478-0.028187j,-0.132340+3.372679j,-0.089945-2.944170j,15.070277
-0.973122-0.027831j,-0.132622+3.372300j,-0.089795-2.943983j,15.073538
-0.972772-0.027471j,-0.132900+3.371918j,-0.089647-2.943793j,15.076800
-0.972425-0.027106j,-0.133173+3.371532j,-0.089501-2.943602j,15.080063
-0.972084-0.026738j,-0.133441+3.371142j,-0.089358-2.943409j,15.083327
-0.971747-0.026365j,-0.133704+3.370748j,-0.089217-2.943213j,15.086592
-0.971415-0.025987j,-0.133962+3.370351j,-0.089079-2.943016j,15.089858
-0.971087-0.025606j,-0.134215+3.369951j,-0.088943-2.942817j,15.093124
-0.970765-0.025221j,-0.134463+3.369547j,-0.088810-2.942616j,15.096392
-0.970447-0.024831j,-0.134706+3.369140j,-0.088679-2.942414j,15.099660
-0.970134-0.024438j,-0.134943+3.368729j,-0.088551-2.942210j,15.102929
-0.969826-0.024040j,-0.135175+3.368316j,-0.088426-2.942003j,15.106199
-0.969524-0.023639j,-0.135402+3.367899j,-0.088303-2.941796j,15.109469
-0.969226-0.023234j,-0.135624+3.367479j,-0.088183-2.941586j,15.112740
-0.968933-0.022825j,-0.135840+3.367057j,-0.088065-2.941375j,15.116012
-0.968646-0.022413j,-0.136051+3.366631j,-0.087950-2.941163j,15.119284
-0.968363-0.021997j,-0.136256+3.366203j,-0.087838-2.940949j,15.122557
-0.968086-0.021578j,-0.136456+3.365771j,-0.087729-2.940733j,15.125831
-0.967815-0.021155j,-0.136650+3.365337j,-0.087623-2.940516j,15.129106
-0.967548-0.020729j,-0.136839+3.364901j,-0.087519-2.940297j,15.132381
-0.967287-0.020299j,-0.137022+3.364462j,-0.087418-2.940077j,15.135656
-0.967031-0.019866j,-0.137199+3.364020j,-0.087320-2.939856j,15.138932
-0.966781-0.019430j,-0.137371+3.363576j,-0.087225-2.939634j,15.142209
-0.966537-0.018991j,-0.137537+3.363130j,-0.087132-2.939410j,15.145486
-0.966298-0.018549j,-0.137697+3.362681j,-0.087043-2.939185j,15.148764
-0.966064-0.018104j,-0.137851+3.362231j,-0.086956-2.938958j,15.152042
-0.965836-0.017656j,-0.138000+3.361778j,-0.086873-2.938731j,15.155320
-0.965614-0.017205j,-0.138142+3.361323j,-0.086792-2.938502j,15.158599
-0.965397-0.016752j,-0.138279+3.360866j,-0.086714-2.938272j,15.161879
-0.965186-0.016295j,-0.138410+3.360408j,-0.086640-2.938042j,15.165158
-0.964981-0.015837j,-0.138535+3.359947j,-0.086568-2.937810j,15.168438
-0.964782-0.015375j,-0.138654+3.359485j,-0.086499-2.937577j,15.171719
-0.964588-0.014911j,-0.138766+3.359022j,-0.086433-2.937343j,15.175000
-0.964401-0.014445j,-0.138873+3.358557j,-0.086371-2.937109j,15.178281
-0.964219-0.013976j,-0.138974+3.358090j,-0.086311-2.936873j,15.181562
-0.964043-0.013505j,-0.139069+3.357622j,-0.086255-2.936637j,15.184844
-0.963873-0.013032j,-0.139157+3.357153j,-0.086201-2.936400j,15.188126
-0.963709-0.012557j,-0.139240+3.356682j,-0.086151-2.936163j,15.191408
-0.963551-0.012080j,-0.139316+3.356211j,-0.086103-2.935924j,15.194690
-0.963399-0.011601j,-0.139386+3.355738j,-0.086059-2.935685j,15.197972
-0.963253-0.011120j,-0.139450+3.355264j,-0.086018-2.935446j,15.201255
-0.963113-0.010637j,-0.139508+3.354790j,-0.085980-2.935205j,15.204538
-0.962979-0.010153j,-0.139560+3.354315j,-0.085945-2.934965j,15.207820
-0.962851-0.009667j,-0.139606+3.353839j,-0.085913-2.934724j,15.211103
-0.962729-0.009179j,-0.139645+3.353362j,-0.085885-2.934482j,15.214386
-0.962614-0.008690j,-0.139678+3.352885j,-0.085859-2.934240j,15.217669
-0.962504-0.008199j,-0.139705+3.352407j,-0.085837-2.933998j,15.220952
-0.962401-0.007707j,-0.139725+3.351929j,-0.085818-2.933755j,15.224235
-0.962304-0.007214j,-0.139740+3.351451j,-0.085802-2.933512j,15.227518
-0.962213-0.006720j,-0.139748+3.350973j,-0.085789-2.933269j,15.230801
-0.962129-0.006224j,-0.139750+3.350494j,-0.085779-2.933026j,15.234084
-0.962051-0.005728j,-0.139745+3.350015j,-0.085773-2.932782j,15.237366
-0.961978-0.005230j,-0.139735+3.349537j,-0.085770-2.932539j,15.240649
-0.961913-0.004732j,-0.139718+3.349058j,-0.085769-2.932296j,15.243931
-0.961853-0.004233j,-0.139695+3.348580j,-0.085773-2.932052j,15.247214
-0.961800-0.003733j,-0.139665+3.348102j,-0.085779-2.931809j,15.250496
-0.961753-0.003232j,-0.139630+3.347625j,-0.085788-2.931565j,15.253778
-0.961712-0.002731j,-0.139588+3.347148j,-0.085801-2.931322j,15.257059
-0.961678-0.002230j,-0.139540+3.346672j,-0.085817-2.931079j,15.260341
-0.961650-0.001728j,-0.139485+3.346196j,-0.085836-2.930836j,15.263622
-0.961628-0.001226j,-0.139425+3.345721j,-0.085858-2.930594j,15.266902
-0.961612-0.000723j,-0.139358+3.345247j,-0.085883-2.930351j,15.270183
-0.961603-0.000221j,-0.139285+3.344773j,-0.085911-2.930109j,15.273463
-0.961600+0.000282j,-0.139206+3.344301j,-0.085943-2.929868j,15.276743
-0.961604+0.000784j,-0.139120+3.343830j,-0.085978-2.929627j,15.280022
-0.961613+0.001287j,-0.139029+3.343360j,-0.086016-2.929386j,15.283301
-0.961629+0.001789j,-0.138931+3.342891j,-0.086057-2.929146j,15.286580
-0.961652+0.002291j,-0.138828+3.342424j,-0.086101-2.928907j,15.289858
-0.961681+0.002793j,-0.138718+3.341958j,-0.086148-2.928668j,15.293136
-0.961716+0.003295j,-0.138602+3.341493j,-0.086199-2.928429j,15.296413
-0.961757+0.003796j,-0.138480+3.341030j,-0.086252-2.928192j,15.299689
-0.961804+0.004296j,-0.138352+3.340569j,-0.086309-2.927955j,15.302965
-0.961858+0.004796j,-0.138218+3.340109j,-0.086368-2.927719j,15.306241
-0.961918+0.005295j,-0.138078+3.339651j,-0.086431-2.927484j,15.309516
-0.961985+0.005793j,-0.137932+3.339196j,-0.086497-2.927249j,15.312790
-0.962058+0.006290j,-0.137780+3.338742j,-0.086566-2.927016j,15.316064
-0.962137+0.006787j,-0.137622+3.338290j,-0.086638-2.926783j,15.319337
-0.962222+0.007282j,-0.137459+3.337840j,-0.086713-2.926552j,15.322610
-0.962313+0.007777j,-0.137289+3.337393j,-0.086790-2.926321j,15.325881
-0.962411+0.008270j,-0.137114+3.336948j,-0.086871-2.926092j,15.329152
-0.962514+0.008761j,-0.136933+3.336505j,-0.086955-2.925863j,15.332423
-0.962624+0.009252j,-0.136746+3.336065j,-0.087042-2.925636j,15.335692
-0.962740+0.009741j,-0.136553+3.335627j,-0.087132-2.925410j,15.338961
-0.962863+0.010229j,-0.136355+3.335192j,-0.087225-2.925185j,15.342229
-0.962991+0.010715j,-0.136151+3.334759j,-0.087320-2.924962j,15.345497
-0.963125+0.011199j,-0.135942+3.334330j,-0.087419-2.924739j,15.348763
-0.963266+0.011682j,-0.135727+3.333903j,-0.087520-2.924519j,15.352029
-0.963413+0.012162j,-0.135506+3.333479j,-0.087625-2.924299j,15.355293
-0.963565+0.012641j,-0.135280+3.333058j,-0.087732-2.924081j,15.358557
-0.963724+0.013118j,-0.135049+3.332640j,-0.087842-2.923864j,15.361820
-0.963888+0.013593j,-0.134812+3.332225j,-0.087954-2.923649j,15.365082
-0.964059+0.014066j,-0.134569+3.331814j,-0.088070-2.923436j,15.368344
-0.964235+0.014537j,-0.134322+3.331405j,-0.088188-2.923224j,15.371604
-0.964418+0.015005j,-0.134069+3.331001j,-0.088309-2.923013j,15.374863
-0.964606+0.015471j,-0.133811+3.330599j,-0.088432-2.922804j,15.378121
-0.964800+0.015935j,-0.133548+3.330201j,-0.088559-2.922597j,15.381379
-0.965000+0.016396j,-0.133280+3.329807j,-0.088688-2.922392j,15.384635
-0.965206+0.016855j,-0.133007+3.329416j,-0.088819-2.922188j,15.387890
-0.965417+0.017311j,-0.132728+3.329029j,-0.088954-2.921986j,15.391144
-0.965634+0.017764j,-0.132445+3.328645j,-0.089090-2.921786j,15.394397
-0.965857+0.018215j,-0.132157+3.328266j,-0.089230-2.921588j,15.397650
-0.966085+0.018662j,-0.131864+3.327890j,-0.089372-2.921392j,15.400900
-0.966320+0.019107j,-0.131566+3.327518j,-0.089516-2.921197j,15.404150
-0.966559+0.019549j,-0.131264+3.327151j,-0.089663-2.921005j,15.407399
-0.966804+0.019988j,-0.130956+3.326787j,-0.089812-2.920814j,15.410647
-0.967055+0.020423j,-0.130645+3.326427j,-0.089964-2.920626j,15.413893
-0.967311+0.020856j,-0.130328+3.326072j,-0.090118-2.920440j,15.417138
-0.967573+0.021285j,-0.130007+3.325721j,-0.090275-2.920255j,15.420382
-0.967840+0.021711j,-0.129682+3.325374j,-0.090433-2.920073j,15.423625
-0.968112+0.022134j,-0.129352+3.325032j,-0.090595-2.919893j,15.426867
-0.968389+0.022553j,-0.129018+3.324694j,-0.090758-2.919715j,15.430107
-0.968672+0.022968j,-0.128680+3.324360j,-0.090924-2.919539j,15.433346
-0.968960+0.023380j,-0.128338+3.324031j,-0.091092-2.919366j,15.436584
-0.969253+0.023789j,-0.127991+3.323707j,-0.091262-2.919195j,15.439821
-0.969551+0.024193j,-0.127640+3.323387j,-0.091434-2.919026j,15.443056
-0.969855+0.024594j,-0.127286+3.323072j,-0.091608-2.918859j,15.446290
-0.970163+0.024991j,-0.126927+3.322762j,-0.091784-2.918695j,15.449523
-0.970476+0.025384j,-0.126565+3.322456j,-0.091963-2.918533j,15.452754
-0.970795+0.025773j,-0.126198+3.322155j,-0.092143-2.918373j,15.455985
-0.971118+0.026158j,-0.125828+3.321860j,-0.092326-2.918216j,15.459213
-0.971445+0.026539j,-0.125455+3.321569j,-0.092510-2.918061j,15.462441
-0.971778+0.026916j,-0.125078+3.321283j,-0.092696-2.917909j,15.465667
-0.972115+0.027289j,-0.124697+3.321002j,-0.092885-2.917759j,15.468891
-0.972457+0.027657j,-0.124313+3.320726j,-0.093075-2.917612j,15.472115
-0.972804+0.028021j,-0.123925+3.320455j,-0.093267-2.917467j,15.475336
-0.973155+0.028381j,-0.123534+3.320190j,-0.093460-2.917325j,15.478557
-0.973511+0.028736j,-0.123140+3.319929j,-0.093656-2.917186j,15.481776
-0.973871+0.029087j,-0.122742+3.319674j,-0.093853-2.917049j,15.484994
-0.974235+0.029433j,-0.122342+3.319424j,-0.094051-2.916914j,15.488210
-0.974604+0.029775j,-0.121938+3.319179j,-0.094252-2.916782j,15.491424
-0.974977+0.030112j,-0.121532+3.318940j,-0.094454-2.916653j,15.494638
-0.975354+0.030444j,-0.121122+3.318706j,-0.094657-2.916527j,15.497850
-0.975736+0.030771j,-0.120710+3.318477j,-0.094862-2.916403j,15.501060
-0.976121+0.031094j,-0.120295+3.318254j,-0.095069-2.916282j,15.504269
-0.976511+0.031412j,-0.119878+3.318036j,-0.095277-2.916164j,15.507476
-0.976904+0.031724j,-0.119458+3.317824j,-0.095487-2.916048j,15.510682
-0.977301+0.032032j,-0.119035+3.317617j,-0.095697-2.915935j,15.513886
-0.977703+0.032335j,-0.118610+3.317416j,-0.095910-2.915825j,15.517089
-0.978108+0.032633j,-0.118182+3.317221j,-0.096123-2.915718j,15.520291
-0.978516+0.032925j,-0.117752+3.317031j,-0.096338-2.915614j,15.523490
-0.978929+0.033213j,-0.117320+3.316846j,-0.096554-2.915512j,15.526689
-0.979345+0.033495j,-0.116886+3.316668j,-0.096771-2.915413j,15.529886
-0.979764+0.033772j,-0.116450+3.316495j,-0.096989-2.915317j,15.533081
-0.980187+0.034044j,-0.116012+3.316327j,-0.097209-2.915224j,15.536274
-0.980613+0.034310j,-0.115572+3.316166j,-0.097429-2.915134j,15.539467
-0.981043+0.034571j,-0.115130+3.316010j,-0.097651-2.915047j,15.542657
-0.981475+0.034827j,-0.114686+3.315860j,-0.097873-2.914962j,15.545846
-0.981911+0.035077j,-0.114241+3.315715j,-0.098097-2.914881j,15.549034
-0.982350+0.035322j,-0.113794+3.315577j,-0.098321-2.914802j,15.552220
-0.982793+0.035561j,-0.113345+3.315444j,-0.098546-2.914726j,15.555404
-0.983238+0.035795j,-0.112895+3.315317j,-0.098773-2.914653j,15.558587
-0.983686+0.036022j,-0.112444+3.315196j,-0.099000-2.914584j,15.561768
-0.984137+0.036245j,-0.111991+3.315080j,-0.099227-2.914517j,15.564948
-0.984590+0.036461j,-0.111537+3.314971j,-0.099456-2.914453j,15.568126
-0.985046+0.036672j,-0.111082+3.314867j,-0.099685-2.914392j,15.571302
-0.985505+0.036877j,-0.110626+3.314770j,-0.099915-2.914334j,15.574477
-0.985967+0.037077j,-0.110169+3.314678j,-0.100145-2.914279j,15.577650
-0.986431+0.037270j,-0.109711+3.314592j,-0.100376-2.914226j,15.580822
-0.986897+0.037458j,-0.109252+3.314512j,-0.100608-2.914177j,15.583992
-0.987366+0.037640j,-0.108793+3.314438j,-0.100840-2.914131j,15.587161
-0.987836+0.037816j,-0.108333+3.314369j,-0.101072-2.914088j,15.590328
-0.988309+0.037986j,-0.107872+3.314307j,-0.101305-2.914048j,15.593493
-0.988785+0.038150j,-0.107410+3.314250j,-0.101538-2.914011j,15.596657
-0.989262+0.038308j,-0.106948+3.314200j,-0.101772-2.913977j,15.599819
-0.989741+0.038460j,-0.106486+3.314155j,-0.102006-2.913945j,15.602980
-0.990222+0.038606j,-0.106024+3.314116j,-0.102240-2.913917j,15.606139
-0.990705+0.038746j,-0.105561+3.314083j,-0.102474-2.913892j,15.609296
-0.991189+0.038880j,-0.105098+3.314056j,-0.102709-2.913870j,15.612452
-0.991675+0.039008j,-0.104635+3.314035j,-0.102943-2.913851j,15.615607
-0.992163+0.039129j,-0.104172+3.314020j,-0.103178-2.913834j,15.618759
-0.992652+0.039245j,-0.103709+3.314011j,-0.103413-2.913821j,15.621910
-0.993143+0.039354j,-0.103246+3.314007j,-0.103648-2.913811j,15.625060
-0.993635+0.039457j,-0.102784+3.314010j,-0.103883-2.913804j,15.628208
-0.994128+0.039554j,-0.102322+3.314018j,-0.104118-2.913799j,15.631354
-0.994622+0.039645j,-0.101860+3.314032j,-0.104353-2.913798j,15.634499
-0.995118+0.039730j,-0.101398+3.314052j,-0.104587-2.913800j,15.637643
-0.995614+0.039808j,-0.100938+3.314077j,-0.104822-2.913804j,15.640784
-0.996112+0.039880j,-0.100477+3.314109j,-0.105056-2.913812j,15.643924
-0.996610+0.039946j,-0.100018+3.314146j,-0.105290-2.913822j,15.647063
-0.997109+0.040005j,-0.099559+3.314189j,-0.105524-2.913836j,15.650200
-0.997609+0.040059j,-0.099101+3.314238j,-0.105758-2.913852j,15.653336
-0.998109+0.040106j,-0.098644+3.314293j,-0.105991-2.913872j,15.656470
-0.997935+0.041649j,-0.098500+3.312878j,-0.106038-2.913151j,15.666150
-0.997759+0.043192j,-0.098357+3.311463j,-0.106085-2.912429j,15.675827
-0.997580+0.044734j,-0.098214+3.310048j,-0.106131-2.911708j,15.685500
-0.997398+0.046276j,-0.098071+3.308632j,-0.106178-2.910987j,15.695170
-0.997215+0.047817j,-0.097927+3.307217j,-0.106225-2.910265j,15.704837
-0.997029+0.049358j,-0.097784+3.305802j,-0.106272-2.909544j,15.714500
-0.996840+0.050898j,-0.097641+3.304387j,-0.106319-2.908822j,15.724160
-0.996649+0.052438j,-0.097497+3.302972j,-0.106366-2.908101j,15.733817
-0.996456+0.053977j,-0.097354+3.301556j,-0.106413-2.907379j,15.743471
-0.996261+0.055516j,-0.097211+3.300141j,-0.106460-2.906658j,15.753121
-0.996063+0.057055j,-0.097067+3.298726j,-0.106507-2.905936j,15.762768
-0.995863+0.058593j,-0.096924+3.297311j,-0.106553-2.905214j,15.772411
-0.995660+0.060131j,-0.096781+3.295895j,-0.106600-2.904493j,15.782051
-0.995455+0.061668j,-0.096637+3.294480j,-0.106647-2.903771j,15.791688
-0.995248+0.063204j,-0.096494+3.293065j,-0.106694-2.903049j,15.801322
-0.995038+0.064740j,-0.096350+3.291650j,-0.106741-2.902328j,15.810952
-0.994826+0.066276j,-0.096207+3.290234j,-0.106788-2.901606j,15.820579
-0.994612+0.067811j,-0.096063+3.288819j,-0.106835-2.900884j,15.830203
-0.994395+0.069346j,-0.095920+3.287404j,-0.106882-2.900163j,15.839823
-0.994176+0.070880j,-0.095776+3.285989j,-0.106928-2.899441j,15.849440
-0.993954+0.072413j,-0.095633+3.284573j,-0.106975-2.898719j,15.859053
-0.993730+0.073946j,-0.095489+3.283158j,-0.107022-2.897997j,15.868664
-0.993504+0.075479j,-0.095346+3.281743j,-0.107069-2.897276j,15.878271
-0.993276+0.077011j,-0.095202+3.280328j,-0.107116-2.896554j,15.887874
-0.993045+0.078542j,-0.095058+3.278913j,-0.107163-2.895832j,15.897475
-0.992812+0.080073j,-0.094915+3.277498j,-0.107210-2.895110j,15.907072
-0.992576+0.081604j,-0.094771+3.276082j,-0.107257-2.894388j,15.916665
-0.992338+0.083133j,-0.094627+3.274667j,-0.107303-2.893667j,15.926256
-0.992098+0.084663j,-0.094483+3.273252j,-0.107350-2.892945j,15.935843
-0.991855+0.086192j,-0.094339+3.271837j,-0.107397-2.892223j,15.945427
-0.991610+0.087720j,-0.094196+3.270422j,-0.107444-2.891501j,15.955007
-0.991363+0.089248j,-0.094052+3.269007j,-0.107491-2.890779j,15.964584
-0.991113+0.090775j,-0.093908+3.267592j,-0.107538-2.890058j,15.974158
-0.990861+0.092301j,-0.093764+3.266177j,-0.107585-2.889336j,15.983728
-0.990607+0.093827j,-0.093620+3.264762j,-0.107632-2.888614j,15.993295
-0.990350+0.095353j,-0.093476+3.263347j,-0.107678-2.887892j,16.002859
-0.990091+0.096878j,-0.093332+3.261932j,-0.107725-2.887170j,16.012420
-0.989830+0.098402j,-0.093188+3.260517j,-0.107772-2.886448j,16.021977
-0.989566+0.099926j,-0.093043+3.259102j,-0.107819-2.885727j,16.031531
-0.989300+0.101449j,-0.092899+3.257688j,-0.107866-2.885005j,16.041081
-0.989032+0.102971j,-0.092755+3.256273j,-0.107913-2.884283j,16.050628
-0.988761+0.104493j,-0.092611+3.254858j,-0.107960-2.883561j,16.060172
-0.988488+0.106015j,-0.092466+3.253443j,-0.108007-2.882839j,16.069713
-0.988213+0.107536j,-0.092322+3.252029j,-0.108054-2.882117j,16.079250
-0.987935+0.109056j,-0.092178+3.250614j,-0.108101-2.881395j,16.088784
-0.987655+0.110575j,-0.092033+3.249199j,-0.108148-2.880674j,16.098315
-0.987373+0.112094j,-0.091889+3.247785j,-0.108194-2.879952j,16.107842
-0.987089+0.113613j,-0.091744+3.246370j,-0.108241-2.879230j,16.117366
-0.986802+0.115130j,-0.091600+3.244955j,-0.108288-2.878508j,16.126886
-0.986512+0.116648j,-0.091455+3.243541j,-0.108335-2.877786j,16.136404
-0.986221+0.118164j,-0.091310+3.242126j,-0.108382-2.877064j,16.145918
-0.985927+0.119680j,-0.091166+3.240712j,-0.108429-2.876342j,16.155428
-0.985631+0.121195j,-0.091021+3.239297j,-0.108476-2.875621j,16.164936
-0.985332+0.122710j,-0.090876+3.237883j,-0.108523-2.874899j,16.174440
-0.985031+0.124224j,-0.090731+3.236469j,-0.108570-2.874177j,16.183940
-0.984728+0.125737j,-0.090586+3.235054j,-0.108617-2.873455j,16.193438
-0.984423+0.127250j,-0.090441+3.233640j,-0.108664-2.872733j,16.202932
-0.984115+0.128762j,-0.090296+3.232226j,-0.108711-2.872011j,16.212423
-0.983805+0.130274j,-0.090151+3.230812j,-0.108758-2.871289j,16.221910
-0.983492+0.131785j,-0.090006+3.229397j,-0.108805-2.870568j,16.231394
-0.983178+0.133295j,-0.089861+3.227983j,-0.108852-2.869846j,16.240875
-0.982861+0.134804j,-0.089716+3.226569j,-0.108899-2.869124j,16.250352
-0.982541+0.136313j,-0.089571+3.225155j,-0.108946-2.868402j,16.259827
-0.982220+0.137821j,-0.089425+3.223741j,-0.108993-2.867680j,16.269297
-0.981896+0.139329j,-0.089280+3.222327j,-0.109040-2.866958j,16.278765
-0.981570+0.140836j,-0.089135+3.220913j,-0.109087-2.866237j,16.288229
-0.981241+0.142342j,-0.088989+3.219499j,-0.109134-2.865515j,16.297690
-0.980910+0.143847j,-0.088844+3.218086j,-0.109181-2.864793j,16.307147
-0.980577+0.145352j,-0.088698+3.216672j,-0.109228-2.864071j,16.316602
-0.980242+0.146856j,-0.088552+3.215258j,-0.109275-2.863349j,16.326053
-0.979904+0.148360j,-0.088407+3.213844j,-0.109322-2.862627j,16.335500
-0.979564+0.149862j,-0.088261+3.212431j,-0.109369-2.861906j,16.344944
-0.979222+0.151364j,-0.088115+3.211017j,-0.109416-2.861184j,16.354385
-0.978877+0.152866j,-0.087969+3.209603j,-0.109463-2.860462j,16.363823
-0.978530+0.154366j,-0.087823+3.208190j,-0.109510-2.859740j,16.373257
-0.978181+0.155866j,-0.087677+3.206776j,-0.109557-2.859018j,16.382688
-0.977830+0.157365j,-0.087531+3.205363j,-0.109604-2.858296j,16.392116
-0.977476+0.158864j,-0.087385+3.203950j,-0.109651-2.857575j,16.401540
-0.977120+0.160362j,-0.087239+3.202536j,-0.109698-2.856853j,16.410961
-0.976761+0.161859j,-0.087092+3.201123j,-0.109745-2.856131j,16.420379
-0.976401+0.163355j,-0.086946+3.199710j,-0.109792-2.855409j,16.429793
-0.976038+0.164851j,-0.086800+3.198297j,-0.109839-2.854687j,16.439205
-0.975673+0.166346j,-0.086653+3.196884j,-0.109886-2.853966j,16.448612
-0.975305+0.167840j,-0.086507+3.195470j,-0.109933-2.853244j,16.458017
-0.974936+0.169333j,-0.086360+3.194057j,-0.109981-2.852522j,16.467418
-0.974564+0.170826j,-0.086213+3.192644j,-0.110028-2.851800j,16.476816
-0.974190+0.172318j,-0.086067+3.191232j,-0.110075-2.851078j,16.486210
-0.973813+0.173809j,-0.085920+3.189819j,-0.110122-2.850357j,16.495601
-0.973434+0.175300j,-0.085773+3.188406j,-0.110169-2.849635j,16.504989
-0.973053+0.176789j,-0.085626+3.186993j,-0.110216-2.848913j,16.514374
-0.972670+0.178278j,-0.085479+3.185580j,-0.110263-2.848191j,16.523755
-0.972284+0.179766j,-0.085332+3.184168j,-0.110310-2.847469j,16.533133
-0.971896+0.181254j,-0.085185+3.182755j,-0.110358-2.846748j,16.542507
-0.971506+0.182740j,-0.085038+3.181343j,-0.110405-2.846026j,16.551879
-0.971114+0.184226j,-0.084890+3.179930j,-0.110452-2.845304j,16.561247
-0.970719+0.185711j,-0.084743+3.178518j,-0.110499-2.844582j,16.570611
-0.970322+0.187196j,-0.084595+3.177105j,-0.110546-2.843861j,16.579973
-0.969923+0.188679j,-0.084448+3.175693j,-0.110593-2.843139j,16.589331
-0.969522+0.190162j,-0.084300+3.174281j,-0.110641-2.842417j,16.598685
-0.969118+0.191644j,-0.084153+3.172869j,-0.110688-2.841695j,16.608037
-0.968712+0.193125j,-0.084005+3.171457j,-0.110735-2.840974j,16.617385
-0.968304+0.194605j,-0.083857+3.170045j,-0.110782-2.840252j,16.626729
-0.967894+0.196085j,-0.083709+3.168633j,-0.110829-2.839530j,16.636071
-0.967481+0.197564j,-0.083561+3.167221j,-0.110877-2.838808j,16.645409
-0.967066+0.199041j,-0.083413+3.165809j,-0.110924-2.838087j,16.654744
-0.966649+0.200519j,-0.083265+3.164397j,-0.110971-2.837365j,16.664075
-0.966230+0.201995j,-0.083117+3.162985j,-0.111018-2.836643j,16.673403
-0.965808+0.203470j,-0.082968+3.161574j,-0.111065-2.835921j,16.682728
-0.965384+0.204945j,-0.082820+3.160162j,-0.111113-2.835200j,16.692050
-0.964958+0.206419j,-0.082671+3.158750j,-0.111160-2.834478j,16.701368
-0.964530+0.207892j,-0.082523+3.157339j,-0.111207-2.833756j,16.710683
-0.964099+0.209364j,-0.082374+3.155928j,-0.111254-2.833035j,16.719994
-0.963666+0.210836j,-0.082225+3.154516j,-0.111302-2.832313j,16.729303
-0.963231+0.212306j,-0.082077+3.153105j,-0.111349-2.831591j,16.738608
-0.962794+0.213776j,-0.081928+3.151694j,-0.111396-2.830869j,16.747909
-0.962354+0.215245j,-0.081779+3.150283j,-0.111444-2.830148j,16.757208
-0.961913+0.216713j,-0.081630+3.148872j,-0.111491-2.829426j,16.766503
-0.961469+0.218180j,-0.081480+3.147461j,-0.111538-2.828704j,16.775794
-0.961022+0.219646j,-0.081331+3.146050j,-0.111586-2.827983j,16.785083
-0.960574+0.221112j,-0.081182+3.144639j,-0.111633-2.827261j,16.794368
-0.960123+0.222576j,-0.081032+3.143228j,-0.111680-2.826539j,16.803649
-0.959670+0.224040j,-0.080883+3.141817j,-0.111728-2.825818j,16.812928
-0.959215+0.225503j,-0.080733+3.140407j,-0.111775-2.825096j,16.822203
-0.958758+0.226965j,-0.080583+3.138996j,-0.111822-2.824374j,16.831475
-0.958299+0.228426j,-0.080434+3.137586j,-0.111870-2.823653j,16.840743
-0.957837+0.229886j,-0.080284+3.136175j,-0.111917-2.822931j,16.850009
-0.957373+0.231346j,-0.080134+3.134765j,-0.111964-2.822209j,16.859270
-0.956907+0.232804j,-0.079984+3.133355j,-0.112012-2.821488j,16.868529
-0.956438+0.234262j,-0.079833+3.131944j,-0.112059-2.820766j,16.877784
-0.955968+0.235718j,-0.079683+3.130534j,-0.112107-2.820045j,16.887036
-0.955495+0.237174j,-0.079533+3.129124j,-0.112154-2.819323j,16.896285
-0.955020+0.238629j,-0.079382+3.127714j,-0.112201-2.818601j,16.905530
-0.954543+0.240083j,-0.079232+3.126304j,-0.112249-2.817880j,16.914772
-0.954064+0.241536j,-0.079081+3.124895j,-0.112296-2.817158j,16.924011
-0.953582+0.242989j,-0.078930+3.123485j,-0.112344-2.816436j,16.933246
-0.953098+0.244440j,-0.078779+3.122075j,-0.112391-2.815715j,16.942478
-0.952612+0.245890j,-0.078628+3.120666j,-0.112439-2.814993j,16.951707
-0.952124+0.247340j,-0.078477+3.119256j,-0.112486-2.814272j,16.960932
-0.951634+0.248788j,-0.078326+3.117847j,-0.112534-2.813550j,16.970154
-0.951141+0.250236j,-0.078175+3.116438j,-0.112581-2.812829j,16.979373
-0.950646+0.251683j,-0.078023+3.115028j,-0.112629-2.812107j,16.988589
-0.950149+0.253128j,-0.077872+3.113619j,-0.112676-2.811385j,16.997801
-0.949650+0.254573j,-0.077720+3.112210j,-0.112724-2.810664j,17.007010
-0.949149+0.256017j,-0.077568+3.110801j,-0.112771-2.809942j,17.016215
-0.948646+0.257460j,-0.077417+3.109392j,-0.112819-2.809221j,17.025418
-0.948140+0.258902j,-0.077265+3.107983j,-0.112866-2.808499j,17.034617
-0.947632+0.260343j,-0.077113+3.106575j,-0.112914-2.807778j,17.043812
-0.947122+0.261783j,-0.076960+3.105166j,-0.112961-2.807056j,17.053005
-0.946610+0.263222j,-0.076808+3.103757j,-0.113009-2.806335j,17.062194
-0.946095+0.264661j,-0.076656+3.102349j,-0.113056-2.805613j,17.071379
-0.945579+0.266098j,-0.076503+3.100941j,-0.113104-2.804892j,17.080562
-0.945060+0.267534j,-0.076351+3.099532j,-0.113152-2.804170j,17.089741
-0.944539+0.268970j,-0.076198+3.098124j,-0.113199-2.803449j,17.098917
-0.944016+0.270404j,-0.076045+3.096716j,-0.113247-2.802727j,17.108089
-0.943491+0.271837j,-0.075892+3.095308j,-0.113294-2.802006j,17.117258
-0.942964+0.273270j,-0.075739+3.093900j,-0.113342-2.801284j,17.126424
-0.942434+0.274701j,-0.075586+3.092492j,-0.113390-2.800563j,17.135587
-0.941902+0.276132j,-0.075433+3.091084j,-0.113437-2.799841j,17.144746
-0.941369+0.277561j,-0.075279+3.089677j,-0.113485-2.799120j,17.153902
-0.940833+0.278990j,-0.075126+3.088269j,-0.113533-2.798398j,17.163054
-0.940294+0.280417j,-0.074972+3.086862j,-0.113580-2.797677j,17.172204
-0.939754+0.281844j,-0.074819+3.085454j,-0.113628-2.796955j,17.181350
-0.939212+0.283269j,-0.074665+3.084047j,-0.113676-2.796234j,17.190492
-0.938667+0.284694j,-0.074511+3.082640j,-0.113724-2.795512j,17.199632
-0.938120+0.286117j,-0.074357+3.081233j,-0.113771-2.794791j,17.208768
-0.937571+0.287540j,-0.074202+3.079826j,-0.113819-2.794070j,17.217901
-0.937020+0.288961j,-0.074048+3.078419j,-0.113867-2.793348j,17.227030
-0.936467+0.290382j,-0.073894+3.077012j,-0.113914-2.792627j,17.236156
-0.935912+0.291801j,-0.073739+3.075606j,-0.113962-2.791905j,17.245279
-0.935354+0.293219j,-0.073584+3.074199j,-0.114010-2.791184j,17.254399
-0.934795+0.294637j,-0.073430+3.072792j,-0.114058-2.790462j,17.263515
-0.934233+0.296053j,-0.073275+3.071386j,-0.114106-2.789741j,17.272628
-0.933669+0.297469j,-0.073119+3.069980j,-0.114153-2.789020j,17.281738
-0.933103+0.298883j,-0.072964+3.068574j,-0.114201-2.788298j,17.290844
-0.932535+0.300296j,-0.072809+3.067168j,-0.114249-2.787577j,17.299947
-0.931964+0.301708j,-0.072653+3.065762j,-0.114297-2.786856j,17.309047
-0.931392+0.303120j,-0.072498+3.064356j,-0.114345-2.786134j,17.318143
-0.930818+0.304530j,-0.072342+3.062950j,-0.114393-2.785413j,17.327236
-0.930241+0.305939j,-0.072186+3.061544j,-0.114440-2.784692j,17.336326
-0.929662+0.307347j,-0.072030+3.060139j,-0.114488-2.783970j,17.345412
-0.929081+0.308754j,-0.071874+3.058733j,-0.114536-2.783249j,17.354496
-0.928498+0.310160j,-0.071718+3.057328j,-0.114584-2.782528j,17.363576
-0.927913+0.311565j,-0.071562+3.055923j,-0.114632-2.781806j,17.372652
-0.927326+0.312968j,-0.071405+3.054517j,-0.114680-2.781085j,17.381725
-0.926737+0.314371j,-0.071248+3.053112j,-0.114728-2.780364j,17.390795
-0.926145+0.315773j,-0.071092+3.051708j,-0.114776-2.779642j,17.399862
-0.925552+0.317173j,-0.070935+3.050303j,-0.114824-2.778921j,17.408925
-0.924956+0.318573j,-0.070778+3.048898j,-0.114872-2.778200j,17.417985
-0.924358+0.319971j,-0.070621+3.047493j,-0.114920-2.777478j,17.427042
-0.923758+0.321369j,-0.070463+3.046089j,-0.114968-2.776757j,17.436096
-0.923156+0.322765j,-0.070306+3.044685j,-0.115016-2.776036j,17.445146
-0.922552+0.324160j,-0.070148+3.043280j,-0.115064-2.775315j,17.454193
-0.921946+0.325554j,-0.069990+3.041876j,-0.115112-2.774593j,17.463236
-0.921338+0.326947j,-0.069833+3.040472j,-0.115160-2.773872j,17.472277
-0.920727+0.328339j,-0.069675+3.039068j,-0.115208-2.773151j,17.481313
-0.920115+0.329730j,-0.069516+3.037664j,-0.115256-2.772430j,17.490347
-0.919500+0.331120j,-0.069358+3.036261j,-0.115304-2.771709j,17.499377
-0.918884+0.332508j,-0.069200+3.034857j,-0.115352-2.770987j,17.508405
-0.918265+0.333896j,-0.069041+3.033454j,-0.115400-2.770266j,17.517428
-0.917644+0.335282j,-0.068882+3.032050j,-0.115448-2.769545j,17.526449
-0.917022+0.336667j,-0.068724+3.030647j,-0.115496-2.768824j,17.535466
-0.916397+0.338051j,-0.068565+3.029244j,-0.115544-2.768103j,17.544480
-0.915770+0.339434j,-0.068405+3.027841j,-0.115593-2.767381j,17.553490
-0.915141+0.340816j,-0.068246+3.026438j,-0.115641-2.766660j,17.562498
-0.914509+0.342197j,-0.068087+3.025036j,-0.115689-2.765939j,17.571501
-0.913876+0.343576j,-0.067927+3.023633j,-0.115737-2.765218j,17.580502
-0.913241+0.344955j,-0.067767+3.022231j,-0.115785-2.764497j,17.589499
-0.912604+0.346332j,-0.067607+3.020828j,-0.115833-2.763776j,17.598494
-0.911964+0.347708j,-0.067447+3.019426j,-0.115882-2.763055j,17.607484
-0.911323+0.349083j,-0.067287+3.018024j,-0.115930-2.762333j,17.616472
-0.910679+0.350457j,-0.067127+3.016622j,-0.115978-2.761612j,17.625456
-0.910033+0.351830j,-0.066966+3.015220j,-0.116026-2.760891j,17.634437
-0.909386+0.353201j,-0.066806+3.013818j,-0.116075-2.760170j,17.643414
-0.908736+0.354572j,-0.066645+3.012417j,-0.116123-2.759449j,17.652389
-0.908084+0.355941j,-0.066484+3.011015j,-0.116171-2.758728j,17.661360
-0.907431+0.357309j,-0.066323+3.009614j,-0.116220-2.758007j,17.670327
-0.906775+0.358676j,-0.066161+3.008213j,-0.116268-2.757286j,17.679292
-0.906117+0.360042j,-0.066000+3.006811j,-0.116316-2.756565j,17.688253
-0.905457+0.361406j,-0.065838+3.005410j,-0.116364-2.755844j,17.697210
-0.904795+0.362770j,-0.065677+3.004010j,-0.116413-2.755123j,17.706165
-0.904131+0.364132j,-0.065515+3.002609j,-0.116461-2.754402j,17.715116
-0.903465+0.365493j,-0.065353+3.001208j,-0.116510-2.753681j,17.724064
-0.902797+0.366853j,-0.065190+2.999808j,-0.116558-2.752960j,17.733009
-0.902127+0.368211j,-0.065028+2.998408j,-0.116606-2.752239j,17.741950
-0.901454+0.369569j,-0.064865+2.997007j,-0.116655-2.751518j,17.750888
-0.900780+0.370925j,-0.064703+2.995607j,-0.116703-2.750797j,17.759823
-0.900104+0.372280j,-0.064540+2.994208j,-0.116752-2.750076j,17.768754
-0.899426+0.373634j,-0.064377+2.992808j,-0.116800-2.749355j,17.777682
-0.898745+0.374987j,-0.064214+2.991408j,-0.116849-2.748634j,17.786607
-0.898063+0.376338j,-0.064050+2.990009j,-0.116897-2.747913j,17.795529
-0.897379+0.377689j,-0.063887+2.988609j,-0.116946-2.747192j,17.804447
-0.896692+0.379038j,-0.063723+2.987210j,-0.116994-2.746471j,17.813362
-0.896004+0.380385j,-0.063559+2.985811j,-0.117043-2.745750j,17.822273
-0.895314+0.381732j,-0.063395+2.984412j,-0.117091-2.745029j,17.831182
-0.894621+0.383077j,-0.063231+2.983013j,-0.117140-2.744308j,17.840087
-0.893927+0.384422j,-0.063066+2.981615j,-0.117188-2.743587j,17.848989
-0.893231+0.385764j,-0.062902+2.980216j,-0.117237-2.742866j,17.857887
-0.892532+0.387106j,-0.062737+2.978818j,-0.117286-2.742145j,17.866782
-0.891832+0.388447j,-0.062572+2.977420j,-0.117334-2.741424j,17.875674
-0.891129+0.389786j,-0.062407+2.976021j,-0.117383-2.740704j,17.884563
-0.890425+0.391124j,-0.062242+2.974624j,-0.117431-2.739983j,17.893448
-0.889719+0.392461j,-0.062076+2.973226j,-0.117480-2.739262j,17.902330
-0.889010+0.393796j,-0.061911+2.971828j,-0.117529-2.738541j,17.911209
-0.888300+0.395130j,-0.061745+2.970431j,-0.117577-2.737820j,17.920084
-0.887588+0.396463j,-0.061579+2.969033j,-0.117626-2.737099j,17.928957
-0.886873+0.397795j,-0.061413+2.967636j,-0.117675-2.736379j,17.937825
-0.886157+0.399126j,-0.061247+2.966239j,-0.117724-2.735658j,17.946691
-0.885439+0.400455j,-0.061080+2.964842j,-0.117772-2.734937j,17.955553
-0.884718+0.401783j,-0.060914+2.963445j,-0.117821-2.734216j,17.964412
-0.883996+0.403110j,-0.060747+2.962049j,-0.117870-2.733495j,17.973268
-0.883272+0.404435j,-0.060580+2.960652j,-0.117919-2.732775j,17.982120
-0.882546+0.405759j,-0.060412+2.959256j,-0.117967-2.732054j,17.990970
-0.881817+0.407082j,-0.060245+2.957860j,-0.118016-2.731333j,17.999815
-0.881087+0.408404j,-0.060077+2.956464j,-0.118065-2.730612j,18.008658
-0.880355+0.409724j,-0.059910+2.955068j,-0.118114-2.729892j,18.017497
-0.879621+0.411043j,-0.059742+2.953673j,-0.118163-2.729171j,18.026333
-0.878885+0.412361j,-0.059574+2.952277j,-0.118212-2.728450j,18.035166
-0.878147+0.413677j,-0.059405+2.950882j,-0.118260-2.727730j,18.043995
-0.877407+0.414992j,-0.059237+2.949487j,-0.118309-2.727009j,18.052822
-0.876665+0.416306j,-0.059068+2.948092j,-0.118358-2.726288j,18.061644
-0.875921+0.417619j,-0.058899+2.946697j,-0.118407-2.725567j,18.070464
-0.875175+0.418930j,-0.058730+2.945302j,-0.118456-2.724847j,18.079280
-0.874428+0.420240j,-0.058561+2.943907j,-0.118505-2.724126j,18.088093
-0.873678+0.421549j,-0.058392+2.942513j,-0.118554-2.723406j,18.096903
-0.872926+0.422856j,-0.058222+2.941119j,-0.118603-2.722685j,18.105709
-0.872172+0.424162j,-0.058052+2.939725j,-0.118652-2.721964j,18.114513
-0.871417+0.425467j,-0.057882+2.938331j,-0.118701-2.721244j,18.123312
-0.870659+0.426770j,-0.057712+2.936937j,-0.118750-2.720523j,18.132109
-0.869900+0.428073j,-0.057541+2.935544j,-0.118799-2.719802j,18.140902
-0.869139+0.429373j,-0.057371+2.934150j,-0.118848-2.719082j,18.149692
-0.868375+0.430673j,-0.057200+2.932757j,-0.118897-2.718361j,18.158479
-0.867610+0.431971j,-0.057029+2.931364j,-0.118947-2.717641j,18.167262
-0.866843+0.433268j,-0.056858+2.929971j,-0.118996-2.716920j,18.176043
-0.866074+0.434563j,-0.056686+2.928578j,-0.119045-2.716200j,18.184819
-0.865303+0.435857j,-0.056515+2.927186j,-0.119094-2.715479j,18.193593
-0.864530+0.437150j,-0.056343+2.925794j,-0.119143-2.714759j,18.202363
-0.863755+0.438441j,-0.056171+2.924401j,-0.119192-2.714038j,18.211130
-0.862978+0.439732j,-0.055999+2.923009j,-0.119242-2.713318j,18.219894
-0.862200+0.441020j,-0.055826+2.921618j,-0.119291-2.712597j,18.228655
-0.861419+0.442308j,-0.055654+2.920226j,-0.119340-2.711877j,18.237412
-0.860637+0.443594j,-0.055481+2.918834j,-0.119389-2.711156j,18.246166
-0.859852+0.444878j,-0.055308+2.917443j,-0.119439-2.710436j,18.254916
-0.859066+0.446162j,-0.055135+2.916052j,-0.119488-2.709715j,18.263664
-0.858278+0.447444j,-0.054961+2.914661j,-0.119537-2.708995j,18.272408
-0.857488+0.448724j,-0.054788+2.913270j,-0.119586-2.708274j,18.281149
-0.856696+0.450003j,-0.054614+2.911880j,-0.119636-2.707554j,18.289886
-0.855902+0.451281j,-0.054440+2.910489j,-0.119685-2.706833j,18.298620
-0.855106+0.452558j,-0.054266+2.909099j,-0.119734-2.706113j,18.307351
-0.854308+0.453833j,-0.054091+2.907709j,-0.119784-2.705393j,18.316079
-0.853509+0.455107j,-0.053916+2.906319j,-0.119833-2.704672j,18.324803
-0.852707+0.456379j,-0.053742+2.904929j,-0.119883-2.703952j,18.333525
-0.851904+0.457650j,-0.053566+2.903540j,-0.119932-2.703232j,18.342242
-0.851099+0.458919j,-0.053391+2.902150j,-0.119982-2.702511j,18.350957
-0.850292+0.460188j,-0.053216+2.900761j,-0.120031-2.701791j,18.359668
-0.849483+0.461454j,-0.053040+2.899372j,-0.120081-2.701071j,18.368376
-0.848672+0.462720j,-0.052864+2.897984j,-0.120130-2.700350j,18.377081
-0.847859+0.463984j,-0.052688+2.896595j,-0.120180-2.699630j,18.385783
-0.847044+0.465246j,-0.052511+2.895207j,-0.120229-2.698910j,18.394481
-0.846228+0.466507j,-0.052335+2.893819j,-0.120279-2.698189j,18.403176
-0.845410+0.467767j,-0.052158+2.892431j,-0.120328-2.697469j,18.411867
-0.844590+0.469025j,-0.051981+2.891043j,-0.120378-2.696749j,18.420556
-0.843768+0.470282j,-0.051804+2.889655j,-0.120427-2.696029j,18.429241
-0.842944+0.471538j,-0.051626+2.888268j,-0.120477-2.695308j,18.437923
-0.842118+0.472792j,-0.051448+2.886881j,-0.120527-2.694588j,18.446601
-0.841290+0.474045j,-0.051271+2.885494j,-0.120576-2.693868j,18.455277
-0.840461+0.475296j,-0.051092+2.884107j,-0.120626-2.693148j,18.463949
-0.839630+0.476546j,-0.050914+2.882720j,-0.120676-2.692428j,18.472618
-0.838796+0.477794j,-0.050735+2.881334j,-0.120726-2.691707j,18.481283
-0.837961+0.479041j,-0.050557+2.879947j,-0.120775-2.690987j,18.489945
-0.837125+0.480287j,-0.050378+2.878561j,-0.120825-2.690267j,18.498604
-0.836286+0.481531j,-0.050198+2.877176j,-0.120875-2.689547j,18.507260
-0.835446+0.482773j,-0.050019+2.875790j,-0.120925-2.688827j,18.515912
-0.834603+0.484015j,-0.049839+2.874405j,-0.120974-2.688107j,18.524561
-0.833759+0.485254j,-0.049659+2.873019j,-0.121024-2.687386j,18.533207
-0.832913+0.486493j,-0.049479+2.871634j,-0.121074-2.686666j,18.541850
-0.832065+0.487730j,-0.049298+2.870250j,-0.121124-2.685946j,18.550489
-0.831216+0.488965j,-0.049118+2.868865j,-0.121174-2.685226j,18.559125
-0.830364+0.490199j,-0.048937+2.867481j,-0.121224-2.684506j,18.567758
-0.829511+0.491432j,-0.048756+2.866096j,-0.121274-2.683786j,18.576388
-0.828656+0.492663j,-0.048574+2.864712j,-0.121324-2.683066j,18.585014
-0.827799+0.493892j,-0.048393+2.863329j,-0.121374-2.682346j,18.593637
-0.826940+0.495120j,-0.048211+2.861945j,-0.121423-2.681626j,18.602257
-0.826080+0.496347j,-0.048029+2.860562j,-0.121473-2.680906j,18.610873
-0.825217+0.497572j,-0.047846+2.859179j,-0.121523-2.680186j,18.619486
-0.824353+0.498796j,-0.047664+2.857796j,-0.121574-2.679466j,18.628096
-0.823487+0.500018j,-0.047481+2.856413j,-0.121624-2.678746j,18.636703
-0.822620+0.501239j,-0.047298+2.855031j,-0.121674-2.678026j,18.645306
-0.821750+0.502458j,-0.047115+2.853648j,-0.121724-2.677306j,18.653907
-0.820879+0.503676j,-0.046931+2.852266j,-0.121774-2.676586j,18.662503
-0.820006+0.504892j,-0.046748+2.850884j,-0.121824-2.675866j,18.671097
-0.819131+0.506107j,-0.046564+2.849503j,-0.121874-2.675146j,18.679687
-0.818254+0.507320j,-0.046379+2.848121j,-0.121924-2.674427j,18.688275
-0.817376+0.508532j,-0.046195+2.846740j,-0.121974-2.673707j,18.696858
-0.816496+0.509742j,-0.046010+2.845359j,-0.122025-2.672987j,18.705439
-0.815614+0.510951j,-0.045825+2.843979j,-0.122075-2.672267j,18.714016
-0.814730+0.512158j,-0.045640+2.842598j,-0.122125-2.671547j,18.722590
-0.813844+0.513364j,-0.045454+2.841218j,-0.122175-2.670827j,18.731161
-0.812957+0.514568j,-0.045269+2.839838j,-0.122226-2.670107j,18.739729
-0.812068+0.515771j,-0.045083+2.838458j,-0.122276-2.669388j,18.748293
-0.811177+0.516972j,-0.044896+2.837079j,-0.122326-2.668668j,18.756854
-0.810284+0.518172j,-0.044710+2.835699j,-0.122377-2.667948j,18.765412
-0.809390+0.519370j,-0.044523+2.834320j,-0.122427-2.667228j,18.773966
-0.808494+0.520567j,-0.044336+2.832941j,-0.122477-2.666509j,18.782518
-0.807596+0.521762j,-0.044149+2.831563j,-0.122528-2.665789j,18.791066
-0.806696+0.522956j,-0.043962+2.830184j,-0.122578-2.665069j,18.799610
-0.805795+0.524148j,-0.043774+2.828806j,-0.122629-2.664349j,18.808152
-0.804892+0.525339j,-0.043586+2.827428j,-0.122679-2.663630j,18.816690
-0.803987+0.526528j,-0.043398+2.826050j,-0.122730-2.662910j,18.825225
-0.803080+0.527715j,-0.043209+2.824673j,-0.122780-2.662190j,18.833757
-0.802172+0.528901j,-0.043020+2.823296j,-0.122831-2.661471j,18.842285
-0.801262+0.530086j,-0.042831+2.821919j,-0.122881-2.660751j,18.850810
-0.800350+0.531269j,-0.042642+2.820542j,-0.122932-2.660031j,18.859332
-0.799436+0.532450j,-0.042452+2.819165j,-0.122982-2.659312j,18.867851
-0.798521+0.533630j,-0.042262+2.817789j,-0.123033-2.658592j,18.876367
-0.797604+0.534808j,-0.042072+2.816413j,-0.123084-2.657872j,18.884879
-0.796685+0.535985j,-0.041882+2.815037j,-0.123134-2.657153j,18.893388
-0.795765+0.537160j,-0.041691+2.813662j,-0.123185-2.656433j,18.901893
-0.794843+0.538334j,-0.041501+2.812287j,-0.123236-2.655714j,18.910396
-0.793919+0.539506j,-0.041309+2.810911j,-0.123286-2.654994j,18.918895
-0.792993+0.540676j,-0.041118+2.809537j,-0.123337-2.654275j,18.927391
-0.792066+0.541845j,-0.040926+2.808162j,-0.123388-2.653555j,18.935884
-0.791137+0.543012j,-0.040734+2.806788j,-0.123439-2.652836j,18.944373
-0.790206+0.544178j,-0.040542+2.805414j,-0.123489-2.652116j,18.952859
-0.789273+0.545342j,-0.040350+2.804040j,-0.123540-2.651397j,18.961342
-0.788339+0.546505j,-0.040157+2.802667j,-0.123591-2.650677j,18.969822
-0.787403+0.547666j,-0.039964+2.801293j,-0.123642-2.649958j,18.978298
-0.786466+0.548825j,-0.039770+2.799920j,-0.123693-2.649238j,18.986772
-0.785527+0.549983j,-0.039577+2.798548j,-0.123744-2.648519j,18.995242
-0.784586+0.551139j,-0.039383+2.797175j,-0.123795-2.647799j,19.003708
-0.783643+0.552294j,-0.039189+2.795803j,-0.123846-2.647080j,19.012172
-0.782699+0.553447j,-0.038994+2.794431j,-0.123897-2.646361j,19.020632
-0.781753+0.554599j,-0.038800+2.793059j,-0.123948-2.645641j,19.029089
-0.780805+0.555749j,-0.038605+2.791688j,-0.123999-2.644922j,19.037543
-0.779856+0.556897j,-0.038409+2.790317j,-0.124050-2.644203j,19.045993
-0.778905+0.558044j,-0.038214+2.788946j,-0.124101-2.643483j,19.054440
-0.777952+0.559189j,-0.038018+2.787575j,-0.124152-2.642764j,19.062884
-0.776998+0.560332j,-0.037822+2.786205j,-0.124203-2.642045j,19.071325
-0.776042+0.561474j,-0.037626+2.784835j,-0.124254-2.641325j,19.079763
-0.775084+0.562614j,-0.037429+2.783465j,-0.124305-2.640606j,19.088197
-0.774125+0.563753j,-0.037232+2.782095j,-0.124356-2.639887j,19.096628
-0.773164+0.564890j,-0.037035+2.780726j,-0.124408-2.639168j,19.105056
-0.772201+0.566025j,-0.036837+2.779357j,-0.124459-2.638448j,19.113480
-0.771237+0.567159j,-0.036639+2.777988j,-0.124510-2.637729j,19.121902
-0.770271+0.568291j,-0.036441+2.776620j,-0.124561-2.637010j,19.130320
-0.769303+0.569422j,-0.036243+2.775251j,-0.124613-2.636291j,19.138735
-0.768334+0.570551j,-0.036044+2.773883j,-0.124664-2.635572j,19.147146
-0.767363+0.571678j,-0.035845+2.772516j,-0.124715-2.634852j,19.155554
-0.766391+0.572804j,-0.035646+2.771149j,-0.124767-2.634133j,19.163960
-0.765416+0.573928j,-0.035446+2.769781j,-0.124818-2.633414j,19.172362
-0.764441+0.575050j,-0.035247+2.768415j,-0.124869-2.632695j,19.180760
-0.763463+0.576171j,-0.035046+2.767048j,-0.124921-2.631976j,19.189156
-0.762484+0.577290j,-0.034846+2.765682j,-0.124972-2.631257j,19.197548
-0.761503+0.578408j,-0.034645+2.764316j,-0.125024-2.630538j,19.205937
-0.760521+0.579524j,-0.034444+2.762950j,-0.125075-2.629819j,19.214322
-0.759537+0.580638j,-0.034243+2.761585j,-0.125127-2.629100j,19.222705
-0.758552+0.581750j,-0.034041+2.760220j,-0.125178-2.628381j,19.231084
-0.757564+0.582861j,-0.033839+2.758855j,-0.125230-2.627662j,19.239460
-0.756576+0.583970j,-0.033637+2.757491j,-0.125281-2.626943j,19.247833
-0.755585+0.585078j,-0.033435+2.756127j,-0.125333-2.626224j,19.256202
-0.754593+0.586184j,-0.033232+2.754763j,-0.125385-2.625505j,19.264569
-0.753600+0.587288j,-0.033029+2.753399j,-0.125436-2.624786j,19.272932
-0.752605+0.588391j,-0.032825+2.752036j,-0.125488-2.624067j,19.281292
-0.751608+0.589492j,-0.032621+2.750673j,-0.125540-2.623348j,19.289648
-0.750609+0.590591j,-0.032417+2.749310j,-0.125591-2.622629j,19.298002
-0.749609+0.591688j,-0.032213+2.747948j,-0.125643-2.621910j,19.306352
-0.748608+0.592784j,-0.032008+2.746586j,-0.125695-2.621191j,19.314699
-0.747605+0.593878j,-0.031803+2.745224j,-0.125747-2.620472j,19.323043
-0.746600+0.594971j,-0.031598+2.743862j,-0.125798-2.619753j,19.331383
-0.745594+0.596062j,-0.031393+2.742501j,-0.125850-2.619035j,19.339720
-0.744586+0.597151j,-0.031187+2.741140j,-0.125902-2.618316j,19.348054
-0.743576+0.598239j,-0.030980+2.739780j,-0.125954-2.617597j,19.356385
-0.742565+0.599324j,-0.030774+2.738420j,-0.126006-2.616878j,19.364713
-0.741553+0.600409j,-0.030567+2.737060j,-0.126058-2.616159j,19.373037
-0.740538+0.601491j,-0.030360+2.735700j,-0.126110-2.615441j,19.381358
-0.739523+0.602572j,-0.030152+2.734341j,-0.126162-2.614722j,19.389676
-0.738505+0.603651j,-0.029945+2.732982j,-0.126214-2.614003j,19.397991
-0.737487+0.604728j,-0.029737+2.731623j,-0.126266-2.613285j,19.406302
-0.736466+0.605804j,-0.029528+2.730265j,-0.126318-2.612566j,19.414611
-0.735444+0.606878j,-0.029319+2.728907j,-0.126370-2.611847j,19.422916
-0.734421+0.607950j,-0.029110+2.727549j,-0.126422-2.611128j,19.431217
-0.733396+0.609020j,-0.028901+2.726192j,-0.126474-2.610410j,19.439516
-0.732369+0.610089j,-0.028691+2.724834j,-0.126526-2.609691j,19.447811
-0.731341+0.611156j,-0.028481+2.723478j,-0.126579-2.608973j,19.456103
-0.730311+0.612222j,-0.028271+2.722121j,-0.126631-2.608254j,19.464392
-0.729280+0.613285j,-0.028060+2.720765j,-0.126683-2.607535j,19.472678
-0.728247+0.614347j,-0.027849+2.719409j,-0.126735-2.606817j,19.480961
-0.727213+0.615408j,-0.027638+2.718054j,-0.126788-2.606098j,19.489240
-0.726177+0.616466j,-0.027426+2.716699j,-0.126840-2.605380j,19.497516
-0.725140+0.617523j,-0.027214+2.715344j,-0.126892-2.604661j,19.505789
-0.724101+0.618578j,-0.027002+2.713990j,-0.126945-2.603943j,19.514058
-0.723060+0.619631j,-0.026789+2.712636j,-0.126997-2.603224j,19.522325
-0.722018+0.620683j,-0.026577+2.711282j,-0.127050-2.602506j,19.530588
-0.720975+0.621733j,-0.026363+2.709928j,-0.127102-2.601787j,19.538848
-0.719930+0.622781j,-0.026150+2.708575j,-0.127154-2.601069j,19.547105
-0.718884+0.623827j,-0.025936+2.707223j,-0.127207-2.600351j,19.555358
-0.717836+0.624872j,-0.025721+2.705870j,-0.127259-2.599632j,19.563609
-0.716786+0.625915j,-0.025507+2.704518j,-0.127312-2.598914j,19.571856
-0.715735+0.626956j,-0.025292+2.703167j,-0.127365-2.598195j,19.580100
-0.714683+0.627995j,-0.025076+2.701815j,-0.127417-2.597477j,19.588341
-0.713629+0.629033j,-0.024861+2.700464j,-0.127470-2.596759j,19.596578
-0.712573+0.630069j,-0.024645+2.699114j,-0.127522-2.596040j,19.604812
-0.711517+0.631103j,-0.024429+2.697763j,-0.127575-2.595322j,19.613044
-0.710458+0.632136j,-0.024212+2.696413j,-0.127628-2.594604j,19.621271
-0.709398+0.633166j,-0.023995+2.695064j,-0.127681-2.593886j,19.629496
-0.708337+0.634195j,-0.023778+2.693714j,-0.127733-2.593167j,19.637718
-0.707274+0.635222j,-0.023560+2.692366j,-0.127786-2.592449j,19.645936
-0.706210+0.636248j,-0.023342+2.691017j,-0.127839-2.591731j,19.654151
-0.705144+0.637271j,-0.023124+2.689669j,-0.127892-2.591013j,19.662363
-0.704077+0.638293j,-0.022905+2.688321j,-0.127945-2.590294j,19.670571
-0.703008+0.639313j,-0.022686+2.686974j,-0.127997-2.589576j,19.678777
-0.701938+0.640331j,-0.022466+2.685627j,-0.128050-2.588858j,19.686979
-0.700866+0.641348j,-0.022247+2.684280j,-0.128103-2.588140j,19.695178
-0.699793+0.642363j,-0.022027+2.682934j,-0.128156-2.587422j,19.703374
-0.698719+0.643376j,-0.021806+2.681588j,-0.128209-2.586704j,19.711567
-0.697643+0.644387j,-0.021585+2.680242j,-0.128262-2.585986j,19.719756
-0.696565+0.645396j,-0.021364+2.678897j,-0.128315-2.585268j,19.727943
-0.695486+0.646404j,-0.021143+2.677552j,-0.128368-2.584550j,19.736126
-0.694406+0.647410j,-0.020921+2.676207j,-0.128422-2.583832j,19.744305
-0.693324+0.648414j,-0.020699+2.674863j,-0.128475-2.583114j,19.752482
-0.692241+0.649416j,-0.020476+2.673520j,-0.128528-2.582396j,19.760656
-0.691156+0.650416j,-0.020253+2.672176j,-0.128581-2.581678j,19.768826
-0.690070+0.651415j,-0.020030+2.670833j,-0.128634-2.580960j,19.776993
-0.688983+0.652412j,-0.019806+2.669491j,-0.128687-2.580242j,19.785157
-0.687894+0.653407j,-0.019582+2.668149j,-0.128741-2.579524j,19.793318
-0.686803+0.654400j,-0.019358+2.666807j,-0.128794-2.578806j,19.801475
-0.685712+0.655392j,-0.019133+2.665465j,-0.128847-2.578088j,19.809629
-0.684619+0.656382j,-0.018908+2.664124j,-0.128901-2.577370j,19.817781
-0.683524+0.657369j,-0.018683+2.662784j,-0.128954-2.576652j,19.825928
-0.682428+0.658355j,-0.018457+2.661444j,-0.129007-2.575934j,19.834073
-0.681331+0.659340j,-0.018231+2.660104j,-0.129061-2.575217j,19.842215
-0.680232+0.660322j,-0.018004+2.658764j,-0.129114-2.574499j,19.850353
-0.679132+0.661303j,-0.017777+2.657425j,-0.129168-2.573781j,19.858488
-0.678030+0.662282j,-0.017550+2.656087j,-0.129221-2.573063j,19.866620
-0.676927+0.663259j,-0.017322+2.654748j,-0.129275-2.572346j,19.874749
-0.675823+0.664234j,-0.017094+2.653410j,-0.129328-2.571628j,19.882875
-0.674717+0.665207j,-0.016866+2.652073j,-0.129382-2.570910j,19.890997
-0.673610+0.666179j,-0.016637+2.650736j,-0.129436-2.570192j,19.899116
-0.672501+0.667148j,-0.016408+2.649399j,-0.129489-2.569475j,19.907232
-0.671391+0.668116j,-0.016179+2.648063j,-0.129543-2.568757j,19.915345
-0.670280+0.669082j,-0.015949+2.646727j,-0.129597-2.568040j,19.923455
-0.669167+0.670046j,-0.015719+2.645392j,-0.129651-2.567322j,19.931562
-0.668053+0.671009j,-0.015488+2.644057j,-0.129704-2.566604j,19.939665
-0.666938+0.671969j,-0.015257+2.642722j,-0.129758-2.565887j,19.947765
-0.665821+0.672928j,-0.015026+2.641388j,-0.129812-2.565169j,19.955862
-0.664703+0.673885j,-0.014794+2.640055j,-0.129866-2.564452j,19.963956
-0.663583+0.674840j,-0.014562+2.638721j,-0.129920-2.563734j,19.972046
-0.662463+0.675793j,-0.014329+2.637388j,-0.129974-2.563017j,19.980134
-0.661340+0.676744j,-0.014097+2.636056j,-0.130028-2.562299j,19.988218
-0.660217+0.677694j,-0.013863+2.634724j,-0.130082-2.561582j,19.996299
-0.659092+0.678642j,-0.013630+2.633392j,-0.130136-2.560864j,20.004377
-0.657966+0.679587j,-0.013396+2.632061j,-0.130190-2.560147j,20.012452
-0.656838+0.680531j,-0.013161+2.630730j,-0.130244-2.559429j,20.020523
-0.655709+0.681473j,-0.012927+2.629400j,-0.130298-2.558712j,20.028592
-0.654579+0.682414j,-0.012691+2.628070j,-0.130352-2.557995j,20.036657
-0.653448+0.683352j,-0.012456+2.626741j,-0.130406-2.557277j,20.044719
-0.652315+0.684289j,-0.012220+2.625412j,-0.130460-2.556560j,20.052778
-0.651180+0.685223j,-0.011984+2.624083j,-0.130515-2.555843j,20.060834
-0.650045+0.686156j,-0.011747+2.622755j,-0.130569-2.555125j,20.068886
-0.648908+0.687087j,-0.011510+2.621427j,-0.130623-2.554408j,20.076936
-0.647770+0.688016j,-0.011272+2.620100j,-0.130677-2.553691j,20.084982
-0.646630+0.688943j,-0.011034+2.618774j,-0.130732-2.552974j,20.093025
-0.645489+0.689868j,-0.010796+2.617447j,-0.130786-2.552256j,20.101065
-0.644347+0.690792j,-0.010558+2.616121j,-0.130840-2.551539j,20.109101
-0.643204+0.691713j,-0.010319+2.614796j,-0.130895-2.550822j,20.117135
-0.642059+0.692633j,-0.010079+2.613471j,-0.130949-2.550105j,20.125165
-0.640913+0.693551j,-0.009839+2.612146j,-0.131004-2.549388j,20.133193
-0.639766+0.694467j,-0.009599+2.610822j,-0.131058-2.548671j,20.141217
-0.638617+0.695381j,-0.009358+2.609499j,-0.131113-2.547954j,20.149238
-0.637467+0.696293j,-0.009117+2.608176j,-0.131167-2.547236j,20.157255
-0.636316+0.697203j,-0.008876+2.606853j,-0.131222-2.546519j,20.165270
-0.635164+0.698112j,-0.008634+2.605531j,-0.131277-2.545802j,20.173281
-0.634010+0.699018j,-0.008392+2.604209j,-0.131331-2.545085j,20.181290
-0.632855+0.699923j,-0.008149+2.602888j,-0.131386-2.544368j,20.189295
-0.631699+0.700826j,-0.007906+2.601567j,-0.131441-2.543651j,20.197297
-0.630541+0.701726j,-0.007663+2.600247j,-0.131496-2.542934j,20.205295
-0.629382+0.702625j,-0.007419+2.598927j,-0.131550-2.542217j,20.213291
-0.628222+0.703522j,-0.007175+2.597608j,-0.131605-2.541501j,20.221284
-0.627061+0.704418j,-0.006930+2.596289j,-0.131660-2.540784j,20.229273
-0.625898+0.705311j,-0.006685+2.594970j,-0.131715-2.540067j,20.237259
-0.624735+0.706202j,-0.006439+2.593653j,-0.131770-2.539350j,20.245242
-0.623569+0.707092j,-0.006194+2.592335j,-0.131825-2.538633j,20.253222
-0.622403+0.707979j,-0.005947+2.591018j,-0.131880-2.537916j,20.261199
-0.621235+0.708865j,-0.005701+2.589702j,-0.131935-2.537199j,20.269172
-0.620067+0.709748j,-0.005453+2.588386j,-0.131990-2.536483j,20.277143
-0.618897+0.710630j,-0.005206+2.587070j,-0.132045-2.535766j,20.285110
-0.617725+0.711510j,-0.004958+2.585755j,-0.132100-2.535049j,20.293074
-0.616553+0.712388j,-0.004710+2.584441j,-0.132155-2.534332j,20.301035
-0.615379+0.713264j,-0.004461+2.583127j,-0.132210-2.533616j,20.308993
-0.614204+0.714138j,-0.004212+2.581814j,-0.132266-2.532899j,20.316948
-0.613028+0.715010j,-0.003962+2.580501j,-0.132321-2.532182j,20.324899
-0.611850+0.715881j,-0.003712+2.579188j,-0.132376-2.531466j,20.332848
-0.610672+0.716749j,-0.003462+2.577876j,-0.132431-2.530749j,20.340793
-0.609492+0.717615j,-0.003211+2.576565j,-0.132487-2.530033j,20.348735
-0.608311+0.718480j,-0.002960+2.575254j,-0.132542-2.529316j,20.356674
-0.607128+0.719343j,-0.002708+2.573943j,-0.132598-2.528600j,20.364610
-0.605945+0.720203j,-0.002456+2.572634j,-0.132653-2.527883j,20.372543
-0.604760+0.721062j,-0.002203+2.571324j,-0.132709-2.527166j,20.380472
-0.603574+0.721919j,-0.001950+2.570015j,-0.132764-2.526450j,20.388399
-0.602387+0.722774j,-0.001697+2.568707j,-0.132820-2.525734j,20.396322
-0.601199+0.723626j,-0.001443+2.567399j,-0.132875-2.525017j,20.404242
-0.600009+0.724477j,-0.001189+2.566092j,-0.132931-2.524301j,20.412159
-0.598819+0.725326j,-0.000935+2.564785j,-0.132986-2.523584j,20.420073
-0.597627+0.726174j,-0.000679+2.563479j,-0.133042-2.522868j,20.427984
-0.596434+0.727019j,-0.000424+2.562173j,-0.133098-2.522152j,20.435892
-0.595239+0.727862j,-0.000168+2.560868j,-0.133153-2.521435j,20.443796
-0.594044+0.728703j,0.000088+2.559564j,-0.133209-2.520719j,20.451698
-0.592848+0.729542j,0.000345+2.558260j,-0.133265-2.520003j,20.459596
-0.591650+0.730380j,0.000602+2.556956j,-0.133321-2.519286j,20.467491
-0.590451+0.731215j,0.000860+2.555653j,-0.133377-2.518570j,20.475383
-0.589251+0.732049j,0.001118+2.554351j,-0.133433-2.517854j,20.483272
-0.588050+0.732880j,0.001376+2.553049j,-0.133489-2.517138j,20.491158
-0.586847+0.733710j,0.001635+2.551747j,-0.133545-2.516421j,20.499040
-0.585644+0.734537j,0.001895+2.550447j,-0.133601-2.515705j,20.506920
-0.584439+0.735363j,0.002155+2.549146j,-0.133657-2.514989j,20.514796
-0.583233+0.736187j,0.002415+2.547847j,-0.133713-2.514273j,20.522670
-0.582026+0.737008j,0.002675+2.546548j,-0.133769-2.513557j,20.530540
-0.580818+0.737828j,0.002937+2.545249j,-0.133825-2.512841j,20.538407
-0.579609+0.738646j,0.003198+2.543951j,-0.133881-2.512125j,20.546271
-0.578399+0.739462j,0.003460+2.542654j,-0.133937-2.511409j,20.554131
-0.577187+0.740276j,0.003722+2.541357j,-0.133993-2.510693j,20.561989
-0.575975+0.741087j,0.003985+2.540061j,-0.134050-2.509977j,20.569844
-0.574761+0.741897j,0.004249+2.538765j,-0.134106-2.509261j,20.577695
-0.573546+0.742705j,0.004512+2.537470j,-0.134162-2.508545j,20.585544
-0.572330+0.743511j,0.004777+2.536175j,-0.134219-2.507829j,20.593389
-0.571113+0.744315j,0.005041+2.534881j,-0.134275-2.507113j,20.601231
-0.569895+0.745117j,0.005306+2.533588j,-0.134332-2.506397j,20.609070
-0.568676+0.745917j,0.005572+2.532295j,-0.134388-2.505681j,20.616906
-0.567455+0.746715j,0.005838+2.531003j,-0.134445-2.504966j,20.624739
-0.566234+0.747511j,0.006104+2.529711j,-0.134501-2.504250j,20.632569
-0.565011+0.748305j,0.006371+2.528420j,-0.134558-2.503534j,20.640395
-0.563787+0.749098j,0.006638+2.527130j,-0.134614-2.502818j,20.648219
-0.562563+0.749888j,0.006906+2.525840j,-0.134671-2.502102j,20.656039
-0.561337+0.750676j,0.007174+2.524551j,-0.134728-2.501387j,20.663856
-0.560110+0.751462j,0.007443+2.523262j,-0.134784-2.500671j,20.671671
-0.558882+0.752246j,0.007712+2.521974j,-0.134841-2.499955j,20.679482
-0.557653+0.753028j,0.007981+2.520687j,-0.134898-2.499240j,20.687290
-0.556423+0.753808j,0.008251+2.519400j,-0.134955-2.498524j,20.695095
-0.555191+0.754586j,0.008522+2.518114j,-0.135012-2.497809j,20.702896
-0.553959+0.755363j,0.008793+2.516828j,-0.135069-2.497093j,20.710695
-0.552726+0.756137j,0.009064+2.515543j,-0.135126-2.496377j,20.718491
-0.551491+0.756909j,0.009336+2.514259j,-0.135183-2.495662j,20.726283
-0.550256+0.757679j,0.009608+2.512975j,-0.135240-2.494946j,20.734073
-0.549019+0.758447j,0.009881+2.511692j,-0.135297-2.494231j,20.741859
-0.547781+0.759213j,0.010154+2.510409j,-0.135354-2.493515j,20.749642
-0.546543+0.759978j,0.010428+2.509128j,-0.135411-2.492800j,20.757422
-0.545303+0.760740j,0.010702+2.507846j,-0.135468-2.492085j,20.765199
-0.544062+0.761500j,0.010976+2.506566j,-0.135525-2.491369j,20.772973
-0.542820+0.762258j,0.011251+2.505286j,-0.135582-2.490654j,20.780744
-0.541578+0.763014j,0.011527+2.504006j,-0.135640-2.489938j,20.788512
-0.540334+0.763768j,0.011803+2.502728j,-0.135697-2.489223j,20.796277
-0.539089+0.764520j,0.012079+2.501450j,-0.135754-2.488508j,20.804039
-0.537843+0.765270j,0.012356+2.500172j,-0.135812-2.487793j,20.811797
-0.536596+0.766019j,0.012633+2.498896j,-0.135869-2.487077j,20.819553
-0.535348+0.766765j,0.012911+2.497620j,-0.135927-2.486362j,20.827305
-0.534099+0.767509j,0.013189+2.496344j,-0.135984-2.485647j,20.835054
-0.532849+0.768251j,0.013468+2.495069j,-0.136042-2.484932j,20.842801
-0.531598+0.768991j,0.013747+2.493795j,-0.136099-2.484217j,20.850544
-0.530346+0.769729j,0.014027+2.492522j,-0.136157-2.483501j,20.858284
-0.529093+0.770465j,0.014307+2.491249j,-0.136214-2.482786j,20.866021
-0.527839+0.771198j,0.014587+2.489977j,-0.136272-2.482071j,20.873755
-0.526584+0.771930j,0.014868+2.488705j,-0.136330-2.481356j,20.881486
-0.525328+0.772660j,0.015150+2.487435j,-0.136387-2.480641j,20.889214
-0.524071+0.773388j,0.015432+2.486165j,-0.136445-2.479926j,20.896938
-0.522813+0.774114j,0.015714+2.484895j,-0.136503-2.479211j,20.904660
-0.521554+0.774838j,0.015997+2.483626j,-0.136561-2.478496j,20.912379
-0.520294+0.775559j,0.016280+2.482358j,-0.136619-2.477781j,20.920094
-0.519033+0.776279j,0.016564+2.481091j,-0.136677-2.477066j,20.927807
-0.517771+0.776997j,0.016848+2.479824j,-0.136735-2.476352j,20.935516
-0.516508+0.777712j,0.017133+2.478558j,-0.136793-2.475637j,20.943222
-0.515245+0.778426j,0.017418+2.477293j,-0.136851-2.474922j,20.950926
-0.513980+0.779137j,0.017704+2.476028j,-0.136909-2.474207j,20.958626
-0.512714+0.779847j,0.017990+2.474764j,-0.136967-2.473492j,20.966323
-0.511447+0.780554j,0.018277+2.473501j,-0.137025-2.472778j,20.974017
-0.510180+0.781260j,0.018564+2.472239j,-0.137083-2.472063j,20.981708
-0.508911+0.781963j,0.018852+2.470977j,-0.137142-2.471348j,20.989396
-0.507641+0.782665j,0.019140+2.469716j,-0.137200-2.470633j,20.997081
-0.506371+0.783364j,0.019428+2.468455j,-0.137258-2.469919j,21.004763
-0.505099+0.784061j,0.019717+2.467196j,-0.137317-2.469204j,21.012442
-0.503827+0.784756j,0.020007+2.465937j,-0.137375-2.468490j,21.020118
-0.502554+0.785449j,0.020297+2.464679j,-0.137433-2.467775j,21.027791
-0.501279+0.786141j,0.020587+2.463421j,-0.137492-2.467060j,21.035460
-0.500004+0.786830j,0.020878+2.462164j,-0.137550-2.466346j,21.043127
-0.498728+0.787517j,0.021170+2.460908j,-0.137609-2.465631j,21.050791
-0.497451+0.788201j,0.021462+2.459653j,-0.137668-2.464917j,21.058451
-0.496173+0.788884j,0.021754+2.458399j,-0.137726-2.464202j,21.066109
-0.494894+0.789565j,0.022047+2.457145j,-0.137785-2.463488j,21.073763
-0.493614+0.790244j,0.022340+2.455892j,-0.137844-2.462774j,21.081415
-0.492334+0.790921j,0.022634+2.454639j,-0.137902-2.462059j,21.089063
-0.491052+0.791595j,0.022928+2.453388j,-0.137961-2.461345j,21.096709
-0.489769+0.792268j,0.023223+2.452137j,-0.138020-2.460631j,21.104351
-0.488486+0.792938j,0.023518+2.450887j,-0.138079-2.459916j,21.111990
-0.487202+0.793607j,0.023814+2.449637j,-0.138138-2.459202j,21.119627
-0.485917+0.794273j,0.024110+2.448389j,-0.138197-2.458488j,21.127260
-0.484630+0.794937j,0.024407+2.447141j,-0.138256-2.457773j,21.134890
-0.483344+0.795600j,0.024704+2.445894j,-0.138315-2.457059j,21.142517
-0.482056+0.796260j,0.025002+2.444648j,-0.138374-2.456345j,21.150141
-0.480767+0.796918j,0.025300+2.443402j,-0.138433-2.455631j,21.157762
-0.479477+0.797574j,0.025598+2.442158j,-0.138492-2.454917j,21.165381
-0.478187+0.798228j,0.025897+2.440914j,-0.138551-2.454203j,21.172996
-0.476895+0.798880j,0.026197+2.439670j,-0.138610-2.453489j,21.180608
-0.475603+0.799529j,0.026497+2.438428j,-0.138670-2.452775j,21.188217
-0.474310+0.800177j,0.026798+2.437186j,-0.138729-2.452061j,21.195823
-0.473016+0.800823j,0.027099+2.435946j,-0.138788-2.451347j,21.203426
-0.471721+0.801466j,0.027400+2.434706j,-0.138848-2.450633j,21.211026
-0.470426+0.802108j,0.027702+2.433466j,-0.138907-2.449919j,21.218623
-0.469129+0.802747j,0.028005+2.432228j,-0.138967-2.449205j,21.226217
-0.467832+0.803385j,0.028308+2.430990j,-0.139026-2.448491j,21.233808
-0.466534+0.804020j,0.028611+2.429753j,-0.139086-2.447777j,21.241396
-0.465235+0.804653j,0.028915+2.428517j,-0.139145-2.447063j,21.248980
-0.463935+0.805284j,0.029220+2.427282j,-0.139205-2.446350j,21.256562
-0.462634+0.805913j,0.029525+2.426048j,-0.139265-2.445636j,21.264141
-0.461333+0.806540j,0.029830+2.424814j,-0.139324-2.444922j,21.271717
-0.460030+0.807165j,0.030136+2.423581j,-0.139384-2.444208j,21.279290
-0.458727+0.807787j,0.030442+2.422350j,-0.139444-2.443495j,21.286860
-0.457423+0.808408j,0.030749+2.421118j,-0.139504-2.442781j,21.294427
-0.456118+0.809027j,0.031057+2.419888j,-0.139563-2.442067j,21.301991
-0.454813+0.809643j,0.031364+2.418659j,-0.139623-2.441354j,21.309552
-0.453506+0.810257j,0.031673+2.417430j,-0.139683-2.440640j,21.317110
-0.452199+0.810870j,0.031982+2.416202j,-0.139743-2.439927j,21.324664
-0.450891+0.811480j,0.032291+2.414975j,-0.139803-2.439213j,21.332216
-0.449582+0.812088j,0.032601+2.413749j,-0.139864-2.438500j,21.339765
-0.448273+0.812694j,0.032911+2.412524j,-0.139924-2.437786j,21.347311
-0.446962+0.813298j,0.033222+2.411300j,-0.139984-2.437073j,21.354854
-0.445651+0.813899j,0.033533+2.410076j,-0.140044-2.436359j,21.362394
-0.444339+0.814499j,0.033845+2.408853j,-0.140104-2.435646j,21.369931
-0.443026+0.815097j,0.034157+2.407632j,-0.140165-2.434932j,21.377465
-0.441713+0.815692j,0.034470+2.406411j,-0.140225-2.434219j,21.384996
-0.440398+0.816285j,0.034783+2.405191j,-0.140285-2.433506j,21.392524
-0.439083+0.816877j,0.035097+2.403971j,-0.140346-2.432793j,21.400049
-0.437767+0.817466j,0.035411+2.402753j,-0.140406-2.432079j,21.407571
-0.436451+0.818053j,0.035726+2.401535j,-0.140467-2.431366j,21.415090
-0.435133+0.818638j,0.036041+2.400319j,-0.140527-2.430653j,21.422606
-0.433815+0.819221j,0.036357+2.399103j,-0.140588-2.429940j,21.430119
-0.432496+0.819801j,0.036673+2.397888j,-0.140649-2.429227j,21.437629
-0.431176+0.820380j,0.036990+2.396674j,-0.140709-2.428514j,21.445136
-0.429856+0.820956j,0.037307+2.395461j,-0.140770-2.427800j,21.452641
-0.428535+0.821531j,0.037624+2.394249j,-0.140831-2.427087j,21.460142
-0.427213+0.822103j,0.037943+2.393038j,-0.140892-2.426374j,21.467640
-0.425890+0.822673j,0.038261+2.391828j,-0.140952-2.425661j,21.475135
-0.424567+0.823241j,0.038580+2.390618j,-0.141013-2.424948j,21.482628
-0.423243+0.823807j,0.038900+2.389410j,-0.141074-2.424236j,21.490117
-0.421918+0.824371j,0.039220+2.388202j,-0.141135-2.423523j,21.497603
-0.420592+0.824933j,0.039541+2.386995j,-0.141196-2.422810j,21.505087
-0.419266+0.825492j,0.039862+2.385790j,-0.141257-2.422097j,21.512567
-0.417939+0.826050j,0.040183+2.384585j,-0.141319-2.421384j,21.520045
-0.416611+0.826605j,0.040505+2.383381j,-0.141380-2.420671j,21.527519
-0.415283+0.827158j,0.040828+2.382178j,-0.141441-2.419959j,21.534991
-0.413954+0.827709j,0.041151+2.380976j,-0.141502-2.419246j,21.542460
-0.412624+0.828258j,0.041474+2.379775j,-0.141564-2.418533j,21.549925
-0.411293+0.828805j,0.041799+2.378575j,-0.141625-2.417820j,21.557388
-0.409962+0.829350j,0.042123+2.377375j,-0.141686-2.417108j,21.564848
-0.408630+0.829892j,0.042448+2.376177j,-0.141748-2.416395j,21.572305
-0.407297+0.830433j,0.042773+2.374980j,-0.141809-2.415683j,21.579759
-0.405964+0.830971j,0.043099+2.373783j,-0.141871-2.414970j,21.587210
-0.404630+0.831507j,0.043426+2.372588j,-0.141932-2.414258j,21.594658
-0.403295+0.832041j,0.043753+2.371393j,-0.141994-2.413545j,21.602103
-0.401960+0.832573j,0.044080+2.370200j,-0.142056-2.412833j,21.609545
-0.400624+0.833103j,0.044408+2.369007j,-0.142117-2.412120j,21.616984
-0.399287+0.833631j,0.044737+2.367816j,-0.142179-2.411408j,21.624420
-0.397950+0.834156j,0.045066+2.366625j,-0.142241-2.410695j,21.631854
-0.396612+0.834680j,0.045395+2.365436j,-0.142303-2.409983j,21.639284
-0.395273+0.835201j,0.045725+2.364247j,-0.142365-2.409271j,21.646712
-0.393934+0.835720j,0.046055+2.363059j,-0.142426-2.408558j,21.654136
-0.392594+0.836237j,0.046386+2.361873j,-0.142488-2.407846j,21.661558
-0.391253+0.836752j,0.046717+2.360687j,-0.142550-2.407134j,21.668977
-0.389912+0.837265j,0.047049+2.359503j,-0.142613-2.406422j,21.676392
-0.388570+0.837776j,0.047381+2.358319j,-0.142675-2.405710j,21.683805
-0.387227+0.838284j,0.047714+2.357136j,-0.142737-2.404997j,21.691215
-0.385884+0.838790j,0.048048+2.355955j,-0.142799-2.404285j,21.698622
-0.384540+0.839295j,0.048381+2.354774j,-0.142861-2.403573j,21.706026
-0.383195+0.839797j,0.048716+2.353594j,-0.142924-2.402861j,21.713428
-0.381850+0.840297j,0.049050+2.352416j,-0.142986-2.402149j,21.720826
-0.380505+0.840794j,0.049385+2.351238j,-0.143048-2.401437j,21.728221
-0.379158+0.841290j,0.049721+2.350062j,-0.143111-2.400725j,21.735614
-0.377811+0.841783j,0.050057+2.348886j,-0.143173-2.400013j,21.743003
-0.376464+0.842275j,0.050394+2.347712j,-0.143236-2.399302j,21.750390
-0.375115+0.842764j,0.050731+2.346538j,-0.143298-2.398590j,21.757774
-0.373766+0.843251j,0.051069+2.345366j,-0.143361-2.397878j,21.765155
-0.372417+0.843736j,0.051407+2.344194j,-0.143424-2.397166j,21.772532
-0.371067+0.844219j,0.051745+2.343024j,-0.143486-2.396454j,21.779908
-0.369716+0.844699j,0.052084+2.341855j,-0.143549-2.395743j,21.787280
-0.368365+0.845178j,0.052424+2.340686j,-0.143612-2.395031j,21.794649
-0.367013+0.845654j,0.052764+2.339519j,-0.143675-2.394319j,21.802015
-0.365661+0.846128j,0.053104+2.338353j,-0.143738-2.393608j,21.809379
-0.364308+0.846600j,0.053445+2.337188j,-0.143801-2.392896j,21.816739
-0.362954+0.847070j,0.053787+2.336024j,-0.143864-2.392184j,21.824097
-0.361600+0.847538j,0.054129+2.334861j,-0.143927-2.391473j,21.831452
-0.360245+0.848003j,0.054471+2.333699j,-0.143990-2.390761j,21.838804
-0.358890+0.848467j,0.054814+2.332539j,-0.144053-2.390050j,21.846153
-0.357534+0.848928j,0.055157+2.331379j,-0.144116-2.389338j,21.853499
-0.356178+0.849387j,0.055501+2.330220j,-0.144179-2.388627j,21.860842
-0.354821+0.849844j,0.055845+2.329063j,-0.144243-2.387916j,21.868183
-0.353463+0.850299j,0.056190+2.327907j,-0.144306-2.387204j,21.875520
-0.352105+0.850752j,0.056535+2.326751j,-0.144369-2.386493j,21.882855
-0.350747+0.851202j,0.056881+2.325597j,-0.144433-2.385782j,21.890187
-0.349387+0.851650j,0.057227+2.324444j,-0.144496-2.385070j,21.897516
-0.348028+0.852097j,0.057573+2.323292j,-0.144560-2.384359j,21.904842
-0.346667+0.852541j,0.057921+2.322141j,-0.144624-2.383648j,21.912165
-0.345307+0.852982j,0.058268+2.320991j,-0.144687-2.382937j,21.919485
-0.343945+0.853422j,0.058616+2.319843j,-0.144751-2.382226j,21.926803
-0.342583+0.853860j,0.058965+2.318695j,-0.144815-2.381515j,21.934118
-0.341221+0.854295j,0.059313+2.317549j,-0.144878-2.380804j,21.941429
-0.339858+0.854728j,0.059663+2.316404j,-0.144942-2.380093j,21.948738
-0.338495+0.855159j,0.060013+2.315260j,-0.145006-2.379382j,21.956044
-0.337131+0.855588j,0.060363+2.314117j,-0.145070-2.378671j,21.963347
-0.335766+0.856015j,0.060714+2.312975j,-0.145134-2.377960j,21.970648
-0.334401+0.856439j,0.061065+2.311834j,-0.145198-2.377249j,21.977945
-0.333036+0.856862j,0.061417+2.310695j,-0.145262-2.376538j,21.985240
-0.331670+0.857282j,0.061769+2.309556j,-0.145326-2.375827j,21.992532
-0.330303+0.857700j,0.062121+2.308419j,-0.145390-2.375116j,21.999821
-0.328936+0.858116j,0.062474+2.307283j,-0.145455-2.374406j,22.007107
-0.327569+0.858530j,0.062828+2.306148j,-0.145519-2.373695j,22.014390
-0.326201+0.858941j,0.063182+2.305014j,-0.145583-2.372984j,22.021671
-0.324833+0.859351j,0.063536+2.303882j,-0.145648-2.372273j,22.028948
-0.323464+0.859758j,0.063891+2.302751j,-0.145712-2.371563j,22.036223
-0.322094+0.860163j,0.064247+2.301620j,-0.145776-2.370852j,22.043495
-0.320724+0.860566j,0.064602+2.300491j,-0.145841-2.370142j,22.050764
-0.319354+0.860967j,0.064958+2.299364j,-0.145906-2.369431j,22.058030
-0.317983+0.861365j,0.065315+2.298237j,-0.145970-2.368721j,22.065294
-0.316612+0.861761j,0.065672+2.297112j,-0.146035-2.368010j,22.072555
-0.315240+0.862156j,0.066030+2.295987j,-0.146100-2.367300j,22.079812
-0.313868+0.862548j,0.066388+2.294864j,-0.146164-2.366589j,22.087067
-0.312495+0.862938j,0.066746+2.293743j,-0.146229-2.365879j,22.094320
-0.311122+0.863325j,0.067105+2.292622j,-0.146294-2.365169j,22.101569
-0.309749+0.863711j,0.067464+2.291503j,-0.146359-2.364458j,22.108816
-0.308375+0.864094j,0.067824+2.290384j,-0.146424-2.363748j,22.116059
-0.307000+0.864475j,0.068184+2.289268j,-0.146489-2.363038j,22.123300
-0.305625+0.864854j,0.068545+2.288152j,-0.146554-2.362328j,22.130539
-0.304250+0.865231j,0.068906+2.287037j,-0.146619-2.361618j,22.137774
-0.302874+0.865606j,0.069267+2.285924j,-0.146684-2.360907j,22.145007
-0.301498+0.865978j,0.069629+2.284812j,-0.146750-2.360197j,22.152236
-0.300122+0.866349j,0.069992+2.283701j,-0.146815-2.359487j,22.159463
-0.298745+0.866717j,0.070354+2.282592j,-0.146880-2.358777j,22.166687
-0.297367+0.867083j,0.070718+2.281484j,-0.146946-2.358067j,22.173909
-0.295990+0.867446j,0.071081+2.280377j,-0.147011-2.357357j,22.181127
-0.294611+0.867808j,0.071445+2.279271j,-0.147077-2.356647j,22.188343
-0.293233+0.868167j,0.071810+2.278166j,-0.147142-2.355938j,22.195556
-0.291854+0.868525j,0.072175+2.277063j,-0.147208-2.355228j,22.202766
-0.290474+0.868880j,0.072540+2.275961j,-0.147273-2.354518j,22.209974
-0.289094+0.869233j,0.072906+2.274861j,-0.147339-2.353808j,22.217179
-0.287714+0.869583j,0.073272+2.273761j,-0.147405-2.353098j,22.224380
-0.286333+0.869932j,0.073638+2.272663j,-0.147471-2.352389j,22.231580
-0.284952+0.870278j,0.074005+2.271566j,-0.147537-2.351679j,22.238776
-0.283571+0.870622j,0.074373+2.270471j,-0.147603-2.350969j,22.245969
-0.282189+0.870964j,0.074740+2.269376j,-0.147669-2.350260j,22.253160
-0.280807+0.871304j,0.075109+2.268283j,-0.147735-2.349550j,22.260348
-0.279425+0.871642j,0.075477+2.267192j,-0.147801-2.348841j,22.267534
-0.278042+0.871977j,0.075846+2.266101j,-0.147867-2.348131j,22.274716
-0.276659+0.872310j,0.076216+2.265012j,-0.147933-2.347422j,22.281896
-0.275275+0.872642j,0.076585+2.263925j,-0.147999-2.346712j,22.289073
-0.273891+0.872970j,0.076956+2.262838j,-0.148065-2.346003j,22.296247
-0.272507+0.873297j,0.077326+2.261753j,-0.148132-2.345294j,22.303419
-0.271122+0.873622j,0.077697+2.260669j,-0.148198-2.344584j,22.310587
-0.269737+0.873944j,0.078069+2.259587j,-0.148265-2.343875j,22.317753
-0.268352+0.874264j,0.078441+2.258506j,-0.148331-2.343166j,22.324916
-0.266966+0.874582j,0.078813+2.257426j,-0.148398-2.342457j,22.332077
-0.265580+0.874898j,0.079185+2.256348j,-0.148464-2.341748j,22.339235
-0.264194+0.875212j,0.079558+2.255270j,-0.148531-2.341038j,22.346390
-0.262807+0.875523j,0.079932+2.254195j,-0.148598-2.340329j,22.353542
-0.261420+0.875832j,0.080305+2.253120j,-0.148665-2.339620j,22.360692
-0.260032+0.876139j,0.080680+2.252047j,-0.148731-2.338911j,22.367838
-0.258645+0.876444j,0.081054+2.250976j,-0.148798-2.338202j,22.374982
-0.257257+0.876747j,0.081429+2.249905j,-0.148865-2.337493j,22.382124
-0.255868+0.877047j,0.081804+2.248836j,-0.148932-2.336784j,22.389262
-0.254480+0.877346j,0.082180+2.247769j,-0.148999-2.336076j,22.396398
-0.253091+0.877642j,0.082556+2.246702j,-0.149066-2.335367j,22.403531
-0.251702+0.877936j,0.082932+2.245638j,-0.149134-2.334658j,22.410662
-0.250312+0.878227j,0.083309+2.244574j,-0.149201-2.333949j,22.417790
-0.248922+0.878517j,0.083686+2.243512j,-0.149268-2.333240j,22.424915
-0.247532+0.878804j,0.084063+2.242451j,-0.149335-2.332532j,22.432037
-0.246142+0.879090j,0.084441+2.241392j,-0.149403-2.331823j,22.439156
-0.244751+0.879373j,0.084820+2.240334j,-0.149470-2.331115j,22.446273
-0.243360+0.879653j,0.085198+2.239278j,-0.149538-2.330406j,22.453388
-0.241969+0.879932j,0.085577+2.238223j,-0.149605-2.329697j,22.460499
-0.240577+0.880208j,0.085956+2.237169j,-0.149673-2.328989j,22.467608
-0.239186+0.880483j,0.086336+2.236117j,-0.149741-2.328280j,22.474714
-0.237794+0.880755j,0.086716+2.235066j,-0.149808-2.327572j,22.481817
-0.236401+0.881025j,0.087096+2.234016j,-0.149876-2.326864j,22.488918
-0.235009+0.881292j,0.087477+2.232968j,-0.149944-2.326155j,22.496016
-0.233616+0.881558j,0.087858+2.231922j,-0.150012-2.325447j,22.503111
-0.232223+0.881821j,0.088239+2.230877j,-0.150080-2.324739j,22.510204
-0.230829+0.882082j,0.088621+2.229833j,-0.150148-2.324031j,22.517294
-0.229436+0.882341j,0.089003+2.228791j,-0.150216-2.323322j,22.524381
-0.228042+0.882598j,0.089385+2.227750j,-0.150284-2.322614j,22.531466
-0.226648+0.882852j,0.089768+2.226710j,-0.150352-2.321906j,22.538548
-0.225253+0.883105j,0.090151+2.225672j,-0.150420-2.321198j,22.545627
-0.223859+0.883355j,0.090534+2.224636j,-0.150489-2.320490j,22.552703
-0.222464+0.883603j,0.090918+2.223601j,-0.150557-2.319782j,22.559777
-0.221069+0.883849j,0.091302+2.222567j,-0.150625-2.319074j,22.566849
-0.219674+0.884092j,0.091686+2.221535j,-0.150694-2.318366j,22.573917
-0.218278+0.884334j,0.092071+2.220504j,-0.150762-2.317658j,22.580983
-0.216883+0.884573j,0.092456+2.219475j,-0.150831-2.316950j,22.588046
-0.215487+0.884810j,0.092841+2.218448j,-0.150899-2.316243j,22.595107
-0.214091+0.885045j,0.093226+2.217421j,-0.150968-2.315535j,22.602165
-0.212694+0.885277j,0.093612+2.216397j,-0.151037-2.314827j,22.609220
-0.211298+0.885508j,0.093998+2.215373j,-0.151106-2.314119j,22.616273
-0.209901+0.885736j,0.094385+2.214351j,-0.151175-2.313412j,22.623323
-0.208504+0.885962j,0.094772+2.213331j,-0.151244-2.312704j,22.630370
-0.207107+0.886186j,0.095159+2.212312j,-0.151313-2.311997j,22.637415
-0.205710+0.886408j,0.095546+2.211295j,-0.151382-2.311289j,22.644457
-0.204312+0.886627j,0.095934+2.210279j,-0.151451-2.310582j,22.651496
-0.202914+0.886844j,0.096322+2.209265j,-0.151520-2.309874j,22.658533
-0.201517+0.887059j,0.096710+2.208252j,-0.151589-2.309167j,22.665567
-0.200118+0.887272j,0.097098+2.207241j,-0.151658-2.308459j,22.672599
-0.198720+0.887483j,0.097487+2.206231j,-0.151728-2.307752j,22.679628
-0.197322+0.887692j,0.097876+2.205223j,-0.151797-2.307045j,22.686654
-0.195923+0.887898j,0.098266+2.204216j,-0.151866-2.306338j,22.693678
-0.194525+0.888102j,0.098655+2.203211j,-0.151936-2.305630j,22.700699
-0.193126+0.888304j,0.099045+2.202208j,-0.152006-2.304923j,22.707717
-0.191727+0.888504j,0.099435+2.201205j,-0.152075-2.304216j,22.714733
-0.190328+0.888701j,0.099826+2.200205j,-0.152145-2.303509j,22.721746
-0.188928+0.888897j,0.100216+2.199206j,-0.152215-2.302802j,22.728757
-0.187529+0.889090j,0.100607+2.198208j,-0.152284-2.302095j,22.735765
-0.186129+0.889281j,0.100998+2.197213j,-0.152354-2.301388j,22.742770
-0.184729+0.889470j,0.101390+2.196218j,-0.152424-2.300681j,22.749773
-0.183329+0.889656j,0.101782+2.195225j,-0.152494-2.299974j,22.756773
-0.181929+0.889841j,0.102173+2.194234j,-0.152564-2.299267j,22.763771
-0.180529+0.890023j,0.102566+2.193244j,-0.152634-2.298561j,22.770766
-0.179129+0.890203j,0.102958+2.192256j,-0.152705-2.297854j,22.777758
-0.177729+0.890381j,0.103351+2.191270j,-0.152775-2.297147j,22.784748
-0.176328+0.890557j,0.103744+2.190285j,-0.152845-2.296440j,22.791735
-0.174927+0.890730j,0.104137+2.189301j,-0.152915-2.295734j,22.798720
-0.173527+0.890901j,0.104530+2.188320j,-0.152986-2.295027j,22.805702
-0.172126+0.891070j,0.104924+2.187339j,-0.153056-2.294321j,22.812681
-0.170725+0.891237j,0.105317+2.186361j,-0.153127-2.293614j,22.819658
-0.169324+0.891402j,0.105711+2.185384j,-0.153197-2.292908j,22.826632
-0.167923+0.891564j,0.106106+2.184408j,-0.153268-2.292201j,22.833604
-0.166521+0.891725j,0.106500+2.183434j,-0.153339-2.291495j,22.840573
-0.165120+0.891883j,0.106895+2.182462j,-0.153410-2.290789j,22.847540
-0.163719+0.892039j,0.107290+2.181491j,-0.153481-2.290082j,22.854504
-0.162317+0.892193j,0.107685+2.180522j,-0.153551-2.289376j,22.861466
-0.160916+0.892344j,0.108080+2.179555j,-0.153622-2.288670j,22.868425
-0.159514+0.892493j,0.108475+2.178589j,-0.153693-2.287964j,22.875381
-0.158112+0.892641j,0.108871+2.177625j,-0.153765-2.287258j,22.882335
-0.156710+0.892786j,0.109267+2.176662j,-0.153836-2.286551j,22.889286
-0.155308+0.892928j,0.109663+2.175701j,-0.153907-2.285845j,22.896235
-0.153906+0.893069j,0.110059+2.174742j,-0.153978-2.285139j,22.903181
-0.152504+0.893207j,0.110456+2.173784j,-0.154049-2.284433j,22.910125
-0.151102+0.893344j,0.110852+2.172828j,-0.154121-2.283728j,22.917066
-0.149700+0.893478j,0.111249+2.171874j,-0.154192-2.283022j,22.924005
-0.148298+0.893610j,0.111646+2.170921j,-0.154264-2.282316j,22.930941
-0.146896+0.893739j,0.112043+2.169970j,-0.154335-2.281610j,22.937875
-0.145494+0.893867j,0.112440+2.169020j,-0.154407-2.280904j,22.944806
-0.144091+0.893992j,0.112838+2.168072j,-0.154479-2.280199j,22.951734
-0.142689+0.894115j,0.113235+2.167126j,-0.154551-2.279493j,22.958660
-0.141287+0.894236j,0.113633+2.166182j,-0.154622-2.278787j,22.965584
-0.139884+0.894355j,0.114031+2.165239j,-0.154694-2.278082j,22.972505
-0.138482+0.894471j,0.114429+2.164297j,-0.154766-2.277376j,22.979423
-0.137079+0.894586j,0.114827+2.163358j,-0.154838-2.276671j,22.986339
-0.135677+0.894698j,0.115225+2.162420j,-0.154911-2.275965j,22.993252
-0.134274+0.894808j,0.115624+2.161484j,-0.154983-2.275260j,23.000163
-0.132872+0.894915j,0.116022+2.160549j,-0.155055-2.274555j,23.007072
-0.131469+0.895021j,0.116421+2.159616j,-0.155127-2.273849j,23.013978
-0.130067+0.895124j,0.116820+2.158685j,-0.155200-2.273144j,23.020881
-0.128664+0.895226j,0.117219+2.157755j,-0.155272-2.272439j,23.027782
-0.127262+0.895325j,0.117618+2.156828j,-0.155344-2.271734j,23.034681
-0.125859+0.895421j,0.118017+2.155901j,-0.155417-2.271029j,23.041577
-0.124457+0.895516j,0.118417+2.154977j,-0.155490-2.270323j,23.048470
-0.123054+0.895609j,0.118816+2.154054j,-0.155562-2.269618j,23.055361
-0.121652+0.895699j,0.119215+2.153133j,-0.155635-2.268913j,23.062250
-0.120249+0.895787j,0.119615+2.152214j,-0.155708-2.268208j,23.069136
-0.118847+0.895873j,0.120015+2.151296j,-0.155781-2.267504j,23.076019
-0.117444+0.895957j,0.120415+2.150380j,-0.155854-2.266799j,23.082900
-0.116042+0.896038j,0.120815+2.149466j,-0.155927-2.266094j,23.089779
-0.114640+0.896118j,0.121215+2.148553j,-0.156000-2.265389j,23.096655
-0.113237+0.896195j,0.121615+2.147642j,-0.156073-2.264684j,23.103529
-0.111835+0.896270j,0.122015+2.146733j,-0.156146-2.263980j,23.110400
-0.110433+0.896343j,0.122415+2.145826j,-0.156219-2.263275j,23.117269
-0.109030+0.896413j,0.122815+2.144920j,-0.156293-2.262570j,23.124136
-0.107628+0.896482j,0.123216+2.144016j,-0.156366-2.261866j,23.130999
-0.106226+0.896548j,0.123616+2.143114j,-0.156440-2.261161j,23.137861
-0.104824+0.896612j,0.124017+2.142213j,-0.156513-2.260457j,23.144720
-0.103422+0.896674j,0.124417+2.141314j,-0.156587-2.259753j,23.151577
-0.102020+0.896734j,0.124818+2.140417j,-0.156660-2.259048j,23.158431
-0.100618+0.896791j,0.125219+2.139522j,-0.156734-2.258344j,23.165282
-0.099216+0.896847j,0.125619+2.138628j,-0.156808-2.257640j,23.172132
-0.097815+0.896900j,0.126020+2.137736j,-0.156882-2.256935j,23.178979
-0.096413+0.896951j,0.126421+2.136846j,-0.156956-2.256231j,23.185823
-0.095011+0.897000j,0.126822+2.135958j,-0.157030-2.255527j,23.192665
-0.093610+0.897046j,0.127223+2.135071j,-0.157104-2.254823j,23.199505
-0.092209+0.897091j,0.127623+2.134186j,-0.157178-2.254119j,23.206342
-0.090807+0.897133j,0.128024+2.133303j,-0.157252-2.253415j,23.213176
-0.089406+0.897173j,0.128425+2.132422j,-0.157326-2.252711j,23.220009
-0.088005+0.897211j,0.128826+2.131542j,-0.157401-2.252007j,23.226839
-0.086604+0.897247j,0.129227+2.130664j,-0.157475-2.251303j,23.233666
-0.085203+0.897281j,0.129628+2.129788j,-0.157550-2.250600j,23.240491
-0.083802+0.897312j,0.130029+2.128914j,-0.157624-2.249896j,23.247314
-0.082401+0.897341j,0.130430+2.128041j,-0.157699-2.249192j,23.254134
-0.081001+0.897368j,0.130831+2.127171j,-0.157773-2.248488j,23.260952
-0.079600+0.897393j,0.131232+2.126302j,-0.157848-2.247785j,23.267768
-0.078200+0.897416j,0.131633+2.125434j,-0.157923-2.247081j,23.274581
-0.076800+0.897436j,0.132034+2.124569j,-0.157998-2.246378j,23.281392
-0.075399+0.897455j,0.132435+2.123705j,-0.158073-2.245674j,23.288200
-0.073999+0.897471j,0.132836+2.122843j,-0.158148-2.244971j,23.295006
-0.072600+0.897485j,0.133237+2.121983j,-0.158223-2.244267j,23.301810
-0.071200+0.897497j,0.133637+2.121125j,-0.158298-2.243564j,23.308611
-0.069800+0.897506j,0.134038+2.120268j,-0.158373-2.242861j,23.315410
-0.068401+0.897514j,0.134439+2.119413j,-0.158449-2.242158j,23.322207
-0.067001+0.897519j,0.134840+2.118560j,-0.158524-2.241454j,23.329001
-0.065602+0.897522j,0.135240+2.117709j,-0.158600-2.240751j,23.335793
-0.064203+0.897523j,0.135641+2.116860j,-0.158675-2.240048j,23.342582
-0.062804+0.897522j,0.136042+2.116012j,-0.158751-2.239345j,23.349369
-0.061406+0.897519j,0.136442+2.115166j,-0.158826-2.238642j,23.356154
-0.060007+0.897513j,0.136843+2.114322j,-0.158902-2.237939j,23.362936
-0.058609+0.897506j,0.137243+2.113480j,-0.158978-2.237236j,23.369716
-0.057211+0.897496j,0.137643+2.112640j,-0.159054-2.236534j,23.376494
-0.055813+0.897484j,0.138043+2.111801j,-0.159130-2.235831j,23.383269
-0.054415+0.897470j,0.138444+2.110964j,-0.159206-2.235128j,23.390042
-0.053017+0.897453j,0.138844+2.110129j,-0.159282-2.234425j,23.396813
-0.051620+0.897435j,0.139244+2.109296j,-0.159358-2.233723j,23.403581
-0.050222+0.897414j,0.139643+2.108465j,-0.159434-2.233020j,23.410347
-0.048825+0.897391j,0.140043+2.107635j,-0.159510-2.232318j,23.417111
-0.047428+0.897366j,0.140443+2.106808j,-0.159587-2.231615j,23.423872
-0.046032+0.897339j,0.140842+2.105982j,-0.159663-2.230913j,23.430631
-0.044635+0.897310j,0.141242+2.105158j,-0.159740-2.230210j,23.437388
-0.043239+0.897278j,0.141641+2.104335j,-0.159816-2.229508j,23.444143
-0.041843+0.897245j,0.142041+2.103515j,-0.159893-2.228806j,23.450895
-0.040447+0.897209j,0.142440+2.102696j,-0.159969-2.228103j,23.457644
-0.039051+0.897171j,0.142839+2.101879j,-0.160046-2.227401j,23.464392
-0.037655+0.897131j,0.143238+2.101064j,-0.160123-2.226699j,23.471137
-0.036260+0.897089j,0.143636+2.100251j,-0.160200-2.225997j,23.477880
-0.034865+0.897044j,0.144035+2.099440j,-0.160277-2.225295j,23.484621
-0.033470+0.896997j,0.144433+2.098630j,-0.160354-2.224593j,23.491359
-0.032076+0.896949j,0.144832+2.097823j,-0.160431-2.223891j,23.498095
-0.030681+0.896898j,0.145230+2.097017j,-0.160508-2.223189j,23.504829
-0.029287+0.896845j,0.145628+2.096213j,-0.160586-2.222487j,23.511560
-0.027893+0.896789j,0.146026+2.095411j,-0.160663-2.221785j,23.518289
-0.026500+0.896732j,0.146423+2.094611j,-0.160741-2.221084j,23.525016
-0.025106+0.896672j,0.146821+2.093812j,-0.160818-2.220382j,23.531741
-0.023713+0.896611j,0.147218+2.093015j,-0.160896-2.219680j,23.538463
-0.022320+0.896547j,0.147615+2.092221j,-0.160973-2.218979j,23.545183
-0.020928+0.896481j,0.148012+2.091428j,-0.161051-2.218277j,23.551901
-0.019535+0.896413j,0.148409+2.090637j,-0.161129-2.217576j,23.558617
-0.018143+0.896342j,0.148806+2.089847j,-0.161207-2.216874j,23.565330
-0.016751+0.896270j,0.149202+2.089060j,-0.161285-2.216173j,23.572041
-0.015360+0.896195j,0.149599+2.088275j,-0.161363-2.215472j,23.578750
-0.013968+0.896119j,0.149995+2.087491j,-0.161441-2.214770j,23.585456
-0.012577+0.896040j,0.150390+2.086709j,-0.161519-2.214069j,23.592161
-0.011187+0.895959j,0.150786+2.085929j,-0.161597-2.213368j,23.598863
-0.009796+0.895875j,0.151181+2.085151j,-0.161676-2.212667j,23.605562
-0.008406+0.895790j,0.151577+2.084375j,-0.161754-2.211966j,23.612260
-0.007016+0.895703j,0.151972+2.083600j,-0.161832-2.211265j,23.618955
-0.005626+0.895613j,0.152366+2.082828j,-0.161911-2.210564j,23.625648
-0.004237+0.895521j,0.152761+2.082057j,-0.161990-2.209863j,23.632339
-0.002848+0.895427j,0.153155+2.081288j,-0.162068-2.209162j,23.639028
-0.001459+0.895331j,0.153549+2.080521j,-0.162147-2.208461j,23.645714
-0.000071+0.895233j,0.153943+2.079756j,-0.162226-2.207761j,23.652399
0.001317+0.895133j,0.154337+2.078993j,-0.162305-2.207060j,23.659081
0.002705+0.895030j,0.154730+2.078231j,-0.162384-2.206359j,23.665760
0.004092+0.894925j,0.155123+2.077472j,-0.162463-2.205659j,23.672438
0.005480+0.894819j,0.155516+2.076714j,-0.162542-2.204958j,23.679113
0.006866+0.894710j,0.155909+2.075958j,-0.162621-2.204258j,23.685787
0.008253+0.894599j,0.156301+2.075204j,-0.162701-2.203557j,23.692457
0.009639+0.894486j,0.156693+2.074452j,-0.162780-2.202857j,23.699126
0.011025+0.894370j,0.157085+2.073702j,-0.162860-2.202157j,23.705793
0.012411+0.894253j,0.157476+2.072954j,-0.162939-2.201456j,23.712457
0.013796+0.894133j,0.157868+2.072207j,-0.163019-2.200756j,23.719119
0.015181+0.894011j,0.158258+2.071462j,-0.163098-2.200056j,23.725779
0.016565+0.893888j,0.158649+2.070720j,-0.163178-2.199356j,23.732437
0.017949+0.893762j,0.159039+2.069979j,-0.163258-2.198656j,23.739093
0.019333+0.893633j,0.159430+2.069240j,-0.163338-2.197956j,23.745746
0.020716+0.893503j,0.159819+2.068503j,-0.163418-2.197256j,23.752398
0.022100+0.893371j,0.160209+2.067767j,-0.163498-2.196556j,23.759047
0.023482+0.893236j,0.160598+2.067034j,-0.163578-2.195856j,23.765694
0.024865+0.893100j,0.160987+2.066303j,-0.163658-2.195156j,23.772339
0.026247+0.892961j,0.161375+2.065573j,-0.163739-2.194457j,23.778981
0.027628+0.892820j,0.161763+2.064845j,-0.163819-2.193757j,23.785622
0.029010+0.892677j,0.162151+2.064119j,-0.163900-2.193057j,23.792260
0.030390+0.892532j,0.162539+2.063395j,-0.163980-2.192358j,23.798896
0.031771+0.892384j,0.162926+2.062673j,-0.164061-2.191658j,23.805530
0.033151+0.892235j,0.163313+2.061953j,-0.164141-2.190959j,23.812162
0.034531+0.892083j,0.163699+2.061234j,-0.164222-2.190259j,23.818792
0.035910+0.891930j,0.164086+2.060518j,-0.164303-2.189560j,23.825419
0.037289+0.891774j,0.164471+2.059803j,-0.164384-2.188861j,23.832045
0.038668+0.891616j,0.164857+2.059091j,-0.164465-2.188162j,23.838668
0.040046+0.891456j,0.165242+2.058380j,-0.164546-2.187463j,23.845289
0.041423+0.891294j,0.165627+2.057671j,-0.164627-2.186763j,23.851908
0.042801+0.891130j,0.166011+2.056964j,-0.164709-2.186064j,23.858525
0.044178+0.890963j,0.166395+2.056258j,-0.164790-2.185365j,23.865140
0.045554+0.890795j,0.166779+2.055555j,-0.164871-2.184666j,23.871753
0.046930+0.890624j,0.167162+2.054854j,-0.164953-2.183968j,23.878364
0.048306+0.890452j,0.167545+2.054154j,-0.165034-2.183269j,23.884972
0.049681+0.890277j,0.167927+2.053456j,-0.165116-2.182570j,23.891578
0.051056+0.890100j,0.168310+2.052760j,-0.165198-2.181871j,23.898183
0.052431+0.889921j,0.168691+2.052066j,-0.165280-2.181173j,23.904785
0.053805+0.889740j,0.169073+2.051374j,-0.165362-2.180474j,23.911385
0.055178+0.889556j,0.169454+2.050684j,-0.165444-2.179776j,23.917983
0.056551+0.889371j,0.169834+2.049996j,-0.165526-2.179077j,23.924579
0.057924+0.889183j,0.170214+2.049309j,-0.165608-2.178379j,23.931173
0.059296+0.888994j,0.170594+2.048625j,-0.165690-2.177680j,23.937764
0.060668+0.888802j,0.170973+2.047942j,-0.165772-2.176982j,23.944354
0.062039+0.888608j,0.171352+2.047261j,-0.165855-2.176284j,23.950941
0.063410+0.888412j,0.171731+2.046582j,-0.165937-2.175586j,23.957527
0.064780+0.888214j,0.172109+2.045905j,-0.166020-2.174887j,23.964110
0.066150+0.888014j,0.172486+2.045230j,-0.166102-2.174189j,23.970692
0.067520+0.887812j,0.172863+2.044557j,-0.166185-2.173491j,23.977271
0.068889+0.887608j,0.173240+2.043885j,-0.166268-2.172793j,23.983848
0.070257+0.887401j,0.173616+2.043216j,-0.166351-2.172095j,23.990423
0.071625+0.887193j,0.173992+2.042548j,-0.166434-2.171398j,23.996996
0.072993+0.886982j,0.174368+2.041882j,-0.166517-2.170700j,24.003567
0.074360+0.886769j,0.174743+2.041218j,-0.166600-2.170002j,24.010136
0.075727+0.886555j,0.175117+2.040556j,-0.166683-2.169305j,24.016703
0.077093+0.886338j,0.175491+2.039896j,-0.166766-2.168607j,24.023268
0.078459+0.886119j,0.175865+2.039238j,-0.166850-2.167909j,24.029831
0.079824+0.885897j,0.176238+2.038582j,-0.166933-2.167212j,24.036392
0.081188+0.885674j,0.176610+2.037927j,-0.167017-2.166514j,24.042950
0.082553+0.885449j,0.176982+2.037274j,-0.167100-2.165817j,24.049507
0.083916+0.885222j,0.177354+2.036624j,-0.167184-2.165120j,24.056062
0.085279+0.884992j,0.177725+2.035975j,-0.167268-2.164423j,24.062614
0.086642+0.884761j,0.178096+2.035328j,-0.167352-2.163725j,24.069165
0.088004+0.884527j,0.178466+2.034682j,-0.167436-2.163028j,24.075714
0.089366+0.884291j,0.178836+2.034039j,-0.167520-2.162331j,24.082260
0.090727+0.884053j,0.179205+2.033398j,-0.167604-2.161634j,24.088805
0.092088+0.883814j,0.179574+2.032758j,-0.167688-2.160937j,24.095347
0.093448+0.883572j,0.179942+2.032121j,-0.167772-2.160240j,24.101888
0.094807+0.883328j,0.180310+2.031485j,-0.167857-2.159544j,24.108426
0.096166+0.883081j,0.180677+2.030851j,-0.167941-2.158847j,24.114963
0.097525+0.882833j,0.181044+2.030219j,-0.168026-2.158150j,24.121498
0.098882+0.882583j,0.181410+2.029589j,-0.168110-2.157454j,24.128030
0.100240+0.882331j,0.181775+2.028960j,-0.168195-2.156757j,24.134561
0.101597+0.882076j,0.182141+2.028334j,-0.168280-2.156060j,24.141089
0.102953+0.881820j,0.182505+2.027709j,-0.168365-2.155364j,24.147616
0.104309+0.881561j,0.182869+2.027086j,-0.168450-2.154668j,24.154140
0.105664+0.881300j,0.183233+2.026466j,-0.168535-2.153971j,24.160663
0.107019+0.881038j,0.183596+2.025847j,-0.168620-2.153275j,24.167184
0.108373+0.880773j,0.183958+2.025230j,-0.168705-2.152579j,24.173702
0.109726+0.880506j,0.184320+2.024614j,-0.168791-2.151883j,24.180219
0.111079+0.880237j,0.184681+2.024001j,-0.168876-2.151187j,24.186734
0.112431+0.879966j,0.185042+2.023389j,-0.168962-2.150491j,24.193246
0.113783+0.879693j,0.185402+2.022780j,-0.169047-2.149795j,24.199757
0.115135+0.879418j,0.185762+2.022172j,-0.169133-2.149099j,24.206266
0.116485+0.879140j,0.186121+2.021566j,-0.169219-2.148403j,24.212773
0.117835+0.878861j,0.186480+2.020962j,-0.169304-2.147707j,24.219278
0.119185+0.878580j,0.186838+2.020360j,-0.169390-2.147012j,24.225781
0.120534+0.878296j,0.187195+2.019759j,-0.169476-2.146316j,24.232282
0.121882+0.878011j,0.187552+2.019161j,-0.169563-2.145620j,24.238781
0.123230+0.877723j,0.187908+2.018564j,-0.169649-2.144925j,24.245278
0.124577+0.877434j,0.188264+2.017969j,-0.169735-2.144229j,24.251773
0.125923+0.877142j,0.188619+2.017376j,-0.169821-2.143534j,24.258266
0.127269+0.876849j,0.188973+2.016785j,-0.169908-2.142839j,24.264757
0.128615+0.876553j,0.189327+2.016196j,-0.169994-2.142143j,24.271247
0.129959+0.876255j,0.189681+2.015608j,-0.170081-2.141448j,24.277734
0.131303+0.875955j,0.190033+2.015023j,-0.170168-2.140753j,24.284220
0.132647+0.875653j,0.190386+2.014439j,-0.170255-2.140058j,24.290703
0.133990+0.875349j,0.190737+2.013857j,-0.170342-2.139363j,24.297185
0.135332+0.875043j,0.191088+2.013277j,-0.170429-2.138668j,24.303665
0.136673+0.874735j,0.191438+2.012699j,-0.170516-2.137973j,24.310142
0.138014+0.874425j,0.191788+2.012123j,-0.170603-2.137279j,24.316618
0.139355+0.874113j,0.192137+2.011548j,-0.170690-2.136584j,24.323092
0.140695+0.873799j,0.192486+2.010976j,-0.170777-2.135889j,24.329565
0.142034+0.873483j,0.192833+2.010405j,-0.170865-2.135195j,24.336035
0.143372+0.873164j,0.193181+2.009836j,-0.170952-2.134500j,24.342503
0.144710+0.872844j,0.193527+2.009269j,-0.171040-2.133806j,24.348970
0.146047+0.872522j,0.193873+2.008704j,-0.171128-2.133111j,24.355434
0.147383+0.872197j,0.194218+2.008140j,-0.171216-2.132417j,24.361897
0.148719+0.871871j,0.194563+2.007578j,-0.171304-2.131723j,24.368357
0.150054+0.871543j,0.194907+2.007019j,-0.171392-2.131028j,24.374816
0.151389+0.871212j,0.195251+2.006461j,-0.171480-2.130334j,24.381273
0.152723+0.870880j,0.195593+2.005905j,-0.171568-2.129640j,24.387728
0.154056+0.870545j,0.195936+2.005350j,-0.171656-2.128946j,24.394182
0.155389+0.870209j,0.196277+2.004798j,-0.171744-2.128252j,24.400633
0.156720+0.869870j,0.196618+2.004247j,-0.171833-2.127558j,24.407083
0.158052+0.869529j,0.196958+2.003698j,-0.171921-2.126865j,24.413530
0.159382+0.869187j,0.197297+2.003151j,-0.172010-2.126171j,24.419976
0.160712+0.868842j,0.197636+2.002606j,-0.172099-2.125477j,24.426420
0.162041+0.868495j,0.197974+2.002063j,-0.172188-2.124784j,24.432862
0.163370+0.868147j,0.198312+2.001521j,-0.172277-2.124090j,24.439302
0.164697+0.867796j,0.198649+2.000982j,-0.172366-2.123397j,24.445741
0.166024+0.867443j,0.198985+2.000444j,-0.172455-2.122703j,24.452177
0.167351+0.867088j,0.199320+1.999908j,-0.172544-2.122010j,24.458612
0.168676+0.866732j,0.199655+1.999374j,-0.172633-2.121317j,24.465045
0.170001+0.866373j,0.199989+1.998841j,-0.172723-2.120623j,24.471476
0.171326+0.866012j,0.200323+1.998311j,-0.172812-2.119930j,24.477905
0.172649+0.865649j,0.200656+1.997782j,-0.172902-2.119237j,24.484332
0.173972+0.865284j,0.200988+1.997255j,-0.172991-2.118544j,24.490758
0.175294+0.864917j,0.201319+1.996730j,-0.173081-2.117851j,24.497181
0.176616+0.864548j,0.201650+1.996206j,-0.173171-2.117158j,24.503603
0.177936+0.864178j,0.201980+1.995685j,-0.173261-2.116466j,24.510023
0.179256+0.863805j,0.202309+1.995165j,-0.173351-2.115773j,24.516441
0.180576+0.863430j,0.202638+1.994647j,-0.173441-2.115080j,24.522858
0.181894+0.863053j,0.202966+1.994131j,-0.173531-2.114388j,24.529272
0.183212+0.862674j,0.203293+1.993616j,-0.173621-2.113695j,24.535685
0.184529+0.862293j,0.203619+1.993104j,-0.173712-2.113003j,24.542096
0.185845+0.861910j,0.203945+1.992593j,-0.173802-2.112310j,24.548505
0.187161+0.861525j,0.204270+1.992084j,-0.173893-2.111618j,24.554912
0.188476+0.861139j,0.204594+1.991577j,-0.173984-2.110926j,24.561318
0.189790+0.860750j,0.204918+1.991072j,-0.174075-2.110234j,24.567722
0.191103+0.860359j,0.205241+1.990568j,-0.174165-2.109542j,24.574124
0.192416+0.859966j,0.205563+1.990066j,-0.174256-2.108850j,24.580524
0.193727+0.859571j,0.205885+1.989566j,-0.174348-2.108158j,24.586922
0.195039+0.859174j,0.206205+1.989068j,-0.174439-2.107466j,24.593319
0.196349+0.858775j,0.206525+1.988571j,-0.174530-2.106774j,24.599714
0.197658+0.858375j,0.206845+1.988077j,-0.174621-2.106082j,24.606107
0.198967+0.857972j,0.207163+1.987584j,-0.174713-2.105391j,24.612498
0.200275+0.857567j,0.207481+1.987093j,-0.174804-2.104699j,24.618888
0.201582+0.857160j,0.207798+1.986603j,-0.174896-2.104008j,24.625275
0.202889+0.856751j,0.208114+1.986116j,-0.174988-2.103316j,24.631661
0.204194+0.856341j,0.208430+1.985630j,-0.175080-2.102625j,24.638046
0.205499+0.855928j,0.208745+1.985146j,-0.175172-2.101933j,24.644428
0.206803+0.855513j,0.209059+1.984664j,-0.175264-2.101242j,24.650809
0.208107+0.855097j,0.209372+1.984183j,-0.175356-2.100551j,24.657188
0.209409+0.854678j,0.209685+1.983705j,-0.175448-2.099860j,24.663565
0.210711+0.854257j,0.209997+1.983228j,-0.175541-2.099169j,24.669940
0.212012+0.853835j,0.210308+1.982753j,-0.175633-2.098478j,24.676314
0.213312+0.853410j,0.210618+1.982279j,-0.175726-2.097787j,24.682686
0.214611+0.852984j,0.210928+1.981808j,-0.175818-2.097096j,24.689056
0.215910+0.852555j,0.211237+1.981338j,-0.175911-2.096406j,24.695425
0.217207+0.852125j,0.211545+1.980870j,-0.176004-2.095715j,24.701791
0.218504+0.851692j,0.211852+1.980403j,-0.176097-2.095025j,24.708156
0.219800+0.851258j,0.212158+1.979939j,-0.176190-2.094334j,24.714520
0.221096+0.850822j,0.212464+1.979476j,-0.176283-2.093644j,24.720881
0.222390+0.850383j,0.212769+1.979015j,-0.176376-2.092953j,24.727241
0.223684+0.849943j,0.213073+1.978555j,-0.176470-2.092263j,24.733599
0.224976+0.849501j,0.213377+1.978098j,-0.176563-2.091573j,24.739955
0.226268+0.849057j,0.213680+1.977642j,-0.176657-2.090883j,24.746310
0.227560+0.848610j,0.213981+1.977188j,-0.176750-2.090193j,24.752663
0.228850+0.848162j,0.214283+1.976735j,-0.176844-2.089503j,24.759014
0.230139+0.847712j,0.214583+1.976285j,-0.176938-2.088813j,24.765364
0.231428+0.847260j,0.214882+1.975836j,-0.177032-2.088123j,24.771712
0.232716+0.846806j,0.215181+1.975388j,-0.177126-2.087433j,24.778058
0.234002+0.846351j,0.215479+1.974943j,-0.177220-2.086744j,24.784402
0.235288+0.845893j,0.215776+1.974499j,-0.177314-2.086054j,24.790745
0.236574+0.845433j,0.216073+1.974057j,-0.177409-2.085364j,24.797086
0.237858+0.844971j,0.216368+1.973617j,-0.177503-2.084675j,24.803426
0.239141+0.844508j,0.216663+1.973179j,-0.177598-2.083986j,24.809763
0.240424+0.844042j,0.216957+1.972742j,-0.177692-2.083296j,24.816099
0.241706+0.843575j,0.217251+1.972307j,-0.177787-2.082607j,24.822433
0.242987+0.843105j,0.217543+1.971873j,-0.177882-2.081918j,24.828766
0.244267+0.842634j,0.217835+1.971442j,-0.177977-2.081229j,24.835097
0.245546+0.842161j,0.218126+1.971012j,-0.178072-2.080540j,24.841426
0.246824+0.841685j,0.218416+1.970584j,-0.178167-2.079851j,24.847754
0.248101+0.841208j,0.218705+1.970157j,-0.178262-2.079162j,24.854080
0.249378+0.840729j,0.218993+1.969732j,-0.178358-2.078474j,24.860404
0.250654+0.840248j,0.219281+1.969309j,-0.178453-2.077785j,24.866727
0.251928+0.839765j,0.219568+1.968888j,-0.178549-2.077096j,24.873048
0.253202+0.839280j,0.219854+1.968468j,-0.178645-2.076408j,24.879367
0.254475+0.838793j,0.220139+1.968050j,-0.178740-2.075719j,24.885685
0.255747+0.838305j,0.220423+1.967634j,-0.178836-2.075031j,24.892001
0.257018+0.837814j,0.220707+1.967220j,-0.178932-2.074343j,24.898315
0.258288+0.837321j,0.220990+1.966807j,-0.179029-2.073654j,24.904628
0.259558+0.836827j,0.221272+1.966396j,-0.179125-2.072966j,24.910939
0.260826+0.836331j,0.221553+1.965986j,-0.179221-2.072278j,24.917248
0.262094+0.835832j,0.221833+1.965578j,-0.179318-2.071590j,24.923556
0.263360+0.835332j,0.222113+1.965172j,-0.179414-2.070902j,24.929862
0.264626+0.834830j,0.222391+1.964768j,-0.179511-2.070215j,24.936167
0.265891+0.834326j,0.222669+1.964365j,-0.179607-2.069527j,24.942470
0.267154+0.833820j,0.222946+1.963964j,-0.179704-2.068839j,24.948771
0.268417+0.833312j,0.223222+1.963565j,-0.179801-2.068152j,24.955071
0.269679+0.832803j,0.223498+1.963167j,-0.179898-2.067464j,24.961369
0.270940+0.832291j,0.223772+1.962771j,-0.179996-2.066777j,24.967665
0.272200+0.831778j,0.224046+1.962377j,-0.180093-2.066089j,24.973960
0.273460+0.831262j,0.224319+1.961985j,-0.180190-2.065402j,24.980253
0.274718+0.830745j,0.224591+1.961594j,-0.180288-2.064715j,24.986545
0.275975+0.830226j,0.224862+1.961204j,-0.180385-2.064028j,24.992834
0.277231+0.829705j,0.225132+1.960817j,-0.180483-2.063341j,24.999123
0.278487+0.829182j,0.225402+1.960431j,-0.180581-2.062654j,25.005410
0.279741+0.828657j,0.225671+1.960047j,-0.180679-2.061967j,25.011695
0.280995+0.828130j,0.225939+1.959664j,-0.180777-2.061280j,25.017978
0.282247+0.827601j,0.226206+1.959283j,-0.180875-2.060594j,25.024260
0.283499+0.827071j,0.226472+1.958904j,-0.180973-2.059907j,25.030541
0.284749+0.826538j,0.226737+1.958526j,-0.181072-2.059221j,25.036819
0.285999+0.826004j,0.227002+1.958150j,-0.181170-2.058534j,25.043097
0.287248+0.825468j,0.227266+1.957776j,-0.181269-2.057848j,25.049372
0.288495+0.824930j,0.227528+1.957404j,-0.181367-2.057162j,25.055646
0.289742+0.824390j,0.227790+1.957033j,-0.181466-2.056475j,25.061919
0.290988+0.823848j,0.228052+1.956663j,-0.181565-2.055789j,25.068190
0.292232+0.823305j,0.228312+1.956296j,-0.181664-2.055103j,25.074459
0.293476+0.822759j,0.228571+1.955930j,-0.181763-2.054417j,25.080727
0.294719+0.822212j,0.228830+1.955565j,-0.181862-2.053732j,25.086993
0.295961+0.821663j,0.229088+1.955202j,-0.181962-2.053046j,25.093257
0.297202+0.821111j,0.229345+1.954841j,-0.182061-2.052360j,25.099520
0.298441+0.820558j,0.229601+1.954482j,-0.182161-2.051675j,25.105782
0.299680+0.820004j,0.229856+1.954124j,-0.182260-2.050989j,25.112042
0.300918+0.819447j,0.230111+1.953768j,-0.182360-2.050304j,25.118300
0.302155+0.818888j,0.230364+1.953413j,-0.182460-2.049618j,25.124557
0.303391+0.818328j,0.230617+1.953060j,-0.182560-2.048933j,25.130812
0.304626+0.817766j,0.230869+1.952709j,-0.182660-2.048248j,25.137066
0.305859+0.817202j,0.231120+1.952359j,-0.182761-2.047563j,25.143318
0.307092+0.816636j,0.231370+1.952011j,-0.182861-2.046878j,25.149569
0.308324+0.816068j,0.231619+1.951665j,-0.182961-2.046193j,25.155818
0.309555+0.815498j,0.231867+1.951320j,-0.183062-2.045508j,25.162065
0.310784+0.814927j,0.232115+1.950977j,-0.183163-2.044823j,25.168311
0.312013+0.814353j,0.232362+1.950635j,-0.183263-2.044139j,25.174556
0.313241+0.813778j,0.232608+1.950295j,-0.183364-2.043454j,25.180799
0.314467+0.813201j,0.232853+1.949957j,-0.183465-2.042770j,25.187040
0.315693+0.812622j,0.233097+1.949620j,-0.183567-2.042085j,25.193280
0.316918+0.812042j,0.233340+1.949285j,-0.183668-2.041401j,25.199519
0.318141+0.811459j,0.233582+1.948951j,-0.183769-2.040717j,25.205755
0.319364+0.810875j,0.233824+1.948619j,-0.183871-2.040032j,25.211991
0.320585+0.810289j,0.234065+1.948289j,-0.183972-2.039348j,25.218225
0.321805+0.809701j,0.234305+1.947960j,-0.184074-2.038664j,25.224457
0.323025+0.809111j,0.234544+1.947633j,-0.184176-2.037981j,25.230688
0.324243+0.808519j,0.234782+1.947308j,-0.184278-2.037297j,25.236917
0.325460+0.807926j,0.235019+1.946984j,-0.184380-2.036613j,25.243145
0.326677+0.807330j,0.235255+1.946661j,-0.184482-2.035929j,25.249371
0.327892+0.806733j,0.235491+1.946341j,-0.184584-2.035246j,25.255596
0.329106+0.806134j,0.235726+1.946021j,-0.184687-2.034562j,25.261819
0.330319+0.805533j,0.235959+1.945704j,-0.184789-2.033879j,25.268041
0.331531+0.804931j,0.236192+1.945388j,-0.184892-2.033196j,25.274262
0.332742+0.804326j,0.236424+1.945073j,-0.184995-2.032513j,25.280480
0.333951+0.803720j,0.236656+1.944761j,-0.185097-2.031830j,25.286698
0.335160+0.803112j,0.236886+1.944449j,-0.185200-2.031147j,25.292914
0.336368+0.802502j,0.237115+1.944140j,-0.185303-2.030464j,25.299128
0.337574+0.801891j,0.237344+1.943832j,-0.185407-2.029781j,25.305341
0.338780+0.801277j,0.237572+1.943525j,-0.185510-2.029098j,25.311552
0.339984+0.800662j,0.237799+1.943220j,-0.185613-2.028416j,25.317762
0.341188+0.800045j,0.238025+1.942917j,-0.185717-2.027733j,25.323971
0.342390+0.799426j,0.238250+1.942615j,-0.185821-2.027051j,25.330178
0.343591+0.798806j,0.238474+1.942315j,-0.185925-2.026368j,25.336384
0.344791+0.798183j,0.238698+1.942016j,-0.186028-2.025686j,25.342588
0.345990+0.797559j,0.238920+1.941719j,-0.186132-2.025004j,25.348790
0.347188+0.796933j,0.239142+1.941423j,-0.186237-2.024322j,25.354991
0.348384+0.796305j,0.239363+1.941129j,-0.186341-2.023640j,25.361191
0.349580+0.795676j,0.239583+1.940837j,-0.186445-2.022958j,25.367390
0.350775+0.795045j,0.239802+1.940546j,-0.186550-2.022276j,25.373586
0.351968+0.794411j,0.240020+1.940256j,-0.186654-2.021594j,25.379782
0.353160+0.793776j,0.240237+1.939969j,-0.186759-2.020913j,25.385976
0.354351+0.793140j,0.240454+1.939682j,-0.186864-2.020231j,25.392168
0.355541+0.792501j,0.240670+1.939398j,-0.186969-2.019550j,25.398359
0.356730+0.791861j,0.240884+1.939115j,-0.187074-2.018868j,25.404549
0.357918+0.791219j,0.241098+1.938833j,-0.187179-2.018187j,25.410737
0.359105+0.790575j,0.241311+1.938553j,-0.187285-2.017506j,25.416924
0.360290+0.789930j,0.241523+1.938274j,-0.187390-2.016825j,25.423109
0.361475+0.789283j,0.241735+1.937997j,-0.187496-2.016144j,25.429293
0.362658+0.788634j,0.241945+1.937722j,-0.187602-2.015463j,25.435476
0.363840+0.787983j,0.242155+1.937448j,-0.187707-2.014782j,25.441657
0.365021+0.787330j,0.242363+1.937175j,-0.187813-2.014102j,25.447836
0.366201+0.786676j,0.242571+1.936905j,-0.187919-2.013421j,25.454014
0.367379+0.786020j,0.242778+1.936635j,-0.188026-2.012741j,25.460191
0.368557+0.785362j,0.242984+1.936367j,-0.188132-2.012060j,25.466367
0.369733+0.784702j,0.243189+1.936101j,-0.188238-2.011380j,25.472541
0.370909+0.784041j,0.243394+1.935836j,-0.188345-2.010700j,25.478713
0.372083+0.783378j,0.243597+1.935573j,-0.188452-2.010020j,25.484884
0.373256+0.782713j,0.243800+1.935311j,-0.188559-2.009340j,25.491054
0.374427+0.782046j,0.244002+1.935051j,-0.188665-2.008660j,25.497223
0.375598+0.781378j,0.244202+1.934792j,-0.188773-2.007980j,25.503389
0.376767+0.780708j,0.244402+1.934535j,-0.188880-2.007300j,25.509555
0.377935+0.780036j,0.244602+1.934279j,-0.188987-2.006620j,25.515719
0.379103+0.779363j,0.244800+1.934025j,-0.189094-2.005941j,25.521882
0.380268+0.778687j,0.244997+1.933772j,-0.189202-2.005261j,25.528043
0.381433+0.778010j,0.245194+1.933521j,-0.189310-2.004582j,25.534203
0.382597+0.777332j,0.245390+1.933271j,-0.189417-2.003903j,25.540362
0.383759+0.776651j,0.245584+1.933023j,-0.189525-2.003224j,25.546519
0.384920+0.775969j,0.245778+1.932777j,-0.189633-2.002545j,25.552675
0.386080+0.775285j,0.245971+1.932531j,-0.189742-2.001866j,25.558830
0.387239+0.774599j,0.246164+1.932288j,-0.189850-2.001187j,25.564983
0.388397+0.773912j,0.246355+1.932046j,-0.189958-2.000508j,25.571134
0.389553+0.773223j,0.246545+1.931805j,-0.190067-1.999829j,25.577285
0.390708+0.772532j,0.246735+1.931566j,-0.190176-1.999151j,25.583434
0.391862+0.771840j,0.246924+1.931328j,-0.190284-1.998472j,25.589582
0.393015+0.771145j,0.247112+1.931092j,-0.190393-1.997794j,25.595728
0.394167+0.770449j,0.247299+1.930857j,-0.190502-1.997116j,25.601873
0.395317+0.769752j,0.247485+1.930623j,-0.190612-1.996438j,25.608016
0.396466+0.769052j,0.247670+1.930392j,-0.190721-1.995760j,25.614158
0.397614+0.768351j,0.247855+1.930161j,-0.190830-1.995082j,25.620299
0.398761+0.767649j,0.248038+1.929932j,-0.190940-1.994404j,25.626439
0.399906+0.766944j,0.248221+1.929705j,-0.191050-1.993726j,25.632577
0.401051+0.766238j,0.248403+1.929479j,-0.191160-1.993048j,25.638714
0.402194+0.765530j,0.248584+1.929255j,-0.191270-1.992371j,25.644849
0.403336+0.764821j,0.248764+1.929032j,-0.191380-1.991693j,25.650983
0.404476+0.764110j,0.248943+1.928810j,-0.191490-1.991016j,25.657116
0.405616+0.763397j,0.249122+1.928590j,-0.191600-1.990339j,25.663248
0.406754+0.762682j,0.249299+1.928372j,-0.191711-1.989662j,25.669378
0.407891+0.761966j,0.249476+1.928155j,-0.191821-1.988985j,25.675507
0.409026+0.761248j,0.249652+1.927939j,-0.191932-1.988308j,25.681634
0.410161+0.760528j,0.249827+1.927725j,-0.192043-1.987631j,25.687760
0.411294+0.759807j,0.250001+1.927512j,-0.192154-1.986954j,25.693885
0.412426+0.759084j,0.250174+1.927301j,-0.192265-1.986278j,25.700008
0.413557+0.758359j,0.250347+1.927091j,-0.192376-1.985601j,25.706131
0.414686+0.757633j,0.250518+1.926882j,-0.192488-1.984925j,25.712251
0.415814+0.756905j,0.250689+1.926675j,-0.192599-1.984248j,25.718371
0.416941+0.756175j,0.250859+1.926470j,-0.192711-1.983572j,25.724489
0.418067+0.755444j,0.251028+1.926266j,-0.192823-1.982896j,25.730606
0.419191+0.754711j,0.251196+1.926063j,-0.192934-1.982220j,25.736722
0.420315+0.753976j,0.251364+1.925862j,-0.193047-1.981544j,25.742836
0.421436+0.753240j,0.251530+1.925662j,-0.193159-1.980868j,25.748949
0.422557+0.752502j,0.251696+1.925464j,-0.193271-1.980193j,25.755061
0.423676+0.751762j,0.251861+1.925267j,-0.193383-1.979517j,25.761171
0.424795+0.751021j,0.252024+1.925072j,-0.193496-1.978842j,25.767280
0.425911+0.750278j,0.252188+1.924878j,-0.193609-1.978166j,25.773388
0.427027+0.749533j,0.252350+1.924685j,-0.193722-1.977491j,25.779494
0.428141+0.748787j,0.252511+1.924494j,-0.193835-1.976816j,25.785600
0.429254+0.748039j,0.252672+1.924304j,-0.193948-1.976141j,25.791704
0.430366+0.747290j,0.252831+1.924116j,-0.194061-1.975466j,25.797806
0.431476+0.746538j,0.252990+1.923929j,-0.194174-1.974791j,25.803908
0.432585+0.745786j,0.253148+1.923744j,-0.194288-1.974116j,25.810008
0.433693+0.745031j,0.253305+1.923560j,-0.194401-1.973442j,25.816106
0.434800+0.744275j,0.253462+1.923377j,-0.194515-1.972767j,25.822204
0.435905+0.743517j,0.253617+1.923196j,-0.194629-1.972093j,25.828300
0.437009+0.742758j,0.253772+1.923016j,-0.194743-1.971418j,25.834395
0.438112+0.741997j,0.253926+1.922838j,-0.194857-1.970744j,25.840489
0.439213+0.741235j,0.254079+1.922661j,-0.194972-1.970070j,25.846581
0.440313+0.740470j,0.254231+1.922485j,-0.195086-1.969396j,25.852673
0.441412+0.739705j,0.254382+1.922311j,-0.195201-1.968722j,25.858762
0.442509+0.738937j,0.254532+1.922139j,-0.195316-1.968049j,25.864851
0.443605+0.738168j,0.254682+1.921967j,-0.195430-1.967375j,25.870939
0.444700+0.737397j,0.254831+1.921797j,-0.195545-1.966702j,25.877025
0.445793+0.736625j,0.254979+1.921629j,-0.195661-1.966028j,25.883110
0.446885+0.735851j,0.255126+1.921462j,-0.195776-1.965355j,25.889193
0.447976+0.735076j,0.255272+1.921296j,-0.195891-1.964682j,25.895276
0.449066+0.734299j,0.255418+1.921132j,-0.196007-1.964009j,25.901357
0.450154+0.733520j,0.255562+1.920969j,-0.196122-1.963336j,25.907437
0.451241+0.732740j,0.255706+1.920807j,-0.196238-1.962663j,25.913515
0.452326+0.731958j,0.255849+1.920647j,-0.196354-1.961990j,25.919593
0.453410+0.731174j,0.255991+1.920488j,-0.196470-1.961317j,25.925669
0.454493+0.730389j,0.256132+1.920331j,-0.196587-1.960645j,25.931744
0.455575+0.729602j,0.256273+1.920175j,-0.196703-1.959972j,25.937818
0.456655+0.728814j,0.256412+1.920020j,-0.196820-1.959300j,25.943890
0.457734+0.728024j,0.256551+1.919867j,-0.196936-1.958628j,25.949961
0.458811+0.727233j,0.256689+1.919715j,-0.197053-1.957956j,25.956031
0.459887+0.726440j,0.256826+1.919565j,-0.197170-1.957284j,25.962100
0.460962+0.725645j,0.256963+1.919416j,-0.197287-1.956612j,25.968168
0.462035+0.724849j,0.257098+1.919268j,-0.197404-1.955940j,25.974234
0.463108+0.724051j,0.257233+1.919122j,-0.197522-1.955269j,25.980299
0.464178+0.723252j,0.257367+1.918977j,-0.197639-1.954597j,25.986363
0.465248+0.722451j,0.257500+1.918833j,-0.197757-1.953926j,25.992426
0.466316+0.721649j,0.257632+1.918691j,-0.197875-1.953255j,25.998487
0.467382+0.720845j,0.257764+1.918550j,-0.197993-1.952583j,26.004548
0.468447+0.720039j,0.257894+1.918411j,-0.198111-1.951912j,26.010607
0.469511+0.719232j,0.258024+1.918273j,-0.198229-1.951241j,26.016665
0.470574+0.718423j,0.258153+1.918136j,-0.198347-1.950571j,26.022721
0.471635+0.717613j,0.258281+1.918000j,-0.198466-1.949900j,26.028777
0.472695+0.716801j,0.258409+1.917866j,-0.198584-1.949229j,26.034831
0.473753+0.715988j,0.258535+1.917734j,-0.198703-1.948559j,26.040884
0.474810+0.715173j,0.258661+1.917602j,-0.198822-1.947889j,26.046936
0.475866+0.714356j,0.258786+1.917472j,-0.198941-1.947218j,26.052987
0.476920+0.713538j,0.258910+1.917344j,-0.199060-1.946548j,26.059036
0.477973+0.712719j,0.259033+1.917216j,-0.199180-1.945878j,26.065085
0.479024+0.711898j,0.259156+1.917090j,-0.199299-1.945208j,26.071132
0.480074+0.711075j,0.259278+1.916966j,-0.199419-1.944539j,26.077178
0.481123+0.710251j,0.259399+1.916843j,-0.199539-1.943869j,26.083223
0.482170+0.709425j,0.259519+1.916721j,-0.199659-1.943200j,26.089266
0.483216+0.708598j,0.259638+1.916600j,-0.199779-1.942530j,26.095309
0.484261+0.707769j,0.259757+1.916481j,-0.199899-1.941861j,26.101350
0.485304+0.706939j,0.259874+1.916363j,-0.200019-1.941192j,26.107390
0.486345+0.706107j,0.259991+1.916247j,-0.200140-1.940523j,26.113429
0.487386+0.705274j,0.260107+1.916131j,-0.200261-1.939854j,26.119467
0.488425+0.704439j,0.260223+1.916017j,-0.200382-1.939185j,26.125503
0.489462+0.703602j,0.260337+1.915905j,-0.200502-1.938516j,26.131539
0.490498+0.702764j,0.260451+1.915794j,-0.200624-1.937848j,26.137573
0.491533+0.701925j,0.260564+1.915684j,-0.200745-1.937179j,26.143606
0.492566+0.701084j,0.260676+1.915575j,-0.200866-1.936511j,26.149638
0.493598+0.700242j,0.260787+1.915468j,-0.200988-1.935843j,26.155669
0.494628+0.699398j,0.260898+1.915362j,-0.201110-1.935175j,26.161698
0.495657+0.698552j,0.261008+1.915258j,-0.201231-1.934507j,26.167727
0.496684+0.697705j,0.261117+1.915154j,-0.201353-1.933839j,26.173754
0.497711+0.696857j,0.261225+1.915052j,-0.201476-1.933171j,26.179781
0.498735+0.696007j,0.261333+1.914952j,-0.201598-1.932504j,26.185806
0.499758+0.695156j,0.261439+1.914852j,-0.201720-1.931836j,26.191830
0.500780+0.694303j,0.261545+1.914754j,-0.201843-1.931169j,26.197852
0.501801+0.693448j,0.261650+1.914658j,-0.201966-1.930502j,26.203874
0.502819+0.692592j,0.261755+1.914562j,-0.202089-1.929835j,26.209894
0.503837+0.691735j,0.261858+1.914468j,-0.202212-1.929168j,26.215914
0.504853+0.690876j,0.261961+1.914376j,-0.202335-1.928501j,26.221932
0.505868+0.690016j,0.262063+1.914284j,-0.202458-1.927834j,26.227949
0.506881+0.689154j,0.262164+1.914194j,-0.202582-1.927168j,26.233965
0.507892+0.688291j,0.262265+1.914105j,-0.202706-1.926501j,26.239980
0.508903+0.687426j,0.262364+1.914018j,-0.202829-1.925835j,26.245994
0.509911+0.686560j,0.262463+1.913931j,-0.202953-1.925169j,26.252006
0.510919+0.685692j,0.262562+1.913846j,-0.203077-1.924503j,26.258018
0.511924+0.684823j,0.262659+1.913763j,-0.203202-1.923837j,26.264028
0.512929+0.683952j,0.262756+1.913680j,-0.203326-1.923171j,26.270038
0.513932+0.683080j,0.262851+1.913599j,-0.203451-1.922506j,26.276046
0.514933+0.682207j,0.262947+1.913520j,-0.203575-1.921840j,26.282053
0.515933+0.681332j,0.263041+1.913441j,-0.203700-1.921175j,26.288059
0.516932+0.680455j,0.263134+1.913364j,-0.203825-1.920509j,26.294064
0.517929+0.679577j,0.263227+1.913288j,-0.203951-1.919844j,26.300067
0.518924+0.678698j,0.263319+1.913214j,-0.204076-1.919179j,26.306070
0.519919+0.677817j,0.263411+1.913140j,-0.204201-1.918514j,26.312072
0.520911+0.676935j,0.263501+1.913068j,-0.204327-1.917849j,26.318072
0.521902+0.676051j,0.263591+1.912997j,-0.204453-1.917185j,26.324071
0.522892+0.675166j,0.263680+1.912928j,-0.204579-1.916520j,26.330070
0.523880+0.674280j,0.263768+1.912860j,-0.204705-1.915856j,26.336067
0.524867+0.673392j,0.263856+1.912793j,-0.204831-1.915192j,26.342063
0.525852+0.672502j,0.263943+1.912727j,-0.204958-1.914528j,26.348058
0.526836+0.671612j,0.264029+1.912663j,-0.205084-1.913864j,26.354052
0.527818+0.670719j,0.264114+1.912600j,-0.205211-1.913200j,26.360045
0.528799+0.669826j,0.264199+1.912538j,-0.205338-1.912536j,26.366036
0.529778+0.668931j,0.264282+1.912477j,-0.205465-1.911872j,26.372027
0.530756+0.668034j,0.264366+1.912418j,-0.205592-1.911209j,26.378017
0.531732+0.667136j,0.264448+1.912360j,-0.205720-1.910546j,26.384005
0.532707+0.666237j,0.264530+1.912303j,-0.205847-1.909883j,26.389993
0.533680+0.665336j,0.264610+1.912248j,-0.205975-1.909219j,26.395979
0.534652+0.664434j,0.264691+1.912194j,-0.206103-1.908557j,26.401964
0.535622+0.663530j,0.264770+1.912141j,-0.206231-1.907894j,26.407949
0.536591+0.662625j,0.264849+1.912089j,-0.206359-1.907231j,26.413932
0.537558+0.661719j,0.264927+1.912038j,-0.206487-1.906569j,26.419914
0.538524+0.660811j,0.265004+1.911989j,-0.206616-1.905906j,26.425895
0.539488+0.659902j,0.265080+1.911941j,-0.206745-1.905244j,26.431875
0.540451+0.658991j,0.265156+1.911895j,-0.206873-1.904582j,26.437854
0.541412+0.658080j,0.265231+1.911849j,-0.207002-1.903920j,26.443832
0.542371+0.657166j,0.265305+1.911805j,-0.207132-1.903258j,26.449809
0.543329+0.656251j,0.265379+1.911762j,-0.207261-1.902596j,26.455785
0.544286+0.655335j,0.265452+1.911720j,-0.207390-1.901935j,26.461759
0.545241+0.654418j,0.265524+1.911680j,-0.207520-1.901273j,26.467733
0.546195+0.653499j,0.265595+1.911641j,-0.207650-1.900612j,26.473706
0.547147+0.652579j,0.265666+1.911603j,-0.207780-1.899951j,26.479677
0.548097+0.651657j,0.265736+1.911566j,-0.207910-1.899290j,26.485648
0.549046+0.650734j,0.265805+1.911531j,-0.208040-1.898629j,26.491618
0.549993+0.649810j,0.265874+1.911496j,-0.208171-1.897968j,26.497586
0.550939+0.648884j,0.265942+1.911463j,-0.208301-1.897308j,26.503554
0.551883+0.647957j,0.266009+1.911432j,-0.208432-1.896647j,26.509520
0.552826+0.647029j,0.266075+1.911401j,-0.208563-1.895987j,26.515486
0.553767+0.646099j,0.266141+1.911372j,-0.208694-1.895327j,26.521450
0.554707+0.645168j,0.266206+1.911344j,-0.208825-1.894667j,26.527413
0.555645+0.644235j,0.266270+1.911317j,-0.208957-1.894007j,26.533376
0.556582+0.643301j,0.266334+1.911291j,-0.209088-1.893347j,26.539337
0.557517+0.642366j,0.266397+1.911267j,-0.209220-1.892688j,26.545297
0.558450+0.641430j,0.266459+1.911244j,-0.209352-1.892028j,26.551257
0.559382+0.640492j,0.266520+1.911222j,-0.209484-1.891369j,26.557215
0.560312+0.639552j,0.266581+1.911201j,-0.209616-1.890710j,26.563172
0.561241+0.638612j,0.266641+1.911182j,-0.209749-1.890051j,26.569129
0.562168+0.637670j,0.266701+1.911163j,-0.209881-1.889392j,26.575084
0.563094+0.636727j,0.266760+1.911146j,-0.210014-1.888733j,26.581038
0.564018+0.635782j,0.266818+1.911130j,-0.210147-1.888075j,26.586991
0.564941+0.634836j,0.266875+1.911116j,-0.210280-1.887416j,26.592944
0.565862+0.633889j,0.266932+1.911102j,-0.210414-1.886758j,26.598895
0.566781+0.632941j,0.266988+1.911090j,-0.210547-1.886100j,26.604845
0.567699+0.631991j,0.267043+1.911079j,-0.210681-1.885442j,26.610795
0.568615+0.631040j,0.267098+1.911070j,-0.210814-1.884784j,26.616743
0.569530+0.630087j,0.267151+1.911061j,-0.210948-1.884126j,26.622690
0.570443+0.629133j,0.267205+1.911054j,-0.211082-1.883469j,26.628636
0.571354+0.628178j,0.267257+1.911047j,-0.211217-1.882811j,26.634582
0.572264+0.627222j,0.267309+1.911042j,-0.211351-1.882154j,26.640526
0.573172+0.626264j,0.267360+1.911039j,-0.211486-1.881497j,26.646469
0.574079+0.625305j,0.267411+1.911036j,-0.211621-1.880840j,26.652412
0.574984+0.624345j,0.267461+1.911035j,-0.211756-1.880183j,26.658353
0.575888+0.623383j,0.267510+1.911035j,-0.211891-1.879526j,26.664294
0.576790+0.622420j,0.267559+1.911036j,-0.212026-1.878870j,26.670233
0.577690+0.621456j,0.267606+1.911038j,-0.212161-1.878213j,26.676171
0.578589+0.620491j,0.267654+1.911041j,-0.212297-1.877557j,26.682109
0.579486+0.619524j,0.267700+1.911046j,-0.212433-1.876901j,26.688045
0.580382+0.618556j,0.267746+1.911052j,-0.212569-1.876245j,26.693981
0.581276+0.617586j,0.267791+1.911059j,-0.212705-1.875589j,26.699916
0.582168+0.616616j,0.267836+1.911067j,-0.212841-1.874934j,26.705849
0.583059+0.615644j,0.267880+1.911076j,-0.212978-1.874278j,26.711782
0.583948+0.614671j,0.267923+1.911087j,-0.213115-1.873623j,26.717714
0.584835+0.613696j,0.267966+1.911099j,-0.213252-1.872968j,26.723644
0.585721+0.612721j,0.268008+1.911112j,-0.213389-1.872313j,26.729574
0.586606+0.611744j,0.268049+1.911126j,-0.213526-1.871658j,26.735503
0.587488+0.610766j,0.268089+1.911141j,-0.213663-1.871003j,26.741431
0.588369+0.609786j,0.268129+1.911157j,-0.213801-1.870348j,26.747358
0.589249+0.608805j,0.268169+1.911175j,-0.213939-1.869694j,26.753284
0.590127+0.607823j,0.268207+1.911194j,-0.214076-1.869040j,26.759209
0.591003+0.606840j,0.268246+1.911214j,-0.214215-1.868386j,26.765133
0.591878+0.605856j,0.268283+1.911235j,-0.214353-1.867732j,26.771056
0.592751+0.604870j,0.268320+1.911257j,-0.214491-1.867078j,26.776978
0.593622+0.603883j,0.268356+1.911281j,-0.214630-1.866424j,26.782899
0.594492+0.602895j,0.268391+1.911306j,-0.214769-1.865771j,26.788820
0.595360+0.601905j,0.268426+1.911331j,-0.214908-1.865118j,26.794739
0.596226+0.600915j,0.268460+1.911358j,-0.215047-1.864464j,26.800658
0.597091+0.599923j,0.268494+1.911387j,-0.215186-1.863811j,26.806575
0.597954+0.598930j,0.268527+1.911416j,-0.215326-1.863159j,26.812492
0.598816+0.597935j,0.268559+1.911446j,-0.215465-1.862506j,26.818408
0.599676+0.596940j,0.268591+1.911478j,-0.215605-1.861853j,26.824322
0.600534+0.595943j,0.268622+1.911511j,-0.215745-1.861201j,26.830236
0.601391+0.594945j,0.268652+1.911545j,-0.215886-1.860549j,26.836149
0.602246+0.593946j,0.268682+1.911580j,-0.216026-1.859897j,26.842061
0.603099+0.592945j,0.268712+1.911616j,-0.216167-1.859245j,26.847972
0.603951+0.591943j,0.268740+1.911654j,-0.216307-1.858593j,26.853882
0.604801+0.590941j,0.268768+1.911692j,-0.216448-1.857942j,26.859792
0.605649+0.589936j,0.268795+1.911732j,-0.216590-1.857290j,26.865700
0.606496+0.588931j,0.268822+1.911773j,-0.216731-1.856639j,26.871608
0.607341+0.587925j,0.268848+1.911815j,-0.216872-1.855988j,26.877514
0.608184+0.586917j,0.268874+1.911858j,-0.217014-1.855337j,26.883420
0.609026+0.585908j,0.268899+1.911902j,-0.217156-1.854686j,26.889324
0.609866+0.584898j,0.268923+1.911948j,-0.217298-1.854036j,26.895228
0.610705+0.583887j,0.268947+1.911994j,-0.217440-1.853385j,26.901131
0.611542+0.582874j,0.268970+1.912042j,-0.217583-1.852735j,26.907033
0.612377+0.581861j,0.268992+1.912091j,-0.217725-1.852085j,26.912934
0.613210+0.580846j,0.269014+1.912141j,-0.217868-1.851435j,26.918835
0.614042+0.579830j,0.269035+1.912192j,-0.218011-1.850785j,26.924734
0.614872+0.578813j,0.269056+1.912245j,-0.218154-1.850136j,26.930633
0.615701+0.577794j,0.269076+1.912298j,-0.218298-1.849486j,26.936530
0.616527+0.576775j,0.269096+1.912353j,-0.218441-1.848837j,26.942427
0.617353+0.575754j,0.269114+1.912408j,-0.218585-1.848188j,26.948323
0.618176+0.574732j,0.269133+1.912465j,-0.218729-1.847539j,26.954218
0.618998+0.573709j,0.269150+1.912523j,-0.218873-1.846890j,26.960112
0.619818+0.572685j,0.269168+1.912582j,-0.219017-1.846241j,26.966005
0.620636+0.571660j,0.269184+1.912642j,-0.219162-1.845593j,26.971897
0.621453+0.570633j,0.269200+1.912704j,-0.219306-1.844945j,26.977789
0.622268+0.569606j,0.269215+1.912766j,-0.219451-1.844297j,26.983679
0.623081+0.568577j,0.269230+1.912830j,-0.219596-1.843649j,26.989569
0.623893+0.567547j,0.269244+1.912894j,-0.219741-1.843001j,26.995458
0.624703+0.566516j,0.269258+1.912960j,-0.219887-1.842353j,27.001346
0.625511+0.565484j,0.269271+1.913027j,-0.220032-1.841706j,27.007233
0.626318+0.564450j,0.269283+1.913095j,-0.220178-1.841059j,27.013119
0.627123+0.563416j,0.269295+1.913164j,-0.220324-1.840412j,27.019005
0.627926+0.562380j,0.269307+1.913235j,-0.220470-1.839765j,27.024889
0.628728+0.561344j,0.269317+1.913306j,-0.220617-1.839118j,27.030773
0.629527+0.560306j,0.269328+1.913378j,-0.220763-1.838472j,27.036656
0.630326+0.559267j,0.269337+1.913452j,-0.220910-1.837825j,27.042538
0.631122+0.558227j,0.269346+1.913527j,-0.221057-1.837179j,27.048419
0.631917+0.557185j,0.269355+1.913603j,-0.221204-1.836533j,27.054299
0.632710+0.556143j,0.269363+1.913679j,-0.221351-1.835887j,27.060178
0.633501+0.555100j,0.269370+1.913757j,-0.221499-1.835242j,27.066057
0.634291+0.554055j,0.269377+1.913837j,-0.221647-1.834596j,27.071935
0.635079+0.553009j,0.269383+1.913917j,-0.221794-1.833951j,27.077812
0.635865+0.551963j,0.269389+1.913998j,-0.221943-1.833306j,27.083688
0.636649+0.550915j,0.269394+1.914081j,-0.222091-1.832661j,27.089563
0.637432+0.549866j,0.269398+1.914164j,-0.222239-1.832016j,27.095437
0.638213+0.548816j,0.269402+1.914249j,-0.222388-1.831371j,27.101311
0.638992+0.547764j,0.269406+1.914334j,-0.222537-1.830727j,27.107184
0.639770+0.546712j,0.269409+1.914421j,-0.222686-1.830083j,27.113056
0.640546+0.545659j,0.269411+1.914509j,-0.222835-1.829438j,27.118927
0.641320+0.544604j,0.269413+1.914598j,-0.222985-1.828795j,27.124797
0.642093+0.543549j,0.269414+1.914688j,-0.223134-1.828151j,27.130666
0.642863+0.542492j,0.269415+1.914779j,-0.223284-1.827507j,27.136535
0.643632+0.541435j,0.269415+1.914872j,-0.223434-1.826864j,27.142403
0.644400+0.540376j,0.269415+1.914965j,-0.223584-1.826221j,27.148270
0.645165+0.539316j,0.269414+1.915059j,-0.223735-1.825578j,27.154136
0.645929+0.538255j,0.269412+1.915155j,-0.223886-1.824935j,27.160001
0.646691+0.537193j,0.269410+1.915251j,-0.224036-1.824292j,27.165866
0.647452+0.536130j,0.269408+1.915349j,-0.224187-1.823650j,27.171730
0.648210+0.535066j,0.269405+1.915448j,-0.224339-1.823008j,27.177593
0.648967+0.534001j,0.269401+1.915548j,-0.224490-1.822366j,27.183455
0.649722+0.532935j,0.269397+1.915649j,-0.224642-1.821724j,27.189316
0.650476+0.531868j,0.269393+1.915751j,-0.224794-1.821082j,27.195176
0.651227+0.530799j,0.269388+1.915854j,-0.224946-1.820441j,27.201036
0.651977+0.529730j,0.269382+1.915958j,-0.225098-1.819799j,27.206895
0.652725+0.528660j,0.269376+1.916063j,-0.225250-1.819158j,27.212753
0.653472+0.527588j,0.269369+1.916169j,-0.225403-1.818517j,27.218611
0.654217+0.526516j,0.269362+1.916276j,-0.225556-1.817876j,27.224467
0.654960+0.525442j,0.269354+1.916385j,-0.225709-1.817236j,27.230323
0.655701+0.524368j,0.269346+1.916494j,-0.225862-1.816595j,27.236178
0.656440+0.523292j,0.269337+1.916605j,-0.226015-1.815955j,27.242032
0.657178+0.522216j,0.269328+1.916716j,-0.226169-1.815315j,27.247885
0.657914+0.521138j,0.269318+1.916829j,-0.226323-1.814675j,27.253738
0.658648+0.520060j,0.269308+1.916943j,-0.226477-1.814036j,27.259590
0.659381+0.518980j,0.269297+1.917057j,-0.226631-1.813396j,27.265441
0.660111+0.517899j,0.269286+1.917173j,-0.226786-1.812757j,27.271291
0.660840+0.516818j,0.269274+1.917290j,-0.226940-1.812118j,27.277140
0.661567+0.515735j,0.269262+1.917408j,-0.227095-1.811479j,27.282989
0.662293+0.514651j,0.269249+1.917527j,-0.227250-1.810840j,27.288837
0.663017+0.513567j,0.269236+1.917647j,-0.227406-1.810202j,27.294684
0.663738+0.512481j,0.269222+1.917768j,-0.227561-1.809564j,27.300531
0.664459+0.511394j,0.269208+1.917890j,-0.227717-1.808926j,27.306376
0.665177+0.510307j,0.269193+1.918013j,-0.227873-1.808288j,27.312221
0.665894+0.509218j,0.269178+1.918138j,-0.228029-1.807650j,27.318065
0.666608+0.508128j,0.269162+1.918263j,-0.228185-1.807013j,27.323909
0.667321+0.507038j,0.269146+1.918389j,-0.228342-1.806375j,27.329751
0.668033+0.505946j,0.269129+1.918517j,-0.228498-1.805738j,27.335593
0.668742+0.504853j,0.269112+1.918645j,-0.228655-1.805101j,27.341434
0.669450+0.503760j,0.269094+1.918774j,-0.228813-1.804464j,27.347274
0.670156+0.502665j,0.269076+1.918905j,-0.228970-1.803828j,27.353114
0.670860+0.501570j,0.269058+1.919036j,-0.229127-1.803192j,27.358953
0.671563+0.500473j,0.269039+1.919169j,-0.229285-1.802556j,27.364791
0.672263+0.499376j,0.269019+1.919303j,-0.229443-1.801920j,27.370628
0.672962+0.498277j,0.268999+1.919437j,-0.229601-1.801284j,27.376465
0.673659+0.497178j,0.268978+1.919573j,-0.229760-1.800648j,27.382301
0.674355+0.496078j,0.268957+1.919709j,-0.229918-1.800013j,27.388136
0.675048+0.494976j,0.268936+1.919847j,-0.230077-1.799378j,27.393970
0.675740+0.493874j,0.268914+1.919986j,-0.230236-1.798743j,27.399804
0.676430+0.492771j,0.268891+1.920126j,-0.230396-1.798108j,27.405637
0.677118+0.491667j,0.268869+1.920266j,-0.230555-1.797474j,27.411469
0.677804+0.490562j,0.268845+1.920408j,-0.230715-1.796840j,27.417300
0.678489+0.489456j,0.268821+1.920551j,-0.230875-1.796205j,27.423131
0.679172+0.488349j,0.268797+1.920695j,-0.231035-1.795572j,27.428961
0.679853+0.487241j,0.268772+1.920840j,-0.231195-1.794938j,27.434790
0.680532+0.486132j,0.268747+1.920986j,-0.231356-1.794304j,27.440619
0.681209+0.485022j,0.268722+1.921133j,-0.231516-1.793671j,27.446446
0.681885+0.483912j,0.268695+1.921280j,-0.231677-1.793038j,27.452274
0.682559+0.482800j,0.268669+1.921429j,-0.231839-1.792405j,27.458100
0.683231+0.481688j,0.268642+1.921579j,-0.232000-1.791772j,27.463926
0.683901+0.480574j,0.268614+1.921730j,-0.232162-1.791140j,27.469750
0.684569+0.479460j,0.268587+1.921882j,-0.232323-1.790508j,27.475575
0.685236+0.478345j,0.268558+1.922035j,-0.232486-1.789876j,27.481398
0.685901+0.477228j,0.268529+1.922189j,-0.232648-1.789244j,27.487221
0.686564+0.476111j,0.268500+1.922344j,-0.232810-1.788612j,27.493043
0.687225+0.474993j,0.268471+1.922500j,-0.232973-1.787981j,27.498865
0.687884+0.473874j,0.268440+1.922657j,-0.233136-1.787350j,27.504685
0.688542+0.472755j,0.268410+1.922815j,-0.233299-1.786719j,27.510505
0.689197+0.471634j,0.268379+1.922974j,-0.233462-1.786088j,27.516324
0.689851+0.470512j,0.268348+1.923134j,-0.233626-1.785458j,27.522143
0.690503+0.469390j,0.268316+1.923295j,-0.233790-1.784827j,27.527961
0.691154+0.468267j,0.268283+1.923457j,-0.233954-1.784197j,27.533778
0.691802+0.467142j,0.268251+1.923620j,-0.234118-1.783567j,27.539595
0.692449+0.466017j,0.268218+1.923784j,-0.234283-1.782937j,27.545411
0.693094+0.464891j,0.268184+1.923949j,-0.234447-1.782308j,27.551226
0.693737+0.463765j,0.268150+1.924115j,-0.234612-1.781679j,27.557040
0.694378+0.462637j,0.268116+1.924282j,-0.234777-1.781050j,27.562854
0.695018+0.461508j,0.268081+1.924450j,-0.234943-1.780421j,27.568667
0.695655+0.460379j,0.268045+1.924619j,-0.235108-1.779792j,27.574479
0.696291+0.459248j,0.268010+1.924789j,-0.235274-1.779164j,27.580291
0.696925+0.458117j,0.267974+1.924960j,-0.235440-1.778536j,27.586102
0.697557+0.456985j,0.267937+1.925132j,-0.235606-1.777908j,27.591912
0.698187+0.455852j,0.267900+1.925305j,-0.235773-1.777280j,27.597722
0.698816+0.454719j,0.267863+1.925479j,-0.235940-1.776653j,27.603531
0.699442+0.453584j,0.267825+1.925653j,-0.236107-1.776025j,27.609340
0.700067+0.452449j,0.267787+1.925829j,-0.236274-1.775398j,27.615147
0.700690+0.451312j,0.267748+1.926006j,-0.236441-1.774771j,27.620954
0.701311+0.450175j,0.267709+1.926184j,-0.236609-1.774145j,27.626761
0.701931+0.449037j,0.267670+1.926363j,-0.236777-1.773518j,27.632566
0.702548+0.447899j,0.267630+1.926542j,-0.236945-1.772892j,27.638371
0.703164+0.446759j,0.267590+1.926723j,-0.237113-1.772266j,27.644176
0.703778+0.445619j,0.267549+1.926905j,-0.237281-1.771641j,27.649979
0.704389+0.444477j,0.267508+1.927087j,-0.237450-1.771015j,27.655782
0.705000+0.443335j,0.267467+1.927271j,-0.237619-1.770390j,27.661585
0.705608+0.442192j,0.267425+1.927456j,-0.237788-1.769765j,27.667387
0.706214+0.441049j,0.267383+1.927641j,-0.237958-1.769140j,27.673188
0.706819+0.439904j,0.267340+1.927828j,-0.238127-1.768515j,27.678988
0.707422+0.438759j,0.267298+1.928015j,-0.238297-1.767891j,27.684788
0.708023+0.437613j,0.267254+1.928204j,-0.238467-1.767267j,27.690587
0.708622+0.436466j,0.267210+1.928393j,-0.238638-1.766643j,27.696386
0.709219+0.435318j,0.267166+1.928583j,-0.238808-1.766019j,27.702184
0.709814+0.434170j,0.267122+1.928775j,-0.238979-1.765396j,27.707981
0.710408+0.433020j,0.267077+1.928967j,-0.239150-1.764773j,27.713777
0.711000+0.431870j,0.267032+1.929160j,-0.239322-1.764150j,27.719573
0.711589+0.430719j,0.266986+1.929354j,-0.239493-1.763527j,27.725369
0.712177+0.429568j,0.266940+1.929550j,-0.239665-1.762905j,27.731163
0.712764+0.428415j,0.266893+1.929746j,-0.239837-1.762282j,27.736958
0.713348+0.427262j,0.266847+1.929943j,-0.240009-1.761660j,27.742751
0.713930+0.426108j,0.266800+1.930141j,-0.240181-1.761039j,27.748544
0.714511+0.424953j,0.266752+1.930340j,-0.240354-1.760417j,27.754336
0.715090+0.423797j,0.266704+1.930539j,-0.240527-1.759796j,27.760128
0.715666+0.422641j,0.266656+1.930740j,-0.240700-1.759175j,27.765919
0.716241+0.421484j,0.266607+1.930942j,-0.240874-1.758554j,27.771709
0.716815+0.420326j,0.266558+1.931145j,-0.241047-1.757933j,27.777499
0.717386+0.419167j,0.266509+1.931348j,-0.241221-1.757313j,27.783288
0.717955+0.418008j,0.266459+1.931553j,-0.241395-1.756693j,27.789076
0.718523+0.416848j,0.266409+1.931759j,-0.241570-1.756073j,27.794864
0.719089+0.415687j,0.266358+1.931965j,-0.241744-1.755453j,27.800651
0.719652+0.414525j,0.266308+1.932172j,-0.241919-1.754834j,27.806438
0.720214+0.413363j,0.266256+1.932381j,-0.242094-1.754215j,27.812224
0.720775+0.412200j,0.266205+1.932590j,-0.242269-1.753596j,27.818009
0.721333+0.411036j,0.266153+1.932800j,-0.242445-1.752977j,27.823794
0.721889+0.409872j,0.266101+1.933011j,-0.242621-1.752359j,27.829579
0.722444+0.408706j,0.266048+1.933223j,-0.242797-1.751741j,27.835362
0.722996+0.407540j,0.265995+1.933436j,-0.242973-1.751123j,27.841145
0.723547+0.406373j,0.265942+1.933650j,-0.243149-1.750505j,27.846928
0.724096+0.405206j,0.265888+1.933865j,-0.243326-1.749888j,27.852710
0.724643+0.404038j,0.265834+1.934081j,-0.243503-1.749270j,27.858491
0.725188+0.402869j,0.265780+1.934298j,-0.243680-1.748653j,27.864271
0.725731+0.401699j,0.265725+1.934515j,-0.243858-1.748037j,27.870052
0.726273+0.400529j,0.265670+1.934734j,-0.244036-1.747420j,27.875831
0.726812+0.399358j,0.265615+1.934953j,-0.244214-1.746804j,27.881610
0.727350+0.398186j,0.265559+1.935174j,-0.244392-1.746188j,27.887388
0.727886+0.397013j,0.265503+1.935395j,-0.244570-1.745573j,27.893166
0.728420+0.395840j,0.265446+1.935617j,-0.244749-1.744957j,27.898943
0.728952+0.394666j,0.265390+1.935840j,-0.244928-1.744342j,27.904720
0.729482+0.393492j,0.265333+1.936064j,-0.245107-1.743727j,27.910496
0.730010+0.392317j,0.265275+1.936289j,-0.245286-1.743112j,27.916271
0.730537+0.391141j,0.265218+1.936515j,-0.245466-1.742498j,27.922046
0.731061+0.389964j,0.265159+1.936742j,-0.245646-1.741884j,27.927820
0.731584+0.388787j,0.265101+1.936970j,-0.245826-1.741270j,27.933594
0.732104+0.387609j,0.265042+1.937198j,-0.246007-1.740656j,27.939367
0.732623+0.386430j,0.264983+1.937428j,-0.246187-1.740043j,27.945140
0.733140+0.385251j,0.264924+1.937658j,-0.246368-1.739430j,27.950912
0.733655+0.384071j,0.264864+1.937889j,-0.246549-1.738817j,27.956683
0.734168+0.382890j,0.264804+1.938121j,-0.246731-1.738204j,27.962454
0.734680+0.381709j,0.264744+1.938355j,-0.246912-1.737592j,27.968225
0.735189+0.380527j,0.264683+1.938589j,-0.247094-1.736980j,27.973995
0.735697+0.379344j,0.264622+1.938823j,-0.247277-1.736368j,27.979764
0.736202+0.378161j,0.264561+1.939059j,-0.247459-1.735757j,27.985532
0.736706+0.376977j,0.264500+1.939296j,-0.247642-1.735145j,27.991301
0.737208+0.375792j,0.264438+1.939533j,-0.247825-1.734534j,27.997068
0.737708+0.374607j,0.264375+1.939772j,-0.248008-1.733923j,28.002835
0.738206+0.373421j,0.264313+1.940011j,-0.248191-1.733313j,28.008602
0.738702+0.372235j,0.264250+1.940251j,-0.248375-1.732703j,28.014368
0.739196+0.371047j,0.264187+1.940493j,-0.248559-1.732093j,28.020133
0.739689+0.369860j,0.264124+1.940735j,-0.248743-1.731483j,28.025898
0.740179+0.368671j,0.264060+1.940978j,-0.248927-1.730874j,28.031662
0.740668+0.367482j,0.263996+1.941221j,-0.249112-1.730264j,28.037426
0.741154+0.366292j,0.263931+1.941466j,-0.249297-1.729656j,28.043189
0.741639+0.365102j,0.263867+1.941712j,-0.249482-1.729047j,28.048952
0.742122+0.363911j,0.263802+1.941958j,-0.249668-1.728439j,28.054714
0.742603+0.362720j,0.263737+1.942205j,-0.249853-1.727831j,28.060476
0.743082+0.361528j,0.263671+1.942453j,-0.250039-1.727223j,28.066237
0.743559+0.360335j,0.263605+1.942702j,-0.250226-1.726615j,28.071998
0.744034+0.359141j,0.263539+1.942952j,-0.250412-1.726008j,28.077758
0.744508+0.357947j,0.263473+1.943203j,-0.250599-1.725401j,28.083517
0.744979+0.356753j,0.263406+1.943455j,-0.250786-1.724794j,28.089277
0.745449+0.355558j,0.263339+1.943707j,-0.250973-1.724188j,28.095035
0.745917+0.354362j,0.263272+1.943961j,-0.251161-1.723582j,28.100793
0.746382+0.353166j,0.263204+1.944215j,-0.251348-1.722976j,28.106551
0.746846+0.351969j,0.263136+1.944470j,-0.251536-1.722370j,28.112308
0.747308+0.350771j,0.263068+1.944726j,-0.251725-1.721765j,28.118064
0.747768+0.349573j,0.263000+1.944983j,-0.251913-1.721160j,28.123820
0.748226+0.348374j,0.262931+1.945241j,-0.252102-1.720555j,28.129575
0.748682+0.347175j,0.262862+1.945500j,-0.252291-1.719951j,28.135330
0.749137+0.345975j,0.262793+1.945759j,-0.252480-1.719346j,28.141085
0.749589+0.344775j,0.262723+1.946019j,-0.252670-1.718743j,28.146839
0.750039+0.343574j,0.262654+1.946281j,-0.252860-1.718139j,28.152592
0.750488+0.342372j,0.262584+1.946543j,-0.253050-1.717536j,28.158345
0.750935+0.341170j,0.262513+1.946805j,-0.253240-1.716933j,28.164098
0.751379+0.339968j,0.262443+1.947069j,-0.253431-1.716330j,28.169850
0.751822+0.338765j,0.262372+1.947334j,-0.253622-1.715727j,28.175601
0.752263+0.337561j,0.262301+1.947599j,-0.253813-1.715125j,28.181352
0.752702+0.336356j,0.262229+1.947866j,-0.254005-1.714523j,28.187102
0.753139+0.335152j,0.262157+1.948133j,-0.254196-1.713922j,28.192852
0.753574+0.333946j,0.262085+1.948401j,-0.254388-1.713320j,28.198602
0.754008+0.332740j,0.262013+1.948670j,-0.254581-1.712719j,28.204351
0.754439+0.331534j,0.261941+1.948939j,-0.254773-1.712118j,28.210099
0.754868+0.330327j,0.261868+1.949210j,-0.254966-1.711518j,28.215847
0.755296+0.329119j,0.261795+1.949481j,-0.255159-1.710918j,28.221595
0.755721+0.327911j,0.261722+1.949754j,-0.255352-1.710318j,28.227342
0.756145+0.326703j,0.261648+1.950027j,-0.255546-1.709718j,28.233089
0.756567+0.325494j,0.261574+1.950300j,-0.255740-1.709119j,28.238835
0.756986+0.324284j,0.261500+1.950575j,-0.255934-1.708520j,28.244580
0.757404+0.323074j,0.261426+1.950851j,-0.256128-1.707922j,28.250326
0.757820+0.321863j,0.261352+1.951127j,-0.256323-1.707323j,28.256070
0.758234+0.320652j,0.261277+1.951404j,-0.256518-1.706725j,28.261815
0.758646+0.319440j,0.261202+1.951683j,-0.256713-1.706127j,28.267558
0.759056+0.318228j,0.261127+1.951961j,-0.256909-1.705530j,28.273302
0.759465+0.317016j,0.261051+1.952241j,-0.257104-1.704933j,28.279045
0.759871+0.315802j,0.260975+1.952522j,-0.257301-1.704336j,28.284787
0.760275+0.314589j,0.260899+1.952803j,-0.257497-1.703739j,28.290529
0.760678+0.313375j,0.260823+1.953085j,-0.257693-1.703143j,28.296270
0.761078+0.312160j,0.260746+1.953368j,-0.257890-1.702547j,28.302011
0.761477+0.310945j,0.260670+1.953652j,-0.258087-1.701951j,28.307752
0.761874+0.309729j,0.260593+1.953937j,-0.258285-1.701356j,28.313492
0.762268+0.308513j,0.260516+1.954223j,-0.258482-1.700761j,28.319232
0.762661+0.307297j,0.260438+1.954509j,-0.258680-1.700166j,28.324971
0.763052+0.306080j,0.260360+1.954796j,-0.258879-1.699572j,28.330710
0.763441+0.304862j,0.260282+1.955084j,-0.259077-1.698978j,28.336448
0.763828+0.303644j,0.260204+1.955373j,-0.259276-1.698384j,28.342186
0.764213+0.302426j,0.260126+1.955662j,-0.259475-1.697790j,28.347923
0.764596+0.301207j,0.260047+1.955953j,-0.259674-1.697197j,28.353661
0.764978+0.299988j,0.259968+1.956244j,-0.259874-1.696604j,28.359397
0.765357+0.298768j,0.259889+1.956536j,-0.260074-1.696012j,28.365133
0.765734+0.297547j,0.259810+1.956829j,-0.260274-1.695420j,28.370869
0.766110+0.296327j,0.259730+1.957123j,-0.260475-1.694828j,28.376604
0.766483+0.295106j,0.259651+1.957417j,-0.260675-1.694236j,28.382339
0.766855+0.293884j,0.259571+1.957712j,-0.260876-1.693645j,28.388073
0.767224+0.292662j,0.259491+1.958008j,-0.261078-1.693054j,28.393807
0.767592+0.291440j,0.259410+1.958305j,-0.261279-1.692463j,28.399541
0.767958+0.290217j,0.259329+1.958603j,-0.261481-1.691873j,28.405274
0.768322+0.288993j,0.259249+1.958901j,-0.261683-1.691283j,28.411007
0.768683+0.287770j,0.259168+1.959201j,-0.261886-1.690693j,28.416739
0.769043+0.286545j,0.259086+1.959501j,-0.262088-1.690104j,28.422471
0.769401+0.285321j,0.259005+1.959802j,-0.262291-1.689515j,28.428202
0.769757+0.284096j,0.258923+1.960103j,-0.262495-1.688926j,28.433933
0.770112+0.282870j,0.258841+1.960406j,-0.262698-1.688338j,28.439664
0.770464+0.281645j,0.258759+1.960709j,-0.262902-1.687750j,28.445394
0.770814+0.280418j,0.258677+1.961013j,-0.263106-1.687162j,28.451124
0.771162+0.279192j,0.258594+1.961318j,-0.263311-1.686574j,28.456853
0.771509+0.277965j,0.258511+1.961624j,-0.263515-1.685987j,28.462582
0.771853+0.276737j,0.258428+1.961930j,-0.263720-1.685401j,28.468311
0.772196+0.275509j,0.258345+1.962237j,-0.263925-1.684814j,28.474039
0.772536+0.274281j,0.258262+1.962545j,-0.264131-1.684228j,28.479767
0.772875+0.273052j,0.258178+1.962854j,-0.264337-1.683642j,28.485494
0.773211+0.271823j,0.258094+1.963164j,-0.264543-1.683057j,28.491221
0.773546+0.270594j,0.258010+1.963474j,-0.264749-1.682472j,28.496948
0.773879+0.269364j,0.257926+1.963785j,-0.264956-1.681887j,28.502674
0.774210+0.268134j,0.257842+1.964097j,-0.265163-1.681303j,28.508400
0.774538+0.266904j,0.257757+1.964410j,-0.265370-1.680719j,28.514125
0.774865+0.265673j,0.257672+1.964723j,-0.265578-1.680135j,28.519850
0.775190+0.264441j,0.257587+1.965037j,-0.265786-1.679551j,28.525575
0.775513+0.263210j,0.257502+1.965352j,-0.265994-1.678968j,28.531299
0.775834+0.261978j,0.257417+1.965668j,-0.266203-1.678386j,28.537023
0.776154+0.260745j,0.257331+1.965985j,-0.266411-1.677803j,28.542747
0.776471+0.259513j,0.257245+1.966302j,-0.266620-1.677221j,28.548470
0.776786+0.258280j,0.257159+1.966620j,-0.266830-1.676640j,28.554192
0.777099+0.257046j,0.257073+1.966939j,-0.267039-1.676058j,28.559915
0.777411+0.255812j,0.256987+1.967259j,-0.267249-1.675477j,28.565637
0.777720+0.254578j,0.256900+1.967579j,-0.267459-1.674897j,28.571358
0.778028+0.253344j,0.256814+1.967900j,-0.267670-1.674316j,28.577080
0.778333+0.252109j,0.256727+1.968222j,-0.267881-1.673736j,28.582800
0.778637+0.250874j,0.256640+1.968545j,-0.268092-1.673157j,28.588521
0.778938+0.249638j,0.256552+1.968868j,-0.268303-1.672578j,28.594241
0.779238+0.248403j,0.256465+1.969192j,-0.268515-1.671999j,28.599961
0.779536+0.247166j,0.256377+1.969517j,-0.268727-1.671420j,28.605680
0.779831+0.245930j,0.256290+1.969843j,-0.268939-1.670842j,28.611399
0.780125+0.244693j,0.256202+1.970170j,-0.269152-1.670264j,28.617118
0.780417+0.243456j,0.256113+1.970497j,-0.269365-1.669687j,28.622836
0.780707+0.242219j,0.256025+1.970825j,-0.269578-1.669110j,28.628554
0.780995+0.240981j,0.255937+1.971153j,-0.269791-1.668533j,28.634272
0.781281+0.239743j,0.255848+1.971483j,-0.270005-1.667956j,28.639989
0.781565+0.238505j,0.255759+1.971813j,-0.270219-1.667380j,28.645706
0.781847+0.237266j,0.255670+1.972144j,-0.270434-1.666805j,28.651423
0.782127+0.236027j,0.255581+1.972476j,-0.270648-1.666229j,28.657139
0.782405+0.234788j,0.255492+1.972808j,-0.270863-1.665654j,28.662855
0.782682+0.233549j,0.255402+1.973142j,-0.271079-1.665080j,28.668570
0.782956+0.232309j,0.255312+1.973476j,-0.271294-1.664506j,28.674285
0.783228+0.231069j,0.255222+1.973810j,-0.271510-1.663932j,28.680000
0.783499+0.229828j,0.255132+1.974146j,-0.271726-1.663358j,28.685715
0.783767+0.228588j,0.255042+1.974482j,-0.271943-1.662785j,28.691429
0.784034+0.227347j,0.254952+1.974819j,-0.272160-1.662212j,28.697143
0.784298+0.226106j,0.254861+1.975156j,-0.272377-1.661640j,28.702856
0.784561+0.224864j,0.254771+1.975495j,-0.272594-1.661068j,28.708569
0.784821+0.223622j,0.254680+1.975834j,-0.272812-1.660496j,28.714282
0.785080+0.222380j,0.254589+1.976174j,-0.273030-1.659925j,28.719995
0.785337+0.221138j,0.254498+1.976514j,-0.273248-1.659354j,28.725707
0.785591+0.219896j,0.254406+1.976856j,-0.273467-1.658783j,28.731419
0.785844+0.218653j,0.254315+1.977198j,-0.273686-1.658213j,28.737130
0.786095+0.217410j,0.254223+1.977541j,-0.273905-1.657644j,28.742841
0.786344+0.216166j,0.254132+1.977884j,-0.274125-1.657074j,28.748552
0.786591+0.214923j,0.254040+1.978228j,-0.274345-1.656505j,28.754263
0.786836+0.213679j,0.253948+1.978573j,-0.274565-1.655937j,28.759973
0.787079+0.212435j,0.253855+1.978919j,-0.274785-1.655368j,28.765683
0.787320+0.211191j,0.253763+1.979265j,-0.275006-1.654800j,28.771393
0.787559+0.209946j,0.253671+1.979612j,-0.275227-1.654233j,28.777102
0.787796+0.208702j,0.253578+1.979960j,-0.275449-1.653666j,28.782811
0.788031+0.207457j,0.253485+1.980309j,-0.275670-1.653099j,28.788520
0.788264+0.206212j,0.253392+1.980658j,-0.275892-1.652533j,28.794228
0.788496+0.204966j,0.253299+1.981008j,-0.276115-1.651967j,28.799936
0.788725+0.203721j,0.253206+1.981359j,-0.276337-1.651401j,28.805644
0.788952+0.202475j,0.253112+1.981710j,-0.276560-1.650836j,28.811352
0.789178+0.201229j,0.253019+1.982062j,-0.276784-1.650271j,28.817059
0.789401+0.199983j,0.252925+1.982415j,-0.277007-1.649707j,28.822766
0.789623+0.198736j,0.252831+1.982769j,-0.277231-1.649143j,28.828472
0.789842+0.197490j,0.252737+1.983123j,-0.277455-1.648579j,28.834179
0.790060+0.196243j,0.252643+1.983478j,-0.277680-1.648016j,28.839885
0.790276+0.194996j,0.252549+1.983834j,-0.277905-1.647453j,28.845591
0.790489+0.193748j,0.252455+1.984190j,-0.278130-1.646891j,28.851296
0.790701+0.192501j,0.252360+1.984547j,-0.278355-1.646329j,28.857001
0.790911+0.191253j,0.252266+1.984905j,-0.278581-1.645767j,28.862706
0.791118+0.190006j,0.252171+1.985264j,-0.278807-1.645206j,28.868411
0.791324+0.188758j,0.252076+1.985623j,-0.279034-1.644645j,28.874115
0.791528+0.187509j,0.251981+1.985983j,-0.279261-1.644085j,28.879819
0.791730+0.186261j,0.251886+1.986343j,-0.279488-1.643525j,28.885523
0.791930+0.185013j,0.251790+1.986705j,-0.279715-1.642966j,28.891226
0.792128+0.183764j,0.251695+1.987067j,-0.279943-1.642406j,28.896930
0.792324+0.182515j,0.251599+1.987429j,-0.280171-1.641848j,28.902632
0.792518+0.181266j,0.251504+1.987793j,-0.280399-1.641289j,28.908335
0.792710+0.180017j,0.251408+1.988157j,-0.280628-1.640731j,28.914038
0.792900+0.178767j,0.251312+1.988521j,-0.280857-1.640174j,28.919740
0.793089+0.177518j,0.251216+1.988887j,-0.281086-1.639617j,28.925442
0.793275+0.176268j,0.251120+1.989253j,-0.281316-1.639060j,28.931143
0.793459+0.175019j,0.251023+1.989620j,-0.281546-1.638504j,28.936845
0.793641+0.173769j,0.250927+1.989987j,-0.281776-1.637948j,28.942546
0.793822+0.172519j,0.250830+1.990356j,-0.282007-1.637392j,28.948246
0.794000+0.171268j,0.250734+1.990724j,-0.282238-1.636837j,28.953947
0.794177+0.170018j,0.250637+1.991094j,-0.282469-1.636283j,28.959647
0.794351+0.168767j,0.250540+1.991464j,-0.282701-1.635729j,28.965347
0.794524+0.167517j,0.250443+1.991835j,-0.282932-1.635175j,28.971047
0.794694+0.166266j,0.250346+1.992207j,-0.283165-1.634621j,28.976747
0.794863+0.165015j,0.250249+1.992579j,-0.283397-1.634069j,28.982446
0.795030+0.163764j,0.250151+1.992952j,-0.283630-1.633516j,28.988145
0.795194+0.162513j,0.250054+1.993326j,-0.283863-1.632964j,28.993844
0.795357+0.161262j,0.249956+1.993700j,-0.284097-1.632412j,28.999543
0.795518+0.160011j,0.249859+1.994075j,-0.284331-1.631861j,29.005241
0.795677+0.158759j,0.249761+1.994451j,-0.284565-1.631310j,29.010939
0.795833+0.157508j,0.249663+1.994827j,-0.284799-1.630760j,29.016637
0.795988+0.156256j,0.249565+1.995204j,-0.285034-1.630210j,29.022335
0.796141+0.155004j,0.249467+1.995582j,-0.285269-1.629661j,29.028032
0.796292+0.153752j,0.249368+1.995960j,-0.285505-1.629112j,29.033729
0.796441+0.152500j,0.249270+1.996339j,-0.285741-1.628563j,29.039426
0.796588+0.151248j,0.249172+1.996719j,-0.285977-1.628015j,29.045123
0.796734+0.149996j,0.249073+1.997099j,-0.286213-1.627467j,29.050819
0.796877+0.148744j,0.248974+1.997480j,-0.286450-1.626920j,29.056516
0.797018+0.147492j,0.248876+1.997862j,-0.286687-1.626373j,29.062212
0.797157+0.146239j,0.248777+1.998244j,-0.286925-1.625827j,29.067908
0.797294+0.144987j,0.248678+1.998627j,-0.287163-1.625281j,29.073603
0.797430+0.143734j,0.248579+1.999011j,-0.287401-1.624735j,29.079299
0.797563+0.142482j,0.248480+1.999395j,-0.287639-1.624190j,29.084994
0.797695+0.141229j,0.248380+1.999780j,-0.287878-1.623646j,29.090689
0.797824+0.139977j,0.248281+2.000165j,-0.288117-1.623101j,29.096384
0.797952+0.138724j,0.248182+2.000552j,-0.288357-1.622558j,29.102078
0.798077+0.137471j,0.248082+2.000938j,-0.288597-1.622015j,29.107772
0.798201+0.136218j,0.247982+2.001326j,-0.288837-1.621472j,29.113467
0.798322+0.134965j,0.247883+2.001714j,-0.289077-1.620929j,29.119160
0.798442+0.133712j,0.247783+2.002103j,-0.289318-1.620388j,29.124854
0.798560+0.132459j,0.247683+2.002493j,-0.289559-1.619846j,29.130548
0.798676+0.131206j,0.247583+2.002883j,-0.289801-1.619305j,29.136241
0.798789+0.129953j,0.247483+2.003274j,-0.290043-1.618765j,29.141934
0.798901+0.128700j,0.247382+2.003665j,-0.290285-1.618225j,29.147627
0.799011+0.127447j,0.247282+2.004057j,-0.290527-1.617685j,29.153320
0.799119+0.126193j,0.247182+2.004450j,-0.290770-1.617146j,29.159012
0.799225+0.124940j,0.247081+2.004843j,-0.291014-1.616607j,29.164705
0.799329+0.123687j,0.246981+2.005237j,-0.291257-1.616069j,29.170397
0.799431+0.122434j,0.246880+2.005632j,-0.291501-1.615531j,29.176089
0.799531+0.121180j,0.246779+2.006027j,-0.291745-1.614994j,29.181781
0.799629+0.119927j,0.246678+2.006423j,-0.291990-1.614457j,29.187472
0.799726+0.118674j,0.246578+2.006819j,-0.292235-1.613921j,29.193164
0.799820+0.117420j,0.246477+2.007217j,-0.292480-1.613385j,29.198855
0.799912+0.116167j,0.246376+2.007614j,-0.292725-1.612850j,29.204546
0.800003+0.114914j,0.246274+2.008013j,-0.292971-1.612315j,29.210237
0.800091+0.113660j,0.246173+2.008412j,-0.293218-1.611781j,29.215927
0.800177+0.112407j,0.246072+2.008812j,-0.293464-1.611247j,29.221618
0.800262+0.111154j,0.245970+2.009212j,-0.293711-1.610713j,29.227308
0.800344+0.109900j,0.245869+2.009613j,-0.293958-1.610180j,29.232999
0.800425+0.108647j,0.245767+2.010015j,-0.294206-1.609648j,29.238689
0.800504+0.107394j,0.245666+2.010417j,-0.294454-1.609116j,29.244378
0.800580+0.106141j,0.245564+2.010820j,-0.294702-1.608584j,29.250068
0.800655+0.104887j,0.245462+2.011223j,-0.294951-1.608053j,29.255758
0.800728+0.103634j,0.245360+2.011627j,-0.295200-1.607523j,29.261447
0.800799+0.102381j,0.245258+2.012032j,-0.295450-1.606993j,29.267136
0.800868+0.101128j,0.245156+2.012437j,-0.295699-1.606463j,29.272825
0.800934+0.099875j,0.245054+2.012843j,-0.295949-1.605934j,29.278514
0.800999+0.098622j,0.244952+2.013250j,-0.296200-1.605406j,29.284203
0.801062+0.097369j,0.244850+2.013657j,-0.296450-1.604878j,29.289892
0.801124+0.096116j,0.244748+2.014065j,-0.296702-1.604350j,29.295580
0.801183+0.094863j,0.244645+2.014473j,-0.296953-1.603823j,29.301268
0.801240+0.093610j,0.244543+2.014882j,-0.297205-1.603297j,29.306956
0.801295+0.092357j,0.244440+2.015292j,-0.297457-1.602771j,29.312644
0.801348+0.091104j,0.244338+2.015702j,-0.297709-1.602245j,29.318332
0.801400+0.089851j,0.244235+2.016113j,-0.297962-1.601720j,29.324020
0.801449+0.088599j,0.244132+2.016524j,-0.298215-1.601195j,29.329708
0.801496+0.087346j,0.244030+2.016936j,-0.298469-1.600671j,29.335395
0.801542+0.086093j,0.243927+2.017349j,-0.298723-1.600148j,29.341082
0.801586+0.084841j,0.243824+2.017762j,-0.298977-1.599625j,29.346770
0.801627+0.083588j,0.243721+2.018176j,-0.299232-1.599102j,29.352457
0.801667+0.082336j,0.243618+2.018590j,-0.299487-1.598580j,29.358144
0.801704+0.081084j,0.243515+2.019005j,-0.299742-1.598059j,29.363830
0.801740+0.079832j,0.243412+2.019421j,-0.299998-1.597538j,29.369517
0.801774+0.078580j,0.243308+2.019837j,-0.300254-1.597018j,29.375204
0.801806+0.077328j,0.243205+2.020254j,-0.300510-1.596498j,29.380890
0.801836+0.076076j,0.243102+2.020672j,-0.300767-1.595978j,29.386576
0.801864+0.074824j,0.242998+2.021090j,-0.301024-1.595460j,29.392262
0.801890+0.073572j,0.242895+2.021508j,-0.301281-1.594941j,29.397948
0.801914+0.072320j,0.242791+2.021928j,-0.301539-1.594423j,29.403634
0.801936+0.071069j,0.242688+2.022347j,-0.301797-1.593906j,29.409320
0.801956+0.069818j,0.242584+2.022768j,-0.302056-1.593389j,29.415006
0.801974+0.068566j,0.242480+2.023189j,-0.302315-1.592873j,29.420692
0.801991+0.067315j,0.242377+2.023610j,-0.302574-1.592357j,29.426377
0.802005+0.066064j,0.242273+2.024033j,-0.302833-1.591842j,29.432062
0.802018+0.064813j,0.242169+2.024455j,-0.303093-1.591328j,29.437748
0.802028+0.063562j,0.242065+2.024879j,-0.303354-1.590814j,29.443433
0.802037+0.062311j,0.241961+2.025303j,-0.303614-1.590300j,29.449118
0.802043+0.061061j,0.241857+2.025727j,-0.303875-1.589787j,29.454803
0.802048+0.059810j,0.241753+2.026152j,-0.304137-1.589275j,29.460488
0.802051+0.058560j,0.241649+2.026578j,-0.304398-1.588763j,29.466173
0.802051+0.057310j,0.241545+2.027004j,-0.304660-1.588251j,29.471857
0.802050+0.056060j,0.241441+2.027431j,-0.304923-1.587741j,29.477542
0.802047+0.054810j,0.241336+2.027859j,-0.305186-1.587230j,29.483226
0.802042+0.053560j,0.241232+2.028287j,-0.305449-1.586721j,29.488911
0.802035+0.052311j,0.241128+2.028715j,-0.305712-1.586211j,29.494595
0.802026+0.051061j,0.241023+2.029144j,-0.305976-1.585703j,29.500279
0.802015+0.049812j,0.240919+2.029574j,-0.306240-1.585195j,29.505963
0.802003+0.048563j,0.240814+2.030004j,-0.306505-1.584687j,29.511648
0.801988+0.047314j,0.240710+2.030435j,-0.306770-1.584180j,29.517332
0.801971+0.046065j,0.240605+2.030867j,-0.307035-1.583674j,29.523016
0.801953+0.044816j,0.240501+2.031299j,-0.307301-1.583168j,29.528699
0.801932+0.043568j,0.240396+2.031731j,-0.307567-1.582663j,29.534383
0.801910+0.042319j,0.240291+2.032164j,-0.307833-1.582158j,29.540067
0.801885+0.041071j,0.240187+2.032598j,-0.308100-1.581654j,29.545750
0.801859+0.039823j,0.240082+2.033033j,-0.308367-1.581150j,29.551434
0.801831+0.038575j,0.239977+2.033467j,-0.308635-1.580647j,29.557118
0.801801+0.037328j,0.239872+2.033903j,-0.308903-1.580145j,29.562801
0.801769+0.036080j,0.239767+2.034339j,-0.309171-1.579643j,29.568484
0.801735+0.034833j,0.239662+2.034775j,-0.309439-1.579142j,29.574168
0.801699+0.033586j,0.239557+2.035212j,-0.309708-1.578641j,29.579851
0.801661+0.032339j,0.239452+2.035650j,-0.309978-1.578141j,29.585534
0.801621+0.031093j,0.239347+2.036088j,-0.310247-1.577641j,29.591217
0.801579+0.029846j,0.239242+2.036527j,-0.310517-1.577142j,29.596900
0.801535+0.028600j,0.239137+2.036966j,-0.310788-1.576644j,29.602583
0.801490+0.027354j,0.239032+2.037406j,-0.311059-1.576146j,29.608266
0.801442+0.026108j,0.238927+2.037847j,-0.311330-1.575649j,29.613949
0.801393+0.024863j,0.238821+2.038288j,-0.311601-1.575152j,29.619632
0.801341+0.023617j,0.238716+2.038729j,-0.311873-1.574656j,29.625315
0.801288+0.022372j,0.238611+2.039171j,-0.312145-1.574161j,29.630998
0.801233+0.021127j,0.238505+2.039614j,-0.312418-1.573666j,29.636680
0.801176+0.019882j,0.238400+2.040057j,-0.312691-1.573172j,29.642363
0.801117+0.018638j,0.238295+2.040501j,-0.312964-1.572678j,29.648046
0.801056+0.017394j,0.238189+2.040945j,-0.313238-1.572185j,29.653728
0.800993+0.016150j,0.238084+2.041390j,-0.313512-1.571693j,29.659411
0.800928+0.014906j,0.237978+2.041835j,-0.313787-1.571201j,29.665094
0.800861+0.013662j,0.237873+2.042281j,-0.314062-1.570709j,29.670776
0.800792+0.012419j,0.237767+2.042728j,-0.314337-1.570219j,29.676459
0.800722+0.011176j,0.237662+2.043175j,-0.314612-1.569729j,29.682141
0.800649+0.009933j,0.237556+2.043622j,-0.314888-1.569239j,29.687824
0.800575+0.008691j,0.237450+2.044070j,-0.315165-1.568750j,29.693506
0.800498+0.007448j,0.237345+2.044519j,-0.315441-1.568262j,29.699189
0.800420+0.006206j,0.237239+2.044968j,-0.315718-1.567775j,29.704871
0.800340+0.004964j,0.237133+2.045418j,-0.315996-1.567288j,29.710553
0.800258+0.003723j,0.237028+2.045868j,-0.316274-1.566801j,29.716236
0.800174+0.002482j,0.236922+2.046319j,-0.316552-1.566315j,29.721918
0.800088+0.001241j,0.236816+2.046770j,-0.316830-1.565830j,29.727600
0.800000+0.000000j,0.236710+2.047222j,-0.317109-1.565346j,29.733283
