0.800000+0.000000j,-0.704018+0.329701j,0.368589+0.024871j,0.000000
0.800518+0.000281j,-0.703855+0.329931j,0.368702+0.025034j,0.000821
0.801036+0.000562j,-0.703692+0.330160j,0.368815+0.025197j,0.001642
0.801555+0.000844j,-0.703530+0.330390j,0.368928+0.025359j,0.002463
0.802074+0.001126j,-0.703367+0.330619j,0.369041+0.025522j,0.003284
0.802593+0.001408j,-0.703205+0.330848j,0.369154+0.025685j,0.004104
0.803112+0.001691j,-0.703042+0.331077j,0.369267+0.025848j,0.004925
0.803632+0.001974j,-0.702880+0.331305j,0.369380+0.026012j,0.005746
0.804151+0.002258j,-0.702717+0.331534j,0.369493+0.026175j,0.006567
0.804671+0.002542j,-0.702555+0.331762j,0.369606+0.026338j,0.007388
0.805191+0.002826j,-0.702392+0.331990j,0.369719+0.026502j,0.008208
0.805712+0.003111j,-0.702230+0.332218j,0.369832+0.026665j,0.009029
0.806233+0.003396j,-0.702067+0.332446j,0.369946+0.026829j,0.009850
0.806754+0.003681j,-0.701905+0.332673j,0.370059+0.026993j,0.010670
0.807275+0.003967j,-0.701743+0.332900j,0.370172+0.027157j,0.011491
0.807796+0.004253j,-0.701580+0.333128j,0.370285+0.027320j,0.012312
0.808318+0.004539j,-0.701418+0.333355j,0.370398+0.027485j,0.013132
0.808840+0.004826j,-0.701256+0.333581j,0.370511+0.027649j,0.013953
0.809362+0.005113j,-0.701094+0.333808j,0.370625+0.027813j,0.014773
0.809884+0.005401j,-0.700932+0.334034j,0.370738+0.027977j,0.015594
0.810407+0.005689j,-0.700770+0.334261j,0.370851+0.028142j,0.016414
0.810929+0.005977j,-0.700607+0.334487j,0.370964+0.028306j,0.017235
0.811453+0.006266j,-0.700445+0.334712j,0.371077+0.028471j,0.018055
0.811976+0.006555j,-0.700283+0.334938j,0.371191+0.028636j,0.018876
0.812499+0.006844j,-0.700121+0.335164j,0.371304+0.028800j,0.019696
0.813023+0.007134j,-0.699959+0.335389j,0.371417+0.028965j,0.020517
0.813547+0.007424j,-0.699797+0.335614j,0.371530+0.029130j,0.021337
0.814071+0.007714j,-0.699635+0.335839j,0.371644+0.029295j,0.022157
0.814596+0.008005j,-0.699474+0.336064j,0.371757+0.029461j,0.022978
0.815121+0.008297j,-0.699312+0.336289j,0.371870+0.029626j,0.023798
0.815646+0.008588j,-0.699150+0.336513j,0.371984+0.029791j,0.024618
0.816171+0.008880j,-0.698988+0.336737j,0.372097+0.029957j,0.025439
0.816696+0.009173j,-0.698826+0.336961j,0.372210+0.030123j,0.026259
0.817222+0.009465j,-0.698665+0.337185j,0.372324+0.030288j,0.027079
0.817748+0.009759j,-0.698503+0.337409j,0.372437+0.030454j,0.027899
0.818274+0.010052j,-0.698341+0.337633j,0.372550+0.030620j,0.028719
0.818800+0.010346j,-0.698180+0.337856j,0.372664+0.030786j,0.029540
0.819327+0.010640j,-0.698018+0.338079j,0.372777+0.030952j,0.030360
0.819854+0.010935j,-0.697856+0.338302j,0.372891+0.031118j,0.031180
0.820381+0.011230j,-0.697695+0.338525j,0.373004+0.031285j,0.032000
0.820908+0.011525j,-0.697533+0.338748j,0.373117+0.031451j,0.032820
0.821436+0.011821j,-0.697372+0.338970j,0.373231+0.031617j,0.033640
0.821964+0.012117j,-0.697210+0.339192j,0.373344+0.031784j,0.034460
0.822492+0.012414j,-0.697049+0.339415j,0.373458+0.031951j,0.035280
0.823020+0.012711j,-0.696888+0.339637j,0.373571+0.032118j,0.036100
0.823549+0.013008j,-0.696726+0.339858j,0.373685+0.032284j,0.036920
0.824077+0.013306j,-0.696565+0.340080j,0.373798+0.032451j,0.037740
0.824606+0.013604j,-0.696404+0.340301j,0.373911+0.032619j,0.038560
0.825136+0.013902j,-0.696242+0.340523j,0.374025+0.032786j,0.039380
0.825665+0.014201j,-0.696081+0.340744j,0.374138+0.032953j,0.040199
0.826195+0.014500j,-0.695920+0.340965j,0.374252+0.033120j,0.041019
0.826725+0.014799j,-0.695759+0.341185j,0.374365+0.033288j,0.041839
0.827255+0.015099j,-0.695598+0.341406j,0.374479+0.033456j,0.042659
0.827785+0.015400j,-0.695436+0.341626j,0.374593+0.033623j,0.043479
0.828316+0.015700j,-0.695275+0.341846j,0.374706+0.033791j,0.044298
0.828847+0.016001j,-0.695114+0.342066j,0.374820+0.033959j,0.045118
0.829378+0.016303j,-0.694953+0.342286j,0.374933+0.034127j,0.045938
0.829909+0.016605j,-0.694792+0.342506j,0.375047+0.034295j,0.046758
0.830441+0.016907j,-0.694631+0.342725j,0.375160+0.034463j,0.047577
0.830973+0.017210j,-0.694470+0.342945j,0.375274+0.034632j,0.048397
0.831505+0.017512j,-0.694309+0.343164j,0.375388+0.034800j,0.049216
0.832037+0.017816j,-0.694149+0.343383j,0.375501+0.034969j,0.050036
0.832570+0.018120j,-0.693988+0.343602j,0.375615+0.035137j,0.050856
0.833103+0.018424j,-0.693827+0.343820j,0.375728+0.035306j,0.051675
0.833636+0.018728j,-0.693666+0.344039j,0.375842+0.035475j,0.052495
0.834169+0.019033j,-0.693505+0.344257j,0.375956+0.035644j,0.053314
0.834703+0.019338j,-0.693345+0.344475j,0.376069+0.035813j,0.054134
0.835236+0.019644j,-0.693184+0.344693j,0.376183+0.035982j,0.054953
0.835770+0.019950j,-0.693023+0.344911j,0.376297+0.036151j,0.055772
0.836305+0.020257j,-0.692863+0.345128j,0.376410+0.036320j,0.056592
0.836839+0.020563j,-0.692702+0.345346j,0.376524+0.036490j,0.057411
0.837374+0.020871j,-0.692542+0.345563j,0.376638+0.036659j,0.058231
0.837909+0.021178j,-0.692381+0.345780j,0.376751+0.036829j,0.059050
0.838444+0.021486j,-0.692221+0.345997j,0.376865+0.036999j,0.059869
0.838979+0.021795j,-0.692060+0.346214j,0.376979+0.037169j,0.060688
0.839515+0.022103j,-0.691900+0.346430j,0.377093+0.037339j,0.061508
0.840051+0.022412j,-0.691739+0.346647j,0.377206+0.037509j,0.062327
0.840587+0.022722j,-0.691579+0.346863j,0.377320+0.037679j,0.063146
0.841123+0.023032j,-0.691419+0.347079j,0.377434+0.037849j,0.063965
0.841660+0.023342j,-0.691259+0.347295j,0.377548+0.038019j,0.064784
0.842197+0.023653j,-0.691098+0.347511j,0.377661+0.038190j,0.065604
0.842734+0.023964j,-0.690938+0.347726j,0.377775+0.038360j,0.066423
0.843271+0.024276j,-0.690778+0.347942j,0.377889+0.038531j,0.067242
0.843809+0.024587j,-0.690618+0.348157j,0.378003+0.038702j,0.068061
0.844347+0.024900j,-0.690458+0.348372j,0.378116+0.038873j,0.068880
0.844885+0.025212j,-0.690298+0.348587j,0.378230+0.039044j,0.069699
0.845423+0.025525j,-0.690137+0.348801j,0.378344+0.039215j,0.070518
0.845962+0.025839j,-0.689977+0.349016j,0.378458+0.039386j,0.071337
0.846500+0.026153j,-0.689817+0.349230j,0.378572+0.039557j,0.072156
0.847039+0.026467j,-0.689657+0.349444j,0.378686+0.039729j,0.072975
0.847579+0.026781j,-0.689498+0.349658j,0.378799+0.039900j,0.073794
0.848118+0.027096j,-0.689338+0.349872j,0.378913+0.040072j,0.074613
0.848658+0.027412j,-0.689178+0.350086j,0.379027+0.040244j,0.075431
0.849198+0.027728j,-0.689018+0.350299j,0.379141+0.040416j,0.076250
0.849738+0.028044j,-0.688858+0.350513j,0.379255+0.040587j,0.077069
0.850279+0.028360j,-0.688698+0.350726j,0.379369+0.040760j,0.077888
0.850819+0.028677j,-0.688539+0.350939j,0.379483+0.040932j,0.078707
0.851360+0.028995j,-0.688379+0.351152j,0.379597+0.041104j,0.079525
0.851901+0.029313j,-0.688219+0.351364j,0.379711+0.041276j,0.080344
0.852443+0.029631j,-0.688060+0.351577j,0.379824+0.041449j,0.081163
0.852984+0.029949j,-0.687900+0.351789j,0.379938+0.041621j,0.081981
0.853526+0.030268j,-0.687741+0.352001j,0.380052+0.041794j,0.082800
0.854068+0.030588j,-0.687581+0.352213j,0.380166+0.041967j,0.083619
0.854611+0.030907j,-0.687421+0.352425j,0.380280+0.042140j,0.084437
0.855153+0.031228j,-0.687262+0.352637j,0.380394+0.042313j,0.085256
0.855696+0.031548j,-0.687103+0.352848j,0.380508+0.042486j,0.086074
0.856239+0.031869j,-0.686943+0.353060j,0.380622+0.042659j,0.086893
0.856782+0.032190j,-0.686784+0.353271j,0.380736+0.042832j,0.087711
0.857326+0.032512j,-0.686625+0.353482j,0.380850+0.043006j,0.088530
0.857870+0.032834j,-0.686465+0.353693j,0.380964+0.043179j,0.089348
0.858414+0.033157j,-0.686306+0.353903j,0.381078+0.043353j,0.090167
0.858958+0.033480j,-0.686147+0.354114j,0.381192+0.043527j,0.090985
0.859503+0.033803j,-0.685988+0.354324j,0.381306+0.043701j,0.091803
0.860047+0.034127j,-0.685828+0.354534j,0.381420+0.043875j,0.092622
0.860592+0.034451j,-0.685669+0.354744j,0.381534+0.044049j,0.093440
0.861138+0.034776j,-0.685510+0.354954j,0.381648+0.044223j,0.094258
0.861683+0.035100j,-0.685351+0.355164j,0.381762+0.044397j,0.095077
0.862229+0.035426j,-0.685192+0.355373j,0.381876+0.044572j,0.095895
0.862775+0.035752j,-0.685033+0.355583j,0.381990+0.044746j,0.096713
0.863321+0.036078j,-0.684874+0.355792j,0.382104+0.044921j,0.097531
0.863867+0.036404j,-0.684715+0.356001j,0.382218+0.045096j,0.098349
0.864414+0.036731j,-0.684556+0.356210j,0.382332+0.045270j,0.099168
0.864961+0.037059j,-0.684397+0.356418j,0.382446+0.045445j,0.099986
0.865508+0.037386j,-0.684239+0.356627j,0.382561+0.045620j,0.100804
0.866055+0.037715j,-0.684080+0.356835j,0.382675+0.045796j,0.101622
0.866603+0.038043j,-0.683921+0.357043j,0.382789+0.045971j,0.102440
0.867151+0.038372j,-0.683762+0.357251j,0.382903+0.046146j,0.103258
0.867699+0.038702j,-0.683604+0.357459j,0.383017+0.046322j,0.104076
0.868247+0.039031j,-0.683445+0.357667j,0.383131+0.046497j,0.104894
0.868796+0.039362j,-0.683286+0.357875j,0.383245+0.046673j,0.105712
0.869345+0.039692j,-0.683128+0.358082j,0.383359+0.046849j,0.106530
0.869894+0.040023j,-0.682969+0.358289j,0.383473+0.047025j,0.107348
0.870443+0.040355j,-0.682811+0.358496j,0.383588+0.047201j,0.108166
0.870992+0.040686j,-0.682652+0.358703j,0.383702+0.047377j,0.108983
0.871542+0.041019j,-0.682494+0.358910j,0.383816+0.047553j,0.109801
0.872092+0.041351j,-0.682335+0.359116j,0.383930+0.047730j,0.110619
0.872643+0.041684j,-0.682177+0.359323j,0.384044+0.047906j,0.111437
0.873193+0.042018j,-0.682019+0.359529j,0.384158+0.048083j,0.112255
0.873744+0.042352j,-0.681860+0.359735j,0.384273+0.048260j,0.113072
0.874295+0.042686j,-0.681702+0.359941j,0.384387+0.048437j,0.113890
0.874846+0.043021j,-0.681544+0.360147j,0.384501+0.048613j,0.114708
0.875397+0.043356j,-0.681386+0.360353j,0.384615+0.048791j,0.115525
0.875949+0.043691j,-0.681228+0.360558j,0.384729+0.048968j,0.116343
0.876501+0.044027j,-0.681069+0.360763j,0.384843+0.049145j,0.117161
0.877053+0.044364j,-0.680911+0.360968j,0.384958+0.049322j,0.117978
0.877606+0.044700j,-0.680753+0.361173j,0.385072+0.049500j,0.118796
0.878158+0.045037j,-0.680595+0.361378j,0.385186+0.049677j,0.119613
0.878711+0.045375j,-0.680437+0.361583j,0.385300+0.049855j,0.120431
0.879264+0.045713j,-0.680279+0.361787j,0.385415+0.050033j,0.121248
0.879818+0.046051j,-0.680121+0.361992j,0.385529+0.050211j,0.122066
0.880371+0.046390j,-0.679964+0.362196j,0.385643+0.050389j,0.122883
0.880925+0.046729j,-0.679806+0.362400j,0.385757+0.050567j,0.123700
0.881479+0.047069j,-0.679648+0.362604j,0.385872+0.050746j,0.124518
0.882033+0.047409j,-0.679490+0.362807j,0.385986+0.050924j,0.125335
0.882588+0.047750j,-0.679332+0.363011j,0.386100+0.051102j,0.126153
0.883143+0.048090j,-0.679175+0.363214j,0.386214+0.051281j,0.126970
0.883698+0.048432j,-0.679017+0.363417j,0.386329+0.051460j,0.127787
0.884253+0.048773j,-0.678859+0.363620j,0.386443+0.051639j,0.128604
0.884809+0.049116j,-0.678702+0.363823j,0.386557+0.051818j,0.129422
0.885364+0.049458j,-0.678544+0.364026j,0.386671+0.051997j,0.130239
0.885920+0.049801j,-0.678387+0.364229j,0.386786+0.052176j,0.131056
0.886477+0.050145j,-0.678229+0.364431j,0.386900+0.052355j,0.131873
0.887033+0.050488j,-0.678072+0.364633j,0.387014+0.052535j,0.132690
0.887590+0.050833j,-0.677914+0.364835j,0.387129+0.052714j,0.133507
0.888147+0.051177j,-0.677757+0.365037j,0.387243+0.052894j,0.134324
0.888704+0.051522j,-0.677600+0.365239j,0.387357+0.053074j,0.135141
0.889261+0.051868j,-0.677442+0.365441j,0.387472+0.053254j,0.135958
0.889819+0.052214j,-0.677285+0.365642j,0.387586+0.053434j,0.136775
0.890377+0.052560j,-0.677128+0.365844j,0.387700+0.053614j,0.137592
0.890935+0.052907j,-0.676970+0.366045j,0.387814+0.053794j,0.138409
0.891493+0.053254j,-0.676813+0.366246j,0.387929+0.053974j,0.139226
0.892052+0.053601j,-0.676656+0.366447j,0.388043+0.054155j,0.140043
0.892611+0.053949j,-0.676499+0.366647j,0.388158+0.054335j,0.140860
0.893170+0.054298j,-0.676342+0.366848j,0.388272+0.054516j,0.141677
0.893729+0.054647j,-0.676185+0.367048j,0.388386+0.054697j,0.142493
0.894289+0.054996j,-0.676028+0.367249j,0.388501+0.054878j,0.143310
0.894849+0.055346j,-0.675871+0.367449j,0.388615+0.055059j,0.144127
0.895409+0.055696j,-0.675714+0.367649j,0.388729+0.055240j,0.144944
0.895969+0.056046j,-0.675557+0.367848j,0.388844+0.055421j,0.145760
0.896530+0.056397j,-0.675400+0.368048j,0.388958+0.055603j,0.146577
0.897091+0.056749j,-0.675244+0.368247j,0.389072+0.055784j,0.147394
0.897652+0.057100j,-0.675087+0.368447j,0.389187+0.055966j,0.148210
0.898213+0.057453j,-0.674930+0.368646j,0.389301+0.056147j,0.149027
0.898774+0.057805j,-0.674773+0.368845j,0.389416+0.056329j,0.149844
0.899336+0.058158j,-0.674617+0.369044j,0.389530+0.056511j,0.150660
0.899898+0.058512j,-0.674460+0.369242j,0.389644+0.056693j,0.151477
0.900460+0.058866j,-0.674304+0.369441j,0.389759+0.056876j,0.152293
0.901023+0.059220j,-0.674147+0.369639j,0.389873+0.057058j,0.153110
0.901585+0.059575j,-0.673991+0.369837j,0.389987+0.057240j,0.153926
0.902148+0.059930j,-0.673834+0.370036j,0.390102+0.057423j,0.154742
0.902712+0.060286j,-0.673678+0.370233j,0.390216+0.057606j,0.155559
0.903275+0.060642j,-0.673521+0.370431j,0.390331+0.057788j,0.156375
0.903839+0.060998j,-0.673365+0.370629j,0.390445+0.057971j,0.157191
0.904403+0.061355j,-0.673208+0.370826j,0.390560+0.058154j,0.158008
0.904967+0.061713j,-0.673052+0.371024j,0.390674+0.058338j,0.158824
0.905531+0.062070j,-0.672896+0.371221j,0.390788+0.058521j,0.159640
0.906096+0.062429j,-0.672740+0.371418j,0.390903+0.058704j,0.160456
0.906661+0.062787j,-0.672584+0.371615j,0.391017+0.058888j,0.161273
0.907226+0.063146j,-0.672427+0.371811j,0.391132+0.059071j,0.162089
0.907791+0.063506j,-0.672271+0.372008j,0.391246+0.059255j,0.162905
0.908357+0.063866j,-0.672115+0.372204j,0.391361+0.059439j,0.163721
0.908922+0.064226j,-0.671959+0.372401j,0.391475+0.059623j,0.164537
0.909489+0.064587j,-0.671803+0.372597j,0.391589+0.059807j,0.165353
0.910055+0.064948j,-0.671647+0.372793j,0.391704+0.059991j,0.166169
0.910621+0.065310j,-0.671491+0.372988j,0.391818+0.060176j,0.166985
0.911188+0.065672j,-0.671335+0.373184j,0.391933+0.060360j,0.167801
0.911755+0.066034j,-0.671180+0.373379j,0.392047+0.060545j,0.168617
0.912322+0.066397j,-0.671024+0.373575j,0.392162+0.060729j,0.169433
0.912890+0.066761j,-0.670868+0.373770j,0.392276+0.060914j,0.170249
0.913458+0.067125j,-0.670712+0.373965j,0.392391+0.061099j,0.171065
0.914026+0.067489j,-0.670557+0.374160j,0.392505+0.061284j,0.171881
0.914594+0.067854j,-0.670401+0.374355j,0.392620+0.061469j,0.172697
0.915162+0.068219j,-0.670245+0.374549j,0.392734+0.061655j,0.173512
0.915731+0.068584j,-0.670090+0.374744j,0.392848+0.061840j,0.174328
0.916300+0.068950j,-0.669934+0.374938j,0.392963+0.062026j,0.175144
0.916869+0.069317j,-0.669779+0.375132j,0.393077+0.062211j,0.175960
0.917439+0.069684j,-0.669623+0.375326j,0.393192+0.062397j,0.176775
0.918008+0.070051j,-0.669468+0.375520j,0.393306+0.062583j,0.177591
0.918578+0.070419j,-0.669312+0.375714j,0.393421+0.062769j,0.178407
0.919148+0.070787j,-0.669157+0.375907j,0.393535+0.062955j,0.179222
0.919719+0.071156j,-0.669002+0.376101j,0.393650+0.063141j,0.180038
0.920289+0.071525j,-0.668846+0.376294j,0.393764+0.063328j,0.180853
0.920860+0.071894j,-0.668691+0.376487j,0.393879+0.063514j,0.181669
0.921431+0.072264j,-0.668536+0.376680j,0.393993+0.063701j,0.182484
0.922003+0.072635j,-0.668381+0.376873j,0.394108+0.063888j,0.183300
0.922574+0.073006j,-0.668226+0.377065j,0.394222+0.064074j,0.184115
0.923146+0.073377j,-0.668071+0.377258j,0.394337+0.064261j,0.184931
0.923718+0.073749j,-0.667916+0.377450j,0.394451+0.064449j,0.185746
0.924290+0.074121j,-0.667761+0.377642j,0.394566+0.064636j,0.186561
0.924863+0.074493j,-0.667606+0.377834j,0.394680+0.064823j,0.187377
0.925436+0.074866j,-0.667451+0.378026j,0.394795+0.065011j,0.188192
0.926009+0.075240j,-0.667296+0.378218j,0.394909+0.065198j,0.189007
0.926582+0.075614j,-0.667141+0.378410j,0.395024+0.065386j,0.189822
0.927156+0.075988j,-0.666986+0.378601j,0.395138+0.065574j,0.190638
0.927729+0.076363j,-0.666831+0.378793j,0.395253+0.065762j,0.191453
0.928303+0.076738j,-0.666677+0.378984j,0.395367+0.065950j,0.192268
0.928877+0.077114j,-0.666522+0.379175j,0.395482+0.066138j,0.193083
0.929452+0.077490j,-0.666367+0.379366j,0.395596+0.066327j,0.193898
0.930027+0.077867j,-0.666213+0.379556j,0.395711+0.066515j,0.194713
0.930602+0.078244j,-0.666058+0.379747j,0.395825+0.066704j,0.195528
0.931177+0.078621j,-0.665904+0.379938j,0.395940+0.066892j,0.196343
0.931752+0.078999j,-0.665749+0.380128j,0.396054+0.067081j,0.197158
0.932328+0.079378j,-0.665595+0.380318j,0.396169+0.067270j,0.197973
0.932904+0.079756j,-0.665440+0.380508j,0.396283+0.067459j,0.198788
0.933480+0.080136j,-0.665286+0.380698j,0.396398+0.067649j,0.199603
0.934056+0.080515j,-0.665131+0.380888j,0.396512+0.067838j,0.200418
0.934633+0.080896j,-0.664977+0.381077j,0.396627+0.068027j,0.201233
0.935210+0.081276j,-0.664823+0.381267j,0.396741+0.068217j,0.202048
0.935787+0.081657j,-0.664669+0.381456j,0.396856+0.068407j,0.202862
0.936364+0.082039j,-0.664514+0.381645j,0.396970+0.068597j,0.203677
0.936942+0.082421j,-0.664360+0.381834j,0.397085+0.068786j,0.204492
0.937520+0.082803j,-0.664206+0.382023j,0.397199+0.068977j,0.205307
0.938098+0.083186j,-0.664052+0.382212j,0.397314+0.069167j,0.206121
0.938676+0.083569j,-0.663898+0.382400j,0.397428+0.069357j,0.206936
0.939254+0.083953j,-0.663744+0.382589j,0.397543+0.069548j,0.207751
0.939833+0.084337j,-0.663590+0.382777j,0.397657+0.069738j,0.208565
0.940412+0.084722j,-0.663436+0.382965j,0.397772+0.069929j,0.209380
0.940992+0.085107j,-0.663282+0.383153j,0.397886+0.070120j,0.210194
0.941571+0.085493j,-0.663128+0.383341j,0.398001+0.070311j,0.211009
0.942151+0.085879j,-0.662975+0.383529j,0.398115+0.070502j,0.211823
0.942731+0.086265j,-0.662821+0.383716j,0.398230+0.070693j,0.212638
0.943311+0.086652j,-0.662667+0.383904j,0.398344+0.070884j,0.213452
0.943891+0.087040j,-0.662513+0.384091j,0.398459+0.071076j,0.214267
0.944472+0.087428j,-0.662360+0.384278j,0.398573+0.071268j,0.215081
0.945053+0.087816j,-0.662206+0.384465j,0.398688+0.071459j,0.215895
0.945634+0.088205j,-0.662053+0.384652j,0.398802+0.071651j,0.216710
0.946216+0.088594j,-0.661899+0.384839j,0.398917+0.071843j,0.217524
0.946797+0.088984j,-0.661746+0.385025j,0.399031+0.072035j,0.218338
0.947379+0.089374j,-0.661592+0.385212j,0.399146+0.072228j,0.219152
0.947961+0.089764j,-0.661439+0.385398j,0.399260+0.072420j,0.219967
0.948544+0.090155j,-0.661286+0.385584j,0.399375+0.072612j,0.220781
0.949126+0.090547j,-0.661132+0.385770j,0.399489+0.072805j,0.221595
0.949709+0.090939j,-0.660979+0.385956j,0.399604+0.072998j,0.222409
0.950292+0.091331j,-0.660826+0.386142j,0.399718+0.073191j,0.223223
0.950876+0.091724j,-0.660672+0.386327j,0.399833+0.073384j,0.224037
0.951459+0.092117j,-0.660519+0.386513j,0.399947+0.073577j,0.224851
0.952043+0.092511j,-0.660366+0.386698j,0.400062+0.073770j,0.225665
0.952627+0.092906j,-0.660213+0.386883j,0.400176+0.073964j,0.226479
0.953211+0.093300j,-0.660060+0.387068j,0.400291+0.074157j,0.227293
0.953796+0.093695j,-0.659907+0.387253j,0.400405+0.074351j,0.228107
0.954381+0.094091j,-0.659754+0.387438j,0.400520+0.074545j,0.228921
0.954966+0.094487j,-0.659601+0.387623j,0.400634+0.074738j,0.229735
0.955551+0.094884j,-0.659448+0.387807j,0.400749+0.074933j,0.230549
0.956136+0.095281j,-0.659295+0.387992j,0.400863+0.075127j,0.231362
0.956722+0.095678j,-0.659143+0.388176j,0.400978+0.075321j,0.232176
0.957308+0.096076j,-0.658990+0.388360j,0.401092+0.075515j,0.232990
0.957894+0.096475j,-0.658837+0.388544j,0.401207+0.075710j,0.233804
0.958481+0.096874j,-0.658685+0.388728j,0.401321+0.075905j,0.234617
0.959068+0.097273j,-0.658532+0.388911j,0.401436+0.076100j,0.235431
0.959654+0.097673j,-0.658379+0.389095j,0.401550+0.076295j,0.236245
0.960242+0.098073j,-0.658227+0.389278j,0.401665+0.076490j,0.237058
0.960829+0.098474j,-0.658074+0.389461j,0.401779+0.076685j,0.237872
0.961417+0.098875j,-0.657922+0.389644j,0.401893+0.076880j,0.238685
0.962005+0.099277j,-0.657769+0.389827j,0.402008+0.077076j,0.239499
0.962593+0.099679j,-0.657617+0.390010j,0.402122+0.077271j,0.240312
0.963181+0.100081j,-0.657465+0.390193j,0.402237+0.077467j,0.241126
0.963770+0.100484j,-0.657312+0.390375j,0.402351+0.077663j,0.241939
0.964359+0.100888j,-0.657160+0.390558j,0.402466+0.077859j,0.242752
0.964948+0.101292j,-0.657008+0.390740j,0.402580+0.078055j,0.243566
0.965537+0.101697j,-0.656856+0.390922j,0.402695+0.078251j,0.244379
0.966127+0.102101j,-0.656704+0.391104j,0.402809+0.078448j,0.245192
0.966716+0.102507j,-0.656551+0.391286j,0.402923+0.078644j,0.246006
0.967306+0.102913j,-0.656399+0.391468j,0.403038+0.078841j,0.246819
0.967897+0.103319j,-0.656247+0.391649j,0.403152+0.079038j,0.247632
0.968487+0.103726j,-0.656095+0.391831j,0.403267+0.079235j,0.248445
0.969078+0.104133j,-0.655943+0.392012j,0.403381+0.079432j,0.249258
0.969669+0.104541j,-0.655792+0.392193j,0.403496+0.079629j,0.250071
0.970260+0.104949j,-0.655640+0.392374j,0.403610+0.079826j,0.250885
0.970852+0.105358j,-0.655488+0.392555j,0.403724+0.080024j,0.251698
0.971443+0.105767j,-0.655336+0.392736j,0.403839+0.080221j,0.252511
0.972035+0.106177j,-0.655184+0.392917j,0.403953+0.080419j,0.253324
0.972628+0.106587j,-0.655033+0.393097j,0.404068+0.080617j,0.254137
0.973220+0.106998j,-0.654881+0.393278j,0.404182+0.080815j,0.254950
0.973813+0.107409j,-0.654729+0.393458j,0.404296+0.081013j,0.255762
0.974406+0.107820j,-0.654578+0.393638j,0.404411+0.081211j,0.256575
0.974999+0.108232j,-0.654426+0.393818j,0.404525+0.081410j,0.257388
0.975592+0.108645j,-0.654275+0.393998j,0.404640+0.081608j,0.258201
0.976186+0.109058j,-0.654123+0.394177j,0.404754+0.081807j,0.259014
0.976780+0.109471j,-0.653972+0.394357j,0.404868+0.082006j,0.259827
0.977374+0.109885j,-0.653821+0.394536j,0.404983+0.082205j,0.260639
0.977968+0.110300j,-0.653669+0.394716j,0.405097+0.082404j,0.261452
0.978563+0.110714j,-0.653518+0.394895j,0.405211+0.082603j,0.262265
0.979158+0.111130j,-0.653367+0.395074j,0.405326+0.082802j,0.263077
0.979753+0.111546j,-0.653216+0.395253j,0.405440+0.083002j,0.263890
0.980348+0.111962j,-0.653065+0.395431j,0.405555+0.083201j,0.264702
0.980944+0.112379j,-0.652914+0.395610j,0.405669+0.083401j,0.265515
0.981539+0.112796j,-0.652762+0.395789j,0.405783+0.083601j,0.266327
0.982135+0.113214j,-0.652611+0.395967j,0.405898+0.083801j,0.267140
0.982732+0.113632j,-0.652460+0.396145j,0.406012+0.084001j,0.267952
0.983328+0.114051j,-0.652310+0.396323j,0.406126+0.084201j,0.268765
0.983925+0.114470j,-0.652159+0.396501j,0.406241+0.084402j,0.269577
0.984522+0.114890j,-0.652008+0.396679j,0.406355+0.084602j,0.270390
0.985119+0.115310j,-0.651857+0.396857j,0.406469+0.084803j,0.271202
0.985717+0.115730j,-0.651706+0.397034j,0.406583+0.085004j,0.272014
0.986314+0.116152j,-0.651556+0.397212j,0.406698+0.085205j,0.272826
0.986912+0.116573j,-0.651405+0.397389j,0.406812+0.085406j,0.273639
0.987511+0.116995j,-0.651254+0.397566j,0.406926+0.085607j,0.274451
0.988109+0.117418j,-0.651104+0.397743j,0.407041+0.085809j,0.275263
0.988708+0.117841j,-0.650953+0.397920j,0.407155+0.086010j,0.276075
0.989307+0.118264j,-0.650803+0.398097j,0.407269+0.086212j,0.276887
0.989906+0.118689j,-0.650652+0.398274j,0.407383+0.086414j,0.277699
0.990505+0.119113j,-0.650502+0.398450j,0.407498+0.086616j,0.278511
0.991105+0.119538j,-0.650351+0.398627j,0.407612+0.086818j,0.279323
0.991705+0.119964j,-0.650201+0.398803j,0.407726+0.087020j,0.280135
0.992305+0.120389j,-0.650051+0.398979j,0.407841+0.087222j,0.280947
0.992905+0.120816j,-0.649900+0.399155j,0.407955+0.087425j,0.281759
0.993506+0.121243j,-0.649750+0.399331j,0.408069+0.087627j,0.282571
0.994106+0.121670j,-0.649600+0.399507j,0.408183+0.087830j,0.283383
0.994707+0.122098j,-0.649450+0.399682j,0.408297+0.088033j,0.284195
0.995309+0.122527j,-0.649300+0.399858j,0.408412+0.088236j,0.285007
0.995910+0.122956j,-0.649150+0.400033j,0.408526+0.088439j,0.285819
0.996512+0.123385j,-0.649000+0.400208j,0.408640+0.088642j,0.286630
0.997114+0.123815j,-0.648850+0.400383j,0.408754+0.088846j,0.287442
0.997716+0.124245j,-0.648700+0.400558j,0.408868+0.089049j,0.288254
0.998319+0.124676j,-0.648550+0.400733j,0.408983+0.089253j,0.289065
0.998921+0.125107j,-0.648400+0.400908j,0.409097+0.089457j,0.289877
0.999524+0.125539j,-0.648251+0.401082j,0.409211+0.089661j,0.290689
1.000128+0.125972j,-0.648101+0.401257j,0.409325+0.089865j,0.291500
1.000731+0.126404j,-0.647951+0.401431j,0.409439+0.090069j,0.292312
1.001335+0.126838j,-0.647801+0.401605j,0.409554+0.090274j,0.293123
1.001939+0.127271j,-0.647652+0.401779j,0.409668+0.090478j,0.293935
1.002543+0.127706j,-0.647502+0.401953j,0.409782+0.090683j,0.294746
1.003147+0.128141j,-0.647353+0.402127j,0.409896+0.090888j,0.295557
1.003752+0.128576j,-0.647203+0.402301j,0.410010+0.091093j,0.296369
1.004357+0.129012j,-0.647054+0.402474j,0.410124+0.091298j,0.297180
1.004962+0.129448j,-0.646905+0.402648j,0.410238+0.091503j,0.297991
1.005567+0.129885j,-0.646755+0.402821j,0.410352+0.091709j,0.298803
1.006173+0.130322j,-0.646606+0.402994j,0.410467+0.091914j,0.299614
1.006779+0.130760j,-0.646457+0.403167j,0.410581+0.092120j,0.300425
1.007385+0.131198j,-0.646307+0.403340j,0.410695+0.092326j,0.301236
1.007991+0.131637j,-0.646158+0.403513j,0.410809+0.092532j,0.302047
1.008598+0.132076j,-0.646009+0.403686j,0.410923+0.092738j,0.302859
1.009204+0.132516j,-0.645860+0.403858j,0.411037+0.092944j,0.303670
1.009811+0.132956j,-0.645711+0.404031j,0.411151+0.093151j,0.304481
1.010419+0.133397j,-0.645562+0.404203j,0.411265+0.093357j,0.305292
1.011026+0.133838j,-0.645413+0.404375j,0.411379+0.093564j,0.306103
1.011634+0.134280j,-0.645264+0.404547j,0.411493+0.093771j,0.306914
1.012242+0.134722j,-0.645115+0.404719j,0.411607+0.093978j,0.307725
1.012850+0.135165j,-0.644967+0.404891j,0.411721+0.094185j,0.308535
1.013459+0.135608j,-0.644818+0.405063j,0.411835+0.094392j,0.309346
1.014067+0.136052j,-0.644669+0.405234j,0.411949+0.094599j,0.310157
1.014676+0.136496j,-0.644520+0.405406j,0.412063+0.094807j,0.310968
1.015285+0.136941j,-0.644372+0.405577j,0.412177+0.095015j,0.311779
1.015895+0.137386j,-0.644223+0.405748j,0.412291+0.095222j,0.312589
1.016504+0.137832j,-0.644075+0.405919j,0.412405+0.095430j,0.313400
1.017114+0.138278j,-0.643926+0.406090j,0.412519+0.095638j,0.314211
1.017724+0.138725j,-0.643778+0.406261j,0.412633+0.095847j,0.315021
1.018335+0.139172j,-0.643629+0.406431j,0.412747+0.096055j,0.315832
1.018945+0.139620j,-0.643481+0.406602j,0.412861+0.096264j,0.316643
1.019556+0.140068j,-0.643332+0.406772j,0.412975+0.096472j,0.317453
1.020167+0.140517j,-0.643184+0.406943j,0.413089+0.096681j,0.318264
1.020779+0.140966j,-0.643036+0.407113j,0.413203+0.096890j,0.319074
1.021390+0.141416j,-0.642888+0.407283j,0.413317+0.097099j,0.319885
1.022002+0.141866j,-0.642740+0.407453j,0.413430+0.097308j,0.320695
1.022614+0.142317j,-0.642592+0.407623j,0.413544+0.097518j,0.321505
1.023226+0.142768j,-0.642443+0.407792j,0.413658+0.097727j,0.322316
1.023839+0.143220j,-0.642295+0.407962j,0.413772+0.097937j,0.323126
1.024452+0.143672j,-0.642147+0.408131j,0.413886+0.098147j,0.323936
1.025065+0.144125j,-0.642000+0.408301j,0.414000+0.098357j,0.324747
1.025678+0.144578j,-0.641852+0.408470j,0.414114+0.098567j,0.325557
1.026291+0.145032j,-0.641704+0.408639j,0.414227+0.098777j,0.326367
1.026905+0.145487j,-0.641556+0.408808j,0.414341+0.098988j,0.327177
1.027519+0.145941j,-0.641408+0.408977j,0.414455+0.099198j,0.327987
1.028133+0.146397j,-0.641261+0.409145j,0.414569+0.099409j,0.328797
1.028747+0.146853j,-0.641113+0.409314j,0.414683+0.099620j,0.329607
1.029362+0.147309j,-0.640965+0.409482j,0.414796+0.099831j,0.330417
1.029977+0.147766j,-0.640818+0.409651j,0.414910+0.100042j,0.331227
1.030592+0.148223j,-0.640670+0.409819j,0.415024+0.100253j,0.332037
1.031207+0.148681j,-0.640523+0.409987j,0.415138+0.100465j,0.332847
1.031823+0.149140j,-0.640375+0.410155j,0.415251+0.100676j,0.333657
1.032439+0.149599j,-0.640228+0.410323j,0.415365+0.100888j,0.334467
1.033055+0.150058j,-0.640081+0.410491j,0.415479+0.101100j,0.335277
1.033671+0.150518j,-0.639933+0.410658j,0.415593+0.101312j,0.336087
1.034288+0.150979j,-0.639786+0.410826j,0.415706+0.101524j,0.336896
1.034905+0.151440j,-0.639639+0.410993j,0.415820+0.101737j,0.337706
1.035522+0.151901j,-0.639492+0.411160j,0.415934+0.101949j,0.338516
1.036139+0.152363j,-0.639345+0.411328j,0.416047+0.102162j,0.339325
1.036756+0.152826j,-0.639197+0.411495j,0.416161+0.102374j,0.340135
1.037374+0.153289j,-0.639050+0.411662j,0.416275+0.102587j,0.340945
1.037992+0.153753j,-0.638903+0.411828j,0.416388+0.102800j,0.341754
1.038610+0.154217j,-0.638757+0.411995j,0.416502+0.103014j,0.342564
1.039229+0.154681j,-0.638610+0.412162j,0.416615+0.103227j,0.343373
1.039847+0.155146j,-0.638463+0.412328j,0.416729+0.103441j,0.344183
1.040466+0.155612j,-0.638316+0.412494j,0.416843+0.103654j,0.344992
1.041085+0.156078j,-0.638169+0.412660j,0.416956+0.103868j,0.345802
1.041705+0.156545j,-0.638023+0.412826j,0.417070+0.104082j,0.346611
1.042324+0.157012j,-0.637876+0.412992j,0.417183+0.104296j,0.347420
1.042944+0.157480j,-0.637729+0.413158j,0.417297+0.104510j,0.348229
1.043564+0.157948j,-0.637583+0.413324j,0.417410+0.104725j,0.349039
1.044185+0.158417j,-0.637436+0.413490j,0.417524+0.104939j,0.349848
1.044805+0.158886j,-0.637290+0.413655j,0.417637+0.105154j,0.350657
1.045426+0.159356j,-0.637143+0.413820j,0.417751+0.105369j,0.351466
1.046047+0.159826j,-0.636997+0.413986j,0.417864+0.105584j,0.352275
1.046669+0.160297j,-0.636851+0.414151j,0.417978+0.105799j,0.353085
1.047290+0.160769j,-0.636704+0.414316j,0.418091+0.106014j,0.353894
1.047912+0.161241j,-0.636558+0.414481j,0.418205+0.106230j,0.354703
1.048534+0.161713j,-0.636412+0.414645j,0.418318+0.106445j,0.355512
1.049156+0.162186j,-0.636266+0.414810j,0.418432+0.106661j,0.356321
1.049779+0.162660j,-0.636120+0.414975j,0.418545+0.106877j,0.357129
1.050401+0.163134j,-0.635973+0.415139j,0.418658+0.107093j,0.357938
1.051024+0.163608j,-0.635827+0.415303j,0.418772+0.107309j,0.358747
1.051647+0.164083j,-0.635681+0.415468j,0.418885+0.107526j,0.359556
1.052271+0.164559j,-0.635536+0.415632j,0.418998+0.107742j,0.360365
1.052894+0.165035j,-0.635390+0.415796j,0.419112+0.107959j,0.361174
1.053518+0.165512j,-0.635244+0.415959j,0.419225+0.108176j,0.361982
1.054143+0.165989j,-0.635098+0.416123j,0.419338+0.108393j,0.362791
1.054767+0.166466j,-0.634952+0.416287j,0.419452+0.108610j,0.363600
1.055392+0.166945j,-0.634807+0.416450j,0.419565+0.108827j,0.364408
1.056016+0.167423j,-0.634661+0.416614j,0.419678+0.109045j,0.365217
1.056641+0.167903j,-0.634515+0.416777j,0.419792+0.109262j,0.366025
1.057267+0.168382j,-0.634370+0.416940j,0.419905+0.109480j,0.366834
1.057892+0.168863j,-0.634224+0.417103j,0.420018+0.109698j,0.367642
1.058518+0.169344j,-0.634079+0.417266j,0.420131+0.109916j,0.368451
1.059144+0.169825j,-0.633933+0.417429j,0.420244+0.110134j,0.369259
1.059770+0.170307j,-0.633788+0.417591j,0.420358+0.110352j,0.370068
1.060397+0.170790j,-0.633643+0.417754j,0.420471+0.110571j,0.370876
1.061024+0.171273j,-0.633497+0.417916j,0.420584+0.110790j,0.371684
1.061651+0.171756j,-0.633352+0.418079j,0.420697+0.111008j,0.372493
1.062278+0.172240j,-0.633207+0.418241j,0.420810+0.111227j,0.373301
1.062905+0.172725j,-0.633062+0.418403j,0.420923+0.111447j,0.374109
1.063533+0.173210j,-0.632917+0.418565j,0.421037+0.111666j,0.374917
1.064161+0.173696j,-0.632772+0.418727j,0.421150+0.111885j,0.375725
1.064789+0.174182j,-0.632627+0.418889j,0.421263+0.112105j,0.376533
1.065417+0.174669j,-0.632482+0.419051j,0.421376+0.112325j,0.377341
1.066046+0.175156j,-0.632337+0.419212j,0.421489+0.112544j,0.378150
1.066675+0.175644j,-0.632192+0.419374j,0.421602+0.112765j,0.378958
1.067304+0.176132j,-0.632047+0.419535j,0.421715+0.112985j,0.379765
1.067933+0.176621j,-0.631903+0.419696j,0.421828+0.113205j,0.380573
1.068563+0.177110j,-0.631758+0.419857j,0.421941+0.113426j,0.381381
1.069193+0.177600j,-0.631613+0.420018j,0.422054+0.113646j,0.382189
1.069823+0.178091j,-0.631469+0.420179j,0.422167+0.113867j,0.382997
1.070453+0.178582j,-0.631324+0.420340j,0.422280+0.114088j,0.383805
1.071083+0.179074j,-0.631179+0.420500j,0.422393+0.114309j,0.384613
1.071714+0.179566j,-0.631035+0.420661j,0.422506+0.114531j,0.385420
1.072345+0.180058j,-0.630891+0.420821j,0.422619+0.114752j,0.386228
1.072976+0.180552j,-0.630746+0.420982j,0.422732+0.114974j,0.387036
1.073608+0.181045j,-0.630602+0.421142j,0.422844+0.115195j,0.387843
1.074240+0.181540j,-0.630458+0.421302j,0.422957+0.115417j,0.388651
1.074872+0.182034j,-0.630313+0.421462j,0.423070+0.115639j,0.389458
1.075504+0.182530j,-0.630169+0.421622j,0.423183+0.115862j,0.390266
1.076136+0.183026j,-0.630025+0.421782j,0.423296+0.116084j,0.391073
1.076769+0.183522j,-0.629881+0.421941j,0.423409+0.116307j,0.391881
1.077402+0.184019j,-0.629737+0.422101j,0.423521+0.116529j,0.392688
1.078035+0.184517j,-0.629593+0.422260j,0.423634+0.116752j,0.393496
1.078668+0.185015j,-0.629449+0.422420j,0.423747+0.116975j,0.394303
1.079302+0.185513j,-0.629305+0.422579j,0.423860+0.117198j,0.395110
1.079935+0.186013j,-0.629161+0.422738j,0.423972+0.117422j,0.395917
1.080569+0.186512j,-0.629017+0.422897j,0.424085+0.117645j,0.396725
1.081204+0.187013j,-0.628873+0.423056j,0.424198+0.117869j,0.397532
1.081838+0.187513j,-0.628730+0.423215j,0.424310+0.118093j,0.398339
1.082473+0.188015j,-0.628586+0.423373j,0.424423+0.118317j,0.399146
1.083108+0.188517j,-0.628442+0.423532j,0.424536+0.118541j,0.399953
1.083743+0.189019j,-0.628299+0.423690j,0.424648+0.118765j,0.400760
1.084379+0.189522j,-0.628155+0.423849j,0.424761+0.118990j,0.401567
1.085014+0.190026j,-0.628012+0.424007j,0.424874+0.119214j,0.402374
1.085650+0.190530j,-0.627868+0.424165j,0.424986+0.119439j,0.403181
1.086286+0.191035j,-0.627725+0.424323j,0.425099+0.119664j,0.403988
1.086923+0.191540j,-0.627582+0.424481j,0.425211+0.119889j,0.404795
1.087559+0.192046j,-0.627438+0.424639j,0.425324+0.120114j,0.405602
1.088196+0.192552j,-0.627295+0.424796j,0.425436+0.120340j,0.406409
1.088833+0.193059j,-0.627152+0.424954j,0.425549+0.120565j,0.407216
1.089471+0.193566j,-0.627009+0.425112j,0.425661+0.120791j,0.408022
1.090108+0.194074j,-0.626866+0.425269j,0.425774+0.121017j,0.408829
1.090746+0.194583j,-0.626723+0.425426j,0.425886+0.121243j,0.409636
1.091384+0.195092j,-0.626580+0.425583j,0.425999+0.121469j,0.410442
1.092022+0.195601j,-0.626437+0.425740j,0.426111+0.121695j,0.411249
1.092661+0.196112j,-0.626294+0.425897j,0.426223+0.121922j,0.412055
1.093300+0.196622j,-0.626151+0.426054j,0.426336+0.122149j,0.412862
1.093939+0.197134j,-0.626008+0.426211j,0.426448+0.122376j,0.413668
1.094578+0.197645j,-0.625865+0.426367j,0.426560+0.122603j,0.414475
1.095217+0.198158j,-0.625723+0.426524j,0.426673+0.122830j,0.415281
1.095857+0.198671j,-0.625580+0.426680j,0.426785+0.123057j,0.416088
1.096497+0.199184j,-0.625437+0.426837j,0.426897+0.123285j,0.416894
1.097137+0.199698j,-0.625295+0.426993j,0.427009+0.123512j,0.417700
1.097777+0.200213j,-0.625152+0.427149j,0.427122+0.123740j,0.418507
1.098418+0.200728j,-0.625010+0.427305j,0.427234+0.123968j,0.419313
1.099059+0.201244j,-0.624867+0.427461j,0.427346+0.124196j,0.420119
1.099700+0.201760j,-0.624725+0.427617j,0.427458+0.124425j,0.420925
1.100341+0.202277j,-0.624583+0.427772j,0.427570+0.124653j,0.421731
1.100983+0.202795j,-0.624440+0.427928j,0.427683+0.124882j,0.422537
1.101624+0.203313j,-0.624298+0.428083j,0.427795+0.125111j,0.423343
1.102266+0.203831j,-0.624156+0.428239j,0.427907+0.125340j,0.424149
1.102909+0.204350j,-0.624014+0.428394j,0.428019+0.125569j,0.424955
1.103551+0.204870j,-0.623872+0.428549j,0.428131+0.125798j,0.425761
1.104194+0.205390j,-0.623730+0.428704j,0.428243+0.126027j,0.426567
1.104837+0.205911j,-0.623588+0.428859j,0.428355+0.126257j,0.427373
1.105480+0.206432j,-0.623446+0.429014j,0.428467+0.126487j,0.428179
1.106123+0.206954j,-0.623304+0.429169j,0.428579+0.126717j,0.428985
1.106767+0.207477j,-0.623162+0.429323j,0.428691+0.126947j,0.429791
1.107411+0.208000j,-0.623020+0.429478j,0.428803+0.127177j,0.430596
1.108055+0.208523j,-0.622879+0.429632j,0.428915+0.127408j,0.431402
1.108699+0.209048j,-0.622737+0.429786j,0.429027+0.127638j,0.432208
1.109344+0.209572j,-0.622595+0.429941j,0.429139+0.127869j,0.433013
1.109989+0.210098j,-0.622454+0.430095j,0.429251+0.128100j,0.433819
1.110634+0.210624j,-0.622312+0.430249j,0.429362+0.128331j,0.434624
1.111279+0.211150j,-0.622171+0.430403j,0.429474+0.128562j,0.435430
1.111925+0.211677j,-0.622029+0.430556j,0.429586+0.128794j,0.436235
1.112570+0.212205j,-0.621888+0.430710j,0.429698+0.129026j,0.437041
1.113216+0.212733j,-0.621746+0.430864j,0.429810+0.129257j,0.437846
1.113863+0.213261j,-0.621605+0.431017j,0.429921+0.129489j,0.438652
1.114509+0.213791j,-0.621464+0.431171j,0.430033+0.129721j,0.439457
1.115156+0.214321j,-0.621323+0.431324j,0.430145+0.129954j,0.440262
1.115803+0.214851j,-0.621182+0.431477j,0.430256+0.130186j,0.441067
1.116450+0.215382j,-0.621040+0.431630j,0.430368+0.130419j,0.441873
1.117097+0.215914j,-0.620899+0.431783j,0.430480+0.130652j,0.442678
1.117745+0.216446j,-0.620758+0.431936j,0.430591+0.130884j,0.443483
1.118393+0.216978j,-0.620617+0.432089j,0.430703+0.131118j,0.444288
1.119041+0.217512j,-0.620477+0.432241j,0.430814+0.131351j,0.445093
1.119689+0.218046j,-0.620336+0.432394j,0.430926+0.131584j,0.445898
1.120338+0.218580j,-0.620195+0.432546j,0.431038+0.131818j,0.446703
1.120986+0.219115j,-0.620054+0.432699j,0.431149+0.132052j,0.447508
1.121635+0.219651j,-0.619913+0.432851j,0.431261+0.132286j,0.448313
1.122285+0.220187j,-0.619773+0.433003j,0.431372+0.132520j,0.449118
1.122934+0.220724j,-0.619632+0.433155j,0.431483+0.132754j,0.449923
1.123584+0.221261j,-0.619492+0.433307j,0.431595+0.132989j,0.450727
1.124234+0.221799j,-0.619351+0.433459j,0.431706+0.133223j,0.451532
1.124884+0.222337j,-0.619211+0.433611j,0.431818+0.133458j,0.452337
1.125534+0.222876j,-0.619070+0.433763j,0.431929+0.133693j,0.453142
1.126185+0.223416j,-0.618930+0.433914j,0.432040+0.133928j,0.453946
1.126836+0.223956j,-0.618790+0.434066j,0.432152+0.134164j,0.454751
1.127487+0.224497j,-0.618649+0.434217j,0.432263+0.134399j,0.455555
1.128138+0.225038j,-0.618509+0.434368j,0.432374+0.134635j,0.456360
1.128790+0.225580j,-0.618369+0.434519j,0.432485+0.134870j,0.457165
1.129441+0.226123j,-0.618229+0.434671j,0.432597+0.135106j,0.457969
1.130093+0.226666j,-0.618089+0.434822j,0.432708+0.135343j,0.458773
1.130746+0.227209j,-0.617949+0.434972j,0.432819+0.135579j,0.459578
1.131398+0.227754j,-0.617809+0.435123j,0.432930+0.135816j,0.460382
1.132051+0.228298j,-0.617669+0.435274j,0.433041+0.136052j,0.461186
1.132704+0.228844j,-0.617529+0.435424j,0.433152+0.136289j,0.461991
1.133357+0.229390j,-0.617389+0.435575j,0.433263+0.136526j,0.462795
1.134010+0.229936j,-0.617249+0.435725j,0.433375+0.136763j,0.463599
1.134664+0.230484j,-0.617110+0.435876j,0.433486+0.137001j,0.464403
1.135318+0.231031j,-0.616970+0.436026j,0.433597+0.137238j,0.465207
1.135972+0.231580j,-0.616830+0.436176j,0.433708+0.137476j,0.466012
1.136626+0.232129j,-0.616691+0.436326j,0.433819+0.137714j,0.466816
1.137281+0.232678j,-0.616551+0.436476j,0.433929+0.137952j,0.467620
1.137936+0.233228j,-0.616412+0.436626j,0.434040+0.138190j,0.468424
1.138591+0.233779j,-0.616272+0.436775j,0.434151+0.138428j,0.469228
1.139246+0.234330j,-0.616133+0.436925j,0.434262+0.138667j,0.470031
1.139901+0.234882j,-0.615994+0.437074j,0.434373+0.138906j,0.470835
1.140557+0.235434j,-0.615854+0.437224j,0.434484+0.139145j,0.471639
1.141213+0.235988j,-0.615715+0.437373j,0.434595+0.139384j,0.472443
1.141869+0.236541j,-0.615576+0.437522j,0.434705+0.139623j,0.473247
1.142526+0.237095j,-0.615437+0.437672j,0.434816+0.139862j,0.474050
1.143182+0.237650j,-0.615298+0.437821j,0.434927+0.140102j,0.474854
1.143839+0.238206j,-0.615159+0.437969j,0.435038+0.140342j,0.475658
1.144496+0.238761j,-0.615020+0.438118j,0.435148+0.140582j,0.476461
1.145154+0.239318j,-0.614881+0.438267j,0.435259+0.140822j,0.477265
1.145811+0.239875j,-0.614742+0.438416j,0.435369+0.141062j,0.478068
1.146469+0.240433j,-0.614603+0.438564j,0.435480+0.141303j,0.478872
1.147127+0.240991j,-0.614465+0.438713j,0.435591+0.141543j,0.479675
1.147785+0.241550j,-0.614326+0.438861j,0.435701+0.141784j,0.480479
1.148444+0.242110j,-0.614187+0.439009j,0.435812+0.142025j,0.481282
1.149102+0.242670j,-0.614049+0.439158j,0.435922+0.142267j,0.482085
1.149761+0.243231j,-0.613910+0.439306j,0.436033+0.142508j,0.482889
1.150420+0.243792j,-0.613772+0.439454j,0.436143+0.142749j,0.483692
1.151080+0.244354j,-0.613633+0.439602j,0.436253+0.142991j,0.484495
1.151739+0.244916j,-0.613495+0.439749j,0.436364+0.143233j,0.485298
1.152399+0.245479j,-0.613356+0.439897j,0.436474+0.143475j,0.486101
1.153059+0.246043j,-0.613218+0.440045j,0.436585+0.143717j,0.486904
1.153720+0.246607j,-0.613080+0.440192j,0.436695+0.143960j,0.487707
1.154380+0.247172j,-0.612942+0.440340j,0.436805+0.144202j,0.488510
1.155041+0.247738j,-0.612803+0.440487j,0.436915+0.144445j,0.489313
1.155702+0.248304j,-0.612665+0.440634j,0.437026+0.144688j,0.490116
1.156363+0.248871j,-0.612527+0.440781j,0.437136+0.144931j,0.490919
1.157025+0.249438j,-0.612389+0.440928j,0.437246+0.145175j,0.491722
1.157686+0.250006j,-0.612251+0.441075j,0.437356+0.145418j,0.492525
1.158348+0.250574j,-0.612113+0.441222j,0.437466+0.145662j,0.493328
1.159011+0.251143j,-0.611976+0.441369j,0.437576+0.145906j,0.494130
1.159673+0.251713j,-0.611838+0.441516j,0.437686+0.146150j,0.494933
1.160336+0.252283j,-0.611700+0.441662j,0.437796+0.146394j,0.495736
1.160998+0.252854j,-0.611562+0.441809j,0.437906+0.146638j,0.496538
1.161661+0.253426j,-0.611425+0.441955j,0.438016+0.146883j,0.497341
1.162325+0.253998j,-0.611287+0.442101j,0.438126+0.147127j,0.498144
1.162988+0.254570j,-0.611150+0.442248j,0.438236+0.147372j,0.498946
1.163652+0.255144j,-0.611012+0.442394j,0.438346+0.147617j,0.499749
1.164316+0.255718j,-0.610875+0.442540j,0.438456+0.147863j,0.500551
1.164980+0.256292j,-0.610737+0.442686j,0.438566+0.148108j,0.501353
1.165645+0.256867j,-0.610600+0.442832j,0.438676+0.148354j,0.502156
1.166309+0.257443j,-0.610463+0.442977j,0.438785+0.148600j,0.502958
1.166974+0.258019j,-0.610325+0.443123j,0.438895+0.148846j,0.503760
1.167639+0.258596j,-0.610188+0.443269j,0.439005+0.149092j,0.504563
1.168305+0.259174j,-0.610051+0.443414j,0.439115+0.149338j,0.505365
1.168970+0.259752j,-0.609914+0.443559j,0.439224+0.149585j,0.506167
1.169636+0.260331j,-0.609777+0.443705j,0.439334+0.149831j,0.506969
1.170302+0.260910j,-0.609640+0.443850j,0.439444+0.150078j,0.507771
1.170968+0.261490j,-0.609503+0.443995j,0.439553+0.150325j,0.508573
1.171635+0.262070j,-0.609366+0.444140j,0.439663+0.150573j,0.509375
1.172302+0.262652j,-0.609229+0.444285j,0.439772+0.150820j,0.510177
1.172968+0.263233j,-0.609093+0.444430j,0.439882+0.151068j,0.510979
1.173636+0.263816j,-0.608956+0.444575j,0.439991+0.151315j,0.511781
1.174303+0.264399j,-0.608819+0.444719j,0.440101+0.151563j,0.512583
1.174971+0.264983j,-0.608682+0.444864j,0.440210+0.151812j,0.513384
1.175639+0.265567j,-0.608546+0.445009j,0.440319+0.152060j,0.514186
1.176307+0.266152j,-0.608409+0.445153j,0.440429+0.152309j,0.514988
1.176975+0.266737j,-0.608273+0.445297j,0.440538+0.152557j,0.515790
1.177643+0.267323j,-0.608137+0.445442j,0.440647+0.152806j,0.516591
1.178312+0.267910j,-0.608000+0.445586j,0.440757+0.153055j,0.517393
1.178981+0.268497j,-0.607864+0.445730j,0.440866+0.153304j,0.518194
1.179650+0.269085j,-0.607728+0.445874j,0.440975+0.153554j,0.518996
1.180320+0.269674j,-0.607591+0.446018j,0.441084+0.153804j,0.519797
1.180990+0.270263j,-0.607455+0.446161j,0.441193+0.154053j,0.520599
1.181659+0.270853j,-0.607319+0.446305j,0.441303+0.154303j,0.521400
1.182330+0.271443j,-0.607183+0.446449j,0.441412+0.154554j,0.522201
1.183000+0.272034j,-0.607047+0.446592j,0.441521+0.154804j,0.523003
1.183670+0.272626j,-0.606911+0.446736j,0.441630+0.155055j,0.523804
1.184341+0.273218j,-0.606775+0.446879j,0.441739+0.155305j,0.524605
1.185012+0.273811j,-0.606639+0.447022j,0.441848+0.155556j,0.525407
1.185684+0.274404j,-0.606504+0.447166j,0.441957+0.155807j,0.526208
1.186355+0.274998j,-0.606368+0.447309j,0.442065+0.156059j,0.527009
1.187027+0.275593j,-0.606232+0.447452j,0.442174+0.156310j,0.527810
1.187699+0.276189j,-0.606096+0.447595j,0.442283+0.156562j,0.528611
1.188371+0.276784j,-0.605961+0.447737j,0.442392+0.156814j,0.529412
1.189043+0.277381j,-0.605825+0.447880j,0.442501+0.157066j,0.530213
1.189716+0.277978j,-0.605690+0.448023j,0.442609+0.157318j,0.531014
1.190389+0.278576j,-0.605554+0.448165j,0.442718+0.157570j,0.531815
1.191062+0.279175j,-0.605419+0.448308j,0.442827+0.157823j,0.532615
1.191735+0.279774j,-0.605284+0.448450j,0.442935+0.158076j,0.533416
1.192409+0.280373j,-0.605148+0.448593j,0.443044+0.158329j,0.534217
1.193082+0.280974j,-0.605013+0.448735j,0.443153+0.158582j,0.535018
1.193756+0.281575j,-0.604878+0.448877j,0.443261+0.158835j,0.535818
1.194430+0.282176j,-0.604743+0.449019j,0.443370+0.159089j,0.536619
1.195105+0.282779j,-0.604608+0.449161j,0.443478+0.159342j,0.537420
1.195779+0.283381j,-0.604473+0.449303j,0.443587+0.159596j,0.538220
1.196454+0.283985j,-0.604338+0.449445j,0.443695+0.159850j,0.539021
1.197129+0.284589j,-0.604203+0.449587j,0.443803+0.160105j,0.539821
1.197805+0.285194j,-0.604068+0.449728j,0.443912+0.160359j,0.540621
1.198480+0.285799j,-0.603933+0.449870j,0.444020+0.160614j,0.541422
1.199156+0.286405j,-0.603798+0.450011j,0.444128+0.160869j,0.542222
1.199832+0.287012j,-0.603664+0.450153j,0.444236+0.161124j,0.543022
1.200508+0.287619j,-0.603529+0.450294j,0.444345+0.161379j,0.543823
1.201185+0.288227j,-0.603395+0.450435j,0.444453+0.161634j,0.544623
1.201861+0.288835j,-0.603260+0.450576j,0.444561+0.161890j,0.545423
1.202538+0.289444j,-0.603125+0.450717j,0.444669+0.162146j,0.546223
1.203215+0.290054j,-0.602991+0.450858j,0.444777+0.162402j,0.547023
1.203893+0.290665j,-0.602857+0.450999j,0.444885+0.162658j,0.547823
1.204570+0.291276j,-0.602722+0.451140j,0.444993+0.162914j,0.548623
1.205248+0.291887j,-0.602588+0.451281j,0.445101+0.163171j,0.549423
1.205926+0.292500j,-0.602454+0.451422j,0.445209+0.163428j,0.550223
1.206604+0.293113j,-0.602320+0.451562j,0.445317+0.163685j,0.551023
1.207283+0.293726j,-0.602185+0.451703j,0.445425+0.163942j,0.551823
1.207961+0.294340j,-0.602051+0.451843j,0.445533+0.164199j,0.552623
1.208640+0.294955j,-0.601917+0.451983j,0.445640+0.164457j,0.553423
1.209320+0.295571j,-0.601783+0.452124j,0.445748+0.164714j,0.554222
1.209999+0.296187j,-0.601649+0.452264j,0.445856+0.164972j,0.555022
1.210678+0.296803j,-0.601516+0.452404j,0.445964+0.165230j,0.555822
1.211358+0.297421j,-0.601382+0.452544j,0.446071+0.165489j,0.556621
1.212038+0.298039j,-0.601248+0.452684j,0.446179+0.165747j,0.557421
1.212719+0.298658j,-0.601114+0.452824j,0.446287+0.166006j,0.558220
1.213399+0.299277j,-0.600981+0.452963j,0.446394+0.166265j,0.559020
1.214080+0.299897j,-0.600847+0.453103j,0.446502+0.166524j,0.559819
1.214761+0.300517j,-0.600713+0.453243j,0.446609+0.166783j,0.560619
1.215442+0.301139j,-0.600580+0.453382j,0.446717+0.167042j,0.561418
1.216123+0.301761j,-0.600447+0.453522j,0.446824+0.167302j,0.562217
1.216805+0.302383j,-0.600313+0.453661j,0.446931+0.167562j,0.563016
1.217487+0.303006j,-0.600180+0.453800j,0.447039+0.167822j,0.563816
1.218169+0.303630j,-0.600046+0.453939j,0.447146+0.168082j,0.564615
1.218851+0.304254j,-0.599913+0.454078j,0.447253+0.168343j,0.565414
1.219533+0.304880j,-0.599780+0.454217j,0.447360+0.168603j,0.566213
1.220216+0.305505j,-0.599647+0.454356j,0.447468+0.168864j,0.567012
1.220899+0.306132j,-0.599514+0.454495j,0.447575+0.169125j,0.567811
1.221582+0.306759j,-0.599381+0.454634j,0.447682+0.169386j,0.568610
1.222265+0.307386j,-0.599248+0.454773j,0.447789+0.169648j,0.569409
1.222949+0.308015j,-0.599115+0.454911j,0.447896+0.169909j,0.570208
1.223633+0.308644j,-0.598982+0.455050j,0.448003+0.170171j,0.571007
1.224317+0.309273j,-0.598849+0.455188j,0.448110+0.170433j,0.571806
1.225001+0.309904j,-0.598716+0.455327j,0.448217+0.170695j,0.572604
1.225686+0.310534j,-0.598584+0.455465j,0.448324+0.170958j,0.573403
1.226370+0.311166j,-0.598451+0.455603j,0.448431+0.171220j,0.574202
1.227055+0.311798j,-0.598319+0.455742j,0.448537+0.171483j,0.575000
1.227740+0.312431j,-0.598186+0.455880j,0.448644+0.171746j,0.575799
1.228426+0.313065j,-0.598053+0.456018j,0.448751+0.172009j,0.576597
1.229111+0.313699j,-0.597921+0.456156j,0.448858+0.172272j,0.577396
1.229797+0.314334j,-0.597789+0.456293j,0.448964+0.172536j,0.578194
1.230483+0.314969j,-0.597656+0.456431j,0.449071+0.172800j,0.578993
1.231169+0.315605j,-0.597524+0.456569j,0.449177+0.173064j,0.579791
1.231856+0.316242j,-0.597392+0.456707j,0.449284+0.173328j,0.580590
1.232543+0.316879j,-0.597260+0.456844j,0.449390+0.173592j,0.581388
1.233229+0.317517j,-0.597127+0.456982j,0.449497+0.173857j,0.582186
1.233917+0.318156j,-0.596995+0.457119j,0.449603+0.174121j,0.582984
1.234604+0.318796j,-0.596863+0.457256j,0.449710+0.174386j,0.583782
1.235292+0.319436j,-0.596731+0.457393j,0.449816+0.174652j,0.584581
1.235979+0.320076j,-0.596599+0.457531j,0.449922+0.174917j,0.585379
1.236667+0.320718j,-0.596468+0.457668j,0.450029+0.175182j,0.586177
1.237356+0.321360j,-0.596336+0.457805j,0.450135+0.175448j,0.586975
1.238044+0.322002j,-0.596204+0.457942j,0.450241+0.175714j,0.587773
1.238733+0.322646j,-0.596072+0.458079j,0.450347+0.175980j,0.588570
1.239422+0.323290j,-0.595941+0.458215j,0.450453+0.176247j,0.589368
1.240111+0.323934j,-0.595809+0.458352j,0.450559+0.176513j,0.590166
1.240800+0.324580j,-0.595678+0.458489j,0.450665+0.176780j,0.590964
1.241490+0.325226j,-0.595546+0.458625j,0.450771+0.177047j,0.591762
1.242179+0.325872j,-0.595415+0.458762j,0.450877+0.177314j,0.592559
1.242869+0.326519j,-0.595283+0.458898j,0.450983+0.177581j,0.593357
1.243560+0.327167j,-0.595152+0.459034j,0.451089+0.177849j,0.594155
1.244250+0.327816j,-0.595021+0.459171j,0.451195+0.178117j,0.594952
1.244941+0.328465j,-0.594889+0.459307j,0.451301+0.178385j,0.595750
1.245632+0.329115j,-0.594758+0.459443j,0.451406+0.178653j,0.596547
1.246323+0.329766j,-0.594627+0.459579j,0.451512+0.178921j,0.597345
1.247014+0.330417j,-0.594496+0.459715j,0.451618+0.179190j,0.598142
1.247705+0.331069j,-0.594365+0.459851j,0.451723+0.179459j,0.598939
1.248397+0.331722j,-0.594234+0.459987j,0.451829+0.179727j,0.599737
1.249089+0.332375j,-0.594103+0.460122j,0.451935+0.179997j,0.600534
1.249781+0.333029j,-0.593972+0.460258j,0.452040+0.180266j,0.601331
1.250474+0.333683j,-0.593842+0.460394j,0.452146+0.180536j,0.602128
1.251166+0.334339j,-0.593711+0.460529j,0.452251+0.180805j,0.602925
1.251859+0.334994j,-0.593580+0.460665j,0.452356+0.181075j,0.603722
1.252552+0.335651j,-0.593449+0.460800j,0.452462+0.181346j,0.604519
1.253246+0.336308j,-0.593319+0.460935j,0.452567+0.181616j,0.605316
1.253939+0.336966j,-0.593188+0.461071j,0.452672+0.181887j,0.606113
1.254633+0.337625j,-0.593058+0.461206j,0.452777+0.182157j,0.606910
1.255327+0.338284j,-0.592927+0.461341j,0.452882+0.182428j,0.607707
1.256021+0.338944j,-0.592797+0.461476j,0.452988+0.182700j,0.608504
1.256715+0.339605j,-0.592667+0.461611j,0.453093+0.182971j,0.609301
1.257410+0.340266j,-0.592536+0.461746j,0.453198+0.183243j,0.610097
1.258105+0.340928j,-0.592406+0.461880j,0.453303+0.183515j,0.610894
1.258800+0.341591j,-0.592276+0.462015j,0.453408+0.183787j,0.611691
1.259495+0.342254j,-0.592146+0.462150j,0.453513+0.184059j,0.612487
1.260190+0.342918j,-0.592016+0.462284j,0.453617+0.184331j,0.613284
1.260886+0.343582j,-0.591886+0.462419j,0.453722+0.184604j,0.614080
1.261582+0.344248j,-0.591756+0.462553j,0.453827+0.184877j,0.614877
1.262278+0.344914j,-0.591626+0.462688j,0.453932+0.185150j,0.615673
1.262974+0.345580j,-0.591496+0.462822j,0.454036+0.185423j,0.616470
1.263671+0.346248j,-0.591367+0.462956j,0.454141+0.185697j,0.617266
1.264368+0.346916j,-0.591237+0.463090j,0.454246+0.185970j,0.618062
1.265065+0.347585j,-0.591107+0.463225j,0.454350+0.186244j,0.618859
1.265762+0.348254j,-0.590978+0.463359j,0.454455+0.186518j,0.619655
1.266459+0.348924j,-0.590848+0.463493j,0.454559+0.186793j,0.620451
1.267157+0.349595j,-0.590718+0.463626j,0.454663+0.187067j,0.621247
1.267855+0.350266j,-0.590589+0.463760j,0.454768+0.187342j,0.622043
1.268553+0.350938j,-0.590460+0.463894j,0.454872+0.187617j,0.622839
1.269251+0.351611j,-0.590330+0.464028j,0.454976+0.187892j,0.623635
1.269949+0.352284j,-0.590201+0.464161j,0.455081+0.188168j,0.624431
1.270648+0.352959j,-0.590072+0.464295j,0.455185+0.188443j,0.625227
1.271347+0.353633j,-0.589943+0.464428j,0.455289+0.188719j,0.626023
1.272046+0.354309j,-0.589813+0.464562j,0.455393+0.188995j,0.626819
1.272746+0.354985j,-0.589684+0.464695j,0.455497+0.189271j,0.627614
1.273445+0.355662j,-0.589555+0.464828j,0.455601+0.189548j,0.628410
1.274145+0.356340j,-0.589426+0.464961j,0.455705+0.189824j,0.629206
1.274845+0.357018j,-0.589297+0.465095j,0.455809+0.190101j,0.630001
1.275545+0.357697j,-0.589169+0.465228j,0.455913+0.190378j,0.630797
1.276246+0.358376j,-0.589040+0.465361j,0.456017+0.190655j,0.631592
1.276946+0.359057j,-0.588911+0.465494j,0.456120+0.190933j,0.632388
1.277647+0.359738j,-0.588782+0.465626j,0.456224+0.191211j,0.633183
1.278348+0.360419j,-0.588654+0.465759j,0.456328+0.191489j,0.633979
1.279049+0.361102j,-0.588525+0.465892j,0.456431+0.191767j,0.634774
1.279751+0.361785j,-0.588396+0.466025j,0.456535+0.192045j,0.635569
1.280453+0.362468j,-0.588268+0.466157j,0.456638+0.192324j,0.636365
1.281155+0.363153j,-0.588140+0.466290j,0.456742+0.192602j,0.637160
1.281857+0.363838j,-0.588011+0.466422j,0.456845+0.192881j,0.637955
1.282559+0.364524j,-0.587883+0.466555j,0.456949+0.193161j,0.638750
1.283262+0.365210j,-0.587755+0.466687j,0.457052+0.193440j,0.639545
1.283964+0.365897j,-0.587626+0.466819j,0.457155+0.193720j,0.640340
1.284667+0.366585j,-0.587498+0.466951j,0.457259+0.193999j,0.641135
1.285371+0.367274j,-0.587370+0.467083j,0.457362+0.194279j,0.641930
1.286074+0.367963j,-0.587242+0.467216j,0.457465+0.194560j,0.642725
1.286778+0.368653j,-0.587114+0.467348j,0.457568+0.194840j,0.643520
1.287481+0.369344j,-0.586986+0.467479j,0.457671+0.195121j,0.644315
1.288186+0.370035j,-0.586858+0.467611j,0.457774+0.195402j,0.645110
1.288890+0.370727j,-0.586730+0.467743j,0.457877+0.195683j,0.645904
1.289594+0.371420j,-0.586603+0.467875j,0.457980+0.195964j,0.646699
1.290299+0.372113j,-0.586475+0.468006j,0.458083+0.196246j,0.647494
1.291004+0.372807j,-0.586347+0.468138j,0.458186+0.196528j,0.648288
1.291709+0.373502j,-0.586220+0.468270j,0.458288+0.196810j,0.649083
1.292414+0.374198j,-0.586092+0.468401j,0.458391+0.197092j,0.649877
1.293120+0.374894j,-0.585964+0.468533j,0.458494+0.197374j,0.650672
1.293826+0.375591j,-0.585837+0.468664j,0.458596+0.197657j,0.651466
1.294532+0.376289j,-0.585710+0.468795j,0.458699+0.197940j,0.652260
1.295238+0.376987j,-0.585582+0.468926j,0.458801+0.198223j,0.653055
1.295944+0.377686j,-0.585455+0.469058j,0.458904+0.198506j,0.653849
1.296651+0.378386j,-0.585328+0.469189j,0.459006+0.198790j,0.654643
1.297358+0.379086j,-0.585200+0.469320j,0.459109+0.199073j,0.655437
1.298065+0.379787j,-0.585073+0.469451j,0.459211+0.199357j,0.656232
1.298772+0.380489j,-0.584946+0.469582j,0.459313+0.199642j,0.657026
1.299480+0.381192j,-0.584819+0.469712j,0.459415+0.199926j,0.657820
1.300187+0.381895j,-0.584692+0.469843j,0.459517+0.200211j,0.658614
1.300895+0.382599j,-0.584565+0.469974j,0.459620+0.200495j,0.659408
1.301603+0.383303j,-0.584439+0.470104j,0.459722+0.200780j,0.660201
1.302311+0.384009j,-0.584312+0.470235j,0.459824+0.201066j,0.660995
1.303020+0.384715j,-0.584185+0.470366j,0.459926+0.201351j,0.661789
1.303729+0.385421j,-0.584058+0.470496j,0.460027+0.201637j,0.662583
1.304438+0.386129j,-0.583932+0.470626j,0.460129+0.201923j,0.663377
1.305147+0.386837j,-0.583805+0.470757j,0.460231+0.202209j,0.664170
1.305856+0.387546j,-0.583678+0.470887j,0.460333+0.202495j,0.664964
1.306566+0.388256j,-0.583552+0.471017j,0.460434+0.202782j,0.665757
1.307276+0.388966j,-0.583426+0.471147j,0.460536+0.203069j,0.666551
1.307986+0.389677j,-0.583299+0.471278j,0.460638+0.203356j,0.667344
1.308696+0.390389j,-0.583173+0.471408j,0.460739+0.203643j,0.668138
1.309406+0.391101j,-0.583047+0.471538j,0.460841+0.203931j,0.668931
1.310117+0.391814j,-0.582920+0.471667j,0.460942+0.204218j,0.669725
1.310828+0.392528j,-0.582794+0.471797j,0.461043+0.204506j,0.670518
1.311539+0.393243j,-0.582668+0.471927j,0.461145+0.204794j,0.671311
1.312250+0.393958j,-0.582542+0.472057j,0.461246+0.205083j,0.672104
1.312961+0.394674j,-0.582416+0.472187j,0.461347+0.205371j,0.672898
1.313673+0.395391j,-0.582290+0.472316j,0.461448+0.205660j,0.673691
1.314385+0.396108j,-0.582164+0.472446j,0.461549+0.205949j,0.674484
1.315097+0.396826j,-0.582038+0.472575j,0.461651+0.206239j,0.675277
1.315809+0.397545j,-0.581913+0.472705j,0.461752+0.206528j,0.676070
1.316522+0.398264j,-0.581787+0.472834j,0.461852+0.206818j,0.676863
1.317234+0.398985j,-0.581661+0.472963j,0.461953+0.207108j,0.677655
1.317947+0.399706j,-0.581536+0.473093j,0.462054+0.207398j,0.678448
1.318661+0.400427j,-0.581410+0.473222j,0.462155+0.207688j,0.679241
1.319374+0.401150j,-0.581285+0.473351j,0.462256+0.207979j,0.680034
1.320087+0.401873j,-0.581159+0.473480j,0.462356+0.208270j,0.680826
1.320801+0.402597j,-0.581034+0.473609j,0.462457+0.208561j,0.681619
1.321515+0.403321j,-0.580908+0.473738j,0.462557+0.208852j,0.682412
1.322229+0.404047j,-0.580783+0.473867j,0.462658+0.209144j,0.683204
1.322944+0.404773j,-0.580658+0.473996j,0.462758+0.209436j,0.683997
1.323658+0.405500j,-0.580533+0.474124j,0.462859+0.209728j,0.684789
1.324373+0.406227j,-0.580408+0.474253j,0.462959+0.210020j,0.685582
1.325088+0.406955j,-0.580283+0.474382j,0.463059+0.210312j,0.686374
1.325803+0.407684j,-0.580158+0.474511j,0.463160+0.210605j,0.687166
1.326519+0.408414j,-0.580033+0.474639j,0.463260+0.210898j,0.687959
1.327234+0.409144j,-0.579908+0.474768j,0.463360+0.211191j,0.688751
1.327950+0.409875j,-0.579783+0.474896j,0.463460+0.211484j,0.689543
1.328666+0.410607j,-0.579658+0.475024j,0.463560+0.211778j,0.690335
1.329382+0.411339j,-0.579533+0.475153j,0.463660+0.212072j,0.691127
1.330099+0.412073j,-0.579409+0.475281j,0.463760+0.212366j,0.691919
1.330816+0.412807j,-0.579284+0.475409j,0.463860+0.212660j,0.692711
1.331532+0.413541j,-0.579159+0.475537j,0.463959+0.212955j,0.693503
1.332249+0.414277j,-0.579035+0.475666j,0.464059+0.213249j,0.694295
1.332967+0.415013j,-0.578910+0.475794j,0.464159+0.213544j,0.695087
1.333684+0.415750j,-0.578786+0.475922j,0.464258+0.213840j,0.695878
1.334402+0.416488j,-0.578662+0.476050j,0.464358+0.214135j,0.696670
1.335120+0.417226j,-0.578537+0.476177j,0.464457+0.214431j,0.697462
1.335838+0.417965j,-0.578413+0.476305j,0.464557+0.214727j,0.698254
1.336556+0.418705j,-0.578289+0.476433j,0.464656+0.215023j,0.699045
1.337275+0.419445j,-0.578165+0.476561j,0.464755+0.215319j,0.699837
1.337993+0.420187j,-0.578041+0.476688j,0.464855+0.215616j,0.700628
1.338712+0.420929j,-0.577917+0.476816j,0.464954+0.215913j,0.701420
1.339432+0.421671j,-0.577793+0.476944j,0.465053+0.216210j,0.702211
1.340151+0.422415j,-0.577669+0.477071j,0.465152+0.216507j,0.703002
1.340870+0.423159j,-0.577545+0.477198j,0.465251+0.216804j,0.703794
1.341590+0.423904j,-0.577421+0.477326j,0.465350+0.217102j,0.704585
1.342310+0.424650j,-0.577297+0.477453j,0.465449+0.217400j,0.705376
1.343030+0.425396j,-0.577174+0.477581j,0.465548+0.217698j,0.706167
1.343751+0.426143j,-0.577050+0.477708j,0.465646+0.217997j,0.706958
1.344471+0.426891j,-0.576926+0.477835j,0.465745+0.218296j,0.707749
1.345192+0.427640j,-0.576803+0.477962j,0.465844+0.218595j,0.708541
1.345913+0.428389j,-0.576679+0.478089j,0.465942+0.218894j,0.709331
1.346634+0.429139j,-0.576556+0.478216j,0.466041+0.219193j,0.710122
1.347355+0.429890j,-0.576433+0.478343j,0.466139+0.219493j,0.710913
1.348077+0.430642j,-0.576309+0.478470j,0.466238+0.219793j,0.711704
1.348799+0.431394j,-0.576186+0.478597j,0.466336+0.220093j,0.712495
1.349521+0.432147j,-0.576063+0.478724j,0.466434+0.220393j,0.713286
1.350243+0.432901j,-0.575940+0.478850j,0.466532+0.220694j,0.714076
1.350965+0.433655j,-0.575817+0.478977j,0.466631+0.220995j,0.714867
1.351688+0.434411j,-0.575694+0.479104j,0.466729+0.221296j,0.715657
1.352411+0.435167j,-0.575571+0.479230j,0.466827+0.221597j,0.716448
1.353134+0.435924j,-0.575448+0.479357j,0.466925+0.221899j,0.717238
1.353857+0.436681j,-0.575325+0.479483j,0.467023+0.222200j,0.718029
1.354580+0.437439j,-0.575202+0.479610j,0.467121+0.222502j,0.718819
1.355304+0.438198j,-0.575079+0.479736j,0.467218+0.222805j,0.719610
1.356028+0.438958j,-0.574956+0.479863j,0.467316+0.223107j,0.720400
1.356752+0.439719j,-0.574834+0.479989j,0.467414+0.223410j,0.721190
1.357476+0.440480j,-0.574711+0.480115j,0.467511+0.223713j,0.721980
1.358200+0.441242j,-0.574589+0.480241j,0.467609+0.224016j,0.722770
1.358925+0.442005j,-0.574466+0.480367j,0.467706+0.224320j,0.723561
1.359650+0.442768j,-0.574344+0.480494j,0.467804+0.224623j,0.724351
1.360375+0.443532j,-0.574221+0.480620j,0.467901+0.224927j,0.725141
1.361100+0.444297j,-0.574099+0.480746j,0.467998+0.225231j,0.725931
1.361825+0.445063j,-0.573977+0.480872j,0.468096+0.225536j,0.726720
1.362551+0.445830j,-0.573854+0.480997j,0.468193+0.225840j,0.727510
1.363277+0.446597j,-0.573732+0.481123j,0.468290+0.226145j,0.728300
1.364003+0.447365j,-0.573610+0.481249j,0.468387+0.226451j,0.729090
1.364729+0.448134j,-0.573488+0.481375j,0.468484+0.226756j,0.729880
1.365455+0.448903j,-0.573366+0.481501j,0.468581+0.227062j,0.730669
1.366182+0.449673j,-0.573244+0.481626j,0.468677+0.227367j,0.731459
1.366909+0.450444j,-0.573122+0.481752j,0.468774+0.227674j,0.732248
1.367636+0.451216j,-0.573000+0.481877j,0.468871+0.227980j,0.733038
1.368363+0.451989j,-0.572879+0.482003j,0.468968+0.228287j,0.733827
1.369091+0.452762j,-0.572757+0.482128j,0.469064+0.228593j,0.734617
1.369818+0.453536j,-0.572635+0.482254j,0.469161+0.228901j,0.735406
1.370546+0.454311j,-0.572514+0.482379j,0.469257+0.229208j,0.736195
1.371274+0.455086j,-0.572392+0.482504j,0.469353+0.229516j,0.736985
1.372002+0.455862j,-0.572271+0.482630j,0.469450+0.229823j,0.737774
1.372731+0.456640j,-0.572149+0.482755j,0.469546+0.230131j,0.738563
1.373459+0.457417j,-0.572028+0.482880j,0.469642+0.230440j,0.739352
1.374188+0.458196j,-0.571906+0.483005j,0.469738+0.230748j,0.740141
1.374917+0.458975j,-0.571785+0.483130j,0.469834+0.231057j,0.740930
1.375646+0.459755j,-0.571664+0.483255j,0.469930+0.231366j,0.741719
1.376376+0.460536j,-0.571543+0.483380j,0.470026+0.231676j,0.742508
1.377105+0.461318j,-0.571422+0.483505j,0.470122+0.231985j,0.743297
1.377835+0.462100j,-0.571301+0.483630j,0.470218+0.232295j,0.744086
1.378565+0.462883j,-0.571180+0.483755j,0.470314+0.232605j,0.744874
1.379295+0.463667j,-0.571059+0.483880j,0.470409+0.232915j,0.745663
1.380026+0.464452j,-0.570938+0.484004j,0.470505+0.233226j,0.746452
1.380756+0.465237j,-0.570817+0.484129j,0.470600+0.233537j,0.747240
1.381487+0.466024j,-0.570696+0.484254j,0.470696+0.233848j,0.748029
1.382218+0.466811j,-0.570575+0.484378j,0.470791+0.234159j,0.748817
1.382949+0.467598j,-0.570455+0.484503j,0.470886+0.234471j,0.749606
1.383681+0.468387j,-0.570334+0.484627j,0.470982+0.234782j,0.750394
1.384412+0.469176j,-0.570213+0.484752j,0.471077+0.235094j,0.751183
1.385144+0.469966j,-0.570093+0.484876j,0.471172+0.235407j,0.751971
1.385876+0.470757j,-0.569972+0.485001j,0.471267+0.235719j,0.752759
1.386608+0.471549j,-0.569852+0.485125j,0.471362+0.236032j,0.753547
1.387341+0.472341j,-0.569732+0.485249j,0.471457+0.236345j,0.754335
1.388073+0.473134j,-0.569611+0.485374j,0.471552+0.236659j,0.755123
1.388806+0.473928j,-0.569491+0.485498j,0.471646+0.236972j,0.755912
1.389539+0.474723j,-0.569371+0.485622j,0.471741+0.237286j,0.756700
1.390272+0.475518j,-0.569251+0.485746j,0.471836+0.237600j,0.757487
1.391005+0.476314j,-0.569131+0.485870j,0.471930+0.237914j,0.758275
1.391739+0.477111j,-0.569011+0.485994j,0.472025+0.238229j,0.759063
1.392473+0.477909j,-0.568891+0.486118j,0.472119+0.238544j,0.759851
1.393207+0.478707j,-0.568771+0.486242j,0.472213+0.238859j,0.760639
1.393941+0.479507j,-0.568651+0.486366j,0.472308+0.239174j,0.761426
1.394675+0.480307j,-0.568531+0.486490j,0.472402+0.239490j,0.762214
1.395409+0.481108j,-0.568411+0.486614j,0.472496+0.239806j,0.763002
1.396144+0.481909j,-0.568292+0.486738j,0.472590+0.240122j,0.763789
1.396879+0.482712j,-0.568172+0.486861j,0.472684+0.240438j,0.764577
1.397614+0.483515j,-0.568052+0.486985j,0.472778+0.240755j,0.765364
1.398349+0.484319j,-0.567933+0.487109j,0.472872+0.241072j,0.766152
1.399085+0.485124j,-0.567813+0.487232j,0.472965+0.241389j,0.766939
1.399821+0.485929j,-0.567694+0.487356j,0.473059+0.241706j,0.767726
1.400557+0.486735j,-0.567575+0.487479j,0.473153+0.242024j,0.768513
1.401293+0.487542j,-0.567455+0.487603j,0.473246+0.242342j,0.769301
1.402029+0.488350j,-0.567336+0.487726j,0.473340+0.242660j,0.770088
1.402765+0.489159j,-0.567217+0.487850j,0.473433+0.242978j,0.770875
1.403502+0.489968j,-0.567098+0.487973j,0.473526+0.243297j,0.771662
1.404239+0.490779j,-0.566979+0.488096j,0.473620+0.243616j,0.772449
1.404976+0.491590j,-0.566860+0.488220j,0.473713+0.243935j,0.773236
1.405713+0.492401j,-0.566741+0.488343j,0.473806+0.244254j,0.774023
1.406450+0.493214j,-0.566622+0.488466j,0.473899+0.244574j,0.774809
1.407188+0.494027j,-0.566503+0.488589j,0.473992+0.244894j,0.775596
1.407926+0.494841j,-0.566384+0.488712j,0.474085+0.245214j,0.776383
1.408664+0.495656j,-0.566265+0.488835j,0.474177+0.245535j,0.777169
1.409402+0.496472j,-0.566147+0.488958j,0.474270+0.245856j,0.777956
1.410140+0.497289j,-0.566028+0.489081j,0.474363+0.246177j,0.778743
1.410879+0.498106j,-0.565909+0.489204j,0.474455+0.246498j,0.779529
1.411618+0.498924j,-0.565791+0.489327j,0.474548+0.246819j,0.780316
1.412357+0.499743j,-0.565672+0.489450j,0.474640+0.247141j,0.781102
1.413096+0.500562j,-0.565554+0.489573j,0.474733+0.247463j,0.781888
1.413835+0.501383j,-0.565435+0.489696j,0.474825+0.247785j,0.782675
1.414575+0.502204j,-0.565317+0.489819j,0.474917+0.248108j,0.783461
1.415314+0.503026j,-0.565199+0.489941j,0.475009+0.248431j,0.784247
1.416054+0.503849j,-0.565081+0.490064j,0.475101+0.248754j,0.785033
1.416794+0.504672j,-0.564962+0.490187j,0.475193+0.249077j,0.785819
1.417535+0.505497j,-0.564844+0.490309j,0.475285+0.249401j,0.786605
1.418275+0.506322j,-0.564726+0.490432j,0.475377+0.249725j,0.787391
1.419016+0.507148j,-0.564608+0.490554j,0.475469+0.250049j,0.788177
1.419757+0.507975j,-0.564490+0.490677j,0.475560+0.250374j,0.788963
1.420498+0.508802j,-0.564372+0.490799j,0.475652+0.250698j,0.789749
1.421239+0.509631j,-0.564255+0.490922j,0.475743+0.251023j,0.790535
1.421980+0.510460j,-0.564137+0.491044j,0.475835+0.251348j,0.791321
1.422722+0.511290j,-0.564019+0.491167j,0.475926+0.251674j,0.792106
1.423464+0.512121j,-0.563901+0.491289j,0.476017+0.252000j,0.792892
1.424206+0.512952j,-0.563784+0.491411j,0.476109+0.252326j,0.793677
1.424948+0.513785j,-0.563666+0.491533j,0.476200+0.252652j,0.794463
1.425690+0.514618j,-0.563549+0.491656j,0.476291+0.252979j,0.795248
1.426433+0.515452j,-0.563431+0.491778j,0.476382+0.253305j,0.796034
1.427176+0.516287j,-0.563314+0.491900j,0.476473+0.253633j,0.796819
1.427918+0.517122j,-0.563197+0.492022j,0.476563+0.253960j,0.797604
1.428662+0.517958j,-0.563079+0.492144j,0.476654+0.254288j,0.798390
1.429405+0.518796j,-0.562962+0.492266j,0.476745+0.254615j,0.799175
1.430148+0.519634j,-0.562845+0.492388j,0.476835+0.254944j,0.799960
1.430892+0.520472j,-0.562728+0.492510j,0.476926+0.255272j,0.800745
1.431636+0.521312j,-0.562611+0.492632j,0.477016+0.255601j,0.801530
1.432380+0.522152j,-0.562494+0.492754j,0.477106+0.255930j,0.802315
1.433124+0.522994j,-0.562377+0.492876j,0.477197+0.256259j,0.803100
1.433869+0.523836j,-0.562260+0.492998j,0.477287+0.256589j,0.803885
1.434613+0.524678j,-0.562143+0.493119j,0.477377+0.256918j,0.804670
1.435358+0.525522j,-0.562026+0.493241j,0.477467+0.257248j,0.805455
1.436103+0.526366j,-0.561910+0.493363j,0.477557+0.257579j,0.806239
1.436848+0.527212j,-0.561793+0.493484j,0.477647+0.257909j,0.807024
1.437593+0.528058j,-0.561676+0.493606j,0.477736+0.258240j,0.807809
1.438339+0.528904j,-0.561560+0.493728j,0.477826+0.258572j,0.808593
1.439085+0.529752j,-0.561443+0.493849j,0.477916+0.258903j,0.809378
1.439831+0.530601j,-0.561327+0.493971j,0.478005+0.259235j,0.810162
1.440577+0.531450j,-0.561210+0.494092j,0.478095+0.259567j,0.810946
1.441323+0.532300j,-0.561094+0.494214j,0.478184+0.259899j,0.811731
1.442069+0.533151j,-0.560978+0.494335j,0.478273+0.260232j,0.812515
1.442816+0.534003j,-0.560861+0.494457j,0.478362+0.260564j,0.813299
1.443563+0.534855j,-0.560745+0.494578j,0.478451+0.260897j,0.814084
1.444310+0.535708j,-0.560629+0.494699j,0.478540+0.261231j,0.814868
1.445057+0.536563j,-0.560513+0.494821j,0.478629+0.261564j,0.815652
1.445805+0.537418j,-0.560397+0.494942j,0.478718+0.261898j,0.816436
1.446552+0.538273j,-0.560281+0.495063j,0.478807+0.262233j,0.817220
1.447300+0.539130j,-0.560165+0.495185j,0.478896+0.262567j,0.818004
1.448048+0.539987j,-0.560049+0.495306j,0.478984+0.262902j,0.818788
1.448796+0.540846j,-0.559933+0.495427j,0.479073+0.263237j,0.819571
1.449544+0.541705j,-0.559818+0.495548j,0.479161+0.263572j,0.820355
1.450293+0.542565j,-0.559702+0.495669j,0.479249+0.263908j,0.821139
1.451041+0.543425j,-0.559586+0.495790j,0.479338+0.264244j,0.821922
1.451790+0.544287j,-0.559471+0.495911j,0.479426+0.264580j,0.822706
1.452539+0.545149j,-0.559355+0.496032j,0.479514+0.264916j,0.823490
1.453288+0.546012j,-0.559240+0.496153j,0.479602+0.265253j,0.824273
1.454038+0.546876j,-0.559124+0.496274j,0.479690+0.265590j,0.825056
1.454787+0.547741j,-0.559009+0.496395j,0.479778+0.265927j,0.825840
1.455537+0.548607j,-0.558894+0.496516j,0.479865+0.266265j,0.826623
1.456287+0.549473j,-0.558778+0.496637j,0.479953+0.266603j,0.827406
1.457037+0.550341j,-0.558663+0.496758j,0.480040+0.266941j,0.828190
1.457788+0.551209j,-0.558548+0.496879j,0.480128+0.267279j,0.828973
1.458538+0.552078j,-0.558433+0.496999j,0.480215+0.267618j,0.829756
1.459289+0.552947j,-0.558318+0.497120j,0.480303+0.267957j,0.830539
1.460040+0.553818j,-0.558203+0.497241j,0.480390+0.268296j,0.831322
1.460791+0.554689j,-0.558088+0.497362j,0.480477+0.268636j,0.832105
1.461542+0.555562j,-0.557973+0.497482j,0.480564+0.268975j,0.832888
1.462293+0.556435j,-0.557858+0.497603j,0.480651+0.269316j,0.833671
1.463045+0.557309j,-0.557743+0.497723j,0.480738+0.269656j,0.834453
1.463797+0.558183j,-0.557629+0.497844j,0.480825+0.269997j,0.835236
1.464548+0.559059j,-0.557514+0.497965j,0.480911+0.270338j,0.836019
1.465301+0.559935j,-0.557400+0.498085j,0.480998+0.270679j,0.836801
1.466053+0.560812j,-0.557285+0.498206j,0.481084+0.271020j,0.837584
1.466805+0.561691j,-0.557170+0.498326j,0.481171+0.271362j,0.838366
1.467558+0.562569j,-0.557056+0.498447j,0.481257+0.271704j,0.839149
1.468311+0.563449j,-0.556942+0.498567j,0.481343+0.272047j,0.839931
1.469064+0.564330j,-0.556827+0.498687j,0.481429+0.272389j,0.840714
1.469817+0.565211j,-0.556713+0.498808j,0.481515+0.272732j,0.841496
1.470570+0.566093j,-0.556599+0.498928j,0.481601+0.273076j,0.842278
1.471324+0.566976j,-0.556485+0.499048j,0.481687+0.273419j,0.843060
1.472078+0.567860j,-0.556371+0.499169j,0.481773+0.273763j,0.843842
1.472831+0.568745j,-0.556256+0.499289j,0.481859+0.274107j,0.844624
1.473586+0.569631j,-0.556142+0.499409j,0.481944+0.274452j,0.845406
1.474340+0.570517j,-0.556028+0.499529j,0.482030+0.274796j,0.846188
1.475094+0.571404j,-0.555915+0.499650j,0.482115+0.275141j,0.846970
1.475849+0.572292j,-0.555801+0.499770j,0.482200+0.275487j,0.847752
1.476604+0.573181j,-0.555687+0.499890j,0.482286+0.275832j,0.848534
1.477359+0.574071j,-0.555573+0.500010j,0.482371+0.276178j,0.849316
1.478114+0.574962j,-0.555460+0.500130j,0.482456+0.276524j,0.850097
1.478869+0.575853j,-0.555346+0.500250j,0.482541+0.276871j,0.850879
1.479624+0.576745j,-0.555232+0.500370j,0.482626+0.277218j,0.851660
1.480380+0.577639j,-0.555119+0.500490j,0.482710+0.277565j,0.852442
1.481136+0.578532j,-0.555005+0.500610j,0.482795+0.277912j,0.853223
1.481892+0.579427j,-0.554892+0.500730j,0.482880+0.278260j,0.854005
1.482648+0.580323j,-0.554779+0.500850j,0.482964+0.278608j,0.854786
1.483404+0.581220j,-0.554665+0.500970j,0.483048+0.278956j,0.855567
1.484161+0.582117j,-0.554552+0.501090j,0.483133+0.279305j,0.856349
1.484918+0.583015j,-0.554439+0.501210j,0.483217+0.279653j,0.857130
1.485675+0.583914j,-0.554326+0.501330j,0.483301+0.280003j,0.857911
1.486432+0.584814j,-0.554213+0.501449j,0.483385+0.280352j,0.858692
1.487189+0.585715j,-0.554100+0.501569j,0.483469+0.280702j,0.859473
1.487946+0.586616j,-0.553987+0.501689j,0.483553+0.281052j,0.860254
1.488704+0.587519j,-0.553874+0.501809j,0.483636+0.281402j,0.861035
1.489462+0.588422j,-0.553761+0.501928j,0.483720+0.281753j,0.861816
1.490220+0.589326j,-0.553648+0.502048j,0.483804+0.282104j,0.862596
1.490978+0.590231j,-0.553535+0.502168j,0.483887+0.282455j,0.863377
1.491736+0.591137j,-0.553423+0.502288j,0.483970+0.282806j,0.864158
1.492494+0.592044j,-0.553310+0.502407j,0.484054+0.283158j,0.864938
1.493253+0.592951j,-0.553197+0.502527j,0.484137+0.283510j,0.865719
1.494012+0.593860j,-0.553085+0.502646j,0.484220+0.283863j,0.866499
1.494771+0.594769j,-0.552972+0.502766j,0.484303+0.284216j,0.867280
1.495530+0.595679j,-0.552860+0.502886j,0.484386+0.284569j,0.868060
1.496289+0.596590j,-0.552747+0.503005j,0.484468+0.284922j,0.868841
1.497049+0.597502j,-0.552635+0.503125j,0.484551+0.285276j,0.869621
1.497808+0.598415j,-0.552523+0.503244j,0.484633+0.285630j,0.870401
1.498568+0.599328j,-0.552411+0.503364j,0.484716+0.285984j,0.871181
1.499328+0.600243j,-0.552298+0.503483j,0.484798+0.286338j,0.871961
1.500088+0.601158j,-0.552186+0.503603j,0.484880+0.286693j,0.872741
1.500849+0.602074j,-0.552074+0.503722j,0.484963+0.287048j,0.873521
1.501609+0.602991j,-0.551962+0.503841j,0.485045+0.287404j,0.874301
1.502370+0.603909j,-0.551850+0.503961j,0.485127+0.287760j,0.875081
1.503131+0.604828j,-0.551738+0.504080j,0.485208+0.288116j,0.875861
1.503892+0.605747j,-0.551627+0.504199j,0.485290+0.288472j,0.876641
1.504653+0.606668j,-0.551515+0.504319j,0.485372+0.288829j,0.877420
1.505414+0.607589j,-0.551403+0.504438j,0.485453+0.289186j,0.878200
1.506176+0.608511j,-0.551291+0.504557j,0.485535+0.289543j,0.878980
1.506938+0.609434j,-0.551180+0.504677j,0.485616+0.289901j,0.879759
1.507699+0.610358j,-0.551068+0.504796j,0.485697+0.290259j,0.880539
1.508461+0.611283j,-0.550957+0.504915j,0.485779+0.290617j,0.881318
1.509224+0.612209j,-0.550845+0.505034j,0.485860+0.290975j,0.882097
1.509986+0.613135j,-0.550734+0.505154j,0.485941+0.291334j,0.882877
1.510749+0.614062j,-0.550622+0.505273j,0.486021+0.291694j,0.883656
1.511511+0.614991j,-0.550511+0.505392j,0.486102+0.292053j,0.884435
1.512274+0.615920j,-0.550400+0.505511j,0.486183+0.292413j,0.885214
1.513037+0.616850j,-0.550289+0.505630j,0.486263+0.292773j,0.885993
1.513800+0.617781j,-0.550178+0.505749j,0.486344+0.293133j,0.886772
1.514564+0.618712j,-0.550067+0.505869j,0.486424+0.293494j,0.887551
1.515327+0.619645j,-0.549955+0.505988j,0.486504+0.293855j,0.888330
1.516091+0.620578j,-0.549845+0.506107j,0.486584+0.294216j,0.889109
1.516855+0.621513j,-0.549734+0.506226j,0.486664+0.294578j,0.889888
1.517619+0.622448j,-0.549623+0.506345j,0.486744+0.294940j,0.890666
1.518383+0.623384j,-0.549512+0.506464j,0.486824+0.295302j,0.891445
1.519148+0.624321j,-0.549401+0.506583j,0.486904+0.295665j,0.892224
1.519912+0.625259j,-0.549290+0.506702j,0.486983+0.296028j,0.893002
1.520677+0.626198j,-0.549180+0.506821j,0.487063+0.296391j,0.893781
1.521442+0.627137j,-0.549069+0.506940j,0.487142+0.296755j,0.894559
1.522207+0.628078j,-0.548959+0.507059j,0.487221+0.297119j,0.895337
1.522972+0.629019j,-0.548848+0.507178j,0.487301+0.297483j,0.896116
1.523737+0.629961j,-0.548738+0.507297j,0.487380+0.297847j,0.896894
1.524503+0.630904j,-0.548627+0.507415j,0.487459+0.298212j,0.897672
1.525269+0.631848j,-0.548517+0.507534j,0.487537+0.298577j,0.898450
1.526034+0.632793j,-0.548407+0.507653j,0.487616+0.298943j,0.899228
1.526800+0.633739j,-0.548296+0.507772j,0.487695+0.299309j,0.900006
1.527567+0.634685j,-0.548186+0.507891j,0.487773+0.299675j,0.900784
1.528333+0.635633j,-0.548076+0.508010j,0.487852+0.300041j,0.901562
1.529100+0.636581j,-0.547966+0.508129j,0.487930+0.300408j,0.902340
1.529866+0.637531j,-0.547856+0.508247j,0.488008+0.300775j,0.903118
1.530633+0.638481j,-0.547746+0.508366j,0.488086+0.301143j,0.903895
1.531400+0.639432j,-0.547636+0.508485j,0.488164+0.301510j,0.904673
1.532167+0.640384j,-0.547526+0.508604j,0.488242+0.301878j,0.905451
1.532935+0.641336j,-0.547417+0.508723j,0.488320+0.302247j,0.906228
1.533702+0.642290j,-0.547307+0.508841j,0.488397+0.302615j,0.907006
1.534470+0.643245j,-0.547197+0.508960j,0.488475+0.302985j,0.907783
1.535238+0.644200j,-0.547087+0.509079j,0.488552+0.303354j,0.908560
1.536006+0.645157j,-0.546978+0.509198j,0.488630+0.303724j,0.909338
1.536774+0.646114j,-0.546868+0.509316j,0.488707+0.304094j,0.910115
1.537542+0.647072j,-0.546759+0.509435j,0.488784+0.304464j,0.910892
1.538310+0.648031j,-0.546649+0.509554j,0.488861+0.304835j,0.911669
1.539079+0.648991j,-0.546540+0.509672j,0.488938+0.305206j,0.912446
1.539848+0.649952j,-0.546431+0.509791j,0.489015+0.305577j,0.913223
1.540617+0.650913j,-0.546321+0.509910j,0.489091+0.305949j,0.914000
1.541386+0.651876j,-0.546212+0.510028j,0.489168+0.306321j,0.914777
1.542155+0.652839j,-0.546103+0.510147j,0.489244+0.306693j,0.915554
1.542925+0.653804j,-0.545994+0.510266j,0.489320+0.307065j,0.916331
1.543694+0.654769j,-0.545885+0.510384j,0.489397+0.307438j,0.917107
1.544464+0.655735j,-0.545776+0.510503j,0.489473+0.307812j,0.917884
1.545234+0.656702j,-0.545667+0.510621j,0.489549+0.308185j,0.918661
1.546004+0.657670j,-0.545558+0.510740j,0.489624+0.308559j,0.919437
1.546774+0.658639j,-0.545449+0.510859j,0.489700+0.308934j,0.920214
1.547545+0.659609j,-0.545340+0.510977j,0.489776+0.309308j,0.920990
1.548315+0.660580j,-0.545232+0.511096j,0.489851+0.309683j,0.921766
1.549086+0.661551j,-0.545123+0.511214j,0.489927+0.310059j,0.922543
1.549857+0.662524j,-0.545014+0.511333j,0.490002+0.310434j,0.923319
1.550628+0.663497j,-0.544906+0.511451j,0.490077+0.310810j,0.924095
1.551399+0.664471j,-0.544797+0.511570j,0.490152+0.311186j,0.924871
1.552170+0.665446j,-0.544689+0.511688j,0.490227+0.311563j,0.925647
1.552942+0.666422j,-0.544580+0.511807j,0.490302+0.311940j,0.926423
1.553713+0.667399j,-0.544472+0.511925j,0.490377+0.312317j,0.927199
1.554485+0.668377j,-0.544364+0.512044j,0.490451+0.312695j,0.927975
1.555257+0.669356j,-0.544255+0.512162j,0.490526+0.313073j,0.928751
1.556029+0.670336j,-0.544147+0.512281j,0.490600+0.313451j,0.929527
1.556801+0.671316j,-0.544039+0.512399j,0.490674+0.313830j,0.930302
1.557574+0.672298j,-0.543931+0.512518j,0.490748+0.314209j,0.931078
1.558346+0.673280j,-0.543823+0.512636j,0.490822+0.314588j,0.931853
1.559119+0.674263j,-0.543715+0.512755j,0.490896+0.314968j,0.932629
1.559892+0.675248j,-0.543607+0.512873j,0.490970+0.315348j,0.933404
1.560665+0.676233j,-0.543499+0.512992j,0.491043+0.315729j,0.934180
1.561438+0.677219j,-0.543391+0.513110j,0.491117+0.316109j,0.934955
1.562212+0.678206j,-0.543283+0.513229j,0.491190+0.316490j,0.935730
1.562985+0.679194j,-0.543176+0.513347j,0.491264+0.316872j,0.936506
1.563759+0.680182j,-0.543068+0.513465j,0.491337+0.317253j,0.937281
1.564533+0.681172j,-0.542960+0.513584j,0.491410+0.317636j,0.938056
1.565307+0.682163j,-0.542853+0.513702j,0.491483+0.318018j,0.938831
1.566081+0.683154j,-0.542745+0.513821j,0.491555+0.318401j,0.939606
1.566855+0.684146j,-0.542638+0.513939j,0.491628+0.318784j,0.940381
1.567629+0.685140j,-0.542530+0.514058j,0.491701+0.319167j,0.941155
1.568404+0.686134j,-0.542423+0.514176j,0.491773+0.319551j,0.941930
1.569179+0.687129j,-0.542316+0.514294j,0.491845+0.319935j,0.942705
1.569954+0.688125j,-0.542208+0.514413j,0.491918+0.320320j,0.943480
1.570729+0.689122j,-0.542101+0.514531j,0.491990+0.320705j,0.944254
1.571504+0.690120j,-0.541994+0.514650j,0.492062+0.321090j,0.945029
1.572279+0.691119j,-0.541887+0.514768j,0.492133+0.321476j,0.945803
1.573055+0.692119j,-0.541780+0.514886j,0.492205+0.321861j,0.946577
1.573830+0.693119j,-0.541673+0.515005j,0.492277+0.322248j,0.947352
1.574606+0.694121j,-0.541566+0.515123j,0.492348+0.322634j,0.948126
1.575382+0.695124j,-0.541459+0.515241j,0.492419+0.323021j,0.948900
1.576158+0.696127j,-0.541352+0.515360j,0.492490+0.323409j,0.949674
1.576934+0.697131j,-0.541245+0.515478j,0.492561+0.323796j,0.950449
1.577711+0.698137j,-0.541139+0.515597j,0.492632+0.324184j,0.951223
1.578487+0.699143j,-0.541032+0.515715j,0.492703+0.324573j,0.951997
1.579264+0.700150j,-0.540925+0.515833j,0.492774+0.324962j,0.952770
1.580041+0.701158j,-0.540819+0.515952j,0.492844+0.325351j,0.953544
1.580818+0.702167j,-0.540712+0.516070j,0.492915+0.325740j,0.954318
1.581595+0.703177j,-0.540606+0.516188j,0.492985+0.326130j,0.955092
1.582372+0.704188j,-0.540499+0.516307j,0.493055+0.326520j,0.955865
1.583150+0.705199j,-0.540393+0.516425j,0.493125+0.326911j,0.956639
1.583927+0.706212j,-0.540287+0.516544j,0.493195+0.327301j,0.957412
1.584705+0.707226j,-0.540180+0.516662j,0.493265+0.327693j,0.958186
1.585483+0.708240j,-0.540074+0.516780j,0.493335+0.328084j,0.958959
1.586261+0.709256j,-0.539968+0.516899j,0.493404+0.328476j,0.959733
1.587039+0.710272j,-0.539862+0.517017j,0.493474+0.328869j,0.960506
1.587818+0.711289j,-0.539756+0.517135j,0.493543+0.329261j,0.961279
1.588596+0.712308j,-0.539650+0.517254j,0.493612+0.329654j,0.962052
1.589375+0.713327j,-0.539544+0.517372j,0.493681+0.330048j,0.962825
1.590153+0.714347j,-0.539438+0.517491j,0.493750+0.330441j,0.963598
1.590932+0.715368j,-0.539332+0.517609j,0.493819+0.330836j,0.964371
1.591711+0.716390j,-0.539226+0.517727j,0.493887+0.331230j,0.965144
1.592491+0.717413j,-0.539121+0.517846j,0.493956+0.331625j,0.965917
1.593270+0.718437j,-0.539015+0.517964j,0.494024+0.332020j,0.966690
1.594049+0.719462j,-0.538909+0.518083j,0.494092+0.332416j,0.967463
1.594829+0.720488j,-0.538804+0.518201j,0.494160+0.332812j,0.968235
1.595609+0.721514j,-0.538698+0.518319j,0.494228+0.333208j,0.969008
1.596389+0.722542j,-0.538593+0.518438j,0.494296+0.333605j,0.969780
1.597169+0.723570j,-0.538487+0.518556j,0.494364+0.334002j,0.970553
1.597949+0.724600j,-0.538382+0.518675j,0.494431+0.334399j,0.971325
1.598729+0.725630j,-0.538276+0.518793j,0.494499+0.334797j,0.972098
1.599510+0.726662j,-0.538171+0.518911j,0.494566+0.335195j,0.972870
1.600291+0.727694j,-0.538066+0.519030j,0.494633+0.335594j,0.973642
1.601071+0.728727j,-0.537961+0.519148j,0.494700+0.335993j,0.974414
1.601852+0.729762j,-0.537856+0.519267j,0.494767+0.336392j,0.975186
1.602633+0.730797j,-0.537751+0.519385j,0.494834+0.336792j,0.975958
1.603415+0.731833j,-0.537646+0.519504j,0.494900+0.337192j,0.976730
1.604196+0.732870j,-0.537541+0.519622j,0.494967+0.337592j,0.977502
1.604977+0.733908j,-0.537436+0.519740j,0.495033+0.337993j,0.978274
1.605759+0.734947j,-0.537331+0.519859j,0.495099+0.338394j,0.979046
1.606541+0.735987j,-0.537226+0.519977j,0.495165+0.338796j,0.979817
1.607323+0.737028j,-0.537121+0.520096j,0.495231+0.339198j,0.980589
1.608105+0.738069j,-0.537016+0.520214j,0.495297+0.339600j,0.981360
1.608887+0.739112j,-0.536912+0.520333j,0.495363+0.340002j,0.982132
1.609669+0.740156j,-0.536807+0.520451j,0.495428+0.340405j,0.982903
1.610452+0.741200j,-0.536703+0.520570j,0.495494+0.340809j,0.983675
1.611235+0.742246j,-0.536598+0.520688j,0.495559+0.341213j,0.984446
1.612017+0.743293j,-0.536494+0.520807j,0.495624+0.341617j,0.985217
1.612800+0.744340j,-0.536389+0.520925j,0.495689+0.342021j,0.985988
1.613583+0.745388j,-0.536285+0.521044j,0.495754+0.342426j,0.986760
1.614366+0.746438j,-0.536181+0.521162j,0.495818+0.342832j,0.987531
1.615150+0.747488j,-0.536076+0.521281j,0.495883+0.343237j,0.988302
1.615933+0.748540j,-0.535972+0.521399j,0.495947+0.343644j,0.989072
1.616717+0.749592j,-0.535868+0.521518j,0.496012+0.344050j,0.989843
1.617501+0.750645j,-0.535764+0.521637j,0.496076+0.344457j,0.990614
1.618284+0.751699j,-0.535660+0.521755j,0.496140+0.344864j,0.991385
1.619068+0.752754j,-0.535556+0.521874j,0.496203+0.345272j,0.992155
1.619853+0.753810j,-0.535452+0.521992j,0.496267+0.345680j,0.992926
1.620637+0.754867j,-0.535348+0.522111j,0.496331+0.346088j,0.993697
1.621421+0.755925j,-0.535244+0.522230j,0.496394+0.346497j,0.994467
1.622206+0.756984j,-0.535140+0.522348j,0.496457+0.346906j,0.995237
1.622991+0.758044j,-0.535037+0.522467j,0.496520+0.347316j,0.996008
1.623775+0.759105j,-0.534933+0.522585j,0.496583+0.347726j,0.996778
1.624560+0.760167j,-0.534829+0.522704j,0.496646+0.348136j,0.997548
1.625346+0.761230j,-0.534726+0.522823j,0.496709+0.348547j,0.998318
1.626131+0.762294j,-0.534622+0.522941j,0.496771+0.348958j,0.999088
1.626916+0.763359j,-0.534519+0.523060j,0.496834+0.349369j,0.999858
1.627702+0.764424j,-0.534415+0.523179j,0.496896+0.349781j,1.000628
1.628487+0.765491j,-0.534312+0.523298j,0.496958+0.350194j,1.001398
1.629273+0.766559j,-0.534208+0.523416j,0.497020+0.350606j,1.002168
1.630059+0.767627j,-0.534105+0.523535j,0.497082+0.351019j,1.002938
1.630845+0.768697j,-0.534002+0.523654j,0.497143+0.351433j,1.003707
1.631631+0.769767j,-0.533899+0.523772j,0.497205+0.351847j,1.004477
1.632417+0.770839j,-0.533796+0.523891j,0.497266+0.352261j,1.005247
1.633204+0.771911j,-0.533693+0.524010j,0.497327+0.352676j,1.006016
1.633990+0.772985j,-0.533589+0.524129j,0.497388+0.353091j,1.006785
1.634777+0.774059j,-0.533486+0.524248j,0.497449+0.353506j,1.007555
1.635564+0.775135j,-0.533384+0.524366j,0.497510+0.353922j,1.008324
1.636351+0.776211j,-0.533281+0.524485j,0.497571+0.354339j,1.009093
1.637138+0.777288j,-0.533178+0.524604j,0.497631+0.354755j,1.009862
1.637925+0.778367j,-0.533075+0.524723j,0.497691+0.355172j,1.010631
1.638713+0.779446j,-0.532972+0.524842j,0.497751+0.355590j,1.011400
1.639500+0.780526j,-0.532870+0.524961j,0.497811+0.356008j,1.012169
1.640288+0.781608j,-0.532767+0.525080j,0.497871+0.356426j,1.012938
1.641076+0.782690j,-0.532664+0.525199j,0.497931+0.356845j,1.013707
1.641863+0.783773j,-0.532562+0.525318j,0.497990+0.357264j,1.014476
1.642652+0.784857j,-0.532459+0.525436j,0.498050+0.357683j,1.015244
1.643440+0.785942j,-0.532357+0.525555j,0.498109+0.358103j,1.016013
1.644228+0.787029j,-0.532255+0.525674j,0.498168+0.358524j,1.016782
1.645016+0.788116j,-0.532152+0.525793j,0.498227+0.358944j,1.017550
1.645805+0.789204j,-0.532050+0.525912j,0.498286+0.359366j,1.018319
1.646594+0.790293j,-0.531948+0.526031j,0.498344+0.359787j,1.019087
1.647382+0.791383j,-0.531846+0.526150j,0.498403+0.360209j,1.019855
1.648171+0.792474j,-0.531743+0.526270j,0.498461+0.360632j,1.020623
1.648960+0.793566j,-0.531641+0.526389j,0.498519+0.361054j,1.021391
1.649749+0.794659j,-0.531539+0.526508j,0.498577+0.361478j,1.022160
1.650539+0.795753j,-0.531437+0.526627j,0.498635+0.361901j,1.022928
1.651328+0.796848j,-0.531335+0.526746j,0.498693+0.362325j,1.023695
1.652118+0.797944j,-0.531233+0.526865j,0.498750+0.362750j,1.024463
1.652907+0.799041j,-0.531132+0.526984j,0.498807+0.363175j,1.025231
1.653697+0.800139j,-0.531030+0.527103j,0.498865+0.363600j,1.025999
1.654487+0.801238j,-0.530928+0.527223j,0.498922+0.364026j,1.026766
1.655277+0.802338j,-0.530826+0.527342j,0.498979+0.364452j,1.027534
1.656067+0.803439j,-0.530725+0.527461j,0.499035+0.364878j,1.028302
1.656858+0.804541j,-0.530623+0.527580j,0.499092+0.365305j,1.029069
1.657648+0.805644j,-0.530522+0.527700j,0.499148+0.365733j,1.029836
1.658439+0.806747j,-0.530420+0.527819j,0.499204+0.366160j,1.030604
1.659229+0.807852j,-0.530319+0.527938j,0.499260+0.366589j,1.031371
1.660020+0.808958j,-0.530217+0.528058j,0.499316+0.367017j,1.032138
1.660811+0.810065j,-0.530116+0.528177j,0.499372+0.367446j,1.032905
1.661602+0.811173j,-0.530015+0.528296j,0.499428+0.367876j,1.033672
1.662393+0.812282j,-0.529913+0.528416j,0.499483+0.368306j,1.034439
1.663185+0.813392j,-0.529812+0.528535j,0.499538+0.368736j,1.035206
1.663976+0.814503j,-0.529711+0.528655j,0.499593+0.369167j,1.035973
1.664768+0.815614j,-0.529610+0.528774j,0.499648+0.369598j,1.036740
1.665559+0.816727j,-0.529509+0.528894j,0.499703+0.370030j,1.037507
1.666351+0.817841j,-0.529408+0.529013j,0.499758+0.370462j,1.038273
1.667143+0.818956j,-0.529307+0.529133j,0.499812+0.370894j,1.039040
1.667935+0.820072j,-0.529206+0.529252j,0.499866+0.371327j,1.039806
1.668727+0.821189j,-0.529105+0.529372j,0.499920+0.371761j,1.040573
1.669519+0.822306j,-0.529004+0.529491j,0.499974+0.372195j,1.041339
1.670312+0.823425j,-0.528904+0.529611j,0.500028+0.372629j,1.042105
1.671104+0.824545j,-0.528803+0.529731j,0.500082+0.373063j,1.042872
1.671897+0.825666j,-0.528702+0.529850j,0.500135+0.373499j,1.043638
1.672690+0.826788j,-0.528602+0.529970j,0.500188+0.373934j,1.044404
1.673483+0.827911j,-0.528501+0.530090j,0.500241+0.374370j,1.045170
1.674276+0.829035j,-0.528401+0.530209j,0.500294+0.374806j,1.045936
1.675069+0.830160j,-0.528300+0.530329j,0.500347+0.375243j,1.046702
1.675862+0.831285j,-0.528200+0.530449j,0.500400+0.375681j,1.047467
1.676655+0.832412j,-0.528099+0.530569j,0.500452+0.376118j,1.048233
1.677449+0.833540j,-0.527999+0.530689j,0.500504+0.376557j,1.048999
1.678242+0.834669j,-0.527899+0.530808j,0.500556+0.376995j,1.049764
1.679036+0.835799j,-0.527799+0.530928j,0.500608+0.377434j,1.050530
1.679830+0.836930j,-0.527699+0.531048j,0.500660+0.377874j,1.051295
1.680624+0.838062j,-0.527598+0.531168j,0.500712+0.378314j,1.052061
1.681418+0.839195j,-0.527498+0.531288j,0.500763+0.378754j,1.052826
1.682212+0.840329j,-0.527398+0.531408j,0.500814+0.379195j,1.053591
1.683006+0.841464j,-0.527298+0.531528j,0.500865+0.379636j,1.054357
1.683801+0.842600j,-0.527198+0.531648j,0.500916+0.380078j,1.055122
1.684595+0.843737j,-0.527099+0.531768j,0.500967+0.380520j,1.055887
1.685390+0.844875j,-0.526999+0.531888j,0.501017+0.380963j,1.056652
1.686185+0.846014j,-0.526899+0.532008j,0.501067+0.381406j,1.057417
1.686980+0.847154j,-0.526799+0.532129j,0.501118+0.381849j,1.058181
1.687774+0.848295j,-0.526700+0.532249j,0.501168+0.382293j,1.058946
1.688570+0.849437j,-0.526600+0.532369j,0.501217+0.382738j,1.059711
1.689365+0.850580j,-0.526500+0.532489j,0.501267+0.383183j,1.060475
1.690160+0.851724j,-0.526401+0.532609j,0.501316+0.383628j,1.061240
1.690956+0.852870j,-0.526301+0.532730j,0.501366+0.384074j,1.062004
1.691751+0.854016j,-0.526202+0.532850j,0.501415+0.384520j,1.062769
1.692547+0.855163j,-0.526102+0.532970j,0.501464+0.384967j,1.063533
1.693342+0.856311j,-0.526003+0.533091j,0.501512+0.385414j,1.064297
1.694138+0.857460j,-0.525904+0.533211j,0.501561+0.385862j,1.065062
1.694934+0.858611j,-0.525805+0.533332j,0.501609+0.386310j,1.065826
1.695730+0.859762j,-0.525705+0.533452j,0.501657+0.386758j,1.066590
1.696527+0.860914j,-0.525606+0.533572j,0.501705+0.387207j,1.067354
1.697323+0.862068j,-0.525507+0.533693j,0.501753+0.387657j,1.068118
1.698119+0.863222j,-0.525408+0.533814j,0.501801+0.388107j,1.068881
1.698916+0.864377j,-0.525309+0.533934j,0.501848+0.388557j,1.069645
1.699713+0.865534j,-0.525210+0.534055j,0.501896+0.389008j,1.070409
1.700509+0.866691j,-0.525111+0.534175j,0.501943+0.389459j,1.071172
1.701306+0.867850j,-0.525012+0.534296j,0.501990+0.389911j,1.071936
1.702103+0.869009j,-0.524914+0.534417j,0.502036+0.390363j,1.072699
1.702900+0.870170j,-0.524815+0.534538j,0.502083+0.390816j,1.073463
1.703698+0.871331j,-0.524716+0.534658j,0.502129+0.391269j,1.074226
1.704495+0.872494j,-0.524617+0.534779j,0.502175+0.391723j,1.074989
1.705292+0.873658j,-0.524519+0.534900j,0.502221+0.392177j,1.075753
1.706090+0.874822j,-0.524420+0.535021j,0.502267+0.392632j,1.076516
1.706887+0.875988j,-0.524322+0.535142j,0.502313+0.393087j,1.077279
1.707685+0.877155j,-0.524223+0.535263j,0.502358+0.393543j,1.078042
1.708483+0.878323j,-0.524125+0.535384j,0.502403+0.393999j,1.078805
1.709281+0.879491j,-0.524026+0.535505j,0.502448+0.394455j,1.079567
1.710079+0.880661j,-0.523928+0.535626j,0.502493+0.394912j,1.080330
1.710877+0.881832j,-0.523830+0.535747j,0.502538+0.395370j,1.081093
1.711676+0.883004j,-0.523731+0.535868j,0.502582+0.395828j,1.081855
1.712474+0.884177j,-0.523633+0.535989j,0.502626+0.396286j,1.082618
1.713272+0.885351j,-0.523535+0.536110j,0.502670+0.396745j,1.083380
1.714071+0.886526j,-0.523437+0.536231j,0.502714+0.397205j,1.084143
1.714870+0.887702j,-0.523339+0.536353j,0.502758+0.397665j,1.084905
1.715668+0.888879j,-0.523241+0.536474j,0.502802+0.398125j,1.085667
1.716467+0.890058j,-0.523143+0.536595j,0.502845+0.398586j,1.086429
1.717266+0.891237j,-0.523045+0.536717j,0.502888+0.399047j,1.087192
1.718065+0.892417j,-0.522947+0.536838j,0.502931+0.399509j,1.087954
1.718865+0.893598j,-0.522849+0.536960j,0.502974+0.399972j,1.088716
1.719664+0.894781j,-0.522751+0.537081j,0.503016+0.400434j,1.089477
1.720463+0.895964j,-0.522654+0.537202j,0.503058+0.400898j,1.090239
1.721263+0.897149j,-0.522556+0.537324j,0.503100+0.401362j,1.091001
1.722063+0.898334j,-0.522458+0.537446j,0.503142+0.401826j,1.091763
1.722862+0.899521j,-0.522361+0.537567j,0.503184+0.402291j,1.092524
1.723662+0.900708j,-0.522263+0.537689j,0.503226+0.402756j,1.093286
1.724462+0.901897j,-0.522166+0.537811j,0.503267+0.403222j,1.094047
1.725262+0.903086j,-0.522068+0.537932j,0.503308+0.403688j,1.094808
1.726062+0.904277j,-0.521971+0.538054j,0.503349+0.404155j,1.095570
1.726862+0.905469j,-0.521873+0.538176j,0.503390+0.404622j,1.096331
1.727663+0.906662j,-0.521776+0.538298j,0.503430+0.405090j,1.097092
1.728463+0.907856j,-0.521679+0.538420j,0.503471+0.405558j,1.097853
1.729264+0.909051j,-0.521582+0.538542j,0.503511+0.406027j,1.098614
1.730064+0.910247j,-0.521484+0.538664j,0.503551+0.406497j,1.099375
1.730865+0.911444j,-0.521387+0.538786j,0.503590+0.406966j,1.100136
1.731666+0.912642j,-0.521290+0.538908j,0.503630+0.407437j,1.100896
1.732467+0.913841j,-0.521193+0.539030j,0.503669+0.407908j,1.101657
1.733268+0.915041j,-0.521096+0.539152j,0.503708+0.408379j,1.102418
1.734069+0.916243j,-0.520999+0.539274j,0.503747+0.408851j,1.103178
1.734870+0.917445j,-0.520902+0.539396j,0.503786+0.409323j,1.103939
1.735671+0.918648j,-0.520806+0.539519j,0.503824+0.409796j,1.104699
1.736473+0.919853j,-0.520709+0.539641j,0.503863+0.410269j,1.105459
1.737274+0.921058j,-0.520612+0.539763j,0.503901+0.410743j,1.106220
1.738076+0.922265j,-0.520515+0.539886j,0.503939+0.411218j,1.106980
1.738878+0.923473j,-0.520419+0.540008j,0.503976+0.411693j,1.107740
1.739679+0.924681j,-0.520322+0.540131j,0.504014+0.412168j,1.108500
1.740481+0.925891j,-0.520225+0.540253j,0.504051+0.412644j,1.109260
1.741283+0.927102j,-0.520129+0.540376j,0.504088+0.413121j,1.110020
1.742085+0.928314j,-0.520032+0.540498j,0.504125+0.413598j,1.110779
1.742887+0.929527j,-0.519936+0.540621j,0.504161+0.414075j,1.111539
1.743690+0.930741j,-0.519839+0.540744j,0.504198+0.414553j,1.112299
1.744492+0.931956j,-0.519743+0.540866j,0.504234+0.415032j,1.113058
1.745294+0.933172j,-0.519647+0.540989j,0.504270+0.415511j,1.113818
1.746097+0.934390j,-0.519551+0.541112j,0.504306+0.415991j,1.114577
1.746900+0.935608j,-0.519454+0.541235j,0.504341+0.416471j,1.115336
1.747702+0.936827j,-0.519358+0.541358j,0.504376+0.416952j,1.116096
1.748505+0.938048j,-0.519262+0.541481j,0.504412+0.417433j,1.116855
1.749308+0.939269j,-0.519166+0.541604j,0.504446+0.417915j,1.117614
1.750111+0.940492j,-0.519070+0.541727j,0.504481+0.418397j,1.118373
1.750914+0.941716j,-0.518974+0.541850j,0.504516+0.418880j,1.119132
1.751717+0.942941j,-0.518878+0.541973j,0.504550+0.419363j,1.119891
1.752521+0.944166j,-0.518782+0.542096j,0.504584+0.419847j,1.120650
1.753324+0.945393j,-0.518686+0.542220j,0.504618+0.420332j,1.121408
1.754127+0.946621j,-0.518590+0.542343j,0.504651+0.420817j,1.122167
1.754931+0.947850j,-0.518495+0.542466j,0.504684+0.421302j,1.122925
1.755734+0.949081j,-0.518399+0.542590j,0.504718+0.421788j,1.123684
1.756538+0.950312j,-0.518303+0.542713j,0.504751+0.422275j,1.124442
1.757342+0.951544j,-0.518208+0.542837j,0.504783+0.422762j,1.125201
1.758146+0.952777j,-0.518112+0.542960j,0.504816+0.423250j,1.125959
1.758950+0.954012j,-0.518016+0.543084j,0.504848+0.423738j,1.126717
1.759754+0.955247j,-0.517921+0.543207j,0.504880+0.424227j,1.127475
1.760558+0.956484j,-0.517825+0.543331j,0.504912+0.424716j,1.128233
1.761362+0.957722j,-0.517730+0.543455j,0.504943+0.425206j,1.128991
1.762167+0.958961j,-0.517635+0.543579j,0.504975+0.425696j,1.129749
1.762971+0.960201j,-0.517539+0.543703j,0.505006+0.426187j,1.130507
1.763775+0.961442j,-0.517444+0.543826j,0.505037+0.426679j,1.131264
1.764580+0.962684j,-0.517349+0.543950j,0.505067+0.427171j,1.132022
1.765385+0.963927j,-0.517254+0.544074j,0.505098+0.427664j,1.132780
1.766189+0.965171j,-0.517158+0.544198j,0.505128+0.428157j,1.133537
1.766994+0.966416j,-0.517063+0.544323j,0.505158+0.428651j,1.134294
1.767799+0.967663j,-0.516968+0.544447j,0.505188+0.429145j,1.135052
1.768604+0.968910j,-0.516873+0.544571j,0.505217+0.429640j,1.135809
1.769409+0.970159j,-0.516778+0.544695j,0.505246+0.430136j,1.136566
1.770214+0.971408j,-0.516683+0.544820j,0.505275+0.430632j,1.137323
1.771020+0.972659j,-0.516589+0.544944j,0.505304+0.431128j,1.138080
1.771825+0.973911j,-0.516494+0.545068j,0.505333+0.431625j,1.138837
1.772630+0.975164j,-0.516399+0.545193j,0.505361+0.432123j,1.139594
1.773436+0.976418j,-0.516304+0.545317j,0.505389+0.432621j,1.140351
1.774241+0.977673j,-0.516209+0.545442j,0.505417+0.433120j,1.141107
1.775047+0.978930j,-0.516115+0.545567j,0.505445+0.433620j,1.141864
1.775853+0.980187j,-0.516020+0.545691j,0.505472+0.434120j,1.142620
1.776659+0.981445j,-0.515926+0.545816j,0.505499+0.434620j,1.143377
1.777464+0.982705j,-0.515831+0.545941j,0.505526+0.435122j,1.144133
1.778270+0.983966j,-0.515737+0.546066j,0.505553+0.435623j,1.144890
1.779077+0.985227j,-0.515642+0.546191j,0.505579+0.436126j,1.145646
1.779883+0.986490j,-0.515548+0.546316j,0.505606+0.436629j,1.146402
1.780689+0.987754j,-0.515453+0.546441j,0.505632+0.437132j,1.147158
1.781495+0.989019j,-0.515359+0.546566j,0.505657+0.437636j,1.147914
1.782301+0.990285j,-0.515265+0.546691j,0.505683+0.438141j,1.148670
1.783108+0.991552j,-0.515171+0.546816j,0.505708+0.438646j,1.149426
1.783914+0.992821j,-0.515076+0.546941j,0.505733+0.439152j,1.150181
1.784721+0.994090j,-0.514982+0.547067j,0.505758+0.439659j,1.150937
1.785528+0.995361j,-0.514888+0.547192j,0.505782+0.440166j,1.151693
1.786334+0.996633j,-0.514794+0.547318j,0.505807+0.440673j,1.152448
1.787141+0.997905j,-0.514700+0.547443j,0.505831+0.441181j,1.153203
1.787948+0.999179j,-0.514606+0.547569j,0.505854+0.441690j,1.153959
1.788755+1.000454j,-0.514512+0.547694j,0.505878+0.442200j,1.154714
1.789562+1.001730j,-0.514418+0.547820j,0.505901+0.442710j,1.155469
1.790369+1.003007j,-0.514324+0.547946j,0.505924+0.443220j,1.156224
1.791177+1.004286j,-0.514231+0.548072j,0.505947+0.443732j,1.156979
1.791984+1.005565j,-0.514137+0.548197j,0.505969+0.444243j,1.157734
1.792791+1.006846j,-0.514043+0.548323j,0.505992+0.444756j,1.158489
1.793599+1.008127j,-0.513949+0.548449j,0.506014+0.445269j,1.159244
1.794406+1.009410j,-0.513856+0.548575j,0.506035+0.445782j,1.159998
1.795214+1.010694j,-0.513762+0.548702j,0.506057+0.446297j,1.160753
1.796021+1.011979j,-0.513669+0.548828j,0.506078+0.446812j,1.161507
1.796829+1.013265j,-0.513575+0.548954j,0.506099+0.447327j,1.162262
1.797637+1.014552j,-0.513482+0.549080j,0.506120+0.447843j,1.163016
1.798445+1.015841j,-0.513388+0.549207j,0.506140+0.448360j,1.163771
1.799252+1.017130j,-0.513295+0.549333j,0.506161+0.448877j,1.164525
1.800060+1.018421j,-0.513202+0.549460j,0.506180+0.449395j,1.165279
1.800869+1.019713j,-0.513108+0.549586j,0.506200+0.449914j,1.166033
1.801677+1.021005j,-0.513015+0.549713j,0.506220+0.450433j,1.166787
1.802485+1.022299j,-0.512922+0.549839j,0.506239+0.450953j,1.167541
1.803293+1.023594j,-0.512829+0.549966j,0.506258+0.451473j,1.168294
1.804101+1.024891j,-0.512735+0.550093j,0.506276+0.451994j,1.169048
1.804910+1.026188j,-0.512642+0.550220j,0.506295+0.452516j,1.169802
1.805718+1.027486j,-0.512549+0.550347j,0.506313+0.453038j,1.170555
1.806527+1.028786j,-0.512456+0.550474j,0.506331+0.453561j,1.171309
1.807335+1.030087j,-0.512363+0.550601j,0.506348+0.454085j,1.172062
1.808144+1.031388j,-0.512270+0.550728j,0.506366+0.454609j,1.172815
1.808953+1.032691j,-0.512178+0.550855j,0.506383+0.455134j,1.173568
1.809762+1.033995j,-0.512085+0.550983j,0.506400+0.455659j,1.174322
1.810571+1.035301j,-0.511992+0.551110j,0.506416+0.456186j,1.175075
1.811380+1.036607j,-0.511899+0.551237j,0.506432+0.456712j,1.175828
1.812189+1.037914j,-0.511807+0.551365j,0.506448+0.457240j,1.176580
1.812998+1.039223j,-0.511714+0.551492j,0.506464+0.457768j,1.177333
1.813807+1.040533j,-0.511621+0.551620j,0.506480+0.458297j,1.178086
1.814616+1.041844j,-0.511529+0.551748j,0.506495+0.458826j,1.178838
1.815425+1.043156j,-0.511436+0.551876j,0.506510+0.459356j,1.179591
1.816234+1.044469j,-0.511344+0.552003j,0.506524+0.459887j,1.180343
1.817044+1.045783j,-0.511251+0.552131j,0.506539+0.460418j,1.181096
1.817853+1.047098j,-0.511159+0.552259j,0.506553+0.460950j,1.181848
1.818663+1.048415j,-0.511066+0.552387j,0.506566+0.461483j,1.182600
1.819472+1.049732j,-0.510974+0.552515j,0.506580+0.462016j,1.183352
1.820282+1.051051j,-0.510882+0.552644j,0.506593+0.462550j,1.184104
1.821092+1.052371j,-0.510789+0.552772j,0.506606+0.463085j,1.184856
1.821901+1.053692j,-0.510697+0.552900j,0.506619+0.463620j,1.185608
1.822711+1.055015j,-0.510605+0.553029j,0.506631+0.464156j,1.186360
1.823521+1.056338j,-0.510513+0.553157j,0.506643+0.464692j,1.187112
1.824331+1.057662j,-0.510421+0.553286j,0.506655+0.465230j,1.187863
1.825141+1.058988j,-0.510329+0.553414j,0.506667+0.465768j,1.188615
1.825951+1.060315j,-0.510237+0.553543j,0.506678+0.466306j,1.189366
1.826761+1.061643j,-0.510145+0.553672j,0.506689+0.466846j,1.190117
1.827571+1.062972j,-0.510053+0.553801j,0.506700+0.467386j,1.190869
1.828382+1.064302j,-0.509961+0.553930j,0.506710+0.467926j,1.191620
1.829192+1.065633j,-0.509869+0.554059j,0.506720+0.468468j,1.192371
1.830002+1.066966j,-0.509777+0.554188j,0.506730+0.469010j,1.193122
1.830813+1.068300j,-0.509685+0.554317j,0.506740+0.469552j,1.193873
1.831623+1.069634j,-0.509594+0.554446j,0.506749+0.470096j,1.194624
1.832434+1.070970j,-0.509502+0.554575j,0.506758+0.470640j,1.195374
1.833244+1.072307j,-0.509410+0.554705j,0.506767+0.471185j,1.196125
1.834055+1.073646j,-0.509319+0.554834j,0.506775+0.471730j,1.196876
1.834866+1.074985j,-0.509227+0.554964j,0.506783+0.472276j,1.197626
1.835676+1.076326j,-0.509136+0.555093j,0.506791+0.472823j,1.198377
1.836487+1.077667j,-0.509044+0.555223j,0.506798+0.473371j,1.199127
1.837298+1.079010j,-0.508953+0.555353j,0.506805+0.473919j,1.199877
1.838109+1.080354j,-0.508861+0.555483j,0.506812+0.474468j,1.200627
1.838920+1.081699j,-0.508770+0.555612j,0.506819+0.475018j,1.201377
1.839731+1.083046j,-0.508678+0.555742j,0.506825+0.475568j,1.202127
1.840542+1.084393j,-0.508587+0.555873j,0.506831+0.476119j,1.202877
1.841353+1.085742j,-0.508496+0.556003j,0.506837+0.476671j,1.203627
1.842164+1.087092j,-0.508405+0.556133j,0.506842+0.477224j,1.204377
1.842975+1.088443j,-0.508314+0.556263j,0.506847+0.477777j,1.205126
1.843787+1.089795j,-0.508222+0.556394j,0.506852+0.478331j,1.205876
1.844598+1.091148j,-0.508131+0.556524j,0.506857+0.478886j,1.206625
1.845409+1.092503j,-0.508040+0.556655j,0.506861+0.479441j,1.207375
1.846221+1.093858j,-0.507949+0.556785j,0.506865+0.479997j,1.208124
1.847032+1.095215j,-0.507858+0.556916j,0.506868+0.480554j,1.208873
1.847844+1.096573j,-0.507767+0.557047j,0.506871+0.481112j,1.209622
1.848655+1.097932j,-0.507676+0.557178j,0.506874+0.481670j,1.210371
1.849467+1.099292j,-0.507585+0.557309j,0.506877+0.482229j,1.211120
1.850278+1.100654j,-0.507495+0.557440j,0.506879+0.482789j,1.211869
1.851090+1.102016j,-0.507404+0.557571j,0.506881+0.483349j,1.212618
1.851902+1.103380j,-0.507313+0.557702j,0.506883+0.483910j,1.213366
1.852714+1.104745j,-0.507222+0.557834j,0.506884+0.484472j,1.214115
1.853526+1.106111j,-0.507132+0.557965j,0.506885+0.485035j,1.214863
1.854337+1.107478j,-0.507041+0.558096j,0.506886+0.485599j,1.215612
1.855149+1.108847j,-0.506950+0.558228j,0.506886+0.486163j,1.216360
1.855961+1.110216j,-0.506860+0.558360j,0.506887+0.486728j,1.217108
1.856773+1.111587j,-0.506769+0.558491j,0.506886+0.487294j,1.217856
1.857585+1.112959j,-0.506679+0.558623j,0.506886+0.487860j,1.218604
1.858398+1.114332j,-0.506588+0.558755j,0.506885+0.488427j,1.219352
1.859210+1.115707j,-0.506498+0.558887j,0.506884+0.488995j,1.220100
1.860022+1.117082j,-0.506408+0.559019j,0.506882+0.489564j,1.220848
1.860834+1.118459j,-0.506317+0.559151j,0.506880+0.490134j,1.221596
1.861646+1.119836j,-0.506227+0.559284j,0.506878+0.490704j,1.222343
1.862459+1.121215j,-0.506137+0.559416j,0.506876+0.491275j,1.223091
1.863271+1.122596j,-0.506046+0.559549j,0.506873+0.491847j,1.223838
1.864083+1.123977j,-0.505956+0.559681j,0.506870+0.492419j,1.224585
1.864896+1.125360j,-0.505866+0.559814j,0.506866+0.492993j,1.225333
1.865708+1.126743j,-0.505776+0.559946j,0.506862+0.493567j,1.226080
1.866521+1.128128j,-0.505686+0.560079j,0.506858+0.494142j,1.226827
1.867334+1.129514j,-0.505596+0.560212j,0.506854+0.494718j,1.227574
1.868146+1.130902j,-0.505506+0.560345j,0.506849+0.495294j,1.228320
1.868959+1.132290j,-0.505416+0.560478j,0.506844+0.495871j,1.229067
1.869771+1.133680j,-0.505326+0.560611j,0.506838+0.496449j,1.229814
1.870584+1.135071j,-0.505236+0.560745j,0.506832+0.497028j,1.230560
1.871397+1.136463j,-0.505146+0.560878j,0.506826+0.497608j,1.231307
1.872210+1.137856j,-0.505057+0.561011j,0.506819+0.498188j,1.232053
1.873023+1.139250j,-0.504967+0.561145j,0.506813+0.498770j,1.232800
1.873835+1.140646j,-0.504877+0.561279j,0.506805+0.499352j,1.233546
1.874648+1.142042j,-0.504787+0.561412j,0.506798+0.499935j,1.234292
1.875461+1.143440j,-0.504698+0.561546j,0.506790+0.500518j,1.235038
1.876274+1.144840j,-0.504608+0.561680j,0.506782+0.501103j,1.235784
1.877087+1.146240j,-0.504518+0.561814j,0.506773+0.501688j,1.236530
1.877900+1.147641j,-0.504429+0.561948j,0.506764+0.502274j,1.237276
1.878713+1.149044j,-0.504339+0.562082j,0.506755+0.502861j,1.238021
1.879527+1.150448j,-0.504250+0.562217j,0.506745+0.503449j,1.238767
1.880340+1.151853j,-0.504160+0.562351j,0.506735+0.504037j,1.239512
1.881153+1.153260j,-0.504071+0.562486j,0.506725+0.504627j,1.240258
1.881966+1.154667j,-0.503982+0.562620j,0.506714+0.505217j,1.241003
1.882779+1.156076j,-0.503892+0.562755j,0.506703+0.505808j,1.241748
1.883593+1.157486j,-0.503803+0.562890j,0.506691+0.506400j,1.242493
1.884406+1.158897j,-0.503714+0.563025j,0.506679+0.506993j,1.243238
1.885219+1.160309j,-0.503624+0.563160j,0.506667+0.507586j,1.243983
1.886033+1.161723j,-0.503535+0.563295j,0.506655+0.508181j,1.244728
1.886846+1.163137j,-0.503446+0.563430j,0.506642+0.508776j,1.245473
1.887660+1.164553j,-0.503357+0.563565j,0.506629+0.509372j,1.246218
1.888473+1.165970j,-0.503268+0.563701j,0.506615+0.509969j,1.246962
1.889287+1.167389j,-0.503179+0.563836j,0.506601+0.510567j,1.247707
1.890100+1.168808j,-0.503090+0.563972j,0.506587+0.511166j,1.248451
1.890914+1.170229j,-0.503001+0.564107j,0.506572+0.511765j,1.249195
1.891727+1.171651j,-0.502912+0.564243j,0.506557+0.512365j,1.249939
1.892541+1.173074j,-0.502823+0.564379j,0.506541+0.512967j,1.250683
1.893354+1.174498j,-0.502734+0.564515j,0.506525+0.513569j,1.251427
1.894168+1.175924j,-0.502645+0.564651j,0.506509+0.514172j,1.252171
1.894982+1.177350j,-0.502557+0.564787j,0.506493+0.514776j,1.252915
1.895796+1.178778j,-0.502468+0.564924j,0.506476+0.515380j,1.253659
1.896609+1.180208j,-0.502379+0.565060j,0.506458+0.515986j,1.254402
1.897423+1.181638j,-0.502290+0.565197j,0.506440+0.516593j,1.255146
1.898237+1.183070j,-0.502202+0.565333j,0.506422+0.517200j,1.255889
1.899051+1.184502j,-0.502113+0.565470j,0.506404+0.517808j,1.256633
1.899864+1.185936j,-0.502024+0.565607j,0.506385+0.518417j,1.257376
1.900678+1.187372j,-0.501936+0.565744j,0.506366+0.519027j,1.258119
1.901492+1.188808j,-0.501847+0.565881j,0.506346+0.519638j,1.258862
1.902306+1.190246j,-0.501759+0.566018j,0.506326+0.520250j,1.259605
1.903120+1.191685j,-0.501670+0.566155j,0.506305+0.520863j,1.260348
1.903934+1.193125j,-0.501582+0.566293j,0.506285+0.521477j,1.261091
1.904748+1.194566j,-0.501494+0.566430j,0.506263+0.522091j,1.261833
1.905562+1.196009j,-0.501405+0.566568j,0.506242+0.522707j,1.262576
1.906376+1.197452j,-0.501317+0.566705j,0.506220+0.523323j,1.263318
1.907190+1.198897j,-0.501229+0.566843j,0.506197+0.523941j,1.264061
1.908004+1.200344j,-0.501140+0.566981j,0.506174+0.524559j,1.264803
1.908818+1.201791j,-0.501052+0.567119j,0.506151+0.525178j,1.265545
1.909632+1.203240j,-0.500964+0.567257j,0.506128+0.525798j,1.266287
1.910446+1.204690j,-0.500876+0.567396j,0.506103+0.526419j,1.267029
1.911260+1.206141j,-0.500788+0.567534j,0.506079+0.527041j,1.267771
1.912075+1.207593j,-0.500700+0.567672j,0.506054+0.527664j,1.268513
1.912889+1.209047j,-0.500612+0.567811j,0.506029+0.528288j,1.269254
1.913703+1.210501j,-0.500524+0.567950j,0.506003+0.528913j,1.269996
1.914517+1.211957j,-0.500436+0.568088j,0.505977+0.529538j,1.270738
1.915331+1.213415j,-0.500348+0.568227j,0.505951+0.530165j,1.271479
1.916146+1.214873j,-0.500260+0.568366j,0.505924+0.530793j,1.272220
1.916960+1.216333j,-0.500172+0.568506j,0.505896+0.531421j,1.272961
1.917774+1.217794j,-0.500084+0.568645j,0.505869+0.532051j,1.273702
1.918588+1.219256j,-0.499996+0.568784j,0.505841+0.532682j,1.274443
1.919403+1.220719j,-0.499909+0.568924j,0.505812+0.533313j,1.275184
1.920217+1.222184j,-0.499821+0.569063j,0.505783+0.533946j,1.275925
1.921031+1.223650j,-0.499733+0.569203j,0.505754+0.534579j,1.276666
1.921846+1.225117j,-0.499645+0.569343j,0.505724+0.535214j,1.277406
1.922660+1.226585j,-0.499558+0.569483j,0.505693+0.535849j,1.278147
1.923474+1.228055j,-0.499470+0.569623j,0.505663+0.536486j,1.278887
1.924289+1.229526j,-0.499383+0.569763j,0.505632+0.537123j,1.279628
1.925103+1.230998j,-0.499295+0.569904j,0.505600+0.537761j,1.280368
1.925917+1.232471j,-0.499207+0.570044j,0.505568+0.538401j,1.281108
1.926732+1.233945j,-0.499120+0.570185j,0.505536+0.539041j,1.281848
1.927546+1.235421j,-0.499033+0.570325j,0.505503+0.539683j,1.282588
1.928361+1.236898j,-0.498945+0.570466j,0.505469+0.540325j,1.283328
1.929175+1.238376j,-0.498858+0.570607j,0.505436+0.540969j,1.284067
1.929989+1.239856j,-0.498770+0.570748j,0.505401+0.541613j,1.284807
1.930804+1.241337j,-0.498683+0.570889j,0.505367+0.542259j,1.285547
1.931618+1.242819j,-0.498596+0.571031j,0.505332+0.542905j,1.286286
1.932433+1.244302j,-0.498509+0.571172j,0.505296+0.543553j,1.287025
1.933247+1.245786j,-0.498421+0.571314j,0.505260+0.544202j,1.287764
1.934062+1.247272j,-0.498334+0.571455j,0.505224+0.544851j,1.288504
1.934876+1.248759j,-0.498247+0.571597j,0.505187+0.545502j,1.289243
1.935691+1.250247j,-0.498160+0.571739j,0.505149+0.546154j,1.289981
1.936505+1.251737j,-0.498073+0.571881j,0.505112+0.546806j,1.290720
1.937320+1.253227j,-0.497986+0.572023j,0.505073+0.547460j,1.291459
1.938134+1.254719j,-0.497899+0.572165j,0.505035+0.548115j,1.292198
1.938949+1.256213j,-0.497812+0.572308j,0.504995+0.548771j,1.292936
1.939763+1.257707j,-0.497725+0.572450j,0.504956+0.549428j,1.293674
1.940578+1.259203j,-0.497638+0.572593j,0.504916+0.550086j,1.294413
1.941392+1.260700j,-0.497551+0.572736j,0.504875+0.550746j,1.295151
1.942207+1.262198j,-0.497464+0.572879j,0.504834+0.551406j,1.295889
1.943021+1.263698j,-0.497377+0.573022j,0.504792+0.552067j,1.296627
1.943836+1.265198j,-0.497290+0.573165j,0.504750+0.552730j,1.297365
1.944650+1.266700j,-0.497204+0.573308j,0.504708+0.553393j,1.298103
1.945465+1.268204j,-0.497117+0.573452j,0.504665+0.554058j,1.298840
1.946279+1.269708j,-0.497030+0.573595j,0.504622+0.554724j,1.299578
1.947094+1.271214j,-0.496943+0.573739j,0.504578+0.555390j,1.300315
1.947908+1.272721j,-0.496857+0.573883j,0.504533+0.556058j,1.301053
1.948723+1.274229j,-0.496770+0.574027j,0.504488+0.556727j,1.301790
1.949537+1.275739j,-0.496684+0.574171j,0.504443+0.557398j,1.302527
1.950352+1.277250j,-0.496597+0.574315j,0.504397+0.558069j,1.303264
1.951166+1.278762j,-0.496510+0.574460j,0.504351+0.558741j,1.304001
1.951981+1.280275j,-0.496424+0.574604j,0.504304+0.559415j,1.304738
1.952795+1.281790j,-0.496337+0.574749j,0.504257+0.560090j,1.305475
1.953609+1.283306j,-0.496251+0.574894j,0.504209+0.560766j,1.306211
1.954424+1.284823j,-0.496165+0.575038j,0.504160+0.561443j,1.306948
1.955238+1.286341j,-0.496078+0.575184j,0.504111+0.562121j,1.307684
1.956053+1.287861j,-0.495992+0.575329j,0.504062+0.562800j,1.308421
1.956867+1.289382j,-0.495906+0.575474j,0.504012+0.563481j,1.309157
1.957682+1.290904j,-0.495819+0.575620j,0.503962+0.564162j,1.309893
1.958496+1.292428j,-0.495733+0.575765j,0.503911+0.564845j,1.310629
1.959311+1.293953j,-0.495647+0.575911j,0.503860+0.565529j,1.311365
1.960125+1.295479j,-0.495561+0.576057j,0.503808+0.566215j,1.312101
1.960939+1.297006j,-0.495474+0.576203j,0.503755+0.566901j,1.312836
1.961754+1.298535j,-0.495388+0.576349j,0.503702+0.567589j,1.313572
1.962568+1.300064j,-0.495302+0.576495j,0.503649+0.568277j,1.314307
1.963383+1.301596j,-0.495216+0.576642j,0.503595+0.568967j,1.315043
1.964197+1.303128j,-0.495130+0.576788j,0.503540+0.569659j,1.315778
1.965011+1.304662j,-0.495044+0.576935j,0.503485+0.570351j,1.316513
1.965826+1.306197j,-0.494958+0.577082j,0.503430+0.571045j,1.317248
1.966640+1.307733j,-0.494872+0.577229j,0.503374+0.571739j,1.317983
1.967454+1.309271j,-0.494786+0.577376j,0.503317+0.572436j,1.318718
1.968269+1.310810j,-0.494700+0.577523j,0.503260+0.573133j,1.319453
1.969083+1.312350j,-0.494614+0.577671j,0.503202+0.573831j,1.320187
1.969897+1.313891j,-0.494528+0.577818j,0.503144+0.574531j,1.320922
1.970712+1.315434j,-0.494443+0.577966j,0.503085+0.575232j,1.321656
1.971526+1.316978j,-0.494357+0.578114j,0.503026+0.575935j,1.322391
1.972340+1.318523j,-0.494271+0.578262j,0.502966+0.576638j,1.323125
1.973154+1.320070j,-0.494185+0.578410j,0.502905+0.577343j,1.323859
1.973969+1.321617j,-0.494100+0.578558j,0.502844+0.578049j,1.324593
1.974783+1.323167j,-0.494014+0.578707j,0.502783+0.578757j,1.325327
1.975597+1.324717j,-0.493928+0.578855j,0.502720+0.579466j,1.326060
1.976411+1.326269j,-0.493843+0.579004j,0.502658+0.580176j,1.326794
1.977225+1.327822j,-0.493757+0.579153j,0.502595+0.580887j,1.327528
1.978039+1.329376j,-0.493672+0.579302j,0.502531+0.581599j,1.328261
1.978854+1.330932j,-0.493586+0.579451j,0.502466+0.582313j,1.328994
1.979668+1.332488j,-0.493501+0.579601j,0.502401+0.583029j,1.329728
1.980482+1.334047j,-0.493415+0.579750j,0.502336+0.583745j,1.330461
1.981296+1.335606j,-0.493330+0.579900j,0.502270+0.584463j,1.331194
1.982110+1.337167j,-0.493244+0.580050j,0.502203+0.585182j,1.331927
1.982924+1.338729j,-0.493159+0.580200j,0.502136+0.585903j,1.332659
1.983738+1.340292j,-0.493073+0.580350j,0.502068+0.586625j,1.333392
1.984552+1.341857j,-0.492988+0.580500j,0.501999+0.587348j,1.334125
1.985366+1.343423j,-0.492903+0.580651j,0.501930+0.588073j,1.334857
1.986180+1.344990j,-0.492817+0.580801j,0.501860+0.588799j,1.335589
1.986994+1.346559j,-0.492732+0.580952j,0.501790+0.589526j,1.336322
1.987807+1.348129j,-0.492647+0.581103j,0.501719+0.590255j,1.337054
1.988621+1.349700j,-0.492562+0.581254j,0.501648+0.590985j,1.337786
1.989435+1.351272j,-0.492477+0.581405j,0.501576+0.591717j,1.338518
1.990249+1.352846j,-0.492391+0.581557j,0.501503+0.592449j,1.339249
1.991063+1.354421j,-0.492306+0.581708j,0.501430+0.593184j,1.339981
1.991876+1.355997j,-0.492221+0.581860j,0.501356+0.593920j,1.340713
1.992690+1.357575j,-0.492136+0.582012j,0.501281+0.594657j,1.341444
1.993504+1.359154j,-0.492051+0.582164j,0.501206+0.595395j,1.342175
1.994318+1.360734j,-0.491966+0.582316j,0.501130+0.596135j,1.342907
1.995131+1.362316j,-0.491881+0.582468j,0.501054+0.596877j,1.343638
1.995945+1.363899j,-0.491796+0.582621j,0.500977+0.597620j,1.344369
1.996758+1.365483j,-0.491711+0.582773j,0.500899+0.598364j,1.345099
1.997572+1.367069j,-0.491626+0.582926j,0.500821+0.599110j,1.345830
1.998385+1.368656j,-0.491541+0.583079j,0.500742+0.599857j,1.346561
1.999199+1.370244j,-0.491457+0.583232j,0.500663+0.600606j,1.347291
2.000012+1.371833j,-0.491372+0.583386j,0.500582+0.601357j,1.348022
2.000826+1.373424j,-0.491287+0.583539j,0.500501+0.602108j,1.348752
2.001639+1.375016j,-0.491202+0.583693j,0.500420+0.602862j,1.349482
2.002453+1.376610j,-0.491117+0.583847j,0.500338+0.603616j,1.350212
2.003266+1.378204j,-0.491033+0.584001j,0.500255+0.604373j,1.350942
2.004079+1.379800j,-0.490948+0.584155j,0.500171+0.605131j,1.351672
2.004893+1.381398j,-0.490863+0.584309j,0.500087+0.605890j,1.352402
2.005706+1.382996j,-0.490779+0.584464j,0.500002+0.606651j,1.353132
2.006519+1.384596j,-0.490694+0.584618j,0.499917+0.607413j,1.353861
2.007332+1.386198j,-0.490609+0.584773j,0.499831+0.608177j,1.354590
2.008145+1.387801j,-0.490525+0.584928j,0.499744+0.608943j,1.355320
2.008958+1.389405j,-0.490440+0.585084j,0.499656+0.609710j,1.356049
2.009771+1.391010j,-0.490356+0.585239j,0.499568+0.610479j,1.356778
2.010584+1.392616j,-0.490271+0.585394j,0.499479+0.611249j,1.357507
2.011397+1.394224j,-0.490187+0.585550j,0.499389+0.612021j,1.358236
2.012210+1.395834j,-0.490102+0.585706j,0.499299+0.612795j,1.358964
2.013023+1.397444j,-0.490018+0.585862j,0.499208+0.613570j,1.359693
2.013836+1.399056j,-0.489934+0.586018j,0.499116+0.614347j,1.360421
2.014649+1.400670j,-0.489849+0.586175j,0.499024+0.615125j,1.361150
2.015462+1.402284j,-0.489765+0.586331j,0.498931+0.615905j,1.361878
2.016274+1.403900j,-0.489681+0.586488j,0.498837+0.616687j,1.362606
2.017087+1.405517j,-0.489596+0.586645j,0.498742+0.617470j,1.363334
2.017900+1.407136j,-0.489512+0.586802j,0.498647+0.618255j,1.364062
2.018712+1.408756j,-0.489428+0.586960j,0.498551+0.619042j,1.364790
2.019525+1.410377j,-0.489344+0.587117j,0.498454+0.619830j,1.365517
2.020338+1.412000j,-0.489259+0.587275j,0.498357+0.620620j,1.366245
2.021150+1.413624j,-0.489175+0.587433j,0.498258+0.621412j,1.366972
2.021962+1.415249j,-0.489091+0.587591j,0.498159+0.622206j,1.367700
2.022775+1.416876j,-0.489007+0.587749j,0.498060+0.623001j,1.368427
2.023587+1.418504j,-0.488923+0.587907j,0.497959+0.623798j,1.369154
2.024400+1.420133j,-0.488839+0.588066j,0.497858+0.624597j,1.369881
2.025212+1.421764j,-0.488755+0.588225j,0.497756+0.625397j,1.370607
2.026024+1.423396j,-0.488671+0.588383j,0.497653+0.626199j,1.371334
2.026836+1.425029j,-0.488587+0.588543j,0.497550+0.627003j,1.372061
2.027648+1.426664j,-0.488503+0.588702j,0.497445+0.627809j,1.372787
2.028460+1.428300j,-0.488419+0.588861j,0.497340+0.628617j,1.373514
2.029272+1.429937j,-0.488335+0.589021j,0.497234+0.629426j,1.374240
2.030084+1.431576j,-0.488251+0.589181j,0.497128+0.630237j,1.374966
2.030896+1.433216j,-0.488167+0.589341j,0.497020+0.631050j,1.375692
2.031708+1.434857j,-0.488083+0.589501j,0.496912+0.631865j,1.376418
2.032520+1.436500j,-0.487999+0.589662j,0.496803+0.632682j,1.377143
2.033332+1.438144j,-0.487916+0.589823j,0.496693+0.633501j,1.377869
2.034143+1.439789j,-0.487832+0.589983j,0.496583+0.634321j,1.378594
2.034955+1.441436j,-0.487748+0.590144j,0.496471+0.635143j,1.379320
2.035767+1.443084j,-0.487664+0.590306j,0.496359+0.635968j,1.380045
2.036578+1.444734j,-0.487581+0.590467j,0.496246+0.636794j,1.380770
2.037390+1.446385j,-0.487497+0.590629j,0.496132+0.637622j,1.381495
2.038201+1.448037j,-0.487413+0.590791j,0.496017+0.638452j,1.382220
2.039013+1.449690j,-0.487330+0.590953j,0.495901+0.639284j,1.382945
2.039824+1.451345j,-0.487246+0.591115j,0.495785+0.640118j,1.383669
2.040635+1.453002j,-0.487162+0.591277j,0.495668+0.640953j,1.384394
2.041447+1.454659j,-0.487079+0.591440j,0.495550+0.641791j,1.385118
2.042258+1.456318j,-0.486995+0.591603j,0.495431+0.642631j,1.385843
2.043069+1.457979j,-0.486912+0.591766j,0.495311+0.643473j,1.386567
2.043880+1.459640j,-0.486828+0.591929j,0.495190+0.644317j,1.387291
2.044691+1.461303j,-0.486745+0.592092j,0.495068+0.645163j,1.388015
2.045502+1.462968j,-0.486661+0.592256j,0.494946+0.646010j,1.388738
2.046313+1.464634j,-0.486578+0.592420j,0.494822+0.646860j,1.389462
2.047124+1.466301j,-0.486494+0.592584j,0.494698+0.647712j,1.390186
2.047934+1.467969j,-0.486411+0.592748j,0.494573+0.648566j,1.390909
2.048745+1.469639j,-0.486328+0.592912j,0.494447+0.649423j,1.391632
2.049556+1.471310j,-0.486244+0.593077j,0.494320+0.650281j,1.392355
2.050366+1.472983j,-0.486161+0.593242j,0.494192+0.651141j,1.393078
2.051177+1.474657j,-0.486078+0.593407j,0.494063+0.652004j,1.393801
2.051987+1.476332j,-0.485994+0.593572j,0.493934+0.652869j,1.394524
2.052798+1.478009j,-0.485911+0.593738j,0.493803+0.653735j,1.395247
2.053608+1.479687j,-0.485828+0.593903j,0.493671+0.654604j,1.395969
2.054418+1.481367j,-0.485745+0.594069j,0.493539+0.655476j,1.396692
2.055228+1.483048j,-0.485661+0.594235j,0.493405+0.656349j,1.397414
2.056039+1.484730j,-0.485578+0.594401j,0.493271+0.657225j,1.398136
2.056849+1.486413j,-0.485495+0.594568j,0.493136+0.658103j,1.398858
2.057659+1.488098j,-0.485412+0.594735j,0.492999+0.658983j,1.399580
2.058469+1.489785j,-0.485329+0.594902j,0.492862+0.659865j,1.400302
2.059278+1.491472j,-0.485246+0.595069j,0.492724+0.660750j,1.401023
2.060088+1.493161j,-0.485163+0.595236j,0.492584+0.661637j,1.401745
2.060898+1.494852j,-0.485080+0.595404j,0.492444+0.662526j,1.402466
2.061708+1.496544j,-0.484997+0.595572j,0.492303+0.663418j,1.403187
2.062517+1.498237j,-0.484914+0.595740j,0.492160+0.664312j,1.403908
2.063327+1.499932j,-0.484831+0.595908j,0.492017+0.665208j,1.404629
2.064136+1.501628j,-0.484748+0.596076j,0.491873+0.666107j,1.405350
2.064946+1.503325j,-0.484665+0.596245j,0.491728+0.667008j,1.406071
2.065755+1.505024j,-0.484582+0.596414j,0.491581+0.667911j,1.406792
2.066564+1.506724j,-0.484499+0.596583j,0.491434+0.668817j,1.407512
2.067373+1.508425j,-0.484416+0.596752j,0.491285+0.669725j,1.408232
2.068182+1.510128j,-0.484333+0.596922j,0.491136+0.670636j,1.408953
2.068991+1.511833j,-0.484250+0.597092j,0.490985+0.671550j,1.409673
2.069800+1.513538j,-0.484168+0.597262j,0.490834+0.672465j,1.410393
2.070609+1.515245j,-0.484085+0.597432j,0.490681+0.673384j,1.411113
2.071418+1.516954j,-0.484002+0.597603j,0.490527+0.674305j,1.411832
2.072227+1.518664j,-0.483919+0.597773j,0.490372+0.675228j,1.412552
2.073035+1.520375j,-0.483837+0.597944j,0.490216+0.676154j,1.413271
2.073844+1.522088j,-0.483754+0.598115j,0.490059+0.677083j,1.413990
2.074652+1.523802j,-0.483671+0.598287j,0.489901+0.678014j,1.414710
2.075461+1.525517j,-0.483589+0.598458j,0.489742+0.678948j,1.415429
2.076269+1.527234j,-0.483506+0.598630j,0.489581+0.679884j,1.416148
2.077077+1.528952j,-0.483423+0.598802j,0.489419+0.680824j,1.416866
2.077885+1.530672j,-0.483341+0.598975j,0.489257+0.681765j,1.417585
2.078693+1.532393j,-0.483258+0.599147j,0.489093+0.682710j,1.418303
2.079501+1.534115j,-0.483175+0.599320j,0.488928+0.683657j,1.419022
2.080309+1.535839j,-0.483093+0.599493j,0.488761+0.684607j,1.419740
2.081117+1.537564j,-0.483010+0.599666j,0.488594+0.685560j,1.420458
2.081925+1.539291j,-0.482928+0.599840j,0.488425+0.686516j,1.421176
2.082733+1.541019j,-0.482845+0.600014j,0.488256+0.687475j,1.421894
2.083540+1.542748j,-0.482763+0.600188j,0.488085+0.688436j,1.422612
2.084348+1.544479j,-0.482681+0.600362j,0.487912+0.689400j,1.423329
2.085155+1.546211j,-0.482598+0.600536j,0.487739+0.690367j,1.424047
2.085962+1.547945j,-0.482516+0.600711j,0.487564+0.691337j,1.424764
2.086770+1.549680j,-0.482433+0.600886j,0.487388+0.692310j,1.425481
2.087577+1.551416j,-0.482351+0.601061j,0.487211+0.693286j,1.426198
2.088384+1.553154j,-0.482269+0.601237j,0.487032+0.694265j,1.426915
2.089191+1.554893j,-0.482186+0.601412j,0.486853+0.695247j,1.427632
2.089998+1.556634j,-0.482104+0.601588j,0.486672+0.696232j,1.428349
2.090805+1.558376j,-0.482022+0.601764j,0.486489+0.697220j,1.429065
2.091611+1.560120j,-0.481939+0.601941j,0.486306+0.698211j,1.429781
2.092418+1.561865j,-0.481857+0.602118j,0.486121+0.699206j,1.430498
2.093224+1.563611j,-0.481775+0.602294j,0.485934+0.700203j,1.431214
2.094031+1.565359j,-0.481693+0.602472j,0.485747+0.701204j,1.431930
2.094837+1.567108j,-0.481611+0.602649j,0.485558+0.702207j,1.432645
2.095644+1.568858j,-0.481528+0.602827j,0.485367+0.703214j,1.433361
2.096450+1.570610j,-0.481446+0.603005j,0.485176+0.704225j,1.434077
2.097256+1.572364j,-0.481364+0.603183j,0.484982+0.705238j,1.434792
2.098062+1.574118j,-0.481282+0.603361j,0.484788+0.706255j,1.435507
2.098868+1.575875j,-0.481200+0.603540j,0.484592+0.707275j,1.436223
2.099673+1.577632j,-0.481118+0.603719j,0.484395+0.708299j,1.436938
2.100479+1.579391j,-0.481036+0.603898j,0.484196+0.709326j,1.437652
2.101285+1.581152j,-0.480954+0.604078j,0.483996+0.710356j,1.438367
2.102090+1.582914j,-0.480872+0.604258j,0.483794+0.711390j,1.439082
2.102896+1.584677j,-0.480790+0.604438j,0.483591+0.712428j,1.439796
2.103701+1.586442j,-0.480708+0.604618j,0.483386+0.713469j,1.440510
2.104506+1.588208j,-0.480626+0.604798j,0.483180+0.714513j,1.441225
2.105311+1.589976j,-0.480544+0.604979j,0.482972+0.715561j,1.441939
2.106116+1.591745j,-0.480462+0.605160j,0.482763+0.716613j,1.442652
2.106921+1.593515j,-0.480380+0.605342j,0.482552+0.717668j,1.443366
2.107726+1.595287j,-0.480298+0.605523j,0.482340+0.718727j,1.444080
2.108531+1.597061j,-0.480216+0.605705j,0.482126+0.719790j,1.444793
2.109335+1.598835j,-0.480134+0.605887j,0.481911+0.720857j,1.445507
2.110140+1.600611j,-0.480053+0.606070j,0.481694+0.721927j,1.446220
2.110944+1.602389j,-0.479971+0.606252j,0.481475+0.723002j,1.446933
2.111749+1.604168j,-0.479889+0.606435j,0.481255+0.724080j,1.447646
2.112553+1.605949j,-0.479807+0.606619j,0.481033+0.725162j,1.448358
2.113357+1.607731j,-0.479726+0.606802j,0.480810+0.726248j,1.449071
2.114161+1.609514j,-0.479644+0.606986j,0.480584+0.727338j,1.449784
2.114965+1.611299j,-0.479562+0.607170j,0.480358+0.728432j,1.450496
2.115769+1.613085j,-0.479480+0.607354j,0.480129+0.729530j,1.451208
2.116572+1.614873j,-0.479399+0.607539j,0.479899+0.730633j,1.451920
2.117376+1.616662j,-0.479317+0.607724j,0.479667+0.731739j,1.452632
2.118179+1.618452j,-0.479235+0.607909j,0.479433+0.732850j,1.453344
2.118983+1.620244j,-0.479154+0.608095j,0.479197+0.733965j,1.454055
2.119786+1.622038j,-0.479072+0.608280j,0.478960+0.735084j,1.454767
2.120589+1.623833j,-0.478991+0.608466j,0.478721+0.736208j,1.455478
2.121392+1.625629j,-0.478909+0.608653j,0.478480+0.737336j,1.456189
2.122195+1.627427j,-0.478828+0.608839j,0.478237+0.738468j,1.456900
2.122998+1.629226j,-0.478746+0.609026j,0.477992+0.739605j,1.457611
2.123800+1.631027j,-0.478665+0.609213j,0.477745+0.740747j,1.458322
2.124603+1.632829j,-0.478583+0.609401j,0.477497+0.741893j,1.459033
2.125405+1.634633j,-0.478502+0.609589j,0.477246+0.743044j,1.459743
2.126208+1.636438j,-0.478420+0.609777j,0.476994+0.744199j,1.460454
2.127010+1.638244j,-0.478339+0.609965j,0.476740+0.745359j,1.461164
2.127812+1.640052j,-0.478257+0.610154j,0.476483+0.746525j,1.461874
2.128614+1.641861j,-0.478176+0.610343j,0.476225+0.747694j,1.462584
2.129416+1.643672j,-0.478095+0.610532j,0.475965+0.748869j,1.463293
2.130218+1.645484j,-0.478013+0.610721j,0.475702+0.750049j,1.464003
2.131019+1.647298j,-0.477932+0.610911j,0.475438+0.751234j,1.464712
2.131821+1.649113j,-0.477851+0.611101j,0.475171+0.752424j,1.465422
2.132622+1.650930j,-0.477769+0.611292j,0.474902+0.753619j,1.466131
2.133424+1.652748j,-0.477688+0.611483j,0.474632+0.754819j,1.466840
2.134225+1.654568j,-0.477607+0.611674j,0.474359+0.756025j,1.467549
2.135026+1.656389j,-0.477526+0.611865j,0.474083+0.757236j,1.468258
2.135827+1.658211j,-0.477444+0.612057j,0.473806+0.758452j,1.468966
2.136628+1.660035j,-0.477363+0.612249j,0.473526+0.759674j,1.469675
2.137428+1.661861j,-0.477282+0.612441j,0.473244+0.760902j,1.470383
2.138229+1.663688j,-0.477201+0.612634j,0.472960+0.762135j,1.471091
2.139029+1.665516j,-0.477120+0.612827j,0.472673+0.763374j,1.471799
2.139830+1.667346j,-0.477039+0.613020j,0.472384+0.764618j,1.472507
2.140630+1.669177j,-0.476957+0.613213j,0.472093+0.765869j,1.473214
2.141430+1.671010j,-0.476876+0.613407j,0.471799+0.767125j,1.473922
2.142230+1.672844j,-0.476795+0.613601j,0.471503+0.768387j,1.474629
2.143030+1.674680j,-0.476714+0.613796j,0.471204+0.769656j,1.475337
2.143829+1.676517j,-0.476633+0.613991j,0.470903+0.770930j,1.476044
2.144629+1.678355j,-0.476552+0.614186j,0.470599+0.772211j,1.476751
2.145428+1.680195j,-0.476471+0.614381j,0.470293+0.773499j,1.477458
2.146228+1.682037j,-0.476390+0.614577j,0.469984+0.774792j,1.478164
2.147027+1.683880j,-0.476309+0.614773j,0.469672+0.776092j,1.478871
2.147826+1.685725j,-0.476228+0.614969j,0.469358+0.777399j,1.479577
2.148625+1.687571j,-0.476148+0.615166j,0.469041+0.778713j,1.480283
2.149423+1.689418j,-0.476067+0.615363j,0.468721+0.780033j,1.480989
2.150222+1.691267j,-0.475986+0.615561j,0.468398+0.781360j,1.481695
2.151021+1.693117j,-0.475905+0.615758j,0.468073+0.782694j,1.482401
2.151819+1.694969j,-0.475824+0.615956j,0.467744+0.784036j,1.483107
2.152617+1.696823j,-0.475743+0.616155j,0.467413+0.785384j,1.483812
2.153415+1.698677j,-0.475663+0.616354j,0.467079+0.786740j,1.484517
2.154213+1.700534j,-0.475582+0.616553j,0.466742+0.788103j,1.485223
2.155011+1.702392j,-0.475501+0.616752j,0.466402+0.789474j,1.485928
2.155809+1.704251j,-0.475420+0.616952j,0.466058+0.790853j,1.486632
2.156607+1.706112j,-0.475340+0.617152j,0.465712+0.792239j,1.487337
2.157404+1.707974j,-0.475259+0.617352j,0.465362+0.793633j,1.488042
2.158201+1.709838j,-0.475178+0.617553j,0.465009+0.795036j,1.488746
2.158999+1.711703j,-0.475098+0.617754j,0.464653+0.796446j,1.489450
2.159796+1.713570j,-0.475017+0.617956j,0.464293+0.797865j,1.490154
2.160592+1.715438j,-0.474936+0.618157j,0.463931+0.799292j,1.490858
2.161389+1.717308j,-0.474856+0.618360j,0.463564+0.800728j,1.491562
2.162186+1.719179j,-0.474775+0.618562j,0.463194+0.802173j,1.492266
2.162982+1.721052j,-0.474695+0.618765j,0.462821+0.803627j,1.492969
2.163779+1.722926j,-0.474614+0.618968j,0.462444+0.805089j,1.493673
2.164575+1.724801j,-0.474534+0.619172j,0.462063+0.806561j,1.494376
2.165371+1.726679j,-0.474453+0.619376j,0.461679+0.808043j,1.495079
2.166167+1.728557j,-0.474373+0.619580j,0.461290+0.809533j,1.495782
2.166962+1.730437j,-0.474292+0.619784j,0.460898+0.811034j,1.496485
2.167758+1.732319j,-0.474212+0.619989j,0.460502+0.812545j,1.497187
2.168554+1.734202j,-0.474131+0.620195j,0.460102+0.814065j,1.497890
2.169349+1.736087j,-0.474051+0.620400j,0.459698+0.815596j,1.498592
2.170144+1.737973j,-0.473971+0.620606j,0.459289+0.817138j,1.499294
2.170939+1.739861j,-0.473890+0.620813j,0.458877+0.818690j,1.499996
2.171734+1.741750j,-0.473810+0.621020j,0.458460+0.820253j,1.500698
2.172529+1.743641j,-0.473730+0.621227j,0.458038+0.821827j,1.501400
2.173323+1.745533j,-0.473650+0.621434j,0.457613+0.823413j,1.502101
2.174118+1.747426j,-0.473569+0.621642j,0.457182+0.825010j,1.502803
2.174912+1.749322j,-0.473489+0.621851j,0.456747+0.826619j,1.503504
2.175706+1.751218j,-0.473409+0.622059j,0.456307+0.828241j,1.504205
2.176500+1.753116j,-0.473329+0.622268j,0.455863+0.829874j,1.504906
2.177294+1.755016j,-0.473249+0.622478j,0.455413+0.831521j,1.505607
2.178088+1.756917j,-0.473169+0.622688j,0.454958+0.833180j,1.506308
2.178881+1.758820j,-0.473088+0.622898j,0.454498+0.834852j,1.507008
2.179674+1.760724j,-0.473008+0.623108j,0.454033+0.836538j,1.507708
2.180468+1.762630j,-0.472928+0.623319j,0.453562+0.838238j,1.508409
2.181261+1.764537j,-0.472848+0.623530j,0.453086+0.839952j,1.509109
2.182054+1.766446j,-0.472768+0.623742j,0.452604+0.841681j,1.509809
2.182846+1.768356j,-0.472688+0.623954j,0.452116+0.843425j,1.510508
2.183639+1.770268j,-0.472608+0.624167j,0.451623+0.845183j,1.511208
2.184431+1.772182j,-0.472528+0.624380j,0.451123+0.846958j,1.511908
2.185224+1.774096j,-0.472448+0.624593j,0.450617+0.848748j,1.512607
2.186016+1.776013j,-0.472369+0.624807j,0.450105+0.850555j,1.513306
2.186808+1.777931j,-0.472289+0.625021j,0.449586+0.852379j,1.514005
2.187599+1.779850j,-0.472209+0.625235j,0.449060+0.854220j,1.514704
2.188391+1.781771j,-0.472129+0.625450j,0.448527+0.856079j,1.515403
2.189182+1.783693j,-0.472049+0.625665j,0.447988+0.857957j,1.516101
2.189974+1.785617j,-0.471970+0.625881j,0.447441+0.859853j,1.516800
2.190765+1.787543j,-0.471890+0.626097j,0.446886+0.861769j,1.517498
2.191556+1.789470j,-0.471810+0.626314j,0.446324+0.863705j,1.518196
2.192347+1.791398j,-0.471730+0.626530j,0.445754+0.865662j,1.518894
2.193137+1.793328j,-0.471651+0.626748j,0.445176+0.867640j,1.519592
2.193928+1.795260j,-0.471571+0.626965j,0.444589+0.869639j,1.520290
2.194718+1.797193j,-0.471491+0.627184j,0.443993+0.871662j,1.520988
2.195508+1.799128j,-0.471412+0.627402j,0.443389+0.873708j,1.521685
2.196298+1.801064j,-0.471332+0.627621j,0.442775+0.875778j,1.522383
2.197088+1.803002j,-0.471253+0.627840j,0.442152+0.877874j,1.523080
2.197878+1.804941j,-0.471173+0.628060j,0.441519+0.879995j,1.523777
2.198667+1.806882j,-0.471094+0.628280j,0.440875+0.882144j,1.524474
2.199456+1.808824j,-0.471014+0.628501j,0.440221+0.884320j,1.525171
2.200246+1.810768j,-0.470935+0.628722j,0.439556+0.886526j,1.525867
2.201034+1.812713j,-0.470856+0.628944j,0.438879+0.888761j,1.526564
2.201823+1.814660j,-0.470776+0.629166j,0.438191+0.891029j,1.527260
2.202612+1.816608j,-0.470697+0.629388j,0.437490+0.893329j,1.527956
2.203400+1.818558j,-0.470618+0.629611j,0.436776+0.895663j,1.528653
2.204189+1.820510j,-0.470538+0.629834j,0.436049+0.898033j,1.529349
2.204977+1.822463j,-0.470459+0.630058j,0.435307+0.900440j,1.530045
2.205765+1.824418j,-0.470380+0.630282j,0.434551+0.902886j,1.530740
2.206552+1.826374j,-0.470301+0.630506j,0.433780+0.905373j,1.531436
2.207340+1.828331j,-0.470222+0.630731j,0.432992+0.907904j,1.532132
2.208127+1.830291j,-0.470143+0.630957j,0.432187+0.910479j,1.532827
2.208914+1.832251j,-0.470064+0.631183j,0.431365+0.913103j,1.533523
2.209701+1.834214j,-0.469984+0.631409j,0.430523+0.915776j,1.534218
2.210488+1.836178j,-0.469905+0.631636j,0.429662+0.918504j,1.534913
2.211275+1.838143j,-0.469826+0.631863j,0.428780+0.921287j,1.535608
2.212061+1.840110j,-0.469748+0.632091j,0.427875+0.924131j,1.536303
2.212848+1.842079j,-0.469669+0.632319j,0.426946+0.927039j,1.536998
2.213634+1.844049j,-0.469590+0.632548j,0.425992+0.930016j,1.537693
2.214420+1.846020j,-0.469511+0.632777j,0.425011+0.933066j,1.538387
2.215205+1.847994j,-0.469432+0.633006j,0.424001+0.936195j,1.539082
2.215991+1.849968j,-0.469353+0.633236j,0.422959+0.939409j,1.539776
2.216776+1.851945j,-0.469275+0.633467j,0.421883+0.942716j,1.540471
2.217562+1.853922j,-0.469196+0.633698j,0.420770+0.946123j,1.541165
2.218347+1.855902j,-0.469117+0.633929j,0.419616+0.949642j,1.541860
2.219131+1.857883j,-0.469039+0.634161j,0.418417+0.953281j,1.542554
2.219916+1.859865j,-0.468960+0.634393j,0.417169+0.957056j,1.543248
2.220701+1.861849j,-0.468881+0.634626j,0.415866+0.960982j,1.543942
2.221485+1.863835j,-0.468803+0.634859j,0.414501+0.965077j,1.544637
2.222269+1.865822j,-0.468724+0.635093j,0.413065+0.969367j,1.545331
2.223053+1.867811j,-0.468646+0.635328j,0.411548+0.973880j,1.546025
2.223836+1.869801j,-0.468567+0.635562j,0.409935+0.978655j,1.546720
2.224620+1.871793j,-0.468489+0.635798j,0.408209+0.983744j,1.547414
2.225403+1.873787j,-0.468411+0.636033j,0.406344+0.989215j,1.548109
2.226186+1.875782j,-0.468332+0.636270j,0.404303+0.995170j,1.548803
2.226969+1.877778j,-0.468254+0.636506j,0.402033+1.001763j,1.549498
2.227752+1.879776j,-0.468176+0.636744j,0.399439+1.009254j,1.550193
2.228535+1.881776j,-0.468098+0.636981j,0.396338+1.018150j,1.550889
2.229317+1.883777j,-0.468020+0.637220j,0.392263+1.029759j,1.551585
2.230099+1.885780j,-0.467942+0.637458j,0.382284+1.057841j,1.552283
