0.800000+0.000000j,0.236710+2.047222j,-0.317109-1.565346j,0.000000
0.800621+0.000295j,0.236522+2.047048j,-0.317266-1.565612j,0.003137
0.801241+0.000591j,0.236334+2.046874j,-0.317423-1.565877j,0.006274
0.801863+0.000887j,0.236146+2.046700j,-0.317580-1.566143j,0.009411
0.802484+0.001183j,0.235958+2.046526j,-0.317737-1.566408j,0.012548
0.803106+0.001480j,0.235770+2.046352j,-0.317894-1.566673j,0.015685
0.803729+0.001778j,0.235582+2.046177j,-0.318051-1.566938j,0.018822
0.804351+0.002076j,0.235395+2.046003j,-0.318209-1.567202j,0.021959
0.804975+0.002374j,0.235207+2.045828j,-0.318366-1.567467j,0.025097
0.805598+0.002673j,0.235020+2.045654j,-0.318524-1.567731j,0.028234
0.806222+0.002972j,0.234833+2.045479j,-0.318682-1.567995j,0.031372
0.806846+0.003272j,0.234646+2.045305j,-0.318840-1.568259j,0.034509
0.807471+0.003572j,0.234459+2.045130j,-0.318997-1.568523j,0.037647
0.808096+0.003873j,0.234272+2.044955j,-0.319156-1.568786j,0.040785
0.808721+0.004174j,0.234086+2.044780j,-0.319314-1.569049j,0.043922
0.809347+0.004476j,0.233899+2.044605j,-0.319472-1.569312j,0.047060
0.809973+0.004778j,0.233713+2.044430j,-0.319630-1.569575j,0.050198
0.810600+0.005080j,0.233527+2.044255j,-0.319789-1.569838j,0.053336
0.811227+0.005383j,0.233341+2.044079j,-0.319947-1.570101j,0.056474
0.811854+0.005687j,0.233155+2.043904j,-0.320106-1.570363j,0.059612
0.812481+0.005991j,0.232970+2.043729j,-0.320265-1.570625j,0.062751
0.813109+0.006295j,0.232784+2.043553j,-0.320424-1.570887j,0.065889
0.813738+0.006600j,0.232599+2.043377j,-0.320583-1.571149j,0.069027
0.814366+0.006905j,0.232414+2.043202j,-0.320742-1.571410j,0.072166
0.814996+0.007211j,0.232228+2.043026j,-0.320901-1.571672j,0.075304
0.815625+0.007518j,0.232044+2.042850j,-0.321060-1.571933j,0.078443
0.816255+0.007824j,0.231859+2.042674j,-0.321220-1.572194j,0.081581
0.816885+0.008132j,0.231674+2.042498j,-0.321379-1.572455j,0.084720
0.817516+0.008439j,0.231490+2.042322j,-0.321539-1.572715j,0.087859
0.818147+0.008747j,0.231305+2.042146j,-0.321699-1.572976j,0.090998
0.818778+0.009056j,0.231121+2.041970j,-0.321858-1.573236j,0.094137
0.819410+0.009365j,0.230937+2.041793j,-0.322018-1.573496j,0.097276
0.820042+0.009675j,0.230753+2.041617j,-0.322178-1.573756j,0.100415
0.820675+0.009985j,0.230569+2.041441j,-0.322339-1.574016j,0.103554
0.821307+0.010295j,0.230386+2.041264j,-0.322499-1.574275j,0.106693
0.821941+0.010606j,0.230202+2.041087j,-0.322659-1.574535j,0.109832
0.822574+0.010918j,0.230019+2.040911j,-0.322820-1.574794j,0.112971
0.823208+0.011230j,0.229836+2.040734j,-0.322980-1.575053j,0.116111
0.823843+0.011542j,0.229652+2.040557j,-0.323141-1.575312j,0.119250
0.824477+0.011855j,0.229470+2.040380j,-0.323302-1.575570j,0.122390
0.825113+0.012168j,0.229287+2.040203j,-0.323463-1.575829j,0.125529
0.825748+0.012482j,0.229104+2.040026j,-0.323624-1.576087j,0.128669
0.826384+0.012797j,0.228922+2.039848j,-0.323785-1.576345j,0.131809
0.827020+0.013112j,0.228739+2.039671j,-0.323946-1.576603j,0.134948
0.827657+0.013427j,0.228557+2.039494j,-0.324107-1.576860j,0.138088
0.828294+0.013743j,0.228375+2.039316j,-0.324269-1.577118j,0.141228
0.828931+0.014059j,0.228193+2.039139j,-0.324430-1.577375j,0.144368
0.829569+0.014376j,0.228011+2.038961j,-0.324592-1.577632j,0.147508
0.830207+0.014693j,0.227830+2.038783j,-0.324754-1.577889j,0.150648
0.830846+0.015011j,0.227648+2.038605j,-0.324916-1.578146j,0.153788
0.831485+0.015329j,0.227467+2.038427j,-0.325078-1.578403j,0.156929
0.832124+0.015647j,0.227286+2.038249j,-0.325240-1.578659j,0.160069
0.832764+0.015967j,0.227105+2.038071j,-0.325402-1.578915j,0.163209
0.833404+0.016286j,0.226924+2.037893j,-0.325564-1.579171j,0.166350
0.834044+0.016606j,0.226743+2.037715j,-0.325727-1.579427j,0.169490
0.834685+0.016927j,0.226563+2.037536j,-0.325889-1.579683j,0.172631
0.835326+0.017248j,0.226382+2.037358j,-0.326052-1.579938j,0.175771
0.835968+0.017570j,0.226202+2.037179j,-0.326214-1.580194j,0.178912
0.836610+0.017892j,0.226022+2.037001j,-0.326377-1.580449j,0.182053
0.837252+0.018214j,0.225842+2.036822j,-0.326540-1.580704j,0.185193
0.837895+0.018537j,0.225662+2.036643j,-0.326703-1.580959j,0.188334
0.838538+0.018861j,0.225482+2.036464j,-0.326866-1.581213j,0.191475
0.839181+0.019185j,0.225303+2.036285j,-0.327030-1.581468j,0.194616
0.839825+0.019509j,0.225124+2.036106j,-0.327193-1.581722j,0.197757
0.840469+0.019834j,0.224944+2.035927j,-0.327356-1.581976j,0.200898
0.841114+0.020160j,0.224765+2.035748j,-0.327520-1.582230j,0.204039
0.841759+0.020486j,0.224586+2.035568j,-0.327684-1.582484j,0.207181
0.842404+0.020812j,0.224407+2.035389j,-0.327847-1.582737j,0.210322
0.843050+0.021139j,0.224229+2.035210j,-0.328011-1.582991j,0.213463
0.843696+0.021466j,0.224050+2.035030j,-0.328175-1.583244j,0.216605
0.844343+0.021794j,0.223872+2.034850j,-0.328340-1.583497j,0.219746
0.844989+0.022123j,0.223694+2.034670j,-0.328504-1.583750j,0.222888
0.845637+0.022452j,0.223516+2.034491j,-0.328668-1.584002j,0.226029
0.846284+0.022781j,0.223338+2.034311j,-0.328832-1.584255j,0.229171
0.846932+0.023111j,0.223160+2.034131j,-0.328997-1.584507j,0.232313
0.847581+0.023441j,0.222982+2.033950j,-0.329162-1.584759j,0.235454
0.848230+0.023772j,0.222805+2.033770j,-0.329326-1.585011j,0.238596
0.848879+0.024104j,0.222628+2.033590j,-0.329491-1.585263j,0.241738
0.849528+0.024436j,0.222450+2.033409j,-0.329656-1.585515j,0.244880
0.850178+0.024768j,0.222273+2.033229j,-0.329821-1.585766j,0.248022
0.850828+0.025101j,0.222097+2.033048j,-0.329987-1.586017j,0.251164
0.851479+0.025434j,0.221920+2.032868j,-0.330152-1.586269j,0.254306
0.852130+0.025768j,0.221743+2.032687j,-0.330317-1.586520j,0.257448
0.852782+0.026103j,0.221567+2.032506j,-0.330483-1.586770j,0.260591
0.853433+0.026437j,0.221391+2.032325j,-0.330648-1.587021j,0.263733
0.854086+0.026773j,0.221214+2.032144j,-0.330814-1.587271j,0.266875
0.854738+0.027109j,0.221038+2.031963j,-0.330980-1.587522j,0.270018
0.855391+0.027445j,0.220863+2.031781j,-0.331146-1.587772j,0.273160
0.856045+0.027782j,0.220687+2.031600j,-0.331312-1.588022j,0.276303
0.856698+0.028119j,0.220511+2.031419j,-0.331478-1.588271j,0.279445
0.857353+0.028457j,0.220336+2.031237j,-0.331644-1.588521j,0.282588
0.858007+0.028796j,0.220161+2.031055j,-0.331811-1.588770j,0.285731
0.858662+0.029135j,0.219986+2.030874j,-0.331977-1.589020j,0.288873
0.859317+0.029474j,0.219811+2.030692j,-0.332144-1.589269j,0.292016
0.859973+0.029814j,0.219636+2.030510j,-0.332311-1.589517j,0.295159
0.860629+0.030154j,0.219461+2.030328j,-0.332477-1.589766j,0.298302
0.861285+0.030495j,0.219287+2.030146j,-0.332644-1.590015j,0.301445
0.861942+0.030837j,0.219113+2.029964j,-0.332811-1.590263j,0.304588
0.862599+0.031179j,0.218938+2.029781j,-0.332979-1.590511j,0.307731
0.863257+0.031521j,0.218764+2.029599j,-0.333146-1.590759j,0.310874
0.863915+0.031864j,0.218591+2.029416j,-0.333313-1.591007j,0.314017
0.864573+0.032207j,0.218417+2.029234j,-0.333481-1.591255j,0.317160
0.865232+0.032551j,0.218243+2.029051j,-0.333648-1.591503j,0.320304
0.865891+0.032896j,0.218070+2.028868j,-0.333816-1.591750j,0.323447
0.866551+0.033241j,0.217897+2.028686j,-0.333984-1.591997j,0.326591
0.867210+0.033586j,0.217723+2.028503j,-0.334152-1.592244j,0.329734
0.867871+0.033932j,0.217551+2.028320j,-0.334320-1.592491j,0.332878
0.868531+0.034279j,0.217378+2.028136j,-0.334488-1.592738j,0.336021
0.869192+0.034626j,0.217205+2.027953j,-0.334656-1.592984j,0.339165
0.869854+0.034973j,0.217033+2.027770j,-0.334824-1.593231j,0.342308
0.870516+0.035322j,0.216860+2.027586j,-0.334993-1.593477j,0.345452
0.871178+0.035670j,0.216688+2.027403j,-0.335161-1.593723j,0.348596
0.871840+0.036019j,0.216516+2.027219j,-0.335330-1.593969j,0.351740
0.872503+0.036369j,0.216344+2.027035j,-0.335499-1.594215j,0.354884
0.873167+0.036719j,0.216172+2.026851j,-0.335667-1.594460j,0.358027
0.873830+0.037070j,0.216001+2.026668j,-0.335836-1.594706j,0.361171
0.874494+0.037421j,0.215829+2.026483j,-0.336006-1.594951j,0.364316
0.875159+0.037772j,0.215658+2.026299j,-0.336175-1.595196j,0.367460
0.875824+0.038125j,0.215487+2.026115j,-0.336344-1.595441j,0.370604
0.876489+0.038477j,0.215316+2.025931j,-0.336513-1.595686j,0.373748
0.877155+0.038831j,0.215145+2.025746j,-0.336683-1.595930j,0.376892
0.877821+0.039184j,0.214974+2.025562j,-0.336853-1.596175j,0.380036
0.878487+0.039539j,0.214804+2.025377j,-0.337022-1.596419j,0.383181
0.879154+0.039893j,0.214633+2.025192j,-0.337192-1.596663j,0.386325
0.879821+0.040249j,0.214463+2.025007j,-0.337362-1.596907j,0.389470
0.880489+0.040604j,0.214293+2.024823j,-0.337532-1.597151j,0.392614
0.881157+0.040961j,0.214123+2.024637j,-0.337702-1.597394j,0.395759
0.881825+0.041318j,0.213953+2.024452j,-0.337873-1.597638j,0.398903
0.882494+0.041675j,0.213784+2.024267j,-0.338043-1.597881j,0.402048
0.883163+0.042033j,0.213614+2.024082j,-0.338214-1.598124j,0.405193
0.883833+0.042391j,0.213445+2.023896j,-0.338384-1.598367j,0.408337
0.884503+0.042750j,0.213276+2.023711j,-0.338555-1.598610j,0.411482
0.885173+0.043110j,0.213107+2.023525j,-0.338726-1.598853j,0.414627
0.885844+0.043470j,0.212938+2.023339j,-0.338897-1.599095j,0.417772
0.886515+0.043830j,0.212769+2.023153j,-0.339068-1.599338j,0.420917
0.887186+0.044192j,0.212601+2.022967j,-0.339239-1.599580j,0.424062
0.887858+0.044553j,0.212432+2.022781j,-0.339410-1.599822j,0.427207
0.888530+0.044915j,0.212264+2.022595j,-0.339582-1.600064j,0.430352
0.889203+0.045278j,0.212096+2.022409j,-0.339753-1.600305j,0.433497
0.889876+0.045641j,0.211928+2.022223j,-0.339925-1.600547j,0.436642
0.890549+0.046005j,0.211760+2.022036j,-0.340096-1.600788j,0.439787
0.891223+0.046369j,0.211593+2.021849j,-0.340268-1.601030j,0.442933
0.891897+0.046734j,0.211425+2.021663j,-0.340440-1.601271j,0.446078
0.892572+0.047099j,0.211258+2.021476j,-0.340612-1.601512j,0.449223
0.893247+0.047465j,0.211091+2.021289j,-0.340784-1.601753j,0.452369
0.893922+0.047831j,0.210924+2.021102j,-0.340956-1.601993j,0.455514
0.894598+0.048198j,0.210757+2.020915j,-0.341129-1.602234j,0.458660
0.895274+0.048566j,0.210590+2.020728j,-0.341301-1.602474j,0.461805
0.895950+0.048934j,0.210424+2.020540j,-0.341474-1.602714j,0.464951
0.896627+0.049302j,0.210257+2.020353j,-0.341647-1.602954j,0.468096
0.897304+0.049671j,0.210091+2.020165j,-0.341819-1.603194j,0.471242
0.897982+0.050041j,0.209925+2.019978j,-0.341992-1.603434j,0.474388
0.898660+0.050411j,0.209759+2.019790j,-0.342165-1.603673j,0.477534
0.899339+0.050782j,0.209593+2.019602j,-0.342338-1.603913j,0.480679
0.900018+0.051153j,0.209428+2.019414j,-0.342512-1.604152j,0.483825
0.900697+0.051525j,0.209262+2.019226j,-0.342685-1.604391j,0.486971
0.901376+0.051897j,0.209097+2.019038j,-0.342858-1.604630j,0.490117
0.902056+0.052270j,0.208932+2.018850j,-0.343032-1.604869j,0.493263
0.902737+0.052643j,0.208767+2.018661j,-0.343206-1.605107j,0.496409
0.903418+0.053017j,0.208602+2.018473j,-0.343379-1.605346j,0.499555
0.904099+0.053391j,0.208437+2.018284j,-0.343553-1.605584j,0.502701
0.904780+0.053766j,0.208273+2.018095j,-0.343727-1.605822j,0.505847
0.905462+0.054142j,0.208108+2.017907j,-0.343901-1.606060j,0.508994
0.906145+0.054518j,0.207944+2.017718j,-0.344076-1.606298j,0.512140
0.906827+0.054895j,0.207780+2.017529j,-0.344250-1.606536j,0.515286
0.907510+0.055272j,0.207616+2.017339j,-0.344424-1.606773j,0.518433
0.908194+0.055650j,0.207452+2.017150j,-0.344599-1.607011j,0.521579
0.908878+0.056028j,0.207289+2.016961j,-0.344773-1.607248j,0.524725
0.909562+0.056407j,0.207125+2.016771j,-0.344948-1.607485j,0.527872
0.910247+0.056786j,0.206962+2.016582j,-0.345123-1.607722j,0.531018
0.910932+0.057166j,0.206799+2.016392j,-0.345298-1.607959j,0.534165
0.911617+0.057546j,0.206636+2.016202j,-0.345473-1.608195j,0.537311
0.912303+0.057927j,0.206473+2.016012j,-0.345648-1.608432j,0.540458
0.912990+0.058309j,0.206311+2.015822j,-0.345824-1.608668j,0.543605
0.913676+0.058691j,0.206148+2.015632j,-0.345999-1.608904j,0.546751
0.914363+0.059073j,0.205986+2.015442j,-0.346175-1.609141j,0.549898
0.915051+0.059457j,0.205824+2.015251j,-0.346350-1.609376j,0.553045
0.915739+0.059840j,0.205661+2.015061j,-0.346526-1.609612j,0.556192
0.916427+0.060225j,0.205500+2.014870j,-0.346702-1.609848j,0.559339
0.917115+0.060609j,0.205338+2.014680j,-0.346878-1.610083j,0.562486
0.917804+0.060995j,0.205176+2.014489j,-0.347054-1.610319j,0.565633
0.918494+0.061381j,0.205015+2.014298j,-0.347230-1.610554j,0.568780
0.919184+0.061767j,0.204854+2.014107j,-0.347406-1.610789j,0.571927
0.919874+0.062154j,0.204693+2.013916j,-0.347583-1.611024j,0.575074
0.920564+0.062542j,0.204532+2.013724j,-0.347759-1.611258j,0.578221
0.921255+0.062930j,0.204371+2.013533j,-0.347936-1.611493j,0.581368
0.921947+0.063319j,0.204210+2.013341j,-0.348113-1.611727j,0.584515
0.922638+0.063708j,0.204050+2.013150j,-0.348289-1.611962j,0.587662
0.923331+0.064098j,0.203890+2.012958j,-0.348466-1.612196j,0.590810
0.924023+0.064488j,0.203729+2.012766j,-0.348643-1.612430j,0.593957
0.924716+0.064879j,0.203569+2.012574j,-0.348820-1.612664j,0.597104
0.925409+0.065271j,0.203410+2.012382j,-0.348998-1.612897j,0.600252
0.926103+0.065663j,0.203250+2.012190j,-0.349175-1.613131j,0.603399
0.926797+0.066055j,0.203091+2.011998j,-0.349353-1.613364j,0.606546
0.927492+0.066449j,0.202931+2.011805j,-0.349530-1.613598j,0.609694
0.928187+0.066842j,0.202772+2.011613j,-0.349708-1.613831j,0.612841
0.928882+0.067237j,0.202613+2.011420j,-0.349886-1.614064j,0.615989
0.929578+0.067631j,0.202454+2.011227j,-0.350064-1.614297j,0.619137
0.930274+0.068027j,0.202295+2.011034j,-0.350242-1.614529j,0.622284
0.930970+0.068423j,0.202137+2.010841j,-0.350420-1.614762j,0.625432
0.931667+0.068819j,0.201978+2.010648j,-0.350598-1.614994j,0.628580
0.932364+0.069217j,0.201820+2.010455j,-0.350776-1.615227j,0.631727
0.933062+0.069614j,0.201662+2.010262j,-0.350955-1.615459j,0.634875
0.933760+0.070012j,0.201504+2.010068j,-0.351134-1.615691j,0.638023
0.934458+0.070411j,0.201346+2.009875j,-0.351312-1.615923j,0.641171
0.935157+0.070811j,0.201189+2.009681j,-0.351491-1.616154j,0.644319
0.935856+0.071211j,0.201031+2.009487j,-0.351670-1.616386j,0.647467
0.936556+0.071611j,0.200874+2.009293j,-0.351849-1.616617j,0.650614
0.937256+0.072012j,0.200717+2.009099j,-0.352028-1.616849j,0.653762
0.937957+0.072414j,0.200560+2.008905j,-0.352207-1.617080j,0.656910
0.938657+0.072816j,0.200403+2.008710j,-0.352387-1.617311j,0.660059
0.939359+0.073219j,0.200247+2.008516j,-0.352566-1.617542j,0.663207
0.940060+0.073622j,0.200090+2.008321j,-0.352746-1.617773j,0.666355
0.940762+0.074026j,0.199934+2.008127j,-0.352925-1.618003j,0.669503
0.941465+0.074431j,0.199778+2.007932j,-0.353105-1.618234j,0.672651
0.942167+0.074836j,0.199622+2.007737j,-0.353285-1.618464j,0.675799
0.942871+0.075241j,0.199466+2.007542j,-0.353465-1.618694j,0.678948
0.943574+0.075648j,0.199310+2.007347j,-0.353645-1.618924j,0.682096
0.944278+0.076055j,0.199155+2.007152j,-0.353825-1.619154j,0.685244
0.944982+0.076462j,0.198999+2.006956j,-0.354006-1.619384j,0.688392
0.945687+0.076870j,0.198844+2.006761j,-0.354186-1.619613j,0.691541
0.946392+0.077278j,0.198689+2.006565j,-0.354367-1.619843j,0.694689
0.947098+0.077688j,0.198534+2.006369j,-0.354547-1.620072j,0.697838
0.947804+0.078097j,0.198379+2.006173j,-0.354728-1.620301j,0.700986
0.948510+0.078507j,0.198225+2.005977j,-0.354909-1.620530j,0.704135
0.949217+0.078918j,0.198070+2.005781j,-0.355090-1.620759j,0.707283
0.949924+0.079330j,0.197916+2.005585j,-0.355271-1.620988j,0.710432
0.950632+0.079742j,0.197762+2.005389j,-0.355452-1.621217j,0.713580
0.951340+0.080154j,0.197608+2.005192j,-0.355634-1.621445j,0.716729
0.952048+0.080568j,0.197454+2.004995j,-0.355815-1.621674j,0.719878
0.952757+0.080981j,0.197301+2.004799j,-0.355997-1.621902j,0.723026
0.953466+0.081396j,0.197147+2.004602j,-0.356178-1.622130j,0.726175
0.954175+0.081811j,0.196994+2.004405j,-0.356360-1.622358j,0.729324
0.954885+0.082226j,0.196841+2.004208j,-0.356542-1.622586j,0.732473
0.955596+0.082642j,0.196688+2.004010j,-0.356724-1.622814j,0.735621
0.956306+0.083059j,0.196535+2.003813j,-0.356906-1.623041j,0.738770
0.957017+0.083476j,0.196383+2.003616j,-0.357088-1.623269j,0.741919
0.957729+0.083894j,0.196230+2.003418j,-0.357271-1.623496j,0.745068
0.958441+0.084312j,0.196078+2.003220j,-0.357453-1.623723j,0.748217
0.959153+0.084731j,0.195926+2.003022j,-0.357635-1.623950j,0.751366
0.959866+0.085151j,0.195774+2.002824j,-0.357818-1.624177j,0.754515
0.960579+0.085571j,0.195622+2.002626j,-0.358001-1.624404j,0.757664
0.961293+0.085992j,0.195470+2.002428j,-0.358184-1.624630j,0.760813
0.962006+0.086413j,0.195319+2.002229j,-0.358367-1.624857j,0.763962
0.962721+0.086835j,0.195168+2.002031j,-0.358550-1.625083j,0.767111
0.963435+0.087258j,0.195016+2.001832j,-0.358733-1.625310j,0.770260
0.964151+0.087681j,0.194865+2.001633j,-0.358916-1.625536j,0.773409
0.964866+0.088105j,0.194714+2.001435j,-0.359100-1.625762j,0.776559
0.965582+0.088529j,0.194564+2.001236j,-0.359283-1.625988j,0.779708
0.966298+0.088954j,0.194413+2.001036j,-0.359467-1.626213j,0.782857
0.967015+0.089379j,0.194263+2.000837j,-0.359650-1.626439j,0.786006
0.967732+0.089806j,0.194113+2.000638j,-0.359834-1.626664j,0.789156
0.968450+0.090232j,0.193963+2.000438j,-0.360018-1.626890j,0.792305
0.969167+0.090660j,0.193813+2.000238j,-0.360202-1.627115j,0.795454
0.969886+0.091087j,0.193663+2.000039j,-0.360386-1.627340j,0.798604
0.970604+0.091516j,0.193514+1.999839j,-0.360571-1.627565j,0.801753
0.971323+0.091945j,0.193364+1.999639j,-0.360755-1.627790j,0.804902
0.972043+0.092375j,0.193215+1.999438j,-0.360940-1.628014j,0.808052
0.972763+0.092805j,0.193066+1.999238j,-0.361124-1.628239j,0.811201
0.973483+0.093236j,0.192917+1.999038j,-0.361309-1.628463j,0.814351
0.974204+0.093667j,0.192768+1.998837j,-0.361494-1.628687j,0.817500
0.974925+0.094099j,0.192620+1.998636j,-0.361679-1.628912j,0.820650
0.975646+0.094532j,0.192471+1.998435j,-0.361864-1.629136j,0.823800
0.976368+0.094965j,0.192323+1.998234j,-0.362049-1.629360j,0.826949
0.977091+0.095399j,0.192175+1.998033j,-0.362234-1.629583j,0.830099
0.977813+0.095834j,0.192027+1.997832j,-0.362419-1.629807j,0.833248
0.978536+0.096269j,0.191879+1.997631j,-0.362605-1.630030j,0.836398
0.979260+0.096705j,0.191732+1.997429j,-0.362790-1.630254j,0.839548
0.979984+0.097141j,0.191584+1.997227j,-0.362976-1.630477j,0.842697
0.980708+0.097578j,0.191437+1.997026j,-0.363162-1.630700j,0.845847
0.981433+0.098015j,0.191290+1.996824j,-0.363348-1.630923j,0.848997
0.982158+0.098453j,0.191143+1.996622j,-0.363534-1.631146j,0.852147
0.982883+0.098892j,0.190996+1.996419j,-0.363720-1.631369j,0.855296
0.983609+0.099332j,0.190850+1.996217j,-0.363906-1.631591j,0.858446
0.984335+0.099772j,0.190703+1.996015j,-0.364093-1.631814j,0.861596
0.985062+0.100212j,0.190557+1.995812j,-0.364279-1.632036j,0.864746
0.985789+0.100653j,0.190411+1.995609j,-0.364466-1.632258j,0.867896
0.986517+0.101095j,0.190265+1.995406j,-0.364652-1.632481j,0.871046
0.987245+0.101537j,0.190119+1.995203j,-0.364839-1.632703j,0.874196
0.987973+0.101980j,0.189974+1.995000j,-0.365026-1.632924j,0.877346
0.988702+0.102424j,0.189828+1.994797j,-0.365213-1.633146j,0.880496
0.989431+0.102868j,0.189683+1.994593j,-0.365400-1.633368j,0.883646
0.990160+0.103313j,0.189538+1.994390j,-0.365587-1.633589j,0.886796
0.990890+0.103759j,0.189393+1.994186j,-0.365775-1.633811j,0.889946
0.991620+0.104205j,0.189248+1.993982j,-0.365962-1.634032j,0.893096
0.992351+0.104651j,0.189104+1.993778j,-0.366150-1.634253j,0.896246
0.993082+0.105099j,0.188959+1.993574j,-0.366337-1.634474j,0.899396
0.993814+0.105547j,0.188815+1.993370j,-0.366525-1.634695j,0.902546
0.994546+0.105995j,0.188671+1.993166j,-0.366713-1.634916j,0.905696
0.995278+0.106444j,0.188527+1.992961j,-0.366901-1.635136j,0.908846
0.996011+0.106894j,0.188383+1.992756j,-0.367089-1.635357j,0.911997
0.996744+0.107344j,0.188239+1.992552j,-0.367277-1.635577j,0.915147
0.997477+0.107795j,0.188096+1.992347j,-0.367465-1.635797j,0.918297
0.998211+0.108247j,0.187953+1.992142j,-0.367654-1.636017j,0.921447
0.998946+0.108699j,0.187809+1.991936j,-0.367842-1.636237j,0.924597
0.999680+0.109152j,0.187666+1.991731j,-0.368031-1.636457j,0.927748
1.000416+0.109606j,0.187524+1.991525j,-0.368220-1.636677j,0.930898
1.001151+0.110060j,0.187381+1.991320j,-0.368409-1.636897j,0.934048
1.001887+0.110515j,0.187239+1.991114j,-0.368598-1.637116j,0.937199
1.002623+0.110970j,0.187096+1.990908j,-0.368787-1.637336j,0.940349
1.003360+0.111426j,0.186954+1.990702j,-0.368976-1.637555j,0.943499
1.004097+0.111883j,0.186812+1.990496j,-0.369165-1.637774j,0.946650
1.004835+0.112340j,0.186670+1.990289j,-0.369355-1.637993j,0.949800
1.005573+0.112798j,0.186529+1.990083j,-0.369544-1.638212j,0.952950
1.006311+0.113256j,0.186387+1.989876j,-0.369734-1.638431j,0.956101
1.007050+0.113715j,0.186246+1.989669j,-0.369923-1.638649j,0.959251
1.007789+0.114175j,0.186105+1.989463j,-0.370113-1.638868j,0.962402
1.008529+0.114635j,0.185964+1.989255j,-0.370303-1.639086j,0.965552
1.009269+0.115096j,0.185823+1.989048j,-0.370493-1.639305j,0.968703
1.010009+0.115558j,0.185683+1.988841j,-0.370683-1.639523j,0.971853
1.010750+0.116020j,0.185542+1.988633j,-0.370874-1.639741j,0.975004
1.011491+0.116483j,0.185402+1.988426j,-0.371064-1.639959j,0.978154
1.012233+0.116947j,0.185262+1.988218j,-0.371254-1.640177j,0.981305
1.012975+0.117411j,0.185122+1.988010j,-0.371445-1.640395j,0.984455
1.013717+0.117876j,0.184982+1.987802j,-0.371636-1.640612j,0.987606
1.014460+0.118341j,0.184842+1.987594j,-0.371827-1.640830j,0.990757
1.015203+0.118807j,0.184703+1.987385j,-0.372017-1.641047j,0.993907
1.015947+0.119274j,0.184564+1.987177j,-0.372209-1.641264j,0.997058
1.016691+0.119741j,0.184424+1.986968j,-0.372400-1.641481j,1.000208
1.017435+0.120209j,0.184285+1.986759j,-0.372591-1.641698j,1.003359
1.018180+0.120678j,0.184147+1.986550j,-0.372782-1.641915j,1.006510
1.018925+0.121147j,0.184008+1.986341j,-0.372974-1.642132j,1.009660
1.019671+0.121617j,0.183870+1.986132j,-0.373165-1.642349j,1.012811
1.020417+0.122088j,0.183731+1.985922j,-0.373357-1.642565j,1.015962
1.021163+0.122559j,0.183593+1.985713j,-0.373549-1.642782j,1.019112
1.021910+0.123031j,0.183455+1.985503j,-0.373741-1.642998j,1.022263
1.022657+0.123503j,0.183318+1.985293j,-0.373933-1.643214j,1.025414
1.023405+0.123976j,0.183180+1.985083j,-0.374125-1.643430j,1.028565
1.024153+0.124450j,0.183042+1.984873j,-0.374317-1.643646j,1.031715
1.024901+0.124924j,0.182905+1.984663j,-0.374509-1.643862j,1.034866
1.025650+0.125399j,0.182768+1.984452j,-0.374702-1.644078j,1.038017
1.026400+0.125875j,0.182631+1.984242j,-0.374894-1.644294j,1.041168
1.027149+0.126351j,0.182494+1.984031j,-0.375087-1.644509j,1.044319
1.027899+0.126828j,0.182358+1.983820j,-0.375280-1.644724j,1.047469
1.028650+0.127306j,0.182221+1.983609j,-0.375473-1.644940j,1.050620
1.029401+0.127784j,0.182085+1.983398j,-0.375666-1.645155j,1.053771
1.030152+0.128263j,0.181949+1.983186j,-0.375859-1.645370j,1.056922
1.030904+0.128743j,0.181813+1.982975j,-0.376052-1.645585j,1.060073
1.031656+0.129223j,0.181677+1.982763j,-0.376245-1.645800j,1.063224
1.032409+0.129704j,0.181542+1.982551j,-0.376439-1.646014j,1.066375
1.033161+0.130185j,0.181406+1.982339j,-0.376632-1.646229j,1.069526
1.033915+0.130668j,0.181271+1.982127j,-0.376826-1.646444j,1.072676
1.034669+0.131150j,0.181136+1.981915j,-0.377019-1.646658j,1.075827
1.035423+0.131634j,0.181001+1.981702j,-0.377213-1.646872j,1.078978
1.036177+0.132118j,0.180866+1.981490j,-0.377407-1.647086j,1.082129
1.036932+0.132603j,0.180732+1.981277j,-0.377601-1.647300j,1.085280
1.037688+0.133088j,0.180598+1.981064j,-0.377795-1.647514j,1.088431
1.038443+0.133574j,0.180463+1.980851j,-0.377990-1.647728j,1.091582
1.039200+0.134061j,0.180329+1.980638j,-0.378184-1.647942j,1.094733
1.039956+0.134548j,0.180195+1.980424j,-0.378379-1.648155j,1.097884
1.040713+0.135036j,0.180062+1.980211j,-0.378573-1.648369j,1.101035
1.041471+0.135525j,0.179928+1.979997j,-0.378768-1.648582j,1.104186
1.042228+0.136015j,0.179795+1.979783j,-0.378963-1.648795j,1.107337
1.042987+0.136505j,0.179662+1.979569j,-0.379158-1.649009j,1.110488
1.043745+0.136995j,0.179528+1.979355j,-0.379353-1.649222j,1.113639
1.044504+0.137487j,0.179396+1.979141j,-0.379548-1.649435j,1.116790
1.045264+0.137979j,0.179263+1.978926j,-0.379743-1.649647j,1.119941
1.046024+0.138471j,0.179130+1.978712j,-0.379938-1.649860j,1.123092
1.046784+0.138965j,0.178998+1.978497j,-0.380134-1.650073j,1.126243
1.047545+0.139459j,0.178866+1.978282j,-0.380329-1.650285j,1.129394
1.048306+0.139953j,0.178734+1.978067j,-0.380525-1.650498j,1.132545
1.049067+0.140449j,0.178602+1.977852j,-0.380721-1.650710j,1.135696
1.049829+0.140945j,0.178470+1.977636j,-0.380917-1.650922j,1.138847
1.050591+0.141441j,0.178339+1.977421j,-0.381113-1.651134j,1.141998
1.051354+0.141939j,0.178208+1.977205j,-0.381309-1.651346j,1.145149
1.052117+0.142437j,0.178076+1.976989j,-0.381505-1.651558j,1.148300
1.052881+0.142935j,0.177945+1.976773j,-0.381701-1.651770j,1.151452
1.053645+0.143435j,0.177815+1.976557j,-0.381898-1.651981j,1.154603
1.054409+0.143935j,0.177684+1.976340j,-0.382094-1.652193j,1.157754
1.055174+0.144435j,0.177554+1.976124j,-0.382291-1.652404j,1.160905
1.055939+0.144937j,0.177423+1.975907j,-0.382488-1.652615j,1.164056
1.056705+0.145439j,0.177293+1.975690j,-0.382685-1.652827j,1.167207
1.057470+0.145941j,0.177163+1.975473j,-0.382882-1.653038j,1.170358
1.058237+0.146445j,0.177033+1.975256j,-0.383079-1.653249j,1.173509
1.059004+0.146949j,0.176904+1.975039j,-0.383276-1.653459j,1.176660
1.059771+0.147453j,0.176774+1.974821j,-0.383473-1.653670j,1.179811
1.060538+0.147959j,0.176645+1.974603j,-0.383671-1.653881j,1.182963
1.061307+0.148465j,0.176516+1.974385j,-0.383868-1.654091j,1.186114
1.062075+0.148972j,0.176387+1.974167j,-0.384066-1.654302j,1.189265
1.062844+0.149479j,0.176258+1.973949j,-0.384263-1.654512j,1.192416
1.063613+0.149987j,0.176130+1.973731j,-0.384461-1.654722j,1.195567
1.064383+0.150496j,0.176001+1.973512j,-0.384659-1.654933j,1.198718
1.065153+0.151005j,0.175873+1.973294j,-0.384857-1.655143j,1.201869
1.065923+0.151515j,0.175745+1.973075j,-0.385055-1.655352j,1.205021
1.066694+0.152026j,0.175617+1.972856j,-0.385254-1.655562j,1.208172
1.067465+0.152538j,0.175489+1.972637j,-0.385452-1.655772j,1.211323
1.068237+0.153050j,0.175362+1.972417j,-0.385651-1.655982j,1.214474
1.069009+0.153563j,0.175235+1.972198j,-0.385849-1.656191j,1.217625
1.069782+0.154076j,0.175107+1.971978j,-0.386048-1.656400j,1.220776
1.070555+0.154590j,0.174980+1.971758j,-0.386247-1.656610j,1.223927
1.071328+0.155105j,0.174854+1.971538j,-0.386446-1.656819j,1.227078
1.072102+0.155621j,0.174727+1.971318j,-0.386645-1.657028j,1.230230
1.072876+0.156137j,0.174600+1.971098j,-0.386844-1.657237j,1.233381
1.073651+0.156654j,0.174474+1.970877j,-0.387043-1.657446j,1.236532
1.074426+0.157172j,0.174348+1.970657j,-0.387242-1.657655j,1.239683
1.075201+0.157690j,0.174222+1.970436j,-0.387442-1.657863j,1.242834
1.075977+0.158209j,0.174096+1.970215j,-0.387641-1.658072j,1.245985
1.076753+0.158729j,0.173970+1.969994j,-0.387841-1.658280j,1.249136
1.077530+0.159249j,0.173845+1.969772j,-0.388041-1.658489j,1.252288
1.078307+0.159770j,0.173720+1.969551j,-0.388240-1.658697j,1.255439
1.079084+0.160292j,0.173595+1.969329j,-0.388440-1.658905j,1.258590
1.079862+0.160814j,0.173470+1.969107j,-0.388641-1.659113j,1.261741
1.080640+0.161338j,0.173345+1.968885j,-0.388841-1.659321j,1.264892
1.081419+0.161861j,0.173220+1.968663j,-0.389041-1.659529j,1.268043
1.082198+0.162386j,0.173096+1.968440j,-0.389241-1.659737j,1.271194
1.082977+0.162911j,0.172972+1.968218j,-0.389442-1.659944j,1.274346
1.083757+0.163437j,0.172848+1.967995j,-0.389642-1.660152j,1.277497
1.084538+0.163964j,0.172724+1.967772j,-0.389843-1.660359j,1.280648
1.085318+0.164491j,0.172600+1.967549j,-0.390044-1.660567j,1.283799
1.086100+0.165019j,0.172476+1.967326j,-0.390245-1.660774j,1.286950
1.086881+0.165548j,0.172353+1.967102j,-0.390446-1.660981j,1.290101
1.087663+0.166077j,0.172230+1.966879j,-0.390647-1.661188j,1.293252
1.088445+0.166607j,0.172107+1.966655j,-0.390848-1.661395j,1.296403
1.089228+0.167138j,0.171984+1.966431j,-0.391050-1.661602j,1.299554
1.090011+0.167670j,0.171861+1.966207j,-0.391251-1.661809j,1.302705
1.090795+0.168202j,0.171739+1.965983j,-0.391453-1.662015j,1.305857
1.091579+0.168735j,0.171616+1.965758j,-0.391654-1.662222j,1.309008
1.092363+0.169268j,0.171494+1.965534j,-0.391856-1.662428j,1.312159
1.093148+0.169803j,0.171372+1.965309j,-0.392058-1.662635j,1.315310
1.093934+0.170338j,0.171250+1.965084j,-0.392260-1.662841j,1.318461
1.094719+0.170873j,0.171129+1.964859j,-0.392462-1.663047j,1.321612
1.095505+0.171410j,0.171007+1.964633j,-0.392664-1.663253j,1.324763
1.096292+0.171947j,0.170886+1.964408j,-0.392867-1.663459j,1.327914
1.097079+0.172485j,0.170765+1.964182j,-0.393069-1.663665j,1.331065
1.097866+0.173023j,0.170644+1.963956j,-0.393272-1.663871j,1.334216
1.098654+0.173563j,0.170523+1.963730j,-0.393474-1.664076j,1.337367
1.099442+0.174103j,0.170403+1.963504j,-0.393677-1.664282j,1.340518
1.100230+0.174643j,0.170282+1.963277j,-0.393880-1.664487j,1.343669
1.101019+0.175185j,0.170162+1.963051j,-0.394083-1.664693j,1.346820
1.101809+0.175727j,0.170042+1.962824j,-0.394286-1.664898j,1.349971
1.102599+0.176270j,0.169922+1.962597j,-0.394489-1.665103j,1.353122
1.103389+0.176813j,0.169803+1.962370j,-0.394692-1.665308j,1.356273
1.104179+0.177357j,0.169683+1.962142j,-0.394896-1.665513j,1.359424
1.104970+0.177902j,0.169564+1.961915j,-0.395099-1.665718j,1.362575
1.105762+0.178448j,0.169445+1.961687j,-0.395303-1.665923j,1.365726
1.106554+0.178994j,0.169326+1.961459j,-0.395507-1.666127j,1.368877
1.107346+0.179542j,0.169207+1.961231j,-0.395710-1.666332j,1.372028
1.108139+0.180089j,0.169088+1.961003j,-0.395914-1.666537j,1.375179
1.108932+0.180638j,0.168970+1.960775j,-0.396118-1.666741j,1.378330
1.109725+0.181187j,0.168851+1.960546j,-0.396322-1.666945j,1.381481
1.110519+0.181737j,0.168733+1.960317j,-0.396527-1.667149j,1.384632
1.111314+0.182288j,0.168615+1.960088j,-0.396731-1.667354j,1.387783
1.112108+0.182839j,0.168498+1.959859j,-0.396935-1.667558j,1.390933
1.112903+0.183391j,0.168380+1.959630j,-0.397140-1.667762j,1.394084
1.113699+0.183944j,0.168263+1.959400j,-0.397345-1.667965j,1.397235
1.114495+0.184498j,0.168145+1.959170j,-0.397549-1.668169j,1.400386
1.115291+0.185052j,0.168028+1.958941j,-0.397754-1.668373j,1.403537
1.116088+0.185607j,0.167911+1.958710j,-0.397959-1.668576j,1.406688
1.116885+0.186163j,0.167795+1.958480j,-0.398164-1.668780j,1.409839
1.117683+0.186719j,0.167678+1.958250j,-0.398369-1.668983j,1.412989
1.118481+0.187277j,0.167562+1.958019j,-0.398575-1.669186j,1.416140
1.119280+0.187834j,0.167446+1.957788j,-0.398780-1.669390j,1.419291
1.120078+0.188393j,0.167330+1.957557j,-0.398986-1.669593j,1.422442
1.120878+0.188952j,0.167214+1.957326j,-0.399191-1.669796j,1.425592
1.121677+0.189513j,0.167098+1.957095j,-0.399397-1.669999j,1.428743
1.122477+0.190073j,0.166983+1.956863j,-0.399603-1.670201j,1.431894
1.123278+0.190635j,0.166868+1.956631j,-0.399809-1.670404j,1.435045
1.124079+0.191197j,0.166752+1.956399j,-0.400015-1.670607j,1.438195
1.124880+0.191760j,0.166638+1.956167j,-0.400221-1.670809j,1.441346
1.125682+0.192324j,0.166523+1.955935j,-0.400427-1.671012j,1.444497
1.126484+0.192889j,0.166408+1.955702j,-0.400633-1.671214j,1.447647
1.127287+0.193454j,0.166294+1.955469j,-0.400840-1.671416j,1.450798
1.128090+0.194020j,0.166180+1.955237j,-0.401046-1.671618j,1.453949
1.128893+0.194587j,0.166066+1.955003j,-0.401253-1.671821j,1.457099
1.129697+0.195154j,0.165952+1.954770j,-0.401460-1.672022j,1.460250
1.130501+0.195722j,0.165838+1.954537j,-0.401667-1.672224j,1.463401
1.131306+0.196291j,0.165725+1.954303j,-0.401874-1.672426j,1.466551
1.132111+0.196861j,0.165611+1.954069j,-0.402081-1.672628j,1.469702
1.132917+0.197431j,0.165498+1.953835j,-0.402288-1.672830j,1.472852
1.133723+0.198002j,0.165385+1.953601j,-0.402495-1.673031j,1.476003
1.134529+0.198574j,0.165272+1.953366j,-0.402702-1.673232j,1.479153
1.135336+0.199147j,0.165160+1.953132j,-0.402910-1.673434j,1.482304
1.136143+0.199720j,0.165047+1.952897j,-0.403118-1.673635j,1.485454
1.136950+0.200294j,0.164935+1.952662j,-0.403325-1.673836j,1.488605
1.137758+0.200869j,0.164823+1.952427j,-0.403533-1.674037j,1.491755
1.138567+0.201445j,0.164711+1.952191j,-0.403741-1.674238j,1.494906
1.139375+0.202021j,0.164599+1.951955j,-0.403949-1.674439j,1.498056
1.140185+0.202598j,0.164488+1.951720j,-0.404157-1.674640j,1.501207
1.140994+0.203176j,0.164377+1.951484j,-0.404365-1.674841j,1.504357
1.141804+0.203754j,0.164265+1.951247j,-0.404574-1.675041j,1.507508
1.142615+0.204334j,0.164154+1.951011j,-0.404782-1.675242j,1.510658
1.143426+0.204914j,0.164044+1.950774j,-0.404991-1.675442j,1.513808
1.144237+0.205495j,0.163933+1.950538j,-0.405199-1.675643j,1.516959
1.145049+0.206076j,0.163822+1.950301j,-0.405408-1.675843j,1.520109
1.145861+0.206658j,0.163712+1.950063j,-0.405617-1.676043j,1.523259
1.146673+0.207241j,0.163602+1.949826j,-0.405826-1.676243j,1.526409
1.147486+0.207825j,0.163492+1.949588j,-0.406035-1.676443j,1.529560
1.148300+0.208410j,0.163382+1.949351j,-0.406244-1.676643j,1.532710
1.149114+0.208995j,0.163273+1.949113j,-0.406453-1.676843j,1.535860
1.149928+0.209581j,0.163164+1.948874j,-0.406663-1.677043j,1.539010
1.150742+0.210168j,0.163054+1.948636j,-0.406872-1.677242j,1.542161
1.151557+0.210756j,0.162945+1.948397j,-0.407082-1.677442j,1.545311
1.152373+0.211344j,0.162836+1.948159j,-0.407291-1.677642j,1.548461
1.153189+0.211933j,0.162728+1.947920j,-0.407501-1.677841j,1.551611
1.154005+0.212523j,0.162619+1.947680j,-0.407711-1.678040j,1.554761
1.154822+0.213114j,0.162511+1.947441j,-0.407921-1.678240j,1.557911
1.155639+0.213705j,0.162403+1.947201j,-0.408131-1.678439j,1.561061
1.156456+0.214297j,0.162295+1.946961j,-0.408341-1.678638j,1.564211
1.157274+0.214890j,0.162187+1.946721j,-0.408552-1.678837j,1.567361
1.158093+0.215484j,0.162080+1.946481j,-0.408762-1.679036j,1.570511
1.158912+0.216078j,0.161972+1.946241j,-0.408973-1.679234j,1.573661
1.159731+0.216673j,0.161865+1.946000j,-0.409183-1.679433j,1.576811
1.160550+0.217269j,0.161758+1.945759j,-0.409394-1.679632j,1.579961
1.161370+0.217866j,0.161651+1.945518j,-0.409605-1.679830j,1.583111
1.162191+0.218463j,0.161544+1.945277j,-0.409816-1.680029j,1.586261
1.163012+0.219062j,0.161438+1.945036j,-0.410027-1.680227j,1.589411
1.163833+0.219661j,0.161332+1.944794j,-0.410238-1.680425j,1.592561
1.164655+0.220260j,0.161226+1.944552j,-0.410449-1.680624j,1.595710
1.165477+0.220861j,0.161120+1.944310j,-0.410661-1.680822j,1.598860
1.166299+0.221462j,0.161014+1.944068j,-0.410872-1.681020j,1.602010
1.167122+0.222064j,0.160908+1.943825j,-0.411084-1.681218j,1.605160
1.167946+0.222667j,0.160803+1.943582j,-0.411295-1.681416j,1.608309
1.168769+0.223271j,0.160698+1.943339j,-0.411507-1.681613j,1.611459
1.169593+0.223875j,0.160593+1.943096j,-0.411719-1.681811j,1.614609
1.170418+0.224480j,0.160488+1.942853j,-0.411931-1.682009j,1.617758
1.171243+0.225086j,0.160383+1.942609j,-0.412143-1.682206j,1.620908
1.172069+0.225693j,0.160278+1.942366j,-0.412355-1.682404j,1.624058
1.172894+0.226301j,0.160174+1.942122j,-0.412567-1.682601j,1.627207
1.173721+0.226909j,0.160070+1.941878j,-0.412780-1.682798j,1.630357
1.174547+0.227518j,0.159966+1.941633j,-0.412992-1.682996j,1.633506
1.175374+0.228128j,0.159862+1.941389j,-0.413205-1.683193j,1.636656
1.176202+0.228738j,0.159759+1.941144j,-0.413417-1.683390j,1.639805
1.177030+0.229350j,0.159655+1.940899j,-0.413630-1.683587j,1.642955
1.177858+0.229962j,0.159552+1.940654j,-0.413843-1.683784j,1.646104
1.178687+0.230575j,0.159449+1.940408j,-0.414056-1.683980j,1.649254
1.179516+0.231189j,0.159346+1.940162j,-0.414269-1.684177j,1.652403
1.180346+0.231803j,0.159243+1.939917j,-0.414483-1.684374j,1.655552
1.181176+0.232418j,0.159141+1.939670j,-0.414696-1.684570j,1.658702
1.182006+0.233034j,0.159039+1.939424j,-0.414909-1.684767j,1.661851
1.182837+0.233651j,0.158937+1.939178j,-0.415123-1.684963j,1.665000
1.183668+0.234269j,0.158835+1.938931j,-0.415336-1.685160j,1.668149
1.184500+0.234887j,0.158733+1.938684j,-0.415550-1.685356j,1.671299
1.185332+0.235507j,0.158631+1.938437j,-0.415764-1.685552j,1.674448
1.186165+0.236127j,0.158530+1.938189j,-0.415978-1.685748j,1.677597
1.186998+0.236747j,0.158429+1.937942j,-0.416192-1.685944j,1.680746
1.187831+0.237369j,0.158328+1.937694j,-0.416406-1.686140j,1.683895
1.188665+0.237991j,0.158227+1.937446j,-0.416620-1.686336j,1.687044
1.189499+0.238614j,0.158126+1.937198j,-0.416835-1.686531j,1.690193
1.190333+0.239238j,0.158026+1.936949j,-0.417049-1.686727j,1.693342
1.191169+0.239863j,0.157925+1.936701j,-0.417264-1.686923j,1.696491
1.192004+0.240489j,0.157825+1.936452j,-0.417478-1.687118j,1.699640
1.192840+0.241115j,0.157725+1.936203j,-0.417693-1.687314j,1.702789
1.193676+0.241742j,0.157625+1.935953j,-0.417908-1.687509j,1.705938
1.194513+0.242370j,0.157526+1.935704j,-0.418123-1.687704j,1.709087
1.195350+0.242999j,0.157426+1.935454j,-0.418338-1.687899j,1.712236
1.196187+0.243628j,0.157327+1.935204j,-0.418553-1.688095j,1.715384
1.197025+0.244259j,0.157228+1.934954j,-0.418768-1.688290j,1.718533
1.197864+0.244890j,0.157129+1.934703j,-0.418984-1.688485j,1.721682
1.198702+0.245522j,0.157031+1.934452j,-0.419199-1.688679j,1.724831
1.199542+0.246154j,0.156932+1.934201j,-0.419415-1.688874j,1.727979
1.200381+0.246788j,0.156834+1.933950j,-0.419630-1.689069j,1.731128
1.201221+0.247422j,0.156736+1.933699j,-0.419846-1.689264j,1.734277
1.202062+0.248057j,0.156638+1.933447j,-0.420062-1.689458j,1.737425
1.202903+0.248693j,0.156540+1.933196j,-0.420278-1.689653j,1.740574
1.203744+0.249330j,0.156443+1.932944j,-0.420494-1.689847j,1.743722
1.204586+0.249967j,0.156345+1.932691j,-0.420710-1.690041j,1.746871
1.205428+0.250606j,0.156248+1.932439j,-0.420926-1.690236j,1.750019
1.206270+0.251245j,0.156151+1.932186j,-0.421143-1.690430j,1.753167
1.207113+0.251885j,0.156054+1.931933j,-0.421359-1.690624j,1.756316
1.207957+0.252525j,0.155958+1.931680j,-0.421576-1.690818j,1.759464
1.208800+0.253167j,0.155861+1.931427j,-0.421793-1.691012j,1.762612
1.209645+0.253809j,0.155765+1.931173j,-0.422009-1.691206j,1.765761
1.210489+0.254453j,0.155669+1.930919j,-0.422226-1.691400j,1.768909
1.211334+0.255097j,0.155573+1.930665j,-0.422443-1.691593j,1.772057
1.212180+0.255741j,0.155477+1.930411j,-0.422660-1.691787j,1.775205
1.213026+0.256387j,0.155382+1.930156j,-0.422878-1.691981j,1.778353
1.213872+0.257033j,0.155286+1.929902j,-0.423095-1.692174j,1.781502
1.214719+0.257681j,0.155191+1.929647j,-0.423312-1.692368j,1.784650
1.215566+0.258329j,0.155096+1.929391j,-0.423530-1.692561j,1.787798
1.216413+0.258977j,0.155002+1.929136j,-0.423747-1.692754j,1.790946
1.217261+0.259627j,0.154907+1.928880j,-0.423965-1.692947j,1.794094
1.218110+0.260278j,0.154812+1.928624j,-0.424183-1.693140j,1.797241
1.218958+0.260929j,0.154718+1.928368j,-0.424401-1.693333j,1.800389
1.219808+0.261581j,0.154624+1.928112j,-0.424619-1.693526j,1.803537
1.220657+0.262234j,0.154530+1.927855j,-0.424837-1.693719j,1.806685
1.221507+0.262888j,0.154437+1.927598j,-0.425055-1.693912j,1.809833
1.222358+0.263542j,0.154343+1.927341j,-0.425273-1.694105j,1.812980
1.223209+0.264198j,0.154250+1.927084j,-0.425492-1.694298j,1.816128
1.224060+0.264854j,0.154157+1.926827j,-0.425710-1.694490j,1.819276
1.224912+0.265511j,0.154064+1.926569j,-0.425929-1.694683j,1.822423
1.225764+0.266169j,0.153971+1.926311j,-0.426148-1.694875j,1.825571
1.226616+0.266828j,0.153879+1.926053j,-0.426367-1.695068j,1.828719
1.227469+0.267487j,0.153786+1.925794j,-0.426585-1.695260j,1.831866
1.228323+0.268148j,0.153694+1.925535j,-0.426804-1.695452j,1.835013
1.229177+0.268809j,0.153602+1.925276j,-0.427024-1.695644j,1.838161
1.230031+0.269471j,0.153510+1.925017j,-0.427243-1.695836j,1.841308
1.230886+0.270134j,0.153419+1.924758j,-0.427462-1.696028j,1.844456
1.231741+0.270797j,0.153327+1.924498j,-0.427682-1.696220j,1.847603
1.232596+0.271462j,0.153236+1.924238j,-0.427901-1.696412j,1.850750
1.233452+0.272127j,0.153145+1.923978j,-0.428121-1.696604j,1.853897
1.234308+0.272793j,0.153054+1.923718j,-0.428340-1.696796j,1.857045
1.235165+0.273460j,0.152963+1.923457j,-0.428560-1.696987j,1.860192
1.236022+0.274128j,0.152873+1.923196j,-0.428780-1.697179j,1.863339
1.236880+0.274797j,0.152782+1.922935j,-0.429000-1.697370j,1.866486
1.237738+0.275466j,0.152692+1.922674j,-0.429220-1.697562j,1.869633
1.238596+0.276136j,0.152602+1.922412j,-0.429441-1.697753j,1.872780
1.239455+0.276808j,0.152512+1.922150j,-0.429661-1.697945j,1.875927
1.240314+0.277480j,0.152423+1.921888j,-0.429881-1.698136j,1.879074
1.241174+0.278153j,0.152333+1.921626j,-0.430102-1.698327j,1.882220
1.242034+0.278826j,0.152244+1.921363j,-0.430322-1.698518j,1.885367
1.242895+0.279501j,0.152155+1.921100j,-0.430543-1.698709j,1.888514
1.243756+0.280176j,0.152066+1.920837j,-0.430764-1.698900j,1.891661
1.244617+0.280852j,0.151978+1.920574j,-0.430985-1.699091j,1.894807
1.245479+0.281529j,0.151889+1.920311j,-0.431206-1.699282j,1.897954
1.246341+0.282207j,0.151801+1.920047j,-0.431427-1.699472j,1.901101
1.247204+0.282886j,0.151713+1.919783j,-0.431648-1.699663j,1.904247
1.248067+0.283566j,0.151625+1.919518j,-0.431870-1.699854j,1.907394
1.248930+0.284246j,0.151537+1.919254j,-0.432091-1.700044j,1.910540
1.249794+0.284927j,0.151450+1.918989j,-0.432313-1.700235j,1.913687
1.250658+0.285609j,0.151362+1.918724j,-0.432534-1.700425j,1.916833
1.251523+0.286292j,0.151275+1.918459j,-0.432756-1.700615j,1.919979
1.252388+0.286976j,0.151188+1.918193j,-0.432978-1.700805j,1.923125
1.253254+0.287661j,0.151102+1.917928j,-0.433200-1.700996j,1.926272
1.254120+0.288346j,0.151015+1.917662j,-0.433422-1.701186j,1.929418
1.254986+0.289033j,0.150929+1.917395j,-0.433644-1.701376j,1.932564
1.255853+0.289720j,0.150842+1.917129j,-0.433866-1.701566j,1.935710
1.256720+0.290408j,0.150756+1.916862j,-0.434088-1.701756j,1.938856
1.257588+0.291097j,0.150670+1.916595j,-0.434311-1.701945j,1.942002
1.258456+0.291787j,0.150585+1.916328j,-0.434533-1.702135j,1.945148
1.259324+0.292477j,0.150499+1.916060j,-0.434756-1.702325j,1.948294
1.260193+0.293169j,0.150414+1.915792j,-0.434979-1.702514j,1.951440
1.261062+0.293861j,0.150329+1.915524j,-0.435202-1.702704j,1.954586
1.261932+0.294554j,0.150244+1.915256j,-0.435425-1.702893j,1.957731
1.262802+0.295248j,0.150159+1.914988j,-0.435648-1.703083j,1.960877
1.263673+0.295943j,0.150075+1.914719j,-0.435871-1.703272j,1.964023
1.264544+0.296639j,0.149991+1.914450j,-0.436094-1.703462j,1.967168
1.265415+0.297336j,0.149906+1.914180j,-0.436317-1.703651j,1.970314
1.266287+0.298033j,0.149822+1.913911j,-0.436541-1.703840j,1.973459
1.267159+0.298732j,0.149739+1.913641j,-0.436764-1.704029j,1.976605
1.268032+0.299431j,0.149655+1.913371j,-0.436988-1.704218j,1.979750
1.268905+0.300131j,0.149572+1.913101j,-0.437211-1.704407j,1.982896
1.269778+0.300832j,0.149488+1.912830j,-0.437435-1.704596j,1.986041
1.270652+0.301534j,0.149405+1.912559j,-0.437659-1.704785j,1.989186
1.271527+0.302236j,0.149323+1.912288j,-0.437883-1.704973j,1.992332
1.272401+0.302940j,0.149240+1.912017j,-0.438107-1.705162j,1.995477
1.273277+0.303644j,0.149158+1.911745j,-0.438332-1.705351j,1.998622
1.274152+0.304350j,0.149075+1.911473j,-0.438556-1.705539j,2.001767
1.275028+0.305056j,0.148993+1.911201j,-0.438780-1.705728j,2.004912
1.275905+0.305763j,0.148911+1.910929j,-0.439005-1.705916j,2.008057
1.276781+0.306471j,0.148830+1.910656j,-0.439229-1.706104j,2.011202
1.277659+0.307180j,0.148748+1.910383j,-0.439454-1.706293j,2.014347
1.278536+0.307889j,0.148667+1.910110j,-0.439679-1.706481j,2.017491
1.279415+0.308600j,0.148586+1.909836j,-0.439904-1.706669j,2.020636
1.280293+0.309311j,0.148505+1.909563j,-0.440129-1.706857j,2.023781
1.281172+0.310024j,0.148424+1.909289j,-0.440354-1.707045j,2.026926
1.282051+0.310737j,0.148344+1.909014j,-0.440579-1.707233j,2.030070
1.282931+0.311451j,0.148263+1.908740j,-0.440804-1.707421j,2.033215
1.283811+0.312166j,0.148183+1.908465j,-0.441030-1.707609j,2.036359
1.284692+0.312881j,0.148103+1.908190j,-0.441255-1.707797j,2.039504
1.285573+0.313598j,0.148023+1.907915j,-0.441481-1.707984j,2.042648
1.286454+0.314316j,0.147944+1.907639j,-0.441707-1.708172j,2.045792
1.287336+0.315034j,0.147864+1.907363j,-0.441932-1.708359j,2.048937
1.288219+0.315753j,0.147785+1.907087j,-0.442158-1.708547j,2.052081
1.289101+0.316474j,0.147706+1.906811j,-0.442384-1.708734j,2.055225
1.289985+0.317195j,0.147627+1.906534j,-0.442610-1.708922j,2.058369
1.290868+0.317917j,0.147548+1.906257j,-0.442836-1.709109j,2.061513
1.291752+0.318640j,0.147470+1.905980j,-0.443063-1.709296j,2.064657
1.292636+0.319363j,0.147392+1.905703j,-0.443289-1.709484j,2.067801
1.293521+0.320088j,0.147314+1.905425j,-0.443516-1.709671j,2.070945
1.294406+0.320813j,0.147236+1.905147j,-0.443742-1.709858j,2.074089
1.295292+0.321540j,0.147158+1.904869j,-0.443969-1.710045j,2.077232
1.296178+0.322267j,0.147080+1.904590j,-0.444196-1.710232j,2.080376
1.297065+0.322995j,0.147003+1.904311j,-0.444422-1.710419j,2.083520
1.297952+0.323724j,0.146926+1.904032j,-0.444649-1.710605j,2.086663
1.298839+0.324454j,0.146849+1.903753j,-0.444876-1.710792j,2.089807
1.299727+0.325185j,0.146772+1.903473j,-0.445104-1.710979j,2.092950
1.300615+0.325917j,0.146696+1.903194j,-0.445331-1.711165j,2.096094
1.301503+0.326650j,0.146619+1.902913j,-0.445558-1.711352j,2.099237
1.302392+0.327383j,0.146543+1.902633j,-0.445786-1.711538j,2.102381
1.303282+0.328118j,0.146467+1.902352j,-0.446013-1.711725j,2.105524
1.304172+0.328853j,0.146391+1.902071j,-0.446241-1.711911j,2.108667
1.305062+0.329589j,0.146316+1.901790j,-0.446469-1.712098j,2.111810
1.305953+0.330327j,0.146240+1.901508j,-0.446696-1.712284j,2.114953
1.306844+0.331065j,0.146165+1.901226j,-0.446924-1.712470j,2.118096
1.307735+0.331804j,0.146090+1.900944j,-0.447152-1.712656j,2.121239
1.308627+0.332543j,0.146015+1.900662j,-0.447380-1.712842j,2.124382
1.309519+0.333284j,0.145941+1.900379j,-0.447609-1.713028j,2.127525
1.310412+0.334026j,0.145866+1.900096j,-0.447837-1.713214j,2.130668
1.311305+0.334768j,0.145792+1.899813j,-0.448065-1.713400j,2.133810
1.312199+0.335512j,0.145718+1.899530j,-0.448294-1.713586j,2.136953
1.313093+0.336256j,0.145644+1.899246j,-0.448523-1.713772j,2.140096
1.313987+0.337002j,0.145570+1.898962j,-0.448751-1.713957j,2.143238
1.314882+0.337748j,0.145497+1.898677j,-0.448980-1.714143j,2.146381
1.315778+0.338495j,0.145423+1.898393j,-0.449209-1.714328j,2.149523
1.316673+0.339243j,0.145350+1.898108j,-0.449438-1.714514j,2.152665
1.317569+0.339992j,0.145277+1.897823j,-0.449667-1.714699j,2.155808
1.318466+0.340742j,0.145205+1.897537j,-0.449896-1.714885j,2.158950
1.319363+0.341492j,0.145132+1.897251j,-0.450126-1.715070j,2.162092
1.320260+0.342244j,0.145060+1.896965j,-0.450355-1.715255j,2.165234
1.321158+0.342997j,0.144988+1.896679j,-0.450584-1.715441j,2.168376
1.322056+0.343750j,0.144916+1.896392j,-0.450814-1.715626j,2.171518
1.322955+0.344504j,0.144844+1.896105j,-0.451044-1.715811j,2.174660
1.323854+0.345260j,0.144772+1.895818j,-0.451273-1.715996j,2.177802
1.324753+0.346016j,0.144701+1.895531j,-0.451503-1.716181j,2.180943
1.325653+0.346773j,0.144630+1.895243j,-0.451733-1.716366j,2.184085
1.326554+0.347531j,0.144559+1.894955j,-0.451963-1.716551j,2.187227
1.327454+0.348290j,0.144488+1.894667j,-0.452193-1.716736j,2.190368
1.328356+0.349050j,0.144417+1.894378j,-0.452424-1.716920j,2.193510
1.329257+0.349811j,0.144347+1.894089j,-0.452654-1.717105j,2.196651
1.330159+0.350573j,0.144277+1.893800j,-0.452884-1.717290j,2.199793
1.331062+0.351335j,0.144206+1.893510j,-0.453115-1.717474j,2.202934
1.331964+0.352099j,0.144137+1.893220j,-0.453346-1.717659j,2.206075
1.332868+0.352864j,0.144067+1.892930j,-0.453576-1.717843j,2.209216
1.333771+0.353629j,0.143997+1.892640j,-0.453807-1.718028j,2.212358
1.334675+0.354395j,0.143928+1.892349j,-0.454038-1.718212j,2.215499
1.335580+0.355163j,0.143859+1.892058j,-0.454269-1.718396j,2.218640
1.336485+0.355931j,0.143790+1.891767j,-0.454500-1.718580j,2.221780
1.337390+0.356700j,0.143722+1.891475j,-0.454731-1.718765j,2.224921
1.338296+0.357470j,0.143653+1.891183j,-0.454963-1.718949j,2.228062
1.339202+0.358241j,0.143585+1.890891j,-0.455194-1.719133j,2.231203
1.340109+0.359013j,0.143517+1.890599j,-0.455426-1.719317j,2.234343
1.341016+0.359786j,0.143449+1.890306j,-0.455657-1.719501j,2.237484
1.341923+0.360560j,0.143381+1.890013j,-0.455889-1.719684j,2.240624
1.342831+0.361335j,0.143313+1.889720j,-0.456121-1.719868j,2.243765
1.343739+0.362111j,0.143246+1.889426j,-0.456353-1.720052j,2.246905
1.344648+0.362887j,0.143179+1.889132j,-0.456585-1.720236j,2.250045
1.345557+0.363665j,0.143112+1.888838j,-0.456817-1.720419j,2.253186
1.346466+0.364443j,0.143045+1.888543j,-0.457049-1.720603j,2.256326
1.347376+0.365223j,0.142979+1.888248j,-0.457281-1.720787j,2.259466
1.348287+0.366003j,0.142912+1.887953j,-0.457513-1.720970j,2.262606
1.349197+0.366785j,0.142846+1.887658j,-0.457746-1.721154j,2.265746
1.350109+0.367567j,0.142780+1.887362j,-0.457978-1.721337j,2.268886
1.351020+0.368350j,0.142714+1.887066j,-0.458211-1.721520j,2.272025
1.351932+0.369134j,0.142649+1.886770j,-0.458444-1.721703j,2.275165
1.352845+0.369919j,0.142583+1.886473j,-0.458677-1.721887j,2.278305
1.353757+0.370705j,0.142518+1.886176j,-0.458910-1.722070j,2.281444
1.354671+0.371492j,0.142453+1.885879j,-0.459143-1.722253j,2.284584
1.355584+0.372280j,0.142388+1.885581j,-0.459376-1.722436j,2.287723
1.356499+0.373069j,0.142324+1.885283j,-0.459609-1.722619j,2.290863
1.357413+0.373859j,0.142259+1.884985j,-0.459842-1.722802j,2.294002
1.358328+0.374650j,0.142195+1.884686j,-0.460076-1.722985j,2.297141
1.359243+0.375442j,0.142131+1.884388j,-0.460309-1.723168j,2.300280
1.360159+0.376234j,0.142067+1.884089j,-0.460543-1.723350j,2.303419
1.361075+0.377028j,0.142003+1.883789j,-0.460776-1.723533j,2.306558
1.361992+0.377823j,0.141940+1.883489j,-0.461010-1.723716j,2.309697
1.362909+0.378618j,0.141877+1.883189j,-0.461244-1.723898j,2.312836
1.363827+0.379415j,0.141814+1.882889j,-0.461478-1.724081j,2.315975
1.364744+0.380212j,0.141751+1.882588j,-0.461712-1.724263j,2.319113
1.365663+0.381011j,0.141688+1.882287j,-0.461946-1.724446j,2.322252
1.366581+0.381810j,0.141625+1.881986j,-0.462180-1.724628j,2.325390
1.367501+0.382610j,0.141563+1.881684j,-0.462415-1.724811j,2.328529
1.368420+0.383412j,0.141501+1.881382j,-0.462649-1.724993j,2.331667
1.369340+0.384214j,0.141439+1.881080j,-0.462884-1.725175j,2.334805
1.370260+0.385017j,0.141377+1.880778j,-0.463118-1.725357j,2.337944
1.371181+0.385821j,0.141316+1.880475j,-0.463353-1.725539j,2.341082
1.372102+0.386627j,0.141255+1.880172j,-0.463588-1.725721j,2.344220
1.373024+0.387433j,0.141193+1.879868j,-0.463823-1.725903j,2.347358
1.373946+0.388240j,0.141133+1.879564j,-0.464058-1.726085j,2.350496
1.374869+0.389048j,0.141072+1.879260j,-0.464293-1.726267j,2.353634
1.375791+0.389857j,0.141011+1.878956j,-0.464528-1.726449j,2.356771
1.376715+0.390667j,0.140951+1.878651j,-0.464763-1.726631j,2.359909
1.377638+0.391478j,0.140891+1.878346j,-0.464999-1.726813j,2.363047
1.378563+0.392290j,0.140831+1.878040j,-0.465234-1.726994j,2.366184
1.379487+0.393103j,0.140771+1.877735j,-0.465470-1.727176j,2.369321
1.380412+0.393917j,0.140711+1.877429j,-0.465705-1.727358j,2.372459
1.381338+0.394731j,0.140652+1.877122j,-0.465941-1.727539j,2.375596
1.382263+0.395547j,0.140593+1.876815j,-0.466177-1.727721j,2.378733
1.383190+0.396364j,0.140534+1.876508j,-0.466413-1.727902j,2.381870
1.384116+0.397182j,0.140475+1.876201j,-0.466649-1.728084j,2.385007
1.385043+0.398001j,0.140417+1.875893j,-0.466885-1.728265j,2.388144
1.385971+0.398820j,0.140358+1.875585j,-0.467121-1.728446j,2.391281
1.386899+0.399641j,0.140300+1.875277j,-0.467358-1.728627j,2.394418
1.387827+0.400463j,0.140242+1.874968j,-0.467594-1.728809j,2.397555
1.388756+0.401285j,0.140184+1.874659j,-0.467830-1.728990j,2.400691
1.389685+0.402109j,0.140127+1.874350j,-0.468067-1.729171j,2.403828
1.390614+0.402934j,0.140069+1.874040j,-0.468304-1.729352j,2.406964
1.391544+0.403759j,0.140012+1.873731j,-0.468540-1.729533j,2.410101
1.392475+0.404586j,0.139955+1.873420j,-0.468777-1.729714j,2.413237
1.393405+0.405413j,0.139898+1.873110j,-0.469014-1.729895j,2.416373
1.394337+0.406242j,0.139841+1.872799j,-0.469251-1.730075j,2.419509
1.395268+0.407071j,0.139785+1.872487j,-0.469488-1.730256j,2.422645
1.396200+0.407902j,0.139729+1.872176j,-0.469726-1.730437j,2.425781
1.397133+0.408734j,0.139673+1.871864j,-0.469963-1.730618j,2.428917
1.398066+0.409566j,0.139617+1.871552j,-0.470200-1.730798j,2.432053
1.398999+0.410400j,0.139561+1.871239j,-0.470438-1.730979j,2.435188
1.399933+0.411234j,0.139506+1.870926j,-0.470676-1.731159j,2.438324
1.400867+0.412070j,0.139450+1.870613j,-0.470913-1.731340j,2.441459
1.401802+0.412906j,0.139395+1.870299j,-0.471151-1.731520j,2.444595
1.402736+0.413743j,0.139341+1.869985j,-0.471389-1.731701j,2.447730
1.403672+0.414582j,0.139286+1.869671j,-0.471627-1.731881j,2.450865
1.404608+0.415421j,0.139231+1.869356j,-0.471865-1.732061j,2.454001
1.405544+0.416262j,0.139177+1.869041j,-0.472103-1.732242j,2.457136
1.406481+0.417103j,0.139123+1.868726j,-0.472341-1.732422j,2.460271
1.407418+0.417946j,0.139069+1.868410j,-0.472580-1.732602j,2.463406
1.408355+0.418789j,0.139016+1.868094j,-0.472818-1.732782j,2.466540
1.409293+0.419634j,0.138962+1.867778j,-0.473057-1.732962j,2.469675
1.410231+0.420479j,0.138909+1.867461j,-0.473295-1.733142j,2.472810
1.411170+0.421326j,0.138856+1.867144j,-0.473534-1.733322j,2.475944
1.412109+0.422173j,0.138803+1.866827j,-0.473773-1.733502j,2.479079
1.413049+0.423021j,0.138750+1.866509j,-0.474012-1.733682j,2.482213
1.413989+0.423871j,0.138698+1.866191j,-0.474251-1.733861j,2.485347
1.414929+0.424721j,0.138645+1.865873j,-0.474490-1.734041j,2.488482
1.415870+0.425573j,0.138593+1.865554j,-0.474729-1.734221j,2.491616
1.416811+0.426425j,0.138541+1.865235j,-0.474968-1.734400j,2.494750
1.417753+0.427279j,0.138490+1.864916j,-0.475208-1.734580j,2.497884
1.418695+0.428133j,0.138438+1.864596j,-0.475447-1.734760j,2.501017
1.419637+0.428989j,0.138387+1.864276j,-0.475687-1.734939j,2.504151
1.420580+0.429845j,0.138336+1.863956j,-0.475926-1.735119j,2.507285
1.421523+0.430703j,0.138285+1.863635j,-0.476166-1.735298j,2.510418
1.422467+0.431561j,0.138234+1.863314j,-0.476406-1.735477j,2.513552
1.423411+0.432421j,0.138183+1.862992j,-0.476646-1.735657j,2.516685
1.424356+0.433282j,0.138133+1.862670j,-0.476886-1.735836j,2.519818
1.425301+0.434143j,0.138083+1.862348j,-0.477126-1.736015j,2.522952
1.426246+0.435006j,0.138033+1.862026j,-0.477366-1.736194j,2.526085
1.427192+0.435869j,0.137983+1.861703j,-0.477606-1.736374j,2.529218
1.428138+0.436734j,0.137934+1.861379j,-0.477846-1.736553j,2.532350
1.429085+0.437600j,0.137884+1.861056j,-0.478087-1.736732j,2.535483
1.430032+0.438466j,0.137835+1.860732j,-0.478327-1.736911j,2.538616
1.430979+0.439334j,0.137786+1.860408j,-0.478568-1.737090j,2.541749
1.431927+0.440203j,0.137738+1.860083j,-0.478809-1.737268j,2.544881
1.432875+0.441073j,0.137689+1.859758j,-0.479050-1.737447j,2.548013
1.433824+0.441943j,0.137641+1.859432j,-0.479290-1.737626j,2.551146
1.434773+0.442815j,0.137593+1.859107j,-0.479531-1.737805j,2.554278
1.435722+0.443688j,0.137545+1.858781j,-0.479773-1.737984j,2.557410
1.436672+0.444562j,0.137497+1.858454j,-0.480014-1.738162j,2.560542
1.437623+0.445437j,0.137449+1.858127j,-0.480255-1.738341j,2.563674
1.438573+0.446313j,0.137402+1.857800j,-0.480496-1.738519j,2.566806
1.439525+0.447190j,0.137355+1.857473j,-0.480738-1.738698j,2.569938
1.440476+0.448068j,0.137308+1.857145j,-0.480979-1.738876j,2.573069
1.441428+0.448947j,0.137261+1.856816j,-0.481221-1.739055j,2.576201
1.442381+0.449827j,0.137214+1.856488j,-0.481463-1.739233j,2.579332
1.443333+0.450708j,0.137168+1.856159j,-0.481704-1.739412j,2.582464
1.444287+0.451590j,0.137122+1.855830j,-0.481946-1.739590j,2.585595
1.445240+0.452473j,0.137076+1.855500j,-0.482188-1.739768j,2.588726
1.446194+0.453357j,0.137030+1.855170j,-0.482430-1.739946j,2.591857
1.447149+0.454242j,0.136985+1.854839j,-0.482673-1.740125j,2.594988
1.448104+0.455129j,0.136939+1.854509j,-0.482915-1.740303j,2.598119
1.449059+0.456016j,0.136894+1.854177j,-0.483157-1.740481j,2.601249
1.450015+0.456904j,0.136849+1.853846j,-0.483400-1.740659j,2.604380
1.450971+0.457794j,0.136804+1.853514j,-0.483642-1.740837j,2.607511
1.451927+0.458684j,0.136760+1.853182j,-0.483885-1.741015j,2.610641
1.452884+0.459576j,0.136715+1.852849j,-0.484128-1.741193j,2.613771
1.453842+0.460468j,0.136671+1.852516j,-0.484370-1.741371j,2.616902
1.454800+0.461362j,0.136627+1.852182j,-0.484613-1.741548j,2.620032
1.455758+0.462256j,0.136583+1.851849j,-0.484856-1.741726j,2.623162
1.456716+0.463152j,0.136540+1.851515j,-0.485099-1.741904j,2.626292
1.457675+0.464049j,0.136496+1.851180j,-0.485342-1.742082j,2.629422
1.458635+0.464946j,0.136453+1.850845j,-0.485586-1.742259j,2.632551
1.459595+0.465845j,0.136410+1.850510j,-0.485829-1.742437j,2.635681
1.460555+0.466745j,0.136367+1.850174j,-0.486072-1.742614j,2.638810
1.461516+0.467646j,0.136325+1.849838j,-0.486316-1.742792j,2.641940
1.462477+0.468548j,0.136283+1.849502j,-0.486560-1.742969j,2.645069
1.463438+0.469451j,0.136240+1.849165j,-0.486803-1.743147j,2.648198
1.464400+0.470355j,0.136198+1.848828j,-0.487047-1.743324j,2.651327
1.465363+0.471260j,0.136157+1.848490j,-0.487291-1.743501j,2.654456
1.466325+0.472166j,0.136115+1.848152j,-0.487535-1.743679j,2.657585
1.467288+0.473074j,0.136074+1.847814j,-0.487779-1.743856j,2.660714
1.468252+0.473982j,0.136032+1.847475j,-0.488023-1.744033j,2.663843
1.469216+0.474891j,0.135991+1.847136j,-0.488267-1.744210j,2.666971
1.470180+0.475802j,0.135951+1.846797j,-0.488512-1.744388j,2.670100
1.471145+0.476713j,0.135910+1.846457j,-0.488756-1.744565j,2.673228
1.472110+0.477626j,0.135870+1.846117j,-0.489000-1.744742j,2.676356
1.473076+0.478539j,0.135829+1.845776j,-0.489245-1.744919j,2.679484
1.474042+0.479454j,0.135789+1.845435j,-0.489490-1.745096j,2.682612
1.475008+0.480370j,0.135750+1.845094j,-0.489734-1.745273j,2.685740
1.475975+0.481287j,0.135710+1.844752j,-0.489979-1.745449j,2.688868
1.476943+0.482204j,0.135671+1.844410j,-0.490224-1.745626j,2.691996
1.477910+0.483123j,0.135632+1.844068j,-0.490469-1.745803j,2.695123
1.478878+0.484043j,0.135593+1.843725j,-0.490714-1.745980j,2.698251
1.479847+0.484964j,0.135554+1.843381j,-0.490960-1.746156j,2.701378
1.480816+0.485887j,0.135515+1.843038j,-0.491205-1.746333j,2.704505
1.481785+0.486810j,0.135477+1.842693j,-0.491450-1.746510j,2.707633
1.482755+0.487734j,0.135439+1.842349j,-0.491696-1.746686j,2.710760
1.483725+0.488660j,0.135401+1.842004j,-0.491941-1.746863j,2.713886
1.484696+0.489586j,0.135363+1.841659j,-0.492187-1.747039j,2.717013
1.485667+0.490514j,0.135325+1.841313j,-0.492433-1.747216j,2.720140
1.486638+0.491442j,0.135288+1.840967j,-0.492678-1.747392j,2.723267
1.487610+0.492372j,0.135251+1.840621j,-0.492924-1.747569j,2.726393
1.488582+0.493303j,0.135214+1.840274j,-0.493170-1.747745j,2.729519
1.489555+0.494234j,0.135177+1.839926j,-0.493416-1.747921j,2.732646
1.490528+0.495167j,0.135140+1.839579j,-0.493663-1.748098j,2.735772
1.491501+0.496101j,0.135104+1.839231j,-0.493909-1.748274j,2.738898
1.492475+0.497036j,0.135068+1.838882j,-0.494155-1.748450j,2.742024
1.493449+0.497973j,0.135032+1.838533j,-0.494402-1.748626j,2.745149
1.494424+0.498910j,0.134996+1.838184j,-0.494648-1.748802j,2.748275
1.495399+0.499848j,0.134960+1.837834j,-0.494895-1.748978j,2.751401
1.496375+0.500788j,0.134925+1.837484j,-0.495141-1.749154j,2.754526
1.497350+0.501728j,0.134890+1.837134j,-0.495388-1.749330j,2.757651
1.498327+0.502670j,0.134855+1.836783j,-0.495635-1.749506j,2.760776
1.499303+0.503613j,0.134820+1.836432j,-0.495882-1.749682j,2.763902
1.500281+0.504556j,0.134785+1.836080j,-0.496129-1.749858j,2.767027
1.501258+0.505501j,0.134751+1.835728j,-0.496376-1.750034j,2.770151
1.502236+0.506447j,0.134717+1.835375j,-0.496624-1.750210j,2.773276
1.503214+0.507394j,0.134683+1.835023j,-0.496871-1.750385j,2.776401
1.504193+0.508343j,0.134649+1.834669j,-0.497118-1.750561j,2.779525
1.505172+0.509292j,0.134616+1.834315j,-0.497366-1.750737j,2.782650
1.506152+0.510242j,0.134582+1.833961j,-0.497613-1.750912j,2.785774
1.507132+0.511194j,0.134549+1.833607j,-0.497861-1.751088j,2.788898
1.508112+0.512146j,0.134516+1.833252j,-0.498109-1.751263j,2.792022
1.509093+0.513100j,0.134483+1.832896j,-0.498356-1.751439j,2.795146
1.510074+0.514055j,0.134451+1.832541j,-0.498604-1.751614j,2.798270
1.511056+0.515010j,0.134418+1.832184j,-0.498852-1.751790j,2.801393
1.512038+0.515967j,0.134386+1.831828j,-0.499101-1.751965j,2.804517
1.513021+0.516926j,0.134354+1.831471j,-0.499349-1.752141j,2.807640
1.514003+0.517885j,0.134322+1.831113j,-0.499597-1.752316j,2.810764
1.514987+0.518845j,0.134291+1.830755j,-0.499845-1.752491j,2.813887
1.515970+0.519806j,0.134260+1.830397j,-0.500094-1.752666j,2.817010
1.516954+0.520769j,0.134228+1.830038j,-0.500342-1.752842j,2.820133
1.517939+0.521733j,0.134197+1.829679j,-0.500591-1.753017j,2.823256
1.518924+0.522697j,0.134167+1.829319j,-0.500840-1.753192j,2.826378
1.519909+0.523663j,0.134136+1.828959j,-0.501088-1.753367j,2.829501
1.520895+0.524630j,0.134106+1.828599j,-0.501337-1.753542j,2.832623
1.521881+0.525598j,0.134076+1.828238j,-0.501586-1.753717j,2.835745
1.522868+0.526567j,0.134046+1.827877j,-0.501835-1.753892j,2.838868
1.523854+0.527538j,0.134016+1.827515j,-0.502084-1.754067j,2.841990
1.524842+0.528509j,0.133986+1.827153j,-0.502334-1.754242j,2.845112
1.525830+0.529482j,0.133957+1.826791j,-0.502583-1.754417j,2.848233
1.526818+0.530455j,0.133928+1.826428j,-0.502832-1.754592j,2.851355
1.527806+0.531430j,0.133899+1.826064j,-0.503082-1.754766j,2.854477
1.528795+0.532406j,0.133870+1.825700j,-0.503331-1.754941j,2.857598
1.529785+0.533383j,0.133842+1.825336j,-0.503581-1.755116j,2.860719
1.530774+0.534361j,0.133813+1.824971j,-0.503831-1.755291j,2.863841
1.531765+0.535340j,0.133785+1.824606j,-0.504081-1.755465j,2.866962
1.532755+0.536321j,0.133757+1.824241j,-0.504330-1.755640j,2.870083
1.533746+0.537302j,0.133730+1.823875j,-0.504580-1.755814j,2.873203
1.534738+0.538285j,0.133702+1.823508j,-0.504830-1.755989j,2.876324
1.535730+0.539269j,0.133675+1.823141j,-0.505081-1.756163j,2.879445
1.536722+0.540254j,0.133648+1.822774j,-0.505331-1.756338j,2.882565
1.537714+0.541240j,0.133621+1.822406j,-0.505581-1.756512j,2.885685
1.538707+0.542227j,0.133594+1.822038j,-0.505832-1.756687j,2.888805
1.539701+0.543215j,0.133568+1.821669j,-0.506082-1.756861j,2.891925
1.540695+0.544204j,0.133541+1.821300j,-0.506333-1.757035j,2.895045
1.541689+0.545195j,0.133515+1.820931j,-0.506583-1.757210j,2.898165
1.542684+0.546187j,0.133489+1.820561j,-0.506834-1.757384j,2.901285
1.543679+0.547179j,0.133463+1.820190j,-0.507085-1.757558j,2.904404
1.544674+0.548173j,0.133438+1.819820j,-0.507336-1.757732j,2.907524
1.545670+0.549169j,0.133413+1.819448j,-0.507587-1.757906j,2.910643
1.546666+0.550165j,0.133388+1.819077j,-0.507838-1.758081j,2.913762
1.547663+0.551162j,0.133363+1.818704j,-0.508089-1.758255j,2.916881
1.548660+0.552161j,0.133338+1.818332j,-0.508341-1.758429j,2.920000
1.549658+0.553160j,0.133314+1.817959j,-0.508592-1.758603j,2.923118
1.550656+0.554161j,0.133289+1.817585j,-0.508843-1.758777j,2.926237
1.551654+0.555163j,0.133265+1.817211j,-0.509095-1.758951j,2.929355
1.552653+0.556166j,0.133241+1.816837j,-0.509346-1.759124j,2.932474
1.553652+0.557170j,0.133218+1.816462j,-0.509598-1.759298j,2.935592
1.554651+0.558176j,0.133194+1.816087j,-0.509850-1.759472j,2.938710
1.555651+0.559182j,0.133171+1.815711j,-0.510102-1.759646j,2.941828
1.556652+0.560190j,0.133148+1.815334j,-0.510354-1.759820j,2.944945
1.557652+0.561199j,0.133125+1.814958j,-0.510606-1.759993j,2.948063
1.558654+0.562209j,0.133102+1.814581j,-0.510858-1.760167j,2.951180
1.559655+0.563220j,0.133080+1.814203j,-0.511110-1.760341j,2.954298
1.560657+0.564232j,0.133058+1.813825j,-0.511362-1.760514j,2.957415
1.561659+0.565246j,0.133035+1.813446j,-0.511615-1.760688j,2.960532
1.562662+0.566260j,0.133014+1.813067j,-0.511867-1.760861j,2.963649
1.563665+0.567276j,0.132992+1.812688j,-0.512120-1.761035j,2.966766
1.564669+0.568293j,0.132970+1.812308j,-0.512372-1.761208j,2.969882
1.565673+0.569311j,0.132949+1.811928j,-0.512625-1.761382j,2.972999
1.566677+0.570330j,0.132928+1.811547j,-0.512878-1.761555j,2.976115
1.567682+0.571351j,0.132907+1.811165j,-0.513131-1.761729j,2.979231
1.568687+0.572372j,0.132887+1.810784j,-0.513384-1.761902j,2.982348
1.569693+0.573395j,0.132866+1.810401j,-0.513637-1.762075j,2.985463
1.570699+0.574419j,0.132846+1.810019j,-0.513890-1.762249j,2.988579
1.571705+0.575444j,0.132826+1.809635j,-0.514143-1.762422j,2.991695
1.572712+0.576470j,0.132806+1.809252j,-0.514396-1.762595j,2.994810
1.573719+0.577498j,0.132787+1.808868j,-0.514650-1.762768j,2.997926
1.574727+0.578526j,0.132767+1.808483j,-0.514903-1.762941j,3.001041
1.575735+0.579556j,0.132748+1.808098j,-0.515157-1.763115j,3.004156
1.576743+0.580587j,0.132729+1.807712j,-0.515410-1.763288j,3.007271
1.577752+0.581619j,0.132710+1.807326j,-0.515664-1.763461j,3.010386
1.578761+0.582652j,0.132692+1.806940j,-0.515918-1.763634j,3.013501
1.579771+0.583687j,0.132673+1.806553j,-0.516172-1.763807j,3.016615
1.580781+0.584722j,0.132655+1.806166j,-0.516426-1.763980j,3.019729
1.581791+0.585759j,0.132637+1.805778j,-0.516680-1.764153j,3.022844
1.582802+0.586797j,0.132619+1.805389j,-0.516934-1.764326j,3.025958
1.583813+0.587836j,0.132602+1.805000j,-0.517188-1.764498j,3.029072
1.584825+0.588876j,0.132584+1.804611j,-0.517442-1.764671j,3.032185
1.585837+0.589918j,0.132567+1.804221j,-0.517697-1.764844j,3.035299
1.586849+0.590961j,0.132550+1.803831j,-0.517951-1.765017j,3.038413
1.587862+0.592004j,0.132533+1.803440j,-0.518206-1.765190j,3.041526
1.588875+0.593050j,0.132517+1.803049j,-0.518460-1.765362j,3.044639
1.589889+0.594096j,0.132500+1.802657j,-0.518715-1.765535j,3.047752
1.590903+0.595143j,0.132484+1.802264j,-0.518970-1.765708j,3.050865
1.591917+0.596192j,0.132468+1.801872j,-0.519225-1.765880j,3.053978
1.592932+0.597242j,0.132452+1.801478j,-0.519480-1.766053j,3.057090
1.593947+0.598292j,0.132437+1.801085j,-0.519735-1.766225j,3.060203
1.594963+0.599345j,0.132421+1.800690j,-0.519990-1.766398j,3.063315
1.595979+0.600398j,0.132406+1.800296j,-0.520245-1.766570j,3.066427
1.596995+0.601453j,0.132391+1.799900j,-0.520500-1.766743j,3.069539
1.598012+0.602508j,0.132377+1.799505j,-0.520756-1.766915j,3.072651
1.599029+0.603565j,0.132362+1.799108j,-0.521011-1.767087j,3.075763
1.600047+0.604623j,0.132348+1.798712j,-0.521267-1.767260j,3.078874
1.601065+0.605683j,0.132334+1.798314j,-0.521522-1.767432j,3.081986
1.602083+0.606743j,0.132320+1.797917j,-0.521778-1.767604j,3.085097
1.603102+0.607805j,0.132306+1.797519j,-0.522034-1.767777j,3.088208
1.604121+0.608868j,0.132292+1.797120j,-0.522290-1.767949j,3.091319
1.605141+0.609932j,0.132279+1.796721j,-0.522546-1.768121j,3.094430
1.606161+0.610997j,0.132266+1.796321j,-0.522802-1.768293j,3.097540
1.607181+0.612064j,0.132253+1.795921j,-0.523058-1.768465j,3.100651
1.608202+0.613131j,0.132240+1.795520j,-0.523314-1.768638j,3.103761
1.609223+0.614200j,0.132228+1.795119j,-0.523570-1.768810j,3.106871
1.610245+0.615270j,0.132216+1.794717j,-0.523827-1.768982j,3.109981
1.611267+0.616342j,0.132203+1.794315j,-0.524083-1.769154j,3.113091
1.612289+0.617414j,0.132192+1.793912j,-0.524340-1.769326j,3.116201
1.613312+0.618488j,0.132180+1.793508j,-0.524596-1.769498j,3.119310
1.614335+0.619563j,0.132168+1.793105j,-0.524853-1.769670j,3.122420
1.615359+0.620639j,0.132157+1.792700j,-0.525110-1.769841j,3.125529
1.616383+0.621717j,0.132146+1.792296j,-0.525366-1.770013j,3.128638
1.617407+0.622795j,0.132135+1.791890j,-0.525623-1.770185j,3.131747
1.618432+0.623875j,0.132124+1.791484j,-0.525880-1.770357j,3.134856
1.619457+0.624956j,0.132114+1.791078j,-0.526137-1.770529j,3.137964
1.620483+0.626038j,0.132104+1.790671j,-0.526395-1.770700j,3.141073
1.621509+0.627122j,0.132094+1.790264j,-0.526652-1.770872j,3.144181
1.622535+0.628207j,0.132084+1.789856j,-0.526909-1.771044j,3.147289
1.623562+0.629292j,0.132074+1.789447j,-0.527167-1.771216j,3.150397
1.624589+0.630380j,0.132065+1.789038j,-0.527424-1.771387j,3.153505
1.625616+0.631468j,0.132055+1.788629j,-0.527682-1.771559j,3.156612
1.626644+0.632557j,0.132046+1.788219j,-0.527939-1.771730j,3.159720
1.627673+0.633648j,0.132038+1.787808j,-0.528197-1.771902j,3.162827
1.628701+0.634740j,0.132029+1.787397j,-0.528455-1.772073j,3.165934
1.629731+0.635834j,0.132020+1.786985j,-0.528713-1.772245j,3.169041
1.630760+0.636928j,0.132012+1.786573j,-0.528971-1.772416j,3.172148
1.631790+0.638024j,0.132004+1.786161j,-0.529229-1.772588j,3.175255
1.632820+0.639121j,0.131996+1.785747j,-0.529487-1.772759j,3.178361
1.633851+0.640219j,0.131989+1.785334j,-0.529745-1.772931j,3.181467
1.634882+0.641318j,0.131981+1.784919j,-0.530004-1.773102j,3.184574
1.635914+0.642419j,0.131974+1.784505j,-0.530262-1.773273j,3.187679
1.636945+0.643521j,0.131967+1.784089j,-0.530520-1.773445j,3.190785
1.637978+0.644624j,0.131960+1.783673j,-0.530779-1.773616j,3.193891
1.639010+0.645728j,0.131954+1.783257j,-0.531038-1.773787j,3.196996
1.640043+0.646834j,0.131947+1.782840j,-0.531296-1.773958j,3.200102
1.641077+0.647941j,0.131941+1.782422j,-0.531555-1.774129j,3.203207
1.642111+0.649049j,0.131935+1.782004j,-0.531814-1.774301j,3.206312
1.643145+0.650158j,0.131929+1.781586j,-0.532073-1.774472j,3.209417
1.644180+0.651268j,0.131924+1.781167j,-0.532332-1.774643j,3.212521
1.645215+0.652380j,0.131918+1.780747j,-0.532591-1.774814j,3.215626
1.646250+0.653493j,0.131913+1.780327j,-0.532850-1.774985j,3.218730
1.647286+0.654608j,0.131908+1.779906j,-0.533110-1.775156j,3.221834
1.648322+0.655723j,0.131903+1.779485j,-0.533369-1.775327j,3.224938
1.649359+0.656840j,0.131899+1.779063j,-0.533628-1.775498j,3.228042
1.650396+0.657958j,0.131894+1.778640j,-0.533888-1.775669j,3.231145
1.651433+0.659077j,0.131890+1.778217j,-0.534147-1.775840j,3.234249
1.652471+0.660198j,0.131886+1.777794j,-0.534407-1.776011j,3.237352
1.653509+0.661319j,0.131883+1.777370j,-0.534667-1.776181j,3.240455
1.654548+0.662442j,0.131879+1.776945j,-0.534927-1.776352j,3.243558
1.655587+0.663567j,0.131876+1.776520j,-0.535187-1.776523j,3.246661
1.656626+0.664692j,0.131873+1.776094j,-0.535447-1.776694j,3.249763
1.657666+0.665819j,0.131870+1.775668j,-0.535707-1.776865j,3.252866
1.658706+0.666947j,0.131867+1.775241j,-0.535967-1.777035j,3.255968
1.659746+0.668076j,0.131864+1.774813j,-0.536227-1.777206j,3.259070
1.660787+0.669207j,0.131862+1.774385j,-0.536487-1.777377j,3.262172
1.661828+0.670339j,0.131860+1.773957j,-0.536748-1.777547j,3.265274
1.662870+0.671472j,0.131858+1.773528j,-0.537008-1.777718j,3.268375
1.663912+0.672606j,0.131856+1.773098j,-0.537269-1.777888j,3.271476
1.664955+0.673742j,0.131855+1.772668j,-0.537529-1.778059j,3.274578
1.665998+0.674879j,0.131853+1.772237j,-0.537790-1.778230j,3.277679
1.667041+0.676017j,0.131852+1.771805j,-0.538051-1.778400j,3.280779
1.668084+0.677156j,0.131851+1.771373j,-0.538312-1.778570j,3.283880
1.669128+0.678297j,0.131851+1.770941j,-0.538573-1.778741j,3.286980
1.670173+0.679439j,0.131850+1.770507j,-0.538834-1.778911j,3.290081
1.671218+0.680582j,0.131850+1.770074j,-0.539095-1.779082j,3.293181
1.672263+0.681727j,0.131850+1.769639j,-0.539356-1.779252j,3.296281
1.673308+0.682872j,0.131850+1.769205j,-0.539617-1.779422j,3.299380
1.674354+0.684019j,0.131850+1.768769j,-0.539879-1.779593j,3.302480
1.675401+0.685168j,0.131851+1.768333j,-0.540140-1.779763j,3.305579
1.676447+0.686317j,0.131851+1.767896j,-0.540402-1.779933j,3.308678
1.677495+0.687468j,0.131852+1.767459j,-0.540663-1.780104j,3.311777
1.678542+0.688620j,0.131853+1.767021j,-0.540925-1.780274j,3.314876
1.679590+0.689774j,0.131855+1.766583j,-0.541186-1.780444j,3.317975
1.680638+0.690928j,0.131856+1.766144j,-0.541448-1.780614j,3.321073
1.681687+0.692084j,0.131858+1.765704j,-0.541710-1.780784j,3.324171
1.682736+0.693242j,0.131860+1.765264j,-0.541972-1.780954j,3.327270
1.683785+0.694400j,0.131862+1.764823j,-0.542234-1.781125j,3.330367
1.684835+0.695560j,0.131864+1.764382j,-0.542496-1.781295j,3.333465
1.685886+0.696721j,0.131867+1.763940j,-0.542759-1.781465j,3.336563
1.686936+0.697884j,0.131870+1.763497j,-0.543021-1.781635j,3.339660
1.687987+0.699047j,0.131873+1.763054j,-0.543283-1.781805j,3.342757
1.689038+0.700212j,0.131876+1.762611j,-0.543546-1.781975j,3.345854
1.690090+0.701379j,0.131879+1.762166j,-0.543808-1.782145j,3.348951
1.691142+0.702546j,0.131883+1.761721j,-0.544071-1.782315j,3.352047
1.692195+0.703715j,0.131887+1.761276j,-0.544333-1.782484j,3.355144
1.693248+0.704885j,0.131891+1.760829j,-0.544596-1.782654j,3.358240
1.694301+0.706057j,0.131895+1.760383j,-0.544859-1.782824j,3.361336
1.695355+0.707230j,0.131899+1.759935j,-0.545122-1.782994j,3.364432
1.696409+0.708404j,0.131904+1.759487j,-0.545385-1.783164j,3.367527
1.697463+0.709579j,0.131908+1.759039j,-0.545648-1.783334j,3.370623
1.698518+0.710756j,0.131913+1.758590j,-0.545911-1.783503j,3.373718
1.699573+0.711934j,0.131919+1.758140j,-0.546174-1.783673j,3.376813
1.700629+0.713113j,0.131924+1.757689j,-0.546438-1.783843j,3.379908
1.701685+0.714294j,0.131929+1.757238j,-0.546701-1.784012j,3.383002
1.702741+0.715475j,0.131935+1.756786j,-0.546964-1.784182j,3.386097
1.703798+0.716659j,0.131941+1.756334j,-0.547228-1.784352j,3.389191
1.704855+0.717843j,0.131947+1.755881j,-0.547491-1.784521j,3.392285
1.705913+0.719029j,0.131954+1.755428j,-0.547755-1.784691j,3.395379
1.706971+0.720216j,0.131960+1.754974j,-0.548019-1.784860j,3.398473
1.708029+0.721404j,0.131967+1.754519j,-0.548283-1.785030j,3.401566
1.709088+0.722594j,0.131974+1.754063j,-0.548547-1.785199j,3.404659
1.710147+0.723785j,0.131981+1.753607j,-0.548811-1.785369j,3.407752
1.711206+0.724978j,0.131989+1.753151j,-0.549075-1.785538j,3.410845
1.712266+0.726171j,0.131996+1.752693j,-0.549339-1.785708j,3.413938
1.713326+0.727366j,0.132004+1.752235j,-0.549603-1.785877j,3.417031
1.714387+0.728563j,0.132012+1.751777j,-0.549867-1.786047j,3.420123
1.715448+0.729760j,0.132020+1.751318j,-0.550132-1.786216j,3.423215
1.716509+0.730959j,0.132029+1.750858j,-0.550396-1.786385j,3.426307
1.717571+0.732160j,0.132037+1.750397j,-0.550661-1.786555j,3.429398
1.718633+0.733361j,0.132046+1.749936j,-0.550925-1.786724j,3.432490
1.719696+0.734564j,0.132055+1.749474j,-0.551190-1.786893j,3.435581
1.720758+0.735768j,0.132064+1.749012j,-0.551455-1.787063j,3.438672
1.721822+0.736974j,0.132074+1.748549j,-0.551720-1.787232j,3.441763
1.722885+0.738181j,0.132084+1.748085j,-0.551984-1.787401j,3.444854
1.723949+0.739389j,0.132093+1.747621j,-0.552249-1.787570j,3.447944
1.725014+0.740599j,0.132103+1.747156j,-0.552515-1.787739j,3.451035
1.726079+0.741809j,0.132114+1.746690j,-0.552780-1.787909j,3.454125
1.727144+0.743022j,0.132124+1.746224j,-0.553045-1.788078j,3.457214
1.728209+0.744235j,0.132135+1.745757j,-0.553310-1.788247j,3.460304
1.729275+0.745450j,0.132145+1.745289j,-0.553576-1.788416j,3.463394
1.730341+0.746666j,0.132156+1.744821j,-0.553841-1.788585j,3.466483
1.731408+0.747884j,0.132168+1.744352j,-0.554106-1.788754j,3.469572
1.732475+0.749103j,0.132179+1.743882j,-0.554372-1.788923j,3.472661
1.733543+0.750323j,0.132191+1.743412j,-0.554638-1.789092j,3.475749
1.734610+0.751545j,0.132203+1.742941j,-0.554903-1.789261j,3.478838
1.735678+0.752768j,0.132215+1.742470j,-0.555169-1.789430j,3.481926
1.736747+0.753992j,0.132227+1.741997j,-0.555435-1.789599j,3.485014
1.737816+0.755218j,0.132239+1.741524j,-0.555701-1.789768j,3.488102
1.738885+0.756444j,0.132252+1.741051j,-0.555967-1.789937j,3.491189
1.739955+0.757673j,0.132265+1.740577j,-0.556233-1.790106j,3.494276
1.741025+0.758902j,0.132278+1.740102j,-0.556500-1.790274j,3.497364
1.742095+0.760133j,0.132291+1.739626j,-0.556766-1.790443j,3.500451
1.743166+0.761366j,0.132304+1.739150j,-0.557032-1.790612j,3.503537
1.744237+0.762599j,0.132318+1.738673j,-0.557299-1.790781j,3.506624
1.745309+0.763835j,0.132332+1.738195j,-0.557565-1.790950j,3.509710
1.746381+0.765071j,0.132346+1.737717j,-0.557832-1.791118j,3.512796
1.747453+0.766309j,0.132360+1.737238j,-0.558098-1.791287j,3.515882
1.748526+0.767548j,0.132374+1.736758j,-0.558365-1.791456j,3.518968
1.749599+0.768788j,0.132389+1.736278j,-0.558632-1.791624j,3.522053
1.750672+0.770030j,0.132404+1.735797j,-0.558899-1.791793j,3.525138
1.751746+0.771273j,0.132419+1.735315j,-0.559166-1.791962j,3.528223
1.752820+0.772518j,0.132434+1.734832j,-0.559433-1.792130j,3.531308
1.753895+0.773764j,0.132450+1.734349j,-0.559700-1.792299j,3.534392
1.754970+0.775011j,0.132465+1.733865j,-0.559967-1.792467j,3.537477
1.756045+0.776260j,0.132481+1.733381j,-0.560234-1.792636j,3.540561
1.757121+0.777510j,0.132497+1.732896j,-0.560502-1.792805j,3.543645
1.758197+0.778761j,0.132513+1.732410j,-0.560769-1.792973j,3.546728
1.759273+0.780014j,0.132530+1.731923j,-0.561036-1.793142j,3.549812
1.760350+0.781268j,0.132546+1.731436j,-0.561304-1.793310j,3.552895
1.761427+0.782523j,0.132563+1.730948j,-0.561572-1.793478j,3.555978
1.762505+0.783780j,0.132580+1.730459j,-0.561839-1.793647j,3.559061
1.763583+0.785038j,0.132597+1.729969j,-0.562107-1.793815j,3.562144
1.764661+0.786298j,0.132615+1.729479j,-0.562375-1.793984j,3.565226
1.765740+0.787559j,0.132632+1.728988j,-0.562643-1.794152j,3.568308
1.766819+0.788821j,0.132650+1.728497j,-0.562911-1.794320j,3.571390
1.767898+0.790085j,0.132668+1.728004j,-0.563179-1.794489j,3.574472
1.768978+0.791350j,0.132686+1.727511j,-0.563447-1.794657j,3.577553
1.770058+0.792617j,0.132705+1.727018j,-0.563715-1.794825j,3.580634
1.771139+0.793885j,0.132723+1.726523j,-0.563984-1.794994j,3.583715
1.772220+0.795154j,0.132742+1.726028j,-0.564252-1.795162j,3.586796
1.773301+0.796424j,0.132761+1.725532j,-0.564520-1.795330j,3.589876
1.774382+0.797696j,0.132780+1.725035j,-0.564789-1.795498j,3.592957
1.775464+0.798970j,0.132800+1.724538j,-0.565058-1.795666j,3.596037
1.776547+0.800245j,0.132819+1.724040j,-0.565326-1.795835j,3.599117
1.777630+0.801521j,0.132839+1.723541j,-0.565595-1.796003j,3.602196
1.778713+0.802798j,0.132859+1.723041j,-0.565864-1.796171j,3.605276
1.779796+0.804077j,0.132879+1.722541j,-0.566133-1.796339j,3.608355
1.780880+0.805358j,0.132899+1.722040j,-0.566402-1.796507j,3.611434
1.781964+0.806639j,0.132920+1.721538j,-0.566671-1.796675j,3.614512
1.783049+0.807922j,0.132941+1.721036j,-0.566940-1.796843j,3.617591
1.784134+0.809207j,0.132962+1.720532j,-0.567209-1.797011j,3.620669
1.785219+0.810493j,0.132983+1.720028j,-0.567478-1.797179j,3.623747
1.786305+0.811780j,0.133004+1.719524j,-0.567748-1.797347j,3.626825
1.787391+0.813069j,0.133026+1.719018j,-0.568017-1.797515j,3.629902
1.788477+0.814359j,0.133047+1.718512j,-0.568286-1.797683j,3.632980
1.789564+0.815651j,0.133069+1.718005j,-0.568556-1.797851j,3.636057
1.790651+0.816944j,0.133091+1.717497j,-0.568826-1.798019j,3.639133
1.791739+0.818238j,0.133114+1.716988j,-0.569095-1.798187j,3.642210
1.792827+0.819534j,0.133136+1.716479j,-0.569365-1.798355j,3.645286
1.793915+0.820831j,0.133159+1.715969j,-0.569635-1.798523j,3.648362
1.795003+0.822129j,0.133182+1.715458j,-0.569905-1.798691j,3.651438
1.796092+0.823429j,0.133205+1.714947j,-0.570175-1.798858j,3.654514
1.797182+0.824731j,0.133228+1.714434j,-0.570445-1.799026j,3.657589
1.798271+0.826033j,0.133252+1.713921j,-0.570715-1.799194j,3.660664
1.799362+0.827338j,0.133275+1.713407j,-0.570985-1.799362j,3.663739
1.800452+0.828643j,0.133299+1.712892j,-0.571256-1.799530j,3.666814
1.801543+0.829950j,0.133323+1.712377j,-0.571526-1.799697j,3.669888
1.802634+0.831259j,0.133348+1.711861j,-0.571796-1.799865j,3.672962
1.803725+0.832569j,0.133372+1.711344j,-0.572067-1.800033j,3.676036
1.804817+0.833880j,0.133397+1.710826j,-0.572337-1.800200j,3.679110
1.805910+0.835192j,0.133422+1.710307j,-0.572608-1.800368j,3.682184
1.807002+0.836507j,0.133447+1.709788j,-0.572879-1.800536j,3.685257
1.808095+0.837822j,0.133472+1.709268j,-0.573150-1.800703j,3.688330
1.809189+0.839139j,0.133497+1.708747j,-0.573420-1.800871j,3.691402
1.810282+0.840457j,0.133523+1.708225j,-0.573691-1.801039j,3.694475
1.811376+0.841777j,0.133549+1.707703j,-0.573962-1.801206j,3.697547
1.812471+0.843099j,0.133575+1.707179j,-0.574234-1.801374j,3.700619
1.813566+0.844421j,0.133601+1.706655j,-0.574505-1.801541j,3.703691
1.814661+0.845745j,0.133627+1.706130j,-0.574776-1.801709j,3.706762
1.815756+0.847071j,0.133654+1.705605j,-0.575047-1.801876j,3.709833
1.816852+0.848398j,0.133680+1.705078j,-0.575319-1.802044j,3.712904
1.817948+0.849726j,0.133707+1.704551j,-0.575590-1.802211j,3.715975
1.819045+0.851056j,0.133734+1.704023j,-0.575862-1.802379j,3.719045
1.820142+0.852387j,0.133762+1.703494j,-0.576133-1.802546j,3.722115
1.821239+0.853720j,0.133789+1.702964j,-0.576405-1.802714j,3.725185
1.822337+0.855054j,0.133817+1.702433j,-0.576677-1.802881j,3.728255
1.823435+0.856390j,0.133845+1.701902j,-0.576948-1.803049j,3.731324
1.824533+0.857727j,0.133873+1.701370j,-0.577220-1.803216j,3.734394
1.825632+0.859065j,0.133901+1.700837j,-0.577492-1.803383j,3.737463
1.826731+0.860405j,0.133930+1.700303j,-0.577764-1.803551j,3.740531
1.827831+0.861746j,0.133958+1.699768j,-0.578036-1.803718j,3.743600
1.828930+0.863089j,0.133987+1.699232j,-0.578308-1.803885j,3.746668
1.830031+0.864433j,0.134016+1.698696j,-0.578581-1.804053j,3.749736
1.831131+0.865779j,0.134045+1.698159j,-0.578853-1.804220j,3.752803
1.832232+0.867126j,0.134075+1.697621j,-0.579125-1.804387j,3.755871
1.833333+0.868475j,0.134104+1.697082j,-0.579398-1.804554j,3.758938
1.834435+0.869825j,0.134134+1.696542j,-0.579670-1.804722j,3.762004
1.835537+0.871176j,0.134164+1.696002j,-0.579943-1.804889j,3.765071
1.836639+0.872529j,0.134194+1.695460j,-0.580216-1.805056j,3.768137
1.837742+0.873884j,0.134225+1.694918j,-0.580488-1.805223j,3.771203
1.838845+0.875240j,0.134255+1.694375j,-0.580761-1.805390j,3.774269
1.839948+0.876597j,0.134286+1.693831j,-0.581034-1.805557j,3.777335
1.841052+0.877956j,0.134317+1.693286j,-0.581307-1.805725j,3.780400
1.842156+0.879316j,0.134348+1.692741j,-0.581580-1.805892j,3.783465
1.843261+0.880678j,0.134379+1.692194j,-0.581853-1.806059j,3.786530
1.844365+0.882041j,0.134411+1.691647j,-0.582126-1.806226j,3.789594
1.845470+0.883406j,0.134442+1.691098j,-0.582399-1.806393j,3.792658
1.846576+0.884772j,0.134474+1.690549j,-0.582673-1.806560j,3.795722
1.847682+0.886139j,0.134506+1.689999j,-0.582946-1.806727j,3.798786
1.848788+0.887508j,0.134538+1.689448j,-0.583220-1.806894j,3.801849
1.849895+0.888879j,0.134571+1.688897j,-0.583493-1.807061j,3.804912
1.851002+0.890251j,0.134603+1.688344j,-0.583767-1.807228j,3.807975
1.852109+0.891624j,0.134636+1.687791j,-0.584040-1.807395j,3.811038
1.853217+0.892999j,0.134669+1.687236j,-0.584314-1.807562j,3.814100
1.854324+0.894376j,0.134702+1.686681j,-0.584588-1.807729j,3.817162
1.855433+0.895753j,0.134735+1.686125j,-0.584862-1.807896j,3.820224
1.856542+0.897133j,0.134769+1.685568j,-0.585136-1.808063j,3.823285
1.857651+0.898514j,0.134802+1.685010j,-0.585410-1.808230j,3.826346
1.858760+0.899896j,0.134836+1.684451j,-0.585684-1.808397j,3.829407
1.859870+0.901280j,0.134870+1.683891j,-0.585958-1.808563j,3.832468
1.860980+0.902665j,0.134904+1.683331j,-0.586232-1.808730j,3.835528
1.862090+0.904052j,0.134939+1.682769j,-0.586506-1.808897j,3.838588
1.863201+0.905440j,0.134973+1.682207j,-0.586781-1.809064j,3.841648
1.864312+0.906830j,0.135008+1.681644j,-0.587055-1.809231j,3.844708
1.865424+0.908221j,0.135043+1.681079j,-0.587330-1.809397j,3.847767
1.866535+0.909614j,0.135078+1.680514j,-0.587604-1.809564j,3.850826
1.867648+0.911008j,0.135113+1.679948j,-0.587879-1.809731j,3.853885
1.868760+0.912404j,0.135149+1.679381j,-0.588154-1.809898j,3.856943
1.869873+0.913801j,0.135184+1.678813j,-0.588428-1.810065j,3.860001
1.870986+0.915200j,0.135220+1.678244j,-0.588703-1.810231j,3.863059
1.872100+0.916600j,0.135256+1.677675j,-0.588978-1.810398j,3.866117
1.873214+0.918001j,0.135292+1.677104j,-0.589253-1.810565j,3.869174
1.874328+0.919405j,0.135329+1.676532j,-0.589528-1.810731j,3.872231
1.875443+0.920809j,0.135365+1.675960j,-0.589803-1.810898j,3.875287
1.876558+0.922215j,0.135402+1.675386j,-0.590078-1.811065j,3.878344
1.877673+0.923623j,0.135439+1.674812j,-0.590354-1.811231j,3.881400
1.878789+0.925032j,0.135476+1.674237j,-0.590629-1.811398j,3.884456
1.879905+0.926443j,0.135513+1.673660j,-0.590904-1.811564j,3.887511
1.881021+0.927855j,0.135550+1.673083j,-0.591180-1.811731j,3.890567
1.882138+0.929269j,0.135588+1.672505j,-0.591456-1.811898j,3.893622
1.883255+0.930684j,0.135626+1.671926j,-0.591731-1.812064j,3.896676
1.884372+0.932101j,0.135664+1.671346j,-0.592007-1.812231j,3.899731
1.885490+0.933519j,0.135702+1.670764j,-0.592283-1.812397j,3.902785
1.886608+0.934939j,0.135740+1.670182j,-0.592558-1.812564j,3.905838
1.887726+0.936360j,0.135778+1.669599j,-0.592834-1.812730j,3.908892
1.888845+0.937783j,0.135817+1.669015j,-0.593110-1.812897j,3.911945
1.889964+0.939207j,0.135856+1.668431j,-0.593386-1.813063j,3.914998
1.891084+0.940633j,0.135895+1.667845j,-0.593662-1.813230j,3.918051
1.892203+0.942060j,0.135934+1.667258j,-0.593939-1.813396j,3.921103
1.893323+0.943489j,0.135973+1.666670j,-0.594215-1.813563j,3.924155
1.894444+0.944919j,0.136013+1.666081j,-0.594491-1.813729j,3.927207
1.895565+0.946351j,0.136052+1.665491j,-0.594767-1.813895j,3.930258
1.896686+0.947785j,0.136092+1.664900j,-0.595044-1.814062j,3.933309
1.897807+0.949220j,0.136132+1.664309j,-0.595320-1.814228j,3.936360
1.898929+0.950656j,0.136172+1.663716j,-0.595597-1.814395j,3.939410
1.900051+0.952094j,0.136212+1.663122j,-0.595874-1.814561j,3.942461
1.901174+0.953534j,0.136253+1.662527j,-0.596150-1.814727j,3.945510
1.902297+0.954975j,0.136293+1.661931j,-0.596427-1.814894j,3.948560
1.903420+0.956417j,0.136334+1.661335j,-0.596704-1.815060j,3.951609
1.904543+0.957861j,0.136375+1.660737j,-0.596981-1.815226j,3.954658
1.905667+0.959307j,0.136416+1.660138j,-0.597258-1.815393j,3.957707
1.906791+0.960754j,0.136458+1.659538j,-0.597535-1.815559j,3.960755
1.907916+0.962203j,0.136499+1.658937j,-0.597812-1.815725j,3.963803
1.909041+0.963653j,0.136541+1.658335j,-0.598089-1.815891j,3.966851
1.910166+0.965105j,0.136583+1.657732j,-0.598366-1.816058j,3.969899
1.911292+0.966558j,0.136625+1.657129j,-0.598644-1.816224j,3.972946
1.912418+0.968013j,0.136667+1.656524j,-0.598921-1.816390j,3.975993
1.913544+0.969470j,0.136709+1.655918j,-0.599199-1.816556j,3.979039
1.914670+0.970928j,0.136751+1.655310j,-0.599476-1.816722j,3.982085
1.915797+0.972387j,0.136794+1.654702j,-0.599754-1.816889j,3.985131
1.916924+0.973848j,0.136837+1.654093j,-0.600031-1.817055j,3.988177
1.918052+0.975311j,0.136880+1.653483j,-0.600309-1.817221j,3.991222
1.919180+0.976775j,0.136923+1.652872j,-0.600587-1.817387j,3.994267
1.920308+0.978241j,0.136966+1.652260j,-0.600865-1.817553j,3.997311
1.921437+0.979708j,0.137009+1.651646j,-0.601143-1.817719j,4.000356
1.922566+0.981177j,0.137053+1.651032j,-0.601421-1.817885j,4.003400
1.923695+0.982647j,0.137097+1.650416j,-0.601699-1.818051j,4.006443
1.924824+0.984119j,0.137140+1.649800j,-0.601977-1.818218j,4.009487
1.925954+0.985593j,0.137184+1.649182j,-0.602255-1.818384j,4.012530
1.927085+0.987068j,0.137229+1.648564j,-0.602534-1.818550j,4.015572
1.928215+0.988544j,0.137273+1.647944j,-0.602812-1.818716j,4.018615
1.929346+0.990023j,0.137317+1.647323j,-0.603090-1.818882j,4.021657
1.930477+0.991502j,0.137362+1.646701j,-0.603369-1.819048j,4.024699
1.931609+0.992984j,0.137407+1.646078j,-0.603647-1.819214j,4.027740
1.932741+0.994467j,0.137452+1.645454j,-0.603926-1.819380j,4.030781
1.933873+0.995951j,0.137497+1.644829j,-0.604205-1.819546j,4.033822
1.935006+0.997437j,0.137542+1.644202j,-0.604483-1.819712j,4.036862
1.936138+0.998925j,0.137587+1.643575j,-0.604762-1.819878j,4.039902
1.937272+1.000414j,0.137633+1.642947j,-0.605041-1.820044j,4.042942
1.938405+1.001905j,0.137679+1.642317j,-0.605320-1.820210j,4.045981
1.939539+1.003397j,0.137725+1.641686j,-0.605599-1.820375j,4.049020
1.940673+1.004891j,0.137771+1.641054j,-0.605878-1.820541j,4.052059
1.941808+1.006386j,0.137817+1.640421j,-0.606157-1.820707j,4.055098
1.942943+1.007883j,0.137863+1.639787j,-0.606436-1.820873j,4.058136
1.944078+1.009382j,0.137909+1.639152j,-0.606716-1.821039j,4.061174
1.945213+1.010882j,0.137956+1.638516j,-0.606995-1.821205j,4.064211
1.946349+1.012384j,0.138003+1.637878j,-0.607275-1.821371j,4.067248
1.947485+1.013887j,0.138049+1.637240j,-0.607554-1.821537j,4.070285
1.948622+1.015392j,0.138096+1.636600j,-0.607834-1.821702j,4.073321
1.949759+1.016899j,0.138144+1.635959j,-0.608113-1.821868j,4.076357
1.950896+1.018407j,0.138191+1.635317j,-0.608393-1.822034j,4.079393
1.952033+1.019917j,0.138238+1.634674j,-0.608673-1.822200j,4.082428
1.953171+1.021428j,0.138286+1.634029j,-0.608952-1.822366j,4.085463
1.954309+1.022941j,0.138334+1.633384j,-0.609232-1.822531j,4.088498
1.955448+1.024455j,0.138381+1.632737j,-0.609512-1.822697j,4.091532
1.956587+1.025971j,0.138429+1.632089j,-0.609792-1.822863j,4.094566
1.957726+1.027489j,0.138477+1.631440j,-0.610072-1.823029j,4.097600
1.958865+1.029008j,0.138526+1.630790j,-0.610352-1.823194j,4.100633
1.960005+1.030529j,0.138574+1.630139j,-0.610633-1.823360j,4.103666
1.961145+1.032052j,0.138623+1.629486j,-0.610913-1.823526j,4.106699
1.962285+1.033576j,0.138671+1.628832j,-0.611193-1.823692j,4.109731
1.963426+1.035101j,0.138720+1.628177j,-0.611474-1.823857j,4.112763
1.964567+1.036629j,0.138769+1.627521j,-0.611754-1.824023j,4.115795
1.965708+1.038158j,0.138818+1.626864j,-0.612035-1.824189j,4.118826
1.966850+1.039688j,0.138867+1.626205j,-0.612315-1.824354j,4.121857
1.967992+1.041220j,0.138916+1.625545j,-0.612596-1.824520j,4.124887
1.969134+1.042754j,0.138966+1.624884j,-0.612877-1.824686j,4.127918
1.970277+1.044289j,0.139015+1.624222j,-0.613158-1.824851j,4.130947
1.971420+1.045826j,0.139065+1.623559j,-0.613438-1.825017j,4.133977
1.972563+1.047365j,0.139115+1.622894j,-0.613719-1.825182j,4.137006
1.973707+1.048905j,0.139165+1.622228j,-0.614000-1.825348j,4.140035
1.974851+1.050447j,0.139215+1.621561j,-0.614281-1.825514j,4.143063
1.975995+1.051990j,0.139265+1.620893j,-0.614563-1.825679j,4.146091
1.977140+1.053535j,0.139315+1.620223j,-0.614844-1.825845j,4.149119
1.978285+1.055082j,0.139366+1.619552j,-0.615125-1.826010j,4.152146
1.979430+1.056630j,0.139416+1.618880j,-0.615406-1.826176j,4.155173
1.980575+1.058180j,0.139467+1.618207j,-0.615688-1.826341j,4.158199
1.981721+1.059732j,0.139518+1.617532j,-0.615969-1.826507j,4.161226
1.982867+1.061285j,0.139568+1.616856j,-0.616251-1.826672j,4.164251
1.984014+1.062839j,0.139619+1.616179j,-0.616532-1.826838j,4.167277
1.985160+1.064396j,0.139670+1.615501j,-0.616814-1.827003j,4.170302
1.986308+1.065954j,0.139722+1.614821j,-0.617096-1.827169j,4.173327
1.987455+1.067514j,0.139773+1.614140j,-0.617377-1.827334j,4.176351
1.988603+1.069075j,0.139824+1.613457j,-0.617659-1.827500j,4.179375
1.989751+1.070638j,0.139876+1.612774j,-0.617941-1.827665j,4.182399
1.990899+1.072202j,0.139928+1.612089j,-0.618223-1.827831j,4.185422
1.992048+1.073769j,0.139979+1.611403j,-0.618505-1.827996j,4.188445
1.993197+1.075336j,0.140031+1.610715j,-0.618787-1.828162j,4.191467
1.994346+1.076906j,0.140083+1.610027j,-0.619069-1.828327j,4.194489
1.995496+1.078477j,0.140135+1.609336j,-0.619352-1.828493j,4.197511
1.996646+1.080050j,0.140187+1.608645j,-0.619634-1.828658j,4.200532
1.997796+1.081624j,0.140240+1.607952j,-0.619916-1.828823j,4.203553
1.998946+1.083200j,0.140292+1.607258j,-0.620199-1.828989j,4.206574
2.000097+1.084778j,0.140345+1.606563j,-0.620481-1.829154j,4.209594
2.001248+1.086357j,0.140397+1.605866j,-0.620764-1.829319j,4.212614
2.002400+1.087938j,0.140450+1.605168j,-0.621046-1.829485j,4.215633
2.003551+1.089521j,0.140503+1.604468j,-0.621329-1.829650j,4.218652
2.004704+1.091105j,0.140555+1.603768j,-0.621612-1.829816j,4.221671
2.005856+1.092691j,0.140608+1.603065j,-0.621895-1.829981j,4.224689
2.007009+1.094279j,0.140661+1.602362j,-0.622178-1.830146j,4.227707
2.008162+1.095868j,0.140715+1.601657j,-0.622460-1.830311j,4.230725
2.009315+1.097459j,0.140768+1.600951j,-0.622743-1.830477j,4.233742
2.010469+1.099052j,0.140821+1.600243j,-0.623027-1.830642j,4.236758
2.011623+1.100646j,0.140874+1.599534j,-0.623310-1.830807j,4.239775
2.012777+1.102242j,0.140928+1.598824j,-0.623593-1.830973j,4.242791
2.013931+1.103839j,0.140981+1.598112j,-0.623876-1.831138j,4.245806
2.015086+1.105439j,0.141035+1.597398j,-0.624159-1.831303j,4.248821
2.016241+1.107039j,0.141089+1.596684j,-0.624443-1.831468j,4.251836
2.017397+1.108642j,0.141143+1.595968j,-0.624726-1.831634j,4.254850
2.018553+1.110246j,0.141196+1.595250j,-0.625010-1.831799j,4.257864
2.019709+1.111852j,0.141250+1.594531j,-0.625293-1.831964j,4.260878
2.020865+1.113460j,0.141304+1.593811j,-0.625577-1.832129j,4.263891
2.022022+1.115069j,0.141358+1.593089j,-0.625861-1.832295j,4.266904
2.023179+1.116680j,0.141413+1.592366j,-0.626145-1.832460j,4.269916
2.024336+1.118293j,0.141467+1.591642j,-0.626428-1.832625j,4.272928
2.025494+1.119907j,0.141521+1.590915j,-0.626712-1.832790j,4.275940
2.026651+1.121523j,0.141575+1.590188j,-0.626996-1.832955j,4.278951
2.027810+1.123141j,0.141630+1.589459j,-0.627280-1.833120j,4.281961
2.028968+1.124760j,0.141684+1.588728j,-0.627564-1.833286j,4.284972
2.030127+1.126381j,0.141739+1.587997j,-0.627848-1.833451j,4.287982
2.031286+1.128004j,0.141793+1.587263j,-0.628133-1.833616j,4.290991
2.032445+1.129628j,0.141848+1.586528j,-0.628417-1.833781j,4.294000
2.033605+1.131254j,0.141903+1.585792j,-0.628701-1.833946j,4.297009
2.034765+1.132882j,0.141958+1.585054j,-0.628986-1.834111j,4.300017
2.035925+1.134511j,0.142012+1.584315j,-0.629270-1.834276j,4.303025
2.037086+1.136142j,0.142067+1.583574j,-0.629555-1.834442j,4.306032
2.038247+1.137775j,0.142122+1.582831j,-0.629839-1.834607j,4.309039
2.039408+1.139410j,0.142177+1.582088j,-0.630124-1.834772j,4.312046
2.040570+1.141046j,0.142232+1.581342j,-0.630409-1.834937j,4.315052
2.041731+1.142684j,0.142287+1.580595j,-0.630693-1.835102j,4.318058
2.042894+1.144324j,0.142342+1.579847j,-0.630978-1.835267j,4.321063
2.044056+1.145965j,0.142397+1.579097j,-0.631263-1.835432j,4.324068
2.045219+1.147608j,0.142453+1.578345j,-0.631548-1.835597j,4.327072
2.046382+1.149253j,0.142508+1.577592j,-0.631833-1.835762j,4.330076
2.047545+1.150899j,0.142563+1.576837j,-0.632118-1.835927j,4.333080
2.048708+1.152547j,0.142618+1.576081j,-0.632403-1.836092j,4.336083
2.049872+1.154197j,0.142673+1.575323j,-0.632689-1.836257j,4.339086
2.051036+1.155849j,0.142729+1.574564j,-0.632974-1.836422j,4.342088
2.052201+1.157502j,0.142784+1.573803j,-0.633259-1.836587j,4.345090
2.053366+1.159157j,0.142839+1.573040j,-0.633545-1.836752j,4.348091
2.054531+1.160814j,0.142895+1.572276j,-0.633830-1.836917j,4.351092
2.055696+1.162472j,0.142950+1.571510j,-0.634116-1.837082j,4.354093
2.056862+1.164132j,0.143006+1.570743j,-0.634401-1.837247j,4.357093
2.058027+1.165794j,0.143061+1.569974j,-0.634687-1.837412j,4.360092
2.059194+1.167458j,0.143116+1.569203j,-0.634973-1.837577j,4.363092
2.060360+1.169123j,0.143172+1.568431j,-0.635258-1.837742j,4.366090
2.061527+1.170790j,0.143227+1.567657j,-0.635544-1.837907j,4.369089
2.062694+1.172459j,0.143283+1.566882j,-0.635830-1.838072j,4.372087
2.063861+1.174129j,0.143338+1.566105j,-0.636116-1.838237j,4.375084
2.065029+1.175801j,0.143394+1.565326j,-0.636402-1.838402j,4.378081
2.066197+1.177475j,0.143449+1.564545j,-0.636688-1.838567j,4.381078
2.067365+1.179151j,0.143505+1.563763j,-0.636974-1.838732j,4.384074
2.068534+1.180828j,0.143560+1.562979j,-0.637261-1.838896j,4.387069
2.069702+1.182507j,0.143615+1.562194j,-0.637547-1.839061j,4.390064
2.070872+1.184188j,0.143671+1.561406j,-0.637833-1.839226j,4.393059
2.072041+1.185871j,0.143726+1.560618j,-0.638120-1.839391j,4.396053
2.073211+1.187555j,0.143782+1.559827j,-0.638406-1.839556j,4.399047
2.074381+1.189241j,0.143837+1.559035j,-0.638693-1.839721j,4.402041
2.075551+1.190929j,0.143892+1.558241j,-0.638979-1.839886j,4.405034
2.076721+1.192618j,0.143947+1.557445j,-0.639266-1.840051j,4.408026
2.077892+1.194310j,0.144003+1.556647j,-0.639552-1.840215j,4.411018
2.079063+1.196003j,0.144058+1.555848j,-0.639839-1.840380j,4.414009
2.080235+1.197697j,0.144113+1.555047j,-0.640126-1.840545j,4.417001
2.081406+1.199394j,0.144168+1.554244j,-0.640413-1.840710j,4.419991
2.082578+1.201092j,0.144223+1.553440j,-0.640700-1.840875j,4.422981
2.083750+1.202792j,0.144278+1.552634j,-0.640987-1.841040j,4.425971
2.084923+1.204494j,0.144333+1.551825j,-0.641274-1.841204j,4.428960
2.086096+1.206197j,0.144388+1.551016j,-0.641561-1.841369j,4.431949
2.087269+1.207903j,0.144443+1.550204j,-0.641848-1.841534j,4.434937
2.088442+1.209610j,0.144498+1.549391j,-0.642135-1.841699j,4.437925
2.089616+1.211318j,0.144553+1.548575j,-0.642423-1.841864j,4.440912
2.090790+1.213029j,0.144608+1.547758j,-0.642710-1.842028j,4.443899
2.091964+1.214741j,0.144662+1.546939j,-0.642998-1.842193j,4.446885
2.093138+1.216455j,0.144717+1.546119j,-0.643285-1.842358j,4.449871
2.094313+1.218171j,0.144771+1.545296j,-0.643573-1.842523j,4.452856
2.095488+1.219889j,0.144826+1.544472j,-0.643860-1.842687j,4.455841
2.096663+1.221608j,0.144880+1.543645j,-0.644148-1.842852j,4.458825
2.097839+1.223329j,0.144934+1.542817j,-0.644436-1.843017j,4.461809
2.099015+1.225052j,0.144988+1.541987j,-0.644723-1.843182j,4.464793
2.100191+1.226777j,0.145042+1.541155j,-0.645011-1.843346j,4.467776
2.101367+1.228503j,0.145096+1.540322j,-0.645299-1.843511j,4.470758
2.102544+1.230231j,0.145150+1.539486j,-0.645587-1.843676j,4.473740
2.103721+1.231961j,0.145204+1.538648j,-0.645875-1.843841j,4.476721
2.104898+1.233693j,0.145258+1.537809j,-0.646163-1.844005j,4.479702
2.106076+1.235427j,0.145311+1.536967j,-0.646452-1.844170j,4.482683
2.107253+1.237162j,0.145365+1.536124j,-0.646740-1.844335j,4.485663
2.108431+1.238899j,0.145418+1.535279j,-0.647028-1.844499j,4.488642
2.109610+1.240638j,0.145471+1.534432j,-0.647316-1.844664j,4.491621
2.110788+1.242378j,0.145524+1.533582j,-0.647605-1.844829j,4.494599
2.111967+1.244121j,0.145577+1.532731j,-0.647893-1.844993j,4.497577
2.113146+1.245865j,0.145630+1.531878j,-0.648182-1.845158j,4.500555
2.114326+1.247611j,0.145683+1.531023j,-0.648470-1.845323j,4.503531
2.115505+1.249359j,0.145735+1.530166j,-0.648759-1.845487j,4.506508
2.116685+1.251108j,0.145788+1.529307j,-0.649048-1.845652j,4.509484
2.117866+1.252860j,0.145840+1.528446j,-0.649336-1.845817j,4.512459
2.119046+1.254613j,0.145892+1.527582j,-0.649625-1.845981j,4.515434
2.120227+1.256368j,0.145944+1.526717j,-0.649914-1.846146j,4.518408
2.121408+1.258125j,0.145995+1.525850j,-0.650203-1.846311j,4.521382
2.122589+1.259883j,0.146047+1.524981j,-0.650492-1.846475j,4.524355
2.123771+1.261644j,0.146098+1.524110j,-0.650781-1.846640j,4.527328
2.124953+1.263406j,0.146150+1.523236j,-0.651070-1.846805j,4.530300
2.126135+1.265170j,0.146201+1.522361j,-0.651359-1.846969j,4.533272
2.127317+1.266936j,0.146251+1.521483j,-0.651649-1.847134j,4.536243
2.128500+1.268703j,0.146302+1.520604j,-0.651938-1.847298j,4.539214
2.129682+1.270473j,0.146352+1.519722j,-0.652227-1.847463j,4.542184
2.130866+1.272244j,0.146403+1.518838j,-0.652517-1.847628j,4.545153
2.132049+1.274017j,0.146453+1.517952j,-0.652806-1.847792j,4.548122
2.133233+1.275792j,0.146502+1.517064j,-0.653096-1.847957j,4.551091
2.134417+1.277568j,0.146552+1.516174j,-0.653385-1.848121j,4.554059
2.135601+1.279347j,0.146601+1.515281j,-0.653675-1.848286j,4.557026
2.136785+1.281127j,0.146650+1.514387j,-0.653965-1.848451j,4.559993
2.137970+1.282909j,0.146699+1.513490j,-0.654254-1.848615j,4.562960
2.139155+1.284693j,0.146748+1.512591j,-0.654544-1.848780j,4.565925
2.140340+1.286479j,0.146796+1.511690j,-0.654834-1.848944j,4.568891
2.141526+1.288266j,0.146844+1.510786j,-0.655124-1.849109j,4.571855
2.142712+1.290056j,0.146892+1.509881j,-0.655414-1.849273j,4.574819
2.143898+1.291847j,0.146940+1.508973j,-0.655704-1.849438j,4.577783
2.145084+1.293640j,0.146987+1.508063j,-0.655994-1.849602j,4.580746
2.146271+1.295435j,0.147034+1.507151j,-0.656284-1.849767j,4.583709
2.147457+1.297231j,0.147081+1.506236j,-0.656575-1.849931j,4.586670
2.148644+1.299030j,0.147127+1.505320j,-0.656865-1.850096j,4.589632
2.149832+1.300830j,0.147173+1.504400j,-0.657155-1.850261j,4.592593
2.151019+1.302632j,0.147219+1.503479j,-0.657446-1.850425j,4.595553
2.152207+1.304436j,0.147265+1.502555j,-0.657736-1.850590j,4.598513
2.153395+1.306242j,0.147310+1.501629j,-0.658027-1.850754j,4.601472
2.154584+1.308050j,0.147355+1.500701j,-0.658317-1.850919j,4.604430
2.155772+1.309859j,0.147399+1.499771j,-0.658608-1.851083j,4.607388
2.156961+1.311671j,0.147443+1.498838j,-0.658899-1.851248j,4.610345
2.158150+1.313484j,0.147487+1.497902j,-0.659189-1.851412j,4.613302
2.159340+1.315299j,0.147531+1.496965j,-0.659480-1.851577j,4.616259
2.160529+1.317116j,0.147574+1.496024j,-0.659771-1.851741j,4.619214
2.161719+1.318935j,0.147617+1.495082j,-0.660062-1.851906j,4.622169
2.162909+1.320755j,0.147659+1.494137j,-0.660353-1.852070j,4.625124
2.164100+1.322578j,0.147701+1.493190j,-0.660644-1.852234j,4.628078
2.165290+1.324402j,0.147743+1.492240j,-0.660935-1.852399j,4.631031
2.166481+1.326228j,0.147784+1.491288j,-0.661226-1.852563j,4.633984
2.167672+1.328056j,0.147825+1.490333j,-0.661518-1.852728j,4.636936
2.168864+1.329886j,0.147865+1.489376j,-0.661809-1.852892j,4.639887
2.170055+1.331718j,0.147905+1.488417j,-0.662100-1.853057j,4.642838
2.171247+1.333552j,0.147944+1.487454j,-0.662392-1.853221j,4.645789
2.172439+1.335387j,0.147983+1.486490j,-0.662683-1.853386j,4.648738
2.173632+1.337224j,0.148022+1.485523j,-0.662975-1.853550j,4.651687
2.174824+1.339064j,0.148060+1.484553j,-0.663266-1.853715j,4.654636
2.176017+1.340905j,0.148098+1.483581j,-0.663558-1.853879j,4.657584
2.177210+1.342748j,0.148135+1.482606j,-0.663850-1.854043j,4.660531
2.178404+1.344592j,0.148172+1.481629j,-0.664141-1.854208j,4.663478
2.179597+1.346439j,0.148208+1.480649j,-0.664433-1.854372j,4.666424
2.180791+1.348287j,0.148244+1.479667j,-0.664725-1.854537j,4.669369
2.181985+1.350138j,0.148279+1.478682j,-0.665017-1.854701j,4.672314
2.183179+1.351990j,0.148313+1.477694j,-0.665309-1.854866j,4.675259
2.184374+1.353844j,0.148348+1.476704j,-0.665601-1.855030j,4.678202
2.185569+1.355700j,0.148381+1.475711j,-0.665893-1.855194j,4.681145
2.186764+1.357558j,0.148414+1.474715j,-0.666185-1.855359j,4.684088
2.187959+1.359418j,0.148447+1.473717j,-0.666477-1.855523j,4.687029
2.189155+1.361280j,0.148478+1.472716j,-0.666770-1.855688j,4.689970
2.190350+1.363143j,0.148510+1.471713j,-0.667062-1.855852j,4.692911
2.191547+1.365009j,0.148540+1.470706j,-0.667354-1.856016j,4.695851
2.192743+1.366876j,0.148570+1.469697j,-0.667647-1.856181j,4.698790
2.193939+1.368745j,0.148600+1.468685j,-0.667939-1.856345j,4.701728
2.195136+1.370617j,0.148629+1.467671j,-0.668232-1.856510j,4.704666
2.196333+1.372490j,0.148657+1.466653j,-0.668525-1.856674j,4.707604
2.197530+1.374365j,0.148684+1.465633j,-0.668817-1.856838j,4.710540
2.198728+1.376241j,0.148711+1.464610j,-0.669110-1.857003j,4.713476
2.199925+1.378120j,0.148737+1.463585j,-0.669403-1.857167j,4.716411
2.201123+1.380001j,0.148763+1.462556j,-0.669696-1.857331j,4.719346
2.202321+1.381883j,0.148788+1.461525j,-0.669988-1.857496j,4.722280
2.203520+1.383768j,0.148812+1.460491j,-0.670281-1.857660j,4.725213
2.204718+1.385654j,0.148835+1.459454j,-0.670574-1.857824j,4.728146
2.205917+1.387542j,0.148857+1.458414j,-0.670867-1.857989j,4.731078
2.207116+1.389432j,0.148879+1.457371j,-0.671161-1.858153j,4.734010
2.208316+1.391324j,0.148900+1.456325j,-0.671454-1.858318j,4.736940
2.209515+1.393218j,0.148920+1.455276j,-0.671747-1.858482j,4.739870
2.210715+1.395114j,0.148940+1.454225j,-0.672040-1.858646j,4.742800
2.211915+1.397012j,0.148958+1.453170j,-0.672334-1.858811j,4.745728
2.213115+1.398912j,0.148976+1.452112j,-0.672627-1.858975j,4.748656
2.214316+1.400813j,0.148993+1.451052j,-0.672920-1.859139j,4.751583
2.215517+1.402717j,0.149009+1.449988j,-0.673214-1.859304j,4.754510
2.216718+1.404622j,0.149024+1.448922j,-0.673508-1.859468j,4.757436
2.217919+1.406529j,0.149039+1.447852j,-0.673801-1.859632j,4.760361
2.219120+1.408439j,0.149052+1.446779j,-0.674095-1.859797j,4.763286
2.220322+1.410350j,0.149065+1.445704j,-0.674389-1.859961j,4.766210
2.221524+1.412263j,0.149076+1.444625j,-0.674682-1.860125j,4.769133
2.222726+1.414178j,0.149087+1.443543j,-0.674976-1.860289j,4.772055
2.223928+1.416095j,0.149096+1.442458j,-0.675270-1.860454j,4.774977
2.225130+1.418014j,0.149105+1.441370j,-0.675564-1.860618j,4.777898
2.226333+1.419935j,0.149113+1.440278j,-0.675858-1.860782j,4.780818
2.227536+1.421858j,0.149119+1.439184j,-0.676152-1.860947j,4.783738
2.228739+1.423782j,0.149125+1.438086j,-0.676446-1.861111j,4.786657
2.229943+1.425709j,0.149129+1.436985j,-0.676741-1.861275j,4.789575
2.231146+1.427638j,0.149133+1.435881j,-0.677035-1.861440j,4.792492
2.232350+1.429568j,0.149135+1.434774j,-0.677329-1.861604j,4.795409
2.233554+1.431501j,0.149136+1.433664j,-0.677623-1.861768j,4.798325
2.234759+1.433435j,0.149136+1.432550j,-0.677918-1.861933j,4.801241
2.235963+1.435372j,0.149135+1.431433j,-0.678212-1.862097j,4.804155
2.237168+1.437310j,0.149133+1.430312j,-0.678507-1.862261j,4.807069
2.238373+1.439250j,0.149129+1.429189j,-0.678801-1.862425j,4.809982
2.239578+1.441192j,0.149125+1.428062j,-0.679096-1.862590j,4.812894
2.240784+1.443136j,0.149119+1.426931j,-0.679391-1.862754j,4.815806
2.241989+1.445083j,0.149112+1.425798j,-0.679685-1.862918j,4.818717
2.243195+1.447031j,0.149103+1.424661j,-0.679980-1.863083j,4.821627
2.244401+1.448981j,0.149093+1.423520j,-0.680275-1.863247j,4.824536
2.245607+1.450933j,0.149082+1.422376j,-0.680570-1.863411j,4.827445
2.246814+1.452887j,0.149070+1.421229j,-0.680865-1.863575j,4.830353
2.248021+1.454843j,0.149056+1.420078j,-0.681160-1.863740j,4.833260
2.249228+1.456800j,0.149041+1.418924j,-0.681455-1.863904j,4.836166
2.250435+1.458760j,0.149024+1.417766j,-0.681750-1.864068j,4.839072
2.251642+1.460722j,0.149006+1.416605j,-0.682045-1.864232j,4.841976
2.252850+1.462686j,0.148987+1.415440j,-0.682341-1.864397j,4.844880
2.254057+1.464651j,0.148966+1.414272j,-0.682636-1.864561j,4.847784
2.255265+1.466619j,0.148943+1.413100j,-0.682931-1.864725j,4.850686
2.256474+1.468589j,0.148919+1.411925j,-0.683227-1.864890j,4.853588
2.257682+1.470561j,0.148893+1.410746j,-0.683522-1.865054j,4.856488
2.258891+1.472534j,0.148866+1.409563j,-0.683818-1.865218j,4.859389
2.260099+1.474510j,0.148837+1.408377j,-0.684113-1.865382j,4.862288
2.261308+1.476487j,0.148807+1.407188j,-0.684409-1.865547j,4.865186
2.262518+1.478467j,0.148774+1.405994j,-0.684704-1.865711j,4.868084
2.263727+1.480448j,0.148740+1.404797j,-0.685000-1.865875j,4.870981
2.264937+1.482432j,0.148705+1.403596j,-0.685296-1.866039j,4.873877
2.266147+1.484417j,0.148667+1.402392j,-0.685592-1.866204j,4.876772
2.267357+1.486405j,0.148628+1.401183j,-0.685888-1.866368j,4.879667
2.268567+1.488394j,0.148587+1.399971j,-0.686184-1.866532j,4.882560
2.269778+1.490386j,0.148544+1.398756j,-0.686480-1.866696j,4.885453
2.270988+1.492379j,0.148499+1.397536j,-0.686776-1.866861j,4.888345
2.272199+1.494375j,0.148452+1.396313j,-0.687072-1.867025j,4.891236
2.273410+1.496372j,0.148404+1.395086j,-0.687368-1.867189j,4.894127
2.274621+1.498372j,0.148353+1.393855j,-0.687664-1.867353j,4.897016
2.275833+1.500373j,0.148300+1.392620j,-0.687961-1.867518j,4.899905
2.277045+1.502377j,0.148245+1.391381j,-0.688257-1.867682j,4.902793
2.278257+1.504382j,0.148188+1.390139j,-0.688553-1.867846j,4.905679
2.279469+1.506389j,0.148129+1.388892j,-0.688850-1.868010j,4.908566
2.280681+1.508399j,0.148068+1.387642j,-0.689146-1.868175j,4.911451
2.281893+1.510410j,0.148004+1.386388j,-0.689443-1.868339j,4.914335
2.283106+1.512424j,0.147939+1.385130j,-0.689739-1.868503j,4.917219
2.284319+1.514439j,0.147871+1.383867j,-0.690036-1.868667j,4.920102
2.285532+1.516457j,0.147801+1.382601j,-0.690333-1.868831j,4.922983
2.286745+1.518476j,0.147728+1.381331j,-0.690629-1.868996j,4.925864
2.287959+1.520498j,0.147653+1.380057j,-0.690926-1.869160j,4.928744
2.289173+1.522521j,0.147575+1.378779j,-0.691223-1.869324j,4.931624
2.290386+1.524547j,0.147495+1.377497j,-0.691520-1.869488j,4.934502
2.291600+1.526574j,0.147413+1.376211j,-0.691817-1.869653j,4.937379
2.292815+1.528604j,0.147328+1.374920j,-0.692114-1.869817j,4.940256
2.294029+1.530636j,0.147240+1.373626j,-0.692411-1.869981j,4.943131
2.295244+1.532669j,0.147150+1.372328j,-0.692708-1.870145j,4.946006
2.296459+1.534705j,0.147057+1.371025j,-0.693005-1.870310j,4.948880
2.297674+1.536743j,0.146961+1.369718j,-0.693303-1.870474j,4.951753
2.298889+1.538782j,0.146862+1.368408j,-0.693600-1.870638j,4.954625
2.300104+1.540824j,0.146761+1.367093j,-0.693897-1.870802j,4.957496
2.301320+1.542868j,0.146656+1.365774j,-0.694195-1.870966j,4.960366
2.302536+1.544914j,0.146549+1.364450j,-0.694492-1.871131j,4.963236
2.303752+1.546961j,0.146439+1.363123j,-0.694790-1.871295j,4.966104
2.304968+1.549011j,0.146325+1.361791j,-0.695087-1.871459j,4.968971
2.306184+1.551063j,0.146209+1.360456j,-0.695385-1.871623j,4.971838
2.307401+1.553117j,0.146090+1.359116j,-0.695683-1.871788j,4.974703
2.308617+1.555173j,0.145967+1.357771j,-0.695980-1.871952j,4.977568
2.309834+1.557231j,0.145841+1.356423j,-0.696278-1.872116j,4.980432
2.311051+1.559291j,0.145712+1.355070j,-0.696576-1.872280j,4.983294
2.312269+1.561354j,0.145579+1.353713j,-0.696874-1.872444j,4.986156
2.313486+1.563418j,0.145443+1.352352j,-0.697172-1.872609j,4.989017
2.314704+1.565484j,0.145303+1.350986j,-0.697470-1.872773j,4.991877
2.315922+1.567552j,0.145160+1.349617j,-0.697768-1.872937j,4.994736
2.317140+1.569623j,0.145014+1.348243j,-0.698066-1.873101j,4.997594
2.318358+1.571695j,0.144863+1.346864j,-0.698364-1.873265j,5.000450
2.319576+1.573769j,0.144709+1.345482j,-0.698662-1.873430j,5.003306
2.320795+1.575846j,0.144552+1.344095j,-0.698960-1.873594j,5.006161
2.322014+1.577925j,0.144390+1.342704j,-0.699259-1.873758j,5.009015
2.323232+1.580005j,0.144225+1.341308j,-0.699557-1.873922j,5.011868
2.324451+1.582088j,0.144055+1.339908j,-0.699855-1.874087j,5.014720
2.325671+1.584173j,0.143882+1.338504j,-0.700154-1.874251j,5.017571
2.326890+1.586259j,0.143704+1.337096j,-0.700452-1.874415j,5.020421
2.328110+1.588348j,0.143523+1.335683j,-0.700751-1.874579j,5.023270
2.329330+1.590439j,0.143337+1.334266j,-0.701050-1.874743j,5.026118
2.330550+1.592532j,0.143147+1.332845j,-0.701348-1.874908j,5.028965
2.331770+1.594627j,0.142952+1.331419j,-0.701647-1.875072j,5.031811
2.332990+1.596725j,0.142753+1.329990j,-0.701946-1.875236j,5.034656
2.334210+1.598824j,0.142550+1.328556j,-0.702245-1.875400j,5.037500
2.335431+1.600925j,0.142342+1.327117j,-0.702544-1.875564j,5.040342
2.336652+1.603029j,0.142129+1.325675j,-0.702842-1.875729j,5.043184
2.337873+1.605134j,0.141912+1.324228j,-0.703141-1.875893j,5.046025
2.339094+1.607242j,0.141690+1.322777j,-0.703440-1.876057j,5.048864
2.340315+1.609351j,0.141463+1.321321j,-0.703740-1.876221j,5.051703
2.341537+1.611463j,0.141231+1.319862j,-0.704039-1.876386j,5.054541
2.342759+1.613577j,0.140994+1.318398j,-0.704338-1.876550j,5.057377
2.343980+1.615693j,0.140752+1.316930j,-0.704637-1.876714j,5.060213
2.345202+1.617811j,0.140505+1.315458j,-0.704936-1.876878j,5.063047
2.346425+1.619931j,0.140253+1.313982j,-0.705236-1.877042j,5.065880
2.347647+1.622053j,0.139995+1.312502j,-0.705535-1.877207j,5.068712
2.348870+1.624178j,0.139732+1.311017j,-0.705835-1.877371j,5.071543
2.350092+1.626304j,0.139463+1.309529j,-0.706134-1.877535j,5.074373
2.351315+1.628433j,0.139189+1.308036j,-0.706434-1.877699j,5.077202
2.352538+1.630563j,0.138910+1.306540j,-0.706733-1.877864j,5.080030
2.353761+1.632696j,0.138624+1.305039j,-0.707033-1.878028j,5.082857
2.354984+1.634831j,0.138333+1.303535j,-0.707333-1.878192j,5.085682
2.356208+1.636968j,0.138036+1.302026j,-0.707632-1.878356j,5.088507
2.357432+1.639107j,0.137733+1.300514j,-0.707932-1.878520j,5.091330
2.358655+1.641248j,0.137424+1.298998j,-0.708232-1.878685j,5.094152
2.359879+1.643391j,0.137108+1.297478j,-0.708532-1.878849j,5.096973
2.361103+1.645537j,0.136787+1.295954j,-0.708832-1.879013j,5.099793
2.362328+1.647684j,0.136459+1.294426j,-0.709132-1.879177j,5.102612
2.363552+1.649834j,0.136125+1.292895j,-0.709432-1.879342j,5.105430
2.364777+1.651985j,0.135784+1.291360j,-0.709732-1.879506j,5.108246
2.366002+1.654139j,0.135437+1.289822j,-0.710032-1.879670j,5.111062
2.367226+1.656295j,0.135083+1.288280j,-0.710333-1.879834j,5.113876
2.368452+1.658453j,0.134723+1.286735j,-0.710633-1.879998j,5.116689
2.369677+1.660614j,0.134355+1.285186j,-0.710933-1.880163j,5.119501
2.370902+1.662776j,0.133981+1.283634j,-0.711234-1.880327j,5.122312
2.372128+1.664941j,0.133600+1.282078j,-0.711534-1.880491j,5.125121
2.373353+1.667107j,0.133212+1.280519j,-0.711835-1.880655j,5.127930
2.374579+1.669276j,0.132816+1.278957j,-0.712135-1.880820j,5.130737
2.375805+1.671447j,0.132414+1.277392j,-0.712436-1.880984j,5.133543
2.377031+1.673620j,0.132004+1.275824j,-0.712736-1.881148j,5.136348
2.378257+1.675795j,0.131587+1.274253j,-0.713037-1.881312j,5.139152
2.379484+1.677972j,0.131162+1.272679j,-0.713338-1.881477j,5.141954
2.380710+1.680152j,0.130730+1.271103j,-0.713638-1.881641j,5.144755
2.381937+1.682333j,0.130290+1.269523j,-0.713939-1.881805j,5.147555
2.383164+1.684517j,0.129842+1.267941j,-0.714240-1.881969j,5.150354
2.384391+1.686703j,0.129387+1.266357j,-0.714541-1.882134j,5.153152
2.385618+1.688891j,0.128923+1.264769j,-0.714842-1.882298j,5.155948
2.386846+1.691081j,0.128452+1.263180j,-0.715143-1.882462j,5.158743
2.388073+1.693273j,0.127973+1.261588j,-0.715444-1.882626j,5.161537
2.389301+1.695468j,0.127486+1.259994j,-0.715745-1.882791j,5.164330
2.390528+1.697665j,0.126990+1.258398j,-0.716047-1.882955j,5.167122
2.391756+1.699863j,0.126487+1.256801j,-0.716348-1.883119j,5.169912
2.392984+1.702064j,0.125975+1.255201j,-0.716649-1.883283j,5.172701
2.394212+1.704267j,0.125454+1.253599j,-0.716950-1.883448j,5.175489
2.395441+1.706473j,0.124926+1.251996j,-0.717252-1.883612j,5.178275
2.396669+1.708680j,0.124389+1.250391j,-0.717553-1.883776j,5.181061
2.397898+1.710890j,0.123843+1.248785j,-0.717855-1.883940j,5.183845
2.399126+1.713101j,0.123289+1.247178j,-0.718156-1.884105j,5.186628
2.400355+1.715315j,0.122726+1.245569j,-0.718458-1.884269j,5.189409
2.401584+1.717531j,0.122154+1.243959j,-0.718760-1.884433j,5.192189
2.402813+1.719750j,0.121574+1.242349j,-0.719061-1.884597j,5.194969
2.404042+1.721970j,0.120985+1.240737j,-0.719363-1.884762j,5.197746
2.405272+1.724193j,0.120387+1.239125j,-0.719665-1.884926j,5.200523
2.406501+1.726418j,0.119781+1.237512j,-0.719967-1.885090j,5.203298
2.407731+1.728645j,0.119165+1.235899j,-0.720268-1.885254j,5.206072
2.408961+1.730874j,0.118541+1.234286j,-0.720570-1.885419j,5.208845
2.410191+1.733105j,0.117907+1.232672j,-0.720872-1.885583j,5.211616
2.411421+1.735339j,0.117265+1.231058j,-0.721174-1.885747j,5.214386
2.412651+1.737574j,0.116614+1.229445j,-0.721477-1.885911j,5.217155
2.413881+1.739812j,0.115953+1.227832j,-0.721779-1.886076j,5.219923
2.415112+1.742052j,0.115284+1.226219j,-0.722081-1.886240j,5.222689
2.416342+1.744295j,0.114606+1.224606j,-0.722383-1.886404j,5.225454
2.417573+1.746539j,0.113918+1.222995j,-0.722685-1.886569j,5.228218
2.418804+1.748786j,0.113222+1.221384j,-0.722988-1.886733j,5.230980
2.420035+1.751035j,0.112516+1.219774j,-0.723290-1.886897j,5.233741
2.421266+1.753286j,0.111802+1.218166j,-0.723593-1.887061j,5.236501
2.422497+1.755539j,0.111078+1.216558j,-0.723895-1.887226j,5.239260
2.423728+1.757795j,0.110346+1.214952j,-0.724198-1.887390j,5.242017
2.424960+1.760052j,0.109604+1.213348j,-0.724500-1.887554j,5.244773
2.426191+1.762312j,0.108853+1.211745j,-0.724803-1.887719j,5.247528
2.427423+1.764574j,0.108094+1.210144j,-0.725106-1.887883j,5.250281
2.428655+1.766839j,0.107326+1.208545j,-0.725408-1.888047j,5.253033
2.429887+1.769105j,0.106548+1.206948j,-0.725711-1.888211j,5.255784
2.431119+1.771374j,0.105762+1.205353j,-0.726014-1.888376j,5.258534
2.432351+1.773645j,0.104967+1.203761j,-0.726317-1.888540j,5.261282
2.433583+1.775918j,0.104163+1.202171j,-0.726620-1.888704j,5.264029
2.434816+1.778193j,0.103351+1.200584j,-0.726923-1.888869j,5.266775
2.436048+1.780471j,0.102530+1.199000j,-0.727226-1.889033j,5.269519
2.437281+1.782751j,0.101700+1.197419j,-0.727529-1.889197j,5.272262
2.438513+1.785033j,0.100862+1.195841j,-0.727832-1.889362j,5.275004
2.439746+1.787317j,0.100015+1.194266j,-0.728135-1.889526j,5.277744
2.440979+1.789603j,0.099160+1.192695j,-0.728438-1.889690j,5.280484
2.442212+1.791892j,0.098297+1.191127j,-0.728742-1.889854j,5.283222
2.443445+1.794183j,0.097425+1.189562j,-0.729045-1.890019j,5.285958
2.444679+1.796476j,0.096545+1.188002j,-0.729348-1.890183j,5.288694
2.445912+1.798772j,0.095657+1.186445j,-0.729652-1.890347j,5.291428
2.447146+1.801069j,0.094761+1.184892j,-0.729955-1.890512j,5.294160
2.448379+1.803369j,0.093857+1.183343j,-0.730259-1.890676j,5.296892
2.449613+1.805671j,0.092946+1.181799j,-0.730562-1.890840j,5.299622
2.450847+1.807976j,0.092026+1.180258j,-0.730866-1.891005j,5.302351
2.452081+1.810282j,0.091099+1.178723j,-0.731170-1.891169j,5.305079
2.453315+1.812591j,0.090164+1.177191j,-0.731473-1.891333j,5.307805
2.454549+1.814902j,0.089222+1.175665j,-0.731777-1.891498j,5.310530
2.455783+1.817216j,0.088273+1.174143j,-0.732081-1.891662j,5.313254
2.457018+1.819531j,0.087316+1.172626j,-0.732385-1.891826j,5.315977
2.458252+1.821849j,0.086353+1.171113j,-0.732689-1.891991j,5.318698
2.459487+1.824169j,0.085382+1.169606j,-0.732993-1.892155j,5.321418
2.460722+1.826491j,0.084404+1.168104j,-0.733297-1.892319j,5.324137
2.461956+1.828816j,0.083420+1.166607j,-0.733601-1.892484j,5.326854
2.463191+1.831143j,0.082429+1.165115j,-0.733905-1.892648j,5.329571
2.464426+1.833472j,0.081431+1.163629j,-0.734209-1.892813j,5.332286
2.465661+1.835804j,0.080427+1.162148j,-0.734513-1.892977j,5.334999
2.466896+1.838137j,0.079417+1.160672j,-0.734817-1.893141j,5.337712
2.468132+1.840473j,0.078400+1.159202j,-0.735122-1.893306j,5.340423
2.469367+1.842811j,0.077378+1.157737j,-0.735426-1.893470j,5.343133
2.470603+1.845152j,0.076349+1.156278j,-0.735730-1.893634j,5.345842
2.471838+1.847494j,0.075315+1.154825j,-0.736035-1.893799j,5.348550
2.473074+1.849839j,0.074275+1.153377j,-0.736339-1.893963j,5.351256
2.474310+1.852187j,0.073229+1.151935j,-0.736644-1.894127j,5.353961
2.475545+1.854536j,0.072178+1.150499j,-0.736948-1.894292j,5.356665
2.476781+1.856888j,0.071122+1.149069j,-0.737253-1.894456j,5.359368
2.478017+1.859242j,0.070060+1.147644j,-0.737558-1.894621j,5.362070
2.479253+1.861599j,0.068993+1.146226j,-0.737862-1.894785j,5.364770
2.480490+1.863957j,0.067922+1.144813j,-0.738167-1.894949j,5.367469
2.481726+1.866318j,0.066845+1.143406j,-0.738472-1.895114j,5.370167
2.482962+1.868682j,0.065764+1.142005j,-0.738777-1.895278j,5.372864
2.484199+1.871047j,0.064678+1.140611j,-0.739082-1.895443j,5.375559
2.485435+1.873415j,0.063588+1.139222j,-0.739387-1.895607j,5.378253
2.486672+1.875785j,0.062493+1.137839j,-0.739692-1.895771j,5.380947
2.487909+1.878157j,0.061394+1.136462j,-0.739997-1.895936j,5.383639
2.489146+1.880532j,0.060291+1.135091j,-0.740302-1.896100j,5.386329
2.490382+1.882909j,0.059184+1.133726j,-0.740607-1.896265j,5.389019
2.491619+1.885289j,0.058073+1.132367j,-0.740912-1.896429j,5.391707
2.492856+1.887670j,0.056958+1.131014j,-0.741217-1.896593j,5.394395
2.494094+1.890054j,0.055840+1.129667j,-0.741523-1.896758j,5.397081
2.495331+1.892440j,0.054717+1.128326j,-0.741828-1.896922j,5.399766
2.496568+1.894829j,0.053592+1.126991j,-0.742134-1.897087j,5.402450
2.497806+1.897220j,0.052463+1.125662j,-0.742439-1.897251j,5.405132
2.499043+1.899613j,0.051331+1.124339j,-0.742744-1.897416j,5.407814
2.500281+1.902008j,0.050196+1.123022j,-0.743050-1.897580j,5.410494
2.501518+1.904406j,0.049057+1.121711j,-0.743356-1.897744j,5.413173
2.502756+1.906806j,0.047916+1.120405j,-0.743661-1.897909j,5.415851
2.503994+1.909209j,0.046772+1.119105j,-0.743967-1.898073j,5.418528
2.505231+1.911613j,0.045625+1.117811j,-0.744273-1.898238j,5.421204
2.506469+1.914020j,0.044475+1.116523j,-0.744578-1.898402j,5.423879
2.507707+1.916430j,0.043323+1.115241j,-0.744884-1.898567j,5.426553
2.508945+1.918842j,0.042169+1.113964j,-0.745190-1.898731j,5.429225
2.510183+1.921256j,0.041012+1.112693j,-0.745496-1.898896j,5.431897
2.511422+1.923672j,0.039852+1.111428j,-0.745802-1.899060j,5.434567
2.512660+1.926091j,0.038691+1.110169j,-0.746108-1.899225j,5.437236
2.513898+1.928512j,0.037527+1.108914j,-0.746414-1.899389j,5.439905
2.515137+1.930935j,0.036362+1.107666j,-0.746720-1.899554j,5.442572
2.516375+1.933361j,0.035194+1.106423j,-0.747026-1.899718j,5.445238
2.517614+1.935789j,0.034025+1.105185j,-0.747332-1.899882j,5.447902
2.518852+1.938219j,0.032853+1.103953j,-0.747639-1.900047j,5.450566
2.520091+1.940652j,0.031680+1.102726j,-0.747945-1.900211j,5.453229
2.521330+1.943087j,0.030506+1.101504j,-0.748251-1.900376j,5.455891
2.522568+1.945524j,0.029329+1.100288j,-0.748558-1.900540j,5.458551
2.523807+1.947964j,0.028152+1.099077j,-0.748864-1.900705j,5.461211
2.525046+1.950406j,0.026972+1.097871j,-0.749170-1.900869j,5.463870
2.526285+1.952851j,0.025792+1.096670j,-0.749477-1.901034j,5.466527
2.527524+1.955297j,0.024610+1.095474j,-0.749783-1.901198j,5.469183
2.528763+1.957747j,0.023427+1.094283j,-0.750090-1.901363j,5.471839
2.530002+1.960198j,0.022242+1.093098j,-0.750397-1.901527j,5.474493
2.531241+1.962652j,0.021057+1.091917j,-0.750703-1.901692j,5.477147
2.532481+1.965108j,0.019870+1.090741j,-0.751010-1.901857j,5.479799
2.533720+1.967567j,0.018683+1.089569j,-0.751317-1.902021j,5.482450
2.534959+1.970028j,0.017494+1.088403j,-0.751624-1.902186j,5.485100
2.536199+1.972491j,0.016304+1.087241j,-0.751931-1.902350j,5.487750
2.537438+1.974957j,0.015114+1.086084j,-0.752238-1.902515j,5.490398
2.538678+1.977425j,0.013923+1.084932j,-0.752545-1.902679j,5.493045
2.539917+1.979895j,0.012731+1.083784j,-0.752852-1.902844j,5.495691
2.541157+1.982368j,0.011538+1.082640j,-0.753159-1.903008j,5.498336
2.542397+1.984843j,0.010345+1.081501j,-0.753466-1.903173j,5.500981
2.543636+1.987321j,0.009151+1.080367j,-0.753773-1.903337j,5.503624
2.544876+1.989801j,0.007956+1.079236j,-0.754080-1.903502j,5.506266
2.546116+1.992283j,0.006761+1.078110j,-0.754387-1.903666j,5.508907
2.547356+1.994768j,0.005565+1.076989j,-0.754695-1.903831j,5.511547
2.548596+1.997255j,0.004369+1.075871j,-0.755002-1.903996j,5.514187
2.549836+1.999745j,0.003173+1.074757j,-0.755309-1.904160j,5.516825
2.551076+2.002237j,0.001976+1.073648j,-0.755617-1.904325j,5.519462
2.552316+2.004731j,0.000778+1.072542j,-0.755924-1.904489j,5.522099
2.553556+2.007227j,-0.000419+1.071441j,-0.756232-1.904654j,5.524734
2.554796+2.009726j,-0.001617+1.070343j,-0.756539-1.904819j,5.527368
2.556036+2.012228j,-0.002816+1.069249j,-0.756847-1.904983j,5.530002
2.557276+2.014732j,-0.004014+1.068159j,-0.757155-1.905148j,5.532634
2.558516+2.017238j,-0.005213+1.067073j,-0.757462-1.905312j,5.535266
2.559757+2.019747j,-0.006412+1.065990j,-0.757770-1.905477j,5.537896
2.560997+2.022258j,-0.007611+1.064911j,-0.758078-1.905641j,5.540526
2.562237+2.024771j,-0.008810+1.063835j,-0.758386-1.905806j,5.543155
2.563478+2.027287j,-0.010010+1.062763j,-0.758694-1.905971j,5.545782
2.564718+2.029805j,-0.011209+1.061695j,-0.759002-1.906135j,5.548409
2.565958+2.032326j,-0.012409+1.060630j,-0.759310-1.906300j,5.551035
2.567199+2.034849j,-0.013608+1.059568j,-0.759618-1.906465j,5.553660
2.568439+2.037375j,-0.014808+1.058509j,-0.759926-1.906629j,5.556284
2.569680+2.039903j,-0.016008+1.057454j,-0.760234-1.906794j,5.558907
2.570920+2.042433j,-0.017208+1.056402j,-0.760542-1.906958j,5.561529
2.572161+2.044966j,-0.018407+1.055353j,-0.760850-1.907123j,5.564151
2.573402+2.047501j,-0.019607+1.054307j,-0.761158-1.907288j,5.566771
2.574642+2.050038j,-0.020807+1.053264j,-0.761467-1.907452j,5.569390
2.575883+2.052579j,-0.022006+1.052224j,-0.761775-1.907617j,5.572009
2.577124+2.055121j,-0.023206+1.051187j,-0.762083-1.907782j,5.574626
2.578364+2.057666j,-0.024405+1.050153j,-0.762392-1.907946j,5.577243
2.579605+2.060213j,-0.025605+1.049121j,-0.762700-1.908111j,5.579859
2.580846+2.062763j,-0.026804+1.048093j,-0.763009-1.908276j,5.582474
2.582087+2.065315j,-0.028003+1.047067j,-0.763317-1.908440j,5.585087
2.583327+2.067870j,-0.029202+1.046043j,-0.763626-1.908605j,5.587701
2.584568+2.070427j,-0.030401+1.045023j,-0.763935-1.908770j,5.590313
2.585809+2.072986j,-0.031600+1.044005j,-0.764243-1.908934j,5.592924
2.587050+2.075548j,-0.032799+1.042989j,-0.764552-1.909099j,5.595534
2.588291+2.078113j,-0.033998+1.041976j,-0.764861-1.909264j,5.598144
2.589532+2.080680j,-0.035196+1.040965j,-0.765170-1.909429j,5.600752
2.590773+2.083249j,-0.036395+1.039957j,-0.765479-1.909593j,5.603360
2.592014+2.085821j,-0.037593+1.038951j,-0.765788-1.909758j,5.605967
2.593255+2.088395j,-0.038791+1.037947j,-0.766096-1.909923j,5.608573
2.594496+2.090972j,-0.039989+1.036945j,-0.766405-1.910087j,5.611178
2.595737+2.093551j,-0.041187+1.035946j,-0.766715-1.910252j,5.613782
2.596977+2.096132j,-0.042384+1.034948j,-0.767024-1.910417j,5.616385
2.598218+2.098716j,-0.043582+1.033953j,-0.767333-1.910582j,5.618988
2.599459+2.101303j,-0.044779+1.032960j,-0.767642-1.910746j,5.621589
2.600700+2.103892j,-0.045976+1.031968j,-0.767951-1.910911j,5.624190
2.601941+2.106483j,-0.047173+1.030979j,-0.768260-1.911076j,5.626790
2.603183+2.109077j,-0.048370+1.029992j,-0.768570-1.911241j,5.629389
2.604424+2.111673j,-0.049567+1.029006j,-0.768879-1.911405j,5.631987
2.605665+2.114272j,-0.050764+1.028022j,-0.769189-1.911570j,5.634584
2.606906+2.116874j,-0.051960+1.027040j,-0.769498-1.911735j,5.637180
2.608147+2.119477j,-0.053157+1.026059j,-0.769808-1.911900j,5.639776
2.609388+2.122084j,-0.054353+1.025080j,-0.770117-1.912064j,5.642370
2.610629+2.124692j,-0.055549+1.024103j,-0.770427-1.912229j,5.644964
2.611870+2.127304j,-0.056746+1.023127j,-0.770736-1.912394j,5.647557
2.613111+2.129917j,-0.057942+1.022153j,-0.771046-1.912559j,5.650149
2.614352+2.132533j,-0.059138+1.021180j,-0.771356-1.912723j,5.652740
2.615593+2.135152j,-0.060334+1.020208j,-0.771665-1.912888j,5.655331
2.616834+2.137773j,-0.061529+1.019238j,-0.771975-1.913053j,5.657920
2.618075+2.140397j,-0.062725+1.018269j,-0.772285-1.913218j,5.660509
2.619316+2.143023j,-0.063921+1.017302j,-0.772595-1.913383j,5.663097
2.620557+2.145652j,-0.065117+1.016335j,-0.772905-1.913547j,5.665684
2.621798+2.148283j,-0.066312+1.015370j,-0.773215-1.913712j,5.668270
2.623039+2.150917j,-0.067508+1.014406j,-0.773525-1.913877j,5.670855
2.624280+2.153553j,-0.068704+1.013443j,-0.773835-1.914042j,5.673439
2.625521+2.156191j,-0.069900+1.012481j,-0.774145-1.914207j,5.676023
2.626762+2.158832j,-0.071095+1.011520j,-0.774455-1.914372j,5.678606
2.628003+2.161476j,-0.072291+1.010560j,-0.774765-1.914536j,5.681188
2.629244+2.164122j,-0.073487+1.009600j,-0.775076-1.914701j,5.683769
2.630485+2.166771j,-0.074683+1.008642j,-0.775386-1.914866j,5.686349
2.631726+2.169422j,-0.075879+1.007684j,-0.775696-1.915031j,5.688928
2.632967+2.172076j,-0.077075+1.006728j,-0.776007-1.915196j,5.691507
2.634207+2.174732j,-0.078271+1.005771j,-0.776317-1.915361j,5.694084
2.635448+2.177391j,-0.079468+1.004816j,-0.776628-1.915526j,5.696661
2.636689+2.180052j,-0.080664+1.003861j,-0.776938-1.915690j,5.699237
2.637930+2.182716j,-0.081861+1.002907j,-0.777249-1.915855j,5.701813
2.639171+2.185382j,-0.083058+1.001953j,-0.777559-1.916020j,5.704387
2.640412+2.188051j,-0.084255+1.001000j,-0.777870-1.916185j,5.706960
2.641652+2.190722j,-0.085452+1.000047j,-0.778180-1.916350j,5.709533
2.642893+2.193396j,-0.086650+0.999094j,-0.778491-1.916515j,5.712105
2.644134+2.196073j,-0.087848+0.998142j,-0.778802-1.916680j,5.714676
2.645374+2.198752j,-0.089046+0.997190j,-0.779113-1.916845j,5.717246
2.646615+2.201433j,-0.090245+0.996238j,-0.779424-1.917010j,5.719816
2.647856+2.204117j,-0.091444+0.995287j,-0.779734-1.917174j,5.722384
2.649096+2.206804j,-0.092643+0.994335j,-0.780045-1.917339j,5.724952
2.650337+2.209493j,-0.093843+0.993384j,-0.780356-1.917504j,5.727519
2.651578+2.212184j,-0.095043+0.992433j,-0.780667-1.917669j,5.730085
2.652818+2.214879j,-0.096243+0.991482j,-0.780978-1.917834j,5.732650
2.654059+2.217575j,-0.097444+0.990530j,-0.781290-1.917999j,5.735214
2.655299+2.220275j,-0.098646+0.989579j,-0.781601-1.918164j,5.737778
2.656539+2.222976j,-0.099848+0.988628j,-0.781912-1.918329j,5.740340
2.657780+2.225681j,-0.101050+0.987676j,-0.782223-1.918494j,5.742902
2.659020+2.228388j,-0.102253+0.986724j,-0.782534-1.918659j,5.745463
2.660260+2.231097j,-0.103457+0.985771j,-0.782846-1.918824j,5.748024
2.661501+2.233809j,-0.104661+0.984819j,-0.783157-1.918989j,5.750583
2.662741+2.236524j,-0.105866+0.983866j,-0.783469-1.919154j,5.753141
2.663981+2.239241j,-0.107072+0.982912j,-0.783780-1.919319j,5.755699
2.665221+2.241961j,-0.108278+0.981958j,-0.784091-1.919484j,5.758256
2.666461+2.244683j,-0.109485+0.981004j,-0.784403-1.919649j,5.760812
2.667702+2.247408j,-0.110693+0.980048j,-0.784715-1.919814j,5.763367
2.668942+2.250136j,-0.111902+0.979093j,-0.785026-1.919979j,5.765922
2.670182+2.252866j,-0.113112+0.978136j,-0.785338-1.920144j,5.768475
2.671421+2.255598j,-0.114322+0.977179j,-0.785650-1.920309j,5.771028
2.672661+2.258333j,-0.115534+0.976220j,-0.785961-1.920474j,5.773580
2.673901+2.261071j,-0.116746+0.975261j,-0.786273-1.920639j,5.776131
2.675141+2.263812j,-0.117960+0.974301j,-0.786585-1.920804j,5.778681
2.676381+2.266555j,-0.119174+0.973340j,-0.786897-1.920969j,5.781230
2.677620+2.269300j,-0.120390+0.972378j,-0.787209-1.921134j,5.783779
2.678860+2.272048j,-0.121606+0.971415j,-0.787521-1.921299j,5.786326
2.680100+2.274799j,-0.122824+0.970450j,-0.787833-1.921464j,5.788873
2.681339+2.277552j,-0.124043+0.969485j,-0.788145-1.921629j,5.791419
2.682579+2.280308j,-0.125264+0.968518j,-0.788457-1.921794j,5.793964
2.683818+2.283066j,-0.126485+0.967550j,-0.788769-1.921959j,5.796509
2.685058+2.285828j,-0.127708+0.966580j,-0.789081-1.922124j,5.799052
2.686297+2.288591j,-0.128933+0.965609j,-0.789393-1.922289j,5.801595
2.687536+2.291357j,-0.130158+0.964636j,-0.789705-1.922455j,5.804136
2.688775+2.294126j,-0.131386+0.963661j,-0.790018-1.922620j,5.806677
2.690015+2.296898j,-0.132614+0.962685j,-0.790330-1.922785j,5.809217
2.691254+2.299672j,-0.133845+0.961707j,-0.790643-1.922950j,5.811756
2.692493+2.302449j,-0.135077+0.960728j,-0.790955-1.923115j,5.814295
2.693732+2.305228j,-0.136311+0.959746j,-0.791267-1.923280j,5.816832
2.694970+2.308010j,-0.137546+0.958762j,-0.791580-1.923445j,5.819369
2.696209+2.310794j,-0.138784+0.957777j,-0.791892-1.923610j,5.821905
2.697448+2.313582j,-0.140023+0.956789j,-0.792205-1.923775j,5.824439
2.698687+2.316371j,-0.141264+0.955799j,-0.792518-1.923940j,5.826973
2.699925+2.319164j,-0.142507+0.954807j,-0.792830-1.924106j,5.829507
2.701164+2.321959j,-0.143752+0.953812j,-0.793143-1.924271j,5.832039
2.702402+2.324756j,-0.145000+0.952815j,-0.793456-1.924436j,5.834570
2.703641+2.327557j,-0.146249+0.951815j,-0.793769-1.924601j,5.837101
2.704879+2.330359j,-0.147501+0.950813j,-0.794081-1.924766j,5.839630
2.706117+2.333165j,-0.148755+0.949808j,-0.794394-1.924931j,5.842159
2.707356+2.335973j,-0.150012+0.948800j,-0.794707-1.925097j,5.844687
2.708594+2.338784j,-0.151271+0.947790j,-0.795020-1.925262j,5.847214
2.709832+2.341597j,-0.152533+0.946776j,-0.795333-1.925427j,5.849740
2.711070+2.344413j,-0.153797+0.945759j,-0.795646-1.925592j,5.852265
2.712308+2.347232j,-0.155064+0.944739j,-0.795959-1.925757j,5.854790
2.713545+2.350054j,-0.156334+0.943716j,-0.796272-1.925922j,5.857313
2.714783+2.352877j,-0.157607+0.942690j,-0.796586-1.926088j,5.859835
2.716021+2.355704j,-0.158882+0.941660j,-0.796899-1.926253j,5.862357
2.717258+2.358533j,-0.160161+0.940626j,-0.797212-1.926418j,5.864878
2.718496+2.361365j,-0.161443+0.939588j,-0.797525-1.926583j,5.867398
2.719733+2.364200j,-0.162729+0.938547j,-0.797839-1.926749j,5.869916
2.720970+2.367037j,-0.164018+0.937502j,-0.798152-1.926914j,5.872434
2.722208+2.369877j,-0.165310+0.936452j,-0.798465-1.927079j,5.874951
2.723445+2.372720j,-0.166606+0.935399j,-0.798779-1.927244j,5.877468
2.724682+2.375565j,-0.167906+0.934341j,-0.799092-1.927410j,5.879983
2.725919+2.378413j,-0.169209+0.933278j,-0.799406-1.927575j,5.882497
2.727156+2.381263j,-0.170517+0.932211j,-0.799719-1.927740j,5.885010
2.728392+2.384117j,-0.171828+0.931139j,-0.800033-1.927905j,5.887523
2.729629+2.386973j,-0.173144+0.930062j,-0.800347-1.928071j,5.890034
2.730866+2.389831j,-0.174465+0.928980j,-0.800660-1.928236j,5.892544
2.732102+2.392692j,-0.175790+0.927893j,-0.800974-1.928401j,5.895054
2.733338+2.395556j,-0.177119+0.926800j,-0.801288-1.928566j,5.897563
2.734575+2.398423j,-0.178454+0.925702j,-0.801602-1.928732j,5.900070
2.735811+2.401292j,-0.179794+0.924597j,-0.801916-1.928897j,5.902577
2.737047+2.404164j,-0.181138+0.923487j,-0.802230-1.929062j,5.905082
2.738283+2.407039j,-0.182489+0.922371j,-0.802544-1.929228j,5.907587
2.739519+2.409916j,-0.183844+0.921248j,-0.802857-1.929393j,5.910091
2.740755+2.412796j,-0.185206+0.920118j,-0.803172-1.929558j,5.912593
2.741990+2.415679j,-0.186573+0.918982j,-0.803486-1.929724j,5.915095
2.743226+2.418564j,-0.187947+0.917838j,-0.803800-1.929889j,5.917595
2.744461+2.421452j,-0.189327+0.916687j,-0.804114-1.930054j,5.920095
2.745697+2.424343j,-0.190714+0.915529j,-0.804428-1.930220j,5.922594
2.746932+2.427236j,-0.192108+0.914362j,-0.804742-1.930385j,5.925091
2.748167+2.430133j,-0.193508+0.913187j,-0.805057-1.930550j,5.927588
2.749402+2.433032j,-0.194917+0.912004j,-0.805371-1.930716j,5.930083
2.750637+2.435933j,-0.196333+0.910812j,-0.805685-1.930881j,5.932577
2.751872+2.438837j,-0.197757+0.909611j,-0.806000-1.931047j,5.935071
2.753107+2.441744j,-0.199189+0.908401j,-0.806314-1.931212j,5.937563
2.754341+2.444654j,-0.200630+0.907180j,-0.806628-1.931377j,5.940054
2.755576+2.447567j,-0.202081+0.905949j,-0.806943-1.931543j,5.942544
2.756810+2.450482j,-0.203540+0.904708j,-0.807258-1.931708j,5.945033
2.758044+2.453400j,-0.205010+0.903456j,-0.807572-1.931873j,5.947521
2.759278+2.456320j,-0.206490+0.902191j,-0.807887-1.932039j,5.950008
2.760512+2.459243j,-0.207980+0.900915j,-0.808201-1.932204j,5.952493
2.761746+2.462169j,-0.209482+0.899626j,-0.808516-1.932370j,5.954977
2.762980+2.465098j,-0.210996+0.898324j,-0.808831-1.932535j,5.957461
2.764213+2.468030j,-0.212521+0.897008j,-0.809146-1.932701j,5.959943
2.765447+2.470964j,-0.214060+0.895678j,-0.809461-1.932866j,5.962424
2.766680+2.473901j,-0.215613+0.894333j,-0.809775-1.933032j,5.964903
2.767914+2.476840j,-0.217179+0.892972j,-0.810090-1.933197j,5.967382
2.769147+2.479783j,-0.218761+0.891594j,-0.810405-1.933362j,5.969859
2.770380+2.482728j,-0.220358+0.890198j,-0.810720-1.933528j,5.972335
2.771613+2.485676j,-0.221972+0.888784j,-0.811035-1.933693j,5.974809
2.772845+2.488626j,-0.223604+0.887351j,-0.811350-1.933859j,5.977283
2.774078+2.491580j,-0.225254+0.885897j,-0.811665-1.934024j,5.979755
2.775310+2.494536j,-0.226924+0.884421j,-0.811981-1.934190j,5.982225
2.776543+2.497495j,-0.228615+0.882922j,-0.812296-1.934355j,5.984695
2.777775+2.500456j,-0.230329+0.881398j,-0.812611-1.934521j,5.987163
2.779007+2.503421j,-0.232066+0.879848j,-0.812926-1.934686j,5.989629
2.780239+2.506388j,-0.233829+0.878271j,-0.813242-1.934852j,5.992094
2.781471+2.509358j,-0.235619+0.876663j,-0.813557-1.935017j,5.994558
2.782702+2.512330j,-0.237439+0.875023j,-0.813872-1.935183j,5.997020
2.783934+2.515306j,-0.239291+0.873348j,-0.814188-1.935349j,5.999481
2.785165+2.518284j,-0.241177+0.871636j,-0.814503-1.935514j,6.001940
2.786396+2.521265j,-0.243100+0.869882j,-0.814819-1.935680j,6.004397
2.787627+2.524248j,-0.245065+0.868085j,-0.815134-1.935845j,6.006853
2.788858+2.527235j,-0.247074+0.866239j,-0.815450-1.936011j,6.009307
2.790089+2.530224j,-0.249133+0.864338j,-0.815766-1.936176j,6.011759
2.791320+2.533216j,-0.251248+0.862379j,-0.816081-1.936342j,6.014210
2.792550+2.536211j,-0.253424+0.860352j,-0.816397-1.936507j,6.016658
2.792550+2.536211j,-0.253424+0.860352j,-0.816397-1.936507j,6.016658
2.793016+2.536023j,-0.253745+0.860694j,-0.816423-1.936459j,6.017038
2.793485+2.535841j,-0.254070+0.861033j,-0.816450-1.936410j,6.017419
2.793956+2.535666j,-0.254397+0.861370j,-0.816477-1.936362j,6.017799
2.794429+2.535496j,-0.254726+0.861704j,-0.816505-1.936314j,6.018179
2.794904+2.535332j,-0.255058+0.862037j,-0.816533-1.936267j,6.018559
2.795381+2.535174j,-0.255393+0.862366j,-0.816562-1.936220j,6.018939
2.795860+2.535022j,-0.255730+0.862694j,-0.816592-1.936173j,6.019319
2.796341+2.534876j,-0.256070+0.863018j,-0.816622-1.936127j,6.019700
2.796824+2.534736j,-0.256412+0.863341j,-0.816653-1.936081j,6.020080
2.797309+2.534602j,-0.256757+0.863661j,-0.816684-1.936035j,6.020460
2.797795+2.534474j,-0.257104+0.863978j,-0.816716-1.935990j,6.020840
2.798283+2.534353j,-0.257453+0.864293j,-0.816749-1.935946j,6.021220
2.798772+2.534237j,-0.257805+0.864605j,-0.816782-1.935901j,6.021601
2.799262+2.534128j,-0.258160+0.864915j,-0.816816-1.935858j,6.021981
2.799754+2.534025j,-0.258517+0.865222j,-0.816850-1.935814j,6.022361
2.800248+2.533928j,-0.258876+0.865527j,-0.816885-1.935771j,6.022741
2.800742+2.533837j,-0.259237+0.865829j,-0.816920-1.935729j,6.023121
2.801237+2.533753j,-0.259601+0.866128j,-0.816956-1.935687j,6.023501
2.801734+2.533674j,-0.259967+0.866425j,-0.816992-1.935645j,6.023882
2.802231+2.533602j,-0.260335+0.866719j,-0.817029-1.935604j,6.024262
2.802730+2.533537j,-0.260706+0.867010j,-0.817066-1.935563j,6.024642
2.803229+2.533477j,-0.261079+0.867298j,-0.817104-1.935523j,6.025022
2.803729+2.533424j,-0.261453+0.867584j,-0.817143-1.935483j,6.025402
2.804229+2.533377j,-0.261831+0.867867j,-0.817182-1.935444j,6.025782
2.804730+2.533336j,-0.262210+0.868147j,-0.817221-1.935405j,6.026162
2.805232+2.533302j,-0.262591+0.868424j,-0.817261-1.935367j,6.026542
2.805734+2.533274j,-0.262975+0.868699j,-0.817301-1.935329j,6.026922
2.806236+2.533252j,-0.263360+0.868970j,-0.817342-1.935292j,6.027303
2.806738+2.533237j,-0.263748+0.869239j,-0.817383-1.935256j,6.027683
2.807241+2.533227j,-0.264137+0.869505j,-0.817425-1.935219j,6.028063
2.807743+2.533225j,-0.264529+0.869768j,-0.817467-1.935184j,6.028443
2.808246+2.533228j,-0.264922+0.870028j,-0.817510-1.935149j,6.028823
2.808749+2.533238j,-0.265318+0.870285j,-0.817553-1.935114j,6.029203
2.809251+2.533254j,-0.265715+0.870539j,-0.817596-1.935080j,6.029583
2.809753+2.533277j,-0.266115+0.870791j,-0.817640-1.935047j,6.029962
2.810255+2.533305j,-0.266516+0.871039j,-0.817685-1.935014j,6.030342
2.810756+2.533340j,-0.266919+0.871284j,-0.817729-1.934982j,6.030722
2.811257+2.533382j,-0.267324+0.871526j,-0.817774-1.934950j,6.031102
2.811758+2.533429j,-0.267730+0.871766j,-0.817820-1.934919j,6.031482
2.812257+2.533483j,-0.268139+0.872002j,-0.817866-1.934888j,6.031862
2.812756+2.533544j,-0.268549+0.872235j,-0.817912-1.934858j,6.032242
2.813255+2.533610j,-0.268960+0.872465j,-0.817959-1.934829j,6.032621
2.813752+2.533683j,-0.269374+0.872692j,-0.818006-1.934800j,6.033001
2.814248+2.533762j,-0.269789+0.872916j,-0.818053-1.934772j,6.033381
2.814744+2.533847j,-0.270206+0.873137j,-0.818101-1.934745j,6.033761
2.815238+2.533938j,-0.270624+0.873354j,-0.818149-1.934718j,6.034140
2.815731+2.534036j,-0.271044+0.873569j,-0.818197-1.934691j,6.034520
2.816223+2.534140j,-0.271466+0.873780j,-0.818246-1.934665j,6.034899
2.816713+2.534250j,-0.271889+0.873988j,-0.818295-1.934640j,6.035279
2.817202+2.534366j,-0.272313+0.874193j,-0.818344-1.934616j,6.035659
2.817690+2.534488j,-0.272739+0.874395j,-0.818394-1.934592j,6.036038
2.818176+2.534617j,-0.273166+0.874594j,-0.818444-1.934569j,6.036418
2.818660+2.534751j,-0.273595+0.874789j,-0.818494-1.934546j,6.036797
2.819143+2.534892j,-0.274025+0.874981j,-0.818545-1.934524j,6.037177
2.819624+2.535038j,-0.274457+0.875170j,-0.818595-1.934503j,6.037556
2.820103+2.535191j,-0.274890+0.875356j,-0.818646-1.934482j,6.037935
2.820580+2.535350j,-0.275324+0.875539j,-0.818698-1.934462j,6.038315
2.821054+2.535514j,-0.275759+0.875718j,-0.818749-1.934443j,6.038694
2.821527+2.535685j,-0.276196+0.875894j,-0.818801-1.934424j,6.039073
2.821998+2.535862j,-0.276634+0.876067j,-0.818853-1.934406j,6.039452
2.822466+2.536044j,-0.277073+0.876236j,-0.818905-1.934388j,6.039832
2.822932+2.536232j,-0.277513+0.876402j,-0.818957-1.934372j,6.040211
2.823396+2.536426j,-0.277954+0.876565j,-0.819010-1.934356j,6.040590
2.823857+2.536626j,-0.278397+0.876725j,-0.819063-1.934340j,6.040969
2.824316+2.536832j,-0.278840+0.876881j,-0.819116-1.934325j,6.041348
2.824772+2.537044j,-0.279284+0.877034j,-0.819169-1.934311j,6.041727
2.825225+2.537261j,-0.279730+0.877184j,-0.819222-1.934298j,6.042106
2.825676+2.537484j,-0.280176+0.877330j,-0.819276-1.934285j,6.042485
2.826123+2.537712j,-0.280624+0.877473j,-0.819329-1.934273j,6.042864
2.826568+2.537946j,-0.281072+0.877613j,-0.819383-1.934262j,6.043242
2.827010+2.538186j,-0.281522+0.877749j,-0.819437-1.934251j,6.043621
2.827449+2.538431j,-0.281972+0.877882j,-0.819491-1.934241j,6.044000
2.827884+2.538682j,-0.282423+0.878012j,-0.819545-1.934231j,6.044379
2.828317+2.538938j,-0.282874+0.878138j,-0.819599-1.934223j,6.044757
2.828746+2.539200j,-0.283327+0.878261j,-0.819654-1.934215j,6.045136
2.829172+2.539467j,-0.283780+0.878380j,-0.819708-1.934207j,6.045514
2.829594+2.539739j,-0.284234+0.878496j,-0.819763-1.934201j,6.045893
2.830014+2.540017j,-0.284689+0.878609j,-0.819817-1.934195j,6.046271
2.830429+2.540299j,-0.285144+0.878719j,-0.819872-1.934190j,6.046650
2.830841+2.540587j,-0.285600+0.878825j,-0.819926-1.934185j,6.047028
2.831249+2.540881j,-0.286057+0.878927j,-0.819981-1.934181j,6.047407
2.831654+2.541179j,-0.286514+0.879027j,-0.820036-1.934178j,6.047785
2.832055+2.541482j,-0.286972+0.879122j,-0.820091-1.934175j,6.048163
2.832452+2.541791j,-0.287430+0.879215j,-0.820146-1.934174j,6.048541
2.832845+2.542104j,-0.287889+0.879304j,-0.820200-1.934172j,6.048919
2.833234+2.542422j,-0.288348+0.879390j,-0.820255-1.934172j,6.049297
2.833619+2.542745j,-0.288808+0.879472j,-0.820310-1.934172j,6.049676
2.834000+2.543073j,-0.289268+0.879551j,-0.820365-1.934173j,6.050054
2.834377+2.543406j,-0.289729+0.879626j,-0.820420-1.934175j,6.050431
2.834749+2.543743j,-0.290190+0.879699j,-0.820475-1.934177j,6.050809
2.835118+2.544085j,-0.290651+0.879767j,-0.820529-1.934180j,6.051187
2.835482+2.544432j,-0.291112+0.879833j,-0.820584-1.934184j,6.051565
2.835841+2.544783j,-0.291574+0.879895j,-0.820639-1.934188j,6.051943
2.836196+2.545139j,-0.292036+0.879953j,-0.820693-1.934193j,6.052320
2.836547+2.545499j,-0.292498+0.880008j,-0.820748-1.934199j,6.052698
2.836893+2.545863j,-0.292961+0.880060j,-0.820802-1.934205j,6.053076
2.837235+2.546232j,-0.293423+0.880109j,-0.820856-1.934213j,6.053453
2.837572+2.546605j,-0.293886+0.880154j,-0.820911-1.934220j,6.053831
2.837904+2.546983j,-0.294349+0.880195j,-0.820965-1.934229j,6.054208
2.838231+2.547364j,-0.294812+0.880234j,-0.821019-1.934238j,6.054585
2.838554+2.547749j,-0.295274+0.880269j,-0.821073-1.934248j,6.054963
2.838871+2.548139j,-0.295737+0.880300j,-0.821126-1.934258j,6.055340
2.839184+2.548533j,-0.296200+0.880328j,-0.821180-1.934269j,6.055717
2.839492+2.548930j,-0.296663+0.880353j,-0.821233-1.934281j,6.056094
2.839795+2.549331j,-0.297126+0.880375j,-0.821287-1.934294j,6.056472
2.840092+2.549736j,-0.297589+0.880393j,-0.821340-1.934307j,6.056849
2.840385+2.550145j,-0.298052+0.880408j,-0.821393-1.934321j,6.057226
2.840672+2.550557j,-0.298514+0.880419j,-0.821445-1.934335j,6.057603
2.840955+2.550973j,-0.298976+0.880427j,-0.821498-1.934350j,6.057979
2.841232+2.551393j,-0.299439+0.880432j,-0.821550-1.934366j,6.058356
2.841503+2.551815j,-0.299900+0.880433j,-0.821602-1.934383j,6.058733
2.841770+2.552242j,-0.300362+0.880431j,-0.821654-1.934400j,6.059110
2.842031+2.552671j,-0.300824+0.880426j,-0.821706-1.934418j,6.059486
2.842286+2.553104j,-0.301285+0.880418j,-0.821758-1.934436j,6.059863
2.842536+2.553540j,-0.301746+0.880406j,-0.821809-1.934455j,6.060240
2.842781+2.553979j,-0.302206+0.880391j,-0.821860-1.934475j,6.060616
2.843020+2.554421j,-0.302666+0.880372j,-0.821911-1.934495j,6.060993
2.843253+2.554867j,-0.303126+0.880351j,-0.821961-1.934516j,6.061369
2.843481+2.555315j,-0.303585+0.880326j,-0.822011-1.934537j,6.061745
2.843704+2.555765j,-0.304044+0.880297j,-0.822061-1.934560j,6.062122
2.843920+2.556219j,-0.304502+0.880266j,-0.822111-1.934582j,6.062498
2.844131+2.556675j,-0.304960+0.880231j,-0.822160-1.934606j,6.062874
2.844336+2.557134j,-0.305417+0.880193j,-0.822209-1.934630j,6.063250
2.844535+2.557596j,-0.305874+0.880152j,-0.822258-1.934655j,6.063626
2.844729+2.558060j,-0.306330+0.880107j,-0.822306-1.934680j,6.064002
2.844917+2.558526j,-0.306786+0.880060j,-0.822354-1.934706j,6.064378
2.845098+2.558995j,-0.307241+0.880009j,-0.822402-1.934732j,6.064754
2.845274+2.559465j,-0.307695+0.879954j,-0.822450-1.934759j,6.065130
2.845444+2.559939j,-0.308149+0.879897j,-0.822497-1.934787j,6.065505
2.845608+2.560414j,-0.308602+0.879837j,-0.822543-1.934815j,6.065881
2.845766+2.560891j,-0.309054+0.879773j,-0.822590-1.934844j,6.066257
2.845918+2.561370j,-0.309506+0.879706j,-0.822636-1.934873j,6.066632
2.846064+2.561851j,-0.309956+0.879636j,-0.822681-1.934903j,6.067008
2.846204+2.562334j,-0.310406+0.879563j,-0.822727-1.934934j,6.067383
2.846338+2.562818j,-0.310855+0.879487j,-0.822771-1.934965j,6.067759
2.846465+2.563304j,-0.311304+0.879407j,-0.822816-1.934996j,6.068134
2.846587+2.563792j,-0.311751+0.879325j,-0.822860-1.935028j,6.068509
2.846702+2.564281j,-0.312198+0.879239j,-0.822904-1.935061j,6.068885
2.846812+2.564772j,-0.312643+0.879150j,-0.822947-1.935094j,6.069260
2.846915+2.565264j,-0.313088+0.879058j,-0.822990-1.935128j,6.069635
2.847012+2.565757j,-0.313532+0.878964j,-0.823032-1.935163j,6.070010
2.847103+2.566252j,-0.313974+0.878866j,-0.823074-1.935197j,6.070385
2.847187+2.566747j,-0.314416+0.878765j,-0.823115-1.935233j,6.070760
2.847265+2.567244j,-0.314857+0.878661j,-0.823156-1.935269j,6.071135
2.847337+2.567741j,-0.315297+0.878554j,-0.823197-1.935305j,6.071510
2.847403+2.568239j,-0.315735+0.878444j,-0.823237-1.935342j,6.071885
2.847463+2.568738j,-0.316173+0.878330j,-0.823277-1.935379j,6.072259
2.847516+2.569238j,-0.316610+0.878214j,-0.823316-1.935417j,6.072634
2.847563+2.569739j,-0.317045+0.878095j,-0.823355-1.935455j,6.073009
2.847604+2.570240j,-0.317479+0.877973j,-0.823393-1.935494j,6.073383
2.847638+2.570741j,-0.317912+0.877848j,-0.823431-1.935534j,6.073758
2.847666+2.571243j,-0.318344+0.877721j,-0.823468-1.935573j,6.074132
2.847688+2.571745j,-0.318775+0.877590j,-0.823505-1.935614j,6.074507
2.847703+2.572248j,-0.319204+0.877456j,-0.823541-1.935654j,6.074881
2.847712+2.572750j,-0.319632+0.877320j,-0.823577-1.935695j,6.075255
2.847715+2.573253j,-0.320059+0.877180j,-0.823612-1.935737j,6.075630
2.847712+2.573756j,-0.320485+0.877038j,-0.823647-1.935779j,6.076004
2.847702+2.574258j,-0.320909+0.876893j,-0.823681-1.935821j,6.076378
2.847686+2.574761j,-0.321332+0.876744j,-0.823714-1.935864j,6.076752
2.847663+2.575263j,-0.321754+0.876594j,-0.823747-1.935907j,6.077126
2.847634+2.575764j,-0.322174+0.876440j,-0.823780-1.935951j,6.077500
2.847599+2.576266j,-0.322593+0.876283j,-0.823812-1.935995j,6.077874
2.847558+2.576767j,-0.323011+0.876124j,-0.823843-1.936039j,6.078248
2.847510+2.577267j,-0.323427+0.875962j,-0.823874-1.936084j,6.078622
2.847456+2.577767j,-0.323842+0.875797j,-0.823905-1.936129j,6.078995
2.847396+2.578266j,-0.324255+0.875630j,-0.823934-1.936175j,6.079369
2.847330+2.578764j,-0.324667+0.875460j,-0.823963-1.936221j,6.079743
2.847257+2.579262j,-0.325077+0.875287j,-0.823992-1.936267j,6.080116
2.847178+2.579758j,-0.325486+0.875111j,-0.824020-1.936314j,6.080490
2.847093+2.580253j,-0.325893+0.874933j,-0.824047-1.936361j,6.080863
2.847001+2.580748j,-0.326299+0.874752j,-0.824074-1.936408j,6.081237
2.846904+2.581241j,-0.326703+0.874568j,-0.824101-1.936456j,6.081610
2.846800+2.581733j,-0.327105+0.874382j,-0.824126-1.936504j,6.081984
2.846690+2.582223j,-0.327506+0.874193j,-0.824151-1.936552j,6.082357
2.846574+2.582712j,-0.327906+0.874001j,-0.824176-1.936601j,6.082730
2.846451+2.583200j,-0.328304+0.873807j,-0.824200-1.936650j,6.083103
2.846323+2.583686j,-0.328700+0.873610j,-0.824223-1.936699j,6.083476
2.846188+2.584170j,-0.329094+0.873411j,-0.824245-1.936748j,6.083850
2.846048+2.584653j,-0.329487+0.873209j,-0.824267-1.936798j,6.084223
2.845901+2.585133j,-0.329878+0.873005j,-0.824289-1.936848j,6.084596
2.845749+2.585612j,-0.330267+0.872798j,-0.824309-1.936898j,6.084969
2.845590+2.586089j,-0.330655+0.872589j,-0.824330-1.936949j,6.085341
2.845425+2.586564j,-0.331041+0.872377j,-0.824349-1.937000j,6.085714
2.845255+2.587037j,-0.331425+0.872163j,-0.824368-1.937051j,6.086087
2.845078+2.587508j,-0.331807+0.871946j,-0.824386-1.937102j,6.086460
2.844896+2.587976j,-0.332188+0.871727j,-0.824404-1.937153j,6.086833
2.844707+2.588442j,-0.332567+0.871506j,-0.824421-1.937205j,6.087205
2.844513+2.588906j,-0.332943+0.871282j,-0.824437-1.937257j,6.087578
2.844313+2.589367j,-0.333319+0.871055j,-0.824453-1.937309j,6.087950
2.844108+2.589825j,-0.333692+0.870827j,-0.824468-1.937361j,6.088323
2.843896+2.590281j,-0.334063+0.870596j,-0.824482-1.937414j,6.088695
2.843679+2.590735j,-0.334433+0.870362j,-0.824496-1.937466j,6.089068
2.843456+2.591185j,-0.334801+0.870127j,-0.824509-1.937519j,6.089440
2.843228+2.591633j,-0.335166+0.869889j,-0.824521-1.937572j,6.089813
2.842993+2.592078j,-0.335530+0.869649j,-0.824533-1.937625j,6.090185
2.842754+2.592520j,-0.335892+0.869406j,-0.824544-1.937678j,6.090557
2.842508+2.592958j,-0.336252+0.869161j,-0.824554-1.937732j,6.090929
2.842258+2.593394j,-0.336610+0.868915j,-0.824564-1.937785j,6.091301
2.842002+2.593826j,-0.336966+0.868665j,-0.824573-1.937839j,6.091674
2.841740+2.594256j,-0.337321+0.868414j,-0.824581-1.937892j,6.092046
2.841473+2.594682j,-0.337673+0.868161j,-0.824589-1.937946j,6.092418
2.841201+2.595104j,-0.338023+0.867905j,-0.824596-1.938000j,6.092790
2.840923+2.595523j,-0.338371+0.867647j,-0.824602-1.938054j,6.093162
2.840640+2.595939j,-0.338717+0.867387j,-0.824608-1.938108j,6.093534
2.840352+2.596351j,-0.339061+0.867125j,-0.824613-1.938162j,6.093905
2.840059+2.596759j,-0.339403+0.866861j,-0.824617-1.938216j,6.094277
2.839761+2.597164j,-0.339743+0.866595j,-0.824621-1.938271j,6.094649
2.839458+2.597564j,-0.340081+0.866327j,-0.824624-1.938325j,6.095021
2.839149+2.597961j,-0.340417+0.866057j,-0.824626-1.938379j,6.095393
2.838836+2.598354j,-0.340751+0.865784j,-0.824628-1.938434j,6.095764
2.838518+2.598743j,-0.341082+0.865510j,-0.824629-1.938488j,6.096136
2.838194+2.599128j,-0.341412+0.865234j,-0.824629-1.938542j,6.096507
2.837867+2.599509j,-0.341739+0.864956j,-0.824629-1.938597j,6.096879
2.837534+2.599886j,-0.342065+0.864676j,-0.824628-1.938651j,6.097251
2.837197+2.600259j,-0.342388+0.864393j,-0.824626-1.938705j,6.097622
2.836854+2.600627j,-0.342709+0.864110j,-0.824624-1.938760j,6.097994
2.836508+2.600991j,-0.343028+0.863824j,-0.824621-1.938814j,6.098365
2.836157+2.601351j,-0.343344+0.863536j,-0.824617-1.938868j,6.098736
2.835801+2.601706j,-0.343659+0.863246j,-0.824612-1.938922j,6.099108
2.835441+2.602057j,-0.343971+0.862955j,-0.824607-1.938976j,6.099479
2.835076+2.602403j,-0.344281+0.862662j,-0.824602-1.939030j,6.099850
2.834708+2.602744j,-0.344589+0.862367j,-0.824595-1.939084j,6.100221
2.834334+2.603081j,-0.344895+0.862070j,-0.824588-1.939138j,6.100593
2.833957+2.603413j,-0.345198+0.861771j,-0.824580-1.939192j,6.100964
2.833576+2.603741j,-0.345499+0.861471j,-0.824572-1.939246j,6.101335
2.833190+2.604063j,-0.345798+0.861169j,-0.824563-1.939299j,6.101706
2.832801+2.604381j,-0.346095+0.860865j,-0.824553-1.939353j,6.102077
2.832407+2.604694j,-0.346390+0.860560j,-0.824542-1.939406j,6.102448
2.832010+2.605001j,-0.346682+0.860253j,-0.824531-1.939459j,6.102819
2.831609+2.605304j,-0.346972+0.859944j,-0.824519-1.939513j,6.103190
2.831204+2.605602j,-0.347259+0.859633j,-0.824507-1.939565j,6.103561
2.830795+2.605895j,-0.347545+0.859321j,-0.824494-1.939618j,6.103932
2.830383+2.606182j,-0.347828+0.859008j,-0.824480-1.939671j,6.104303
2.829967+2.606464j,-0.348108+0.858692j,-0.824466-1.939723j,6.104674
2.829547+2.606741j,-0.348387+0.858376j,-0.824451-1.939775j,6.105045
2.829124+2.607013j,-0.348663+0.858057j,-0.824435-1.939828j,6.105416
2.828698+2.607279j,-0.348937+0.857738j,-0.824418-1.939879j,6.105786
2.828268+2.607540j,-0.349208+0.857416j,-0.824401-1.939931j,6.106157
2.827836+2.607796j,-0.349477+0.857093j,-0.824384-1.939983j,6.106528
2.827400+2.608046j,-0.349744+0.856769j,-0.824365-1.940034j,6.106899
2.826960+2.608291j,-0.350009+0.856443j,-0.824346-1.940085j,6.107269
2.826518+2.608530j,-0.350271+0.856116j,-0.824327-1.940135j,6.107640
2.826073+2.608763j,-0.350531+0.855787j,-0.824307-1.940186j,6.108010
2.825625+2.608991j,-0.350788+0.855457j,-0.824286-1.940236j,6.108381
2.825174+2.609213j,-0.351043+0.855126j,-0.824264-1.940286j,6.108752
2.824721+2.609430j,-0.351296+0.854793j,-0.824242-1.940336j,6.109122
2.824264+2.609641j,-0.351546+0.854459j,-0.824220-1.940385j,6.109493
2.823805+2.609846j,-0.351794+0.854123j,-0.824196-1.940435j,6.109863
2.823344+2.610045j,-0.352039+0.853786j,-0.824172-1.940483j,6.110234
2.822880+2.610238j,-0.352282+0.853448j,-0.824148-1.940532j,6.110604
2.822414+2.610426j,-0.352523+0.853109j,-0.824123-1.940580j,6.110975
2.821945+2.610608j,-0.352761+0.852768j,-0.824097-1.940628j,6.111345
2.821474+2.610784j,-0.352997+0.852426j,-0.824071-1.940676j,6.111715
2.821001+2.610954j,-0.353230+0.852083j,-0.824044-1.940723j,6.112086
2.820526+2.611118j,-0.353462+0.851739j,-0.824016-1.940770j,6.112456
2.820049+2.611276j,-0.353690+0.851393j,-0.823988-1.940817j,6.112826
2.819570+2.611428j,-0.353916+0.851047j,-0.823959-1.940863j,6.113197
2.819089+2.611574j,-0.354140+0.850699j,-0.823930-1.940909j,6.113567
2.818606+2.611713j,-0.354361+0.850350j,-0.823900-1.940955j,6.113937
2.818121+2.611847j,-0.354580+0.850000j,-0.823870-1.941000j,6.114307
2.817635+2.611975j,-0.354797+0.849649j,-0.823839-1.941045j,6.114678
2.817148+2.612097j,-0.355011+0.849296j,-0.823807-1.941089j,6.115048
2.816658+2.612212j,-0.355222+0.848943j,-0.823775-1.941133j,6.115418
2.816168+2.612321j,-0.355431+0.848589j,-0.823743-1.941177j,6.115788
2.815676+2.612425j,-0.355638+0.848233j,-0.823709-1.941220j,6.116158
2.815183+2.612521j,-0.355842+0.847877j,-0.823676-1.941263j,6.116528
2.814688+2.612612j,-0.356044+0.847519j,-0.823641-1.941305j,6.116899
2.814193+2.612697j,-0.356243+0.847161j,-0.823607-1.941347j,6.117269
2.813696+2.612775j,-0.356440+0.846802j,-0.823571-1.941388j,6.117639
2.813199+2.612847j,-0.356634+0.846441j,-0.823535-1.941429j,6.118009
2.812700+2.612913j,-0.356826+0.846080j,-0.823499-1.941470j,6.118379
2.812201+2.612972j,-0.357015+0.845718j,-0.823462-1.941510j,6.118749
2.811701+2.613026j,-0.357202+0.845355j,-0.823425-1.941550j,6.119119
2.811201+2.613072j,-0.357387+0.844991j,-0.823387-1.941589j,6.119489
2.810700+2.613113j,-0.357569+0.844627j,-0.823349-1.941628j,6.119859
2.810198+2.613148j,-0.357748+0.844261j,-0.823310-1.941666j,6.120229
2.809697+2.613176j,-0.357925+0.843895j,-0.823271-1.941704j,6.120599
2.809194+2.613197j,-0.358100+0.843527j,-0.823231-1.941741j,6.120969
2.808692+2.613213j,-0.358272+0.843159j,-0.823191-1.941778j,6.121339
2.808189+2.613222j,-0.358441+0.842791j,-0.823150-1.941815j,6.121709
2.807687+2.613225j,-0.358608+0.842421j,-0.823109-1.941850j,6.122079
2.807184+2.613221j,-0.358773+0.842051j,-0.823067-1.941886j,6.122449
2.806682+2.613211j,-0.358935+0.841680j,-0.823025-1.941921j,6.122818
2.806179+2.613195j,-0.359095+0.841308j,-0.822983-1.941955j,6.123188
2.805677+2.613173j,-0.359252+0.840936j,-0.822940-1.941989j,6.123558
2.805175+2.613144j,-0.359407+0.840563j,-0.822896-1.942022j,6.123928
2.804674+2.613109j,-0.359559+0.840189j,-0.822853-1.942054j,6.124298
2.804173+2.613068j,-0.359708+0.839815j,-0.822809-1.942086j,6.124668
2.803672+2.613020j,-0.359856+0.839440j,-0.822764-1.942118j,6.125038
2.803173+2.612966j,-0.360000+0.839064j,-0.822719-1.942149j,6.125407
2.802674+2.612906j,-0.360143+0.838688j,-0.822674-1.942179j,6.125777
2.802175+2.612839j,-0.360282+0.838312j,-0.822628-1.942209j,6.126147
2.801678+2.612766j,-0.360420+0.837934j,-0.822582-1.942239j,6.126517
2.801182+2.612688j,-0.360554+0.837557j,-0.822535-1.942267j,6.126887
2.800686+2.612602j,-0.360687+0.837178j,-0.822489-1.942295j,6.127256
2.800192+2.612511j,-0.360816+0.836800j,-0.822441-1.942323j,6.127626
2.799699+2.612413j,-0.360944+0.836420j,-0.822394-1.942350j,6.127996
2.799207+2.612309j,-0.361069+0.836041j,-0.822346-1.942376j,6.128366
2.798717+2.612199j,-0.361191+0.835660j,-0.822298-1.942402j,6.128735
2.798228+2.612083j,-0.361311+0.835280j,-0.822249-1.942427j,6.129105
2.797740+2.611961j,-0.361428+0.834899j,-0.822200-1.942452j,6.129475
2.797254+2.611833j,-0.361543+0.834517j,-0.822151-1.942476j,6.129845
2.796770+2.611698j,-0.361655+0.834135j,-0.822102-1.942499j,6.130214
2.796287+2.611557j,-0.361765+0.833753j,-0.822052-1.942522j,6.130584
2.795806+2.611411j,-0.361873+0.833371j,-0.822002-1.942544j,6.130954
2.795328+2.611258j,-0.361978+0.832988j,-0.821952-1.942566j,6.131323
2.794851+2.611100j,-0.362080+0.832604j,-0.821901-1.942586j,6.131693
2.794376+2.610935j,-0.362181+0.832221j,-0.821850-1.942607j,6.132063
2.793903+2.610764j,-0.362278+0.831837j,-0.821799-1.942626j,6.132432
2.793432+2.610588j,-0.362373+0.831453j,-0.821748-1.942645j,6.132802
2.792964+2.610405j,-0.362466+0.831069j,-0.821696-1.942663j,6.133172
2.792498+2.610217j,-0.362556+0.830684j,-0.821645-1.942681j,6.133541
2.792034+2.610023j,-0.362644+0.830299j,-0.821593-1.942698j,6.133911
2.791573+2.609823j,-0.362729+0.829914j,-0.821540-1.942714j,6.134281
2.791114+2.609617j,-0.362812+0.829529j,-0.821488-1.942730j,6.134650
2.790658+2.609406j,-0.362893+0.829143j,-0.821435-1.942745j,6.135020
2.790205+2.609189j,-0.362971+0.828758j,-0.821382-1.942759j,6.135390
2.789754+2.608966j,-0.363046+0.828372j,-0.821329-1.942773j,6.135759
2.789307+2.608737j,-0.363119+0.827986j,-0.821276-1.942786j,6.136129
2.788862+2.608503j,-0.363190+0.827600j,-0.821223-1.942799j,6.136498
2.788420+2.608263j,-0.363258+0.827214j,-0.821169-1.942810j,6.136868
2.787981+2.608018j,-0.363324+0.826827j,-0.821116-1.942821j,6.137238
2.787546+2.607767j,-0.363387+0.826441j,-0.821062-1.942832j,6.137607
2.787113+2.607511j,-0.363448+0.826054j,-0.821008-1.942841j,6.137977
2.786684+2.607250j,-0.363506+0.825668j,-0.820954-1.942850j,6.138347
2.786258+2.606983j,-0.363562+0.825282j,-0.820899-1.942859j,6.138716
2.785836+2.606710j,-0.363616+0.824895j,-0.820845-1.942866j,6.139086
2.785417+2.606433j,-0.363667+0.824508j,-0.820791-1.942873j,6.139455
2.785001+2.606150j,-0.363716+0.824122j,-0.820736-1.942880j,6.139825
2.784589+2.605862j,-0.363762+0.823735j,-0.820682-1.942885j,6.140194
2.784181+2.605569j,-0.363806+0.823349j,-0.820627-1.942890j,6.140564
2.783776+2.605270j,-0.363848+0.822963j,-0.820572-1.942894j,6.140934
2.783375+2.604967j,-0.363887+0.822576j,-0.820518-1.942898j,6.141303
2.782978+2.604659j,-0.363924+0.822190j,-0.820463-1.942901j,6.141673
2.782585+2.604345j,-0.363959+0.821804j,-0.820408-1.942903j,6.142042
2.782196+2.604027j,-0.363991+0.821418j,-0.820353-1.942905j,6.142412
2.781811+2.603704j,-0.364020+0.821032j,-0.820298-1.942905j,6.142781
2.781430+2.603376j,-0.364048+0.820646j,-0.820243-1.942905j,6.143151
2.781054+2.603044j,-0.364072+0.820260j,-0.820188-1.942905j,6.143521
2.780681+2.602706j,-0.364095+0.819875j,-0.820134-1.942904j,6.143890
2.780313+2.602364j,-0.364115+0.819489j,-0.820079-1.942902j,6.144260
2.779949+2.602017j,-0.364133+0.819104j,-0.820024-1.942899j,6.144629
2.779589+2.601666j,-0.364149+0.818719j,-0.819969-1.942896j,6.144999
2.779234+2.601311j,-0.364162+0.818335j,-0.819914-1.942892j,6.145368
2.778883+2.600950j,-0.364173+0.817950j,-0.819859-1.942887j,6.145738
2.778537+2.600586j,-0.364181+0.817566j,-0.819805-1.942881j,6.146107
2.778195+2.600217j,-0.364187+0.817182j,-0.819750-1.942875j,6.146477
2.777859+2.599844j,-0.364191+0.816798j,-0.819696-1.942869j,6.146846
2.777526+2.599467j,-0.364192+0.816415j,-0.819641-1.942861j,6.147216
2.777199+2.599085j,-0.364192+0.816032j,-0.819587-1.942853j,6.147585
2.776877+2.598700j,-0.364188+0.815649j,-0.819532-1.942844j,6.147955
2.776559+2.598310j,-0.364183+0.815266j,-0.819478-1.942835j,6.148324
2.776246+2.597917j,-0.364175+0.814884j,-0.819424-1.942824j,6.148694
2.775938+2.597519j,-0.364165+0.814502j,-0.819370-1.942813j,6.149063
2.775636+2.597118j,-0.364153+0.814121j,-0.819316-1.942802j,6.149433
2.775338+2.596713j,-0.364138+0.813740j,-0.819263-1.942790j,6.149802
2.775045+2.596305j,-0.364121+0.813359j,-0.819209-1.942777j,6.150172
2.774758+2.595892j,-0.364102+0.812979j,-0.819156-1.942763j,6.150541
2.774476+2.595476j,-0.364081+0.812599j,-0.819103-1.942749j,6.150911
2.774199+2.595057j,-0.364057+0.812220j,-0.819050-1.942734j,6.151280
2.773927+2.594634j,-0.364031+0.811841j,-0.818997-1.942718j,6.151650
2.773660+2.594208j,-0.364003+0.811462j,-0.818945-1.942702j,6.152019
2.773399+2.593778j,-0.363972+0.811084j,-0.818892-1.942685j,6.152389
2.773144+2.593345j,-0.363940+0.810706j,-0.818840-1.942667j,6.152758
2.772894+2.592909j,-0.363905+0.810329j,-0.818788-1.942649j,6.153128
2.772649+2.592470j,-0.363867+0.809953j,-0.818736-1.942630j,6.153497
2.772410+2.592028j,-0.363828+0.809576j,-0.818685-1.942611j,6.153867
2.772177+2.591583j,-0.363786+0.809201j,-0.818634-1.942590j,6.154236
2.771949+2.591135j,-0.363743+0.808826j,-0.818583-1.942569j,6.154605
2.771727+2.590684j,-0.363697+0.808451j,-0.818532-1.942548j,6.154975
2.771510+2.590230j,-0.363648+0.808077j,-0.818481-1.942526j,6.155344
2.771299+2.589774j,-0.363598+0.807704j,-0.818431-1.942503j,6.155714
2.771094+2.589315j,-0.363545+0.807331j,-0.818381-1.942480j,6.156083
2.770895+2.588854j,-0.363491+0.806959j,-0.818332-1.942455j,6.156452
2.770701+2.588390j,-0.363434+0.806588j,-0.818282-1.942431j,6.156822
2.770514+2.587923j,-0.363375+0.806217j,-0.818233-1.942405j,6.157191
2.770332+2.587455j,-0.363313+0.805846j,-0.818185-1.942380j,6.157561
2.770156+2.586984j,-0.363250+0.805477j,-0.818136-1.942353j,6.157930
2.769986+2.586511j,-0.363184+0.805108j,-0.818088-1.942326j,6.158299
2.769822+2.586036j,-0.363117+0.804739j,-0.818041-1.942298j,6.158669
2.769664+2.585558j,-0.363047+0.804372j,-0.817993-1.942270j,6.159038
2.769512+2.585079j,-0.362975+0.804005j,-0.817946-1.942241j,6.159407
2.769366+2.584598j,-0.362901+0.803638j,-0.817900-1.942211j,6.159777
2.769226+2.584116j,-0.362824+0.803273j,-0.817854-1.942181j,6.160146
2.769092+2.583631j,-0.362746+0.802908j,-0.817808-1.942150j,6.160515
2.768965+2.583145j,-0.362666+0.802544j,-0.817762-1.942119j,6.160885
2.768843+2.582657j,-0.362583+0.802181j,-0.817717-1.942087j,6.161254
2.768728+2.582168j,-0.362499+0.801818j,-0.817673-1.942055j,6.161623
2.768618+2.581677j,-0.362412+0.801456j,-0.817628-1.942022j,6.161992
2.768515+2.581185j,-0.362323+0.801095j,-0.817584-1.941988j,6.162362
2.768418+2.580692j,-0.362233+0.800735j,-0.817541-1.941954j,6.162731
2.768328+2.580198j,-0.362140+0.800375j,-0.817498-1.941919j,6.163100
2.768243+2.579702j,-0.362045+0.800016j,-0.817456-1.941884j,6.163469
2.768165+2.579206j,-0.361948+0.799659j,-0.817413-1.941848j,6.163839
2.768093+2.578708j,-0.361849+0.799301j,-0.817372-1.941812j,6.164208
2.768027+2.578210j,-0.361748+0.798945j,-0.817331-1.941775j,6.164577
2.767967+2.577711j,-0.361645+0.798590j,-0.817290-1.941738j,6.164946
2.767914+2.577211j,-0.361540+0.798235j,-0.817250-1.941700j,6.165315
2.767867+2.576711j,-0.361433+0.797882j,-0.817210-1.941661j,6.165684
2.767827+2.576210j,-0.361324+0.797529j,-0.817171-1.941622j,6.166054
2.767792+2.575708j,-0.361213+0.797177j,-0.817132-1.941583j,6.166423
2.767764+2.575206j,-0.361100+0.796826j,-0.817094-1.941543j,6.166792
2.767742+2.574704j,-0.360985+0.796476j,-0.817056-1.941503j,6.167161
2.767727+2.574202j,-0.360868+0.796127j,-0.817019-1.941462j,6.167530
2.767718+2.573699j,-0.360749+0.795779j,-0.816982-1.941421j,6.167899
2.767715+2.573196j,-0.360629+0.795431j,-0.816946-1.941379j,6.168268
2.767719+2.572694j,-0.360506+0.795085j,-0.816910-1.941337j,6.168637
2.767728+2.572191j,-0.360381+0.794739j,-0.816875-1.941294j,6.169006
2.767745+2.571689j,-0.360255+0.794395j,-0.816840-1.941251j,6.169375
2.767767+2.571187j,-0.360126+0.794052j,-0.816806-1.941207j,6.169744
2.767796+2.570685j,-0.359996+0.793709j,-0.816772-1.941163j,6.170113
2.767831+2.570183j,-0.359863+0.793368j,-0.816739-1.941119j,6.170482
2.767872+2.569682j,-0.359729+0.793027j,-0.816707-1.941074j,6.170851
2.767920+2.569182j,-0.359593+0.792688j,-0.816675-1.941029j,6.171220
2.767974+2.568682j,-0.359455+0.792349j,-0.816644-1.940983j,6.171589
2.768034+2.568183j,-0.359315+0.792012j,-0.816613-1.940937j,6.171958
2.768101+2.567685j,-0.359173+0.791675j,-0.816583-1.940891j,6.172326
2.768173+2.567188j,-0.359030+0.791340j,-0.816554-1.940844j,6.172695
2.768252+2.566691j,-0.358884+0.791006j,-0.816525-1.940797j,6.173064
2.768337+2.566196j,-0.358737+0.790672j,-0.816496-1.940749j,6.173433
2.768429+2.565702j,-0.358588+0.790340j,-0.816469-1.940701j,6.173802
2.768527+2.565209j,-0.358437+0.790009j,-0.816442-1.940653j,6.174170
2.768630+2.564717j,-0.358284+0.789679j,-0.816415-1.940604j,6.174539
2.768740+2.564226j,-0.358129+0.789350j,-0.816389-1.940555j,6.174908
2.768856+2.563737j,-0.357973+0.789023j,-0.816364-1.940506j,6.175276
2.768979+2.563250j,-0.357815+0.788696j,-0.816339-1.940457j,6.175645
2.769107+2.562764j,-0.357655+0.788370j,-0.816315-1.940407j,6.176014
2.769242+2.562279j,-0.357493+0.788046j,-0.816292-1.940357j,6.176382
2.769382+2.561797j,-0.357330+0.787723j,-0.816269-1.940306j,6.176751
2.769529+2.561316j,-0.357164+0.787400j,-0.816247-1.940255j,6.177119
2.769682+2.560837j,-0.356998+0.787079j,-0.816226-1.940204j,6.177488
2.769840+2.560360j,-0.356829+0.786760j,-0.816205-1.940153j,6.177857
2.770005+2.559885j,-0.356658+0.786441j,-0.816185-1.940101j,6.178225
2.770175+2.559412j,-0.356486+0.786124j,-0.816165-1.940049j,6.178593
2.770352+2.558942j,-0.356312+0.785807j,-0.816146-1.939997j,6.178962
2.770534+2.558473j,-0.356137+0.785492j,-0.816128-1.939945j,6.179330
2.770723+2.558007j,-0.355959+0.785178j,-0.816111-1.939893j,6.179699
2.770917+2.557544j,-0.355780+0.784866j,-0.816094-1.939840j,6.180067
2.771117+2.557083j,-0.355600+0.784554j,-0.816078-1.939787j,6.180435
2.771323+2.556624j,-0.355417+0.784244j,-0.816062-1.939734j,6.180804
2.771534+2.556168j,-0.355233+0.783935j,-0.816047-1.939680j,6.181172
2.771751+2.555715j,-0.355048+0.783627j,-0.816033-1.939627j,6.181540
2.771974+2.555264j,-0.354860+0.783321j,-0.816020-1.939573j,6.181908
2.772203+2.554816j,-0.354671+0.783015j,-0.816007-1.939519j,6.182277
2.772437+2.554372j,-0.354481+0.782711j,-0.815995-1.939465j,6.182645
2.772676+2.553930j,-0.354289+0.782409j,-0.815984-1.939411j,6.183013
2.772922+2.553491j,-0.354095+0.782107j,-0.815973-1.939356j,6.183381
2.773172+2.553055j,-0.353899+0.781807j,-0.815963-1.939302j,6.183749
2.773429+2.552623j,-0.353702+0.781508j,-0.815954-1.939247j,6.184117
2.773690+2.552194j,-0.353504+0.781211j,-0.815945-1.939193j,6.184485
2.773957+2.551768j,-0.353303+0.780914j,-0.815937-1.939138j,6.184853
2.774229+2.551345j,-0.353102+0.780619j,-0.815930-1.939083j,6.185221
2.774507+2.550926j,-0.352898+0.780326j,-0.815923-1.939028j,6.185589
2.774790+2.550511j,-0.352694+0.780033j,-0.815917-1.938973j,6.185957
2.775078+2.550099j,-0.352487+0.779742j,-0.815912-1.938918j,6.186324
2.775371+2.549690j,-0.352279+0.779453j,-0.815908-1.938862j,6.186692
2.775669+2.549286j,-0.352070+0.779164j,-0.815904-1.938807j,6.187060
2.775973+2.548885j,-0.351859+0.778877j,-0.815901-1.938752j,6.187428
2.776281+2.548488j,-0.351646+0.778592j,-0.815899-1.938696j,6.187795
2.776594+2.548095j,-0.351432+0.778308j,-0.815897-1.938641j,6.188163
2.776913+2.547706j,-0.351217+0.778025j,-0.815896-1.938586j,6.188531
2.777236+2.547321j,-0.351000+0.777743j,-0.815896-1.938530j,6.188898
2.777564+2.546940j,-0.350781+0.777463j,-0.815896-1.938475j,6.189266
2.777896+2.546563j,-0.350561+0.777184j,-0.815897-1.938419j,6.189633
2.778234+2.546191j,-0.350340+0.776907j,-0.815899-1.938364j,6.190001
2.778576+2.545822j,-0.350117+0.776631j,-0.815902-1.938309j,6.190368
2.778922+2.545458j,-0.349893+0.776356j,-0.815905-1.938253j,6.190735
2.779273+2.545099j,-0.349667+0.776083j,-0.815909-1.938198j,6.191103
2.779629+2.544743j,-0.349440+0.775812j,-0.815914-1.938143j,6.191470
2.779989+2.544393j,-0.349211+0.775541j,-0.815919-1.938088j,6.191837
2.780354+2.544047j,-0.348982+0.775272j,-0.815925-1.938033j,6.192204
2.780723+2.543705j,-0.348750+0.775005j,-0.815932-1.937978j,6.192572
2.781096+2.543368j,-0.348517+0.774739j,-0.815939-1.937923j,6.192939
2.781473+2.543036j,-0.348283+0.774474j,-0.815947-1.937868j,6.193306
2.781854+2.542709j,-0.348048+0.774211j,-0.815956-1.937813j,6.193673
2.782240+2.542386j,-0.347811+0.773950j,-0.815966-1.937759j,6.194040
2.782629+2.542068j,-0.347573+0.773690j,-0.815976-1.937704j,6.194407
2.783023+2.541756j,-0.347333+0.773431j,-0.815987-1.937650j,6.194774
2.783420+2.541448j,-0.347093+0.773174j,-0.815999-1.937596j,6.195141
2.783822+2.541145j,-0.346850+0.772918j,-0.816011-1.937542j,6.195508
2.784227+2.540847j,-0.346607+0.772664j,-0.816024-1.937488j,6.195874
2.784635+2.540555j,-0.346362+0.772411j,-0.816038-1.937435j,6.196241
2.785048+2.540267j,-0.346116+0.772160j,-0.816052-1.937381j,6.196608
2.785464+2.539985j,-0.345869+0.771910j,-0.816067-1.937328j,6.196974
2.785883+2.539708j,-0.345620+0.771661j,-0.816083-1.937275j,6.197341
2.786306+2.539436j,-0.345370+0.771415j,-0.816099-1.937222j,6.197708
2.786732+2.539170j,-0.345119+0.771169j,-0.816116-1.937169j,6.198074
2.787162+2.538909j,-0.344866+0.770926j,-0.816134-1.937117j,6.198441
2.787595+2.538654j,-0.344613+0.770683j,-0.816152-1.937064j,6.198807
2.788031+2.538403j,-0.344358+0.770443j,-0.816171-1.937012j,6.199173
2.788470+2.538159j,-0.344102+0.770204j,-0.816191-1.936961j,6.199540
2.788912+2.537920j,-0.343844+0.769966j,-0.816211-1.936909j,6.199906
2.789357+2.537686j,-0.343586+0.769730j,-0.816232-1.936858j,6.200272
2.789805+2.537458j,-0.343326+0.769495j,-0.816254-1.936807j,6.200638
2.790256+2.537236j,-0.343065+0.769262j,-0.816276-1.936756j,6.201005
2.790709+2.537020j,-0.342803+0.769031j,-0.816299-1.936706j,6.201371
2.791166+2.536809j,-0.342540+0.768801j,-0.816322-1.936656j,6.201737
2.791625+2.536604j,-0.342275+0.768573j,-0.816347-1.936606j,6.202103
2.792086+2.536404j,-0.342009+0.768346j,-0.816371-1.936557j,6.202469
2.792550+2.536211j,-0.341743+0.768121j,-0.816397-1.936507j,6.202834
2.791320+2.533216j,-0.343156+0.766436j,-0.816081-1.936342j,6.205191
2.790089+2.530224j,-0.344507+0.764818j,-0.815766-1.936176j,6.207546
2.788858+2.527235j,-0.345802+0.763261j,-0.815450-1.936011j,6.209900
2.787627+2.524248j,-0.347046+0.761758j,-0.815134-1.935845j,6.212251
2.786396+2.521265j,-0.348244+0.760305j,-0.814819-1.935680j,6.214601
2.785165+2.518284j,-0.349400+0.758898j,-0.814503-1.935514j,6.216950
2.783934+2.515306j,-0.350518+0.757532j,-0.814188-1.935349j,6.219297
2.782702+2.512330j,-0.351600+0.756204j,-0.813872-1.935183j,6.221643
2.781471+2.509358j,-0.352649+0.754912j,-0.813557-1.935017j,6.223987
2.780239+2.506388j,-0.353668+0.753654j,-0.813242-1.934852j,6.226329
2.779007+2.503421j,-0.354659+0.752426j,-0.812926-1.934686j,6.228671
2.777775+2.500456j,-0.355623+0.751227j,-0.812611-1.934521j,6.231011
2.776543+2.497495j,-0.356562+0.750055j,-0.812296-1.934355j,6.233350
2.775310+2.494536j,-0.357478+0.748909j,-0.811981-1.934190j,6.235687
2.774078+2.491580j,-0.358372+0.747787j,-0.811665-1.934024j,6.238023
2.772845+2.488626j,-0.359245+0.746688j,-0.811350-1.933859j,6.240358
2.771613+2.485676j,-0.360098+0.745610j,-0.811035-1.933693j,6.242692
2.770380+2.482728j,-0.360933+0.744553j,-0.810720-1.933528j,6.245024
2.769147+2.479783j,-0.361750+0.743515j,-0.810405-1.933362j,6.247356
2.767914+2.476840j,-0.362550+0.742496j,-0.810090-1.933197j,6.249686
2.766680+2.473901j,-0.363335+0.741494j,-0.809775-1.933032j,6.252015
2.765447+2.470964j,-0.364103+0.740509j,-0.809461-1.932866j,6.254343
2.764213+2.468030j,-0.364858+0.739541j,-0.809146-1.932701j,6.256669
2.762980+2.465098j,-0.365598+0.738587j,-0.808831-1.932535j,6.258995
2.761746+2.462169j,-0.366325+0.737649j,-0.808516-1.932370j,6.261320
2.760512+2.459243j,-0.367039+0.736725j,-0.808201-1.932204j,6.263643
2.759278+2.456320j,-0.367741+0.735814j,-0.807887-1.932039j,6.265966
2.758044+2.453400j,-0.368432+0.734917j,-0.807572-1.931873j,6.268287
2.756810+2.450482j,-0.369110+0.734032j,-0.807258-1.931708j,6.270608
2.755576+2.447567j,-0.369778+0.733160j,-0.806943-1.931543j,6.272927
2.754341+2.444654j,-0.370436+0.732299j,-0.806628-1.931377j,6.275245
2.753107+2.441744j,-0.371083+0.731450j,-0.806314-1.931212j,6.277563
2.751872+2.438837j,-0.371720+0.730611j,-0.806000-1.931047j,6.279879
2.750637+2.435933j,-0.372348+0.729783j,-0.805685-1.930881j,6.282195
2.749402+2.433032j,-0.372967+0.728966j,-0.805371-1.930716j,6.284509
2.748167+2.430133j,-0.373577+0.728158j,-0.805057-1.930550j,6.286823
2.746932+2.427236j,-0.374179+0.727360j,-0.804742-1.930385j,6.289135
2.745697+2.424343j,-0.374772+0.726571j,-0.804428-1.930220j,6.291447
2.744461+2.421452j,-0.375357+0.725791j,-0.804114-1.930054j,6.293758
2.743226+2.418564j,-0.375935+0.725020j,-0.803800-1.929889j,6.296067
2.741990+2.415679j,-0.376505+0.724258j,-0.803486-1.929724j,6.298376
2.740755+2.412796j,-0.377068+0.723504j,-0.803172-1.929558j,6.300684
2.739519+2.409916j,-0.377623+0.722757j,-0.802857-1.929393j,6.302992
2.738283+2.407039j,-0.378172+0.722019j,-0.802544-1.929228j,6.305298
2.737047+2.404164j,-0.378714+0.721289j,-0.802230-1.929062j,6.307603
2.735811+2.401292j,-0.379249+0.720565j,-0.801916-1.928897j,6.309908
2.734575+2.398423j,-0.379779+0.719849j,-0.801602-1.928732j,6.312211
2.733338+2.395556j,-0.380302+0.719140j,-0.801288-1.928566j,6.314514
2.732102+2.392692j,-0.380819+0.718438j,-0.800974-1.928401j,6.316816
2.730866+2.389831j,-0.381330+0.717743j,-0.800660-1.928236j,6.319117
2.729629+2.386973j,-0.381835+0.717054j,-0.800347-1.928071j,6.321417
2.728392+2.384117j,-0.382335+0.716372j,-0.800033-1.927905j,6.323717
2.727156+2.381263j,-0.382830+0.715696j,-0.799719-1.927740j,6.326015
2.725919+2.378413j,-0.383319+0.715025j,-0.799406-1.927575j,6.328313
2.724682+2.375565j,-0.383803+0.714361j,-0.799092-1.927410j,6.330610
2.723445+2.372720j,-0.384282+0.713703j,-0.798779-1.927244j,6.332906
2.722208+2.369877j,-0.384756+0.713050j,-0.798465-1.927079j,6.335202
2.720970+2.367037j,-0.385225+0.712403j,-0.798152-1.926914j,6.337496
2.719733+2.364200j,-0.385690+0.711762j,-0.797839-1.926749j,6.339790
2.718496+2.361365j,-0.386150+0.711125j,-0.797525-1.926583j,6.342083
2.717258+2.358533j,-0.386605+0.710494j,-0.797212-1.926418j,6.344375
2.716021+2.355704j,-0.387057+0.709868j,-0.796899-1.926253j,6.346667
2.714783+2.352877j,-0.387503+0.709247j,-0.796586-1.926088j,6.348957
2.713545+2.350054j,-0.387946+0.708631j,-0.796272-1.925922j,6.351247
2.712308+2.347232j,-0.388385+0.708020j,-0.795959-1.925757j,6.353536
2.711070+2.344413j,-0.388819+0.707413j,-0.795646-1.925592j,6.355825
2.709832+2.341597j,-0.389250+0.706812j,-0.795333-1.925427j,6.358112
2.708594+2.338784j,-0.389676+0.706214j,-0.795020-1.925262j,6.360399
2.707356+2.335973j,-0.390099+0.705621j,-0.794707-1.925097j,6.362685
2.706117+2.333165j,-0.390518+0.705033j,-0.794394-1.924931j,6.364971
2.704879+2.330359j,-0.390934+0.704448j,-0.794081-1.924766j,6.367256
2.703641+2.327557j,-0.391346+0.703868j,-0.793769-1.924601j,6.369540
2.702402+2.324756j,-0.391755+0.703293j,-0.793456-1.924436j,6.371823
2.701164+2.321959j,-0.392160+0.702721j,-0.793143-1.924271j,6.374105
2.699925+2.319164j,-0.392561+0.702153j,-0.792830-1.924106j,6.376387
2.698687+2.316371j,-0.392960+0.701589j,-0.792518-1.923940j,6.378668
2.697448+2.313582j,-0.393355+0.701029j,-0.792205-1.923775j,6.380949
2.696209+2.310794j,-0.393747+0.700473j,-0.791892-1.923610j,6.383229
2.694970+2.308010j,-0.394136+0.699920j,-0.791580-1.923445j,6.385508
2.693732+2.305228j,-0.394522+0.699371j,-0.791267-1.923280j,6.387786
2.692493+2.302449j,-0.394904+0.698826j,-0.790955-1.923115j,6.390063
2.691254+2.299672j,-0.395284+0.698284j,-0.790643-1.922950j,6.392340
2.690015+2.296898j,-0.395661+0.697746j,-0.790330-1.922785j,6.394617
2.688775+2.294126j,-0.396035+0.697211j,-0.790018-1.922620j,6.396892
2.687536+2.291357j,-0.396407+0.696680j,-0.789705-1.922455j,6.399167
2.686297+2.288591j,-0.396775+0.696151j,-0.789393-1.922289j,6.401441
2.685058+2.285828j,-0.397141+0.695627j,-0.789081-1.922124j,6.403715
2.683818+2.283066j,-0.397504+0.695105j,-0.788769-1.921959j,6.405988
2.682579+2.280308j,-0.397864+0.694587j,-0.788457-1.921794j,6.408260
2.681339+2.277552j,-0.398222+0.694071j,-0.788145-1.921629j,6.410531
2.680100+2.274799j,-0.398578+0.693559j,-0.787833-1.921464j,6.412802
2.678860+2.272048j,-0.398931+0.693050j,-0.787521-1.921299j,6.415072
2.677620+2.269300j,-0.399281+0.692544j,-0.787209-1.921134j,6.417342
2.676381+2.266555j,-0.399629+0.692040j,-0.786897-1.920969j,6.419611
2.675141+2.263812j,-0.399975+0.691540j,-0.786585-1.920804j,6.421879
2.673901+2.261071j,-0.400318+0.691042j,-0.786273-1.920639j,6.424147
2.672661+2.258333j,-0.400659+0.690548j,-0.785961-1.920474j,6.426414
2.671421+2.255598j,-0.400997+0.690056j,-0.785650-1.920309j,6.428680
2.670182+2.252866j,-0.401334+0.689567j,-0.785338-1.920144j,6.430946
2.668942+2.250136j,-0.401668+0.689080j,-0.785026-1.919979j,6.433211
2.667702+2.247408j,-0.402000+0.688597j,-0.784715-1.919814j,6.435475
2.666461+2.244683j,-0.402330+0.688116j,-0.784403-1.919649j,6.437739
2.665221+2.241961j,-0.402658+0.687637j,-0.784091-1.919484j,6.440002
2.663981+2.239241j,-0.402983+0.687161j,-0.783780-1.919319j,6.442265
2.662741+2.236524j,-0.403307+0.686688j,-0.783469-1.919154j,6.444527
2.661501+2.233809j,-0.403629+0.686217j,-0.783157-1.918989j,6.446788
2.660260+2.231097j,-0.403948+0.685748j,-0.782846-1.918824j,6.449049
2.659020+2.228388j,-0.404266+0.685282j,-0.782534-1.918659j,6.451309
2.657780+2.225681j,-0.404582+0.684819j,-0.782223-1.918494j,6.453568
2.656539+2.222976j,-0.404896+0.684358j,-0.781912-1.918329j,6.455827
2.655299+2.220275j,-0.405208+0.683899j,-0.781601-1.918164j,6.458086
2.654059+2.217575j,-0.405518+0.683442j,-0.781290-1.917999j,6.460343
2.652818+2.214879j,-0.405826+0.682988j,-0.780978-1.917834j,6.462600
2.651578+2.212184j,-0.406132+0.682536j,-0.780667-1.917669j,6.464857
2.650337+2.209493j,-0.406437+0.682086j,-0.780356-1.917504j,6.467113
2.649096+2.206804j,-0.406740+0.681639j,-0.780045-1.917339j,6.469368
2.647856+2.204117j,-0.407041+0.681194j,-0.779734-1.917174j,6.471623
2.646615+2.201433j,-0.407341+0.680750j,-0.779424-1.917010j,6.473877
2.645374+2.198752j,-0.407639+0.680309j,-0.779113-1.916845j,6.476130
2.644134+2.196073j,-0.407935+0.679870j,-0.778802-1.916680j,6.478383
2.642893+2.193396j,-0.408229+0.679433j,-0.778491-1.916515j,6.480635
2.641652+2.190722j,-0.408522+0.678999j,-0.778180-1.916350j,6.482887
2.640412+2.188051j,-0.408813+0.678566j,-0.777870-1.916185j,6.485138
2.639171+2.185382j,-0.409103+0.678135j,-0.777559-1.916020j,6.487389
2.637930+2.182716j,-0.409391+0.677706j,-0.777249-1.915855j,6.489639
2.636689+2.180052j,-0.409678+0.677279j,-0.776938-1.915690j,6.491888
2.635448+2.177391j,-0.409963+0.676855j,-0.776628-1.915526j,6.494137
2.634207+2.174732j,-0.410246+0.676432j,-0.776317-1.915361j,6.496385
2.632967+2.172076j,-0.410528+0.676011j,-0.776007-1.915196j,6.498633
2.631726+2.169422j,-0.410809+0.675592j,-0.775696-1.915031j,6.500880
2.630485+2.166771j,-0.411088+0.675174j,-0.775386-1.914866j,6.503127
2.629244+2.164122j,-0.411365+0.674759j,-0.775076-1.914701j,6.505373
2.628003+2.161476j,-0.411642+0.674345j,-0.774765-1.914536j,6.507618
2.626762+2.158832j,-0.411917+0.673933j,-0.774455-1.914372j,6.509863
2.625521+2.156191j,-0.412190+0.673523j,-0.774145-1.914207j,6.512107
2.624280+2.153553j,-0.412462+0.673115j,-0.773835-1.914042j,6.514351
2.623039+2.150917j,-0.412733+0.672709j,-0.773525-1.913877j,6.516594
2.621798+2.148283j,-0.413002+0.672304j,-0.773215-1.913712j,6.518837
2.620557+2.145652j,-0.413271+0.671901j,-0.772905-1.913547j,6.521079
2.619316+2.143023j,-0.413537+0.671499j,-0.772595-1.913383j,6.523321
2.618075+2.140397j,-0.413803+0.671100j,-0.772285-1.913218j,6.525562
2.616834+2.137773j,-0.414067+0.670702j,-0.771975-1.913053j,6.527802
2.615593+2.135152j,-0.414330+0.670305j,-0.771665-1.912888j,6.530042
2.614352+2.132533j,-0.414592+0.669910j,-0.771356-1.912723j,6.532281
2.613111+2.129917j,-0.414852+0.669517j,-0.771046-1.912559j,6.534520
2.611870+2.127304j,-0.415112+0.669126j,-0.770736-1.912394j,6.536758
2.610629+2.124692j,-0.415370+0.668736j,-0.770427-1.912229j,6.538996
2.609388+2.122084j,-0.415627+0.668347j,-0.770117-1.912064j,6.541233
2.608147+2.119477j,-0.415882+0.667960j,-0.769808-1.911900j,6.543470
2.606906+2.116874j,-0.416137+0.667575j,-0.769498-1.911735j,6.545706
2.605665+2.114272j,-0.416390+0.667191j,-0.769189-1.911570j,6.547942
2.604424+2.111673j,-0.416643+0.666809j,-0.768879-1.911405j,6.550177
2.603183+2.109077j,-0.416894+0.666428j,-0.768570-1.911241j,6.552412
2.601941+2.106483j,-0.417144+0.666049j,-0.768260-1.911076j,6.554646
2.600700+2.103892j,-0.417393+0.665671j,-0.767951-1.910911j,6.556879
2.599459+2.101303j,-0.417640+0.665295j,-0.767642-1.910746j,6.559112
2.598218+2.098716j,-0.417887+0.664920j,-0.767333-1.910582j,6.561345
2.596977+2.096132j,-0.418133+0.664546j,-0.767024-1.910417j,6.563576
2.595737+2.093551j,-0.418378+0.664174j,-0.766715-1.910252j,6.565808
2.594496+2.090972j,-0.418621+0.663803j,-0.766405-1.910087j,6.568039
2.593255+2.088395j,-0.418864+0.663434j,-0.766096-1.909923j,6.570269
2.592014+2.085821j,-0.419105+0.663066j,-0.765788-1.909758j,6.572499
2.590773+2.083249j,-0.419346+0.662700j,-0.765479-1.909593j,6.574728
2.589532+2.080680j,-0.419585+0.662334j,-0.765170-1.909429j,6.576957
2.588291+2.078113j,-0.419824+0.661970j,-0.764861-1.909264j,6.579185
2.587050+2.075548j,-0.420061+0.661608j,-0.764552-1.909099j,6.581413
2.585809+2.072986j,-0.420298+0.661247j,-0.764243-1.908934j,6.583641
2.584568+2.070427j,-0.420533+0.660887j,-0.763935-1.908770j,6.585867
2.583327+2.067870j,-0.420768+0.660528j,-0.763626-1.908605j,6.588094
2.582087+2.065315j,-0.421002+0.660171j,-0.763317-1.908440j,6.590319
2.580846+2.062763j,-0.421234+0.659815j,-0.763009-1.908276j,6.592545
2.579605+2.060213j,-0.421466+0.659460j,-0.762700-1.908111j,6.594769
2.578364+2.057666j,-0.421697+0.659106j,-0.762392-1.907946j,6.596994
2.577124+2.055121j,-0.421927+0.658754j,-0.762083-1.907782j,6.599217
2.575883+2.052579j,-0.422156+0.658403j,-0.761775-1.907617j,6.601441
2.574642+2.050038j,-0.422385+0.658053j,-0.761467-1.907452j,6.603663
2.573402+2.047501j,-0.422612+0.657704j,-0.761158-1.907288j,6.605886
2.572161+2.044966j,-0.422838+0.657357j,-0.760850-1.907123j,6.608107
2.570920+2.042433j,-0.423064+0.657010j,-0.760542-1.906958j,6.610329
2.569680+2.039903j,-0.423289+0.656665j,-0.760234-1.906794j,6.612550
2.568439+2.037375j,-0.423513+0.656321j,-0.759926-1.906629j,6.614770
2.567199+2.034849j,-0.423736+0.655979j,-0.759618-1.906465j,6.616990
2.565958+2.032326j,-0.423958+0.655637j,-0.759310-1.906300j,6.619209
2.564718+2.029805j,-0.424179+0.655296j,-0.759002-1.906135j,6.621428
2.563478+2.027287j,-0.424400+0.654957j,-0.758694-1.905971j,6.623646
2.562237+2.024771j,-0.424620+0.654619j,-0.758386-1.905806j,6.625864
2.560997+2.022258j,-0.424839+0.654282j,-0.758078-1.905641j,6.628081
2.559757+2.019747j,-0.425057+0.653946j,-0.757770-1.905477j,6.630298
2.558516+2.017238j,-0.425274+0.653611j,-0.757462-1.905312j,6.632514
2.557276+2.014732j,-0.425491+0.653277j,-0.757155-1.905148j,6.634730
2.556036+2.012228j,-0.425707+0.652944j,-0.756847-1.904983j,6.636946
2.554796+2.009726j,-0.425922+0.652613j,-0.756539-1.904819j,6.639161
2.553556+2.007227j,-0.426136+0.652282j,-0.756232-1.904654j,6.641375
2.552316+2.004731j,-0.426350+0.651953j,-0.755924-1.904489j,6.643589
2.551076+2.002237j,-0.426563+0.651624j,-0.755617-1.904325j,6.645803
2.549836+1.999745j,-0.426775+0.651297j,-0.755309-1.904160j,6.648016
2.548596+1.997255j,-0.426986+0.650970j,-0.755002-1.903996j,6.650228
2.547356+1.994768j,-0.427197+0.650645j,-0.754695-1.903831j,6.652440
2.546116+1.992283j,-0.427407+0.650321j,-0.754387-1.903666j,6.654652
2.544876+1.989801j,-0.427616+0.649997j,-0.754080-1.903502j,6.656863
2.543636+1.987321j,-0.427825+0.649675j,-0.753773-1.903337j,6.659074
2.542397+1.984843j,-0.428033+0.649354j,-0.753466-1.903173j,6.661284
2.541157+1.982368j,-0.428240+0.649033j,-0.753159-1.903008j,6.663494
2.539917+1.979895j,-0.428446+0.648714j,-0.752852-1.902844j,6.665703
2.538678+1.977425j,-0.428652+0.648396j,-0.752545-1.902679j,6.667912
2.537438+1.974957j,-0.428857+0.648078j,-0.752238-1.902515j,6.670120
2.536199+1.972491j,-0.429062+0.647762j,-0.751931-1.902350j,6.672328
2.534959+1.970028j,-0.429265+0.647446j,-0.751624-1.902186j,6.674535
2.533720+1.967567j,-0.429469+0.647132j,-0.751317-1.902021j,6.676742
2.532481+1.965108j,-0.429671+0.646818j,-0.751010-1.901857j,6.678949
2.531241+1.962652j,-0.429873+0.646505j,-0.750703-1.901692j,6.681155
2.530002+1.960198j,-0.430074+0.646194j,-0.750397-1.901527j,6.683360
2.528763+1.957747j,-0.430275+0.645883j,-0.750090-1.901363j,6.685565
2.527524+1.955297j,-0.430475+0.645573j,-0.749783-1.901198j,6.687770
2.526285+1.952851j,-0.430674+0.645264j,-0.749477-1.901034j,6.689974
2.525046+1.950406j,-0.430873+0.644956j,-0.749170-1.900869j,6.692178
2.523807+1.947964j,-0.431071+0.644649j,-0.748864-1.900705j,6.694381
2.522568+1.945524j,-0.431268+0.644342j,-0.748558-1.900540j,6.696584
2.521330+1.943087j,-0.431465+0.644037j,-0.748251-1.900376j,6.698786
2.520091+1.940652j,-0.431661+0.643732j,-0.747945-1.900211j,6.700988
2.518852+1.938219j,-0.431857+0.643429j,-0.747639-1.900047j,6.703190
2.517614+1.935789j,-0.432052+0.643126j,-0.747332-1.899882j,6.705391
2.516375+1.933361j,-0.432247+0.642824j,-0.747026-1.899718j,6.707591
2.515137+1.930935j,-0.432441+0.642523j,-0.746720-1.899554j,6.709791
2.513898+1.928512j,-0.432634+0.642222j,-0.746414-1.899389j,6.711991
2.512660+1.926091j,-0.432827+0.641923j,-0.746108-1.899225j,6.714190
2.511422+1.923672j,-0.433019+0.641624j,-0.745802-1.899060j,6.716389
2.510183+1.921256j,-0.433211+0.641327j,-0.745496-1.898896j,6.718587
2.508945+1.918842j,-0.433402+0.641030j,-0.745190-1.898731j,6.720785
2.507707+1.916430j,-0.433592+0.640734j,-0.744884-1.898567j,6.722982
2.506469+1.914020j,-0.433782+0.640438j,-0.744578-1.898402j,6.725179
2.505231+1.911613j,-0.433972+0.640144j,-0.744273-1.898238j,6.727376
2.503994+1.909209j,-0.434161+0.639850j,-0.743967-1.898073j,6.729572
2.502756+1.906806j,-0.434349+0.639558j,-0.743661-1.897909j,6.731768
2.501518+1.904406j,-0.434537+0.639265j,-0.743356-1.897744j,6.733963
2.500281+1.902008j,-0.434725+0.638974j,-0.743050-1.897580j,6.736158
2.499043+1.899613j,-0.434912+0.638684j,-0.742744-1.897416j,6.738352
2.497806+1.897220j,-0.435098+0.638394j,-0.742439-1.897251j,6.740546
2.496568+1.894829j,-0.435284+0.638105j,-0.742134-1.897087j,6.742739
2.495331+1.892440j,-0.435469+0.637817j,-0.741828-1.896922j,6.744932
2.494094+1.890054j,-0.435654+0.637530j,-0.741523-1.896758j,6.747125
2.492856+1.887670j,-0.435838+0.637243j,-0.741217-1.896593j,6.749317
2.491619+1.885289j,-0.436022+0.636957j,-0.740912-1.896429j,6.751509
2.490382+1.882909j,-0.436205+0.636672j,-0.740607-1.896265j,6.753700
2.489146+1.880532j,-0.436388+0.636387j,-0.740302-1.896100j,6.755891
2.487909+1.878157j,-0.436571+0.636104j,-0.739997-1.895936j,6.758081
2.486672+1.875785j,-0.436753+0.635821j,-0.739692-1.895771j,6.760271
2.485435+1.873415j,-0.436934+0.635539j,-0.739387-1.895607j,6.762461
2.484199+1.871047j,-0.437115+0.635257j,-0.739082-1.895443j,6.764650
2.482962+1.868682j,-0.437296+0.634977j,-0.738777-1.895278j,6.766839
2.481726+1.866318j,-0.437476+0.634697j,-0.738472-1.895114j,6.769027
2.480490+1.863957j,-0.437655+0.634417j,-0.738167-1.894949j,6.771215
2.479253+1.861599j,-0.437834+0.634139j,-0.737862-1.894785j,6.773402
2.478017+1.859242j,-0.438013+0.633861j,-0.737558-1.894621j,6.775589
2.476781+1.856888j,-0.438191+0.633584j,-0.737253-1.894456j,6.777776
2.475545+1.854536j,-0.438369+0.633307j,-0.736948-1.894292j,6.779962
2.474310+1.852187j,-0.438546+0.633032j,-0.736644-1.894127j,6.782148
2.473074+1.849839j,-0.438723+0.632756j,-0.736339-1.893963j,6.784333
2.471838+1.847494j,-0.438900+0.632482j,-0.736035-1.893799j,6.786518
2.470603+1.845152j,-0.439076+0.632208j,-0.735730-1.893634j,6.788702
2.469367+1.842811j,-0.439251+0.631935j,-0.735426-1.893470j,6.790886
2.468132+1.840473j,-0.439426+0.631663j,-0.735122-1.893306j,6.793070
2.466896+1.838137j,-0.439601+0.631391j,-0.734817-1.893141j,6.795253
2.465661+1.835804j,-0.439775+0.631120j,-0.734513-1.892977j,6.797436
2.464426+1.833472j,-0.439949+0.630850j,-0.734209-1.892813j,6.799618
2.463191+1.831143j,-0.440123+0.630580j,-0.733905-1.892648j,6.801800
2.461956+1.828816j,-0.440296+0.630311j,-0.733601-1.892484j,6.803982
2.460722+1.826491j,-0.440469+0.630043j,-0.733297-1.892319j,6.806163
2.459487+1.824169j,-0.440641+0.629775j,-0.732993-1.892155j,6.808343
2.458252+1.821849j,-0.440813+0.629508j,-0.732689-1.891991j,6.810524
2.457018+1.819531j,-0.440984+0.629241j,-0.732385-1.891826j,6.812703
2.455783+1.817216j,-0.441155+0.628976j,-0.732081-1.891662j,6.814883
2.454549+1.814902j,-0.441326+0.628710j,-0.731777-1.891498j,6.817062
2.453315+1.812591j,-0.441496+0.628446j,-0.731473-1.891333j,6.819240
2.452081+1.810282j,-0.441666+0.628182j,-0.731170-1.891169j,6.821419
2.450847+1.807976j,-0.441836+0.627919j,-0.730866-1.891005j,6.823596
2.449613+1.805671j,-0.442005+0.627656j,-0.730562-1.890840j,6.825774
2.448379+1.803369j,-0.442174+0.627394j,-0.730259-1.890676j,6.827951
2.447146+1.801069j,-0.442342+0.627132j,-0.729955-1.890512j,6.830127
2.445912+1.798772j,-0.442510+0.626871j,-0.729652-1.890347j,6.832303
2.444679+1.796476j,-0.442678+0.626611j,-0.729348-1.890183j,6.834479
2.443445+1.794183j,-0.442845+0.626351j,-0.729045-1.890019j,6.836654
2.442212+1.791892j,-0.443012+0.626092j,-0.728742-1.889854j,6.838829
2.440979+1.789603j,-0.443178+0.625834j,-0.728438-1.889690j,6.841004
2.439746+1.787317j,-0.443345+0.625576j,-0.728135-1.889526j,6.843178
2.438513+1.785033j,-0.443511+0.625319j,-0.727832-1.889362j,6.845352
2.437281+1.782751j,-0.443676+0.625062j,-0.727529-1.889197j,6.847525
2.436048+1.780471j,-0.443841+0.624806j,-0.727226-1.889033j,6.849698
2.434816+1.778193j,-0.444006+0.624550j,-0.726923-1.888869j,6.851870
2.433583+1.775918j,-0.444170+0.624295j,-0.726620-1.888704j,6.854043
2.432351+1.773645j,-0.444335+0.624041j,-0.726317-1.888540j,6.856214
2.431119+1.771374j,-0.444498+0.623787j,-0.726014-1.888376j,6.858385
2.429887+1.769105j,-0.444662+0.623534j,-0.725711-1.888211j,6.860556
2.428655+1.766839j,-0.444825+0.623281j,-0.725408-1.888047j,6.862727
2.427423+1.764574j,-0.444988+0.623029j,-0.725106-1.887883j,6.864897
2.426191+1.762312j,-0.445150+0.622778j,-0.724803-1.887719j,6.867067
2.424960+1.760052j,-0.445312+0.622527j,-0.724500-1.887554j,6.869236
2.423728+1.757795j,-0.445474+0.622276j,-0.724198-1.887390j,6.871405
2.422497+1.755539j,-0.445635+0.622026j,-0.723895-1.887226j,6.873573
2.421266+1.753286j,-0.445797+0.621777j,-0.723593-1.887061j,6.875741
2.420035+1.751035j,-0.445957+0.621528j,-0.723290-1.886897j,6.877909
2.418804+1.748786j,-0.446118+0.621280j,-0.722988-1.886733j,6.880076
2.417573+1.746539j,-0.446278+0.621032j,-0.722685-1.886569j,6.882243
2.416342+1.744295j,-0.446438+0.620785j,-0.722383-1.886404j,6.884410
2.415112+1.742052j,-0.446598+0.620538j,-0.722081-1.886240j,6.886576
2.413881+1.739812j,-0.446757+0.620292j,-0.721779-1.886076j,6.888742
2.412651+1.737574j,-0.446916+0.620046j,-0.721477-1.885911j,6.890907
2.411421+1.735339j,-0.447074+0.619801j,-0.721174-1.885747j,6.893072
2.410191+1.733105j,-0.447233+0.619556j,-0.720872-1.885583j,6.895236
2.408961+1.730874j,-0.447391+0.619312j,-0.720570-1.885419j,6.897401
2.407731+1.728645j,-0.447549+0.619069j,-0.720268-1.885254j,6.899564
2.406501+1.726418j,-0.447706+0.618826j,-0.719967-1.885090j,6.901728
2.405272+1.724193j,-0.447863+0.618583j,-0.719665-1.884926j,6.903891
2.404042+1.721970j,-0.448020+0.618341j,-0.719363-1.884762j,6.906053
2.402813+1.719750j,-0.448177+0.618100j,-0.719061-1.884597j,6.908216
2.401584+1.717531j,-0.448333+0.617859j,-0.718760-1.884433j,6.910377
2.400355+1.715315j,-0.448489+0.617618j,-0.718458-1.884269j,6.912539
2.399126+1.713101j,-0.448645+0.617378j,-0.718156-1.884105j,6.914700
2.397898+1.710890j,-0.448800+0.617138j,-0.717855-1.883940j,6.916860
2.396669+1.708680j,-0.448956+0.616899j,-0.717553-1.883776j,6.919021
2.395441+1.706473j,-0.449110+0.616661j,-0.717252-1.883612j,6.921181
2.394212+1.704267j,-0.449265+0.616423j,-0.716950-1.883448j,6.923340
2.392984+1.702064j,-0.449419+0.616185j,-0.716649-1.883283j,6.925499
2.391756+1.699863j,-0.449574+0.615948j,-0.716348-1.883119j,6.927658
2.390528+1.697665j,-0.449727+0.615712j,-0.716047-1.882955j,6.929816
2.389301+1.695468j,-0.449881+0.615475j,-0.715745-1.882791j,6.931974
2.388073+1.693273j,-0.450034+0.615240j,-0.715444-1.882626j,6.934132
2.386846+1.691081j,-0.450187+0.615005j,-0.715143-1.882462j,6.936289
2.385618+1.688891j,-0.450340+0.614770j,-0.714842-1.882298j,6.938446
2.384391+1.686703j,-0.450493+0.614536j,-0.714541-1.882134j,6.940602
2.383164+1.684517j,-0.450645+0.614302j,-0.714240-1.881969j,6.942758
2.381937+1.682333j,-0.450797+0.614068j,-0.713939-1.881805j,6.944914
2.380710+1.680152j,-0.450949+0.613836j,-0.713638-1.881641j,6.947069
2.379484+1.677972j,-0.451100+0.613603j,-0.713338-1.881477j,6.949224
2.378257+1.675795j,-0.451251+0.613371j,-0.713037-1.881312j,6.951379
2.377031+1.673620j,-0.451402+0.613140j,-0.712736-1.881148j,6.953533
2.375805+1.671447j,-0.451553+0.612909j,-0.712436-1.880984j,6.955687
2.374579+1.669276j,-0.451704+0.612678j,-0.712135-1.880820j,6.957840
2.373353+1.667107j,-0.451854+0.612448j,-0.711835-1.880655j,6.959993
2.372128+1.664941j,-0.452004+0.612218j,-0.711534-1.880491j,6.962146
2.370902+1.662776j,-0.452154+0.611989j,-0.711234-1.880327j,6.964298
2.369677+1.660614j,-0.452303+0.611760j,-0.710933-1.880163j,6.966450
2.368452+1.658453j,-0.452452+0.611532j,-0.710633-1.879998j,6.968601
2.367226+1.656295j,-0.452601+0.611304j,-0.710333-1.879834j,6.970752
2.366002+1.654139j,-0.452750+0.611077j,-0.710032-1.879670j,6.972903
2.364777+1.651985j,-0.452899+0.610850j,-0.709732-1.879506j,6.975054
2.363552+1.649834j,-0.453047+0.610623j,-0.709432-1.879342j,6.977204
2.362328+1.647684j,-0.453195+0.610397j,-0.709132-1.879177j,6.979353
2.361103+1.645537j,-0.453343+0.610171j,-0.708832-1.879013j,6.981503
2.359879+1.643391j,-0.453491+0.609946j,-0.708532-1.878849j,6.983651
2.358655+1.641248j,-0.453639+0.609721j,-0.708232-1.878685j,6.985800
2.357432+1.639107j,-0.453786+0.609496j,-0.707932-1.878520j,6.987948
2.356208+1.636968j,-0.453933+0.609272j,-0.707632-1.878356j,6.990096
2.354984+1.634831j,-0.454080+0.609048j,-0.707333-1.878192j,6.992243
2.353761+1.632696j,-0.454226+0.608825j,-0.707033-1.878028j,6.994390
2.352538+1.630563j,-0.454373+0.608602j,-0.706733-1.877864j,6.996537
2.351315+1.628433j,-0.454519+0.608380j,-0.706434-1.877699j,6.998683
2.350092+1.626304j,-0.454665+0.608158j,-0.706134-1.877535j,7.000829
2.348870+1.624178j,-0.454810+0.607936j,-0.705835-1.877371j,7.002975
2.347647+1.622053j,-0.454956+0.607715j,-0.705535-1.877207j,7.005120
2.346425+1.619931j,-0.455101+0.607494j,-0.705236-1.877042j,7.007265
2.345202+1.617811j,-0.455246+0.607274j,-0.704936-1.876878j,7.009409
2.343980+1.615693j,-0.455391+0.607054j,-0.704637-1.876714j,7.011554
2.342759+1.613577j,-0.455536+0.606834j,-0.704338-1.876550j,7.013697
2.341537+1.611463j,-0.455681+0.606615j,-0.704039-1.876386j,7.015841
2.340315+1.609351j,-0.455825+0.606396j,-0.703740-1.876221j,7.017984
2.339094+1.607242j,-0.455969+0.606178j,-0.703440-1.876057j,7.020126
2.337873+1.605134j,-0.456113+0.605960j,-0.703141-1.875893j,7.022269
2.336652+1.603029j,-0.456256+0.605742j,-0.702842-1.875729j,7.024411
2.335431+1.600925j,-0.456400+0.605525j,-0.702544-1.875564j,7.026552
2.334210+1.598824j,-0.456543+0.605308j,-0.702245-1.875400j,7.028693
2.332990+1.596725j,-0.456686+0.605092j,-0.701946-1.875236j,7.030834
2.331770+1.594627j,-0.456829+0.604876j,-0.701647-1.875072j,7.032975
2.330550+1.592532j,-0.456972+0.604660j,-0.701348-1.874908j,7.035115
2.329330+1.590439j,-0.457115+0.604445j,-0.701050-1.874743j,7.037254
2.328110+1.588348j,-0.457257+0.604230j,-0.700751-1.874579j,7.039394
2.326890+1.586259j,-0.457399+0.604015j,-0.700452-1.874415j,7.041533
2.325671+1.584173j,-0.457541+0.603801j,-0.700154-1.874251j,7.043671
2.324451+1.582088j,-0.457683+0.603587j,-0.699855-1.874087j,7.045810
2.323232+1.580005j,-0.457825+0.603374j,-0.699557-1.873922j,7.047948
2.322014+1.577925j,-0.457966+0.603161j,-0.699259-1.873758j,7.050085
2.320795+1.575846j,-0.458107+0.602948j,-0.698960-1.873594j,7.052222
2.319576+1.573769j,-0.458248+0.602736j,-0.698662-1.873430j,7.054359
2.318358+1.571695j,-0.458389+0.602524j,-0.698364-1.873265j,7.056496
2.317140+1.569623j,-0.458530+0.602312j,-0.698066-1.873101j,7.058632
2.315922+1.567552j,-0.458671+0.602101j,-0.697768-1.872937j,7.060768
2.314704+1.565484j,-0.458811+0.601890j,-0.697470-1.872773j,7.062903
2.313486+1.563418j,-0.458951+0.601680j,-0.697172-1.872609j,7.065038
2.312269+1.561354j,-0.459091+0.601469j,-0.696874-1.872444j,7.067173
2.311051+1.559291j,-0.459231+0.601260j,-0.696576-1.872280j,7.069307
2.309834+1.557231j,-0.459371+0.601050j,-0.696278-1.872116j,7.071441
2.308617+1.555173j,-0.459510+0.600841j,-0.695980-1.871952j,7.073575
2.307401+1.553117j,-0.459650+0.600632j,-0.695683-1.871788j,7.075708
2.306184+1.551063j,-0.459789+0.600424j,-0.695385-1.871623j,7.077841
2.304968+1.549011j,-0.459928+0.600216j,-0.695087-1.871459j,7.079974
2.303752+1.546961j,-0.460067+0.600008j,-0.694790-1.871295j,7.082106
2.302536+1.544914j,-0.460205+0.599801j,-0.694492-1.871131j,7.084238
2.301320+1.542868j,-0.460344+0.599594j,-0.694195-1.870966j,7.086369
2.300104+1.540824j,-0.460482+0.599387j,-0.693897-1.870802j,7.088501
2.298889+1.538782j,-0.460621+0.599181j,-0.693600-1.870638j,7.090631
2.297674+1.536743j,-0.460759+0.598975j,-0.693303-1.870474j,7.092762
2.296459+1.534705j,-0.460897+0.598769j,-0.693005-1.870310j,7.094892
2.295244+1.532669j,-0.461034+0.598563j,-0.692708-1.870145j,7.097022
2.294029+1.530636j,-0.461172+0.598358j,-0.692411-1.869981j,7.099151
2.292815+1.528604j,-0.461309+0.598154j,-0.692114-1.869817j,7.101280
2.291600+1.526574j,-0.461447+0.597949j,-0.691817-1.869653j,7.103409
2.290386+1.524547j,-0.461584+0.597745j,-0.691520-1.869488j,7.105537
2.289173+1.522521j,-0.461721+0.597542j,-0.691223-1.869324j,7.107665
2.287959+1.520498j,-0.461858+0.597338j,-0.690926-1.869160j,7.109793
2.286745+1.518476j,-0.461994+0.597135j,-0.690629-1.868996j,7.111920
2.285532+1.516457j,-0.462131+0.596933j,-0.690333-1.868831j,7.114047
2.284319+1.514439j,-0.462267+0.596730j,-0.690036-1.868667j,7.116174
2.283106+1.512424j,-0.462404+0.596528j,-0.689739-1.868503j,7.118300
2.281893+1.510410j,-0.462540+0.596326j,-0.689443-1.868339j,7.120426
2.280681+1.508399j,-0.462676+0.596125j,-0.689146-1.868175j,7.122552
2.279469+1.506389j,-0.462811+0.595924j,-0.688850-1.868010j,7.124677
2.278257+1.504382j,-0.462947+0.595723j,-0.688553-1.867846j,7.126802
2.277045+1.502377j,-0.463083+0.595523j,-0.688257-1.867682j,7.128927
2.275833+1.500373j,-0.463218+0.595322j,-0.687961-1.867518j,7.131051
2.274621+1.498372j,-0.463353+0.595123j,-0.687664-1.867353j,7.133175
2.273410+1.496372j,-0.463488+0.594923j,-0.687368-1.867189j,7.135298
2.272199+1.494375j,-0.463624+0.594724j,-0.687072-1.867025j,7.137421
2.270988+1.492379j,-0.463758+0.594525j,-0.686776-1.866861j,7.139544
2.269778+1.490386j,-0.463893+0.594326j,-0.686480-1.866696j,7.141667
2.268567+1.488394j,-0.464028+0.594128j,-0.686184-1.866532j,7.143789
2.267357+1.486405j,-0.464162+0.593930j,-0.685888-1.866368j,7.145911
2.266147+1.484417j,-0.464297+0.593732j,-0.685592-1.866204j,7.148032
2.264937+1.482432j,-0.464431+0.593535j,-0.685296-1.866039j,7.150153
2.263727+1.480448j,-0.464565+0.593338j,-0.685000-1.865875j,7.152274
2.262518+1.478467j,-0.464699+0.593141j,-0.684704-1.865711j,7.154394
2.261308+1.476487j,-0.464833+0.592944j,-0.684409-1.865547j,7.156514
2.260099+1.474510j,-0.464966+0.592748j,-0.684113-1.865382j,7.158634
2.258891+1.472534j,-0.465100+0.592552j,-0.683818-1.865218j,7.160754
2.257682+1.470561j,-0.465233+0.592357j,-0.683522-1.865054j,7.162873
2.256474+1.468589j,-0.465367+0.592161j,-0.683227-1.864890j,7.164991
2.255265+1.466619j,-0.465500+0.591966j,-0.682931-1.864725j,7.167110
2.254057+1.464651j,-0.465633+0.591771j,-0.682636-1.864561j,7.169228
2.252850+1.462686j,-0.465766+0.591577j,-0.682341-1.864397j,7.171345
2.251642+1.460722j,-0.465899+0.591383j,-0.682045-1.864232j,7.173463
2.250435+1.458760j,-0.466031+0.591189j,-0.681750-1.864068j,7.175580
2.249228+1.456800j,-0.466164+0.590995j,-0.681455-1.863904j,7.177697
2.248021+1.454843j,-0.466296+0.590802j,-0.681160-1.863740j,7.179813
2.246814+1.452887j,-0.466429+0.590609j,-0.680865-1.863575j,7.181929
2.245607+1.450933j,-0.466561+0.590416j,-0.680570-1.863411j,7.184045
2.244401+1.448981j,-0.466693+0.590224j,-0.680275-1.863247j,7.186160
2.243195+1.447031j,-0.466825+0.590032j,-0.679980-1.863083j,7.188275
2.241989+1.445083j,-0.466957+0.589840j,-0.679685-1.862918j,7.190390
2.240784+1.443136j,-0.467089+0.589648j,-0.679391-1.862754j,7.192504
2.239578+1.441192j,-0.467221+0.589457j,-0.679096-1.862590j,7.194618
2.238373+1.439250j,-0.467352+0.589266j,-0.678801-1.862425j,7.196732
2.237168+1.437310j,-0.467484+0.589075j,-0.678507-1.862261j,7.198845
2.235963+1.435372j,-0.467615+0.588884j,-0.678212-1.862097j,7.200958
2.234759+1.433435j,-0.467746+0.588694j,-0.677918-1.861933j,7.203070
2.233554+1.431501j,-0.467877+0.588504j,-0.677623-1.861768j,7.205183
2.232350+1.429568j,-0.468009+0.588314j,-0.677329-1.861604j,7.207295
2.231146+1.427638j,-0.468139+0.588125j,-0.677035-1.861440j,7.209406
2.229943+1.425709j,-0.468270+0.587936j,-0.676741-1.861275j,7.211518
2.228739+1.423782j,-0.468401+0.587747j,-0.676446-1.861111j,7.213629
2.227536+1.421858j,-0.468532+0.587558j,-0.676152-1.860947j,7.215739
2.226333+1.419935j,-0.468662+0.587370j,-0.675858-1.860782j,7.217850
2.225130+1.418014j,-0.468793+0.587182j,-0.675564-1.860618j,7.219960
2.223928+1.416095j,-0.468923+0.586994j,-0.675270-1.860454j,7.222069
2.222726+1.414178j,-0.469053+0.586806j,-0.674976-1.860289j,7.224179
2.221524+1.412263j,-0.469183+0.586619j,-0.674682-1.860125j,7.226288
2.220322+1.410350j,-0.469313+0.586432j,-0.674389-1.859961j,7.228396
2.219120+1.408439j,-0.469443+0.586245j,-0.674095-1.859797j,7.230505
2.217919+1.406529j,-0.469573+0.586058j,-0.673801-1.859632j,7.232613
2.216718+1.404622j,-0.469703+0.585872j,-0.673508-1.859468j,7.234720
2.215517+1.402717j,-0.469832+0.585686j,-0.673214-1.859304j,7.236828
2.214316+1.400813j,-0.469962+0.585500j,-0.672920-1.859139j,7.238935
2.213115+1.398912j,-0.470091+0.585315j,-0.672627-1.858975j,7.241041
2.211915+1.397012j,-0.470221+0.585129j,-0.672334-1.858811j,7.243148
2.210715+1.395114j,-0.470350+0.584944j,-0.672040-1.858646j,7.245254
2.209515+1.393218j,-0.470479+0.584759j,-0.671747-1.858482j,7.247359
2.208316+1.391324j,-0.470608+0.584575j,-0.671454-1.858318j,7.249465
2.207116+1.389432j,-0.470737+0.584391j,-0.671161-1.858153j,7.251570
2.205917+1.387542j,-0.470866+0.584207j,-0.670867-1.857989j,7.253674
2.204718+1.385654j,-0.470995+0.584023j,-0.670574-1.857824j,7.255779
2.203520+1.383768j,-0.471123+0.583839j,-0.670281-1.857660j,7.257883
2.202321+1.381883j,-0.471252+0.583656j,-0.669988-1.857496j,7.259987
2.201123+1.380001j,-0.471381+0.583473j,-0.669696-1.857331j,7.262090
2.199925+1.378120j,-0.471509+0.583290j,-0.669403-1.857167j,7.264193
2.198728+1.376241j,-0.471637+0.583107j,-0.669110-1.857003j,7.266296
2.197530+1.374365j,-0.471766+0.582925j,-0.668817-1.856838j,7.268398
2.196333+1.372490j,-0.471894+0.582743j,-0.668525-1.856674j,7.270500
2.195136+1.370617j,-0.472022+0.582561j,-0.668232-1.856510j,7.272602
2.193939+1.368745j,-0.472150+0.582379j,-0.667939-1.856345j,7.274703
2.192743+1.366876j,-0.472278+0.582198j,-0.667647-1.856181j,7.276805
2.191547+1.365009j,-0.472406+0.582017j,-0.667354-1.856016j,7.278905
2.190350+1.363143j,-0.472534+0.581836j,-0.667062-1.855852j,7.281006
2.189155+1.361280j,-0.472661+0.581655j,-0.666770-1.855688j,7.283106
2.187959+1.359418j,-0.472789+0.581475j,-0.666477-1.855523j,7.285206
2.186764+1.357558j,-0.472917+0.581294j,-0.666185-1.855359j,7.287305
2.185569+1.355700j,-0.473044+0.581114j,-0.665893-1.855194j,7.289404
2.184374+1.353844j,-0.473171+0.580935j,-0.665601-1.855030j,7.291503
2.183179+1.351990j,-0.473299+0.580755j,-0.665309-1.854866j,7.293602
2.181985+1.350138j,-0.473426+0.580576j,-0.665017-1.854701j,7.295700
2.180791+1.348287j,-0.473553+0.580397j,-0.664725-1.854537j,7.297798
2.179597+1.346439j,-0.473680+0.580218j,-0.664433-1.854372j,7.299895
2.178404+1.344592j,-0.473807+0.580039j,-0.664141-1.854208j,7.301993
2.177210+1.342748j,-0.473934+0.579861j,-0.663850-1.854043j,7.304090
2.176017+1.340905j,-0.474061+0.579683j,-0.663558-1.853879j,7.306186
2.174824+1.339064j,-0.474188+0.579505j,-0.663266-1.853715j,7.308283
2.173632+1.337224j,-0.474315+0.579327j,-0.662975-1.853550j,7.310378
2.172439+1.335387j,-0.474441+0.579149j,-0.662683-1.853386j,7.312474
2.171247+1.333552j,-0.474568+0.578972j,-0.662392-1.853221j,7.314569
2.170055+1.331718j,-0.474694+0.578795j,-0.662100-1.853057j,7.316664
2.168864+1.329886j,-0.474821+0.578618j,-0.661809-1.852892j,7.318759
2.167672+1.328056j,-0.474947+0.578441j,-0.661518-1.852728j,7.320853
2.166481+1.326228j,-0.475073+0.578265j,-0.661226-1.852563j,7.322947
2.165290+1.324402j,-0.475200+0.578089j,-0.660935-1.852399j,7.325041
2.164100+1.322578j,-0.475326+0.577913j,-0.660644-1.852234j,7.327135
2.162909+1.320755j,-0.475452+0.577737j,-0.660353-1.852070j,7.329228
2.161719+1.318935j,-0.475578+0.577561j,-0.660062-1.851906j,7.331320
2.160529+1.317116j,-0.475704+0.577386j,-0.659771-1.851741j,7.333413
2.159340+1.315299j,-0.475830+0.577211j,-0.659480-1.851577j,7.335505
2.158150+1.313484j,-0.475956+0.577036j,-0.659189-1.851412j,7.337597
2.156961+1.311671j,-0.476081+0.576861j,-0.658899-1.851248j,7.339688
2.155772+1.309859j,-0.476207+0.576687j,-0.658608-1.851083j,7.341779
2.154584+1.308050j,-0.476333+0.576512j,-0.658317-1.850919j,7.343870
2.153395+1.306242j,-0.476458+0.576338j,-0.658027-1.850754j,7.345961
2.152207+1.304436j,-0.476584+0.576164j,-0.657736-1.850590j,7.348051
2.151019+1.302632j,-0.476709+0.575991j,-0.657446-1.850425j,7.350141
2.149832+1.300830j,-0.476835+0.575817j,-0.657155-1.850261j,7.352230
2.148644+1.299030j,-0.476960+0.575644j,-0.656865-1.850096j,7.354320
2.147457+1.297231j,-0.477085+0.575471j,-0.656575-1.849931j,7.356409
2.146271+1.295435j,-0.477211+0.575298j,-0.656284-1.849767j,7.358497
2.145084+1.293640j,-0.477336+0.575125j,-0.655994-1.849602j,7.360586
2.143898+1.291847j,-0.477461+0.574953j,-0.655704-1.849438j,7.362674
2.142712+1.290056j,-0.477586+0.574781j,-0.655414-1.849273j,7.364761
2.141526+1.288266j,-0.477711+0.574608j,-0.655124-1.849109j,7.366849
2.140340+1.286479j,-0.477836+0.574437j,-0.654834-1.848944j,7.368936
2.139155+1.284693j,-0.477961+0.574265j,-0.654544-1.848780j,7.371023
2.137970+1.282909j,-0.478086+0.574093j,-0.654254-1.848615j,7.373109
2.136785+1.281127j,-0.478211+0.573922j,-0.653965-1.848451j,7.375195
2.135601+1.279347j,-0.478335+0.573751j,-0.653675-1.848286j,7.377281
2.134417+1.277568j,-0.478460+0.573580j,-0.653385-1.848121j,7.379366
2.133233+1.275792j,-0.478585+0.573409j,-0.653096-1.847957j,7.381452
2.132049+1.274017j,-0.478709+0.573239j,-0.652806-1.847792j,7.383537
2.130866+1.272244j,-0.478834+0.573069j,-0.652517-1.847628j,7.385621
2.129682+1.270473j,-0.478958+0.572898j,-0.652227-1.847463j,7.387705
2.128500+1.268703j,-0.479083+0.572729j,-0.651938-1.847298j,7.389789
2.127317+1.266936j,-0.479207+0.572559j,-0.651649-1.847134j,7.391873
2.126135+1.265170j,-0.479331+0.572389j,-0.651359-1.846969j,7.393956
2.124953+1.263406j,-0.479456+0.572220j,-0.651070-1.846805j,7.396039
2.123771+1.261644j,-0.479580+0.572051j,-0.650781-1.846640j,7.398122
2.122589+1.259883j,-0.479704+0.571882j,-0.650492-1.846475j,7.400204
2.121408+1.258125j,-0.479828+0.571713j,-0.650203-1.846311j,7.402286
2.120227+1.256368j,-0.479952+0.571544j,-0.649914-1.846146j,7.404368
2.119046+1.254613j,-0.480076+0.571376j,-0.649625-1.845981j,7.406450
2.117866+1.252860j,-0.480200+0.571208j,-0.649336-1.845817j,7.408531
2.116685+1.251108j,-0.480324+0.571039j,-0.649048-1.845652j,7.410612
2.115505+1.249359j,-0.480448+0.570872j,-0.648759-1.845487j,7.412692
2.114326+1.247611j,-0.480572+0.570704j,-0.648470-1.845323j,7.414772
2.113146+1.245865j,-0.480696+0.570536j,-0.648182-1.845158j,7.416852
2.111967+1.244121j,-0.480820+0.570369j,-0.647893-1.844993j,7.418932
2.110788+1.242378j,-0.480943+0.570202j,-0.647605-1.844829j,7.421011
2.109610+1.240638j,-0.481067+0.570035j,-0.647316-1.844664j,7.423090
2.108431+1.238899j,-0.481191+0.569868j,-0.647028-1.844499j,7.425169
2.107253+1.237162j,-0.481314+0.569701j,-0.646740-1.844335j,7.427247
2.106076+1.235427j,-0.481438+0.569535j,-0.646452-1.844170j,7.429325
2.104898+1.233693j,-0.481561+0.569369j,-0.646163-1.844005j,7.431403
2.103721+1.231961j,-0.481685+0.569203j,-0.645875-1.843841j,7.433480
2.102544+1.230231j,-0.481808+0.569037j,-0.645587-1.843676j,7.435557
2.101367+1.228503j,-0.481932+0.568871j,-0.645299-1.843511j,7.437634
2.100191+1.226777j,-0.482055+0.568705j,-0.645011-1.843346j,7.439711
2.099015+1.225052j,-0.482178+0.568540j,-0.644723-1.843182j,7.441787
2.097839+1.223329j,-0.482302+0.568375j,-0.644436-1.843017j,7.443863
2.096663+1.221608j,-0.482425+0.568210j,-0.644148-1.842852j,7.445938
2.095488+1.219889j,-0.482548+0.568045j,-0.643860-1.842687j,7.448014
2.094313+1.218171j,-0.482671+0.567880j,-0.643573-1.842523j,7.450089
2.093138+1.216455j,-0.482794+0.567715j,-0.643285-1.842358j,7.452163
2.091964+1.214741j,-0.482917+0.567551j,-0.642998-1.842193j,7.454238
2.090790+1.213029j,-0.483041+0.567387j,-0.642710-1.842028j,7.456312
2.089616+1.211318j,-0.483164+0.567223j,-0.642423-1.841864j,7.458386
2.088442+1.209610j,-0.483287+0.567059j,-0.642135-1.841699j,7.460459
2.087269+1.207903j,-0.483410+0.566895j,-0.641848-1.841534j,7.462532
2.086096+1.206197j,-0.483532+0.566732j,-0.641561-1.841369j,7.464605
2.084923+1.204494j,-0.483655+0.566568j,-0.641274-1.841204j,7.466678
2.083750+1.202792j,-0.483778+0.566405j,-0.640987-1.841040j,7.468750
2.082578+1.201092j,-0.483901+0.566242j,-0.640700-1.840875j,7.470822
2.081406+1.199394j,-0.484024+0.566079j,-0.640413-1.840710j,7.472893
2.080235+1.197697j,-0.484147+0.565916j,-0.640126-1.840545j,7.474965
2.079063+1.196003j,-0.484269+0.565754j,-0.639839-1.840380j,7.477036
2.077892+1.194310j,-0.484392+0.565591j,-0.639552-1.840215j,7.479106
2.076721+1.192618j,-0.484515+0.565429j,-0.639266-1.840051j,7.481177
2.075551+1.190929j,-0.484637+0.565267j,-0.638979-1.839886j,7.483247
2.074381+1.189241j,-0.484760+0.565105j,-0.638693-1.839721j,7.485317
2.073211+1.187555j,-0.484883+0.564943j,-0.638406-1.839556j,7.487386
2.072041+1.185871j,-0.485005+0.564782j,-0.638120-1.839391j,7.489455
2.070872+1.184188j,-0.485128+0.564620j,-0.637833-1.839226j,7.491524
2.069702+1.182507j,-0.485250+0.564459j,-0.637547-1.839061j,7.493593
2.068534+1.180828j,-0.485373+0.564298j,-0.637261-1.838896j,7.495661
2.067365+1.179151j,-0.485495+0.564137j,-0.636974-1.838732j,7.497729
2.066197+1.177475j,-0.485618+0.563976j,-0.636688-1.838567j,7.499797
2.065029+1.175801j,-0.485740+0.563815j,-0.636402-1.838402j,7.501864
2.063861+1.174129j,-0.485862+0.563655j,-0.636116-1.838237j,7.503931
2.062694+1.172459j,-0.485985+0.563495j,-0.635830-1.838072j,7.505998
2.061527+1.170790j,-0.486107+0.563334j,-0.635544-1.837907j,7.508065
2.060360+1.169123j,-0.486229+0.563174j,-0.635258-1.837742j,7.510131
2.059194+1.167458j,-0.486352+0.563014j,-0.634973-1.837577j,7.512197
2.058027+1.165794j,-0.486474+0.562855j,-0.634687-1.837412j,7.514262
2.056862+1.164132j,-0.486596+0.562695j,-0.634401-1.837247j,7.516328
2.055696+1.162472j,-0.486718+0.562536j,-0.634116-1.837082j,7.518393
2.054531+1.160814j,-0.486841+0.562376j,-0.633830-1.836917j,7.520457
2.053366+1.159157j,-0.486963+0.562217j,-0.633545-1.836752j,7.522522
2.052201+1.157502j,-0.487085+0.562058j,-0.633259-1.836587j,7.524586
2.051036+1.155849j,-0.487207+0.561899j,-0.632974-1.836422j,7.526650
2.049872+1.154197j,-0.487329+0.561740j,-0.632689-1.836257j,7.528713
2.048708+1.152547j,-0.487451+0.561582j,-0.632403-1.836092j,7.530776
2.047545+1.150899j,-0.487573+0.561423j,-0.632118-1.835927j,7.532839
2.046382+1.149253j,-0.487695+0.561265j,-0.631833-1.835762j,7.534902
2.045219+1.147608j,-0.487817+0.561107j,-0.631548-1.835597j,7.536964
2.044056+1.145965j,-0.487939+0.560949j,-0.631263-1.835432j,7.539026
2.042894+1.144324j,-0.488061+0.560791j,-0.630978-1.835267j,7.541088
2.041731+1.142684j,-0.488183+0.560633j,-0.630693-1.835102j,7.543149
2.040570+1.141046j,-0.488305+0.560476j,-0.630409-1.834937j,7.545210
2.039408+1.139410j,-0.488427+0.560318j,-0.630124-1.834772j,7.547271
2.038247+1.137775j,-0.488549+0.560161j,-0.629839-1.834607j,7.549332
2.037086+1.136142j,-0.488671+0.560004j,-0.629555-1.834442j,7.551392
2.035925+1.134511j,-0.488793+0.559847j,-0.629270-1.834276j,7.553452
2.034765+1.132882j,-0.488915+0.559690j,-0.628986-1.834111j,7.555512
2.033605+1.131254j,-0.489037+0.559533j,-0.628701-1.833946j,7.557571
2.032445+1.129628j,-0.489158+0.559377j,-0.628417-1.833781j,7.559630
2.031286+1.128004j,-0.489280+0.559220j,-0.628133-1.833616j,7.561689
2.030127+1.126381j,-0.489402+0.559064j,-0.627848-1.833451j,7.563747
2.028968+1.124760j,-0.489524+0.558908j,-0.627564-1.833286j,7.565805
2.027810+1.123141j,-0.489646+0.558752j,-0.627280-1.833120j,7.567863
2.026651+1.121523j,-0.489767+0.558596j,-0.626996-1.832955j,7.569921
2.025494+1.119907j,-0.489889+0.558440j,-0.626712-1.832790j,7.571978
2.024336+1.118293j,-0.490011+0.558284j,-0.626428-1.832625j,7.574035
2.023179+1.116680j,-0.490133+0.558129j,-0.626145-1.832460j,7.576092
2.022022+1.115069j,-0.490254+0.557973j,-0.625861-1.832295j,7.578148
2.020865+1.113460j,-0.490376+0.557818j,-0.625577-1.832129j,7.580204
2.019709+1.111852j,-0.490498+0.557663j,-0.625293-1.831964j,7.582260
2.018553+1.110246j,-0.490619+0.557508j,-0.625010-1.831799j,7.584315
2.017397+1.108642j,-0.490741+0.557353j,-0.624726-1.831634j,7.586371
2.016241+1.107039j,-0.490863+0.557198j,-0.624443-1.831468j,7.588425
2.015086+1.105439j,-0.490984+0.557044j,-0.624159-1.831303j,7.590480
2.013931+1.103839j,-0.491106+0.556889j,-0.623876-1.831138j,7.592534
2.012777+1.102242j,-0.491228+0.556735j,-0.623593-1.830973j,7.594588
2.011623+1.100646j,-0.491349+0.556581j,-0.623310-1.830807j,7.596642
2.010469+1.099052j,-0.491471+0.556427j,-0.623027-1.830642j,7.598696
2.009315+1.097459j,-0.491593+0.556273j,-0.622743-1.830477j,7.600749
2.008162+1.095868j,-0.491714+0.556119j,-0.622460-1.830311j,7.602802
2.007009+1.094279j,-0.491836+0.555965j,-0.622178-1.830146j,7.604854
2.005856+1.092691j,-0.491957+0.555812j,-0.621895-1.829981j,7.606906
2.004704+1.091105j,-0.492079+0.555658j,-0.621612-1.829816j,7.608958
2.003551+1.089521j,-0.492201+0.555505j,-0.621329-1.829650j,7.611010
2.002400+1.087938j,-0.492322+0.555351j,-0.621046-1.829485j,7.613062
2.001248+1.086357j,-0.492444+0.555198j,-0.620764-1.829319j,7.615113
2.000097+1.084778j,-0.492565+0.555045j,-0.620481-1.829154j,7.617163
1.998946+1.083200j,-0.492687+0.554893j,-0.620199-1.828989j,7.619214
1.997796+1.081624j,-0.492808+0.554740j,-0.619916-1.828823j,7.621264
1.996646+1.080050j,-0.492930+0.554587j,-0.619634-1.828658j,7.623314
1.995496+1.078477j,-0.493051+0.554435j,-0.619352-1.828493j,7.625364
1.994346+1.076906j,-0.493173+0.554282j,-0.619069-1.828327j,7.627413
1.993197+1.075336j,-0.493294+0.554130j,-0.618787-1.828162j,7.629462
1.992048+1.073769j,-0.493416+0.553978j,-0.618505-1.827996j,7.631511
1.990899+1.072202j,-0.493537+0.553826j,-0.618223-1.827831j,7.633559
1.989751+1.070638j,-0.493659+0.553674j,-0.617941-1.827665j,7.635608
1.988603+1.069075j,-0.493780+0.553522j,-0.617659-1.827500j,7.637656
1.987455+1.067514j,-0.493902+0.553371j,-0.617377-1.827334j,7.639703
1.986308+1.065954j,-0.494023+0.553219j,-0.617096-1.827169j,7.641751
1.985160+1.064396j,-0.494145+0.553068j,-0.616814-1.827003j,7.643798
1.984014+1.062839j,-0.494266+0.552916j,-0.616532-1.826838j,7.645844
1.982867+1.061285j,-0.494388+0.552765j,-0.616251-1.826672j,7.647891
1.981721+1.059732j,-0.494509+0.552614j,-0.615969-1.826507j,7.649937
1.980575+1.058180j,-0.494631+0.552463j,-0.615688-1.826341j,7.651983
1.979430+1.056630j,-0.494752+0.552312j,-0.615406-1.826176j,7.654028
1.978285+1.055082j,-0.494874+0.552162j,-0.615125-1.826010j,7.656074
1.977140+1.053535j,-0.494995+0.552011j,-0.614844-1.825845j,7.658119
1.975995+1.051990j,-0.495117+0.551860j,-0.614563-1.825679j,7.660163
1.974851+1.050447j,-0.495238+0.551710j,-0.614281-1.825514j,7.662208
1.973707+1.048905j,-0.495360+0.551560j,-0.614000-1.825348j,7.664252
1.972563+1.047365j,-0.495481+0.551410j,-0.613719-1.825182j,7.666296
1.971420+1.045826j,-0.495603+0.551259j,-0.613438-1.825017j,7.668339
1.970277+1.044289j,-0.495724+0.551109j,-0.613158-1.824851j,7.670383
1.969134+1.042754j,-0.495846+0.550960j,-0.612877-1.824686j,7.672426
1.967992+1.041220j,-0.495968+0.550810j,-0.612596-1.824520j,7.674468
1.966850+1.039688j,-0.496089+0.550660j,-0.612315-1.824354j,7.676511
1.965708+1.038158j,-0.496211+0.550511j,-0.612035-1.824189j,7.678553
1.964567+1.036629j,-0.496332+0.550361j,-0.611754-1.824023j,7.680595
1.963426+1.035101j,-0.496454+0.550212j,-0.611474-1.823857j,7.682636
1.962285+1.033576j,-0.496575+0.550063j,-0.611193-1.823692j,7.684678
1.961145+1.032052j,-0.496697+0.549914j,-0.610913-1.823526j,7.686719
1.960005+1.030529j,-0.496818+0.549765j,-0.610633-1.823360j,7.688759
1.958865+1.029008j,-0.496940+0.549616j,-0.610352-1.823194j,7.690800
1.957726+1.027489j,-0.497061+0.549467j,-0.610072-1.823029j,7.692840
1.956587+1.025971j,-0.497183+0.549318j,-0.609792-1.822863j,7.694880
1.955448+1.024455j,-0.497304+0.549170j,-0.609512-1.822697j,7.696919
1.954309+1.022941j,-0.497426+0.549021j,-0.609232-1.822531j,7.698959
1.953171+1.021428j,-0.497548+0.548873j,-0.608952-1.822366j,7.700997
1.952033+1.019917j,-0.497669+0.548725j,-0.608673-1.822200j,7.703036
1.950896+1.018407j,-0.497791+0.548576j,-0.608393-1.822034j,7.705075
1.949759+1.016899j,-0.497912+0.548428j,-0.608113-1.821868j,7.707113
1.948622+1.015392j,-0.498034+0.548280j,-0.607834-1.821702j,7.709151
1.947485+1.013887j,-0.498155+0.548132j,-0.607554-1.821537j,7.711188
1.946349+1.012384j,-0.498277+0.547985j,-0.607275-1.821371j,7.713225
1.945213+1.010882j,-0.498399+0.547837j,-0.606995-1.821205j,7.715262
1.944078+1.009382j,-0.498520+0.547689j,-0.606716-1.821039j,7.717299
1.942943+1.007883j,-0.498642+0.547542j,-0.606436-1.820873j,7.719335
1.941808+1.006386j,-0.498764+0.547395j,-0.606157-1.820707j,7.721372
1.940673+1.004891j,-0.498885+0.547247j,-0.605878-1.820541j,7.723407
1.939539+1.003397j,-0.499007+0.547100j,-0.605599-1.820375j,7.725443
1.938405+1.001905j,-0.499129+0.546953j,-0.605320-1.820210j,7.727478
1.937272+1.000414j,-0.499250+0.546806j,-0.605041-1.820044j,7.729513
1.936138+0.998925j,-0.499372+0.546659j,-0.604762-1.819878j,7.731548
1.935006+0.997437j,-0.499494+0.546512j,-0.604483-1.819712j,7.733582
1.933873+0.995951j,-0.499615+0.546366j,-0.604205-1.819546j,7.735617
1.932741+0.994467j,-0.499737+0.546219j,-0.603926-1.819380j,7.737650
1.931609+0.992984j,-0.499859+0.546072j,-0.603647-1.819214j,7.739684
1.930477+0.991502j,-0.499981+0.545926j,-0.603369-1.819048j,7.741717
1.929346+0.990023j,-0.500102+0.545780j,-0.603090-1.818882j,7.743750
1.928215+0.988544j,-0.500224+0.545633j,-0.602812-1.818716j,7.745783
1.927085+0.987068j,-0.500346+0.545487j,-0.602534-1.818550j,7.747815
1.925954+0.985593j,-0.500468+0.545341j,-0.602255-1.818384j,7.749848
1.924824+0.984119j,-0.500590+0.545195j,-0.601977-1.818218j,7.751880
1.923695+0.982647j,-0.500711+0.545049j,-0.601699-1.818051j,7.753911
1.922566+0.981177j,-0.500833+0.544904j,-0.601421-1.817885j,7.755942
1.921437+0.979708j,-0.500955+0.544758j,-0.601143-1.817719j,7.757973
1.920308+0.978241j,-0.501077+0.544612j,-0.600865-1.817553j,7.760004
1.919180+0.976775j,-0.501199+0.544467j,-0.600587-1.817387j,7.762035
1.918052+0.975311j,-0.501321+0.544321j,-0.600309-1.817221j,7.764065
1.916924+0.973848j,-0.501443+0.544176j,-0.600031-1.817055j,7.766095
1.915797+0.972387j,-0.501565+0.544031j,-0.599754-1.816889j,7.768124
1.914670+0.970928j,-0.501687+0.543886j,-0.599476-1.816722j,7.770154
1.913544+0.969470j,-0.501809+0.543741j,-0.599199-1.816556j,7.772183
1.912418+0.968013j,-0.501930+0.543596j,-0.598921-1.816390j,7.774212
1.911292+0.966558j,-0.502052+0.543451j,-0.598644-1.816224j,7.776240
1.910166+0.965105j,-0.502174+0.543306j,-0.598366-1.816058j,7.778268
1.909041+0.963653j,-0.502296+0.543161j,-0.598089-1.815891j,7.780296
1.907916+0.962203j,-0.502419+0.543016j,-0.597812-1.815725j,7.782324
1.906791+0.960754j,-0.502541+0.542872j,-0.597535-1.815559j,7.784351
1.905667+0.959307j,-0.502663+0.542727j,-0.597258-1.815393j,7.786378
1.904543+0.957861j,-0.502785+0.542583j,-0.596981-1.815226j,7.788405
1.903420+0.956417j,-0.502907+0.542439j,-0.596704-1.815060j,7.790432
1.902297+0.954975j,-0.503029+0.542294j,-0.596427-1.814894j,7.792458
1.901174+0.953534j,-0.503151+0.542150j,-0.596150-1.814727j,7.794484
1.900051+0.952094j,-0.503273+0.542006j,-0.595874-1.814561j,7.796510
1.898929+0.950656j,-0.503395+0.541862j,-0.595597-1.814395j,7.798535
1.897807+0.949220j,-0.503518+0.541718j,-0.595320-1.814228j,7.800560
1.896686+0.947785j,-0.503640+0.541575j,-0.595044-1.814062j,7.802585
1.895565+0.946351j,-0.503762+0.541431j,-0.594767-1.813895j,7.804610
1.894444+0.944919j,-0.503884+0.541287j,-0.594491-1.813729j,7.806634
1.893323+0.943489j,-0.504007+0.541144j,-0.594215-1.813563j,7.808658
1.892203+0.942060j,-0.504129+0.541000j,-0.593939-1.813396j,7.810682
1.891084+0.940633j,-0.504251+0.540857j,-0.593662-1.813230j,7.812705
1.889964+0.939207j,-0.504373+0.540713j,-0.593386-1.813063j,7.814728
1.888845+0.937783j,-0.504496+0.540570j,-0.593110-1.812897j,7.816751
1.887726+0.936360j,-0.504618+0.540427j,-0.592834-1.812730j,7.818774
1.886608+0.934939j,-0.504741+0.540284j,-0.592558-1.812564j,7.820796
1.885490+0.933519j,-0.504863+0.540141j,-0.592283-1.812397j,7.822818
1.884372+0.932101j,-0.504985+0.539998j,-0.592007-1.812231j,7.824840
1.883255+0.930684j,-0.505108+0.539855j,-0.591731-1.812064j,7.826862
1.882138+0.929269j,-0.505230+0.539712j,-0.591456-1.811898j,7.828883
1.881021+0.927855j,-0.505353+0.539569j,-0.591180-1.811731j,7.830904
1.879905+0.926443j,-0.505475+0.539427j,-0.590904-1.811564j,7.832924
1.878789+0.925032j,-0.505598+0.539284j,-0.590629-1.811398j,7.834945
1.877673+0.923623j,-0.505720+0.539142j,-0.590354-1.811231j,7.836965
1.876558+0.922215j,-0.505843+0.538999j,-0.590078-1.811065j,7.838985
1.875443+0.920809j,-0.505966+0.538857j,-0.589803-1.810898j,7.841004
1.874328+0.919405j,-0.506088+0.538714j,-0.589528-1.810731j,7.843024
1.873214+0.918001j,-0.506211+0.538572j,-0.589253-1.810565j,7.845043
1.872100+0.916600j,-0.506333+0.538430j,-0.588978-1.810398j,7.847061
1.870986+0.915200j,-0.506456+0.538288j,-0.588703-1.810231j,7.849080
1.869873+0.913801j,-0.506579+0.538146j,-0.588428-1.810065j,7.851098
1.868760+0.912404j,-0.506702+0.538004j,-0.588154-1.809898j,7.853116
1.867648+0.911008j,-0.506824+0.537862j,-0.587879-1.809731j,7.855134
1.866535+0.909614j,-0.506947+0.537720j,-0.587604-1.809564j,7.857151
1.865424+0.908221j,-0.507070+0.537579j,-0.587330-1.809397j,7.859168
1.864312+0.906830j,-0.507193+0.537437j,-0.587055-1.809231j,7.861185
1.863201+0.905440j,-0.507316+0.537295j,-0.586781-1.809064j,7.863201
1.862090+0.904052j,-0.507439+0.537154j,-0.586506-1.808897j,7.865218
1.860980+0.902665j,-0.507562+0.537012j,-0.586232-1.808730j,7.867234
1.859870+0.901280j,-0.507684+0.536871j,-0.585958-1.808563j,7.869249
1.858760+0.899896j,-0.507807+0.536730j,-0.585684-1.808397j,7.871265
1.857651+0.898514j,-0.507930+0.536588j,-0.585410-1.808230j,7.873280
1.856542+0.897133j,-0.508053+0.536447j,-0.585136-1.808063j,7.875295
1.855433+0.895753j,-0.508177+0.536306j,-0.584862-1.807896j,7.877309
1.854324+0.894376j,-0.508300+0.536165j,-0.584588-1.807729j,7.879324
1.853217+0.892999j,-0.508423+0.536024j,-0.584314-1.807562j,7.881338
1.852109+0.891624j,-0.508546+0.535883j,-0.584040-1.807395j,7.883351
1.851002+0.890251j,-0.508669+0.535742j,-0.583767-1.807228j,7.885365
1.849895+0.888879j,-0.508792+0.535602j,-0.583493-1.807061j,7.887378
1.848788+0.887508j,-0.508915+0.535461j,-0.583220-1.806894j,7.889391
1.847682+0.886139j,-0.509039+0.535320j,-0.582946-1.806727j,7.891404
1.846576+0.884772j,-0.509162+0.535180j,-0.582673-1.806560j,7.893416
1.845470+0.883406j,-0.509285+0.535039j,-0.582399-1.806393j,7.895428
1.844365+0.882041j,-0.509408+0.534899j,-0.582126-1.806226j,7.897440
1.843261+0.880678j,-0.509532+0.534758j,-0.581853-1.806059j,7.899452
1.842156+0.879316j,-0.509655+0.534618j,-0.581580-1.805892j,7.901463
1.841052+0.877956j,-0.509779+0.534478j,-0.581307-1.805725j,7.903474
1.839948+0.876597j,-0.509902+0.534337j,-0.581034-1.805557j,7.905485
1.838845+0.875240j,-0.510026+0.534197j,-0.580761-1.805390j,7.907495
1.837742+0.873884j,-0.510149+0.534057j,-0.580488-1.805223j,7.909505
1.836639+0.872529j,-0.510273+0.533917j,-0.580216-1.805056j,7.911515
1.835537+0.871176j,-0.510396+0.533777j,-0.579943-1.804889j,7.913525
1.834435+0.869825j,-0.510520+0.533637j,-0.579670-1.804722j,7.915534
1.833333+0.868475j,-0.510643+0.533497j,-0.579398-1.804554j,7.917543
1.832232+0.867126j,-0.510767+0.533357j,-0.579125-1.804387j,7.919552
1.831131+0.865779j,-0.510891+0.533218j,-0.578853-1.804220j,7.921561
1.830031+0.864433j,-0.511014+0.533078j,-0.578581-1.804053j,7.923569
1.828930+0.863089j,-0.511138+0.532938j,-0.578308-1.803885j,7.925577
1.827831+0.861746j,-0.511262+0.532799j,-0.578036-1.803718j,7.927585
1.826731+0.860405j,-0.511386+0.532659j,-0.577764-1.803551j,7.929592
1.825632+0.859065j,-0.511509+0.532520j,-0.577492-1.803383j,7.931599
1.824533+0.857727j,-0.511633+0.532380j,-0.577220-1.803216j,7.933606
1.823435+0.856390j,-0.511757+0.532241j,-0.576948-1.803049j,7.935613
1.822337+0.855054j,-0.511881+0.532102j,-0.576677-1.802881j,7.937619
1.821239+0.853720j,-0.512005+0.531962j,-0.576405-1.802714j,7.939625
1.820142+0.852387j,-0.512129+0.531823j,-0.576133-1.802546j,7.941631
1.819045+0.851056j,-0.512253+0.531684j,-0.575862-1.802379j,7.943637
1.817948+0.849726j,-0.512377+0.531545j,-0.575590-1.802211j,7.945642
1.816852+0.848398j,-0.512501+0.531406j,-0.575319-1.802044j,7.947647
1.815756+0.847071j,-0.512625+0.531267j,-0.575047-1.801876j,7.949652
1.814661+0.845745j,-0.512750+0.531128j,-0.574776-1.801709j,7.951656
1.813566+0.844421j,-0.512874+0.530989j,-0.574505-1.801541j,7.953660
1.812471+0.843099j,-0.512998+0.530850j,-0.574234-1.801374j,7.955664
1.811376+0.841777j,-0.513122+0.530712j,-0.573962-1.801206j,7.957668
1.810282+0.840457j,-0.513246+0.530573j,-0.573691-1.801039j,7.959671
1.809189+0.839139j,-0.513371+0.530434j,-0.573420-1.800871j,7.961674
1.808095+0.837822j,-0.513495+0.530296j,-0.573150-1.800703j,7.963677
1.807002+0.836507j,-0.513620+0.530157j,-0.572879-1.800536j,7.965680
1.805910+0.835192j,-0.513744+0.530019j,-0.572608-1.800368j,7.967682
1.804817+0.833880j,-0.513868+0.529880j,-0.572337-1.800200j,7.969684
1.803725+0.832569j,-0.513993+0.529742j,-0.572067-1.800033j,7.971686
1.802634+0.831259j,-0.514117+0.529603j,-0.571796-1.799865j,7.973687
1.801543+0.829950j,-0.514242+0.529465j,-0.571526-1.799697j,7.975688
1.800452+0.828643j,-0.514367+0.529327j,-0.571256-1.799530j,7.977689
1.799362+0.827338j,-0.514491+0.529188j,-0.570985-1.799362j,7.979690
1.798271+0.826033j,-0.514616+0.529050j,-0.570715-1.799194j,7.981690
1.797182+0.824731j,-0.514741+0.528912j,-0.570445-1.799026j,7.983691
1.796092+0.823429j,-0.514865+0.528774j,-0.570175-1.798858j,7.985690
1.795003+0.822129j,-0.514990+0.528636j,-0.569905-1.798691j,7.987690
1.793915+0.820831j,-0.515115+0.528498j,-0.569635-1.798523j,7.989689
1.792827+0.819534j,-0.515240+0.528360j,-0.569365-1.798355j,7.991688
1.791739+0.818238j,-0.515365+0.528222j,-0.569095-1.798187j,7.993687
1.790651+0.816944j,-0.515490+0.528084j,-0.568826-1.798019j,7.995686
1.789564+0.815651j,-0.515615+0.527947j,-0.568556-1.797851j,7.997684
1.788477+0.814359j,-0.515740+0.527809j,-0.568286-1.797683j,7.999682
1.787391+0.813069j,-0.515865+0.527671j,-0.568017-1.797515j,8.001679
1.786305+0.811780j,-0.515990+0.527533j,-0.567748-1.797347j,8.003677
1.785219+0.810493j,-0.516115+0.527396j,-0.567478-1.797179j,8.005674
1.784134+0.809207j,-0.516240+0.527258j,-0.567209-1.797011j,8.007671
1.783049+0.807922j,-0.516365+0.527121j,-0.566940-1.796843j,8.009667
1.781964+0.806639j,-0.516490+0.526983j,-0.566671-1.796675j,8.011664
1.780880+0.805358j,-0.516616+0.526846j,-0.566402-1.796507j,8.013660
1.779796+0.804077j,-0.516741+0.526708j,-0.566133-1.796339j,8.015656
1.778713+0.802798j,-0.516866+0.526571j,-0.565864-1.796171j,8.017651
1.777630+0.801521j,-0.516992+0.526433j,-0.565595-1.796003j,8.019646
1.776547+0.800245j,-0.517117+0.526296j,-0.565326-1.795835j,8.021641
1.775464+0.798970j,-0.517243+0.526159j,-0.565058-1.795666j,8.023636
1.774382+0.797696j,-0.517368+0.526022j,-0.564789-1.795498j,8.025631
1.773301+0.796424j,-0.517494+0.525885j,-0.564520-1.795330j,8.027625
1.772220+0.795154j,-0.517619+0.525747j,-0.564252-1.795162j,8.029619
1.771139+0.793885j,-0.517745+0.525610j,-0.563984-1.794994j,8.031612
1.770058+0.792617j,-0.517871+0.525473j,-0.563715-1.794825j,8.033606
1.768978+0.791350j,-0.517996+0.525336j,-0.563447-1.794657j,8.035599
1.767898+0.790085j,-0.518122+0.525199j,-0.563179-1.794489j,8.037592
1.766819+0.788821j,-0.518248+0.525062j,-0.562911-1.794320j,8.039584
1.765740+0.787559j,-0.518374+0.524925j,-0.562643-1.794152j,8.041576
1.764661+0.786298j,-0.518499+0.524789j,-0.562375-1.793984j,8.043568
1.763583+0.785038j,-0.518625+0.524652j,-0.562107-1.793815j,8.045560
1.762505+0.783780j,-0.518751+0.524515j,-0.561839-1.793647j,8.047552
1.761427+0.782523j,-0.518877+0.524378j,-0.561572-1.793478j,8.049543
1.760350+0.781268j,-0.519003+0.524241j,-0.561304-1.793310j,8.051534
1.759273+0.780014j,-0.519129+0.524105j,-0.561036-1.793142j,8.053525
1.758197+0.778761j,-0.519255+0.523968j,-0.560769-1.792973j,8.055515
1.757121+0.777510j,-0.519382+0.523831j,-0.560502-1.792805j,8.057505
1.756045+0.776260j,-0.519508+0.523695j,-0.560234-1.792636j,8.059495
1.754970+0.775011j,-0.519634+0.523558j,-0.559967-1.792467j,8.061485
1.753895+0.773764j,-0.519760+0.523422j,-0.559700-1.792299j,8.063474
1.752820+0.772518j,-0.519887+0.523285j,-0.559433-1.792130j,8.065463
1.751746+0.771273j,-0.520013+0.523149j,-0.559166-1.791962j,8.067452
1.750672+0.770030j,-0.520139+0.523012j,-0.558899-1.791793j,8.069440
1.749599+0.768788j,-0.520266+0.522876j,-0.558632-1.791624j,8.071429
1.748526+0.767548j,-0.520392+0.522740j,-0.558365-1.791456j,8.073417
1.747453+0.766309j,-0.520519+0.522603j,-0.558098-1.791287j,8.075404
1.746381+0.765071j,-0.520645+0.522467j,-0.557832-1.791118j,8.077392
1.745309+0.763835j,-0.520772+0.522331j,-0.557565-1.790950j,8.079379
1.744237+0.762599j,-0.520899+0.522195j,-0.557299-1.790781j,8.081366
1.743166+0.761366j,-0.521025+0.522058j,-0.557032-1.790612j,8.083353
1.742095+0.760133j,-0.521152+0.521922j,-0.556766-1.790443j,8.085339
1.741025+0.758902j,-0.521279+0.521786j,-0.556500-1.790274j,8.087325
1.739955+0.757673j,-0.521406+0.521650j,-0.556233-1.790106j,8.089311
1.738885+0.756444j,-0.521533+0.521514j,-0.555967-1.789937j,8.091297
1.737816+0.755218j,-0.521660+0.521378j,-0.555701-1.789768j,8.093282
1.736747+0.753992j,-0.521787+0.521242j,-0.555435-1.789599j,8.095267
1.735678+0.752768j,-0.521914+0.521106j,-0.555169-1.789430j,8.097252
1.734610+0.751545j,-0.522041+0.520970j,-0.554903-1.789261j,8.099236
1.733543+0.750323j,-0.522168+0.520834j,-0.554638-1.789092j,8.101221
1.732475+0.749103j,-0.522295+0.520698j,-0.554372-1.788923j,8.103205
1.731408+0.747884j,-0.522422+0.520562j,-0.554106-1.788754j,8.105188
1.730341+0.746666j,-0.522549+0.520426j,-0.553841-1.788585j,8.107172
1.729275+0.745450j,-0.522677+0.520291j,-0.553576-1.788416j,8.109155
1.728209+0.744235j,-0.522804+0.520155j,-0.553310-1.788247j,8.111138
1.727144+0.743022j,-0.522931+0.520019j,-0.553045-1.788078j,8.113121
1.726079+0.741809j,-0.523059+0.519883j,-0.552780-1.787909j,8.115103
1.725014+0.740599j,-0.523186+0.519748j,-0.552515-1.787739j,8.117085
1.723949+0.739389j,-0.523314+0.519612j,-0.552249-1.787570j,8.119067
1.722885+0.738181j,-0.523441+0.519476j,-0.551984-1.787401j,8.121049
1.721822+0.736974j,-0.523569+0.519341j,-0.551720-1.787232j,8.123030
1.720758+0.735768j,-0.523697+0.519205j,-0.551455-1.787063j,8.125011
1.719696+0.734564j,-0.523824+0.519069j,-0.551190-1.786893j,8.126992
1.718633+0.733361j,-0.523952+0.518934j,-0.550925-1.786724j,8.128972
1.717571+0.732160j,-0.524080+0.518798j,-0.550661-1.786555j,8.130953
1.716509+0.730959j,-0.524208+0.518663j,-0.550396-1.786385j,8.132933
1.715448+0.729760j,-0.524335+0.518527j,-0.550132-1.786216j,8.134912
1.714387+0.728563j,-0.524463+0.518392j,-0.549867-1.786047j,8.136892
1.713326+0.727366j,-0.524591+0.518256j,-0.549603-1.785877j,8.138871
1.712266+0.726171j,-0.524719+0.518121j,-0.549339-1.785708j,8.140850
1.711206+0.724978j,-0.524847+0.517985j,-0.549075-1.785538j,8.142829
1.710147+0.723785j,-0.524976+0.517850j,-0.548811-1.785369j,8.144807
1.709088+0.722594j,-0.525104+0.517715j,-0.548547-1.785199j,8.146785
1.708029+0.721404j,-0.525232+0.517579j,-0.548283-1.785030j,8.148763
1.706971+0.720216j,-0.525360+0.517444j,-0.548019-1.784860j,8.150741
1.705913+0.719029j,-0.525489+0.517309j,-0.547755-1.784691j,8.152718
1.704855+0.717843j,-0.525617+0.517173j,-0.547491-1.784521j,8.154695
1.703798+0.716659j,-0.525745+0.517038j,-0.547228-1.784352j,8.156672
1.702741+0.715475j,-0.525874+0.516903j,-0.546964-1.784182j,8.158649
1.701685+0.714294j,-0.526002+0.516768j,-0.546701-1.784012j,8.160625
1.700629+0.713113j,-0.526131+0.516632j,-0.546438-1.783843j,8.162601
1.699573+0.711934j,-0.526259+0.516497j,-0.546174-1.783673j,8.164577
1.698518+0.710756j,-0.526388+0.516362j,-0.545911-1.783503j,8.166552
1.697463+0.709579j,-0.526517+0.516227j,-0.545648-1.783334j,8.168528
1.696409+0.708404j,-0.526646+0.516092j,-0.545385-1.783164j,8.170502
1.695355+0.707230j,-0.526774+0.515957j,-0.545122-1.782994j,8.172477
1.694301+0.706057j,-0.526903+0.515821j,-0.544859-1.782824j,8.174452
1.693248+0.704885j,-0.527032+0.515686j,-0.544596-1.782654j,8.176426
1.692195+0.703715j,-0.527161+0.515551j,-0.544333-1.782484j,8.178400
1.691142+0.702546j,-0.527290+0.515416j,-0.544071-1.782315j,8.180373
1.690090+0.701379j,-0.527419+0.515281j,-0.543808-1.782145j,8.182347
1.689038+0.700212j,-0.527548+0.515146j,-0.543546-1.781975j,8.184320
1.687987+0.699047j,-0.527677+0.515011j,-0.543283-1.781805j,8.186293
1.686936+0.697884j,-0.527807+0.514876j,-0.543021-1.781635j,8.188265
1.685886+0.696721j,-0.527936+0.514741j,-0.542759-1.781465j,8.190238
1.684835+0.695560j,-0.528065+0.514606j,-0.542496-1.781295j,8.192210
1.683785+0.694400j,-0.528194+0.514471j,-0.542234-1.781125j,8.194182
1.682736+0.693242j,-0.528324+0.514336j,-0.541972-1.780954j,8.196153
1.681687+0.692084j,-0.528453+0.514201j,-0.541710-1.780784j,8.198124
1.680638+0.690928j,-0.528583+0.514066j,-0.541448-1.780614j,8.200095
1.679590+0.689774j,-0.528712+0.513932j,-0.541186-1.780444j,8.202066
1.678542+0.688620j,-0.528842+0.513797j,-0.540925-1.780274j,8.204037
1.677495+0.687468j,-0.528972+0.513662j,-0.540663-1.780104j,8.206007
1.676447+0.686317j,-0.529101+0.513527j,-0.540402-1.779933j,8.207977
1.675401+0.685168j,-0.529231+0.513392j,-0.540140-1.779763j,8.209946
1.674354+0.684019j,-0.529361+0.513257j,-0.539879-1.779593j,8.211916
1.673308+0.682872j,-0.529491+0.513122j,-0.539617-1.779422j,8.213885
1.672263+0.681727j,-0.529621+0.512988j,-0.539356-1.779252j,8.215854
1.671218+0.680582j,-0.529751+0.512853j,-0.539095-1.779082j,8.217823
1.670173+0.679439j,-0.529881+0.512718j,-0.538834-1.778911j,8.219791
1.669128+0.678297j,-0.530011+0.512583j,-0.538573-1.778741j,8.221759
1.668084+0.677156j,-0.530141+0.512448j,-0.538312-1.778570j,8.223727
1.667041+0.676017j,-0.530271+0.512314j,-0.538051-1.778400j,8.225694
1.665998+0.674879j,-0.530401+0.512179j,-0.537790-1.778230j,8.227662
1.664955+0.673742j,-0.530531+0.512044j,-0.537529-1.778059j,8.229629
1.663912+0.672606j,-0.530662+0.511909j,-0.537269-1.777888j,8.231596
1.662870+0.671472j,-0.530792+0.511775j,-0.537008-1.777718j,8.233562
1.661828+0.670339j,-0.530923+0.511640j,-0.536748-1.777547j,8.235528
1.660787+0.669207j,-0.531053+0.511505j,-0.536487-1.777377j,8.237494
1.659746+0.668076j,-0.531184+0.511370j,-0.536227-1.777206j,8.239460
1.658706+0.666947j,-0.531314+0.511236j,-0.535967-1.777035j,8.241426
1.657666+0.665819j,-0.531445+0.511101j,-0.535707-1.776865j,8.243391
1.656626+0.664692j,-0.531576+0.510966j,-0.535447-1.776694j,8.245356
1.655587+0.663567j,-0.531706+0.510832j,-0.535187-1.776523j,8.247320
1.654548+0.662442j,-0.531837+0.510697j,-0.534927-1.776352j,8.249285
1.653509+0.661319j,-0.531968+0.510562j,-0.534667-1.776181j,8.251249
1.652471+0.660198j,-0.532099+0.510428j,-0.534407-1.776011j,8.253213
1.651433+0.659077j,-0.532230+0.510293j,-0.534147-1.775840j,8.255177
1.650396+0.657958j,-0.532361+0.510158j,-0.533888-1.775669j,8.257140
1.649359+0.656840j,-0.532492+0.510024j,-0.533628-1.775498j,8.259103
1.648322+0.655723j,-0.532623+0.509889j,-0.533369-1.775327j,8.261066
1.647286+0.654608j,-0.532754+0.509754j,-0.533110-1.775156j,8.263028
1.646250+0.653493j,-0.532886+0.509620j,-0.532850-1.774985j,8.264991
1.645215+0.652380j,-0.533017+0.509485j,-0.532591-1.774814j,8.266953
1.644180+0.651268j,-0.533148+0.509350j,-0.532332-1.774643j,8.268915
1.643145+0.650158j,-0.533280+0.509216j,-0.532073-1.774472j,8.270876
1.642111+0.649049j,-0.533411+0.509081j,-0.531814-1.774301j,8.272837
1.641077+0.647941j,-0.533543+0.508946j,-0.531555-1.774129j,8.274798
1.640043+0.646834j,-0.533674+0.508812j,-0.531296-1.773958j,8.276759
1.639010+0.645728j,-0.533806+0.508677j,-0.531038-1.773787j,8.278720
1.637978+0.644624j,-0.533938+0.508542j,-0.530779-1.773616j,8.280680
1.636945+0.643521j,-0.534069+0.508408j,-0.530520-1.773445j,8.282640
1.635914+0.642419j,-0.534201+0.508273j,-0.530262-1.773273j,8.284600
1.634882+0.641318j,-0.534333+0.508139j,-0.530004-1.773102j,8.286559
1.633851+0.640219j,-0.534465+0.508004j,-0.529745-1.772931j,8.288518
1.632820+0.639121j,-0.534597+0.507869j,-0.529487-1.772759j,8.290477
1.631790+0.638024j,-0.534729+0.507735j,-0.529229-1.772588j,8.292436
1.630760+0.636928j,-0.534861+0.507600j,-0.528971-1.772416j,8.294394
1.629731+0.635834j,-0.534993+0.507465j,-0.528713-1.772245j,8.296352
1.628701+0.634740j,-0.535125+0.507331j,-0.528455-1.772073j,8.298310
1.627673+0.633648j,-0.535257+0.507196j,-0.528197-1.771902j,8.300268
1.626644+0.632557j,-0.535390+0.507062j,-0.527939-1.771730j,8.302225
1.625616+0.631468j,-0.535522+0.506927j,-0.527682-1.771559j,8.304182
1.624589+0.630380j,-0.535654+0.506792j,-0.527424-1.771387j,8.306139
1.623562+0.629292j,-0.535787+0.506658j,-0.527167-1.771216j,8.308096
1.622535+0.628207j,-0.535919+0.506523j,-0.526909-1.771044j,8.310052
1.621509+0.627122j,-0.536052+0.506388j,-0.526652-1.770872j,8.312008
1.620483+0.626038j,-0.536185+0.506254j,-0.526395-1.770700j,8.313964
1.619457+0.624956j,-0.536317+0.506119j,-0.526137-1.770529j,8.315919
1.618432+0.623875j,-0.536450+0.505984j,-0.525880-1.770357j,8.317874
1.617407+0.622795j,-0.536583+0.505850j,-0.525623-1.770185j,8.319829
1.616383+0.621717j,-0.536716+0.505715j,-0.525366-1.770013j,8.321784
1.615359+0.620639j,-0.536849+0.505580j,-0.525110-1.769841j,8.323739
1.614335+0.619563j,-0.536982+0.505446j,-0.524853-1.769670j,8.325693
1.613312+0.618488j,-0.537115+0.505311j,-0.524596-1.769498j,8.327647
1.612289+0.617414j,-0.537248+0.505176j,-0.524340-1.769326j,8.329600
1.611267+0.616342j,-0.537381+0.505042j,-0.524083-1.769154j,8.331554
1.610245+0.615270j,-0.537514+0.504907j,-0.523827-1.768982j,8.333507
1.609223+0.614200j,-0.537647+0.504772j,-0.523570-1.768810j,8.335460
1.608202+0.613131j,-0.537781+0.504638j,-0.523314-1.768638j,8.337412
1.607181+0.612064j,-0.537914+0.504503j,-0.523058-1.768465j,8.339365
1.606161+0.610997j,-0.538048+0.504368j,-0.522802-1.768293j,8.341317
1.605141+0.609932j,-0.538181+0.504233j,-0.522546-1.768121j,8.343269
1.604121+0.608868j,-0.538315+0.504099j,-0.522290-1.767949j,8.345220
1.603102+0.607805j,-0.538448+0.503964j,-0.522034-1.767777j,8.347172
1.602083+0.606743j,-0.538582+0.503829j,-0.521778-1.767604j,8.349123
1.601065+0.605683j,-0.538716+0.503694j,-0.521522-1.767432j,8.351074
1.600047+0.604623j,-0.538850+0.503560j,-0.521267-1.767260j,8.353024
1.599029+0.603565j,-0.538983+0.503425j,-0.521011-1.767087j,8.354974
1.598012+0.602508j,-0.539117+0.503290j,-0.520756-1.766915j,8.356924
1.596995+0.601453j,-0.539251+0.503155j,-0.520500-1.766743j,8.358874
1.595979+0.600398j,-0.539385+0.503020j,-0.520245-1.766570j,8.360824
1.594963+0.599345j,-0.539519+0.502886j,-0.519990-1.766398j,8.362773
1.593947+0.598292j,-0.539654+0.502751j,-0.519735-1.766225j,8.364722
1.592932+0.597242j,-0.539788+0.502616j,-0.519480-1.766053j,8.366671
1.591917+0.596192j,-0.539922+0.502481j,-0.519225-1.765880j,8.368619
1.590903+0.595143j,-0.540056+0.502346j,-0.518970-1.765708j,8.370567
1.589889+0.594096j,-0.540191+0.502211j,-0.518715-1.765535j,8.372515
1.588875+0.593050j,-0.540325+0.502076j,-0.518460-1.765362j,8.374463
1.587862+0.592004j,-0.540460+0.501942j,-0.518206-1.765190j,8.376410
1.586849+0.590961j,-0.540594+0.501807j,-0.517951-1.765017j,8.378357
1.585837+0.589918j,-0.540729+0.501672j,-0.517697-1.764844j,8.380304
1.584825+0.588876j,-0.540864+0.501537j,-0.517442-1.764671j,8.382251
1.583813+0.587836j,-0.540998+0.501402j,-0.517188-1.764498j,8.384197
1.582802+0.586797j,-0.541133+0.501267j,-0.516934-1.764326j,8.386143
1.581791+0.585759j,-0.541268+0.501132j,-0.516680-1.764153j,8.388089
1.580781+0.584722j,-0.541403+0.500997j,-0.516426-1.763980j,8.390035
1.579771+0.583687j,-0.541538+0.500862j,-0.516172-1.763807j,8.391980
1.578761+0.582652j,-0.541673+0.500727j,-0.515918-1.763634j,8.393925
1.577752+0.581619j,-0.541808+0.500592j,-0.515664-1.763461j,8.395870
1.576743+0.580587j,-0.541943+0.500457j,-0.515410-1.763288j,8.397814
1.575735+0.579556j,-0.542079+0.500322j,-0.515157-1.763115j,8.399759
1.574727+0.578526j,-0.542214+0.500187j,-0.514903-1.762941j,8.401703
1.573719+0.577498j,-0.542349+0.500052j,-0.514650-1.762768j,8.403646
1.572712+0.576470j,-0.542485+0.499916j,-0.514396-1.762595j,8.405590
1.571705+0.575444j,-0.542620+0.499781j,-0.514143-1.762422j,8.407533
1.570699+0.574419j,-0.542756+0.499646j,-0.513890-1.762249j,8.409476
1.569693+0.573395j,-0.542891+0.499511j,-0.513637-1.762075j,8.411419
1.568687+0.572372j,-0.543027+0.499376j,-0.513384-1.761902j,8.413361
1.567682+0.571351j,-0.543163+0.499241j,-0.513131-1.761729j,8.415304
1.566677+0.570330j,-0.543298+0.499105j,-0.512878-1.761555j,8.417245
1.565673+0.569311j,-0.543434+0.498970j,-0.512625-1.761382j,8.419187
1.564669+0.568293j,-0.543570+0.498835j,-0.512372-1.761208j,8.421129
1.563665+0.567276j,-0.543706+0.498700j,-0.512120-1.761035j,8.423070
1.562662+0.566260j,-0.543842+0.498564j,-0.511867-1.760861j,8.425011
1.561659+0.565246j,-0.543978+0.498429j,-0.511615-1.760688j,8.426951
1.560657+0.564232j,-0.544114+0.498294j,-0.511362-1.760514j,8.428892
1.559655+0.563220j,-0.544251+0.498158j,-0.511110-1.760341j,8.430832
1.558654+0.562209j,-0.544387+0.498023j,-0.510858-1.760167j,8.432772
1.557652+0.561199j,-0.544523+0.497888j,-0.510606-1.759993j,8.434711
1.556652+0.560190j,-0.544660+0.497752j,-0.510354-1.759820j,8.436650
1.555651+0.559182j,-0.544796+0.497617j,-0.510102-1.759646j,8.438590
1.554651+0.558176j,-0.544933+0.497482j,-0.509850-1.759472j,8.440528
1.553652+0.557170j,-0.545069+0.497346j,-0.509598-1.759298j,8.442467
1.552653+0.556166j,-0.545206+0.497211j,-0.509346-1.759124j,8.444405
1.551654+0.555163j,-0.545343+0.497075j,-0.509095-1.758951j,8.446343
1.550656+0.554161j,-0.545479+0.496940j,-0.508843-1.758777j,8.448281
1.549658+0.553160j,-0.545616+0.496804j,-0.508592-1.758603j,8.450218
1.548660+0.552161j,-0.545753+0.496668j,-0.508341-1.758429j,8.452156
1.547663+0.551162j,-0.545890+0.496533j,-0.508089-1.758255j,8.454093
1.546666+0.550165j,-0.546027+0.496397j,-0.507838-1.758081j,8.456029
1.545670+0.549169j,-0.546164+0.496262j,-0.507587-1.757906j,8.457966
1.544674+0.548173j,-0.546301+0.496126j,-0.507336-1.757732j,8.459902
1.543679+0.547179j,-0.546439+0.495990j,-0.507085-1.757558j,8.461838
1.542684+0.546187j,-0.546576+0.495855j,-0.506834-1.757384j,8.463774
1.541689+0.545195j,-0.546713+0.495719j,-0.506583-1.757210j,8.465709
1.540695+0.544204j,-0.546851+0.495583j,-0.506333-1.757035j,8.467644
1.539701+0.543215j,-0.546988+0.495447j,-0.506082-1.756861j,8.469579
1.538707+0.542227j,-0.547126+0.495312j,-0.505832-1.756687j,8.471514
1.537714+0.541240j,-0.547263+0.495176j,-0.505581-1.756512j,8.473448
1.536722+0.540254j,-0.547401+0.495040j,-0.505331-1.756338j,8.475382
1.535730+0.539269j,-0.547539+0.494904j,-0.505081-1.756163j,8.477316
1.534738+0.538285j,-0.547676+0.494768j,-0.504830-1.755989j,8.479250
1.533746+0.537302j,-0.547814+0.494632j,-0.504580-1.755814j,8.481183
1.532755+0.536321j,-0.547952+0.494496j,-0.504330-1.755640j,8.483116
1.531765+0.535340j,-0.548090+0.494360j,-0.504081-1.755465j,8.485049
1.530774+0.534361j,-0.548228+0.494224j,-0.503831-1.755291j,8.486982
1.529785+0.533383j,-0.548366+0.494088j,-0.503581-1.755116j,8.488914
1.528795+0.532406j,-0.548505+0.493952j,-0.503331-1.754941j,8.490846
1.527806+0.531430j,-0.548643+0.493816j,-0.503082-1.754766j,8.492778
1.526818+0.530455j,-0.548781+0.493680j,-0.502832-1.754592j,8.494709
1.525830+0.529482j,-0.548919+0.493544j,-0.502583-1.754417j,8.496640
1.524842+0.528509j,-0.549058+0.493408j,-0.502334-1.754242j,8.498571
1.523854+0.527538j,-0.549196+0.493271j,-0.502084-1.754067j,8.500502
1.522868+0.526567j,-0.549335+0.493135j,-0.501835-1.753892j,8.502433
1.521881+0.525598j,-0.549474+0.492999j,-0.501586-1.753717j,8.504363
1.520895+0.524630j,-0.549612+0.492863j,-0.501337-1.753542j,8.506293
1.519909+0.523663j,-0.549751+0.492726j,-0.501088-1.753367j,8.508223
1.518924+0.522697j,-0.549890+0.492590j,-0.500840-1.753192j,8.510152
1.517939+0.521733j,-0.550029+0.492454j,-0.500591-1.753017j,8.512081
1.516954+0.520769j,-0.550168+0.492317j,-0.500342-1.752842j,8.514010
1.515970+0.519806j,-0.550307+0.492181j,-0.500094-1.752666j,8.515939
1.514987+0.518845j,-0.550446+0.492044j,-0.499845-1.752491j,8.517867
1.514003+0.517885j,-0.550585+0.491908j,-0.499597-1.752316j,8.519795
1.513021+0.516926j,-0.550724+0.491771j,-0.499349-1.752141j,8.521723
1.512038+0.515967j,-0.550863+0.491635j,-0.499101-1.751965j,8.523651
1.511056+0.515010j,-0.551003+0.491498j,-0.498852-1.751790j,8.525578
1.510074+0.514055j,-0.551142+0.491362j,-0.498604-1.751614j,8.527505
1.509093+0.513100j,-0.551282+0.491225j,-0.498356-1.751439j,8.529432
1.508112+0.512146j,-0.551421+0.491088j,-0.498109-1.751263j,8.531359
1.507132+0.511194j,-0.551561+0.490952j,-0.497861-1.751088j,8.533285
1.506152+0.510242j,-0.551700+0.490815j,-0.497613-1.750912j,8.535211
1.505172+0.509292j,-0.551840+0.490678j,-0.497366-1.750737j,8.537137
1.504193+0.508343j,-0.551980+0.490541j,-0.497118-1.750561j,8.539062
1.503214+0.507394j,-0.552120+0.490404j,-0.496871-1.750385j,8.540988
1.502236+0.506447j,-0.552260+0.490267j,-0.496624-1.750210j,8.542913
1.501258+0.505501j,-0.552400+0.490131j,-0.496376-1.750034j,8.544837
1.500281+0.504556j,-0.552540+0.489994j,-0.496129-1.749858j,8.546762
1.499303+0.503613j,-0.552680+0.489857j,-0.495882-1.749682j,8.548686
1.498327+0.502670j,-0.552820+0.489720j,-0.495635-1.749506j,8.550610
1.497350+0.501728j,-0.552961+0.489583j,-0.495388-1.749330j,8.552534
1.496375+0.500788j,-0.553101+0.489445j,-0.495141-1.749154j,8.554457
1.495399+0.499848j,-0.553241+0.489308j,-0.494895-1.748978j,8.556380
1.494424+0.498910j,-0.553382+0.489171j,-0.494648-1.748802j,8.558303
1.493449+0.497973j,-0.553522+0.489034j,-0.494402-1.748626j,8.560226
1.492475+0.497036j,-0.553663+0.488897j,-0.494155-1.748450j,8.562148
1.491501+0.496101j,-0.553804+0.488759j,-0.493909-1.748274j,8.564071
1.490528+0.495167j,-0.553944+0.488622j,-0.493663-1.748098j,8.565992
1.489555+0.494234j,-0.554085+0.488485j,-0.493416-1.747921j,8.567914
1.488582+0.493303j,-0.554226+0.488347j,-0.493170-1.747745j,8.569835
1.487610+0.492372j,-0.554367+0.488210j,-0.492924-1.747569j,8.571757
1.486638+0.491442j,-0.554508+0.488073j,-0.492678-1.747392j,8.573677
1.485667+0.490514j,-0.554649+0.487935j,-0.492433-1.747216j,8.575598
1.484696+0.489586j,-0.554790+0.487798j,-0.492187-1.747039j,8.577518
1.483725+0.488660j,-0.554931+0.487660j,-0.491941-1.746863j,8.579438
1.482755+0.487734j,-0.555073+0.487522j,-0.491696-1.746686j,8.581358
1.481785+0.486810j,-0.555214+0.487385j,-0.491450-1.746510j,8.583278
1.480816+0.485887j,-0.555355+0.487247j,-0.491205-1.746333j,8.585197
1.479847+0.484964j,-0.555497+0.487109j,-0.490960-1.746156j,8.587116
1.478878+0.484043j,-0.555638+0.486972j,-0.490714-1.745980j,8.589035
1.477910+0.483123j,-0.555780+0.486834j,-0.490469-1.745803j,8.590953
1.476943+0.482204j,-0.555922+0.486696j,-0.490224-1.745626j,8.592872
1.475975+0.481287j,-0.556063+0.486558j,-0.489979-1.745449j,8.594789
1.475008+0.480370j,-0.556205+0.486420j,-0.489734-1.745273j,8.596707
1.474042+0.479454j,-0.556347+0.486282j,-0.489490-1.745096j,8.598625
1.473076+0.478539j,-0.556489+0.486144j,-0.489245-1.744919j,8.600542
1.472110+0.477626j,-0.556631+0.486006j,-0.489000-1.744742j,8.602459
1.471145+0.476713j,-0.556773+0.485868j,-0.488756-1.744565j,8.604376
1.470180+0.475802j,-0.556915+0.485730j,-0.488512-1.744388j,8.606292
1.469216+0.474891j,-0.557057+0.485592j,-0.488267-1.744210j,8.608208
1.468252+0.473982j,-0.557200+0.485453j,-0.488023-1.744033j,8.610124
1.467288+0.473074j,-0.557342+0.485315j,-0.487779-1.743856j,8.612040
1.466325+0.472166j,-0.557485+0.485177j,-0.487535-1.743679j,8.613955
1.465363+0.471260j,-0.557627+0.485038j,-0.487291-1.743501j,8.615870
1.464400+0.470355j,-0.557770+0.484900j,-0.487047-1.743324j,8.617785
1.463438+0.469451j,-0.557912+0.484762j,-0.486803-1.743147j,8.619700
1.462477+0.468548j,-0.558055+0.484623j,-0.486560-1.742969j,8.621614
1.461516+0.467646j,-0.558198+0.484485j,-0.486316-1.742792j,8.623528
1.460555+0.466745j,-0.558340+0.484346j,-0.486072-1.742614j,8.625442
1.459595+0.465845j,-0.558483+0.484207j,-0.485829-1.742437j,8.627355
1.458635+0.464946j,-0.558626+0.484069j,-0.485586-1.742259j,8.629269
1.457675+0.464049j,-0.558769+0.483930j,-0.485342-1.742082j,8.631182
1.456716+0.463152j,-0.558912+0.483791j,-0.485099-1.741904j,8.633094
1.455758+0.462256j,-0.559056+0.483653j,-0.484856-1.741726j,8.635007
1.454800+0.461362j,-0.559199+0.483514j,-0.484613-1.741548j,8.636919
1.453842+0.460468j,-0.559342+0.483375j,-0.484370-1.741371j,8.638831
1.452884+0.459576j,-0.559486+0.483236j,-0.484128-1.741193j,8.640743
1.451927+0.458684j,-0.559629+0.483097j,-0.483885-1.741015j,8.642654
1.450971+0.457794j,-0.559773+0.482958j,-0.483642-1.740837j,8.644566
1.450015+0.456904j,-0.559916+0.482819j,-0.483400-1.740659j,8.646477
1.449059+0.456016j,-0.560060+0.482680j,-0.483157-1.740481j,8.648387
1.448104+0.455129j,-0.560204+0.482541j,-0.482915-1.740303j,8.650298
1.447149+0.454242j,-0.560347+0.482401j,-0.482673-1.740125j,8.652208
1.446194+0.453357j,-0.560491+0.482262j,-0.482430-1.739946j,8.654118
1.445240+0.452473j,-0.560635+0.482123j,-0.482188-1.739768j,8.656027
1.444287+0.451590j,-0.560779+0.481983j,-0.481946-1.739590j,8.657937
1.443333+0.450708j,-0.560923+0.481844j,-0.481704-1.739412j,8.659846
1.442381+0.449827j,-0.561067+0.481705j,-0.481463-1.739233j,8.661755
1.441428+0.448947j,-0.561212+0.481565j,-0.481221-1.739055j,8.663663
1.440476+0.448068j,-0.561356+0.481426j,-0.480979-1.738876j,8.665572
1.439525+0.447190j,-0.561500+0.481286j,-0.480738-1.738698j,8.667480
1.438573+0.446313j,-0.561645+0.481146j,-0.480496-1.738519j,8.669388
1.437623+0.445437j,-0.561789+0.481007j,-0.480255-1.738341j,8.671295
1.436672+0.444562j,-0.561934+0.480867j,-0.480014-1.738162j,8.673202
1.435722+0.443688j,-0.562078+0.480727j,-0.479773-1.737984j,8.675110
1.434773+0.442815j,-0.562223+0.480587j,-0.479531-1.737805j,8.677016
1.433824+0.441943j,-0.562368+0.480447j,-0.479290-1.737626j,8.678923
1.432875+0.441073j,-0.562513+0.480307j,-0.479050-1.737447j,8.680829
1.431927+0.440203j,-0.562658+0.480167j,-0.478809-1.737268j,8.682735
1.430979+0.439334j,-0.562803+0.480027j,-0.478568-1.737090j,8.684641
1.430032+0.438466j,-0.562948+0.479887j,-0.478327-1.736911j,8.686546
1.429085+0.437600j,-0.563093+0.479747j,-0.478087-1.736732j,8.688451
1.428138+0.436734j,-0.563238+0.479607j,-0.477846-1.736553j,8.690356
1.427192+0.435869j,-0.563383+0.479467j,-0.477606-1.736374j,8.692261
1.426246+0.435006j,-0.563528+0.479326j,-0.477366-1.736194j,8.694165
1.425301+0.434143j,-0.563674+0.479186j,-0.477126-1.736015j,8.696070
1.424356+0.433282j,-0.563819+0.479045j,-0.476886-1.735836j,8.697974
1.423411+0.432421j,-0.563965+0.478905j,-0.476646-1.735657j,8.699877
1.422467+0.431561j,-0.564110+0.478764j,-0.476406-1.735477j,8.701781
1.421523+0.430703j,-0.564256+0.478624j,-0.476166-1.735298j,8.703684
1.420580+0.429845j,-0.564402+0.478483j,-0.475926-1.735119j,8.705587
1.419637+0.428989j,-0.564548+0.478342j,-0.475687-1.734939j,8.707489
1.418695+0.428133j,-0.564694+0.478202j,-0.475447-1.734760j,8.709391
1.417753+0.427279j,-0.564840+0.478061j,-0.475208-1.734580j,8.711294
1.416811+0.426425j,-0.564986+0.477920j,-0.474968-1.734400j,8.713195
1.415870+0.425573j,-0.565132+0.477779j,-0.474729-1.734221j,8.715097
1.414929+0.424721j,-0.565278+0.477638j,-0.474490-1.734041j,8.716998
1.413989+0.423871j,-0.565424+0.477497j,-0.474251-1.733861j,8.718899
1.413049+0.423021j,-0.565570+0.477356j,-0.474012-1.733682j,8.720800
1.412109+0.422173j,-0.565717+0.477215j,-0.473773-1.733502j,8.722700
1.411170+0.421326j,-0.565863+0.477074j,-0.473534-1.733322j,8.724601
1.410231+0.420479j,-0.566010+0.476932j,-0.473295-1.733142j,8.726501
1.409293+0.419634j,-0.566156+0.476791j,-0.473057-1.732962j,8.728400
1.408355+0.418789j,-0.566303+0.476650j,-0.472818-1.732782j,8.730300
1.407418+0.417946j,-0.566450+0.476508j,-0.472580-1.732602j,8.732199
1.406481+0.417103j,-0.566597+0.476367j,-0.472341-1.732422j,8.734098
1.405544+0.416262j,-0.566744+0.476225j,-0.472103-1.732242j,8.735997
1.404608+0.415421j,-0.566891+0.476084j,-0.471865-1.732061j,8.737895
1.403672+0.414582j,-0.567038+0.475942j,-0.471627-1.731881j,8.739793
1.402736+0.413743j,-0.567185+0.475800j,-0.471389-1.731701j,8.741691
1.401802+0.412906j,-0.567332+0.475659j,-0.471151-1.731520j,8.743589
1.400867+0.412070j,-0.567479+0.475517j,-0.470913-1.731340j,8.745486
1.399933+0.411234j,-0.567626+0.475375j,-0.470676-1.731159j,8.747383
1.398999+0.410400j,-0.567774+0.475233j,-0.470438-1.730979j,8.749280
1.398066+0.409566j,-0.567921+0.475091j,-0.470200-1.730798j,8.751176
1.397133+0.408734j,-0.568069+0.474949j,-0.469963-1.730618j,8.753073
1.396200+0.407902j,-0.568216+0.474807j,-0.469726-1.730437j,8.754969
1.395268+0.407071j,-0.568364+0.474664j,-0.469488-1.730256j,8.756865
1.394337+0.406242j,-0.568512+0.474522j,-0.469251-1.730075j,8.758760
1.393405+0.405413j,-0.568660+0.474380j,-0.469014-1.729895j,8.760655
1.392475+0.404586j,-0.568807+0.474238j,-0.468777-1.729714j,8.762550
1.391544+0.403759j,-0.568955+0.474095j,-0.468540-1.729533j,8.764445
1.390614+0.402934j,-0.569103+0.473953j,-0.468304-1.729352j,8.766340
1.389685+0.402109j,-0.569252+0.473810j,-0.468067-1.729171j,8.768234
1.388756+0.401285j,-0.569400+0.473667j,-0.467830-1.728990j,8.770128
1.387827+0.400463j,-0.569548+0.473525j,-0.467594-1.728809j,8.772021
1.386899+0.399641j,-0.569696+0.473382j,-0.467358-1.728627j,8.773915
1.385971+0.398820j,-0.569845+0.473239j,-0.467121-1.728446j,8.775808
1.385043+0.398001j,-0.569993+0.473096j,-0.466885-1.728265j,8.777701
1.384116+0.397182j,-0.570142+0.472953j,-0.466649-1.728084j,8.779594
1.383190+0.396364j,-0.570290+0.472810j,-0.466413-1.727902j,8.781486
1.382263+0.395547j,-0.570439+0.472667j,-0.466177-1.727721j,8.783378
1.381338+0.394731j,-0.570588+0.472524j,-0.465941-1.727539j,8.785270
1.380412+0.393917j,-0.570737+0.472381j,-0.465705-1.727358j,8.787161
1.379487+0.393103j,-0.570885+0.472238j,-0.465470-1.727176j,8.789053
1.378563+0.392290j,-0.571034+0.472094j,-0.465234-1.726994j,8.790944
1.377638+0.391478j,-0.571183+0.471951j,-0.464999-1.726813j,8.792835
1.376715+0.390667j,-0.571333+0.471807j,-0.464763-1.726631j,8.794725
1.375791+0.389857j,-0.571482+0.471664j,-0.464528-1.726449j,8.796615
1.374869+0.389048j,-0.571631+0.471520j,-0.464293-1.726267j,8.798505
1.373946+0.388240j,-0.571780+0.471377j,-0.464058-1.726085j,8.800395
1.373024+0.387433j,-0.571930+0.471233j,-0.463823-1.725903j,8.802285
1.372102+0.386627j,-0.572079+0.471089j,-0.463588-1.725721j,8.804174
1.371181+0.385821j,-0.572229+0.470945j,-0.463353-1.725539j,8.806063
1.370260+0.385017j,-0.572378+0.470801j,-0.463118-1.725357j,8.807951
1.369340+0.384214j,-0.572528+0.470657j,-0.462884-1.725175j,8.809840
1.368420+0.383412j,-0.572678+0.470513j,-0.462649-1.724993j,8.811728
1.367501+0.382610j,-0.572828+0.470369j,-0.462415-1.724811j,8.813616
1.366581+0.381810j,-0.572977+0.470225j,-0.462180-1.724628j,8.815504
1.365663+0.381011j,-0.573127+0.470081j,-0.461946-1.724446j,8.817391
1.364744+0.380212j,-0.573278+0.469936j,-0.461712-1.724263j,8.819278
1.363827+0.379415j,-0.573428+0.469792j,-0.461478-1.724081j,8.821165
1.362909+0.378618j,-0.573578+0.469648j,-0.461244-1.723898j,8.823051
1.361992+0.377823j,-0.573728+0.469503j,-0.461010-1.723716j,8.824938
1.361075+0.377028j,-0.573878+0.469358j,-0.460776-1.723533j,8.826824
1.360159+0.376234j,-0.574029+0.469214j,-0.460543-1.723350j,8.828710
1.359243+0.375442j,-0.574179+0.469069j,-0.460309-1.723168j,8.830595
1.358328+0.374650j,-0.574330+0.468924j,-0.460076-1.722985j,8.832480
1.357413+0.373859j,-0.574481+0.468779j,-0.459842-1.722802j,8.834365
1.356499+0.373069j,-0.574631+0.468634j,-0.459609-1.722619j,8.836250
1.355584+0.372280j,-0.574782+0.468489j,-0.459376-1.722436j,8.838135
1.354671+0.371492j,-0.574933+0.468344j,-0.459143-1.722253j,8.840019
1.353757+0.370705j,-0.575084+0.468199j,-0.458910-1.722070j,8.841903
1.352845+0.369919j,-0.575235+0.468054j,-0.458677-1.721887j,8.843786
1.351932+0.369134j,-0.575386+0.467909j,-0.458444-1.721703j,8.845670
1.351020+0.368350j,-0.575537+0.467763j,-0.458211-1.721520j,8.847553
1.350109+0.367567j,-0.575688+0.467618j,-0.457978-1.721337j,8.849436
1.349197+0.366785j,-0.575840+0.467472j,-0.457746-1.721154j,8.851318
1.348287+0.366003j,-0.575991+0.467327j,-0.457513-1.720970j,8.853201
1.347376+0.365223j,-0.576142+0.467181j,-0.457281-1.720787j,8.855083
1.346466+0.364443j,-0.576294+0.467035j,-0.457049-1.720603j,8.856965
1.345557+0.363665j,-0.576445+0.466889j,-0.456817-1.720419j,8.858846
1.344648+0.362887j,-0.576597+0.466744j,-0.456585-1.720236j,8.860728
1.343739+0.362111j,-0.576749+0.466598j,-0.456353-1.720052j,8.862609
1.342831+0.361335j,-0.576901+0.466452j,-0.456121-1.719868j,8.864489
1.341923+0.360560j,-0.577052+0.466305j,-0.455889-1.719684j,8.866370
1.341016+0.359786j,-0.577204+0.466159j,-0.455657-1.719501j,8.868250
1.340109+0.359013j,-0.577356+0.466013j,-0.455426-1.719317j,8.870130
1.339202+0.358241j,-0.577509+0.465867j,-0.455194-1.719133j,8.872010
1.338296+0.357470j,-0.577661+0.465720j,-0.454963-1.718949j,8.873889
1.337390+0.356700j,-0.577813+0.465574j,-0.454731-1.718765j,8.875768
1.336485+0.355931j,-0.577965+0.465427j,-0.454500-1.718580j,8.877647
1.335580+0.355163j,-0.578118+0.465281j,-0.454269-1.718396j,8.879526
1.334675+0.354395j,-0.578270+0.465134j,-0.454038-1.718212j,8.881404
1.333771+0.353629j,-0.578423+0.464987j,-0.453807-1.718028j,8.883282
1.332868+0.352864j,-0.578575+0.464840j,-0.453576-1.717843j,8.885160
1.331964+0.352099j,-0.578728+0.464693j,-0.453346-1.717659j,8.887038
1.331062+0.351335j,-0.578881+0.464546j,-0.453115-1.717474j,8.888915
1.330159+0.350573j,-0.579034+0.464399j,-0.452884-1.717290j,8.890792
1.329257+0.349811j,-0.579187+0.464252j,-0.452654-1.717105j,8.892669
1.328356+0.349050j,-0.579339+0.464105j,-0.452424-1.716920j,8.894546
1.327454+0.348290j,-0.579493+0.463957j,-0.452193-1.716736j,8.896422
1.326554+0.347531j,-0.579646+0.463810j,-0.451963-1.716551j,8.898298
1.325653+0.346773j,-0.579799+0.463663j,-0.451733-1.716366j,8.900174
1.324753+0.346016j,-0.579952+0.463515j,-0.451503-1.716181j,8.902049
1.323854+0.345260j,-0.580106+0.463367j,-0.451273-1.715996j,8.903924
1.322955+0.344504j,-0.580259+0.463220j,-0.451044-1.715811j,8.905799
1.322056+0.343750j,-0.580412+0.463072j,-0.450814-1.715626j,8.907674
1.321158+0.342997j,-0.580566+0.462924j,-0.450584-1.715441j,8.909548
1.320260+0.342244j,-0.580720+0.462776j,-0.450355-1.715255j,8.911422
1.319363+0.341492j,-0.580873+0.462628j,-0.450126-1.715070j,8.913296
1.318466+0.340742j,-0.581027+0.462480j,-0.449896-1.714885j,8.915170
1.317569+0.339992j,-0.581181+0.462332j,-0.449667-1.714699j,8.917043
1.316673+0.339243j,-0.581335+0.462183j,-0.449438-1.714514j,8.918916
1.315778+0.338495j,-0.581489+0.462035j,-0.449209-1.714328j,8.920789
1.314882+0.337748j,-0.581643+0.461887j,-0.448980-1.714143j,8.922661
1.313987+0.337002j,-0.581797+0.461738j,-0.448751-1.713957j,8.924534
1.313093+0.336256j,-0.581951+0.461589j,-0.448523-1.713772j,8.926406
1.312199+0.335512j,-0.582106+0.461441j,-0.448294-1.713586j,8.928277
1.311305+0.334768j,-0.582260+0.461292j,-0.448065-1.713400j,8.930149
1.310412+0.334026j,-0.582415+0.461143j,-0.447837-1.713214j,8.932020
1.309519+0.333284j,-0.582569+0.460994j,-0.447609-1.713028j,8.933891
1.308627+0.332543j,-0.582724+0.460845j,-0.447380-1.712842j,8.935762
1.307735+0.331804j,-0.582878+0.460696j,-0.447152-1.712656j,8.937632
1.306844+0.331065j,-0.583033+0.460547j,-0.446924-1.712470j,8.939502
1.305953+0.330327j,-0.583188+0.460398j,-0.446696-1.712284j,8.941372
1.305062+0.329589j,-0.583343+0.460248j,-0.446469-1.712098j,8.943242
1.304172+0.328853j,-0.583498+0.460099j,-0.446241-1.711911j,8.945111
1.303282+0.328118j,-0.583653+0.459949j,-0.446013-1.711725j,8.946980
1.302392+0.327383j,-0.583808+0.459800j,-0.445786-1.711538j,8.948849
1.301503+0.326650j,-0.583963+0.459650j,-0.445558-1.711352j,8.950717
1.300615+0.325917j,-0.584119+0.459500j,-0.445331-1.711165j,8.952586
1.299727+0.325185j,-0.584274+0.459351j,-0.445104-1.710979j,8.954454
1.298839+0.324454j,-0.584429+0.459201j,-0.444876-1.710792j,8.956321
1.297952+0.323724j,-0.584585+0.459051j,-0.444649-1.710605j,8.958189
1.297065+0.322995j,-0.584741+0.458901j,-0.444422-1.710419j,8.960056
1.296178+0.322267j,-0.584896+0.458750j,-0.444196-1.710232j,8.961923
1.295292+0.321540j,-0.585052+0.458600j,-0.443969-1.710045j,8.963790
1.294406+0.320813j,-0.585208+0.458450j,-0.443742-1.709858j,8.965656
1.293521+0.320088j,-0.585364+0.458299j,-0.443516-1.709671j,8.967522
1.292636+0.319363j,-0.585520+0.458149j,-0.443289-1.709484j,8.969388
1.291752+0.318640j,-0.585676+0.457998j,-0.443063-1.709296j,8.971254
1.290868+0.317917j,-0.585832+0.457847j,-0.442836-1.709109j,8.973119
1.289985+0.317195j,-0.585988+0.457697j,-0.442610-1.708922j,8.974984
1.289101+0.316474j,-0.586144+0.457546j,-0.442384-1.708734j,8.976849
1.288219+0.315753j,-0.586300+0.457395j,-0.442158-1.708547j,8.978713
1.287336+0.315034j,-0.586457+0.457244j,-0.441932-1.708359j,8.980578
1.286454+0.314316j,-0.586613+0.457093j,-0.441707-1.708172j,8.982442
1.285573+0.313598j,-0.586770+0.456941j,-0.441481-1.707984j,8.984305
1.284692+0.312881j,-0.586926+0.456790j,-0.441255-1.707797j,8.986169
1.283811+0.312166j,-0.587083+0.456639j,-0.441030-1.707609j,8.988032
1.282931+0.311451j,-0.587240+0.456487j,-0.440804-1.707421j,8.989895
1.282051+0.310737j,-0.587397+0.456335j,-0.440579-1.707233j,8.991757
1.281172+0.310024j,-0.587554+0.456184j,-0.440354-1.707045j,8.993620
1.280293+0.309311j,-0.587711+0.456032j,-0.440129-1.706857j,8.995482
1.279415+0.308600j,-0.587868+0.455880j,-0.439904-1.706669j,8.997344
1.278536+0.307889j,-0.588025+0.455728j,-0.439679-1.706481j,8.999205
1.277659+0.307180j,-0.588182+0.455576j,-0.439454-1.706293j,9.001067
1.276781+0.306471j,-0.588339+0.455424j,-0.439229-1.706104j,9.002928
1.275905+0.305763j,-0.588497+0.455272j,-0.439005-1.705916j,9.004788
1.275028+0.305056j,-0.588654+0.455120j,-0.438780-1.705728j,9.006649
1.274152+0.304350j,-0.588812+0.454967j,-0.438556-1.705539j,9.008509
1.273277+0.303644j,-0.588969+0.454815j,-0.438332-1.705351j,9.010369
1.272401+0.302940j,-0.589127+0.454662j,-0.438107-1.705162j,9.012229
1.271527+0.302236j,-0.589285+0.454509j,-0.437883-1.704973j,9.014088
1.270652+0.301534j,-0.589443+0.454357j,-0.437659-1.704785j,9.015947
1.269778+0.300832j,-0.589601+0.454204j,-0.437435-1.704596j,9.017806
1.268905+0.300131j,-0.589759+0.454051j,-0.437211-1.704407j,9.019665
1.268032+0.299431j,-0.589917+0.453898j,-0.436988-1.704218j,9.021523
1.267159+0.298732j,-0.590075+0.453745j,-0.436764-1.704029j,9.023381
1.266287+0.298033j,-0.590233+0.453591j,-0.436541-1.703840j,9.025239
1.265415+0.297336j,-0.590391+0.453438j,-0.436317-1.703651j,9.027096
1.264544+0.296639j,-0.590550+0.453285j,-0.436094-1.703462j,9.028954
1.263673+0.295943j,-0.590708+0.453131j,-0.435871-1.703272j,9.030811
1.262802+0.295248j,-0.590866+0.452977j,-0.435648-1.703083j,9.032667
1.261932+0.294554j,-0.591025+0.452824j,-0.435425-1.702893j,9.034524
1.261062+0.293861j,-0.591184+0.452670j,-0.435202-1.702704j,9.036380
1.260193+0.293169j,-0.591342+0.452516j,-0.434979-1.702514j,9.038236
1.259324+0.292477j,-0.591501+0.452362j,-0.434756-1.702325j,9.040091
1.258456+0.291787j,-0.591660+0.452208j,-0.434533-1.702135j,9.041947
1.257588+0.291097j,-0.591819+0.452054j,-0.434311-1.701945j,9.043802
1.256720+0.290408j,-0.591978+0.451900j,-0.434088-1.701756j,9.045657
1.255853+0.289720j,-0.592137+0.451745j,-0.433866-1.701566j,9.047511
1.254986+0.289033j,-0.592296+0.451591j,-0.433644-1.701376j,9.049365
1.254120+0.288346j,-0.592456+0.451436j,-0.433422-1.701186j,9.051219
1.253254+0.287661j,-0.592615+0.451281j,-0.433200-1.700996j,9.053073
1.252388+0.286976j,-0.592774+0.451127j,-0.432978-1.700805j,9.054927
1.251523+0.286292j,-0.592934+0.450972j,-0.432756-1.700615j,9.056780
1.250658+0.285609j,-0.593093+0.450817j,-0.432534-1.700425j,9.058633
1.249794+0.284927j,-0.593253+0.450662j,-0.432313-1.700235j,9.060485
1.248930+0.284246j,-0.593413+0.450507j,-0.432091-1.700044j,9.062338
1.248067+0.283566j,-0.593572+0.450351j,-0.431870-1.699854j,9.064190
1.247204+0.282886j,-0.593732+0.450196j,-0.431648-1.699663j,9.066042
1.246341+0.282207j,-0.593892+0.450041j,-0.431427-1.699472j,9.067893
1.245479+0.281529j,-0.594052+0.449885j,-0.431206-1.699282j,9.069744
1.244617+0.280852j,-0.594212+0.449729j,-0.430985-1.699091j,9.071595
1.243756+0.280176j,-0.594372+0.449574j,-0.430764-1.698900j,9.073446
1.242895+0.279501j,-0.594533+0.449418j,-0.430543-1.698709j,9.075297
1.242034+0.278826j,-0.594693+0.449262j,-0.430322-1.698518j,9.077147
1.241174+0.278153j,-0.594853+0.449106j,-0.430102-1.698327j,9.078997
1.240314+0.277480j,-0.595014+0.448950j,-0.429881-1.698136j,9.080846
1.239455+0.276808j,-0.595174+0.448793j,-0.429661-1.697945j,9.082696
1.238596+0.276136j,-0.595335+0.448637j,-0.429441-1.697753j,9.084545
1.237738+0.275466j,-0.595496+0.448481j,-0.429220-1.697562j,9.086394
1.236880+0.274797j,-0.595656+0.448324j,-0.429000-1.697370j,9.088242
1.236022+0.274128j,-0.595817+0.448168j,-0.428780-1.697179j,9.090091
1.235165+0.273460j,-0.595978+0.448011j,-0.428560-1.696987j,9.091939
1.234308+0.272793j,-0.596139+0.447854j,-0.428340-1.696796j,9.093786
1.233452+0.272127j,-0.596300+0.447697j,-0.428121-1.696604j,9.095634
1.232596+0.271462j,-0.596461+0.447540j,-0.427901-1.696412j,9.097481
1.231741+0.270797j,-0.596623+0.447383j,-0.427682-1.696220j,9.099328
1.230886+0.270134j,-0.596784+0.447225j,-0.427462-1.696028j,9.101175
1.230031+0.269471j,-0.596945+0.447068j,-0.427243-1.695836j,9.103021
1.229177+0.268809j,-0.597107+0.446911j,-0.427024-1.695644j,9.104867
1.228323+0.268148j,-0.597268+0.446753j,-0.426804-1.695452j,9.106713
1.227469+0.267487j,-0.597430+0.446595j,-0.426585-1.695260j,9.108558
1.226616+0.266828j,-0.597591+0.446438j,-0.426367-1.695068j,9.110404
1.225764+0.266169j,-0.597753+0.446280j,-0.426148-1.694875j,9.112249
1.224912+0.265511j,-0.597915+0.446122j,-0.425929-1.694683j,9.114093
1.224060+0.264854j,-0.598077+0.445964j,-0.425710-1.694490j,9.115938
1.223209+0.264198j,-0.598239+0.445806j,-0.425492-1.694298j,9.117782
1.222358+0.263542j,-0.598401+0.445647j,-0.425273-1.694105j,9.119626
1.221507+0.262888j,-0.598563+0.445489j,-0.425055-1.693912j,9.121470
1.220657+0.262234j,-0.598725+0.445330j,-0.424837-1.693719j,9.123313
1.219808+0.261581j,-0.598888+0.445172j,-0.424619-1.693526j,9.125156
1.218958+0.260929j,-0.599050+0.445013j,-0.424401-1.693333j,9.126999
1.218110+0.260278j,-0.599212+0.444854j,-0.424183-1.693140j,9.128841
1.217261+0.259627j,-0.599375+0.444695j,-0.423965-1.692947j,9.130684
1.216413+0.258977j,-0.599537+0.444536j,-0.423747-1.692754j,9.132526
1.215566+0.258329j,-0.599700+0.444377j,-0.423530-1.692561j,9.134367
1.214719+0.257681j,-0.599863+0.444218j,-0.423312-1.692368j,9.136209
1.213872+0.257033j,-0.600026+0.444058j,-0.423095-1.692174j,9.138050
1.213026+0.256387j,-0.600188+0.443899j,-0.422878-1.691981j,9.139891
1.212180+0.255741j,-0.600351+0.443739j,-0.422660-1.691787j,9.141731
1.211334+0.255097j,-0.600514+0.443580j,-0.422443-1.691593j,9.143572
1.210489+0.254453j,-0.600678+0.443420j,-0.422226-1.691400j,9.145412
1.209645+0.253809j,-0.600841+0.443260j,-0.422009-1.691206j,9.147252
1.208800+0.253167j,-0.601004+0.443100j,-0.421793-1.691012j,9.149091
1.207957+0.252525j,-0.601167+0.442940j,-0.421576-1.690818j,9.150930
1.207113+0.251885j,-0.601331+0.442780j,-0.421359-1.690624j,9.152769
1.206270+0.251245j,-0.601494+0.442619j,-0.421143-1.690430j,9.154608
1.205428+0.250606j,-0.601658+0.442459j,-0.420926-1.690236j,9.156446
1.204586+0.249967j,-0.601821+0.442298j,-0.420710-1.690041j,9.158285
1.203744+0.249330j,-0.601985+0.442138j,-0.420494-1.689847j,9.160122
1.202903+0.248693j,-0.602149+0.441977j,-0.420278-1.689653j,9.161960
1.202062+0.248057j,-0.602313+0.441816j,-0.420062-1.689458j,9.163797
1.201221+0.247422j,-0.602477+0.441655j,-0.419846-1.689264j,9.165634
1.200381+0.246788j,-0.602641+0.441494j,-0.419630-1.689069j,9.167471
1.199542+0.246154j,-0.602805+0.441333j,-0.419415-1.688874j,9.169308
1.198702+0.245522j,-0.602969+0.441171j,-0.419199-1.688679j,9.171144
1.197864+0.244890j,-0.603133+0.441010j,-0.418984-1.688485j,9.172980
1.197025+0.244259j,-0.603297+0.440848j,-0.418768-1.688290j,9.174815
1.196187+0.243628j,-0.603462+0.440687j,-0.418553-1.688095j,9.176651
1.195350+0.242999j,-0.603626+0.440525j,-0.418338-1.687899j,9.178486
1.194513+0.242370j,-0.603791+0.440363j,-0.418123-1.687704j,9.180321
1.193676+0.241742j,-0.603955+0.440201j,-0.417908-1.687509j,9.182155
1.192840+0.241115j,-0.604120+0.440039j,-0.417693-1.687314j,9.183989
1.192004+0.240489j,-0.604285+0.439877j,-0.417478-1.687118j,9.185823
1.191169+0.239863j,-0.604450+0.439714j,-0.417264-1.686923j,9.187657
1.190333+0.239238j,-0.604615+0.439552j,-0.417049-1.686727j,9.189490
1.189499+0.238614j,-0.604780+0.439389j,-0.416835-1.686531j,9.191324
1.188665+0.237991j,-0.604945+0.439227j,-0.416620-1.686336j,9.193156
1.187831+0.237369j,-0.605110+0.439064j,-0.416406-1.686140j,9.194989
1.186998+0.236747j,-0.605275+0.438901j,-0.416192-1.685944j,9.196821
1.186165+0.236127j,-0.605440+0.438738j,-0.415978-1.685748j,9.198653
1.185332+0.235507j,-0.605606+0.438575j,-0.415764-1.685552j,9.200485
1.184500+0.234887j,-0.605771+0.438412j,-0.415550-1.685356j,9.202317
1.183668+0.234269j,-0.605937+0.438248j,-0.415336-1.685160j,9.204148
1.182837+0.233651j,-0.606102+0.438085j,-0.415123-1.684963j,9.205979
1.182006+0.233034j,-0.606268+0.437921j,-0.414909-1.684767j,9.207809
1.181176+0.232418j,-0.606434+0.437758j,-0.414696-1.684570j,9.209640
1.180346+0.231803j,-0.606600+0.437594j,-0.414483-1.684374j,9.211470
1.179516+0.231189j,-0.606766+0.437430j,-0.414269-1.684177j,9.213300
1.178687+0.230575j,-0.606932+0.437266j,-0.414056-1.683980j,9.215129
1.177858+0.229962j,-0.607098+0.437102j,-0.413843-1.683784j,9.216958
1.177030+0.229350j,-0.607264+0.436937j,-0.413630-1.683587j,9.218787
1.176202+0.228738j,-0.607430+0.436773j,-0.413417-1.683390j,9.220616
1.175374+0.228128j,-0.607596+0.436608j,-0.413205-1.683193j,9.222444
1.174547+0.227518j,-0.607763+0.436444j,-0.412992-1.682996j,9.224273
1.173721+0.226909j,-0.607929+0.436279j,-0.412780-1.682798j,9.226100
1.172894+0.226301j,-0.608096+0.436114j,-0.412567-1.682601j,9.227928
1.172069+0.225693j,-0.608262+0.435949j,-0.412355-1.682404j,9.229755
1.171243+0.225086j,-0.608429+0.435784j,-0.412143-1.682206j,9.231582
1.170418+0.224480j,-0.608596+0.435619j,-0.411931-1.682009j,9.233409
1.169593+0.223875j,-0.608762+0.435453j,-0.411719-1.681811j,9.235235
1.168769+0.223271j,-0.608929+0.435288j,-0.411507-1.681613j,9.237062
1.167946+0.222667j,-0.609096+0.435122j,-0.411295-1.681416j,9.238887
1.167122+0.222064j,-0.609263+0.434957j,-0.411084-1.681218j,9.240713
1.166299+0.221462j,-0.609430+0.434791j,-0.410872-1.681020j,9.242538
1.165477+0.220861j,-0.609598+0.434625j,-0.410661-1.680822j,9.244363
1.164655+0.220260j,-0.609765+0.434459j,-0.410449-1.680624j,9.246188
1.163833+0.219661j,-0.609932+0.434292j,-0.410238-1.680425j,9.248013
1.163012+0.219062j,-0.610100+0.434126j,-0.410027-1.680227j,9.249837
1.162191+0.218463j,-0.610267+0.433960j,-0.409816-1.680029j,9.251661
1.161370+0.217866j,-0.610435+0.433793j,-0.409605-1.679830j,9.253484
1.160550+0.217269j,-0.610602+0.433626j,-0.409394-1.679632j,9.255308
1.159731+0.216673j,-0.610770+0.433460j,-0.409183-1.679433j,9.257131
1.158912+0.216078j,-0.610938+0.433293j,-0.408973-1.679234j,9.258954
1.158093+0.215484j,-0.611106+0.433126j,-0.408762-1.679036j,9.260776
1.157274+0.214890j,-0.611274+0.432959j,-0.408552-1.678837j,9.262598
1.156456+0.214297j,-0.611442+0.432791j,-0.408341-1.678638j,9.264420
1.155639+0.213705j,-0.611610+0.432624j,-0.408131-1.678439j,9.266242
1.154822+0.213114j,-0.611778+0.432456j,-0.407921-1.678240j,9.268063
1.154005+0.212523j,-0.611946+0.432289j,-0.407711-1.678040j,9.269885
1.153189+0.211933j,-0.612115+0.432121j,-0.407501-1.677841j,9.271705
1.152373+0.211344j,-0.612283+0.431953j,-0.407291-1.677642j,9.273526
1.151557+0.210756j,-0.612451+0.431785j,-0.407082-1.677442j,9.275346
1.150742+0.210168j,-0.612620+0.431617j,-0.406872-1.677242j,9.277166
1.149928+0.209581j,-0.612789+0.431448j,-0.406663-1.677043j,9.278986
1.149114+0.208995j,-0.612957+0.431280j,-0.406453-1.676843j,9.280805
1.148300+0.208410j,-0.613126+0.431112j,-0.406244-1.676643j,9.282624
1.147486+0.207825j,-0.613295+0.430943j,-0.406035-1.676443j,9.284443
1.146673+0.207241j,-0.613464+0.430774j,-0.405826-1.676243j,9.286262
1.145861+0.206658j,-0.613633+0.430605j,-0.405617-1.676043j,9.288080
1.145049+0.206076j,-0.613802+0.430436j,-0.405408-1.675843j,9.289898
1.144237+0.205495j,-0.613971+0.430267j,-0.405199-1.675643j,9.291716
1.143426+0.204914j,-0.614140+0.430098j,-0.404991-1.675442j,9.293533
1.142615+0.204334j,-0.614310+0.429928j,-0.404782-1.675242j,9.295350
1.141804+0.203754j,-0.614479+0.429759j,-0.404574-1.675041j,9.297167
1.140994+0.203176j,-0.614649+0.429589j,-0.404365-1.674841j,9.298984
1.140185+0.202598j,-0.614818+0.429419j,-0.404157-1.674640j,9.300800
1.139375+0.202021j,-0.614988+0.429249j,-0.403949-1.674439j,9.302616
1.138567+0.201445j,-0.615157+0.429079j,-0.403741-1.674238j,9.304432
1.137758+0.200869j,-0.615327+0.428909j,-0.403533-1.674037j,9.306247
1.136950+0.200294j,-0.615497+0.428739j,-0.403325-1.673836j,9.308062
1.136143+0.199720j,-0.615667+0.428568j,-0.403118-1.673635j,9.309877
1.135336+0.199147j,-0.615837+0.428398j,-0.402910-1.673434j,9.311692
1.134529+0.198574j,-0.616007+0.428227j,-0.402702-1.673232j,9.313506
1.133723+0.198002j,-0.616177+0.428056j,-0.402495-1.673031j,9.315320
1.132917+0.197431j,-0.616347+0.427885j,-0.402288-1.672830j,9.317134
1.132111+0.196861j,-0.616518+0.427714j,-0.402081-1.672628j,9.318947
1.131306+0.196291j,-0.616688+0.427543j,-0.401874-1.672426j,9.320760
1.130501+0.195722j,-0.616859+0.427372j,-0.401667-1.672224j,9.322573
1.129697+0.195154j,-0.617029+0.427200j,-0.401460-1.672022j,9.324386
1.128893+0.194587j,-0.617200+0.427029j,-0.401253-1.671821j,9.326198
1.128090+0.194020j,-0.617370+0.426857j,-0.401046-1.671618j,9.328010
1.127287+0.193454j,-0.617541+0.426685j,-0.400840-1.671416j,9.329822
1.126484+0.192889j,-0.617712+0.426513j,-0.400633-1.671214j,9.331633
1.125682+0.192324j,-0.617883+0.426341j,-0.400427-1.671012j,9.333444
1.124880+0.191760j,-0.618054+0.426169j,-0.400221-1.670809j,9.335255
1.124079+0.191197j,-0.618225+0.425996j,-0.400015-1.670607j,9.337066
1.123278+0.190635j,-0.618396+0.425824j,-0.399809-1.670404j,9.338876
1.122477+0.190073j,-0.618567+0.425651j,-0.399603-1.670201j,9.340686
1.121677+0.189513j,-0.618738+0.425478j,-0.399397-1.669999j,9.342496
1.120878+0.188952j,-0.618910+0.425306j,-0.399191-1.669796j,9.344305
1.120078+0.188393j,-0.619081+0.425133j,-0.398986-1.669593j,9.346114
1.119280+0.187834j,-0.619253+0.424959j,-0.398780-1.669390j,9.347923
1.118481+0.187277j,-0.619424+0.424786j,-0.398575-1.669186j,9.349732
1.117683+0.186719j,-0.619596+0.424613j,-0.398369-1.668983j,9.351540
1.116885+0.186163j,-0.619768+0.424439j,-0.398164-1.668780j,9.353348
1.116088+0.185607j,-0.619939+0.424265j,-0.397959-1.668576j,9.355155
1.115291+0.185052j,-0.620111+0.424091j,-0.397754-1.668373j,9.356963
1.114495+0.184498j,-0.620283+0.423917j,-0.397549-1.668169j,9.358770
1.113699+0.183944j,-0.620455+0.423743j,-0.397345-1.667965j,9.360577
1.112903+0.183391j,-0.620627+0.423569j,-0.397140-1.667762j,9.362383
1.112108+0.182839j,-0.620800+0.423395j,-0.396935-1.667558j,9.364190
1.111314+0.182288j,-0.620972+0.423220j,-0.396731-1.667354j,9.365996
1.110519+0.181737j,-0.621144+0.423046j,-0.396527-1.667149j,9.367801
1.109725+0.181187j,-0.621317+0.422871j,-0.396322-1.666945j,9.369607
1.108932+0.180638j,-0.621489+0.422696j,-0.396118-1.666741j,9.371412
1.108139+0.180089j,-0.621662+0.422521j,-0.395914-1.666537j,9.373217
1.107346+0.179542j,-0.621834+0.422346j,-0.395710-1.666332j,9.375021
1.106554+0.178994j,-0.622007+0.422170j,-0.395507-1.666127j,9.376825
1.105762+0.178448j,-0.622180+0.421995j,-0.395303-1.665923j,9.378629
1.104970+0.177902j,-0.622353+0.421819j,-0.395099-1.665718j,9.380433
1.104179+0.177357j,-0.622526+0.421643j,-0.394896-1.665513j,9.382236
1.103389+0.176813j,-0.622699+0.421468j,-0.394692-1.665308j,9.384039
1.102599+0.176270j,-0.622872+0.421292j,-0.394489-1.665103j,9.385842
1.101809+0.175727j,-0.623045+0.421115j,-0.394286-1.664898j,9.387645
1.101019+0.175185j,-0.623218+0.420939j,-0.394083-1.664693j,9.389447
1.100230+0.174643j,-0.623391+0.420763j,-0.393880-1.664487j,9.391249
1.099442+0.174103j,-0.623565+0.420586j,-0.393677-1.664282j,9.393050
1.098654+0.173563j,-0.623738+0.420409j,-0.393474-1.664076j,9.394852
1.097866+0.173023j,-0.623912+0.420232j,-0.393272-1.663871j,9.396653
1.097079+0.172485j,-0.624085+0.420055j,-0.393069-1.663665j,9.398453
1.096292+0.171947j,-0.624259+0.419878j,-0.392867-1.663459j,9.400254
1.095505+0.171410j,-0.624433+0.419701j,-0.392664-1.663253j,9.402054
1.094719+0.170873j,-0.624607+0.419524j,-0.392462-1.663047j,9.403854
1.093934+0.170338j,-0.624781+0.419346j,-0.392260-1.662841j,9.405653
1.093148+0.169803j,-0.624955+0.419168j,-0.392058-1.662635j,9.407453
1.092363+0.169268j,-0.625129+0.418991j,-0.391856-1.662428j,9.409252
1.091579+0.168735j,-0.625303+0.418813j,-0.391654-1.662222j,9.411050
1.090795+0.168202j,-0.625477+0.418634j,-0.391453-1.662015j,9.412849
1.090011+0.167670j,-0.625651+0.418456j,-0.391251-1.661809j,9.414647
1.089228+0.167138j,-0.625826+0.418278j,-0.391050-1.661602j,9.416445
1.088445+0.166607j,-0.626000+0.418099j,-0.390848-1.661395j,9.418242
1.087663+0.166077j,-0.626175+0.417921j,-0.390647-1.661188j,9.420040
1.086881+0.165548j,-0.626349+0.417742j,-0.390446-1.660981j,9.421836
1.086100+0.165019j,-0.626524+0.417563j,-0.390245-1.660774j,9.423633
1.085318+0.164491j,-0.626699+0.417384j,-0.390044-1.660567j,9.425429
1.084538+0.163964j,-0.626873+0.417204j,-0.389843-1.660359j,9.427226
1.083757+0.163437j,-0.627048+0.417025j,-0.389642-1.660152j,9.429021
1.082977+0.162911j,-0.627223+0.416845j,-0.389442-1.659944j,9.430817
1.082198+0.162386j,-0.627398+0.416666j,-0.389241-1.659737j,9.432612
1.081419+0.161861j,-0.627573+0.416486j,-0.389041-1.659529j,9.434407
1.080640+0.161338j,-0.627749+0.416306j,-0.388841-1.659321j,9.436201
1.079862+0.160814j,-0.627924+0.416126j,-0.388641-1.659113j,9.437996
1.079084+0.160292j,-0.628099+0.415946j,-0.388440-1.658905j,9.439790
1.078307+0.159770j,-0.628275+0.415765j,-0.388240-1.658697j,9.441583
1.077530+0.159249j,-0.628450+0.415585j,-0.388041-1.658489j,9.443377
1.076753+0.158729j,-0.628626+0.415404j,-0.387841-1.658280j,9.445170
1.075977+0.158209j,-0.628801+0.415223j,-0.387641-1.658072j,9.446963
1.075201+0.157690j,-0.628977+0.415042j,-0.387442-1.657863j,9.448755
1.074426+0.157172j,-0.629153+0.414861j,-0.387242-1.657655j,9.450548
1.073651+0.156654j,-0.629329+0.414680j,-0.387043-1.657446j,9.452340
1.072876+0.156137j,-0.629505+0.414498j,-0.386844-1.657237j,9.454131
1.072102+0.155621j,-0.629681+0.414317j,-0.386645-1.657028j,9.455923
1.071328+0.155105j,-0.629857+0.414135j,-0.386446-1.656819j,9.457714
1.070555+0.154590j,-0.630033+0.413953j,-0.386247-1.656610j,9.459504
1.069782+0.154076j,-0.630209+0.413771j,-0.386048-1.656400j,9.461295
1.069009+0.153563j,-0.630385+0.413589j,-0.385849-1.656191j,9.463085
1.068237+0.153050j,-0.630562+0.413407j,-0.385651-1.655982j,9.464875
1.067465+0.152538j,-0.630738+0.413224j,-0.385452-1.655772j,9.466664
1.066694+0.152026j,-0.630915+0.413042j,-0.385254-1.655562j,9.468454
1.065923+0.151515j,-0.631091+0.412859j,-0.385055-1.655352j,9.470243
1.065153+0.151005j,-0.631268+0.412676j,-0.384857-1.655143j,9.472031
1.064383+0.150496j,-0.631445+0.412493j,-0.384659-1.654933j,9.473820
1.063613+0.149987j,-0.631622+0.412310j,-0.384461-1.654722j,9.475608
1.062844+0.149479j,-0.631798+0.412126j,-0.384263-1.654512j,9.477396
1.062075+0.148972j,-0.631975+0.411943j,-0.384066-1.654302j,9.479183
1.061307+0.148465j,-0.632152+0.411759j,-0.383868-1.654091j,9.480970
1.060538+0.147959j,-0.632330+0.411575j,-0.383671-1.653881j,9.482757
1.059771+0.147453j,-0.632507+0.411391j,-0.383473-1.653670j,9.484544
1.059004+0.146949j,-0.632684+0.411207j,-0.383276-1.653459j,9.486330
1.058237+0.146445j,-0.632861+0.411023j,-0.383079-1.653249j,9.488116
1.057470+0.145941j,-0.633039+0.410839j,-0.382882-1.653038j,9.489902
1.056705+0.145439j,-0.633216+0.410654j,-0.382685-1.652827j,9.491687
1.055939+0.144937j,-0.633394+0.410469j,-0.382488-1.652615j,9.493472
1.055174+0.144435j,-0.633572+0.410284j,-0.382291-1.652404j,9.495257
1.054409+0.143935j,-0.633749+0.410099j,-0.382094-1.652193j,9.497042
1.053645+0.143435j,-0.633927+0.409914j,-0.381898-1.651981j,9.498826
1.052881+0.142935j,-0.634105+0.409729j,-0.381701-1.651770j,9.500610
1.052117+0.142437j,-0.634283+0.409544j,-0.381505-1.651558j,9.502393
1.051354+0.141939j,-0.634461+0.409358j,-0.381309-1.651346j,9.504177
1.050591+0.141441j,-0.634639+0.409172j,-0.381113-1.651134j,9.505960
1.049829+0.140945j,-0.634817+0.408986j,-0.380917-1.650922j,9.507742
1.049067+0.140449j,-0.634995+0.408800j,-0.380721-1.650710j,9.509525
1.048306+0.139953j,-0.635174+0.408614j,-0.380525-1.650498j,9.511307
1.047545+0.139459j,-0.635352+0.408427j,-0.380329-1.650285j,9.513089
1.046784+0.138965j,-0.635531+0.408241j,-0.380134-1.650073j,9.514870
1.046024+0.138471j,-0.635709+0.408054j,-0.379938-1.649860j,9.516652
1.045264+0.137979j,-0.635888+0.407867j,-0.379743-1.649647j,9.518432
1.044504+0.137487j,-0.636066+0.407680j,-0.379548-1.649435j,9.520213
1.043745+0.136995j,-0.636245+0.407493j,-0.379353-1.649222j,9.521993
1.042987+0.136505j,-0.636424+0.407306j,-0.379158-1.649009j,9.523773
1.042228+0.136015j,-0.636603+0.407118j,-0.378963-1.648795j,9.525553
1.041471+0.135525j,-0.636782+0.406931j,-0.378768-1.648582j,9.527332
1.040713+0.135036j,-0.636961+0.406743j,-0.378573-1.648369j,9.529112
1.039956+0.134548j,-0.637140+0.406555j,-0.378379-1.648155j,9.530890
1.039200+0.134061j,-0.637319+0.406367j,-0.378184-1.647942j,9.532669
1.038443+0.133574j,-0.637499+0.406179j,-0.377990-1.647728j,9.534447
1.037688+0.133088j,-0.637678+0.405990j,-0.377795-1.647514j,9.536225
1.036932+0.132603j,-0.637857+0.405802j,-0.377601-1.647300j,9.538003
1.036177+0.132118j,-0.638037+0.405613j,-0.377407-1.647086j,9.539780
1.035423+0.131634j,-0.638216+0.405424j,-0.377213-1.646872j,9.541557
1.034669+0.131150j,-0.638396+0.405235j,-0.377019-1.646658j,9.543333
1.033915+0.130668j,-0.638576+0.405046j,-0.376826-1.646444j,9.545110
1.033161+0.130185j,-0.638756+0.404857j,-0.376632-1.646229j,9.546886
1.032409+0.129704j,-0.638935+0.404667j,-0.376439-1.646014j,9.548662
1.031656+0.129223j,-0.639115+0.404477j,-0.376245-1.645800j,9.550437
1.030904+0.128743j,-0.639295+0.404287j,-0.376052-1.645585j,9.552212
1.030152+0.128263j,-0.639476+0.404097j,-0.375859-1.645370j,9.553987
1.029401+0.127784j,-0.639656+0.403907j,-0.375666-1.645155j,9.555762
1.028650+0.127306j,-0.639836+0.403717j,-0.375473-1.644940j,9.557536
1.027899+0.126828j,-0.640016+0.403527j,-0.375280-1.644724j,9.559310
1.027149+0.126351j,-0.640197+0.403336j,-0.375087-1.644509j,9.561084
1.026400+0.125875j,-0.640377+0.403145j,-0.374894-1.644294j,9.562857
1.025650+0.125399j,-0.640558+0.402954j,-0.374702-1.644078j,9.564630
1.024901+0.124924j,-0.640738+0.402763j,-0.374509-1.643862j,9.566403
1.024153+0.124450j,-0.640919+0.402572j,-0.374317-1.643646j,9.568175
1.023405+0.123976j,-0.641100+0.402380j,-0.374125-1.643430j,9.569947
1.022657+0.123503j,-0.641280+0.402189j,-0.373933-1.643214j,9.571719
1.021910+0.123031j,-0.641461+0.401997j,-0.373741-1.642998j,9.573490
1.021163+0.122559j,-0.641642+0.401805j,-0.373549-1.642782j,9.575262
1.020417+0.122088j,-0.641823+0.401613j,-0.373357-1.642565j,9.577033
1.019671+0.121617j,-0.642005+0.401421j,-0.373165-1.642349j,9.578803
1.018925+0.121147j,-0.642186+0.401228j,-0.372974-1.642132j,9.580573
1.018180+0.120678j,-0.642367+0.401036j,-0.372782-1.641915j,9.582343
1.017435+0.120209j,-0.642548+0.400843j,-0.372591-1.641698j,9.584113
1.016691+0.119741j,-0.642730+0.400650j,-0.372400-1.641481j,9.585882
1.015947+0.119274j,-0.642911+0.400457j,-0.372209-1.641264j,9.587651
1.015203+0.118807j,-0.643093+0.400264j,-0.372017-1.641047j,9.589420
1.014460+0.118341j,-0.643274+0.400070j,-0.371827-1.640830j,9.591189
1.013717+0.117876j,-0.643456+0.399877j,-0.371636-1.640612j,9.592957
1.012975+0.117411j,-0.643638+0.399683j,-0.371445-1.640395j,9.594725
1.012233+0.116947j,-0.643820+0.399489j,-0.371254-1.640177j,9.596492
1.011491+0.116483j,-0.644002+0.399295j,-0.371064-1.639959j,9.598259
1.010750+0.116020j,-0.644184+0.399101j,-0.370874-1.639741j,9.600026
1.010009+0.115558j,-0.644366+0.398906j,-0.370683-1.639523j,9.601793
1.009269+0.115096j,-0.644548+0.398712j,-0.370493-1.639305j,9.603559
1.008529+0.114635j,-0.644730+0.398517j,-0.370303-1.639086j,9.605325
1.007789+0.114175j,-0.644912+0.398322j,-0.370113-1.638868j,9.607091
1.007050+0.113715j,-0.645095+0.398127j,-0.369923-1.638649j,9.608856
1.006311+0.113256j,-0.645277+0.397932j,-0.369734-1.638431j,9.610621
1.005573+0.112798j,-0.645460+0.397737j,-0.369544-1.638212j,9.612386
1.004835+0.112340j,-0.645642+0.397541j,-0.369355-1.637993j,9.614150
1.004097+0.111883j,-0.645825+0.397345j,-0.369165-1.637774j,9.615914
1.003360+0.111426j,-0.646008+0.397149j,-0.368976-1.637555j,9.617678
1.002623+0.110970j,-0.646191+0.396953j,-0.368787-1.637336j,9.619442
1.001887+0.110515j,-0.646373+0.396757j,-0.368598-1.637116j,9.621205
1.001151+0.110060j,-0.646556+0.396561j,-0.368409-1.636897j,9.622968
1.000416+0.109606j,-0.646739+0.396364j,-0.368220-1.636677j,9.624730
0.999680+0.109152j,-0.646923+0.396168j,-0.368031-1.636457j,9.626492
0.998946+0.108699j,-0.647106+0.395971j,-0.367842-1.636237j,9.628254
0.998211+0.108247j,-0.647289+0.395774j,-0.367654-1.636017j,9.630016
0.997477+0.107795j,-0.647472+0.395576j,-0.367465-1.635797j,9.631777
0.996744+0.107344j,-0.647656+0.395379j,-0.367277-1.635577j,9.633538
0.996011+0.106894j,-0.647839+0.395181j,-0.367089-1.635357j,9.635299
0.995278+0.106444j,-0.648023+0.394984j,-0.366901-1.635136j,9.637059
0.994546+0.105995j,-0.648206+0.394786j,-0.366713-1.634916j,9.638819
0.993814+0.105547j,-0.648390+0.394588j,-0.366525-1.634695j,9.640579
0.993082+0.105099j,-0.648574+0.394389j,-0.366337-1.634474j,9.642339
0.992351+0.104651j,-0.648758+0.394191j,-0.366150-1.634253j,9.644098
0.991620+0.104205j,-0.648941+0.393992j,-0.365962-1.634032j,9.645857
0.990890+0.103759j,-0.649125+0.393793j,-0.365775-1.633811j,9.647615
0.990160+0.103313j,-0.649309+0.393595j,-0.365587-1.633589j,9.649373
0.989431+0.102868j,-0.649494+0.393395j,-0.365400-1.633368j,9.651131
0.988702+0.102424j,-0.649678+0.393196j,-0.365213-1.633146j,9.652889
0.987973+0.101980j,-0.649862+0.392997j,-0.365026-1.632924j,9.654646
0.987245+0.101537j,-0.650046+0.392797j,-0.364839-1.632703j,9.656403
0.986517+0.101095j,-0.650231+0.392597j,-0.364652-1.632481j,9.658159
0.985789+0.100653j,-0.650415+0.392397j,-0.364466-1.632258j,9.659916
0.985062+0.100212j,-0.650600+0.392197j,-0.364279-1.632036j,9.661672
0.984335+0.099772j,-0.650784+0.391997j,-0.364093-1.631814j,9.663427
0.983609+0.099332j,-0.650969+0.391796j,-0.363906-1.631591j,9.665183
0.982883+0.098892j,-0.651154+0.391596j,-0.363720-1.631369j,9.666938
0.982158+0.098453j,-0.651339+0.391395j,-0.363534-1.631146j,9.668693
0.981433+0.098015j,-0.651524+0.391194j,-0.363348-1.630923j,9.670447
0.980708+0.097578j,-0.651709+0.390992j,-0.363162-1.630700j,9.672201
0.979984+0.097141j,-0.651894+0.390791j,-0.362976-1.630477j,9.673955
0.979260+0.096705j,-0.652079+0.390589j,-0.362790-1.630254j,9.675708
0.978536+0.096269j,-0.652264+0.390388j,-0.362605-1.630030j,9.677461
0.977813+0.095834j,-0.652449+0.390186j,-0.362419-1.629807j,9.679214
0.977091+0.095399j,-0.652635+0.389984j,-0.362234-1.629583j,9.680967
0.976368+0.094965j,-0.652820+0.389781j,-0.362049-1.629360j,9.682719
0.975646+0.094532j,-0.653006+0.389579j,-0.361864-1.629136j,9.684471
0.974925+0.094099j,-0.653191+0.389376j,-0.361679-1.628912j,9.686222
0.974204+0.093667j,-0.653377+0.389174j,-0.361494-1.628687j,9.687974
0.973483+0.093236j,-0.653563+0.388971j,-0.361309-1.628463j,9.689725
0.972763+0.092805j,-0.653748+0.388768j,-0.361124-1.628239j,9.691475
0.972043+0.092375j,-0.653934+0.388564j,-0.360940-1.628014j,9.693226
0.971323+0.091945j,-0.654120+0.388361j,-0.360755-1.627790j,9.694975
0.970604+0.091516j,-0.654306+0.388157j,-0.360571-1.627565j,9.696725
0.969886+0.091087j,-0.654492+0.387953j,-0.360386-1.627340j,9.698474
0.969167+0.090660j,-0.654678+0.387749j,-0.360202-1.627115j,9.700223
0.968450+0.090232j,-0.654864+0.387545j,-0.360018-1.626890j,9.701972
0.967732+0.089806j,-0.655051+0.387340j,-0.359834-1.626664j,9.703721
0.967015+0.089379j,-0.655237+0.387136j,-0.359650-1.626439j,9.705469
0.966298+0.088954j,-0.655424+0.386931j,-0.359467-1.626213j,9.707216
0.965582+0.088529j,-0.655610+0.386726j,-0.359283-1.625988j,9.708964
0.964866+0.088105j,-0.655797+0.386521j,-0.359100-1.625762j,9.710711
0.964151+0.087681j,-0.655983+0.386316j,-0.358916-1.625536j,9.712458
0.963435+0.087258j,-0.656170+0.386110j,-0.358733-1.625310j,9.714204
0.962721+0.086835j,-0.656357+0.385905j,-0.358550-1.625083j,9.715950
0.962006+0.086413j,-0.656544+0.385699j,-0.358367-1.624857j,9.717696
0.961293+0.085992j,-0.656731+0.385493j,-0.358184-1.624630j,9.719442
0.960579+0.085571j,-0.656918+0.385287j,-0.358001-1.624404j,9.721187
0.959866+0.085151j,-0.657105+0.385080j,-0.357818-1.624177j,9.722932
0.959153+0.084731j,-0.657292+0.384874j,-0.357635-1.623950j,9.724676
0.958441+0.084312j,-0.657479+0.384667j,-0.357453-1.623723j,9.726420
0.957729+0.083894j,-0.657666+0.384460j,-0.357271-1.623496j,9.728164
0.957017+0.083476j,-0.657854+0.384253j,-0.357088-1.623269j,9.729908
0.956306+0.083059j,-0.658041+0.384045j,-0.356906-1.623041j,9.731651
0.955596+0.082642j,-0.658229+0.383838j,-0.356724-1.622814j,9.733394
0.954885+0.082226j,-0.658416+0.383630j,-0.356542-1.622586j,9.735137
0.954175+0.081811j,-0.658604+0.383422j,-0.356360-1.622358j,9.736879
0.953466+0.081396j,-0.658792+0.383214j,-0.356178-1.622130j,9.738621
0.952757+0.080981j,-0.658979+0.383006j,-0.355997-1.621902j,9.740362
0.952048+0.080568j,-0.659167+0.382798j,-0.355815-1.621674j,9.742104
0.951340+0.080154j,-0.659355+0.382589j,-0.355634-1.621445j,9.743845
0.950632+0.079742j,-0.659543+0.382380j,-0.355452-1.621217j,9.745585
0.949924+0.079330j,-0.659731+0.382171j,-0.355271-1.620988j,9.747326
0.949217+0.078918j,-0.659919+0.381962j,-0.355090-1.620759j,9.749066
0.948510+0.078507j,-0.660108+0.381753j,-0.354909-1.620530j,9.750806
0.947804+0.078097j,-0.660296+0.381543j,-0.354728-1.620301j,9.752545
0.947098+0.077688j,-0.660484+0.381334j,-0.354547-1.620072j,9.754284
0.946392+0.077278j,-0.660673+0.381124j,-0.354367-1.619843j,9.756023
0.945687+0.076870j,-0.660861+0.380914j,-0.354186-1.619613j,9.757761
0.944982+0.076462j,-0.661050+0.380703j,-0.354006-1.619384j,9.759499
0.944278+0.076055j,-0.661238+0.380493j,-0.353825-1.619154j,9.761237
0.943574+0.075648j,-0.661427+0.380282j,-0.353645-1.618924j,9.762974
0.942871+0.075241j,-0.661616+0.380072j,-0.353465-1.618694j,9.764711
0.942167+0.074836j,-0.661805+0.379861j,-0.353285-1.618464j,9.766448
0.941465+0.074431j,-0.661994+0.379649j,-0.353105-1.618234j,9.768185
0.940762+0.074026j,-0.662183+0.379438j,-0.352925-1.618003j,9.769921
0.940060+0.073622j,-0.662372+0.379226j,-0.352746-1.617773j,9.771656
0.939359+0.073219j,-0.662561+0.379015j,-0.352566-1.617542j,9.773392
0.938657+0.072816j,-0.662750+0.378803j,-0.352387-1.617311j,9.775127
0.937957+0.072414j,-0.662939+0.378590j,-0.352207-1.617080j,9.776862
0.937256+0.072012j,-0.663129+0.378378j,-0.352028-1.616849j,9.778596
0.936556+0.071611j,-0.663318+0.378166j,-0.351849-1.616617j,9.780330
0.935856+0.071211j,-0.663508+0.377953j,-0.351670-1.616386j,9.782064
0.935157+0.070811j,-0.663697+0.377740j,-0.351491-1.616154j,9.783798
0.934458+0.070411j,-0.663887+0.377527j,-0.351312-1.615923j,9.785531
0.933760+0.070012j,-0.664077+0.377314j,-0.351134-1.615691j,9.787264
0.933062+0.069614j,-0.664266+0.377100j,-0.350955-1.615459j,9.788996
0.932364+0.069217j,-0.664456+0.376886j,-0.350776-1.615227j,9.790728
0.931667+0.068819j,-0.664646+0.376673j,-0.350598-1.614994j,9.792460
0.930970+0.068423j,-0.664836+0.376458j,-0.350420-1.614762j,9.794192
0.930274+0.068027j,-0.665026+0.376244j,-0.350242-1.614529j,9.795923
0.929578+0.067631j,-0.665216+0.376030j,-0.350064-1.614297j,9.797654
0.928882+0.067237j,-0.665407+0.375815j,-0.349886-1.614064j,9.799384
0.928187+0.066842j,-0.665597+0.375600j,-0.349708-1.613831j,9.801115
0.927492+0.066449j,-0.665787+0.375385j,-0.349530-1.613598j,9.802844
0.926797+0.066055j,-0.665978+0.375170j,-0.349353-1.613364j,9.804574
0.926103+0.065663j,-0.666168+0.374955j,-0.349175-1.613131j,9.806303
0.925409+0.065271j,-0.666359+0.374739j,-0.348998-1.612897j,9.808032
0.924716+0.064879j,-0.666549+0.374523j,-0.348820-1.612664j,9.809761
0.924023+0.064488j,-0.666740+0.374307j,-0.348643-1.612430j,9.811489
0.923331+0.064098j,-0.666931+0.374091j,-0.348466-1.612196j,9.813217
0.922638+0.063708j,-0.667122+0.373875j,-0.348289-1.611962j,9.814944
0.921947+0.063319j,-0.667313+0.373658j,-0.348113-1.611727j,9.816671
0.921255+0.062930j,-0.667504+0.373441j,-0.347936-1.611493j,9.818398
0.920564+0.062542j,-0.667695+0.373224j,-0.347759-1.611258j,9.820125
0.919874+0.062154j,-0.667886+0.373007j,-0.347583-1.611024j,9.821851
0.919184+0.061767j,-0.668077+0.372790j,-0.347406-1.610789j,9.823577
0.918494+0.061381j,-0.668268+0.372572j,-0.347230-1.610554j,9.825302
0.917804+0.060995j,-0.668459+0.372354j,-0.347054-1.610319j,9.827028
0.917115+0.060609j,-0.668651+0.372137j,-0.346878-1.610083j,9.828753
0.916427+0.060225j,-0.668842+0.371918j,-0.346702-1.609848j,9.830477
0.915739+0.059840j,-0.669034+0.371700j,-0.346526-1.609612j,9.832201
0.915051+0.059457j,-0.669225+0.371481j,-0.346350-1.609376j,9.833925
0.914363+0.059073j,-0.669417+0.371263j,-0.346175-1.609141j,9.835649
0.913676+0.058691j,-0.669609+0.371044j,-0.345999-1.608904j,9.837372
0.912990+0.058309j,-0.669801+0.370825j,-0.345824-1.608668j,9.839095
0.912303+0.057927j,-0.669993+0.370605j,-0.345648-1.608432j,9.840817
0.911617+0.057546j,-0.670185+0.370386j,-0.345473-1.608195j,9.842540
0.910932+0.057166j,-0.670377+0.370166j,-0.345298-1.607959j,9.844261
0.910247+0.056786j,-0.670569+0.369946j,-0.345123-1.607722j,9.845983
0.909562+0.056407j,-0.670761+0.369726j,-0.344948-1.607485j,9.847704
0.908878+0.056028j,-0.670953+0.369506j,-0.344773-1.607248j,9.849425
0.908194+0.055650j,-0.671145+0.369285j,-0.344599-1.607011j,9.851145
0.907510+0.055272j,-0.671338+0.369064j,-0.344424-1.606773j,9.852866
0.906827+0.054895j,-0.671530+0.368843j,-0.344250-1.606536j,9.854586
0.906145+0.054518j,-0.671723+0.368622j,-0.344076-1.606298j,9.856305
0.905462+0.054142j,-0.671915+0.368401j,-0.343901-1.606060j,9.858024
0.904780+0.053766j,-0.672108+0.368179j,-0.343727-1.605822j,9.859743
0.904099+0.053391j,-0.672301+0.367958j,-0.343553-1.605584j,9.861462
0.903418+0.053017j,-0.672494+0.367736j,-0.343379-1.605346j,9.863180
0.902737+0.052643j,-0.672686+0.367514j,-0.343206-1.605107j,9.864898
0.902056+0.052270j,-0.672879+0.367291j,-0.343032-1.604869j,9.866615
0.901376+0.051897j,-0.673072+0.367069j,-0.342858-1.604630j,9.868332
0.900697+0.051525j,-0.673265+0.366846j,-0.342685-1.604391j,9.870049
0.900018+0.051153j,-0.673459+0.366623j,-0.342512-1.604152j,9.871765
0.899339+0.050782j,-0.673652+0.366400j,-0.342338-1.603913j,9.873482
0.898660+0.050411j,-0.673845+0.366176j,-0.342165-1.603673j,9.875197
0.897982+0.050041j,-0.674038+0.365953j,-0.341992-1.603434j,9.876913
0.897304+0.049671j,-0.674232+0.365729j,-0.341819-1.603194j,9.878628
0.896627+0.049302j,-0.674425+0.365505j,-0.341647-1.602954j,9.880343
0.895950+0.048934j,-0.674619+0.365281j,-0.341474-1.602714j,9.882057
0.895274+0.048566j,-0.674813+0.365056j,-0.341301-1.602474j,9.883771
0.894598+0.048198j,-0.675006+0.364832j,-0.341129-1.602234j,9.885485
0.893922+0.047831j,-0.675200+0.364607j,-0.340956-1.601993j,9.887198
0.893247+0.047465j,-0.675394+0.364382j,-0.340784-1.601753j,9.888911
0.892572+0.047099j,-0.675588+0.364157j,-0.340612-1.601512j,9.890624
0.891897+0.046734j,-0.675782+0.363931j,-0.340440-1.601271j,9.892336
0.891223+0.046369j,-0.675976+0.363706j,-0.340268-1.601030j,9.894048
0.890549+0.046005j,-0.676170+0.363480j,-0.340096-1.600788j,9.895760
0.889876+0.045641j,-0.676364+0.363254j,-0.339925-1.600547j,9.897472
0.889203+0.045278j,-0.676558+0.363028j,-0.339753-1.600305j,9.899183
0.888530+0.044915j,-0.676753+0.362801j,-0.339582-1.600064j,9.900893
0.887858+0.044553j,-0.676947+0.362575j,-0.339410-1.599822j,9.902604
0.887186+0.044192j,-0.677142+0.362348j,-0.339239-1.599580j,9.904313
0.886515+0.043830j,-0.677336+0.362121j,-0.339068-1.599338j,9.906023
0.885844+0.043470j,-0.677531+0.361893j,-0.338897-1.599095j,9.907732
0.885173+0.043110j,-0.677725+0.361666j,-0.338726-1.598853j,9.909441
0.884503+0.042750j,-0.677920+0.361438j,-0.338555-1.598610j,9.911150
0.883833+0.042391j,-0.678115+0.361210j,-0.338384-1.598367j,9.912858
0.883163+0.042033j,-0.678310+0.360982j,-0.338214-1.598124j,9.914566
0.882494+0.041675j,-0.678505+0.360754j,-0.338043-1.597881j,9.916274
0.881825+0.041318j,-0.678700+0.360525j,-0.337873-1.597638j,9.917981
0.881157+0.040961j,-0.678895+0.360297j,-0.337702-1.597394j,9.919688
0.880489+0.040604j,-0.679090+0.360068j,-0.337532-1.597151j,9.921394
0.879821+0.040249j,-0.679285+0.359838j,-0.337362-1.596907j,9.923100
0.879154+0.039893j,-0.679481+0.359609j,-0.337192-1.596663j,9.924806
0.878487+0.039539j,-0.679676+0.359379j,-0.337022-1.596419j,9.926512
0.877821+0.039184j,-0.679871+0.359150j,-0.336853-1.596175j,9.928217
0.877155+0.038831j,-0.680067+0.358920j,-0.336683-1.595930j,9.929922
0.876489+0.038477j,-0.680262+0.358689j,-0.336513-1.595686j,9.931626
0.875824+0.038125j,-0.680458+0.358459j,-0.336344-1.595441j,9.933330
0.875159+0.037772j,-0.680654+0.358228j,-0.336175-1.595196j,9.935034
0.874494+0.037421j,-0.680849+0.357997j,-0.336006-1.594951j,9.936737
0.873830+0.037070j,-0.681045+0.357766j,-0.335836-1.594706j,9.938440
0.873167+0.036719j,-0.681241+0.357535j,-0.335667-1.594460j,9.940143
0.872503+0.036369j,-0.681437+0.357303j,-0.335499-1.594215j,9.941846
0.871840+0.036019j,-0.681633+0.357072j,-0.335330-1.593969j,9.943548
0.871178+0.035670j,-0.681829+0.356840j,-0.335161-1.593723j,9.945249
0.870516+0.035322j,-0.682026+0.356608j,-0.334993-1.593477j,9.946950
0.869854+0.034973j,-0.682222+0.356375j,-0.334824-1.593231j,9.948651
0.869192+0.034626j,-0.682418+0.356143j,-0.334656-1.592984j,9.950352
0.868531+0.034279j,-0.682615+0.355910j,-0.334488-1.592738j,9.952052
0.867871+0.033932j,-0.682811+0.355677j,-0.334320-1.592491j,9.953752
0.867210+0.033586j,-0.683007+0.355444j,-0.334152-1.592244j,9.955452
0.866551+0.033241j,-0.683204+0.355210j,-0.333984-1.591997j,9.957151
0.865891+0.032896j,-0.683401+0.354977j,-0.333816-1.591750j,9.958850
0.865232+0.032551j,-0.683597+0.354743j,-0.333648-1.591503j,9.960548
0.864573+0.032207j,-0.683794+0.354509j,-0.333481-1.591255j,9.962246
0.863915+0.031864j,-0.683991+0.354274j,-0.333313-1.591007j,9.963944
0.863257+0.031521j,-0.684188+0.354040j,-0.333146-1.590759j,9.965642
0.862599+0.031179j,-0.684385+0.353805j,-0.332979-1.590511j,9.967339
0.861942+0.030837j,-0.684582+0.353570j,-0.332811-1.590263j,9.969036
0.861285+0.030495j,-0.684779+0.353335j,-0.332644-1.590015j,9.970732
0.860629+0.030154j,-0.684976+0.353099j,-0.332477-1.589766j,9.972428
0.859973+0.029814j,-0.685174+0.352864j,-0.332311-1.589517j,9.974124
0.859317+0.029474j,-0.685371+0.352628j,-0.332144-1.589269j,9.975819
0.858662+0.029135j,-0.685568+0.352392j,-0.331977-1.589020j,9.977514
0.858007+0.028796j,-0.685766+0.352156j,-0.331811-1.588770j,9.979209
0.857353+0.028457j,-0.685964+0.351919j,-0.331644-1.588521j,9.980903
0.856698+0.028119j,-0.686161+0.351682j,-0.331478-1.588271j,9.982597
0.856045+0.027782j,-0.686359+0.351445j,-0.331312-1.588022j,9.984290
0.855391+0.027445j,-0.686557+0.351208j,-0.331146-1.587772j,9.985984
0.854738+0.027109j,-0.686754+0.350971j,-0.330980-1.587522j,9.987676
0.854086+0.026773j,-0.686952+0.350733j,-0.330814-1.587271j,9.989369
0.853433+0.026437j,-0.687150+0.350496j,-0.330648-1.587021j,9.991061
0.852782+0.026103j,-0.687348+0.350258j,-0.330483-1.586770j,9.992753
0.852130+0.025768j,-0.687546+0.350019j,-0.330317-1.586520j,9.994444
0.851479+0.025434j,-0.687744+0.349781j,-0.330152-1.586269j,9.996135
0.850828+0.025101j,-0.687943+0.349542j,-0.329987-1.586017j,9.997826
0.850178+0.024768j,-0.688141+0.349303j,-0.329821-1.585766j,9.999516
0.849528+0.024436j,-0.688339+0.349064j,-0.329656-1.585515j,10.001206
0.848879+0.024104j,-0.688538+0.348825j,-0.329491-1.585263j,10.002896
0.848230+0.023772j,-0.688736+0.348585j,-0.329326-1.585011j,10.004585
0.847581+0.023441j,-0.688935+0.348345j,-0.329162-1.584759j,10.006274
0.846932+0.023111j,-0.689133+0.348105j,-0.328997-1.584507j,10.007963
0.846284+0.022781j,-0.689332+0.347865j,-0.328832-1.584255j,10.009651
0.845637+0.022452j,-0.689531+0.347624j,-0.328668-1.584002j,10.011339
0.844989+0.022123j,-0.689730+0.347384j,-0.328504-1.583750j,10.013026
0.844343+0.021794j,-0.689929+0.347143j,-0.328340-1.583497j,10.014713
0.843696+0.021466j,-0.690128+0.346902j,-0.328175-1.583244j,10.016400
0.843050+0.021139j,-0.690327+0.346660j,-0.328011-1.582991j,10.018087
0.842404+0.020812j,-0.690526+0.346418j,-0.327847-1.582737j,10.019773
0.841759+0.020486j,-0.690725+0.346177j,-0.327684-1.582484j,10.021458
0.841114+0.020160j,-0.690924+0.345935j,-0.327520-1.582230j,10.023144
0.840469+0.019834j,-0.691123+0.345692j,-0.327356-1.581976j,10.024829
0.839825+0.019509j,-0.691323+0.345450j,-0.327193-1.581722j,10.026513
0.839181+0.019185j,-0.691522+0.345207j,-0.327030-1.581468j,10.028197
0.838538+0.018861j,-0.691722+0.344964j,-0.326866-1.581213j,10.029881
0.837895+0.018537j,-0.691921+0.344721j,-0.326703-1.580959j,10.031565
0.837252+0.018214j,-0.692121+0.344477j,-0.326540-1.580704j,10.033248
0.836610+0.017892j,-0.692321+0.344234j,-0.326377-1.580449j,10.034931
0.835968+0.017570j,-0.692520+0.343990j,-0.326214-1.580194j,10.036613
0.835326+0.017248j,-0.692720+0.343746j,-0.326052-1.579938j,10.038295
0.834685+0.016927j,-0.692920+0.343501j,-0.325889-1.579683j,10.039977
0.834044+0.016606j,-0.693120+0.343257j,-0.325727-1.579427j,10.041658
0.833404+0.016286j,-0.693320+0.343012j,-0.325564-1.579171j,10.043339
0.832764+0.015967j,-0.693520+0.342767j,-0.325402-1.578915j,10.045020
0.832124+0.015647j,-0.693720+0.342522j,-0.325240-1.578659j,10.046700
0.831485+0.015329j,-0.693921+0.342276j,-0.325078-1.578403j,10.048380
0.830846+0.015011j,-0.694121+0.342030j,-0.324916-1.578146j,10.050059
0.830207+0.014693j,-0.694321+0.341784j,-0.324754-1.577889j,10.051739
0.829569+0.014376j,-0.694522+0.341538j,-0.324592-1.577632j,10.053417
0.828931+0.014059j,-0.694722+0.341292j,-0.324430-1.577375j,10.055096
0.828294+0.013743j,-0.694923+0.341045j,-0.324269-1.577118j,10.056774
0.827657+0.013427j,-0.695124+0.340798j,-0.324107-1.576860j,10.058451
0.827020+0.013112j,-0.695324+0.340551j,-0.323946-1.576603j,10.060129
0.826384+0.012797j,-0.695525+0.340304j,-0.323785-1.576345j,10.061806
0.825748+0.012482j,-0.695726+0.340056j,-0.323624-1.576087j,10.063482
0.825113+0.012168j,-0.695927+0.339808j,-0.323463-1.575829j,10.065159
0.824477+0.011855j,-0.696128+0.339560j,-0.323302-1.575570j,10.066834
0.823843+0.011542j,-0.696329+0.339312j,-0.323141-1.575312j,10.068510
0.823208+0.011230j,-0.696530+0.339063j,-0.322980-1.575053j,10.070185
0.822574+0.010918j,-0.696731+0.338815j,-0.322820-1.574794j,10.071860
0.821941+0.010606j,-0.696932+0.338566j,-0.322659-1.574535j,10.073534
0.821307+0.010295j,-0.697134+0.338317j,-0.322499-1.574275j,10.075208
0.820675+0.009985j,-0.697335+0.338067j,-0.322339-1.574016j,10.076882
0.820042+0.009675j,-0.697536+0.337817j,-0.322178-1.573756j,10.078555
0.819410+0.009365j,-0.697738+0.337567j,-0.322018-1.573496j,10.080228
0.818778+0.009056j,-0.697940+0.337317j,-0.321858-1.573236j,10.081900
0.818147+0.008747j,-0.698141+0.337067j,-0.321699-1.572976j,10.083573
0.817516+0.008439j,-0.698343+0.336816j,-0.321539-1.572715j,10.085244
0.816885+0.008132j,-0.698545+0.336565j,-0.321379-1.572455j,10.086916
0.816255+0.007824j,-0.698747+0.336314j,-0.321220-1.572194j,10.088587
0.815625+0.007518j,-0.698948+0.336063j,-0.321060-1.571933j,10.090258
0.814996+0.007211j,-0.699150+0.335811j,-0.320901-1.571672j,10.091928
0.814366+0.006905j,-0.699352+0.335559j,-0.320742-1.571410j,10.093598
0.813738+0.006600j,-0.699555+0.335307j,-0.320583-1.571149j,10.095267
0.813109+0.006295j,-0.699757+0.335055j,-0.320424-1.570887j,10.096937
0.812481+0.005991j,-0.699959+0.334803j,-0.320265-1.570625j,10.098605
0.811854+0.005687j,-0.700161+0.334550j,-0.320106-1.570363j,10.100274
0.811227+0.005383j,-0.700364+0.334297j,-0.319947-1.570101j,10.101942
0.810600+0.005080j,-0.700566+0.334044j,-0.319789-1.569838j,10.103610
0.809973+0.004778j,-0.700769+0.333790j,-0.319630-1.569575j,10.105277
0.809347+0.004476j,-0.700971+0.333536j,-0.319472-1.569312j,10.106944
0.808721+0.004174j,-0.701174+0.333282j,-0.319314-1.569049j,10.108610
0.808096+0.003873j,-0.701377+0.333028j,-0.319156-1.568786j,10.110277
0.807471+0.003572j,-0.701579+0.332774j,-0.318997-1.568523j,10.111942
0.806846+0.003272j,-0.701782+0.332519j,-0.318840-1.568259j,10.113608
0.806222+0.002972j,-0.701985+0.332264j,-0.318682-1.567995j,10.115273
0.805598+0.002673j,-0.702188+0.332009j,-0.318524-1.567731j,10.116938
0.804975+0.002374j,-0.702391+0.331753j,-0.318366-1.567467j,10.118602
0.804351+0.002076j,-0.702594+0.331498j,-0.318209-1.567202j,10.120266
0.803729+0.001778j,-0.702797+0.331242j,-0.318051-1.566938j,10.121929
0.803106+0.001480j,-0.703001+0.330986j,-0.317894-1.566673j,10.123593
0.802484+0.001183j,-0.703204+0.330729j,-0.317737-1.566408j,10.125255
0.801863+0.000887j,-0.703407+0.330473j,-0.317580-1.566143j,10.126918
0.801241+0.000591j,-0.703611+0.330216j,-0.317423-1.565877j,10.128580
0.800621+0.000295j,-0.703814+0.329959j,-0.317266-1.565612j,10.130242
0.800000+0.000000j,-0.704018+0.329701j,-0.317109-1.565346j,10.131903
