0.800000+0.000000j,-0.704018+0.329701j,0.368589+0.024871j,0.000000
0.799696-0.000253j,-0.704095+0.329528j,0.368536+0.024749j,0.000552
0.799392-0.000506j,-0.704171+0.329355j,0.368483+0.024627j,0.001104
0.799088-0.000759j,-0.704248+0.329182j,0.368430+0.024505j,0.001656
0.798784-0.001012j,-0.704325+0.329009j,0.368377+0.024383j,0.002207
0.798480-0.001264j,-0.704402+0.328836j,0.368324+0.024262j,0.002759
0.798176-0.001517j,-0.704478+0.328663j,0.368271+0.024140j,0.003311
0.797872-0.001769j,-0.704555+0.328489j,0.368218+0.024018j,0.003863
0.797568-0.002021j,-0.704632+0.328316j,0.368165+0.023896j,0.004415
0.797264-0.002273j,-0.704708+0.328142j,0.368112+0.023775j,0.004967
0.796960-0.002524j,-0.704785+0.327968j,0.368058+0.023653j,0.005519
0.796657-0.002775j,-0.704862+0.327795j,0.368005+0.023532j,0.006071
0.796353-0.003027j,-0.704938+0.327621j,0.367952+0.023410j,0.006623
0.796049-0.003278j,-0.705015+0.327447j,0.367899+0.023288j,0.007174
0.795746-0.003528j,-0.705091+0.327273j,0.367846+0.023167j,0.007726
0.795442-0.003779j,-0.705168+0.327099j,0.367793+0.023046j,0.008278
0.795139-0.004029j,-0.705245+0.326925j,0.367740+0.022924j,0.008830
0.794835-0.004280j,-0.705321+0.326751j,0.367687+0.022803j,0.009382
0.794531-0.004530j,-0.705397+0.326576j,0.367633+0.022682j,0.009934
0.794228-0.004779j,-0.705474+0.326402j,0.367580+0.022560j,0.010486
0.793925-0.005029j,-0.705550+0.326227j,0.367527+0.022439j,0.011038
0.793621-0.005278j,-0.705627+0.326053j,0.367474+0.022318j,0.011590
0.793318-0.005528j,-0.705703+0.325878j,0.367421+0.022197j,0.012142
0.793015-0.005777j,-0.705780+0.325704j,0.367367+0.022076j,0.012694
0.792711-0.006026j,-0.705856+0.325529j,0.367314+0.021955j,0.013246
0.792408-0.006274j,-0.705932+0.325354j,0.367261+0.021834j,0.013798
0.792105-0.006523j,-0.706009+0.325179j,0.367208+0.021713j,0.014350
0.791802-0.006771j,-0.706085+0.325004j,0.367154+0.021592j,0.014902
0.791498-0.007019j,-0.706161+0.324829j,0.367101+0.021471j,0.015454
0.791195-0.007267j,-0.706237+0.324654j,0.367048+0.021350j,0.016005
0.790892-0.007515j,-0.706314+0.324478j,0.366994+0.021229j,0.016557
0.790589-0.007762j,-0.706390+0.324303j,0.366941+0.021108j,0.017109
0.790286-0.008010j,-0.706466+0.324127j,0.366888+0.020988j,0.017661
0.789983-0.008257j,-0.706542+0.323952j,0.366834+0.020867j,0.018213
0.789680-0.008504j,-0.706618+0.323776j,0.366781+0.020746j,0.018765
0.789378-0.008751j,-0.706694+0.323601j,0.366728+0.020626j,0.019317
0.789075-0.008997j,-0.706771+0.323425j,0.366674+0.020505j,0.019869
0.788772-0.009244j,-0.706847+0.323249j,0.366621+0.020385j,0.020421
0.788469-0.009490j,-0.706923+0.323073j,0.366567+0.020264j,0.020973
0.788166-0.009736j,-0.706999+0.322897j,0.366514+0.020144j,0.021525
0.787864-0.009982j,-0.707075+0.322721j,0.366461+0.020023j,0.022077
0.787561-0.010227j,-0.707151+0.322545j,0.366407+0.019903j,0.022629
0.787258-0.010473j,-0.707227+0.322368j,0.366354+0.019783j,0.023181
0.786956-0.010718j,-0.707303+0.322192j,0.366300+0.019662j,0.023733
0.786653-0.010963j,-0.707379+0.322015j,0.366247+0.019542j,0.024285
0.786351-0.011208j,-0.707455+0.321839j,0.366193+0.019422j,0.024837
0.786048-0.011453j,-0.707530+0.321662j,0.366140+0.019302j,0.025389
0.785746-0.011697j,-0.707606+0.321486j,0.366086+0.019182j,0.025941
0.785443-0.011941j,-0.707682+0.321309j,0.366033+0.019062j,0.026493
0.785141-0.012186j,-0.707758+0.321132j,0.365979+0.018942j,0.027046
0.784839-0.012430j,-0.707834+0.320955j,0.365926+0.018822j,0.027598
0.784537-0.012673j,-0.707910+0.320778j,0.365872+0.018702j,0.028150
0.784234-0.012917j,-0.707985+0.320601j,0.365819+0.018582j,0.028702
0.783932-0.013160j,-0.708061+0.320424j,0.365765+0.018462j,0.029254
0.783630-0.013403j,-0.708137+0.320246j,0.365712+0.018342j,0.029806
0.783328-0.013646j,-0.708213+0.320069j,0.365658+0.018222j,0.030358
0.783026-0.013889j,-0.708288+0.319891j,0.365604+0.018102j,0.030910
0.782724-0.014132j,-0.708364+0.319714j,0.365551+0.017983j,0.031462
0.782422-0.014374j,-0.708439+0.319536j,0.365497+0.017863j,0.032014
0.782120-0.014616j,-0.708515+0.319358j,0.365444+0.017743j,0.032566
0.781818-0.014859j,-0.708591+0.319181j,0.365390+0.017624j,0.033118
0.781516-0.015100j,-0.708666+0.319003j,0.365336+0.017504j,0.033670
0.781214-0.015342j,-0.708742+0.318825j,0.365283+0.017385j,0.034222
0.780912-0.015584j,-0.708817+0.318647j,0.365229+0.017265j,0.034774
0.780610-0.015825j,-0.708893+0.318469j,0.365175+0.017146j,0.035326
0.780309-0.016066j,-0.708968+0.318290j,0.365122+0.017026j,0.035878
0.780007-0.016307j,-0.709044+0.318112j,0.365068+0.016907j,0.036431
0.779705-0.016548j,-0.709119+0.317934j,0.365014+0.016788j,0.036983
0.779404-0.016788j,-0.709195+0.317755j,0.364961+0.016668j,0.037535
0.779102-0.017029j,-0.709270+0.317577j,0.364907+0.016549j,0.038087
0.778800-0.017269j,-0.709345+0.317398j,0.364853+0.016430j,0.038639
0.778499-0.017509j,-0.709421+0.317219j,0.364799+0.016311j,0.039191
0.778197-0.017749j,-0.709496+0.317041j,0.364746+0.016192j,0.039743
0.777896-0.017988j,-0.709571+0.316862j,0.364692+0.016073j,0.040295
0.777595-0.018228j,-0.709646+0.316683j,0.364638+0.015953j,0.040847
0.777293-0.018467j,-0.709722+0.316504j,0.364584+0.015834j,0.041399
0.776992-0.018706j,-0.709797+0.316324j,0.364531+0.015716j,0.041951
0.776691-0.018945j,-0.709872+0.316145j,0.364477+0.015597j,0.042504
0.776389-0.019184j,-0.709947+0.315966j,0.364423+0.015478j,0.043056
0.776088-0.019422j,-0.710022+0.315787j,0.364369+0.015359j,0.043608
0.775787-0.019660j,-0.710098+0.315607j,0.364315+0.015240j,0.044160
0.775486-0.019899j,-0.710173+0.315427j,0.364261+0.015121j,0.044712
0.775185-0.020137j,-0.710248+0.315248j,0.364208+0.015003j,0.045264
0.774884-0.020374j,-0.710323+0.315068j,0.364154+0.014884j,0.045816
0.774583-0.020612j,-0.710398+0.314888j,0.364100+0.014765j,0.046368
0.774282-0.020849j,-0.710473+0.314708j,0.364046+0.014647j,0.046920
0.773981-0.021086j,-0.710548+0.314528j,0.363992+0.014528j,0.047473
0.773680-0.021323j,-0.710623+0.314348j,0.363938+0.014409j,0.048025
0.773379-0.021560j,-0.710698+0.314168j,0.363884+0.014291j,0.048577
0.773078-0.021797j,-0.710773+0.313988j,0.363830+0.014173j,0.049129
0.772777-0.022033j,-0.710848+0.313808j,0.363776+0.014054j,0.049681
0.772477-0.022270j,-0.710922+0.313627j,0.363722+0.013936j,0.050233
0.772176-0.022506j,-0.710997+0.313447j,0.363669+0.013817j,0.050785
0.771875-0.022742j,-0.711072+0.313266j,0.363615+0.013699j,0.051337
0.771575-0.022977j,-0.711147+0.313085j,0.363561+0.013581j,0.051890
0.771274-0.023213j,-0.711222+0.312905j,0.363507+0.013463j,0.052442
0.770974-0.023448j,-0.711297+0.312724j,0.363453+0.013344j,0.052994
0.770673-0.023684j,-0.711371+0.312543j,0.363399+0.013226j,0.053546
0.770373-0.023918j,-0.711446+0.312362j,0.363345+0.013108j,0.054098
0.770072-0.024153j,-0.711521+0.312181j,0.363291+0.012990j,0.054650
0.769772-0.024388j,-0.711595+0.311999j,0.363237+0.012872j,0.055202
0.769471-0.024622j,-0.711670+0.311818j,0.363183+0.012754j,0.055755
0.769171-0.024857j,-0.711745+0.311637j,0.363129+0.012636j,0.056307
0.768871-0.025091j,-0.711819+0.311455j,0.363075+0.012518j,0.056859
0.768571-0.025325j,-0.711894+0.311274j,0.363020+0.012400j,0.057411
0.768270-0.025558j,-0.711968+0.311092j,0.362966+0.012283j,0.057963
0.767970-0.025792j,-0.712043+0.310911j,0.362912+0.012165j,0.058515
0.767670-0.026025j,-0.712117+0.310729j,0.362858+0.012047j,0.059068
0.767370-0.026258j,-0.712192+0.310547j,0.362804+0.011929j,0.059620
0.767070-0.026491j,-0.712266+0.310365j,0.362750+0.011812j,0.060172
0.766770-0.026724j,-0.712341+0.310183j,0.362696+0.011694j,0.060724
0.766470-0.026957j,-0.712415+0.310001j,0.362642+0.011576j,0.061276
0.766170-0.027189j,-0.712489+0.309819j,0.362588+0.011459j,0.061828
0.765870-0.027421j,-0.712564+0.309636j,0.362534+0.011341j,0.062380
0.765571-0.027653j,-0.712638+0.309454j,0.362479+0.011224j,0.062933
0.765271-0.027885j,-0.712712+0.309271j,0.362425+0.011106j,0.063485
0.764971-0.028117j,-0.712787+0.309089j,0.362371+0.010989j,0.064037
0.764671-0.028348j,-0.712861+0.308906j,0.362317+0.010872j,0.064589
0.764372-0.028580j,-0.712935+0.308723j,0.362263+0.010754j,0.065141
0.764072-0.028811j,-0.713009+0.308541j,0.362208+0.010637j,0.065693
0.763773-0.029042j,-0.713083+0.308358j,0.362154+0.010520j,0.066246
0.763473-0.029272j,-0.713158+0.308175j,0.362100+0.010402j,0.066798
0.763174-0.029503j,-0.713232+0.307992j,0.362046+0.010285j,0.067350
0.762874-0.029733j,-0.713306+0.307808j,0.361992+0.010168j,0.067902
0.762575-0.029964j,-0.713380+0.307625j,0.361937+0.010051j,0.068454
0.762275-0.030194j,-0.713454+0.307442j,0.361883+0.009934j,0.069007
0.761976-0.030424j,-0.713528+0.307258j,0.361829+0.009817j,0.069559
0.761677-0.030653j,-0.713602+0.307075j,0.361775+0.009700j,0.070111
0.761377-0.030883j,-0.713676+0.306891j,0.361720+0.009583j,0.070663
0.761078-0.031112j,-0.713750+0.306708j,0.361666+0.009466j,0.071215
0.760779-0.031341j,-0.713824+0.306524j,0.361612+0.009349j,0.071767
0.760480-0.031570j,-0.713898+0.306340j,0.361558+0.009232j,0.072320
0.760181-0.031799j,-0.713972+0.306156j,0.361503+0.009116j,0.072872
0.759882-0.032027j,-0.714046+0.305972j,0.361449+0.008999j,0.073424
0.759583-0.032256j,-0.714119+0.305788j,0.361395+0.008882j,0.073976
0.759284-0.032484j,-0.714193+0.305604j,0.361340+0.008765j,0.074528
0.758985-0.032712j,-0.714267+0.305419j,0.361286+0.008649j,0.075080
0.758686-0.032940j,-0.714341+0.305235j,0.361232+0.008532j,0.075633
0.758387-0.033168j,-0.714414+0.305050j,0.361177+0.008416j,0.076185
0.758088-0.033395j,-0.714488+0.304866j,0.361123+0.008299j,0.076737
0.757790-0.033622j,-0.714562+0.304681j,0.361069+0.008183j,0.077289
0.757491-0.033850j,-0.714635+0.304497j,0.361014+0.008066j,0.077841
0.757192-0.034077j,-0.714709+0.304312j,0.360960+0.007950j,0.078394
0.756894-0.034303j,-0.714783+0.304127j,0.360905+0.007833j,0.078946
0.756595-0.034530j,-0.714856+0.303942j,0.360851+0.007717j,0.079498
0.756297-0.034756j,-0.714930+0.303757j,0.360797+0.007601j,0.080050
0.755998-0.034982j,-0.715003+0.303572j,0.360742+0.007484j,0.080602
0.755700-0.035209j,-0.715077+0.303386j,0.360688+0.007368j,0.081154
0.755401-0.035434j,-0.715150+0.303201j,0.360633+0.007252j,0.081707
0.755103-0.035660j,-0.715224+0.303016j,0.360579+0.007136j,0.082259
0.754805-0.035886j,-0.715297+0.302830j,0.360524+0.007020j,0.082811
0.754506-0.036111j,-0.715370+0.302644j,0.360470+0.006904j,0.083363
0.754208-0.036336j,-0.715444+0.302459j,0.360415+0.006788j,0.083915
0.753910-0.036561j,-0.715517+0.302273j,0.360361+0.006672j,0.084468
0.753612-0.036786j,-0.715591+0.302087j,0.360306+0.006556j,0.085020
0.753313-0.037010j,-0.715664+0.301901j,0.360252+0.006440j,0.085572
0.753015-0.037235j,-0.715737+0.301715j,0.360198+0.006324j,0.086124
0.752717-0.037459j,-0.715810+0.301529j,0.360143+0.006208j,0.086676
0.752419-0.037683j,-0.715884+0.301343j,0.360088+0.006092j,0.087228
0.752121-0.037907j,-0.715957+0.301156j,0.360034+0.005976j,0.087781
0.751824-0.038131j,-0.716030+0.300970j,0.359979+0.005861j,0.088333
0.751526-0.038354j,-0.716103+0.300783j,0.359925+0.005745j,0.088885
0.751228-0.038578j,-0.716176+0.300597j,0.359870+0.005629j,0.089437
0.750930-0.038801j,-0.716249+0.300410j,0.359816+0.005514j,0.089989
0.750632-0.039024j,-0.716322+0.300223j,0.359761+0.005398j,0.090541
0.750335-0.039247j,-0.716395+0.300037j,0.359707+0.005282j,0.091094
0.750037-0.039469j,-0.716468+0.299850j,0.359652+0.005167j,0.091646
0.749739-0.039692j,-0.716541+0.299663j,0.359598+0.005051j,0.092198
0.749442-0.039914j,-0.716614+0.299476j,0.359543+0.004936j,0.092750
0.749144-0.040136j,-0.716687+0.299288j,0.359488+0.004821j,0.093302
0.748847-0.040358j,-0.716760+0.299101j,0.359434+0.004705j,0.093855
0.748549-0.040580j,-0.716833+0.298914j,0.359379+0.004590j,0.094407
0.748252-0.040801j,-0.716906+0.298726j,0.359325+0.004475j,0.094959
0.747955-0.041023j,-0.716978+0.298539j,0.359270+0.004359j,0.095511
0.747657-0.041244j,-0.717051+0.298351j,0.359215+0.004244j,0.096063
0.747360-0.041465j,-0.717124+0.298163j,0.359161+0.004129j,0.096615
0.747063-0.041686j,-0.717197+0.297976j,0.359106+0.004014j,0.097168
0.746766-0.041906j,-0.717269+0.297788j,0.359051+0.003899j,0.097720
0.746468-0.042127j,-0.717342+0.297600j,0.358997+0.003784j,0.098272
0.746171-0.042347j,-0.717415+0.297412j,0.358942+0.003668j,0.098824
0.745874-0.042567j,-0.717487+0.297223j,0.358887+0.003553j,0.099376
0.745577-0.042787j,-0.717560+0.297035j,0.358833+0.003439j,0.099928
0.745280-0.043007j,-0.717633+0.296847j,0.358778+0.003324j,0.100481
0.744983-0.043227j,-0.717705+0.296658j,0.358723+0.003209j,0.101033
0.744686-0.043446j,-0.717778+0.296470j,0.358669+0.003094j,0.101585
0.744390-0.043665j,-0.717850+0.296281j,0.358614+0.002979j,0.102137
0.744093-0.043884j,-0.717922+0.296093j,0.358559+0.002864j,0.102689
0.743796-0.044103j,-0.717995+0.295904j,0.358504+0.002749j,0.103241
0.743499-0.044322j,-0.718067+0.295715j,0.358450+0.002635j,0.103793
0.743203-0.044541j,-0.718140+0.295526j,0.358395+0.002520j,0.104346
0.742906-0.044759j,-0.718212+0.295337j,0.358340+0.002405j,0.104898
0.742610-0.044977j,-0.718284+0.295148j,0.358285+0.002291j,0.105450
0.742313-0.045195j,-0.718357+0.294958j,0.358231+0.002176j,0.106002
0.742016-0.045413j,-0.718429+0.294769j,0.358176+0.002062j,0.106554
0.741720-0.045631j,-0.718501+0.294580j,0.358121+0.001947j,0.107106
0.741424-0.045848j,-0.718573+0.294390j,0.358066+0.001833j,0.107659
0.741127-0.046065j,-0.718646+0.294201j,0.358012+0.001718j,0.108211
0.740831-0.046283j,-0.718718+0.294011j,0.357957+0.001604j,0.108763
0.740535-0.046499j,-0.718790+0.293821j,0.357902+0.001490j,0.109315
0.740238-0.046716j,-0.718862+0.293631j,0.357847+0.001375j,0.109867
0.739942-0.046933j,-0.718934+0.293441j,0.357792+0.001261j,0.110419
0.739646-0.047149j,-0.719006+0.293251j,0.357738+0.001147j,0.110971
0.739350-0.047365j,-0.719078+0.293061j,0.357683+0.001033j,0.111524
0.739054-0.047582j,-0.719150+0.292871j,0.357628+0.000918j,0.112076
0.738758-0.047797j,-0.719222+0.292681j,0.357573+0.000804j,0.112628
0.738462-0.048013j,-0.719294+0.292490j,0.357518+0.000690j,0.113180
0.738166-0.048229j,-0.719366+0.292300j,0.357463+0.000576j,0.113732
0.737870-0.048444j,-0.719438+0.292109j,0.357408+0.000462j,0.114284
0.737574-0.048659j,-0.719509+0.291918j,0.357354+0.000348j,0.114836
0.737279-0.048874j,-0.719581+0.291728j,0.357299+0.000234j,0.115388
0.736983-0.049089j,-0.719653+0.291537j,0.357244+0.000120j,0.115941
0.736687-0.049304j,-0.719725+0.291346j,0.357189+0.000006j,0.116493
0.736392-0.049518j,-0.719797+0.291155j,0.357134-0.000107j,0.117045
0.736096-0.049733j,-0.719868+0.290964j,0.357079-0.000221j,0.117597
0.735800-0.049947j,-0.719940+0.290772j,0.357024-0.000335j,0.118149
0.735505-0.050161j,-0.720012+0.290581j,0.356969-0.000449j,0.118701
0.735209-0.050374j,-0.720083+0.290390j,0.356914-0.000562j,0.119253
0.734914-0.050588j,-0.720155+0.290198j,0.356860-0.000676j,0.119805
0.734619-0.050802j,-0.720226+0.290007j,0.356805-0.000790j,0.120357
0.734323-0.051015j,-0.720298+0.289815j,0.356750-0.000903j,0.120910
0.734028-0.051228j,-0.720369+0.289623j,0.356695-0.001017j,0.121462
0.733733-0.051441j,-0.720441+0.289431j,0.356640-0.001130j,0.122014
0.733437-0.051654j,-0.720512+0.289239j,0.356585-0.001244j,0.122566
0.733142-0.051866j,-0.720584+0.289047j,0.356530-0.001357j,0.123118
0.732847-0.052078j,-0.720655+0.288855j,0.356475-0.001471j,0.123670
0.732552-0.052291j,-0.720726+0.288663j,0.356420-0.001584j,0.124222
0.732257-0.052503j,-0.720798+0.288471j,0.356365-0.001697j,0.124774
0.731962-0.052715j,-0.720869+0.288278j,0.356310-0.001811j,0.125326
0.731667-0.052926j,-0.720940+0.288086j,0.356255-0.001924j,0.125878
0.731372-0.053138j,-0.721011+0.287893j,0.356200-0.002037j,0.126430
0.731077-0.053349j,-0.721083+0.287701j,0.356145-0.002150j,0.126983
0.730783-0.053560j,-0.721154+0.287508j,0.356090-0.002264j,0.127535
0.730488-0.053771j,-0.721225+0.287315j,0.356035-0.002377j,0.128087
0.730193-0.053982j,-0.721296+0.287122j,0.355980-0.002490j,0.128639
0.729899-0.054193j,-0.721367+0.286929j,0.355925-0.002603j,0.129191
0.729604-0.054403j,-0.721438+0.286736j,0.355870-0.002716j,0.129743
0.729309-0.054614j,-0.721509+0.286543j,0.355815-0.002829j,0.130295
0.729015-0.054824j,-0.721580+0.286349j,0.355760-0.002942j,0.130847
0.728720-0.055034j,-0.721651+0.286156j,0.355705-0.003055j,0.131399
0.728426-0.055244j,-0.721722+0.285963j,0.355650-0.003168j,0.131951
0.728131-0.055453j,-0.721793+0.285769j,0.355595-0.003281j,0.132503
0.727837-0.055663j,-0.721864+0.285575j,0.355540-0.003393j,0.133055
0.727543-0.055872j,-0.721935+0.285382j,0.355484-0.003506j,0.133607
0.727249-0.056081j,-0.722006+0.285188j,0.355429-0.003619j,0.134159
0.726954-0.056290j,-0.722076+0.284994j,0.355374-0.003732j,0.134711
0.726660-0.056499j,-0.722147+0.284800j,0.355319-0.003844j,0.135263
0.726366-0.056707j,-0.722218+0.284606j,0.355264-0.003957j,0.135815
0.726072-0.056916j,-0.722289+0.284411j,0.355209-0.004070j,0.136367
0.725778-0.057124j,-0.722359+0.284217j,0.355154-0.004182j,0.136919
0.725484-0.057332j,-0.722430+0.284023j,0.355099-0.004295j,0.137472
0.725190-0.057540j,-0.722500+0.283828j,0.355044-0.004407j,0.138024
0.724896-0.057748j,-0.722571+0.283633j,0.354989-0.004520j,0.138576
0.724602-0.057955j,-0.722642+0.283439j,0.354933-0.004632j,0.139128
0.724309-0.058162j,-0.722712+0.283244j,0.354878-0.004744j,0.139680
0.724015-0.058370j,-0.722783+0.283049j,0.354823-0.004857j,0.140232
0.723721-0.058577j,-0.722853+0.282854j,0.354768-0.004969j,0.140784
0.723427-0.058784j,-0.722923+0.282659j,0.354713-0.005081j,0.141336
0.723134-0.058990j,-0.722994+0.282464j,0.354658-0.005194j,0.141888
0.722840-0.059197j,-0.723064+0.282269j,0.354603-0.005306j,0.142440
0.722547-0.059403j,-0.723134+0.282073j,0.354547-0.005418j,0.142992
0.722253-0.059609j,-0.723205+0.281878j,0.354492-0.005530j,0.143544
0.721960-0.059815j,-0.723275+0.281682j,0.354437-0.005642j,0.144096
0.721666-0.060021j,-0.723345+0.281487j,0.354382-0.005754j,0.144648
0.721373-0.060227j,-0.723415+0.281291j,0.354327-0.005867j,0.145200
0.721080-0.060432j,-0.723486+0.281095j,0.354271-0.005979j,0.145752
0.720787-0.060638j,-0.723556+0.280899j,0.354216-0.006091j,0.146303
0.720493-0.060843j,-0.723626+0.280704j,0.354161-0.006202j,0.146855
0.720200-0.061048j,-0.723696+0.280507j,0.354106-0.006314j,0.147407
0.719907-0.061252j,-0.723766+0.280311j,0.354051-0.006426j,0.147959
0.719614-0.061457j,-0.723836+0.280115j,0.353995-0.006538j,0.148511
0.719321-0.061662j,-0.723906+0.279919j,0.353940-0.006650j,0.149063
0.719028-0.061866j,-0.723976+0.279722j,0.353885-0.006762j,0.149615
0.718735-0.062070j,-0.724046+0.279526j,0.353830-0.006873j,0.150167
0.718442-0.062274j,-0.724116+0.279329j,0.353775-0.006985j,0.150719
0.718149-0.062478j,-0.724186+0.279132j,0.353719-0.007097j,0.151271
0.717857-0.062681j,-0.724256+0.278936j,0.353664-0.007208j,0.151823
0.717564-0.062885j,-0.724325+0.278739j,0.353609-0.007320j,0.152375
0.717271-0.063088j,-0.724395+0.278542j,0.353554-0.007432j,0.152927
0.716979-0.063291j,-0.724465+0.278344j,0.353498-0.007543j,0.153479
0.716686-0.063494j,-0.724535+0.278147j,0.353443-0.007655j,0.154031
0.716394-0.063697j,-0.724604+0.277950j,0.353388-0.007766j,0.154583
0.716101-0.063899j,-0.724674+0.277753j,0.353332-0.007878j,0.155135
0.715809-0.064102j,-0.724743+0.277555j,0.353277-0.007989j,0.155686
0.715516-0.064304j,-0.724813+0.277358j,0.353222-0.008100j,0.156238
0.715224-0.064506j,-0.724883+0.277160j,0.353167-0.008212j,0.156790
0.714932-0.064708j,-0.724952+0.276962j,0.353111-0.008323j,0.157342
0.714639-0.064910j,-0.725022+0.276764j,0.353056-0.008434j,0.157894
0.714347-0.065111j,-0.725091+0.276566j,0.353001-0.008545j,0.158446
0.714055-0.065313j,-0.725160+0.276368j,0.352945-0.008657j,0.158998
0.713763-0.065514j,-0.725230+0.276170j,0.352890-0.008768j,0.159550
0.713471-0.065715j,-0.725299+0.275972j,0.352835-0.008879j,0.160102
0.713179-0.065916j,-0.725369+0.275774j,0.352779-0.008990j,0.160653
0.712887-0.066117j,-0.725438+0.275575j,0.352724-0.009101j,0.161205
0.712595-0.066317j,-0.725507+0.275377j,0.352669-0.009212j,0.161757
0.712303-0.066518j,-0.725576+0.275178j,0.352613-0.009323j,0.162309
0.712011-0.066718j,-0.725645+0.274980j,0.352558-0.009434j,0.162861
0.711719-0.066918j,-0.725715+0.274781j,0.352503-0.009545j,0.163413
0.711428-0.067118j,-0.725784+0.274582j,0.352447-0.009656j,0.163965
0.711136-0.067318j,-0.725853+0.274383j,0.352392-0.009767j,0.164516
0.710844-0.067517j,-0.725922+0.274184j,0.352337-0.009878j,0.165068
0.710553-0.067717j,-0.725991+0.273985j,0.352281-0.009988j,0.165620
0.710261-0.067916j,-0.726060+0.273785j,0.352226-0.010099j,0.166172
0.709970-0.068115j,-0.726129+0.273586j,0.352171-0.010210j,0.166724
0.709678-0.068314j,-0.726198+0.273387j,0.352115-0.010321j,0.167275
0.709387-0.068512j,-0.726267+0.273187j,0.352060-0.010431j,0.167827
0.709095-0.068711j,-0.726336+0.272987j,0.352005-0.010542j,0.168379
0.708804-0.068909j,-0.726404+0.272788j,0.351949-0.010653j,0.168931
0.708513-0.069107j,-0.726473+0.272588j,0.351894-0.010763j,0.169483
0.708222-0.069306j,-0.726542+0.272388j,0.351838-0.010874j,0.170034
0.707930-0.069503j,-0.726611+0.272188j,0.351783-0.010984j,0.170586
0.707639-0.069701j,-0.726679+0.271988j,0.351728-0.011095j,0.171138
0.707348-0.069899j,-0.726748+0.271788j,0.351672-0.011205j,0.171690
0.707057-0.070096j,-0.726817+0.271587j,0.351617-0.011315j,0.172242
0.706766-0.070293j,-0.726885+0.271387j,0.351561-0.011426j,0.172793
0.706475-0.070490j,-0.726954+0.271186j,0.351506-0.011536j,0.173345
0.706184-0.070687j,-0.727022+0.270986j,0.351450-0.011646j,0.173897
0.705894-0.070884j,-0.727091+0.270785j,0.351395-0.011757j,0.174449
0.705603-0.071080j,-0.727159+0.270584j,0.351340-0.011867j,0.175000
0.705312-0.071277j,-0.727228+0.270384j,0.351284-0.011977j,0.175552
0.705021-0.071473j,-0.727296+0.270183j,0.351229-0.012087j,0.176104
0.704731-0.071669j,-0.727365+0.269981j,0.351173-0.012197j,0.176656
0.704440-0.071865j,-0.727433+0.269780j,0.351118-0.012308j,0.177207
0.704150-0.072061j,-0.727501+0.269579j,0.351062-0.012418j,0.177759
0.703859-0.072256j,-0.727569+0.269378j,0.351007-0.012528j,0.178311
0.703569-0.072451j,-0.727638+0.269176j,0.350952-0.012638j,0.178862
0.703278-0.072647j,-0.727706+0.268975j,0.350896-0.012748j,0.179414
0.702988-0.072842j,-0.727774+0.268773j,0.350841-0.012858j,0.179966
0.702698-0.073037j,-0.727842+0.268571j,0.350785-0.012967j,0.180518
0.702407-0.073231j,-0.727910+0.268370j,0.350730-0.013077j,0.181069
0.702117-0.073426j,-0.727978+0.268168j,0.350674-0.013187j,0.181621
0.701827-0.073620j,-0.728046+0.267966j,0.350619-0.013297j,0.182173
0.701537-0.073814j,-0.728114+0.267763j,0.350563-0.013407j,0.182724
0.701247-0.074008j,-0.728182+0.267561j,0.350508-0.013517j,0.183276
0.700957-0.074202j,-0.728250+0.267359j,0.350452-0.013626j,0.183828
0.700667-0.074396j,-0.728318+0.267157j,0.350397-0.013736j,0.184379
0.700377-0.074590j,-0.728386+0.266954j,0.350341-0.013846j,0.184931
0.700087-0.074783j,-0.728454+0.266751j,0.350286-0.013955j,0.185483
0.699797-0.074976j,-0.728522+0.266549j,0.350230-0.014065j,0.186034
0.699508-0.075169j,-0.728589+0.266346j,0.350175-0.014174j,0.186586
0.699218-0.075362j,-0.728657+0.266143j,0.350119-0.014284j,0.187137
0.698928-0.075555j,-0.728725+0.265940j,0.350064-0.014393j,0.187689
0.698639-0.075747j,-0.728792+0.265737j,0.350008-0.014503j,0.188241
0.698349-0.075940j,-0.728860+0.265534j,0.349953-0.014612j,0.188792
0.698060-0.076132j,-0.728928+0.265331j,0.349897-0.014722j,0.189344
0.697770-0.076324j,-0.728995+0.265127j,0.349842-0.014831j,0.189895
0.697481-0.076516j,-0.729063+0.264924j,0.349786-0.014940j,0.190447
0.697191-0.076708j,-0.729130+0.264720j,0.349731-0.015050j,0.190999
0.696902-0.076899j,-0.729198+0.264517j,0.349675-0.015159j,0.191550
0.696613-0.077091j,-0.729265+0.264313j,0.349620-0.015268j,0.192102
0.696324-0.077282j,-0.729332+0.264109j,0.349564-0.015377j,0.192653
0.696034-0.077473j,-0.729400+0.263905j,0.349508-0.015486j,0.193205
0.695745-0.077664j,-0.729467+0.263701j,0.349453-0.015596j,0.193757
0.695456-0.077855j,-0.729534+0.263497j,0.349397-0.015705j,0.194308
0.695167-0.078045j,-0.729602+0.263293j,0.349342-0.015814j,0.194860
0.694878-0.078236j,-0.729669+0.263088j,0.349286-0.015923j,0.195411
0.694589-0.078426j,-0.729736+0.262884j,0.349231-0.016032j,0.195963
0.694301-0.078616j,-0.729803+0.262679j,0.349175-0.016141j,0.196514
0.694012-0.078806j,-0.729870+0.262475j,0.349120-0.016250j,0.197066
0.693723-0.078996j,-0.729937+0.262270j,0.349064-0.016359j,0.197617
0.693434-0.079185j,-0.730004+0.262065j,0.349008-0.016467j,0.198169
0.693146-0.079375j,-0.730071+0.261860j,0.348953-0.016576j,0.198720
0.692857-0.079564j,-0.730138+0.261655j,0.348897-0.016685j,0.199272
0.692568-0.079753j,-0.730205+0.261450j,0.348842-0.016794j,0.199823
0.692280-0.079942j,-0.730272+0.261245j,0.348786-0.016903j,0.200375
0.691991-0.080131j,-0.730339+0.261040j,0.348731-0.017011j,0.200926
0.691703-0.080319j,-0.730406+0.260834j,0.348675-0.017120j,0.201478
0.691415-0.080508j,-0.730472+0.260629j,0.348619-0.017229j,0.202029
0.691126-0.080696j,-0.730539+0.260423j,0.348564-0.017337j,0.202581
0.690838-0.080884j,-0.730606+0.260217j,0.348508-0.017446j,0.203132
0.690550-0.081072j,-0.730672+0.260012j,0.348453-0.017555j,0.203683
0.690262-0.081260j,-0.730739+0.259806j,0.348397-0.017663j,0.204235
0.689973-0.081448j,-0.730806+0.259600j,0.348341-0.017772j,0.204786
0.689685-0.081635j,-0.730872+0.259394j,0.348286-0.017880j,0.205338
0.689397-0.081823j,-0.730939+0.259187j,0.348230-0.017988j,0.205889
0.689109-0.082010j,-0.731005+0.258981j,0.348174-0.018097j,0.206440
0.688821-0.082197j,-0.731072+0.258775j,0.348119-0.018205j,0.206992
0.688534-0.082383j,-0.731138+0.258568j,0.348063-0.018314j,0.207543
0.688246-0.082570j,-0.731204+0.258362j,0.348008-0.018422j,0.208095
0.687958-0.082757j,-0.731271+0.258155j,0.347952-0.018530j,0.208646
0.687670-0.082943j,-0.731337+0.257948j,0.347896-0.018638j,0.209197
0.687383-0.083129j,-0.731403+0.257741j,0.347841-0.018747j,0.209749
0.687095-0.083315j,-0.731470+0.257534j,0.347785-0.018855j,0.210300
0.686807-0.083501j,-0.731536+0.257327j,0.347729-0.018963j,0.210851
0.686520-0.083687j,-0.731602+0.257120j,0.347674-0.019071j,0.211403
0.686232-0.083872j,-0.731668+0.256913j,0.347618-0.019179j,0.211954
0.685945-0.084058j,-0.731734+0.256705j,0.347563-0.019287j,0.212505
0.685658-0.084243j,-0.731800+0.256498j,0.347507-0.019395j,0.213057
0.685370-0.084428j,-0.731866+0.256290j,0.347451-0.019503j,0.213608
0.685083-0.084613j,-0.731932+0.256083j,0.347396-0.019611j,0.214159
0.684796-0.084798j,-0.731998+0.255875j,0.347340-0.019719j,0.214711
0.684509-0.084982j,-0.732064+0.255667j,0.347284-0.019827j,0.215262
0.684222-0.085167j,-0.732130+0.255459j,0.347229-0.019935j,0.215813
0.683935-0.085351j,-0.732196+0.255251j,0.347173-0.020043j,0.216365
0.683648-0.085535j,-0.732261+0.255043j,0.347117-0.020151j,0.216916
0.683361-0.085719j,-0.732327+0.254835j,0.347062-0.020259j,0.217467
0.683074-0.085903j,-0.732393+0.254626j,0.347006-0.020366j,0.218018
0.682787-0.086086j,-0.732459+0.254418j,0.346950-0.020474j,0.218570
0.682500-0.086270j,-0.732524+0.254209j,0.346895-0.020582j,0.219121
0.682213-0.086453j,-0.732590+0.254001j,0.346839-0.020689j,0.219672
0.681927-0.086636j,-0.732655+0.253792j,0.346783-0.020797j,0.220223
0.681640-0.086819j,-0.732721+0.253583j,0.346728-0.020905j,0.220775
0.681353-0.087002j,-0.732786+0.253374j,0.346672-0.021012j,0.221326
0.681067-0.087184j,-0.732852+0.253165j,0.346616-0.021120j,0.221877
0.680780-0.087367j,-0.732917+0.252956j,0.346561-0.021227j,0.222428
0.680494-0.087549j,-0.732983+0.252747j,0.346505-0.021335j,0.222979
0.680207-0.087731j,-0.733048+0.252537j,0.346449-0.021442j,0.223530
0.679921-0.087913j,-0.733113+0.252328j,0.346394-0.021550j,0.224082
0.679635-0.088095j,-0.733178+0.252118j,0.346338-0.021657j,0.224633
0.679348-0.088277j,-0.733244+0.251909j,0.346282-0.021764j,0.225184
0.679062-0.088458j,-0.733309+0.251699j,0.346227-0.021872j,0.225735
0.678776-0.088640j,-0.733374+0.251489j,0.346171-0.021979j,0.226286
0.678490-0.088821j,-0.733439+0.251279j,0.346115-0.022086j,0.226837
0.678204-0.089002j,-0.733504+0.251069j,0.346059-0.022194j,0.227389
0.677918-0.089183j,-0.733569+0.250859j,0.346004-0.022301j,0.227940
0.677632-0.089364j,-0.733634+0.250648j,0.345948-0.022408j,0.228491
0.677346-0.089544j,-0.733699+0.250438j,0.345892-0.022515j,0.229042
0.677060-0.089725j,-0.733764+0.250228j,0.345837-0.022622j,0.229593
0.676775-0.089905j,-0.733829+0.250017j,0.345781-0.022729j,0.230144
0.676489-0.090085j,-0.733894+0.249806j,0.345725-0.022836j,0.230695
0.676203-0.090265j,-0.733959+0.249596j,0.345670-0.022944j,0.231246
0.675918-0.090445j,-0.734023+0.249385j,0.345614-0.023051j,0.231797
0.675632-0.090624j,-0.734088+0.249174j,0.345558-0.023158j,0.232348
0.675346-0.090804j,-0.734153+0.248963j,0.345502-0.023264j,0.232899
0.675061-0.090983j,-0.734217+0.248752j,0.345447-0.023371j,0.233450
0.674776-0.091162j,-0.734282+0.248540j,0.345391-0.023478j,0.234001
0.674490-0.091341j,-0.734347+0.248329j,0.345335-0.023585j,0.234552
0.674205-0.091520j,-0.734411+0.248118j,0.345280-0.023692j,0.235103
0.673920-0.091699j,-0.734476+0.247906j,0.345224-0.023799j,0.235654
0.673634-0.091877j,-0.734540+0.247694j,0.345168-0.023906j,0.236205
0.673349-0.092055j,-0.734605+0.247483j,0.345112-0.024012j,0.236756
0.673064-0.092234j,-0.734669+0.247271j,0.345057-0.024119j,0.237307
0.672779-0.092412j,-0.734733+0.247059j,0.345001-0.024226j,0.237858
0.672494-0.092589j,-0.734798+0.246847j,0.344945-0.024332j,0.238409
0.672209-0.092767j,-0.734862+0.246634j,0.344889-0.024439j,0.238960
0.671924-0.092945j,-0.734926+0.246422j,0.344834-0.024546j,0.239511
0.671639-0.093122j,-0.734990+0.246210j,0.344778-0.024652j,0.240062
0.671355-0.093299j,-0.735054+0.245997j,0.344722-0.024759j,0.240613
0.671070-0.093476j,-0.735118+0.245785j,0.344667-0.024865j,0.241164
0.670785-0.093653j,-0.735182+0.245572j,0.344611-0.024972j,0.241715
0.670500-0.093830j,-0.735247+0.245359j,0.344555-0.025078j,0.242266
0.670216-0.094007j,-0.735310+0.245146j,0.344499-0.025184j,0.242817
0.669931-0.094183j,-0.735374+0.244933j,0.344444-0.025291j,0.243367
0.669647-0.094359j,-0.735438+0.244720j,0.344388-0.025397j,0.243918
0.669362-0.094536j,-0.735502+0.244507j,0.344332-0.025504j,0.244469
0.669078-0.094712j,-0.735566+0.244294j,0.344276-0.025610j,0.245020
0.668794-0.094887j,-0.735630+0.244080j,0.344221-0.025716j,0.245571
0.668509-0.095063j,-0.735694+0.243867j,0.344165-0.025822j,0.246122
0.668225-0.095239j,-0.735757+0.243653j,0.344109-0.025929j,0.246673
0.667941-0.095414j,-0.735821+0.243440j,0.344053-0.026035j,0.247223
0.667657-0.095589j,-0.735885+0.243226j,0.343998-0.026141j,0.247774
0.667373-0.095764j,-0.735948+0.243012j,0.343942-0.026247j,0.248325
0.667089-0.095939j,-0.736012+0.242798j,0.343886-0.026353j,0.248876
0.666805-0.096114j,-0.736075+0.242584j,0.343830-0.026459j,0.249427
0.666521-0.096288j,-0.736139+0.242370j,0.343775-0.026565j,0.249977
0.666237-0.096463j,-0.736202+0.242155j,0.343719-0.026671j,0.250528
0.665953-0.096637j,-0.736265+0.241941j,0.343663-0.026777j,0.251079
0.665670-0.096811j,-0.736329+0.241726j,0.343607-0.026883j,0.251630
0.665386-0.096985j,-0.736392+0.241512j,0.343552-0.026989j,0.252180
0.665102-0.097159j,-0.736455+0.241297j,0.343496-0.027095j,0.252731
0.664819-0.097332j,-0.736519+0.241082j,0.343440-0.027201j,0.253282
0.664535-0.097506j,-0.736582+0.240867j,0.343384-0.027307j,0.253832
0.664252-0.097679j,-0.736645+0.240652j,0.343329-0.027413j,0.254383
0.663968-0.097852j,-0.736708+0.240437j,0.343273-0.027518j,0.254934
0.663685-0.098025j,-0.736771+0.240222j,0.343217-0.027624j,0.255484
0.663401-0.098198j,-0.736834+0.240006j,0.343161-0.027730j,0.256035
0.663118-0.098371j,-0.736897+0.239791j,0.343106-0.027836j,0.256586
0.662835-0.098544j,-0.736960+0.239575j,0.343050-0.027941j,0.257136
0.662552-0.098716j,-0.737023+0.239360j,0.342994-0.028047j,0.257687
0.662269-0.098888j,-0.737086+0.239144j,0.342938-0.028153j,0.258238
0.661986-0.099060j,-0.737149+0.238928j,0.342883-0.028258j,0.258788
0.661703-0.099232j,-0.737211+0.238712j,0.342827-0.028364j,0.259339
0.661420-0.099404j,-0.737274+0.238496j,0.342771-0.028469j,0.259890
0.661137-0.099576j,-0.737337+0.238280j,0.342715-0.028575j,0.260440
0.660854-0.099747j,-0.737399+0.238064j,0.342659-0.028680j,0.260991
0.660571-0.099918j,-0.737462+0.237847j,0.342604-0.028786j,0.261541
0.660288-0.100089j,-0.737525+0.237631j,0.342548-0.028891j,0.262092
0.660006-0.100260j,-0.737587+0.237414j,0.342492-0.028996j,0.262642
0.659723-0.100431j,-0.737650+0.237197j,0.342436-0.029102j,0.263193
0.659440-0.100602j,-0.737712+0.236981j,0.342381-0.029207j,0.263743
0.659158-0.100773j,-0.737774+0.236764j,0.342325-0.029312j,0.264294
0.658875-0.100943j,-0.737837+0.236547j,0.342269-0.029418j,0.264844
0.658593-0.101113j,-0.737899+0.236330j,0.342213-0.029523j,0.265395
0.658311-0.101283j,-0.737961+0.236112j,0.342158-0.029628j,0.265945
0.658028-0.101453j,-0.738024+0.235895j,0.342102-0.029733j,0.266496
0.657746-0.101623j,-0.738086+0.235678j,0.342046-0.029839j,0.267046
0.657464-0.101793j,-0.738148+0.235460j,0.341990-0.029944j,0.267597
0.657182-0.101962j,-0.738210+0.235242j,0.341934-0.030049j,0.268147
0.656900-0.102131j,-0.738272+0.235025j,0.341879-0.030154j,0.268698
0.656618-0.102300j,-0.738334+0.234807j,0.341823-0.030259j,0.269248
0.656336-0.102469j,-0.738396+0.234589j,0.341767-0.030364j,0.269799
0.656054-0.102638j,-0.738458+0.234371j,0.341711-0.030469j,0.270349
0.655772-0.102807j,-0.738520+0.234153j,0.341656-0.030574j,0.270899
0.655490-0.102975j,-0.738582+0.233934j,0.341600-0.030679j,0.271450
0.655208-0.103144j,-0.738644+0.233716j,0.341544-0.030784j,0.272000
0.654926-0.103312j,-0.738705+0.233498j,0.341488-0.030889j,0.272550
0.654645-0.103480j,-0.738767+0.233279j,0.341433-0.030994j,0.273101
0.654363-0.103648j,-0.738829+0.233060j,0.341377-0.031098j,0.273651
0.654082-0.103816j,-0.738890+0.232842j,0.341321-0.031203j,0.274202
0.653800-0.103983j,-0.738952+0.232623j,0.341265-0.031308j,0.274752
0.653519-0.104151j,-0.739013+0.232404j,0.341209-0.031413j,0.275302
0.653237-0.104318j,-0.739075+0.232185j,0.341154-0.031518j,0.275852
0.652956-0.104485j,-0.739136+0.231965j,0.341098-0.031622j,0.276403
0.652675-0.104652j,-0.739198+0.231746j,0.341042-0.031727j,0.276953
0.652393-0.104819j,-0.739259+0.231527j,0.340986-0.031832j,0.277503
0.652112-0.104986j,-0.739321+0.231307j,0.340931-0.031936j,0.278054
0.651831-0.105152j,-0.739382+0.231087j,0.340875-0.032041j,0.278604
0.651550-0.105319j,-0.739443+0.230868j,0.340819-0.032145j,0.279154
0.651269-0.105485j,-0.739504+0.230648j,0.340763-0.032250j,0.279704
0.650988-0.105651j,-0.739566+0.230428j,0.340708-0.032354j,0.280254
0.650707-0.105817j,-0.739627+0.230208j,0.340652-0.032459j,0.280805
0.650426-0.105983j,-0.739688+0.229988j,0.340596-0.032563j,0.281355
0.650145-0.106149j,-0.739749+0.229767j,0.340540-0.032668j,0.281905
0.649865-0.106314j,-0.739810+0.229547j,0.340484-0.032772j,0.282455
0.649584-0.106479j,-0.739871+0.229327j,0.340429-0.032877j,0.283005
0.649303-0.106645j,-0.739932+0.229106j,0.340373-0.032981j,0.283556
0.649023-0.106810j,-0.739992+0.228885j,0.340317-0.033085j,0.284106
0.648742-0.106974j,-0.740053+0.228664j,0.340261-0.033190j,0.284656
0.648462-0.107139j,-0.740114+0.228444j,0.340206-0.033294j,0.285206
0.648181-0.107304j,-0.740175+0.228223j,0.340150-0.033398j,0.285756
0.647901-0.107468j,-0.740236+0.228001j,0.340094-0.033502j,0.286306
0.647621-0.107632j,-0.740296+0.227780j,0.340038-0.033607j,0.286856
0.647340-0.107797j,-0.740357+0.227559j,0.339983-0.033711j,0.287406
0.647060-0.107960j,-0.740417+0.227337j,0.339927-0.033815j,0.287956
0.646780-0.108124j,-0.740478+0.227116j,0.339871-0.033919j,0.288506
0.646500-0.108288j,-0.740538+0.226894j,0.339815-0.034023j,0.289056
0.646220-0.108451j,-0.740599+0.226672j,0.339760-0.034127j,0.289606
0.645940-0.108615j,-0.740659+0.226451j,0.339704-0.034231j,0.290156
0.645660-0.108778j,-0.740719+0.226229j,0.339648-0.034335j,0.290706
0.645380-0.108941j,-0.740780+0.226007j,0.339592-0.034439j,0.291256
0.645100-0.109104j,-0.740840+0.225784j,0.339536-0.034543j,0.291806
0.644820-0.109267j,-0.740900+0.225562j,0.339481-0.034647j,0.292356
0.644541-0.109429j,-0.740960+0.225340j,0.339425-0.034751j,0.292906
0.644261-0.109592j,-0.741020+0.225117j,0.339369-0.034855j,0.293456
0.643981-0.109754j,-0.741080+0.224895j,0.339313-0.034959j,0.294006
0.643702-0.109916j,-0.741141+0.224672j,0.339258-0.035062j,0.294556
0.643422-0.110078j,-0.741200+0.224449j,0.339202-0.035166j,0.295106
0.643143-0.110240j,-0.741260+0.224226j,0.339146-0.035270j,0.295656
0.642864-0.110402j,-0.741320+0.224003j,0.339090-0.035374j,0.296206
0.642584-0.110563j,-0.741380+0.223780j,0.339035-0.035478j,0.296756
0.642305-0.110725j,-0.741440+0.223557j,0.338979-0.035581j,0.297306
0.642026-0.110886j,-0.741500+0.223333j,0.338923-0.035685j,0.297855
0.641747-0.111047j,-0.741559+0.223110j,0.338867-0.035789j,0.298405
0.641468-0.111208j,-0.741619+0.222886j,0.338812-0.035892j,0.298955
0.641188-0.111369j,-0.741679+0.222662j,0.338756-0.035996j,0.299505
0.640909-0.111530j,-0.741738+0.222439j,0.338700-0.036099j,0.300055
0.640631-0.111690j,-0.741798+0.222215j,0.338644-0.036203j,0.300604
0.640352-0.111851j,-0.741857+0.221991j,0.338589-0.036306j,0.301154
0.640073-0.112011j,-0.741917+0.221767j,0.338533-0.036410j,0.301704
0.639794-0.112171j,-0.741976+0.221542j,0.338477-0.036513j,0.302254
0.639515-0.112331j,-0.742035+0.221318j,0.338421-0.036617j,0.302803
0.639237-0.112490j,-0.742095+0.221093j,0.338366-0.036720j,0.303353
0.638958-0.112650j,-0.742154+0.220869j,0.338310-0.036824j,0.303903
0.638679-0.112810j,-0.742213+0.220644j,0.338254-0.036927j,0.304453
0.638401-0.112969j,-0.742272+0.220419j,0.338199-0.037030j,0.305002
0.638123-0.113128j,-0.742332+0.220195j,0.338143-0.037134j,0.305552
0.637844-0.113287j,-0.742391+0.219970j,0.338087-0.037237j,0.306102
0.637566-0.113446j,-0.742450+0.219744j,0.338031-0.037340j,0.306651
0.637288-0.113605j,-0.742509+0.219519j,0.337976-0.037443j,0.307201
0.637009-0.113763j,-0.742568+0.219294j,0.337920-0.037547j,0.307751
0.636731-0.113922j,-0.742626+0.219068j,0.337864-0.037650j,0.308300
0.636453-0.114080j,-0.742685+0.218843j,0.337808-0.037753j,0.308850
0.636175-0.114238j,-0.742744+0.218617j,0.337753-0.037856j,0.309399
0.635897-0.114396j,-0.742803+0.218391j,0.337697-0.037959j,0.309949
0.635619-0.114554j,-0.742861+0.218166j,0.337641-0.038062j,0.310499
0.635341-0.114712j,-0.742920+0.217940j,0.337586-0.038165j,0.311048
0.635063-0.114869j,-0.742979+0.217714j,0.337530-0.038268j,0.311598
0.634786-0.115027j,-0.743037+0.217487j,0.337474-0.038371j,0.312147
0.634508-0.115184j,-0.743096+0.217261j,0.337418-0.038474j,0.312697
0.634230-0.115341j,-0.743154+0.217035j,0.337363-0.038577j,0.313246
0.633953-0.115498j,-0.743213+0.216808j,0.337307-0.038680j,0.313796
0.633675-0.115655j,-0.743271+0.216581j,0.337251-0.038783j,0.314345
0.633397-0.115811j,-0.743329+0.216355j,0.337195-0.038886j,0.314895
0.633120-0.115968j,-0.743388+0.216128j,0.337140-0.038989j,0.315444
0.632843-0.116124j,-0.743446+0.215901j,0.337084-0.039092j,0.315993
0.632565-0.116280j,-0.743504+0.215674j,0.337028-0.039195j,0.316543
0.632288-0.116436j,-0.743562+0.215447j,0.336973-0.039297j,0.317092
0.632011-0.116592j,-0.743620+0.215219j,0.336917-0.039400j,0.317642
0.631734-0.116748j,-0.743678+0.214992j,0.336861-0.039503j,0.318191
0.631457-0.116904j,-0.743736+0.214764j,0.336806-0.039606j,0.318740
0.631179-0.117059j,-0.743794+0.214537j,0.336750-0.039708j,0.319290
0.630902-0.117215j,-0.743852+0.214309j,0.336694-0.039811j,0.319839
0.630626-0.117370j,-0.743910+0.214081j,0.336638-0.039914j,0.320389
0.630349-0.117525j,-0.743968+0.213853j,0.336583-0.040016j,0.320938
0.630072-0.117680j,-0.744026+0.213625j,0.336527-0.040119j,0.321487
0.629795-0.117834j,-0.744083+0.213397j,0.336471-0.040221j,0.322036
0.629518-0.117989j,-0.744141+0.213169j,0.336416-0.040324j,0.322586
0.629242-0.118143j,-0.744199+0.212940j,0.336360-0.040426j,0.323135
0.628965-0.118298j,-0.744256+0.212712j,0.336304-0.040529j,0.323684
0.628689-0.118452j,-0.744314+0.212483j,0.336249-0.040631j,0.324234
0.628412-0.118606j,-0.744371+0.212254j,0.336193-0.040734j,0.324783
0.628136-0.118760j,-0.744429+0.212025j,0.336137-0.040836j,0.325332
0.627859-0.118913j,-0.744486+0.211796j,0.336082-0.040939j,0.325881
0.627583-0.119067j,-0.744543+0.211567j,0.336026-0.041041j,0.326430
0.627307-0.119220j,-0.744601+0.211338j,0.335970-0.041143j,0.326980
0.627030-0.119374j,-0.744658+0.211109j,0.335915-0.041246j,0.327529
0.626754-0.119527j,-0.744715+0.210879j,0.335859-0.041348j,0.328078
0.626478-0.119680j,-0.744772+0.210650j,0.335803-0.041450j,0.328627
0.626202-0.119833j,-0.744829+0.210420j,0.335748-0.041553j,0.329176
0.625926-0.119985j,-0.744886+0.210190j,0.335692-0.041655j,0.329725
0.625650-0.120138j,-0.744943+0.209961j,0.335636-0.041757j,0.330274
0.625374-0.120290j,-0.745000+0.209731j,0.335581-0.041859j,0.330823
0.625099-0.120443j,-0.745057+0.209501j,0.335525-0.041961j,0.331372
0.624823-0.120595j,-0.745114+0.209270j,0.335469-0.042063j,0.331921
0.624547-0.120747j,-0.745171+0.209040j,0.335414-0.042166j,0.332471
0.624271-0.120899j,-0.745228+0.208810j,0.335358-0.042268j,0.333020
0.623996-0.121050j,-0.745284+0.208579j,0.335302-0.042370j,0.333569
0.623720-0.121202j,-0.745341+0.208348j,0.335247-0.042472j,0.334118
0.623445-0.121353j,-0.745398+0.208118j,0.335191-0.042574j,0.334667
0.623169-0.121504j,-0.745454+0.207887j,0.335135-0.042676j,0.335216
0.622894-0.121656j,-0.745511+0.207656j,0.335080-0.042778j,0.335764
0.622619-0.121806j,-0.745567+0.207425j,0.335024-0.042880j,0.336313
0.622344-0.121957j,-0.745624+0.207193j,0.334968-0.042982j,0.336862
0.622068-0.122108j,-0.745680+0.206962j,0.334913-0.043084j,0.337411
0.621793-0.122258j,-0.745736+0.206731j,0.334857-0.043185j,0.337960
0.621518-0.122409j,-0.745792+0.206499j,0.334801-0.043287j,0.338509
0.621243-0.122559j,-0.745849+0.206267j,0.334746-0.043389j,0.339058
0.620968-0.122709j,-0.745905+0.206036j,0.334690-0.043491j,0.339607
0.620693-0.122859j,-0.745961+0.205804j,0.334635-0.043593j,0.340156
0.620418-0.123009j,-0.746017+0.205572j,0.334579-0.043694j,0.340704
0.620144-0.123159j,-0.746073+0.205340j,0.334523-0.043796j,0.341253
0.619869-0.123308j,-0.746129+0.205107j,0.334468-0.043898j,0.341802
0.619594-0.123457j,-0.746185+0.204875j,0.334412-0.044000j,0.342351
0.619320-0.123607j,-0.746241+0.204643j,0.334357-0.044101j,0.342900
0.619045-0.123756j,-0.746297+0.204410j,0.334301-0.044203j,0.343448
0.618771-0.123905j,-0.746352+0.204177j,0.334245-0.044305j,0.343997
0.618496-0.124054j,-0.746408+0.203945j,0.334190-0.044406j,0.344546
0.618222-0.124202j,-0.746464+0.203712j,0.334134-0.044508j,0.345095
0.617947-0.124351j,-0.746519+0.203479j,0.334078-0.044609j,0.345643
0.617673-0.124499j,-0.746575+0.203245j,0.334023-0.044711j,0.346192
0.617399-0.124647j,-0.746630+0.203012j,0.333967-0.044812j,0.346741
0.617125-0.124795j,-0.746686+0.202779j,0.333912-0.044914j,0.347289
0.616851-0.124943j,-0.746741+0.202545j,0.333856-0.045015j,0.347838
0.616577-0.125091j,-0.746797+0.202312j,0.333801-0.045117j,0.348386
0.616303-0.125239j,-0.746852+0.202078j,0.333745-0.045218j,0.348935
0.616029-0.125386j,-0.746907+0.201844j,0.333689-0.045319j,0.349484
0.615755-0.125534j,-0.746962+0.201610j,0.333634-0.045421j,0.350032
0.615481-0.125681j,-0.747017+0.201376j,0.333578-0.045522j,0.350581
0.615207-0.125828j,-0.747073+0.201142j,0.333523-0.045624j,0.351129
0.614934-0.125975j,-0.747128+0.200908j,0.333467-0.045725j,0.351678
0.614660-0.126122j,-0.747183+0.200673j,0.333411-0.045826j,0.352226
0.614386-0.126268j,-0.747238+0.200439j,0.333356-0.045927j,0.352775
0.614113-0.126415j,-0.747293+0.200204j,0.333300-0.046029j,0.353323
0.613839-0.126561j,-0.747347+0.199969j,0.333245-0.046130j,0.353872
0.613566-0.126707j,-0.747402+0.199735j,0.333189-0.046231j,0.354420
0.613293-0.126854j,-0.747457+0.199500j,0.333134-0.046332j,0.354969
0.613019-0.126999j,-0.747512+0.199264j,0.333078-0.046433j,0.355517
0.612746-0.127145j,-0.747566+0.199029j,0.333023-0.046535j,0.356066
0.612473-0.127291j,-0.747621+0.198794j,0.332967-0.046636j,0.356614
0.612200-0.127436j,-0.747675+0.198558j,0.332912-0.046737j,0.357162
0.611927-0.127582j,-0.747730+0.198323j,0.332856-0.046838j,0.357711
0.611654-0.127727j,-0.747784+0.198087j,0.332800-0.046939j,0.358259
0.611381-0.127872j,-0.747839+0.197851j,0.332745-0.047040j,0.358807
0.611108-0.128017j,-0.747893+0.197616j,0.332689-0.047141j,0.359356
0.610835-0.128162j,-0.747947+0.197380j,0.332634-0.047242j,0.359904
0.610562-0.128307j,-0.748002+0.197143j,0.332578-0.047343j,0.360452
0.610289-0.128451j,-0.748056+0.196907j,0.332523-0.047444j,0.361001
0.610017-0.128595j,-0.748110+0.196671j,0.332467-0.047545j,0.361549
0.609744-0.128740j,-0.748164+0.196434j,0.332412-0.047645j,0.362097
0.609472-0.128884j,-0.748218+0.196198j,0.332356-0.047746j,0.362645
0.609199-0.129028j,-0.748272+0.195961j,0.332301-0.047847j,0.363194
0.608927-0.129172j,-0.748326+0.195724j,0.332245-0.047948j,0.363742
0.608654-0.129315j,-0.748380+0.195487j,0.332190-0.048049j,0.364290
0.608382-0.129459j,-0.748433+0.195250j,0.332134-0.048150j,0.364838
0.608110-0.129602j,-0.748487+0.195013j,0.332079-0.048250j,0.365386
0.607838-0.129745j,-0.748541+0.194776j,0.332023-0.048351j,0.365934
0.607565-0.129889j,-0.748595+0.194538j,0.331968-0.048452j,0.366483
0.607293-0.130032j,-0.748648+0.194301j,0.331912-0.048553j,0.367031
0.607021-0.130174j,-0.748702+0.194063j,0.331857-0.048653j,0.367579
0.606749-0.130317j,-0.748755+0.193825j,0.331801-0.048754j,0.368127
0.606477-0.130460j,-0.748809+0.193587j,0.331746-0.048854j,0.368675
0.606206-0.130602j,-0.748862+0.193349j,0.331690-0.048955j,0.369223
0.605934-0.130744j,-0.748915+0.193111j,0.331635-0.049056j,0.369771
0.605662-0.130886j,-0.748969+0.192873j,0.331579-0.049156j,0.370319
0.605390-0.131028j,-0.749022+0.192635j,0.331524-0.049257j,0.370867
0.605119-0.131170j,-0.749075+0.192396j,0.331469-0.049357j,0.371415
0.604847-0.131312j,-0.749128+0.192157j,0.331413-0.049458j,0.371963
0.604576-0.131454j,-0.749181+0.191919j,0.331358-0.049558j,0.372511
0.604304-0.131595j,-0.749234+0.191680j,0.331302-0.049659j,0.373059
0.604033-0.131736j,-0.749287+0.191441j,0.331247-0.049759j,0.373607
0.603762-0.131878j,-0.749340+0.191202j,0.331191-0.049860j,0.374155
0.603490-0.132019j,-0.749393+0.190963j,0.331136-0.049960j,0.374703
0.603219-0.132159j,-0.749446+0.190723j,0.331080-0.050060j,0.375250
0.602948-0.132300j,-0.749499+0.190484j,0.331025-0.050161j,0.375798
0.602677-0.132441j,-0.749551+0.190244j,0.330970-0.050261j,0.376346
0.602406-0.132581j,-0.749604+0.190005j,0.330914-0.050361j,0.376894
0.602135-0.132722j,-0.749656+0.189765j,0.330859-0.050462j,0.377442
0.601864-0.132862j,-0.749709+0.189525j,0.330803-0.050562j,0.377989
0.601593-0.133002j,-0.749762+0.189285j,0.330748-0.050662j,0.378537
0.601322-0.133142j,-0.749814+0.189045j,0.330692-0.050762j,0.379085
0.601052-0.133281j,-0.749866+0.188805j,0.330637-0.050863j,0.379633
0.600781-0.133421j,-0.749919+0.188564j,0.330582-0.050963j,0.380180
0.600510-0.133561j,-0.749971+0.188324j,0.330526-0.051063j,0.380728
0.600240-0.133700j,-0.750023+0.188083j,0.330471-0.051163j,0.381276
0.599969-0.133839j,-0.750075+0.187842j,0.330416-0.051263j,0.381823
0.599699-0.133978j,-0.750127+0.187602j,0.330360-0.051363j,0.382371
0.599428-0.134117j,-0.750179+0.187361j,0.330305-0.051464j,0.382919
0.599158-0.134256j,-0.750231+0.187120j,0.330249-0.051564j,0.383466
0.598888-0.134395j,-0.750283+0.186878j,0.330194-0.051664j,0.384014
0.598618-0.134533j,-0.750335+0.186637j,0.330139-0.051764j,0.384562
0.598347-0.134671j,-0.750387+0.186396j,0.330083-0.051864j,0.385109
0.598077-0.134810j,-0.750439+0.186154j,0.330028-0.051964j,0.385657
0.597807-0.134948j,-0.750490+0.185912j,0.329973-0.052064j,0.386204
0.597537-0.135086j,-0.750542+0.185671j,0.329917-0.052164j,0.386752
0.597267-0.135224j,-0.750594+0.185429j,0.329862-0.052264j,0.387299
0.596998-0.135361j,-0.750645+0.185187j,0.329806-0.052363j,0.387847
0.596728-0.135499j,-0.750697+0.184944j,0.329751-0.052463j,0.388394
0.596458-0.135636j,-0.750748+0.184702j,0.329696-0.052563j,0.388942
0.596188-0.135773j,-0.750800+0.184460j,0.329640-0.052663j,0.389489
0.595919-0.135911j,-0.750851+0.184217j,0.329585-0.052763j,0.390036
0.595649-0.136048j,-0.750902+0.183974j,0.329530-0.052863j,0.390584
0.595380-0.136184j,-0.750953+0.183732j,0.329474-0.052963j,0.391131
0.595110-0.136321j,-0.751005+0.183489j,0.329419-0.053062j,0.391679
0.594841-0.136458j,-0.751056+0.183246j,0.329364-0.053162j,0.392226
0.594572-0.136594j,-0.751107+0.183003j,0.329309-0.053262j,0.392773
0.594302-0.136731j,-0.751158+0.182759j,0.329253-0.053362j,0.393321
0.594033-0.136867j,-0.751209+0.182516j,0.329198-0.053461j,0.393868
0.593764-0.137003j,-0.751259+0.182273j,0.329143-0.053561j,0.394415
0.593495-0.137139j,-0.751310+0.182029j,0.329087-0.053661j,0.394962
0.593226-0.137274j,-0.751361+0.181785j,0.329032-0.053760j,0.395510
0.592957-0.137410j,-0.751412+0.181541j,0.328977-0.053860j,0.396057
0.592688-0.137546j,-0.751462+0.181297j,0.328921-0.053959j,0.396604
0.592419-0.137681j,-0.751513+0.181053j,0.328866-0.054059j,0.397151
0.592150-0.137816j,-0.751564+0.180809j,0.328811-0.054159j,0.397698
0.591882-0.137951j,-0.751614+0.180565j,0.328756-0.054258j,0.398246
0.591613-0.138086j,-0.751664+0.180320j,0.328700-0.054358j,0.398793
0.591344-0.138221j,-0.751715+0.180076j,0.328645-0.054457j,0.399340
0.591076-0.138356j,-0.751765+0.179831j,0.328590-0.054557j,0.399887
0.590807-0.138490j,-0.751815+0.179586j,0.328535-0.054656j,0.400434
0.590539-0.138625j,-0.751866+0.179341j,0.328479-0.054756j,0.400981
0.590270-0.138759j,-0.751916+0.179096j,0.328424-0.054855j,0.401528
0.590002-0.138893j,-0.751966+0.178851j,0.328369-0.054954j,0.402075
0.589734-0.139027j,-0.752016+0.178605j,0.328314-0.055054j,0.402622
0.589466-0.139161j,-0.752066+0.178360j,0.328258-0.055153j,0.403169
0.589198-0.139295j,-0.752116+0.178114j,0.328203-0.055252j,0.403716
0.588929-0.139428j,-0.752166+0.177869j,0.328148-0.055352j,0.404263
0.588661-0.139562j,-0.752215+0.177623j,0.328093-0.055451j,0.404810
0.588394-0.139695j,-0.752265+0.177377j,0.328038-0.055550j,0.405357
0.588126-0.139828j,-0.752315+0.177131j,0.327982-0.055650j,0.405904
0.587858-0.139961j,-0.752364+0.176885j,0.327927-0.055749j,0.406451
0.587590-0.140094j,-0.752414+0.176638j,0.327872-0.055848j,0.406998
0.587322-0.140227j,-0.752464+0.176392j,0.327817-0.055947j,0.407545
0.587055-0.140359j,-0.752513+0.176145j,0.327762-0.056047j,0.408091
0.586787-0.140492j,-0.752562+0.175899j,0.327706-0.056146j,0.408638
0.586519-0.140624j,-0.752612+0.175652j,0.327651-0.056245j,0.409185
0.586252-0.140757j,-0.752661+0.175405j,0.327596-0.056344j,0.409732
0.585985-0.140889j,-0.752710+0.175158j,0.327541-0.056443j,0.410279
0.585717-0.141021j,-0.752759+0.174911j,0.327486-0.056542j,0.410825
0.585450-0.141152j,-0.752808+0.174663j,0.327431-0.056641j,0.411372
0.585183-0.141284j,-0.752858+0.174416j,0.327375-0.056741j,0.411919
0.584916-0.141416j,-0.752907+0.174169j,0.327320-0.056840j,0.412465
0.584648-0.141547j,-0.752955+0.173921j,0.327265-0.056939j,0.413012
0.584381-0.141678j,-0.753004+0.173673j,0.327210-0.057038j,0.413559
0.584114-0.141810j,-0.753053+0.173425j,0.327155-0.057137j,0.414105
0.583847-0.141941j,-0.753102+0.173177j,0.327100-0.057236j,0.414652
0.583581-0.142071j,-0.753151+0.172929j,0.327045-0.057335j,0.415199
0.583314-0.142202j,-0.753199+0.172681j,0.326989-0.057434j,0.415745
0.583047-0.142333j,-0.753248+0.172432j,0.326934-0.057532j,0.416292
0.582780-0.142463j,-0.753296+0.172184j,0.326879-0.057631j,0.416838
0.582514-0.142594j,-0.753345+0.171935j,0.326824-0.057730j,0.417385
0.582247-0.142724j,-0.753393+0.171686j,0.326769-0.057829j,0.417931
0.581980-0.142854j,-0.753441+0.171437j,0.326714-0.057928j,0.418478
0.581714-0.142984j,-0.753490+0.171188j,0.326659-0.058027j,0.419024
0.581448-0.143114j,-0.753538+0.170939j,0.326604-0.058126j,0.419571
0.581181-0.143243j,-0.753586+0.170690j,0.326549-0.058224j,0.420117
0.580915-0.143373j,-0.753634+0.170440j,0.326494-0.058323j,0.420664
0.580649-0.143502j,-0.753682+0.170191j,0.326439-0.058422j,0.421210
0.580383-0.143632j,-0.753730+0.169941j,0.326383-0.058521j,0.421756
0.580117-0.143761j,-0.753778+0.169691j,0.326328-0.058620j,0.422303
0.579851-0.143890j,-0.753826+0.169441j,0.326273-0.058718j,0.422849
0.579585-0.144019j,-0.753874+0.169191j,0.326218-0.058817j,0.423395
0.579319-0.144147j,-0.753922+0.168941j,0.326163-0.058916j,0.423942
0.579053-0.144276j,-0.753969+0.168691j,0.326108-0.059014j,0.424488
0.578787-0.144404j,-0.754017+0.168440j,0.326053-0.059113j,0.425034
0.578521-0.144533j,-0.754064+0.168190j,0.325998-0.059212j,0.425580
0.578256-0.144661j,-0.754112+0.167939j,0.325943-0.059310j,0.426127
0.577990-0.144789j,-0.754159+0.167688j,0.325888-0.059409j,0.426673
0.577724-0.144917j,-0.754207+0.167437j,0.325833-0.059507j,0.427219
0.577459-0.145045j,-0.754254+0.167186j,0.325778-0.059606j,0.427765
0.577193-0.145173j,-0.754301+0.166935j,0.325723-0.059705j,0.428311
0.576928-0.145300j,-0.754349+0.166684j,0.325668-0.059803j,0.428857
0.576663-0.145428j,-0.754396+0.166432j,0.325613-0.059902j,0.429403
0.576398-0.145555j,-0.754443+0.166181j,0.325558-0.060000j,0.429950
0.576132-0.145682j,-0.754490+0.165929j,0.325503-0.060099j,0.430496
0.575867-0.145809j,-0.754537+0.165677j,0.325448-0.060197j,0.431042
0.575602-0.145936j,-0.754584+0.165425j,0.325393-0.060295j,0.431588
0.575337-0.146063j,-0.754630+0.165173j,0.325338-0.060394j,0.432134
0.575072-0.146189j,-0.754677+0.164921j,0.325283-0.060492j,0.432680
0.574807-0.146316j,-0.754724+0.164669j,0.325228-0.060591j,0.433226
0.574542-0.146442j,-0.754771+0.164416j,0.325173-0.060689j,0.433772
0.574278-0.146568j,-0.754817+0.164164j,0.325118-0.060787j,0.434318
0.574013-0.146694j,-0.754864+0.163911j,0.325063-0.060886j,0.434863
0.573748-0.146820j,-0.754910+0.163658j,0.325008-0.060984j,0.435409
0.573484-0.146946j,-0.754957+0.163405j,0.324954-0.061082j,0.435955
0.573219-0.147072j,-0.755003+0.163152j,0.324899-0.061181j,0.436501
0.572955-0.147197j,-0.755049+0.162899j,0.324844-0.061279j,0.437047
0.572690-0.147323j,-0.755095+0.162645j,0.324789-0.061377j,0.437593
0.572426-0.147448j,-0.755141+0.162392j,0.324734-0.061476j,0.438138
0.572162-0.147573j,-0.755188+0.162138j,0.324679-0.061574j,0.438684
0.571897-0.147698j,-0.755234+0.161885j,0.324624-0.061672j,0.439230
0.571633-0.147823j,-0.755280+0.161631j,0.324569-0.061770j,0.439776
0.571369-0.147948j,-0.755325+0.161377j,0.324514-0.061868j,0.440321
0.571105-0.148073j,-0.755371+0.161123j,0.324459-0.061967j,0.440867
0.570841-0.148197j,-0.755417+0.160868j,0.324405-0.062065j,0.441413
0.570577-0.148322j,-0.755463+0.160614j,0.324350-0.062163j,0.441958
0.570313-0.148446j,-0.755508+0.160359j,0.324295-0.062261j,0.442504
0.570050-0.148570j,-0.755554+0.160105j,0.324240-0.062359j,0.443050
0.569786-0.148694j,-0.755600+0.159850j,0.324185-0.062457j,0.443595
0.569522-0.148818j,-0.755645+0.159595j,0.324130-0.062555j,0.444141
0.569259-0.148942j,-0.755690+0.159340j,0.324075-0.062653j,0.444686
0.568995-0.149065j,-0.755736+0.159085j,0.324021-0.062751j,0.445232
0.568732-0.149189j,-0.755781+0.158830j,0.323966-0.062849j,0.445777
0.568468-0.149312j,-0.755826+0.158574j,0.323911-0.062947j,0.446323
0.568205-0.149435j,-0.755871+0.158319j,0.323856-0.063045j,0.446868
0.567941-0.149558j,-0.755917+0.158063j,0.323801-0.063143j,0.447414
0.567678-0.149681j,-0.755962+0.157807j,0.323747-0.063241j,0.447959
0.567415-0.149804j,-0.756007+0.157551j,0.323692-0.063339j,0.448505
0.567152-0.149927j,-0.756051+0.157295j,0.323637-0.063437j,0.449050
0.566889-0.150049j,-0.756096+0.157039j,0.323582-0.063535j,0.449595
0.566626-0.150172j,-0.756141+0.156782j,0.323527-0.063633j,0.450141
0.566363-0.150294j,-0.756186+0.156526j,0.323473-0.063731j,0.450686
0.566100-0.150416j,-0.756230+0.156269j,0.323418-0.063829j,0.451231
0.565837-0.150538j,-0.756275+0.156013j,0.323363-0.063927j,0.451777
0.565574-0.150660j,-0.756319+0.155756j,0.323308-0.064025j,0.452322
0.565312-0.150782j,-0.756364+0.155499j,0.323254-0.064122j,0.452867
0.565049-0.150904j,-0.756408+0.155242j,0.323199-0.064220j,0.453412
0.564787-0.151025j,-0.756453+0.154984j,0.323144-0.064318j,0.453958
0.564524-0.151147j,-0.756497+0.154727j,0.323089-0.064416j,0.454503
0.564262-0.151268j,-0.756541+0.154469j,0.323035-0.064514j,0.455048
0.563999-0.151389j,-0.756585+0.154212j,0.322980-0.064611j,0.455593
0.563737-0.151510j,-0.756629+0.153954j,0.322925-0.064709j,0.456138
0.563475-0.151631j,-0.756673+0.153696j,0.322871-0.064807j,0.456683
0.563212-0.151752j,-0.756717+0.153438j,0.322816-0.064904j,0.457228
0.562950-0.151872j,-0.756761+0.153180j,0.322761-0.065002j,0.457773
0.562688-0.151993j,-0.756805+0.152921j,0.322706-0.065100j,0.458318
0.562426-0.152113j,-0.756849+0.152663j,0.322652-0.065197j,0.458863
0.562164-0.152233j,-0.756892+0.152404j,0.322597-0.065295j,0.459408
0.561902-0.152354j,-0.756936+0.152146j,0.322542-0.065393j,0.459953
0.561640-0.152474j,-0.756979+0.151887j,0.322488-0.065490j,0.460498
0.561379-0.152593j,-0.757023+0.151628j,0.322433-0.065588j,0.461043
0.561117-0.152713j,-0.757066+0.151369j,0.322378-0.065686j,0.461588
0.560855-0.152833j,-0.757110+0.151110j,0.322324-0.065783j,0.462133
0.560594-0.152952j,-0.757153+0.150850j,0.322269-0.065881j,0.462678
0.560332-0.153072j,-0.757196+0.150591j,0.322215-0.065978j,0.463223
0.560071-0.153191j,-0.757239+0.150331j,0.322160-0.066076j,0.463768
0.559809-0.153310j,-0.757282+0.150071j,0.322105-0.066173j,0.464312
0.559548-0.153429j,-0.757325+0.149811j,0.322051-0.066271j,0.464857
0.559287-0.153548j,-0.757368+0.149551j,0.321996-0.066368j,0.465402
0.559026-0.153666j,-0.757411+0.149291j,0.321941-0.066466j,0.465947
0.558764-0.153785j,-0.757454+0.149031j,0.321887-0.066563j,0.466491
0.558503-0.153903j,-0.757497+0.148770j,0.321832-0.066661j,0.467036
0.558242-0.154022j,-0.757539+0.148510j,0.321778-0.066758j,0.467581
0.557981-0.154140j,-0.757582+0.148249j,0.321723-0.066856j,0.468125
0.557720-0.154258j,-0.757625+0.147988j,0.321669-0.066953j,0.468670
0.557460-0.154376j,-0.757667+0.147727j,0.321614-0.067050j,0.469215
0.557199-0.154494j,-0.757710+0.147466j,0.321559-0.067148j,0.469759
0.556938-0.154611j,-0.757752+0.147205j,0.321505-0.067245j,0.470304
0.556677-0.154729j,-0.757794+0.146943j,0.321450-0.067343j,0.470848
0.556417-0.154846j,-0.757836+0.146682j,0.321396-0.067440j,0.471393
0.556156-0.154964j,-0.757879+0.146420j,0.321341-0.067537j,0.471937
0.555896-0.155081j,-0.757921+0.146158j,0.321287-0.067635j,0.472482
0.555635-0.155198j,-0.757963+0.145896j,0.321232-0.067732j,0.473026
0.555375-0.155315j,-0.758005+0.145634j,0.321178-0.067829j,0.473571
0.555115-0.155431j,-0.758047+0.145372j,0.321123-0.067926j,0.474115
0.554854-0.155548j,-0.758088+0.145110j,0.321069-0.068024j,0.474660
0.554594-0.155665j,-0.758130+0.144847j,0.321014-0.068121j,0.475204
0.554334-0.155781j,-0.758172+0.144585j,0.320960-0.068218j,0.475748
0.554074-0.155897j,-0.758213+0.144322j,0.320905-0.068315j,0.476293
0.553814-0.156013j,-0.758255+0.144059j,0.320851-0.068413j,0.476837
0.553554-0.156130j,-0.758296+0.143796j,0.320796-0.068510j,0.477381
0.553294-0.156245j,-0.758338+0.143533j,0.320742-0.068607j,0.477925
0.553035-0.156361j,-0.758379+0.143270j,0.320687-0.068704j,0.478470
0.552775-0.156477j,-0.758420+0.143006j,0.320633-0.068801j,0.479014
0.552515-0.156592j,-0.758462+0.142743j,0.320579-0.068898j,0.479558
0.552256-0.156708j,-0.758503+0.142479j,0.320524-0.068996j,0.480102
0.551996-0.156823j,-0.758544+0.142215j,0.320470-0.069093j,0.480646
0.551737-0.156938j,-0.758585+0.141951j,0.320415-0.069190j,0.481190
0.551477-0.157053j,-0.758626+0.141687j,0.320361-0.069287j,0.481735
0.551218-0.157168j,-0.758667+0.141423j,0.320306-0.069384j,0.482279
0.550958-0.157283j,-0.758707+0.141158j,0.320252-0.069481j,0.482823
0.550699-0.157397j,-0.758748+0.140894j,0.320198-0.069578j,0.483367
0.550440-0.157512j,-0.758789+0.140629j,0.320143-0.069675j,0.483911
0.550181-0.157626j,-0.758829+0.140364j,0.320089-0.069772j,0.484455
0.549922-0.157741j,-0.758870+0.140099j,0.320035-0.069869j,0.484999
0.549663-0.157855j,-0.758910+0.139834j,0.319980-0.069966j,0.485543
0.549404-0.157969j,-0.758951+0.139569j,0.319926-0.070063j,0.486087
0.549145-0.158083j,-0.758991+0.139304j,0.319872-0.070160j,0.486630
0.548886-0.158196j,-0.759031+0.139038j,0.319817-0.070257j,0.487174
0.548628-0.158310j,-0.759071+0.138773j,0.319763-0.070354j,0.487718
0.548369-0.158424j,-0.759112+0.138507j,0.319709-0.070451j,0.488262
0.548110-0.158537j,-0.759152+0.138241j,0.319654-0.070548j,0.488806
0.547852-0.158650j,-0.759192+0.137975j,0.319600-0.070645j,0.489350
0.547593-0.158763j,-0.759231+0.137709j,0.319546-0.070742j,0.489893
0.547335-0.158876j,-0.759271+0.137442j,0.319491-0.070839j,0.490437
0.547076-0.158989j,-0.759311+0.137176j,0.319437-0.070936j,0.490981
0.546818-0.159102j,-0.759351+0.136909j,0.319383-0.071032j,0.491524
0.546560-0.159215j,-0.759390+0.136643j,0.319328-0.071129j,0.492068
0.546302-0.159327j,-0.759430+0.136376j,0.319274-0.071226j,0.492612
0.546044-0.159440j,-0.759469+0.136109j,0.319220-0.071323j,0.493155
0.545786-0.159552j,-0.759509+0.135842j,0.319166-0.071420j,0.493699
0.545528-0.159664j,-0.759548+0.135574j,0.319111-0.071517j,0.494243
0.545270-0.159776j,-0.759587+0.135307j,0.319057-0.071613j,0.494786
0.545012-0.159888j,-0.759627+0.135039j,0.319003-0.071710j,0.495330
0.544754-0.160000j,-0.759666+0.134771j,0.318949-0.071807j,0.495873
0.544496-0.160111j,-0.759705+0.134504j,0.318895-0.071904j,0.496417
0.544239-0.160223j,-0.759744+0.134236j,0.318840-0.072000j,0.496960
0.543981-0.160334j,-0.759783+0.133967j,0.318786-0.072097j,0.497504
0.543723-0.160446j,-0.759821+0.133699j,0.318732-0.072194j,0.498047
0.543466-0.160557j,-0.759860+0.133431j,0.318678-0.072291j,0.498590
0.543209-0.160668j,-0.759899+0.133162j,0.318624-0.072387j,0.499134
0.542951-0.160779j,-0.759937+0.132893j,0.318569-0.072484j,0.499677
0.542694-0.160889j,-0.759976+0.132625j,0.318515-0.072581j,0.500220
0.542437-0.161000j,-0.760015+0.132356j,0.318461-0.072677j,0.500764
0.542179-0.161111j,-0.760053+0.132087j,0.318407-0.072774j,0.501307
0.541922-0.161221j,-0.760091+0.131817j,0.318353-0.072871j,0.501850
0.541665-0.161331j,-0.760130+0.131548j,0.318299-0.072967j,0.502393
0.541408-0.161441j,-0.760168+0.131278j,0.318245-0.073064j,0.502937
0.541151-0.161551j,-0.760206+0.131009j,0.318190-0.073161j,0.503480
0.540895-0.161661j,-0.760244+0.130739j,0.318136-0.073257j,0.504023
0.540638-0.161771j,-0.760282+0.130469j,0.318082-0.073354j,0.504566
0.540381-0.161881j,-0.760320+0.130199j,0.318028-0.073450j,0.505109
0.540124-0.161990j,-0.760358+0.129928j,0.317974-0.073547j,0.505652
0.539868-0.162100j,-0.760395+0.129658j,0.317920-0.073644j,0.506195
0.539611-0.162209j,-0.760433+0.129387j,0.317866-0.073740j,0.506738
0.539355-0.162318j,-0.760471+0.129117j,0.317812-0.073837j,0.507281
0.539098-0.162427j,-0.760508+0.128846j,0.317758-0.073933j,0.507824
0.538842-0.162536j,-0.760546+0.128575j,0.317704-0.074030j,0.508367
0.538586-0.162645j,-0.760583+0.128304j,0.317650-0.074126j,0.508910
0.538329-0.162754j,-0.760620+0.128033j,0.317596-0.074223j,0.509453
0.538073-0.162862j,-0.760658+0.127761j,0.317542-0.074319j,0.509996
0.537817-0.162971j,-0.760695+0.127490j,0.317488-0.074416j,0.510539
0.537561-0.163079j,-0.760732+0.127218j,0.317434-0.074512j,0.511082
0.537305-0.163187j,-0.760769+0.126946j,0.317380-0.074609j,0.511625
0.537049-0.163295j,-0.760806+0.126674j,0.317326-0.074705j,0.512167
0.536793-0.163403j,-0.760843+0.126402j,0.317272-0.074802j,0.512710
0.536538-0.163511j,-0.760879+0.126130j,0.317218-0.074898j,0.513253
0.536282-0.163619j,-0.760916+0.125857j,0.317164-0.074994j,0.513796
0.536026-0.163726j,-0.760953+0.125585j,0.317110-0.075091j,0.514338
0.535771-0.163834j,-0.760989+0.125312j,0.317056-0.075187j,0.514881
0.535515-0.163941j,-0.761026+0.125039j,0.317002-0.075284j,0.515424
0.535260-0.164048j,-0.761062+0.124766j,0.316948-0.075380j,0.515966
0.535004-0.164156j,-0.761099+0.124493j,0.316894-0.075476j,0.516509
0.534749-0.164262j,-0.761135+0.124220j,0.316840-0.075573j,0.517051
0.534494-0.164369j,-0.761171+0.123946j,0.316786-0.075669j,0.517594
0.534238-0.164476j,-0.761207+0.123673j,0.316732-0.075765j,0.518136
0.533983-0.164583j,-0.761243+0.123399j,0.316678-0.075862j,0.518679
0.533728-0.164689j,-0.761279+0.123125j,0.316624-0.075958j,0.519221
0.533473-0.164796j,-0.761315+0.122851j,0.316570-0.076054j,0.519764
0.533218-0.164902j,-0.761351+0.122577j,0.316517-0.076151j,0.520306
0.532963-0.165008j,-0.761387+0.122303j,0.316463-0.076247j,0.520849
0.532708-0.165114j,-0.761423+0.122028j,0.316409-0.076343j,0.521391
0.532454-0.165220j,-0.761458+0.121754j,0.316355-0.076440j,0.521933
0.532199-0.165326j,-0.761494+0.121479j,0.316301-0.076536j,0.522476
0.531944-0.165431j,-0.761529+0.121204j,0.316247-0.076632j,0.523018
0.531690-0.165537j,-0.761565+0.120929j,0.316193-0.076728j,0.523560
0.531435-0.165642j,-0.761600+0.120654j,0.316140-0.076825j,0.524103
0.531181-0.165747j,-0.761635+0.120378j,0.316086-0.076921j,0.524645
0.530926-0.165853j,-0.761670+0.120103j,0.316032-0.077017j,0.525187
0.530672-0.165958j,-0.761705+0.119827j,0.315978-0.077113j,0.525729
0.530418-0.166063j,-0.761740+0.119552j,0.315924-0.077209j,0.526271
0.530163-0.166167j,-0.761775+0.119276j,0.315871-0.077306j,0.526813
0.529909-0.166272j,-0.761810+0.119000j,0.315817-0.077402j,0.527356
0.529655-0.166377j,-0.761845+0.118723j,0.315763-0.077498j,0.527898
0.529401-0.166481j,-0.761880+0.118447j,0.315709-0.077594j,0.528440
0.529147-0.166585j,-0.761914+0.118171j,0.315656-0.077690j,0.528982
0.528893-0.166690j,-0.761949+0.117894j,0.315602-0.077786j,0.529524
0.528640-0.166794j,-0.761983+0.117617j,0.315548-0.077883j,0.530066
0.528386-0.166898j,-0.762018+0.117340j,0.315494-0.077979j,0.530608
0.528132-0.167001j,-0.762052+0.117063j,0.315441-0.078075j,0.531149
0.527878-0.167105j,-0.762086+0.116786j,0.315387-0.078171j,0.531691
0.527625-0.167209j,-0.762120+0.116508j,0.315333-0.078267j,0.532233
0.527371-0.167312j,-0.762154+0.116231j,0.315280-0.078363j,0.532775
0.527118-0.167416j,-0.762188+0.115953j,0.315226-0.078459j,0.533317
0.526865-0.167519j,-0.762222+0.115675j,0.315172-0.078555j,0.533859
0.526611-0.167622j,-0.762256+0.115397j,0.315119-0.078651j,0.534400
0.526358-0.167725j,-0.762290+0.115119j,0.315065-0.078748j,0.534942
0.526105-0.167828j,-0.762324+0.114841j,0.315011-0.078844j,0.535484
0.525852-0.167931j,-0.762357+0.114562j,0.314958-0.078940j,0.536026
0.525599-0.168033j,-0.762391+0.114284j,0.314904-0.079036j,0.536567
0.525346-0.168136j,-0.762424+0.114005j,0.314850-0.079132j,0.537109
0.525093-0.168238j,-0.762458+0.113726j,0.314797-0.079228j,0.537651
0.524840-0.168340j,-0.762491+0.113447j,0.314743-0.079324j,0.538192
0.524587-0.168443j,-0.762524+0.113168j,0.314690-0.079420j,0.538734
0.524334-0.168545j,-0.762557+0.112889j,0.314636-0.079516j,0.539275
0.524082-0.168647j,-0.762590+0.112609j,0.314582-0.079612j,0.539817
0.523829-0.168748j,-0.762623+0.112329j,0.314529-0.079708j,0.540358
0.523576-0.168850j,-0.762656+0.112050j,0.314475-0.079804j,0.540900
0.523324-0.168952j,-0.762689+0.111770j,0.314422-0.079900j,0.541441
0.523071-0.169053j,-0.762722+0.111490j,0.314368-0.079996j,0.541983
0.522819-0.169155j,-0.762754+0.111209j,0.314315-0.080092j,0.542524
0.522567-0.169256j,-0.762787+0.110929j,0.314261-0.080188j,0.543065
0.522315-0.169357j,-0.762820+0.110648j,0.314208-0.080284j,0.543607
0.522062-0.169458j,-0.762852+0.110368j,0.314154-0.080379j,0.544148
0.521810-0.169559j,-0.762884+0.110087j,0.314101-0.080475j,0.544689
0.521558-0.169659j,-0.762917+0.109806j,0.314047-0.080571j,0.545230
0.521306-0.169760j,-0.762949+0.109525j,0.313994-0.080667j,0.545772
0.521054-0.169861j,-0.762981+0.109243j,0.313940-0.080763j,0.546313
0.520803-0.169961j,-0.763013+0.108962j,0.313887-0.080859j,0.546854
0.520551-0.170061j,-0.763045+0.108680j,0.313833-0.080955j,0.547395
0.520299-0.170161j,-0.763077+0.108399j,0.313780-0.081051j,0.547936
0.520047-0.170261j,-0.763109+0.108117j,0.313726-0.081147j,0.548477
0.519796-0.170361j,-0.763140+0.107835j,0.313673-0.081243j,0.549018
0.519544-0.170461j,-0.763172+0.107552j,0.313619-0.081338j,0.549559
0.519293-0.170561j,-0.763204+0.107270j,0.313566-0.081434j,0.550100
0.519041-0.170660j,-0.763235+0.106987j,0.313513-0.081530j,0.550641
0.518790-0.170760j,-0.763266+0.106705j,0.313459-0.081626j,0.551182
0.518539-0.170859j,-0.763298+0.106422j,0.313406-0.081722j,0.551723
0.518288-0.170958j,-0.763329+0.106139j,0.313353-0.081818j,0.552264
0.518036-0.171057j,-0.763360+0.105856j,0.313299-0.081914j,0.552805
0.517785-0.171156j,-0.763391+0.105572j,0.313246-0.082009j,0.553346
0.517534-0.171255j,-0.763422+0.105289j,0.313192-0.082105j,0.553887
0.517283-0.171354j,-0.763453+0.105005j,0.313139-0.082201j,0.554428
0.517032-0.171453j,-0.763484+0.104722j,0.313086-0.082297j,0.554968
0.516782-0.171551j,-0.763515+0.104438j,0.313032-0.082393j,0.555509
0.516531-0.171650j,-0.763545+0.104154j,0.312979-0.082488j,0.556050
0.516280-0.171748j,-0.763576+0.103869j,0.312926-0.082584j,0.556591
0.516030-0.171846j,-0.763606+0.103585j,0.312873-0.082680j,0.557131
0.515779-0.171944j,-0.763637+0.103300j,0.312819-0.082776j,0.557672
0.515528-0.172042j,-0.763667+0.103016j,0.312766-0.082871j,0.558212
0.515278-0.172140j,-0.763697+0.102731j,0.312713-0.082967j,0.558753
0.515028-0.172238j,-0.763727+0.102446j,0.312659-0.083063j,0.559294
0.514777-0.172335j,-0.763758+0.102161j,0.312606-0.083159j,0.559834
0.514527-0.172433j,-0.763788+0.101875j,0.312553-0.083254j,0.560375
0.514277-0.172530j,-0.763817+0.101590j,0.312500-0.083350j,0.560915
0.514027-0.172627j,-0.763847+0.101304j,0.312446-0.083446j,0.561456
0.513777-0.172724j,-0.763877+0.101018j,0.312393-0.083542j,0.561996
0.513527-0.172821j,-0.763907+0.100732j,0.312340-0.083637j,0.562536
0.513277-0.172918j,-0.763936+0.100446j,0.312287-0.083733j,0.563077
0.513027-0.173015j,-0.763966+0.100160j,0.312234-0.083829j,0.563617
0.512777-0.173112j,-0.763995+0.099874j,0.312180-0.083925j,0.564157
0.512527-0.173208j,-0.764025+0.099587j,0.312127-0.084020j,0.564698
0.512278-0.173305j,-0.764054+0.099300j,0.312074-0.084116j,0.565238
0.512028-0.173401j,-0.764083+0.099013j,0.312021-0.084212j,0.565778
0.511779-0.173497j,-0.764112+0.098726j,0.311968-0.084307j,0.566318
0.511529-0.173593j,-0.764141+0.098439j,0.311915-0.084403j,0.566858
0.511280-0.173689j,-0.764170+0.098152j,0.311862-0.084499j,0.567399
0.511030-0.173785j,-0.764199+0.097864j,0.311808-0.084594j,0.567939
0.510781-0.173881j,-0.764228+0.097576j,0.311755-0.084690j,0.568479
0.510532-0.173976j,-0.764256+0.097289j,0.311702-0.084786j,0.569019
0.510283-0.174072j,-0.764285+0.097001j,0.311649-0.084881j,0.569559
0.510034-0.174167j,-0.764313+0.096712j,0.311596-0.084977j,0.570099
0.509785-0.174262j,-0.764342+0.096424j,0.311543-0.085073j,0.570639
0.509536-0.174358j,-0.764370+0.096136j,0.311490-0.085168j,0.571179
0.509287-0.174453j,-0.764398+0.095847j,0.311437-0.085264j,0.571719
0.509038-0.174548j,-0.764426+0.095558j,0.311384-0.085360j,0.572259
0.508789-0.174642j,-0.764454+0.095269j,0.311331-0.085455j,0.572798
0.508541-0.174737j,-0.764482+0.094980j,0.311278-0.085551j,0.573338
0.508292-0.174832j,-0.764510+0.094691j,0.311225-0.085646j,0.573878
0.508043-0.174926j,-0.764538+0.094401j,0.311172-0.085742j,0.574418
0.507795-0.175020j,-0.764566+0.094112j,0.311119-0.085838j,0.574958
0.507546-0.175115j,-0.764593+0.093822j,0.311066-0.085933j,0.575497
0.507298-0.175209j,-0.764621+0.093532j,0.311013-0.086029j,0.576037
0.507050-0.175303j,-0.764648+0.093242j,0.310960-0.086124j,0.576577
0.506801-0.175397j,-0.764676+0.092952j,0.310907-0.086220j,0.577116
0.506553-0.175490j,-0.764703+0.092661j,0.310854-0.086316j,0.577656
0.506305-0.175584j,-0.764730+0.092371j,0.310801-0.086411j,0.578196
0.506057-0.175678j,-0.764757+0.092080j,0.310748-0.086507j,0.578735
0.505809-0.175771j,-0.764785+0.091789j,0.310695-0.086602j,0.579275
0.505561-0.175864j,-0.764811+0.091498j,0.310642-0.086698j,0.579814
0.505313-0.175958j,-0.764838+0.091207j,0.310590-0.086793j,0.580354
0.505065-0.176051j,-0.764865+0.090916j,0.310537-0.086889j,0.580893
0.504818-0.176144j,-0.764892+0.090624j,0.310484-0.086985j,0.581432
0.504570-0.176237j,-0.764918+0.090332j,0.310431-0.087080j,0.581972
0.504322-0.176329j,-0.764945+0.090040j,0.310378-0.087176j,0.582511
0.504075-0.176422j,-0.764971+0.089748j,0.310325-0.087271j,0.583050
0.503827-0.176514j,-0.764998+0.089456j,0.310272-0.087367j,0.583590
0.503580-0.176607j,-0.765024+0.089164j,0.310220-0.087462j,0.584129
0.503333-0.176699j,-0.765050+0.088871j,0.310167-0.087558j,0.584668
0.503085-0.176791j,-0.765076+0.088579j,0.310114-0.087653j,0.585208
0.502838-0.176883j,-0.765102+0.088286j,0.310061-0.087749j,0.585747
0.502591-0.176975j,-0.765128+0.087993j,0.310008-0.087844j,0.586286
0.502344-0.177067j,-0.765154+0.087700j,0.309956-0.087940j,0.586825
0.502097-0.177159j,-0.765180+0.087406j,0.309903-0.088036j,0.587364
0.501850-0.177251j,-0.765205+0.087113j,0.309850-0.088131j,0.587903
0.501603-0.177342j,-0.765231+0.086819j,0.309797-0.088227j,0.588442
0.501356-0.177433j,-0.765256+0.086525j,0.309745-0.088322j,0.588981
0.501110-0.177525j,-0.765282+0.086231j,0.309692-0.088418j,0.589520
0.500863-0.177616j,-0.765307+0.085937j,0.309639-0.088513j,0.590059
0.500616-0.177707j,-0.765332+0.085643j,0.309586-0.088609j,0.590598
0.500370-0.177798j,-0.765357+0.085348j,0.309534-0.088704j,0.591137
0.500123-0.177889j,-0.765382+0.085054j,0.309481-0.088800j,0.591676
0.499877-0.177979j,-0.765407+0.084759j,0.309428-0.088895j,0.592215
0.499630-0.178070j,-0.765432+0.084464j,0.309376-0.088991j,0.592753
0.499384-0.178160j,-0.765457+0.084169j,0.309323-0.089086j,0.593292
0.499138-0.178251j,-0.765481+0.083873j,0.309270-0.089182j,0.593831
0.498892-0.178341j,-0.765506+0.083578j,0.309218-0.089277j,0.594370
0.498646-0.178431j,-0.765530+0.083282j,0.309165-0.089373j,0.594908
0.498399-0.178521j,-0.765555+0.082986j,0.309112-0.089468j,0.595447
0.498154-0.178611j,-0.765579+0.082690j,0.309060-0.089564j,0.595986
0.497908-0.178701j,-0.765603+0.082394j,0.309007-0.089659j,0.596524
0.497662-0.178791j,-0.765627+0.082098j,0.308955-0.089754j,0.597063
0.497416-0.178880j,-0.765651+0.081801j,0.308902-0.089850j,0.597601
0.497170-0.178970j,-0.765675+0.081505j,0.308850-0.089945j,0.598140
0.496925-0.179059j,-0.765699+0.081208j,0.308797-0.090041j,0.598678
0.496679-0.179148j,-0.765723+0.080911j,0.308744-0.090136j,0.599217
0.496433-0.179238j,-0.765746+0.080614j,0.308692-0.090232j,0.599755
0.496188-0.179327j,-0.765770+0.080316j,0.308639-0.090327j,0.600293
0.495943-0.179416j,-0.765793+0.080019j,0.308587-0.090423j,0.600832
0.495697-0.179504j,-0.765817+0.079721j,0.308534-0.090518j,0.601370
0.495452-0.179593j,-0.765840+0.079423j,0.308482-0.090614j,0.601908
0.495207-0.179682j,-0.765863+0.079125j,0.308429-0.090709j,0.602447
0.494962-0.179770j,-0.765886+0.078827j,0.308377-0.090805j,0.602985
0.494717-0.179858j,-0.765909+0.078529j,0.308324-0.090900j,0.603523
0.494472-0.179947j,-0.765932+0.078230j,0.308272-0.090996j,0.604061
0.494227-0.180035j,-0.765955+0.077931j,0.308220-0.091091j,0.604599
0.493982-0.180123j,-0.765978+0.077633j,0.308167-0.091186j,0.605138
0.493737-0.180211j,-0.766000+0.077334j,0.308115-0.091282j,0.605676
0.493492-0.180299j,-0.766023+0.077034j,0.308062-0.091377j,0.606214
0.493248-0.180386j,-0.766045+0.076735j,0.308010-0.091473j,0.606752
0.493003-0.180474j,-0.766068+0.076435j,0.307957-0.091568j,0.607290
0.492758-0.180561j,-0.766090+0.076136j,0.307905-0.091664j,0.607828
0.492514-0.180649j,-0.766112+0.075836j,0.307853-0.091759j,0.608366
0.492270-0.180736j,-0.766134+0.075536j,0.307800-0.091855j,0.608904
0.492025-0.180823j,-0.766156+0.075236j,0.307748-0.091950j,0.609441
0.491781-0.180910j,-0.766178+0.074935j,0.307696-0.092045j,0.609979
0.491537-0.180997j,-0.766200+0.074635j,0.307643-0.092141j,0.610517
0.491293-0.181084j,-0.766222+0.074334j,0.307591-0.092236j,0.611055
0.491048-0.181171j,-0.766243+0.074033j,0.307539-0.092332j,0.611593
0.490804-0.181257j,-0.766265+0.073732j,0.307486-0.092427j,0.612130
0.490560-0.181344j,-0.766286+0.073431j,0.307434-0.092523j,0.612668
0.490317-0.181430j,-0.766308+0.073129j,0.307382-0.092618j,0.613206
0.490073-0.181516j,-0.766329+0.072828j,0.307330-0.092714j,0.613743
0.489829-0.181602j,-0.766350+0.072526j,0.307277-0.092809j,0.614281
0.489585-0.181689j,-0.766371+0.072224j,0.307225-0.092904j,0.614819
0.489342-0.181774j,-0.766392+0.071922j,0.307173-0.093000j,0.615356
0.489098-0.181860j,-0.766413+0.071619j,0.307121-0.093095j,0.615894
0.488855-0.181946j,-0.766434+0.071317j,0.307068-0.093191j,0.616431
0.488611-0.182032j,-0.766454+0.071014j,0.307016-0.093286j,0.616968
0.488368-0.182117j,-0.766475+0.070711j,0.306964-0.093382j,0.617506
0.488124-0.182202j,-0.766495+0.070408j,0.306912-0.093477j,0.618043
0.487881-0.182288j,-0.766516+0.070105j,0.306860-0.093573j,0.618581
0.487638-0.182373j,-0.766536+0.069802j,0.306808-0.093668j,0.619118
0.487395-0.182458j,-0.766556+0.069498j,0.306755-0.093763j,0.619655
0.487152-0.182543j,-0.766576+0.069195j,0.306703-0.093859j,0.620192
0.486909-0.182628j,-0.766596+0.068891j,0.306651-0.093954j,0.620730
0.486666-0.182712j,-0.766616+0.068587j,0.306599-0.094050j,0.621267
0.486423-0.182797j,-0.766636+0.068283j,0.306547-0.094145j,0.621804
0.486180-0.182882j,-0.766656+0.067978j,0.306495-0.094241j,0.622341
0.485938-0.182966j,-0.766675+0.067674j,0.306443-0.094336j,0.622878
0.485695-0.183050j,-0.766695+0.067369j,0.306391-0.094432j,0.623415
0.485452-0.183135j,-0.766714+0.067064j,0.306339-0.094527j,0.623952
0.485210-0.183219j,-0.766733+0.066759j,0.306287-0.094622j,0.624489
0.484967-0.183303j,-0.766753+0.066453j,0.306234-0.094718j,0.625026
0.484725-0.183386j,-0.766772+0.066148j,0.306182-0.094813j,0.625563
0.484483-0.183470j,-0.766791+0.065842j,0.306130-0.094909j,0.626100
0.484241-0.183554j,-0.766810+0.065537j,0.306078-0.095004j,0.626637
0.483998-0.183637j,-0.766828+0.065231j,0.306026-0.095100j,0.627174
0.483756-0.183721j,-0.766847+0.064924j,0.305974-0.095195j,0.627711
0.483514-0.183804j,-0.766866+0.064618j,0.305922-0.095291j,0.628248
0.483272-0.183887j,-0.766884+0.064311j,0.305871-0.095386j,0.628784
0.483030-0.183970j,-0.766903+0.064005j,0.305819-0.095481j,0.629321
0.482788-0.184053j,-0.766921+0.063698j,0.305767-0.095577j,0.629858
0.482547-0.184136j,-0.766939+0.063391j,0.305715-0.095672j,0.630394
0.482305-0.184219j,-0.766957+0.063084j,0.305663-0.095768j,0.630931
0.482063-0.184302j,-0.766975+0.062776j,0.305611-0.095863j,0.631468
0.481822-0.184384j,-0.766993+0.062469j,0.305559-0.095959j,0.632004
0.481580-0.184467j,-0.767011+0.062161j,0.305507-0.096054j,0.632541
0.481339-0.184549j,-0.767029+0.061853j,0.305455-0.096150j,0.633077
0.481097-0.184631j,-0.767047+0.061545j,0.305403-0.096245j,0.633614
0.480856-0.184713j,-0.767064+0.061236j,0.305352-0.096341j,0.634150
0.480615-0.184795j,-0.767082+0.060928j,0.305300-0.096436j,0.634686
0.480373-0.184877j,-0.767099+0.060619j,0.305248-0.096532j,0.635223
0.480132-0.184959j,-0.767116+0.060310j,0.305196-0.096627j,0.635759
0.479891-0.185041j,-0.767133+0.060001j,0.305144-0.096723j,0.636296
0.479650-0.185122j,-0.767150+0.059692j,0.305092-0.096818j,0.636832
0.479409-0.185204j,-0.767167+0.059383j,0.305041-0.096914j,0.637368
0.479168-0.185285j,-0.767184+0.059073j,0.304989-0.097009j,0.637904
0.478928-0.185367j,-0.767201+0.058763j,0.304937-0.097105j,0.638440
0.478687-0.185448j,-0.767217+0.058453j,0.304885-0.097200j,0.638977
0.478446-0.185529j,-0.767234+0.058143j,0.304834-0.097296j,0.639513
0.478205-0.185610j,-0.767250+0.057833j,0.304782-0.097391j,0.640049
0.477965-0.185691j,-0.767267+0.057522j,0.304730-0.097487j,0.640585
0.477724-0.185771j,-0.767283+0.057211j,0.304678-0.097582j,0.641121
0.477484-0.185852j,-0.767299+0.056901j,0.304627-0.097678j,0.641657
0.477244-0.185932j,-0.767315+0.056590j,0.304575-0.097773j,0.642193
0.477003-0.186013j,-0.767331+0.056278j,0.304523-0.097869j,0.642729
0.476763-0.186093j,-0.767347+0.055967j,0.304472-0.097964j,0.643265
0.476523-0.186173j,-0.767362+0.055655j,0.304420-0.098060j,0.643800
0.476283-0.186253j,-0.767378+0.055343j,0.304368-0.098155j,0.644336
0.476043-0.186333j,-0.767394+0.055031j,0.304317-0.098251j,0.644872
0.475803-0.186413j,-0.767409+0.054719j,0.304265-0.098346j,0.645408
0.475563-0.186493j,-0.767424+0.054407j,0.304214-0.098442j,0.645943
0.475323-0.186573j,-0.767440+0.054094j,0.304162-0.098537j,0.646479
0.475083-0.186652j,-0.767455+0.053782j,0.304110-0.098633j,0.647015
0.474844-0.186732j,-0.767470+0.053469j,0.304059-0.098728j,0.647550
0.474604-0.186811j,-0.767484+0.053156j,0.304007-0.098824j,0.648086
0.474365-0.186890j,-0.767499+0.052842j,0.303956-0.098919j,0.648622
0.474125-0.186969j,-0.767514+0.052529j,0.303904-0.099015j,0.649157
0.473886-0.187049j,-0.767528+0.052215j,0.303853-0.099111j,0.649693
0.473646-0.187127j,-0.767543+0.051901j,0.303801-0.099206j,0.650228
0.473407-0.187206j,-0.767557+0.051587j,0.303750-0.099302j,0.650763
0.473168-0.187285j,-0.767572+0.051273j,0.303698-0.099397j,0.651299
0.472929-0.187364j,-0.767586+0.050959j,0.303647-0.099493j,0.651834
0.472690-0.187442j,-0.767600+0.050644j,0.303595-0.099588j,0.652369
0.472451-0.187520j,-0.767614+0.050329j,0.303544-0.099684j,0.652905
0.472212-0.187599j,-0.767628+0.050014j,0.303492-0.099780j,0.653440
0.471973-0.187677j,-0.767641+0.049699j,0.303441-0.099875j,0.653975
0.471734-0.187755j,-0.767655+0.049384j,0.303390-0.099971j,0.654510
0.471495-0.187833j,-0.767668+0.049068j,0.303338-0.100066j,0.655046
0.471256-0.187911j,-0.767682+0.048753j,0.303287-0.100162j,0.655581
0.471018-0.187989j,-0.767695+0.048437j,0.303235-0.100258j,0.656116
0.470779-0.188066j,-0.767708+0.048121j,0.303184-0.100353j,0.656651
0.470541-0.188144j,-0.767721+0.047804j,0.303133-0.100449j,0.657186
0.470302-0.188221j,-0.767734+0.047488j,0.303081-0.100544j,0.657721
0.470064-0.188299j,-0.767747+0.047171j,0.303030-0.100640j,0.658256
0.469826-0.188376j,-0.767760+0.046854j,0.302979-0.100736j,0.658791
0.469587-0.188453j,-0.767773+0.046537j,0.302927-0.100831j,0.659326
0.469349-0.188530j,-0.767785+0.046220j,0.302876-0.100927j,0.659860
0.469111-0.188607j,-0.767798+0.045902j,0.302825-0.101023j,0.660395
0.468873-0.188684j,-0.767810+0.045585j,0.302773-0.101118j,0.660930
0.468635-0.188761j,-0.767822+0.045267j,0.302722-0.101214j,0.661465
0.468397-0.188837j,-0.767835+0.044949j,0.302671-0.101310j,0.661999
0.468159-0.188914j,-0.767847+0.044631j,0.302620-0.101405j,0.662534
0.467922-0.188990j,-0.767859+0.044312j,0.302568-0.101501j,0.663069
0.467684-0.189066j,-0.767870+0.043994j,0.302517-0.101597j,0.663603
0.467446-0.189143j,-0.767882+0.043675j,0.302466-0.101692j,0.664138
0.467209-0.189219j,-0.767894+0.043356j,0.302415-0.101788j,0.664672
0.466971-0.189295j,-0.767905+0.043037j,0.302364-0.101884j,0.665207
0.466734-0.189370j,-0.767916+0.042717j,0.302313-0.101979j,0.665741
0.466496-0.189446j,-0.767928+0.042398j,0.302261-0.102075j,0.666276
0.466259-0.189522j,-0.767939+0.042078j,0.302210-0.102171j,0.666810
0.466022-0.189598j,-0.767950+0.041758j,0.302159-0.102266j,0.667345
0.465785-0.189673j,-0.767961+0.041438j,0.302108-0.102362j,0.667879
0.465547-0.189748j,-0.767972+0.041118j,0.302057-0.102458j,0.668413
0.465310-0.189824j,-0.767982+0.040797j,0.302006-0.102554j,0.668948
0.465073-0.189899j,-0.767993+0.040476j,0.301955-0.102649j,0.669482
0.464836-0.189974j,-0.768004+0.040155j,0.301904-0.102745j,0.670016
0.464600-0.190049j,-0.768014+0.039834j,0.301853-0.102841j,0.670550
0.464363-0.190124j,-0.768024+0.039513j,0.301801-0.102937j,0.671084
0.464126-0.190198j,-0.768034+0.039191j,0.301750-0.103032j,0.671618
0.463889-0.190273j,-0.768044+0.038870j,0.301699-0.103128j,0.672152
0.463653-0.190348j,-0.768054+0.038548j,0.301648-0.103224j,0.672686
0.463416-0.190422j,-0.768064+0.038226j,0.301597-0.103320j,0.673220
0.463180-0.190496j,-0.768074+0.037903j,0.301546-0.103416j,0.673754
0.462944-0.190570j,-0.768084+0.037581j,0.301495-0.103511j,0.674288
0.462707-0.190645j,-0.768093+0.037258j,0.301444-0.103607j,0.674822
0.462471-0.190719j,-0.768102+0.036935j,0.301394-0.103703j,0.675356
0.462235-0.190793j,-0.768112+0.036612j,0.301343-0.103799j,0.675890
0.461999-0.190866j,-0.768121+0.036289j,0.301292-0.103895j,0.676424
0.461763-0.190940j,-0.768130+0.035965j,0.301241-0.103990j,0.676957
0.461527-0.191014j,-0.768139+0.035642j,0.301190-0.104086j,0.677491
0.461291-0.191087j,-0.768148+0.035318j,0.301139-0.104182j,0.678025
0.461055-0.191161j,-0.768156+0.034994j,0.301088-0.104278j,0.678558
0.460819-0.191234j,-0.768165+0.034669j,0.301037-0.104374j,0.679092
0.460583-0.191307j,-0.768173+0.034345j,0.300986-0.104470j,0.679626
0.460348-0.191380j,-0.768182+0.034020j,0.300936-0.104566j,0.680159
0.460112-0.191453j,-0.768190+0.033695j,0.300885-0.104661j,0.680693
0.459877-0.191526j,-0.768198+0.033370j,0.300834-0.104757j,0.681226
0.459641-0.191599j,-0.768206+0.033045j,0.300783-0.104853j,0.681759
0.459406-0.191672j,-0.768214+0.032719j,0.300732-0.104949j,0.682293
0.459170-0.191744j,-0.768222+0.032394j,0.300682-0.105045j,0.682826
0.458935-0.191817j,-0.768230+0.032068j,0.300631-0.105141j,0.683360
0.458700-0.191889j,-0.768237+0.031742j,0.300580-0.105237j,0.683893
0.458465-0.191961j,-0.768245+0.031415j,0.300529-0.105333j,0.684426
0.458230-0.192033j,-0.768252+0.031089j,0.300479-0.105429j,0.684959
0.457995-0.192106j,-0.768259+0.030762j,0.300428-0.105525j,0.685492
0.457760-0.192177j,-0.768266+0.030435j,0.300377-0.105621j,0.686026
0.457525-0.192249j,-0.768273+0.030108j,0.300326-0.105717j,0.686559
0.457290-0.192321j,-0.768280+0.029781j,0.300276-0.105813j,0.687092
0.457056-0.192393j,-0.768287+0.029453j,0.300225-0.105909j,0.687625
0.456821-0.192464j,-0.768294+0.029125j,0.300174-0.106005j,0.688158
0.456586-0.192536j,-0.768300+0.028798j,0.300124-0.106101j,0.688691
0.456352-0.192607j,-0.768307+0.028469j,0.300073-0.106197j,0.689224
0.456117-0.192678j,-0.768313+0.028141j,0.300023-0.106293j,0.689757
0.455883-0.192750j,-0.768319+0.027812j,0.299972-0.106389j,0.690289
0.455649-0.192821j,-0.768325+0.027484j,0.299921-0.106485j,0.690822
0.455414-0.192892j,-0.768331+0.027155j,0.299871-0.106581j,0.691355
0.455180-0.192962j,-0.768337+0.026826j,0.299820-0.106677j,0.691888
0.454946-0.193033j,-0.768343+0.026496j,0.299770-0.106773j,0.692420
0.454712-0.193104j,-0.768348+0.026167j,0.299719-0.106869j,0.692953
0.454478-0.193174j,-0.768354+0.025837j,0.299669-0.106965j,0.693486
0.454244-0.193245j,-0.768359+0.025507j,0.299618-0.107061j,0.694018
0.454010-0.193315j,-0.768364+0.025177j,0.299568-0.107157j,0.694551
0.453776-0.193385j,-0.768369+0.024846j,0.299517-0.107253j,0.695083
0.453543-0.193456j,-0.768374+0.024516j,0.299467-0.107350j,0.695616
0.453309-0.193526j,-0.768379+0.024185j,0.299416-0.107446j,0.696148
0.453076-0.193596j,-0.768384+0.023854j,0.299366-0.107542j,0.696681
0.452842-0.193665j,-0.768389+0.023522j,0.299315-0.107638j,0.697213
0.452609-0.193735j,-0.768393+0.023191j,0.299265-0.107734j,0.697745
0.452375-0.193805j,-0.768398+0.022859j,0.299215-0.107830j,0.698278
0.452142-0.193874j,-0.768402+0.022527j,0.299164-0.107927j,0.698810
0.451909-0.193944j,-0.768406+0.022195j,0.299114-0.108023j,0.699342
0.451675-0.194013j,-0.768410+0.021863j,0.299063-0.108119j,0.699874
0.451442-0.194082j,-0.768414+0.021531j,0.299013-0.108215j,0.700407
0.451209-0.194152j,-0.768418+0.021198j,0.298963-0.108311j,0.700939
0.450976-0.194221j,-0.768422+0.020865j,0.298912-0.108408j,0.701471
0.450743-0.194290j,-0.768425+0.020532j,0.298862-0.108504j,0.702003
0.450510-0.194358j,-0.768429+0.020198j,0.298812-0.108600j,0.702535
0.450278-0.194427j,-0.768432+0.019865j,0.298761-0.108696j,0.703067
0.450045-0.194496j,-0.768435+0.019531j,0.298711-0.108793j,0.703599
0.449812-0.194564j,-0.768438+0.019197j,0.298661-0.108889j,0.704131
0.449580-0.194633j,-0.768441+0.018863j,0.298611-0.108985j,0.704662
0.449347-0.194701j,-0.768444+0.018528j,0.298560-0.109082j,0.705194
0.449115-0.194769j,-0.768447+0.018194j,0.298510-0.109178j,0.705726
0.448882-0.194838j,-0.768449+0.017859j,0.298460-0.109274j,0.706258
0.448650-0.194906j,-0.768452+0.017524j,0.298410-0.109371j,0.706790
0.448418-0.194974j,-0.768454+0.017189j,0.298360-0.109467j,0.707321
0.448186-0.195041j,-0.768456+0.016853j,0.298309-0.109563j,0.707853
0.447953-0.195109j,-0.768458+0.016517j,0.298259-0.109660j,0.708384
0.447721-0.195177j,-0.768460+0.016181j,0.298209-0.109756j,0.708916
0.447489-0.195244j,-0.768462+0.015845j,0.298159-0.109852j,0.709447
0.447257-0.195312j,-0.768464+0.015509j,0.298109-0.109949j,0.709979
0.447026-0.195379j,-0.768466+0.015172j,0.298059-0.110045j,0.710510
0.446794-0.195446j,-0.768467+0.014836j,0.298009-0.110142j,0.711042
0.446562-0.195514j,-0.768468+0.014499j,0.297959-0.110238j,0.711573
0.446330-0.195581j,-0.768470+0.014161j,0.297908-0.110335j,0.712105
0.446099-0.195648j,-0.768471+0.013824j,0.297858-0.110431j,0.712636
0.445867-0.195714j,-0.768472+0.013486j,0.297808-0.110527j,0.713167
0.445636-0.195781j,-0.768473+0.013148j,0.297758-0.110624j,0.713698
0.445405-0.195848j,-0.768473+0.012810j,0.297708-0.110720j,0.714229
0.445173-0.195914j,-0.768474+0.012472j,0.297658-0.110817j,0.714761
0.444942-0.195981j,-0.768474+0.012133j,0.297608-0.110914j,0.715292
0.444711-0.196047j,-0.768475+0.011795j,0.297558-0.111010j,0.715823
0.444480-0.196114j,-0.768475+0.011456j,0.297508-0.111107j,0.716354
0.444249-0.196180j,-0.768475+0.011117j,0.297458-0.111203j,0.716885
0.444018-0.196246j,-0.768475+0.010777j,0.297409-0.111300j,0.717416
0.443787-0.196312j,-0.768475+0.010437j,0.297359-0.111396j,0.717947
0.443556-0.196378j,-0.768475+0.010098j,0.297309-0.111493j,0.718478
0.443325-0.196443j,-0.768474+0.009758j,0.297259-0.111590j,0.719008
0.443094-0.196509j,-0.768474+0.009417j,0.297209-0.111686j,0.719539
0.442864-0.196575j,-0.768473+0.009077j,0.297159-0.111783j,0.720070
0.442633-0.196640j,-0.768472+0.008736j,0.297109-0.111879j,0.720601
0.442403-0.196706j,-0.768471+0.008395j,0.297059-0.111976j,0.721131
0.442172-0.196771j,-0.768470+0.008054j,0.297010-0.112073j,0.721662
0.441942-0.196836j,-0.768469+0.007712j,0.296960-0.112169j,0.722193
0.441711-0.196901j,-0.768468+0.007371j,0.296910-0.112266j,0.722723
0.441481-0.196966j,-0.768466+0.007029j,0.296860-0.112363j,0.723254
0.441251-0.197031j,-0.768465+0.006687j,0.296810-0.112460j,0.723784
0.441021-0.197096j,-0.768463+0.006345j,0.296761-0.112556j,0.724315
0.440791-0.197160j,-0.768461+0.006002j,0.296711-0.112653j,0.724845
0.440561-0.197225j,-0.768459+0.005659j,0.296661-0.112750j,0.725375
0.440331-0.197290j,-0.768457+0.005316j,0.296611-0.112847j,0.725906
0.440101-0.197354j,-0.768455+0.004973j,0.296562-0.112944j,0.726436
0.439871-0.197418j,-0.768453+0.004630j,0.296512-0.113040j,0.726966
0.439642-0.197483j,-0.768450+0.004286j,0.296462-0.113137j,0.727496
0.439412-0.197547j,-0.768448+0.003942j,0.296413-0.113234j,0.728027
0.439182-0.197611j,-0.768445+0.003598j,0.296363-0.113331j,0.728557
0.438953-0.197675j,-0.768442+0.003254j,0.296313-0.113428j,0.729087
0.438723-0.197738j,-0.768439+0.002909j,0.296264-0.113525j,0.729617
0.438494-0.197802j,-0.768436+0.002564j,0.296214-0.113621j,0.730147
0.438265-0.197866j,-0.768433+0.002219j,0.296165-0.113718j,0.730677
0.438035-0.197929j,-0.768429+0.001874j,0.296115-0.113815j,0.731207
0.437806-0.197993j,-0.768426+0.001529j,0.296065-0.113912j,0.731737
0.437577-0.198056j,-0.768422+0.001183j,0.296016-0.114009j,0.732267
0.437348-0.198119j,-0.768418+0.000837j,0.295966-0.114106j,0.732796
0.437119-0.198182j,-0.768414+0.000491j,0.295917-0.114203j,0.733326
0.436890-0.198246j,-0.768410+0.000144j,0.295867-0.114300j,0.733856
0.436661-0.198308j,-0.768406-0.000202j,0.295818-0.114397j,0.734386
0.436433-0.198371j,-0.768402-0.000549j,0.295768-0.114494j,0.734915
0.436204-0.198434j,-0.768397-0.000896j,0.295719-0.114591j,0.735445
0.435975-0.198497j,-0.768393-0.001243j,0.295669-0.114688j,0.735975
0.435747-0.198559j,-0.768388-0.001591j,0.295620-0.114785j,0.736504
0.435518-0.198622j,-0.768383-0.001939j,0.295571-0.114882j,0.737034
0.435290-0.198684j,-0.768378-0.002287j,0.295521-0.114980j,0.737563
0.435061-0.198746j,-0.768373-0.002635j,0.295472-0.115077j,0.738093
0.434833-0.198809j,-0.768368-0.002984j,0.295422-0.115174j,0.738622
0.434605-0.198871j,-0.768362-0.003332j,0.295373-0.115271j,0.739151
0.434377-0.198933j,-0.768357-0.003681j,0.295324-0.115368j,0.739681
0.434149-0.198995j,-0.768351-0.004030j,0.295274-0.115465j,0.740210
0.433921-0.199056j,-0.768345-0.004380j,0.295225-0.115563j,0.740739
0.433693-0.199118j,-0.768339-0.004729j,0.295176-0.115660j,0.741268
0.433465-0.199180j,-0.768333-0.005079j,0.295126-0.115757j,0.741797
0.433237-0.199241j,-0.768327-0.005430j,0.295077-0.115854j,0.742327
0.433009-0.199303j,-0.768321-0.005780j,0.295028-0.115951j,0.742856
0.432781-0.199364j,-0.768314-0.006130j,0.294979-0.116049j,0.743385
0.432554-0.199425j,-0.768307-0.006481j,0.294929-0.116146j,0.743914
0.432326-0.199486j,-0.768301-0.006832j,0.294880-0.116243j,0.744443
0.432099-0.199547j,-0.768294-0.007184j,0.294831-0.116341j,0.744971
0.431871-0.199608j,-0.768287-0.007535j,0.294782-0.116438j,0.745500
0.431644-0.199669j,-0.768279-0.007887j,0.294732-0.116535j,0.746029
0.431417-0.199730j,-0.768272-0.008239j,0.294683-0.116633j,0.746558
0.431189-0.199791j,-0.768265-0.008591j,0.294634-0.116730j,0.747087
0.430962-0.199851j,-0.768257-0.008944j,0.294585-0.116828j,0.747615
0.430735-0.199912j,-0.768249-0.009297j,0.294536-0.116925j,0.748144
0.430508-0.199972j,-0.768241-0.009650j,0.294487-0.117022j,0.748673
0.430281-0.200032j,-0.768233-0.010003j,0.294438-0.117120j,0.749201
0.430054-0.200093j,-0.768225-0.010356j,0.294389-0.117217j,0.749730
0.429827-0.200153j,-0.768217-0.010710j,0.294340-0.117315j,0.750258
0.429601-0.200213j,-0.768208-0.011064j,0.294290-0.117412j,0.750787
0.429374-0.200273j,-0.768200-0.011418j,0.294241-0.117510j,0.751315
0.429147-0.200332j,-0.768191-0.011773j,0.294192-0.117607j,0.751843
0.428921-0.200392j,-0.768182-0.012127j,0.294143-0.117705j,0.752372
0.428694-0.200452j,-0.768173-0.012482j,0.294094-0.117803j,0.752900
0.428468-0.200511j,-0.768164-0.012837j,0.294045-0.117900j,0.753428
0.428241-0.200571j,-0.768155-0.013193j,0.293996-0.117998j,0.753957
0.428015-0.200630j,-0.768145-0.013548j,0.293947-0.118095j,0.754485
0.427789-0.200689j,-0.768136-0.013904j,0.293899-0.118193j,0.755013
0.427563-0.200748j,-0.768126-0.014260j,0.293850-0.118291j,0.755541
0.427337-0.200807j,-0.768116-0.014617j,0.293801-0.118389j,0.756069
0.427111-0.200866j,-0.768106-0.014973j,0.293752-0.118486j,0.756597
0.426885-0.200925j,-0.768096-0.015330j,0.293703-0.118584j,0.757125
0.426659-0.200984j,-0.768086-0.015687j,0.293654-0.118682j,0.757653
0.426433-0.201043j,-0.768075-0.016045j,0.293605-0.118779j,0.758181
0.426207-0.201101j,-0.768065-0.016402j,0.293556-0.118877j,0.758709
0.425982-0.201160j,-0.768054-0.016760j,0.293508-0.118975j,0.759236
0.425756-0.201218j,-0.768043-0.017118j,0.293459-0.119073j,0.759764
0.425530-0.201276j,-0.768032-0.017477j,0.293410-0.119171j,0.760292
0.425305-0.201335j,-0.768021-0.017835j,0.293361-0.119269j,0.760819
0.425080-0.201393j,-0.768010-0.018194j,0.293312-0.119366j,0.761347
0.424854-0.201451j,-0.767998-0.018553j,0.293264-0.119464j,0.761875
0.424629-0.201509j,-0.767987-0.018913j,0.293215-0.119562j,0.762402
0.424404-0.201567j,-0.767975-0.019272j,0.293166-0.119660j,0.762930
0.424179-0.201624j,-0.767963-0.019632j,0.293118-0.119758j,0.763457
0.423953-0.201682j,-0.767951-0.019992j,0.293069-0.119856j,0.763985
0.423728-0.201739j,-0.767939-0.020353j,0.293020-0.119954j,0.764512
0.423503-0.201797j,-0.767926-0.020713j,0.292971-0.120052j,0.765039
0.423279-0.201854j,-0.767914-0.021074j,0.292923-0.120150j,0.765567
0.423054-0.201912j,-0.767901-0.021435j,0.292874-0.120248j,0.766094
0.422829-0.201969j,-0.767888-0.021797j,0.292826-0.120346j,0.766621
0.422604-0.202026j,-0.767875-0.022158j,0.292777-0.120444j,0.767148
0.422380-0.202083j,-0.767862-0.022520j,0.292728-0.120543j,0.767675
0.422155-0.202140j,-0.767849-0.022882j,0.292680-0.120641j,0.768202
0.421931-0.202197j,-0.767836-0.023245j,0.292631-0.120739j,0.768729
0.421706-0.202253j,-0.767822-0.023607j,0.292583-0.120837j,0.769256
0.421482-0.202310j,-0.767809-0.023970j,0.292534-0.120935j,0.769783
0.421258-0.202366j,-0.767795-0.024333j,0.292486-0.121033j,0.770310
0.421034-0.202423j,-0.767781-0.024697j,0.292437-0.121132j,0.770837
0.420809-0.202479j,-0.767767-0.025061j,0.292389-0.121230j,0.771364
0.420585-0.202535j,-0.767752-0.025424j,0.292340-0.121328j,0.771891
0.420361-0.202592j,-0.767738-0.025789j,0.292292-0.121426j,0.772417
0.420137-0.202648j,-0.767723-0.026153j,0.292243-0.121525j,0.772944
0.419914-0.202704j,-0.767709-0.026518j,0.292195-0.121623j,0.773471
0.419690-0.202760j,-0.767694-0.026883j,0.292147-0.121721j,0.773997
0.419466-0.202815j,-0.767679-0.027248j,0.292098-0.121820j,0.774524
0.419242-0.202871j,-0.767663-0.027613j,0.292050-0.121918j,0.775051
0.419019-0.202927j,-0.767648-0.027979j,0.292001-0.122017j,0.775577
0.418795-0.202982j,-0.767633-0.028345j,0.291953-0.122115j,0.776103
0.418572-0.203038j,-0.767617-0.028712j,0.291905-0.122214j,0.776630
0.418348-0.203093j,-0.767601-0.029078j,0.291856-0.122312j,0.777156
0.418125-0.203148j,-0.767585-0.029445j,0.291808-0.122411j,0.777682
0.417902-0.203203j,-0.767569-0.029812j,0.291760-0.122509j,0.778209
0.417679-0.203258j,-0.767553-0.030179j,0.291712-0.122608j,0.778735
0.417455-0.203313j,-0.767536-0.030547j,0.291663-0.122706j,0.779261
0.417232-0.203368j,-0.767520-0.030915j,0.291615-0.122805j,0.779787
0.417009-0.203423j,-0.767503-0.031283j,0.291567-0.122903j,0.780313
0.416786-0.203478j,-0.767486-0.031651j,0.291519-0.123002j,0.780839
0.416564-0.203532j,-0.767469-0.032020j,0.291471-0.123101j,0.781365
0.416341-0.203587j,-0.767452-0.032389j,0.291422-0.123199j,0.781891
0.416118-0.203641j,-0.767434-0.032758j,0.291374-0.123298j,0.782417
0.415895-0.203696j,-0.767417-0.033127j,0.291326-0.123397j,0.782943
0.415673-0.203750j,-0.767399-0.033497j,0.291278-0.123496j,0.783469
0.415450-0.203804j,-0.767381-0.033867j,0.291230-0.123594j,0.783995
0.415228-0.203858j,-0.767363-0.034237j,0.291182-0.123693j,0.784520
0.415005-0.203912j,-0.767345-0.034608j,0.291134-0.123792j,0.785046
0.414783-0.203966j,-0.767327-0.034978j,0.291086-0.123891j,0.785572
0.414561-0.204020j,-0.767308-0.035350j,0.291038-0.123990j,0.786097
0.414339-0.204073j,-0.767290-0.035721j,0.290989-0.124089j,0.786623
0.414117-0.204127j,-0.767271-0.036092j,0.290941-0.124188j,0.787149
0.413895-0.204180j,-0.767252-0.036464j,0.290893-0.124287j,0.787674
0.413673-0.204234j,-0.767233-0.036836j,0.290845-0.124386j,0.788199
0.413451-0.204287j,-0.767214-0.037209j,0.290797-0.124485j,0.788725
0.413229-0.204340j,-0.767194-0.037582j,0.290750-0.124584j,0.789250
0.413007-0.204394j,-0.767175-0.037954j,0.290702-0.124683j,0.789775
0.412785-0.204447j,-0.767155-0.038328j,0.290654-0.124782j,0.790301
0.412564-0.204500j,-0.767135-0.038701j,0.290606-0.124881j,0.790826
0.412342-0.204552j,-0.767115-0.039075j,0.290558-0.124980j,0.791351
0.412121-0.204605j,-0.767095-0.039449j,0.290510-0.125079j,0.791876
0.411899-0.204658j,-0.767074-0.039823j,0.290462-0.125178j,0.792401
0.411678-0.204711j,-0.767054-0.040198j,0.290414-0.125277j,0.792926
0.411457-0.204763j,-0.767033-0.040573j,0.290366-0.125376j,0.793451
0.411235-0.204816j,-0.767012-0.040948j,0.290319-0.125476j,0.793976
0.411014-0.204868j,-0.766991-0.041323j,0.290271-0.125575j,0.794501
0.410793-0.204920j,-0.766970-0.041699j,0.290223-0.125674j,0.795026
0.410572-0.204972j,-0.766949-0.042075j,0.290175-0.125774j,0.795551
0.410351-0.205024j,-0.766927-0.042451j,0.290128-0.125873j,0.796076
0.410130-0.205076j,-0.766905-0.042828j,0.290080-0.125972j,0.796600
0.409909-0.205128j,-0.766883-0.043205j,0.290032-0.126072j,0.797125
0.409689-0.205180j,-0.766861-0.043582j,0.289984-0.126171j,0.797650
0.409468-0.205232j,-0.766839-0.043959j,0.289937-0.126270j,0.798174
0.409247-0.205283j,-0.766817-0.044337j,0.289889-0.126370j,0.798699
0.409027-0.205335j,-0.766794-0.044715j,0.289841-0.126469j,0.799223
0.408806-0.205386j,-0.766772-0.045093j,0.289794-0.126569j,0.799748
0.408586-0.205438j,-0.766749-0.045471j,0.289746-0.126668j,0.800272
0.408365-0.205489j,-0.766726-0.045850j,0.289698-0.126768j,0.800796
0.408145-0.205540j,-0.766702-0.046229j,0.289651-0.126868j,0.801321
0.407925-0.205591j,-0.766679-0.046609j,0.289603-0.126967j,0.801845
0.407705-0.205642j,-0.766656-0.046988j,0.289556-0.127067j,0.802369
0.407485-0.205693j,-0.766632-0.047368j,0.289508-0.127166j,0.802893
0.407265-0.205744j,-0.766608-0.047748j,0.289461-0.127266j,0.803417
0.407045-0.205795j,-0.766584-0.048129j,0.289413-0.127366j,0.803941
0.406825-0.205845j,-0.766560-0.048510j,0.289366-0.127466j,0.804465
0.406605-0.205896j,-0.766535-0.048891j,0.289318-0.127565j,0.804989
0.406385-0.205946j,-0.766511-0.049272j,0.289271-0.127665j,0.805513
0.406165-0.205997j,-0.766486-0.049654j,0.289223-0.127765j,0.806037
0.405946-0.206047j,-0.766461-0.050036j,0.289176-0.127865j,0.806561
0.405726-0.206097j,-0.766436-0.050418j,0.289128-0.127965j,0.807085
0.405507-0.206147j,-0.766411-0.050800j,0.289081-0.128065j,0.807609
0.405287-0.206197j,-0.766385-0.051183j,0.289034-0.128165j,0.808132
0.405068-0.206247j,-0.766360-0.051566j,0.288986-0.128264j,0.808656
0.404849-0.206297j,-0.766334-0.051950j,0.288939-0.128364j,0.809180
0.404630-0.206347j,-0.766308-0.052333j,0.288892-0.128464j,0.809703
0.404410-0.206396j,-0.766282-0.052717j,0.288844-0.128564j,0.810227
0.404191-0.206446j,-0.766256-0.053101j,0.288797-0.128665j,0.810750
0.403972-0.206495j,-0.766229-0.053486j,0.288750-0.128765j,0.811274
0.403753-0.206545j,-0.766203-0.053871j,0.288702-0.128865j,0.811797
0.403535-0.206594j,-0.766176-0.054256j,0.288655-0.128965j,0.812320
0.403316-0.206643j,-0.766149-0.054641j,0.288608-0.129065j,0.812844
0.403097-0.206693j,-0.766122-0.055027j,0.288561-0.129165j,0.813367
0.402878-0.206742j,-0.766094-0.055413j,0.288514-0.129266j,0.813890
0.402660-0.206791j,-0.766067-0.055799j,0.288466-0.129366j,0.814413
0.402441-0.206839j,-0.766039-0.056186j,0.288419-0.129466j,0.814936
0.402223-0.206888j,-0.766011-0.056573j,0.288372-0.129566j,0.815460
0.402004-0.206937j,-0.765983-0.056960j,0.288325-0.129667j,0.815983
0.401786-0.206985j,-0.765955-0.057348j,0.288278-0.129767j,0.816505
0.401568-0.207034j,-0.765927-0.057735j,0.288231-0.129868j,0.817028
0.401350-0.207082j,-0.765898-0.058124j,0.288184-0.129968j,0.817551
0.401131-0.207131j,-0.765869-0.058512j,0.288137-0.130068j,0.818074
0.400913-0.207179j,-0.765840-0.058901j,0.288090-0.130169j,0.818597
0.400695-0.207227j,-0.765811-0.059290j,0.288043-0.130269j,0.819120
0.400477-0.207275j,-0.765782-0.059679j,0.287996-0.130370j,0.819642
0.400260-0.207323j,-0.765753-0.060069j,0.287949-0.130471j,0.820165
0.400042-0.207371j,-0.765723-0.060458j,0.287902-0.130571j,0.820688
0.399824-0.207419j,-0.765693-0.060849j,0.287855-0.130672j,0.821210
0.399606-0.207467j,-0.765663-0.061239j,0.287808-0.130772j,0.821733
0.399389-0.207514j,-0.765633-0.061630j,0.287761-0.130873j,0.822255
0.399171-0.207562j,-0.765602-0.062021j,0.287714-0.130974j,0.822777
0.398954-0.207609j,-0.765572-0.062413j,0.287667-0.131075j,0.823300
0.398736-0.207657j,-0.765541-0.062804j,0.287620-0.131175j,0.823822
0.398519-0.207704j,-0.765510-0.063196j,0.287573-0.131276j,0.824344
0.398302-0.207751j,-0.765479-0.063589j,0.287526-0.131377j,0.824867
0.398085-0.207798j,-0.765448-0.063981j,0.287479-0.131478j,0.825389
0.397868-0.207845j,-0.765416-0.064374j,0.287433-0.131579j,0.825911
0.397651-0.207892j,-0.765385-0.064768j,0.287386-0.131680j,0.826433
0.397434-0.207939j,-0.765353-0.065161j,0.287339-0.131781j,0.826955
0.397217-0.207986j,-0.765321-0.065555j,0.287292-0.131882j,0.827477
0.397000-0.208033j,-0.765289-0.065949j,0.287246-0.131983j,0.827999
0.396783-0.208079j,-0.765256-0.066344j,0.287199-0.132084j,0.828521
0.396566-0.208126j,-0.765224-0.066739j,0.287152-0.132185j,0.829042
0.396350-0.208172j,-0.765191-0.067134j,0.287105-0.132286j,0.829564
0.396133-0.208219j,-0.765158-0.067529j,0.287059-0.132387j,0.830086
0.395917-0.208265j,-0.765125-0.067925j,0.287012-0.132488j,0.830608
0.395700-0.208311j,-0.765092-0.068321j,0.286965-0.132590j,0.831129
0.395484-0.208357j,-0.765058-0.068718j,0.286919-0.132691j,0.831651
0.395267-0.208403j,-0.765024-0.069114j,0.286872-0.132792j,0.832172
0.395051-0.208449j,-0.764990-0.069512j,0.286826-0.132893j,0.832694
0.394835-0.208495j,-0.764956-0.069909j,0.286779-0.132995j,0.833215
0.394619-0.208541j,-0.764922-0.070307j,0.286733-0.133096j,0.833737
0.394403-0.208586j,-0.764888-0.070705j,0.286686-0.133198j,0.834258
0.394187-0.208632j,-0.764853-0.071103j,0.286639-0.133299j,0.834779
0.393971-0.208677j,-0.764818-0.071502j,0.286593-0.133401j,0.835301
0.393755-0.208723j,-0.764783-0.071901j,0.286546-0.133502j,0.835822
0.393539-0.208768j,-0.764748-0.072300j,0.286500-0.133604j,0.836343
0.393324-0.208813j,-0.764712-0.072699j,0.286454-0.133705j,0.836864
0.393108-0.208859j,-0.764677-0.073099j,0.286407-0.133807j,0.837385
0.392893-0.208904j,-0.764641-0.073500j,0.286361-0.133908j,0.837906
0.392677-0.208949j,-0.764605-0.073900j,0.286314-0.134010j,0.838427
0.392462-0.208993j,-0.764569-0.074301j,0.286268-0.134112j,0.838948
0.392246-0.209038j,-0.764532-0.074702j,0.286222-0.134213j,0.839469
0.392031-0.209083j,-0.764496-0.075104j,0.286175-0.134315j,0.839990
0.391816-0.209128j,-0.764459-0.075506j,0.286129-0.134417j,0.840510
0.391601-0.209172j,-0.764422-0.075908j,0.286083-0.134519j,0.841031
0.391386-0.209217j,-0.764385-0.076310j,0.286036-0.134621j,0.841552
0.391171-0.209261j,-0.764347-0.076713j,0.285990-0.134723j,0.842072
0.390956-0.209305j,-0.764310-0.077117j,0.285944-0.134825j,0.842593
0.390741-0.209349j,-0.764272-0.077520j,0.285898-0.134927j,0.843113
0.390526-0.209394j,-0.764234-0.077924j,0.285851-0.135029j,0.843634
0.390311-0.209438j,-0.764196-0.078328j,0.285805-0.135131j,0.844154
0.390097-0.209482j,-0.764158-0.078733j,0.285759-0.135233j,0.844674
0.389882-0.209525j,-0.764119-0.079137j,0.285713-0.135335j,0.845195
0.389667-0.209569j,-0.764080-0.079543j,0.285667-0.135437j,0.845715
0.389453-0.209613j,-0.764041-0.079948j,0.285621-0.135539j,0.846235
0.389238-0.209657j,-0.764002-0.080354j,0.285574-0.135641j,0.846755
0.389024-0.209700j,-0.763963-0.080760j,0.285528-0.135744j,0.847275
0.388810-0.209744j,-0.763923-0.081167j,0.285482-0.135846j,0.847796
0.388596-0.209787j,-0.763883-0.081574j,0.285436-0.135948j,0.848316
0.388382-0.209830j,-0.763844-0.081981j,0.285390-0.136051j,0.848835
0.388167-0.209873j,-0.763803-0.082388j,0.285344-0.136153j,0.849355
0.387953-0.209917j,-0.763763-0.082796j,0.285298-0.136255j,0.849875
0.387740-0.209960j,-0.763722-0.083204j,0.285252-0.136358j,0.850395
0.387526-0.210002j,-0.763682-0.083613j,0.285206-0.136460j,0.850915
0.387312-0.210045j,-0.763641-0.084022j,0.285160-0.136563j,0.851434
0.387098-0.210088j,-0.763599-0.084431j,0.285114-0.136665j,0.851954
0.386884-0.210131j,-0.763558-0.084841j,0.285068-0.136768j,0.852474
0.386671-0.210173j,-0.763516-0.085251j,0.285022-0.136871j,0.852993
0.386457-0.210216j,-0.763475-0.085661j,0.284977-0.136973j,0.853513
0.386244-0.210258j,-0.763433-0.086071j,0.284931-0.137076j,0.854032
0.386030-0.210301j,-0.763390-0.086482j,0.284885-0.137179j,0.854552
0.385817-0.210343j,-0.763348-0.086894j,0.284839-0.137282j,0.855071
0.385604-0.210385j,-0.763305-0.087305j,0.284793-0.137384j,0.855590
0.385391-0.210427j,-0.763263-0.087717j,0.284747-0.137487j,0.856109
0.385178-0.210469j,-0.763219-0.088130j,0.284702-0.137590j,0.856629
0.384965-0.210511j,-0.763176-0.088542j,0.284656-0.137693j,0.857148
0.384752-0.210553j,-0.763133-0.088955j,0.284610-0.137796j,0.857667
0.384539-0.210595j,-0.763089-0.089369j,0.284564-0.137899j,0.858186
0.384326-0.210637j,-0.763045-0.089782j,0.284519-0.138002j,0.858705
0.384113-0.210678j,-0.763001-0.090197j,0.284473-0.138105j,0.859224
0.383900-0.210720j,-0.762957-0.090611j,0.284427-0.138208j,0.859743
0.383688-0.210761j,-0.762912-0.091026j,0.284382-0.138311j,0.860262
0.383475-0.210802j,-0.762868-0.091441j,0.284336-0.138415j,0.860780
0.383263-0.210844j,-0.762823-0.091856j,0.284291-0.138518j,0.861299
0.383050-0.210885j,-0.762777-0.092272j,0.284245-0.138621j,0.861818
0.382838-0.210926j,-0.762732-0.092689j,0.284199-0.138724j,0.862336
0.382625-0.210967j,-0.762686-0.093105j,0.284154-0.138828j,0.862855
0.382413-0.211008j,-0.762641-0.093522j,0.284108-0.138931j,0.863373
0.382201-0.211049j,-0.762595-0.093939j,0.284063-0.139035j,0.863892
0.381989-0.211090j,-0.762548-0.094357j,0.284017-0.139138j,0.864410
0.381777-0.211130j,-0.762502-0.094775j,0.283972-0.139242j,0.864929
0.381565-0.211171j,-0.762455-0.095193j,0.283926-0.139345j,0.865447
0.381353-0.211211j,-0.762408-0.095612j,0.283881-0.139449j,0.865965
0.381141-0.211252j,-0.762361-0.096031j,0.283836-0.139552j,0.866484
0.380929-0.211292j,-0.762314-0.096451j,0.283790-0.139656j,0.867002
0.380718-0.211333j,-0.762266-0.096871j,0.283745-0.139760j,0.867520
0.380506-0.211373j,-0.762219-0.097291j,0.283699-0.139863j,0.868038
0.380294-0.211413j,-0.762171-0.097711j,0.283654-0.139967j,0.868556
0.380083-0.211453j,-0.762122-0.098132j,0.283609-0.140071j,0.869074
0.379872-0.211493j,-0.762074-0.098553j,0.283564-0.140175j,0.869592
0.379660-0.211533j,-0.762025-0.098975j,0.283518-0.140279j,0.870109
0.379449-0.211573j,-0.761977-0.099397j,0.283473-0.140383j,0.870627
0.379238-0.211612j,-0.761927-0.099820j,0.283428-0.140487j,0.871145
0.379027-0.211652j,-0.761878-0.100242j,0.283383-0.140591j,0.871663
0.378815-0.211691j,-0.761829-0.100665j,0.283337-0.140695j,0.872180
0.378604-0.211731j,-0.761779-0.101089j,0.283292-0.140799j,0.872698
0.378393-0.211770j,-0.761729-0.101513j,0.283247-0.140903j,0.873215
0.378183-0.211810j,-0.761679-0.101937j,0.283202-0.141007j,0.873733
0.377972-0.211849j,-0.761628-0.102362j,0.283157-0.141111j,0.874250
0.377761-0.211888j,-0.761578-0.102787j,0.283112-0.141216j,0.874768
0.377550-0.211927j,-0.761527-0.103212j,0.283066-0.141320j,0.875285
0.377340-0.211966j,-0.761476-0.103638j,0.283021-0.141424j,0.875802
0.377129-0.212005j,-0.761424-0.104064j,0.282976-0.141529j,0.876319
0.376919-0.212044j,-0.761373-0.104491j,0.282931-0.141633j,0.876837
0.376708-0.212082j,-0.761321-0.104918j,0.282886-0.141737j,0.877354
0.376498-0.212121j,-0.761269-0.105345j,0.282841-0.141842j,0.877871
0.376288-0.212159j,-0.761216-0.105772j,0.282796-0.141947j,0.878388
0.376077-0.212198j,-0.761164-0.106201j,0.282751-0.142051j,0.878905
0.375867-0.212236j,-0.761111-0.106629j,0.282706-0.142156j,0.879422
0.375657-0.212275j,-0.761058-0.107058j,0.282662-0.142260j,0.879938
0.375447-0.212313j,-0.761005-0.107487j,0.282617-0.142365j,0.880455
0.375237-0.212351j,-0.760952-0.107917j,0.282572-0.142470j,0.880972
0.375027-0.212389j,-0.760898-0.108347j,0.282527-0.142575j,0.881489
0.374818-0.212427j,-0.760844-0.108777j,0.282482-0.142680j,0.882005
0.374608-0.212465j,-0.760790-0.109208j,0.282437-0.142784j,0.882522
0.374398-0.212503j,-0.760736-0.109639j,0.282392-0.142889j,0.883038
0.374189-0.212541j,-0.760681-0.110070j,0.282348-0.142994j,0.883555
0.373979-0.212578j,-0.760626-0.110502j,0.282303-0.143099j,0.884071
0.373770-0.212616j,-0.760571-0.110935j,0.282258-0.143204j,0.884587
0.373560-0.212653j,-0.760516-0.111367j,0.282213-0.143310j,0.885104
0.373351-0.212691j,-0.760460-0.111800j,0.282169-0.143415j,0.885620
0.373142-0.212728j,-0.760405-0.112234j,0.282124-0.143520j,0.886136
0.372932-0.212765j,-0.760349-0.112668j,0.282079-0.143625j,0.886652
0.372723-0.212803j,-0.760292-0.113102j,0.282035-0.143730j,0.887168
0.372514-0.212840j,-0.760236-0.113537j,0.281990-0.143836j,0.887684
0.372305-0.212877j,-0.760179-0.113972j,0.281946-0.143941j,0.888200
0.372096-0.212914j,-0.760122-0.114407j,0.281901-0.144047j,0.888716
0.371887-0.212951j,-0.760065-0.114843j,0.281856-0.144152j,0.889232
0.371679-0.212987j,-0.760007-0.115280j,0.281812-0.144258j,0.889748
0.371470-0.213024j,-0.759950-0.115716j,0.281767-0.144363j,0.890263
0.371261-0.213061j,-0.759892-0.116153j,0.281723-0.144469j,0.890779
0.371053-0.213097j,-0.759834-0.116591j,0.281678-0.144574j,0.891295
0.370844-0.213134j,-0.759775-0.117029j,0.281634-0.144680j,0.891810
0.370636-0.213170j,-0.759716-0.117467j,0.281589-0.144786j,0.892326
0.370427-0.213206j,-0.759657-0.117906j,0.281545-0.144891j,0.892841
0.370219-0.213243j,-0.759598-0.118345j,0.281501-0.144997j,0.893357
0.370011-0.213279j,-0.759539-0.118785j,0.281456-0.145103j,0.893872
0.369803-0.213315j,-0.759479-0.119225j,0.281412-0.145209j,0.894387
0.369594-0.213351j,-0.759419-0.119665j,0.281368-0.145315j,0.894903
0.369386-0.213387j,-0.759359-0.120106j,0.281323-0.145421j,0.895418
0.369178-0.213423j,-0.759299-0.120547j,0.281279-0.145527j,0.895933
0.368971-0.213458j,-0.759238-0.120989j,0.281235-0.145633j,0.896448
0.368763-0.213494j,-0.759177-0.121431j,0.281190-0.145739j,0.896963
0.368555-0.213530j,-0.759116-0.121873j,0.281146-0.145846j,0.897478
0.368347-0.213565j,-0.759054-0.122316j,0.281102-0.145952j,0.897993
0.368140-0.213601j,-0.758993-0.122759j,0.281058-0.146058j,0.898508
0.367932-0.213636j,-0.758931-0.123203j,0.281014-0.146164j,0.899023
0.367725-0.213671j,-0.758869-0.123647j,0.280970-0.146271j,0.899537
0.367517-0.213706j,-0.758806-0.124092j,0.280925-0.146377j,0.900052
0.367310-0.213741j,-0.758744-0.124537j,0.280881-0.146484j,0.900567
0.367102-0.213777j,-0.758681-0.124982j,0.280837-0.146590j,0.901081
0.366895-0.213811j,-0.758617-0.125428j,0.280793-0.146697j,0.901596
0.366688-0.213846j,-0.758554-0.125874j,0.280749-0.146803j,0.902110
0.366481-0.213881j,-0.758490-0.126321j,0.280705-0.146910j,0.902624
0.366274-0.213916j,-0.758426-0.126768j,0.280661-0.147017j,0.903139
0.366067-0.213951j,-0.758362-0.127215j,0.280617-0.147123j,0.903653
0.365860-0.213985j,-0.758297-0.127663j,0.280573-0.147230j,0.904167
0.365653-0.214020j,-0.758233-0.128112j,0.280529-0.147337j,0.904681
0.365447-0.214054j,-0.758168-0.128561j,0.280485-0.147444j,0.905196
0.365240-0.214088j,-0.758102-0.129010j,0.280441-0.147551j,0.905710
0.365033-0.214123j,-0.758037-0.129460j,0.280397-0.147658j,0.906224
0.364827-0.214157j,-0.757971-0.129910j,0.280354-0.147765j,0.906738
0.364620-0.214191j,-0.757905-0.130360j,0.280310-0.147872j,0.907251
0.364414-0.214225j,-0.757838-0.130811j,0.280266-0.147979j,0.907765
0.364207-0.214259j,-0.757772-0.131263j,0.280222-0.148086j,0.908279
0.364001-0.214293j,-0.757705-0.131715j,0.280178-0.148194j,0.908793
0.363795-0.214326j,-0.757638-0.132167j,0.280135-0.148301j,0.909306
0.363589-0.214360j,-0.757570-0.132620j,0.280091-0.148408j,0.909820
0.363383-0.214394j,-0.757503-0.133073j,0.280047-0.148516j,0.910334
0.363177-0.214427j,-0.757435-0.133527j,0.280003-0.148623j,0.910847
0.362971-0.214461j,-0.757367-0.133981j,0.279960-0.148731j,0.911360
0.362765-0.214494j,-0.757298-0.134435j,0.279916-0.148838j,0.911874
0.362559-0.214527j,-0.757229-0.134890j,0.279873-0.148946j,0.912387
0.362353-0.214561j,-0.757160-0.135346j,0.279829-0.149054j,0.912900
0.362148-0.214594j,-0.757091-0.135802j,0.279785-0.149161j,0.913414
0.361942-0.214627j,-0.757021-0.136258j,0.279742-0.149269j,0.913927
0.361736-0.214660j,-0.756951-0.136715j,0.279698-0.149377j,0.914440
0.361531-0.214693j,-0.756881-0.137172j,0.279655-0.149485j,0.914953
0.361326-0.214726j,-0.756811-0.137630j,0.279611-0.149593j,0.915466
0.361120-0.214758j,-0.756740-0.138088j,0.279568-0.149701j,0.915979
0.360915-0.214791j,-0.756669-0.138547j,0.279524-0.149809j,0.916491
0.360710-0.214824j,-0.756598-0.139006j,0.279481-0.149917j,0.917004
0.360505-0.214856j,-0.756526-0.139465j,0.279437-0.150025j,0.917517
0.360300-0.214889j,-0.756455-0.139925j,0.279394-0.150133j,0.918030
0.360095-0.214921j,-0.756383-0.140386j,0.279351-0.150241j,0.918542
0.359890-0.214953j,-0.756310-0.140847j,0.279307-0.150349j,0.919055
0.359685-0.214986j,-0.756238-0.141308j,0.279264-0.150458j,0.919567
0.359480-0.215018j,-0.756165-0.141770j,0.279221-0.150566j,0.920080
0.359275-0.215050j,-0.756091-0.142233j,0.279177-0.150674j,0.920592
0.359071-0.215082j,-0.756018-0.142695j,0.279134-0.150783j,0.921104
0.358866-0.215114j,-0.755944-0.143159j,0.279091-0.150891j,0.921617
0.358662-0.215146j,-0.755870-0.143622j,0.279048-0.151000j,0.922129
0.358457-0.215177j,-0.755796-0.144087j,0.279005-0.151109j,0.922641
0.358253-0.215209j,-0.755721-0.144551j,0.278961-0.151217j,0.923153
0.358048-0.215241j,-0.755646-0.145017j,0.278918-0.151326j,0.923665
0.357844-0.215272j,-0.755571-0.145482j,0.278875-0.151435j,0.924177
0.357640-0.215304j,-0.755495-0.145948j,0.278832-0.151544j,0.924689
0.357436-0.215335j,-0.755419-0.146415j,0.278789-0.151653j,0.925201
0.357232-0.215366j,-0.755343-0.146882j,0.278746-0.151762j,0.925712
0.357028-0.215398j,-0.755267-0.147350j,0.278703-0.151871j,0.926224
0.356824-0.215429j,-0.755190-0.147818j,0.278660-0.151980j,0.926736
0.356620-0.215460j,-0.755113-0.148286j,0.278617-0.152089j,0.927247
0.356416-0.215491j,-0.755036-0.148756j,0.278574-0.152198j,0.927759
0.356213-0.215522j,-0.754958-0.149225j,0.278531-0.152307j,0.928270
0.356009-0.215553j,-0.754881-0.149695j,0.278488-0.152417j,0.928782
0.355805-0.215583j,-0.754802-0.150166j,0.278445-0.152526j,0.929293
0.355602-0.215614j,-0.754724-0.150637j,0.278402-0.152635j,0.929805
0.355398-0.215645j,-0.754645-0.151108j,0.278359-0.152745j,0.930316
0.355195-0.215675j,-0.754566-0.151580j,0.278317-0.152854j,0.930827
0.354992-0.215706j,-0.754487-0.152053j,0.278274-0.152964j,0.931338
0.354788-0.215736j,-0.754407-0.152526j,0.278231-0.153074j,0.931849
0.354585-0.215766j,-0.754327-0.152999j,0.278188-0.153183j,0.932360
0.354382-0.215797j,-0.754247-0.153473j,0.278146-0.153293j,0.932871
0.354179-0.215827j,-0.754166-0.153948j,0.278103-0.153403j,0.933382
0.353976-0.215857j,-0.754085-0.154423j,0.278060-0.153513j,0.933893
0.353773-0.215887j,-0.754004-0.154898j,0.278017-0.153623j,0.934403
0.353570-0.215917j,-0.753923-0.155374j,0.277975-0.153733j,0.934914
0.353368-0.215947j,-0.753841-0.155851j,0.277932-0.153843j,0.935425
0.353165-0.215976j,-0.753759-0.156328j,0.277890-0.153953j,0.935935
0.352962-0.216006j,-0.753676-0.156805j,0.277847-0.154063j,0.936446
0.352760-0.216036j,-0.753594-0.157283j,0.277804-0.154173j,0.936956
0.352557-0.216065j,-0.753511-0.157762j,0.277762-0.154283j,0.937467
0.352355-0.216095j,-0.753427-0.158241j,0.277719-0.154394j,0.937977
0.352153-0.216124j,-0.753344-0.158721j,0.277677-0.154504j,0.938487
0.351950-0.216154j,-0.753260-0.159201j,0.277634-0.154614j,0.938997
0.351748-0.216183j,-0.753175-0.159681j,0.277592-0.154725j,0.939507
0.351546-0.216212j,-0.753091-0.160162j,0.277550-0.154835j,0.940018
0.351344-0.216241j,-0.753006-0.160644j,0.277507-0.154946j,0.940528
0.351142-0.216270j,-0.752921-0.161126j,0.277465-0.155057j,0.941037
0.350940-0.216299j,-0.752835-0.161609j,0.277423-0.155167j,0.941547
0.350738-0.216328j,-0.752749-0.162092j,0.277380-0.155278j,0.942057
0.350536-0.216357j,-0.752663-0.162576j,0.277338-0.155389j,0.942567
0.350334-0.216386j,-0.752576-0.163060j,0.277296-0.155500j,0.943077
0.350133-0.216414j,-0.752489-0.163545j,0.277253-0.155611j,0.943586
0.349931-0.216443j,-0.752402-0.164031j,0.277211-0.155722j,0.944096
0.349730-0.216471j,-0.752315-0.164517j,0.277169-0.155833j,0.944605
0.349528-0.216500j,-0.752227-0.165003j,0.277127-0.155944j,0.945115
0.349327-0.216528j,-0.752139-0.165490j,0.277085-0.156055j,0.945624
0.349125-0.216556j,-0.752050-0.165978j,0.277043-0.156167j,0.946133
0.348924-0.216585j,-0.751962-0.166466j,0.277000-0.156278j,0.946643
0.348723-0.216613j,-0.751872-0.166954j,0.276958-0.156389j,0.947152
0.348522-0.216641j,-0.751783-0.167443j,0.276916-0.156501j,0.947661
0.348321-0.216669j,-0.751693-0.167933j,0.276874-0.156612j,0.948170
0.348120-0.216697j,-0.751603-0.168423j,0.276832-0.156724j,0.948679
0.347919-0.216725j,-0.751512-0.168914j,0.276790-0.156836j,0.949188
0.347718-0.216752j,-0.751422-0.169406j,0.276748-0.156947j,0.949697
0.347517-0.216780j,-0.751331-0.169898j,0.276706-0.157059j,0.950206
0.347316-0.216808j,-0.751239-0.170390j,0.276665-0.157171j,0.950715
0.347116-0.216835j,-0.751147-0.170883j,0.276623-0.157283j,0.951223
0.346915-0.216863j,-0.751055-0.171377j,0.276581-0.157395j,0.951732
0.346714-0.216890j,-0.750963-0.171871j,0.276539-0.157507j,0.952240
0.346514-0.216917j,-0.750870-0.172365j,0.276497-0.157619j,0.952749
0.346314-0.216945j,-0.750777-0.172861j,0.276455-0.157731j,0.953257
0.346113-0.216972j,-0.750683-0.173357j,0.276414-0.157843j,0.953766
0.345913-0.216999j,-0.750589-0.173853j,0.276372-0.157955j,0.954274
0.345713-0.217026j,-0.750495-0.174350j,0.276330-0.158068j,0.954782
0.345513-0.217053j,-0.750400-0.174848j,0.276288-0.158180j,0.955290
0.345313-0.217080j,-0.750305-0.175346j,0.276247-0.158292j,0.955798
0.345113-0.217106j,-0.750210-0.175844j,0.276205-0.158405j,0.956307
0.344913-0.217133j,-0.750115-0.176344j,0.276164-0.158518j,0.956814
0.344713-0.217160j,-0.750019-0.176843j,0.276122-0.158630j,0.957322
0.344513-0.217186j,-0.749922-0.177344j,0.276080-0.158743j,0.957830
0.344313-0.217213j,-0.749826-0.177845j,0.276039-0.158856j,0.958338
0.344114-0.217239j,-0.749729-0.178346j,0.275997-0.158968j,0.958846
0.343914-0.217266j,-0.749631-0.178849j,0.275956-0.159081j,0.959353
0.343715-0.217292j,-0.749534-0.179351j,0.275914-0.159194j,0.959861
0.343515-0.217318j,-0.749435-0.179855j,0.275873-0.159307j,0.960369
0.343316-0.217344j,-0.749337-0.180359j,0.275832-0.159420j,0.960876
0.343116-0.217370j,-0.749238-0.180863j,0.275790-0.159534j,0.961383
0.342917-0.217396j,-0.749139-0.181368j,0.275749-0.159647j,0.961891
0.342718-0.217422j,-0.749039-0.181874j,0.275708-0.159760j,0.962398
0.342519-0.217448j,-0.748940-0.182380j,0.275666-0.159873j,0.962905
0.342320-0.217474j,-0.748839-0.182887j,0.275625-0.159987j,0.963412
0.342121-0.217500j,-0.748739-0.183395j,0.275584-0.160100j,0.963919
0.341922-0.217525j,-0.748638-0.183903j,0.275542-0.160214j,0.964426
0.341723-0.217551j,-0.748536-0.184412j,0.275501-0.160328j,0.964933
0.341524-0.217576j,-0.748435-0.184921j,0.275460-0.160441j,0.965440
0.341326-0.217602j,-0.748332-0.185431j,0.275419-0.160555j,0.965947
0.341127-0.217627j,-0.748230-0.185942j,0.275378-0.160669j,0.966454
0.340928-0.217652j,-0.748127-0.186453j,0.275337-0.160783j,0.966960
0.340730-0.217678j,-0.748024-0.186965j,0.275296-0.160897j,0.967467
0.340531-0.217703j,-0.747920-0.187477j,0.275255-0.161011j,0.967973
0.340333-0.217728j,-0.747816-0.187990j,0.275214-0.161125j,0.968480
0.340135-0.217753j,-0.747712-0.188504j,0.275173-0.161239j,0.968986
0.339936-0.217778j,-0.747607-0.189018j,0.275132-0.161353j,0.969493
0.339738-0.217803j,-0.747502-0.189533j,0.275091-0.161467j,0.969999
0.339540-0.217827j,-0.747397-0.190049j,0.275050-0.161582j,0.970505
0.339342-0.217852j,-0.747291-0.190565j,0.275009-0.161696j,0.971011
0.339144-0.217877j,-0.747184-0.191082j,0.274968-0.161811j,0.971517
0.338946-0.217901j,-0.747078-0.191599j,0.274927-0.161925j,0.972023
0.338748-0.217926j,-0.746971-0.192117j,0.274886-0.162040j,0.972529
0.338551-0.217950j,-0.746863-0.192636j,0.274846-0.162155j,0.973035
0.338353-0.217974j,-0.746755-0.193155j,0.274805-0.162270j,0.973541
0.338155-0.217999j,-0.746647-0.193675j,0.274764-0.162384j,0.974047
0.337958-0.218023j,-0.746539-0.194196j,0.274723-0.162499j,0.974552
0.337760-0.218047j,-0.746430-0.194717j,0.274683-0.162614j,0.975058
0.337563-0.218071j,-0.746320-0.195239j,0.274642-0.162729j,0.975563
0.337366-0.218095j,-0.746210-0.195762j,0.274601-0.162844j,0.976069
0.337168-0.218119j,-0.746100-0.196285j,0.274561-0.162960j,0.976574
0.336971-0.218143j,-0.745989-0.196809j,0.274520-0.163075j,0.977080
0.336774-0.218166j,-0.745878-0.197334j,0.274480-0.163190j,0.977585
0.336577-0.218190j,-0.745767-0.197859j,0.274439-0.163306j,0.978090
0.336380-0.218214j,-0.745655-0.198385j,0.274399-0.163421j,0.978595
0.336183-0.218237j,-0.745543-0.198912j,0.274358-0.163537j,0.979100
0.335986-0.218261j,-0.745430-0.199439j,0.274318-0.163652j,0.979605
0.335789-0.218284j,-0.745317-0.199967j,0.274277-0.163768j,0.980110
0.335592-0.218308j,-0.745204-0.200495j,0.274237-0.163884j,0.980615
0.335396-0.218331j,-0.745090-0.201025j,0.274197-0.164000j,0.981120
0.335199-0.218354j,-0.744976-0.201555j,0.274156-0.164116j,0.981624
0.335002-0.218377j,-0.744861-0.202085j,0.274116-0.164232j,0.982129
0.334806-0.218400j,-0.744746-0.202617j,0.274076-0.164348j,0.982634
0.334610-0.218423j,-0.744630-0.203149j,0.274036-0.164464j,0.983138
0.334413-0.218446j,-0.744515-0.203681j,0.273995-0.164580j,0.983643
0.334217-0.218469j,-0.744398-0.204215j,0.273955-0.164696j,0.984147
0.334021-0.218492j,-0.744281-0.204749j,0.273915-0.164813j,0.984651
0.333825-0.218514j,-0.744164-0.205284j,0.273875-0.164929j,0.985155
0.333629-0.218537j,-0.744047-0.205819j,0.273835-0.165046j,0.985660
0.333432-0.218559j,-0.743928-0.206355j,0.273795-0.165162j,0.986164
0.333237-0.218582j,-0.743810-0.206892j,0.273755-0.165279j,0.986668
0.333041-0.218604j,-0.743691-0.207430j,0.273715-0.165396j,0.987172
0.332845-0.218627j,-0.743572-0.207968j,0.273675-0.165513j,0.987676
0.332649-0.218649j,-0.743452-0.208507j,0.273635-0.165629j,0.988179
0.332453-0.218671j,-0.743332-0.209047j,0.273595-0.165746j,0.988683
0.332258-0.218693j,-0.743211-0.209587j,0.273555-0.165863j,0.989187
0.332062-0.218715j,-0.743090-0.210129j,0.273515-0.165981j,0.989690
0.331867-0.218737j,-0.742968-0.210670j,0.273475-0.166098j,0.990194
0.331671-0.218759j,-0.742846-0.211213j,0.273435-0.166215j,0.990697
0.331476-0.218781j,-0.742724-0.211756j,0.273396-0.166332j,0.991201
0.331281-0.218803j,-0.742601-0.212301j,0.273356-0.166450j,0.991704
0.331086-0.218825j,-0.742478-0.212845j,0.273316-0.166567j,0.992207
0.330890-0.218846j,-0.742354-0.213391j,0.273276-0.166685j,0.992710
0.330695-0.218868j,-0.742230-0.213937j,0.273237-0.166803j,0.993213
0.330500-0.218889j,-0.742105-0.214484j,0.273197-0.166920j,0.993716
0.330305-0.218911j,-0.741980-0.215032j,0.273158-0.167038j,0.994219
0.330111-0.218932j,-0.741854-0.215581j,0.273118-0.167156j,0.994722
0.329916-0.218953j,-0.741728-0.216130j,0.273078-0.167274j,0.995225
0.329721-0.218975j,-0.741602-0.216680j,0.273039-0.167392j,0.995728
0.329526-0.218996j,-0.741475-0.217231j,0.272999-0.167510j,0.996230
0.329332-0.219017j,-0.741348-0.217782j,0.272960-0.167628j,0.996733
0.329137-0.219038j,-0.741220-0.218335j,0.272921-0.167747j,0.997236
0.328943-0.219059j,-0.741091-0.218888j,0.272881-0.167865j,0.997738
0.328748-0.219080j,-0.740963-0.219442j,0.272842-0.167983j,0.998240
0.328554-0.219100j,-0.740833-0.219996j,0.272802-0.168102j,0.998743
0.328360-0.219121j,-0.740704-0.220552j,0.272763-0.168220j,0.999245
0.328166-0.219142j,-0.740573-0.221108j,0.272724-0.168339j,0.999747
0.327971-0.219162j,-0.740443-0.221665j,0.272685-0.168458j,1.000249
0.327777-0.219183j,-0.740311-0.222222j,0.272645-0.168577j,1.000751
0.327583-0.219203j,-0.740180-0.222781j,0.272606-0.168696j,1.001253
0.327390-0.219224j,-0.740048-0.223340j,0.272567-0.168815j,1.001755
0.327196-0.219244j,-0.739915-0.223900j,0.272528-0.168934j,1.002257
0.327002-0.219264j,-0.739782-0.224461j,0.272489-0.169053j,1.002759
0.326808-0.219284j,-0.739648-0.225023j,0.272450-0.169172j,1.003260
0.326614-0.219305j,-0.739514-0.225586j,0.272411-0.169291j,1.003762
0.326421-0.219325j,-0.739380-0.226149j,0.272372-0.169411j,1.004263
0.326227-0.219345j,-0.739245-0.226713j,0.272333-0.169530j,1.004765
0.326034-0.219364j,-0.739109-0.227278j,0.272294-0.169650j,1.005266
0.325841-0.219384j,-0.738973-0.227844j,0.272255-0.169769j,1.005767
0.325647-0.219404j,-0.738836-0.228410j,0.272216-0.169889j,1.006268
0.325454-0.219424j,-0.738699-0.228978j,0.272177-0.170009j,1.006770
0.325261-0.219443j,-0.738562-0.229546j,0.272138-0.170129j,1.007271
0.325068-0.219463j,-0.738424-0.230115j,0.272099-0.170249j,1.007772
0.324875-0.219482j,-0.738285-0.230685j,0.272061-0.170369j,1.008273
0.324682-0.219502j,-0.738146-0.231256j,0.272022-0.170489j,1.008773
0.324489-0.219521j,-0.738006-0.231827j,0.271983-0.170609j,1.009274
0.324296-0.219541j,-0.737866-0.232400j,0.271945-0.170730j,1.009775
0.324103-0.219560j,-0.737726-0.232973j,0.271906-0.170850j,1.010275
0.323910-0.219579j,-0.737585-0.233547j,0.271867-0.170971j,1.010776
0.323718-0.219598j,-0.737443-0.234122j,0.271829-0.171091j,1.011276
0.323525-0.219617j,-0.737301-0.234698j,0.271790-0.171212j,1.011777
0.323333-0.219636j,-0.737158-0.235274j,0.271752-0.171332j,1.012277
0.323140-0.219655j,-0.737015-0.235852j,0.271713-0.171453j,1.012777
0.322948-0.219674j,-0.736871-0.236430j,0.271675-0.171574j,1.013278
0.322755-0.219692j,-0.736727-0.237010j,0.271636-0.171695j,1.013778
0.322563-0.219711j,-0.736582-0.237590j,0.271598-0.171816j,1.014278
0.322371-0.219730j,-0.736436-0.238171j,0.271560-0.171937j,1.014778
0.322179-0.219748j,-0.736291-0.238753j,0.271521-0.172059j,1.015277
0.321987-0.219767j,-0.736144-0.239336j,0.271483-0.172180j,1.015777
0.321795-0.219785j,-0.735997-0.239919j,0.271445-0.172301j,1.016277
0.321603-0.219803j,-0.735850-0.240504j,0.271407-0.172423j,1.016776
0.321411-0.219822j,-0.735701-0.241089j,0.271368-0.172545j,1.017276
0.321219-0.219840j,-0.735553-0.241676j,0.271330-0.172666j,1.017776
0.321028-0.219858j,-0.735404-0.242263j,0.271292-0.172788j,1.018275
0.320836-0.219876j,-0.735254-0.242851j,0.271254-0.172910j,1.018774
0.320644-0.219894j,-0.735104-0.243440j,0.271216-0.173032j,1.019273
0.320453-0.219912j,-0.734953-0.244031j,0.271178-0.173154j,1.019773
0.320262-0.219930j,-0.734801-0.244622j,0.271140-0.173276j,1.020272
0.320070-0.219948j,-0.734649-0.245213j,0.271102-0.173398j,1.020771
0.319879-0.219965j,-0.734497-0.245806j,0.271064-0.173521j,1.021270
0.319688-0.219983j,-0.734344-0.246400j,0.271026-0.173643j,1.021769
0.319496-0.220000j,-0.734190-0.246995j,0.270988-0.173765j,1.022267
0.319305-0.220018j,-0.734036-0.247590j,0.270951-0.173888j,1.022766
0.319114-0.220035j,-0.733881-0.248187j,0.270913-0.174011j,1.023265
0.318923-0.220053j,-0.733725-0.248785j,0.270875-0.174133j,1.023763
0.318732-0.220070j,-0.733569-0.249383j,0.270837-0.174256j,1.024262
0.318542-0.220087j,-0.733413-0.249983j,0.270800-0.174379j,1.024760
0.318351-0.220105j,-0.733255-0.250583j,0.270762-0.174502j,1.025258
0.318160-0.220122j,-0.733098-0.251184j,0.270724-0.174625j,1.025757
0.317969-0.220139j,-0.732939-0.251787j,0.270687-0.174749j,1.026255
0.317779-0.220156j,-0.732780-0.252390j,0.270649-0.174872j,1.026753
0.317588-0.220173j,-0.732621-0.252995j,0.270612-0.174995j,1.027251
0.317398-0.220190j,-0.732460-0.253600j,0.270574-0.175119j,1.027749
0.317208-0.220206j,-0.732300-0.254206j,0.270537-0.175242j,1.028247
0.317017-0.220223j,-0.732138-0.254814j,0.270499-0.175366j,1.028744
0.316827-0.220240j,-0.731976-0.255422j,0.270462-0.175490j,1.029242
0.316637-0.220256j,-0.731814-0.256031j,0.270425-0.175614j,1.029740
0.316447-0.220273j,-0.731650-0.256642j,0.270387-0.175738j,1.030237
0.316257-0.220289j,-0.731486-0.257253j,0.270350-0.175862j,1.030735
0.316067-0.220306j,-0.731322-0.257865j,0.270313-0.175986j,1.031232
0.315877-0.220322j,-0.731157-0.258479j,0.270276-0.176110j,1.031729
0.315687-0.220338j,-0.730991-0.259093j,0.270238-0.176234j,1.032226
0.315497-0.220354j,-0.730825-0.259709j,0.270201-0.176359j,1.032723
0.315308-0.220370j,-0.730658-0.260325j,0.270164-0.176483j,1.033221
0.315118-0.220387j,-0.730490-0.260943j,0.270127-0.176608j,1.033717
0.314928-0.220403j,-0.730322-0.261562j,0.270090-0.176733j,1.034214
0.314739-0.220418j,-0.730153-0.262181j,0.270053-0.176857j,1.034711
0.314550-0.220434j,-0.729983-0.262802j,0.270016-0.176982j,1.035208
0.314360-0.220450j,-0.729813-0.263424j,0.269979-0.177107j,1.035705
0.314171-0.220466j,-0.729642-0.264047j,0.269942-0.177232j,1.036201
0.313982-0.220481j,-0.729470-0.264671j,0.269906-0.177357j,1.036698
0.313793-0.220497j,-0.729298-0.265296j,0.269869-0.177483j,1.037194
0.313603-0.220513j,-0.729125-0.265922j,0.269832-0.177608j,1.037690
0.313414-0.220528j,-0.728952-0.266549j,0.269795-0.177734j,1.038186
0.313225-0.220543j,-0.728778-0.267178j,0.269759-0.177859j,1.038683
0.313037-0.220559j,-0.728603-0.267807j,0.269722-0.177985j,1.039179
0.312848-0.220574j,-0.728427-0.268438j,0.269685-0.178111j,1.039675
0.312659-0.220589j,-0.728251-0.269069j,0.269649-0.178236j,1.040171
0.312470-0.220604j,-0.728074-0.269702j,0.269612-0.178362j,1.040666
0.312282-0.220619j,-0.727896-0.270336j,0.269576-0.178488j,1.041162
0.312093-0.220634j,-0.727718-0.270971j,0.269539-0.178615j,1.041658
0.311905-0.220649j,-0.727539-0.271607j,0.269503-0.178741j,1.042153
0.311716-0.220664j,-0.727359-0.272245j,0.269466-0.178867j,1.042649
0.311528-0.220679j,-0.727179-0.272883j,0.269430-0.178994j,1.043144
0.311340-0.220694j,-0.726998-0.273523j,0.269394-0.179120j,1.043640
0.311151-0.220708j,-0.726816-0.274164j,0.269357-0.179247j,1.044135
0.310963-0.220723j,-0.726633-0.274806j,0.269321-0.179374j,1.044630
0.310775-0.220738j,-0.726450-0.275449j,0.269285-0.179501j,1.045125
0.310587-0.220752j,-0.726266-0.276093j,0.269249-0.179627j,1.045620
0.310399-0.220766j,-0.726081-0.276739j,0.269213-0.179755j,1.046115
0.310211-0.220781j,-0.725896-0.277385j,0.269177-0.179882j,1.046610
0.310023-0.220795j,-0.725709-0.278033j,0.269141-0.180009j,1.047104
0.309836-0.220809j,-0.725522-0.278683j,0.269104-0.180136j,1.047599
0.309648-0.220823j,-0.725335-0.279333j,0.269069-0.180264j,1.048094
0.309460-0.220838j,-0.725146-0.279984j,0.269033-0.180391j,1.048588
0.309273-0.220852j,-0.724957-0.280637j,0.268997-0.180519j,1.049082
0.309085-0.220866j,-0.724767-0.281291j,0.268961-0.180647j,1.049577
0.308898-0.220879j,-0.724576-0.281947j,0.268925-0.180775j,1.050071
0.308711-0.220893j,-0.724385-0.282603j,0.268889-0.180903j,1.050565
0.308523-0.220907j,-0.724193-0.283261j,0.268853-0.181031j,1.051059
0.308336-0.220921j,-0.724000-0.283920j,0.268818-0.181159j,1.051553
0.308149-0.220934j,-0.723806-0.284580j,0.268782-0.181287j,1.052047
0.307962-0.220948j,-0.723611-0.285242j,0.268746-0.181416j,1.052541
0.307775-0.220961j,-0.723416-0.285905j,0.268711-0.181544j,1.053035
0.307588-0.220975j,-0.723220-0.286569j,0.268675-0.181673j,1.053528
0.307401-0.220988j,-0.723023-0.287234j,0.268640-0.181801j,1.054022
0.307214-0.221002j,-0.722825-0.287901j,0.268604-0.181930j,1.054515
0.307027-0.221015j,-0.722627-0.288569j,0.268569-0.182059j,1.055009
0.306841-0.221028j,-0.722427-0.289239j,0.268534-0.182188j,1.055502
0.306654-0.221041j,-0.722227-0.289910j,0.268498-0.182317j,1.055995
0.306467-0.221054j,-0.722026-0.290582j,0.268463-0.182447j,1.056488
0.306281-0.221067j,-0.721824-0.291255j,0.268428-0.182576j,1.056981
0.306095-0.221080j,-0.721622-0.291930j,0.268392-0.182705j,1.057474
0.305908-0.221093j,-0.721418-0.292606j,0.268357-0.182835j,1.057967
0.305722-0.221106j,-0.721214-0.293283j,0.268322-0.182965j,1.058460
0.305536-0.221119j,-0.721009-0.293962j,0.268287-0.183094j,1.058952
0.305350-0.221131j,-0.720803-0.294643j,0.268252-0.183224j,1.059445
0.305163-0.221144j,-0.720596-0.295324j,0.268217-0.183354j,1.059937
0.304977-0.221156j,-0.720388-0.296007j,0.268182-0.183484j,1.060430
0.304792-0.221169j,-0.720180-0.296692j,0.268147-0.183615j,1.060922
0.304606-0.221181j,-0.719970-0.297378j,0.268112-0.183745j,1.061414
0.304420-0.221194j,-0.719760-0.298065j,0.268077-0.183875j,1.061906
0.304234-0.221206j,-0.719549-0.298754j,0.268043-0.184006j,1.062398
0.304048-0.221218j,-0.719337-0.299444j,0.268008-0.184136j,1.062890
0.303863-0.221230j,-0.719124-0.300135j,0.267973-0.184267j,1.063382
0.303677-0.221242j,-0.718910-0.300828j,0.267938-0.184398j,1.063874
0.303492-0.221254j,-0.718695-0.301523j,0.267904-0.184529j,1.064366
0.303306-0.221266j,-0.718479-0.302219j,0.267869-0.184660j,1.064857
0.303121-0.221278j,-0.718263-0.302917j,0.267835-0.184791j,1.065349
0.302936-0.221290j,-0.718045-0.303616j,0.267800-0.184923j,1.065840
0.302750-0.221302j,-0.717827-0.304316j,0.267766-0.185054j,1.066332
0.302565-0.221314j,-0.717607-0.305018j,0.267731-0.185186j,1.066823
0.302380-0.221325j,-0.717387-0.305722j,0.267697-0.185317j,1.067314
0.302195-0.221337j,-0.717166-0.306427j,0.267663-0.185449j,1.067805
0.302010-0.221349j,-0.716944-0.307133j,0.267628-0.185581j,1.068296
0.301825-0.221360j,-0.716721-0.307842j,0.267594-0.185713j,1.068787
0.301641-0.221371j,-0.716496-0.308551j,0.267560-0.185845j,1.069278
0.301456-0.221383j,-0.716271-0.309263j,0.267526-0.185977j,1.069768
0.301456-0.221383j,-0.716271-0.309263j,0.267526-0.185977j,1.069768
0.301456-0.220880j,-0.718244-0.309747j,0.267173-0.185862j,1.071104
0.301451-0.220377j,-0.720218-0.310241j,0.266818-0.185749j,1.072443
0.301438-0.219875j,-0.722193-0.310746j,0.266461-0.185640j,1.073786
0.301420-0.219373j,-0.724170-0.311262j,0.266103-0.185534j,1.075132
0.301395-0.218871j,-0.726149-0.311789j,0.265743-0.185431j,1.076481
0.301364-0.218369j,-0.728129-0.312326j,0.265381-0.185331j,1.077834
0.301327-0.217868j,-0.730110-0.312874j,0.265017-0.185234j,1.079190
0.301283-0.217367j,-0.732093-0.313433j,0.264652-0.185141j,1.080550
0.301233-0.216867j,-0.734077-0.314004j,0.264284-0.185051j,1.081913
0.301177-0.216367j,-0.736062-0.314585j,0.263916-0.184964j,1.083280
0.301115-0.215868j,-0.738048-0.315177j,0.263545-0.184881j,1.084650
0.301046-0.215371j,-0.740036-0.315781j,0.263173-0.184801j,1.086024
0.300971-0.214874j,-0.742025-0.316396j,0.262799-0.184724j,1.087401
0.300890-0.214377j,-0.744015-0.317022j,0.262424-0.184651j,1.088783
0.300802-0.213883j,-0.746006-0.317660j,0.262047-0.184582j,1.090167
0.300709-0.213389j,-0.747999-0.318310j,0.261668-0.184515j,1.091556
0.300609-0.212896j,-0.749992-0.318971j,0.261288-0.184453j,1.092948
0.300503-0.212405j,-0.751986-0.319644j,0.260906-0.184393j,1.094344
0.300391-0.211915j,-0.753981-0.320329j,0.260523-0.184338j,1.095743
0.300272-0.211426j,-0.755977-0.321025j,0.260138-0.184286j,1.097147
0.300148-0.210939j,-0.757974-0.321734j,0.259752-0.184238j,1.098554
0.300017-0.210454j,-0.759971-0.322454j,0.259364-0.184193j,1.099965
0.299880-0.209970j,-0.761969-0.323187j,0.258975-0.184152j,1.101379
0.299738-0.209488j,-0.763968-0.323932j,0.258585-0.184115j,1.102798
0.299589-0.209008j,-0.765967-0.324689j,0.258193-0.184081j,1.104220
0.299434-0.208530j,-0.767967-0.325458j,0.257799-0.184051j,1.105647
0.299273-0.208054j,-0.769968-0.326240j,0.257405-0.184025j,1.107077
0.299107-0.207579j,-0.771969-0.327035j,0.257009-0.184003j,1.108511
0.298934-0.207107j,-0.773970-0.327842j,0.256611-0.183985j,1.109950
0.298755-0.206638j,-0.775971-0.328662j,0.256213-0.183971j,1.111392
0.298571-0.206170j,-0.777973-0.329494j,0.255813-0.183960j,1.112838
0.298380-0.205705j,-0.779975-0.330340j,0.255412-0.183954j,1.114288
0.298184-0.205242j,-0.781976-0.331198j,0.255009-0.183952j,1.115743
0.297982-0.204782j,-0.783978-0.332070j,0.254606-0.183953j,1.117201
0.297774-0.204324j,-0.785980-0.332954j,0.254201-0.183959j,1.118664
0.297561-0.203869j,-0.787982-0.333852j,0.253796-0.183969j,1.120131
0.297341-0.203417j,-0.789983-0.334763j,0.253389-0.183983j,1.121601
0.297116-0.202967j,-0.791984-0.335688j,0.252981-0.184001j,1.123077
0.296886-0.202521j,-0.793985-0.336626j,0.252572-0.184023j,1.124556
0.296650-0.202077j,-0.795985-0.337577j,0.252162-0.184049j,1.126039
0.296408-0.201636j,-0.797985-0.338542j,0.251751-0.184080j,1.127527
0.296161-0.201198j,-0.799984-0.339521j,0.251339-0.184115j,1.129019
0.295908-0.200764j,-0.801982-0.340514j,0.250926-0.184154j,1.130515
0.295650-0.200333j,-0.803980-0.341520j,0.250513-0.184198j,1.132016
0.295387-0.199905j,-0.805976-0.342541j,0.250098-0.184246j,1.133521
0.295118-0.199480j,-0.807972-0.343575j,0.249683-0.184299j,1.135030
0.294843-0.199059j,-0.809966-0.344624j,0.249267-0.184356j,1.136544
0.294564-0.198641j,-0.811960-0.345687j,0.248850-0.184417j,1.138062
0.294279-0.198227j,-0.813952-0.346764j,0.248432-0.184483j,1.139584
0.293989-0.197816j,-0.815943-0.347856j,0.248014-0.184553j,1.141111
0.293694-0.197409j,-0.817932-0.348962j,0.247595-0.184628j,1.142643
0.293394-0.197006j,-0.819919-0.350082j,0.247175-0.184708j,1.144178
0.293089-0.196606j,-0.821905-0.351218j,0.246755-0.184792j,1.145719
0.292779-0.196211j,-0.823889-0.352368j,0.246334-0.184881j,1.147264
0.292464-0.195819j,-0.825871-0.353532j,0.245913-0.184975j,1.148813
0.292144-0.195431j,-0.827851-0.354712j,0.245491-0.185074j,1.150367
0.291819-0.195048j,-0.829829-0.355907j,0.245069-0.185177j,1.151926
0.291489-0.194668j,-0.831805-0.357116j,0.244647-0.185285j,1.153489
0.291155-0.194293j,-0.833778-0.358341j,0.244224-0.185398j,1.155057
0.290816-0.193922j,-0.835749-0.359581j,0.243801-0.185516j,1.156629
0.290472-0.193555j,-0.837717-0.360837j,0.243377-0.185638j,1.158207
0.290124-0.193193j,-0.839682-0.362107j,0.242954-0.185766j,1.159788
0.289771-0.192835j,-0.841645-0.363393j,0.242530-0.185899j,1.161375
0.289414-0.192481j,-0.843604-0.364695j,0.242106-0.186037j,1.162966
0.289052-0.192132j,-0.845560-0.366012j,0.241682-0.186179j,1.164562
0.288686-0.191788j,-0.847513-0.367345j,0.241258-0.186327j,1.166163
0.288316-0.191448j,-0.849463-0.368694j,0.240834-0.186480j,1.167768
0.287941-0.191113j,-0.851409-0.370058j,0.240410-0.186638j,1.169378
0.287562-0.190782j,-0.853351-0.371439j,0.239986-0.186802j,1.170994
0.287180-0.190457j,-0.855289-0.372835j,0.239562-0.186970j,1.172613
0.286793-0.190136j,-0.857223-0.374247j,0.239139-0.187144j,1.174238
0.286402-0.189820j,-0.859153-0.375676j,0.238715-0.187324j,1.175868
0.286007-0.189509j,-0.861079-0.377120j,0.238292-0.187508j,1.177502
0.285608-0.189203j,-0.863001-0.378581j,0.237870-0.187698j,1.179141
0.285205-0.188902j,-0.864917-0.380058j,0.237447-0.187893j,1.180786
0.284799-0.188606j,-0.866829-0.381552j,0.237026-0.188094j,1.182435
0.284389-0.188315j,-0.868736-0.383062j,0.236605-0.188300j,1.184089
0.283975-0.188030j,-0.870638-0.384588j,0.236184-0.188512j,1.185748
0.283558-0.187749j,-0.872534-0.386131j,0.235764-0.188729j,1.187412
0.283137-0.187474j,-0.874425-0.387690j,0.235345-0.188952j,1.189080
0.282713-0.187204j,-0.876311-0.389266j,0.234926-0.189181j,1.190754
0.282286-0.186940j,-0.878190-0.390859j,0.234508-0.189415j,1.192433
0.281855-0.186681j,-0.880064-0.392469j,0.234091-0.189655j,1.194117
0.281421-0.186427j,-0.881931-0.394095j,0.233675-0.189901j,1.195805
0.280984-0.186179j,-0.883793-0.395738j,0.233260-0.190152j,1.197499
0.280544-0.185937j,-0.885647-0.397399j,0.232847-0.190409j,1.199198
0.280101-0.185699j,-0.887495-0.399076j,0.232434-0.190673j,1.200902
0.279654-0.185468j,-0.889336-0.400770j,0.232022-0.190941j,1.202611
0.279205-0.185242j,-0.891170-0.402481j,0.231612-0.191216j,1.204325
0.278753-0.185022j,-0.892997-0.404209j,0.231203-0.191497j,1.206044
0.278299-0.184807j,-0.894816-0.405954j,0.230796-0.191784j,1.207768
0.277842-0.184599j,-0.896628-0.407716j,0.230390-0.192077j,1.209497
0.277382-0.184396j,-0.898431-0.409496j,0.229985-0.192376j,1.211231
0.276919-0.184198j,-0.900227-0.411292j,0.229583-0.192681j,1.212970
0.276455-0.184007j,-0.902014-0.413106j,0.229182-0.192992j,1.214714
0.275987-0.183822j,-0.903793-0.414937j,0.228782-0.193309j,1.216464
0.275518-0.183642j,-0.905563-0.416786j,0.228385-0.193632j,1.218218
0.275046-0.183468j,-0.907324-0.418651j,0.227990-0.193962j,1.219978
0.274573-0.183300j,-0.909076-0.420534j,0.227596-0.194298j,1.221742
0.274097-0.183139j,-0.910819-0.422434j,0.227205-0.194640j,1.223512
0.273619-0.182983j,-0.912553-0.424352j,0.226816-0.194988j,1.225287
0.273139-0.182833j,-0.914276-0.426286j,0.226429-0.195343j,1.227066
0.272657-0.182689j,-0.915990-0.428238j,0.226045-0.195704j,1.228851
0.272174-0.182551j,-0.917693-0.430208j,0.225663-0.196072j,1.230641
0.271689-0.182420j,-0.919386-0.432194j,0.225284-0.196446j,1.232437
0.271202-0.182294j,-0.921068-0.434198j,0.224908-0.196827j,1.234237
0.270714-0.182175j,-0.922740-0.436219j,0.224534-0.197214j,1.236042
0.270224-0.182062j,-0.924400-0.438258j,0.224163-0.197608j,1.237852
0.269733-0.181954j,-0.926049-0.440313j,0.223796-0.198008j,1.239668
0.269241-0.181854j,-0.927686-0.442386j,0.223431-0.198415j,1.241488
0.268747-0.181759j,-0.929312-0.444476j,0.223069-0.198828j,1.243314
0.268252-0.181670j,-0.930926-0.446583j,0.222711-0.199248j,1.245144
0.267756-0.181588j,-0.932527-0.448707j,0.222356-0.199675j,1.246980
0.267259-0.181512j,-0.934116-0.450849j,0.222005-0.200108j,1.248820
0.266762-0.181442j,-0.935692-0.453007j,0.221658-0.200548j,1.250666
0.266263-0.181379j,-0.937255-0.455183j,0.221314-0.200995j,1.252516
0.265764-0.181321j,-0.938805-0.457375j,0.220974-0.201449j,1.254372
0.265264-0.181271j,-0.940341-0.459584j,0.220638-0.201910j,1.256233
0.264763-0.181226j,-0.941864-0.461810j,0.220307-0.202377j,1.258098
0.264262-0.181187j,-0.943373-0.464053j,0.219979-0.202851j,1.259969
0.263760-0.181155j,-0.944867-0.466313j,0.219656-0.203332j,1.261844
0.263258-0.181130j,-0.946348-0.468589j,0.219338-0.203820j,1.263724
0.262756-0.181110j,-0.947813-0.470882j,0.219024-0.204315j,1.265610
0.262253-0.181097j,-0.949263-0.473191j,0.218715-0.204816j,1.267500
0.261751-0.181090j,-0.950699-0.475516j,0.218411-0.205325j,1.269395
0.261248-0.181090j,-0.952119-0.477858j,0.218113-0.205840j,1.271294
0.260745-0.181095j,-0.953523-0.480216j,0.217819-0.206363j,1.273199
0.260243-0.181107j,-0.954911-0.482591j,0.217531-0.206892j,1.275109
0.259741-0.181126j,-0.956283-0.484981j,0.217249-0.207428j,1.277023
0.259239-0.181151j,-0.957639-0.487387j,0.216972-0.207971j,1.278942
0.258737-0.181182j,-0.958978-0.489809j,0.216701-0.208521j,1.280865
0.258236-0.181219j,-0.960300-0.492246j,0.216436-0.209078j,1.282794
0.257735-0.181263j,-0.961605-0.494699j,0.216178-0.209642j,1.284727
0.257235-0.181312j,-0.962893-0.497168j,0.215925-0.210213j,1.286665
0.256735-0.181369j,-0.964163-0.499652j,0.215680-0.210791j,1.288607
0.256236-0.181431j,-0.965415-0.502151j,0.215441-0.211375j,1.290554
0.255739-0.181500j,-0.966649-0.504665j,0.215209-0.211966j,1.292506
0.255241-0.181575j,-0.967864-0.507194j,0.214984-0.212565j,1.294462
0.254745-0.181656j,-0.969061-0.509737j,0.214767-0.213169j,1.296422
0.254250-0.181743j,-0.970239-0.512295j,0.214557-0.213781j,1.298388
0.253757-0.181837j,-0.971398-0.514868j,0.214355-0.214400j,1.300357
0.253264-0.181937j,-0.972538-0.517454j,0.214161-0.215025j,1.302331
0.252773-0.182043j,-0.973658-0.520055j,0.213975-0.215656j,1.304309
0.252283-0.182155j,-0.974758-0.522670j,0.213797-0.216295j,1.306292
0.251794-0.182274j,-0.975838-0.525298j,0.213628-0.216939j,1.308279
0.251307-0.182398j,-0.976898-0.527940j,0.213467-0.217591j,1.310270
0.250822-0.182529j,-0.977938-0.530595j,0.213316-0.218248j,1.312266
0.250338-0.182665j,-0.978956-0.533264j,0.213173-0.218912j,1.314266
0.249856-0.182808j,-0.979954-0.535945j,0.213041-0.219582j,1.316270
0.249376-0.182957j,-0.980930-0.538639j,0.212917-0.220258j,1.318278
0.248898-0.183112j,-0.981886-0.541345j,0.212804-0.220941j,1.320290
0.248422-0.183273j,-0.982819-0.544064j,0.212701-0.221629j,1.322306
0.247947-0.183439j,-0.983731-0.546795j,0.212608-0.222323j,1.324326
0.247475-0.183612j,-0.984620-0.549537j,0.212525-0.223023j,1.326350
0.247005-0.183791j,-0.985488-0.552292j,0.212454-0.223728j,1.328378
0.246538-0.183975j,-0.986333-0.555057j,0.212394-0.224439j,1.330410
0.246073-0.184166j,-0.987155-0.557834j,0.212344-0.225155j,1.332446
0.245610-0.184362j,-0.987954-0.560622j,0.212307-0.225876j,1.334485
0.245150-0.184564j,-0.988730-0.563420j,0.212281-0.226602j,1.336528
0.244692-0.184772j,-0.989483-0.566229j,0.212268-0.227333j,1.338575
0.244237-0.184985j,-0.990213-0.569047j,0.212266-0.228068j,1.340626
0.243785-0.185205j,-0.990919-0.571876j,0.212277-0.228808j,1.342680
0.243335-0.185429j,-0.991601-0.574714j,0.212301-0.229552j,1.344738
0.242888-0.185660j,-0.992259-0.577562j,0.212338-0.230300j,1.346799
0.242445-0.185896j,-0.992894-0.580419j,0.212389-0.231051j,1.348864
0.242004-0.186138j,-0.993503-0.583284j,0.212453-0.231807j,1.350932
0.241566-0.186385j,-0.994089-0.586158j,0.212530-0.232565j,1.353003
0.241132-0.186638j,-0.994649-0.589040j,0.212622-0.233326j,1.355078
0.240701-0.186896j,-0.995185-0.591930j,0.212728-0.234090j,1.357156
0.240272-0.187159j,-0.995696-0.594828j,0.212849-0.234856j,1.359237
0.239848-0.187428j,-0.996182-0.597733j,0.212984-0.235625j,1.361321
0.239427-0.187702j,-0.996642-0.600645j,0.213134-0.236395j,1.363409
0.239009-0.187982j,-0.997078-0.603564j,0.213299-0.237166j,1.365499
0.238594-0.188267j,-0.997487-0.606490j,0.213480-0.237938j,1.367593
0.238184-0.188556j,-0.997872-0.609421j,0.213677-0.238711j,1.369689
0.237777-0.188851j,-0.998230-0.612358j,0.213889-0.239485j,1.371788
0.237374-0.189152j,-0.998563-0.615301j,0.214117-0.240258j,1.373890
0.236974-0.189457j,-0.998869-0.618249j,0.214361-0.241030j,1.375995
0.236579-0.189767j,-0.999150-0.621202j,0.214621-0.241802j,1.378103
0.236187-0.190082j,-0.999404-0.624159j,0.214898-0.242572j,1.380213
0.235799-0.190402j,-0.999633-0.627120j,0.215192-0.243340j,1.382326
0.235416-0.190727j,-0.999835-0.630086j,0.215502-0.244106j,1.384442
0.235036-0.191056j,-1.000010-0.633055j,0.215828-0.244869j,1.386560
0.234661-0.191391j,-1.000159-0.636027j,0.216172-0.245628j,1.388680
0.234290-0.191730j,-1.000282-0.639002j,0.216533-0.246384j,1.390803
0.233923-0.192074j,-1.000378-0.641979j,0.216910-0.247136j,1.392928
0.233561-0.192422j,-1.000447-0.644959j,0.217304-0.247882j,1.395056
0.233203-0.192775j,-1.000490-0.647940j,0.217716-0.248624j,1.397186
0.232849-0.193132j,-1.000506-0.650923j,0.218144-0.249359j,1.399318
0.232500-0.193494j,-1.000495-0.653908j,0.218589-0.250088j,1.401452
0.232156-0.193860j,-1.000457-0.656893j,0.219051-0.250809j,1.403588
0.231816-0.194230j,-1.000393-0.659879j,0.219530-0.251524j,1.405726
0.231481-0.194605j,-1.000301-0.662864j,0.220025-0.252230j,1.407866
0.231150-0.194983j,-1.000183-0.665850j,0.220537-0.252927j,1.410008
0.230824-0.195366j,-1.000038-0.668835j,0.221065-0.253615j,1.412152
0.230504-0.195753j,-0.999866-0.671819j,0.221610-0.254293j,1.414297
0.230188-0.196144j,-0.999668-0.674803j,0.222170-0.254961j,1.416445
0.229877-0.196539j,-0.999442-0.677784j,0.222745-0.255618j,1.418594
0.229571-0.196938j,-0.999190-0.680764j,0.223336-0.256264j,1.420744
0.229270-0.197341j,-0.998911-0.683741j,0.223943-0.256898j,1.422897
0.228974-0.197747j,-0.998605-0.686716j,0.224563-0.257519j,1.425050
0.228683-0.198157j,-0.998272-0.689688j,0.225199-0.258127j,1.427205
0.228398-0.198571j,-0.997913-0.692656j,0.225848-0.258722j,1.429362
0.228117-0.198988j,-0.997528-0.695622j,0.226510-0.259303j,1.431520
0.227842-0.199408j,-0.997115-0.698583j,0.227186-0.259870j,1.433679
0.227572-0.199833j,-0.996677-0.701540j,0.227875-0.260421j,1.435839
0.227308-0.200260j,-0.996211-0.704492j,0.228576-0.260958j,1.438000
0.227049-0.200691j,-0.995720-0.707439j,0.229289-0.261479j,1.440163
0.226795-0.201125j,-0.995202-0.710381j,0.230013-0.261984j,1.442326
0.226547-0.201562j,-0.994658-0.713318j,0.230747-0.262472j,1.444491
0.226305-0.202002j,-0.994089-0.716248j,0.231492-0.262944j,1.446656
0.226067-0.202445j,-0.993493-0.719173j,0.232247-0.263399j,1.448822
0.225836-0.202892j,-0.992871-0.722091j,0.233010-0.263837j,1.450989
0.225610-0.203341j,-0.992224-0.725002j,0.233782-0.264257j,1.453156
0.225390-0.203792j,-0.991551-0.727905j,0.234563-0.264660j,1.455325
0.225175-0.204247j,-0.990852-0.730802j,0.235350-0.265045j,1.457493
0.224967-0.204704j,-0.990128-0.733690j,0.236144-0.265411j,1.459663
0.224764-0.205164j,-0.989379-0.736570j,0.236945-0.265760j,1.461832
0.224566-0.205626j,-0.988605-0.739442j,0.237751-0.266090j,1.464002
0.224375-0.206091j,-0.987806-0.742306j,0.238562-0.266402j,1.466173
0.224189-0.206558j,-0.986982-0.745160j,0.239377-0.266696j,1.468343
0.224010-0.207028j,-0.986134-0.748005j,0.240197-0.266971j,1.470514
0.223836-0.207499j,-0.985261-0.750840j,0.241019-0.267227j,1.472685
0.223668-0.207973j,-0.984363-0.753665j,0.241845-0.267465j,1.474856
0.223506-0.208449j,-0.983442-0.756480j,0.242672-0.267685j,1.477027
0.223351-0.208927j,-0.982497-0.759285j,0.243501-0.267887j,1.479197
0.223201-0.209407j,-0.981527-0.762079j,0.244330-0.268070j,1.481368
0.223057-0.209889j,-0.980535-0.764862j,0.245161-0.268235j,1.483539
0.222919-0.210372j,-0.979518-0.767634j,0.245991-0.268383j,1.485709
0.222788-0.210857j,-0.978479-0.770394j,0.246821-0.268512j,1.487878
0.222662-0.211344j,-0.977417-0.773142j,0.247649-0.268624j,1.490048
0.222543-0.211832j,-0.976331-0.775879j,0.248476-0.268718j,1.492216
0.222430-0.212322j,-0.975224-0.778603j,0.249301-0.268795j,1.494385
0.222322-0.212813j,-0.974093-0.781315j,0.250123-0.268856j,1.496552
0.222222-0.213305j,-0.972941-0.784014j,0.250942-0.268899j,1.498719
0.222127-0.213799j,-0.971766-0.786699j,0.251758-0.268926j,1.500885
0.222038-0.214294j,-0.970570-0.789372j,0.252571-0.268936j,1.503050
0.221956-0.214790j,-0.969352-0.792031j,0.253378-0.268931j,1.505215
0.221880-0.215287j,-0.968113-0.794677j,0.254182-0.268910j,1.507378
0.221810-0.215784j,-0.966853-0.797308j,0.254980-0.268873j,1.509540
0.221747-0.216283j,-0.965571-0.799926j,0.255774-0.268821j,1.511702
0.221689-0.216782j,-0.964269-0.802529j,0.256561-0.268755j,1.513862
0.221638-0.217282j,-0.962947-0.805118j,0.257343-0.268674j,1.516020
0.221594-0.217783j,-0.961605-0.807692j,0.258118-0.268579j,1.518178
0.221555-0.218284j,-0.960242-0.810251j,0.258887-0.268469j,1.520334
0.221523-0.218786j,-0.958860-0.812795j,0.259649-0.268347j,1.522488
0.221497-0.219288j,-0.957459-0.815324j,0.260405-0.268211j,1.524642
0.221478-0.219790j,-0.956038-0.817837j,0.261153-0.268062j,1.526793
0.221465-0.220293j,-0.954598-0.820335j,0.261893-0.267900j,1.528943
0.221458-0.220795j,-0.953139-0.822817j,0.262626-0.267726j,1.531091
0.221457-0.221298j,-0.951662-0.825283j,0.263351-0.267541j,1.533238
0.221463-0.221800j,-0.950167-0.827733j,0.264068-0.267343j,1.535382
0.221475-0.222303j,-0.948654-0.830167j,0.264777-0.267135j,1.537525
0.221494-0.222805j,-0.947123-0.832585j,0.265478-0.266915j,1.539666
0.221518-0.223307j,-0.945574-0.834986j,0.266170-0.266685j,1.541805
0.221549-0.223809j,-0.944009-0.837370j,0.266853-0.266444j,1.543941
0.221587-0.224310j,-0.942426-0.839737j,0.267528-0.266194j,1.546076
0.221630-0.224811j,-0.940827-0.842088j,0.268194-0.265934j,1.548208
0.221680-0.225311j,-0.939211-0.844422j,0.268851-0.265664j,1.550339
0.221737-0.225811j,-0.937579-0.846738j,0.269499-0.265385j,1.552467
0.221799-0.226309j,-0.935931-0.849037j,0.270138-0.265098j,1.554592
0.221868-0.226807j,-0.934267-0.851319j,0.270768-0.264802j,1.556715
0.221943-0.227304j,-0.932588-0.853584j,0.271389-0.264498j,1.558836
0.222024-0.227800j,-0.930893-0.855831j,0.272001-0.264186j,1.560954
0.222111-0.228295j,-0.929184-0.858060j,0.272603-0.263866j,1.563070
0.222205-0.228789j,-0.927460-0.860272j,0.273196-0.263540j,1.565183
0.222305-0.229282j,-0.925722-0.862465j,0.273780-0.263206j,1.567294
0.222411-0.229773j,-0.923969-0.864641j,0.274355-0.262865j,1.569401
0.222523-0.230263j,-0.922203-0.866799j,0.274920-0.262518j,1.571506
0.222642-0.230752j,-0.920423-0.868939j,0.275476-0.262164j,1.573609
0.222766-0.231239j,-0.918629-0.871061j,0.276023-0.261805j,1.575708
0.222897-0.231724j,-0.916822-0.873165j,0.276560-0.261439j,1.577804
0.223033-0.232208j,-0.915003-0.875251j,0.277088-0.261069j,1.579898
0.223176-0.232690j,-0.913170-0.877318j,0.277607-0.260692j,1.581989
0.223325-0.233170j,-0.911326-0.879367j,0.278117-0.260311j,1.584076
0.223480-0.233648j,-0.909469-0.881398j,0.278617-0.259926j,1.586161
0.223641-0.234124j,-0.907600-0.883410j,0.279109-0.259535j,1.588242
0.223807-0.234599j,-0.905720-0.885404j,0.279591-0.259140j,1.590320
0.223980-0.235071j,-0.903828-0.887380j,0.280064-0.258741j,1.592395
0.224159-0.235540j,-0.901925-0.889337j,0.280529-0.258338j,1.594467
0.224343-0.236008j,-0.900011-0.891276j,0.280984-0.257931j,1.596536
0.224534-0.236473j,-0.898086-0.893196j,0.281430-0.257521j,1.598601
0.224730-0.236936j,-0.896151-0.895098j,0.281868-0.257107j,1.600664
0.224932-0.237396j,-0.894206-0.896981j,0.282297-0.256691j,1.602722
0.225140-0.237854j,-0.892250-0.898846j,0.282717-0.256271j,1.604778
0.225353-0.238309j,-0.890285-0.900693j,0.283129-0.255848j,1.606830
0.225572-0.238761j,-0.888310-0.902520j,0.283532-0.255423j,1.608878
0.225797-0.239211j,-0.886326-0.904330j,0.283926-0.254995j,1.610923
0.226028-0.239657j,-0.884333-0.906121j,0.284312-0.254565j,1.612965
0.226264-0.240101j,-0.882331-0.907893j,0.284690-0.254132j,1.615003
0.226506-0.240542j,-0.880321-0.909647j,0.285060-0.253698j,1.617037
0.226753-0.240980j,-0.878302-0.911382j,0.285421-0.253262j,1.619068
0.227006-0.241414j,-0.876275-0.913099j,0.285775-0.252824j,1.621095
0.227264-0.241845j,-0.874240-0.914798j,0.286120-0.252384j,1.623119
0.227527-0.242273j,-0.872197-0.916478j,0.286457-0.251943j,1.625139
0.227796-0.242698j,-0.870146-0.918140j,0.286787-0.251500j,1.627156
0.228070-0.243119j,-0.868088-0.919784j,0.287109-0.251057j,1.629168
0.228350-0.243537j,-0.866023-0.921409j,0.287423-0.250612j,1.631177
0.228635-0.243951j,-0.863951-0.923016j,0.287729-0.250166j,1.633183
0.228924-0.244362j,-0.861873-0.924605j,0.288028-0.249720j,1.635184
0.229219-0.244769j,-0.859788-0.926176j,0.288320-0.249272j,1.637182
0.229520-0.245172j,-0.857696-0.927729j,0.288604-0.248824j,1.639176
0.229825-0.245572j,-0.855598-0.929264j,0.288881-0.248376j,1.641166
0.230135-0.245967j,-0.853495-0.930780j,0.289151-0.247927j,1.643152
0.230450-0.246359j,-0.851385-0.932279j,0.289413-0.247477j,1.645135
0.230770-0.246747j,-0.849270-0.933760j,0.289669-0.247028j,1.647114
0.231095-0.247130j,-0.847150-0.935223j,0.289918-0.246578j,1.649089
0.231424-0.247510j,-0.845025-0.936668j,0.290160-0.246128j,1.651060
0.231759-0.247885j,-0.842894-0.938095j,0.290395-0.245678j,1.653027
0.232098-0.248256j,-0.840758-0.939505j,0.290624-0.245229j,1.654990
0.232442-0.248623j,-0.838618-0.940898j,0.290846-0.244779j,1.656950
0.232790-0.248985j,-0.836474-0.942272j,0.291061-0.244329j,1.658905
0.233143-0.249343j,-0.834325-0.943630j,0.291270-0.243880j,1.660857
0.233500-0.249697j,-0.832172-0.944969j,0.291473-0.243432j,1.662804
0.233862-0.250046j,-0.830014-0.946292j,0.291670-0.242983j,1.664748
0.234228-0.250390j,-0.827853-0.947597j,0.291860-0.242535j,1.666688
0.234598-0.250730j,-0.825689-0.948885j,0.292044-0.242088j,1.668624
0.234973-0.251065j,-0.823520-0.950156j,0.292223-0.241641j,1.670556
0.235351-0.251396j,-0.821349-0.951410j,0.292395-0.241195j,1.672484
0.235734-0.251721j,-0.819174-0.952647j,0.292562-0.240750j,1.674408
0.236121-0.252042j,-0.816996-0.953868j,0.292722-0.240306j,1.676328
0.236512-0.252358j,-0.814815-0.955071j,0.292878-0.239862j,1.678244
0.236907-0.252669j,-0.812631-0.956258j,0.293027-0.239419j,1.680157
0.237306-0.252975j,-0.810445-0.957428j,0.293171-0.238977j,1.682065
0.237708-0.253276j,-0.808256-0.958582j,0.293310-0.238536j,1.683969
0.238115-0.253572j,-0.806065-0.959719j,0.293443-0.238096j,1.685870
0.238525-0.253863j,-0.803871-0.960840j,0.293570-0.237657j,1.687766
0.238938-0.254148j,-0.801676-0.961944j,0.293693-0.237219j,1.689659
0.239356-0.254429j,-0.799478-0.963032j,0.293810-0.236782j,1.691548
0.239776-0.254704j,-0.797279-0.964105j,0.293923-0.236346j,1.693432
0.240200-0.254974j,-0.795077-0.965161j,0.294030-0.235912j,1.695313
0.240628-0.255238j,-0.792875-0.966201j,0.294132-0.235478j,1.697190
0.241059-0.255497j,-0.790670-0.967225j,0.294230-0.235046j,1.699063
0.241493-0.255751j,-0.788465-0.968234j,0.294322-0.234615j,1.700932
0.241930-0.255999j,-0.786258-0.969227j,0.294410-0.234186j,1.702797
0.242370-0.256241j,-0.784049-0.970205j,0.294493-0.233757j,1.704658
0.242813-0.256478j,-0.781840-0.971167j,0.294572-0.233330j,1.706516
0.243259-0.256710j,-0.779630-0.972113j,0.294646-0.232904j,1.708369
0.243709-0.256936j,-0.777419-0.973044j,0.294715-0.232480j,1.710218
0.244160-0.257156j,-0.775207-0.973960j,0.294780-0.232057j,1.712064
0.244615-0.257370j,-0.772995-0.974861j,0.294840-0.231636j,1.713906
0.245072-0.257579j,-0.770782-0.975747j,0.294896-0.231215j,1.715744
0.245532-0.257782j,-0.768569-0.976618j,0.294948-0.230797j,1.717578
0.245994-0.257979j,-0.766355-0.977475j,0.294996-0.230379j,1.719408
0.246459-0.258171j,-0.764141-0.978316j,0.295039-0.229964j,1.721234
0.246926-0.258356j,-0.761927-0.979143j,0.295079-0.229549j,1.723057
0.247396-0.258536j,-0.759712-0.979955j,0.295114-0.229136j,1.724876
0.247867-0.258710j,-0.757498-0.980753j,0.295145-0.228725j,1.726691
0.248341-0.258878j,-0.755284-0.981536j,0.295172-0.228315j,1.728502
0.248817-0.259039j,-0.753070-0.982306j,0.295196-0.227907j,1.730309
0.249295-0.259195j,-0.750856-0.983061j,0.295215-0.227500j,1.732113
0.249775-0.259345j,-0.748642-0.983802j,0.295231-0.227095j,1.733913
0.250256-0.259489j,-0.746429-0.984528j,0.295242-0.226691j,1.735709
0.250740-0.259627j,-0.744216-0.985241j,0.295250-0.226289j,1.737501
0.251225-0.259758j,-0.742004-0.985941j,0.295255-0.225888j,1.739290
0.251712-0.259884j,-0.739792-0.986626j,0.295256-0.225489j,1.741075
0.252200-0.260003j,-0.737581-0.987298j,0.295253-0.225091j,1.742856
0.252690-0.260116j,-0.735371-0.987956j,0.295246-0.224695j,1.744634
0.253181-0.260223j,-0.733161-0.988601j,0.295236-0.224301j,1.746408
0.253673-0.260324j,-0.730953-0.989232j,0.295223-0.223908j,1.748178
0.254167-0.260419j,-0.728745-0.989850j,0.295206-0.223517j,1.749944
0.254662-0.260508j,-0.726538-0.990455j,0.295185-0.223127j,1.751707
0.255158-0.260590j,-0.724332-0.991047j,0.295162-0.222739j,1.753467
0.255654-0.260666j,-0.722127-0.991626j,0.295135-0.222353j,1.755223
0.256152-0.260736j,-0.719923-0.992192j,0.295104-0.221968j,1.756975
0.256651-0.260799j,-0.717721-0.992745j,0.295071-0.221584j,1.758724
0.257150-0.260856j,-0.715519-0.993285j,0.295034-0.221203j,1.760469
0.257650-0.260907j,-0.713319-0.993813j,0.294994-0.220822j,1.762210
0.258151-0.260952j,-0.711120-0.994328j,0.294950-0.220444j,1.763949
0.258652-0.260991j,-0.708923-0.994830j,0.294904-0.220067j,1.765683
0.259154-0.261023j,-0.706726-0.995320j,0.294855-0.219691j,1.767414
0.259656-0.261048j,-0.704532-0.995798j,0.294802-0.219318j,1.769142
0.260158-0.261068j,-0.702338-0.996263j,0.294746-0.218946j,1.770866
0.260661-0.261081j,-0.700146-0.996717j,0.294688-0.218575j,1.772587
0.261163-0.261088j,-0.697956-0.997158j,0.294626-0.218206j,1.774305
0.261666-0.261088j,-0.695767-0.997587j,0.294561-0.217839j,1.776019
0.262168-0.261083j,-0.693580-0.998004j,0.294494-0.217473j,1.777729
0.262671-0.261071j,-0.691394-0.998410j,0.294423-0.217109j,1.779436
0.263173-0.261052j,-0.689210-0.998803j,0.294350-0.216746j,1.781140
0.263675-0.261027j,-0.687028-0.999185j,0.294273-0.216385j,1.782841
0.264177-0.260996j,-0.684847-0.999555j,0.294194-0.216025j,1.784538
0.264678-0.260959j,-0.682668-0.999914j,0.294112-0.215668j,1.786232
0.265179-0.260915j,-0.680491-1.000261j,0.294027-0.215311j,1.787923
0.265679-0.260866j,-0.678316-1.000597j,0.293940-0.214957j,1.789611
0.266179-0.260809j,-0.676142-1.000922j,0.293849-0.214604j,1.791295
0.266677-0.260747j,-0.673970-1.001235j,0.293756-0.214252j,1.792976
0.267175-0.260678j,-0.671800-1.001537j,0.293660-0.213902j,1.794654
0.267672-0.260603j,-0.669632-1.001828j,0.293562-0.213554j,1.796328
0.268168-0.260522j,-0.667466-1.002107j,0.293461-0.213207j,1.798000
0.268663-0.260434j,-0.665301-1.002376j,0.293357-0.212862j,1.799668
0.269157-0.260341j,-0.663139-1.002634j,0.293250-0.212518j,1.801333
0.269650-0.260241j,-0.660978-1.002881j,0.293141-0.212176j,1.802995
0.270141-0.260135j,-0.658819-1.003117j,0.293029-0.211836j,1.804654
0.270631-0.260023j,-0.656663-1.003343j,0.292914-0.211497j,1.806310
0.271120-0.259904j,-0.654508-1.003558j,0.292797-0.211160j,1.807963
0.271607-0.259780j,-0.652355-1.003762j,0.292677-0.210824j,1.809613
0.272092-0.259649j,-0.650204-1.003955j,0.292555-0.210490j,1.811260
0.272576-0.259513j,-0.648055-1.004139j,0.292430-0.210158j,1.812904
0.273058-0.259370j,-0.645908-1.004311j,0.292303-0.209827j,1.814545
0.273538-0.259221j,-0.643763-1.004474j,0.292173-0.209498j,1.816183
0.274016-0.259066j,-0.641620-1.004626j,0.292040-0.209170j,1.817818
0.274492-0.258905j,-0.639478-1.004767j,0.291905-0.208844j,1.819450
0.274966-0.258739j,-0.637339-1.004899j,0.291768-0.208519j,1.821079
0.275439-0.258566j,-0.635202-1.005020j,0.291628-0.208196j,1.822705
0.275908-0.258387j,-0.633067-1.005132j,0.291486-0.207875j,1.824328
0.276376-0.258203j,-0.630934-1.005233j,0.291341-0.207556j,1.825949
0.276841-0.258012j,-0.628803-1.005324j,0.291193-0.207237j,1.827567
0.277304-0.257816j,-0.626673-1.005405j,0.291043-0.206921j,1.829182
0.277764-0.257614j,-0.624546-1.005477j,0.290891-0.206606j,1.830794
0.278222-0.257406j,-0.622421-1.005538j,0.290736-0.206293j,1.832403
0.278677-0.257193j,-0.620298-1.005590j,0.290579-0.205981j,1.834010
0.279129-0.256973j,-0.618176-1.005632j,0.290420-0.205671j,1.835613
0.279579-0.256748j,-0.616057-1.005664j,0.290258-0.205363j,1.837214
0.280025-0.256518j,-0.613940-1.005687j,0.290093-0.205056j,1.838813
0.280469-0.256282j,-0.611824-1.005700j,0.289927-0.204751j,1.840409
0.280910-0.256040j,-0.609711-1.005703j,0.289757-0.204448j,1.842002
0.281347-0.255793j,-0.607600-1.005697j,0.289586-0.204146j,1.843592
0.281782-0.255540j,-0.605490-1.005681j,0.289412-0.203846j,1.845180
0.282213-0.255282j,-0.603383-1.005656j,0.289236-0.203547j,1.846765
0.282641-0.255019j,-0.601277-1.005621j,0.289057-0.203251j,1.848347
0.283066-0.254750j,-0.599173-1.005577j,0.288876-0.202956j,1.849927
0.283487-0.254476j,-0.597072-1.005524j,0.288693-0.202662j,1.851505
0.283905-0.254196j,-0.594972-1.005461j,0.288507-0.202370j,1.853080
0.284319-0.253911j,-0.592874-1.005389j,0.288319-0.202080j,1.854652
0.284730-0.253621j,-0.590778-1.005307j,0.288128-0.201792j,1.856222
0.285137-0.253326j,-0.588684-1.005217j,0.287936-0.201505j,1.857789
0.285540-0.253026j,-0.586591-1.005117j,0.287741-0.201220j,1.859354
0.285940-0.252721j,-0.584501-1.005008j,0.287543-0.200937j,1.860916
0.286335-0.252411j,-0.582412-1.004890j,0.287344-0.200656j,1.862476
0.286727-0.252096j,-0.580325-1.004762j,0.287142-0.200376j,1.864034
0.287114-0.251776j,-0.578241-1.004626j,0.286937-0.200098j,1.865589
0.287498-0.251451j,-0.576157-1.004480j,0.286731-0.199822j,1.867142
0.287878-0.251121j,-0.574076-1.004326j,0.286522-0.199547j,1.868692
0.288253-0.250787j,-0.571997-1.004162j,0.286310-0.199275j,1.870240
0.288624-0.250448j,-0.569919-1.003989j,0.286097-0.199004j,1.871785
0.288991-0.250104j,-0.567843-1.003808j,0.285881-0.198735j,1.873329
0.289353-0.249756j,-0.565769-1.003617j,0.285663-0.198468j,1.874870
0.289711-0.249403j,-0.563696-1.003417j,0.285443-0.198202j,1.876409
0.290065-0.249046j,-0.561626-1.003209j,0.285220-0.197939j,1.877945
0.290414-0.248684j,-0.559557-1.002991j,0.284995-0.197677j,1.879479
0.290758-0.248318j,-0.557489-1.002764j,0.284768-0.197417j,1.881011
0.291098-0.247948j,-0.555424-1.002529j,0.284539-0.197159j,1.882541
0.291433-0.247573j,-0.553360-1.002285j,0.284307-0.196903j,1.884068
0.291764-0.247195j,-0.551298-1.002032j,0.284073-0.196649j,1.885593
0.292089-0.246812j,-0.549237-1.001769j,0.283837-0.196397j,1.887117
0.292410-0.246425j,-0.547178-1.001498j,0.283598-0.196146j,1.888637
0.292726-0.246034j,-0.545121-1.001219j,0.283358-0.195898j,1.890156
0.293037-0.245639j,-0.543065-1.000930j,0.283115-0.195651j,1.891673
0.293343-0.245240j,-0.541011-1.000632j,0.282869-0.195407j,1.893187
0.293644-0.244837j,-0.538959-1.000326j,0.282622-0.195165j,1.894700
0.293940-0.244431j,-0.536908-1.000011j,0.282372-0.194924j,1.896210
0.294231-0.244021j,-0.534859-0.999687j,0.282121-0.194686j,1.897718
0.294516-0.243607j,-0.532811-0.999354j,0.281866-0.194449j,1.899224
0.294797-0.243190j,-0.530765-0.999012j,0.281610-0.194215j,1.900728
0.295072-0.242770j,-0.528720-0.998661j,0.281352-0.193983j,1.902230
0.295341-0.242345j,-0.526677-0.998302j,0.281091-0.193752j,1.903730
0.295606-0.241918j,-0.524635-0.997933j,0.280828-0.193524j,1.905228
0.295865-0.241487j,-0.522595-0.997556j,0.280563-0.193298j,1.906724
0.296119-0.241053j,-0.520557-0.997170j,0.280296-0.193074j,1.908218
0.296367-0.240616j,-0.518519-0.996775j,0.280026-0.192853j,1.909710
0.296609-0.240176j,-0.516484-0.996371j,0.279754-0.192633j,1.911200
0.296846-0.239733j,-0.514450-0.995958j,0.279480-0.192416j,1.912688
0.297078-0.239286j,-0.512417-0.995537j,0.279204-0.192200j,1.914175
0.297304-0.238837j,-0.510385-0.995106j,0.278926-0.191987j,1.915659
0.297524-0.238386j,-0.508356-0.994667j,0.278646-0.191777j,1.917141
0.297738-0.237931j,-0.506327-0.994219j,0.278363-0.191568j,1.918622
0.297947-0.237474j,-0.504300-0.993761j,0.278079-0.191362j,1.920100
0.298150-0.237014j,-0.502274-0.993295j,0.277792-0.191158j,1.921577
0.298347-0.236551j,-0.500250-0.992820j,0.277503-0.190957j,1.923051
0.298539-0.236087j,-0.498227-0.992336j,0.277212-0.190757j,1.924524
0.298724-0.235620j,-0.496206-0.991842j,0.276918-0.190561j,1.925995
0.298904-0.235150j,-0.494185-0.991340j,0.276623-0.190366j,1.927465
0.299078-0.234678j,-0.492167-0.990829j,0.276326-0.190174j,1.928932
0.299246-0.234205j,-0.490149-0.990309j,0.276026-0.189984j,1.930397
0.299407-0.233729j,-0.488133-0.989779j,0.275724-0.189797j,1.931861
0.299563-0.233251j,-0.486118-0.989241j,0.275421-0.189612j,1.933323
0.299713-0.232771j,-0.484105-0.988693j,0.275115-0.189430j,1.934783
0.299857-0.232289j,-0.482093-0.988136j,0.274807-0.189250j,1.936242
0.299994-0.231806j,-0.480082-0.987570j,0.274497-0.189073j,1.937698
0.300126-0.231321j,-0.478073-0.986995j,0.274185-0.188899j,1.939153
0.300252-0.230834j,-0.476065-0.986411j,0.273871-0.188726j,1.940606
0.300371-0.230346j,-0.474058-0.985817j,0.273555-0.188557j,1.942058
0.300484-0.229856j,-0.472053-0.985214j,0.273236-0.188390j,1.943507
0.300591-0.229365j,-0.470049-0.984602j,0.272916-0.188226j,1.944955
0.300692-0.228873j,-0.468046-0.983980j,0.272594-0.188064j,1.946401
0.300787-0.228379j,-0.466045-0.983350j,0.272270-0.187905j,1.947846
0.300876-0.227884j,-0.464045-0.982709j,0.271943-0.187749j,1.949289
0.300958-0.227388j,-0.462046-0.982059j,0.271615-0.187596j,1.950730
0.301034-0.226891j,-0.460049-0.981400j,0.271285-0.187445j,1.952169
0.301104-0.226394j,-0.458053-0.980731j,0.270953-0.187297j,1.953607
0.301167-0.225895j,-0.456058-0.980053j,0.270619-0.187152j,1.955043
0.301224-0.225396j,-0.454065-0.979365j,0.270283-0.187010j,1.956477
0.301275-0.224896j,-0.452073-0.978668j,0.269945-0.186871j,1.957910
0.301320-0.224395j,-0.450082-0.977960j,0.269605-0.186734j,1.959341
0.301358-0.223894j,-0.448093-0.977244j,0.269263-0.186601j,1.960770
0.301391-0.223392j,-0.446105-0.976517j,0.268919-0.186470j,1.962198
0.301416-0.222890j,-0.444118-0.975781j,0.268574-0.186342j,1.963624
0.301436-0.222388j,-0.442133-0.975034j,0.268226-0.186218j,1.965048
0.301449-0.221885j,-0.440149-0.974278j,0.267877-0.186096j,1.966471
0.301456-0.221383j,-0.438167-0.973512j,0.267526-0.185977j,1.967892
0.301641-0.221371j,-0.437835-0.974220j,0.267560-0.185845j,1.968415
0.301825-0.221360j,-0.437503-0.974926j,0.267594-0.185713j,1.968939
0.302010-0.221349j,-0.437172-0.975630j,0.267628-0.185581j,1.969463
0.302195-0.221337j,-0.436843-0.976333j,0.267663-0.185449j,1.969987
0.302380-0.221325j,-0.436514-0.977034j,0.267697-0.185317j,1.970511
0.302565-0.221314j,-0.436187-0.977733j,0.267731-0.185186j,1.971035
0.302750-0.221302j,-0.435860-0.978431j,0.267766-0.185054j,1.971560
0.302936-0.221290j,-0.435535-0.979127j,0.267800-0.184923j,1.972085
0.303121-0.221278j,-0.435210-0.979821j,0.267835-0.184791j,1.972610
0.303306-0.221266j,-0.434887-0.980514j,0.267869-0.184660j,1.973135
0.303492-0.221254j,-0.434564-0.981205j,0.267904-0.184529j,1.973661
0.303677-0.221242j,-0.434242-0.981895j,0.267938-0.184398j,1.974186
0.303863-0.221230j,-0.433922-0.982583j,0.267973-0.184267j,1.974712
0.304048-0.221218j,-0.433602-0.983269j,0.268008-0.184136j,1.975238
0.304234-0.221206j,-0.433283-0.983954j,0.268043-0.184006j,1.975764
0.304420-0.221194j,-0.432966-0.984638j,0.268077-0.183875j,1.976291
0.304606-0.221181j,-0.432649-0.985319j,0.268112-0.183745j,1.976818
0.304792-0.221169j,-0.432333-0.986000j,0.268147-0.183615j,1.977345
0.304977-0.221156j,-0.432018-0.986679j,0.268182-0.183484j,1.977872
0.305163-0.221144j,-0.431704-0.987356j,0.268217-0.183354j,1.978399
0.305350-0.221131j,-0.431390-0.988032j,0.268252-0.183224j,1.978927
0.305536-0.221119j,-0.431078-0.988706j,0.268287-0.183094j,1.979454
0.305722-0.221106j,-0.430767-0.989379j,0.268322-0.182965j,1.979982
0.305908-0.221093j,-0.430456-0.990050j,0.268357-0.182835j,1.980511
0.306095-0.221080j,-0.430147-0.990720j,0.268392-0.182705j,1.981039
0.306281-0.221067j,-0.429838-0.991388j,0.268428-0.182576j,1.981568
0.306467-0.221054j,-0.429530-0.992055j,0.268463-0.182447j,1.982096
0.306654-0.221041j,-0.429223-0.992721j,0.268498-0.182317j,1.982625
0.306841-0.221028j,-0.428917-0.993385j,0.268534-0.182188j,1.983155
0.307027-0.221015j,-0.428612-0.994048j,0.268569-0.182059j,1.983684
0.307214-0.221002j,-0.428308-0.994709j,0.268604-0.181930j,1.984214
0.307401-0.220988j,-0.428004-0.995369j,0.268640-0.181801j,1.984744
0.307588-0.220975j,-0.427702-0.996027j,0.268675-0.181673j,1.985274
0.307775-0.220961j,-0.427400-0.996684j,0.268711-0.181544j,1.985804
0.307962-0.220948j,-0.427099-0.997340j,0.268746-0.181416j,1.986335
0.308149-0.220934j,-0.426799-0.997994j,0.268782-0.181287j,1.986865
0.308336-0.220921j,-0.426500-0.998647j,0.268818-0.181159j,1.987396
0.308523-0.220907j,-0.426201-0.999299j,0.268853-0.181031j,1.987927
0.308711-0.220893j,-0.425904-0.999949j,0.268889-0.180903j,1.988459
0.308898-0.220879j,-0.425607-1.000598j,0.268925-0.180775j,1.988990
0.309085-0.220866j,-0.425311-1.001245j,0.268961-0.180647j,1.989522
0.309273-0.220852j,-0.425016-1.001891j,0.268997-0.180519j,1.990054
0.309460-0.220838j,-0.424722-1.002536j,0.269033-0.180391j,1.990586
0.309648-0.220823j,-0.424428-1.003180j,0.269069-0.180264j,1.991118
0.309836-0.220809j,-0.424136-1.003822j,0.269104-0.180136j,1.991651
0.310023-0.220795j,-0.423844-1.004463j,0.269141-0.180009j,1.992184
0.310211-0.220781j,-0.423553-1.005102j,0.269177-0.179882j,1.992717
0.310399-0.220766j,-0.423262-1.005740j,0.269213-0.179755j,1.993250
0.310587-0.220752j,-0.422973-1.006377j,0.269249-0.179627j,1.993784
0.310775-0.220738j,-0.422684-1.007013j,0.269285-0.179501j,1.994317
0.310963-0.220723j,-0.422396-1.007648j,0.269321-0.179374j,1.994851
0.311151-0.220708j,-0.422109-1.008281j,0.269357-0.179247j,1.995385
0.311340-0.220694j,-0.421823-1.008913j,0.269394-0.179120j,1.995919
0.311528-0.220679j,-0.421537-1.009543j,0.269430-0.178994j,1.996454
0.311716-0.220664j,-0.421252-1.010173j,0.269466-0.178867j,1.996989
0.311905-0.220649j,-0.420968-1.010801j,0.269503-0.178741j,1.997523
0.312093-0.220634j,-0.420685-1.011428j,0.269539-0.178615j,1.998059
0.312282-0.220619j,-0.420402-1.012053j,0.269576-0.178488j,1.998594
0.312470-0.220604j,-0.420120-1.012678j,0.269612-0.178362j,1.999129
0.312659-0.220589j,-0.419839-1.013301j,0.269649-0.178236j,1.999665
0.312848-0.220574j,-0.419559-1.013923j,0.269685-0.178111j,2.000201
0.313037-0.220559j,-0.419279-1.014544j,0.269722-0.177985j,2.000737
0.313225-0.220543j,-0.419000-1.015163j,0.269759-0.177859j,2.001274
0.313414-0.220528j,-0.418722-1.015782j,0.269795-0.177734j,2.001810
0.313603-0.220513j,-0.418444-1.016399j,0.269832-0.177608j,2.002347
0.313793-0.220497j,-0.418168-1.017015j,0.269869-0.177483j,2.002884
0.313982-0.220481j,-0.417892-1.017630j,0.269906-0.177357j,2.003421
0.314171-0.220466j,-0.417616-1.018243j,0.269942-0.177232j,2.003958
0.314360-0.220450j,-0.417342-1.018856j,0.269979-0.177107j,2.004496
0.314550-0.220434j,-0.417068-1.019467j,0.270016-0.176982j,2.005034
0.314739-0.220418j,-0.416795-1.020077j,0.270053-0.176857j,2.005572
0.314928-0.220403j,-0.416522-1.020687j,0.270090-0.176733j,2.006110
0.315118-0.220387j,-0.416250-1.021294j,0.270127-0.176608j,2.006649
0.315308-0.220370j,-0.415979-1.021901j,0.270164-0.176483j,2.007187
0.315497-0.220354j,-0.415709-1.022507j,0.270201-0.176359j,2.007726
0.315687-0.220338j,-0.415439-1.023111j,0.270238-0.176234j,2.008265
0.315877-0.220322j,-0.415170-1.023715j,0.270276-0.176110j,2.008804
0.316067-0.220306j,-0.414902-1.024317j,0.270313-0.175986j,2.009344
0.316257-0.220289j,-0.414634-1.024918j,0.270350-0.175862j,2.009884
0.316447-0.220273j,-0.414367-1.025518j,0.270387-0.175738j,2.010423
0.316637-0.220256j,-0.414101-1.026117j,0.270425-0.175614j,2.010964
0.316827-0.220240j,-0.413835-1.026715j,0.270462-0.175490j,2.011504
0.317017-0.220223j,-0.413570-1.027311j,0.270499-0.175366j,2.012044
0.317208-0.220206j,-0.413306-1.027907j,0.270537-0.175242j,2.012585
0.317398-0.220190j,-0.413042-1.028502j,0.270574-0.175119j,2.013126
0.317588-0.220173j,-0.412779-1.029095j,0.270612-0.174995j,2.013667
0.317779-0.220156j,-0.412517-1.029688j,0.270649-0.174872j,2.014209
0.317969-0.220139j,-0.412255-1.030279j,0.270687-0.174749j,2.014750
0.318160-0.220122j,-0.411994-1.030869j,0.270724-0.174625j,2.015292
0.318351-0.220105j,-0.411734-1.031458j,0.270762-0.174502j,2.015834
0.318542-0.220087j,-0.411474-1.032047j,0.270800-0.174379j,2.016376
0.318732-0.220070j,-0.411215-1.032634j,0.270837-0.174256j,2.016918
0.318923-0.220053j,-0.410956-1.033220j,0.270875-0.174133j,2.017461
0.319114-0.220035j,-0.410698-1.033805j,0.270913-0.174011j,2.018004
0.319305-0.220018j,-0.410441-1.034389j,0.270951-0.173888j,2.018547
0.319496-0.220000j,-0.410185-1.034972j,0.270988-0.173765j,2.019090
0.319688-0.219983j,-0.409929-1.035554j,0.271026-0.173643j,2.019633
0.319879-0.219965j,-0.409673-1.036134j,0.271064-0.173521j,2.020177
0.320070-0.219948j,-0.409419-1.036714j,0.271102-0.173398j,2.020721
0.320262-0.219930j,-0.409164-1.037293j,0.271140-0.173276j,2.021265
0.320453-0.219912j,-0.408911-1.037871j,0.271178-0.173154j,2.021809
0.320644-0.219894j,-0.408658-1.038448j,0.271216-0.173032j,2.022354
0.320836-0.219876j,-0.408406-1.039024j,0.271254-0.172910j,2.022898
0.321028-0.219858j,-0.408154-1.039599j,0.271292-0.172788j,2.023443
0.321219-0.219840j,-0.407903-1.040173j,0.271330-0.172666j,2.023988
0.321411-0.219822j,-0.407653-1.040745j,0.271368-0.172545j,2.024533
0.321603-0.219803j,-0.407403-1.041317j,0.271407-0.172423j,2.025079
0.321795-0.219785j,-0.407154-1.041888j,0.271445-0.172301j,2.025625
0.321987-0.219767j,-0.406905-1.042458j,0.271483-0.172180j,2.026170
0.322179-0.219748j,-0.406657-1.043027j,0.271521-0.172059j,2.026716
0.322371-0.219730j,-0.406409-1.043595j,0.271560-0.171937j,2.027263
0.322563-0.219711j,-0.406162-1.044162j,0.271598-0.171816j,2.027809
0.322755-0.219692j,-0.405916-1.044728j,0.271636-0.171695j,2.028356
0.322948-0.219674j,-0.405670-1.045293j,0.271675-0.171574j,2.028903
0.323140-0.219655j,-0.405425-1.045858j,0.271713-0.171453j,2.029450
0.323333-0.219636j,-0.405181-1.046421j,0.271752-0.171332j,2.029997
0.323525-0.219617j,-0.404937-1.046983j,0.271790-0.171212j,2.030545
0.323718-0.219598j,-0.404693-1.047545j,0.271829-0.171091j,2.031093
0.323910-0.219579j,-0.404450-1.048105j,0.271867-0.170971j,2.031641
0.324103-0.219560j,-0.404208-1.048664j,0.271906-0.170850j,2.032189
0.324296-0.219541j,-0.403966-1.049223j,0.271945-0.170730j,2.032737
0.324489-0.219521j,-0.403725-1.049781j,0.271983-0.170609j,2.033286
0.324682-0.219502j,-0.403485-1.050337j,0.272022-0.170489j,2.033834
0.324875-0.219482j,-0.403245-1.050893j,0.272061-0.170369j,2.034383
0.325068-0.219463j,-0.403005-1.051448j,0.272099-0.170249j,2.034932
0.325261-0.219443j,-0.402766-1.052002j,0.272138-0.170129j,2.035482
0.325454-0.219424j,-0.402528-1.052555j,0.272177-0.170009j,2.036031
0.325647-0.219404j,-0.402290-1.053107j,0.272216-0.169889j,2.036581
0.325841-0.219384j,-0.402053-1.053659j,0.272255-0.169769j,2.037131
0.326034-0.219364j,-0.401816-1.054209j,0.272294-0.169650j,2.037681
0.326227-0.219345j,-0.401580-1.054758j,0.272333-0.169530j,2.038232
0.326421-0.219325j,-0.401345-1.055307j,0.272372-0.169411j,2.038782
0.326614-0.219305j,-0.401109-1.055855j,0.272411-0.169291j,2.039333
0.326808-0.219284j,-0.400875-1.056402j,0.272450-0.169172j,2.039884
0.327002-0.219264j,-0.400641-1.056947j,0.272489-0.169053j,2.040435
0.327196-0.219244j,-0.400407-1.057493j,0.272528-0.168934j,2.040987
0.327390-0.219224j,-0.400175-1.058037j,0.272567-0.168815j,2.041538
0.327583-0.219203j,-0.399942-1.058580j,0.272606-0.168696j,2.042090
0.327777-0.219183j,-0.399710-1.059123j,0.272645-0.168577j,2.042642
0.327971-0.219162j,-0.399479-1.059664j,0.272685-0.168458j,2.043194
0.328166-0.219142j,-0.399248-1.060205j,0.272724-0.168339j,2.043747
0.328360-0.219121j,-0.399018-1.060745j,0.272763-0.168220j,2.044300
0.328554-0.219100j,-0.398788-1.061284j,0.272802-0.168102j,2.044852
0.328748-0.219080j,-0.398559-1.061822j,0.272842-0.167983j,2.045405
0.328943-0.219059j,-0.398330-1.062360j,0.272881-0.167865j,2.045959
0.329137-0.219038j,-0.398102-1.062896j,0.272921-0.167747j,2.046512
0.329332-0.219017j,-0.397874-1.063432j,0.272960-0.167628j,2.047066
0.329526-0.218996j,-0.397647-1.063967j,0.272999-0.167510j,2.047620
0.329721-0.218975j,-0.397420-1.064501j,0.273039-0.167392j,2.048174
0.329916-0.218953j,-0.397194-1.065034j,0.273078-0.167274j,2.048728
0.330111-0.218932j,-0.396968-1.065566j,0.273118-0.167156j,2.049282
0.330305-0.218911j,-0.396743-1.066098j,0.273158-0.167038j,2.049837
0.330500-0.218889j,-0.396518-1.066629j,0.273197-0.166920j,2.050392
0.330695-0.218868j,-0.396294-1.067158j,0.273237-0.166803j,2.050947
0.330890-0.218846j,-0.396071-1.067688j,0.273276-0.166685j,2.051502
0.331086-0.218825j,-0.395847-1.068216j,0.273316-0.166567j,2.052058
0.331281-0.218803j,-0.395625-1.068743j,0.273356-0.166450j,2.052613
0.331476-0.218781j,-0.395403-1.069270j,0.273396-0.166332j,2.053169
0.331671-0.218759j,-0.395181-1.069796j,0.273435-0.166215j,2.053725
0.331867-0.218737j,-0.394960-1.070321j,0.273475-0.166098j,2.054282
0.332062-0.218715j,-0.394739-1.070845j,0.273515-0.165981j,2.054838
0.332258-0.218693j,-0.394519-1.071369j,0.273555-0.165863j,2.055395
0.332453-0.218671j,-0.394299-1.071892j,0.273595-0.165746j,2.055952
0.332649-0.218649j,-0.394080-1.072414j,0.273635-0.165629j,2.056509
0.332845-0.218627j,-0.393861-1.072935j,0.273675-0.165513j,2.057066
0.333041-0.218604j,-0.393643-1.073455j,0.273715-0.165396j,2.057624
0.333237-0.218582j,-0.393425-1.073975j,0.273755-0.165279j,2.058181
0.333432-0.218559j,-0.393207-1.074493j,0.273795-0.165162j,2.058739
0.333629-0.218537j,-0.392990-1.075012j,0.273835-0.165046j,2.059297
0.333825-0.218514j,-0.392774-1.075529j,0.273875-0.164929j,2.059856
0.334021-0.218492j,-0.392558-1.076045j,0.273915-0.164813j,2.060414
0.334217-0.218469j,-0.392343-1.076561j,0.273955-0.164696j,2.060973
0.334413-0.218446j,-0.392128-1.077076j,0.273995-0.164580j,2.061532
0.334610-0.218423j,-0.391913-1.077590j,0.274036-0.164464j,2.062091
0.334806-0.218400j,-0.391699-1.078104j,0.274076-0.164348j,2.062650
0.335002-0.218377j,-0.391485-1.078616j,0.274116-0.164232j,2.063210
0.335199-0.218354j,-0.391272-1.079128j,0.274156-0.164116j,2.063769
0.335396-0.218331j,-0.391060-1.079640j,0.274197-0.164000j,2.064329
0.335592-0.218308j,-0.390847-1.080150j,0.274237-0.163884j,2.064889
0.335789-0.218284j,-0.390636-1.080660j,0.274277-0.163768j,2.065450
0.335986-0.218261j,-0.390424-1.081169j,0.274318-0.163652j,2.066010
0.336183-0.218237j,-0.390213-1.081677j,0.274358-0.163537j,2.066571
0.336380-0.218214j,-0.390003-1.082185j,0.274399-0.163421j,2.067132
0.336577-0.218190j,-0.389793-1.082691j,0.274439-0.163306j,2.067693
0.336774-0.218166j,-0.389584-1.083198j,0.274480-0.163190j,2.068254
0.336971-0.218143j,-0.389374-1.083703j,0.274520-0.163075j,2.068816
0.337168-0.218119j,-0.389166-1.084207j,0.274561-0.162960j,2.069377
0.337366-0.218095j,-0.388958-1.084711j,0.274601-0.162844j,2.069939
0.337563-0.218071j,-0.388750-1.085215j,0.274642-0.162729j,2.070501
0.337760-0.218047j,-0.388543-1.085717j,0.274683-0.162614j,2.071064
0.337958-0.218023j,-0.388336-1.086219j,0.274723-0.162499j,2.071626
0.338155-0.217999j,-0.388129-1.086720j,0.274764-0.162384j,2.072189
0.338353-0.217974j,-0.387923-1.087220j,0.274805-0.162270j,2.072752
0.338551-0.217950j,-0.387718-1.087720j,0.274846-0.162155j,2.073315
0.338748-0.217926j,-0.387513-1.088219j,0.274886-0.162040j,2.073878
0.338946-0.217901j,-0.387308-1.088717j,0.274927-0.161925j,2.074442
0.339144-0.217877j,-0.387104-1.089214j,0.274968-0.161811j,2.075006
0.339342-0.217852j,-0.386900-1.089711j,0.275009-0.161696j,2.075569
0.339540-0.217827j,-0.386697-1.090207j,0.275050-0.161582j,2.076134
0.339738-0.217803j,-0.386494-1.090703j,0.275091-0.161467j,2.076698
0.339936-0.217778j,-0.386291-1.091197j,0.275132-0.161353j,2.077262
0.340135-0.217753j,-0.386089-1.091691j,0.275173-0.161239j,2.077827
0.340333-0.217728j,-0.385888-1.092185j,0.275214-0.161125j,2.078392
0.340531-0.217703j,-0.385686-1.092677j,0.275255-0.161011j,2.078957
0.340730-0.217678j,-0.385486-1.093169j,0.275296-0.160897j,2.079522
0.340928-0.217652j,-0.385285-1.093661j,0.275337-0.160783j,2.080088
0.341127-0.217627j,-0.385085-1.094151j,0.275378-0.160669j,2.080654
0.341326-0.217602j,-0.384886-1.094641j,0.275419-0.160555j,2.081220
0.341524-0.217576j,-0.384686-1.095131j,0.275460-0.160441j,2.081786
0.341723-0.217551j,-0.384488-1.095619j,0.275501-0.160328j,2.082352
0.341922-0.217525j,-0.384289-1.096107j,0.275542-0.160214j,2.082918
0.342121-0.217500j,-0.384091-1.096594j,0.275584-0.160100j,2.083485
0.342320-0.217474j,-0.383894-1.097081j,0.275625-0.159987j,2.084052
0.342519-0.217448j,-0.383697-1.097567j,0.275666-0.159873j,2.084619
0.342718-0.217422j,-0.383500-1.098052j,0.275708-0.159760j,2.085186
0.342917-0.217396j,-0.383304-1.098537j,0.275749-0.159647j,2.085754
0.343116-0.217370j,-0.383108-1.099021j,0.275790-0.159534j,2.086322
0.343316-0.217344j,-0.382913-1.099504j,0.275832-0.159420j,2.086889
0.343515-0.217318j,-0.382718-1.099987j,0.275873-0.159307j,2.087457
0.343715-0.217292j,-0.382523-1.100469j,0.275914-0.159194j,2.088026
0.343914-0.217266j,-0.382329-1.100950j,0.275956-0.159081j,2.088594
0.344114-0.217239j,-0.382135-1.101431j,0.275997-0.158968j,2.089163
0.344313-0.217213j,-0.381941-1.101911j,0.276039-0.158856j,2.089732
0.344513-0.217186j,-0.381748-1.102391j,0.276080-0.158743j,2.090301
0.344713-0.217160j,-0.381556-1.102869j,0.276122-0.158630j,2.090870
0.344913-0.217133j,-0.381363-1.103348j,0.276164-0.158518j,2.091440
0.345113-0.217106j,-0.381172-1.103825j,0.276205-0.158405j,2.092009
0.345313-0.217080j,-0.380980-1.104302j,0.276247-0.158292j,2.092579
0.345513-0.217053j,-0.380789-1.104778j,0.276288-0.158180j,2.093149
0.345713-0.217026j,-0.380598-1.105254j,0.276330-0.158068j,2.093719
0.345913-0.216999j,-0.380408-1.105729j,0.276372-0.157955j,2.094290
0.346113-0.216972j,-0.380218-1.106203j,0.276414-0.157843j,2.094861
0.346314-0.216945j,-0.380029-1.106677j,0.276455-0.157731j,2.095431
0.346514-0.216917j,-0.379839-1.107150j,0.276497-0.157619j,2.096002
0.346714-0.216890j,-0.379651-1.107623j,0.276539-0.157507j,2.096574
0.346915-0.216863j,-0.379462-1.108095j,0.276581-0.157395j,2.097145
0.347116-0.216835j,-0.379274-1.108566j,0.276623-0.157283j,2.097717
0.347316-0.216808j,-0.379087-1.109037j,0.276665-0.157171j,2.098288
0.347517-0.216780j,-0.378900-1.109507j,0.276706-0.157059j,2.098861
0.347718-0.216752j,-0.378713-1.109976j,0.276748-0.156947j,2.099433
0.347919-0.216725j,-0.378526-1.110445j,0.276790-0.156836j,2.100005
0.348120-0.216697j,-0.378340-1.110913j,0.276832-0.156724j,2.100578
0.348321-0.216669j,-0.378154-1.111381j,0.276874-0.156612j,2.101151
0.348522-0.216641j,-0.377969-1.111848j,0.276916-0.156501j,2.101724
0.348723-0.216613j,-0.377784-1.112315j,0.276958-0.156389j,2.102297
0.348924-0.216585j,-0.377600-1.112780j,0.277000-0.156278j,2.102870
0.349125-0.216556j,-0.377415-1.113246j,0.277043-0.156167j,2.103444
0.349327-0.216528j,-0.377231-1.113710j,0.277085-0.156055j,2.104018
0.349528-0.216500j,-0.377048-1.114174j,0.277127-0.155944j,2.104591
0.349730-0.216471j,-0.376865-1.114638j,0.277169-0.155833j,2.105166
0.349931-0.216443j,-0.376682-1.115101j,0.277211-0.155722j,2.105740
0.350133-0.216414j,-0.376500-1.115563j,0.277253-0.155611j,2.106315
0.350334-0.216386j,-0.376318-1.116025j,0.277296-0.155500j,2.106889
0.350536-0.216357j,-0.376136-1.116486j,0.277338-0.155389j,2.107464
0.350738-0.216328j,-0.375955-1.116946j,0.277380-0.155278j,2.108039
0.350940-0.216299j,-0.375774-1.117406j,0.277423-0.155167j,2.108615
0.351142-0.216270j,-0.375593-1.117866j,0.277465-0.155057j,2.109190
0.351344-0.216241j,-0.375413-1.118324j,0.277507-0.154946j,2.109766
0.351546-0.216212j,-0.375233-1.118783j,0.277550-0.154835j,2.110342
0.351748-0.216183j,-0.375054-1.119240j,0.277592-0.154725j,2.110918
0.351950-0.216154j,-0.374875-1.119697j,0.277634-0.154614j,2.111494
0.352153-0.216124j,-0.374696-1.120154j,0.277677-0.154504j,2.112071
0.352355-0.216095j,-0.374518-1.120610j,0.277719-0.154394j,2.112648
0.352557-0.216065j,-0.374340-1.121065j,0.277762-0.154283j,2.113225
0.352760-0.216036j,-0.374162-1.121520j,0.277804-0.154173j,2.113802
0.352962-0.216006j,-0.373985-1.121974j,0.277847-0.154063j,2.114379
0.353165-0.215976j,-0.373808-1.122428j,0.277890-0.153953j,2.114956
0.353368-0.215947j,-0.373631-1.122881j,0.277932-0.153843j,2.115534
0.353570-0.215917j,-0.373455-1.123334j,0.277975-0.153733j,2.116112
0.353773-0.215887j,-0.373279-1.123786j,0.278017-0.153623j,2.116690
0.353976-0.215857j,-0.373103-1.124237j,0.278060-0.153513j,2.117268
0.354179-0.215827j,-0.372928-1.124688j,0.278103-0.153403j,2.117847
0.354382-0.215797j,-0.372753-1.125138j,0.278146-0.153293j,2.118425
0.354585-0.215766j,-0.372578-1.125588j,0.278188-0.153183j,2.119004
0.354788-0.215736j,-0.372404-1.126037j,0.278231-0.153074j,2.119583
0.354992-0.215706j,-0.372230-1.126486j,0.278274-0.152964j,2.120163
0.355195-0.215675j,-0.372057-1.126934j,0.278317-0.152854j,2.120742
0.355398-0.215645j,-0.371884-1.127382j,0.278359-0.152745j,2.121322
0.355602-0.215614j,-0.371711-1.127829j,0.278402-0.152635j,2.121901
0.355805-0.215583j,-0.371538-1.128275j,0.278445-0.152526j,2.122481
0.356009-0.215553j,-0.371366-1.128721j,0.278488-0.152417j,2.123062
0.356213-0.215522j,-0.371194-1.129167j,0.278531-0.152307j,2.123642
0.356416-0.215491j,-0.371023-1.129612j,0.278574-0.152198j,2.124223
0.356620-0.215460j,-0.370852-1.130056j,0.278617-0.152089j,2.124803
0.356824-0.215429j,-0.370681-1.130500j,0.278660-0.151980j,2.125384
0.357028-0.215398j,-0.370511-1.130943j,0.278703-0.151871j,2.125966
0.357232-0.215366j,-0.370340-1.131386j,0.278746-0.151762j,2.126547
0.357436-0.215335j,-0.370171-1.131828j,0.278789-0.151653j,2.127128
0.357640-0.215304j,-0.370001-1.132270j,0.278832-0.151544j,2.127710
0.357844-0.215272j,-0.369832-1.132711j,0.278875-0.151435j,2.128292
0.358048-0.215241j,-0.369663-1.133152j,0.278918-0.151326j,2.128874
0.358253-0.215209j,-0.369495-1.133592j,0.278961-0.151217j,2.129457
0.358457-0.215177j,-0.369327-1.134031j,0.279005-0.151109j,2.130039
0.358662-0.215146j,-0.369159-1.134471j,0.279048-0.151000j,2.130622
0.358866-0.215114j,-0.368991-1.134909j,0.279091-0.150891j,2.131205
0.359071-0.215082j,-0.368824-1.135347j,0.279134-0.150783j,2.131788
0.359275-0.215050j,-0.368657-1.135785j,0.279177-0.150674j,2.132371
0.359480-0.215018j,-0.368491-1.136222j,0.279221-0.150566j,2.132955
0.359685-0.214986j,-0.368325-1.136658j,0.279264-0.150458j,2.133538
0.359890-0.214953j,-0.368159-1.137094j,0.279307-0.150349j,2.134122
0.360095-0.214921j,-0.367993-1.137530j,0.279351-0.150241j,2.134706
0.360300-0.214889j,-0.367828-1.137965j,0.279394-0.150133j,2.135290
0.360505-0.214856j,-0.367663-1.138399j,0.279437-0.150025j,2.135875
0.360710-0.214824j,-0.367499-1.138833j,0.279481-0.149917j,2.136459
0.360915-0.214791j,-0.367334-1.139267j,0.279524-0.149809j,2.137044
0.361120-0.214758j,-0.367170-1.139700j,0.279568-0.149701j,2.137629
0.361326-0.214726j,-0.367007-1.140132j,0.279611-0.149593j,2.138214
0.361531-0.214693j,-0.366844-1.140564j,0.279655-0.149485j,2.138800
0.361736-0.214660j,-0.366681-1.140995j,0.279698-0.149377j,2.139385
0.361942-0.214627j,-0.366518-1.141426j,0.279742-0.149269j,2.139971
0.362148-0.214594j,-0.366356-1.141857j,0.279785-0.149161j,2.140557
0.362353-0.214561j,-0.366193-1.142287j,0.279829-0.149054j,2.141143
0.362559-0.214527j,-0.366032-1.142716j,0.279873-0.148946j,2.141730
0.362765-0.214494j,-0.365870-1.143145j,0.279916-0.148838j,2.142316
0.362971-0.214461j,-0.365709-1.143574j,0.279960-0.148731j,2.142903
0.363177-0.214427j,-0.365548-1.144002j,0.280003-0.148623j,2.143490
0.363383-0.214394j,-0.365388-1.144429j,0.280047-0.148516j,2.144077
0.363589-0.214360j,-0.365228-1.144856j,0.280091-0.148408j,2.144664
0.363795-0.214326j,-0.365068-1.145283j,0.280135-0.148301j,2.145252
0.364001-0.214293j,-0.364908-1.145709j,0.280178-0.148194j,2.145839
0.364207-0.214259j,-0.364749-1.146134j,0.280222-0.148086j,2.146427
0.364414-0.214225j,-0.364590-1.146559j,0.280266-0.147979j,2.147015
0.364620-0.214191j,-0.364432-1.146984j,0.280310-0.147872j,2.147604
0.364827-0.214157j,-0.364273-1.147408j,0.280354-0.147765j,2.148192
0.365033-0.214123j,-0.364115-1.147832j,0.280397-0.147658j,2.148781
0.365240-0.214088j,-0.363958-1.148255j,0.280441-0.147551j,2.149369
0.365447-0.214054j,-0.363800-1.148677j,0.280485-0.147444j,2.149958
0.365653-0.214020j,-0.363643-1.149100j,0.280529-0.147337j,2.150548
0.365860-0.213985j,-0.363486-1.149521j,0.280573-0.147230j,2.151137
0.366067-0.213951j,-0.363330-1.149942j,0.280617-0.147123j,2.151727
0.366274-0.213916j,-0.363173-1.150363j,0.280661-0.147017j,2.152316
0.366481-0.213881j,-0.363018-1.150784j,0.280705-0.146910j,2.152906
0.366688-0.213846j,-0.362862-1.151203j,0.280749-0.146803j,2.153496
0.366895-0.213811j,-0.362707-1.151623j,0.280793-0.146697j,2.154087
0.367102-0.213777j,-0.362552-1.152042j,0.280837-0.146590j,2.154677
0.367310-0.213741j,-0.362397-1.152460j,0.280881-0.146484j,2.155268
0.367517-0.213706j,-0.362243-1.152878j,0.280925-0.146377j,2.155859
0.367725-0.213671j,-0.362088-1.153296j,0.280970-0.146271j,2.156450
0.367932-0.213636j,-0.361935-1.153713j,0.281014-0.146164j,2.157041
0.368140-0.213601j,-0.361781-1.154129j,0.281058-0.146058j,2.157633
0.368347-0.213565j,-0.361628-1.154545j,0.281102-0.145952j,2.158224
0.368555-0.213530j,-0.361475-1.154961j,0.281146-0.145846j,2.158816
0.368763-0.213494j,-0.361322-1.155376j,0.281190-0.145739j,2.159408
0.368971-0.213458j,-0.361170-1.155791j,0.281235-0.145633j,2.160001
0.369178-0.213423j,-0.361018-1.156205j,0.281279-0.145527j,2.160593
0.369386-0.213387j,-0.360866-1.156619j,0.281323-0.145421j,2.161186
0.369594-0.213351j,-0.360715-1.157033j,0.281368-0.145315j,2.161778
0.369803-0.213315j,-0.360563-1.157445j,0.281412-0.145209j,2.162371
0.370011-0.213279j,-0.360412-1.157858j,0.281456-0.145103j,2.162965
0.370219-0.213243j,-0.360262-1.158270j,0.281501-0.144997j,2.163558
0.370427-0.213206j,-0.360111-1.158682j,0.281545-0.144891j,2.164151
0.370636-0.213170j,-0.359961-1.159093j,0.281589-0.144786j,2.164745
0.370844-0.213134j,-0.359812-1.159503j,0.281634-0.144680j,2.165339
0.371053-0.213097j,-0.359662-1.159914j,0.281678-0.144574j,2.165933
0.371261-0.213061j,-0.359513-1.160323j,0.281723-0.144469j,2.166527
0.371470-0.213024j,-0.359364-1.160733j,0.281767-0.144363j,2.167122
0.371679-0.212987j,-0.359215-1.161142j,0.281812-0.144258j,2.167717
0.371887-0.212951j,-0.359067-1.161550j,0.281856-0.144152j,2.168312
0.372096-0.212914j,-0.358919-1.161958j,0.281901-0.144047j,2.168907
0.372305-0.212877j,-0.358771-1.162366j,0.281946-0.143941j,2.169502
0.372514-0.212840j,-0.358624-1.162773j,0.281990-0.143836j,2.170097
0.372723-0.212803j,-0.358476-1.163180j,0.282035-0.143730j,2.170693
0.372932-0.212765j,-0.358330-1.163586j,0.282079-0.143625j,2.171289
0.373142-0.212728j,-0.358183-1.163992j,0.282124-0.143520j,2.171885
0.373351-0.212691j,-0.358036-1.164397j,0.282169-0.143415j,2.172481
0.373560-0.212653j,-0.357890-1.164802j,0.282213-0.143310j,2.173077
0.373770-0.212616j,-0.357745-1.165207j,0.282258-0.143204j,2.173674
0.373979-0.212578j,-0.357599-1.165611j,0.282303-0.143099j,2.174270
0.374189-0.212541j,-0.357454-1.166015j,0.282348-0.142994j,2.174867
0.374398-0.212503j,-0.357309-1.166418j,0.282392-0.142889j,2.175464
0.374608-0.212465j,-0.357164-1.166821j,0.282437-0.142784j,2.176062
0.374818-0.212427j,-0.357020-1.167223j,0.282482-0.142680j,2.176659
0.375027-0.212389j,-0.356875-1.167625j,0.282527-0.142575j,2.177257
0.375237-0.212351j,-0.356731-1.168027j,0.282572-0.142470j,2.177855
0.375447-0.212313j,-0.356588-1.168428j,0.282617-0.142365j,2.178453
0.375657-0.212275j,-0.356444-1.168829j,0.282662-0.142260j,2.179051
0.375867-0.212236j,-0.356301-1.169229j,0.282706-0.142156j,2.179649
0.376077-0.212198j,-0.356159-1.169629j,0.282751-0.142051j,2.180248
0.376288-0.212159j,-0.356016-1.170029j,0.282796-0.141947j,2.180847
0.376498-0.212121j,-0.355874-1.170428j,0.282841-0.141842j,2.181446
0.376708-0.212082j,-0.355732-1.170826j,0.282886-0.141737j,2.182045
0.376919-0.212044j,-0.355590-1.171225j,0.282931-0.141633j,2.182644
0.377129-0.212005j,-0.355448-1.171622j,0.282976-0.141529j,2.183244
0.377340-0.211966j,-0.355307-1.172020j,0.283021-0.141424j,2.183844
0.377550-0.211927j,-0.355166-1.172417j,0.283066-0.141320j,2.184443
0.377761-0.211888j,-0.355026-1.172813j,0.283112-0.141216j,2.185044
0.377972-0.211849j,-0.354885-1.173210j,0.283157-0.141111j,2.185644
0.378183-0.211810j,-0.354745-1.173605j,0.283202-0.141007j,2.186244
0.378393-0.211770j,-0.354605-1.174001j,0.283247-0.140903j,2.186845
0.378604-0.211731j,-0.354466-1.174396j,0.283292-0.140799j,2.187446
0.378815-0.211691j,-0.354326-1.174790j,0.283337-0.140695j,2.188047
0.379027-0.211652j,-0.354187-1.175184j,0.283383-0.140591j,2.188648
0.379238-0.211612j,-0.354048-1.175578j,0.283428-0.140487j,2.189249
0.379449-0.211573j,-0.353910-1.175971j,0.283473-0.140383j,2.189851
0.379660-0.211533j,-0.353771-1.176364j,0.283518-0.140279j,2.190453
0.379872-0.211493j,-0.353633-1.176757j,0.283564-0.140175j,2.191055
0.380083-0.211453j,-0.353496-1.177149j,0.283609-0.140071j,2.191657
0.380294-0.211413j,-0.353358-1.177541j,0.283654-0.139967j,2.192259
0.380506-0.211373j,-0.353221-1.177932j,0.283699-0.139863j,2.192862
0.380718-0.211333j,-0.353084-1.178323j,0.283745-0.139760j,2.193464
0.380929-0.211292j,-0.352947-1.178713j,0.283790-0.139656j,2.194067
0.381141-0.211252j,-0.352811-1.179104j,0.283836-0.139552j,2.194670
0.381353-0.211211j,-0.352674-1.179493j,0.283881-0.139449j,2.195273
0.381565-0.211171j,-0.352538-1.179883j,0.283926-0.139345j,2.195877
0.381777-0.211130j,-0.352403-1.180272j,0.283972-0.139242j,2.196481
0.381989-0.211090j,-0.352267-1.180660j,0.284017-0.139138j,2.197084
0.382201-0.211049j,-0.352132-1.181048j,0.284063-0.139035j,2.197688
0.382413-0.211008j,-0.351997-1.181436j,0.284108-0.138931j,2.198292
0.382625-0.210967j,-0.351862-1.181823j,0.284154-0.138828j,2.198897
0.382838-0.210926j,-0.351728-1.182210j,0.284199-0.138724j,2.199501
0.383050-0.210885j,-0.351594-1.182597j,0.284245-0.138621j,2.200106
0.383263-0.210844j,-0.351460-1.182983j,0.284291-0.138518j,2.200711
0.383475-0.210802j,-0.351326-1.183369j,0.284336-0.138415j,2.201316
0.383688-0.210761j,-0.351193-1.183755j,0.284382-0.138311j,2.201921
0.383900-0.210720j,-0.351060-1.184140j,0.284427-0.138208j,2.202527
0.384113-0.210678j,-0.350927-1.184524j,0.284473-0.138105j,2.203132
0.384326-0.210637j,-0.350794-1.184909j,0.284519-0.138002j,2.203738
0.384539-0.210595j,-0.350661-1.185293j,0.284564-0.137899j,2.204344
0.384752-0.210553j,-0.350529-1.185676j,0.284610-0.137796j,2.204950
0.384965-0.210511j,-0.350397-1.186059j,0.284656-0.137693j,2.205557
0.385178-0.210469j,-0.350266-1.186442j,0.284702-0.137590j,2.206163
0.385391-0.210427j,-0.350134-1.186824j,0.284747-0.137487j,2.206770
0.385604-0.210385j,-0.350003-1.187206j,0.284793-0.137384j,2.207377
0.385817-0.210343j,-0.349872-1.187588j,0.284839-0.137282j,2.207984
0.386030-0.210301j,-0.349741-1.187969j,0.284885-0.137179j,2.208591
0.386244-0.210258j,-0.349611-1.188350j,0.284931-0.137076j,2.209199
0.386457-0.210216j,-0.349481-1.188731j,0.284977-0.136973j,2.209806
0.386671-0.210173j,-0.349351-1.189111j,0.285022-0.136871j,2.210414
0.386884-0.210131j,-0.349221-1.189491j,0.285068-0.136768j,2.211022
0.387098-0.210088j,-0.349092-1.189870j,0.285114-0.136665j,2.211631
0.387312-0.210045j,-0.348962-1.190249j,0.285160-0.136563j,2.212239
0.387526-0.210002j,-0.348833-1.190628j,0.285206-0.136460j,2.212847
0.387740-0.209960j,-0.348705-1.191006j,0.285252-0.136358j,2.213456
0.387953-0.209917j,-0.348576-1.191384j,0.285298-0.136255j,2.214065
0.388167-0.209873j,-0.348448-1.191762j,0.285344-0.136153j,2.214674
0.388382-0.209830j,-0.348320-1.192139j,0.285390-0.136051j,2.215284
0.388596-0.209787j,-0.348192-1.192516j,0.285436-0.135948j,2.215893
0.388810-0.209744j,-0.348065-1.192892j,0.285482-0.135846j,2.216503
0.389024-0.209700j,-0.347937-1.193268j,0.285528-0.135744j,2.217113
0.389238-0.209657j,-0.347810-1.193644j,0.285574-0.135641j,2.217723
0.389453-0.209613j,-0.347683-1.194019j,0.285621-0.135539j,2.218333
0.389667-0.209569j,-0.347557-1.194394j,0.285667-0.135437j,2.218943
0.389882-0.209525j,-0.347430-1.194769j,0.285713-0.135335j,2.219554
0.390097-0.209482j,-0.347304-1.195143j,0.285759-0.135233j,2.220165
0.390311-0.209438j,-0.347178-1.195517j,0.285805-0.135131j,2.220775
0.390526-0.209394j,-0.347053-1.195891j,0.285851-0.135029j,2.221387
0.390741-0.209349j,-0.346927-1.196264j,0.285898-0.134927j,2.221998
0.390956-0.209305j,-0.346802-1.196637j,0.285944-0.134825j,2.222609
0.391171-0.209261j,-0.346677-1.197009j,0.285990-0.134723j,2.223221
0.391386-0.209217j,-0.346553-1.197381j,0.286036-0.134621j,2.223833
0.391601-0.209172j,-0.346428-1.197753j,0.286083-0.134519j,2.224445
0.391816-0.209128j,-0.346304-1.198125j,0.286129-0.134417j,2.225057
0.392031-0.209083j,-0.346180-1.198496j,0.286175-0.134315j,2.225670
0.392246-0.209038j,-0.346056-1.198867j,0.286222-0.134213j,2.226282
0.392462-0.208993j,-0.345933-1.199237j,0.286268-0.134112j,2.226895
0.392677-0.208949j,-0.345809-1.199607j,0.286314-0.134010j,2.227508
0.392893-0.208904j,-0.345686-1.199977j,0.286361-0.133908j,2.228121
0.393108-0.208859j,-0.345564-1.200346j,0.286407-0.133807j,2.228734
0.393324-0.208813j,-0.345441-1.200715j,0.286454-0.133705j,2.229348
0.393539-0.208768j,-0.345319-1.201084j,0.286500-0.133604j,2.229961
0.393755-0.208723j,-0.345196-1.201452j,0.286546-0.133502j,2.230575
0.393971-0.208677j,-0.345075-1.201820j,0.286593-0.133401j,2.231189
0.394187-0.208632j,-0.344953-1.202187j,0.286639-0.133299j,2.231803
0.394403-0.208586j,-0.344831-1.202555j,0.286686-0.133198j,2.232418
0.394619-0.208541j,-0.344710-1.202922j,0.286733-0.133096j,2.233032
0.394835-0.208495j,-0.344589-1.203288j,0.286779-0.132995j,2.233647
0.395051-0.208449j,-0.344469-1.203654j,0.286826-0.132893j,2.234262
0.395267-0.208403j,-0.344348-1.204020j,0.286872-0.132792j,2.234877
0.395484-0.208357j,-0.344228-1.204386j,0.286919-0.132691j,2.235492
0.395700-0.208311j,-0.344108-1.204751j,0.286965-0.132590j,2.236108
0.395917-0.208265j,-0.343988-1.205116j,0.287012-0.132488j,2.236724
0.396133-0.208219j,-0.343868-1.205480j,0.287059-0.132387j,2.237339
0.396350-0.208172j,-0.343749-1.205844j,0.287105-0.132286j,2.237955
0.396566-0.208126j,-0.343630-1.206208j,0.287152-0.132185j,2.238572
0.396783-0.208079j,-0.343511-1.206572j,0.287199-0.132084j,2.239188
0.397000-0.208033j,-0.343392-1.206935j,0.287246-0.131983j,2.239804
0.397217-0.207986j,-0.343273-1.207298j,0.287292-0.131882j,2.240421
0.397434-0.207939j,-0.343155-1.207660j,0.287339-0.131781j,2.241038
0.397651-0.207892j,-0.343037-1.208022j,0.287386-0.131680j,2.241655
0.397868-0.207845j,-0.342919-1.208384j,0.287433-0.131579j,2.242272
0.398085-0.207798j,-0.342802-1.208746j,0.287479-0.131478j,2.242890
0.398302-0.207751j,-0.342684-1.209107j,0.287526-0.131377j,2.243508
0.398519-0.207704j,-0.342567-1.209468j,0.287573-0.131276j,2.244125
0.398736-0.207657j,-0.342450-1.209828j,0.287620-0.131175j,2.244743
0.398954-0.207609j,-0.342333-1.210188j,0.287667-0.131075j,2.245361
0.399171-0.207562j,-0.342217-1.210548j,0.287714-0.130974j,2.245980
0.399389-0.207514j,-0.342101-1.210908j,0.287761-0.130873j,2.246598
0.399606-0.207467j,-0.341985-1.211267j,0.287808-0.130772j,2.247217
0.399824-0.207419j,-0.341869-1.211626j,0.287855-0.130672j,2.247836
0.400042-0.207371j,-0.341753-1.211984j,0.287902-0.130571j,2.248455
0.400260-0.207323j,-0.341638-1.212343j,0.287949-0.130471j,2.249074
0.400477-0.207275j,-0.341523-1.212700j,0.287996-0.130370j,2.249694
0.400695-0.207227j,-0.341408-1.213058j,0.288043-0.130269j,2.250313
0.400913-0.207179j,-0.341293-1.213415j,0.288090-0.130169j,2.250933
0.401131-0.207131j,-0.341178-1.213772j,0.288137-0.130068j,2.251553
0.401350-0.207082j,-0.341064-1.214129j,0.288184-0.129968j,2.252173
0.401568-0.207034j,-0.340950-1.214485j,0.288231-0.129868j,2.252793
0.401786-0.206985j,-0.340836-1.214841j,0.288278-0.129767j,2.253414
0.402004-0.206937j,-0.340722-1.215197j,0.288325-0.129667j,2.254035
0.402223-0.206888j,-0.340609-1.215552j,0.288372-0.129566j,2.254655
0.402441-0.206839j,-0.340496-1.215907j,0.288419-0.129466j,2.255276
0.402660-0.206791j,-0.340383-1.216262j,0.288466-0.129366j,2.255898
0.402878-0.206742j,-0.340270-1.216616j,0.288514-0.129266j,2.256519
0.403097-0.206693j,-0.340157-1.216970j,0.288561-0.129165j,2.257141
0.403316-0.206643j,-0.340045-1.217324j,0.288608-0.129065j,2.257762
0.403535-0.206594j,-0.339933-1.217677j,0.288655-0.128965j,2.258384
0.403753-0.206545j,-0.339821-1.218030j,0.288702-0.128865j,2.259006
0.403972-0.206495j,-0.339709-1.218383j,0.288750-0.128765j,2.259629
0.404191-0.206446j,-0.339597-1.218735j,0.288797-0.128665j,2.260251
0.404410-0.206396j,-0.339486-1.219088j,0.288844-0.128564j,2.260874
0.404630-0.206347j,-0.339375-1.219439j,0.288892-0.128464j,2.261497
0.404849-0.206297j,-0.339264-1.219791j,0.288939-0.128364j,2.262120
0.405068-0.206247j,-0.339153-1.220142j,0.288986-0.128264j,2.262743
0.405287-0.206197j,-0.339043-1.220493j,0.289034-0.128165j,2.263366
0.405507-0.206147j,-0.338933-1.220844j,0.289081-0.128065j,2.263990
0.405726-0.206097j,-0.338823-1.221194j,0.289128-0.127965j,2.264613
0.405946-0.206047j,-0.338713-1.221544j,0.289176-0.127865j,2.265237
0.406165-0.205997j,-0.338603-1.221894j,0.289223-0.127765j,2.265861
0.406385-0.205946j,-0.338494-1.222243j,0.289271-0.127665j,2.266485
0.406605-0.205896j,-0.338384-1.222592j,0.289318-0.127565j,2.267110
0.406825-0.205845j,-0.338275-1.222941j,0.289366-0.127466j,2.267734
0.407045-0.205795j,-0.338167-1.223289j,0.289413-0.127366j,2.268359
0.407265-0.205744j,-0.338058-1.223637j,0.289461-0.127266j,2.268984
0.407485-0.205693j,-0.337950-1.223985j,0.289508-0.127166j,2.269609
0.407705-0.205642j,-0.337841-1.224333j,0.289556-0.127067j,2.270235
0.407925-0.205591j,-0.337733-1.224680j,0.289603-0.126967j,2.270860
0.408145-0.205540j,-0.337626-1.225027j,0.289651-0.126868j,2.271486
0.408365-0.205489j,-0.337518-1.225373j,0.289698-0.126768j,2.272112
0.408586-0.205438j,-0.337411-1.225720j,0.289746-0.126668j,2.272738
0.408806-0.205386j,-0.337304-1.226066j,0.289794-0.126569j,2.273364
0.409027-0.205335j,-0.337197-1.226411j,0.289841-0.126469j,2.273990
0.409247-0.205283j,-0.337090-1.226757j,0.289889-0.126370j,2.274617
0.409468-0.205232j,-0.336983-1.227102j,0.289937-0.126270j,2.275243
0.409689-0.205180j,-0.336877-1.227447j,0.289984-0.126171j,2.275870
0.409909-0.205128j,-0.336771-1.227791j,0.290032-0.126072j,2.276497
0.410130-0.205076j,-0.336665-1.228135j,0.290080-0.125972j,2.277125
0.410351-0.205024j,-0.336559-1.228479j,0.290128-0.125873j,2.277752
0.410572-0.204972j,-0.336454-1.228823j,0.290175-0.125774j,2.278380
0.410793-0.204920j,-0.336348-1.229166j,0.290223-0.125674j,2.279007
0.411014-0.204868j,-0.336243-1.229509j,0.290271-0.125575j,2.279635
0.411235-0.204816j,-0.336138-1.229852j,0.290319-0.125476j,2.280263
0.411457-0.204763j,-0.336033-1.230195j,0.290366-0.125376j,2.280892
0.411678-0.204711j,-0.335929-1.230537j,0.290414-0.125277j,2.281520
0.411899-0.204658j,-0.335825-1.230879j,0.290462-0.125178j,2.282149
0.412121-0.204605j,-0.335721-1.231220j,0.290510-0.125079j,2.282778
0.412342-0.204552j,-0.335617-1.231561j,0.290558-0.124980j,2.283407
0.412564-0.204500j,-0.335513-1.231902j,0.290606-0.124881j,2.284036
0.412785-0.204447j,-0.335409-1.232243j,0.290654-0.124782j,2.284665
0.413007-0.204394j,-0.335306-1.232584j,0.290702-0.124683j,2.285295
0.413229-0.204340j,-0.335203-1.232924j,0.290750-0.124584j,2.285924
0.413451-0.204287j,-0.335100-1.233263j,0.290797-0.124485j,2.286554
0.413673-0.204234j,-0.334997-1.233603j,0.290845-0.124386j,2.287184
0.413895-0.204180j,-0.334895-1.233942j,0.290893-0.124287j,2.287815
0.414117-0.204127j,-0.334792-1.234281j,0.290941-0.124188j,2.288445
0.414339-0.204073j,-0.334690-1.234620j,0.290989-0.124089j,2.289076
0.414561-0.204020j,-0.334588-1.234958j,0.291038-0.123990j,2.289706
0.414783-0.203966j,-0.334487-1.235296j,0.291086-0.123891j,2.290337
0.415005-0.203912j,-0.334385-1.235634j,0.291134-0.123792j,2.290968
0.415228-0.203858j,-0.334284-1.235972j,0.291182-0.123693j,2.291600
0.415450-0.203804j,-0.334182-1.236309j,0.291230-0.123594j,2.292231
0.415673-0.203750j,-0.334081-1.236646j,0.291278-0.123496j,2.292863
0.415895-0.203696j,-0.333981-1.236983j,0.291326-0.123397j,2.293495
0.416118-0.203641j,-0.333880-1.237319j,0.291374-0.123298j,2.294127
0.416341-0.203587j,-0.333780-1.237655j,0.291422-0.123199j,2.294759
0.416564-0.203532j,-0.333680-1.237991j,0.291471-0.123101j,2.295391
0.416786-0.203478j,-0.333580-1.238327j,0.291519-0.123002j,2.296024
0.417009-0.203423j,-0.333480-1.238662j,0.291567-0.122903j,2.296656
0.417232-0.203368j,-0.333380-1.238997j,0.291615-0.122805j,2.297289
0.417455-0.203313j,-0.333281-1.239332j,0.291663-0.122706j,2.297922
0.417679-0.203258j,-0.333182-1.239666j,0.291712-0.122608j,2.298555
0.417902-0.203203j,-0.333083-1.240000j,0.291760-0.122509j,2.299189
0.418125-0.203148j,-0.332984-1.240334j,0.291808-0.122411j,2.299822
0.418348-0.203093j,-0.332885-1.240668j,0.291856-0.122312j,2.300456
0.418572-0.203038j,-0.332787-1.241001j,0.291905-0.122214j,2.301090
0.418795-0.202982j,-0.332688-1.241334j,0.291953-0.122115j,2.301724
0.419019-0.202927j,-0.332590-1.241667j,0.292001-0.122017j,2.302358
0.419242-0.202871j,-0.332492-1.241999j,0.292050-0.121918j,2.302993
0.419466-0.202815j,-0.332395-1.242332j,0.292098-0.121820j,2.303627
0.419690-0.202760j,-0.332297-1.242664j,0.292147-0.121721j,2.304262
0.419914-0.202704j,-0.332200-1.242995j,0.292195-0.121623j,2.304897
0.420137-0.202648j,-0.332103-1.243327j,0.292243-0.121525j,2.305532
0.420361-0.202592j,-0.332006-1.243658j,0.292292-0.121426j,2.306167
0.420585-0.202535j,-0.331909-1.243989j,0.292340-0.121328j,2.306803
0.420809-0.202479j,-0.331813-1.244319j,0.292389-0.121230j,2.307439
0.421034-0.202423j,-0.331716-1.244650j,0.292437-0.121132j,2.308074
0.421258-0.202366j,-0.331620-1.244980j,0.292486-0.121033j,2.308710
0.421482-0.202310j,-0.331524-1.245310j,0.292534-0.120935j,2.309347
0.421706-0.202253j,-0.331428-1.245639j,0.292583-0.120837j,2.309983
0.421931-0.202197j,-0.331333-1.245968j,0.292631-0.120739j,2.310619
0.422155-0.202140j,-0.331237-1.246297j,0.292680-0.120641j,2.311256
0.422380-0.202083j,-0.331142-1.246626j,0.292728-0.120543j,2.311893
0.422604-0.202026j,-0.331047-1.246954j,0.292777-0.120444j,2.312530
0.422829-0.201969j,-0.330952-1.247283j,0.292826-0.120346j,2.313167
0.423054-0.201912j,-0.330857-1.247611j,0.292874-0.120248j,2.313805
0.423279-0.201854j,-0.330763-1.247938j,0.292923-0.120150j,2.314442
0.423503-0.201797j,-0.330668-1.248266j,0.292971-0.120052j,2.315080
0.423728-0.201739j,-0.330574-1.248593j,0.293020-0.119954j,2.315718
0.423953-0.201682j,-0.330480-1.248920j,0.293069-0.119856j,2.316356
0.424179-0.201624j,-0.330387-1.249246j,0.293118-0.119758j,2.316994
0.424404-0.201567j,-0.330293-1.249573j,0.293166-0.119660j,2.317633
0.424629-0.201509j,-0.330200-1.249899j,0.293215-0.119562j,2.318271
0.424854-0.201451j,-0.330106-1.250224j,0.293264-0.119464j,2.318910
0.425080-0.201393j,-0.330013-1.250550j,0.293312-0.119366j,2.319549
0.425305-0.201335j,-0.329921-1.250875j,0.293361-0.119269j,2.320188
0.425530-0.201276j,-0.329828-1.251200j,0.293410-0.119171j,2.320827
0.425756-0.201218j,-0.329735-1.251525j,0.293459-0.119073j,2.321467
0.425982-0.201160j,-0.329643-1.251850j,0.293508-0.118975j,2.322106
0.426207-0.201101j,-0.329551-1.252174j,0.293556-0.118877j,2.322746
0.426433-0.201043j,-0.329459-1.252498j,0.293605-0.118779j,2.323386
0.426659-0.200984j,-0.329367-1.252821j,0.293654-0.118682j,2.324026
0.426885-0.200925j,-0.329276-1.253145j,0.293703-0.118584j,2.324667
0.427111-0.200866j,-0.329184-1.253468j,0.293752-0.118486j,2.325307
0.427337-0.200807j,-0.329093-1.253791j,0.293801-0.118389j,2.325948
0.427563-0.200748j,-0.329002-1.254114j,0.293850-0.118291j,2.326589
0.427789-0.200689j,-0.328911-1.254436j,0.293899-0.118193j,2.327230
0.428015-0.200630j,-0.328821-1.254758j,0.293947-0.118095j,2.327871
0.428241-0.200571j,-0.328730-1.255080j,0.293996-0.117998j,2.328512
0.428468-0.200511j,-0.328640-1.255402j,0.294045-0.117900j,2.329154
0.428694-0.200452j,-0.328550-1.255723j,0.294094-0.117803j,2.329795
0.428921-0.200392j,-0.328460-1.256045j,0.294143-0.117705j,2.330437
0.429147-0.200332j,-0.328370-1.256366j,0.294192-0.117607j,2.331079
0.429374-0.200273j,-0.328281-1.256686j,0.294241-0.117510j,2.331722
0.429601-0.200213j,-0.328191-1.257007j,0.294290-0.117412j,2.332364
0.429827-0.200153j,-0.328102-1.257327j,0.294340-0.117315j,2.333007
0.430054-0.200093j,-0.328013-1.257647j,0.294389-0.117217j,2.333649
0.430281-0.200032j,-0.327924-1.257966j,0.294438-0.117120j,2.334292
0.430508-0.199972j,-0.327835-1.258286j,0.294487-0.117022j,2.334935
0.430735-0.199912j,-0.327747-1.258605j,0.294536-0.116925j,2.335579
0.430962-0.199851j,-0.327658-1.258924j,0.294585-0.116828j,2.336222
0.431189-0.199791j,-0.327570-1.259242j,0.294634-0.116730j,2.336866
0.431417-0.199730j,-0.327482-1.259561j,0.294683-0.116633j,2.337509
0.431644-0.199669j,-0.327395-1.259879j,0.294732-0.116535j,2.338153
0.431871-0.199608j,-0.327307-1.260197j,0.294782-0.116438j,2.338797
0.432099-0.199547j,-0.327219-1.260515j,0.294831-0.116341j,2.339442
0.432326-0.199486j,-0.327132-1.260832j,0.294880-0.116243j,2.340086
0.432554-0.199425j,-0.327045-1.261149j,0.294929-0.116146j,2.340731
0.432781-0.199364j,-0.326958-1.261466j,0.294979-0.116049j,2.341375
0.433009-0.199303j,-0.326871-1.261783j,0.295028-0.115951j,2.342020
0.433237-0.199241j,-0.326785-1.262099j,0.295077-0.115854j,2.342666
0.433465-0.199180j,-0.326698-1.262415j,0.295126-0.115757j,2.343311
0.433693-0.199118j,-0.326612-1.262731j,0.295176-0.115660j,2.343956
0.433921-0.199056j,-0.326526-1.263047j,0.295225-0.115563j,2.344602
0.434149-0.198995j,-0.326440-1.263362j,0.295274-0.115465j,2.345248
0.434377-0.198933j,-0.326354-1.263678j,0.295324-0.115368j,2.345894
0.434605-0.198871j,-0.326269-1.263993j,0.295373-0.115271j,2.346540
0.434833-0.198809j,-0.326184-1.264307j,0.295422-0.115174j,2.347186
0.435061-0.198746j,-0.326098-1.264622j,0.295472-0.115077j,2.347833
0.435290-0.198684j,-0.326013-1.264936j,0.295521-0.114980j,2.348479
0.435518-0.198622j,-0.325928-1.265250j,0.295571-0.114882j,2.349126
0.435747-0.198559j,-0.325844-1.265564j,0.295620-0.114785j,2.349773
0.435975-0.198497j,-0.325759-1.265877j,0.295669-0.114688j,2.350420
0.436204-0.198434j,-0.325675-1.266191j,0.295719-0.114591j,2.351068
0.436433-0.198371j,-0.325591-1.266504j,0.295768-0.114494j,2.351715
0.436661-0.198308j,-0.325507-1.266817j,0.295818-0.114397j,2.352363
0.436890-0.198246j,-0.325423-1.267129j,0.295867-0.114300j,2.353011
0.437119-0.198182j,-0.325339-1.267441j,0.295917-0.114203j,2.353659
0.437348-0.198119j,-0.325256-1.267754j,0.295966-0.114106j,2.354307
0.437577-0.198056j,-0.325173-1.268065j,0.296016-0.114009j,2.354956
0.437806-0.197993j,-0.325089-1.268377j,0.296065-0.113912j,2.355604
0.438035-0.197929j,-0.325006-1.268688j,0.296115-0.113815j,2.356253
0.438265-0.197866j,-0.324924-1.269000j,0.296165-0.113718j,2.356902
0.438494-0.197802j,-0.324841-1.269310j,0.296214-0.113621j,2.357551
0.438723-0.197738j,-0.324759-1.269621j,0.296264-0.113525j,2.358200
0.438953-0.197675j,-0.324676-1.269932j,0.296313-0.113428j,2.358849
0.439182-0.197611j,-0.324594-1.270242j,0.296363-0.113331j,2.359499
0.439412-0.197547j,-0.324512-1.270552j,0.296413-0.113234j,2.360149
0.439642-0.197483j,-0.324430-1.270861j,0.296462-0.113137j,2.360799
0.439871-0.197418j,-0.324349-1.271171j,0.296512-0.113040j,2.361449
0.440101-0.197354j,-0.324267-1.271480j,0.296562-0.112944j,2.362099
0.440331-0.197290j,-0.324186-1.271789j,0.296611-0.112847j,2.362749
0.440561-0.197225j,-0.324105-1.272098j,0.296661-0.112750j,2.363400
0.440791-0.197160j,-0.324024-1.272407j,0.296711-0.112653j,2.364051
0.441021-0.197096j,-0.323943-1.272715j,0.296761-0.112556j,2.364702
0.441251-0.197031j,-0.323863-1.273023j,0.296810-0.112460j,2.365353
0.441481-0.196966j,-0.323782-1.273331j,0.296860-0.112363j,2.366004
0.441711-0.196901j,-0.323702-1.273639j,0.296910-0.112266j,2.366655
0.441942-0.196836j,-0.323622-1.273946j,0.296960-0.112169j,2.367307
0.442172-0.196771j,-0.323542-1.274253j,0.297010-0.112073j,2.367959
0.442403-0.196706j,-0.323462-1.274560j,0.297059-0.111976j,2.368611
0.442633-0.196640j,-0.323382-1.274867j,0.297109-0.111879j,2.369263
0.442864-0.196575j,-0.323303-1.275173j,0.297159-0.111783j,2.369915
0.443094-0.196509j,-0.323224-1.275480j,0.297209-0.111686j,2.370567
0.443325-0.196443j,-0.323144-1.275786j,0.297259-0.111590j,2.371220
0.443556-0.196378j,-0.323065-1.276092j,0.297309-0.111493j,2.371873
0.443787-0.196312j,-0.322987-1.276397j,0.297359-0.111396j,2.372526
0.444018-0.196246j,-0.322908-1.276703j,0.297409-0.111300j,2.373179
0.444249-0.196180j,-0.322830-1.277008j,0.297458-0.111203j,2.373832
0.444480-0.196114j,-0.322751-1.277313j,0.297508-0.111107j,2.374486
0.444711-0.196047j,-0.322673-1.277617j,0.297558-0.111010j,2.375139
0.444942-0.195981j,-0.322595-1.277922j,0.297608-0.110914j,2.375793
0.445173-0.195914j,-0.322517-1.278226j,0.297658-0.110817j,2.376447
0.445405-0.195848j,-0.322440-1.278530j,0.297708-0.110720j,2.377101
0.445636-0.195781j,-0.322362-1.278834j,0.297758-0.110624j,2.377755
0.445867-0.195714j,-0.322285-1.279138j,0.297808-0.110527j,2.378410
0.446099-0.195648j,-0.322208-1.279441j,0.297858-0.110431j,2.379065
0.446330-0.195581j,-0.322131-1.279744j,0.297908-0.110335j,2.379719
0.446562-0.195514j,-0.322054-1.280047j,0.297959-0.110238j,2.380374
0.446794-0.195446j,-0.321977-1.280350j,0.298009-0.110142j,2.381029
0.447026-0.195379j,-0.321901-1.280652j,0.298059-0.110045j,2.381685
0.447257-0.195312j,-0.321824-1.280954j,0.298109-0.109949j,2.382340
0.447489-0.195244j,-0.321748-1.281256j,0.298159-0.109852j,2.382996
0.447721-0.195177j,-0.321672-1.281558j,0.298209-0.109756j,2.383652
0.447953-0.195109j,-0.321596-1.281860j,0.298259-0.109660j,2.384308
0.448186-0.195041j,-0.321520-1.282161j,0.298309-0.109563j,2.384964
0.448418-0.194974j,-0.321445-1.282462j,0.298360-0.109467j,2.385620
0.448650-0.194906j,-0.321370-1.282763j,0.298410-0.109371j,2.386277
0.448882-0.194838j,-0.321294-1.283064j,0.298460-0.109274j,2.386933
0.449115-0.194769j,-0.321219-1.283365j,0.298510-0.109178j,2.387590
0.449347-0.194701j,-0.321144-1.283665j,0.298560-0.109082j,2.388247
0.449580-0.194633j,-0.321070-1.283965j,0.298611-0.108985j,2.388904
0.449812-0.194564j,-0.320995-1.284265j,0.298661-0.108889j,2.389562
0.450045-0.194496j,-0.320921-1.284564j,0.298711-0.108793j,2.390219
0.450278-0.194427j,-0.320846-1.284864j,0.298761-0.108696j,2.390877
0.450510-0.194358j,-0.320772-1.285163j,0.298812-0.108600j,2.391535
0.450743-0.194290j,-0.320698-1.285462j,0.298862-0.108504j,2.392193
0.450976-0.194221j,-0.320624-1.285761j,0.298912-0.108408j,2.392851
0.451209-0.194152j,-0.320551-1.286059j,0.298963-0.108311j,2.393509
0.451442-0.194082j,-0.320477-1.286358j,0.299013-0.108215j,2.394168
0.451675-0.194013j,-0.320404-1.286656j,0.299063-0.108119j,2.394826
0.451909-0.193944j,-0.320331-1.286954j,0.299114-0.108023j,2.395485
0.452142-0.193874j,-0.320258-1.287251j,0.299164-0.107927j,2.396144
0.452375-0.193805j,-0.320185-1.287549j,0.299215-0.107830j,2.396803
0.452609-0.193735j,-0.320112-1.287846j,0.299265-0.107734j,2.397463
0.452842-0.193665j,-0.320040-1.288143j,0.299315-0.107638j,2.398122
0.453076-0.193596j,-0.319967-1.288440j,0.299366-0.107542j,2.398782
0.453309-0.193526j,-0.319895-1.288737j,0.299416-0.107446j,2.399442
0.453543-0.193456j,-0.319823-1.289033j,0.299467-0.107350j,2.400102
0.453776-0.193385j,-0.319751-1.289329j,0.299517-0.107253j,2.400762
0.454010-0.193315j,-0.319679-1.289625j,0.299568-0.107157j,2.401422
0.454244-0.193245j,-0.319608-1.289921j,0.299618-0.107061j,2.402083
0.454478-0.193174j,-0.319536-1.290217j,0.299669-0.106965j,2.402743
0.454712-0.193104j,-0.319465-1.290512j,0.299719-0.106869j,2.403404
0.454946-0.193033j,-0.319394-1.290807j,0.299770-0.106773j,2.404065
0.455180-0.192962j,-0.319323-1.291102j,0.299820-0.106677j,2.404726
0.455414-0.192892j,-0.319252-1.291397j,0.299871-0.106581j,2.405388
0.455649-0.192821j,-0.319181-1.291692j,0.299921-0.106485j,2.406049
0.455883-0.192750j,-0.319111-1.291986j,0.299972-0.106389j,2.406711
0.456117-0.192678j,-0.319040-1.292280j,0.300023-0.106293j,2.407373
0.456352-0.192607j,-0.318970-1.292574j,0.300073-0.106197j,2.408035
0.456586-0.192536j,-0.318900-1.292868j,0.300124-0.106101j,2.408697
0.456821-0.192464j,-0.318830-1.293161j,0.300174-0.106005j,2.409359
0.457056-0.192393j,-0.318760-1.293455j,0.300225-0.105909j,2.410022
0.457290-0.192321j,-0.318691-1.293748j,0.300276-0.105813j,2.410684
0.457525-0.192249j,-0.318621-1.294041j,0.300326-0.105717j,2.411347
0.457760-0.192177j,-0.318552-1.294333j,0.300377-0.105621j,2.412010
0.457995-0.192106j,-0.318483-1.294626j,0.300428-0.105525j,2.412673
0.458230-0.192033j,-0.318414-1.294918j,0.300479-0.105429j,2.413337
0.458465-0.191961j,-0.318345-1.295210j,0.300529-0.105333j,2.414000
0.458700-0.191889j,-0.318276-1.295502j,0.300580-0.105237j,2.414664
0.458935-0.191817j,-0.318208-1.295794j,0.300631-0.105141j,2.415328
0.459170-0.191744j,-0.318139-1.296085j,0.300682-0.105045j,2.415992
0.459406-0.191672j,-0.318071-1.296376j,0.300732-0.104949j,2.416656
0.459641-0.191599j,-0.318003-1.296667j,0.300783-0.104853j,2.417320
0.459877-0.191526j,-0.317935-1.296958j,0.300834-0.104757j,2.417985
0.460112-0.191453j,-0.317867-1.297249j,0.300885-0.104661j,2.418649
0.460348-0.191380j,-0.317800-1.297539j,0.300936-0.104566j,2.419314
0.460583-0.191307j,-0.317732-1.297830j,0.300986-0.104470j,2.419979
0.460819-0.191234j,-0.317665-1.298120j,0.301037-0.104374j,2.420644
0.461055-0.191161j,-0.317598-1.298410j,0.301088-0.104278j,2.421310
0.461291-0.191087j,-0.317531-1.298699j,0.301139-0.104182j,2.421975
0.461527-0.191014j,-0.317464-1.298989j,0.301190-0.104086j,2.422641
0.461763-0.190940j,-0.317397-1.299278j,0.301241-0.103990j,2.423307
0.461999-0.190866j,-0.317331-1.299567j,0.301292-0.103895j,2.423973
0.462235-0.190793j,-0.317264-1.299856j,0.301343-0.103799j,2.424639
0.462471-0.190719j,-0.317198-1.300145j,0.301394-0.103703j,2.425305
0.462707-0.190645j,-0.317132-1.300433j,0.301444-0.103607j,2.425972
0.462944-0.190570j,-0.317066-1.300721j,0.301495-0.103511j,2.426638
0.463180-0.190496j,-0.317000-1.301009j,0.301546-0.103416j,2.427305
0.463416-0.190422j,-0.316934-1.301297j,0.301597-0.103320j,2.427972
0.463653-0.190348j,-0.316869-1.301585j,0.301648-0.103224j,2.428639
0.463889-0.190273j,-0.316803-1.301873j,0.301699-0.103128j,2.429307
0.464126-0.190198j,-0.316738-1.302160j,0.301750-0.103032j,2.429974
0.464363-0.190124j,-0.316673-1.302447j,0.301801-0.102937j,2.430642
0.464600-0.190049j,-0.316608-1.302734j,0.301853-0.102841j,2.431309
0.464836-0.189974j,-0.316543-1.303021j,0.301904-0.102745j,2.431977
0.465073-0.189899j,-0.316479-1.303307j,0.301955-0.102649j,2.432646
0.465310-0.189824j,-0.316414-1.303593j,0.302006-0.102554j,2.433314
0.465547-0.189748j,-0.316350-1.303879j,0.302057-0.102458j,2.433982
0.465785-0.189673j,-0.316286-1.304165j,0.302108-0.102362j,2.434651
0.466022-0.189598j,-0.316222-1.304451j,0.302159-0.102266j,2.435320
0.466259-0.189522j,-0.316158-1.304737j,0.302210-0.102171j,2.435989
0.466496-0.189446j,-0.316094-1.305022j,0.302261-0.102075j,2.436658
0.466734-0.189370j,-0.316030-1.305307j,0.302313-0.101979j,2.437327
0.466971-0.189295j,-0.315967-1.305592j,0.302364-0.101884j,2.437997
0.467209-0.189219j,-0.315903-1.305877j,0.302415-0.101788j,2.438666
0.467446-0.189143j,-0.315840-1.306161j,0.302466-0.101692j,2.439336
0.467684-0.189066j,-0.315777-1.306446j,0.302517-0.101597j,2.440006
0.467922-0.188990j,-0.315714-1.306730j,0.302568-0.101501j,2.440676
0.468159-0.188914j,-0.315652-1.307014j,0.302620-0.101405j,2.441346
0.468397-0.188837j,-0.315589-1.307298j,0.302671-0.101310j,2.442017
0.468635-0.188761j,-0.315527-1.307581j,0.302722-0.101214j,2.442687
0.468873-0.188684j,-0.315464-1.307865j,0.302773-0.101118j,2.443358
0.469111-0.188607j,-0.315402-1.308148j,0.302825-0.101023j,2.444029
0.469349-0.188530j,-0.315340-1.308431j,0.302876-0.100927j,2.444700
0.469587-0.188453j,-0.315278-1.308714j,0.302927-0.100831j,2.445372
0.469826-0.188376j,-0.315216-1.308997j,0.302979-0.100736j,2.446043
0.470064-0.188299j,-0.315155-1.309279j,0.303030-0.100640j,2.446715
0.470302-0.188221j,-0.315093-1.309562j,0.303081-0.100544j,2.447386
0.470541-0.188144j,-0.315032-1.309844j,0.303133-0.100449j,2.448058
0.470779-0.188066j,-0.314971-1.310126j,0.303184-0.100353j,2.448730
0.471018-0.187989j,-0.314910-1.310407j,0.303235-0.100258j,2.449403
0.471256-0.187911j,-0.314849-1.310689j,0.303287-0.100162j,2.450075
0.471495-0.187833j,-0.314788-1.310970j,0.303338-0.100066j,2.450748
0.471734-0.187755j,-0.314728-1.311251j,0.303390-0.099971j,2.451420
0.471973-0.187677j,-0.314667-1.311532j,0.303441-0.099875j,2.452093
0.472212-0.187599j,-0.314607-1.311813j,0.303492-0.099780j,2.452766
0.472451-0.187520j,-0.314547-1.312094j,0.303544-0.099684j,2.453440
0.472690-0.187442j,-0.314487-1.312374j,0.303595-0.099588j,2.454113
0.472929-0.187364j,-0.314427-1.312654j,0.303647-0.099493j,2.454786
0.473168-0.187285j,-0.314367-1.312935j,0.303698-0.099397j,2.455460
0.473407-0.187206j,-0.314308-1.313214j,0.303750-0.099302j,2.456134
0.473646-0.187127j,-0.314248-1.313494j,0.303801-0.099206j,2.456808
0.473886-0.187049j,-0.314189-1.313774j,0.303853-0.099111j,2.457482
0.474125-0.186969j,-0.314130-1.314053j,0.303904-0.099015j,2.458157
0.474365-0.186890j,-0.314071-1.314332j,0.303956-0.098919j,2.458831
0.474604-0.186811j,-0.314012-1.314611j,0.304007-0.098824j,2.459506
0.474844-0.186732j,-0.313953-1.314890j,0.304059-0.098728j,2.460181
0.475083-0.186652j,-0.313895-1.315168j,0.304110-0.098633j,2.460856
0.475323-0.186573j,-0.313836-1.315447j,0.304162-0.098537j,2.461531
0.475563-0.186493j,-0.313778-1.315725j,0.304214-0.098442j,2.462206
0.475803-0.186413j,-0.313720-1.316003j,0.304265-0.098346j,2.462882
0.476043-0.186333j,-0.313662-1.316281j,0.304317-0.098251j,2.463558
0.476283-0.186253j,-0.313604-1.316559j,0.304368-0.098155j,2.464234
0.476523-0.186173j,-0.313546-1.316836j,0.304420-0.098060j,2.464910
0.476763-0.186093j,-0.313488-1.317114j,0.304472-0.097964j,2.465586
0.477003-0.186013j,-0.313431-1.317391j,0.304523-0.097869j,2.466262
0.477244-0.185932j,-0.313373-1.317668j,0.304575-0.097773j,2.466939
0.477484-0.185852j,-0.313316-1.317944j,0.304627-0.097678j,2.467615
0.477724-0.185771j,-0.313259-1.318221j,0.304678-0.097582j,2.468292
0.477965-0.185691j,-0.313202-1.318497j,0.304730-0.097487j,2.468969
0.478205-0.185610j,-0.313145-1.318774j,0.304782-0.097391j,2.469646
0.478446-0.185529j,-0.313089-1.319050j,0.304834-0.097296j,2.470324
0.478687-0.185448j,-0.313032-1.319326j,0.304885-0.097200j,2.471001
0.478928-0.185367j,-0.312976-1.319601j,0.304937-0.097105j,2.471679
0.479168-0.185285j,-0.312920-1.319877j,0.304989-0.097009j,2.472356
0.479409-0.185204j,-0.312864-1.320152j,0.305041-0.096914j,2.473034
0.479650-0.185122j,-0.312808-1.320427j,0.305092-0.096818j,2.473713
0.479891-0.185041j,-0.312752-1.320702j,0.305144-0.096723j,2.474391
0.480132-0.184959j,-0.312696-1.320977j,0.305196-0.096627j,2.475069
0.480373-0.184877j,-0.312641-1.321252j,0.305248-0.096532j,2.475748
0.480615-0.184795j,-0.312585-1.321526j,0.305300-0.096436j,2.476427
0.480856-0.184713j,-0.312530-1.321801j,0.305352-0.096341j,2.477106
0.481097-0.184631j,-0.312475-1.322075j,0.305403-0.096245j,2.477785
0.481339-0.184549j,-0.312420-1.322349j,0.305455-0.096150j,2.478464
0.481580-0.184467j,-0.312365-1.322623j,0.305507-0.096054j,2.479144
0.481822-0.184384j,-0.312310-1.322896j,0.305559-0.095959j,2.479823
0.482063-0.184302j,-0.312256-1.323170j,0.305611-0.095863j,2.480503
0.482305-0.184219j,-0.312201-1.323443j,0.305663-0.095768j,2.481183
0.482547-0.184136j,-0.312147-1.323716j,0.305715-0.095672j,2.481863
0.482788-0.184053j,-0.312093-1.323989j,0.305767-0.095577j,2.482543
0.483030-0.183970j,-0.312039-1.324262j,0.305819-0.095481j,2.483224
0.483272-0.183887j,-0.311985-1.324534j,0.305871-0.095386j,2.483904
0.483514-0.183804j,-0.311931-1.324807j,0.305922-0.095291j,2.484585
0.483756-0.183721j,-0.311878-1.325079j,0.305974-0.095195j,2.485266
0.483998-0.183637j,-0.311824-1.325351j,0.306026-0.095100j,2.485947
0.484241-0.183554j,-0.311771-1.325623j,0.306078-0.095004j,2.486628
0.484483-0.183470j,-0.311717-1.325894j,0.306130-0.094909j,2.487309
0.484725-0.183386j,-0.311664-1.326166j,0.306182-0.094813j,2.487991
0.484967-0.183303j,-0.311611-1.326437j,0.306234-0.094718j,2.488673
0.485210-0.183219j,-0.311559-1.326708j,0.306287-0.094622j,2.489354
0.485452-0.183135j,-0.311506-1.326979j,0.306339-0.094527j,2.490037
0.485695-0.183050j,-0.311453-1.327250j,0.306391-0.094432j,2.490719
0.485938-0.182966j,-0.311401-1.327521j,0.306443-0.094336j,2.491401
0.486180-0.182882j,-0.311349-1.327791j,0.306495-0.094241j,2.492084
0.486423-0.182797j,-0.311297-1.328062j,0.306547-0.094145j,2.492766
0.486666-0.182712j,-0.311245-1.328332j,0.306599-0.094050j,2.493449
0.486909-0.182628j,-0.311193-1.328602j,0.306651-0.093954j,2.494132
0.487152-0.182543j,-0.311141-1.328872j,0.306703-0.093859j,2.494815
0.487395-0.182458j,-0.311089-1.329141j,0.306755-0.093763j,2.495499
0.487638-0.182373j,-0.311038-1.329411j,0.306808-0.093668j,2.496182
0.487881-0.182288j,-0.310986-1.329680j,0.306860-0.093573j,2.496866
0.488124-0.182202j,-0.310935-1.329949j,0.306912-0.093477j,2.497550
0.488368-0.182117j,-0.310884-1.330218j,0.306964-0.093382j,2.498233
0.488611-0.182032j,-0.310833-1.330487j,0.307016-0.093286j,2.498918
0.488855-0.181946j,-0.310782-1.330756j,0.307068-0.093191j,2.499602
0.489098-0.181860j,-0.310732-1.331024j,0.307121-0.093095j,2.500286
0.489342-0.181774j,-0.310681-1.331293j,0.307173-0.093000j,2.500971
0.489585-0.181689j,-0.310631-1.331561j,0.307225-0.092904j,2.501656
0.489829-0.181602j,-0.310581-1.331829j,0.307277-0.092809j,2.502341
0.490073-0.181516j,-0.310530-1.332097j,0.307330-0.092714j,2.503026
0.490317-0.181430j,-0.310480-1.332364j,0.307382-0.092618j,2.503711
0.490560-0.181344j,-0.310430-1.332632j,0.307434-0.092523j,2.504396
0.490804-0.181257j,-0.310381-1.332899j,0.307486-0.092427j,2.505082
0.491048-0.181171j,-0.310331-1.333166j,0.307539-0.092332j,2.505768
0.491293-0.181084j,-0.310282-1.333433j,0.307591-0.092236j,2.506454
0.491537-0.180997j,-0.310232-1.333700j,0.307643-0.092141j,2.507140
0.491781-0.180910j,-0.310183-1.333967j,0.307696-0.092045j,2.507826
0.492025-0.180823j,-0.310134-1.334233j,0.307748-0.091950j,2.508512
0.492270-0.180736j,-0.310085-1.334499j,0.307800-0.091855j,2.509199
0.492514-0.180649j,-0.310036-1.334766j,0.307853-0.091759j,2.509886
0.492758-0.180561j,-0.309987-1.335032j,0.307905-0.091664j,2.510573
0.493003-0.180474j,-0.309939-1.335298j,0.307957-0.091568j,2.511260
0.493248-0.180386j,-0.309890-1.335563j,0.308010-0.091473j,2.511947
0.493492-0.180299j,-0.309842-1.335829j,0.308062-0.091377j,2.512634
0.493737-0.180211j,-0.309794-1.336094j,0.308115-0.091282j,2.513322
0.493982-0.180123j,-0.309746-1.336359j,0.308167-0.091186j,2.514009
0.494227-0.180035j,-0.309698-1.336624j,0.308220-0.091091j,2.514697
0.494472-0.179947j,-0.309650-1.336889j,0.308272-0.090996j,2.515385
0.494717-0.179858j,-0.309603-1.337154j,0.308324-0.090900j,2.516073
0.494962-0.179770j,-0.309555-1.337418j,0.308377-0.090805j,2.516762
0.495207-0.179682j,-0.309508-1.337683j,0.308429-0.090709j,2.517450
0.495452-0.179593j,-0.309460-1.337947j,0.308482-0.090614j,2.518139
0.495697-0.179504j,-0.309413-1.338211j,0.308534-0.090518j,2.518828
0.495943-0.179416j,-0.309366-1.338475j,0.308587-0.090423j,2.519516
0.496188-0.179327j,-0.309319-1.338739j,0.308639-0.090327j,2.520206
0.496433-0.179238j,-0.309273-1.339002j,0.308692-0.090232j,2.520895
0.496679-0.179148j,-0.309226-1.339266j,0.308744-0.090136j,2.521584
0.496925-0.179059j,-0.309179-1.339529j,0.308797-0.090041j,2.522274
0.497170-0.178970j,-0.309133-1.339792j,0.308850-0.089945j,2.522964
0.497416-0.178880j,-0.309087-1.340055j,0.308902-0.089850j,2.523654
0.497662-0.178791j,-0.309041-1.340318j,0.308955-0.089754j,2.524344
0.497908-0.178701j,-0.308995-1.340580j,0.309007-0.089659j,2.525034
0.498154-0.178611j,-0.308949-1.340843j,0.309060-0.089564j,2.525724
0.498399-0.178521j,-0.308903-1.341105j,0.309112-0.089468j,2.526415
0.498646-0.178431j,-0.308857-1.341367j,0.309165-0.089373j,2.527106
0.498892-0.178341j,-0.308812-1.341629j,0.309218-0.089277j,2.527797
0.499138-0.178251j,-0.308767-1.341891j,0.309270-0.089182j,2.528488
0.499384-0.178160j,-0.308721-1.342153j,0.309323-0.089086j,2.529179
0.499630-0.178070j,-0.308676-1.342414j,0.309376-0.088991j,2.529870
0.499877-0.177979j,-0.308631-1.342676j,0.309428-0.088895j,2.530562
0.500123-0.177889j,-0.308587-1.342937j,0.309481-0.088800j,2.531253
0.500370-0.177798j,-0.308542-1.343198j,0.309534-0.088704j,2.531945
0.500616-0.177707j,-0.308497-1.343459j,0.309586-0.088609j,2.532637
0.500863-0.177616j,-0.308453-1.343720j,0.309639-0.088513j,2.533329
0.501110-0.177525j,-0.308408-1.343980j,0.309692-0.088418j,2.534022
0.501356-0.177433j,-0.308364-1.344241j,0.309745-0.088322j,2.534714
0.501603-0.177342j,-0.308320-1.344501j,0.309797-0.088227j,2.535407
0.501850-0.177251j,-0.308276-1.344761j,0.309850-0.088131j,2.536100
0.502097-0.177159j,-0.308232-1.345021j,0.309903-0.088036j,2.536793
0.502344-0.177067j,-0.308189-1.345281j,0.309956-0.087940j,2.537486
0.502591-0.176975j,-0.308145-1.345541j,0.310008-0.087844j,2.538179
0.502838-0.176883j,-0.308102-1.345800j,0.310061-0.087749j,2.538872
0.503085-0.176791j,-0.308058-1.346060j,0.310114-0.087653j,2.539566
0.503333-0.176699j,-0.308015-1.346319j,0.310167-0.087558j,2.540260
0.503580-0.176607j,-0.307972-1.346578j,0.310220-0.087462j,2.540954
0.503827-0.176514j,-0.307929-1.346837j,0.310272-0.087367j,2.541648
0.504075-0.176422j,-0.307886-1.347095j,0.310325-0.087271j,2.542342
0.504322-0.176329j,-0.307844-1.347354j,0.310378-0.087176j,2.543036
0.504570-0.176237j,-0.307801-1.347612j,0.310431-0.087080j,2.543731
0.504818-0.176144j,-0.307758-1.347871j,0.310484-0.086985j,2.544426
0.505065-0.176051j,-0.307716-1.348129j,0.310537-0.086889j,2.545121
0.505313-0.175958j,-0.307674-1.348387j,0.310590-0.086793j,2.545816
0.505561-0.175864j,-0.307632-1.348645j,0.310642-0.086698j,2.546511
0.505809-0.175771j,-0.307590-1.348902j,0.310695-0.086602j,2.547206
0.506057-0.175678j,-0.307548-1.349160j,0.310748-0.086507j,2.547902
0.506305-0.175584j,-0.307506-1.349417j,0.310801-0.086411j,2.548597
0.506553-0.175490j,-0.307465-1.349675j,0.310854-0.086316j,2.549293
0.506801-0.175397j,-0.307423-1.349932j,0.310907-0.086220j,2.549989
0.507050-0.175303j,-0.307382-1.350189j,0.310960-0.086124j,2.550685
0.507298-0.175209j,-0.307341-1.350445j,0.311013-0.086029j,2.551382
0.507546-0.175115j,-0.307300-1.350702j,0.311066-0.085933j,2.552078
0.507795-0.175020j,-0.307259-1.350958j,0.311119-0.085838j,2.552775
0.508043-0.174926j,-0.307218-1.351215j,0.311172-0.085742j,2.553472
0.508292-0.174832j,-0.307177-1.351471j,0.311225-0.085646j,2.554169
0.508541-0.174737j,-0.307137-1.351727j,0.311278-0.085551j,2.554866
0.508789-0.174642j,-0.307096-1.351983j,0.311331-0.085455j,2.555563
0.509038-0.174548j,-0.307056-1.352239j,0.311384-0.085360j,2.556260
0.509287-0.174453j,-0.307016-1.352494j,0.311437-0.085264j,2.556958
0.509536-0.174358j,-0.306975-1.352750j,0.311490-0.085168j,2.557656
0.509785-0.174262j,-0.306935-1.353005j,0.311543-0.085073j,2.558354
0.510034-0.174167j,-0.306896-1.353260j,0.311596-0.084977j,2.559052
0.510283-0.174072j,-0.306856-1.353515j,0.311649-0.084881j,2.559750
0.510532-0.173976j,-0.306816-1.353770j,0.311702-0.084786j,2.560448
0.510781-0.173881j,-0.306777-1.354025j,0.311755-0.084690j,2.561147
0.511030-0.173785j,-0.306737-1.354279j,0.311808-0.084594j,2.561845
0.511280-0.173689j,-0.306698-1.354534j,0.311862-0.084499j,2.562544
0.511529-0.173593j,-0.306659-1.354788j,0.311915-0.084403j,2.563243
0.511779-0.173497j,-0.306620-1.355042j,0.311968-0.084307j,2.563942
0.512028-0.173401j,-0.306581-1.355296j,0.312021-0.084212j,2.564642
0.512278-0.173305j,-0.306542-1.355550j,0.312074-0.084116j,2.565341
0.512527-0.173208j,-0.306504-1.355803j,0.312127-0.084020j,2.566041
0.512777-0.173112j,-0.306465-1.356057j,0.312180-0.083925j,2.566741
0.513027-0.173015j,-0.306427-1.356310j,0.312234-0.083829j,2.567441
0.513277-0.172918j,-0.306389-1.356564j,0.312287-0.083733j,2.568141
0.513527-0.172821j,-0.306350-1.356817j,0.312340-0.083637j,2.568841
0.513777-0.172724j,-0.306312-1.357070j,0.312393-0.083542j,2.569542
0.514027-0.172627j,-0.306274-1.357322j,0.312446-0.083446j,2.570242
0.514277-0.172530j,-0.306237-1.357575j,0.312500-0.083350j,2.570943
0.514527-0.172433j,-0.306199-1.357828j,0.312553-0.083254j,2.571644
0.514777-0.172335j,-0.306161-1.358080j,0.312606-0.083159j,2.572345
0.515028-0.172238j,-0.306124-1.358332j,0.312659-0.083063j,2.573046
0.515278-0.172140j,-0.306087-1.358584j,0.312713-0.082967j,2.573748
0.515528-0.172042j,-0.306049-1.358836j,0.312766-0.082871j,2.574449
0.515779-0.171944j,-0.306012-1.359088j,0.312819-0.082776j,2.575151
0.516030-0.171846j,-0.305975-1.359340j,0.312873-0.082680j,2.575853
0.516280-0.171748j,-0.305939-1.359591j,0.312926-0.082584j,2.576555
0.516531-0.171650j,-0.305902-1.359843j,0.312979-0.082488j,2.577257
0.516782-0.171551j,-0.305865-1.360094j,0.313032-0.082393j,2.577959
0.517032-0.171453j,-0.305829-1.360345j,0.313086-0.082297j,2.578662
0.517283-0.171354j,-0.305792-1.360596j,0.313139-0.082201j,2.579364
0.517534-0.171255j,-0.305756-1.360847j,0.313192-0.082105j,2.580067
0.517785-0.171156j,-0.305720-1.361098j,0.313246-0.082009j,2.580770
0.518036-0.171057j,-0.305684-1.361348j,0.313299-0.081914j,2.581473
0.518288-0.170958j,-0.305648-1.361598j,0.313353-0.081818j,2.582177
0.518539-0.170859j,-0.305612-1.361849j,0.313406-0.081722j,2.582880
0.518790-0.170760j,-0.305577-1.362099j,0.313459-0.081626j,2.583584
0.519041-0.170660j,-0.305541-1.362349j,0.313513-0.081530j,2.584287
0.519293-0.170561j,-0.305506-1.362599j,0.313566-0.081434j,2.584991
0.519544-0.170461j,-0.305471-1.362848j,0.313619-0.081338j,2.585695
0.519796-0.170361j,-0.305435-1.363098j,0.313673-0.081243j,2.586400
0.520047-0.170261j,-0.305400-1.363347j,0.313726-0.081147j,2.587104
0.520299-0.170161j,-0.305365-1.363597j,0.313780-0.081051j,2.587809
0.520551-0.170061j,-0.305331-1.363846j,0.313833-0.080955j,2.588513
0.520803-0.169961j,-0.305296-1.364095j,0.313887-0.080859j,2.589218
0.521054-0.169861j,-0.305261-1.364343j,0.313940-0.080763j,2.589923
0.521306-0.169760j,-0.305227-1.364592j,0.313994-0.080667j,2.590628
0.521558-0.169659j,-0.305192-1.364841j,0.314047-0.080571j,2.591334
0.521810-0.169559j,-0.305158-1.365089j,0.314101-0.080475j,2.592039
0.522062-0.169458j,-0.305124-1.365338j,0.314154-0.080379j,2.592745
0.522315-0.169357j,-0.305090-1.365586j,0.314208-0.080284j,2.593451
0.522567-0.169256j,-0.305056-1.365834j,0.314261-0.080188j,2.594157
0.522819-0.169155j,-0.305022-1.366082j,0.314315-0.080092j,2.594863
0.523071-0.169053j,-0.304989-1.366329j,0.314368-0.079996j,2.595569
0.523324-0.168952j,-0.304955-1.366577j,0.314422-0.079900j,2.596275
0.523576-0.168850j,-0.304922-1.366824j,0.314475-0.079804j,2.596982
0.523829-0.168748j,-0.304889-1.367072j,0.314529-0.079708j,2.597689
0.524082-0.168647j,-0.304855-1.367319j,0.314582-0.079612j,2.598396
0.524334-0.168545j,-0.304822-1.367566j,0.314636-0.079516j,2.599103
0.524587-0.168443j,-0.304789-1.367813j,0.314690-0.079420j,2.599810
0.524840-0.168340j,-0.304757-1.368060j,0.314743-0.079324j,2.600517
0.525093-0.168238j,-0.304724-1.368306j,0.314797-0.079228j,2.601225
0.525346-0.168136j,-0.304691-1.368553j,0.314850-0.079132j,2.601933
0.525599-0.168033j,-0.304659-1.368799j,0.314904-0.079036j,2.602640
0.525852-0.167931j,-0.304626-1.369046j,0.314958-0.078940j,2.603348
0.526105-0.167828j,-0.304594-1.369292j,0.315011-0.078844j,2.604057
0.526358-0.167725j,-0.304562-1.369538j,0.315065-0.078748j,2.604765
0.526611-0.167622j,-0.304530-1.369784j,0.315119-0.078651j,2.605473
0.526865-0.167519j,-0.304498-1.370029j,0.315172-0.078555j,2.606182
0.527118-0.167416j,-0.304466-1.370275j,0.315226-0.078459j,2.606891
0.527371-0.167312j,-0.304435-1.370520j,0.315280-0.078363j,2.607600
0.527625-0.167209j,-0.304403-1.370766j,0.315333-0.078267j,2.608309
0.527878-0.167105j,-0.304372-1.371011j,0.315387-0.078171j,2.609018
0.528132-0.167001j,-0.304340-1.371256j,0.315441-0.078075j,2.609728
0.528386-0.166898j,-0.304309-1.371501j,0.315494-0.077979j,2.610437
0.528640-0.166794j,-0.304278-1.371746j,0.315548-0.077883j,2.611147
0.528893-0.166690j,-0.304247-1.371990j,0.315602-0.077786j,2.611857
0.529147-0.166585j,-0.304216-1.372235j,0.315656-0.077690j,2.612567
0.529401-0.166481j,-0.304185-1.372479j,0.315709-0.077594j,2.613277
0.529655-0.166377j,-0.304155-1.372723j,0.315763-0.077498j,2.613988
0.529909-0.166272j,-0.304124-1.372968j,0.315817-0.077402j,2.614698
0.530163-0.166167j,-0.304094-1.373211j,0.315871-0.077306j,2.615409
0.530418-0.166063j,-0.304063-1.373455j,0.315924-0.077209j,2.616120
0.530672-0.165958j,-0.304033-1.373699j,0.315978-0.077113j,2.616831
0.530926-0.165853j,-0.304003-1.373943j,0.316032-0.077017j,2.617542
0.531181-0.165747j,-0.303973-1.374186j,0.316086-0.076921j,2.618253
0.531435-0.165642j,-0.303943-1.374429j,0.316140-0.076825j,2.618964
0.531690-0.165537j,-0.303914-1.374673j,0.316193-0.076728j,2.619676
0.531944-0.165431j,-0.303884-1.374916j,0.316247-0.076632j,2.620388
0.532199-0.165326j,-0.303854-1.375159j,0.316301-0.076536j,2.621100
0.532454-0.165220j,-0.303825-1.375401j,0.316355-0.076440j,2.621812
0.532708-0.165114j,-0.303796-1.375644j,0.316409-0.076343j,2.622524
0.532963-0.165008j,-0.303767-1.375887j,0.316463-0.076247j,2.623237
0.533218-0.164902j,-0.303738-1.376129j,0.316517-0.076151j,2.623949
0.533473-0.164796j,-0.303709-1.376371j,0.316570-0.076054j,2.624662
0.533728-0.164689j,-0.303680-1.376614j,0.316624-0.075958j,2.625375
0.533983-0.164583j,-0.303651-1.376856j,0.316678-0.075862j,2.626088
0.534238-0.164476j,-0.303622-1.377098j,0.316732-0.075765j,2.626801
0.534494-0.164369j,-0.303594-1.377339j,0.316786-0.075669j,2.627514
0.534749-0.164262j,-0.303566-1.377581j,0.316840-0.075573j,2.628228
0.535004-0.164156j,-0.303537-1.377822j,0.316894-0.075476j,2.628941
0.535260-0.164048j,-0.303509-1.378064j,0.316948-0.075380j,2.629655
0.535515-0.163941j,-0.303481-1.378305j,0.317002-0.075284j,2.630369
0.535771-0.163834j,-0.303453-1.378546j,0.317056-0.075187j,2.631083
0.536026-0.163726j,-0.303425-1.378787j,0.317110-0.075091j,2.631798
0.536282-0.163619j,-0.303398-1.379028j,0.317164-0.074994j,2.632512
0.536538-0.163511j,-0.303370-1.379269j,0.317218-0.074898j,2.633227
0.536793-0.163403j,-0.303343-1.379509j,0.317272-0.074802j,2.633941
0.537049-0.163295j,-0.303315-1.379750j,0.317326-0.074705j,2.634656
0.537305-0.163187j,-0.303288-1.379990j,0.317380-0.074609j,2.635371
0.537561-0.163079j,-0.303261-1.380231j,0.317434-0.074512j,2.636087
0.537817-0.162971j,-0.303234-1.380471j,0.317488-0.074416j,2.636802
0.538073-0.162862j,-0.303207-1.380711j,0.317542-0.074319j,2.637518
0.538329-0.162754j,-0.303180-1.380951j,0.317596-0.074223j,2.638233
0.538586-0.162645j,-0.303153-1.381190j,0.317650-0.074126j,2.638949
0.538842-0.162536j,-0.303127-1.381430j,0.317704-0.074030j,2.639665
0.539098-0.162427j,-0.303100-1.381669j,0.317758-0.073933j,2.640381
0.539355-0.162318j,-0.303074-1.381909j,0.317812-0.073837j,2.641098
0.539611-0.162209j,-0.303048-1.382148j,0.317866-0.073740j,2.641814
0.539868-0.162100j,-0.303021-1.382387j,0.317920-0.073644j,2.642531
0.540124-0.161990j,-0.302995-1.382626j,0.317974-0.073547j,2.643247
0.540381-0.161881j,-0.302969-1.382865j,0.318028-0.073450j,2.643964
0.540638-0.161771j,-0.302944-1.383104j,0.318082-0.073354j,2.644681
0.540895-0.161661j,-0.302918-1.383342j,0.318136-0.073257j,2.645399
0.541151-0.161551j,-0.302892-1.383581j,0.318190-0.073161j,2.646116
0.541408-0.161441j,-0.302867-1.383819j,0.318245-0.073064j,2.646834
0.541665-0.161331j,-0.302841-1.384057j,0.318299-0.072967j,2.647551
0.541922-0.161221j,-0.302816-1.384295j,0.318353-0.072871j,2.648269
0.542179-0.161111j,-0.302791-1.384533j,0.318407-0.072774j,2.648987
0.542437-0.161000j,-0.302766-1.384771j,0.318461-0.072677j,2.649705
0.542694-0.160889j,-0.302741-1.385009j,0.318515-0.072581j,2.650424
0.542951-0.160779j,-0.302716-1.385247j,0.318569-0.072484j,2.651142
0.543209-0.160668j,-0.302691-1.385484j,0.318624-0.072387j,2.651861
0.543466-0.160557j,-0.302667-1.385721j,0.318678-0.072291j,2.652580
0.543723-0.160446j,-0.302642-1.385959j,0.318732-0.072194j,2.653299
0.543981-0.160334j,-0.302618-1.386196j,0.318786-0.072097j,2.654018
0.544239-0.160223j,-0.302594-1.386433j,0.318840-0.072000j,2.654737
0.544496-0.160111j,-0.302569-1.386670j,0.318895-0.071904j,2.655456
0.544754-0.160000j,-0.302545-1.386906j,0.318949-0.071807j,2.656176
0.545012-0.159888j,-0.302521-1.387143j,0.319003-0.071710j,2.656896
0.545270-0.159776j,-0.302497-1.387380j,0.319057-0.071613j,2.657616
0.545528-0.159664j,-0.302474-1.387616j,0.319111-0.071517j,2.658336
0.545786-0.159552j,-0.302450-1.387852j,0.319166-0.071420j,2.659056
0.546044-0.159440j,-0.302427-1.388088j,0.319220-0.071323j,2.659776
0.546302-0.159327j,-0.302403-1.388324j,0.319274-0.071226j,2.660497
0.546560-0.159215j,-0.302380-1.388560j,0.319328-0.071129j,2.661218
0.546818-0.159102j,-0.302357-1.388796j,0.319383-0.071032j,2.661938
0.547076-0.158989j,-0.302334-1.389032j,0.319437-0.070936j,2.662659
0.547335-0.158876j,-0.302311-1.389267j,0.319491-0.070839j,2.663380
0.547593-0.158763j,-0.302288-1.389503j,0.319546-0.070742j,2.664102
0.547852-0.158650j,-0.302265-1.389738j,0.319600-0.070645j,2.664823
0.548110-0.158537j,-0.302242-1.389973j,0.319654-0.070548j,2.665545
0.548369-0.158424j,-0.302220-1.390208j,0.319709-0.070451j,2.666267
0.548628-0.158310j,-0.302197-1.390443j,0.319763-0.070354j,2.666988
0.548886-0.158196j,-0.302175-1.390678j,0.319817-0.070257j,2.667711
0.549145-0.158083j,-0.302153-1.390913j,0.319872-0.070160j,2.668433
0.549404-0.157969j,-0.302130-1.391147j,0.319926-0.070063j,2.669155
0.549663-0.157855j,-0.302108-1.391382j,0.319980-0.069966j,2.669878
0.549922-0.157741j,-0.302087-1.391616j,0.320035-0.069869j,2.670600
0.550181-0.157626j,-0.302065-1.391850j,0.320089-0.069772j,2.671323
0.550440-0.157512j,-0.302043-1.392084j,0.320143-0.069675j,2.672046
0.550699-0.157397j,-0.302021-1.392318j,0.320198-0.069578j,2.672769
0.550958-0.157283j,-0.302000-1.392552j,0.320252-0.069481j,2.673493
0.551218-0.157168j,-0.301979-1.392786j,0.320306-0.069384j,2.674216
0.551477-0.157053j,-0.301957-1.393020j,0.320361-0.069287j,2.674940
0.551737-0.156938j,-0.301936-1.393253j,0.320415-0.069190j,2.675664
0.551996-0.156823j,-0.301915-1.393487j,0.320470-0.069093j,2.676387
0.552256-0.156708j,-0.301894-1.393720j,0.320524-0.068996j,2.677112
0.552515-0.156592j,-0.301873-1.393953j,0.320579-0.068898j,2.677836
0.552775-0.156477j,-0.301853-1.394186j,0.320633-0.068801j,2.678560
0.553035-0.156361j,-0.301832-1.394419j,0.320687-0.068704j,2.679285
0.553294-0.156245j,-0.301811-1.394652j,0.320742-0.068607j,2.680009
0.553554-0.156130j,-0.301791-1.394885j,0.320796-0.068510j,2.680734
0.553814-0.156013j,-0.301771-1.395117j,0.320851-0.068413j,2.681459
0.554074-0.155897j,-0.301750-1.395350j,0.320905-0.068315j,2.682184
0.554334-0.155781j,-0.301730-1.395582j,0.320960-0.068218j,2.682910
0.554594-0.155665j,-0.301710-1.395814j,0.321014-0.068121j,2.683635
0.554854-0.155548j,-0.301690-1.396046j,0.321069-0.068024j,2.684361
0.555115-0.155431j,-0.301671-1.396278j,0.321123-0.067926j,2.685087
0.555375-0.155315j,-0.301651-1.396510j,0.321178-0.067829j,2.685813
0.555635-0.155198j,-0.301631-1.396742j,0.321232-0.067732j,2.686539
0.555896-0.155081j,-0.301612-1.396974j,0.321287-0.067635j,2.687265
0.556156-0.154964j,-0.301593-1.397205j,0.321341-0.067537j,2.687991
0.556417-0.154846j,-0.301573-1.397437j,0.321396-0.067440j,2.688718
0.556677-0.154729j,-0.301554-1.397668j,0.321450-0.067343j,2.689445
0.556938-0.154611j,-0.301535-1.397899j,0.321505-0.067245j,2.690172
0.557199-0.154494j,-0.301516-1.398130j,0.321559-0.067148j,2.690899
0.557460-0.154376j,-0.301497-1.398361j,0.321614-0.067050j,2.691626
0.557720-0.154258j,-0.301478-1.398592j,0.321669-0.066953j,2.692353
0.557981-0.154140j,-0.301460-1.398823j,0.321723-0.066856j,2.693081
0.558242-0.154022j,-0.301441-1.399053j,0.321778-0.066758j,2.693808
0.558503-0.153903j,-0.301423-1.399284j,0.321832-0.066661j,2.694536
0.558764-0.153785j,-0.301405-1.399514j,0.321887-0.066563j,2.695264
0.559026-0.153666j,-0.301386-1.399745j,0.321941-0.066466j,2.695992
0.559287-0.153548j,-0.301368-1.399975j,0.321996-0.066368j,2.696720
0.559548-0.153429j,-0.301350-1.400205j,0.322051-0.066271j,2.697449
0.559809-0.153310j,-0.301332-1.400435j,0.322105-0.066173j,2.698177
0.560071-0.153191j,-0.301315-1.400665j,0.322160-0.066076j,2.698906
0.560332-0.153072j,-0.301297-1.400894j,0.322215-0.065978j,2.699635
0.560594-0.152952j,-0.301279-1.401124j,0.322269-0.065881j,2.700364
0.560855-0.152833j,-0.301262-1.401353j,0.322324-0.065783j,2.701093
0.561117-0.152713j,-0.301244-1.401583j,0.322378-0.065686j,2.701823
0.561379-0.152593j,-0.301227-1.401812j,0.322433-0.065588j,2.702552
0.561640-0.152474j,-0.301210-1.402041j,0.322488-0.065490j,2.703282
0.561902-0.152354j,-0.301193-1.402270j,0.322542-0.065393j,2.704011
0.562164-0.152233j,-0.301176-1.402499j,0.322597-0.065295j,2.704741
0.562426-0.152113j,-0.301159-1.402728j,0.322652-0.065197j,2.705472
0.562688-0.151993j,-0.301142-1.402957j,0.322706-0.065100j,2.706202
0.562950-0.151872j,-0.301125-1.403185j,0.322761-0.065002j,2.706932
0.563212-0.151752j,-0.301109-1.403414j,0.322816-0.064904j,2.707663
0.563475-0.151631j,-0.301092-1.403642j,0.322871-0.064807j,2.708394
0.563737-0.151510j,-0.301076-1.403870j,0.322925-0.064709j,2.709124
0.563999-0.151389j,-0.301060-1.404099j,0.322980-0.064611j,2.709855
0.564262-0.151268j,-0.301044-1.404327j,0.323035-0.064514j,2.710587
0.564524-0.151147j,-0.301028-1.404554j,0.323089-0.064416j,2.711318
0.564787-0.151025j,-0.301012-1.404782j,0.323144-0.064318j,2.712050
0.565049-0.150904j,-0.300996-1.405010j,0.323199-0.064220j,2.712781
0.565312-0.150782j,-0.300980-1.405238j,0.323254-0.064122j,2.713513
0.565574-0.150660j,-0.300964-1.405465j,0.323308-0.064025j,2.714245
0.565837-0.150538j,-0.300949-1.405692j,0.323363-0.063927j,2.714977
0.566100-0.150416j,-0.300934-1.405920j,0.323418-0.063829j,2.715709
0.566363-0.150294j,-0.300918-1.406147j,0.323473-0.063731j,2.716442
0.566626-0.150172j,-0.300903-1.406374j,0.323527-0.063633j,2.717174
0.566889-0.150049j,-0.300888-1.406601j,0.323582-0.063535j,2.717907
0.567152-0.149927j,-0.300873-1.406828j,0.323637-0.063437j,2.718640
0.567415-0.149804j,-0.300858-1.407054j,0.323692-0.063339j,2.719373
0.567678-0.149681j,-0.300843-1.407281j,0.323747-0.063241j,2.720106
0.567941-0.149558j,-0.300828-1.407508j,0.323801-0.063143j,2.720840
0.568205-0.149435j,-0.300814-1.407734j,0.323856-0.063045j,2.721573
0.568468-0.149312j,-0.300799-1.407960j,0.323911-0.062947j,2.722307
0.568732-0.149189j,-0.300785-1.408186j,0.323966-0.062849j,2.723041
0.568995-0.149065j,-0.300770-1.408413j,0.324021-0.062751j,2.723774
0.569259-0.148942j,-0.300756-1.408639j,0.324075-0.062653j,2.724509
0.569522-0.148818j,-0.300742-1.408864j,0.324130-0.062555j,2.725243
0.569786-0.148694j,-0.300728-1.409090j,0.324185-0.062457j,2.725977
0.570050-0.148570j,-0.300714-1.409316j,0.324240-0.062359j,2.726712
0.570313-0.148446j,-0.300700-1.409541j,0.324295-0.062261j,2.727447
0.570577-0.148322j,-0.300687-1.409767j,0.324350-0.062163j,2.728182
0.570841-0.148197j,-0.300673-1.409992j,0.324405-0.062065j,2.728917
0.571105-0.148073j,-0.300660-1.410217j,0.324459-0.061967j,2.729652
0.571369-0.147948j,-0.300646-1.410442j,0.324514-0.061868j,2.730387
0.571633-0.147823j,-0.300633-1.410667j,0.324569-0.061770j,2.731123
0.571897-0.147698j,-0.300620-1.410892j,0.324624-0.061672j,2.731858
0.572162-0.147573j,-0.300606-1.411117j,0.324679-0.061574j,2.732594
0.572426-0.147448j,-0.300593-1.411342j,0.324734-0.061476j,2.733330
0.572690-0.147323j,-0.300581-1.411566j,0.324789-0.061377j,2.734066
0.572955-0.147197j,-0.300568-1.411791j,0.324844-0.061279j,2.734802
0.573219-0.147072j,-0.300555-1.412015j,0.324899-0.061181j,2.735539
0.573484-0.146946j,-0.300542-1.412239j,0.324954-0.061082j,2.736275
0.573748-0.146820j,-0.300530-1.412464j,0.325008-0.060984j,2.737012
0.574013-0.146694j,-0.300518-1.412688j,0.325063-0.060886j,2.737749
0.574278-0.146568j,-0.300505-1.412912j,0.325118-0.060787j,2.738486
0.574542-0.146442j,-0.300493-1.413135j,0.325173-0.060689j,2.739223
0.574807-0.146316j,-0.300481-1.413359j,0.325228-0.060591j,2.739961
0.575072-0.146189j,-0.300469-1.413583j,0.325283-0.060492j,2.740698
0.575337-0.146063j,-0.300457-1.413806j,0.325338-0.060394j,2.741436
0.575602-0.145936j,-0.300445-1.414030j,0.325393-0.060295j,2.742174
0.575867-0.145809j,-0.300433-1.414253j,0.325448-0.060197j,2.742912
0.576132-0.145682j,-0.300422-1.414476j,0.325503-0.060099j,2.743650
0.576398-0.145555j,-0.300410-1.414699j,0.325558-0.060000j,2.744388
0.576663-0.145428j,-0.300399-1.414922j,0.325613-0.059902j,2.745126
0.576928-0.145300j,-0.300388-1.415145j,0.325668-0.059803j,2.745865
0.577193-0.145173j,-0.300376-1.415368j,0.325723-0.059705j,2.746604
0.577459-0.145045j,-0.300365-1.415591j,0.325778-0.059606j,2.747343
0.577724-0.144917j,-0.300354-1.415813j,0.325833-0.059507j,2.748082
0.577990-0.144789j,-0.300343-1.416036j,0.325888-0.059409j,2.748821
0.578256-0.144661j,-0.300332-1.416258j,0.325943-0.059310j,2.749560
0.578521-0.144533j,-0.300322-1.416480j,0.325998-0.059212j,2.750300
0.578787-0.144404j,-0.300311-1.416703j,0.326053-0.059113j,2.751039
0.579053-0.144276j,-0.300301-1.416925j,0.326108-0.059014j,2.751779
0.579319-0.144147j,-0.300290-1.417147j,0.326163-0.058916j,2.752519
0.579585-0.144019j,-0.300280-1.417368j,0.326218-0.058817j,2.753259
0.579851-0.143890j,-0.300270-1.417590j,0.326273-0.058718j,2.753999
0.580117-0.143761j,-0.300259-1.417812j,0.326328-0.058620j,2.754740
0.580383-0.143632j,-0.300249-1.418033j,0.326383-0.058521j,2.755480
0.580649-0.143502j,-0.300240-1.418255j,0.326439-0.058422j,2.756221
0.580915-0.143373j,-0.300230-1.418476j,0.326494-0.058323j,2.756962
0.581181-0.143243j,-0.300220-1.418698j,0.326549-0.058224j,2.757703
0.581448-0.143114j,-0.300210-1.418919j,0.326604-0.058126j,2.758444
0.581714-0.142984j,-0.300201-1.419140j,0.326659-0.058027j,2.759186
0.581980-0.142854j,-0.300191-1.419361j,0.326714-0.057928j,2.759927
0.582247-0.142724j,-0.300182-1.419582j,0.326769-0.057829j,2.760669
0.582514-0.142594j,-0.300173-1.419802j,0.326824-0.057730j,2.761410
0.582780-0.142463j,-0.300164-1.420023j,0.326879-0.057631j,2.762152
0.583047-0.142333j,-0.300154-1.420243j,0.326934-0.057532j,2.762894
0.583314-0.142202j,-0.300146-1.420464j,0.326989-0.057434j,2.763637
0.583581-0.142071j,-0.300137-1.420684j,0.327045-0.057335j,2.764379
0.583847-0.141941j,-0.300128-1.420904j,0.327100-0.057236j,2.765122
0.584114-0.141810j,-0.300119-1.421125j,0.327155-0.057137j,2.765864
0.584381-0.141678j,-0.300111-1.421345j,0.327210-0.057038j,2.766607
0.584648-0.141547j,-0.300102-1.421565j,0.327265-0.056939j,2.767350
0.584916-0.141416j,-0.300094-1.421784j,0.327320-0.056840j,2.768093
0.585183-0.141284j,-0.300086-1.422004j,0.327375-0.056741j,2.768837
0.585450-0.141152j,-0.300077-1.422224j,0.327431-0.056641j,2.769580
0.585717-0.141021j,-0.300069-1.422443j,0.327486-0.056542j,2.770324
0.585985-0.140889j,-0.300061-1.422663j,0.327541-0.056443j,2.771068
0.586252-0.140757j,-0.300053-1.422882j,0.327596-0.056344j,2.771812
0.586519-0.140624j,-0.300046-1.423101j,0.327651-0.056245j,2.772556
0.586787-0.140492j,-0.300038-1.423321j,0.327706-0.056146j,2.773300
0.587055-0.140359j,-0.300030-1.423540j,0.327762-0.056047j,2.774044
0.587322-0.140227j,-0.300023-1.423759j,0.327817-0.055947j,2.774789
0.587590-0.140094j,-0.300015-1.423977j,0.327872-0.055848j,2.775534
0.587858-0.139961j,-0.300008-1.424196j,0.327927-0.055749j,2.776278
0.588126-0.139828j,-0.300001-1.424415j,0.327982-0.055650j,2.777023
0.588394-0.139695j,-0.299994-1.424633j,0.328038-0.055550j,2.777769
0.588661-0.139562j,-0.299987-1.424852j,0.328093-0.055451j,2.778514
0.588929-0.139428j,-0.299980-1.425070j,0.328148-0.055352j,2.779259
0.589198-0.139295j,-0.299973-1.425288j,0.328203-0.055252j,2.780005
0.589466-0.139161j,-0.299966-1.425507j,0.328258-0.055153j,2.780751
0.589734-0.139027j,-0.299959-1.425725j,0.328314-0.055054j,2.781497
0.590002-0.138893j,-0.299953-1.425943j,0.328369-0.054954j,2.782243
0.590270-0.138759j,-0.299946-1.426160j,0.328424-0.054855j,2.782989
0.590539-0.138625j,-0.299940-1.426378j,0.328479-0.054756j,2.783735
0.590807-0.138490j,-0.299934-1.426596j,0.328535-0.054656j,2.784482
0.591076-0.138356j,-0.299928-1.426813j,0.328590-0.054557j,2.785229
0.591344-0.138221j,-0.299922-1.427031j,0.328645-0.054457j,2.785975
0.591613-0.138086j,-0.299916-1.427248j,0.328700-0.054358j,2.786722
0.591882-0.137951j,-0.299910-1.427466j,0.328756-0.054258j,2.787470
0.592150-0.137816j,-0.299904-1.427683j,0.328811-0.054159j,2.788217
0.592419-0.137681j,-0.299898-1.427900j,0.328866-0.054059j,2.788964
0.592688-0.137546j,-0.299893-1.428117j,0.328921-0.053959j,2.789712
0.592957-0.137410j,-0.299887-1.428334j,0.328977-0.053860j,2.790460
0.593226-0.137274j,-0.299882-1.428551j,0.329032-0.053760j,2.791208
0.593495-0.137139j,-0.299876-1.428767j,0.329087-0.053661j,2.791956
0.593764-0.137003j,-0.299871-1.428984j,0.329143-0.053561j,2.792704
0.594033-0.136867j,-0.299866-1.429200j,0.329198-0.053461j,2.793452
0.594302-0.136731j,-0.299861-1.429417j,0.329253-0.053362j,2.794201
0.594572-0.136594j,-0.299856-1.429633j,0.329309-0.053262j,2.794949
0.594841-0.136458j,-0.299851-1.429849j,0.329364-0.053162j,2.795698
0.595110-0.136321j,-0.299847-1.430065j,0.329419-0.053062j,2.796447
0.595380-0.136184j,-0.299842-1.430281j,0.329474-0.052963j,2.797196
0.595649-0.136048j,-0.299837-1.430497j,0.329530-0.052863j,2.797946
0.595919-0.135911j,-0.299833-1.430713j,0.329585-0.052763j,2.798695
0.596188-0.135773j,-0.299829-1.430929j,0.329640-0.052663j,2.799445
0.596458-0.135636j,-0.299824-1.431145j,0.329696-0.052563j,2.800194
0.596728-0.135499j,-0.299820-1.431360j,0.329751-0.052463j,2.800944
0.596998-0.135361j,-0.299816-1.431576j,0.329806-0.052363j,2.801694
0.597267-0.135224j,-0.299812-1.431791j,0.329862-0.052264j,2.802444
0.597537-0.135086j,-0.299808-1.432006j,0.329917-0.052164j,2.803195
0.597807-0.134948j,-0.299804-1.432222j,0.329973-0.052064j,2.803945
0.598077-0.134810j,-0.299801-1.432437j,0.330028-0.051964j,2.804696
0.598347-0.134671j,-0.299797-1.432652j,0.330083-0.051864j,2.805447
0.598618-0.134533j,-0.299793-1.432867j,0.330139-0.051764j,2.806198
0.598888-0.134395j,-0.299790-1.433081j,0.330194-0.051664j,2.806949
0.599158-0.134256j,-0.299787-1.433296j,0.330249-0.051564j,2.807700
0.599428-0.134117j,-0.299783-1.433511j,0.330305-0.051464j,2.808452
0.599699-0.133978j,-0.299780-1.433725j,0.330360-0.051363j,2.809203
0.599969-0.133839j,-0.299777-1.433940j,0.330416-0.051263j,2.809955
0.600240-0.133700j,-0.299774-1.434154j,0.330471-0.051163j,2.810707
0.600510-0.133561j,-0.299771-1.434368j,0.330526-0.051063j,2.811459
0.600781-0.133421j,-0.299769-1.434582j,0.330582-0.050963j,2.812211
0.601052-0.133281j,-0.299766-1.434796j,0.330637-0.050863j,2.812963
0.601322-0.133142j,-0.299763-1.435010j,0.330692-0.050762j,2.813716
0.601593-0.133002j,-0.299761-1.435224j,0.330748-0.050662j,2.814468
0.601864-0.132862j,-0.299758-1.435438j,0.330803-0.050562j,2.815221
0.602135-0.132722j,-0.299756-1.435652j,0.330859-0.050462j,2.815974
0.602406-0.132581j,-0.299754-1.435865j,0.330914-0.050361j,2.816727
0.602677-0.132441j,-0.299752-1.436079j,0.330970-0.050261j,2.817480
0.602948-0.132300j,-0.299750-1.436292j,0.331025-0.050161j,2.818234
0.603219-0.132159j,-0.299748-1.436506j,0.331080-0.050060j,2.818987
0.603490-0.132019j,-0.299746-1.436719j,0.331136-0.049960j,2.819741
0.603762-0.131878j,-0.299744-1.436932j,0.331191-0.049860j,2.820495
0.604033-0.131736j,-0.299742-1.437145j,0.331247-0.049759j,2.821249
0.604304-0.131595j,-0.299741-1.437358j,0.331302-0.049659j,2.822003
0.604576-0.131454j,-0.299739-1.437571j,0.331358-0.049558j,2.822757
0.604847-0.131312j,-0.299738-1.437784j,0.331413-0.049458j,2.823512
0.605119-0.131170j,-0.299737-1.437996j,0.331469-0.049357j,2.824266
0.605390-0.131028j,-0.299735-1.438209j,0.331524-0.049257j,2.825021
0.605662-0.130886j,-0.299734-1.438421j,0.331579-0.049156j,2.825776
0.605934-0.130744j,-0.299733-1.438634j,0.331635-0.049056j,2.826531
0.606206-0.130602j,-0.299732-1.438846j,0.331690-0.048955j,2.827286
0.606477-0.130460j,-0.299732-1.439058j,0.331746-0.048854j,2.828042
0.606749-0.130317j,-0.299731-1.439271j,0.331801-0.048754j,2.828797
0.607021-0.130174j,-0.299730-1.439483j,0.331857-0.048653j,2.829553
0.607293-0.130032j,-0.299730-1.439695j,0.331912-0.048553j,2.830309
0.607565-0.129889j,-0.299729-1.439906j,0.331968-0.048452j,2.831065
0.607838-0.129745j,-0.299729-1.440118j,0.332023-0.048351j,2.831821
0.608110-0.129602j,-0.299728-1.440330j,0.332079-0.048250j,2.832577
0.608382-0.129459j,-0.299728-1.440542j,0.332134-0.048150j,2.833334
0.608654-0.129315j,-0.299728-1.440753j,0.332190-0.048049j,2.834090
0.608927-0.129172j,-0.299728-1.440964j,0.332245-0.047948j,2.834847
0.609199-0.129028j,-0.299728-1.441176j,0.332301-0.047847j,2.835604
0.609472-0.128884j,-0.299728-1.441387j,0.332356-0.047746j,2.836361
0.609744-0.128740j,-0.299729-1.441598j,0.332412-0.047645j,2.837118
0.610017-0.128595j,-0.299729-1.441809j,0.332467-0.047545j,2.837875
0.610289-0.128451j,-0.299729-1.442020j,0.332523-0.047444j,2.838633
0.610562-0.128307j,-0.299730-1.442231j,0.332578-0.047343j,2.839391
0.610835-0.128162j,-0.299730-1.442442j,0.332634-0.047242j,2.840148
0.611108-0.128017j,-0.299731-1.442653j,0.332689-0.047141j,2.840906
0.611381-0.127872j,-0.299732-1.442863j,0.332745-0.047040j,2.841664
0.611654-0.127727j,-0.299733-1.443074j,0.332800-0.046939j,2.842423
0.611927-0.127582j,-0.299734-1.443284j,0.332856-0.046838j,2.843181
0.612200-0.127436j,-0.299735-1.443495j,0.332912-0.046737j,2.843940
0.612473-0.127291j,-0.299736-1.443705j,0.332967-0.046636j,2.844698
0.612746-0.127145j,-0.299737-1.443915j,0.333023-0.046535j,2.845457
0.613019-0.126999j,-0.299739-1.444125j,0.333078-0.046433j,2.846216
0.613293-0.126854j,-0.299740-1.444335j,0.333134-0.046332j,2.846975
0.613566-0.126707j,-0.299742-1.444545j,0.333189-0.046231j,2.847735
0.613839-0.126561j,-0.299743-1.444755j,0.333245-0.046130j,2.848494
0.614113-0.126415j,-0.299745-1.444965j,0.333300-0.046029j,2.849254
0.614386-0.126268j,-0.299747-1.445174j,0.333356-0.045927j,2.850014
0.614660-0.126122j,-0.299749-1.445384j,0.333411-0.045826j,2.850774
0.614934-0.125975j,-0.299751-1.445593j,0.333467-0.045725j,2.851534
0.615207-0.125828j,-0.299753-1.445803j,0.333523-0.045624j,2.852294
0.615481-0.125681j,-0.299755-1.446012j,0.333578-0.045522j,2.853054
0.615755-0.125534j,-0.299757-1.446221j,0.333634-0.045421j,2.853815
0.616029-0.125386j,-0.299759-1.446430j,0.333689-0.045319j,2.854575
0.616303-0.125239j,-0.299762-1.446640j,0.333745-0.045218j,2.855336
0.616577-0.125091j,-0.299764-1.446848j,0.333801-0.045117j,2.856097
0.616851-0.124943j,-0.299767-1.447057j,0.333856-0.045015j,2.856858
0.617125-0.124795j,-0.299770-1.447266j,0.333912-0.044914j,2.857620
0.617399-0.124647j,-0.299772-1.447475j,0.333967-0.044812j,2.858381
0.617673-0.124499j,-0.299775-1.447683j,0.334023-0.044711j,2.859143
0.617947-0.124351j,-0.299778-1.447892j,0.334078-0.044609j,2.859905
0.618222-0.124202j,-0.299781-1.448100j,0.334134-0.044508j,2.860666
0.618496-0.124054j,-0.299784-1.448309j,0.334190-0.044406j,2.861429
0.618771-0.123905j,-0.299788-1.448517j,0.334245-0.044305j,2.862191
0.619045-0.123756j,-0.299791-1.448725j,0.334301-0.044203j,2.862953
0.619320-0.123607j,-0.299794-1.448933j,0.334357-0.044101j,2.863716
0.619594-0.123457j,-0.299798-1.449141j,0.334412-0.044000j,2.864478
0.619869-0.123308j,-0.299801-1.449349j,0.334468-0.043898j,2.865241
0.620144-0.123159j,-0.299805-1.449557j,0.334523-0.043796j,2.866004
0.620418-0.123009j,-0.299809-1.449765j,0.334579-0.043694j,2.866767
0.620693-0.122859j,-0.299813-1.449973j,0.334635-0.043593j,2.867530
0.620968-0.122709j,-0.299817-1.450180j,0.334690-0.043491j,2.868294
0.621243-0.122559j,-0.299821-1.450388j,0.334746-0.043389j,2.869057
0.621518-0.122409j,-0.299825-1.450595j,0.334801-0.043287j,2.869821
0.621793-0.122258j,-0.299829-1.450803j,0.334857-0.043185j,2.870585
0.622068-0.122108j,-0.299833-1.451010j,0.334913-0.043084j,2.871349
0.622344-0.121957j,-0.299837-1.451217j,0.334968-0.042982j,2.872113
0.622619-0.121806j,-0.299842-1.451424j,0.335024-0.042880j,2.872878
0.622894-0.121656j,-0.299846-1.451631j,0.335080-0.042778j,2.873642
0.623169-0.121504j,-0.299851-1.451838j,0.335135-0.042676j,2.874407
0.623445-0.121353j,-0.299856-1.452045j,0.335191-0.042574j,2.875171
0.623720-0.121202j,-0.299861-1.452252j,0.335247-0.042472j,2.875936
0.623996-0.121050j,-0.299866-1.452458j,0.335302-0.042370j,2.876701
0.624271-0.120899j,-0.299871-1.452665j,0.335358-0.042268j,2.877467
0.624547-0.120747j,-0.299876-1.452871j,0.335414-0.042166j,2.878232
0.624823-0.120595j,-0.299881-1.453078j,0.335469-0.042063j,2.878998
0.625099-0.120443j,-0.299886-1.453284j,0.335525-0.041961j,2.879763
0.625374-0.120290j,-0.299891-1.453490j,0.335581-0.041859j,2.880529
0.625650-0.120138j,-0.299897-1.453697j,0.335636-0.041757j,2.881295
0.625926-0.119985j,-0.299902-1.453903j,0.335692-0.041655j,2.882061
0.626202-0.119833j,-0.299908-1.454109j,0.335748-0.041553j,2.882828
0.626478-0.119680j,-0.299914-1.454315j,0.335803-0.041450j,2.883594
0.626754-0.119527j,-0.299919-1.454520j,0.335859-0.041348j,2.884361
0.627030-0.119374j,-0.299925-1.454726j,0.335915-0.041246j,2.885127
0.627307-0.119220j,-0.299931-1.454932j,0.335970-0.041143j,2.885894
0.627583-0.119067j,-0.299937-1.455137j,0.336026-0.041041j,2.886661
0.627859-0.118913j,-0.299943-1.455343j,0.336082-0.040939j,2.887429
0.628136-0.118760j,-0.299950-1.455548j,0.336137-0.040836j,2.888196
0.628412-0.118606j,-0.299956-1.455754j,0.336193-0.040734j,2.888963
0.628689-0.118452j,-0.299962-1.455959j,0.336249-0.040631j,2.889731
0.628965-0.118298j,-0.299969-1.456164j,0.336304-0.040529j,2.890499
0.629242-0.118143j,-0.299975-1.456369j,0.336360-0.040426j,2.891267
0.629518-0.117989j,-0.299982-1.456574j,0.336416-0.040324j,2.892035
0.629795-0.117834j,-0.299989-1.456779j,0.336471-0.040221j,2.892803
0.630072-0.117680j,-0.299995-1.456984j,0.336527-0.040119j,2.893572
0.630349-0.117525j,-0.300002-1.457189j,0.336583-0.040016j,2.894340
0.630626-0.117370j,-0.300009-1.457394j,0.336638-0.039914j,2.895109
0.630902-0.117215j,-0.300016-1.457598j,0.336694-0.039811j,2.895878
0.631179-0.117059j,-0.300024-1.457803j,0.336750-0.039708j,2.896647
0.631457-0.116904j,-0.300031-1.458007j,0.336806-0.039606j,2.897416
0.631734-0.116748j,-0.300038-1.458212j,0.336861-0.039503j,2.898185
0.632011-0.116592j,-0.300046-1.458416j,0.336917-0.039400j,2.898955
0.632288-0.116436j,-0.300053-1.458620j,0.336973-0.039297j,2.899724
0.632565-0.116280j,-0.300061-1.458824j,0.337028-0.039195j,2.900494
0.632843-0.116124j,-0.300068-1.459028j,0.337084-0.039092j,2.901264
0.633120-0.115968j,-0.300076-1.459232j,0.337140-0.038989j,2.902034
0.633397-0.115811j,-0.300084-1.459436j,0.337195-0.038886j,2.902805
0.633675-0.115655j,-0.300092-1.459640j,0.337251-0.038783j,2.903575
0.633953-0.115498j,-0.300100-1.459844j,0.337307-0.038680j,2.904345
0.634230-0.115341j,-0.300108-1.460047j,0.337363-0.038577j,2.905116
0.634508-0.115184j,-0.300116-1.460251j,0.337418-0.038474j,2.905887
0.634786-0.115027j,-0.300125-1.460454j,0.337474-0.038371j,2.906658
0.635063-0.114869j,-0.300133-1.460658j,0.337530-0.038268j,2.907429
0.635341-0.114712j,-0.300141-1.460861j,0.337586-0.038165j,2.908200
0.635619-0.114554j,-0.300150-1.461065j,0.337641-0.038062j,2.908972
0.635897-0.114396j,-0.300158-1.461268j,0.337697-0.037959j,2.909743
0.636175-0.114238j,-0.300167-1.461471j,0.337753-0.037856j,2.910515
0.636453-0.114080j,-0.300176-1.461674j,0.337808-0.037753j,2.911287
0.636731-0.113922j,-0.300185-1.461877j,0.337864-0.037650j,2.912059
0.637009-0.113763j,-0.300194-1.462080j,0.337920-0.037547j,2.912831
0.637288-0.113605j,-0.300203-1.462282j,0.337976-0.037443j,2.913604
0.637566-0.113446j,-0.300212-1.462485j,0.338031-0.037340j,2.914376
0.637844-0.113287j,-0.300221-1.462688j,0.338087-0.037237j,2.915149
0.638123-0.113128j,-0.300231-1.462890j,0.338143-0.037134j,2.915922
0.638401-0.112969j,-0.300240-1.463093j,0.338199-0.037030j,2.916695
0.638679-0.112810j,-0.300249-1.463295j,0.338254-0.036927j,2.917468
0.638958-0.112650j,-0.300259-1.463497j,0.338310-0.036824j,2.918241
0.639237-0.112490j,-0.300269-1.463700j,0.338366-0.036720j,2.919014
0.639515-0.112331j,-0.300278-1.463902j,0.338421-0.036617j,2.919788
0.639794-0.112171j,-0.300288-1.464104j,0.338477-0.036513j,2.920562
0.640073-0.112011j,-0.300298-1.464306j,0.338533-0.036410j,2.921336
0.640352-0.111851j,-0.300308-1.464508j,0.338589-0.036306j,2.922110
0.640631-0.111690j,-0.300318-1.464710j,0.338644-0.036203j,2.922884
0.640909-0.111530j,-0.300328-1.464911j,0.338700-0.036099j,2.923658
0.641188-0.111369j,-0.300338-1.465113j,0.338756-0.035996j,2.924433
0.641468-0.111208j,-0.300349-1.465315j,0.338812-0.035892j,2.925207
0.641747-0.111047j,-0.300359-1.465516j,0.338867-0.035789j,2.925982
0.642026-0.110886j,-0.300370-1.465718j,0.338923-0.035685j,2.926757
0.642305-0.110725j,-0.300380-1.465919j,0.338979-0.035581j,2.927532
0.642584-0.110563j,-0.300391-1.466120j,0.339035-0.035478j,2.928307
0.642864-0.110402j,-0.300402-1.466322j,0.339090-0.035374j,2.929083
0.643143-0.110240j,-0.300412-1.466523j,0.339146-0.035270j,2.929858
0.643422-0.110078j,-0.300423-1.466724j,0.339202-0.035166j,2.930634
0.643702-0.109916j,-0.300434-1.466925j,0.339258-0.035062j,2.931410
0.643981-0.109754j,-0.300445-1.467126j,0.339313-0.034959j,2.932186
0.644261-0.109592j,-0.300457-1.467327j,0.339369-0.034855j,2.932962
0.644541-0.109429j,-0.300468-1.467527j,0.339425-0.034751j,2.933738
0.644820-0.109267j,-0.300479-1.467728j,0.339481-0.034647j,2.934514
0.645100-0.109104j,-0.300491-1.467929j,0.339536-0.034543j,2.935291
0.645380-0.108941j,-0.300502-1.468129j,0.339592-0.034439j,2.936068
0.645660-0.108778j,-0.300514-1.468330j,0.339648-0.034335j,2.936845
0.645940-0.108615j,-0.300525-1.468530j,0.339704-0.034231j,2.937622
0.646220-0.108451j,-0.300537-1.468730j,0.339760-0.034127j,2.938399
0.646500-0.108288j,-0.300549-1.468931j,0.339815-0.034023j,2.939176
0.646780-0.108124j,-0.300561-1.469131j,0.339871-0.033919j,2.939954
0.647060-0.107960j,-0.300573-1.469331j,0.339927-0.033815j,2.940731
0.647340-0.107797j,-0.300585-1.469531j,0.339983-0.033711j,2.941509
0.647621-0.107632j,-0.300597-1.469731j,0.340038-0.033607j,2.942287
0.647901-0.107468j,-0.300609-1.469931j,0.340094-0.033502j,2.943065
0.648181-0.107304j,-0.300622-1.470131j,0.340150-0.033398j,2.943843
0.648462-0.107139j,-0.300634-1.470330j,0.340206-0.033294j,2.944622
0.648742-0.106974j,-0.300647-1.470530j,0.340261-0.033190j,2.945400
0.649023-0.106810j,-0.300659-1.470729j,0.340317-0.033085j,2.946179
0.649303-0.106645j,-0.300672-1.470929j,0.340373-0.032981j,2.946958
0.649584-0.106479j,-0.300685-1.471128j,0.340429-0.032877j,2.947737
0.649865-0.106314j,-0.300697-1.471328j,0.340484-0.032772j,2.948516
0.650145-0.106149j,-0.300710-1.471527j,0.340540-0.032668j,2.949295
0.650426-0.105983j,-0.300723-1.471726j,0.340596-0.032563j,2.950075
0.650707-0.105817j,-0.300736-1.471925j,0.340652-0.032459j,2.950854
0.650988-0.105651j,-0.300749-1.472124j,0.340708-0.032354j,2.951634
0.651269-0.105485j,-0.300763-1.472323j,0.340763-0.032250j,2.952414
0.651550-0.105319j,-0.300776-1.472522j,0.340819-0.032145j,2.953194
0.651831-0.105152j,-0.300789-1.472721j,0.340875-0.032041j,2.953974
0.652112-0.104986j,-0.300803-1.472920j,0.340931-0.031936j,2.954755
0.652393-0.104819j,-0.300816-1.473118j,0.340986-0.031832j,2.955535
0.652675-0.104652j,-0.300830-1.473317j,0.341042-0.031727j,2.956316
0.652956-0.104485j,-0.300844-1.473515j,0.341098-0.031622j,2.957097
0.653237-0.104318j,-0.300858-1.473714j,0.341154-0.031518j,2.957878
0.653519-0.104151j,-0.300872-1.473912j,0.341209-0.031413j,2.958659
0.653800-0.103983j,-0.300886-1.474111j,0.341265-0.031308j,2.959440
0.654082-0.103816j,-0.300900-1.474309j,0.341321-0.031203j,2.960222
0.654363-0.103648j,-0.300914-1.474507j,0.341377-0.031098j,2.961003
0.654645-0.103480j,-0.300928-1.474705j,0.341433-0.030994j,2.961785
0.654926-0.103312j,-0.300942-1.474903j,0.341488-0.030889j,2.962567
0.655208-0.103144j,-0.300957-1.475101j,0.341544-0.030784j,2.963349
0.655490-0.102975j,-0.300971-1.475299j,0.341600-0.030679j,2.964131
0.655772-0.102807j,-0.300986-1.475497j,0.341656-0.030574j,2.964913
0.656054-0.102638j,-0.301000-1.475694j,0.341711-0.030469j,2.965696
0.656336-0.102469j,-0.301015-1.475892j,0.341767-0.030364j,2.966478
0.656618-0.102300j,-0.301030-1.476090j,0.341823-0.030259j,2.967261
0.656900-0.102131j,-0.301045-1.476287j,0.341879-0.030154j,2.968044
0.657182-0.101962j,-0.301060-1.476485j,0.341934-0.030049j,2.968827
0.657464-0.101793j,-0.301075-1.476682j,0.341990-0.029944j,2.969610
0.657746-0.101623j,-0.301090-1.476879j,0.342046-0.029839j,2.970394
0.658028-0.101453j,-0.301105-1.477076j,0.342102-0.029733j,2.971177
0.658311-0.101283j,-0.301120-1.477274j,0.342158-0.029628j,2.971961
0.658593-0.101113j,-0.301136-1.477471j,0.342213-0.029523j,2.972745
0.658875-0.100943j,-0.301151-1.477668j,0.342269-0.029418j,2.973529
0.659158-0.100773j,-0.301167-1.477865j,0.342325-0.029312j,2.974313
0.659440-0.100602j,-0.301182-1.478061j,0.342381-0.029207j,2.975097
0.659723-0.100431j,-0.301198-1.478258j,0.342436-0.029102j,2.975882
0.660006-0.100260j,-0.301214-1.478455j,0.342492-0.028996j,2.976666
0.660288-0.100089j,-0.301230-1.478652j,0.342548-0.028891j,2.977451
0.660571-0.099918j,-0.301246-1.478848j,0.342604-0.028786j,2.978236
0.660854-0.099747j,-0.301262-1.479045j,0.342659-0.028680j,2.979021
0.661137-0.099576j,-0.301278-1.479241j,0.342715-0.028575j,2.979806
0.661420-0.099404j,-0.301294-1.479437j,0.342771-0.028469j,2.980591
0.661703-0.099232j,-0.301310-1.479634j,0.342827-0.028364j,2.981377
0.661986-0.099060j,-0.301326-1.479830j,0.342883-0.028258j,2.982163
0.662269-0.098888j,-0.301343-1.480026j,0.342938-0.028153j,2.982948
0.662552-0.098716j,-0.301359-1.480222j,0.342994-0.028047j,2.983734
0.662835-0.098544j,-0.301376-1.480418j,0.343050-0.027941j,2.984520
0.663118-0.098371j,-0.301393-1.480614j,0.343106-0.027836j,2.985307
0.663401-0.098198j,-0.301409-1.480810j,0.343161-0.027730j,2.986093
0.663685-0.098025j,-0.301426-1.481006j,0.343217-0.027624j,2.986880
0.663968-0.097852j,-0.301443-1.481201j,0.343273-0.027518j,2.987666
0.664252-0.097679j,-0.301460-1.481397j,0.343329-0.027413j,2.988453
0.664535-0.097506j,-0.301477-1.481593j,0.343384-0.027307j,2.989240
0.664819-0.097332j,-0.301494-1.481788j,0.343440-0.027201j,2.990027
0.665102-0.097159j,-0.301511-1.481984j,0.343496-0.027095j,2.990815
0.665386-0.096985j,-0.301529-1.482179j,0.343552-0.026989j,2.991602
0.665670-0.096811j,-0.301546-1.482374j,0.343607-0.026883j,2.992390
0.665953-0.096637j,-0.301564-1.482570j,0.343663-0.026777j,2.993178
0.666237-0.096463j,-0.301581-1.482765j,0.343719-0.026671j,2.993965
0.666521-0.096288j,-0.301599-1.482960j,0.343775-0.026565j,2.994754
0.666805-0.096114j,-0.301616-1.483155j,0.343830-0.026459j,2.995542
0.667089-0.095939j,-0.301634-1.483350j,0.343886-0.026353j,2.996330
0.667373-0.095764j,-0.301652-1.483545j,0.343942-0.026247j,2.997119
0.667657-0.095589j,-0.301670-1.483740j,0.343998-0.026141j,2.997907
0.667941-0.095414j,-0.301688-1.483934j,0.344053-0.026035j,2.998696
0.668225-0.095239j,-0.301706-1.484129j,0.344109-0.025929j,2.999485
0.668509-0.095063j,-0.301724-1.484324j,0.344165-0.025822j,3.000274
0.668794-0.094887j,-0.301743-1.484518j,0.344221-0.025716j,3.001063
0.669078-0.094712j,-0.301761-1.484713j,0.344276-0.025610j,3.001853
0.669362-0.094536j,-0.301779-1.484907j,0.344332-0.025504j,3.002642
0.669647-0.094359j,-0.301798-1.485101j,0.344388-0.025397j,3.003432
0.669931-0.094183j,-0.301816-1.485296j,0.344444-0.025291j,3.004222
0.670216-0.094007j,-0.301835-1.485490j,0.344499-0.025184j,3.005012
0.670500-0.093830j,-0.301854-1.485684j,0.344555-0.025078j,3.005802
0.670785-0.093653j,-0.301873-1.485878j,0.344611-0.024972j,3.006593
0.671070-0.093476j,-0.301892-1.486072j,0.344667-0.024865j,3.007383
0.671355-0.093299j,-0.301910-1.486266j,0.344722-0.024759j,3.008174
0.671639-0.093122j,-0.301930-1.486460j,0.344778-0.024652j,3.008964
0.671924-0.092945j,-0.301949-1.486654j,0.344834-0.024546j,3.009755
0.672209-0.092767j,-0.301968-1.486847j,0.344889-0.024439j,3.010546
0.672494-0.092589j,-0.301987-1.487041j,0.344945-0.024332j,3.011338
0.672779-0.092412j,-0.302007-1.487235j,0.345001-0.024226j,3.012129
0.673064-0.092234j,-0.302026-1.487428j,0.345057-0.024119j,3.012921
0.673349-0.092055j,-0.302045-1.487622j,0.345112-0.024012j,3.013712
0.673634-0.091877j,-0.302065-1.487815j,0.345168-0.023906j,3.014504
0.673920-0.091699j,-0.302085-1.488008j,0.345224-0.023799j,3.015296
0.674205-0.091520j,-0.302105-1.488202j,0.345280-0.023692j,3.016088
0.674490-0.091341j,-0.302124-1.488395j,0.345335-0.023585j,3.016880
0.674776-0.091162j,-0.302144-1.488588j,0.345391-0.023478j,3.017673
0.675061-0.090983j,-0.302164-1.488781j,0.345447-0.023371j,3.018466
0.675346-0.090804j,-0.302184-1.488974j,0.345502-0.023264j,3.019258
0.675632-0.090624j,-0.302205-1.489167j,0.345558-0.023158j,3.020051
0.675918-0.090445j,-0.302225-1.489360j,0.345614-0.023051j,3.020844
0.676203-0.090265j,-0.302245-1.489552j,0.345670-0.022944j,3.021637
0.676489-0.090085j,-0.302265-1.489745j,0.345725-0.022836j,3.022431
0.676775-0.089905j,-0.302286-1.489938j,0.345781-0.022729j,3.023224
0.677060-0.089725j,-0.302306-1.490130j,0.345837-0.022622j,3.024018
0.677346-0.089544j,-0.302327-1.490323j,0.345892-0.022515j,3.024812
0.677632-0.089364j,-0.302348-1.490515j,0.345948-0.022408j,3.025606
0.677918-0.089183j,-0.302369-1.490708j,0.346004-0.022301j,3.026400
0.678204-0.089002j,-0.302389-1.490900j,0.346059-0.022194j,3.027194
0.678490-0.088821j,-0.302410-1.491092j,0.346115-0.022086j,3.027988
0.678776-0.088640j,-0.302431-1.491285j,0.346171-0.021979j,3.028783
0.679062-0.088458j,-0.302452-1.491477j,0.346227-0.021872j,3.029578
0.679348-0.088277j,-0.302474-1.491669j,0.346282-0.021764j,3.030372
0.679635-0.088095j,-0.302495-1.491861j,0.346338-0.021657j,3.031167
0.679921-0.087913j,-0.302516-1.492053j,0.346394-0.021550j,3.031963
0.680207-0.087731j,-0.302538-1.492245j,0.346449-0.021442j,3.032758
0.680494-0.087549j,-0.302559-1.492436j,0.346505-0.021335j,3.033553
0.680780-0.087367j,-0.302581-1.492628j,0.346561-0.021227j,3.034349
0.681067-0.087184j,-0.302602-1.492820j,0.346616-0.021120j,3.035145
0.681353-0.087002j,-0.302624-1.493011j,0.346672-0.021012j,3.035941
0.681640-0.086819j,-0.302646-1.493203j,0.346728-0.020905j,3.036737
0.681927-0.086636j,-0.302668-1.493394j,0.346783-0.020797j,3.037533
0.682213-0.086453j,-0.302689-1.493586j,0.346839-0.020689j,3.038329
0.682500-0.086270j,-0.302711-1.493777j,0.346895-0.020582j,3.039126
0.682787-0.086086j,-0.302734-1.493968j,0.346950-0.020474j,3.039922
0.683074-0.085903j,-0.302756-1.494160j,0.347006-0.020366j,3.040719
0.683361-0.085719j,-0.302778-1.494351j,0.347062-0.020259j,3.041516
0.683648-0.085535j,-0.302800-1.494542j,0.347117-0.020151j,3.042313
0.683935-0.085351j,-0.302823-1.494733j,0.347173-0.020043j,3.043111
0.684222-0.085167j,-0.302845-1.494924j,0.347229-0.019935j,3.043908
0.684509-0.084982j,-0.302868-1.495115j,0.347284-0.019827j,3.044706
0.684796-0.084798j,-0.302890-1.495305j,0.347340-0.019719j,3.045503
0.685083-0.084613j,-0.302913-1.495496j,0.347396-0.019611j,3.046301
0.685370-0.084428j,-0.302936-1.495687j,0.347451-0.019503j,3.047099
0.685658-0.084243j,-0.302959-1.495878j,0.347507-0.019395j,3.047897
0.685945-0.084058j,-0.302982-1.496068j,0.347563-0.019287j,3.048696
0.686232-0.083872j,-0.303005-1.496259j,0.347618-0.019179j,3.049494
0.686520-0.083687j,-0.303028-1.496449j,0.347674-0.019071j,3.050293
0.686807-0.083501j,-0.303051-1.496639j,0.347729-0.018963j,3.051092
0.687095-0.083315j,-0.303074-1.496830j,0.347785-0.018855j,3.051890
0.687383-0.083129j,-0.303098-1.497020j,0.347841-0.018747j,3.052690
0.687670-0.082943j,-0.303121-1.497210j,0.347896-0.018638j,3.053489
0.687958-0.082757j,-0.303144-1.497400j,0.347952-0.018530j,3.054288
0.688246-0.082570j,-0.303168-1.497590j,0.348008-0.018422j,3.055088
0.688534-0.082383j,-0.303192-1.497780j,0.348063-0.018314j,3.055887
0.688821-0.082197j,-0.303215-1.497970j,0.348119-0.018205j,3.056687
0.689109-0.082010j,-0.303239-1.498160j,0.348174-0.018097j,3.057487
0.689397-0.081823j,-0.303263-1.498350j,0.348230-0.017988j,3.058287
0.689685-0.081635j,-0.303287-1.498540j,0.348286-0.017880j,3.059088
0.689973-0.081448j,-0.303311-1.498729j,0.348341-0.017772j,3.059888
0.690262-0.081260j,-0.303335-1.498919j,0.348397-0.017663j,3.060689
0.690550-0.081072j,-0.303359-1.499109j,0.348453-0.017555j,3.061489
0.690838-0.080884j,-0.303383-1.499298j,0.348508-0.017446j,3.062290
0.691126-0.080696j,-0.303408-1.499488j,0.348564-0.017337j,3.063091
0.691415-0.080508j,-0.303432-1.499677j,0.348619-0.017229j,3.063892
0.691703-0.080319j,-0.303456-1.499866j,0.348675-0.017120j,3.064694
0.691991-0.080131j,-0.303481-1.500055j,0.348731-0.017011j,3.065495
0.692280-0.079942j,-0.303506-1.500245j,0.348786-0.016903j,3.066297
0.692568-0.079753j,-0.303530-1.500434j,0.348842-0.016794j,3.067099
0.692857-0.079564j,-0.303555-1.500623j,0.348897-0.016685j,3.067901
0.693146-0.079375j,-0.303580-1.500812j,0.348953-0.016576j,3.068703
0.693434-0.079185j,-0.303605-1.501001j,0.349008-0.016467j,3.069505
0.693723-0.078996j,-0.303630-1.501190j,0.349064-0.016359j,3.070307
0.694012-0.078806j,-0.303655-1.501378j,0.349120-0.016250j,3.071110
0.694301-0.078616j,-0.303680-1.501567j,0.349175-0.016141j,3.071913
0.694589-0.078426j,-0.303705-1.501756j,0.349231-0.016032j,3.072715
0.694878-0.078236j,-0.303731-1.501945j,0.349286-0.015923j,3.073518
0.695167-0.078045j,-0.303756-1.502133j,0.349342-0.015814j,3.074322
0.695456-0.077855j,-0.303781-1.502322j,0.349397-0.015705j,3.075125
0.695745-0.077664j,-0.303807-1.502510j,0.349453-0.015596j,3.075928
0.696034-0.077473j,-0.303832-1.502698j,0.349508-0.015486j,3.076732
0.696324-0.077282j,-0.303858-1.502887j,0.349564-0.015377j,3.077536
0.696613-0.077091j,-0.303884-1.503075j,0.349620-0.015268j,3.078340
0.696902-0.076899j,-0.303910-1.503263j,0.349675-0.015159j,3.079144
0.697191-0.076708j,-0.303936-1.503451j,0.349731-0.015050j,3.079948
0.697481-0.076516j,-0.303962-1.503639j,0.349786-0.014940j,3.080752
0.697770-0.076324j,-0.303988-1.503827j,0.349842-0.014831j,3.081557
0.698060-0.076132j,-0.304014-1.504015j,0.349897-0.014722j,3.082361
0.698349-0.075940j,-0.304040-1.504203j,0.349953-0.014612j,3.083166
0.698639-0.075747j,-0.304066-1.504391j,0.350008-0.014503j,3.083971
0.698928-0.075555j,-0.304092-1.504579j,0.350064-0.014393j,3.084776
0.699218-0.075362j,-0.304119-1.504767j,0.350119-0.014284j,3.085581
0.699508-0.075169j,-0.304145-1.504954j,0.350175-0.014174j,3.086387
0.699797-0.074976j,-0.304172-1.505142j,0.350230-0.014065j,3.087192
0.700087-0.074783j,-0.304199-1.505329j,0.350286-0.013955j,3.087998
0.700377-0.074590j,-0.304225-1.505517j,0.350341-0.013846j,3.088804
0.700667-0.074396j,-0.304252-1.505704j,0.350397-0.013736j,3.089610
0.700957-0.074202j,-0.304279-1.505892j,0.350452-0.013626j,3.090416
0.701247-0.074008j,-0.304306-1.506079j,0.350508-0.013517j,3.091223
0.701537-0.073814j,-0.304333-1.506266j,0.350563-0.013407j,3.092029
0.701827-0.073620j,-0.304360-1.506453j,0.350619-0.013297j,3.092836
0.702117-0.073426j,-0.304387-1.506640j,0.350674-0.013187j,3.093642
0.702407-0.073231j,-0.304414-1.506827j,0.350730-0.013077j,3.094449
0.702698-0.073037j,-0.304442-1.507014j,0.350785-0.012967j,3.095256
0.702988-0.072842j,-0.304469-1.507201j,0.350841-0.012858j,3.096064
0.703278-0.072647j,-0.304497-1.507388j,0.350896-0.012748j,3.096871
0.703569-0.072451j,-0.304524-1.507575j,0.350952-0.012638j,3.097679
0.703859-0.072256j,-0.304552-1.507762j,0.351007-0.012528j,3.098486
0.704150-0.072061j,-0.304579-1.507949j,0.351062-0.012418j,3.099294
0.704440-0.071865j,-0.304607-1.508135j,0.351118-0.012308j,3.100102
0.704731-0.071669j,-0.304635-1.508322j,0.351173-0.012197j,3.100910
0.705021-0.071473j,-0.304663-1.508508j,0.351229-0.012087j,3.101718
0.705312-0.071277j,-0.304691-1.508695j,0.351284-0.011977j,3.102527
0.705603-0.071080j,-0.304719-1.508881j,0.351340-0.011867j,3.103335
0.705894-0.070884j,-0.304747-1.509067j,0.351395-0.011757j,3.104144
0.706184-0.070687j,-0.304775-1.509254j,0.351450-0.011646j,3.104953
0.706475-0.070490j,-0.304803-1.509440j,0.351506-0.011536j,3.105762
0.706766-0.070293j,-0.304832-1.509626j,0.351561-0.011426j,3.106571
0.707057-0.070096j,-0.304860-1.509812j,0.351617-0.011315j,3.107381
0.707348-0.069899j,-0.304889-1.509998j,0.351672-0.011205j,3.108190
0.707639-0.069701j,-0.304917-1.510184j,0.351728-0.011095j,3.109000
0.707930-0.069503j,-0.304946-1.510370j,0.351783-0.010984j,3.109810
0.708222-0.069306j,-0.304975-1.510556j,0.351838-0.010874j,3.110619
0.708513-0.069107j,-0.305003-1.510742j,0.351894-0.010763j,3.111430
0.708804-0.068909j,-0.305032-1.510928j,0.351949-0.010653j,3.112240
0.709095-0.068711j,-0.305061-1.511113j,0.352005-0.010542j,3.113050
0.709387-0.068512j,-0.305090-1.511299j,0.352060-0.010431j,3.113861
0.709678-0.068314j,-0.305119-1.511485j,0.352115-0.010321j,3.114671
0.709970-0.068115j,-0.305148-1.511670j,0.352171-0.010210j,3.115482
0.710261-0.067916j,-0.305178-1.511856j,0.352226-0.010099j,3.116293
0.710553-0.067717j,-0.305207-1.512041j,0.352281-0.009988j,3.117104
0.710844-0.067517j,-0.305236-1.512226j,0.352337-0.009878j,3.117916
0.711136-0.067318j,-0.305266-1.512412j,0.352392-0.009767j,3.118727
0.711428-0.067118j,-0.305295-1.512597j,0.352447-0.009656j,3.119539
0.711719-0.066918j,-0.305325-1.512782j,0.352503-0.009545j,3.120351
0.712011-0.066718j,-0.305354-1.512967j,0.352558-0.009434j,3.121162
0.712303-0.066518j,-0.305384-1.513152j,0.352613-0.009323j,3.121974
0.712595-0.066317j,-0.305414-1.513337j,0.352669-0.009212j,3.122787
0.712887-0.066117j,-0.305444-1.513522j,0.352724-0.009101j,3.123599
0.713179-0.065916j,-0.305474-1.513707j,0.352779-0.008990j,3.124412
0.713471-0.065715j,-0.305504-1.513892j,0.352835-0.008879j,3.125224
0.713763-0.065514j,-0.305534-1.514077j,0.352890-0.008768j,3.126037
0.714055-0.065313j,-0.305564-1.514261j,0.352945-0.008657j,3.126850
0.714347-0.065111j,-0.305594-1.514446j,0.353001-0.008545j,3.127663
0.714639-0.064910j,-0.305625-1.514631j,0.353056-0.008434j,3.128476
0.714932-0.064708j,-0.305655-1.514815j,0.353111-0.008323j,3.129290
0.715224-0.064506j,-0.305685-1.515000j,0.353167-0.008212j,3.130103
0.715516-0.064304j,-0.305716-1.515184j,0.353222-0.008100j,3.130917
0.715809-0.064102j,-0.305747-1.515368j,0.353277-0.007989j,3.131731
0.716101-0.063899j,-0.305777-1.515553j,0.353332-0.007878j,3.132545
0.716394-0.063697j,-0.305808-1.515737j,0.353388-0.007766j,3.133359
0.716686-0.063494j,-0.305839-1.515921j,0.353443-0.007655j,3.134173
0.716979-0.063291j,-0.305870-1.516105j,0.353498-0.007543j,3.134988
0.717271-0.063088j,-0.305901-1.516290j,0.353554-0.007432j,3.135803
0.717564-0.062885j,-0.305932-1.516474j,0.353609-0.007320j,3.136617
0.717857-0.062681j,-0.305963-1.516658j,0.353664-0.007208j,3.137432
0.718149-0.062478j,-0.305994-1.516842j,0.353719-0.007097j,3.138247
0.718442-0.062274j,-0.306025-1.517025j,0.353775-0.006985j,3.139063
0.718735-0.062070j,-0.306056-1.517209j,0.353830-0.006873j,3.139878
0.719028-0.061866j,-0.306088-1.517393j,0.353885-0.006762j,3.140693
0.719321-0.061662j,-0.306119-1.517577j,0.353940-0.006650j,3.141509
0.719614-0.061457j,-0.306151-1.517760j,0.353995-0.006538j,3.142325
0.719907-0.061252j,-0.306182-1.517944j,0.354051-0.006426j,3.143141
0.720200-0.061048j,-0.306214-1.518127j,0.354106-0.006314j,3.143957
0.720493-0.060843j,-0.306246-1.518311j,0.354161-0.006202j,3.144773
0.720787-0.060638j,-0.306278-1.518494j,0.354216-0.006091j,3.145590
0.721080-0.060432j,-0.306310-1.518678j,0.354271-0.005979j,3.146406
0.721373-0.060227j,-0.306342-1.518861j,0.354327-0.005867j,3.147223
0.721666-0.060021j,-0.306374-1.519044j,0.354382-0.005754j,3.148040
0.721960-0.059815j,-0.306406-1.519228j,0.354437-0.005642j,3.148857
0.722253-0.059609j,-0.306438-1.519411j,0.354492-0.005530j,3.149674
0.722547-0.059403j,-0.306470-1.519594j,0.354547-0.005418j,3.150492
0.722840-0.059197j,-0.306502-1.519777j,0.354603-0.005306j,3.151309
0.723134-0.058990j,-0.306535-1.519960j,0.354658-0.005194j,3.152127
0.723427-0.058784j,-0.306567-1.520143j,0.354713-0.005081j,3.152945
0.723721-0.058577j,-0.306600-1.520326j,0.354768-0.004969j,3.153762
0.724015-0.058370j,-0.306632-1.520509j,0.354823-0.004857j,3.154581
0.724309-0.058162j,-0.306665-1.520691j,0.354878-0.004744j,3.155399
0.724602-0.057955j,-0.306698-1.520874j,0.354933-0.004632j,3.156217
0.724896-0.057748j,-0.306731-1.521057j,0.354989-0.004520j,3.157036
0.725190-0.057540j,-0.306764-1.521239j,0.355044-0.004407j,3.157855
0.725484-0.057332j,-0.306797-1.521422j,0.355099-0.004295j,3.158673
0.725778-0.057124j,-0.306830-1.521604j,0.355154-0.004182j,3.159492
0.726072-0.056916j,-0.306863-1.521787j,0.355209-0.004070j,3.160312
0.726366-0.056707j,-0.306896-1.521969j,0.355264-0.003957j,3.161131
0.726660-0.056499j,-0.306929-1.522152j,0.355319-0.003844j,3.161950
0.726954-0.056290j,-0.306962-1.522334j,0.355374-0.003732j,3.162770
0.727249-0.056081j,-0.306996-1.522516j,0.355429-0.003619j,3.163590
0.727543-0.055872j,-0.307029-1.522698j,0.355484-0.003506j,3.164410
0.727837-0.055663j,-0.307063-1.522880j,0.355540-0.003393j,3.165230
0.728131-0.055453j,-0.307096-1.523062j,0.355595-0.003281j,3.166050
0.728426-0.055244j,-0.307130-1.523244j,0.355650-0.003168j,3.166870
0.728720-0.055034j,-0.307164-1.523426j,0.355705-0.003055j,3.167691
0.729015-0.054824j,-0.307198-1.523608j,0.355760-0.002942j,3.168511
0.729309-0.054614j,-0.307231-1.523790j,0.355815-0.002829j,3.169332
0.729604-0.054403j,-0.307265-1.523972j,0.355870-0.002716j,3.170153
0.729899-0.054193j,-0.307299-1.524154j,0.355925-0.002603j,3.170974
0.730193-0.053982j,-0.307333-1.524335j,0.355980-0.002490j,3.171796
0.730488-0.053771j,-0.307368-1.524517j,0.356035-0.002377j,3.172617
0.730783-0.053560j,-0.307402-1.524699j,0.356090-0.002264j,3.173439
0.731077-0.053349j,-0.307436-1.524880j,0.356145-0.002150j,3.174260
0.731372-0.053138j,-0.307470-1.525062j,0.356200-0.002037j,3.175082
0.731667-0.052926j,-0.307505-1.525243j,0.356255-0.001924j,3.175904
0.731962-0.052715j,-0.307539-1.525424j,0.356310-0.001811j,3.176726
0.732257-0.052503j,-0.307574-1.525606j,0.356365-0.001697j,3.177549
0.732552-0.052291j,-0.307609-1.525787j,0.356420-0.001584j,3.178371
0.732847-0.052078j,-0.307643-1.525968j,0.356475-0.001471j,3.179194
0.733142-0.051866j,-0.307678-1.526149j,0.356530-0.001357j,3.180017
0.733437-0.051654j,-0.307713-1.526331j,0.356585-0.001244j,3.180840
0.733733-0.051441j,-0.307748-1.526512j,0.356640-0.001130j,3.181663
0.734028-0.051228j,-0.307783-1.526693j,0.356695-0.001017j,3.182486
0.734323-0.051015j,-0.307818-1.526874j,0.356750-0.000903j,3.183309
0.734619-0.050802j,-0.307853-1.527054j,0.356805-0.000790j,3.184133
0.734914-0.050588j,-0.307888-1.527235j,0.356860-0.000676j,3.184957
0.735209-0.050374j,-0.307924-1.527416j,0.356914-0.000562j,3.185780
0.735505-0.050161j,-0.307959-1.527597j,0.356969-0.000449j,3.186604
0.735800-0.049947j,-0.307994-1.527778j,0.357024-0.000335j,3.187429
0.736096-0.049733j,-0.308030-1.527958j,0.357079-0.000221j,3.188253
0.736392-0.049518j,-0.308065-1.528139j,0.357134-0.000107j,3.189077
0.736687-0.049304j,-0.308101-1.528319j,0.357189+0.000006j,3.189902
0.736983-0.049089j,-0.308137-1.528500j,0.357244+0.000120j,3.190727
0.737279-0.048874j,-0.308172-1.528680j,0.357299+0.000234j,3.191552
0.737574-0.048659j,-0.308208-1.528861j,0.357354+0.000348j,3.192377
0.737870-0.048444j,-0.308244-1.529041j,0.357408+0.000462j,3.193202
0.738166-0.048229j,-0.308280-1.529221j,0.357463+0.000576j,3.194027
0.738462-0.048013j,-0.308316-1.529401j,0.357518+0.000690j,3.194853
0.738758-0.047797j,-0.308352-1.529582j,0.357573+0.000804j,3.195678
0.739054-0.047582j,-0.308388-1.529762j,0.357628+0.000918j,3.196504
0.739350-0.047365j,-0.308425-1.529942j,0.357683+0.001033j,3.197330
0.739646-0.047149j,-0.308461-1.530122j,0.357738+0.001147j,3.198156
0.739942-0.046933j,-0.308497-1.530302j,0.357792+0.001261j,3.198983
0.740238-0.046716j,-0.308534-1.530482j,0.357847+0.001375j,3.199809
0.740535-0.046499j,-0.308570-1.530662j,0.357902+0.001490j,3.200636
0.740831-0.046283j,-0.308607-1.530841j,0.357957+0.001604j,3.201462
0.741127-0.046065j,-0.308644-1.531021j,0.358012+0.001718j,3.202289
0.741424-0.045848j,-0.308680-1.531201j,0.358066+0.001833j,3.203116
0.741720-0.045631j,-0.308717-1.531381j,0.358121+0.001947j,3.203943
0.742016-0.045413j,-0.308754-1.531560j,0.358176+0.002062j,3.204771
0.742313-0.045195j,-0.308791-1.531740j,0.358231+0.002176j,3.205598
0.742610-0.044977j,-0.308828-1.531919j,0.358285+0.002291j,3.206426
0.742906-0.044759j,-0.308865-1.532099j,0.358340+0.002405j,3.207254
0.743203-0.044541j,-0.308902-1.532278j,0.358395+0.002520j,3.208082
0.743499-0.044322j,-0.308939-1.532458j,0.358450+0.002635j,3.208910
0.743796-0.044103j,-0.308977-1.532637j,0.358504+0.002749j,3.209738
0.744093-0.043884j,-0.309014-1.532816j,0.358559+0.002864j,3.210566
0.744390-0.043665j,-0.309051-1.532995j,0.358614+0.002979j,3.211395
0.744686-0.043446j,-0.309089-1.533174j,0.358669+0.003094j,3.212224
0.744983-0.043227j,-0.309126-1.533354j,0.358723+0.003209j,3.213052
0.745280-0.043007j,-0.309164-1.533533j,0.358778+0.003324j,3.213881
0.745577-0.042787j,-0.309202-1.533712j,0.358833+0.003439j,3.214711
0.745874-0.042567j,-0.309239-1.533891j,0.358887+0.003553j,3.215540
0.746171-0.042347j,-0.309277-1.534070j,0.358942+0.003668j,3.216369
0.746468-0.042127j,-0.309315-1.534248j,0.358997+0.003784j,3.217199
0.746766-0.041906j,-0.309353-1.534427j,0.359051+0.003899j,3.218029
0.747063-0.041686j,-0.309391-1.534606j,0.359106+0.004014j,3.218859
0.747360-0.041465j,-0.309429-1.534785j,0.359161+0.004129j,3.219689
0.747657-0.041244j,-0.309467-1.534963j,0.359215+0.004244j,3.220519
0.747955-0.041023j,-0.309506-1.535142j,0.359270+0.004359j,3.221349
0.748252-0.040801j,-0.309544-1.535321j,0.359325+0.004475j,3.222180
0.748549-0.040580j,-0.309582-1.535499j,0.359379+0.004590j,3.223010
0.748847-0.040358j,-0.309621-1.535678j,0.359434+0.004705j,3.223841
0.749144-0.040136j,-0.309659-1.535856j,0.359488+0.004821j,3.224672
0.749442-0.039914j,-0.309698-1.536034j,0.359543+0.004936j,3.225503
0.749739-0.039692j,-0.309736-1.536213j,0.359598+0.005051j,3.226335
0.750037-0.039469j,-0.309775-1.536391j,0.359652+0.005167j,3.227166
0.750335-0.039247j,-0.309814-1.536569j,0.359707+0.005282j,3.227998
0.750632-0.039024j,-0.309853-1.536747j,0.359761+0.005398j,3.228829
0.750930-0.038801j,-0.309892-1.536925j,0.359816+0.005514j,3.229661
0.751228-0.038578j,-0.309931-1.537103j,0.359870+0.005629j,3.230493
0.751526-0.038354j,-0.309970-1.537281j,0.359925+0.005745j,3.231325
0.751824-0.038131j,-0.310009-1.537459j,0.359979+0.005861j,3.232158
0.752121-0.037907j,-0.310048-1.537637j,0.360034+0.005976j,3.232990
0.752419-0.037683j,-0.310087-1.537815j,0.360088+0.006092j,3.233823
0.752717-0.037459j,-0.310126-1.537993j,0.360143+0.006208j,3.234656
0.753015-0.037235j,-0.310166-1.538171j,0.360198+0.006324j,3.235489
0.753313-0.037010j,-0.310205-1.538349j,0.360252+0.006440j,3.236322
0.753612-0.036786j,-0.310245-1.538526j,0.360306+0.006556j,3.237155
0.753910-0.036561j,-0.310284-1.538704j,0.360361+0.006672j,3.237988
0.754208-0.036336j,-0.310324-1.538882j,0.360415+0.006788j,3.238822
0.754506-0.036111j,-0.310364-1.539059j,0.360470+0.006904j,3.239656
0.754805-0.035886j,-0.310404-1.539237j,0.360524+0.007020j,3.240489
0.755103-0.035660j,-0.310443-1.539414j,0.360579+0.007136j,3.241323
0.755401-0.035434j,-0.310483-1.539591j,0.360633+0.007252j,3.242158
0.755700-0.035209j,-0.310523-1.539769j,0.360688+0.007368j,3.242992
0.755998-0.034982j,-0.310563-1.539946j,0.360742+0.007484j,3.243826
0.756297-0.034756j,-0.310603-1.540123j,0.360797+0.007601j,3.244661
0.756595-0.034530j,-0.310644-1.540300j,0.360851+0.007717j,3.245496
0.756894-0.034303j,-0.310684-1.540478j,0.360905+0.007833j,3.246331
0.757192-0.034077j,-0.310724-1.540655j,0.360960+0.007950j,3.247166
0.757491-0.033850j,-0.310765-1.540832j,0.361014+0.008066j,3.248001
0.757790-0.033622j,-0.310805-1.541009j,0.361069+0.008183j,3.248836
0.758088-0.033395j,-0.310846-1.541186j,0.361123+0.008299j,3.249672
0.758387-0.033168j,-0.310886-1.541363j,0.361177+0.008416j,3.250507
0.758686-0.032940j,-0.310927-1.541540j,0.361232+0.008532j,3.251343
0.758985-0.032712j,-0.310967-1.541716j,0.361286+0.008649j,3.252179
0.759284-0.032484j,-0.311008-1.541893j,0.361340+0.008765j,3.253015
0.759583-0.032256j,-0.311049-1.542070j,0.361395+0.008882j,3.253852
0.759882-0.032027j,-0.311090-1.542247j,0.361449+0.008999j,3.254688
0.760181-0.031799j,-0.311131-1.542423j,0.361503+0.009116j,3.255525
0.760480-0.031570j,-0.311172-1.542600j,0.361558+0.009232j,3.256361
0.760779-0.031341j,-0.311213-1.542776j,0.361612+0.009349j,3.257198
0.761078-0.031112j,-0.311254-1.542953j,0.361666+0.009466j,3.258035
0.761377-0.030883j,-0.311296-1.543129j,0.361720+0.009583j,3.258873
0.761677-0.030653j,-0.311337-1.543306j,0.361775+0.009700j,3.259710
0.761976-0.030424j,-0.311378-1.543482j,0.361829+0.009817j,3.260547
0.762275-0.030194j,-0.311420-1.543658j,0.361883+0.009934j,3.261385
0.762575-0.029964j,-0.311461-1.543835j,0.361937+0.010051j,3.262223
0.762874-0.029733j,-0.311503-1.544011j,0.361992+0.010168j,3.263061
0.763174-0.029503j,-0.311544-1.544187j,0.362046+0.010285j,3.263899
0.763473-0.029272j,-0.311586-1.544363j,0.362100+0.010402j,3.264737
0.763773-0.029042j,-0.311628-1.544539j,0.362154+0.010520j,3.265576
0.764072-0.028811j,-0.311670-1.544715j,0.362208+0.010637j,3.266414
0.764372-0.028580j,-0.311712-1.544891j,0.362263+0.010754j,3.267253
0.764671-0.028348j,-0.311754-1.545067j,0.362317+0.010872j,3.268092
0.764971-0.028117j,-0.311796-1.545243j,0.362371+0.010989j,3.268931
0.765271-0.027885j,-0.311838-1.545419j,0.362425+0.011106j,3.269770
0.765571-0.027653j,-0.311880-1.545595j,0.362479+0.011224j,3.270609
0.765870-0.027421j,-0.311922-1.545770j,0.362534+0.011341j,3.271449
0.766170-0.027189j,-0.311964-1.545946j,0.362588+0.011459j,3.272288
0.766470-0.026957j,-0.312007-1.546122j,0.362642+0.011576j,3.273128
0.766770-0.026724j,-0.312049-1.546297j,0.362696+0.011694j,3.273968
0.767070-0.026491j,-0.312092-1.546473j,0.362750+0.011812j,3.274808
0.767370-0.026258j,-0.312134-1.546648j,0.362804+0.011929j,3.275648
0.767670-0.026025j,-0.312177-1.546824j,0.362858+0.012047j,3.276489
0.767970-0.025792j,-0.312220-1.546999j,0.362912+0.012165j,3.277329
0.768270-0.025558j,-0.312262-1.547175j,0.362966+0.012283j,3.278170
0.768571-0.025325j,-0.312305-1.547350j,0.363020+0.012400j,3.279011
0.768871-0.025091j,-0.312348-1.547525j,0.363075+0.012518j,3.279852
0.769171-0.024857j,-0.312391-1.547700j,0.363129+0.012636j,3.280693
0.769471-0.024622j,-0.312434-1.547876j,0.363183+0.012754j,3.281534
0.769772-0.024388j,-0.312477-1.548051j,0.363237+0.012872j,3.282376
0.770072-0.024153j,-0.312520-1.548226j,0.363291+0.012990j,3.283217
0.770373-0.023918j,-0.312564-1.548401j,0.363345+0.013108j,3.284059
0.770673-0.023684j,-0.312607-1.548576j,0.363399+0.013226j,3.284901
0.770974-0.023448j,-0.312650-1.548751j,0.363453+0.013344j,3.285743
0.771274-0.023213j,-0.312694-1.548926j,0.363507+0.013463j,3.286585
0.771575-0.022977j,-0.312737-1.549101j,0.363561+0.013581j,3.287428
0.771875-0.022742j,-0.312781-1.549276j,0.363615+0.013699j,3.288270
0.772176-0.022506j,-0.312824-1.549450j,0.363669+0.013817j,3.289113
0.772477-0.022270j,-0.312868-1.549625j,0.363722+0.013936j,3.289956
0.772777-0.022033j,-0.312912-1.549800j,0.363776+0.014054j,3.290799
0.773078-0.021797j,-0.312955-1.549974j,0.363830+0.014173j,3.291642
0.773379-0.021560j,-0.312999-1.550149j,0.363884+0.014291j,3.292485
0.773680-0.021323j,-0.313043-1.550324j,0.363938+0.014409j,3.293328
0.773981-0.021086j,-0.313087-1.550498j,0.363992+0.014528j,3.294172
0.774282-0.020849j,-0.313131-1.550673j,0.364046+0.014647j,3.295016
0.774583-0.020612j,-0.313175-1.550847j,0.364100+0.014765j,3.295860
0.774884-0.020374j,-0.313220-1.551021j,0.364154+0.014884j,3.296704
0.775185-0.020137j,-0.313264-1.551196j,0.364208+0.015003j,3.297548
0.775486-0.019899j,-0.313308-1.551370j,0.364261+0.015121j,3.298392
0.775787-0.019660j,-0.313353-1.551544j,0.364315+0.015240j,3.299237
0.776088-0.019422j,-0.313397-1.551719j,0.364369+0.015359j,3.300081
0.776389-0.019184j,-0.313442-1.551893j,0.364423+0.015478j,3.300926
0.776691-0.018945j,-0.313486-1.552067j,0.364477+0.015597j,3.301771
0.776992-0.018706j,-0.313531-1.552241j,0.364531+0.015716j,3.302616
0.777293-0.018467j,-0.313575-1.552415j,0.364584+0.015834j,3.303461
0.777595-0.018228j,-0.313620-1.552589j,0.364638+0.015953j,3.304307
0.777896-0.017988j,-0.313665-1.552763j,0.364692+0.016073j,3.305152
0.778197-0.017749j,-0.313710-1.552937j,0.364746+0.016192j,3.305998
0.778499-0.017509j,-0.313755-1.553111j,0.364799+0.016311j,3.306844
0.778800-0.017269j,-0.313800-1.553285j,0.364853+0.016430j,3.307690
0.779102-0.017029j,-0.313845-1.553458j,0.364907+0.016549j,3.308536
0.779404-0.016788j,-0.313890-1.553632j,0.364961+0.016668j,3.309383
0.779705-0.016548j,-0.313935-1.553806j,0.365014+0.016788j,3.310229
0.780007-0.016307j,-0.313981-1.553979j,0.365068+0.016907j,3.311076
0.780309-0.016066j,-0.314026-1.554153j,0.365122+0.017026j,3.311922
0.780610-0.015825j,-0.314071-1.554326j,0.365175+0.017146j,3.312769
0.780912-0.015584j,-0.314117-1.554500j,0.365229+0.017265j,3.313616
0.781214-0.015342j,-0.314162-1.554673j,0.365283+0.017385j,3.314464
0.781516-0.015100j,-0.314208-1.554847j,0.365336+0.017504j,3.315311
0.781818-0.014859j,-0.314254-1.555020j,0.365390+0.017624j,3.316159
0.782120-0.014616j,-0.314299-1.555194j,0.365444+0.017743j,3.317006
0.782422-0.014374j,-0.314345-1.555367j,0.365497+0.017863j,3.317854
0.782724-0.014132j,-0.314391-1.555540j,0.365551+0.017983j,3.318702
0.783026-0.013889j,-0.314437-1.555713j,0.365604+0.018102j,3.319550
0.783328-0.013646j,-0.314483-1.555887j,0.365658+0.018222j,3.320399
0.783630-0.013403j,-0.314529-1.556060j,0.365712+0.018342j,3.321247
0.783932-0.013160j,-0.314575-1.556233j,0.365765+0.018462j,3.322096
0.784234-0.012917j,-0.314621-1.556406j,0.365819+0.018582j,3.322944
0.784537-0.012673j,-0.314668-1.556579j,0.365872+0.018702j,3.323793
0.784839-0.012430j,-0.314714-1.556752j,0.365926+0.018822j,3.324642
0.785141-0.012186j,-0.314760-1.556925j,0.365979+0.018942j,3.325492
0.785443-0.011941j,-0.314807-1.557097j,0.366033+0.019062j,3.326341
0.785746-0.011697j,-0.314853-1.557270j,0.366086+0.019182j,3.327191
0.786048-0.011453j,-0.314900-1.557443j,0.366140+0.019302j,3.328040
0.786351-0.011208j,-0.314946-1.557616j,0.366193+0.019422j,3.328890
0.786653-0.010963j,-0.314993-1.557788j,0.366247+0.019542j,3.329740
0.786956-0.010718j,-0.315040-1.557961j,0.366300+0.019662j,3.330590
0.787258-0.010473j,-0.315087-1.558134j,0.366354+0.019783j,3.331441
0.787561-0.010227j,-0.315133-1.558306j,0.366407+0.019903j,3.332291
0.787864-0.009982j,-0.315180-1.558479j,0.366461+0.020023j,3.333142
0.788166-0.009736j,-0.315227-1.558651j,0.366514+0.020144j,3.333992
0.788469-0.009490j,-0.315274-1.558824j,0.366567+0.020264j,3.334843
0.788772-0.009244j,-0.315322-1.558996j,0.366621+0.020385j,3.335694
0.789075-0.008997j,-0.315369-1.559169j,0.366674+0.020505j,3.336545
0.789378-0.008751j,-0.315416-1.559341j,0.366728+0.020626j,3.337397
0.789680-0.008504j,-0.315463-1.559513j,0.366781+0.020746j,3.338248
0.789983-0.008257j,-0.315511-1.559685j,0.366834+0.020867j,3.339100
0.790286-0.008010j,-0.315558-1.559858j,0.366888+0.020988j,3.339952
0.790589-0.007762j,-0.315606-1.560030j,0.366941+0.021108j,3.340804
0.790892-0.007515j,-0.315653-1.560202j,0.366994+0.021229j,3.341656
0.791195-0.007267j,-0.315701-1.560374j,0.367048+0.021350j,3.342508
0.791498-0.007019j,-0.315749-1.560546j,0.367101+0.021471j,3.343361
0.791802-0.006771j,-0.315796-1.560718j,0.367154+0.021592j,3.344213
0.792105-0.006523j,-0.315844-1.560890j,0.367208+0.021713j,3.345066
0.792408-0.006274j,-0.315892-1.561062j,0.367261+0.021834j,3.345919
0.792711-0.006026j,-0.315940-1.561234j,0.367314+0.021955j,3.346772
0.793015-0.005777j,-0.315988-1.561405j,0.367367+0.022076j,3.347625
0.793318-0.005528j,-0.316036-1.561577j,0.367421+0.022197j,3.348478
0.793621-0.005278j,-0.316084-1.561749j,0.367474+0.022318j,3.349332
0.793925-0.005029j,-0.316132-1.561921j,0.367527+0.022439j,3.350186
0.794228-0.004779j,-0.316181-1.562092j,0.367580+0.022560j,3.351039
0.794531-0.004530j,-0.316229-1.562264j,0.367633+0.022682j,3.351893
0.794835-0.004280j,-0.316277-1.562435j,0.367687+0.022803j,3.352747
0.795139-0.004029j,-0.316326-1.562607j,0.367740+0.022924j,3.353602
0.795442-0.003779j,-0.316374-1.562778j,0.367793+0.023046j,3.354456
0.795746-0.003528j,-0.316423-1.562950j,0.367846+0.023167j,3.355311
0.796049-0.003278j,-0.316471-1.563121j,0.367899+0.023288j,3.356165
0.796353-0.003027j,-0.316520-1.563293j,0.367952+0.023410j,3.357020
0.796657-0.002775j,-0.316569-1.563464j,0.368005+0.023532j,3.357875
0.796960-0.002524j,-0.316618-1.563635j,0.368058+0.023653j,3.358731
0.797264-0.002273j,-0.316667-1.563806j,0.368112+0.023775j,3.359586
0.797568-0.002021j,-0.316715-1.563978j,0.368165+0.023896j,3.360441
0.797872-0.001769j,-0.316764-1.564149j,0.368218+0.024018j,3.361297
0.798176-0.001517j,-0.316814-1.564320j,0.368271+0.024140j,3.362153
0.798480-0.001264j,-0.316863-1.564491j,0.368324+0.024262j,3.363009
0.798784-0.001012j,-0.316912-1.564662j,0.368377+0.024383j,3.363865
0.799088-0.000759j,-0.316961-1.564833j,0.368430+0.024505j,3.364721
0.799392-0.000506j,-0.317010-1.565004j,0.368483+0.024627j,3.365578
0.799696-0.000253j,-0.317060-1.565175j,0.368536+0.024749j,3.366434
0.800000+0.000000j,-0.317109-1.565346j,0.368589+0.024871j,3.367291
