0.800000+0.000000j,-0.704018+0.329701j,0.368589+0.024871j,0.000000
0.799661-0.000281j,-0.704104+0.329509j,0.368529+0.024736j,0.000614
0.799321-0.000561j,-0.704190+0.329317j,0.368470+0.024600j,0.001228
0.798982-0.000841j,-0.704276+0.329125j,0.368410+0.024465j,0.001842
0.798643-0.001121j,-0.704362+0.328932j,0.368351+0.024329j,0.002457
0.798303-0.001401j,-0.704448+0.328740j,0.368291+0.024194j,0.003071
0.797964-0.001680j,-0.704534+0.328547j,0.368232+0.024059j,0.003685
0.797625-0.001960j,-0.704620+0.328354j,0.368172+0.023923j,0.004299
0.797286-0.002239j,-0.704706+0.328161j,0.368113+0.023788j,0.004913
0.796947-0.002517j,-0.704792+0.327968j,0.368053+0.023653j,0.005528
0.796608-0.002796j,-0.704878+0.327775j,0.367994+0.023518j,0.006142
0.796269-0.003074j,-0.704964+0.327582j,0.367934+0.023383j,0.006756
0.795930-0.003352j,-0.705050+0.327389j,0.367875+0.023248j,0.007370
0.795591-0.003630j,-0.705136+0.327196j,0.367815+0.023113j,0.007984
0.795252-0.003908j,-0.705222+0.327002j,0.367755+0.022978j,0.008599
0.794913-0.004185j,-0.705308+0.326809j,0.367696+0.022843j,0.009213
0.794575-0.004462j,-0.705394+0.326615j,0.367636+0.022708j,0.009827
0.794236-0.004739j,-0.705479+0.326421j,0.367576+0.022574j,0.010441
0.793897-0.005015j,-0.705565+0.326227j,0.367517+0.022439j,0.011056
0.793559-0.005292j,-0.705651+0.326033j,0.367457+0.022304j,0.011670
0.793220-0.005568j,-0.705737+0.325839j,0.367397+0.022170j,0.012284
0.792882-0.005844j,-0.705822+0.325645j,0.367338+0.022035j,0.012898
0.792543-0.006120j,-0.705908+0.325451j,0.367278+0.021901j,0.013513
0.792205-0.006395j,-0.705994+0.325257j,0.367218+0.021766j,0.014127
0.791866-0.006670j,-0.706079+0.325062j,0.367158+0.021632j,0.014741
0.791528-0.006945j,-0.706165+0.324867j,0.367099+0.021498j,0.015356
0.791190-0.007220j,-0.706250+0.324673j,0.367039+0.021363j,0.015970
0.790852-0.007494j,-0.706336+0.324478j,0.366979+0.021229j,0.016584
0.790513-0.007769j,-0.706421+0.324283j,0.366919+0.021095j,0.017198
0.790175-0.008043j,-0.706507+0.324088j,0.366859+0.020961j,0.017813
0.789837-0.008317j,-0.706592+0.323893j,0.366800+0.020827j,0.018427
0.789499-0.008590j,-0.706678+0.323698j,0.366740+0.020693j,0.019041
0.789161-0.008863j,-0.706763+0.323503j,0.366680+0.020559j,0.019656
0.788823-0.009137j,-0.706849+0.323307j,0.366620+0.020425j,0.020270
0.788485-0.009409j,-0.706934+0.323112j,0.366560+0.020291j,0.020884
0.788148-0.009682j,-0.707019+0.322916j,0.366500+0.020157j,0.021499
0.787810-0.009954j,-0.707105+0.322720j,0.366440+0.020023j,0.022113
0.787472-0.010227j,-0.707190+0.322525j,0.366380+0.019890j,0.022727
0.787134-0.010498j,-0.707275+0.322329j,0.366320+0.019756j,0.023342
0.786797-0.010770j,-0.707360+0.322133j,0.366260+0.019622j,0.023956
0.786459-0.011042j,-0.707445+0.321936j,0.366200+0.019489j,0.024570
0.786122-0.011313j,-0.707531+0.321740j,0.366140+0.019355j,0.025185
0.785784-0.011584j,-0.707616+0.321544j,0.366080+0.019222j,0.025799
0.785447-0.011855j,-0.707701+0.321347j,0.366020+0.019088j,0.026413
0.785109-0.012125j,-0.707786+0.321151j,0.365960+0.018955j,0.027028
0.784772-0.012395j,-0.707871+0.320954j,0.365900+0.018822j,0.027642
0.784435-0.012665j,-0.707956+0.320758j,0.365840+0.018688j,0.028256
0.784097-0.012935j,-0.708041+0.320561j,0.365780+0.018555j,0.028871
0.783760-0.013205j,-0.708126+0.320364j,0.365720+0.018422j,0.029485
0.783423-0.013474j,-0.708211+0.320167j,0.365660+0.018289j,0.030100
0.783086-0.013743j,-0.708296+0.319970j,0.365600+0.018156j,0.030714
0.782749-0.014012j,-0.708381+0.319772j,0.365540+0.018023j,0.031328
0.782412-0.014281j,-0.708466+0.319575j,0.365480+0.017890j,0.031943
0.782075-0.014549j,-0.708551+0.319377j,0.365420+0.017757j,0.032557
0.781738-0.014817j,-0.708636+0.319180j,0.365360+0.017624j,0.033172
0.781401-0.015085j,-0.708720+0.318982j,0.365299+0.017491j,0.033786
0.781064-0.015353j,-0.708805+0.318784j,0.365239+0.017358j,0.034400
0.780727-0.015621j,-0.708890+0.318587j,0.365179+0.017225j,0.035015
0.780391-0.015888j,-0.708975+0.318389j,0.365119+0.017093j,0.035629
0.780054-0.016155j,-0.709059+0.318190j,0.365059+0.016960j,0.036244
0.779717-0.016422j,-0.709144+0.317992j,0.364998+0.016827j,0.036858
0.779381-0.016688j,-0.709229+0.317794j,0.364938+0.016695j,0.037472
0.779044-0.016955j,-0.709313+0.317595j,0.364878+0.016562j,0.038087
0.778708-0.017221j,-0.709398+0.317397j,0.364818+0.016430j,0.038701
0.778371-0.017487j,-0.709482+0.317198j,0.364757+0.016298j,0.039316
0.778035-0.017752j,-0.709567+0.317000j,0.364697+0.016165j,0.039930
0.777698-0.018018j,-0.709651+0.316801j,0.364637+0.016033j,0.040545
0.777362-0.018283j,-0.709736+0.316602j,0.364577+0.015901j,0.041159
0.777026-0.018548j,-0.709820+0.316403j,0.364516+0.015769j,0.041773
0.776690-0.018813j,-0.709905+0.316204j,0.364456+0.015636j,0.042388
0.776354-0.019077j,-0.709989+0.316004j,0.364396+0.015504j,0.043002
0.776018-0.019341j,-0.710073+0.315805j,0.364335+0.015372j,0.043617
0.775682-0.019605j,-0.710158+0.315606j,0.364275+0.015240j,0.044231
0.775346-0.019869j,-0.710242+0.315406j,0.364215+0.015108j,0.044846
0.775010-0.020133j,-0.710326+0.315206j,0.364154+0.014976j,0.045460
0.774674-0.020396j,-0.710411+0.315007j,0.364094+0.014845j,0.046075
0.774338-0.020659j,-0.710495+0.314807j,0.364033+0.014713j,0.046689
0.774002-0.020922j,-0.710579+0.314607j,0.363973+0.014581j,0.047304
0.773666-0.021185j,-0.710663+0.314407j,0.363912+0.014449j,0.047918
0.773331-0.021447j,-0.710747+0.314206j,0.363852+0.014318j,0.048533
0.772995-0.021709j,-0.710832+0.314006j,0.363792+0.014186j,0.049147
0.772659-0.021971j,-0.710916+0.313806j,0.363731+0.014054j,0.049761
0.772324-0.022233j,-0.711000+0.313605j,0.363671+0.013923j,0.050376
0.771988-0.022495j,-0.711084+0.313405j,0.363610+0.013791j,0.050990
0.771653-0.022756j,-0.711168+0.313204j,0.363550+0.013660j,0.051605
0.771318-0.023017j,-0.711252+0.313003j,0.363489+0.013529j,0.052219
0.770982-0.023278j,-0.711336+0.312802j,0.363429+0.013397j,0.052834
0.770647-0.023538j,-0.711420+0.312601j,0.363368+0.013266j,0.053448
0.770312-0.023799j,-0.711503+0.312400j,0.363308+0.013135j,0.054063
0.769977-0.024059j,-0.711587+0.312199j,0.363247+0.013004j,0.054677
0.769641-0.024319j,-0.711671+0.311997j,0.363186+0.012873j,0.055292
0.769306-0.024579j,-0.711755+0.311796j,0.363126+0.012741j,0.055906
0.768971-0.024838j,-0.711839+0.311594j,0.363065+0.012610j,0.056521
0.768636-0.025097j,-0.711922+0.311392j,0.363005+0.012479j,0.057135
0.768301-0.025356j,-0.712006+0.311191j,0.362944+0.012348j,0.057750
0.767967-0.025615j,-0.712090+0.310989j,0.362883+0.012218j,0.058364
0.767632-0.025874j,-0.712174+0.310787j,0.362823+0.012087j,0.058979
0.767297-0.026132j,-0.712257+0.310585j,0.362762+0.011956j,0.059593
0.766962-0.026390j,-0.712341+0.310382j,0.362701+0.011825j,0.060208
0.766628-0.026648j,-0.712424+0.310180j,0.362641+0.011695j,0.060822
0.766293-0.026905j,-0.712508+0.309978j,0.362580+0.011564j,0.061437
0.765958-0.027163j,-0.712591+0.309775j,0.362519+0.011433j,0.062051
0.765624-0.027420j,-0.712675+0.309573j,0.362459+0.011303j,0.062666
0.765289-0.027677j,-0.712758+0.309370j,0.362398+0.011172j,0.063280
0.764955-0.027934j,-0.712842+0.309167j,0.362337+0.011042j,0.063895
0.764621-0.028190j,-0.712925+0.308964j,0.362277+0.010911j,0.064510
0.764286-0.028447j,-0.713008+0.308761j,0.362216+0.010781j,0.065124
0.763952-0.028703j,-0.713092+0.308558j,0.362155+0.010651j,0.065739
0.763618-0.028958j,-0.713175+0.308354j,0.362094+0.010520j,0.066353
0.763284-0.029214j,-0.713258+0.308151j,0.362034+0.010390j,0.066968
0.762950-0.029469j,-0.713342+0.307948j,0.361973+0.010260j,0.067582
0.762616-0.029725j,-0.713425+0.307744j,0.361912+0.010130j,0.068197
0.762282-0.029980j,-0.713508+0.307540j,0.361851+0.010000j,0.068811
0.761948-0.030234j,-0.713591+0.307336j,0.361790+0.009870j,0.069426
0.761614-0.030489j,-0.713674+0.307132j,0.361730+0.009740j,0.070040
0.761280-0.030743j,-0.713757+0.306928j,0.361669+0.009610j,0.070655
0.760946-0.030997j,-0.713840+0.306724j,0.361608+0.009480j,0.071269
0.760612-0.031251j,-0.713924+0.306520j,0.361547+0.009350j,0.071884
0.760279-0.031504j,-0.714007+0.306316j,0.361486+0.009220j,0.072498
0.759945-0.031758j,-0.714089+0.306111j,0.361425+0.009091j,0.073113
0.759612-0.032011j,-0.714172+0.305907j,0.361364+0.008961j,0.073727
0.759278-0.032264j,-0.714255+0.305702j,0.361303+0.008831j,0.074342
0.758945-0.032516j,-0.714338+0.305497j,0.361243+0.008702j,0.074957
0.758611-0.032769j,-0.714421+0.305292j,0.361182+0.008572j,0.075571
0.758278-0.033021j,-0.714504+0.305087j,0.361121+0.008443j,0.076186
0.757945-0.033273j,-0.714587+0.304882j,0.361060+0.008313j,0.076800
0.757611-0.033525j,-0.714669+0.304677j,0.360999+0.008184j,0.077415
0.757278-0.033776j,-0.714752+0.304472j,0.360938+0.008054j,0.078029
0.756945-0.034028j,-0.714835+0.304266j,0.360877+0.007925j,0.078644
0.756612-0.034279j,-0.714918+0.304061j,0.360816+0.007796j,0.079258
0.756279-0.034530j,-0.715000+0.303855j,0.360755+0.007666j,0.079873
0.755946-0.034781j,-0.715083+0.303649j,0.360694+0.007537j,0.080487
0.755613-0.035031j,-0.715165+0.303443j,0.360633+0.007408j,0.081102
0.755280-0.035281j,-0.715248+0.303237j,0.360572+0.007279j,0.081716
0.754947-0.035531j,-0.715330+0.303031j,0.360511+0.007150j,0.082331
0.754614-0.035781j,-0.715413+0.302825j,0.360450+0.007021j,0.082946
0.754282-0.036030j,-0.715495+0.302619j,0.360389+0.006892j,0.083560
0.753949-0.036280j,-0.715578+0.302412j,0.360328+0.006763j,0.084175
0.753616-0.036529j,-0.715660+0.302206j,0.360267+0.006634j,0.084789
0.753284-0.036778j,-0.715742+0.301999j,0.360206+0.006506j,0.085404
0.752951-0.037026j,-0.715825+0.301792j,0.360145+0.006377j,0.086018
0.752619-0.037275j,-0.715907+0.301585j,0.360084+0.006248j,0.086633
0.752286-0.037523j,-0.715989+0.301378j,0.360022+0.006119j,0.087247
0.751954-0.037771j,-0.716072+0.301171j,0.359961+0.005991j,0.087862
0.751622-0.038019j,-0.716154+0.300964j,0.359900+0.005862j,0.088476
0.751290-0.038266j,-0.716236+0.300757j,0.359839+0.005734j,0.089091
0.750957-0.038514j,-0.716318+0.300549j,0.359778+0.005605j,0.089706
0.750625-0.038761j,-0.716400+0.300342j,0.359717+0.005477j,0.090320
0.750293-0.039008j,-0.716482+0.300134j,0.359656+0.005348j,0.090935
0.749961-0.039254j,-0.716564+0.299927j,0.359595+0.005220j,0.091549
0.749629-0.039501j,-0.716646+0.299719j,0.359533+0.005092j,0.092164
0.749297-0.039747j,-0.716728+0.299511j,0.359472+0.004963j,0.092778
0.748965-0.039993j,-0.716810+0.299303j,0.359411+0.004835j,0.093393
0.748634-0.040239j,-0.716892+0.299095j,0.359350+0.004707j,0.094007
0.748302-0.040484j,-0.716974+0.298886j,0.359289+0.004579j,0.094622
0.747970-0.040730j,-0.717056+0.298678j,0.359227+0.004451j,0.095236
0.747639-0.040975j,-0.717138+0.298469j,0.359166+0.004323j,0.095851
0.747307-0.041220j,-0.717219+0.298261j,0.359105+0.004195j,0.096465
0.746975-0.041465j,-0.717301+0.298052j,0.359044+0.004067j,0.097080
0.746644-0.041709j,-0.717383+0.297843j,0.358982+0.003939j,0.097694
0.746313-0.041953j,-0.717464+0.297634j,0.358921+0.003811j,0.098309
0.745981-0.042197j,-0.717546+0.297425j,0.358860+0.003683j,0.098924
0.745650-0.042441j,-0.717628+0.297216j,0.358799+0.003556j,0.099538
0.745319-0.042685j,-0.717709+0.297007j,0.358737+0.003428j,0.100153
0.744987-0.042928j,-0.717791+0.296797j,0.358676+0.003300j,0.100767
0.744656-0.043171j,-0.717872+0.296588j,0.358615+0.003173j,0.101382
0.744325-0.043414j,-0.717954+0.296378j,0.358553+0.003045j,0.101996
0.743994-0.043657j,-0.718035+0.296169j,0.358492+0.002917j,0.102611
0.743663-0.043899j,-0.718117+0.295959j,0.358431+0.002790j,0.103225
0.743332-0.044142j,-0.718198+0.295749j,0.358369+0.002663j,0.103840
0.743001-0.044384j,-0.718279+0.295539j,0.358308+0.002535j,0.104454
0.742671-0.044625j,-0.718361+0.295329j,0.358247+0.002408j,0.105069
0.742340-0.044867j,-0.718442+0.295118j,0.358185+0.002280j,0.105683
0.742009-0.045108j,-0.718523+0.294908j,0.358124+0.002153j,0.106298
0.741678-0.045350j,-0.718604+0.294697j,0.358063+0.002026j,0.106912
0.741348-0.045591j,-0.718686+0.294487j,0.358001+0.001899j,0.107527
0.741017-0.045831j,-0.718767+0.294276j,0.357940+0.001772j,0.108141
0.740687-0.046072j,-0.718848+0.294065j,0.357879+0.001645j,0.108756
0.740356-0.046312j,-0.718929+0.293854j,0.357817+0.001518j,0.109370
0.740026-0.046552j,-0.719010+0.293643j,0.357756+0.001391j,0.109985
0.739696-0.046792j,-0.719091+0.293432j,0.357694+0.001264j,0.110599
0.739365-0.047032j,-0.719172+0.293221j,0.357633+0.001137j,0.111214
0.739035-0.047271j,-0.719253+0.293010j,0.357571+0.001010j,0.111828
0.738705-0.047510j,-0.719334+0.292798j,0.357510+0.000883j,0.112443
0.738375-0.047749j,-0.719415+0.292586j,0.357449+0.000756j,0.113057
0.738045-0.047988j,-0.719496+0.292375j,0.357387+0.000630j,0.113672
0.737715-0.048227j,-0.719576+0.292163j,0.357326+0.000503j,0.114286
0.737385-0.048465j,-0.719657+0.291951j,0.357264+0.000376j,0.114901
0.737055-0.048703j,-0.719738+0.291739j,0.357203+0.000250j,0.115515
0.736725-0.048941j,-0.719819+0.291527j,0.357141+0.000123j,0.116130
0.736396-0.049179j,-0.719899+0.291314j,0.357080-0.000003j,0.116744
0.736066-0.049416j,-0.719980+0.291102j,0.357018-0.000130j,0.117359
0.735736-0.049653j,-0.720060+0.290890j,0.356957-0.000256j,0.117973
0.735407-0.049890j,-0.720141+0.290677j,0.356895-0.000382j,0.118588
0.735077-0.050127j,-0.720222+0.290464j,0.356834-0.000509j,0.119202
0.734748-0.050364j,-0.720302+0.290251j,0.356772-0.000635j,0.119817
0.734418-0.050600j,-0.720382+0.290038j,0.356710-0.000761j,0.120431
0.734089-0.050836j,-0.720463+0.289825j,0.356649-0.000888j,0.121046
0.733760-0.051072j,-0.720543+0.289612j,0.356587-0.001014j,0.121660
0.733430-0.051308j,-0.720624+0.289399j,0.356526-0.001140j,0.122275
0.733101-0.051544j,-0.720704+0.289185j,0.356464-0.001266j,0.122889
0.732772-0.051779j,-0.720784+0.288972j,0.356403-0.001392j,0.123503
0.732443-0.052014j,-0.720864+0.288758j,0.356341-0.001518j,0.124118
0.732114-0.052249j,-0.720945+0.288545j,0.356279-0.001644j,0.124732
0.731785-0.052484j,-0.721025+0.288331j,0.356218-0.001770j,0.125347
0.731456-0.052718j,-0.721105+0.288117j,0.356156-0.001895j,0.125961
0.731127-0.052952j,-0.721185+0.287903j,0.356095-0.002021j,0.126576
0.730799-0.053186j,-0.721265+0.287689j,0.356033-0.002147j,0.127190
0.730470-0.053420j,-0.721345+0.287474j,0.355971-0.002273j,0.127805
0.730141-0.053654j,-0.721425+0.287260j,0.355910-0.002398j,0.128419
0.729813-0.053887j,-0.721505+0.287045j,0.355848-0.002524j,0.129033
0.729484-0.054120j,-0.721585+0.286831j,0.355786-0.002649j,0.129648
0.729156-0.054353j,-0.721665+0.286616j,0.355725-0.002775j,0.130262
0.728827-0.054586j,-0.721745+0.286401j,0.355663-0.002900j,0.130877
0.728499-0.054819j,-0.721825+0.286186j,0.355601-0.003026j,0.131491
0.728170-0.055051j,-0.721904+0.285971j,0.355540-0.003151j,0.132106
0.727842-0.055283j,-0.721984+0.285756j,0.355478-0.003277j,0.132720
0.727514-0.055515j,-0.722064+0.285540j,0.355416-0.003402j,0.133334
0.727186-0.055747j,-0.722144+0.285325j,0.355355-0.003527j,0.133949
0.726858-0.055978j,-0.722223+0.285109j,0.355293-0.003652j,0.134563
0.726530-0.056209j,-0.722303+0.284894j,0.355231-0.003778j,0.135178
0.726202-0.056440j,-0.722382+0.284678j,0.355169-0.003903j,0.135792
0.725874-0.056671j,-0.722462+0.284462j,0.355108-0.004028j,0.136406
0.725546-0.056902j,-0.722541+0.284246j,0.355046-0.004153j,0.137021
0.725218-0.057132j,-0.722621+0.284030j,0.354984-0.004278j,0.137635
0.724890-0.057362j,-0.722700+0.283814j,0.354923-0.004403j,0.138250
0.724563-0.057592j,-0.722780+0.283597j,0.354861-0.004528j,0.138864
0.724235-0.057822j,-0.722859+0.283381j,0.354799-0.004653j,0.139478
0.723908-0.058052j,-0.722938+0.283164j,0.354737-0.004778j,0.140093
0.723580-0.058281j,-0.723017+0.282947j,0.354675-0.004902j,0.140707
0.723253-0.058510j,-0.723097+0.282731j,0.354614-0.005027j,0.141321
0.722925-0.058739j,-0.723176+0.282514j,0.354552-0.005152j,0.141936
0.722598-0.058968j,-0.723255+0.282297j,0.354490-0.005276j,0.142550
0.722271-0.059196j,-0.723334+0.282080j,0.354428-0.005401j,0.143165
0.721943-0.059424j,-0.723413+0.281862j,0.354367-0.005526j,0.143779
0.721616-0.059652j,-0.723492+0.281645j,0.354305-0.005650j,0.144393
0.721289-0.059880j,-0.723571+0.281427j,0.354243-0.005775j,0.145008
0.720962-0.060108j,-0.723650+0.281210j,0.354181-0.005899j,0.145622
0.720635-0.060335j,-0.723729+0.280992j,0.354119-0.006024j,0.146236
0.720308-0.060563j,-0.723808+0.280774j,0.354057-0.006148j,0.146851
0.719981-0.060790j,-0.723887+0.280556j,0.353996-0.006272j,0.147465
0.719655-0.061016j,-0.723966+0.280338j,0.353934-0.006397j,0.148079
0.719328-0.061243j,-0.724045+0.280120j,0.353872-0.006521j,0.148694
0.719001-0.061469j,-0.724123+0.279902j,0.353810-0.006645j,0.149308
0.718674-0.061695j,-0.724202+0.279683j,0.353748-0.006769j,0.149922
0.718348-0.061921j,-0.724281+0.279465j,0.353686-0.006893j,0.150536
0.718021-0.062147j,-0.724359+0.279246j,0.353624-0.007017j,0.151151
0.717695-0.062373j,-0.724438+0.279027j,0.353563-0.007141j,0.151765
0.717369-0.062598j,-0.724516+0.278808j,0.353501-0.007265j,0.152379
0.717042-0.062823j,-0.724595+0.278589j,0.353439-0.007389j,0.152994
0.716716-0.063048j,-0.724673+0.278370j,0.353377-0.007513j,0.153608
0.716390-0.063273j,-0.724752+0.278151j,0.353315-0.007637j,0.154222
0.716064-0.063497j,-0.724830+0.277932j,0.353253-0.007761j,0.154836
0.715738-0.063721j,-0.724909+0.277712j,0.353191-0.007885j,0.155451
0.715412-0.063945j,-0.724987+0.277493j,0.353129-0.008008j,0.156065
0.715086-0.064169j,-0.725065+0.277273j,0.353067-0.008132j,0.156679
0.714760-0.064393j,-0.725144+0.277053j,0.353005-0.008256j,0.157293
0.714434-0.064616j,-0.725222+0.276833j,0.352943-0.008379j,0.157908
0.714108-0.064840j,-0.725300+0.276613j,0.352881-0.008503j,0.158522
0.713782-0.065063j,-0.725378+0.276393j,0.352820-0.008626j,0.159136
0.713457-0.065285j,-0.725456+0.276173j,0.352758-0.008750j,0.159750
0.713131-0.065508j,-0.725534+0.275952j,0.352696-0.008873j,0.160365
0.712805-0.065730j,-0.725612+0.275732j,0.352634-0.008997j,0.160979
0.712480-0.065953j,-0.725690+0.275511j,0.352572-0.009120j,0.161593
0.712155-0.066175j,-0.725768+0.275290j,0.352510-0.009243j,0.162207
0.711829-0.066396j,-0.725846+0.275069j,0.352448-0.009367j,0.162822
0.711504-0.066618j,-0.725924+0.274848j,0.352386-0.009490j,0.163436
0.711179-0.066839j,-0.726002+0.274627j,0.352324-0.009613j,0.164050
0.710853-0.067060j,-0.726079+0.274406j,0.352262-0.009736j,0.164664
0.710528-0.067281j,-0.726157+0.274185j,0.352200-0.009859j,0.165278
0.710203-0.067502j,-0.726235+0.273963j,0.352138-0.009982j,0.165892
0.709878-0.067723j,-0.726313+0.273742j,0.352076-0.010105j,0.166507
0.709553-0.067943j,-0.726390+0.273520j,0.352014-0.010228j,0.167121
0.709228-0.068163j,-0.726468+0.273298j,0.351952-0.010351j,0.167735
0.708904-0.068383j,-0.726545+0.273076j,0.351890-0.010474j,0.168349
0.708579-0.068603j,-0.726623+0.272854j,0.351828-0.010597j,0.168963
0.708254-0.068822j,-0.726700+0.272632j,0.351766-0.010720j,0.169577
0.707929-0.069041j,-0.726778+0.272410j,0.351704-0.010843j,0.170192
0.707605-0.069260j,-0.726855+0.272188j,0.351642-0.010965j,0.170806
0.707280-0.069479j,-0.726932+0.271965j,0.351579-0.011088j,0.171420
0.706956-0.069698j,-0.727010+0.271742j,0.351517-0.011211j,0.172034
0.706631-0.069916j,-0.727087+0.271520j,0.351455-0.011333j,0.172648
0.706307-0.070135j,-0.727164+0.271297j,0.351393-0.011456j,0.173262
0.705983-0.070353j,-0.727241+0.271074j,0.351331-0.011578j,0.173876
0.705659-0.070570j,-0.727318+0.270851j,0.351269-0.011701j,0.174490
0.705334-0.070788j,-0.727396+0.270627j,0.351207-0.011823j,0.175104
0.705010-0.071005j,-0.727473+0.270404j,0.351145-0.011946j,0.175719
0.704686-0.071223j,-0.727550+0.270181j,0.351083-0.012068j,0.176333
0.704362-0.071440j,-0.727627+0.269957j,0.351021-0.012190j,0.176947
0.704038-0.071656j,-0.727704+0.269733j,0.350959-0.012313j,0.177561
0.703715-0.071873j,-0.727780+0.269510j,0.350897-0.012435j,0.178175
0.703391-0.072089j,-0.727857+0.269286j,0.350835-0.012557j,0.178789
0.703067-0.072306j,-0.727934+0.269062j,0.350772-0.012679j,0.179403
0.702743-0.072521j,-0.728011+0.268837j,0.350710-0.012801j,0.180017
0.702420-0.072737j,-0.728088+0.268613j,0.350648-0.012924j,0.180631
0.702096-0.072953j,-0.728164+0.268389j,0.350586-0.013046j,0.181245
0.701773-0.073168j,-0.728241+0.268164j,0.350524-0.013168j,0.181859
0.701449-0.073383j,-0.728318+0.267940j,0.350462-0.013290j,0.182473
0.701126-0.073598j,-0.728394+0.267715j,0.350400-0.013411j,0.183087
0.700803-0.073813j,-0.728471+0.267490j,0.350338-0.013533j,0.183701
0.700479-0.074028j,-0.728547+0.267265j,0.350275-0.013655j,0.184315
0.700156-0.074242j,-0.728624+0.267040j,0.350213-0.013777j,0.184929
0.699833-0.074456j,-0.728700+0.266815j,0.350151-0.013899j,0.185543
0.699510-0.074670j,-0.728776+0.266589j,0.350089-0.014021j,0.186157
0.699187-0.074884j,-0.728853+0.266364j,0.350027-0.014142j,0.186771
0.698864-0.075097j,-0.728929+0.266138j,0.349965-0.014264j,0.187385
0.698541-0.075310j,-0.729005+0.265912j,0.349902-0.014385j,0.187999
0.698219-0.075524j,-0.729081+0.265687j,0.349840-0.014507j,0.188613
0.697896-0.075737j,-0.729158+0.265461j,0.349778-0.014629j,0.189227
0.697573-0.075949j,-0.729234+0.265235j,0.349716-0.014750j,0.189841
0.697251-0.076162j,-0.729310+0.265008j,0.349654-0.014871j,0.190455
0.696928-0.076374j,-0.729386+0.264782j,0.349592-0.014993j,0.191069
0.696606-0.076586j,-0.729462+0.264556j,0.349529-0.015114j,0.191683
0.696283-0.076798j,-0.729538+0.264329j,0.349467-0.015236j,0.192296
0.695961-0.077010j,-0.729614+0.264102j,0.349405-0.015357j,0.192910
0.695638-0.077221j,-0.729689+0.263876j,0.349343-0.015478j,0.193524
0.695316-0.077432j,-0.729765+0.263649j,0.349281-0.015599j,0.194138
0.694994-0.077644j,-0.729841+0.263422j,0.349218-0.015720j,0.194752
0.694672-0.077854j,-0.729917+0.263194j,0.349156-0.015842j,0.195366
0.694350-0.078065j,-0.729992+0.262967j,0.349094-0.015963j,0.195980
0.694028-0.078276j,-0.730068+0.262740j,0.349032-0.016084j,0.196594
0.693706-0.078486j,-0.730144+0.262512j,0.348969-0.016205j,0.197207
0.693384-0.078696j,-0.730219+0.262285j,0.348907-0.016326j,0.197821
0.693062-0.078906j,-0.730295+0.262057j,0.348845-0.016447j,0.198435
0.692741-0.079115j,-0.730370+0.261829j,0.348783-0.016568j,0.199049
0.692419-0.079325j,-0.730446+0.261601j,0.348721-0.016688j,0.199663
0.692097-0.079534j,-0.730521+0.261373j,0.348658-0.016809j,0.200277
0.691776-0.079743j,-0.730596+0.261144j,0.348596-0.016930j,0.200890
0.691454-0.079952j,-0.730672+0.260916j,0.348534-0.017051j,0.201504
0.691133-0.080161j,-0.730747+0.260688j,0.348472-0.017171j,0.202118
0.690811-0.080369j,-0.730822+0.260459j,0.348409-0.017292j,0.202732
0.690490-0.080577j,-0.730897+0.260230j,0.348347-0.017413j,0.203345
0.690169-0.080785j,-0.730972+0.260001j,0.348285-0.017533j,0.203959
0.689848-0.080993j,-0.731047+0.259772j,0.348223-0.017654j,0.204573
0.689527-0.081201j,-0.731122+0.259543j,0.348160-0.017774j,0.205187
0.689206-0.081408j,-0.731197+0.259314j,0.348098-0.017895j,0.205800
0.688885-0.081616j,-0.731272+0.259085j,0.348036-0.018015j,0.206414
0.688564-0.081823j,-0.731347+0.258855j,0.347973-0.018136j,0.207028
0.688243-0.082029j,-0.731422+0.258626j,0.347911-0.018256j,0.207642
0.687922-0.082236j,-0.731497+0.258396j,0.347849-0.018376j,0.208255
0.687601-0.082443j,-0.731572+0.258166j,0.347787-0.018497j,0.208869
0.687281-0.082649j,-0.731646+0.257936j,0.347724-0.018617j,0.209483
0.686960-0.082855j,-0.731721+0.257706j,0.347662-0.018737j,0.210096
0.686640-0.083061j,-0.731796+0.257476j,0.347600-0.018857j,0.210710
0.686319-0.083266j,-0.731870+0.257246j,0.347537-0.018977j,0.211324
0.685999-0.083472j,-0.731945+0.257015j,0.347475-0.019097j,0.211937
0.685678-0.083677j,-0.732019+0.256785j,0.347413-0.019217j,0.212551
0.685358-0.083882j,-0.732094+0.256554j,0.347351-0.019337j,0.213165
0.685038-0.084087j,-0.732168+0.256323j,0.347288-0.019457j,0.213778
0.684718-0.084292j,-0.732243+0.256092j,0.347226-0.019577j,0.214392
0.684398-0.084496j,-0.732317+0.255861j,0.347164-0.019697j,0.215006
0.684078-0.084700j,-0.732391+0.255630j,0.347101-0.019817j,0.215619
0.683758-0.084904j,-0.732465+0.255398j,0.347039-0.019937j,0.216233
0.683438-0.085108j,-0.732540+0.255167j,0.346977-0.020057j,0.216846
0.683118-0.085312j,-0.732614+0.254936j,0.346914-0.020176j,0.217460
0.682798-0.085515j,-0.732688+0.254704j,0.346852-0.020296j,0.218073
0.682478-0.085719j,-0.732762+0.254472j,0.346790-0.020416j,0.218687
0.682159-0.085922j,-0.732836+0.254240j,0.346727-0.020535j,0.219301
0.681839-0.086124j,-0.732910+0.254008j,0.346665-0.020655j,0.219914
0.681520-0.086327j,-0.732984+0.253776j,0.346603-0.020775j,0.220528
0.681200-0.086530j,-0.733058+0.253544j,0.346540-0.020894j,0.221141
0.680881-0.086732j,-0.733132+0.253311j,0.346478-0.021014j,0.221755
0.680562-0.086934j,-0.733205+0.253079j,0.346416-0.021133j,0.222368
0.680242-0.087136j,-0.733279+0.252846j,0.346353-0.021252j,0.222982
0.679923-0.087337j,-0.733353+0.252613j,0.346291-0.021372j,0.223595
0.679604-0.087539j,-0.733426+0.252380j,0.346229-0.021491j,0.224209
0.679285-0.087740j,-0.733500+0.252147j,0.346166-0.021610j,0.224822
0.678966-0.087941j,-0.733574+0.251914j,0.346104-0.021730j,0.225436
0.678647-0.088142j,-0.733647+0.251681j,0.346042-0.021849j,0.226049
0.678328-0.088343j,-0.733720+0.251447j,0.345979-0.021968j,0.226662
0.678009-0.088543j,-0.733794+0.251214j,0.345917-0.022087j,0.227276
0.677691-0.088744j,-0.733867+0.250980j,0.345855-0.022206j,0.227889
0.677372-0.088944j,-0.733941+0.250746j,0.345792-0.022325j,0.228503
0.677053-0.089144j,-0.734014+0.250512j,0.345730-0.022444j,0.229116
0.676735-0.089343j,-0.734087+0.250278j,0.345668-0.022563j,0.229729
0.676416-0.089543j,-0.734160+0.250044j,0.345605-0.022682j,0.230343
0.676098-0.089742j,-0.734233+0.249810j,0.345543-0.022801j,0.230956
0.675780-0.089941j,-0.734306+0.249576j,0.345480-0.022920j,0.231570
0.675461-0.090140j,-0.734380+0.249341j,0.345418-0.023039j,0.232183
0.675143-0.090339j,-0.734453+0.249106j,0.345356-0.023158j,0.232796
0.674825-0.090537j,-0.734525+0.248872j,0.345293-0.023276j,0.233410
0.674507-0.090736j,-0.734598+0.248637j,0.345231-0.023395j,0.234023
0.674189-0.090934j,-0.734671+0.248402j,0.345169-0.023514j,0.234636
0.673871-0.091132j,-0.734744+0.248166j,0.345106-0.023633j,0.235250
0.673553-0.091330j,-0.734817+0.247931j,0.345044-0.023751j,0.235863
0.673235-0.091527j,-0.734889+0.247696j,0.344981-0.023870j,0.236476
0.672918-0.091724j,-0.734962+0.247460j,0.344919-0.023988j,0.237089
0.672600-0.091922j,-0.735035+0.247224j,0.344857-0.024107j,0.237703
0.672282-0.092119j,-0.735107+0.246989j,0.344794-0.024225j,0.238316
0.671965-0.092315j,-0.735180+0.246753j,0.344732-0.024344j,0.238929
0.671647-0.092512j,-0.735252+0.246517j,0.344670-0.024462j,0.239542
0.671330-0.092708j,-0.735325+0.246281j,0.344607-0.024581j,0.240156
0.671012-0.092904j,-0.735397+0.246044j,0.344545-0.024699j,0.240769
0.670695-0.093100j,-0.735469+0.245808j,0.344482-0.024817j,0.241382
0.670378-0.093296j,-0.735542+0.245571j,0.344420-0.024935j,0.241995
0.670061-0.093492j,-0.735614+0.245335j,0.344358-0.025054j,0.242608
0.669744-0.093687j,-0.735686+0.245098j,0.344295-0.025172j,0.243221
0.669427-0.093882j,-0.735758+0.244861j,0.344233-0.025290j,0.243835
0.669110-0.094077j,-0.735830+0.244624j,0.344170-0.025408j,0.244448
0.668793-0.094272j,-0.735902+0.244387j,0.344108-0.025526j,0.245061
0.668476-0.094467j,-0.735974+0.244149j,0.344046-0.025644j,0.245674
0.668159-0.094661j,-0.736046+0.243912j,0.343983-0.025762j,0.246287
0.667842-0.094856j,-0.736118+0.243674j,0.343921-0.025880j,0.246900
0.667526-0.095050j,-0.736190+0.243437j,0.343858-0.025998j,0.247513
0.667209-0.095244j,-0.736262+0.243199j,0.343796-0.026116j,0.248126
0.666893-0.095437j,-0.736334+0.242961j,0.343734-0.026234j,0.248739
0.666576-0.095631j,-0.736405+0.242723j,0.343671-0.026352j,0.249353
0.666260-0.095824j,-0.736477+0.242485j,0.343609-0.026470j,0.249966
0.665944-0.096017j,-0.736549+0.242246j,0.343546-0.026587j,0.250579
0.665627-0.096210j,-0.736620+0.242008j,0.343484-0.026705j,0.251192
0.665311-0.096403j,-0.736692+0.241769j,0.343421-0.026823j,0.251805
0.664995-0.096595j,-0.736763+0.241530j,0.343359-0.026940j,0.252418
0.664679-0.096787j,-0.736835+0.241292j,0.343297-0.027058j,0.253031
0.664363-0.096979j,-0.736906+0.241053j,0.343234-0.027176j,0.253644
0.664047-0.097171j,-0.736977+0.240814j,0.343172-0.027293j,0.254257
0.663731-0.097363j,-0.737049+0.240574j,0.343109-0.027411j,0.254870
0.663416-0.097555j,-0.737120+0.240335j,0.343047-0.027528j,0.255482
0.663100-0.097746j,-0.737191+0.240095j,0.342985-0.027646j,0.256095
0.662784-0.097937j,-0.737262+0.239856j,0.342922-0.027763j,0.256708
0.662469-0.098128j,-0.737333+0.239616j,0.342860-0.027880j,0.257321
0.662153-0.098319j,-0.737404+0.239376j,0.342797-0.027998j,0.257934
0.661838-0.098510j,-0.737475+0.239136j,0.342735-0.028115j,0.258547
0.661523-0.098700j,-0.737546+0.238896j,0.342673-0.028232j,0.259160
0.661207-0.098890j,-0.737617+0.238656j,0.342610-0.028350j,0.259773
0.660892-0.099080j,-0.737688+0.238416j,0.342548-0.028467j,0.260386
0.660577-0.099270j,-0.737758+0.238175j,0.342485-0.028584j,0.260998
0.660262-0.099460j,-0.737829+0.237934j,0.342423-0.028701j,0.261611
0.659947-0.099649j,-0.737900+0.237694j,0.342360-0.028818j,0.262224
0.659632-0.099838j,-0.737970+0.237453j,0.342298-0.028935j,0.262837
0.659317-0.100027j,-0.738041+0.237212j,0.342236-0.029052j,0.263450
0.659002-0.100216j,-0.738111+0.236971j,0.342173-0.029169j,0.264062
0.658687-0.100405j,-0.738182+0.236729j,0.342111-0.029286j,0.264675
0.658373-0.100593j,-0.738252+0.236488j,0.342048-0.029403j,0.265288
0.658058-0.100782j,-0.738323+0.236246j,0.341986-0.029520j,0.265901
0.657743-0.100970j,-0.738393+0.236005j,0.341923-0.029637j,0.266513
0.657429-0.101158j,-0.738463+0.235763j,0.341861-0.029754j,0.267126
0.657114-0.101345j,-0.738533+0.235521j,0.341799-0.029870j,0.267739
0.656800-0.101533j,-0.738604+0.235279j,0.341736-0.029987j,0.268352
0.656486-0.101720j,-0.738674+0.235037j,0.341674-0.030104j,0.268964
0.656172-0.101907j,-0.738744+0.234794j,0.341611-0.030221j,0.269577
0.655857-0.102094j,-0.738814+0.234552j,0.341549-0.030337j,0.270190
0.655543-0.102281j,-0.738884+0.234309j,0.341486-0.030454j,0.270802
0.655229-0.102468j,-0.738954+0.234067j,0.341424-0.030570j,0.271415
0.654915-0.102654j,-0.739023+0.233824j,0.341362-0.030687j,0.272027
0.654601-0.102840j,-0.739093+0.233581j,0.341299-0.030803j,0.272640
0.654288-0.103026j,-0.739163+0.233338j,0.341237-0.030920j,0.273253
0.653974-0.103212j,-0.739233+0.233094j,0.341174-0.031036j,0.273865
0.653660-0.103398j,-0.739302+0.232851j,0.341112-0.031153j,0.274478
0.653347-0.103583j,-0.739372+0.232607j,0.341050-0.031269j,0.275090
0.653033-0.103768j,-0.739441+0.232364j,0.340987-0.031386j,0.275703
0.652720-0.103953j,-0.739511+0.232120j,0.340925-0.031502j,0.276315
0.652406-0.104138j,-0.739580+0.231876j,0.340862-0.031618j,0.276928
0.652093-0.104323j,-0.739650+0.231632j,0.340800-0.031734j,0.277540
0.651780-0.104508j,-0.739719+0.231388j,0.340737-0.031851j,0.278153
0.651466-0.104692j,-0.739788+0.231144j,0.340675-0.031967j,0.278765
0.651153-0.104876j,-0.739858+0.230899j,0.340613-0.032083j,0.279378
0.650840-0.105060j,-0.739927+0.230655j,0.340550-0.032199j,0.279990
0.650527-0.105244j,-0.739996+0.230410j,0.340488-0.032315j,0.280603
0.650214-0.105427j,-0.740065+0.230165j,0.340425-0.032431j,0.281215
0.649901-0.105611j,-0.740134+0.229920j,0.340363-0.032547j,0.281828
0.649589-0.105794j,-0.740203+0.229675j,0.340300-0.032663j,0.282440
0.649276-0.105977j,-0.740272+0.229430j,0.340238-0.032779j,0.283052
0.648963-0.106160j,-0.740341+0.229185j,0.340176-0.032895j,0.283665
0.648651-0.106342j,-0.740410+0.228939j,0.340113-0.033011j,0.284277
0.648338-0.106525j,-0.740478+0.228694j,0.340051-0.033127j,0.284889
0.648026-0.106707j,-0.740547+0.228448j,0.339988-0.033242j,0.285502
0.647713-0.106889j,-0.740616+0.228202j,0.339926-0.033358j,0.286114
0.647401-0.107071j,-0.740684+0.227956j,0.339864-0.033474j,0.286726
0.647089-0.107253j,-0.740753+0.227710j,0.339801-0.033590j,0.287339
0.646777-0.107434j,-0.740821+0.227464j,0.339739-0.033705j,0.287951
0.646464-0.107615j,-0.740890+0.227217j,0.339676-0.033821j,0.288563
0.646152-0.107797j,-0.740958+0.226971j,0.339614-0.033937j,0.289175
0.645840-0.107978j,-0.741026+0.226724j,0.339552-0.034052j,0.289788
0.645529-0.108158j,-0.741095+0.226477j,0.339489-0.034168j,0.290400
0.645217-0.108339j,-0.741163+0.226230j,0.339427-0.034283j,0.291012
0.644905-0.108519j,-0.741231+0.225983j,0.339364-0.034399j,0.291624
0.644593-0.108699j,-0.741299+0.225736j,0.339302-0.034514j,0.292237
0.644282-0.108879j,-0.741367+0.225489j,0.339239-0.034630j,0.292849
0.643970-0.109059j,-0.741435+0.225241j,0.339177-0.034745j,0.293461
0.643659-0.109239j,-0.741503+0.224994j,0.339115-0.034860j,0.294073
0.643347-0.109418j,-0.741571+0.224746j,0.339052-0.034976j,0.294685
0.643036-0.109598j,-0.741639+0.224498j,0.338990-0.035091j,0.295297
0.642725-0.109777j,-0.741707+0.224250j,0.338927-0.035206j,0.295909
0.642413-0.109956j,-0.741774+0.224002j,0.338865-0.035322j,0.296521
0.642102-0.110134j,-0.741842+0.223754j,0.338803-0.035437j,0.297133
0.641791-0.110313j,-0.741910+0.223505j,0.338740-0.035552j,0.297745
0.641480-0.110491j,-0.741977+0.223257j,0.338678-0.035667j,0.298358
0.641169-0.110669j,-0.742045+0.223008j,0.338615-0.035782j,0.298970
0.640858-0.110847j,-0.742112+0.222759j,0.338553-0.035897j,0.299582
0.640548-0.111025j,-0.742180+0.222510j,0.338491-0.036012j,0.300194
0.640237-0.111203j,-0.742247+0.222261j,0.338428-0.036127j,0.300806
0.639926-0.111380j,-0.742314+0.222012j,0.338366-0.036242j,0.301417
0.639616-0.111557j,-0.742381+0.221762j,0.338304-0.036357j,0.302029
0.639305-0.111735j,-0.742449+0.221513j,0.338241-0.036472j,0.302641
0.638995-0.111911j,-0.742516+0.221263j,0.338179-0.036587j,0.303253
0.638684-0.112088j,-0.742583+0.221014j,0.338116-0.036702j,0.303865
0.638374-0.112265j,-0.742650+0.220764j,0.338054-0.036817j,0.304477
0.638064-0.112441j,-0.742717+0.220514j,0.337992-0.036931j,0.305089
0.637754-0.112617j,-0.742784+0.220264j,0.337929-0.037046j,0.305701
0.637443-0.112793j,-0.742851+0.220013j,0.337867-0.037161j,0.306313
0.637133-0.112969j,-0.742917+0.219763j,0.337805-0.037276j,0.306925
0.636823-0.113144j,-0.742984+0.219512j,0.337742-0.037390j,0.307536
0.636514-0.113320j,-0.743051+0.219262j,0.337680-0.037505j,0.308148
0.636204-0.113495j,-0.743117+0.219011j,0.337617-0.037619j,0.308760
0.635894-0.113670j,-0.743184+0.218760j,0.337555-0.037734j,0.309372
0.635584-0.113845j,-0.743250+0.218509j,0.337493-0.037849j,0.309983
0.635275-0.114020j,-0.743317+0.218257j,0.337430-0.037963j,0.310595
0.634965-0.114194j,-0.743383+0.218006j,0.337368-0.038077j,0.311207
0.634656-0.114368j,-0.743450+0.217754j,0.337306-0.038192j,0.311819
0.634346-0.114542j,-0.743516+0.217503j,0.337243-0.038306j,0.312430
0.634037-0.114716j,-0.743582+0.217251j,0.337181-0.038421j,0.313042
0.633728-0.114890j,-0.743648+0.216999j,0.337119-0.038535j,0.313654
0.633419-0.115064j,-0.743714+0.216747j,0.337056-0.038649j,0.314265
0.633109-0.115237j,-0.743781+0.216495j,0.336994-0.038764j,0.314877
0.632800-0.115410j,-0.743847+0.216243j,0.336931-0.038878j,0.315489
0.632491-0.115583j,-0.743912+0.215990j,0.336869-0.038992j,0.316100
0.632183-0.115756j,-0.743978+0.215737j,0.336807-0.039106j,0.316712
0.631874-0.115929j,-0.744044+0.215485j,0.336744-0.039221j,0.317323
0.631565-0.116101j,-0.744110+0.215232j,0.336682-0.039335j,0.317935
0.631256-0.116274j,-0.744176+0.214979j,0.336620-0.039449j,0.318546
0.630948-0.116446j,-0.744241+0.214726j,0.336557-0.039563j,0.319158
0.630639-0.116618j,-0.744307+0.214472j,0.336495-0.039677j,0.319769
0.630331-0.116790j,-0.744372+0.214219j,0.336433-0.039791j,0.320381
0.630022-0.116961j,-0.744438+0.213965j,0.336370-0.039905j,0.320992
0.629714-0.117133j,-0.744503+0.213712j,0.336308-0.040019j,0.321604
0.629406-0.117304j,-0.744569+0.213458j,0.336246-0.040133j,0.322215
0.629097-0.117475j,-0.744634+0.213204j,0.336183-0.040247j,0.322827
0.628789-0.117646j,-0.744699+0.212950j,0.336121-0.040361j,0.323438
0.628481-0.117816j,-0.744765+0.212695j,0.336059-0.040474j,0.324050
0.628173-0.117987j,-0.744830+0.212441j,0.335996-0.040588j,0.324661
0.627865-0.118157j,-0.744895+0.212186j,0.335934-0.040702j,0.325272
0.627557-0.118327j,-0.744960+0.211932j,0.335872-0.040816j,0.325884
0.627250-0.118497j,-0.745025+0.211677j,0.335810-0.040929j,0.326495
0.626942-0.118667j,-0.745090+0.211422j,0.335747-0.041043j,0.327106
0.626634-0.118837j,-0.745154+0.211167j,0.335685-0.041157j,0.327718
0.626327-0.119006j,-0.745219+0.210912j,0.335623-0.041270j,0.328329
0.626019-0.119175j,-0.745284+0.210656j,0.335560-0.041384j,0.328940
0.625712-0.119344j,-0.745349+0.210401j,0.335498-0.041498j,0.329551
0.625405-0.119513j,-0.745413+0.210145j,0.335436-0.041611j,0.330163
0.625097-0.119682j,-0.745478+0.209889j,0.335373-0.041725j,0.330774
0.624790-0.119850j,-0.745542+0.209633j,0.335311-0.041838j,0.331385
0.624483-0.120019j,-0.745607+0.209377j,0.335249-0.041952j,0.331996
0.624176-0.120187j,-0.745671+0.209121j,0.335187-0.042065j,0.332607
0.623869-0.120355j,-0.745735+0.208865j,0.335124-0.042178j,0.333219
0.623562-0.120523j,-0.745800+0.208608j,0.335062-0.042292j,0.333830
0.623255-0.120690j,-0.745864+0.208352j,0.335000-0.042405j,0.334441
0.622948-0.120858j,-0.745928+0.208095j,0.334938-0.042518j,0.335052
0.622642-0.121025j,-0.745992+0.207838j,0.334875-0.042632j,0.335663
0.622335-0.121192j,-0.746056+0.207581j,0.334813-0.042745j,0.336274
0.622028-0.121359j,-0.746120+0.207324j,0.334751-0.042858j,0.336885
0.621722-0.121526j,-0.746184+0.207066j,0.334688-0.042971j,0.337496
0.621416-0.121692j,-0.746248+0.206809j,0.334626-0.043084j,0.338107
0.621109-0.121859j,-0.746312+0.206551j,0.334564-0.043198j,0.338718
0.620803-0.122025j,-0.746375+0.206293j,0.334502-0.043311j,0.339329
0.620497-0.122191j,-0.746439+0.206036j,0.334439-0.043424j,0.339940
0.620191-0.122357j,-0.746503+0.205777j,0.334377-0.043537j,0.340551
0.619884-0.122522j,-0.746566+0.205519j,0.334315-0.043650j,0.341162
0.619579-0.122688j,-0.746630+0.205261j,0.334253-0.043763j,0.341773
0.619273-0.122853j,-0.746693+0.205003j,0.334190-0.043876j,0.342384
0.618967-0.123018j,-0.746756+0.204744j,0.334128-0.043989j,0.342995
0.618661-0.123183j,-0.746820+0.204485j,0.334066-0.044102j,0.343606
0.618355-0.123348j,-0.746883+0.204226j,0.334004-0.044214j,0.344216
0.618050-0.123513j,-0.746946+0.203967j,0.333942-0.044327j,0.344827
0.617744-0.123677j,-0.747009+0.203708j,0.333879-0.044440j,0.345438
0.617439-0.123841j,-0.747072+0.203449j,0.333817-0.044553j,0.346049
0.617133-0.124005j,-0.747135+0.203189j,0.333755-0.044666j,0.346660
0.616828-0.124169j,-0.747198+0.202930j,0.333693-0.044778j,0.347270
0.616523-0.124333j,-0.747261+0.202670j,0.333631-0.044891j,0.347881
0.616217-0.124496j,-0.747324+0.202410j,0.333568-0.045004j,0.348492
0.615912-0.124660j,-0.747387+0.202150j,0.333506-0.045116j,0.349103
0.615607-0.124823j,-0.747449+0.201890j,0.333444-0.045229j,0.349713
0.615302-0.124986j,-0.747512+0.201630j,0.333382-0.045342j,0.350324
0.614997-0.125149j,-0.747574+0.201369j,0.333320-0.045454j,0.350935
0.614692-0.125311j,-0.747637+0.201109j,0.333257-0.045567j,0.351545
0.614388-0.125474j,-0.747699+0.200848j,0.333195-0.045679j,0.352156
0.614083-0.125636j,-0.747762+0.200587j,0.333133-0.045792j,0.352766
0.613778-0.125798j,-0.747824+0.200326j,0.333071-0.045904j,0.353377
0.613474-0.125960j,-0.747886+0.200065j,0.333009-0.046017j,0.353987
0.613169-0.126122j,-0.747948+0.199803j,0.332946-0.046129j,0.354598
0.612865-0.126284j,-0.748011+0.199542j,0.332884-0.046241j,0.355209
0.612561-0.126445j,-0.748073+0.199280j,0.332822-0.046354j,0.355819
0.612256-0.126606j,-0.748135+0.199019j,0.332760-0.046466j,0.356430
0.611952-0.126767j,-0.748197+0.198757j,0.332698-0.046578j,0.357040
0.611648-0.126928j,-0.748258+0.198495j,0.332636-0.046691j,0.357650
0.611344-0.127089j,-0.748320+0.198233j,0.332574-0.046803j,0.358261
0.611040-0.127250j,-0.748382+0.197970j,0.332511-0.046915j,0.358871
0.610736-0.127410j,-0.748444+0.197708j,0.332449-0.047027j,0.359482
0.610432-0.127570j,-0.748505+0.197445j,0.332387-0.047139j,0.360092
0.610129-0.127730j,-0.748567+0.197182j,0.332325-0.047252j,0.360702
0.609825-0.127890j,-0.748628+0.196919j,0.332263-0.047364j,0.361313
0.609521-0.128050j,-0.748690+0.196656j,0.332201-0.047476j,0.361923
0.609218-0.128209j,-0.748751+0.196393j,0.332139-0.047588j,0.362533
0.608914-0.128369j,-0.748812+0.196130j,0.332077-0.047700j,0.363144
0.608611-0.128528j,-0.748874+0.195866j,0.332014-0.047812j,0.363754
0.608308-0.128687j,-0.748935+0.195603j,0.331952-0.047924j,0.364364
0.608004-0.128846j,-0.748996+0.195339j,0.331890-0.048036j,0.364974
0.607701-0.129004j,-0.749057+0.195075j,0.331828-0.048148j,0.365585
0.607398-0.129163j,-0.749118+0.194811j,0.331766-0.048260j,0.366195
0.607095-0.129321j,-0.749179+0.194547j,0.331704-0.048371j,0.366805
0.606792-0.129479j,-0.749240+0.194283j,0.331642-0.048483j,0.367415
0.606489-0.129637j,-0.749301+0.194018j,0.331580-0.048595j,0.368025
0.606186-0.129795j,-0.749361+0.193753j,0.331518-0.048707j,0.368635
0.605884-0.129952j,-0.749422+0.193489j,0.331456-0.048819j,0.369245
0.605581-0.130110j,-0.749483+0.193224j,0.331394-0.048930j,0.369855
0.605279-0.130267j,-0.749543+0.192959j,0.331331-0.049042j,0.370466
0.604976-0.130424j,-0.749604+0.192693j,0.331269-0.049154j,0.371076
0.604674-0.130581j,-0.749664+0.192428j,0.331207-0.049265j,0.371686
0.604371-0.130738j,-0.749724+0.192163j,0.331145-0.049377j,0.372296
0.604069-0.130894j,-0.749785+0.191897j,0.331083-0.049489j,0.372906
0.603767-0.131051j,-0.749845+0.191631j,0.331021-0.049600j,0.373515
0.603465-0.131207j,-0.749905+0.191365j,0.330959-0.049712j,0.374125
0.603162-0.131363j,-0.749965+0.191099j,0.330897-0.049823j,0.374735
0.602860-0.131519j,-0.750025+0.190833j,0.330835-0.049935j,0.375345
0.602559-0.131674j,-0.750085+0.190566j,0.330773-0.050046j,0.375955
0.602257-0.131830j,-0.750145+0.190300j,0.330711-0.050158j,0.376565
0.601955-0.131985j,-0.750205+0.190033j,0.330649-0.050269j,0.377175
0.601653-0.132140j,-0.750264+0.189766j,0.330587-0.050381j,0.377785
0.601352-0.132295j,-0.750324+0.189499j,0.330525-0.050492j,0.378394
0.601050-0.132450j,-0.750384+0.189232j,0.330463-0.050603j,0.379004
0.600749-0.132605j,-0.750443+0.188965j,0.330401-0.050715j,0.379614
0.600447-0.132759j,-0.750503+0.188697j,0.330339-0.050826j,0.380224
0.600146-0.132914j,-0.750562+0.188430j,0.330277-0.050937j,0.380833
0.599845-0.133068j,-0.750622+0.188162j,0.330215-0.051048j,0.381443
0.599543-0.133222j,-0.750681+0.187894j,0.330153-0.051160j,0.382053
0.599242-0.133376j,-0.750740+0.187626j,0.330091-0.051271j,0.382662
0.598941-0.133529j,-0.750799+0.187358j,0.330029-0.051382j,0.383272
0.598640-0.133683j,-0.750858+0.187090j,0.329967-0.051493j,0.383882
0.598339-0.133836j,-0.750917+0.186821j,0.329905-0.051604j,0.384491
0.598039-0.133989j,-0.750976+0.186553j,0.329843-0.051715j,0.385101
0.597738-0.134142j,-0.751035+0.186284j,0.329781-0.051826j,0.385710
0.597437-0.134295j,-0.751094+0.186015j,0.329719-0.051937j,0.386320
0.597137-0.134448j,-0.751153+0.185746j,0.329657-0.052048j,0.386929
0.596836-0.134600j,-0.751212+0.185477j,0.329596-0.052159j,0.387539
0.596536-0.134752j,-0.751270+0.185207j,0.329534-0.052270j,0.388148
0.596235-0.134904j,-0.751329+0.184938j,0.329472-0.052381j,0.388758
0.595935-0.135056j,-0.751387+0.184668j,0.329410-0.052492j,0.389367
0.595635-0.135208j,-0.751446+0.184398j,0.329348-0.052603j,0.389977
0.595335-0.135360j,-0.751504+0.184128j,0.329286-0.052714j,0.390586
0.595034-0.135511j,-0.751562+0.183858j,0.329224-0.052825j,0.391196
0.594734-0.135662j,-0.751621+0.183588j,0.329162-0.052936j,0.391805
0.594435-0.135813j,-0.751679+0.183317j,0.329100-0.053047j,0.392414
0.594135-0.135964j,-0.751737+0.183047j,0.329038-0.053157j,0.393023
0.593835-0.136115j,-0.751795+0.182776j,0.328976-0.053268j,0.393633
0.593535-0.136266j,-0.751853+0.182505j,0.328915-0.053379j,0.394242
0.593236-0.136416j,-0.751911+0.182234j,0.328853-0.053490j,0.394851
0.592936-0.136566j,-0.751968+0.181963j,0.328791-0.053600j,0.395461
0.592637-0.136716j,-0.752026+0.181692j,0.328729-0.053711j,0.396070
0.592337-0.136866j,-0.752084+0.181420j,0.328667-0.053822j,0.396679
0.592038-0.137016j,-0.752141+0.181149j,0.328605-0.053932j,0.397288
0.591739-0.137166j,-0.752199+0.180877j,0.328543-0.054043j,0.397897
0.591439-0.137315j,-0.752256+0.180605j,0.328482-0.054153j,0.398506
0.591140-0.137464j,-0.752314+0.180333j,0.328420-0.054264j,0.399115
0.590841-0.137613j,-0.752371+0.180061j,0.328358-0.054374j,0.399725
0.590542-0.137762j,-0.752428+0.179788j,0.328296-0.054485j,0.400334
0.590243-0.137911j,-0.752486+0.179516j,0.328234-0.054595j,0.400943
0.589945-0.138059j,-0.752543+0.179243j,0.328172-0.054706j,0.401552
0.589646-0.138208j,-0.752600+0.178970j,0.328111-0.054816j,0.402161
0.589347-0.138356j,-0.752657+0.178697j,0.328049-0.054927j,0.402770
0.589049-0.138504j,-0.752714+0.178424j,0.327987-0.055037j,0.403379
0.588750-0.138652j,-0.752771+0.178151j,0.327925-0.055147j,0.403987
0.588452-0.138800j,-0.752827+0.177877j,0.327863-0.055258j,0.404596
0.588153-0.138947j,-0.752884+0.177604j,0.327802-0.055368j,0.405205
0.587855-0.139095j,-0.752941+0.177330j,0.327740-0.055478j,0.405814
0.587557-0.139242j,-0.752997+0.177056j,0.327678-0.055589j,0.406423
0.587259-0.139389j,-0.753054+0.176782j,0.327616-0.055699j,0.407032
0.586961-0.139536j,-0.753110+0.176508j,0.327555-0.055809j,0.407641
0.586663-0.139683j,-0.753166+0.176233j,0.327493-0.055919j,0.408249
0.586365-0.139829j,-0.753223+0.175959j,0.327431-0.056029j,0.408858
0.586067-0.139975j,-0.753279+0.175684j,0.327369-0.056139j,0.409467
0.585769-0.140122j,-0.753335+0.175409j,0.327308-0.056250j,0.410075
0.585471-0.140268j,-0.753391+0.175134j,0.327246-0.056360j,0.410684
0.585174-0.140414j,-0.753447+0.174859j,0.327184-0.056470j,0.411293
0.584876-0.140559j,-0.753503+0.174584j,0.327122-0.056580j,0.411901
0.584579-0.140705j,-0.753559+0.174308j,0.327061-0.056690j,0.412510
0.584281-0.140850j,-0.753615+0.174033j,0.326999-0.056800j,0.413119
0.583984-0.140995j,-0.753670+0.173757j,0.326937-0.056910j,0.413727
0.583687-0.141141j,-0.753726+0.173481j,0.326876-0.057020j,0.414336
0.583390-0.141285j,-0.753782+0.173205j,0.326814-0.057130j,0.414944
0.583093-0.141430j,-0.753837+0.172929j,0.326752-0.057240j,0.415553
0.582795-0.141575j,-0.753893+0.172652j,0.326691-0.057350j,0.416161
0.582499-0.141719j,-0.753948+0.172376j,0.326629-0.057460j,0.416770
0.582202-0.141863j,-0.754003+0.172099j,0.326567-0.057569j,0.417378
0.581905-0.142007j,-0.754058+0.171822j,0.326506-0.057679j,0.417987
0.581608-0.142151j,-0.754114+0.171545j,0.326444-0.057789j,0.418595
0.581312-0.142295j,-0.754169+0.171268j,0.326382-0.057899j,0.419203
0.581015-0.142439j,-0.754224+0.170991j,0.326321-0.058009j,0.419812
0.580719-0.142582j,-0.754279+0.170713j,0.326259-0.058118j,0.420420
0.580422-0.142725j,-0.754333+0.170436j,0.326197-0.058228j,0.421028
0.580126-0.142868j,-0.754388+0.170158j,0.326136-0.058338j,0.421637
0.579830-0.143011j,-0.754443+0.169880j,0.326074-0.058447j,0.422245
0.579533-0.143154j,-0.754498+0.169602j,0.326013-0.058557j,0.422853
0.579237-0.143296j,-0.754552+0.169324j,0.325951-0.058667j,0.423461
0.578941-0.143439j,-0.754607+0.169045j,0.325889-0.058776j,0.424070
0.578645-0.143581j,-0.754661+0.168767j,0.325828-0.058886j,0.424678
0.578349-0.143723j,-0.754715+0.168488j,0.325766-0.058996j,0.425286
0.578054-0.143865j,-0.754770+0.168209j,0.325705-0.059105j,0.425894
0.577758-0.144007j,-0.754824+0.167930j,0.325643-0.059215j,0.426502
0.577462-0.144148j,-0.754878+0.167651j,0.325582-0.059324j,0.427110
0.577167-0.144290j,-0.754932+0.167371j,0.325520-0.059434j,0.427718
0.576871-0.144431j,-0.754986+0.167092j,0.325458-0.059543j,0.428326
0.576576-0.144572j,-0.755040+0.166812j,0.325397-0.059653j,0.428934
0.576280-0.144713j,-0.755094+0.166532j,0.325335-0.059762j,0.429542
0.575985-0.144854j,-0.755148+0.166252j,0.325274-0.059871j,0.430150
0.575690-0.144995j,-0.755201+0.165972j,0.325212-0.059981j,0.430758
0.575395-0.145135j,-0.755255+0.165692j,0.325151-0.060090j,0.431366
0.575100-0.145275j,-0.755308+0.165411j,0.325089-0.060200j,0.431974
0.574805-0.145415j,-0.755362+0.165131j,0.325028-0.060309j,0.432582
0.574510-0.145555j,-0.755415+0.164850j,0.324966-0.060418j,0.433190
0.574215-0.145695j,-0.755468+0.164569j,0.324905-0.060528j,0.433797
0.573920-0.145835j,-0.755522+0.164288j,0.324843-0.060637j,0.434405
0.573626-0.145974j,-0.755575+0.164007j,0.324782-0.060746j,0.435013
0.573331-0.146114j,-0.755628+0.163725j,0.324720-0.060855j,0.435621
0.573036-0.146253j,-0.755681+0.163444j,0.324659-0.060964j,0.436228
0.572742-0.146392j,-0.755734+0.163162j,0.324597-0.061074j,0.436836
0.572448-0.146530j,-0.755787+0.162880j,0.324536-0.061183j,0.437444
0.572153-0.146669j,-0.755840+0.162598j,0.324475-0.061292j,0.438051
0.571859-0.146808j,-0.755892+0.162316j,0.324413-0.061401j,0.438659
0.571565-0.146946j,-0.755945+0.162033j,0.324352-0.061510j,0.439267
0.571271-0.147084j,-0.755997+0.161751j,0.324290-0.061619j,0.439874
0.570977-0.147222j,-0.756050+0.161468j,0.324229-0.061728j,0.440482
0.570683-0.147360j,-0.756102+0.161185j,0.324167-0.061837j,0.441089
0.570389-0.147498j,-0.756155+0.160902j,0.324106-0.061946j,0.441697
0.570096-0.147635j,-0.756207+0.160619j,0.324045-0.062055j,0.442304
0.569802-0.147773j,-0.756259+0.160336j,0.323983-0.062164j,0.442912
0.569508-0.147910j,-0.756311+0.160052j,0.323922-0.062273j,0.443519
0.569215-0.148047j,-0.756363+0.159769j,0.323861-0.062382j,0.444127
0.568921-0.148184j,-0.756415+0.159485j,0.323799-0.062491j,0.444734
0.568628-0.148320j,-0.756467+0.159201j,0.323738-0.062600j,0.445341
0.568335-0.148457j,-0.756519+0.158917j,0.323676-0.062709j,0.445949
0.568041-0.148593j,-0.756571+0.158632j,0.323615-0.062818j,0.446556
0.567748-0.148730j,-0.756622+0.158348j,0.323554-0.062927j,0.447163
0.567455-0.148866j,-0.756674+0.158063j,0.323492-0.063036j,0.447771
0.567162-0.149002j,-0.756725+0.157778j,0.323431-0.063145j,0.448378
0.566869-0.149137j,-0.756777+0.157493j,0.323370-0.063253j,0.448985
0.566576-0.149273j,-0.756828+0.157208j,0.323309-0.063362j,0.449592
0.566284-0.149408j,-0.756879+0.156923j,0.323247-0.063471j,0.450199
0.565991-0.149544j,-0.756930+0.156638j,0.323186-0.063580j,0.450806
0.565698-0.149679j,-0.756982+0.156352j,0.323125-0.063688j,0.451414
0.565406-0.149814j,-0.757033+0.156066j,0.323063-0.063797j,0.452021
0.565113-0.149948j,-0.757084+0.155780j,0.323002-0.063906j,0.452628
0.564821-0.150083j,-0.757134+0.155494j,0.322941-0.064014j,0.453235
0.564529-0.150218j,-0.757185+0.155208j,0.322880-0.064123j,0.453842
0.564237-0.150352j,-0.757236+0.154921j,0.322818-0.064232j,0.454449
0.563944-0.150486j,-0.757287+0.154635j,0.322757-0.064340j,0.455056
0.563652-0.150620j,-0.757337+0.154348j,0.322696-0.064449j,0.455663
0.563360-0.150754j,-0.757388+0.154061j,0.322635-0.064557j,0.456270
0.563068-0.150888j,-0.757438+0.153774j,0.322573-0.064666j,0.456876
0.562777-0.151021j,-0.757488+0.153487j,0.322512-0.064775j,0.457483
0.562485-0.151154j,-0.757538+0.153199j,0.322451-0.064883j,0.458090
0.562193-0.151288j,-0.757589+0.152912j,0.322390-0.064992j,0.458697
0.561902-0.151421j,-0.757639+0.152624j,0.322329-0.065100j,0.459304
0.561610-0.151554j,-0.757689+0.152336j,0.322267-0.065209j,0.459910
0.561319-0.151686j,-0.757739+0.152048j,0.322206-0.065317j,0.460517
0.561027-0.151819j,-0.757789+0.151760j,0.322145-0.065425j,0.461124
0.560736-0.151951j,-0.757838+0.151471j,0.322084-0.065534j,0.461731
0.560445-0.152083j,-0.757888+0.151183j,0.322023-0.065642j,0.462337
0.560154-0.152216j,-0.757938+0.150894j,0.321962-0.065751j,0.462944
0.559863-0.152347j,-0.757987+0.150605j,0.321901-0.065859j,0.463550
0.559572-0.152479j,-0.758037+0.150316j,0.321839-0.065967j,0.464157
0.559281-0.152611j,-0.758086+0.150027j,0.321778-0.066076j,0.464764
0.558990-0.152742j,-0.758135+0.149737j,0.321717-0.066184j,0.465370
0.558699-0.152874j,-0.758184+0.149448j,0.321656-0.066292j,0.465977
0.558408-0.153005j,-0.758234+0.149158j,0.321595-0.066400j,0.466583
0.558118-0.153136j,-0.758283+0.148868j,0.321534-0.066509j,0.467190
0.557827-0.153267j,-0.758332+0.148578j,0.321473-0.066617j,0.467796
0.557537-0.153397j,-0.758380+0.148288j,0.321412-0.066725j,0.468402
0.557246-0.153528j,-0.758429+0.147997j,0.321351-0.066833j,0.469009
0.556956-0.153658j,-0.758478+0.147707j,0.321290-0.066942j,0.469615
0.556666-0.153788j,-0.758527+0.147416j,0.321229-0.067050j,0.470221
0.556376-0.153918j,-0.758575+0.147125j,0.321168-0.067158j,0.470828
0.556086-0.154048j,-0.758624+0.146834j,0.321107-0.067266j,0.471434
0.555796-0.154178j,-0.758672+0.146543j,0.321046-0.067374j,0.472040
0.555506-0.154308j,-0.758720+0.146252j,0.320985-0.067482j,0.472646
0.555216-0.154437j,-0.758769+0.145960j,0.320924-0.067590j,0.473253
0.554926-0.154566j,-0.758817+0.145668j,0.320863-0.067698j,0.473859
0.554637-0.154695j,-0.758865+0.145376j,0.320802-0.067807j,0.474465
0.554347-0.154824j,-0.758913+0.145084j,0.320741-0.067915j,0.475071
0.554058-0.154953j,-0.758961+0.144792j,0.320680-0.068023j,0.475677
0.553768-0.155082j,-0.759009+0.144499j,0.320619-0.068131j,0.476283
0.553479-0.155210j,-0.759056+0.144207j,0.320558-0.068239j,0.476889
0.553189-0.155338j,-0.759104+0.143914j,0.320497-0.068347j,0.477495
0.552900-0.155467j,-0.759151+0.143621j,0.320436-0.068455j,0.478101
0.552611-0.155595j,-0.759199+0.143328j,0.320375-0.068562j,0.478707
0.552322-0.155722j,-0.759246+0.143035j,0.320314-0.068670j,0.479313
0.552033-0.155850j,-0.759294+0.142741j,0.320253-0.068778j,0.479919
0.551744-0.155978j,-0.759341+0.142448j,0.320192-0.068886j,0.480525
0.551455-0.156105j,-0.759388+0.142154j,0.320131-0.068994j,0.481130
0.551167-0.156232j,-0.759435+0.141860j,0.320070-0.069102j,0.481736
0.550878-0.156359j,-0.759482+0.141566j,0.320009-0.069210j,0.482342
0.550589-0.156486j,-0.759529+0.141271j,0.319949-0.069318j,0.482948
0.550301-0.156613j,-0.759576+0.140977j,0.319888-0.069425j,0.483554
0.550012-0.156740j,-0.759623+0.140682j,0.319827-0.069533j,0.484159
0.549724-0.156866j,-0.759669+0.140388j,0.319766-0.069641j,0.484765
0.549436-0.156992j,-0.759716+0.140093j,0.319705-0.069749j,0.485371
0.549148-0.157119j,-0.759762+0.139797j,0.319644-0.069857j,0.485976
0.548860-0.157245j,-0.759809+0.139502j,0.319584-0.069964j,0.486582
0.548571-0.157370j,-0.759855+0.139207j,0.319523-0.070072j,0.487187
0.548284-0.157496j,-0.759901+0.138911j,0.319462-0.070180j,0.487793
0.547996-0.157622j,-0.759948+0.138615j,0.319401-0.070287j,0.488398
0.547708-0.157747j,-0.759994+0.138319j,0.319340-0.070395j,0.489004
0.547420-0.157872j,-0.760040+0.138023j,0.319280-0.070503j,0.489609
0.547132-0.157997j,-0.760085+0.137726j,0.319219-0.070610j,0.490215
0.546845-0.158122j,-0.760131+0.137430j,0.319158-0.070718j,0.490820
0.546557-0.158247j,-0.760177+0.137133j,0.319097-0.070826j,0.491425
0.546270-0.158372j,-0.760223+0.136836j,0.319037-0.070933j,0.492031
0.545983-0.158496j,-0.760268+0.136539j,0.318976-0.071041j,0.492636
0.545695-0.158620j,-0.760314+0.136242j,0.318915-0.071148j,0.493241
0.545408-0.158744j,-0.760359+0.135945j,0.318854-0.071256j,0.493847
0.545121-0.158868j,-0.760404+0.135647j,0.318794-0.071364j,0.494452
0.544834-0.158992j,-0.760450+0.135349j,0.318733-0.071471j,0.495057
0.544547-0.159116j,-0.760495+0.135051j,0.318672-0.071579j,0.495662
0.544260-0.159239j,-0.760540+0.134753j,0.318612-0.071686j,0.496267
0.543974-0.159363j,-0.760585+0.134455j,0.318551-0.071794j,0.496872
0.543687-0.159486j,-0.760630+0.134156j,0.318490-0.071901j,0.497478
0.543400-0.159609j,-0.760674+0.133858j,0.318430-0.072009j,0.498083
0.543114-0.159732j,-0.760719+0.133559j,0.318369-0.072116j,0.498688
0.542827-0.159855j,-0.760764+0.133260j,0.318308-0.072223j,0.499293
0.542541-0.159977j,-0.760808+0.132961j,0.318248-0.072331j,0.499898
0.542254-0.160100j,-0.760853+0.132662j,0.318187-0.072438j,0.500503
0.541968-0.160222j,-0.760897+0.132362j,0.318127-0.072546j,0.501107
0.541682-0.160344j,-0.760941+0.132062j,0.318066-0.072653j,0.501712
0.541396-0.160466j,-0.760986+0.131762j,0.318005-0.072760j,0.502317
0.541110-0.160588j,-0.761030+0.131462j,0.317945-0.072868j,0.502922
0.540824-0.160710j,-0.761074+0.131162j,0.317884-0.072975j,0.503527
0.540538-0.160831j,-0.761118+0.130862j,0.317824-0.073082j,0.504132
0.540252-0.160953j,-0.761161+0.130561j,0.317763-0.073190j,0.504736
0.539967-0.161074j,-0.761205+0.130260j,0.317703-0.073297j,0.505341
0.539681-0.161195j,-0.761249+0.129960j,0.317642-0.073404j,0.505946
0.539396-0.161316j,-0.761292+0.129658j,0.317581-0.073512j,0.506550
0.539110-0.161437j,-0.761336+0.129357j,0.317521-0.073619j,0.507155
0.538825-0.161557j,-0.761379+0.129056j,0.317460-0.073726j,0.507760
0.538540-0.161678j,-0.761422+0.128754j,0.317400-0.073833j,0.508364
0.538254-0.161798j,-0.761466+0.128452j,0.317339-0.073941j,0.508969
0.537969-0.161918j,-0.761509+0.128150j,0.317279-0.074048j,0.509573
0.537684-0.162038j,-0.761552+0.127848j,0.317219-0.074155j,0.510178
0.537399-0.162158j,-0.761595+0.127546j,0.317158-0.074262j,0.510782
0.537114-0.162278j,-0.761638+0.127243j,0.317098-0.074369j,0.511387
0.536829-0.162398j,-0.761680+0.126941j,0.317037-0.074477j,0.511991
0.536545-0.162517j,-0.761723+0.126638j,0.316977-0.074584j,0.512595
0.536260-0.162636j,-0.761766+0.126335j,0.316916-0.074691j,0.513200
0.535975-0.162756j,-0.761808+0.126031j,0.316856-0.074798j,0.513804
0.535691-0.162874j,-0.761851+0.125728j,0.316796-0.074905j,0.514408
0.535407-0.162993j,-0.761893+0.125424j,0.316735-0.075012j,0.515013
0.535122-0.163112j,-0.761935+0.125121j,0.316675-0.075119j,0.515617
0.534838-0.163231j,-0.761977+0.124817j,0.316614-0.075226j,0.516221
0.534554-0.163349j,-0.762019+0.124512j,0.316554-0.075333j,0.516825
0.534270-0.163467j,-0.762061+0.124208j,0.316494-0.075440j,0.517429
0.533986-0.163585j,-0.762103+0.123904j,0.316433-0.075547j,0.518033
0.533702-0.163703j,-0.762145+0.123599j,0.316373-0.075655j,0.518637
0.533418-0.163821j,-0.762187+0.123294j,0.316313-0.075762j,0.519241
0.533134-0.163939j,-0.762228+0.122989j,0.316252-0.075869j,0.519845
0.532850-0.164056j,-0.762270+0.122684j,0.316192-0.075976j,0.520449
0.532567-0.164173j,-0.762311+0.122378j,0.316132-0.076083j,0.521053
0.532283-0.164291j,-0.762352+0.122073j,0.316072-0.076189j,0.521657
0.532000-0.164408j,-0.762394+0.121767j,0.316011-0.076296j,0.522261
0.531716-0.164524j,-0.762435+0.121461j,0.315951-0.076403j,0.522865
0.531433-0.164641j,-0.762476+0.121155j,0.315891-0.076510j,0.523469
0.531150-0.164758j,-0.762517+0.120848j,0.315830-0.076617j,0.524073
0.530867-0.164874j,-0.762558+0.120542j,0.315770-0.076724j,0.524676
0.530583-0.164990j,-0.762598+0.120235j,0.315710-0.076831j,0.525280
0.530300-0.165107j,-0.762639+0.119928j,0.315650-0.076938j,0.525884
0.530018-0.165223j,-0.762680+0.119621j,0.315590-0.077045j,0.526488
0.529735-0.165338j,-0.762720+0.119314j,0.315529-0.077152j,0.527091
0.529452-0.165454j,-0.762760+0.119007j,0.315469-0.077259j,0.527695
0.529169-0.165570j,-0.762801+0.118699j,0.315409-0.077365j,0.528298
0.528887-0.165685j,-0.762841+0.118391j,0.315349-0.077472j,0.528902
0.528604-0.165800j,-0.762881+0.118083j,0.315289-0.077579j,0.529505
0.528322-0.165915j,-0.762921+0.117775j,0.315229-0.077686j,0.530109
0.528039-0.166030j,-0.762961+0.117467j,0.315168-0.077793j,0.530712
0.527757-0.166145j,-0.763001+0.117158j,0.315108-0.077899j,0.531316
0.527475-0.166260j,-0.763041+0.116850j,0.315048-0.078006j,0.531919
0.527193-0.166374j,-0.763080+0.116541j,0.314988-0.078113j,0.532523
0.526911-0.166489j,-0.763120+0.116232j,0.314928-0.078220j,0.533126
0.526629-0.166603j,-0.763159+0.115922j,0.314868-0.078327j,0.533729
0.526347-0.166717j,-0.763199+0.115613j,0.314808-0.078433j,0.534332
0.526065-0.166831j,-0.763238+0.115303j,0.314748-0.078540j,0.534936
0.525783-0.166945j,-0.763277+0.114993j,0.314688-0.078647j,0.535539
0.525502-0.167058j,-0.763316+0.114683j,0.314628-0.078753j,0.536142
0.525220-0.167172j,-0.763355+0.114373j,0.314568-0.078860j,0.536745
0.524939-0.167285j,-0.763394+0.114063j,0.314508-0.078967j,0.537348
0.524657-0.167398j,-0.763433+0.113752j,0.314448-0.079074j,0.537951
0.524376-0.167511j,-0.763472+0.113441j,0.314388-0.079180j,0.538555
0.524095-0.167624j,-0.763510+0.113130j,0.314328-0.079287j,0.539158
0.523813-0.167737j,-0.763549+0.112819j,0.314268-0.079394j,0.539761
0.523532-0.167850j,-0.763587+0.112508j,0.314208-0.079500j,0.540364
0.523251-0.167962j,-0.763625+0.112196j,0.314148-0.079607j,0.540966
0.522970-0.168074j,-0.763664+0.111885j,0.314088-0.079714j,0.541569
0.522690-0.168186j,-0.763702+0.111573j,0.314028-0.079820j,0.542172
0.522409-0.168298j,-0.763740+0.111261j,0.313968-0.079927j,0.542775
0.522128-0.168410j,-0.763778+0.110948j,0.313908-0.080033j,0.543378
0.521847-0.168522j,-0.763816+0.110636j,0.313848-0.080140j,0.543981
0.521567-0.168634j,-0.763853+0.110323j,0.313788-0.080247j,0.544583
0.521286-0.168745j,-0.763891+0.110010j,0.313728-0.080353j,0.545186
0.521006-0.168856j,-0.763929+0.109697j,0.313669-0.080460j,0.545789
0.520726-0.168967j,-0.763966+0.109384j,0.313609-0.080566j,0.546391
0.520446-0.169078j,-0.764003+0.109071j,0.313549-0.080673j,0.546994
0.520165-0.169189j,-0.764041+0.108757j,0.313489-0.080779j,0.547597
0.519885-0.169300j,-0.764078+0.108443j,0.313429-0.080886j,0.548199
0.519605-0.169411j,-0.764115+0.108129j,0.313369-0.080992j,0.548802
0.519326-0.169521j,-0.764152+0.107815j,0.313310-0.081099j,0.549404
0.519046-0.169631j,-0.764189+0.107501j,0.313250-0.081205j,0.550007
0.518766-0.169741j,-0.764225+0.107186j,0.313190-0.081312j,0.550609
0.518486-0.169851j,-0.764262+0.106872j,0.313130-0.081418j,0.551211
0.518207-0.169961j,-0.764299+0.106557j,0.313070-0.081525j,0.551814
0.517927-0.170071j,-0.764335+0.106242j,0.313011-0.081631j,0.552416
0.517648-0.170180j,-0.764372+0.105926j,0.312951-0.081738j,0.553018
0.517369-0.170290j,-0.764408+0.105611j,0.312891-0.081844j,0.553621
0.517089-0.170399j,-0.764444+0.105295j,0.312831-0.081951j,0.554223
0.516810-0.170508j,-0.764480+0.104979j,0.312772-0.082057j,0.554825
0.516531-0.170617j,-0.764516+0.104663j,0.312712-0.082164j,0.555427
0.516252-0.170726j,-0.764552+0.104347j,0.312652-0.082270j,0.556029
0.515973-0.170835j,-0.764588+0.104030j,0.312593-0.082376j,0.556631
0.515694-0.170943j,-0.764623+0.103714j,0.312533-0.082483j,0.557234
0.515415-0.171051j,-0.764659+0.103397j,0.312473-0.082589j,0.557836
0.515137-0.171160j,-0.764694+0.103080j,0.312414-0.082696j,0.558438
0.514858-0.171268j,-0.764730+0.102762j,0.312354-0.082802j,0.559040
0.514580-0.171376j,-0.764765+0.102445j,0.312294-0.082908j,0.559641
0.514301-0.171484j,-0.764800+0.102127j,0.312235-0.083015j,0.560243
0.514023-0.171591j,-0.764835+0.101809j,0.312175-0.083121j,0.560845
0.513745-0.171699j,-0.764870+0.101491j,0.312116-0.083228j,0.561447
0.513466-0.171806j,-0.764905+0.101173j,0.312056-0.083334j,0.562049
0.513188-0.171913j,-0.764940+0.100855j,0.311997-0.083440j,0.562651
0.512910-0.172020j,-0.764975+0.100536j,0.311937-0.083547j,0.563252
0.512632-0.172127j,-0.765009+0.100217j,0.311877-0.083653j,0.563854
0.512354-0.172234j,-0.765044+0.099898j,0.311818-0.083759j,0.564456
0.512076-0.172341j,-0.765078+0.099579j,0.311758-0.083866j,0.565057
0.511799-0.172447j,-0.765112+0.099260j,0.311699-0.083972j,0.565659
0.511521-0.172554j,-0.765147+0.098940j,0.311639-0.084078j,0.566261
0.511244-0.172660j,-0.765181+0.098620j,0.311580-0.084185j,0.566862
0.510966-0.172766j,-0.765215+0.098300j,0.311520-0.084291j,0.567464
0.510689-0.172872j,-0.765248+0.097980j,0.311461-0.084397j,0.568065
0.510411-0.172978j,-0.765282+0.097660j,0.311401-0.084504j,0.568666
0.510134-0.173084j,-0.765316+0.097339j,0.311342-0.084610j,0.569268
0.509857-0.173189j,-0.765349+0.097018j,0.311283-0.084716j,0.569869
0.509580-0.173295j,-0.765383+0.096697j,0.311223-0.084822j,0.570471
0.509303-0.173400j,-0.765416+0.096376j,0.311164-0.084929j,0.571072
0.509026-0.173505j,-0.765450+0.096055j,0.311104-0.085035j,0.571673
0.508749-0.173610j,-0.765483+0.095733j,0.311045-0.085141j,0.572274
0.508472-0.173715j,-0.765516+0.095411j,0.310986-0.085247j,0.572876
0.508196-0.173819j,-0.765549+0.095089j,0.310926-0.085354j,0.573477
0.507919-0.173924j,-0.765581+0.094767j,0.310867-0.085460j,0.574078
0.507643-0.174028j,-0.765614+0.094445j,0.310808-0.085566j,0.574679
0.507366-0.174133j,-0.765647+0.094122j,0.310748-0.085672j,0.575280
0.507090-0.174237j,-0.765679+0.093799j,0.310689-0.085779j,0.575881
0.506813-0.174341j,-0.765712+0.093477j,0.310630-0.085885j,0.576482
0.506537-0.174444j,-0.765744+0.093153j,0.310570-0.085991j,0.577083
0.506261-0.174548j,-0.765776+0.092830j,0.310511-0.086097j,0.577684
0.505985-0.174652j,-0.765808+0.092506j,0.310452-0.086203j,0.578285
0.505709-0.174755j,-0.765840+0.092183j,0.310393-0.086310j,0.578886
0.505433-0.174858j,-0.765872+0.091859j,0.310333-0.086416j,0.579486
0.505158-0.174961j,-0.765904+0.091534j,0.310274-0.086522j,0.580087
0.504882-0.175064j,-0.765936+0.091210j,0.310215-0.086628j,0.580688
0.504606-0.175167j,-0.765967+0.090885j,0.310156-0.086734j,0.581289
0.504331-0.175270j,-0.765999+0.090561j,0.310096-0.086841j,0.581889
0.504055-0.175373j,-0.766030+0.090236j,0.310037-0.086947j,0.582490
0.503780-0.175475j,-0.766061+0.089910j,0.309978-0.087053j,0.583091
0.503504-0.175577j,-0.766093+0.089585j,0.309919-0.087159j,0.583691
0.503229-0.175679j,-0.766124+0.089259j,0.309860-0.087265j,0.584292
0.502954-0.175781j,-0.766155+0.088934j,0.309801-0.087371j,0.584892
0.502679-0.175883j,-0.766185+0.088608j,0.309741-0.087477j,0.585493
0.502404-0.175985j,-0.766216+0.088281j,0.309682-0.087584j,0.586093
0.502129-0.176087j,-0.766247+0.087955j,0.309623-0.087690j,0.586694
0.501854-0.176188j,-0.766277+0.087628j,0.309564-0.087796j,0.587294
0.501580-0.176289j,-0.766308+0.087301j,0.309505-0.087902j,0.587894
0.501305-0.176391j,-0.766338+0.086974j,0.309446-0.088008j,0.588495
0.501030-0.176492j,-0.766368+0.086647j,0.309387-0.088114j,0.589095
0.500756-0.176592j,-0.766398+0.086320j,0.309328-0.088220j,0.589695
0.500481-0.176693j,-0.766428+0.085992j,0.309269-0.088327j,0.590295
0.500207-0.176794j,-0.766458+0.085664j,0.309210-0.088433j,0.590895
0.499933-0.176894j,-0.766488+0.085336j,0.309151-0.088539j,0.591495
0.499659-0.176995j,-0.766518+0.085008j,0.309092-0.088645j,0.592096
0.499385-0.177095j,-0.766547+0.084679j,0.309033-0.088751j,0.592696
0.499111-0.177195j,-0.766576+0.084351j,0.308974-0.088857j,0.593296
0.498837-0.177295j,-0.766606+0.084022j,0.308915-0.088963j,0.593896
0.498563-0.177395j,-0.766635+0.083693j,0.308856-0.089069j,0.594496
0.498289-0.177494j,-0.766664+0.083363j,0.308797-0.089175j,0.595095
0.498015-0.177594j,-0.766693+0.083034j,0.308738-0.089282j,0.595695
0.497742-0.177693j,-0.766722+0.082704j,0.308679-0.089388j,0.596295
0.497468-0.177792j,-0.766751+0.082374j,0.308620-0.089494j,0.596895
0.497195-0.177891j,-0.766779+0.082044j,0.308561-0.089600j,0.597495
0.496921-0.177990j,-0.766808+0.081714j,0.308503-0.089706j,0.598094
0.496648-0.178089j,-0.766836+0.081383j,0.308444-0.089812j,0.598694
0.496375-0.178188j,-0.766865+0.081052j,0.308385-0.089918j,0.599294
0.496102-0.178286j,-0.766893+0.080721j,0.308326-0.090024j,0.599893
0.495829-0.178385j,-0.766921+0.080390j,0.308267-0.090130j,0.600493
0.495556-0.178483j,-0.766949+0.080059j,0.308208-0.090236j,0.601093
0.495283-0.178581j,-0.766977+0.079727j,0.308150-0.090342j,0.601692
0.495010-0.178679j,-0.767005+0.079395j,0.308091-0.090448j,0.602292
0.494738-0.178777j,-0.767032+0.079063j,0.308032-0.090555j,0.602891
0.494465-0.178875j,-0.767060+0.078731j,0.307973-0.090661j,0.603490
0.494192-0.178972j,-0.767087+0.078399j,0.307915-0.090767j,0.604090
0.493920-0.179070j,-0.767115+0.078066j,0.307856-0.090873j,0.604689
0.493647-0.179167j,-0.767142+0.077733j,0.307797-0.090979j,0.605288
0.493375-0.179264j,-0.767169+0.077400j,0.307738-0.091085j,0.605888
0.493103-0.179361j,-0.767196+0.077067j,0.307680-0.091191j,0.606487
0.492831-0.179458j,-0.767223+0.076733j,0.307621-0.091297j,0.607086
0.492559-0.179555j,-0.767250+0.076399j,0.307562-0.091403j,0.607685
0.492287-0.179651j,-0.767276+0.076065j,0.307504-0.091509j,0.608284
0.492015-0.179748j,-0.767303+0.075731j,0.307445-0.091615j,0.608883
0.491743-0.179844j,-0.767329+0.075397j,0.307386-0.091721j,0.609482
0.491471-0.179940j,-0.767356+0.075062j,0.307328-0.091827j,0.610081
0.491200-0.180037j,-0.767382+0.074728j,0.307269-0.091933j,0.610680
0.490928-0.180132j,-0.767408+0.074393j,0.307211-0.092039j,0.611279
0.490657-0.180228j,-0.767434+0.074057j,0.307152-0.092145j,0.611878
0.490385-0.180324j,-0.767460+0.073722j,0.307093-0.092252j,0.612477
0.490114-0.180419j,-0.767486+0.073386j,0.307035-0.092358j,0.613076
0.489843-0.180515j,-0.767511+0.073050j,0.306976-0.092464j,0.613675
0.489572-0.180610j,-0.767537+0.072714j,0.306918-0.092570j,0.614273
0.489300-0.180705j,-0.767562+0.072378j,0.306859-0.092676j,0.614872
0.489029-0.180800j,-0.767587+0.072041j,0.306801-0.092782j,0.615471
0.488759-0.180895j,-0.767613+0.071705j,0.306742-0.092888j,0.616069
0.488488-0.180990j,-0.767638+0.071368j,0.306684-0.092994j,0.616668
0.488217-0.181084j,-0.767663+0.071030j,0.306625-0.093100j,0.617266
0.487946-0.181179j,-0.767687+0.070693j,0.306567-0.093206j,0.617865
0.487676-0.181273j,-0.767712+0.070355j,0.306508-0.093312j,0.618463
0.487405-0.181367j,-0.767737+0.070018j,0.306450-0.093418j,0.619062
0.487135-0.181461j,-0.767761+0.069680j,0.306392-0.093524j,0.619660
0.486864-0.181555j,-0.767785+0.069341j,0.306333-0.093630j,0.620259
0.486594-0.181649j,-0.767810+0.069003j,0.306275-0.093736j,0.620857
0.486324-0.181743j,-0.767834+0.068664j,0.306216-0.093842j,0.621455
0.486054-0.181836j,-0.767858+0.068325j,0.306158-0.093948j,0.622054
0.485784-0.181930j,-0.767882+0.067986j,0.306100-0.094054j,0.622652
0.485514-0.182023j,-0.767905+0.067647j,0.306041-0.094161j,0.623250
0.485244-0.182116j,-0.767929+0.067307j,0.305983-0.094267j,0.623848
0.484974-0.182209j,-0.767953+0.066967j,0.305925-0.094373j,0.624446
0.484705-0.182302j,-0.767976+0.066627j,0.305867-0.094479j,0.625044
0.484435-0.182394j,-0.767999+0.066287j,0.305808-0.094585j,0.625642
0.484165-0.182487j,-0.768023+0.065947j,0.305750-0.094691j,0.626240
0.483896-0.182579j,-0.768046+0.065606j,0.305692-0.094797j,0.626838
0.483627-0.182672j,-0.768069+0.065265j,0.305633-0.094903j,0.627436
0.483357-0.182764j,-0.768091+0.064924j,0.305575-0.095009j,0.628034
0.483088-0.182856j,-0.768114+0.064582j,0.305517-0.095115j,0.628632
0.482819-0.182948j,-0.768137+0.064241j,0.305459-0.095221j,0.629230
0.482550-0.183039j,-0.768159+0.063899j,0.305401-0.095327j,0.629827
0.482281-0.183131j,-0.768181+0.063557j,0.305342-0.095433j,0.630425
0.482012-0.183223j,-0.768204+0.063215j,0.305284-0.095539j,0.631023
0.481743-0.183314j,-0.768226+0.062872j,0.305226-0.095646j,0.631620
0.481475-0.183405j,-0.768248+0.062530j,0.305168-0.095752j,0.632218
0.481206-0.183496j,-0.768270+0.062187j,0.305110-0.095858j,0.632815
0.480938-0.183587j,-0.768291+0.061844j,0.305052-0.095964j,0.633413
0.480669-0.183678j,-0.768313+0.061500j,0.304994-0.096070j,0.634010
0.480401-0.183769j,-0.768335+0.061157j,0.304936-0.096176j,0.634608
0.480132-0.183859j,-0.768356+0.060813j,0.304877-0.096282j,0.635205
0.479864-0.183950j,-0.768377+0.060469j,0.304819-0.096388j,0.635803
0.479596-0.184040j,-0.768398+0.060124j,0.304761-0.096494j,0.636400
0.479328-0.184130j,-0.768419+0.059780j,0.304703-0.096600j,0.636997
0.479060-0.184220j,-0.768440+0.059435j,0.304645-0.096707j,0.637595
0.478792-0.184310j,-0.768461+0.059090j,0.304587-0.096813j,0.638192
0.478524-0.184400j,-0.768482+0.058745j,0.304529-0.096919j,0.638789
0.478257-0.184490j,-0.768502+0.058400j,0.304471-0.097025j,0.639386
0.477989-0.184579j,-0.768523+0.058054j,0.304413-0.097131j,0.639983
0.477721-0.184668j,-0.768543+0.057708j,0.304355-0.097237j,0.640580
0.477454-0.184758j,-0.768563+0.057362j,0.304298-0.097343j,0.641177
0.477187-0.184847j,-0.768583+0.057016j,0.304240-0.097449j,0.641774
0.476919-0.184936j,-0.768603+0.056669j,0.304182-0.097556j,0.642371
0.476652-0.185025j,-0.768623+0.056322j,0.304124-0.097662j,0.642968
0.476385-0.185113j,-0.768642+0.055975j,0.304066-0.097768j,0.643565
0.476118-0.185202j,-0.768662+0.055628j,0.304008-0.097874j,0.644162
0.475851-0.185290j,-0.768681+0.055281j,0.303950-0.097980j,0.644758
0.475584-0.185379j,-0.768701+0.054933j,0.303892-0.098086j,0.645355
0.475317-0.185467j,-0.768720+0.054585j,0.303835-0.098192j,0.645952
0.475050-0.185555j,-0.768739+0.054237j,0.303777-0.098299j,0.646548
0.474784-0.185643j,-0.768758+0.053888j,0.303719-0.098405j,0.647145
0.474517-0.185731j,-0.768776+0.053540j,0.303661-0.098511j,0.647742
0.474251-0.185818j,-0.768795+0.053191j,0.303603-0.098617j,0.648338
0.473984-0.185906j,-0.768814+0.052842j,0.303546-0.098723j,0.648935
0.473718-0.185993j,-0.768832+0.052492j,0.303488-0.098830j,0.649531
0.473452-0.186081j,-0.768850+0.052143j,0.303430-0.098936j,0.650128
0.473186-0.186168j,-0.768868+0.051793j,0.303372-0.099042j,0.650724
0.472920-0.186255j,-0.768887+0.051443j,0.303315-0.099148j,0.651320
0.472654-0.186342j,-0.768904+0.051093j,0.303257-0.099254j,0.651917
0.472388-0.186428j,-0.768922+0.050742j,0.303199-0.099361j,0.652513
0.472122-0.186515j,-0.768940+0.050392j,0.303142-0.099467j,0.653109
0.471856-0.186601j,-0.768957+0.050041j,0.303084-0.099573j,0.653705
0.471590-0.186688j,-0.768975+0.049689j,0.303027-0.099679j,0.654301
0.471325-0.186774j,-0.768992+0.049338j,0.302969-0.099785j,0.654897
0.471059-0.186860j,-0.769009+0.048986j,0.302911-0.099892j,0.655493
0.470794-0.186946j,-0.769026+0.048634j,0.302854-0.099998j,0.656089
0.470529-0.187032j,-0.769043+0.048282j,0.302796-0.100104j,0.656685
0.470263-0.187118j,-0.769060+0.047930j,0.302739-0.100210j,0.657281
0.469998-0.187203j,-0.769076+0.047577j,0.302681-0.100317j,0.657877
0.469733-0.187289j,-0.769093+0.047224j,0.302624-0.100423j,0.658473
0.469468-0.187374j,-0.769109+0.046871j,0.302566-0.100529j,0.659069
0.469203-0.187459j,-0.769125+0.046518j,0.302509-0.100636j,0.659665
0.468938-0.187544j,-0.769142+0.046164j,0.302451-0.100742j,0.660260
0.468674-0.187629j,-0.769158+0.045810j,0.302394-0.100848j,0.660856
0.468409-0.187714j,-0.769173+0.045456j,0.302336-0.100954j,0.661452
0.468144-0.187799j,-0.769189+0.045102j,0.302279-0.101061j,0.662047
0.467880-0.187883j,-0.769205+0.044748j,0.302221-0.101167j,0.662643
0.467615-0.187968j,-0.769220+0.044393j,0.302164-0.101273j,0.663238
0.467351-0.188052j,-0.769235+0.044038j,0.302106-0.101380j,0.663834
0.467087-0.188136j,-0.769251+0.043683j,0.302049-0.101486j,0.664429
0.466823-0.188220j,-0.769266+0.043327j,0.301992-0.101592j,0.665025
0.466558-0.188304j,-0.769281+0.042971j,0.301934-0.101699j,0.665620
0.466294-0.188388j,-0.769295+0.042615j,0.301877-0.101805j,0.666215
0.466031-0.188472j,-0.769310+0.042259j,0.301820-0.101912j,0.666811
0.465767-0.188555j,-0.769325+0.041903j,0.301762-0.102018j,0.667406
0.465503-0.188639j,-0.769339+0.041546j,0.301705-0.102124j,0.668001
0.465239-0.188722j,-0.769353+0.041189j,0.301648-0.102231j,0.668596
0.464976-0.188805j,-0.769367+0.040832j,0.301590-0.102337j,0.669191
0.464712-0.188888j,-0.769381+0.040474j,0.301533-0.102443j,0.669786
0.464449-0.188971j,-0.769395+0.040117j,0.301476-0.102550j,0.670381
0.464185-0.189054j,-0.769409+0.039759j,0.301419-0.102656j,0.670976
0.463922-0.189136j,-0.769423+0.039401j,0.301362-0.102763j,0.671571
0.463659-0.189219j,-0.769436+0.039042j,0.301304-0.102869j,0.672166
0.463396-0.189301j,-0.769449+0.038683j,0.301247-0.102976j,0.672761
0.463133-0.189383j,-0.769463+0.038325j,0.301190-0.103082j,0.673356
0.462870-0.189466j,-0.769476+0.037965j,0.301133-0.103189j,0.673951
0.462607-0.189548j,-0.769489+0.037606j,0.301076-0.103295j,0.674545
0.462344-0.189629j,-0.769501+0.037246j,0.301019-0.103401j,0.675140
0.462081-0.189711j,-0.769514+0.036886j,0.300961-0.103508j,0.675735
0.461819-0.189793j,-0.769526+0.036526j,0.300904-0.103614j,0.676329
0.461556-0.189874j,-0.769539+0.036166j,0.300847-0.103721j,0.676924
0.461294-0.189956j,-0.769551+0.035805j,0.300790-0.103827j,0.677518
0.461032-0.190037j,-0.769563+0.035444j,0.300733-0.103934j,0.678113
0.460769-0.190118j,-0.769575+0.035083j,0.300676-0.104041j,0.678707
0.460507-0.190199j,-0.769587+0.034722j,0.300619-0.104147j,0.679301
0.460245-0.190280j,-0.769599+0.034360j,0.300562-0.104254j,0.679896
0.459983-0.190361j,-0.769610+0.033998j,0.300505-0.104360j,0.680490
0.459721-0.190441j,-0.769622+0.033636j,0.300448-0.104467j,0.681084
0.459459-0.190522j,-0.769633+0.033274j,0.300391-0.104573j,0.681679
0.459197-0.190602j,-0.769644+0.032911j,0.300334-0.104680j,0.682273
0.458936-0.190682j,-0.769655+0.032548j,0.300277-0.104787j,0.682867
0.458674-0.190762j,-0.769666+0.032185j,0.300220-0.104893j,0.683461
0.458412-0.190842j,-0.769677+0.031822j,0.300164-0.105000j,0.684055
0.458151-0.190922j,-0.769687+0.031458j,0.300107-0.105106j,0.684649
0.457890-0.191002j,-0.769698+0.031094j,0.300050-0.105213j,0.685243
0.457628-0.191081j,-0.769708+0.030730j,0.299993-0.105320j,0.685837
0.457367-0.191161j,-0.769718+0.030366j,0.299936-0.105426j,0.686431
0.457106-0.191240j,-0.769728+0.030001j,0.299879-0.105533j,0.687024
0.456845-0.191319j,-0.769738+0.029636j,0.299822-0.105640j,0.687618
0.456584-0.191399j,-0.769748+0.029271j,0.299766-0.105746j,0.688212
0.456323-0.191478j,-0.769758+0.028905j,0.299709-0.105853j,0.688806
0.456062-0.191556j,-0.769767+0.028540j,0.299652-0.105960j,0.689399
0.455802-0.191635j,-0.769776+0.028174j,0.299595-0.106067j,0.689993
0.455541-0.191714j,-0.769785+0.027808j,0.299539-0.106173j,0.690586
0.455281-0.191792j,-0.769795+0.027441j,0.299482-0.106280j,0.691180
0.455020-0.191871j,-0.769803+0.027074j,0.299425-0.106387j,0.691773
0.454760-0.191949j,-0.769812+0.026707j,0.299369-0.106494j,0.692367
0.454499-0.192027j,-0.769821+0.026340j,0.299312-0.106600j,0.692960
0.454239-0.192105j,-0.769829+0.025973j,0.299255-0.106707j,0.693554
0.453979-0.192183j,-0.769838+0.025605j,0.299199-0.106814j,0.694147
0.453719-0.192260j,-0.769846+0.025237j,0.299142-0.106921j,0.694740
0.453459-0.192338j,-0.769854+0.024869j,0.299085-0.107028j,0.695333
0.453199-0.192415j,-0.769862+0.024500j,0.299029-0.107134j,0.695926
0.452940-0.192493j,-0.769870+0.024131j,0.298972-0.107241j,0.696520
0.452680-0.192570j,-0.769877+0.023762j,0.298916-0.107348j,0.697113
0.452420-0.192647j,-0.769885+0.023393j,0.298859-0.107455j,0.697706
0.452161-0.192724j,-0.769892+0.023023j,0.298803-0.107562j,0.698299
0.451901-0.192801j,-0.769899+0.022654j,0.298746-0.107669j,0.698892
0.451642-0.192878j,-0.769906+0.022284j,0.298690-0.107776j,0.699485
0.451383-0.192954j,-0.769913+0.021913j,0.298633-0.107883j,0.700077
0.451123-0.193031j,-0.769920+0.021543j,0.298577-0.107990j,0.700670
0.450864-0.193107j,-0.769926+0.021172j,0.298520-0.108096j,0.701263
0.450605-0.193183j,-0.769933+0.020801j,0.298464-0.108203j,0.701856
0.450346-0.193260j,-0.769939+0.020429j,0.298407-0.108310j,0.702448
0.450087-0.193336j,-0.769945+0.020057j,0.298351-0.108417j,0.703041
0.449829-0.193411j,-0.769951+0.019686j,0.298294-0.108524j,0.703634
0.449570-0.193487j,-0.769957+0.019313j,0.298238-0.108631j,0.704226
0.449311-0.193563j,-0.769963+0.018941j,0.298182-0.108738j,0.704819
0.449053-0.193638j,-0.769968+0.018568j,0.298125-0.108845j,0.705411
0.448794-0.193714j,-0.769974+0.018195j,0.298069-0.108953j,0.706003
0.448536-0.193789j,-0.769979+0.017822j,0.298013-0.109060j,0.706596
0.448278-0.193864j,-0.769984+0.017448j,0.297956-0.109167j,0.707188
0.448019-0.193939j,-0.769989+0.017075j,0.297900-0.109274j,0.707780
0.447761-0.194014j,-0.769994+0.016700j,0.297844-0.109381j,0.708373
0.447503-0.194089j,-0.769999+0.016326j,0.297788-0.109488j,0.708965
0.447245-0.194163j,-0.770003+0.015952j,0.297731-0.109595j,0.709557
0.446987-0.194238j,-0.770008+0.015577j,0.297675-0.109702j,0.710149
0.446730-0.194312j,-0.770012+0.015201j,0.297619-0.109810j,0.710741
0.446472-0.194387j,-0.770016+0.014826j,0.297563-0.109917j,0.711333
0.446214-0.194461j,-0.770020+0.014450j,0.297507-0.110024j,0.711925
0.445957-0.194535j,-0.770024+0.014074j,0.297450-0.110131j,0.712517
0.445699-0.194609j,-0.770027+0.013698j,0.297394-0.110238j,0.713109
0.445442-0.194682j,-0.770031+0.013322j,0.297338-0.110346j,0.713700
0.445185-0.194756j,-0.770034+0.012945j,0.297282-0.110453j,0.714292
0.444927-0.194830j,-0.770037+0.012568j,0.297226-0.110560j,0.714884
0.444670-0.194903j,-0.770040+0.012190j,0.297170-0.110667j,0.715476
0.444413-0.194976j,-0.770043+0.011813j,0.297114-0.110775j,0.716067
0.444156-0.195050j,-0.770046+0.011435j,0.297058-0.110882j,0.716659
0.443899-0.195123j,-0.770048+0.011057j,0.297002-0.110989j,0.717250
0.443643-0.195196j,-0.770051+0.010678j,0.296946-0.111097j,0.717842
0.443386-0.195268j,-0.770053+0.010300j,0.296890-0.111204j,0.718433
0.443129-0.195341j,-0.770055+0.009921j,0.296834-0.111311j,0.719025
0.442873-0.195414j,-0.770057+0.009542j,0.296778-0.111419j,0.719616
0.442616-0.195486j,-0.770059+0.009162j,0.296722-0.111526j,0.720207
0.442360-0.195558j,-0.770061+0.008782j,0.296666-0.111634j,0.720799
0.442104-0.195631j,-0.770062+0.008402j,0.296610-0.111741j,0.721390
0.441847-0.195703j,-0.770063+0.008022j,0.296554-0.111849j,0.721981
0.441591-0.195775j,-0.770065+0.007641j,0.296498-0.111956j,0.722572
0.441335-0.195847j,-0.770066+0.007260j,0.296442-0.112064j,0.723163
0.441079-0.195918j,-0.770067+0.006879j,0.296387-0.112171j,0.723754
0.440823-0.195990j,-0.770067+0.006497j,0.296331-0.112279j,0.724345
0.440568-0.196061j,-0.770068+0.006116j,0.296275-0.112386j,0.724936
0.440312-0.196133j,-0.770068+0.005734j,0.296219-0.112494j,0.725527
0.440056-0.196204j,-0.770068+0.005351j,0.296163-0.112601j,0.726118
0.439801-0.196275j,-0.770068+0.004969j,0.296108-0.112709j,0.726708
0.439545-0.196346j,-0.770068+0.004586j,0.296052-0.112817j,0.727299
0.439290-0.196417j,-0.770068+0.004203j,0.295996-0.112924j,0.727890
0.439035-0.196488j,-0.770068+0.003819j,0.295940-0.113032j,0.728481
0.438779-0.196559j,-0.770067+0.003436j,0.295885-0.113139j,0.729071
0.438524-0.196629j,-0.770067+0.003052j,0.295829-0.113247j,0.729662
0.438269-0.196700j,-0.770066+0.002667j,0.295773-0.113355j,0.730252
0.438014-0.196770j,-0.770065+0.002283j,0.295718-0.113463j,0.730843
0.437759-0.196840j,-0.770063+0.001898j,0.295662-0.113570j,0.731433
0.437505-0.196910j,-0.770062+0.001513j,0.295606-0.113678j,0.732023
0.437250-0.196980j,-0.770061+0.001127j,0.295551-0.113786j,0.732614
0.436995-0.197050j,-0.770059+0.000741j,0.295495-0.113894j,0.733204
0.436741-0.197120j,-0.770057+0.000355j,0.295440-0.114001j,0.733794
0.436486-0.197189j,-0.770055-0.000031j,0.295384-0.114109j,0.734384
0.436232-0.197259j,-0.770053-0.000418j,0.295329-0.114217j,0.734974
0.435978-0.197328j,-0.770051-0.000804j,0.295273-0.114325j,0.735565
0.435723-0.197397j,-0.770048-0.001192j,0.295218-0.114433j,0.736155
0.435469-0.197466j,-0.770045-0.001579j,0.295162-0.114541j,0.736745
0.435215-0.197535j,-0.770043-0.001967j,0.295107-0.114649j,0.737334
0.434961-0.197604j,-0.770040-0.002355j,0.295051-0.114757j,0.737924
0.434707-0.197673j,-0.770037-0.002743j,0.294996-0.114865j,0.738514
0.434454-0.197741j,-0.770033-0.003132j,0.294940-0.114973j,0.739104
0.434200-0.197810j,-0.770030-0.003521j,0.294885-0.115081j,0.739694
0.433946-0.197878j,-0.770026-0.003910j,0.294830-0.115189j,0.740283
0.433693-0.197947j,-0.770022-0.004299j,0.294774-0.115297j,0.740873
0.433439-0.198015j,-0.770018-0.004689j,0.294719-0.115405j,0.741463
0.433186-0.198083j,-0.770014-0.005079j,0.294663-0.115513j,0.742052
0.432933-0.198151j,-0.770010-0.005470j,0.294608-0.115621j,0.742642
0.432679-0.198219j,-0.770006-0.005860j,0.294553-0.115729j,0.743231
0.432426-0.198286j,-0.770001-0.006251j,0.294498-0.115837j,0.743820
0.432173-0.198354j,-0.769996-0.006643j,0.294442-0.115945j,0.744410
0.431920-0.198421j,-0.769991-0.007034j,0.294387-0.116054j,0.744999
0.431668-0.198489j,-0.769986-0.007426j,0.294332-0.116162j,0.745588
0.431415-0.198556j,-0.769981-0.007818j,0.294277-0.116270j,0.746178
0.431162-0.198623j,-0.769975-0.008211j,0.294221-0.116378j,0.746767
0.430909-0.198690j,-0.769970-0.008603j,0.294166-0.116486j,0.747356
0.430657-0.198757j,-0.769964-0.008997j,0.294111-0.116595j,0.747945
0.430404-0.198824j,-0.769958-0.009390j,0.294056-0.116703j,0.748534
0.430152-0.198890j,-0.769952-0.009784j,0.294001-0.116811j,0.749123
0.429900-0.198957j,-0.769946-0.010178j,0.293946-0.116920j,0.749712
0.429648-0.199023j,-0.769939-0.010572j,0.293891-0.117028j,0.750301
0.429395-0.199089j,-0.769933-0.010966j,0.293836-0.117137j,0.750889
0.429143-0.199156j,-0.769926-0.011361j,0.293780-0.117245j,0.751478
0.428891-0.199222j,-0.769919-0.011756j,0.293725-0.117353j,0.752067
0.428640-0.199288j,-0.769912-0.012152j,0.293670-0.117462j,0.752655
0.428388-0.199353j,-0.769904-0.012548j,0.293615-0.117570j,0.753244
0.428136-0.199419j,-0.769897-0.012944j,0.293560-0.117679j,0.753833
0.427885-0.199485j,-0.769889-0.013340j,0.293505-0.117787j,0.754421
0.427633-0.199550j,-0.769881-0.013737j,0.293450-0.117896j,0.755010
0.427382-0.199616j,-0.769873-0.014134j,0.293396-0.118005j,0.755598
0.427130-0.199681j,-0.769865-0.014531j,0.293341-0.118113j,0.756186
0.426879-0.199746j,-0.769857-0.014929j,0.293286-0.118222j,0.756775
0.426628-0.199811j,-0.769848-0.015327j,0.293231-0.118330j,0.757363
0.426377-0.199876j,-0.769840-0.015725j,0.293176-0.118439j,0.757951
0.426126-0.199941j,-0.769831-0.016123j,0.293121-0.118548j,0.758539
0.425875-0.200005j,-0.769822-0.016522j,0.293066-0.118656j,0.759127
0.425624-0.200070j,-0.769812-0.016921j,0.293011-0.118765j,0.759715
0.425373-0.200134j,-0.769803-0.017321j,0.292957-0.118874j,0.760303
0.425122-0.200199j,-0.769794-0.017721j,0.292902-0.118983j,0.760891
0.424872-0.200263j,-0.769784-0.018121j,0.292847-0.119092j,0.761479
0.424621-0.200327j,-0.769774-0.018521j,0.292792-0.119200j,0.762067
0.424371-0.200391j,-0.769764-0.018922j,0.292738-0.119309j,0.762655
0.424120-0.200455j,-0.769753-0.019323j,0.292683-0.119418j,0.763243
0.423870-0.200518j,-0.769743-0.019724j,0.292628-0.119527j,0.763830
0.423620-0.200582j,-0.769732-0.020126j,0.292574-0.119636j,0.764418
0.423370-0.200646j,-0.769722-0.020528j,0.292519-0.119745j,0.765006
0.423120-0.200709j,-0.769711-0.020930j,0.292464-0.119854j,0.765593
0.422870-0.200772j,-0.769699-0.021333j,0.292410-0.119963j,0.766181
0.422620-0.200835j,-0.769688-0.021736j,0.292355-0.120072j,0.766768
0.422370-0.200898j,-0.769677-0.022139j,0.292300-0.120181j,0.767355
0.422121-0.200961j,-0.769665-0.022542j,0.292246-0.120290j,0.767943
0.421871-0.201024j,-0.769653-0.022946j,0.292191-0.120399j,0.768530
0.421622-0.201087j,-0.769641-0.023350j,0.292137-0.120508j,0.769117
0.421372-0.201150j,-0.769629-0.023755j,0.292082-0.120617j,0.769704
0.421123-0.201212j,-0.769616-0.024160j,0.292028-0.120727j,0.770292
0.420873-0.201274j,-0.769604-0.024565j,0.291973-0.120836j,0.770879
0.420624-0.201337j,-0.769591-0.024970j,0.291919-0.120945j,0.771466
0.420375-0.201399j,-0.769578-0.025376j,0.291864-0.121054j,0.772053
0.420126-0.201461j,-0.769565-0.025782j,0.291810-0.121163j,0.772640
0.419877-0.201523j,-0.769551-0.026189j,0.291756-0.121273j,0.773227
0.419628-0.201585j,-0.769538-0.026595j,0.291701-0.121382j,0.773813
0.419380-0.201646j,-0.769524-0.027003j,0.291647-0.121491j,0.774400
0.419131-0.201708j,-0.769510-0.027410j,0.291592-0.121601j,0.774987
0.418882-0.201769j,-0.769496-0.027818j,0.291538-0.121710j,0.775574
0.418634-0.201831j,-0.769482-0.028226j,0.291484-0.121820j,0.776160
0.418385-0.201892j,-0.769468-0.028634j,0.291430-0.121929j,0.776747
0.418137-0.201953j,-0.769453-0.029043j,0.291375-0.122039j,0.777333
0.417889-0.202014j,-0.769438-0.029452j,0.291321-0.122148j,0.777920
0.417641-0.202075j,-0.769423-0.029861j,0.291267-0.122258j,0.778506
0.417393-0.202136j,-0.769408-0.030271j,0.291213-0.122367j,0.779092
0.417145-0.202196j,-0.769393-0.030681j,0.291158-0.122477j,0.779679
0.416897-0.202257j,-0.769377-0.031091j,0.291104-0.122587j,0.780265
0.416649-0.202317j,-0.769361-0.031502j,0.291050-0.122696j,0.780851
0.416401-0.202378j,-0.769345-0.031913j,0.290996-0.122806j,0.781437
0.416153-0.202438j,-0.769329-0.032324j,0.290942-0.122916j,0.782023
0.415906-0.202498j,-0.769313-0.032736j,0.290888-0.123025j,0.782609
0.415658-0.202558j,-0.769296-0.033148j,0.290833-0.123135j,0.783195
0.415411-0.202618j,-0.769280-0.033560j,0.290779-0.123245j,0.783781
0.415164-0.202678j,-0.769263-0.033973j,0.290725-0.123355j,0.784367
0.414916-0.202737j,-0.769246-0.034386j,0.290671-0.123465j,0.784953
0.414669-0.202797j,-0.769229-0.034799j,0.290617-0.123574j,0.785539
0.414422-0.202856j,-0.769211-0.035213j,0.290563-0.123684j,0.786125
0.414175-0.202915j,-0.769193-0.035627j,0.290509-0.123794j,0.786710
0.413928-0.202975j,-0.769176-0.036041j,0.290455-0.123904j,0.787296
0.413681-0.203034j,-0.769158-0.036456j,0.290401-0.124014j,0.787881
0.413435-0.203093j,-0.769139-0.036871j,0.290347-0.124124j,0.788467
0.413188-0.203152j,-0.769121-0.037287j,0.290293-0.124234j,0.789052
0.412941-0.203210j,-0.769102-0.037702j,0.290240-0.124344j,0.789638
0.412695-0.203269j,-0.769084-0.038118j,0.290186-0.124455j,0.790223
0.412448-0.203328j,-0.769065-0.038535j,0.290132-0.124565j,0.790808
0.412202-0.203386j,-0.769045-0.038951j,0.290078-0.124675j,0.791394
0.411956-0.203444j,-0.769026-0.039369j,0.290024-0.124785j,0.791979
0.411710-0.203503j,-0.769006-0.039786j,0.289970-0.124895j,0.792564
0.411464-0.203561j,-0.768987-0.040204j,0.289917-0.125006j,0.793149
0.411218-0.203619j,-0.768967-0.040622j,0.289863-0.125116j,0.793734
0.410972-0.203676j,-0.768947-0.041040j,0.289809-0.125226j,0.794319
0.410726-0.203734j,-0.768926-0.041459j,0.289755-0.125337j,0.794904
0.410480-0.203792j,-0.768906-0.041878j,0.289702-0.125447j,0.795489
0.410235-0.203849j,-0.768885-0.042298j,0.289648-0.125557j,0.796074
0.409989-0.203907j,-0.768864-0.042718j,0.289594-0.125668j,0.796658
0.409743-0.203964j,-0.768843-0.043138j,0.289541-0.125778j,0.797243
0.409498-0.204021j,-0.768821-0.043558j,0.289487-0.125889j,0.797828
0.409253-0.204078j,-0.768800-0.043979j,0.289433-0.125999j,0.798412
0.409008-0.204135j,-0.768778-0.044401j,0.289380-0.126110j,0.798997
0.408762-0.204192j,-0.768756-0.044822j,0.289326-0.126221j,0.799581
0.408517-0.204249j,-0.768734-0.045244j,0.289273-0.126331j,0.800166
0.408272-0.204306j,-0.768712-0.045666j,0.289219-0.126442j,0.800750
0.408027-0.204362j,-0.768689-0.046089j,0.289166-0.126553j,0.801335
0.407783-0.204419j,-0.768666-0.046512j,0.289112-0.126663j,0.801919
0.407538-0.204475j,-0.768643-0.046935j,0.289059-0.126774j,0.802503
0.407293-0.204531j,-0.768620-0.047359j,0.289005-0.126885j,0.803087
0.407049-0.204587j,-0.768597-0.047783j,0.288952-0.126996j,0.803671
0.406804-0.204643j,-0.768573-0.048208j,0.288898-0.127107j,0.804255
0.406560-0.204699j,-0.768550-0.048633j,0.288845-0.127217j,0.804839
0.406315-0.204755j,-0.768526-0.049058j,0.288792-0.127328j,0.805423
0.406071-0.204811j,-0.768501-0.049483j,0.288738-0.127439j,0.806007
0.405827-0.204866j,-0.768477-0.049909j,0.288685-0.127550j,0.806591
0.405583-0.204922j,-0.768452-0.050335j,0.288632-0.127661j,0.807175
0.405339-0.204977j,-0.768428-0.050762j,0.288578-0.127772j,0.807758
0.405095-0.205032j,-0.768403-0.051189j,0.288525-0.127884j,0.808342
0.404851-0.205087j,-0.768377-0.051616j,0.288472-0.127995j,0.808926
0.404608-0.205142j,-0.768352-0.052044j,0.288418-0.128106j,0.809509
0.404364-0.205197j,-0.768326-0.052472j,0.288365-0.128217j,0.810093
0.404120-0.205252j,-0.768300-0.052900j,0.288312-0.128328j,0.810676
0.403877-0.205307j,-0.768274-0.053329j,0.288259-0.128440j,0.811259
0.403634-0.205361j,-0.768248-0.053758j,0.288206-0.128551j,0.811843
0.403390-0.205416j,-0.768222-0.054188j,0.288153-0.128662j,0.812426
0.403147-0.205470j,-0.768195-0.054618j,0.288099-0.128774j,0.813009
0.402904-0.205525j,-0.768168-0.055048j,0.288046-0.128885j,0.813592
0.402661-0.205579j,-0.768141-0.055479j,0.287993-0.128996j,0.814175
0.402418-0.205633j,-0.768114-0.055910j,0.287940-0.129108j,0.814759
0.402175-0.205687j,-0.768086-0.056341j,0.287887-0.129219j,0.815342
0.401932-0.205740j,-0.768058-0.056773j,0.287834-0.129331j,0.815924
0.401690-0.205794j,-0.768030-0.057205j,0.287781-0.129443j,0.816507
0.401447-0.205848j,-0.768002-0.057637j,0.287728-0.129554j,0.817090
0.401204-0.205901j,-0.767974-0.058070j,0.287675-0.129666j,0.817673
0.400962-0.205955j,-0.767945-0.058503j,0.287622-0.129778j,0.818256
0.400720-0.206008j,-0.767917-0.058937j,0.287569-0.129889j,0.818838
0.400477-0.206061j,-0.767887-0.059371j,0.287516-0.130001j,0.819421
0.400235-0.206114j,-0.767858-0.059805j,0.287463-0.130113j,0.820003
0.399993-0.206167j,-0.767829-0.060240j,0.287411-0.130225j,0.820586
0.399751-0.206220j,-0.767799-0.060675j,0.287358-0.130337j,0.821168
0.399509-0.206273j,-0.767769-0.061111j,0.287305-0.130449j,0.821751
0.399267-0.206325j,-0.767739-0.061547j,0.287252-0.130560j,0.822333
0.399025-0.206378j,-0.767709-0.061983j,0.287199-0.130672j,0.822915
0.398784-0.206430j,-0.767678-0.062420j,0.287146-0.130785j,0.823497
0.398542-0.206483j,-0.767647-0.062857j,0.287094-0.130897j,0.824079
0.398300-0.206535j,-0.767616-0.063294j,0.287041-0.131009j,0.824661
0.398059-0.206587j,-0.767585-0.063732j,0.286988-0.131121j,0.825243
0.397818-0.206639j,-0.767554-0.064170j,0.286936-0.131233j,0.825825
0.397576-0.206691j,-0.767522-0.064609j,0.286883-0.131345j,0.826407
0.397335-0.206743j,-0.767490-0.065048j,0.286830-0.131457j,0.826989
0.397094-0.206794j,-0.767458-0.065487j,0.286778-0.131570j,0.827571
0.396853-0.206846j,-0.767426-0.065927j,0.286725-0.131682j,0.828153
0.396612-0.206897j,-0.767393-0.066367j,0.286672-0.131794j,0.828734
0.396371-0.206949j,-0.767361-0.066807j,0.286620-0.131907j,0.829316
0.396130-0.207000j,-0.767328-0.067248j,0.286567-0.132019j,0.829898
0.395890-0.207051j,-0.767294-0.067690j,0.286515-0.132132j,0.830479
0.395649-0.207102j,-0.767261-0.068131j,0.286462-0.132244j,0.831060
0.395409-0.207153j,-0.767227-0.068573j,0.286410-0.132357j,0.831642
0.395168-0.207204j,-0.767193-0.069016j,0.286357-0.132469j,0.832223
0.394928-0.207255j,-0.767159-0.069459j,0.286305-0.132582j,0.832804
0.394688-0.207305j,-0.767125-0.069902j,0.286252-0.132695j,0.833386
0.394447-0.207356j,-0.767090-0.070346j,0.286200-0.132808j,0.833967
0.394207-0.207406j,-0.767056-0.070790j,0.286148-0.132920j,0.834548
0.393967-0.207456j,-0.767021-0.071234j,0.286095-0.133033j,0.835129
0.393727-0.207507j,-0.766985-0.071679j,0.286043-0.133146j,0.835710
0.393488-0.207557j,-0.766950-0.072125j,0.285991-0.133259j,0.836291
0.393248-0.207607j,-0.766914-0.072570j,0.285938-0.133372j,0.836872
0.393008-0.207657j,-0.766878-0.073016j,0.285886-0.133485j,0.837452
0.392768-0.207706j,-0.766842-0.073463j,0.285834-0.133598j,0.838033
0.392529-0.207756j,-0.766806-0.073910j,0.285781-0.133711j,0.838614
0.392290-0.207806j,-0.766769-0.074357j,0.285729-0.133824j,0.839194
0.392050-0.207855j,-0.766732-0.074805j,0.285677-0.133937j,0.839775
0.391811-0.207904j,-0.766695-0.075253j,0.285625-0.134050j,0.840355
0.391572-0.207954j,-0.766658-0.075701j,0.285573-0.134163j,0.840936
0.391333-0.208003j,-0.766620-0.076150j,0.285521-0.134277j,0.841516
0.391094-0.208052j,-0.766582-0.076600j,0.285468-0.134390j,0.842096
0.390855-0.208101j,-0.766544-0.077049j,0.285416-0.134503j,0.842677
0.390616-0.208150j,-0.766506-0.077500j,0.285364-0.134617j,0.843257
0.390377-0.208198j,-0.766467-0.077950j,0.285312-0.134730j,0.843837
0.390138-0.208247j,-0.766429-0.078401j,0.285260-0.134844j,0.844417
0.389900-0.208295j,-0.766390-0.078853j,0.285208-0.134957j,0.844997
0.389661-0.208344j,-0.766350-0.079304j,0.285156-0.135071j,0.845577
0.389423-0.208392j,-0.766311-0.079757j,0.285104-0.135184j,0.846157
0.389185-0.208440j,-0.766271-0.080209j,0.285052-0.135298j,0.846737
0.388946-0.208488j,-0.766231-0.080662j,0.285000-0.135412j,0.847317
0.388708-0.208536j,-0.766191-0.081116j,0.284948-0.135525j,0.847896
0.388470-0.208584j,-0.766150-0.081570j,0.284897-0.135639j,0.848476
0.388232-0.208632j,-0.766110-0.082024j,0.284845-0.135753j,0.849056
0.387994-0.208680j,-0.766069-0.082479j,0.284793-0.135867j,0.849635
0.387756-0.208727j,-0.766028-0.082934j,0.284741-0.135981j,0.850215
0.387519-0.208775j,-0.765986-0.083390j,0.284689-0.136095j,0.850794
0.387281-0.208822j,-0.765945-0.083846j,0.284637-0.136209j,0.851373
0.387043-0.208869j,-0.765903-0.084302j,0.284586-0.136323j,0.851953
0.386806-0.208917j,-0.765861-0.084759j,0.284534-0.136437j,0.852532
0.386569-0.208964j,-0.765818-0.085217j,0.284482-0.136551j,0.853111
0.386331-0.209011j,-0.765775-0.085674j,0.284431-0.136665j,0.853690
0.386094-0.209057j,-0.765733-0.086133j,0.284379-0.136779j,0.854269
0.385857-0.209104j,-0.765689-0.086591j,0.284327-0.136893j,0.854848
0.385620-0.209151j,-0.765646-0.087050j,0.284276-0.137008j,0.855427
0.385383-0.209197j,-0.765602-0.087510j,0.284224-0.137122j,0.856006
0.385146-0.209244j,-0.765559-0.087970j,0.284172-0.137236j,0.856585
0.384909-0.209290j,-0.765514-0.088430j,0.284121-0.137351j,0.857163
0.384672-0.209336j,-0.765470-0.088891j,0.284069-0.137465j,0.857742
0.384436-0.209383j,-0.765425-0.089352j,0.284018-0.137580j,0.858321
0.384199-0.209429j,-0.765380-0.089814j,0.283966-0.137695j,0.858899
0.383963-0.209474j,-0.765335-0.090276j,0.283915-0.137809j,0.859478
0.383726-0.209520j,-0.765290-0.090738j,0.283863-0.137924j,0.860056
0.383490-0.209566j,-0.765244-0.091201j,0.283812-0.138039j,0.860634
0.383254-0.209612j,-0.765198-0.091665j,0.283760-0.138153j,0.861213
0.383018-0.209657j,-0.765152-0.092129j,0.283709-0.138268j,0.861791
0.382781-0.209703j,-0.765106-0.092593j,0.283658-0.138383j,0.862369
0.382545-0.209748j,-0.765059-0.093058j,0.283606-0.138498j,0.862947
0.382310-0.209793j,-0.765012-0.093523j,0.283555-0.138613j,0.863525
0.382074-0.209838j,-0.764965-0.093989j,0.283504-0.138728j,0.864103
0.381838-0.209883j,-0.764918-0.094455j,0.283452-0.138843j,0.864681
0.381602-0.209928j,-0.764870-0.094922j,0.283401-0.138958j,0.865259
0.381367-0.209973j,-0.764822-0.095389j,0.283350-0.139073j,0.865837
0.381131-0.210018j,-0.764774-0.095856j,0.283299-0.139188j,0.866415
0.380896-0.210062j,-0.764725-0.096324j,0.283248-0.139304j,0.866992
0.380661-0.210107j,-0.764676-0.096792j,0.283196-0.139419j,0.867570
0.380425-0.210151j,-0.764627-0.097261j,0.283145-0.139534j,0.868148
0.380190-0.210195j,-0.764578-0.097731j,0.283094-0.139650j,0.868725
0.379955-0.210240j,-0.764529-0.098200j,0.283043-0.139765j,0.869302
0.379720-0.210284j,-0.764479-0.098671j,0.282992-0.139881j,0.869880
0.379485-0.210328j,-0.764429-0.099141j,0.282941-0.139996j,0.870457
0.379251-0.210372j,-0.764378-0.099612j,0.282890-0.140112j,0.871034
0.379016-0.210415j,-0.764328-0.100084j,0.282839-0.140227j,0.871612
0.378781-0.210459j,-0.764277-0.100556j,0.282788-0.140343j,0.872189
0.378547-0.210503j,-0.764226-0.101029j,0.282737-0.140459j,0.872766
0.378312-0.210546j,-0.764174-0.101502j,0.282686-0.140575j,0.873343
0.378078-0.210590j,-0.764123-0.101975j,0.282635-0.140691j,0.873920
0.377844-0.210633j,-0.764071-0.102449j,0.282584-0.140806j,0.874496
0.377609-0.210676j,-0.764018-0.102923j,0.282533-0.140922j,0.875073
0.377375-0.210719j,-0.763966-0.103398j,0.282482-0.141038j,0.875650
0.377141-0.210762j,-0.763913-0.103874j,0.282431-0.141154j,0.876227
0.376907-0.210805j,-0.763860-0.104350j,0.282381-0.141271j,0.876803
0.376673-0.210848j,-0.763807-0.104826j,0.282330-0.141387j,0.877380
0.376440-0.210890j,-0.763753-0.105303j,0.282279-0.141503j,0.877956
0.376206-0.210933j,-0.763699-0.105780j,0.282228-0.141619j,0.878533
0.375972-0.210976j,-0.763645-0.106258j,0.282178-0.141735j,0.879109
0.375739-0.211018j,-0.763591-0.106736j,0.282127-0.141852j,0.879685
0.375505-0.211060j,-0.763536-0.107215j,0.282076-0.141968j,0.880261
0.375272-0.211102j,-0.763481-0.107694j,0.282026-0.142085j,0.880838
0.375039-0.211144j,-0.763426-0.108174j,0.281975-0.142201j,0.881414
0.374806-0.211186j,-0.763370-0.108654j,0.281924-0.142318j,0.881990
0.374572-0.211228j,-0.763315-0.109134j,0.281874-0.142434j,0.882566
0.374339-0.211270j,-0.763259-0.109616j,0.281823-0.142551j,0.883142
0.374106-0.211312j,-0.763202-0.110097j,0.281773-0.142668j,0.883717
0.373874-0.211353j,-0.763146-0.110579j,0.281722-0.142785j,0.884293
0.373641-0.211395j,-0.763089-0.111062j,0.281672-0.142902j,0.884869
0.373408-0.211436j,-0.763031-0.111545j,0.281621-0.143018j,0.885444
0.373176-0.211478j,-0.762974-0.112029j,0.281571-0.143135j,0.886020
0.372943-0.211519j,-0.762916-0.112513j,0.281520-0.143252j,0.886595
0.372711-0.211560j,-0.762858-0.112997j,0.281470-0.143369j,0.887171
0.372478-0.211601j,-0.762800-0.113482j,0.281420-0.143487j,0.887746
0.372246-0.211642j,-0.762741-0.113968j,0.281369-0.143604j,0.888322
0.372014-0.211683j,-0.762682-0.114454j,0.281319-0.143721j,0.888897
0.371782-0.211723j,-0.762623-0.114941j,0.281269-0.143838j,0.889472
0.371550-0.211764j,-0.762564-0.115428j,0.281218-0.143956j,0.890047
0.371318-0.211804j,-0.762504-0.115915j,0.281168-0.144073j,0.890622
0.371086-0.211845j,-0.762444-0.116403j,0.281118-0.144190j,0.891197
0.370854-0.211885j,-0.762383-0.116892j,0.281068-0.144308j,0.891772
0.370622-0.211925j,-0.762323-0.117381j,0.281017-0.144425j,0.892347
0.370391-0.211965j,-0.762262-0.117871j,0.280967-0.144543j,0.892922
0.370159-0.212005j,-0.762200-0.118361j,0.280917-0.144661j,0.893496
0.369928-0.212045j,-0.762139-0.118852j,0.280867-0.144779j,0.894071
0.369697-0.212085j,-0.762077-0.119343j,0.280817-0.144896j,0.894645
0.369465-0.212125j,-0.762015-0.119835j,0.280767-0.145014j,0.895220
0.369234-0.212164j,-0.761952-0.120327j,0.280717-0.145132j,0.895794
0.369003-0.212204j,-0.761890-0.120819j,0.280667-0.145250j,0.896369
0.368772-0.212243j,-0.761827-0.121313j,0.280617-0.145368j,0.896943
0.368541-0.212283j,-0.761763-0.121806j,0.280567-0.145486j,0.897517
0.368310-0.212322j,-0.761700-0.122301j,0.280517-0.145604j,0.898091
0.368079-0.212361j,-0.761636-0.122796j,0.280467-0.145722j,0.898666
0.367849-0.212400j,-0.761571-0.123291j,0.280417-0.145841j,0.899240
0.367618-0.212439j,-0.761507-0.123787j,0.280367-0.145959j,0.899814
0.367388-0.212478j,-0.761442-0.124283j,0.280317-0.146077j,0.900387
0.367157-0.212517j,-0.761377-0.124780j,0.280268-0.146196j,0.900961
0.366927-0.212555j,-0.761311-0.125278j,0.280218-0.146314j,0.901535
0.366697-0.212594j,-0.761246-0.125776j,0.280168-0.146433j,0.902109
0.366467-0.212632j,-0.761180-0.126274j,0.280118-0.146551j,0.902682
0.366236-0.212671j,-0.761113-0.126773j,0.280068-0.146670j,0.903256
0.366006-0.212709j,-0.761046-0.127273j,0.280019-0.146789j,0.903829
0.365777-0.212747j,-0.760979-0.127773j,0.279969-0.146908j,0.904403
0.365547-0.212785j,-0.760912-0.128274j,0.279919-0.147027j,0.904976
0.365317-0.212823j,-0.760845-0.128775j,0.279870-0.147145j,0.905549
0.365087-0.212861j,-0.760777-0.129277j,0.279820-0.147264j,0.906123
0.364858-0.212899j,-0.760708-0.129779j,0.279771-0.147383j,0.906696
0.364628-0.212936j,-0.760640-0.130282j,0.279721-0.147503j,0.907269
0.364399-0.212974j,-0.760571-0.130785j,0.279672-0.147622j,0.907842
0.364170-0.213011j,-0.760502-0.131289j,0.279622-0.147741j,0.908415
0.363940-0.213049j,-0.760432-0.131794j,0.279573-0.147860j,0.908988
0.363711-0.213086j,-0.760362-0.132299j,0.279523-0.147979j,0.909560
0.363482-0.213123j,-0.760292-0.132804j,0.279474-0.148099j,0.910133
0.363253-0.213160j,-0.760222-0.133311j,0.279424-0.148218j,0.910706
0.363024-0.213197j,-0.760151-0.133817j,0.279375-0.148338j,0.911278
0.362795-0.213234j,-0.760080-0.134325j,0.279326-0.148457j,0.911851
0.362567-0.213271j,-0.760008-0.134833j,0.279276-0.148577j,0.912423
0.362338-0.213308j,-0.759937-0.135341j,0.279227-0.148697j,0.912996
0.362109-0.213344j,-0.759864-0.135850j,0.279178-0.148817j,0.913568
0.361881-0.213381j,-0.759792-0.136360j,0.279128-0.148936j,0.914140
0.361653-0.213417j,-0.759719-0.136870j,0.279079-0.149056j,0.914713
0.361424-0.213454j,-0.759646-0.137380j,0.279030-0.149176j,0.915285
0.361196-0.213490j,-0.759573-0.137892j,0.278981-0.149296j,0.915857
0.360968-0.213526j,-0.759499-0.138404j,0.278932-0.149416j,0.916429
0.360740-0.213562j,-0.759425-0.138916j,0.278882-0.149537j,0.917001
0.360512-0.213598j,-0.759351-0.139429j,0.278833-0.149657j,0.917572
0.360284-0.213634j,-0.759276-0.139943j,0.278784-0.149777j,0.918144
0.360056-0.213669j,-0.759201-0.140457j,0.278735-0.149897j,0.918716
0.359828-0.213705j,-0.759126-0.140971j,0.278686-0.150018j,0.919287
0.359601-0.213741j,-0.759050-0.141487j,0.278637-0.150138j,0.919859
0.359373-0.213776j,-0.758974-0.142003j,0.278588-0.150259j,0.920430
0.359146-0.213812j,-0.758897-0.142519j,0.278539-0.150380j,0.921002
0.358918-0.213847j,-0.758821-0.143036j,0.278490-0.150500j,0.921573
0.358691-0.213882j,-0.758744-0.143554j,0.278441-0.150621j,0.922144
0.358464-0.213917j,-0.758666-0.144072j,0.278393-0.150742j,0.922716
0.358237-0.213952j,-0.758588-0.144591j,0.278344-0.150863j,0.923287
0.358010-0.213987j,-0.758510-0.145111j,0.278295-0.150984j,0.923858
0.357783-0.214022j,-0.758432-0.145631j,0.278246-0.151105j,0.924429
0.357556-0.214056j,-0.758353-0.146151j,0.278197-0.151226j,0.925000
0.357329-0.214091j,-0.758274-0.146673j,0.278149-0.151347j,0.925571
0.357102-0.214126j,-0.758194-0.147194j,0.278100-0.151468j,0.926141
0.356876-0.214160j,-0.758115-0.147717j,0.278051-0.151589j,0.926712
0.356649-0.214194j,-0.758034-0.148240j,0.278002-0.151711j,0.927283
0.356423-0.214229j,-0.757954-0.148764j,0.277954-0.151832j,0.927853
0.356196-0.214263j,-0.757873-0.149288j,0.277905-0.151954j,0.928424
0.355970-0.214297j,-0.757792-0.149813j,0.277857-0.152075j,0.928994
0.355744-0.214331j,-0.757710-0.150338j,0.277808-0.152197j,0.929564
0.355518-0.214365j,-0.757628-0.150865j,0.277760-0.152319j,0.930135
0.355292-0.214398j,-0.757546-0.151391j,0.277711-0.152440j,0.930705
0.355066-0.214432j,-0.757463-0.151919j,0.277663-0.152562j,0.931275
0.354840-0.214466j,-0.757380-0.152447j,0.277614-0.152684j,0.931845
0.354614-0.214499j,-0.757297-0.152975j,0.277566-0.152806j,0.932415
0.354388-0.214533j,-0.757213-0.153505j,0.277517-0.152928j,0.932985
0.354163-0.214566j,-0.757129-0.154035j,0.277469-0.153050j,0.933555
0.353937-0.214599j,-0.757045-0.154565j,0.277421-0.153172j,0.934124
0.353712-0.214632j,-0.756960-0.155096j,0.277372-0.153295j,0.934694
0.353486-0.214665j,-0.756875-0.155628j,0.277324-0.153417j,0.935264
0.353261-0.214698j,-0.756789-0.156160j,0.277276-0.153539j,0.935833
0.353036-0.214731j,-0.756703-0.156693j,0.277227-0.153662j,0.936403
0.352811-0.214764j,-0.756617-0.157227j,0.277179-0.153784j,0.936972
0.352586-0.214796j,-0.756530-0.157762j,0.277131-0.153907j,0.937541
0.352361-0.214829j,-0.756443-0.158297j,0.277083-0.154030j,0.938111
0.352136-0.214861j,-0.756356-0.158832j,0.277035-0.154153j,0.938680
0.351911-0.214894j,-0.756268-0.159369j,0.276987-0.154275j,0.939249
0.351686-0.214926j,-0.756180-0.159905j,0.276939-0.154398j,0.939818
0.351462-0.214958j,-0.756092-0.160443j,0.276891-0.154521j,0.940387
0.351237-0.214990j,-0.756003-0.160981j,0.276843-0.154644j,0.940956
0.351013-0.215022j,-0.755913-0.161520j,0.276795-0.154767j,0.941525
0.350788-0.215054j,-0.755824-0.162060j,0.276747-0.154891j,0.942093
0.350564-0.215086j,-0.755734-0.162600j,0.276699-0.155014j,0.942662
0.350340-0.215118j,-0.755643-0.163141j,0.276651-0.155137j,0.943231
0.350116-0.215149j,-0.755553-0.163683j,0.276603-0.155261j,0.943799
0.349892-0.215181j,-0.755461-0.164225j,0.276555-0.155384j,0.944367
0.349668-0.215212j,-0.755370-0.164768j,0.276507-0.155508j,0.944936
0.349444-0.215244j,-0.755278-0.165311j,0.276459-0.155631j,0.945504
0.349220-0.215275j,-0.755186-0.165856j,0.276412-0.155755j,0.946072
0.348996-0.215306j,-0.755093-0.166400j,0.276364-0.155879j,0.946640
0.348773-0.215337j,-0.755000-0.166946j,0.276316-0.156003j,0.947208
0.348549-0.215368j,-0.754906-0.167492j,0.276268-0.156127j,0.947776
0.348326-0.215399j,-0.754813-0.168039j,0.276221-0.156251j,0.948344
0.348103-0.215430j,-0.754718-0.168587j,0.276173-0.156375j,0.948912
0.347879-0.215461j,-0.754624-0.169135j,0.276126-0.156499j,0.949480
0.347656-0.215491j,-0.754529-0.169685j,0.276078-0.156623j,0.950048
0.347433-0.215522j,-0.754433-0.170234j,0.276030-0.156748j,0.950615
0.347210-0.215552j,-0.754337-0.170785j,0.275983-0.156872j,0.951183
0.346987-0.215583j,-0.754241-0.171336j,0.275935-0.156997j,0.951750
0.346764-0.215613j,-0.754144-0.171888j,0.275888-0.157121j,0.952318
0.346541-0.215643j,-0.754047-0.172440j,0.275841-0.157246j,0.952885
0.346319-0.215673j,-0.753950-0.172994j,0.275793-0.157371j,0.953452
0.346096-0.215703j,-0.753852-0.173548j,0.275746-0.157495j,0.954019
0.345874-0.215733j,-0.753754-0.174102j,0.275698-0.157620j,0.954586
0.345651-0.215763j,-0.753655-0.174658j,0.275651-0.157745j,0.955153
0.345429-0.215793j,-0.753556-0.175214j,0.275604-0.157870j,0.955720
0.345207-0.215822j,-0.753456-0.175771j,0.275557-0.157995j,0.956287
0.344984-0.215852j,-0.753356-0.176328j,0.275509-0.158120j,0.956854
0.344762-0.215881j,-0.753256-0.176886j,0.275462-0.158246j,0.957420
0.344540-0.215911j,-0.753155-0.177445j,0.275415-0.158371j,0.957987
0.344318-0.215940j,-0.753054-0.178005j,0.275368-0.158497j,0.958554
0.344096-0.215969j,-0.752953-0.178566j,0.275321-0.158622j,0.959120
0.343875-0.215998j,-0.752851-0.179127j,0.275274-0.158748j,0.959686
0.343653-0.216027j,-0.752748-0.179689j,0.275227-0.158873j,0.960253
0.343431-0.216056j,-0.752645-0.180252j,0.275180-0.158999j,0.960819
0.343210-0.216085j,-0.752542-0.180815j,0.275133-0.159125j,0.961385
0.342989-0.216114j,-0.752438-0.181379j,0.275086-0.159251j,0.961951
0.342767-0.216142j,-0.752334-0.181944j,0.275039-0.159377j,0.962517
0.342546-0.216171j,-0.752230-0.182510j,0.274992-0.159503j,0.963083
0.342325-0.216199j,-0.752125-0.183076j,0.274945-0.159629j,0.963649
0.342104-0.216228j,-0.752019-0.183643j,0.274898-0.159755j,0.964215
0.341883-0.216256j,-0.751913-0.184211j,0.274851-0.159882j,0.964780
0.341662-0.216284j,-0.751807-0.184780j,0.274804-0.160008j,0.965346
0.341441-0.216312j,-0.751700-0.185350j,0.274758-0.160135j,0.965911
0.341220-0.216340j,-0.751593-0.185920j,0.274711-0.160261j,0.966477
0.340999-0.216368j,-0.751486-0.186491j,0.274664-0.160388j,0.967042
0.340779-0.216396j,-0.751378-0.187063j,0.274618-0.160515j,0.967607
0.340558-0.216424j,-0.751269-0.187635j,0.274571-0.160641j,0.968173
0.340338-0.216451j,-0.751160-0.188208j,0.274524-0.160768j,0.968738
0.340118-0.216479j,-0.751051-0.188783j,0.274478-0.160895j,0.969303
0.339897-0.216506j,-0.750941-0.189358j,0.274431-0.161023j,0.969868
0.339677-0.216534j,-0.750831-0.189933j,0.274385-0.161150j,0.970433
0.339457-0.216561j,-0.750720-0.190510j,0.274338-0.161277j,0.970997
0.339237-0.216588j,-0.750609-0.191087j,0.274292-0.161404j,0.971562
0.339017-0.216615j,-0.750497-0.191665j,0.274245-0.161532j,0.972127
0.338797-0.216642j,-0.750385-0.192244j,0.274199-0.161659j,0.972691
0.338578-0.216669j,-0.750273-0.192824j,0.274153-0.161787j,0.973256
0.338358-0.216696j,-0.750160-0.193404j,0.274106-0.161915j,0.973820
0.338138-0.216723j,-0.750046-0.193985j,0.274060-0.162042j,0.974384
0.337919-0.216750j,-0.749932-0.194568j,0.274014-0.162170j,0.974949
0.337699-0.216776j,-0.749818-0.195151j,0.273967-0.162298j,0.975513
0.337480-0.216803j,-0.749703-0.195734j,0.273921-0.162426j,0.976077
0.337261-0.216829j,-0.749588-0.196319j,0.273875-0.162554j,0.976641
0.337042-0.216855j,-0.749472-0.196904j,0.273829-0.162683j,0.977205
0.336823-0.216882j,-0.749356-0.197491j,0.273783-0.162811j,0.977769
0.336604-0.216908j,-0.749239-0.198078j,0.273737-0.162939j,0.978332
0.336385-0.216934j,-0.749122-0.198665j,0.273691-0.163068j,0.978896
0.336166-0.216960j,-0.749004-0.199254j,0.273645-0.163196j,0.979460
0.335947-0.216986j,-0.748886-0.199844j,0.273599-0.163325j,0.980023
0.335729-0.217011j,-0.748767-0.200434j,0.273553-0.163454j,0.980587
0.335510-0.217037j,-0.748648-0.201026j,0.273507-0.163583j,0.981150
0.335291-0.217063j,-0.748528-0.201618j,0.273461-0.163712j,0.981713
0.335073-0.217088j,-0.748408-0.202211j,0.273415-0.163841j,0.982276
0.334855-0.217114j,-0.748288-0.202804j,0.273369-0.163970j,0.982840
0.334636-0.217139j,-0.748167-0.203399j,0.273324-0.164099j,0.983403
0.334418-0.217164j,-0.748045-0.203995j,0.273278-0.164228j,0.983966
0.334200-0.217190j,-0.747923-0.204591j,0.273232-0.164358j,0.984528
0.333982-0.217215j,-0.747800-0.205188j,0.273186-0.164487j,0.985091
0.333764-0.217240j,-0.747677-0.205787j,0.273141-0.164617j,0.985654
0.333547-0.217265j,-0.747554-0.206386j,0.273095-0.164746j,0.986216
0.333329-0.217289j,-0.747430-0.206986j,0.273049-0.164876j,0.986779
0.333111-0.217314j,-0.747305-0.207587j,0.273004-0.165006j,0.987341
0.332894-0.217339j,-0.747180-0.208188j,0.272958-0.165136j,0.987904
0.332676-0.217363j,-0.747055-0.208791j,0.272913-0.165266j,0.988466
0.332459-0.217388j,-0.746929-0.209394j,0.272867-0.165396j,0.989028
0.332241-0.217412j,-0.746802-0.209999j,0.272822-0.165526j,0.989590
0.332024-0.217437j,-0.746675-0.210604j,0.272777-0.165657j,0.990152
0.331807-0.217461j,-0.746547-0.211210j,0.272731-0.165787j,0.990714
0.331590-0.217485j,-0.746419-0.211818j,0.272686-0.165918j,0.991276
0.331373-0.217509j,-0.746290-0.212426j,0.272641-0.166048j,0.991838
0.331156-0.217533j,-0.746161-0.213035j,0.272595-0.166179j,0.992400
0.330939-0.217557j,-0.746032-0.213645j,0.272550-0.166310j,0.992961
0.330722-0.217581j,-0.745901-0.214255j,0.272505-0.166441j,0.993523
0.330506-0.217604j,-0.745771-0.214867j,0.272460-0.166572j,0.994084
0.330289-0.217628j,-0.745639-0.215480j,0.272415-0.166703j,0.994646
0.330073-0.217651j,-0.745507-0.216094j,0.272370-0.166834j,0.995207
0.329856-0.217675j,-0.745375-0.216708j,0.272324-0.166965j,0.995768
0.329640-0.217698j,-0.745242-0.217324j,0.272279-0.167097j,0.996329
0.329424-0.217722j,-0.745109-0.217940j,0.272234-0.167228j,0.996890
0.329208-0.217745j,-0.744975-0.218558j,0.272189-0.167360j,0.997451
0.328992-0.217768j,-0.744840-0.219176j,0.272145-0.167491j,0.998012
0.328776-0.217791j,-0.744705-0.219796j,0.272100-0.167623j,0.998573
0.328560-0.217814j,-0.744570-0.220416j,0.272055-0.167755j,0.999133
0.328344-0.217837j,-0.744433-0.221037j,0.272010-0.167887j,0.999694
0.328128-0.217859j,-0.744297-0.221660j,0.271965-0.168019j,1.000255
0.327913-0.217882j,-0.744159-0.222283j,0.271920-0.168151j,1.000815
0.327697-0.217905j,-0.744022-0.222907j,0.271876-0.168283j,1.001375
0.327481-0.217927j,-0.743883-0.223533j,0.271831-0.168416j,1.001936
0.327266-0.217950j,-0.743744-0.224159j,0.271786-0.168548j,1.002496
0.327051-0.217972j,-0.743605-0.224786j,0.271742-0.168681j,1.003056
0.326836-0.217994j,-0.743465-0.225415j,0.271697-0.168814j,1.003616
0.326620-0.218016j,-0.743324-0.226044j,0.271653-0.168946j,1.004176
0.326405-0.218039j,-0.743183-0.226674j,0.271608-0.169079j,1.004735
0.326190-0.218061j,-0.743041-0.227306j,0.271564-0.169212j,1.005295
0.325975-0.218082j,-0.742899-0.227938j,0.271519-0.169345j,1.005855
0.325761-0.218104j,-0.742756-0.228571j,0.271475-0.169479j,1.006414
0.325546-0.218126j,-0.742612-0.229206j,0.271431-0.169612j,1.006974
0.325331-0.218148j,-0.742468-0.229841j,0.271386-0.169745j,1.007533
0.325117-0.218169j,-0.742323-0.230478j,0.271342-0.169879j,1.008093
0.324902-0.218191j,-0.742178-0.231115j,0.271298-0.170012j,1.008652
0.324688-0.218212j,-0.742032-0.231754j,0.271253-0.170146j,1.009211
0.324474-0.218233j,-0.741886-0.232394j,0.271209-0.170280j,1.009770
0.324259-0.218255j,-0.741738-0.233034j,0.271165-0.170414j,1.010329
0.324045-0.218276j,-0.741591-0.233676j,0.271121-0.170548j,1.010888
0.323831-0.218297j,-0.741442-0.234319j,0.271077-0.170682j,1.011446
0.323617-0.218318j,-0.741294-0.234963j,0.271033-0.170816j,1.012005
0.323403-0.218339j,-0.741144-0.235608j,0.270989-0.170950j,1.012564
0.323189-0.218360j,-0.740994-0.236254j,0.270945-0.171085j,1.013122
0.322976-0.218380j,-0.740843-0.236901j,0.270901-0.171219j,1.013681
0.322762-0.218401j,-0.740692-0.237550j,0.270857-0.171354j,1.014239
0.322548-0.218422j,-0.740540-0.238199j,0.270813-0.171489j,1.014797
0.322335-0.218442j,-0.740387-0.238850j,0.270769-0.171624j,1.015355
0.322122-0.218462j,-0.740234-0.239501j,0.270726-0.171759j,1.015913
0.321908-0.218483j,-0.740080-0.240154j,0.270682-0.171894j,1.016471
0.321695-0.218503j,-0.739926-0.240808j,0.270638-0.172029j,1.017029
0.321482-0.218523j,-0.739771-0.241463j,0.270595-0.172164j,1.017587
0.321269-0.218543j,-0.739615-0.242119j,0.270551-0.172300j,1.018145
0.321056-0.218563j,-0.739458-0.242777j,0.270507-0.172435j,1.018702
0.320843-0.218583j,-0.739301-0.243435j,0.270464-0.172571j,1.019260
0.320630-0.218603j,-0.739144-0.244095j,0.270420-0.172707j,1.019817
0.320417-0.218623j,-0.738985-0.244755j,0.270377-0.172842j,1.020375
0.320205-0.218642j,-0.738826-0.245417j,0.270333-0.172978j,1.020932
0.319992-0.218662j,-0.738667-0.246080j,0.270290-0.173114j,1.021489
0.319780-0.218681j,-0.738506-0.246745j,0.270247-0.173251j,1.022046
0.319567-0.218701j,-0.738345-0.247410j,0.270203-0.173387j,1.022603
0.319355-0.218720j,-0.738184-0.248077j,0.270160-0.173523j,1.023160
0.319143-0.218739j,-0.738022-0.248745j,0.270117-0.173660j,1.023717
0.318931-0.218758j,-0.737859-0.249414j,0.270074-0.173797j,1.024273
0.318719-0.218778j,-0.737695-0.250084j,0.270030-0.173933j,1.024830
0.318507-0.218797j,-0.737531-0.250756j,0.269987-0.174070j,1.025387
0.318295-0.218815j,-0.737366-0.251428j,0.269944-0.174207j,1.025943
0.318083-0.218834j,-0.737200-0.252102j,0.269901-0.174344j,1.026499
0.317871-0.218853j,-0.737033-0.252777j,0.269858-0.174481j,1.027056
0.317660-0.218872j,-0.736866-0.253454j,0.269815-0.174619j,1.027612
0.317448-0.218890j,-0.736699-0.254131j,0.269772-0.174756j,1.028168
0.317236-0.218909j,-0.736530-0.254810j,0.269729-0.174894j,1.028724
0.317025-0.218927j,-0.736361-0.255491j,0.269687-0.175031j,1.029280
0.316814-0.218945j,-0.736191-0.256172j,0.269644-0.175169j,1.029835
0.316603-0.218964j,-0.736020-0.256855j,0.269601-0.175307j,1.030391
0.316391-0.218982j,-0.735849-0.257539j,0.269558-0.175445j,1.030947
0.316180-0.219000j,-0.735677-0.258224j,0.269516-0.175583j,1.031502
0.315969-0.219018j,-0.735504-0.258911j,0.269473-0.175721j,1.032057
0.315758-0.219036j,-0.735331-0.259598j,0.269430-0.175860j,1.032613
0.315548-0.219054j,-0.735157-0.260288j,0.269388-0.175998j,1.033168
0.315337-0.219072j,-0.734982-0.260978j,0.269345-0.176137j,1.033723
0.315126-0.219089j,-0.734806-0.261670j,0.269303-0.176276j,1.034278
0.314916-0.219107j,-0.734630-0.262363j,0.269260-0.176414j,1.034833
0.314705-0.219124j,-0.734453-0.263058j,0.269218-0.176553j,1.035388
0.314495-0.219142j,-0.734275-0.263753j,0.269176-0.176692j,1.035943
0.314285-0.219159j,-0.734096-0.264451j,0.269133-0.176832j,1.036497
0.314074-0.219176j,-0.733917-0.265149j,0.269091-0.176971j,1.037052
0.313864-0.219194j,-0.733736-0.265849j,0.269049-0.177110j,1.037606
0.313654-0.219211j,-0.733555-0.266550j,0.269007-0.177250j,1.038161
0.313444-0.219228j,-0.733374-0.267253j,0.268965-0.177390j,1.038715
0.313234-0.219245j,-0.733191-0.267957j,0.268922-0.177529j,1.039269
0.313024-0.219262j,-0.733008-0.268662j,0.268880-0.177669j,1.039823
0.312815-0.219278j,-0.732824-0.269369j,0.268838-0.177809j,1.040377
0.312605-0.219295j,-0.732639-0.270078j,0.268796-0.177949j,1.040931
0.312395-0.219312j,-0.732454-0.270787j,0.268754-0.178090j,1.041485
0.312186-0.219328j,-0.732267-0.271498j,0.268713-0.178230j,1.042039
0.311977-0.219345j,-0.732080-0.272211j,0.268671-0.178371j,1.042592
0.311767-0.219361j,-0.731892-0.272925j,0.268629-0.178511j,1.043146
0.311558-0.219377j,-0.731703-0.273640j,0.268587-0.178652j,1.043699
0.311349-0.219394j,-0.731514-0.274357j,0.268545-0.178793j,1.044252
0.311140-0.219410j,-0.731323-0.275076j,0.268504-0.178934j,1.044806
0.310931-0.219426j,-0.731132-0.275796j,0.268462-0.179075j,1.045359
0.310722-0.219442j,-0.730940-0.276517j,0.268421-0.179216j,1.045912
0.310513-0.219458j,-0.730747-0.277240j,0.268379-0.179358j,1.046465
0.310304-0.219473j,-0.730553-0.277964j,0.268338-0.179499j,1.047018
0.310096-0.219489j,-0.730359-0.278690j,0.268296-0.179641j,1.047570
0.309887-0.219505j,-0.730163-0.279418j,0.268255-0.179783j,1.048123
0.309679-0.219520j,-0.729967-0.280147j,0.268213-0.179925j,1.048675
0.309470-0.219536j,-0.729770-0.280877j,0.268172-0.180067j,1.049228
0.309262-0.219551j,-0.729572-0.281609j,0.268131-0.180209j,1.049780
0.309054-0.219567j,-0.729373-0.282343j,0.268090-0.180351j,1.050332
0.308846-0.219582j,-0.729173-0.283078j,0.268048-0.180494j,1.050885
0.308637-0.219597j,-0.728973-0.283815j,0.268007-0.180636j,1.051437
0.308429-0.219612j,-0.728771-0.284553j,0.267966-0.180779j,1.051989
0.308222-0.219627j,-0.728569-0.285293j,0.267925-0.180922j,1.052540
0.308014-0.219642j,-0.728366-0.286035j,0.267884-0.181065j,1.053092
0.307806-0.219657j,-0.728161-0.286778j,0.267843-0.181208j,1.053644
0.307598-0.219672j,-0.727956-0.287523j,0.267802-0.181351j,1.054195
0.307391-0.219687j,-0.727750-0.288270j,0.267761-0.181494j,1.054747
0.307183-0.219701j,-0.727544-0.289018j,0.267721-0.181638j,1.055298
0.306976-0.219716j,-0.727336-0.289768j,0.267680-0.181781j,1.055849
0.306769-0.219730j,-0.727127-0.290519j,0.267639-0.181925j,1.056401
0.306561-0.219745j,-0.726918-0.291272j,0.267598-0.182069j,1.056952
0.306354-0.219759j,-0.726707-0.292027j,0.267558-0.182213j,1.057502
0.306147-0.219773j,-0.726495-0.292784j,0.267517-0.182357j,1.058053
0.305940-0.219787j,-0.726283-0.293542j,0.267477-0.182501j,1.058604
0.305733-0.219801j,-0.726070-0.294302j,0.267436-0.182646j,1.059155
0.305526-0.219815j,-0.725855-0.295064j,0.267396-0.182790j,1.059705
0.305320-0.219829j,-0.725640-0.295828j,0.267355-0.182935j,1.060256
0.305113-0.219843j,-0.725424-0.296593j,0.267315-0.183080j,1.060806
0.304906-0.219857j,-0.725206-0.297360j,0.267275-0.183225j,1.061356
0.304700-0.219871j,-0.724988-0.298129j,0.267235-0.183370j,1.061906
0.304493-0.219884j,-0.724769-0.298900j,0.267194-0.183515j,1.062456
0.304287-0.219898j,-0.724549-0.299673j,0.267154-0.183660j,1.063006
0.304081-0.219911j,-0.724328-0.300447j,0.267114-0.183806j,1.063556
0.303875-0.219925j,-0.724105-0.301223j,0.267074-0.183952j,1.064106
0.303669-0.219938j,-0.723882-0.302001j,0.267034-0.184097j,1.064655
0.303463-0.219951j,-0.723658-0.302781j,0.266994-0.184243j,1.065205
0.303257-0.219964j,-0.723432-0.303563j,0.266954-0.184389j,1.065754
0.303051-0.219977j,-0.723206-0.304347j,0.266914-0.184535j,1.066304
0.302845-0.219990j,-0.722979-0.305132j,0.266875-0.184682j,1.066853
0.302639-0.220003j,-0.722750-0.305920j,0.266835-0.184828j,1.067402
0.302434-0.220016j,-0.722521-0.306709j,0.266795-0.184975j,1.067951
0.302228-0.220029j,-0.722290-0.307501j,0.266756-0.185122j,1.068500
0.302023-0.220041j,-0.722059-0.308294j,0.266716-0.185269j,1.069049
0.301818-0.220054j,-0.721826-0.309090j,0.266676-0.185416j,1.069597
0.301612-0.220067j,-0.721592-0.309887j,0.266637-0.185563j,1.070146
0.301407-0.220079j,-0.721357-0.310686j,0.266598-0.185710j,1.070694
0.301202-0.220091j,-0.721121-0.311488j,0.266558-0.185857j,1.071243
0.300997-0.220104j,-0.720884-0.312291j,0.266519-0.186005j,1.071791
0.300792-0.220116j,-0.720646-0.313097j,0.266480-0.186153j,1.072339
0.300587-0.220128j,-0.720407-0.313904j,0.266440-0.186301j,1.072887
0.300383-0.220140j,-0.720166-0.314714j,0.266401-0.186449j,1.073435
0.300178-0.220152j,-0.719925-0.315526j,0.266362-0.186597j,1.073983
0.299973-0.220164j,-0.719682-0.316339j,0.266323-0.186745j,1.074531
0.299769-0.220176j,-0.719438-0.317155j,0.266284-0.186894j,1.075078
0.299564-0.220187j,-0.719193-0.317973j,0.266245-0.187042j,1.075626
0.299360-0.220199j,-0.718947-0.318794j,0.266206-0.187191j,1.076173
0.299156-0.220211j,-0.718700-0.319616j,0.266167-0.187340j,1.076721
0.298952-0.220222j,-0.718451-0.320441j,0.266128-0.187489j,1.077268
0.298747-0.220234j,-0.718201-0.321268j,0.266090-0.187638j,1.077815
0.298543-0.220245j,-0.717950-0.322097j,0.266051-0.187788j,1.078362
0.298340-0.220256j,-0.717698-0.322928j,0.266012-0.187937j,1.078909
0.298136-0.220268j,-0.717445-0.323762j,0.265974-0.188087j,1.079456
0.297932-0.220279j,-0.717190-0.324598j,0.265935-0.188237j,1.080002
0.297728-0.220290j,-0.716934-0.325436j,0.265897-0.188387j,1.080549
0.297525-0.220301j,-0.716677-0.326276j,0.265858-0.188537j,1.081095
0.297321-0.220312j,-0.716418-0.327119j,0.265820-0.188687j,1.081642
0.297118-0.220323j,-0.716159-0.327964j,0.265782-0.188837j,1.082188
0.296914-0.220333j,-0.715898-0.328812j,0.265743-0.188988j,1.082734
0.296711-0.220344j,-0.715635-0.329662j,0.265705-0.189139j,1.083280
0.296508-0.220355j,-0.715372-0.330515j,0.265667-0.189290j,1.083826
0.296305-0.220365j,-0.715107-0.331369j,0.265629-0.189441j,1.084372
0.296102-0.220376j,-0.714841-0.332227j,0.265591-0.189592j,1.084917
0.295899-0.220386j,-0.714573-0.333086j,0.265553-0.189743j,1.085463
0.295696-0.220396j,-0.714304-0.333949j,0.265515-0.189895j,1.086008
0.295493-0.220406j,-0.714034-0.334814j,0.265477-0.190046j,1.086554
0.295290-0.220417j,-0.713762-0.335681j,0.265439-0.190198j,1.087099
0.295088-0.220427j,-0.713489-0.336551j,0.265401-0.190350j,1.087644
0.294885-0.220437j,-0.713215-0.337423j,0.265364-0.190502j,1.088189
0.294683-0.220447j,-0.712939-0.338299j,0.265326-0.190654j,1.088734
0.294480-0.220456j,-0.712662-0.339176j,0.265289-0.190807j,1.089279
0.294278-0.220466j,-0.712383-0.340057j,0.265251-0.190959j,1.089823
0.294076-0.220476j,-0.712103-0.340940j,0.265214-0.191112j,1.090368
0.293874-0.220486j,-0.711821-0.341826j,0.265176-0.191265j,1.090912
0.293672-0.220495j,-0.711538-0.342714j,0.265139-0.191418j,1.091457
0.293470-0.220505j,-0.711254-0.343606j,0.265102-0.191571j,1.092001
0.293268-0.220514j,-0.710968-0.344500j,0.265064-0.191725j,1.092545
0.293066-0.220523j,-0.710681-0.345397j,0.265027-0.191878j,1.093089
0.292864-0.220533j,-0.710392-0.346296j,0.264990-0.192032j,1.093633
0.292663-0.220542j,-0.710101-0.347199j,0.264953-0.192186j,1.094177
0.292461-0.220551j,-0.709809-0.348104j,0.264916-0.192340j,1.094720
0.292260-0.220560j,-0.709515-0.349013j,0.264879-0.192494j,1.095264
0.292058-0.220569j,-0.709220-0.349924j,0.264842-0.192648j,1.095807
0.291857-0.220578j,-0.708923-0.350838j,0.264805-0.192803j,1.096351
0.291656-0.220586j,-0.708625-0.351756j,0.264769-0.192957j,1.096894
0.291455-0.220595j,-0.708325-0.352676j,0.264732-0.193112j,1.097437
0.291254-0.220604j,-0.708024-0.353599j,0.264695-0.193267j,1.097980
0.291053-0.220612j,-0.707720-0.354526j,0.264659-0.193422j,1.098523
0.290852-0.220621j,-0.707415-0.355455j,0.264622-0.193578j,1.099066
0.290651-0.220629j,-0.707109-0.356388j,0.264586-0.193733j,1.099608
0.290450-0.220638j,-0.706801-0.357324j,0.264550-0.193889j,1.100151
0.290250-0.220646j,-0.706491-0.358263j,0.264513-0.194045j,1.100693
0.290049-0.220654j,-0.706179-0.359205j,0.264477-0.194201j,1.101235
0.289849-0.220662j,-0.705866-0.360151j,0.264441-0.194357j,1.101777
0.289648-0.220670j,-0.705550-0.361100j,0.264405-0.194513j,1.102320
0.289448-0.220678j,-0.705234-0.362052j,0.264369-0.194670j,1.102861
0.289248-0.220686j,-0.704915-0.363008j,0.264333-0.194826j,1.103403
0.289048-0.220694j,-0.704594-0.363967j,0.264297-0.194983j,1.103945
0.288848-0.220702j,-0.704272-0.364929j,0.264261-0.195140j,1.104487
0.288648-0.220710j,-0.703948-0.365895j,0.264225-0.195297j,1.105028
0.288448-0.220717j,-0.703622-0.366865j,0.264190-0.195455j,1.105569
0.288248-0.220725j,-0.703294-0.367838j,0.264154-0.195612j,1.106111
0.288048-0.220732j,-0.702964-0.368814j,0.264118-0.195770j,1.106652
0.287849-0.220740j,-0.702632-0.369795j,0.264083-0.195928j,1.107193
0.287649-0.220747j,-0.702298-0.370779j,0.264047-0.196086j,1.107733
0.287450-0.220754j,-0.701963-0.371767j,0.264012-0.196244j,1.108274
0.287250-0.220761j,-0.701625-0.372758j,0.263977-0.196402j,1.108815
0.287051-0.220768j,-0.701285-0.373753j,0.263941-0.196561j,1.109355
0.286852-0.220776j,-0.700944-0.374752j,0.263906-0.196719j,1.109896
0.286652-0.220782j,-0.700600-0.375755j,0.263871-0.196878j,1.110436
0.286453-0.220789j,-0.700254-0.376762j,0.263836-0.197037j,1.110976
0.286254-0.220796j,-0.699906-0.377773j,0.263801-0.197197j,1.111516
0.286055-0.220803j,-0.699556-0.378788j,0.263766-0.197356j,1.112056
0.285857-0.220810j,-0.699204-0.379807j,0.263731-0.197516j,1.112596
0.285658-0.220816j,-0.698850-0.380831j,0.263697-0.197676j,1.113135
0.285459-0.220823j,-0.698493-0.381858j,0.263662-0.197836j,1.113675
0.285261-0.220829j,-0.698135-0.382890j,0.263627-0.197996j,1.114214
0.285062-0.220836j,-0.697774-0.383925j,0.263593-0.198156j,1.114754
0.284864-0.220842j,-0.697410-0.384966j,0.263558-0.198317j,1.115293
0.284665-0.220848j,-0.697045-0.386010j,0.263524-0.198477j,1.115832
0.284467-0.220854j,-0.696677-0.387059j,0.263490-0.198638j,1.116371
0.284269-0.220860j,-0.696307-0.388113j,0.263455-0.198799j,1.116910
0.284071-0.220866j,-0.695934-0.389171j,0.263421-0.198960j,1.117448
0.283873-0.220872j,-0.695559-0.390234j,0.263387-0.199122j,1.117987
0.283675-0.220878j,-0.695182-0.391301j,0.263353-0.199283j,1.118525
0.283477-0.220884j,-0.694802-0.392373j,0.263319-0.199445j,1.119064
0.283279-0.220890j,-0.694420-0.393450j,0.263285-0.199607j,1.119602
0.283082-0.220895j,-0.694035-0.394532j,0.263251-0.199769j,1.120140
0.282884-0.220901j,-0.693647-0.395618j,0.263218-0.199932j,1.120678
0.282686-0.220907j,-0.693257-0.396710j,0.263184-0.200094j,1.121215
0.282489-0.220912j,-0.692865-0.397807j,0.263150-0.200257j,1.121753
0.282292-0.220917j,-0.692469-0.398909j,0.263117-0.200420j,1.122291
0.282094-0.220923j,-0.692071-0.400016j,0.263083-0.200583j,1.122828
0.281897-0.220928j,-0.691670-0.401128j,0.263050-0.200746j,1.123365
0.281700-0.220933j,-0.691267-0.402246j,0.263017-0.200910j,1.123903
0.281503-0.220938j,-0.690860-0.403369j,0.262983-0.201073j,1.124440
0.281306-0.220943j,-0.690451-0.404497j,0.262950-0.201237j,1.124976
0.281109-0.220948j,-0.690039-0.405632j,0.262917-0.201401j,1.125513
0.280912-0.220953j,-0.689624-0.406771j,0.262884-0.201565j,1.126050
0.280716-0.220958j,-0.689206-0.407917j,0.262851-0.201730j,1.126586
0.280519-0.220962j,-0.688785-0.409068j,0.262819-0.201894j,1.127123
0.280323-0.220967j,-0.688361-0.410226j,0.262786-0.202059j,1.127659
0.280126-0.220972j,-0.687934-0.411389j,0.262753-0.202224j,1.128195
0.279930-0.220976j,-0.687504-0.412559j,0.262720-0.202389j,1.128731
0.279733-0.220981j,-0.687070-0.413734j,0.262688-0.202555j,1.129267
0.279537-0.220985j,-0.686633-0.414916j,0.262656-0.202720j,1.129803
0.279341-0.220989j,-0.686193-0.416105j,0.262623-0.202886j,1.130338
0.279145-0.220994j,-0.685750-0.417300j,0.262591-0.203052j,1.130874
0.278949-0.220998j,-0.685303-0.418501j,0.262559-0.203218j,1.131409
0.278753-0.221002j,-0.684853-0.419710j,0.262527-0.203384j,1.131945
0.278557-0.221006j,-0.684399-0.420925j,0.262495-0.203551j,1.132480
0.278362-0.221010j,-0.683942-0.422147j,0.262463-0.203718j,1.133015
0.278166-0.221014j,-0.683481-0.423376j,0.262431-0.203885j,1.133549
0.277971-0.221018j,-0.683016-0.424612j,0.262399-0.204052j,1.134084
0.277775-0.221021j,-0.682548-0.425856j,0.262367-0.204219j,1.134619
0.277580-0.221025j,-0.682076-0.427107j,0.262336-0.204387j,1.135153
0.277384-0.221029j,-0.681600-0.428366j,0.262304-0.204554j,1.135687
0.277189-0.221032j,-0.681120-0.429632j,0.262273-0.204722j,1.136221
0.276994-0.221036j,-0.680636-0.430906j,0.262241-0.204890j,1.136755
0.276799-0.221039j,-0.680148-0.432189j,0.262210-0.205059j,1.137289
0.276604-0.221042j,-0.679656-0.433479j,0.262179-0.205227j,1.137823
0.276409-0.221046j,-0.679159-0.434778j,0.262148-0.205396j,1.138357
0.276214-0.221049j,-0.678658-0.436085j,0.262117-0.205565j,1.138890
0.276019-0.221052j,-0.678153-0.437401j,0.262086-0.205734j,1.139424
0.275825-0.221055j,-0.677644-0.438726j,0.262055-0.205904j,1.139957
0.275630-0.221058j,-0.677130-0.440059j,0.262024-0.206073j,1.140490
0.275436-0.221061j,-0.676611-0.441402j,0.261994-0.206243j,1.141023
0.275241-0.221064j,-0.676087-0.442755j,0.261963-0.206413j,1.141556
0.275047-0.221066j,-0.675559-0.444116j,0.261933-0.206583j,1.142088
0.274853-0.221069j,-0.675026-0.445488j,0.261902-0.206753j,1.142621
0.274659-0.221072j,-0.674487-0.446869j,0.261872-0.206924j,1.143153
0.274464-0.221074j,-0.673944-0.448261j,0.261842-0.207095j,1.143685
0.274270-0.221077j,-0.673395-0.449663j,0.261812-0.207266j,1.144217
0.274077-0.221079j,-0.672841-0.451076j,0.261782-0.207437j,1.144749
0.273883-0.221082j,-0.672281-0.452500j,0.261752-0.207609j,1.145281
0.273689-0.221084j,-0.671716-0.453935j,0.261722-0.207780j,1.145813
0.273495-0.221086j,-0.671145-0.455381j,0.261692-0.207952j,1.146344
0.273302-0.221088j,-0.670568-0.456839j,0.261662-0.208124j,1.146876
0.273108-0.221090j,-0.669985-0.458309j,0.261633-0.208296j,1.147407
0.272915-0.221092j,-0.669396-0.459791j,0.261603-0.208469j,1.147938
0.272721-0.221094j,-0.668801-0.461285j,0.261574-0.208642j,1.148469
0.272528-0.221096j,-0.668199-0.462793j,0.261545-0.208815j,1.149000
0.272335-0.221098j,-0.667591-0.464314j,0.261516-0.208988j,1.149531
0.272142-0.221100j,-0.666976-0.465848j,0.261486-0.209161j,1.150061
0.271949-0.221101j,-0.666354-0.467397j,0.261457-0.209335j,1.150592
0.271756-0.221103j,-0.665725-0.468959j,0.261429-0.209508j,1.151122
0.271563-0.221104j,-0.665088-0.470537j,0.261400-0.209682j,1.151652
0.271370-0.221106j,-0.664444-0.472129j,0.261371-0.209857j,1.152182
0.271177-0.221107j,-0.663792-0.473737j,0.261343-0.210031j,1.152712
0.270985-0.221109j,-0.663132-0.475362j,0.261314-0.210206j,1.153242
0.270792-0.221110j,-0.662464-0.477002j,0.261286-0.210381j,1.153771
0.270600-0.221111j,-0.661788-0.478660j,0.261257-0.210556j,1.154301
0.270407-0.221112j,-0.661102-0.480335j,0.261229-0.210731j,1.154830
0.270215-0.221113j,-0.660408-0.482029j,0.261201-0.210907j,1.155359
0.270023-0.221114j,-0.659705-0.483741j,0.261173-0.211083j,1.155888
0.269831-0.221115j,-0.658991-0.485472j,0.261145-0.211259j,1.156417
0.269639-0.221116j,-0.658268-0.487224j,0.261117-0.211435j,1.156945
0.269447-0.221117j,-0.657535-0.488996j,0.261090-0.211611j,1.157474
0.269255-0.221117j,-0.656791-0.490790j,0.261062-0.211788j,1.158002
0.269063-0.221118j,-0.656037-0.492606j,0.261035-0.211965j,1.158530
0.268871-0.221119j,-0.655270-0.494445j,0.261007-0.212142j,1.159059
0.268680-0.221119j,-0.654492-0.496308j,0.260980-0.212319j,1.159586
0.268488-0.221120j,-0.653702-0.498196j,0.260953-0.212497j,1.160114
0.268297-0.221120j,-0.652899-0.500111j,0.260926-0.212675j,1.160642
0.268105-0.221120j,-0.652083-0.502052j,0.260899-0.212853j,1.161169
0.267914-0.221120j,-0.651253-0.504021j,0.260872-0.213031j,1.161697
0.267723-0.221121j,-0.650408-0.506020j,0.260845-0.213210j,1.162224
0.267531-0.221121j,-0.649549-0.508049j,0.260819-0.213388j,1.162751
0.267340-0.221121j,-0.648673-0.510111j,0.260792-0.213567j,1.163278
0.267149-0.221121j,-0.647781-0.512207j,0.260766-0.213747j,1.163804
0.266958-0.221121j,-0.646872-0.514339j,0.260739-0.213926j,1.164331
0.266768-0.221120j,-0.645944-0.516508j,0.260713-0.214106j,1.164857
0.266577-0.221120j,-0.644998-0.518716j,0.260687-0.214286j,1.165384
0.266386-0.221120j,-0.644031-0.520966j,0.260661-0.214466j,1.165910
0.266196-0.221120j,-0.643042-0.523260j,0.260635-0.214646j,1.166436
0.266005-0.221119j,-0.642031-0.525601j,0.260610-0.214827j,1.166961
0.265815-0.221119j,-0.640996-0.527992j,0.260584-0.215008j,1.167487
0.265624-0.221118j,-0.639935-0.530435j,0.260559-0.215189j,1.168013
0.265434-0.221117j,-0.638846-0.532936j,0.260533-0.215370j,1.168538
0.265244-0.221117j,-0.637728-0.535497j,0.260508-0.215551j,1.169063
0.265054-0.221116j,-0.636579-0.538123j,0.260483-0.215733j,1.169588
0.264864-0.221115j,-0.635395-0.540821j,0.260458-0.215915j,1.170113
0.264674-0.221114j,-0.634175-0.543594j,0.260433-0.216098j,1.170638
0.264484-0.221113j,-0.632915-0.546452j,0.260408-0.216280j,1.171162
0.264294-0.221112j,-0.631610-0.549400j,0.260383-0.216463j,1.171686
0.264104-0.221111j,-0.630257-0.552450j,0.260359-0.216646j,1.172211
0.263915-0.221110j,-0.628851-0.555611j,0.260334-0.216829j,1.172735
0.263725-0.221109j,-0.627384-0.558897j,0.260310-0.217013j,1.173259
0.263536-0.221108j,-0.625850-0.562325j,0.260286-0.217196j,1.173782
0.263346-0.221106j,-0.624240-0.565912j,0.260262-0.217380j,1.174306
0.263157-0.221105j,-0.622540-0.569686j,0.260238-0.217565j,1.174830
0.262968-0.221103j,-0.620737-0.573676j,0.260214-0.217749j,1.175353
0.262779-0.221102j,-0.618811-0.577926j,0.260190-0.217934j,1.175876
0.262590-0.221100j,-0.616733-0.582494j,0.260167-0.218119j,1.176399
0.262401-0.221098j,-0.614464-0.587463j,0.260143-0.218304j,1.176922
0.262212-0.221097j,-0.611944-0.592961j,0.260120-0.218490j,1.177445
0.262023-0.221095j,-0.609071-0.599205j,0.260097-0.218675j,1.177967
0.261834-0.221093j,-0.605645-0.606614j,0.260073-0.218861j,1.178490
0.261645-0.221091j,-0.601153-0.616277j,0.260051-0.219047j,1.179012
0.261457-0.221089j,-0.590199-0.639619j,0.260028-0.219234j,1.179534
