0.800000+0.000000j,0.236710+2.047222j,-0.317109-1.565346j,0.000000
0.801173+0.000000j,0.236292+2.047092j,-0.317546-1.565641j,0.005353
0.802348+0.000000j,0.235875+2.046961j,-0.317982-1.565935j,0.010706
0.803525+0.000000j,0.235457+2.046830j,-0.318418-1.566228j,0.016059
0.804704+0.000000j,0.235039+2.046699j,-0.318853-1.566521j,0.021412
0.805884+0.000000j,0.234622+2.046567j,-0.319289-1.566814j,0.026766
0.807066+0.000000j,0.234204+2.046434j,-0.319724-1.567105j,0.032120
0.808250+0.000000j,0.233787+2.046301j,-0.320159-1.567396j,0.037474
0.809435+0.000000j,0.233369+2.046168j,-0.320593-1.567687j,0.042829
0.810622+0.000000j,0.232952+2.046034j,-0.321028-1.567977j,0.048183
0.811811+0.000000j,0.232535+2.045899j,-0.321462-1.568266j,0.053538
0.813002+0.000000j,0.232118+2.045765j,-0.321896-1.568555j,0.058893
0.814194+0.000000j,0.231701+2.045629j,-0.322330-1.568843j,0.064248
0.815388+0.000000j,0.231284+2.045493j,-0.322763-1.569131j,0.069604
0.816584+0.000000j,0.230867+2.045357j,-0.323196-1.569418j,0.074960
0.817782+0.000000j,0.230450+2.045220j,-0.323630-1.569704j,0.080316
0.818981+0.000000j,0.230033+2.045083j,-0.324062-1.569990j,0.085672
0.820182+0.000000j,0.229617+2.044946j,-0.324495-1.570275j,0.091028
0.821385+0.000000j,0.229200+2.044807j,-0.324927-1.570560j,0.096385
0.822590+0.000000j,0.228784+2.044669j,-0.325359-1.570844j,0.101742
0.823797+0.000000j,0.228367+2.044530j,-0.325791-1.571127j,0.107099
0.825005+0.000000j,0.227951+2.044390j,-0.326223-1.571410j,0.112456
0.826215+0.000000j,0.227535+2.044250j,-0.326655-1.571693j,0.117814
0.827427+0.000000j,0.227118+2.044110j,-0.327086-1.571974j,0.123171
0.828640+0.000000j,0.226702+2.043968j,-0.327517-1.572255j,0.128529
0.829856+0.000000j,0.226286+2.043827j,-0.327948-1.572536j,0.133887
0.831073+0.000000j,0.225870+2.043685j,-0.328378-1.572816j,0.139245
0.832292+0.000000j,0.225454+2.043543j,-0.328809-1.573095j,0.144604
0.833512+0.000000j,0.225038+2.043400j,-0.329239-1.573374j,0.149963
0.834735+0.000000j,0.224623+2.043256j,-0.329669-1.573652j,0.155322
0.835959+0.000000j,0.224207+2.043112j,-0.330099-1.573929j,0.160681
0.837185+0.000000j,0.223791+2.042968j,-0.330528-1.574206j,0.166040
0.838413+0.000000j,0.223376+2.042823j,-0.330958-1.574482j,0.171399
0.839643+0.000000j,0.222960+2.042678j,-0.331387-1.574758j,0.176759
0.840874+0.000000j,0.222545+2.042532j,-0.331816-1.575033j,0.182119
0.842107+0.000000j,0.222129+2.042386j,-0.332245-1.575308j,0.187479
0.843343+0.000000j,0.221714+2.042239j,-0.332673-1.575582j,0.192839
0.844579+0.000000j,0.221298+2.042092j,-0.333102-1.575855j,0.198200
0.845818+0.000000j,0.220883+2.041944j,-0.333530-1.576128j,0.203560
0.847059+0.000000j,0.220468+2.041796j,-0.333958-1.576400j,0.208921
0.848301+0.000000j,0.220053+2.041647j,-0.334386-1.576672j,0.214282
0.849545+0.000000j,0.219638+2.041498j,-0.334814-1.576943j,0.219643
0.850791+0.000000j,0.219223+2.041348j,-0.335241-1.577213j,0.225004
0.852039+0.000000j,0.218808+2.041198j,-0.335668-1.577483j,0.230366
0.853289+0.000000j,0.218393+2.041047j,-0.336095-1.577752j,0.235728
0.854540+0.000000j,0.217978+2.040896j,-0.336522-1.578021j,0.241089
0.855794+0.000000j,0.217563+2.040744j,-0.336949-1.578289j,0.246451
0.857049+0.000000j,0.217148+2.040592j,-0.337375-1.578557j,0.251814
0.858306+0.000000j,0.216734+2.040439j,-0.337802-1.578824j,0.257176
0.859565+0.000000j,0.216319+2.040286j,-0.338228-1.579090j,0.262538
0.860825+0.000000j,0.215904+2.040132j,-0.338654-1.579356j,0.267901
0.862088+0.000000j,0.215490+2.039978j,-0.339080-1.579621j,0.273264
0.863352+0.000000j,0.215075+2.039824j,-0.339505-1.579885j,0.278627
0.864618+0.000000j,0.214661+2.039668j,-0.339931-1.580149j,0.283990
0.865887+0.000000j,0.214246+2.039513j,-0.340356-1.580413j,0.289353
0.867157+0.000000j,0.213832+2.039357j,-0.340781-1.580675j,0.294717
0.868428+0.000000j,0.213418+2.039200j,-0.341206-1.580938j,0.300081
0.869702+0.000000j,0.213003+2.039043j,-0.341631-1.581199j,0.305444
0.870978+0.000000j,0.212589+2.038885j,-0.342056-1.581460j,0.310808
0.872255+0.000000j,0.212175+2.038727j,-0.342480-1.581721j,0.316172
0.873534+0.000000j,0.211761+2.038569j,-0.342904-1.581981j,0.321537
0.874816+0.000000j,0.211347+2.038409j,-0.343328-1.582240j,0.326901
0.876099+0.000000j,0.210933+2.038250j,-0.343752-1.582499j,0.332266
0.877384+0.000000j,0.210519+2.038090j,-0.344176-1.582757j,0.337630
0.878670+0.000000j,0.210105+2.037929j,-0.344600-1.583014j,0.342995
0.879959+0.000000j,0.209691+2.037768j,-0.345023-1.583271j,0.348360
0.881250+0.000000j,0.209277+2.037606j,-0.345447-1.583528j,0.353725
0.882542+0.000000j,0.208863+2.037444j,-0.345870-1.583783j,0.359090
0.883837+0.000000j,0.208449+2.037282j,-0.346293-1.584039j,0.364456
0.885133+0.000000j,0.208035+2.037118j,-0.346716-1.584293j,0.369821
0.886431+0.000000j,0.207621+2.036955j,-0.347138-1.584547j,0.375187
0.887731+0.000000j,0.207207+2.036791j,-0.347561-1.584801j,0.380553
0.889033+0.000000j,0.206794+2.036626j,-0.347983-1.585054j,0.385919
0.890337+0.000000j,0.206380+2.036461j,-0.348406-1.585306j,0.391285
0.891643+0.000000j,0.205966+2.036295j,-0.348828-1.585558j,0.396651
0.892951+0.000000j,0.205552+2.036129j,-0.349250-1.585809j,0.402017
0.894260+0.000000j,0.205139+2.035962j,-0.349672-1.586059j,0.407383
0.895572+0.000000j,0.204725+2.035795j,-0.350093-1.586309j,0.412750
0.896886+0.000000j,0.204312+2.035627j,-0.350515-1.586559j,0.418117
0.898201+0.000000j,0.203898+2.035459j,-0.350936-1.586808j,0.423483
0.899518+0.000000j,0.203484+2.035290j,-0.351358-1.587056j,0.428850
0.900838+0.000000j,0.203071+2.035121j,-0.351779-1.587304j,0.434217
0.902159+0.000000j,0.202657+2.034952j,-0.352200-1.587551j,0.439584
0.903482+0.000000j,0.202244+2.034781j,-0.352621-1.587797j,0.444952
0.904807+0.000000j,0.201830+2.034610j,-0.353041-1.588043j,0.450319
0.906134+0.000000j,0.201417+2.034439j,-0.353462-1.588289j,0.455686
0.907463+0.000000j,0.201004+2.034267j,-0.353883-1.588533j,0.461054
0.908794+0.000000j,0.200590+2.034095j,-0.354303-1.588778j,0.466422
0.910127+0.000000j,0.200177+2.033922j,-0.354723-1.589021j,0.471789
0.911462+0.000000j,0.199763+2.033749j,-0.355143-1.589264j,0.477157
0.912799+0.000000j,0.199350+2.033575j,-0.355563-1.589507j,0.482525
0.914138+0.000000j,0.198937+2.033401j,-0.355983-1.589749j,0.487893
0.915478+0.000000j,0.198523+2.033226j,-0.356403-1.589990j,0.493261
0.916821+0.000000j,0.198110+2.033050j,-0.356822-1.590231j,0.498630
0.918166+0.000000j,0.197696+2.032874j,-0.357242-1.590471j,0.503998
0.919512+0.000000j,0.197283+2.032698j,-0.357661-1.590711j,0.509366
0.920861+0.000000j,0.196870+2.032521j,-0.358080-1.590950j,0.514735
0.922212+0.000000j,0.196457+2.032344j,-0.358500-1.591188j,0.520104
0.923564+0.000000j,0.196043+2.032166j,-0.358919-1.591426j,0.525472
0.924919+0.000000j,0.195630+2.031987j,-0.359338-1.591664j,0.530841
0.926275+0.000000j,0.195217+2.031808j,-0.359756-1.591900j,0.536210
0.927634+0.000000j,0.194803+2.031628j,-0.360175-1.592137j,0.541579
0.928994+0.000000j,0.194390+2.031448j,-0.360594-1.592372j,0.546948
0.930357+0.000000j,0.193977+2.031268j,-0.361012-1.592607j,0.552317
0.931721+0.000000j,0.193563+2.031087j,-0.361430-1.592842j,0.557686
0.933088+0.000000j,0.193150+2.030905j,-0.361849-1.593076j,0.563056
0.934456+0.000000j,0.192737+2.030723j,-0.362267-1.593309j,0.568425
0.935827+0.000000j,0.192323+2.030540j,-0.362685-1.593542j,0.573794
0.937200+0.000000j,0.191910+2.030357j,-0.363103-1.593774j,0.579164
0.938574+0.000000j,0.191497+2.030173j,-0.363521-1.594006j,0.584533
0.939951+0.000000j,0.191083+2.029989j,-0.363938-1.594237j,0.589903
0.941329+0.000000j,0.190670+2.029804j,-0.364356-1.594467j,0.595273
0.942710+0.000000j,0.190257+2.029619j,-0.364774-1.594697j,0.600643
0.944093+0.000000j,0.189843+2.029433j,-0.365191-1.594927j,0.606012
0.945477+0.000000j,0.189430+2.029246j,-0.365608-1.595156j,0.611382
0.946864+0.000000j,0.189017+2.029059j,-0.366026-1.595384j,0.616752
0.948253+0.000000j,0.188603+2.028872j,-0.366443-1.595612j,0.622122
0.949643+0.000000j,0.188190+2.028684j,-0.366860-1.595839j,0.627492
0.951036+0.000000j,0.187777+2.028495j,-0.367277-1.596065j,0.632863
0.952431+0.000000j,0.187363+2.028306j,-0.367694-1.596291j,0.638233
0.953828+0.000000j,0.186950+2.028117j,-0.368110-1.596517j,0.643603
0.955227+0.000000j,0.186536+2.027927j,-0.368527-1.596742j,0.648973
0.956628+0.000000j,0.186123+2.027736j,-0.368944-1.596966j,0.654344
0.958031+0.000000j,0.185709+2.027545j,-0.369360-1.597190j,0.659714
0.959436+0.000000j,0.185296+2.027353j,-0.369777-1.597413j,0.665084
0.960843+0.000000j,0.184882+2.027161j,-0.370193-1.597636j,0.670455
0.962253+0.000000j,0.184469+2.026968j,-0.370609-1.597858j,0.675825
0.963664+0.000000j,0.184055+2.026775j,-0.371026-1.598079j,0.681196
0.965077+0.000000j,0.183642+2.026581j,-0.371442-1.598300j,0.686567
0.966493+0.000000j,0.183228+2.026387j,-0.371858-1.598521j,0.691937
0.967910+0.000000j,0.182814+2.026192j,-0.372274-1.598740j,0.697308
0.969330+0.000000j,0.182401+2.025996j,-0.372690-1.598960j,0.702679
0.970752+0.000000j,0.181987+2.025800j,-0.373106-1.599178j,0.708049
0.972175+0.000000j,0.181573+2.025604j,-0.373521-1.599397j,0.713420
0.973601+0.000000j,0.181159+2.025407j,-0.373937-1.599614j,0.718791
0.975029+0.000000j,0.180746+2.025209j,-0.374353-1.599831j,0.724162
0.976459+0.000000j,0.180332+2.025011j,-0.374768-1.600048j,0.729533
0.977891+0.000000j,0.179918+2.024812j,-0.375184-1.600264j,0.734904
0.979326+0.000000j,0.179504+2.024613j,-0.375599-1.600479j,0.740275
0.980762+0.000000j,0.179090+2.024413j,-0.376014-1.600694j,0.745645
0.982200+0.000000j,0.178676+2.024213j,-0.376430-1.600908j,0.751016
0.983641+0.000000j,0.178262+2.024012j,-0.376845-1.601122j,0.756387
0.985084+0.000000j,0.177848+2.023811j,-0.377260-1.601335j,0.761758
0.986528+0.000000j,0.177434+2.023609j,-0.377675-1.601548j,0.767129
0.987975+0.000000j,0.177020+2.023406j,-0.378090-1.601760j,0.772500
0.989424+0.000000j,0.176606+2.023203j,-0.378505-1.601972j,0.777871
0.990875+0.000000j,0.176191+2.023000j,-0.378920-1.602182j,0.783242
0.992329+0.000000j,0.175777+2.022795j,-0.379335-1.602393j,0.788614
0.993784+0.000000j,0.175363+2.022591j,-0.379750-1.602603j,0.793985
0.995242+0.000000j,0.174948+2.022386j,-0.380164-1.602812j,0.799356
0.996701+0.000000j,0.174534+2.022180j,-0.380579-1.603021j,0.804727
0.998163+0.000000j,0.174120+2.021973j,-0.380994-1.603229j,0.810098
0.999627+0.000000j,0.173705+2.021767j,-0.381408-1.603437j,0.815469
1.001093+0.000000j,0.173291+2.021559j,-0.381823-1.603644j,0.820840
1.002562+0.000000j,0.172876+2.021351j,-0.382237-1.603851j,0.826211
1.004032+0.000000j,0.172461+2.021143j,-0.382652-1.604057j,0.831582
1.005505+0.000000j,0.172047+2.020934j,-0.383066-1.604262j,0.836953
1.006979+0.000000j,0.171632+2.020724j,-0.383480-1.604467j,0.842324
1.008456+0.000000j,0.171217+2.020514j,-0.383895-1.604671j,0.847695
1.009935+0.000000j,0.170802+2.020303j,-0.384309-1.604875j,0.853066
1.011417+0.000000j,0.170387+2.020092j,-0.384723-1.605079j,0.858437
1.012900+0.000000j,0.169972+2.019880j,-0.385137-1.605281j,0.863808
1.014386+0.000000j,0.169557+2.019668j,-0.385551-1.605484j,0.869179
1.015873+0.000000j,0.169142+2.019455j,-0.385965-1.605685j,0.874550
1.017363+0.000000j,0.168727+2.019241j,-0.386379-1.605886j,0.879921
1.018855+0.000000j,0.168312+2.019027j,-0.386793-1.606087j,0.885292
1.020350+0.000000j,0.167896+2.018813j,-0.387207-1.606287j,0.890663
1.021846+0.000000j,0.167481+2.018598j,-0.387621-1.606487j,0.896034
1.023345+0.000000j,0.167066+2.018382j,-0.388035-1.606685j,0.901405
1.024846+0.000000j,0.166650+2.018166j,-0.388449-1.606884j,0.906776
1.026349+0.000000j,0.166234+2.017949j,-0.388863-1.607082j,0.912147
1.027854+0.000000j,0.165819+2.017732j,-0.389277-1.607279j,0.917518
1.029362+0.000000j,0.165403+2.017514j,-0.389690-1.607476j,0.922888
1.030872+0.000000j,0.164987+2.017295j,-0.390104-1.607672j,0.928259
1.032384+0.000000j,0.164571+2.017076j,-0.390518-1.607868j,0.933630
1.033898+0.000000j,0.164156+2.016857j,-0.390931-1.608063j,0.939000
1.035414+0.000000j,0.163739+2.016637j,-0.391345-1.608258j,0.944371
1.036933+0.000000j,0.163323+2.016416j,-0.391759-1.608452j,0.949742
1.038454+0.000000j,0.162907+2.016195j,-0.392172-1.608646j,0.955112
1.039977+0.000000j,0.162491+2.015973j,-0.392586-1.608839j,0.960483
1.041502+0.000000j,0.162075+2.015751j,-0.392999-1.609031j,0.965853
1.043030+0.000000j,0.161658+2.015528j,-0.393413-1.609223j,0.971223
1.044559+0.000000j,0.161242+2.015304j,-0.393826-1.609415j,0.976594
1.046091+0.000000j,0.160825+2.015080j,-0.394240-1.609605j,0.981964
1.047626+0.000000j,0.160408+2.014856j,-0.394653-1.609796j,0.987334
1.049162+0.000000j,0.159992+2.014630j,-0.395067-1.609986j,0.992705
1.050701+0.000000j,0.159575+2.014405j,-0.395480-1.610175j,0.998075
1.052242+0.000000j,0.159158+2.014178j,-0.395894-1.610364j,1.003445
1.053785+0.000000j,0.158741+2.013952j,-0.396307-1.610552j,1.008815
1.055331+0.000000j,0.158324+2.013724j,-0.396720-1.610740j,1.014185
1.056879+0.000000j,0.157907+2.013496j,-0.397134-1.610927j,1.019555
1.058429+0.000000j,0.157489+2.013268j,-0.397547-1.611114j,1.024925
1.059981+0.000000j,0.157072+2.013038j,-0.397960-1.611300j,1.030295
1.061536+0.000000j,0.156654+2.012809j,-0.398374-1.611485j,1.035664
1.063093+0.000000j,0.156237+2.012579j,-0.398787-1.611670j,1.041034
1.064652+0.000000j,0.155819+2.012348j,-0.399200-1.611855j,1.046404
1.066213+0.000000j,0.155401+2.012116j,-0.399614-1.612039j,1.051773
1.067777+0.000000j,0.154984+2.011884j,-0.400027-1.612223j,1.057143
1.069343+0.000000j,0.154566+2.011652j,-0.400440-1.612406j,1.062512
1.070912+0.000000j,0.154147+2.011419j,-0.400854-1.612588j,1.067881
1.072482+0.000000j,0.153729+2.011185j,-0.401267-1.612770j,1.073251
1.074055+0.000000j,0.153311+2.010951j,-0.401680-1.612951j,1.078620
1.075631+0.000000j,0.152893+2.010716j,-0.402094-1.613132j,1.083989
1.077208+0.000000j,0.152474+2.010481j,-0.402507-1.613313j,1.089358
1.078788+0.000000j,0.152055+2.010245j,-0.402920-1.613492j,1.094727
1.080370+0.000000j,0.151637+2.010008j,-0.403334-1.613672j,1.100096
1.081955+0.000000j,0.151218+2.009771j,-0.403747-1.613850j,1.105464
1.083542+0.000000j,0.150799+2.009534j,-0.404160-1.614029j,1.110833
1.085131+0.000000j,0.150380+2.009296j,-0.404573-1.614206j,1.116202
1.086722+0.000000j,0.149961+2.009057j,-0.404987-1.614384j,1.121570
1.088316+0.000000j,0.149541+2.008817j,-0.405400-1.614560j,1.126939
1.089912+0.000000j,0.149122+2.008577j,-0.405813-1.614737j,1.132307
1.091511+0.000000j,0.148702+2.008337j,-0.406227-1.614912j,1.137675
1.093112+0.000000j,0.148283+2.008096j,-0.406640-1.615087j,1.143043
1.094715+0.000000j,0.147863+2.007854j,-0.407054-1.615262j,1.148411
1.096321+0.000000j,0.147443+2.007612j,-0.407467-1.615436j,1.153779
1.097929+0.000000j,0.147023+2.007369j,-0.407880-1.615610j,1.159147
1.099539+0.000000j,0.146603+2.007126j,-0.408294-1.615783j,1.164515
1.101152+0.000000j,0.146182+2.006882j,-0.408707-1.615955j,1.169882
1.102767+0.000000j,0.145762+2.006638j,-0.409121-1.616128j,1.175250
1.104384+0.000000j,0.145341+2.006392j,-0.409534-1.616299j,1.180617
1.106004+0.000000j,0.144921+2.006147j,-0.409947-1.616470j,1.185984
1.107626+0.000000j,0.144500+2.005901j,-0.410361-1.616641j,1.191352
1.109250+0.000000j,0.144079+2.005654j,-0.410774-1.616811j,1.196719
1.110877+0.000000j,0.143658+2.005406j,-0.411188-1.616980j,1.202086
1.112507+0.000000j,0.143237+2.005158j,-0.411602-1.617149j,1.207452
1.114138+0.000000j,0.142815+2.004910j,-0.412015-1.617318j,1.212819
1.115772+0.000000j,0.142394+2.004661j,-0.412429-1.617486j,1.218186
1.117409+0.000000j,0.141972+2.004411j,-0.412842-1.617653j,1.223552
1.119048+0.000000j,0.141551+2.004161j,-0.413256-1.617820j,1.228918
1.120689+0.000000j,0.141129+2.003910j,-0.413670-1.617986j,1.234285
1.122333+0.000000j,0.140707+2.003658j,-0.414083-1.618152j,1.239651
1.123979+0.000000j,0.140284+2.003406j,-0.414497-1.618318j,1.245017
1.125627+0.000000j,0.139862+2.003154j,-0.414911-1.618483j,1.250383
1.127278+0.000000j,0.139440+2.002901j,-0.415325-1.618647j,1.255748
1.128932+0.000000j,0.139017+2.002647j,-0.415738-1.618811j,1.261114
1.130587+0.000000j,0.138594+2.002393j,-0.416152-1.618974j,1.266479
1.132246+0.000000j,0.138171+2.002138j,-0.416566-1.619137j,1.271845
1.133906+0.000000j,0.137748+2.001882j,-0.416980-1.619300j,1.277210
1.135569+0.000000j,0.137325+2.001626j,-0.417394-1.619461j,1.282575
1.137235+0.000000j,0.136901+2.001369j,-0.417808-1.619623j,1.287940
1.138903+0.000000j,0.136478+2.001112j,-0.418222-1.619784j,1.293304
1.140573+0.000000j,0.136054+2.000854j,-0.418636-1.619944j,1.298669
1.142246+0.000000j,0.135630+2.000596j,-0.419050-1.620104j,1.304034
1.143921+0.000000j,0.135206+2.000337j,-0.419464-1.620263j,1.309398
1.145599+0.000000j,0.134782+2.000077j,-0.419878-1.620422j,1.314762
1.147279+0.000000j,0.134358+1.999817j,-0.420292-1.620581j,1.320126
1.148962+0.000000j,0.133933+1.999556j,-0.420707-1.620738j,1.325490
1.150647+0.000000j,0.133508+1.999295j,-0.421121-1.620896j,1.330854
1.152335+0.000000j,0.133084+1.999033j,-0.421535-1.621053j,1.336217
1.154025+0.000000j,0.132659+1.998771j,-0.421950-1.621209j,1.341581
1.155717+0.000000j,0.132233+1.998508j,-0.422364-1.621365j,1.346944
1.157412+0.000000j,0.131808+1.998244j,-0.422778-1.621520j,1.352307
1.159110+0.000000j,0.131382+1.997980j,-0.423193-1.621675j,1.357670
1.160810+0.000000j,0.130957+1.997715j,-0.423607-1.621830j,1.363033
1.162513+0.000000j,0.130531+1.997449j,-0.424022-1.621984j,1.368395
1.164218+0.000000j,0.130105+1.997183j,-0.424437-1.622137j,1.373758
1.165925+0.000000j,0.129678+1.996917j,-0.424851-1.622290j,1.379120
1.167635+0.000000j,0.129252+1.996650j,-0.425266-1.622442j,1.384482
1.169348+0.000000j,0.128825+1.996382j,-0.425681-1.622594j,1.389844
1.171063+0.000000j,0.128399+1.996113j,-0.426096-1.622746j,1.395206
1.172780+0.000000j,0.127972+1.995845j,-0.426511-1.622897j,1.400567
1.174500+0.000000j,0.127544+1.995575j,-0.426926-1.623047j,1.405929
1.176223+0.000000j,0.127117+1.995305j,-0.427341-1.623197j,1.411290
1.177948+0.000000j,0.126690+1.995034j,-0.427756-1.623347j,1.416651
1.179676+0.000000j,0.126262+1.994763j,-0.428171-1.623496j,1.422012
1.181406+0.000000j,0.125834+1.994491j,-0.428586-1.623644j,1.427373
1.183139+0.000000j,0.125406+1.994218j,-0.429001-1.623792j,1.432733
1.184874+0.000000j,0.124978+1.993945j,-0.429416-1.623940j,1.438093
1.186612+0.000000j,0.124549+1.993672j,-0.429832-1.624087j,1.443454
1.188352+0.000000j,0.124120+1.993397j,-0.430247-1.624233j,1.448813
1.190095+0.000000j,0.123691+1.993123j,-0.430663-1.624379j,1.454173
1.191841+0.000000j,0.123262+1.992847j,-0.431078-1.624525j,1.459533
1.193589+0.000000j,0.122833+1.992571j,-0.431494-1.624670j,1.464892
1.195339+0.000000j,0.122404+1.992295j,-0.431909-1.624815j,1.470251
1.197092+0.000000j,0.121974+1.992017j,-0.432325-1.624959j,1.475610
1.198848+0.000000j,0.121544+1.991740j,-0.432741-1.625102j,1.480969
1.200606+0.000000j,0.121114+1.991461j,-0.433157-1.625246j,1.486328
1.202367+0.000000j,0.120683+1.991182j,-0.433572-1.625388j,1.491686
1.204131+0.000000j,0.120253+1.990903j,-0.433988-1.625531j,1.497044
1.205897+0.000000j,0.119822+1.990622j,-0.434404-1.625672j,1.502402
1.207666+0.000000j,0.119391+1.990342j,-0.434821-1.625813j,1.507760
1.209437+0.000000j,0.118960+1.990060j,-0.435237-1.625954j,1.513118
1.211211+0.000000j,0.118529+1.989778j,-0.435653-1.626095j,1.518475
1.212987+0.000000j,0.118097+1.989496j,-0.436069-1.626234j,1.523832
1.214766+0.000000j,0.117665+1.989213j,-0.436486-1.626374j,1.529189
1.216548+0.000000j,0.117233+1.988929j,-0.436902-1.626513j,1.534546
1.218332+0.000000j,0.116801+1.988645j,-0.437319-1.626651j,1.539902
1.220119+0.000000j,0.116369+1.988360j,-0.437735-1.626789j,1.545259
1.221908+0.000000j,0.115936+1.988074j,-0.438152-1.626926j,1.550615
1.223701+0.000000j,0.115503+1.987788j,-0.438569-1.627063j,1.555971
1.225495+0.000000j,0.115070+1.987501j,-0.438986-1.627200j,1.561326
1.227293+0.000000j,0.114636+1.987214j,-0.439402-1.627336j,1.566682
1.229093+0.000000j,0.114203+1.986926j,-0.439819-1.627471j,1.572037
1.230895+0.000000j,0.113769+1.986638j,-0.440237-1.627606j,1.577392
1.232701+0.000000j,0.113335+1.986349j,-0.440654-1.627741j,1.582747
1.234509+0.000000j,0.112900+1.986059j,-0.441071-1.627875j,1.588101
1.236319+0.000000j,0.112466+1.985769j,-0.441488-1.628009j,1.593455
1.238133+0.000000j,0.112031+1.985478j,-0.441906-1.628142j,1.598809
1.239949+0.000000j,0.111596+1.985186j,-0.442323-1.628275j,1.604163
1.241767+0.000000j,0.111161+1.984894j,-0.442741-1.628407j,1.609517
1.243588+0.000000j,0.110725+1.984602j,-0.443158-1.628539j,1.614870
1.245412+0.000000j,0.110290+1.984308j,-0.443576-1.628670j,1.620223
1.247239+0.000000j,0.109854+1.984015j,-0.443994-1.628801j,1.625576
1.249068+0.000000j,0.109417+1.983720j,-0.444412-1.628932j,1.630929
1.250900+0.000000j,0.108981+1.983425j,-0.444830-1.629061j,1.636281
1.252735+0.000000j,0.108544+1.983129j,-0.445248-1.629191j,1.641633
1.254572+0.000000j,0.108107+1.982833j,-0.445666-1.629320j,1.646985
1.256412+0.000000j,0.107670+1.982536j,-0.446084-1.629448j,1.652337
1.258255+0.000000j,0.107232+1.982239j,-0.446502-1.629577j,1.657688
1.260101+0.000000j,0.106795+1.981941j,-0.446921-1.629704j,1.663039
1.261949+0.000000j,0.106357+1.981642j,-0.447339-1.629831j,1.668390
1.263800+0.000000j,0.105918+1.981343j,-0.447758-1.629958j,1.673741
1.265653+0.000000j,0.105480+1.981043j,-0.448177-1.630084j,1.679091
1.267509+0.000000j,0.105041+1.980743j,-0.448595-1.630210j,1.684441
1.269368+0.000000j,0.104602+1.980442j,-0.449014-1.630335j,1.689791
1.271230+0.000000j,0.104163+1.980140j,-0.449433-1.630460j,1.695141
1.273095+0.000000j,0.103723+1.979838j,-0.449852-1.630585j,1.700490
1.274962+0.000000j,0.103283+1.979535j,-0.450272-1.630709j,1.705839
1.276832+0.000000j,0.102843+1.979232j,-0.450691-1.630832j,1.711188
1.278704+0.000000j,0.102403+1.978928j,-0.451110-1.630955j,1.716537
1.280580+0.000000j,0.101962+1.978623j,-0.451530-1.631078j,1.721885
1.282458+0.000000j,0.101521+1.978318j,-0.451949-1.631200j,1.727233
1.284339+0.000000j,0.101080+1.978012j,-0.452369-1.631322j,1.732581
1.286223+0.000000j,0.100638+1.977706j,-0.452789-1.631443j,1.737928
1.288109+0.000000j,0.100196+1.977399j,-0.453208-1.631564j,1.743275
1.289998+0.000000j,0.099754+1.977091j,-0.453628-1.631684j,1.748622
1.291890+0.000000j,0.099312+1.976783j,-0.454048-1.631804j,1.753969
1.293785+0.000000j,0.098869+1.976474j,-0.454469-1.631923j,1.759315
1.295683+0.000000j,0.098426+1.976165j,-0.454889-1.632042j,1.764661
1.297583+0.000000j,0.097983+1.975855j,-0.455309-1.632161j,1.770007
1.299486+0.000000j,0.097540+1.975544j,-0.455730-1.632279j,1.775353
1.301392+0.000000j,0.097096+1.975233j,-0.456150-1.632396j,1.780698
1.303301+0.000000j,0.096652+1.974921j,-0.456571-1.632514j,1.786043
1.305212+0.000000j,0.096208+1.974609j,-0.456992-1.632630j,1.791387
1.307127+0.000000j,0.095763+1.974296j,-0.457413-1.632747j,1.796732
1.309044+0.000000j,0.095318+1.973983j,-0.457834-1.632862j,1.802076
1.310964+0.000000j,0.094873+1.973668j,-0.458255-1.632978j,1.807420
1.312887+0.000000j,0.094427+1.973354j,-0.458676-1.633093j,1.812763
1.314812+0.000000j,0.093981+1.973038j,-0.459098-1.633207j,1.818106
1.316741+0.000000j,0.093535+1.972722j,-0.459519-1.633321j,1.823449
1.318672+0.000000j,0.093089+1.972406j,-0.459941-1.633435j,1.828792
1.320606+0.000000j,0.092642+1.972089j,-0.460362-1.633548j,1.834134
1.322543+0.000000j,0.092195+1.971771j,-0.460784-1.633661j,1.839476
1.324482+0.000000j,0.091747+1.971452j,-0.461206-1.633773j,1.844818
1.326425+0.000000j,0.091300+1.971133j,-0.461628-1.633885j,1.850159
1.328370+0.000000j,0.090852+1.970814j,-0.462050-1.633996j,1.855500
1.330319+0.000000j,0.090403+1.970494j,-0.462472-1.634107j,1.860841
1.332270+0.000000j,0.089955+1.970173j,-0.462895-1.634218j,1.866181
1.334224+0.000000j,0.089506+1.969852j,-0.463317-1.634328j,1.871521
1.336181+0.000000j,0.089056+1.969530j,-0.463740-1.634438j,1.876861
1.338140+0.000000j,0.088607+1.969207j,-0.464163-1.634547j,1.882201
1.340103+0.000000j,0.088157+1.968884j,-0.464585-1.634656j,1.887540
1.342069+0.000000j,0.087707+1.968560j,-0.465008-1.634764j,1.892879
1.344037+0.000000j,0.087256+1.968236j,-0.465432-1.634872j,1.898217
1.346008+0.000000j,0.086805+1.967911j,-0.465855-1.634979j,1.903556
1.347982+0.000000j,0.086354+1.967585j,-0.466278-1.635086j,1.908894
1.349959+0.000000j,0.085902+1.967259j,-0.466701-1.635193j,1.914231
1.351939+0.000000j,0.085450+1.966932j,-0.467125-1.635299j,1.919568
1.353922+0.000000j,0.084998+1.966605j,-0.467549-1.635405j,1.924905
1.355908+0.000000j,0.084546+1.966277j,-0.467973-1.635510j,1.930242
1.357897+0.000000j,0.084093+1.965948j,-0.468397-1.635615j,1.935578
1.359888+0.000000j,0.083639+1.965619j,-0.468821-1.635720j,1.940914
1.361883+0.000000j,0.083186+1.965290j,-0.469245-1.635824j,1.946250
1.363880+0.000000j,0.082732+1.964959j,-0.469669-1.635927j,1.951585
1.365881+0.000000j,0.082278+1.964628j,-0.470094-1.636031j,1.956920
1.367884+0.000000j,0.081823+1.964297j,-0.470518-1.636133j,1.962255
1.369890+0.000000j,0.081368+1.963965j,-0.470943-1.636236j,1.967589
1.371899+0.000000j,0.080913+1.963632j,-0.471368-1.636338j,1.972923
1.373911+0.000000j,0.080457+1.963299j,-0.471793-1.636439j,1.978256
1.375926+0.000000j,0.080001+1.962965j,-0.472218-1.636540j,1.983590
1.377944+0.000000j,0.079545+1.962630j,-0.472643-1.636641j,1.988922
1.379965+0.000000j,0.079088+1.962295j,-0.473068-1.636741j,1.994255
1.381989+0.000000j,0.078631+1.961959j,-0.473494-1.636841j,1.999587
1.384016+0.000000j,0.078173+1.961623j,-0.473920-1.636940j,2.004919
1.386046+0.000000j,0.077715+1.961286j,-0.474345-1.637039j,2.010250
1.388079+0.000000j,0.077257+1.960949j,-0.474771-1.637138j,2.015582
1.390115+0.000000j,0.076799+1.960611j,-0.475197-1.637236j,2.020912
1.392154+0.000000j,0.076340+1.960272j,-0.475623-1.637334j,2.026243
1.394196+0.000000j,0.075880+1.959933j,-0.476050-1.637431j,2.031573
1.396240+0.000000j,0.075421+1.959593j,-0.476476-1.637528j,2.036903
1.398288+0.000000j,0.074961+1.959252j,-0.476903-1.637624j,2.042232
1.400339+0.000000j,0.074500+1.958911j,-0.477329-1.637720j,2.047561
1.402393+0.000000j,0.074039+1.958569j,-0.477756-1.637816j,2.052890
1.404450+0.000000j,0.073578+1.958227j,-0.478183-1.637911j,2.058218
1.406510+0.000000j,0.073117+1.957884j,-0.478610-1.638006j,2.063546
1.408573+0.000000j,0.072655+1.957541j,-0.479038-1.638100j,2.068873
1.410639+0.000000j,0.072192+1.957197j,-0.479465-1.638194j,2.074200
1.412707+0.000000j,0.071730+1.956852j,-0.479893-1.638288j,2.079527
1.414779+0.000000j,0.071267+1.956507j,-0.480320-1.638381j,2.084854
1.416854+0.000000j,0.070803+1.956161j,-0.480748-1.638473j,2.090180
1.418932+0.000000j,0.070339+1.955815j,-0.481176-1.638566j,2.095505
1.421014+0.000000j,0.069875+1.955468j,-0.481604-1.638658j,2.100831
1.423098+0.000000j,0.069410+1.955120j,-0.482032-1.638749j,2.106156
1.425185+0.000000j,0.068945+1.954772j,-0.482461-1.638840j,2.111480
1.427275+0.000000j,0.068480+1.954423j,-0.482889-1.638931j,2.116804
1.429369+0.000000j,0.068014+1.954074j,-0.483318-1.639021j,2.122128
1.431465+0.000000j,0.067548+1.953724j,-0.483747-1.639111j,2.127451
1.433565+0.000000j,0.067081+1.953373j,-0.484176-1.639200j,2.132774
1.435667+0.000000j,0.066614+1.953022j,-0.484605-1.639290j,2.138097
1.437773+0.000000j,0.066146+1.952670j,-0.485034-1.639378j,2.143419
1.439881+0.000000j,0.065679+1.952318j,-0.485464-1.639466j,2.148741
1.441993+0.000000j,0.065210+1.951965j,-0.485893-1.639554j,2.154062
1.444108+0.000000j,0.064742+1.951611j,-0.486323-1.639642j,2.159383
1.446226+0.000000j,0.064272+1.951257j,-0.486753-1.639729j,2.164704
1.448347+0.000000j,0.063803+1.950902j,-0.487183-1.639815j,2.170024
1.450472+0.000000j,0.063333+1.950547j,-0.487613-1.639902j,2.175344
1.452599+0.000000j,0.062863+1.950191j,-0.488044-1.639987j,2.180664
1.454730+0.000000j,0.062392+1.949835j,-0.488474-1.640073j,2.185983
1.456863+0.000000j,0.061921+1.949478j,-0.488905-1.640158j,2.191301
1.459000+0.000000j,0.061449+1.949120j,-0.489335-1.640243j,2.196619
1.461140+0.000000j,0.060977+1.948762j,-0.489766-1.640327j,2.201937
1.463283+0.000000j,0.060504+1.948403j,-0.490197-1.640411j,2.207255
1.465429+0.000000j,0.060031+1.948044j,-0.490629-1.640494j,2.212572
1.467578+0.000000j,0.059558+1.947684j,-0.491060-1.640577j,2.217888
1.469731+0.000000j,0.059084+1.947323j,-0.491492-1.640660j,2.223205
1.471886+0.000000j,0.058610+1.946962j,-0.491923-1.640742j,2.228520
1.474045+0.000000j,0.058135+1.946600j,-0.492355-1.640824j,2.233836
1.476207+0.000000j,0.057660+1.946238j,-0.492787-1.640905j,2.239151
1.478372+0.000000j,0.057185+1.945875j,-0.493220-1.640986j,2.244465
1.480540+0.000000j,0.056709+1.945511j,-0.493652-1.641067j,2.249779
1.482712+0.000000j,0.056232+1.945147j,-0.494084-1.641147j,2.255093
1.484886+0.000000j,0.055755+1.944782j,-0.494517-1.641227j,2.260406
1.487064+0.000000j,0.055278+1.944417j,-0.494950-1.641307j,2.265719
1.489245+0.000000j,0.054800+1.944051j,-0.495383-1.641386j,2.271031
1.491430+0.000000j,0.054322+1.943685j,-0.495816-1.641465j,2.276343
1.493617+0.000000j,0.053843+1.943318j,-0.496249-1.641543j,2.281655
1.495808+0.000000j,0.053364+1.942950j,-0.496683-1.641621j,2.286966
1.498002+0.000000j,0.052884+1.942582j,-0.497116-1.641699j,2.292277
1.500199+0.000000j,0.052404+1.942213j,-0.497550-1.641776j,2.297587
1.502399+0.000000j,0.051924+1.941844j,-0.497984-1.641853j,2.302897
1.504602+0.000000j,0.051443+1.941474j,-0.498418-1.641929j,2.308206
1.506809+0.000000j,0.050961+1.941104j,-0.498853-1.642005j,2.313515
1.509019+0.000000j,0.050479+1.940733j,-0.499287-1.642081j,2.318824
1.511232+0.000000j,0.049997+1.940361j,-0.499722-1.642156j,2.324132
1.513449+0.000000j,0.049514+1.939989j,-0.500157-1.642231j,2.329440
1.515669+0.000000j,0.049031+1.939616j,-0.500591-1.642305j,2.334747
1.517892+0.000000j,0.048547+1.939242j,-0.501027-1.642380j,2.340054
1.520118+0.000000j,0.048062+1.938869j,-0.501462-1.642453j,2.345360
1.522347+0.000000j,0.047578+1.938494j,-0.501897-1.642527j,2.350666
1.524580+0.000000j,0.047092+1.938119j,-0.502333-1.642600j,2.355971
1.526816+0.000000j,0.046607+1.937743j,-0.502769-1.642672j,2.361276
1.529056+0.000000j,0.046120+1.937367j,-0.503205-1.642744j,2.366581
1.531298+0.000000j,0.045634+1.936990j,-0.503641-1.642816j,2.371885
1.533544+0.000000j,0.045146+1.936613j,-0.504077-1.642888j,2.377188
1.535793+0.000000j,0.044659+1.936235j,-0.504514-1.642959j,2.382491
1.538046+0.000000j,0.044170+1.935856j,-0.504950-1.643030j,2.387794
1.540302+0.000000j,0.043682+1.935477j,-0.505387-1.643100j,2.393096
1.542561+0.000000j,0.043192+1.935097j,-0.505824-1.643170j,2.398398
1.544823+0.000000j,0.042703+1.934717j,-0.506261-1.643240j,2.403700
1.547089+0.000000j,0.042213+1.934336j,-0.506699-1.643309j,2.409000
1.549358+0.000000j,0.041722+1.933955j,-0.507136-1.643378j,2.414301
1.551630+0.000000j,0.041231+1.933573j,-0.507574-1.643446j,2.419601
1.553906+0.000000j,0.040739+1.933190j,-0.508012-1.643514j,2.424900
1.556185+0.000000j,0.040247+1.932807j,-0.508450-1.643582j,2.430199
1.558468+0.000000j,0.039754+1.932423j,-0.508888-1.643650j,2.435498
1.560753+0.000000j,0.039261+1.932039j,-0.509326-1.643717j,2.440796
1.563042+0.000000j,0.038767+1.931654j,-0.509765-1.643783j,2.446093
1.565335+0.000000j,0.038273+1.931269j,-0.510204-1.643850j,2.451390
1.567631+0.000000j,0.037778+1.930883j,-0.510642-1.643915j,2.456687
1.569930+0.000000j,0.037282+1.930497j,-0.511082-1.643981j,2.461983
1.572233+0.000000j,0.036787+1.930109j,-0.511521-1.644046j,2.467279
1.574538+0.000000j,0.036290+1.929722j,-0.511960-1.644111j,2.472574
1.576848+0.000000j,0.035793+1.929334j,-0.512400-1.644176j,2.477869
1.579161+0.000000j,0.035296+1.928945j,-0.512840-1.644240j,2.483163
1.581477+0.000000j,0.034798+1.928556j,-0.513280-1.644303j,2.488457
1.583796+0.000000j,0.034299+1.928166j,-0.513720-1.644367j,2.493750
1.586119+0.000000j,0.033800+1.927775j,-0.514160-1.644430j,2.499043
1.588445+0.000000j,0.033301+1.927384j,-0.514601-1.644492j,2.504335
1.590775+0.000000j,0.032801+1.926993j,-0.515041-1.644555j,2.509627
1.593108+0.000000j,0.032300+1.926601j,-0.515482-1.644617j,2.514918
1.595445+0.000000j,0.031799+1.926208j,-0.515923-1.644678j,2.520209
1.597785+0.000000j,0.031297+1.925815j,-0.516365-1.644740j,2.525499
1.600128+0.000000j,0.030795+1.925421j,-0.516806-1.644800j,2.530789
1.602475+0.000000j,0.030292+1.925027j,-0.517248-1.644861j,2.536078
1.604825+0.000000j,0.029789+1.924632j,-0.517689-1.644921j,2.541367
1.607179+0.000000j,0.029285+1.924236j,-0.518131-1.644981j,2.546656
1.609536+0.000000j,0.028780+1.923840j,-0.518574-1.645040j,2.551943
1.611897+0.000000j,0.028275+1.923444j,-0.519016-1.645099j,2.557231
1.614261+0.000000j,0.027769+1.923047j,-0.519459-1.645158j,2.562517
1.616629+0.000000j,0.027263+1.922649j,-0.519901-1.645217j,2.567804
1.619000+0.000000j,0.026757+1.922251j,-0.520344-1.645275j,2.573090
1.621374+0.000000j,0.026249+1.921852j,-0.520787-1.645332j,2.578375
1.623752+0.000000j,0.025741+1.921453j,-0.521231-1.645390j,2.583660
1.626134+0.000000j,0.025233+1.921053j,-0.521674-1.645447j,2.588944
1.628519+0.000000j,0.024724+1.920653j,-0.522118-1.645503j,2.594228
1.630907+0.000000j,0.024214+1.920252j,-0.522562-1.645560j,2.599511
1.633299+0.000000j,0.023704+1.919850j,-0.523006-1.645615j,2.604794
1.635695+0.000000j,0.023193+1.919448j,-0.523450-1.645671j,2.610076
1.638094+0.000000j,0.022682+1.919046j,-0.523894-1.645726j,2.615358
1.640496+0.000000j,0.022170+1.918643j,-0.524339-1.645781j,2.620639
1.642903+0.000000j,0.021658+1.918239j,-0.524784-1.645836j,2.625919
1.645312+0.000000j,0.021145+1.917835j,-0.525229-1.645890j,2.631200
1.647725+0.000000j,0.020631+1.917430j,-0.525674-1.645944j,2.636479
1.650142+0.000000j,0.020117+1.917025j,-0.526119-1.645997j,2.641758
1.652562+0.000000j,0.019602+1.916619j,-0.526565-1.646051j,2.647037
1.654986+0.000000j,0.019087+1.916213j,-0.527011-1.646103j,2.652315
1.657413+0.000000j,0.018571+1.915806j,-0.527457-1.646156j,2.657592
1.659844+0.000000j,0.018054+1.915399j,-0.527903-1.646208j,2.662869
1.662279+0.000000j,0.017537+1.914991j,-0.528349-1.646260j,2.668146
1.664717+0.000000j,0.017019+1.914582j,-0.528796-1.646311j,2.673422
1.667158+0.000000j,0.016500+1.914173j,-0.529242-1.646363j,2.678697
1.669603+0.000000j,0.015981+1.913764j,-0.529689-1.646413j,2.683972
1.672052+0.000000j,0.015462+1.913354j,-0.530136-1.646464j,2.689246
1.674504+0.000000j,0.014942+1.912943j,-0.530584-1.646514j,2.694520
1.676960+0.000000j,0.014421+1.912532j,-0.531031-1.646564j,2.699793
1.679420+0.000000j,0.013899+1.912121j,-0.531479-1.646613j,2.705066
1.681883+0.000000j,0.013377+1.911709j,-0.531927-1.646662j,2.710338
1.684350+0.000000j,0.012854+1.911296j,-0.532375-1.646711j,2.715610
1.686820+0.000000j,0.012331+1.910883j,-0.532823-1.646760j,2.720881
1.689294+0.000000j,0.011807+1.910469j,-0.533272-1.646808j,2.726151
1.691772+0.000000j,0.011283+1.910055j,-0.533720-1.646856j,2.731421
1.694253+0.000000j,0.010757+1.909640j,-0.534169-1.646903j,2.736691
1.696738+0.000000j,0.010232+1.909225j,-0.534618-1.646950j,2.741960
1.699227+0.000000j,0.009705+1.908809j,-0.535068-1.646997j,2.747228
1.701719+0.000000j,0.009178+1.908393j,-0.535517-1.647044j,2.752496
1.704215+0.000000j,0.008650+1.907976j,-0.535967-1.647090j,2.757763
1.706714+0.000000j,0.008122+1.907559j,-0.536417-1.647136j,2.763030
1.709217+0.000000j,0.007593+1.907141j,-0.536867-1.647181j,2.768296
1.711724+0.000000j,0.007063+1.906723j,-0.537317-1.647226j,2.773561
1.714235+0.000000j,0.006533+1.906304j,-0.537767-1.647271j,2.778826
1.716749+0.000000j,0.006002+1.905884j,-0.538218-1.647316j,2.784091
1.719267+0.000000j,0.005471+1.905465j,-0.538669-1.647360j,2.789355
1.721789+0.000000j,0.004938+1.905044j,-0.539120-1.647404j,2.794618
1.724314+0.000000j,0.004406+1.904623j,-0.539571-1.647447j,2.799881
1.726843+0.000000j,0.003872+1.904202j,-0.540023-1.647490j,2.805143
1.729376+0.000000j,0.003338+1.903780j,-0.540475-1.647533j,2.810404
1.731912+0.000000j,0.002803+1.903358j,-0.540927-1.647576j,2.815665
1.734452+0.000000j,0.002267+1.902935j,-0.541379-1.647618j,2.820926
1.736996+0.000000j,0.001731+1.902511j,-0.541831-1.647660j,2.826186
1.739544+0.000000j,0.001195+1.902087j,-0.542283-1.647702j,2.831445
1.742095+0.000000j,0.000657+1.901663j,-0.542736-1.647743j,2.836704
1.744650+0.000000j,0.000119+1.901238j,-0.543189-1.647784j,2.841962
1.747209+0.000000j,-0.000420+1.900813j,-0.543642-1.647825j,2.847220
1.749771+0.000000j,-0.000959+1.900387j,-0.544096-1.647865j,2.852477
1.752338+0.000000j,-0.001500+1.899961j,-0.544549-1.647905j,2.857733
1.754908+0.000000j,-0.002040+1.899534j,-0.545003-1.647945j,2.862989
1.757482+0.000000j,-0.002582+1.899106j,-0.545457-1.647984j,2.868244
1.760059+0.000000j,-0.003124+1.898679j,-0.545911-1.648023j,2.873499
1.762641+0.000000j,-0.003667+1.898250j,-0.546365-1.648062j,2.878753
1.765226+0.000000j,-0.004211+1.897822j,-0.546820-1.648101j,2.884007
1.767815+0.000000j,-0.004755+1.897392j,-0.547275-1.648139j,2.889260
1.770408+0.000000j,-0.005300+1.896962j,-0.547730-1.648177j,2.894512
1.773004+0.000000j,-0.005845+1.896532j,-0.548185-1.648214j,2.899764
1.775605+0.000000j,-0.006392+1.896102j,-0.548640-1.648251j,2.905015
1.778209+0.000000j,-0.006939+1.895670j,-0.549096-1.648288j,2.910266
1.780817+0.000000j,-0.007486+1.895239j,-0.549552-1.648325j,2.915516
1.783429+0.000000j,-0.008035+1.894807j,-0.550008-1.648361j,2.920765
1.786045+0.000000j,-0.008584+1.894374j,-0.550464-1.648397j,2.926014
1.788664+0.000000j,-0.009134+1.893941j,-0.550920-1.648433j,2.931262
1.791288+0.000000j,-0.009684+1.893507j,-0.551377-1.648468j,2.936510
1.793915+0.000000j,-0.010235+1.893073j,-0.551834-1.648503j,2.941757
1.796546+0.000000j,-0.010787+1.892639j,-0.552291-1.648538j,2.947003
1.799181+0.000000j,-0.011340+1.892204j,-0.552748-1.648573j,2.952249
1.801820+0.000000j,-0.011893+1.891768j,-0.553206-1.648607j,2.957494
1.804462+0.000000j,-0.012447+1.891332j,-0.553664-1.648641j,2.962739
1.807109+0.000000j,-0.013002+1.890896j,-0.554122-1.648674j,2.967983
1.809759+0.000000j,-0.013558+1.890459j,-0.554580-1.648707j,2.973226
1.812414+0.000000j,-0.014114+1.890022j,-0.555038-1.648740j,2.978469
1.815072+0.000000j,-0.014671+1.889584j,-0.555497-1.648773j,2.983711
1.817734+0.000000j,-0.015228+1.889146j,-0.555955-1.648805j,2.988953
1.820400+0.000000j,-0.015787+1.888707j,-0.556414-1.648837j,2.994194
1.823070+0.000000j,-0.016346+1.888268j,-0.556874-1.648869j,2.999434
1.825744+0.000000j,-0.016906+1.887829j,-0.557333-1.648901j,3.004674
1.828422+0.000000j,-0.017466+1.887389j,-0.557793-1.648932j,3.009913
1.831103+0.000000j,-0.018028+1.886948j,-0.558253-1.648963j,3.015151
1.833789+0.000000j,-0.018590+1.886507j,-0.558713-1.648993j,3.020389
1.836478+0.000000j,-0.019152+1.886066j,-0.559173-1.649023j,3.025627
1.839172+0.000000j,-0.019716+1.885624j,-0.559633-1.649053j,3.030863
1.841869+0.000000j,-0.020280+1.885182j,-0.560094-1.649083j,3.036099
1.844571+0.000000j,-0.020845+1.884739j,-0.560555-1.649112j,3.041335
1.847276+0.000000j,-0.021411+1.884296j,-0.561016-1.649142j,3.046569
1.849986+0.000000j,-0.021978+1.883852j,-0.561478-1.649170j,3.051804
1.852699+0.000000j,-0.022545+1.883408j,-0.561939-1.649199j,3.057037
1.855416+0.000000j,-0.023113+1.882964j,-0.562401-1.649227j,3.062270
1.858138+0.000000j,-0.023682+1.882519j,-0.562863-1.649255j,3.067502
1.860863+0.000000j,-0.024251+1.882074j,-0.563325-1.649283j,3.072734
1.863592+0.000000j,-0.024821+1.881628j,-0.563788-1.649310j,3.077965
1.866325+0.000000j,-0.025392+1.881182j,-0.564250-1.649337j,3.083196
1.869063+0.000000j,-0.025964+1.880735j,-0.564713-1.649364j,3.088425
1.871804+0.000000j,-0.026537+1.880288j,-0.565176-1.649390j,3.093654
1.874549+0.000000j,-0.027110+1.879841j,-0.565640-1.649417j,3.098883
1.877299+0.000000j,-0.027684+1.879393j,-0.566103-1.649443j,3.104111
1.880052+0.000000j,-0.028259+1.878945j,-0.566567-1.649468j,3.109338
1.882809+0.000000j,-0.028835+1.878496j,-0.567031-1.649494j,3.114565
1.885571+0.000000j,-0.029411+1.878047j,-0.567495-1.649519j,3.119791
1.888336+0.000000j,-0.029988+1.877598j,-0.567960-1.649543j,3.125016
1.891106+0.000000j,-0.030566+1.877148j,-0.568424-1.649568j,3.130241
1.893880+0.000000j,-0.031145+1.876697j,-0.568889-1.649592j,3.135465
1.896657+0.000000j,-0.031725+1.876247j,-0.569354-1.649616j,3.140688
1.899439+0.000000j,-0.032305+1.875796j,-0.569819-1.649640j,3.145911
1.902225+0.000000j,-0.032886+1.875344j,-0.570285-1.649663j,3.151133
1.905015+0.000000j,-0.033468+1.874892j,-0.570751-1.649686j,3.156354
1.907809+0.000000j,-0.034051+1.874440j,-0.571217-1.649709j,3.161575
1.910607+0.000000j,-0.034634+1.873987j,-0.571683-1.649732j,3.166795
1.913409+0.000000j,-0.035218+1.873534j,-0.572149-1.649754j,3.172015
1.916216+0.000000j,-0.035804+1.873080j,-0.572616-1.649776j,3.177234
1.919026+0.000000j,-0.036389+1.872627j,-0.573083-1.649798j,3.182452
1.921841+0.000000j,-0.036976+1.872172j,-0.573550-1.649819j,3.187669
1.924659+0.000000j,-0.037564+1.871718j,-0.574017-1.649840j,3.192886
1.927482+0.000000j,-0.038152+1.871262j,-0.574485-1.649861j,3.198103
1.930309+0.000000j,-0.038741+1.870807j,-0.574953-1.649882j,3.203318
1.933140+0.000000j,-0.039331+1.870351j,-0.575420-1.649902j,3.208533
1.935976+0.000000j,-0.039921+1.869895j,-0.575889-1.649922j,3.213747
1.938815+0.000000j,-0.040513+1.869438j,-0.576357-1.649942j,3.218961
1.941659+0.000000j,-0.041105+1.868981j,-0.576826-1.649962j,3.224174
1.944506+0.000000j,-0.041698+1.868524j,-0.577295-1.649981j,3.229386
1.947358+0.000000j,-0.042292+1.868066j,-0.577764-1.650000j,3.234598
1.950214+0.000000j,-0.042887+1.867608j,-0.578233-1.650019j,3.239809
1.953075+0.000000j,-0.043483+1.867150j,-0.578703-1.650037j,3.245019
1.955939+0.000000j,-0.044079+1.866691j,-0.579172-1.650055j,3.250229
1.958808+0.000000j,-0.044676+1.866232j,-0.579642-1.650073j,3.255438
1.961681+0.000000j,-0.045275+1.865772j,-0.580113-1.650091j,3.260646
1.964558+0.000000j,-0.045873+1.865312j,-0.580583-1.650108j,3.265854
1.967439+0.000000j,-0.046473+1.864852j,-0.581054-1.650125j,3.271061
1.970325+0.000000j,-0.047074+1.864391j,-0.581525-1.650142j,3.276267
1.973215+0.000000j,-0.047675+1.863930j,-0.581996-1.650159j,3.281473
1.976109+0.000000j,-0.048277+1.863469j,-0.582467-1.650175j,3.286677
1.979007+0.000000j,-0.048880+1.863007j,-0.582939-1.650191j,3.291882
1.981910+0.000000j,-0.049484+1.862545j,-0.583410-1.650207j,3.297085
1.984817+0.000000j,-0.050089+1.862083j,-0.583883-1.650223j,3.302288
1.987728+0.000000j,-0.050695+1.861620j,-0.584355-1.650238j,3.307491
1.990643+0.000000j,-0.051301+1.861157j,-0.584827-1.650253j,3.312692
1.993563+0.000000j,-0.051909+1.860694j,-0.585300-1.650268j,3.317893
1.996487+0.000000j,-0.052517+1.860230j,-0.585773-1.650282j,3.323093
1.999415+0.000000j,-0.053126+1.859766j,-0.586246-1.650297j,3.328293
2.002347+0.000000j,-0.053735+1.859302j,-0.586719-1.650311j,3.333492
2.005284+0.000000j,-0.054346+1.858837j,-0.587193-1.650324j,3.338690
2.008225+0.000000j,-0.054958+1.858372j,-0.587667-1.650338j,3.343887
2.011170+0.000000j,-0.055570+1.857907j,-0.588141-1.650351j,3.349084
2.014120+0.000000j,-0.056183+1.857441j,-0.588615-1.650364j,3.354280
2.017074+0.000000j,-0.056798+1.856975j,-0.589090-1.650377j,3.359475
2.020033+0.000000j,-0.057413+1.856509j,-0.589565-1.650389j,3.364670
2.022995+0.000000j,-0.058028+1.856042j,-0.590040-1.650402j,3.369864
2.025962+0.000000j,-0.058645+1.855575j,-0.590515-1.650414j,3.375058
2.028934+0.000000j,-0.059263+1.855108j,-0.590990-1.650425j,3.380250
2.031910+0.000000j,-0.059881+1.854640j,-0.591466-1.650437j,3.385442
2.034890+0.000000j,-0.060501+1.854172j,-0.591942-1.650448j,3.390634
2.037874+0.000000j,-0.061121+1.853704j,-0.592418-1.650459j,3.395824
2.040863+0.000000j,-0.061742+1.853236j,-0.592895-1.650470j,3.401014
2.043856+0.000000j,-0.062364+1.852767j,-0.593371-1.650480j,3.406203
2.046854+0.000000j,-0.062987+1.852298j,-0.593848-1.650490j,3.411392
2.049856+0.000000j,-0.063610+1.851829j,-0.594325-1.650500j,3.416579
2.052863+0.000000j,-0.064235+1.851359j,-0.594802-1.650510j,3.421767
2.055874+0.000000j,-0.064861+1.850889j,-0.595280-1.650520j,3.426953
2.058889+0.000000j,-0.065487+1.850419j,-0.595758-1.650529j,3.432139
2.061909+0.000000j,-0.066114+1.849948j,-0.596236-1.650538j,3.437324
2.064933+0.000000j,-0.066742+1.849477j,-0.596714-1.650547j,3.442508
2.067961+0.000000j,-0.067371+1.849006j,-0.597192-1.650555j,3.447692
2.070994+0.000000j,-0.068001+1.848535j,-0.597671-1.650563j,3.452874
2.074032+0.000000j,-0.068632+1.848063j,-0.598150-1.650571j,3.458057
2.077074+0.000000j,-0.069264+1.847592j,-0.598629-1.650579j,3.463238
2.080120+0.000000j,-0.069896+1.847119j,-0.599109-1.650587j,3.468419
2.083171+0.000000j,-0.070530+1.846647j,-0.599588-1.650594j,3.473599
2.086226+0.000000j,-0.071164+1.846174j,-0.600068-1.650601j,3.478778
2.089286+0.000000j,-0.071800+1.845701j,-0.600548-1.650608j,3.483957
2.092350+0.000000j,-0.072436+1.845228j,-0.601028-1.650614j,3.489135
2.095419+0.000000j,-0.073073+1.844755j,-0.601509-1.650621j,3.494312
2.098492+0.000000j,-0.073711+1.844281j,-0.601990-1.650627j,3.499489
2.101570+0.000000j,-0.074350+1.843807j,-0.602471-1.650633j,3.504664
2.104653+0.000000j,-0.074990+1.843333j,-0.602952-1.650638j,3.509840
2.107739+0.000000j,-0.075631+1.842859j,-0.603434-1.650644j,3.515014
2.110831+0.000000j,-0.076272+1.842384j,-0.603915-1.650649j,3.520188
2.113927+0.000000j,-0.076915+1.841909j,-0.604397-1.650654j,3.525361
2.117027+0.000000j,-0.077558+1.841434j,-0.604880-1.650659j,3.530533
2.120132+0.000000j,-0.078203+1.840958j,-0.605362-1.650663j,3.535704
2.123242+0.000000j,-0.078848+1.840483j,-0.605845-1.650667j,3.540875
2.126356+0.000000j,-0.079495+1.840007j,-0.606327-1.650671j,3.546045
2.129474+0.000000j,-0.080142+1.839531j,-0.606811-1.650675j,3.551214
2.132598+0.000000j,-0.080790+1.839055j,-0.607294-1.650679j,3.556383
2.135725+0.000000j,-0.081439+1.838578j,-0.607778-1.650682j,3.561551
2.138858+0.000000j,-0.082089+1.838101j,-0.608261-1.650685j,3.566718
2.141995+0.000000j,-0.082740+1.837624j,-0.608745-1.650688j,3.571885
2.145136+0.000000j,-0.083392+1.837147j,-0.609230-1.650691j,3.577050
2.148283+0.000000j,-0.084044+1.836670j,-0.609714-1.650693j,3.582215
2.151433+0.000000j,-0.084698+1.836192j,-0.610199-1.650695j,3.587380
2.154589+0.000000j,-0.085353+1.835715j,-0.610684-1.650697j,3.592543
2.157749+0.000000j,-0.086008+1.835237j,-0.611169-1.650699j,3.597706
2.160914+0.000000j,-0.086665+1.834759j,-0.611655-1.650700j,3.602868
2.164083+0.000000j,-0.087322+1.834280j,-0.612141-1.650702j,3.608030
2.167257+0.000000j,-0.087980+1.833802j,-0.612627-1.650703j,3.613190
2.170436+0.000000j,-0.088640+1.833323j,-0.613113-1.650703j,3.618350
2.173619+0.000000j,-0.089300+1.832844j,-0.613599-1.650704j,3.623509
2.176807+0.000000j,-0.089961+1.832365j,-0.614086-1.650704j,3.628668
2.180000+0.000000j,-0.090623+1.831886j,-0.614573-1.650705j,3.633826
2.183197+0.000000j,-0.091286+1.831406j,-0.615060-1.650704j,3.638983
2.186399+0.000000j,-0.091950+1.830927j,-0.615547-1.650704j,3.644139
2.189606+0.000000j,-0.092615+1.830447j,-0.616035-1.650704j,3.649294
2.192817+0.000000j,-0.093281+1.829967j,-0.616523-1.650703j,3.654449
2.196033+0.000000j,-0.093948+1.829487j,-0.617011-1.650702j,3.659603
2.199254+0.000000j,-0.094616+1.829006j,-0.617499-1.650701j,3.664757
2.202480+0.000000j,-0.095285+1.828526j,-0.617988-1.650700j,3.669909
2.205710+0.000000j,-0.095955+1.828045j,-0.618476-1.650698j,3.675061
2.208945+0.000000j,-0.096625+1.827565j,-0.618965-1.650696j,3.680212
2.212185+0.000000j,-0.097297+1.827084j,-0.619455-1.650694j,3.685363
2.215429+0.000000j,-0.097970+1.826603j,-0.619944-1.650692j,3.690512
2.218679+0.000000j,-0.098643+1.826121j,-0.620434-1.650689j,3.695661
2.221933+0.000000j,-0.099318+1.825640j,-0.620924-1.650687j,3.700809
2.225192+0.000000j,-0.099993+1.825159j,-0.621414-1.650684j,3.705957
2.228455+0.000000j,-0.100670+1.824677j,-0.621905-1.650681j,3.711103
2.231724+0.000000j,-0.101347+1.824195j,-0.622395-1.650678j,3.716249
2.234997+0.000000j,-0.102025+1.823713j,-0.622886-1.650674j,3.721394
2.238275+0.000000j,-0.102705+1.823231j,-0.623377-1.650670j,3.726539
2.241558+0.000000j,-0.103385+1.822749j,-0.623869-1.650666j,3.731683
2.244845+0.000000j,-0.104066+1.822267j,-0.624360-1.650662j,3.736826
2.248138+0.000000j,-0.104749+1.821785j,-0.624852-1.650658j,3.741968
2.251435+0.000000j,-0.105432+1.821302j,-0.625344-1.650653j,3.747109
2.254737+0.000000j,-0.106116+1.820820j,-0.625837-1.650649j,3.752250
2.258044+0.000000j,-0.106801+1.820337j,-0.626329-1.650644j,3.757390
2.261356+0.000000j,-0.107487+1.819854j,-0.626822-1.650638j,3.762529
2.264673+0.000000j,-0.108174+1.819371j,-0.627315-1.650633j,3.767668
2.267994+0.000000j,-0.108862+1.818888j,-0.627809-1.650627j,3.772805
2.271321+0.000000j,-0.109552+1.818405j,-0.628302-1.650622j,3.777942
2.274652+0.000000j,-0.110242+1.817922j,-0.628796-1.650616j,3.783078
2.277988+0.000000j,-0.110933+1.817439j,-0.629290-1.650609j,3.788214
2.281329+0.000000j,-0.111625+1.816956j,-0.629784-1.650603j,3.793349
2.284675+0.000000j,-0.112318+1.816472j,-0.630279-1.650596j,3.798483
2.288026+0.000000j,-0.113012+1.815989j,-0.630773-1.650590j,3.803616
2.291382+0.000000j,-0.113706+1.815505j,-0.631268-1.650583j,3.808748
2.294742+0.000000j,-0.114402+1.815022j,-0.631764-1.650575j,3.813880
2.298108+0.000000j,-0.115099+1.814538j,-0.632259-1.650568j,3.819011
2.301479+0.000000j,-0.115797+1.814054j,-0.632755-1.650560j,3.824141
2.304854+0.000000j,-0.116496+1.813570j,-0.633251-1.650553j,3.829270
2.308235+0.000000j,-0.117196+1.813086j,-0.633747-1.650545j,3.834399
2.311620+0.000000j,-0.117897+1.812602j,-0.634243-1.650536j,3.839527
2.315010+0.000000j,-0.118599+1.812118j,-0.634740-1.650528j,3.844654
2.318406+0.000000j,-0.119301+1.811634j,-0.635237-1.650519j,3.849781
2.321806+0.000000j,-0.120005+1.811150j,-0.635734-1.650511j,3.854906
2.325211+0.000000j,-0.120710+1.810666j,-0.636231-1.650502j,3.860031
2.328622+0.000000j,-0.121416+1.810182j,-0.636729-1.650493j,3.865155
2.332037+0.000000j,-0.122123+1.809698j,-0.637227-1.650483j,3.870279
2.335457+0.000000j,-0.122830+1.809214j,-0.637725-1.650474j,3.875401
2.338883+0.000000j,-0.123539+1.808729j,-0.638223-1.650464j,3.880523
2.342313+0.000000j,-0.124249+1.808245j,-0.638722-1.650454j,3.885644
2.345749+0.000000j,-0.124960+1.807761j,-0.639221-1.650444j,3.890764
2.349189+0.000000j,-0.125672+1.807277j,-0.639720-1.650433j,3.895884
2.352634+0.000000j,-0.126384+1.806792j,-0.640219-1.650423j,3.901003
2.356085+0.000000j,-0.127098+1.806308j,-0.640718-1.650412j,3.906121
2.359541+0.000000j,-0.127813+1.805824j,-0.641218-1.650401j,3.911238
2.363001+0.000000j,-0.128529+1.805339j,-0.641718-1.650390j,3.916354
2.366467+0.000000j,-0.129245+1.804855j,-0.642218-1.650379j,3.921470
2.369938+0.000000j,-0.129963+1.804371j,-0.642719-1.650367j,3.926585
2.373414+0.000000j,-0.130682+1.803886j,-0.643220-1.650356j,3.931699
2.376895+0.000000j,-0.131402+1.803402j,-0.643721-1.650344j,3.936813
2.380381+0.000000j,-0.132122+1.802918j,-0.644222-1.650332j,3.941926
2.383872+0.000000j,-0.132844+1.802433j,-0.644723-1.650320j,3.947037
2.387369+0.000000j,-0.133567+1.801949j,-0.645225-1.650307j,3.952149
2.390870+0.000000j,-0.134291+1.801465j,-0.645727-1.650295j,3.957259
2.394377+0.000000j,-0.135015+1.800981j,-0.646229-1.650282j,3.962369
2.397888+0.000000j,-0.135741+1.800497j,-0.646731-1.650269j,3.967477
2.401405+0.000000j,-0.136468+1.800012j,-0.647234-1.650256j,3.972585
2.404927+0.000000j,-0.137196+1.799528j,-0.647737-1.650243j,3.977693
2.408455+0.000000j,-0.137924+1.799044j,-0.648240-1.650229j,3.982799
2.411987+0.000000j,-0.138654+1.798560j,-0.648743-1.650215j,3.987905
2.415525+0.000000j,-0.139385+1.798076j,-0.649247-1.650202j,3.993010
2.419067+0.000000j,-0.140117+1.797592j,-0.649751-1.650188j,3.998114
2.422615+0.000000j,-0.140849+1.797109j,-0.650255-1.650173j,4.003218
2.426169+0.000000j,-0.141583+1.796625j,-0.650759-1.650159j,4.008320
2.429727+0.000000j,-0.142318+1.796141j,-0.651264-1.650144j,4.013422
2.433291+0.000000j,-0.143054+1.795657j,-0.651769-1.650130j,4.018523
2.436859+0.000000j,-0.143791+1.795174j,-0.652274-1.650115j,4.023624
2.440433+0.000000j,-0.144528+1.794690j,-0.652779-1.650100j,4.028723
2.444013+0.000000j,-0.145267+1.794207j,-0.653285-1.650084j,4.033822
2.447597+0.000000j,-0.146007+1.793723j,-0.653790-1.650069j,4.038920
2.451187+0.000000j,-0.146748+1.793240j,-0.654296-1.650053j,4.044017
2.454782+0.000000j,-0.147490+1.792757j,-0.654803-1.650037j,4.049114
2.458383+0.000000j,-0.148233+1.792274j,-0.655309-1.650021j,4.054210
2.461988+0.000000j,-0.148976+1.791791j,-0.655816-1.650005j,4.059305
2.465599+0.000000j,-0.149721+1.791308j,-0.656323-1.649989j,4.064399
2.469215+0.000000j,-0.150467+1.790825j,-0.656830-1.649973j,4.069492
2.472837+0.000000j,-0.151214+1.790342j,-0.657337-1.649956j,4.074585
2.476464+0.000000j,-0.151962+1.789860j,-0.657845-1.649939j,4.079677
2.480096+0.000000j,-0.152711+1.789377j,-0.658353-1.649922j,4.084768
2.483733+0.000000j,-0.153461+1.788895j,-0.658861-1.649905j,4.089858
2.487376+0.000000j,-0.154212+1.788413j,-0.659370-1.649888j,4.094948
2.491024+0.000000j,-0.154963+1.787931j,-0.659878-1.649870j,4.100036
2.494678+0.000000j,-0.155716+1.787449j,-0.660387-1.649852j,4.105124
2.498337+0.000000j,-0.156470+1.786967j,-0.660896-1.649834j,4.110212
2.502001+0.000000j,-0.157225+1.786485j,-0.661406-1.649816j,4.115298
2.505671+0.000000j,-0.157981+1.786003j,-0.661915-1.649798j,4.120384
2.509346+0.000000j,-0.158738+1.785522j,-0.662425-1.649780j,4.125469
2.513026+0.000000j,-0.159496+1.785041j,-0.662935-1.649761j,4.130553
2.516712+0.000000j,-0.160255+1.784560j,-0.663445-1.649743j,4.135636
2.520403+0.000000j,-0.161015+1.784079j,-0.663956-1.649724j,4.140718
2.524100+0.000000j,-0.161776+1.783598j,-0.664467-1.649705j,4.145800
2.527802+0.000000j,-0.162538+1.783117j,-0.664978-1.649686j,4.150881
2.531509+0.000000j,-0.163301+1.782637j,-0.665489-1.649666j,4.155961
2.535222+0.000000j,-0.164065+1.782156j,-0.666001-1.649647j,4.161041
2.538940+0.000000j,-0.164830+1.781676j,-0.666512-1.649627j,4.166119
2.542664+0.000000j,-0.165596+1.781196j,-0.667024-1.649607j,4.171197
2.546393+0.000000j,-0.166363+1.780716j,-0.667537-1.649588j,4.176274
2.550128+0.000000j,-0.167131+1.780237j,-0.668049-1.649567j,4.181351
2.553868+0.000000j,-0.167900+1.779757j,-0.668562-1.649547j,4.186426
2.557614+0.000000j,-0.168670+1.779278j,-0.669075-1.649527j,4.191501
2.561365+0.000000j,-0.169441+1.778799j,-0.669588-1.649506j,4.196575
2.565122+0.000000j,-0.170213+1.778320j,-0.670102-1.649485j,4.201648
2.568884+0.000000j,-0.170986+1.777841j,-0.670615-1.649464j,4.206721
2.572652+0.000000j,-0.171760+1.777363j,-0.671129-1.649443j,4.211792
2.576425+0.000000j,-0.172535+1.776885j,-0.671643-1.649422j,4.216863
2.580204+0.000000j,-0.173311+1.776407j,-0.672158-1.649401j,4.221933
2.583988+0.000000j,-0.174088+1.775929j,-0.672672-1.649379j,4.227003
2.587778+0.000000j,-0.174866+1.775451j,-0.673187-1.649357j,4.232071
2.591573+0.000000j,-0.175645+1.774974j,-0.673702-1.649336j,4.237139
2.595374+0.000000j,-0.176425+1.774497j,-0.674218-1.649314j,4.242206
2.599181+0.000000j,-0.177206+1.774020j,-0.674733-1.649291j,4.247272
2.602993+0.000000j,-0.177988+1.773543j,-0.675249-1.649269j,4.252337
2.606811+0.000000j,-0.178771+1.773067j,-0.675765-1.649247j,4.257402
2.610634+0.000000j,-0.179556+1.772591j,-0.676282-1.649224j,4.262466
2.614463+0.000000j,-0.180341+1.772115j,-0.676798-1.649201j,4.267529
2.618298+0.000000j,-0.181127+1.771639j,-0.677315-1.649178j,4.272591
2.622138+0.000000j,-0.181914+1.771163j,-0.677832-1.649155j,4.277653
2.625984+0.000000j,-0.182702+1.770688j,-0.678349-1.649132j,4.282714
2.629835+0.000000j,-0.183491+1.770213j,-0.678867-1.649109j,4.287774
2.633692+0.000000j,-0.184281+1.769739j,-0.679384-1.649085j,4.292833
2.637555+0.000000j,-0.185072+1.769264j,-0.679902-1.649061j,4.297891
2.641423+0.000000j,-0.185864+1.768790j,-0.680421-1.649038j,4.302949
2.645297+0.000000j,-0.186656+1.768316j,-0.680939-1.649014j,4.308006
2.649177+0.000000j,-0.187450+1.767843j,-0.681458-1.648990j,4.313062
2.653063+0.000000j,-0.188245+1.767369j,-0.681977-1.648965j,4.318117
2.656954+0.000000j,-0.189041+1.766896j,-0.682496-1.648941j,4.323171
2.660851+0.000000j,-0.189838+1.766424j,-0.683015-1.648916j,4.328225
2.664753+0.000000j,-0.190636+1.765951j,-0.683535-1.648892j,4.333278
2.668662+0.000000j,-0.191435+1.765479j,-0.684055-1.648867j,4.338330
2.672576+0.000000j,-0.192235+1.765007j,-0.684575-1.648842j,4.343382
2.676495+0.000000j,-0.193036+1.764536j,-0.685096-1.648817j,4.348432
2.680421+0.000000j,-0.193838+1.764065j,-0.685616-1.648792j,4.353482
2.684352+0.000000j,-0.194640+1.763594j,-0.686137-1.648766j,4.358531
2.688289+0.000000j,-0.195444+1.763123j,-0.686658-1.648741j,4.363579
2.692232+0.000000j,-0.196249+1.762653j,-0.687179-1.648715j,4.368627
2.696181+0.000000j,-0.197055+1.762183j,-0.687701-1.648689j,4.373674
2.700135+0.000000j,-0.197861+1.761713j,-0.688223-1.648663j,4.378720
2.704095+0.000000j,-0.198669+1.761244j,-0.688745-1.648637j,4.383765
2.708061+0.000000j,-0.199478+1.760775j,-0.689267-1.648611j,4.388809
2.712033+0.000000j,-0.200288+1.760306j,-0.689790-1.648585j,4.393853
2.716011+0.000000j,-0.201098+1.759838j,-0.690312-1.648558j,4.398896
2.719994+0.000000j,-0.201910+1.759370j,-0.690835-1.648531j,4.403938
2.723984+0.000000j,-0.202722+1.758903j,-0.691359-1.648505j,4.408979
2.727979+0.000000j,-0.203536+1.758435j,-0.691882-1.648478j,4.414019
2.731980+0.000000j,-0.204350+1.757968j,-0.692406-1.648451j,4.419059
2.735987+0.000000j,-0.205166+1.757502j,-0.692930-1.648423j,4.424098
2.740000+0.000000j,-0.205982+1.757036j,-0.693454-1.648396j,4.429136
2.744018+0.000000j,-0.206800+1.756570j,-0.693978-1.648369j,4.434174
2.748043+0.000000j,-0.207618+1.756104j,-0.694503-1.648341j,4.439210
2.752073+0.000000j,-0.208437+1.755639j,-0.695028-1.648313j,4.444246
2.756110+0.000000j,-0.209258+1.755175j,-0.695553-1.648286j,4.449281
2.760152+0.000000j,-0.210079+1.754710j,-0.696078-1.648258j,4.454315
2.764200+0.000000j,-0.210901+1.754247j,-0.696604-1.648229j,4.459349
2.768255+0.000000j,-0.211724+1.753783j,-0.697130-1.648201j,4.464382
2.772315+0.000000j,-0.212548+1.753320j,-0.697656-1.648173j,4.469414
2.776381+0.000000j,-0.213373+1.752857j,-0.698182-1.648144j,4.474445
2.780453+0.000000j,-0.214199+1.752395j,-0.698709-1.648116j,4.479475
2.784531+0.000000j,-0.215026+1.751933j,-0.699236-1.648087j,4.484505
2.788615+0.000000j,-0.215854+1.751471j,-0.699763-1.648058j,4.489534
2.792705+0.000000j,-0.216683+1.751010j,-0.700290-1.648029j,4.494562
2.796801+0.000000j,-0.217513+1.750549j,-0.700817-1.648000j,4.499589
2.800903+0.000000j,-0.218344+1.750089j,-0.701345-1.647971j,4.504616
2.805011+0.000000j,-0.219175+1.749629j,-0.701873-1.647941j,4.509642
2.809125+0.000000j,-0.220008+1.749170j,-0.702401-1.647912j,4.514667
2.813245+0.000000j,-0.220842+1.748711j,-0.702930-1.647882j,4.519691
2.817371+0.000000j,-0.221676+1.748252j,-0.703458-1.647852j,4.524714
2.821503+0.000000j,-0.222511+1.747794j,-0.703987-1.647822j,4.529737
2.825641+0.000000j,-0.223348+1.747336j,-0.704516-1.647792j,4.534759
2.829786+0.000000j,-0.224185+1.746879j,-0.705046-1.647762j,4.539780
2.833936+0.000000j,-0.225023+1.746422j,-0.705575-1.647732j,4.544801
2.838092+0.000000j,-0.225863+1.745966j,-0.706105-1.647701j,4.549820
2.842255+0.000000j,-0.226703+1.745510j,-0.706635-1.647671j,4.554839
2.846424+0.000000j,-0.227544+1.745054j,-0.707166-1.647640j,4.559857
2.850598+0.000000j,-0.228386+1.744599j,-0.707696-1.647610j,4.564874
2.854779+0.000000j,-0.229228+1.744145j,-0.708227-1.647579j,4.569891
2.858966+0.000000j,-0.230072+1.743690j,-0.708758-1.647548j,4.574907
2.863159+0.000000j,-0.230917+1.743237j,-0.709289-1.647517j,4.579922
2.867359+0.000000j,-0.231762+1.742784j,-0.709821-1.647485j,4.584936
2.871564+0.000000j,-0.232609+1.742331j,-0.710353-1.647454j,4.589949
2.875776+0.000000j,-0.233456+1.741879j,-0.710885-1.647422j,4.594962
2.879994+0.000000j,-0.234305+1.741427j,-0.711417-1.647391j,4.599974
2.884218+0.000000j,-0.235154+1.740976j,-0.711949-1.647359j,4.604985
2.888448+0.000000j,-0.236004+1.740525j,-0.712482-1.647327j,4.609996
2.892684+0.000000j,-0.236855+1.740075j,-0.713015-1.647295j,4.615005
2.896927+0.000000j,-0.237707+1.739625j,-0.713548-1.647263j,4.620014
2.901176+0.000000j,-0.238560+1.739175j,-0.714081-1.647231j,4.625022
2.905431+0.000000j,-0.239414+1.738727j,-0.714615-1.647199j,4.630030
2.909692+0.000000j,-0.240268+1.738278j,-0.715149-1.647166j,4.635036
2.913960+0.000000j,-0.241124+1.737831j,-0.715683-1.647134j,4.640042
2.918234+0.000000j,-0.241980+1.737383j,-0.716217-1.647101j,4.645047
2.922514+0.000000j,-0.242838+1.736937j,-0.716752-1.647069j,4.650052
2.926800+0.000000j,-0.243696+1.736490j,-0.717286-1.647036j,4.655055
2.931093+0.000000j,-0.244555+1.736045j,-0.717821-1.647003j,4.660058
2.935392+0.000000j,-0.245415+1.735599j,-0.718357-1.646970j,4.665060
2.939697+0.000000j,-0.246276+1.735155j,-0.718892-1.646936j,4.670061
2.944008+0.000000j,-0.247138+1.734710j,-0.719428-1.646903j,4.675062
2.948326+0.000000j,-0.248000+1.734267j,-0.719964-1.646870j,4.680062
2.952651+0.000000j,-0.248864+1.733824j,-0.720500-1.646836j,4.685061
2.956981+0.000000j,-0.249728+1.733381j,-0.721036-1.646803j,4.690059
2.961318+0.000000j,-0.250593+1.732939j,-0.721573-1.646769j,4.695056
2.965661+0.000000j,-0.251460+1.732498j,-0.722110-1.646735j,4.700053
2.970011+0.000000j,-0.252327+1.732057j,-0.722647-1.646701j,4.705049
2.974367+0.000000j,-0.253194+1.731617j,-0.723184-1.646667j,4.710044
2.978729+0.000000j,-0.254063+1.731177j,-0.723722-1.646633j,4.715039
2.983098+0.000000j,-0.254933+1.730737j,-0.724260-1.646598j,4.720032
2.987473+0.000000j,-0.255803+1.730299j,-0.724798-1.646564j,4.725025
2.991855+0.000000j,-0.256674+1.729861j,-0.725336-1.646530j,4.730018
2.996243+0.000000j,-0.257546+1.729423j,-0.725874-1.646495j,4.735009
3.000638+0.000000j,-0.258419+1.728986j,-0.726413-1.646460j,4.740000
3.005039+0.000000j,-0.259293+1.728550j,-0.726952-1.646425j,4.744990
3.009446+0.000000j,-0.260168+1.728114j,-0.727491-1.646391j,4.749979
3.013860+0.000000j,-0.261043+1.727679j,-0.728031-1.646355j,4.754967
3.018280+0.000000j,-0.261920+1.727244j,-0.728570-1.646320j,4.759955
3.022707+0.000000j,-0.262797+1.726810j,-0.729110-1.646285j,4.764942
3.027140+0.000000j,-0.263675+1.726376j,-0.729650-1.646250j,4.769928
3.031580+0.000000j,-0.264554+1.725943j,-0.730191-1.646214j,4.774914
3.036027+0.000000j,-0.265433+1.725511j,-0.730731-1.646179j,4.779898
3.040479+0.000000j,-0.266314+1.725079j,-0.731272-1.646143j,4.784882
3.044939+0.000000j,-0.267195+1.724648j,-0.731813-1.646108j,4.789866
3.049405+0.000000j,-0.268077+1.724218j,-0.732354-1.646072j,4.794848
3.053877+0.000000j,-0.268960+1.723788j,-0.732896-1.646036j,4.799830
3.058356+0.000000j,-0.269844+1.723358j,-0.733438-1.646000j,4.804811
3.062842+0.000000j,-0.270729+1.722930j,-0.733979-1.645964j,4.809791
3.067334+0.000000j,-0.271614+1.722502j,-0.734522-1.645927j,4.814771
3.071833+0.000000j,-0.272500+1.722074j,-0.735064-1.645891j,4.819749
3.076338+0.000000j,-0.273387+1.721647j,-0.735607-1.645855j,4.824727
3.080850+0.000000j,-0.274275+1.721221j,-0.736150-1.645818j,4.829705
3.085369+0.000000j,-0.275164+1.720796j,-0.736693-1.645781j,4.834681
3.089894+0.000000j,-0.276053+1.720371j,-0.737236-1.645745j,4.839657
3.094426+0.000000j,-0.276943+1.719946j,-0.737779-1.645708j,4.844632
3.098964+0.000000j,-0.277834+1.719522j,-0.738323-1.645671j,4.849606
3.103509+0.000000j,-0.278726+1.719099j,-0.738867-1.645634j,4.854580
3.108061+0.000000j,-0.279619+1.718677j,-0.739411-1.645597j,4.859553
3.112620+0.000000j,-0.280512+1.718255j,-0.739956-1.645560j,4.864525
3.117185+0.000000j,-0.281406+1.717834j,-0.740501-1.645523j,4.869496
3.121757+0.000000j,-0.282301+1.717413j,-0.741046-1.645485j,4.874467
3.126335+0.000000j,-0.283197+1.716994j,-0.741591-1.645448j,4.879437
3.130921+0.000000j,-0.284093+1.716574j,-0.742136-1.645410j,4.884406
3.135513+0.000000j,-0.284990+1.716156j,-0.742682-1.645372j,4.889375
3.140112+0.000000j,-0.285888+1.715738j,-0.743227-1.645335j,4.894342
3.144717+0.000000j,-0.286787+1.715321j,-0.743774-1.645297j,4.899309
3.149329+0.000000j,-0.287687+1.714904j,-0.744320-1.645259j,4.904276
3.153948+0.000000j,-0.288587+1.714488j,-0.744866-1.645221j,4.909241
3.158574+0.000000j,-0.289488+1.714073j,-0.745413-1.645183j,4.914206
3.163207+0.000000j,-0.290390+1.713658j,-0.745960-1.645145j,4.919170
3.167846+0.000000j,-0.291292+1.713244j,-0.746507-1.645106j,4.924133
3.172492+0.000000j,-0.292196+1.712831j,-0.747055-1.645068j,4.929096
3.177145+0.000000j,-0.293100+1.712419j,-0.747602-1.645030j,4.934058
3.181805+0.000000j,-0.294004+1.712007j,-0.748150-1.644991j,4.939019
3.186472+0.000000j,-0.294910+1.711595j,-0.748698-1.644952j,4.943980
3.191145+0.000000j,-0.295816+1.711185j,-0.749246-1.644914j,4.948939
3.195826+0.000000j,-0.296723+1.710775j,-0.749795-1.644875j,4.953898
3.200513+0.000000j,-0.297631+1.710366j,-0.750344-1.644836j,4.958857
3.205207+0.000000j,-0.298539+1.709958j,-0.750893-1.644797j,4.963814
3.209908+0.000000j,-0.299448+1.709550j,-0.751442-1.644758j,4.968771
3.214616+0.000000j,-0.300358+1.709143j,-0.751991-1.644719j,4.973727
3.219331+0.000000j,-0.301269+1.708736j,-0.752541-1.644680j,4.978683
3.224052+0.000000j,-0.302180+1.708331j,-0.753091-1.644640j,4.983637
3.228781+0.000000j,-0.303092+1.707926j,-0.753641-1.644601j,4.988591
3.233517+0.000000j,-0.304005+1.707521j,-0.754191-1.644561j,4.993545
3.238259+0.000000j,-0.304918+1.707118j,-0.754742-1.644522j,4.998497
3.243009+0.000000j,-0.305832+1.706715j,-0.755293-1.644482j,5.003449
3.247765+0.000000j,-0.306747+1.706313j,-0.755844-1.644442j,5.008400
3.252528+0.000000j,-0.307663+1.705911j,-0.756395-1.644403j,5.013351
3.257299+0.000000j,-0.308579+1.705511j,-0.756946-1.644363j,5.018300
3.262076+0.000000j,-0.309496+1.705111j,-0.757498-1.644323j,5.023249
3.266861+0.000000j,-0.310413+1.704711j,-0.758050-1.644283j,5.028198
3.271652+0.000000j,-0.311332+1.704313j,-0.758602-1.644243j,5.033145
3.276450+0.000000j,-0.312251+1.703915j,-0.759154-1.644202j,5.038092
3.281256+0.000000j,-0.313170+1.703518j,-0.759707-1.644162j,5.043038
3.286068+0.000000j,-0.314091+1.703121j,-0.760260-1.644122j,5.047984
3.290888+0.000000j,-0.315011+1.702726j,-0.760813-1.644081j,5.052929
3.295715+0.000000j,-0.315933+1.702331j,-0.761366-1.644041j,5.057873
3.300548+0.000000j,-0.316855+1.701937j,-0.761920-1.644000j,5.062816
3.305389+0.000000j,-0.317778+1.701543j,-0.762473-1.643960j,5.067759
3.310237+0.000000j,-0.318702+1.701150j,-0.763027-1.643919j,5.072701
3.315092+0.000000j,-0.319626+1.700758j,-0.763581-1.643878j,5.077642
3.319954+0.000000j,-0.320551+1.700367j,-0.764136-1.643837j,5.082583
3.324824+0.000000j,-0.321477+1.699977j,-0.764690-1.643796j,5.087522
3.329700+0.000000j,-0.322403+1.699587j,-0.765245-1.643755j,5.092462
3.334584+0.000000j,-0.323330+1.699198j,-0.765800-1.643714j,5.097400
3.339474+0.000000j,-0.324257+1.698810j,-0.766355-1.643673j,5.102338
3.344372+0.000000j,-0.325185+1.698422j,-0.766911-1.643631j,5.107275
3.349277+0.000000j,-0.326114+1.698035j,-0.767466-1.643590j,5.112211
3.354190+0.000000j,-0.327043+1.697649j,-0.768022-1.643549j,5.117147
3.359109+0.000000j,-0.327973+1.697264j,-0.768578-1.643507j,5.122082
3.364036+0.000000j,-0.328904+1.696880j,-0.769135-1.643466j,5.127016
3.368970+0.000000j,-0.329835+1.696496j,-0.769691-1.643424j,5.131950
3.373911+0.000000j,-0.330767+1.696113j,-0.770248-1.643382j,5.136883
3.378859+0.000000j,-0.331699+1.695731j,-0.770805-1.643340j,5.141815
3.383815+0.000000j,-0.332632+1.695349j,-0.771362-1.643299j,5.146747
3.388778+0.000000j,-0.333566+1.694969j,-0.771920-1.643257j,5.151678
3.393748+0.000000j,-0.334500+1.694589j,-0.772477-1.643215j,5.156608
3.398726+0.000000j,-0.335435+1.694209j,-0.773035-1.643173j,5.161537
3.403711+0.000000j,-0.336371+1.693831j,-0.773593-1.643130j,5.166466
3.408703+0.000000j,-0.337307+1.693453j,-0.774151-1.643088j,5.171394
3.413702+0.000000j,-0.338243+1.693077j,-0.774710-1.643046j,5.176322
3.418709+0.000000j,-0.339181+1.692701j,-0.775269-1.643004j,5.181248
3.423723+0.000000j,-0.340118+1.692325j,-0.775828-1.642961j,5.186175
3.428744+0.000000j,-0.341057+1.691951j,-0.776387-1.642919j,5.191100
3.433773+0.000000j,-0.341996+1.691577j,-0.776946-1.642876j,5.196025
3.438810+0.000000j,-0.342935+1.691204j,-0.777506-1.642834j,5.200949
3.443853+0.000000j,-0.343875+1.690832j,-0.778066-1.642791j,5.205872
3.448904+0.000000j,-0.344816+1.690460j,-0.778626-1.642748j,5.210795
3.453963+0.000000j,-0.345757+1.690090j,-0.779186-1.642705j,5.215717
3.459028+0.000000j,-0.346699+1.689720j,-0.779746-1.642662j,5.220638
3.464102+0.000000j,-0.347641+1.689351j,-0.780307-1.642620j,5.225559
3.469182+0.000000j,-0.348584+1.688983j,-0.780868-1.642577j,5.230479
3.474270+0.000000j,-0.349527+1.688615j,-0.781429-1.642533j,5.235399
3.479366+0.000000j,-0.350471+1.688249j,-0.781990-1.642490j,5.240317
3.484469+0.000000j,-0.351416+1.687883j,-0.782552-1.642447j,5.245235
3.489580+0.000000j,-0.352361+1.687518j,-0.783114-1.642404j,5.250153
3.494698+0.000000j,-0.353306+1.687153j,-0.783676-1.642361j,5.255069
3.499823+0.000000j,-0.354252+1.686790j,-0.784238-1.642317j,5.259985
3.504956+0.000000j,-0.355199+1.686427j,-0.784800-1.642274j,5.264901
3.510097+0.000000j,-0.356146+1.686065j,-0.785363-1.642230j,5.269816
3.515245+0.000000j,-0.357094+1.685704j,-0.785926-1.642187j,5.274730
3.520401+0.000000j,-0.358042+1.685344j,-0.786489-1.642143j,5.279643
3.525564+0.000000j,-0.358991+1.684984j,-0.787052-1.642099j,5.284556
3.530735+0.000000j,-0.359940+1.684626j,-0.787615-1.642056j,5.289468
3.535913+0.000000j,-0.360889+1.684268j,-0.788179-1.642012j,5.294379
3.541100+0.000000j,-0.361840+1.683911j,-0.788743-1.641968j,5.299290
3.546293+0.000000j,-0.362790+1.683554j,-0.789307-1.641924j,5.304200
3.551494+0.000000j,-0.363742+1.683199j,-0.789872-1.641880j,5.309110
3.556703+0.000000j,-0.364693+1.682844j,-0.790436-1.641836j,5.314019
3.561920+0.000000j,-0.365645+1.682490j,-0.791001-1.641792j,5.318927
3.567144+0.000000j,-0.366598+1.682137j,-0.791566-1.641748j,5.323834
3.572376+0.000000j,-0.367551+1.681785j,-0.792131-1.641703j,5.328741
3.577615+0.000000j,-0.368505+1.681434j,-0.792696-1.641659j,5.333647
3.582862+0.000000j,-0.369459+1.681083j,-0.793262-1.641615j,5.338553
3.588117+0.000000j,-0.370413+1.680733j,-0.793828-1.641570j,5.343458
3.593380+0.000000j,-0.371368+1.680384j,-0.794394-1.641526j,5.348362
3.598650+0.000000j,-0.372324+1.680036j,-0.794960-1.641481j,5.353266
3.603928+0.000000j,-0.373280+1.679689j,-0.795527-1.641437j,5.358169
3.609214+0.000000j,-0.374236+1.679342j,-0.796093-1.641392j,5.363071
3.614508+0.000000j,-0.375193+1.678996j,-0.796660-1.641348j,5.367973
3.619809+0.000000j,-0.376150+1.678651j,-0.797227-1.641303j,5.372874
3.625118+0.000000j,-0.377108+1.678307j,-0.797794-1.641258j,5.377775
3.630435+0.000000j,-0.378066+1.677964j,-0.798362-1.641213j,5.382675
3.635759+0.000000j,-0.379025+1.677622j,-0.798930-1.641168j,5.387574
3.641092+0.000000j,-0.379984+1.677280j,-0.799498-1.641123j,5.392472
3.646432+0.000000j,-0.380943+1.676939j,-0.800066-1.641079j,5.397370
3.651780+0.000000j,-0.381903+1.676599j,-0.800634-1.641033j,5.402267
3.657136+0.000000j,-0.382864+1.676260j,-0.801203-1.640988j,5.407164
3.662500+0.000000j,-0.383824+1.675922j,-0.801771-1.640943j,5.412060
3.667872+0.000000j,-0.384786+1.675584j,-0.802340-1.640898j,5.416956
3.673251+0.000000j,-0.385747+1.675247j,-0.802910-1.640853j,5.421850
3.678639+0.000000j,-0.386709+1.674911j,-0.803479-1.640807j,5.426745
3.684034+0.000000j,-0.387672+1.674576j,-0.804049-1.640762j,5.431638
3.689437+0.000000j,-0.388634+1.674242j,-0.804618-1.640717j,5.436531
3.694849+0.000000j,-0.389598+1.673909j,-0.805188-1.640671j,5.441423
3.700268+0.000000j,-0.390561+1.673576j,-0.805759-1.640626j,5.446315
3.705695+0.000000j,-0.391525+1.673244j,-0.806329-1.640580j,5.451206
3.711130+0.000000j,-0.392490+1.672913j,-0.806900-1.640535j,5.456096
3.716573+0.000000j,-0.393454+1.672583j,-0.807471-1.640489j,5.460986
3.722024+0.000000j,-0.394420+1.672254j,-0.808042-1.640443j,5.465875
3.727483+0.000000j,-0.395385+1.671926j,-0.808613-1.640398j,5.470764
3.732950+0.000000j,-0.396351+1.671598j,-0.809184-1.640352j,5.475652
3.738425+0.000000j,-0.397317+1.671271j,-0.809756-1.640306j,5.480539
3.743908+0.000000j,-0.398284+1.670945j,-0.810328-1.640260j,5.485426
3.749399+0.000000j,-0.399251+1.670620j,-0.810900-1.640214j,5.490312
3.754898+0.000000j,-0.400219+1.670296j,-0.811472-1.640168j,5.495198
3.760405+0.000000j,-0.401186+1.669972j,-0.812045-1.640122j,5.500083
3.765921+0.000000j,-0.402154+1.669650j,-0.812617-1.640076j,5.504967
3.771444+0.000000j,-0.403123+1.669328j,-0.813190-1.640030j,5.509851
3.776975+0.000000j,-0.404092+1.669007j,-0.813763-1.639984j,5.514734
3.782515+0.000000j,-0.405061+1.668687j,-0.814337-1.639938j,5.519616
3.788063+0.000000j,-0.406030+1.668368j,-0.814910-1.639891j,5.524498
3.793619+0.000000j,-0.407000+1.668049j,-0.815484-1.639845j,5.529379
3.799183+0.000000j,-0.407971+1.667731j,-0.816058-1.639799j,5.534260
3.804755+0.000000j,-0.408941+1.667415j,-0.816632-1.639752j,5.539140
3.810335+0.000000j,-0.409912+1.667099j,-0.817206-1.639706j,5.544020
3.815924+0.000000j,-0.410883+1.666783j,-0.817781-1.639660j,5.548899
3.821520+0.000000j,-0.411855+1.666469j,-0.818356-1.639613j,5.553777
3.827125+0.000000j,-0.412826+1.666156j,-0.818931-1.639567j,5.558655
3.832738+0.000000j,-0.413799+1.665843j,-0.819506-1.639520j,5.563532
3.838360+0.000000j,-0.414771+1.665531j,-0.820081-1.639473j,5.568408
3.843989+0.000000j,-0.415744+1.665220j,-0.820657-1.639427j,5.573284
3.849627+0.000000j,-0.416717+1.664910j,-0.821233-1.639380j,5.578159
3.855273+0.000000j,-0.417690+1.664601j,-0.821808-1.639333j,5.583034
3.860928+0.000000j,-0.418664+1.664292j,-0.822385-1.639286j,5.587908
3.866590+0.000000j,-0.419638+1.663985j,-0.822961-1.639240j,5.592782
3.872261+0.000000j,-0.420612+1.663678j,-0.823538-1.639193j,5.597655
3.877941+0.000000j,-0.421587+1.663372j,-0.824114-1.639146j,5.602527
3.883628+0.000000j,-0.422562+1.663067j,-0.824691-1.639099j,5.607399
3.889324+0.000000j,-0.423537+1.662762j,-0.825269-1.639052j,5.612270
3.895029+0.000000j,-0.424512+1.662459j,-0.825846-1.639005j,5.617141
3.900742+0.000000j,-0.425488+1.662156j,-0.826423-1.638958j,5.622011
3.906463+0.000000j,-0.426464+1.661854j,-0.827001-1.638911j,5.626881
3.912192+0.000000j,-0.427440+1.661553j,-0.827579-1.638864j,5.631750
3.917930+0.000000j,-0.428416+1.661253j,-0.828157-1.638816j,5.636618
3.923676+0.000000j,-0.429393+1.660954j,-0.828736-1.638769j,5.641486
3.929431+0.000000j,-0.430370+1.660655j,-0.829314-1.638722j,5.646353
3.935194+0.000000j,-0.431347+1.660357j,-0.829893-1.638675j,5.651220
3.940966+0.000000j,-0.432325+1.660061j,-0.830472-1.638627j,5.656086
3.946746+0.000000j,-0.433303+1.659764j,-0.831051-1.638580j,5.660951
3.952535+0.000000j,-0.434281+1.659469j,-0.831631-1.638533j,5.665816
3.958332+0.000000j,-0.435259+1.659175j,-0.832210-1.638485j,5.670680
3.964137+0.000000j,-0.436237+1.658881j,-0.832790-1.638438j,5.675544
3.969951+0.000000j,-0.437216+1.658589j,-0.833370-1.638390j,5.680407
3.975774+0.000000j,-0.438195+1.658297j,-0.833950-1.638343j,5.685270
3.981605+0.000000j,-0.439174+1.658006j,-0.834530-1.638295j,5.690132
3.987445+0.000000j,-0.440154+1.657715j,-0.835111-1.638247j,5.694994
3.993293+0.000000j,-0.441133+1.657426j,-0.835692-1.638200j,5.699855
3.999150+0.000000j,-0.442113+1.657137j,-0.836273-1.638152j,5.704715
4.005015+0.000000j,-0.443093+1.656850j,-0.836854-1.638105j,5.709575
4.010889+0.000000j,-0.444074+1.656563j,-0.837435-1.638057j,5.714434
4.016772+0.000000j,-0.445054+1.656277j,-0.838017-1.638009j,5.719293
4.022663+0.000000j,-0.446035+1.655991j,-0.838599-1.637961j,5.724151
4.028563+0.000000j,-0.447016+1.655707j,-0.839180-1.637913j,5.729009
4.034472+0.000000j,-0.447997+1.655423j,-0.839763-1.637866j,5.733866
4.040389+0.000000j,-0.448978+1.655140j,-0.840345-1.637818j,5.738723
4.046315+0.000000j,-0.449960+1.654858j,-0.840927-1.637770j,5.743579
4.052250+0.000000j,-0.450942+1.654577j,-0.841510-1.637722j,5.748434
4.058193+0.000000j,-0.451924+1.654297j,-0.842093-1.637674j,5.753289
4.064145+0.000000j,-0.452906+1.654017j,-0.842676-1.637626j,5.758143
4.070106+0.000000j,-0.453888+1.653739j,-0.843260-1.637578j,5.762997
4.076075+0.000000j,-0.454870+1.653461j,-0.843843-1.637530j,5.767851
4.082054+0.000000j,-0.455853+1.653184j,-0.844427-1.637482j,5.772703
4.088041+0.000000j,-0.456836+1.652907j,-0.845011-1.637433j,5.777555
4.094036+0.000000j,-0.457819+1.652632j,-0.845595-1.637385j,5.782407
4.100041+0.000000j,-0.458802+1.652357j,-0.846179-1.637337j,5.787258
4.106054+0.000000j,-0.459785+1.652083j,-0.846763-1.637289j,5.792109
4.112077+0.000000j,-0.460769+1.651810j,-0.847348-1.637241j,5.796959
4.118108+0.000000j,-0.461753+1.651538j,-0.847933-1.637192j,5.801808
4.124148+0.000000j,-0.462736+1.651267j,-0.848518-1.637144j,5.806657
4.130196+0.000000j,-0.463720+1.650996j,-0.849103-1.637096j,5.811506
4.136254+0.000000j,-0.464704+1.650726j,-0.849689-1.637047j,5.816354
4.142321+0.000000j,-0.465689+1.650458j,-0.850274-1.636999j,5.821201
4.148396+0.000000j,-0.466673+1.650189j,-0.850860-1.636951j,5.826048
4.154480+0.000000j,-0.467658+1.649922j,-0.851446-1.636902j,5.830894
4.160574+0.000000j,-0.468642+1.649656j,-0.852032-1.636854j,5.835740
4.166676+0.000000j,-0.469627+1.649390j,-0.852619-1.636805j,5.840585
4.172787+0.000000j,-0.470612+1.649125j,-0.853205-1.636757j,5.845430
4.178907+0.000000j,-0.471597+1.648861j,-0.853792-1.636708j,5.850274
4.185036+0.000000j,-0.472582+1.648598j,-0.854379-1.636660j,5.855118
4.191174+0.000000j,-0.473568+1.648335j,-0.854966-1.636611j,5.859961
4.197321+0.000000j,-0.474553+1.648073j,-0.855553-1.636563j,5.864804
4.203477+0.000000j,-0.475539+1.647813j,-0.856141-1.636514j,5.869646
4.209642+0.000000j,-0.476525+1.647552j,-0.856729-1.636465j,5.874488
4.215817+0.000000j,-0.477510+1.647293j,-0.857317-1.636417j,5.879329
4.222000+0.000000j,-0.478496+1.647035j,-0.857905-1.636368j,5.884170
4.228192+0.000000j,-0.479482+1.646777j,-0.858493-1.636319j,5.889010
4.234393+0.000000j,-0.480468+1.646520j,-0.859082-1.636270j,5.893849
4.240604+0.000000j,-0.481455+1.646264j,-0.859670-1.636222j,5.898688
4.246823+0.000000j,-0.482441+1.646009j,-0.860259-1.636173j,5.903527
4.253052+0.000000j,-0.483428+1.645754j,-0.860848-1.636124j,5.908365
4.259290+0.000000j,-0.484414+1.645501j,-0.861437-1.636075j,5.913203
4.265537+0.000000j,-0.485401+1.645248j,-0.862027-1.636026j,5.918040
4.271793+0.000000j,-0.486387+1.644996j,-0.862616-1.635977j,5.922876
4.278058+0.000000j,-0.487374+1.644744j,-0.863206-1.635929j,5.927712
4.284333+0.000000j,-0.488361+1.644494j,-0.863796-1.635880j,5.932548
4.290617+0.000000j,-0.489348+1.644244j,-0.864386-1.635831j,5.937383
4.296910+0.000000j,-0.490335+1.643995j,-0.864977-1.635782j,5.942217
4.303212+0.000000j,-0.491322+1.643747j,-0.865567-1.635733j,5.947051
4.309523+0.000000j,-0.492309+1.643500j,-0.866158-1.635684j,5.951885
4.315844+0.000000j,-0.493297+1.643253j,-0.866749-1.635635j,5.956718
4.322174+0.000000j,-0.494284+1.643007j,-0.867340-1.635586j,5.961551
4.328513+0.000000j,-0.495271+1.642762j,-0.867931-1.635537j,5.966383
4.334861+0.000000j,-0.496259+1.642518j,-0.868523-1.635488j,5.971214
4.341219+0.000000j,-0.497246+1.642274j,-0.869114-1.635439j,5.976045
4.347586+0.000000j,-0.498234+1.642032j,-0.869706-1.635389j,5.980876
4.353963+0.000000j,-0.499221+1.641790j,-0.870298-1.635340j,5.985706
4.360349+0.000000j,-0.500209+1.641549j,-0.870890-1.635291j,5.990536
4.366744+0.000000j,-0.501197+1.641308j,-0.871483-1.635242j,5.995365
4.373148+0.000000j,-0.502185+1.641069j,-0.872075-1.635193j,6.000193
4.379562+0.000000j,-0.503172+1.640830j,-0.872668-1.635144j,6.005022
4.385986+0.000000j,-0.504160+1.640592j,-0.873261-1.635094j,6.009849
4.392419+0.000000j,-0.505148+1.640355j,-0.873854-1.635045j,6.014676
4.398861+0.000000j,-0.506136+1.640118j,-0.874448-1.634996j,6.019503
4.405313+0.000000j,-0.507124+1.639882j,-0.875041-1.634947j,6.024329
4.411774+0.000000j,-0.508112+1.639647j,-0.875635-1.634897j,6.029155
4.418244+0.000000j,-0.509100+1.639413j,-0.876229-1.634848j,6.033980
4.424724+0.000000j,-0.510088+1.639180j,-0.876823-1.634799j,6.038805
4.431214+0.000000j,-0.511076+1.638947j,-0.877417-1.634749j,6.043630
4.437713+0.000000j,-0.512064+1.638715j,-0.878011-1.634700j,6.048453
4.444222+0.000000j,-0.513052+1.638484j,-0.878606-1.634651j,6.053277
4.450740+0.000000j,-0.514040+1.638254j,-0.879201-1.634601j,6.058100
4.457268+0.000000j,-0.515029+1.638024j,-0.879796-1.634552j,6.062922
4.463805+0.000000j,-0.516017+1.637795j,-0.880391-1.634503j,6.067744
4.470352+0.000000j,-0.517005+1.637567j,-0.880986-1.634453j,6.072566
4.476909+0.000000j,-0.517993+1.637339j,-0.881582-1.634404j,6.077387
4.483475+0.000000j,-0.518981+1.637113j,-0.882177-1.634354j,6.082207
4.490051+0.000000j,-0.519969+1.636887j,-0.882773-1.634305j,6.087027
4.496636+0.000000j,-0.520958+1.636662j,-0.883369-1.634255j,6.091847
4.503231+0.000000j,-0.521946+1.636437j,-0.883965-1.634206j,6.096666
4.509836+0.000000j,-0.522934+1.636214j,-0.884562-1.634156j,6.101485
4.516450+0.000000j,-0.523922+1.635991j,-0.885158-1.634107j,6.106303
4.523074+0.000000j,-0.524910+1.635769j,-0.885755-1.634057j,6.111121
4.529708+0.000000j,-0.525898+1.635547j,-0.886352-1.634008j,6.115938
4.536352+0.000000j,-0.526886+1.635327j,-0.886949-1.633958j,6.120755
4.543005+0.000000j,-0.527874+1.635107j,-0.887546-1.633909j,6.125572
4.549668+0.000000j,-0.528863+1.634888j,-0.888144-1.633859j,6.130388
4.556341+0.000000j,-0.529851+1.634669j,-0.888742-1.633810j,6.135203
4.563024+0.000000j,-0.530839+1.634452j,-0.889339-1.633760j,6.140018
4.569716+0.000000j,-0.531827+1.634235j,-0.889937-1.633711j,6.144833
4.576419+0.000000j,-0.532815+1.634018j,-0.890536-1.633661j,6.149647
4.583131+0.000000j,-0.533803+1.633803j,-0.891134-1.633611j,6.154461
4.589853+0.000000j,-0.534790+1.633588j,-0.891732-1.633562j,6.159274
4.596584+0.000000j,-0.535778+1.633374j,-0.892331-1.633512j,6.164087
4.603326+0.000000j,-0.536766+1.633161j,-0.892930-1.633462j,6.168899
4.610078+0.000000j,-0.537754+1.632948j,-0.893529-1.633413j,6.173711
4.616839+0.000000j,-0.538742+1.632736j,-0.894128-1.633363j,6.178523
4.623611+0.000000j,-0.539730+1.632525j,-0.894728-1.633313j,6.183334
4.630392+0.000000j,-0.540717+1.632315j,-0.895327-1.633264j,6.188145
4.637183+0.000000j,-0.541705+1.632105j,-0.895927-1.633214j,6.192955
4.643984+0.000000j,-0.542692+1.631896j,-0.896527-1.633164j,6.197764
4.650796+0.000000j,-0.543680+1.631688j,-0.897127-1.633115j,6.202574
4.657617+0.000000j,-0.544667+1.631480j,-0.897727-1.633065j,6.207383
4.664448+0.000000j,-0.545655+1.631273j,-0.898328-1.633015j,6.212191
4.671289+0.000000j,-0.546642+1.631067j,-0.898929-1.632966j,6.216999
4.678140+0.000000j,-0.547630+1.630862j,-0.899529-1.632916j,6.221807
4.685002+0.000000j,-0.548617+1.630657j,-0.900130-1.632866j,6.226614
4.691873+0.000000j,-0.549604+1.630453j,-0.900732-1.632816j,6.231421
4.698755+0.000000j,-0.550591+1.630250j,-0.901333-1.632767j,6.236227
4.705646+0.000000j,-0.551578+1.630047j,-0.901934-1.632717j,6.241033
4.712548+0.000000j,-0.552565+1.629845j,-0.902536-1.632667j,6.245838
4.719459+0.000000j,-0.553552+1.629644j,-0.903138-1.632617j,6.250643
4.726381+0.000000j,-0.554539+1.629444j,-0.903740-1.632567j,6.255448
4.733313+0.000000j,-0.555526+1.629244j,-0.904342-1.632518j,6.260252
4.740256+0.000000j,-0.556512+1.629045j,-0.904944-1.632468j,6.265056
4.747208+0.000000j,-0.557499+1.628847j,-0.905547-1.632418j,6.269859
4.754171+0.000000j,-0.558485+1.628649j,-0.906150-1.632368j,6.274662
4.761143+0.000000j,-0.559472+1.628452j,-0.906753-1.632318j,6.279464
4.768126+0.000000j,-0.560458+1.628256j,-0.907356-1.632269j,6.284266
4.775120+0.000000j,-0.561444+1.628060j,-0.907959-1.632219j,6.289068
4.782123+0.000000j,-0.562431+1.627865j,-0.908562-1.632169j,6.293869
4.789137+0.000000j,-0.563417+1.627671j,-0.909166-1.632119j,6.298670
4.796161+0.000000j,-0.564403+1.627477j,-0.909770-1.632069j,6.303471
4.803196+0.000000j,-0.565389+1.627284j,-0.910374-1.632020j,6.308271
4.810240+0.000000j,-0.566374+1.627092j,-0.910978-1.631970j,6.313070
4.817295+0.000000j,-0.567360+1.626901j,-0.911582-1.631920j,6.317869
4.824361+0.000000j,-0.568346+1.626710j,-0.912186-1.631870j,6.322668
4.831436+0.000000j,-0.569331+1.626520j,-0.912791-1.631820j,6.327466
4.838523+0.000000j,-0.570317+1.626330j,-0.913396-1.631770j,6.332264
4.845619+0.000000j,-0.571302+1.626141j,-0.914001-1.631721j,6.337062
4.852726+0.000000j,-0.572287+1.625953j,-0.914606-1.631671j,6.341859
4.859843+0.000000j,-0.573272+1.625766j,-0.915211-1.631621j,6.346656
4.866971+0.000000j,-0.574257+1.625579j,-0.915816-1.631571j,6.351452
4.874109+0.000000j,-0.575242+1.625393j,-0.916422-1.631521j,6.356248
4.881258+0.000000j,-0.576227+1.625207j,-0.917028-1.631471j,6.361044
4.888417+0.000000j,-0.577211+1.625022j,-0.917634-1.631421j,6.365839
4.895587+0.000000j,-0.578196+1.624838j,-0.918240-1.631372j,6.370633
4.902767+0.000000j,-0.579180+1.624655j,-0.918846-1.631322j,6.375428
4.909958+0.000000j,-0.580165+1.624472j,-0.919452-1.631272j,6.380222
4.917159+0.000000j,-0.581149+1.624290j,-0.920059-1.631222j,6.385015
4.924371+0.000000j,-0.582133+1.624108j,-0.920666-1.631172j,6.389808
4.931594+0.000000j,-0.583117+1.623927j,-0.921273-1.631122j,6.394601
4.938827+0.000000j,-0.584100+1.623747j,-0.921880-1.631072j,6.399393
4.946070+0.000000j,-0.585084+1.623567j,-0.922487-1.631023j,6.404185
4.953324+0.000000j,-0.586068+1.623388j,-0.923095-1.630973j,6.408977
4.960589+0.000000j,-0.587051+1.623210j,-0.923702-1.630923j,6.413768
4.967865+0.000000j,-0.588034+1.623032j,-0.924310-1.630873j,6.418559
4.975151+0.000000j,-0.589017+1.622855j,-0.924918-1.630823j,6.423349
4.982448+0.000000j,-0.590000+1.622679j,-0.925526-1.630773j,6.428139
4.989756+0.000000j,-0.590983+1.622503j,-0.926134-1.630723j,6.432929
4.997074+0.000000j,-0.591966+1.622328j,-0.926743-1.630674j,6.437718
5.004403+0.000000j,-0.592948+1.622154j,-0.927351-1.630624j,6.442507
5.011743+0.000000j,-0.593931+1.621980j,-0.927960-1.630574j,6.447296
5.019093+0.000000j,-0.594913+1.621807j,-0.928569-1.630524j,6.452084
5.026455+0.000000j,-0.595895+1.621634j,-0.929178-1.630474j,6.456872
5.033827+0.000000j,-0.596877+1.621462j,-0.929787-1.630424j,6.461659
5.041210+0.000000j,-0.597859+1.621291j,-0.930397-1.630374j,6.466446
5.048604+0.000000j,-0.598841+1.621120j,-0.931006-1.630325j,6.471232
5.056008+0.000000j,-0.599822+1.620950j,-0.931616-1.630275j,6.476019
5.063424+0.000000j,-0.600804+1.620781j,-0.932226-1.630225j,6.480805
5.070850+0.000000j,-0.601785+1.620612j,-0.932836-1.630175j,6.485590
5.078288+0.000000j,-0.602766+1.620444j,-0.933446-1.630125j,6.490375
5.085736+0.000000j,-0.603747+1.620276j,-0.934056-1.630075j,6.495160
5.093195+0.000000j,-0.604728+1.620110j,-0.934667-1.630026j,6.499944
5.100665+0.000000j,-0.605708+1.619943j,-0.935278-1.629976j,6.504728
5.108146+0.000000j,-0.606689+1.619777j,-0.935889-1.629926j,6.509512
5.115638+0.000000j,-0.607669+1.619612j,-0.936500-1.629876j,6.514295
5.123141+0.000000j,-0.608649+1.619448j,-0.937111-1.629826j,6.519078
5.130655+0.000000j,-0.609629+1.619284j,-0.937722-1.629776j,6.523861
5.138180+0.000000j,-0.610609+1.619121j,-0.938334-1.629727j,6.528643
5.145716+0.000000j,-0.611589+1.618958j,-0.938945-1.629677j,6.533424
5.153263+0.000000j,-0.612568+1.618796j,-0.939557-1.629627j,6.538206
5.160821+0.000000j,-0.613547+1.618634j,-0.940169-1.629577j,6.542987
5.168390+0.000000j,-0.614527+1.618474j,-0.940781-1.629528j,6.547768
5.175971+0.000000j,-0.615506+1.618313j,-0.941394-1.629478j,6.552548
5.183562+0.000000j,-0.616484+1.618154j,-0.942006-1.629428j,6.557328
5.191165+0.000000j,-0.617463+1.617994j,-0.942619-1.629378j,6.562108
5.198778+0.000000j,-0.618441+1.617836j,-0.943231-1.629328j,6.566887
5.206403+0.000000j,-0.619420+1.617678j,-0.943844-1.629279j,6.571666
5.214039+0.000000j,-0.620398+1.617521j,-0.944457-1.629229j,6.576444
5.221687+0.000000j,-0.621376+1.617364j,-0.945071-1.629179j,6.581223
5.229345+0.000000j,-0.622353+1.617208j,-0.945684-1.629129j,6.586000
5.237015+0.000000j,-0.623331+1.617052j,-0.946298-1.629080j,6.590778
5.244696+0.000000j,-0.624308+1.616897j,-0.946911-1.629030j,6.595555
5.252388+0.000000j,-0.625285+1.616743j,-0.947525-1.628980j,6.600332
5.260092+0.000000j,-0.626262+1.616589j,-0.948139-1.628931j,6.605108
5.267806+0.000000j,-0.627239+1.616436j,-0.948753-1.628881j,6.609885
5.275533+0.000000j,-0.628216+1.616283j,-0.949368-1.628831j,6.614660
5.283270+0.000000j,-0.629192+1.616131j,-0.949982-1.628782j,6.619436
5.291019+0.000000j,-0.630168+1.615979j,-0.950597-1.628732j,6.624211
5.298779+0.000000j,-0.631144+1.615829j,-0.951212-1.628682j,6.628986
5.306551+0.000000j,-0.632120+1.615678j,-0.951827-1.628633j,6.633760
5.314334+0.000000j,-0.633096+1.615528j,-0.952442-1.628583j,6.638534
5.322128+0.000000j,-0.634071+1.615379j,-0.953057-1.628533j,6.643308
5.329934+0.000000j,-0.635047+1.615230j,-0.953673-1.628484j,6.648081
5.337751+0.000000j,-0.636022+1.615082j,-0.954288-1.628434j,6.652854
5.345580+0.000000j,-0.636996+1.614935j,-0.954904-1.628384j,6.657627
5.353420+0.000000j,-0.637971+1.614788j,-0.955520-1.628335j,6.662399
5.361272+0.000000j,-0.638946+1.614641j,-0.956136-1.628285j,6.667171
5.369135+0.000000j,-0.639920+1.614495j,-0.956752-1.628236j,6.671943
5.377010+0.000000j,-0.640894+1.614350j,-0.957369-1.628186j,6.676714
5.384896+0.000000j,-0.641868+1.614205j,-0.957985-1.628136j,6.681485
5.392794+0.000000j,-0.642841+1.614061j,-0.958602-1.628087j,6.686256
5.400703+0.000000j,-0.643815+1.613917j,-0.959219-1.628037j,6.691026
5.408624+0.000000j,-0.644788+1.613774j,-0.959835-1.627988j,6.695796
5.416557+0.000000j,-0.645761+1.613631j,-0.960453-1.627938j,6.700566
5.424501+0.000000j,-0.646734+1.613489j,-0.961070-1.627889j,6.705335
5.432457+0.000000j,-0.647707+1.613348j,-0.961687-1.627839j,6.710104
5.440425+0.000000j,-0.648679+1.613207j,-0.962305-1.627790j,6.714873
5.448404+0.000000j,-0.649651+1.613066j,-0.962923-1.627740j,6.719641
5.456395+0.000000j,-0.650623+1.612926j,-0.963541-1.627691j,6.724409
5.464398+0.000000j,-0.651595+1.612787j,-0.964159-1.627641j,6.729177
5.472412+0.000000j,-0.652567+1.612648j,-0.964777-1.627592j,6.733944
5.480439+0.000000j,-0.653538+1.612510j,-0.965395-1.627542j,6.738711
5.488477+0.000000j,-0.654509+1.612372j,-0.966014-1.627493j,6.743478
5.496526+0.000000j,-0.655480+1.612234j,-0.966632-1.627443j,6.748244
5.504588+0.000000j,-0.656451+1.612098j,-0.967251-1.627394j,6.753011
5.512661+0.000000j,-0.657421+1.611961j,-0.967870-1.627344j,6.757776
5.520747+0.000000j,-0.658392+1.611826j,-0.968489-1.627295j,6.762542
5.528844+0.000000j,-0.659362+1.611691j,-0.969108-1.627246j,6.767307
5.536953+0.000000j,-0.660332+1.611556j,-0.969728-1.627196j,6.772072
5.545074+0.000000j,-0.661301+1.611422j,-0.970347-1.627147j,6.776836
5.553207+0.000000j,-0.662271+1.611288j,-0.970967-1.627098j,6.781600
5.561351+0.000000j,-0.663240+1.611155j,-0.971587-1.627048j,6.786364
5.569508+0.000000j,-0.664209+1.611022j,-0.972207-1.626999j,6.791128
5.577677+0.000000j,-0.665178+1.610890j,-0.972827-1.626950j,6.795891
5.585857+0.000000j,-0.666146+1.610759j,-0.973447-1.626900j,6.800654
5.594050+0.000000j,-0.667114+1.610628j,-0.974068-1.626851j,6.805417
5.602254+0.000000j,-0.668082+1.610497j,-0.974688-1.626802j,6.810179
5.610471+0.000000j,-0.669050+1.610367j,-0.975309-1.626753j,6.814941
5.618700+0.000000j,-0.670018+1.610237j,-0.975930-1.626703j,6.819703
5.626941+0.000000j,-0.670985+1.610108j,-0.976551-1.626654j,6.824464
5.635194+0.000000j,-0.671952+1.609980j,-0.977172-1.626605j,6.829225
5.643458+0.000000j,-0.672919+1.609852j,-0.977793-1.626556j,6.833986
5.651736+0.000000j,-0.673886+1.609724j,-0.978415-1.626506j,6.838746
5.660025+0.000000j,-0.674852+1.609597j,-0.979036-1.626457j,6.843507
5.668326+0.000000j,-0.675819+1.609470j,-0.979658-1.626408j,6.848266
5.676640+0.000000j,-0.676785+1.609344j,-0.980280-1.626359j,6.853026
5.684966+0.000000j,-0.677751+1.609219j,-0.980902-1.626310j,6.857785
5.693304+0.000000j,-0.678716+1.609093j,-0.981524-1.626261j,6.862544
5.701654+0.000000j,-0.679681+1.608969j,-0.982146-1.626212j,6.867303
5.710016+0.000000j,-0.680646+1.608845j,-0.982769-1.626162j,6.872061
5.718391+0.000000j,-0.681611+1.608721j,-0.983392-1.626113j,6.876819
5.726778+0.000000j,-0.682576+1.608598j,-0.984014-1.626064j,6.881577
5.735177+0.000000j,-0.683540+1.608475j,-0.984637-1.626015j,6.886335
5.743589+0.000000j,-0.684504+1.608353j,-0.985260-1.625966j,6.891092
5.752013+0.000000j,-0.685468+1.608231j,-0.985883-1.625917j,6.895849
5.760449+0.000000j,-0.686432+1.608110j,-0.986507-1.625868j,6.900605
5.768898+0.000000j,-0.687395+1.607989j,-0.987130-1.625819j,6.905361
5.777359+0.000000j,-0.688358+1.607868j,-0.987754-1.625770j,6.910117
5.785832+0.000000j,-0.689321+1.607749j,-0.988378-1.625721j,6.914873
5.794318+0.000000j,-0.690284+1.607629j,-0.989002-1.625672j,6.919629
5.802817+0.000000j,-0.691247+1.607510j,-0.989626-1.625623j,6.924384
5.811327+0.000000j,-0.692209+1.607392j,-0.990250-1.625574j,6.929139
5.819851+0.000000j,-0.693171+1.607274j,-0.990874-1.625526j,6.933893
5.828387+0.000000j,-0.694132+1.607156j,-0.991499-1.625477j,6.938647
5.836935+0.000000j,-0.695094+1.607039j,-0.992123-1.625428j,6.943401
5.845496+0.000000j,-0.696055+1.606922j,-0.992748-1.625379j,6.948155
5.854069+0.000000j,-0.697016+1.606806j,-0.993373-1.625330j,6.952908
5.862655+0.000000j,-0.697977+1.606690j,-0.993998-1.625281j,6.957662
5.871254+0.000000j,-0.698937+1.606575j,-0.994623-1.625233j,6.962414
5.879865+0.000000j,-0.699898+1.606460j,-0.995249-1.625184j,6.967167
5.888489+0.000000j,-0.700858+1.606346j,-0.995874-1.625135j,6.971919
5.897125+0.000000j,-0.701817+1.606232j,-0.996500-1.625086j,6.976671
5.905774+0.000000j,-0.702777+1.606119j,-0.997125-1.625038j,6.981423
5.914436+0.000000j,-0.703736+1.606006j,-0.997751-1.624989j,6.986174
5.923111+0.000000j,-0.704695+1.605893j,-0.998377-1.624940j,6.990925
5.931798+0.000000j,-0.705654+1.605781j,-0.999003-1.624891j,6.995676
5.940498+0.000000j,-0.706613+1.605669j,-0.999630-1.624843j,7.000427
5.949211+0.000000j,-0.707571+1.605558j,-1.000256-1.624794j,7.005177
5.957936+0.000000j,-0.708529+1.605447j,-1.000883-1.624746j,7.009927
5.966675+0.000000j,-0.709487+1.605337j,-1.001510-1.624697j,7.014677
5.975426+0.000000j,-0.710444+1.605227j,-1.002136-1.624648j,7.019426
5.984190+0.000000j,-0.711401+1.605117j,-1.002763-1.624600j,7.024176
5.992967+0.000000j,-0.712358+1.605008j,-1.003391-1.624551j,7.028925
6.001756+0.000000j,-0.713315+1.604899j,-1.004018-1.624503j,7.033673
6.010559+0.000000j,-0.714272+1.604791j,-1.004645-1.624454j,7.038422
6.019374+0.000000j,-0.715228+1.604683j,-1.005273-1.624406j,7.043170
6.028203+0.000000j,-0.716184+1.604576j,-1.005900-1.624357j,7.047918
6.037044+0.000000j,-0.717140+1.604469j,-1.006528-1.624309j,7.052665
6.045899+0.000000j,-0.718095+1.604362j,-1.007156-1.624260j,7.057412
6.054766+0.000000j,-0.719050+1.604256j,-1.007784-1.624212j,7.062159
6.063646+0.000000j,-0.720005+1.604151j,-1.008413-1.624164j,7.066906
6.072540+0.000000j,-0.720960+1.604045j,-1.009041-1.624115j,7.071653
6.081446+0.000000j,-0.721915+1.603941j,-1.009669-1.624067j,7.076399
6.090366+0.000000j,-0.722869+1.603836j,-1.010298-1.624018j,7.081145
6.099298+0.000000j,-0.723823+1.603732j,-1.010927-1.623970j,7.085891
6.108244+0.000000j,-0.724777+1.603628j,-1.011556-1.623922j,7.090636
6.117203+0.000000j,-0.725730+1.603525j,-1.012185-1.623874j,7.095381
6.126175+0.000000j,-0.726683+1.603422j,-1.012814-1.623825j,7.100126
6.135160+0.000000j,-0.727636+1.603320j,-1.013443-1.623777j,7.104871
6.144158+0.000000j,-0.728589+1.603218j,-1.014073-1.623729j,7.109615
6.153169+0.000000j,-0.729541+1.603116j,-1.014702-1.623681j,7.114359
6.162194+0.000000j,-0.730493+1.603015j,-1.015332-1.623632j,7.119103
6.171232+0.000000j,-0.731445+1.602914j,-1.015962-1.623584j,7.123847
6.180283+0.000000j,-0.732397+1.602814j,-1.016592-1.623536j,7.128590
6.189348+0.000000j,-0.733348+1.602714j,-1.017222-1.623488j,7.133333
6.198425+0.000000j,-0.734300+1.602615j,-1.017852-1.623440j,7.138076
6.207516+0.000000j,-0.735250+1.602515j,-1.018483-1.623392j,7.142819
6.216621+0.000000j,-0.736201+1.602417j,-1.019113-1.623344j,7.147561
6.225739+0.000000j,-0.737151+1.602318j,-1.019744-1.623296j,7.152303
6.234870+0.000000j,-0.738101+1.602220j,-1.020375-1.623248j,7.157045
6.244014+0.000000j,-0.739051+1.602123j,-1.021006-1.623200j,7.161787
6.253172+0.000000j,-0.740001+1.602025j,-1.021637-1.623152j,7.166528
6.262343+0.000000j,-0.740950+1.601928j,-1.022268-1.623104j,7.171269
6.271528+0.000000j,-0.741899+1.601832j,-1.022899-1.623056j,7.176010
6.280726+0.000000j,-0.742848+1.601736j,-1.023531-1.623008j,7.180750
6.289938+0.000000j,-0.743797+1.601640j,-1.024162-1.622960j,7.185491
6.299164+0.000000j,-0.744745+1.601545j,-1.024794-1.622912j,7.190231
6.308402+0.000000j,-0.745693+1.601450j,-1.025426-1.622864j,7.194971
6.317655+0.000000j,-0.746641+1.601355j,-1.026058-1.622816j,7.199710
6.326921+0.000000j,-0.747588+1.601261j,-1.026690-1.622769j,7.204449
6.336200+0.000000j,-0.748535+1.601167j,-1.027322-1.622721j,7.209189
6.345493+0.000000j,-0.749482+1.601074j,-1.027955-1.622673j,7.213927
6.354800+0.000000j,-0.750429+1.600981j,-1.028587-1.622625j,7.218666
6.364120+0.000000j,-0.751375+1.600888j,-1.029220-1.622578j,7.223404
6.373454+0.000000j,-0.752321+1.600796j,-1.029853-1.622530j,7.228142
6.382802+0.000000j,-0.753267+1.600704j,-1.030485-1.622482j,7.232880
6.392164+0.000000j,-0.754213+1.600613j,-1.031118-1.622435j,7.237618
6.401539+0.000000j,-0.755158+1.600521j,-1.031752-1.622387j,7.242355
6.410928+0.000000j,-0.756103+1.600430j,-1.032385-1.622339j,7.247092
6.420331+0.000000j,-0.757048+1.600340j,-1.033018-1.622292j,7.251829
6.429747+0.000000j,-0.757993+1.600250j,-1.033652-1.622244j,7.256566
6.439177+0.000000j,-0.758937+1.600160j,-1.034286-1.622197j,7.261302
6.448622+0.000000j,-0.759881+1.600071j,-1.034919-1.622149j,7.266039
6.458080+0.000000j,-0.760825+1.599982j,-1.035553-1.622102j,7.270775
6.467551+0.000000j,-0.761769+1.599893j,-1.036187-1.622054j,7.275510
6.477037+0.000000j,-0.762712+1.599805j,-1.036821-1.622007j,7.280246
6.486537+0.000000j,-0.763655+1.599717j,-1.037456-1.621959j,7.284981
6.496051+0.000000j,-0.764597+1.599629j,-1.038090-1.621912j,7.289716
6.505578+0.000000j,-0.765540+1.599542j,-1.038725-1.621865j,7.294451
6.515120+0.000000j,-0.766482+1.599455j,-1.039359-1.621817j,7.299185
6.524675+0.000000j,-0.767424+1.599368j,-1.039994-1.621770j,7.303919
6.534245+0.000000j,-0.768366+1.599282j,-1.040629-1.621723j,7.308654
6.543828+0.000000j,-0.769307+1.599196j,-1.041264-1.621675j,7.313387
6.553426+0.000000j,-0.770248+1.599111j,-1.041899-1.621628j,7.318121
6.563038+0.000000j,-0.771189+1.599026j,-1.042535-1.621581j,7.322854
6.572664+0.000000j,-0.772130+1.598941j,-1.043170-1.621534j,7.327587
6.582303+0.000000j,-0.773070+1.598856j,-1.043806-1.621486j,7.332320
6.591958+0.000000j,-0.774010+1.598772j,-1.044442-1.621439j,7.337053
6.601626+0.000000j,-0.774950+1.598688j,-1.045077-1.621392j,7.341785
6.611308+0.000000j,-0.775889+1.598605j,-1.045713-1.621345j,7.346518
6.621005+0.000000j,-0.776829+1.598522j,-1.046349-1.621298j,7.351250
6.630716+0.000000j,-0.777768+1.598439j,-1.046986-1.621251j,7.355981
6.640441+0.000000j,-0.778706+1.598356j,-1.047622-1.621204j,7.360713
6.650180+0.000000j,-0.779645+1.598274j,-1.048258-1.621157j,7.365444
6.659934+0.000000j,-0.780583+1.598192j,-1.048895-1.621110j,7.370175
6.669702+0.000000j,-0.781521+1.598111j,-1.049532-1.621063j,7.374906
6.679484+0.000000j,-0.782459+1.598030j,-1.050168-1.621016j,7.379637
6.689281+0.000000j,-0.783396+1.597949j,-1.050805-1.620969j,7.384367
6.699091+0.000000j,-0.784333+1.597868j,-1.051442-1.620922j,7.389098
6.708917+0.000000j,-0.785270+1.597788j,-1.052080-1.620875j,7.393827
6.718757+0.000000j,-0.786207+1.597708j,-1.052717-1.620828j,7.398557
6.728611+0.000000j,-0.787143+1.597629j,-1.053354-1.620782j,7.403287
6.738480+0.000000j,-0.788079+1.597549j,-1.053992-1.620735j,7.408016
6.748363+0.000000j,-0.789015+1.597470j,-1.054630-1.620688j,7.412745
6.758260+0.000000j,-0.789950+1.597392j,-1.055267-1.620641j,7.417474
6.768172+0.000000j,-0.790886+1.597314j,-1.055905-1.620595j,7.422203
6.778099+0.000000j,-0.791821+1.597236j,-1.056543-1.620548j,7.426931
6.788040+0.000000j,-0.792755+1.597158j,-1.057181-1.620501j,7.431659
6.797996+0.000000j,-0.793690+1.597081j,-1.057820-1.620455j,7.436387
6.807967+0.000000j,-0.794624+1.597004j,-1.058458-1.620408j,7.441115
6.817952+0.000000j,-0.795558+1.596927j,-1.059097-1.620361j,7.445843
6.827951+0.000000j,-0.796492+1.596851j,-1.059735-1.620315j,7.450570
6.837966+0.000000j,-0.797425+1.596774j,-1.060374-1.620268j,7.455297
6.847995+0.000000j,-0.798358+1.596699j,-1.061013-1.620222j,7.460024
6.858039+0.000000j,-0.799291+1.596623j,-1.061652-1.620175j,7.464751
6.868097+0.000000j,-0.800224+1.596548j,-1.062291-1.620129j,7.469477
6.878170+0.000000j,-0.801156+1.596473j,-1.062930-1.620082j,7.474204
6.888258+0.000000j,-0.802088+1.596399j,-1.063570-1.620036j,7.478930
6.898361+0.000000j,-0.803020+1.596324j,-1.064209-1.619990j,7.483656
6.908479+0.000000j,-0.803951+1.596250j,-1.064849-1.619943j,7.488381
6.918611+0.000000j,-0.804883+1.596177j,-1.065489-1.619897j,7.493107
6.928758+0.000000j,-0.805814+1.596103j,-1.066128-1.619851j,7.497832
6.938921+0.000000j,-0.806744+1.596030j,-1.066768-1.619804j,7.502557
6.949098+0.000000j,-0.807675+1.595957j,-1.067409-1.619758j,7.507282
6.959290+0.000000j,-0.808605+1.595885j,-1.068049-1.619712j,7.512007
6.969497+0.000000j,-0.809535+1.595813j,-1.068689-1.619666j,7.516731
6.979719+0.000000j,-0.810465+1.595741j,-1.069329-1.619619j,7.521455
6.989956+0.000000j,-0.811394+1.595669j,-1.069970-1.619573j,7.526179
7.000208+0.000000j,-0.812323+1.595598j,-1.070611-1.619527j,7.530903
7.010475+0.000000j,-0.813252+1.595527j,-1.071252-1.619481j,7.535627
7.020757+0.000000j,-0.814181+1.595456j,-1.071892-1.619435j,7.540350
7.031054+0.000000j,-0.815109+1.595386j,-1.072533-1.619389j,7.545073
7.041366+0.000000j,-0.816037+1.595315j,-1.073175-1.619343j,7.549796
7.051694+0.000000j,-0.816965+1.595246j,-1.073816-1.619297j,7.554519
7.062036+0.000000j,-0.817893+1.595176j,-1.074457-1.619251j,7.559241
7.072394+0.000000j,-0.818820+1.595107j,-1.075099-1.619205j,7.563964
7.082767+0.000000j,-0.819747+1.595038j,-1.075740-1.619159j,7.568686
7.093155+0.000000j,-0.820674+1.594969j,-1.076382-1.619113j,7.573408
7.103558+0.000000j,-0.821600+1.594900j,-1.077024-1.619068j,7.578130
7.113977+0.000000j,-0.822526+1.594832j,-1.077666-1.619022j,7.582851
7.124411+0.000000j,-0.823452+1.594764j,-1.078308-1.618976j,7.587573
7.134860+0.000000j,-0.824378+1.594696j,-1.078950-1.618930j,7.592294
7.145324+0.000000j,-0.825303+1.594629j,-1.079592-1.618884j,7.597015
7.155804+0.000000j,-0.826229+1.594562j,-1.080235-1.618839j,7.601736
7.166299+0.000000j,-0.827153+1.594495j,-1.080877-1.618793j,7.606456
7.176810+0.000000j,-0.828078+1.594428j,-1.081520-1.618747j,7.611177
7.187336+0.000000j,-0.829003+1.594362j,-1.082163-1.618702j,7.615897
7.197877+0.000000j,-0.829927+1.594296j,-1.082806-1.618656j,7.620617
7.208434+0.000000j,-0.830850+1.594230j,-1.083449-1.618611j,7.625337
7.219007+0.000000j,-0.831774+1.594165j,-1.084092-1.618565j,7.630056
7.229595+0.000000j,-0.832697+1.594100j,-1.084735-1.618520j,7.634776
7.240198+0.000000j,-0.833620+1.594035j,-1.085378-1.618474j,7.639495
7.250817+0.000000j,-0.834543+1.593970j,-1.086022-1.618429j,7.644214
7.261452+0.000000j,-0.835466+1.593905j,-1.086665-1.618383j,7.648933
7.272102+0.000000j,-0.836388+1.593841j,-1.087309-1.618338j,7.653651
7.282768+0.000000j,-0.837310+1.593777j,-1.087953-1.618292j,7.658370
7.293449+0.000000j,-0.838232+1.593714j,-1.088597-1.618247j,7.663088
7.304146+0.000000j,-0.839153+1.593650j,-1.089241-1.618202j,7.667806
7.314859+0.000000j,-0.840075+1.593587j,-1.089885-1.618157j,7.672524
7.325587+0.000000j,-0.840995+1.593524j,-1.090529-1.618111j,7.677242
7.336332+0.000000j,-0.841916+1.593461j,-1.091174-1.618066j,7.681959
7.347092+0.000000j,-0.842837+1.593399j,-1.091818-1.618021j,7.686676
7.357867+0.000000j,-0.843757+1.593337j,-1.092463-1.617976j,7.691394
7.368659+0.000000j,-0.844677+1.593275j,-1.093107-1.617931j,7.696111
7.379466+0.000000j,-0.845596+1.593213j,-1.093752-1.617885j,7.700827
7.390290+0.000000j,-0.846516+1.593152j,-1.094397-1.617840j,7.705544
7.401129+0.000000j,-0.847435+1.593091j,-1.095042-1.617795j,7.710260
7.411984+0.000000j,-0.848354+1.593030j,-1.095687-1.617750j,7.714976
7.422855+0.000000j,-0.849272+1.592969j,-1.096332-1.617705j,7.719692
7.433741+0.000000j,-0.850191+1.592909j,-1.096978-1.617660j,7.724408
7.444644+0.000000j,-0.851109+1.592849j,-1.097623-1.617615j,7.729124
7.455563+0.000000j,-0.852027+1.592789j,-1.098269-1.617570j,7.733839
7.466498+0.000000j,-0.852944+1.592729j,-1.098914-1.617526j,7.738555
7.477449+0.000000j,-0.853862+1.592670j,-1.099560-1.617481j,7.743270
7.488416+0.000000j,-0.854779+1.592611j,-1.100206-1.617436j,7.747985
7.499399+0.000000j,-0.855695+1.592552j,-1.100852-1.617391j,7.752699
7.510398+0.000000j,-0.856612+1.592493j,-1.101498-1.617346j,7.757414
7.521413+0.000000j,-0.857528+1.592434j,-1.102145-1.617302j,7.762128
7.532445+0.000000j,-0.858444+1.592376j,-1.102791-1.617257j,7.766842
7.543492+0.000000j,-0.859360+1.592318j,-1.103437-1.617212j,7.771556
7.554556+0.000000j,-0.860275+1.592260j,-1.104084-1.617168j,7.776270
7.565636+0.000000j,-0.861191+1.592203j,-1.104731-1.617123j,7.780984
7.576733+0.000000j,-0.862106+1.592146j,-1.105377-1.617078j,7.785697
7.587845+0.000000j,-0.863020+1.592088j,-1.106024-1.617034j,7.790411
7.598974+0.000000j,-0.863935+1.592032j,-1.106671-1.616989j,7.795124
7.610119+0.000000j,-0.864849+1.591975j,-1.107318-1.616945j,7.799837
7.621281+0.000000j,-0.865763+1.591919j,-1.107966-1.616900j,7.804549
7.632459+0.000000j,-0.866677+1.591862j,-1.108613-1.616856j,7.809262
7.643653+0.000000j,-0.867590+1.591807j,-1.109260-1.616812j,7.813974
7.654864+0.000000j,-0.868503+1.591751j,-1.109908-1.616767j,7.818687
7.666091+0.000000j,-0.869416+1.591695j,-1.110555-1.616723j,7.823399
7.677335+0.000000j,-0.870329+1.591640j,-1.111203-1.616679j,7.828111
7.688595+0.000000j,-0.871241+1.591585j,-1.111851-1.616634j,7.832822
7.699871+0.000000j,-0.872154+1.591530j,-1.112499-1.616590j,7.837534
7.711165+0.000000j,-0.873066+1.591476j,-1.113147-1.616546j,7.842245
7.722474+0.000000j,-0.873977+1.591421j,-1.113795-1.616502j,7.846956
7.733801+0.000000j,-0.874889+1.591367j,-1.114444-1.616457j,7.851667
7.745144+0.000000j,-0.875800+1.591313j,-1.115092-1.616413j,7.856378
7.756503+0.000000j,-0.876711+1.591260j,-1.115740-1.616369j,7.861089
7.767879+0.000000j,-0.877621+1.591206j,-1.116389-1.616325j,7.865799
7.779272+0.000000j,-0.878532+1.591153j,-1.117038-1.616281j,7.870510
7.790682+0.000000j,-0.879442+1.591100j,-1.117687-1.616237j,7.875220
7.802108+0.000000j,-0.880352+1.591047j,-1.118335-1.616193j,7.879930
7.813551+0.000000j,-0.881261+1.590994j,-1.118984-1.616149j,7.884640
7.825011+0.000000j,-0.882171+1.590942j,-1.119634-1.616105j,7.889349
7.836488+0.000000j,-0.883080+1.590890j,-1.120283-1.616061j,7.894059
7.847982+0.000000j,-0.883989+1.590838j,-1.120932-1.616017j,7.898768
7.859492+0.000000j,-0.884897+1.590786j,-1.121582-1.615974j,7.903477
7.871019+0.000000j,-0.885806+1.590734j,-1.122231-1.615930j,7.908186
7.882564+0.000000j,-0.886714+1.590683j,-1.122881-1.615886j,7.912895
7.894125+0.000000j,-0.887622+1.590632j,-1.123530-1.615842j,7.917604
7.905703+0.000000j,-0.888529+1.590581j,-1.124180-1.615799j,7.922312
7.917298+0.000000j,-0.889437+1.590530j,-1.124830-1.615755j,7.927021
7.928910+0.000000j,-0.890344+1.590480j,-1.125480-1.615711j,7.931729
7.940539+0.000000j,-0.891251+1.590429j,-1.126130-1.615668j,7.936437
7.952185+0.000000j,-0.892157+1.590379j,-1.126781-1.615624j,7.941145
7.963848+0.000000j,-0.893063+1.590329j,-1.127431-1.615580j,7.945852
7.975529+0.000000j,-0.893970+1.590280j,-1.128082-1.615537j,7.950560
7.987226+0.000000j,-0.894875+1.590230j,-1.128732-1.615493j,7.955267
7.998941+0.000000j,-0.895781+1.590181j,-1.129383-1.615450j,7.959974
8.010673+0.000000j,-0.896686+1.590132j,-1.130034-1.615407j,7.964681
8.022422+0.000000j,-0.897592+1.590083j,-1.130684-1.615363j,7.969388
8.034188+0.000000j,-0.898496+1.590034j,-1.131335-1.615320j,7.974095
8.045971+0.000000j,-0.899401+1.589985j,-1.131986-1.615276j,7.978801
8.057772+0.000000j,-0.900305+1.589937j,-1.132638-1.615233j,7.983508
8.069590+0.000000j,-0.901210+1.589889j,-1.133289-1.615190j,7.988214
8.081426+0.000000j,-0.902113+1.589841j,-1.133940-1.615147j,7.992920
8.093279+0.000000j,-0.903017+1.589793j,-1.134592-1.615103j,7.997626
8.105149+0.000000j,-0.903920+1.589746j,-1.135243-1.615060j,8.002332
8.117036+0.000000j,-0.904824+1.589698j,-1.135895-1.615017j,8.007037
8.128941+0.000000j,-0.905726+1.589651j,-1.136547-1.614974j,8.011742
8.140864+0.000000j,-0.906629+1.589604j,-1.137199-1.614931j,8.016448
8.152804+0.000000j,-0.907531+1.589557j,-1.137851-1.614888j,8.021153
8.164761+0.000000j,-0.908434+1.589511j,-1.138503-1.614845j,8.025858
8.176736+0.000000j,-0.909336+1.589464j,-1.139155-1.614802j,8.030563
8.188729+0.000000j,-0.910237+1.589418j,-1.139807-1.614759j,8.035267
8.200739+0.000000j,-0.911139+1.589372j,-1.140460-1.614716j,8.039972
8.212767+0.000000j,-0.912040+1.589326j,-1.141112-1.614673j,8.044676
8.224812+0.000000j,-0.912941+1.589281j,-1.141765-1.614630j,8.049380
8.236875+0.000000j,-0.913841+1.589235j,-1.142417-1.614587j,8.054084
8.248956+0.000000j,-0.914742+1.589190j,-1.143070-1.614544j,8.058788
8.261055+0.000000j,-0.915642+1.589145j,-1.143723-1.614502j,8.063492
8.273171+0.000000j,-0.916542+1.589100j,-1.144376-1.614459j,8.068195
8.285305+0.000000j,-0.917442+1.589055j,-1.145029-1.614416j,8.072899
8.297457+0.000000j,-0.918341+1.589010j,-1.145682-1.614374j,8.077602
8.309626+0.000000j,-0.919240+1.588966j,-1.146336-1.614331j,8.082305
8.321814+0.000000j,-0.920139+1.588922j,-1.146989-1.614288j,8.087008
8.334019+0.000000j,-0.921038+1.588878j,-1.147642-1.614246j,8.091711
8.346243+0.000000j,-0.921937+1.588834j,-1.148296-1.614203j,8.096413
8.358484+0.000000j,-0.922835+1.588790j,-1.148950-1.614161j,8.101116
8.370743+0.000000j,-0.923733+1.588747j,-1.149603-1.614118j,8.105818
8.383020+0.000000j,-0.924631+1.588703j,-1.150257-1.614076j,8.110520
8.395315+0.000000j,-0.925528+1.588660j,-1.150911-1.614033j,8.115222
8.407628+0.000000j,-0.926426+1.588617j,-1.151565-1.613991j,8.119924
8.419960+0.000000j,-0.927323+1.588574j,-1.152219-1.613949j,8.124626
8.432309+0.000000j,-0.928220+1.588532j,-1.152874-1.613906j,8.129327
8.444676+0.000000j,-0.929116+1.588489j,-1.153528-1.613864j,8.134029
8.457062+0.000000j,-0.930012+1.588447j,-1.154183-1.613822j,8.138730
8.469466+0.000000j,-0.930909+1.588405j,-1.154837-1.613779j,8.143431
8.481888+0.000000j,-0.931804+1.588363j,-1.155492-1.613737j,8.148132
8.494328+0.000000j,-0.932700+1.588321j,-1.156146-1.613695j,8.152833
8.506786+0.000000j,-0.933595+1.588280j,-1.156801-1.613653j,8.157534
8.519263+0.000000j,-0.934491+1.588238j,-1.157456-1.613611j,8.162234
8.531758+0.000000j,-0.935386+1.588197j,-1.158111-1.613569j,8.166935
8.544271+0.000000j,-0.936280+1.588156j,-1.158766-1.613527j,8.171635
8.556803+0.000000j,-0.937175+1.588115j,-1.159421-1.613485j,8.176335
8.569353+0.000000j,-0.938069+1.588074j,-1.160077-1.613443j,8.181035
8.581921+0.000000j,-0.938963+1.588033j,-1.160732-1.613401j,8.185735
8.594508+0.000000j,-0.939857+1.587993j,-1.161388-1.613359j,8.190434
8.607113+0.000000j,-0.940750+1.587953j,-1.162043-1.613317j,8.195134
8.619737+0.000000j,-0.941643+1.587912j,-1.162699-1.613275j,8.199833
8.632379+0.000000j,-0.942537+1.587872j,-1.163355-1.613233j,8.204532
8.645040+0.000000j,-0.943429+1.587833j,-1.164011-1.613192j,8.209232
8.657720+0.000000j,-0.944322+1.587793j,-1.164667-1.613150j,8.213931
8.670418+0.000000j,-0.945214+1.587753j,-1.165323-1.613108j,8.218629
8.683134+0.000000j,-0.946106+1.587714j,-1.165979-1.613066j,8.223328
8.695870+0.000000j,-0.946998+1.587675j,-1.166635-1.613025j,8.228027
8.708624+0.000000j,-0.947890+1.587636j,-1.167291-1.612983j,8.232725
8.721396+0.000000j,-0.948781+1.587597j,-1.167948-1.612942j,8.237423
8.734188+0.000000j,-0.949672+1.587558j,-1.168604-1.612900j,8.242121
8.746998+0.000000j,-0.950563+1.587520j,-1.169261-1.612859j,8.246819
8.759827+0.000000j,-0.951454+1.587481j,-1.169918-1.612817j,8.251517
8.772675+0.000000j,-0.952345+1.587443j,-1.170574-1.612776j,8.256215
8.785541+0.000000j,-0.953235+1.587405j,-1.171231-1.612734j,8.260912
8.798427+0.000000j,-0.954125+1.587367j,-1.171888-1.612693j,8.265610
8.811331+0.000000j,-0.955015+1.587329j,-1.172545-1.612651j,8.270307
8.824255+0.000000j,-0.955904+1.587292j,-1.173203-1.612610j,8.275004
8.837197+0.000000j,-0.956794+1.587254j,-1.173860-1.612569j,8.279701
8.850158+0.000000j,-0.957683+1.587217j,-1.174517-1.612528j,8.284398
8.863138+0.000000j,-0.958572+1.587180j,-1.175175-1.612486j,8.289095
8.876138+0.000000j,-0.959460+1.587143j,-1.175832-1.612445j,8.293791
8.889156+0.000000j,-0.960349+1.587106j,-1.176490-1.612404j,8.298488
8.902194+0.000000j,-0.961237+1.587069j,-1.177147-1.612363j,8.303184
8.915250+0.000000j,-0.962125+1.587032j,-1.177805-1.612322j,8.307880
8.928326+0.000000j,-0.963013+1.586996j,-1.178463-1.612281j,8.312576
8.941421+0.000000j,-0.963900+1.586960j,-1.179121-1.612240j,8.317272
8.954535+0.000000j,-0.964787+1.586924j,-1.179779-1.612199j,8.321968
8.967668+0.000000j,-0.965674+1.586888j,-1.180437-1.612158j,8.326663
8.980821+0.000000j,-0.966561+1.586852j,-1.181096-1.612117j,8.331359
8.993993+0.000000j,-0.967448+1.586816j,-1.181754-1.612076j,8.336054
9.007184+0.000000j,-0.968334+1.586780j,-1.182412-1.612035j,8.340749
9.020395+0.000000j,-0.969220+1.586745j,-1.183071-1.611994j,8.345445
9.033625+0.000000j,-0.970106+1.586710j,-1.183730-1.611953j,8.350139
9.046874+0.000000j,-0.970992+1.586674j,-1.184388-1.611913j,8.354834
9.060143+0.000000j,-0.971878+1.586639j,-1.185047-1.611872j,8.359529
9.073431+0.000000j,-0.972763+1.586605j,-1.185706-1.611831j,8.364224
9.086739+0.000000j,-0.973648+1.586570j,-1.186365-1.611790j,8.368918
9.100066+0.000000j,-0.974533+1.586535j,-1.187024-1.611750j,8.373612
9.113413+0.000000j,-0.975417+1.586501j,-1.187683-1.611709j,8.378306
9.126779+0.000000j,-0.976302+1.586466j,-1.188342-1.611669j,8.383000
9.140165+0.000000j,-0.977186+1.586432j,-1.189002-1.611628j,8.387694
9.153571+0.000000j,-0.978070+1.586398j,-1.189661-1.611588j,8.392388
9.166996+0.000000j,-0.978953+1.586364j,-1.190321-1.611547j,8.397082
9.180441+0.000000j,-0.979837+1.586331j,-1.190980-1.611507j,8.401775
9.193906+0.000000j,-0.980720+1.586297j,-1.191640-1.611466j,8.406469
9.207390+0.000000j,-0.981603+1.586263j,-1.192300-1.611426j,8.411162
9.220894+0.000000j,-0.982486+1.586230j,-1.192960-1.611386j,8.415855
9.234418+0.000000j,-0.983369+1.586197j,-1.193620-1.611345j,8.420548
9.247962+0.000000j,-0.984251+1.586164j,-1.194280-1.611305j,8.425241
9.261526+0.000000j,-0.985133+1.586131j,-1.194940-1.611265j,8.429934
9.275110+0.000000j,-0.986015+1.586098j,-1.195600-1.611225j,8.434626
9.288713+0.000000j,-0.986897+1.586065j,-1.196260-1.611184j,8.439319
9.302337+0.000000j,-0.987778+1.586033j,-1.196921-1.611144j,8.444011
9.315980+0.000000j,-0.988660+1.586000j,-1.197581-1.611104j,8.448703
9.329644+0.000000j,-0.989541+1.585968j,-1.198242-1.611064j,8.453395
9.343327+0.000000j,-0.990421+1.585936j,-1.198902-1.611024j,8.458087
9.357031+0.000000j,-0.991302+1.585903j,-1.199563-1.610984j,8.462779
9.370754+0.000000j,-0.992182+1.585872j,-1.200224-1.610944j,8.467471
9.384498+0.000000j,-0.993063+1.585840j,-1.200885-1.610904j,8.472162
9.398262+0.000000j,-0.993943+1.585808j,-1.201546-1.610864j,8.476854
9.412046+0.000000j,-0.994822+1.585776j,-1.202207-1.610824j,8.481545
9.425851+0.000000j,-0.995702+1.585745j,-1.202868-1.610784j,8.486236
9.439675+0.000000j,-0.996581+1.585714j,-1.203529-1.610745j,8.490927
9.453520+0.000000j,-0.997460+1.585683j,-1.204191-1.610705j,8.495618
9.467385+0.000000j,-0.998339+1.585651j,-1.204852-1.610665j,8.500309
9.481271+0.000000j,-0.999218+1.585620j,-1.205514-1.610625j,8.505000
9.495177+0.000000j,-1.000097+1.585590j,-1.206175-1.610586j,8.509691
9.509103+0.000000j,-1.000975+1.585559j,-1.206837-1.610546j,8.514381
9.523050+0.000000j,-1.001853+1.585528j,-1.207499-1.610506j,8.519071
9.537017+0.000000j,-1.002731+1.585498j,-1.208160-1.610467j,8.523762
9.551005+0.000000j,-1.003608+1.585468j,-1.208822-1.610427j,8.528452
9.565013+0.000000j,-1.004486+1.585437j,-1.209484-1.610388j,8.533142
9.579042+0.000000j,-1.005363+1.585407j,-1.210147-1.610348j,8.537832
9.593091+0.000000j,-1.006240+1.585377j,-1.210809-1.610309j,8.542521
9.607161+0.000000j,-1.007117+1.585347j,-1.211471-1.610270j,8.547211
9.621251+0.000000j,-1.007993+1.585318j,-1.212133-1.610230j,8.551900
9.635363+0.000000j,-1.008870+1.585288j,-1.212796-1.610191j,8.556590
9.649495+0.000000j,-1.009746+1.585259j,-1.213458-1.610151j,8.561279
9.663647+0.000000j,-1.010622+1.585229j,-1.214121-1.610112j,8.565968
9.677821+0.000000j,-1.011497+1.585200j,-1.214784-1.610073j,8.570657
9.692015+0.000000j,-1.012373+1.585171j,-1.215446-1.610034j,8.575346
9.706230+0.000000j,-1.013248+1.585142j,-1.216109-1.609995j,8.580035
9.720466+0.000000j,-1.014123+1.585113j,-1.216772-1.609955j,8.584724
9.734722+0.000000j,-1.014998+1.585084j,-1.217435-1.609916j,8.589412
9.749000+0.000000j,-1.015873+1.585055j,-1.218098-1.609877j,8.594100
9.763299+0.000000j,-1.016747+1.585027j,-1.218761-1.609838j,8.598789
9.777618+0.000000j,-1.017622+1.584998j,-1.219425-1.609799j,8.603477
9.791959+0.000000j,-1.018496+1.584970j,-1.220088-1.609760j,8.608165
9.806320+0.000000j,-1.019370+1.584942j,-1.220751-1.609721j,8.612853
9.820703+0.000000j,-1.020243+1.584914j,-1.221415-1.609682j,8.617541
9.835107+0.000000j,-1.021117+1.584886j,-1.222079-1.609643j,8.622229
9.849532+0.000000j,-1.021990+1.584858j,-1.222742-1.609605j,8.626916
9.863978+0.000000j,-1.022863+1.584830j,-1.223406-1.609566j,8.631604
9.878445+0.000000j,-1.023736+1.584802j,-1.224070-1.609527j,8.636291
9.892933+0.000000j,-1.024608+1.584775j,-1.224734-1.609488j,8.640978
9.907443+0.000000j,-1.025481+1.584747j,-1.225398-1.609450j,8.645665
9.921974+0.000000j,-1.026353+1.584720j,-1.226062-1.609411j,8.650352
9.936526+0.000000j,-1.027225+1.584692j,-1.226726-1.609372j,8.655039
9.951100+0.000000j,-1.028097+1.584665j,-1.227390-1.609334j,8.659726
9.965695+0.000000j,-1.028968+1.584638j,-1.228054-1.609295j,8.664413
9.980311+0.000000j,-1.029840+1.584611j,-1.228719-1.609257j,8.669099
9.994949+0.000000j,-1.030711+1.584584j,-1.229383-1.609218j,8.673786
10.009608+0.000000j,-1.031582+1.584558j,-1.230048-1.609180j,8.678472
10.024289+0.000000j,-1.032453+1.584531j,-1.230713-1.609141j,8.683158
10.038991+0.000000j,-1.033323+1.584505j,-1.231377-1.609103j,8.687844
10.053715+0.000000j,-1.034194+1.584478j,-1.232042-1.609064j,8.692530
10.068461+0.000000j,-1.035064+1.584452j,-1.232707-1.609026j,8.697216
10.083228+0.000000j,-1.035934+1.584426j,-1.233372-1.608988j,8.701902
10.098017+0.000000j,-1.036804+1.584400j,-1.234037-1.608949j,8.706588
10.112827+0.000000j,-1.037673+1.584374j,-1.234702-1.608911j,8.711273
10.127659+0.000000j,-1.038543+1.584348j,-1.235367-1.608873j,8.715959
10.142513+0.000000j,-1.039412+1.584322j,-1.236033-1.608835j,8.720644
10.157389+0.000000j,-1.040281+1.584296j,-1.236698-1.608797j,8.725329
10.172287+0.000000j,-1.041149+1.584271j,-1.237363-1.608758j,8.730014
10.187206+0.000000j,-1.042018+1.584245j,-1.238029-1.608720j,8.734699
10.202147+0.000000j,-1.042886+1.584220j,-1.238695-1.608682j,8.739384
10.217111+0.000000j,-1.043755+1.584194j,-1.239360-1.608644j,8.744069
10.232096+0.000000j,-1.044623+1.584169j,-1.240026-1.608606j,8.748753
10.247103+0.000000j,-1.045490+1.584144j,-1.240692-1.608568j,8.753438
10.262132+0.000000j,-1.046358+1.584119j,-1.241358-1.608530j,8.758122
10.277183+0.000000j,-1.047225+1.584094j,-1.242024-1.608493j,8.762807
10.292256+0.000000j,-1.048093+1.584069j,-1.242690-1.608455j,8.767491
10.307352+0.000000j,-1.048960+1.584045j,-1.243356-1.608417j,8.772175
10.322469+0.000000j,-1.049826+1.584020j,-1.244022-1.608379j,8.776859
10.337609+0.000000j,-1.050693+1.583995j,-1.244688-1.608341j,8.781543
10.352771+0.000000j,-1.051559+1.583971j,-1.245355-1.608304j,8.786227
10.367955+0.000000j,-1.052426+1.583947j,-1.246021-1.608266j,8.790910
10.383161+0.000000j,-1.053292+1.583922j,-1.246688-1.608228j,8.795594
10.398390+0.000000j,-1.054157+1.583898j,-1.247354-1.608191j,8.800277
10.413641+0.000000j,-1.055023+1.583874j,-1.248021-1.608153j,8.804961
10.428914+0.000000j,-1.055889+1.583850j,-1.248688-1.608116j,8.809644
10.444210+0.000000j,-1.056754+1.583826j,-1.249355-1.608078j,8.814327
10.459528+0.000000j,-1.057619+1.583803j,-1.250022-1.608041j,8.819010
10.474869+0.000000j,-1.058484+1.583779j,-1.250689-1.608003j,8.823693
10.490232+0.000000j,-1.059348+1.583755j,-1.251356-1.607966j,8.828376
10.505618+0.000000j,-1.060213+1.583732j,-1.252023-1.607928j,8.833058
10.521026+0.000000j,-1.061077+1.583709j,-1.252690-1.607891j,8.837741
10.536457+0.000000j,-1.061941+1.583685j,-1.253357-1.607854j,8.842423
10.551911+0.000000j,-1.062805+1.583662j,-1.254025-1.607817j,8.847106
10.567387+0.000000j,-1.063669+1.583639j,-1.254692-1.607779j,8.851788
10.582886+0.000000j,-1.064532+1.583616j,-1.255360-1.607742j,8.856470
10.598407+0.000000j,-1.065396+1.583593j,-1.256027-1.607705j,8.861152
10.613952+0.000000j,-1.066259+1.583570j,-1.256695-1.607668j,8.865834
10.629519+0.000000j,-1.067122+1.583547j,-1.257363-1.607631j,8.870516
10.645109+0.000000j,-1.067985+1.583525j,-1.258031-1.607594j,8.875198
10.660722+0.000000j,-1.068847+1.583502j,-1.258698-1.607557j,8.879879
10.676358+0.000000j,-1.069709+1.583480j,-1.259366-1.607519j,8.884561
10.692016+0.000000j,-1.070572+1.583457j,-1.260034-1.607483j,8.889242
10.707698+0.000000j,-1.071434+1.583435j,-1.260703-1.607446j,8.893924
10.723403+0.000000j,-1.072296+1.583413j,-1.261371-1.607409j,8.898605
10.739130+0.000000j,-1.073157+1.583390j,-1.262039-1.607372j,8.903286
10.754881+0.000000j,-1.074019+1.583368j,-1.262707-1.607335j,8.907967
10.770655+0.000000j,-1.074880+1.583346j,-1.263376-1.607298j,8.912648
10.786452+0.000000j,-1.075741+1.583324j,-1.264044-1.607261j,8.917329
10.802272+0.000000j,-1.076602+1.583303j,-1.264713-1.607225j,8.922010
10.818116+0.000000j,-1.077462+1.583281j,-1.265382-1.607188j,8.926690
10.833982+0.000000j,-1.078323+1.583259j,-1.266050-1.607151j,8.931371
10.849872+0.000000j,-1.079183+1.583238j,-1.266719-1.607115j,8.936051
10.865785+0.000000j,-1.080043+1.583216j,-1.267388-1.607078j,8.940731
10.881722+0.000000j,-1.080903+1.583195j,-1.268057-1.607041j,8.945412
10.897682+0.000000j,-1.081763+1.583173j,-1.268726-1.607005j,8.950092
10.913665+0.000000j,-1.082623+1.583152j,-1.269395-1.606968j,8.954772
10.929672+0.000000j,-1.083482+1.583131j,-1.270064-1.606932j,8.959452
10.945702+0.000000j,-1.084341+1.583110j,-1.270733-1.606895j,8.964131
10.961756+0.000000j,-1.085200+1.583089j,-1.271403-1.606859j,8.968811
10.977833+0.000000j,-1.086059+1.583068j,-1.272072-1.606823j,8.973491
10.993934+0.000000j,-1.086918+1.583047j,-1.272741-1.606786j,8.978170
11.010058+0.000000j,-1.087776+1.583026j,-1.273411-1.606750j,8.982850
11.026207+0.000000j,-1.088635+1.583006j,-1.274081-1.606714j,8.987529
11.042378+0.000000j,-1.089493+1.582985j,-1.274750-1.606677j,8.992208
11.058574+0.000000j,-1.090351+1.582965j,-1.275420-1.606641j,8.996887
11.074793+0.000000j,-1.091209+1.582944j,-1.276090-1.606605j,9.001566
11.091036+0.000000j,-1.092066+1.582924j,-1.276760-1.606569j,9.006245
11.107303+0.000000j,-1.092924+1.582904j,-1.277430-1.606533j,9.010924
11.123594+0.000000j,-1.093781+1.582883j,-1.278100-1.606497j,9.015603
11.139909+0.000000j,-1.094638+1.582863j,-1.278770-1.606461j,9.020281
11.156247+0.000000j,-1.095495+1.582843j,-1.279440-1.606425j,9.024960
11.172610+0.000000j,-1.096351+1.582823j,-1.280110-1.606389j,9.029638
11.188996+0.000000j,-1.097208+1.582803j,-1.280780-1.606353j,9.034317
11.205407+0.000000j,-1.098064+1.582784j,-1.281451-1.606317j,9.038995
11.221842+0.000000j,-1.098920+1.582764j,-1.282121-1.606281j,9.043673
11.238300+0.000000j,-1.099776+1.582744j,-1.282792-1.606245j,9.048351
11.254783+0.000000j,-1.100632+1.582725j,-1.283462-1.606209j,9.053029
11.271290+0.000000j,-1.101488+1.582705j,-1.284133-1.606173j,9.057707
11.287822+0.000000j,-1.102343+1.582686j,-1.284804-1.606138j,9.062385
11.304377+0.000000j,-1.103198+1.582666j,-1.285475-1.606102j,9.067062
11.320957+0.000000j,-1.104053+1.582647j,-1.286146-1.606066j,9.071740
11.337561+0.000000j,-1.104908+1.582628j,-1.286816-1.606031j,9.076417
11.354189+0.000000j,-1.105763+1.582608j,-1.287488-1.605995j,9.081095
11.370842+0.000000j,-1.106618+1.582589j,-1.288159-1.605959j,9.085772
11.387520+0.000000j,-1.107472+1.582570j,-1.288830-1.605924j,9.090449
11.404221+0.000000j,-1.108326+1.582551j,-1.289501-1.605888j,9.095126
11.420948+0.000000j,-1.109180+1.582533j,-1.290172-1.605853j,9.099803
11.437698+0.000000j,-1.110034+1.582514j,-1.290844-1.605817j,9.104480
11.454474+0.000000j,-1.110888+1.582495j,-1.291515-1.605782j,9.109157
11.471274+0.000000j,-1.111741+1.582476j,-1.292187-1.605747j,9.113833
11.488098+0.000000j,-1.112595+1.582458j,-1.292858-1.605711j,9.118510
11.504948+0.000000j,-1.113448+1.582439j,-1.293530-1.605676j,9.123187
11.521822+0.000000j,-1.114301+1.582421j,-1.294202-1.605641j,9.127863
11.538720+0.000000j,-1.115154+1.582403j,-1.294873-1.605605j,9.132539
11.555644+0.000000j,-1.116006+1.582384j,-1.295545-1.605570j,9.137216
11.572592+0.000000j,-1.116859+1.582366j,-1.296217-1.605535j,9.141892
11.589565+0.000000j,-1.117711+1.582348j,-1.296889-1.605500j,9.146568
11.606563+0.000000j,-1.118563+1.582330j,-1.297561-1.605465j,9.151244
11.623586+0.000000j,-1.119415+1.582312j,-1.298233-1.605430j,9.155920
11.640634+0.000000j,-1.120267+1.582294j,-1.298905-1.605395j,9.160595
11.657707+0.000000j,-1.121118+1.582276j,-1.299578-1.605360j,9.165271
11.674805+0.000000j,-1.121970+1.582258j,-1.300250-1.605325j,9.169947
11.691929+0.000000j,-1.122821+1.582240j,-1.300922-1.605290j,9.174622
11.709077+0.000000j,-1.123672+1.582223j,-1.301595-1.605255j,9.179298
11.726250+0.000000j,-1.124523+1.582205j,-1.302267-1.605220j,9.183973
11.743449+0.000000j,-1.125374+1.582188j,-1.302940-1.605185j,9.188648
11.760672+0.000000j,-1.126224+1.582170j,-1.303613-1.605150j,9.193323
11.777921+0.000000j,-1.127075+1.582153j,-1.304285-1.605115j,9.197998
11.795196+0.000000j,-1.127925+1.582135j,-1.304958-1.605081j,9.202673
11.812495+0.000000j,-1.128775+1.582118j,-1.305631-1.605046j,9.207348
11.829821+0.000000j,-1.129625+1.582101j,-1.306304-1.605011j,9.212023
11.847171+0.000000j,-1.130475+1.582084j,-1.306977-1.604976j,9.216697
11.864547+0.000000j,-1.131324+1.582067j,-1.307650-1.604942j,9.221372
11.881948+0.000000j,-1.132174+1.582049j,-1.308323-1.604907j,9.226047
11.899375+0.000000j,-1.133023+1.582033j,-1.308997-1.604873j,9.230721
11.916828+0.000000j,-1.133872+1.582016j,-1.309670-1.604838j,9.235395
11.934306+0.000000j,-1.134721+1.581999j,-1.310343-1.604804j,9.240069
11.951809+0.000000j,-1.135570+1.581982j,-1.311017-1.604769j,9.244744
11.969339+0.000000j,-1.136418+1.581965j,-1.311690-1.604735j,9.249418
11.986894+0.000000j,-1.137267+1.581949j,-1.312364-1.604700j,9.254092
12.004475+0.000000j,-1.138115+1.581932j,-1.313037-1.604666j,9.258766
12.022081+0.000000j,-1.138963+1.581916j,-1.313711-1.604632j,9.263439
12.039714+0.000000j,-1.139811+1.581899j,-1.314385-1.604597j,9.268113
12.057372+0.000000j,-1.140659+1.581883j,-1.315058-1.604563j,9.272787
12.075056+0.000000j,-1.141506+1.581866j,-1.315732-1.604529j,9.277460
12.092766+0.000000j,-1.142354+1.581850j,-1.316406-1.604495j,9.282134
12.110503+0.000000j,-1.143201+1.581834j,-1.317080-1.604460j,9.286807
12.128265+0.000000j,-1.144048+1.581818j,-1.317754-1.604426j,9.291480
12.146053+0.000000j,-1.144895+1.581802j,-1.318428-1.604392j,9.296153
12.163867+0.000000j,-1.145742+1.581785j,-1.319103-1.604358j,9.300826
12.181708+0.000000j,-1.146588+1.581770j,-1.319777-1.604324j,9.305499
12.199574+0.000000j,-1.147435+1.581754j,-1.320451-1.604290j,9.310172
12.217467+0.000000j,-1.148281+1.581738j,-1.321126-1.604256j,9.314845
12.235386+0.000000j,-1.149127+1.581722j,-1.321800-1.604222j,9.319518
12.253331+0.000000j,-1.149973+1.581706j,-1.322475-1.604188j,9.324191
12.271303+0.000000j,-1.150819+1.581690j,-1.323149-1.604154j,9.328863
12.289301+0.000000j,-1.151665+1.581675j,-1.323824-1.604120j,9.333536
12.307325+0.000000j,-1.152510+1.581659j,-1.324498-1.604087j,9.338208
12.325376+0.000000j,-1.153355+1.581644j,-1.325173-1.604053j,9.342880
12.343453+0.000000j,-1.154201+1.581628j,-1.325848-1.604019j,9.347552
12.361557+0.000000j,-1.155046+1.581613j,-1.326523-1.603985j,9.352225
12.379687+0.000000j,-1.155890+1.581598j,-1.327198-1.603952j,9.356897
12.397844+0.000000j,-1.156735+1.581582j,-1.327873-1.603918j,9.361569
12.416028+0.000000j,-1.157580+1.581567j,-1.328548-1.603884j,9.366241
12.434238+0.000000j,-1.158424+1.581552j,-1.329223-1.603851j,9.370912
12.452475+0.000000j,-1.159268+1.581537j,-1.329899-1.603817j,9.375584
12.470739+0.000000j,-1.160112+1.581522j,-1.330574-1.603784j,9.380256
12.489029+0.000000j,-1.160956+1.581507j,-1.331249-1.603750j,9.384927
12.507346+0.000000j,-1.161800+1.581492j,-1.331925-1.603717j,9.389599
12.525691+0.000000j,-1.162643+1.581477j,-1.332600-1.603683j,9.394270
12.544062+0.000000j,-1.163487+1.581462j,-1.333276-1.603650j,9.398941
12.562460+0.000000j,-1.164330+1.581447j,-1.333951-1.603617j,9.403613
12.580885+0.000000j,-1.165173+1.581432j,-1.334627-1.603583j,9.408284
12.599337+0.000000j,-1.166016+1.581418j,-1.335303-1.603550j,9.412955
12.617816+0.000000j,-1.166859+1.581403j,-1.335978-1.603517j,9.417626
12.636322+0.000000j,-1.167702+1.581389j,-1.336654-1.603483j,9.422297
12.654855+0.000000j,-1.168544+1.581374j,-1.337330-1.603450j,9.426967
12.673416+0.000000j,-1.169386+1.581360j,-1.338006-1.603417j,9.431638
12.692004+0.000000j,-1.170229+1.581345j,-1.338682-1.603384j,9.436309
12.710619+0.000000j,-1.171071+1.581331j,-1.339358-1.603351j,9.440979
12.729261+0.000000j,-1.171912+1.581317j,-1.340034-1.603318j,9.445650
12.747931+0.000000j,-1.172754+1.581302j,-1.340711-1.603285j,9.450320
12.766628+0.000000j,-1.173596+1.581288j,-1.341387-1.603252j,9.454990
12.785352+0.000000j,-1.174437+1.581274j,-1.342063-1.603219j,9.459661
12.804104+0.000000j,-1.175278+1.581260j,-1.342740-1.603186j,9.464331
12.822883+0.000000j,-1.176119+1.581246j,-1.343416-1.603153j,9.469001
12.841690+0.000000j,-1.176960+1.581232j,-1.344093-1.603120j,9.473671
12.860525+0.000000j,-1.177801+1.581218j,-1.344769-1.603087j,9.478341
12.879387+0.000000j,-1.178642+1.581204j,-1.345446-1.603054j,9.483011
12.898277+0.000000j,-1.179482+1.581190j,-1.346123-1.603022j,9.487680
12.917194+0.000000j,-1.180323+1.581176j,-1.346800-1.602989j,9.492350
12.936140+0.000000j,-1.181163+1.581163j,-1.347476-1.602956j,9.497019
12.955113+0.000000j,-1.182003+1.581149j,-1.348153-1.602923j,9.501689
12.974114+0.000000j,-1.182843+1.581135j,-1.348830-1.602891j,9.506358
12.993142+0.000000j,-1.183682+1.581122j,-1.349507-1.602858j,9.511028
13.012199+0.000000j,-1.184522+1.581108j,-1.350184-1.602826j,9.515697
13.031284+0.000000j,-1.185361+1.581095j,-1.350862-1.602793j,9.520366
13.050396+0.000000j,-1.186201+1.581081j,-1.351539-1.602760j,9.525035
13.069537+0.000000j,-1.187040+1.581068j,-1.352216-1.602728j,9.529704
13.088706+0.000000j,-1.187879+1.581054j,-1.352893-1.602695j,9.534373
13.107902+0.000000j,-1.188718+1.581041j,-1.353571-1.602663j,9.539042
13.127127+0.000000j,-1.189556+1.581028j,-1.354248-1.602631j,9.543711
13.146381+0.000000j,-1.190395+1.581015j,-1.354926-1.602598j,9.548380
13.165662+0.000000j,-1.191233+1.581001j,-1.355603-1.602566j,9.553048
13.184972+0.000000j,-1.192071+1.580988j,-1.356281-1.602534j,9.557717
13.204310+0.000000j,-1.192910+1.580975j,-1.356959-1.602501j,9.562385
13.223676+0.000000j,-1.193747+1.580962j,-1.357636-1.602469j,9.567054
13.243071+0.000000j,-1.194585+1.580949j,-1.358314-1.602437j,9.571722
13.262494+0.000000j,-1.195423+1.580936j,-1.358992-1.602405j,9.576390
13.281946+0.000000j,-1.196260+1.580923j,-1.359670-1.602373j,9.581058
13.301426+0.000000j,-1.197098+1.580911j,-1.360348-1.602340j,9.585726
13.320935+0.000000j,-1.197935+1.580898j,-1.361026-1.602308j,9.590394
13.340472+0.000000j,-1.198772+1.580885j,-1.361704-1.602276j,9.595062
13.360038+0.000000j,-1.199609+1.580872j,-1.362382-1.602244j,9.599730
13.379633+0.000000j,-1.200446+1.580860j,-1.363061-1.602212j,9.604398
13.399257+0.000000j,-1.201282+1.580847j,-1.363739-1.602180j,9.609065
13.418909+0.000000j,-1.202119+1.580835j,-1.364417-1.602148j,9.613733
13.438590+0.000000j,-1.202955+1.580822j,-1.365096-1.602116j,9.618401
13.458300+0.000000j,-1.203791+1.580810j,-1.365774-1.602085j,9.623068
13.478039+0.000000j,-1.204627+1.580797j,-1.366453-1.602053j,9.627735
13.497807+0.000000j,-1.205463+1.580785j,-1.367131-1.602021j,9.632403
13.517604+0.000000j,-1.206299+1.580772j,-1.367810-1.601989j,9.637070
13.537430+0.000000j,-1.207135+1.580760j,-1.368488-1.601957j,9.641737
13.557285+0.000000j,-1.207970+1.580748j,-1.369167-1.601926j,9.646404
13.577169+0.000000j,-1.208805+1.580736j,-1.369846-1.601894j,9.651071
13.597082+0.000000j,-1.209641+1.580724j,-1.370525-1.601862j,9.655738
13.617024+0.000000j,-1.210476+1.580711j,-1.371204-1.601831j,9.660405
13.636996+0.000000j,-1.211310+1.580699j,-1.371883-1.601799j,9.665072
13.656997+0.000000j,-1.212145+1.580687j,-1.372562-1.601768j,9.669738
13.677027+0.000000j,-1.212980+1.580675j,-1.373241-1.601736j,9.674405
13.697087+0.000000j,-1.213814+1.580663j,-1.373920-1.601705j,9.679072
13.717176+0.000000j,-1.214649+1.580651j,-1.374599-1.601673j,9.683738
13.737295+0.000000j,-1.215483+1.580640j,-1.375279-1.601642j,9.688404
13.757443+0.000000j,-1.216317+1.580628j,-1.375958-1.601610j,9.693071
13.777621+0.000000j,-1.217151+1.580616j,-1.376637-1.601579j,9.697737
13.797828+0.000000j,-1.217985+1.580604j,-1.377317-1.601548j,9.702403
13.818065+0.000000j,-1.218818+1.580593j,-1.377996-1.601516j,9.707069
13.838331+0.000000j,-1.219652+1.580581j,-1.378676-1.601485j,9.711735
13.858628+0.000000j,-1.220485+1.580569j,-1.379355-1.601454j,9.716401
13.878954+0.000000j,-1.221318+1.580558j,-1.380035-1.601423j,9.721067
13.899310+0.000000j,-1.222151+1.580546j,-1.380715-1.601391j,9.725733
13.919695+0.000000j,-1.222984+1.580535j,-1.381395-1.601360j,9.730399
13.940111+0.000000j,-1.223817+1.580523j,-1.382074-1.601329j,9.735064
13.960556+0.000000j,-1.224650+1.580512j,-1.382754-1.601298j,9.739730
13.981032+0.000000j,-1.225482+1.580500j,-1.383434-1.601267j,9.744395
14.001538+0.000000j,-1.226314+1.580489j,-1.384114-1.601236j,9.749061
14.022073+0.000000j,-1.227147+1.580478j,-1.384794-1.601205j,9.753726
14.042639+0.000000j,-1.227979+1.580467j,-1.385475-1.601174j,9.758392
14.063235+0.000000j,-1.228811+1.580455j,-1.386155-1.601143j,9.763057
14.083861+0.000000j,-1.229643+1.580444j,-1.386835-1.601112j,9.767722
14.104517+0.000000j,-1.230474+1.580433j,-1.387515-1.601081j,9.772387
14.125204+0.000000j,-1.231306+1.580422j,-1.388196-1.601050j,9.777052
14.145921+0.000000j,-1.232137+1.580411j,-1.388876-1.601020j,9.781717
14.166669+0.000000j,-1.232968+1.580400j,-1.389556-1.600989j,9.786382
14.187446+0.000000j,-1.233800+1.580389j,-1.390237-1.600958j,9.791047
14.208255+0.000000j,-1.234631+1.580378j,-1.390918-1.600927j,9.795711
14.229094+0.000000j,-1.235461+1.580367j,-1.391598-1.600897j,9.800376
14.249963+0.000000j,-1.236292+1.580356j,-1.392279-1.600866j,9.805041
14.270863+0.000000j,-1.237123+1.580345j,-1.392960-1.600835j,9.809705
14.291794+0.000000j,-1.237953+1.580334j,-1.393640-1.600805j,9.814369
14.312755+0.000000j,-1.238784+1.580324j,-1.394321-1.600774j,9.819034
14.333747+0.000000j,-1.239614+1.580313j,-1.395002-1.600744j,9.823698
14.354770+0.000000j,-1.240444+1.580302j,-1.395683-1.600713j,9.828362
14.375824+0.000000j,-1.241274+1.580292j,-1.396364-1.600683j,9.833026
14.396908+0.000000j,-1.242104+1.580281j,-1.397045-1.600652j,9.837691
14.418024+0.000000j,-1.242933+1.580270j,-1.397726-1.600622j,9.842355
14.439170+0.000000j,-1.243763+1.580260j,-1.398407-1.600592j,9.847018
14.460348+0.000000j,-1.244592+1.580249j,-1.399089-1.600561j,9.851682
14.481557+0.000000j,-1.245421+1.580239j,-1.399770-1.600531j,9.856346
14.502796+0.000000j,-1.246251+1.580228j,-1.400451-1.600501j,9.861010
14.524067+0.000000j,-1.247080+1.580218j,-1.401133-1.600470j,9.865674
14.545369+0.000000j,-1.247908+1.580208j,-1.401814-1.600440j,9.870337
14.566702+0.000000j,-1.248737+1.580197j,-1.402496-1.600410j,9.875001
14.588067+0.000000j,-1.249566+1.580187j,-1.403177-1.600380j,9.879664
14.609463+0.000000j,-1.250394+1.580177j,-1.403859-1.600350j,9.884327
14.630890+0.000000j,-1.251223+1.580167j,-1.404540-1.600320j,9.888991
14.652349+0.000000j,-1.252051+1.580156j,-1.405222-1.600289j,9.893654
14.673839+0.000000j,-1.252879+1.580146j,-1.405904-1.600259j,9.898317
14.695361+0.000000j,-1.253707+1.580136j,-1.406586-1.600229j,9.902980
14.716914+0.000000j,-1.254535+1.580126j,-1.407268-1.600199j,9.907643
14.738499+0.000000j,-1.255362+1.580116j,-1.407950-1.600169j,9.912306
14.760115+0.000000j,-1.256190+1.580106j,-1.408632-1.600140j,9.916969
14.781764+0.000000j,-1.257017+1.580096j,-1.409314-1.600110j,9.921632
14.803444+0.000000j,-1.257845+1.580086j,-1.409996-1.600080j,9.926295
14.825155+0.000000j,-1.258672+1.580076j,-1.410678-1.600050j,9.930957
14.846899+0.000000j,-1.259499+1.580066j,-1.411360-1.600020j,9.935620
14.868675+0.000000j,-1.260326+1.580056j,-1.412042-1.599990j,9.940283
14.890482+0.000000j,-1.261152+1.580047j,-1.412725-1.599961j,9.944945
14.912321+0.000000j,-1.261979+1.580037j,-1.413407-1.599931j,9.949607
14.934193+0.000000j,-1.262806+1.580027j,-1.414089-1.599901j,9.954270
14.956096+0.000000j,-1.263632+1.580017j,-1.414772-1.599872j,9.958932
14.978032+0.000000j,-1.264458+1.580008j,-1.415454-1.599842j,9.963594
15.000000+0.000000j,-1.265284+1.579998j,-1.416137-1.599812j,9.968256
