0.800000+0.000000j,-0.704018+0.329701j,0.368589+0.024871j,0.000000
0.800086-0.001240j,-0.703718+0.329188j,0.368802+0.024512j,0.001731
0.800170-0.002479j,-0.703418+0.328676j,0.369015+0.024153j,0.003463
0.800252-0.003719j,-0.703117+0.328164j,0.369227+0.023794j,0.005194
0.800332-0.004960j,-0.702816+0.327653j,0.369440+0.023434j,0.006925
0.800410-0.006200j,-0.702514+0.327142j,0.369651+0.023074j,0.008656
0.800486-0.007441j,-0.702211+0.326631j,0.369863+0.022714j,0.010386
0.800560-0.008682j,-0.701907+0.326121j,0.370074+0.022353j,0.012116
0.800633-0.009924j,-0.701603+0.325612j,0.370285+0.021993j,0.013846
0.800703-0.011165j,-0.701298+0.325103j,0.370495+0.021632j,0.015576
0.800772-0.012407j,-0.700992+0.324594j,0.370705+0.021271j,0.017306
0.800839-0.013649j,-0.700686+0.324086j,0.370915+0.020910j,0.019036
0.800903-0.014891j,-0.700379+0.323578j,0.371124+0.020548j,0.020765
0.800966-0.016134j,-0.700071+0.323071j,0.371333+0.020186j,0.022494
0.801027-0.017377j,-0.699762+0.322564j,0.371542+0.019824j,0.024223
0.801086-0.018620j,-0.699453+0.322057j,0.371750+0.019462j,0.025951
0.801143-0.019863j,-0.699143+0.321551j,0.371958+0.019100j,0.027680
0.801198-0.021106j,-0.698833+0.321046j,0.372166+0.018737j,0.029408
0.801252-0.022350j,-0.698522+0.320541j,0.372373+0.018374j,0.031136
0.801303-0.023594j,-0.698210+0.320036j,0.372580+0.018011j,0.032864
0.801352-0.024838j,-0.697897+0.319532j,0.372786+0.017647j,0.034591
0.801400-0.026082j,-0.697584+0.319028j,0.372992+0.017284j,0.036319
0.801445-0.027327j,-0.697270+0.318525j,0.373198+0.016920j,0.038046
0.801489-0.028572j,-0.696955+0.318023j,0.373403+0.016556j,0.039773
0.801531-0.029817j,-0.696640+0.317520j,0.373608+0.016192j,0.041499
0.801570-0.031062j,-0.696324+0.317019j,0.373813+0.015827j,0.043226
0.801608-0.032307j,-0.696007+0.316517j,0.374017+0.015463j,0.044952
0.801644-0.033552j,-0.695690+0.316017j,0.374221+0.015098j,0.046678
0.801678-0.034798j,-0.695372+0.315516j,0.374425+0.014733j,0.048404
0.801710-0.036044j,-0.695053+0.315016j,0.374628+0.014368j,0.050130
0.801740-0.037290j,-0.694734+0.314517j,0.374831+0.014002j,0.051855
0.801769-0.038536j,-0.694414+0.314018j,0.375033+0.013636j,0.053580
0.801795-0.039783j,-0.694093+0.313520j,0.375236+0.013270j,0.055305
0.801819-0.041029j,-0.693771+0.313022j,0.375437+0.012904j,0.057029
0.801842-0.042276j,-0.693449+0.312525j,0.375639+0.012538j,0.058754
0.801862-0.043523j,-0.693127+0.312028j,0.375840+0.012171j,0.060478
0.801881-0.044770j,-0.692803+0.311531j,0.376040+0.011805j,0.062202
0.801897-0.046017j,-0.692479+0.311035j,0.376241+0.011438j,0.063926
0.801912-0.047265j,-0.692154+0.310540j,0.376440+0.011071j,0.065649
0.801925-0.048512j,-0.691829+0.310045j,0.376640+0.010703j,0.067372
0.801936-0.049760j,-0.691503+0.309551j,0.376839+0.010336j,0.069095
0.801945-0.051008j,-0.691176+0.309057j,0.377038+0.009968j,0.070818
0.801952-0.052256j,-0.690848+0.308563j,0.377236+0.009600j,0.072540
0.801957-0.053504j,-0.690520+0.308070j,0.377434+0.009232j,0.074262
0.801960-0.054753j,-0.690191+0.307578j,0.377632+0.008864j,0.075984
0.801961-0.056001j,-0.689862+0.307086j,0.377829+0.008495j,0.077706
0.801960-0.057250j,-0.689532+0.306594j,0.378026+0.008126j,0.079428
0.801957-0.058498j,-0.689201+0.306104j,0.378223+0.007757j,0.081149
0.801953-0.059747j,-0.688870+0.305613j,0.378419+0.007388j,0.082870
0.801946-0.060996j,-0.688538+0.305123j,0.378614+0.007019j,0.084590
0.801938-0.062245j,-0.688205+0.304634j,0.378810+0.006650j,0.086311
0.801927-0.063495j,-0.687871+0.304145j,0.379005+0.006280j,0.088031
0.801915-0.064744j,-0.687537+0.303657j,0.379200+0.005910j,0.089751
0.801901-0.065993j,-0.687203+0.303169j,0.379394+0.005540j,0.091471
0.801884-0.067243j,-0.686867+0.302682j,0.379588+0.005170j,0.093190
0.801866-0.068493j,-0.686531+0.302195j,0.379781+0.004799j,0.094909
0.801846-0.069742j,-0.686194+0.301708j,0.379974+0.004429j,0.096628
0.801824-0.070992j,-0.685857+0.301223j,0.380167+0.004058j,0.098347
0.801800-0.072242j,-0.685519+0.300738j,0.380359+0.003687j,0.100065
0.801774-0.073492j,-0.685181+0.300253j,0.380551+0.003316j,0.101783
0.801746-0.074742j,-0.684841+0.299769j,0.380743+0.002944j,0.103501
0.801716-0.075993j,-0.684501+0.299285j,0.380934+0.002573j,0.105219
0.801685-0.077243j,-0.684161+0.298802j,0.381125+0.002201j,0.106936
0.801651-0.078494j,-0.683820+0.298319j,0.381315+0.001829j,0.108653
0.801615-0.079744j,-0.683478+0.297837j,0.381505+0.001457j,0.110370
0.801578-0.080995j,-0.683135+0.297356j,0.381695+0.001085j,0.112086
0.801538-0.082245j,-0.682792+0.296875j,0.381884+0.000713j,0.113802
0.801497-0.083496j,-0.682448+0.296394j,0.382073+0.000340j,0.115518
0.801453-0.084747j,-0.682104+0.295914j,0.382262-0.000032j,0.117234
0.801408-0.085998j,-0.681759+0.295435j,0.382450-0.000405j,0.118949
0.801361-0.087249j,-0.681413+0.294956j,0.382637-0.000778j,0.120664
0.801311-0.088500j,-0.681067+0.294478j,0.382825-0.001152j,0.122379
0.801260-0.089751j,-0.680720+0.294000j,0.383012-0.001525j,0.124094
0.801207-0.091002j,-0.680372+0.293523j,0.383198-0.001899j,0.125808
0.801152-0.092253j,-0.680024+0.293047j,0.383384-0.002272j,0.127522
0.801095-0.093504j,-0.679675+0.292570j,0.383570-0.002646j,0.129235
0.801036-0.094756j,-0.679325+0.292095j,0.383755-0.003020j,0.130949
0.800975-0.096007j,-0.678975+0.291620j,0.383940-0.003394j,0.132662
0.800912-0.097258j,-0.678625+0.291146j,0.384125-0.003769j,0.134375
0.800848-0.098510j,-0.678273+0.290672j,0.384309-0.004143j,0.136087
0.800781-0.099761j,-0.677921+0.290198j,0.384493-0.004518j,0.137799
0.800712-0.101013j,-0.677568+0.289726j,0.384676-0.004893j,0.139511
0.800642-0.102264j,-0.677215+0.289253j,0.384859-0.005268j,0.141223
0.800569-0.103516j,-0.676861+0.288782j,0.385042-0.005643j,0.142934
0.800494-0.104767j,-0.676507+0.288311j,0.385224-0.006018j,0.144645
0.800418-0.106019j,-0.676152+0.287840j,0.385406-0.006394j,0.146356
0.800340-0.107270j,-0.675796+0.287370j,0.385587-0.006769j,0.148066
0.800259-0.108522j,-0.675440+0.286901j,0.385768-0.007145j,0.149777
0.800177-0.109773j,-0.675083+0.286432j,0.385949-0.007521j,0.151486
0.800093-0.111025j,-0.674725+0.285964j,0.386129-0.007897j,0.153196
0.800006-0.112277j,-0.674367+0.285496j,0.386309-0.008273j,0.154905
0.799918-0.113528j,-0.674008+0.285029j,0.386488-0.008649j,0.156614
0.799828-0.114780j,-0.673648+0.284563j,0.386667-0.009026j,0.158323
0.799736-0.116031j,-0.673288+0.284097j,0.386846-0.009402j,0.160031
0.799642-0.117283j,-0.672928+0.283631j,0.387024-0.009779j,0.161739
0.799546-0.118535j,-0.672566+0.283167j,0.387202-0.010156j,0.163447
0.799448-0.119786j,-0.672204+0.282702j,0.387379-0.010533j,0.165154
0.799348-0.121038j,-0.671842+0.282239j,0.387556-0.010910j,0.166861
0.799247-0.122289j,-0.671479+0.281776j,0.387733-0.011287j,0.168568
0.799143-0.123541j,-0.671115+0.281313j,0.387909-0.011665j,0.170274
0.799037-0.124792j,-0.670751+0.280852j,0.388085-0.012042j,0.171980
0.798929-0.126044j,-0.670386+0.280390j,0.388260-0.012420j,0.173686
0.798820-0.127295j,-0.670020+0.279930j,0.388435-0.012798j,0.175391
0.798708-0.128546j,-0.669654+0.279470j,0.388610-0.013176j,0.177097
0.798595-0.129798j,-0.669288+0.279010j,0.388784-0.013554j,0.178801
0.798479-0.131049j,-0.668920+0.278551j,0.388957-0.013932j,0.180506
0.798362-0.132300j,-0.668552+0.278093j,0.389131-0.014310j,0.182210
0.798242-0.133551j,-0.668184+0.277635j,0.389304-0.014689j,0.183914
0.798121-0.134803j,-0.667815+0.277178j,0.389476-0.015067j,0.185617
0.797998-0.136054j,-0.667445+0.276722j,0.389648-0.015446j,0.187321
0.797873-0.137305j,-0.667075+0.276266j,0.389820-0.015825j,0.189023
0.797746-0.138556j,-0.666704+0.275810j,0.389991-0.016204j,0.190726
0.797616-0.139807j,-0.666332+0.275356j,0.390162-0.016583j,0.192428
0.797485-0.141057j,-0.665960+0.274902j,0.390332-0.016962j,0.194130
0.797352-0.142308j,-0.665588+0.274448j,0.390502-0.017342j,0.195831
0.797217-0.143559j,-0.665214+0.273995j,0.390672-0.017721j,0.197533
0.797080-0.144810j,-0.664841+0.273543j,0.390841-0.018100j,0.199234
0.796942-0.146060j,-0.664466+0.273091j,0.391010-0.018480j,0.200934
0.796801-0.147311j,-0.664091+0.272640j,0.391178-0.018860j,0.202634
0.796658-0.148561j,-0.663716+0.272190j,0.391346-0.019240j,0.204334
0.796513-0.149811j,-0.663340+0.271740j,0.391514-0.019620j,0.206034
0.796366-0.151061j,-0.662963+0.271291j,0.391681-0.020000j,0.207733
0.796218-0.152312j,-0.662586+0.270842j,0.391848-0.020380j,0.209432
0.796067-0.153562j,-0.662208+0.270395j,0.392014-0.020760j,0.211130
0.795915-0.154812j,-0.661829+0.269947j,0.392180-0.021141j,0.212828
0.795760-0.156061j,-0.661450+0.269501j,0.392345-0.021521j,0.214526
0.795604-0.157311j,-0.661071+0.269054j,0.392510-0.021902j,0.216223
0.795445-0.158561j,-0.660691+0.268609j,0.392675-0.022283j,0.217920
0.795285-0.159810j,-0.660310+0.268164j,0.392839-0.022663j,0.219617
0.795123-0.161060j,-0.659929+0.267720j,0.393003-0.023044j,0.221314
0.794958-0.162309j,-0.659547+0.267277j,0.393166-0.023425j,0.223010
0.794792-0.163558j,-0.659164+0.266834j,0.393329-0.023806j,0.224705
0.794624-0.164807j,-0.658781+0.266391j,0.393491-0.024188j,0.226401
0.794454-0.166056j,-0.658398+0.265950j,0.393653-0.024569j,0.228095
0.794282-0.167305j,-0.658014+0.265509j,0.393815-0.024950j,0.229790
0.794108-0.168553j,-0.657629+0.265068j,0.393976-0.025332j,0.231484
0.793932-0.169802j,-0.657244+0.264629j,0.394137-0.025713j,0.233178
0.793754-0.171050j,-0.656858+0.264189j,0.394297-0.026095j,0.234872
0.793574-0.172298j,-0.656472+0.263751j,0.394457-0.026477j,0.236565
0.793392-0.173546j,-0.656085+0.263313j,0.394617-0.026859j,0.238258
0.793208-0.174794j,-0.655698+0.262876j,0.394776-0.027241j,0.239950
0.793022-0.176042j,-0.655310+0.262440j,0.394934-0.027623j,0.241642
0.792835-0.177290j,-0.654921+0.262004j,0.395093-0.028005j,0.243334
0.792645-0.178537j,-0.654532+0.261568j,0.395250-0.028387j,0.245025
0.792453-0.179784j,-0.654142+0.261134j,0.395408-0.028769j,0.246716
0.792260-0.181032j,-0.653752+0.260700j,0.395565-0.029152j,0.248407
0.792064-0.182279j,-0.653362+0.260267j,0.395721-0.029534j,0.250097
0.791867-0.183525j,-0.652970+0.259834j,0.395877-0.029916j,0.251787
0.791667-0.184772j,-0.652579+0.259402j,0.396033-0.030299j,0.253476
0.791466-0.186018j,-0.652186+0.258971j,0.396188-0.030682j,0.255165
0.791263-0.187265j,-0.651793+0.258540j,0.396343-0.031064j,0.256854
0.791057-0.188511j,-0.651400+0.258110j,0.396497-0.031447j,0.258542
0.790850-0.189757j,-0.651006+0.257681j,0.396651-0.031830j,0.260230
0.790641-0.191002j,-0.650612+0.257252j,0.396804-0.032213j,0.261918
0.790430-0.192248j,-0.650217+0.256824j,0.396957-0.032596j,0.263605
0.790217-0.193493j,-0.649821+0.256397j,0.397110-0.032979j,0.265292
0.790002-0.194738j,-0.649425+0.255970j,0.397262-0.033362j,0.266978
0.789785-0.195983j,-0.649029+0.255544j,0.397414-0.033745j,0.268664
0.789566-0.197228j,-0.648631+0.255119j,0.397565-0.034129j,0.270350
0.789345-0.198473j,-0.648234+0.254695j,0.397716-0.034512j,0.272035
0.789122-0.199717j,-0.647836+0.254271j,0.397866-0.034895j,0.273720
0.788897-0.200961j,-0.647437+0.253847j,0.398016-0.035279j,0.275405
0.788670-0.202205j,-0.647038+0.253425j,0.398165-0.035662j,0.277089
0.788442-0.203449j,-0.646638+0.253003j,0.398314-0.036046j,0.278773
0.788211-0.204692j,-0.646238+0.252582j,0.398463-0.036430j,0.280456
0.787978-0.205935j,-0.645837+0.252161j,0.398611-0.036813j,0.282139
0.787744-0.207178j,-0.645436+0.251741j,0.398759-0.037197j,0.283821
0.787507-0.208421j,-0.645034+0.251322j,0.398906-0.037581j,0.285504
0.787269-0.209664j,-0.644632+0.250903j,0.399053-0.037965j,0.287185
0.787029-0.210906j,-0.644229+0.250486j,0.399199-0.038349j,0.288867
0.786786-0.212148j,-0.643826+0.250068j,0.399345-0.038733j,0.290548
0.786542-0.213390j,-0.643422+0.249652j,0.399491-0.039117j,0.292228
0.786296-0.214631j,-0.643018+0.249236j,0.399636-0.039501j,0.293908
0.786047-0.215873j,-0.642613+0.248821j,0.399781-0.039885j,0.295588
0.785797-0.217114j,-0.642208+0.248407j,0.399925-0.040269j,0.297267
0.785545-0.218355j,-0.641802+0.247993j,0.400068-0.040653j,0.298946
0.785291-0.219595j,-0.641396+0.247580j,0.400212-0.041037j,0.300625
0.785035-0.220836j,-0.640989+0.247168j,0.400354-0.041421j,0.302303
0.784777-0.222076j,-0.640582+0.246756j,0.400497-0.041806j,0.303981
0.784517-0.223315j,-0.640174+0.246345j,0.400639-0.042190j,0.305658
0.784255-0.224555j,-0.639766+0.245935j,0.400780-0.042574j,0.307335
0.783991-0.225794j,-0.639357+0.245526j,0.400921-0.042959j,0.309011
0.783726-0.227033j,-0.638948+0.245117j,0.401062-0.043343j,0.310688
0.783458-0.228272j,-0.638538+0.244709j,0.401202-0.043728j,0.312363
0.783188-0.229510j,-0.638128+0.244301j,0.401341-0.044112j,0.314038
0.782917-0.230748j,-0.637717+0.243895j,0.401481-0.044497j,0.315713
0.782643-0.231986j,-0.637306+0.243489j,0.401619-0.044881j,0.317388
0.782368-0.233224j,-0.636894+0.243083j,0.401758-0.045266j,0.319062
0.782090-0.234461j,-0.636482+0.242679j,0.401895-0.045650j,0.320735
0.781811-0.235698j,-0.636069+0.242275j,0.402033-0.046035j,0.322408
0.781529-0.236935j,-0.635656+0.241872j,0.402170-0.046420j,0.324081
0.781246-0.238171j,-0.635243+0.241469j,0.402306-0.046804j,0.325754
0.780961-0.239407j,-0.634829+0.241068j,0.402442-0.047189j,0.327425
0.780674-0.240643j,-0.634414+0.240667j,0.402578-0.047574j,0.329097
0.780385-0.241878j,-0.633999+0.240266j,0.402713-0.047959j,0.330768
0.780093-0.243113j,-0.633584+0.239867j,0.402847-0.048343j,0.332439
0.779800-0.244348j,-0.633168+0.239468j,0.402982-0.048728j,0.334109
0.779505-0.245582j,-0.632752+0.239070j,0.403115-0.049113j,0.335779
0.779209-0.246816j,-0.632335+0.238673j,0.403249-0.049498j,0.337448
0.778910-0.248050j,-0.631918+0.238276j,0.403381-0.049882j,0.339117
0.778609-0.249284j,-0.631500+0.237880j,0.403514-0.050267j,0.340785
0.778306-0.250517j,-0.631082+0.237485j,0.403645-0.050652j,0.342453
0.778001-0.251750j,-0.630663+0.237090j,0.403777-0.051037j,0.344121
0.777695-0.252982j,-0.630244+0.236697j,0.403908-0.051422j,0.345788
0.777386-0.254214j,-0.629824+0.236304j,0.404038-0.051807j,0.347455
0.777076-0.255446j,-0.629404+0.235911j,0.404168-0.052192j,0.349121
0.776763-0.256677j,-0.628984+0.235520j,0.404298-0.052576j,0.350787
0.776449-0.257909j,-0.628563+0.235129j,0.404427-0.052961j,0.352452
0.776133-0.259139j,-0.628142+0.234739j,0.404555-0.053346j,0.354117
0.775814-0.260370j,-0.627720+0.234349j,0.404683-0.053731j,0.355782
0.775494-0.261600j,-0.627298+0.233961j,0.404811-0.054116j,0.357446
0.775172-0.262829j,-0.626875+0.233573j,0.404938-0.054501j,0.359110
0.774848-0.264059j,-0.626452+0.233186j,0.405065-0.054886j,0.360773
0.774522-0.265287j,-0.626029+0.232799j,0.405191-0.055270j,0.362436
0.774194-0.266516j,-0.625605+0.232414j,0.405317-0.055655j,0.364098
0.773864-0.267744j,-0.625180+0.232029j,0.405442-0.056040j,0.365760
0.773532-0.268972j,-0.624756+0.231645j,0.405567-0.056425j,0.367421
0.773198-0.270199j,-0.624330+0.231261j,0.405691-0.056810j,0.369082
0.772863-0.271426j,-0.623905+0.230879j,0.405815-0.057194j,0.370743
0.772525-0.272653j,-0.623479+0.230497j,0.405939-0.057579j,0.372403
0.772185-0.273879j,-0.623052+0.230116j,0.406062-0.057964j,0.374062
0.771844-0.275105j,-0.622625+0.229735j,0.406184-0.058349j,0.375722
0.771500-0.276330j,-0.622198+0.229355j,0.406306-0.058733j,0.377380
0.771155-0.277555j,-0.621770+0.228977j,0.406428-0.059118j,0.379039
0.770808-0.278780j,-0.621342+0.228598j,0.406549-0.059503j,0.380696
0.770458-0.280004j,-0.620913+0.228221j,0.406669-0.059887j,0.382354
0.770107-0.281228j,-0.620484+0.227844j,0.406789-0.060272j,0.384011
0.769754-0.282451j,-0.620055+0.227468j,0.406909-0.060657j,0.385667
0.769399-0.283674j,-0.619625+0.227093j,0.407028-0.061041j,0.387323
0.769042-0.284897j,-0.619195+0.226719j,0.407147-0.061426j,0.388979
0.768683-0.286119j,-0.618764+0.226345j,0.407265-0.061810j,0.390634
0.768322-0.287341j,-0.618333+0.225972j,0.407382-0.062195j,0.392288
0.767959-0.288562j,-0.617902+0.225600j,0.407500-0.062579j,0.393942
0.767594-0.289783j,-0.617470+0.225229j,0.407616-0.062964j,0.395596
0.767228-0.291003j,-0.617038+0.224858j,0.407733-0.063348j,0.397249
0.766859-0.292223j,-0.616605+0.224489j,0.407848-0.063733j,0.398902
0.766489-0.293443j,-0.616172+0.224120j,0.407964-0.064117j,0.400554
0.766116-0.294662j,-0.615739+0.223751j,0.408078-0.064501j,0.402206
0.765742-0.295881j,-0.615305+0.223384j,0.408193-0.064886j,0.403857
0.765366-0.297099j,-0.614871+0.223017j,0.408307-0.065270j,0.405508
0.764987-0.298317j,-0.614437+0.222651j,0.408420-0.065654j,0.407158
0.764607-0.299534j,-0.614002+0.222286j,0.408533-0.066038j,0.408808
0.764225-0.300751j,-0.613566+0.221922j,0.408645-0.066422j,0.410458
0.763841-0.301967j,-0.613131+0.221558j,0.408757-0.066806j,0.412107
0.763455-0.303183j,-0.612695+0.221195j,0.408868-0.067190j,0.413755
0.763067-0.304398j,-0.612258+0.220833j,0.408979-0.067574j,0.415403
0.762677-0.305613j,-0.611821+0.220472j,0.409089-0.067958j,0.417051
0.762286-0.306828j,-0.611384+0.220111j,0.409199-0.068342j,0.418698
0.761892-0.308042j,-0.610947+0.219751j,0.409309-0.068726j,0.420344
0.761496-0.309255j,-0.610509+0.219392j,0.409418-0.069109j,0.421990
0.761099-0.310468j,-0.610071+0.219034j,0.409526-0.069493j,0.423636
0.760699-0.311681j,-0.609632+0.218677j,0.409634-0.069877j,0.425281
0.760298-0.312893j,-0.609193+0.218320j,0.409742-0.070260j,0.426925
0.759895-0.314105j,-0.608754+0.217964j,0.409848-0.070644j,0.428570
0.759490-0.315316j,-0.608314+0.217609j,0.409955-0.071027j,0.430213
0.759083-0.316526j,-0.607874+0.217255j,0.410061-0.071411j,0.431856
0.758674-0.317736j,-0.607434+0.216902j,0.410166-0.071794j,0.433499
0.758263-0.318946j,-0.606993+0.216549j,0.410271-0.072177j,0.435141
0.757850-0.320155j,-0.606552+0.216197j,0.410376-0.072561j,0.436783
0.757435-0.321364j,-0.606110+0.215846j,0.410480-0.072944j,0.438424
0.757018-0.322572j,-0.605668+0.215496j,0.410583-0.073327j,0.440065
0.756600-0.323779j,-0.605226+0.215146j,0.410686-0.073710j,0.441705
0.756179-0.324986j,-0.604784+0.214797j,0.410789-0.074093j,0.443345
0.755757-0.326193j,-0.604341+0.214449j,0.410891-0.074476j,0.444984
0.755332-0.327399j,-0.603898+0.214102j,0.410992-0.074858j,0.446623
0.754906-0.328604j,-0.603454+0.213756j,0.411093-0.075241j,0.448261
0.754478-0.329809j,-0.603011+0.213410j,0.411193-0.075624j,0.449899
0.754048-0.331014j,-0.602566+0.213065j,0.411293-0.076006j,0.451536
0.753616-0.332217j,-0.602122+0.212721j,0.411393-0.076389j,0.453173
0.753182-0.333421j,-0.601677+0.212378j,0.411492-0.076771j,0.454809
0.752746-0.334624j,-0.601232+0.212036j,0.411590-0.077153j,0.456445
0.752308-0.335826j,-0.600787+0.211694j,0.411688-0.077536j,0.458080
0.751869-0.337027j,-0.600341+0.211353j,0.411786-0.077918j,0.459715
0.751427-0.338229j,-0.599895+0.211013j,0.411883-0.078300j,0.461349
0.750984-0.339429j,-0.599448+0.210674j,0.411979-0.078682j,0.462983
0.750538-0.340629j,-0.599002+0.210336j,0.412075-0.079064j,0.464616
0.750091-0.341829j,-0.598555+0.209998j,0.412170-0.079445j,0.466249
0.749642-0.343027j,-0.598107+0.209662j,0.412265-0.079827j,0.467881
0.749191-0.344226j,-0.597660+0.209326j,0.412360-0.080209j,0.469513
0.748738-0.345424j,-0.597212+0.208990j,0.412453-0.080590j,0.471144
0.748283-0.346621j,-0.596764+0.208656j,0.412547-0.080972j,0.472774
0.747826-0.347817j,-0.596315+0.208323j,0.412640-0.081353j,0.474405
0.747367-0.349013j,-0.595866+0.207990j,0.412732-0.081734j,0.476034
0.746907-0.350209j,-0.595417+0.207658j,0.412824-0.082115j,0.477663
0.746444-0.351404j,-0.594968+0.207327j,0.412915-0.082496j,0.479292
0.745980-0.352598j,-0.594518+0.206996j,0.413006-0.082877j,0.480920
0.745513-0.353791j,-0.594068+0.206667j,0.413096-0.083258j,0.482548
0.745045-0.354985j,-0.593618+0.206338j,0.413186-0.083639j,0.484175
0.744575-0.356177j,-0.593167+0.206010j,0.413275-0.084019j,0.485802
0.744103-0.357369j,-0.592716+0.205683j,0.413364-0.084400j,0.487428
0.743629-0.358560j,-0.592265+0.205357j,0.413452-0.084780j,0.489053
0.743153-0.359751j,-0.591814+0.205032j,0.413540-0.085160j,0.490678
0.742676-0.360941j,-0.591362+0.204707j,0.413627-0.085541j,0.492303
0.742196-0.362130j,-0.590910+0.204383j,0.413714-0.085921j,0.493927
0.741715-0.363319j,-0.590458+0.204060j,0.413800-0.086301j,0.495550
0.741231-0.364507j,-0.590005+0.203738j,0.413885-0.086680j,0.497173
0.740746-0.365695j,-0.589553+0.203417j,0.413970-0.087060j,0.498795
0.740259-0.366882j,-0.589100+0.203096j,0.414055-0.087440j,0.500417
0.739770-0.368068j,-0.588646+0.202776j,0.414139-0.087819j,0.502039
0.739279-0.369254j,-0.588193+0.202458j,0.414223-0.088198j,0.503660
0.738786-0.370439j,-0.587739+0.202139j,0.414306-0.088578j,0.505280
0.738291-0.371623j,-0.587285+0.201822j,0.414388-0.088957j,0.506900
0.737795-0.372807j,-0.586830+0.201506j,0.414470-0.089336j,0.508519
0.737296-0.373990j,-0.586376+0.201190j,0.414552-0.089715j,0.510138
0.736796-0.375173j,-0.585921+0.200875j,0.414632-0.090093j,0.511756
0.736293-0.376355j,-0.585466+0.200561j,0.414713-0.090472j,0.513374
0.735789-0.377536j,-0.585011+0.200248j,0.414793-0.090850j,0.514991
0.735283-0.378716j,-0.584555+0.199936j,0.414872-0.091229j,0.516607
0.734775-0.379896j,-0.584099+0.199624j,0.414951-0.091607j,0.518223
0.734265-0.381076j,-0.583643+0.199314j,0.415029-0.091985j,0.519839
0.733754-0.382254j,-0.583187+0.199004j,0.415107-0.092363j,0.521454
0.733240-0.383432j,-0.582730+0.198695j,0.415184-0.092740j,0.523068
0.732725-0.384609j,-0.582273+0.198387j,0.415261-0.093118j,0.524682
0.732207-0.385786j,-0.581816+0.198079j,0.415337-0.093496j,0.526296
0.731688-0.386962j,-0.581359+0.197773j,0.415412-0.093873j,0.527909
0.731167-0.388137j,-0.580902+0.197467j,0.415487-0.094250j,0.529521
0.730644-0.389311j,-0.580444+0.197162j,0.415562-0.094627j,0.531133
0.730119-0.390485j,-0.579986+0.196858j,0.415636-0.095004j,0.532744
0.729592-0.391658j,-0.579528+0.196555j,0.415709-0.095381j,0.534355
0.729064-0.392831j,-0.579070+0.196252j,0.415782-0.095758j,0.535965
0.728533-0.394003j,-0.578611+0.195951j,0.415855-0.096134j,0.537574
0.728001-0.395174j,-0.578152+0.195650j,0.415927-0.096510j,0.539183
0.727467-0.396344j,-0.577694+0.195350j,0.415998-0.096886j,0.540792
0.726931-0.397514j,-0.577234+0.195051j,0.416069-0.097262j,0.542400
0.726393-0.398683j,-0.576775+0.194753j,0.416139-0.097638j,0.544007
0.725853-0.399851j,-0.576315+0.194456j,0.416209-0.098014j,0.545614
0.725311-0.401019j,-0.575856+0.194159j,0.416278-0.098390j,0.547221
0.724768-0.402185j,-0.575396+0.193863j,0.416346-0.098765j,0.548826
0.724222-0.403352j,-0.574935+0.193568j,0.416414-0.099140j,0.550432
0.723675-0.404517j,-0.574475+0.193274j,0.416482-0.099515j,0.552036
0.723126-0.405682j,-0.574014+0.192981j,0.416549-0.099890j,0.553640
0.722575-0.406846j,-0.573554+0.192689j,0.416615-0.100265j,0.555244
0.722022-0.408009j,-0.573093+0.192397j,0.416681-0.100639j,0.556847
0.721467-0.409171j,-0.572632+0.192106j,0.416746-0.101014j,0.558450
0.720911-0.410333j,-0.572170+0.191816j,0.416811-0.101388j,0.560052
0.720352-0.411494j,-0.571709+0.191527j,0.416876-0.101762j,0.561653
0.719792-0.412654j,-0.571247+0.191239j,0.416939-0.102136j,0.563254
0.719230-0.413814j,-0.570785+0.190952j,0.417002-0.102510j,0.564854
0.718666-0.414973j,-0.570323+0.190665j,0.417065-0.102883j,0.566454
0.718100-0.416131j,-0.569861+0.190379j,0.417127-0.103256j,0.568053
0.717532-0.417288j,-0.569399+0.190094j,0.417189-0.103630j,0.569652
0.716962-0.418444j,-0.568936+0.189810j,0.417250-0.104003j,0.571250
0.716391-0.419600j,-0.568473+0.189527j,0.417310-0.104375j,0.572847
0.715818-0.420755j,-0.568010+0.189245j,0.417370-0.104748j,0.574444
0.715243-0.421909j,-0.567547+0.188963j,0.417429-0.105120j,0.576040
0.714666-0.423063j,-0.567084+0.188683j,0.417488-0.105493j,0.577636
0.714087-0.424216j,-0.566621+0.188403j,0.417546-0.105865j,0.579231
0.713506-0.425368j,-0.566157+0.188124j,0.417604-0.106237j,0.580826
0.712923-0.426519j,-0.565694+0.187846j,0.417661-0.106608j,0.582420
0.712339-0.427669j,-0.565230+0.187568j,0.417717-0.106980j,0.584014
0.711753-0.428819j,-0.564766+0.187292j,0.417773-0.107351j,0.585607
0.711165-0.429967j,-0.564302+0.187016j,0.417829-0.107722j,0.587199
0.710575-0.431115j,-0.563838+0.186741j,0.417883-0.108093j,0.588791
0.709983-0.432263j,-0.563373+0.186467j,0.417938-0.108464j,0.590382
0.709389-0.433409j,-0.562909+0.186194j,0.417991-0.108834j,0.591973
0.708794-0.434555j,-0.562444+0.185922j,0.418045-0.109205j,0.593563
0.708197-0.435700j,-0.561979+0.185650j,0.418097-0.109575j,0.595153
0.707597-0.436844j,-0.561514+0.185380j,0.418149-0.109945j,0.596742
0.706997-0.437987j,-0.561049+0.185110j,0.418201-0.110315j,0.598330
0.706394-0.439129j,-0.560584+0.184841j,0.418252-0.110684j,0.599918
0.705789-0.440271j,-0.560119+0.184573j,0.418302-0.111053j,0.601505
0.705183-0.441412j,-0.559654+0.184306j,0.418352-0.111422j,0.603092
0.704574-0.442552j,-0.559188+0.184039j,0.418401-0.111791j,0.604678
0.703964-0.443691j,-0.558722+0.183774j,0.418450-0.112160j,0.606264
0.703352-0.444829j,-0.558257+0.183509j,0.418498-0.112529j,0.607849
0.702738-0.445967j,-0.557791+0.183245j,0.418545-0.112897j,0.609433
0.702123-0.447103j,-0.557325+0.182982j,0.418592-0.113265j,0.611017
0.701505-0.448239j,-0.556859+0.182720j,0.418638-0.113633j,0.612600
0.700886-0.449374j,-0.556393+0.182458j,0.418684-0.114000j,0.614183
0.700265-0.450508j,-0.555926+0.182198j,0.418730-0.114368j,0.615765
0.699642-0.451642j,-0.555460+0.181938j,0.418774-0.114735j,0.617347
0.699017-0.452774j,-0.554993+0.181679j,0.418818-0.115102j,0.618928
0.698391-0.453906j,-0.554527+0.181421j,0.418862-0.115468j,0.620508
0.697762-0.455037j,-0.554060+0.181164j,0.418905-0.115835j,0.622088
0.697132-0.456167j,-0.553593+0.180908j,0.418947-0.116201j,0.623667
0.696500-0.457296j,-0.553126+0.180652j,0.418989-0.116567j,0.625246
0.695866-0.458424j,-0.552659+0.180397j,0.419030-0.116933j,0.626824
0.695231-0.459551j,-0.552192+0.180144j,0.419071-0.117299j,0.628401
0.694593-0.460678j,-0.551725+0.179891j,0.419111-0.117664j,0.629978
0.693954-0.461803j,-0.551258+0.179638j,0.419150-0.118029j,0.631555
0.693313-0.462928j,-0.550791+0.179387j,0.419189-0.118394j,0.633130
0.692670-0.464052j,-0.550323+0.179137j,0.419228-0.118759j,0.634706
0.692025-0.465175j,-0.549856+0.178887j,0.419265-0.119123j,0.636280
0.691379-0.466297j,-0.549388+0.178638j,0.419303-0.119487j,0.637854
0.690730-0.467418j,-0.548921+0.178390j,0.419339-0.119851j,0.639428
0.690080-0.468539j,-0.548453+0.178143j,0.419375-0.120215j,0.641000
0.689428-0.469658j,-0.547985+0.177897j,0.419411-0.120578j,0.642573
0.688774-0.470777j,-0.547518+0.177651j,0.419445-0.120942j,0.644144
0.688119-0.471895j,-0.547050+0.177407j,0.419480-0.121305j,0.645715
0.687461-0.473011j,-0.546582+0.177163j,0.419513-0.121667j,0.647286
0.686802-0.474127j,-0.546114+0.176920j,0.419546-0.122030j,0.648856
0.686141-0.475242j,-0.545646+0.176678j,0.419579-0.122392j,0.650425
0.685479-0.476356j,-0.545178+0.176437j,0.419611-0.122754j,0.651994
0.684814-0.477470j,-0.544710+0.176196j,0.419642-0.123116j,0.653562
0.684148-0.478582j,-0.544242+0.175957j,0.419673-0.123477j,0.655129
0.683479-0.479693j,-0.543774+0.175718j,0.419703-0.123838j,0.656696
0.682810-0.480804j,-0.543305+0.175480j,0.419733-0.124199j,0.658262
0.682138-0.481913j,-0.542837+0.175243j,0.419762-0.124560j,0.659828
0.681464-0.483022j,-0.542369+0.175007j,0.419790-0.124921j,0.661393
0.680789-0.484130j,-0.541900+0.174772j,0.419818-0.125281j,0.662958
0.680112-0.485236j,-0.541432+0.174537j,0.419845-0.125641j,0.664522
0.679433-0.486342j,-0.540964+0.174303j,0.419872-0.126000j,0.666085
0.678752-0.487447j,-0.540495+0.174070j,0.419898-0.126360j,0.667648
0.678070-0.488551j,-0.540027+0.173838j,0.419923-0.126719j,0.669210
0.677386-0.489654j,-0.539558+0.173607j,0.419948-0.127078j,0.670771
0.676699-0.490756j,-0.539090+0.173377j,0.419972-0.127436j,0.672332
0.676012-0.491857j,-0.538621+0.173147j,0.419996-0.127795j,0.673893
0.675322-0.492958j,-0.538153+0.172918j,0.420019-0.128153j,0.675452
0.674631-0.494057j,-0.537684+0.172691j,0.420041-0.128510j,0.677012
0.673938-0.495155j,-0.537216+0.172464j,0.420063-0.128868j,0.678570
0.673243-0.496252j,-0.536747+0.172237j,0.420084-0.129225j,0.680128
0.672546-0.497349j,-0.536278+0.172012j,0.420105-0.129582j,0.681685
0.671847-0.498444j,-0.535810+0.171787j,0.420125-0.129939j,0.683242
0.671147-0.499539j,-0.535341+0.171564j,0.420144-0.130295j,0.684798
0.670445-0.500632j,-0.534873+0.171341j,0.420163-0.130651j,0.686354
0.669741-0.501725j,-0.534404+0.171119j,0.420181-0.131007j,0.687909
0.669036-0.502816j,-0.533936+0.170897j,0.420199-0.131362j,0.689463
0.668329-0.503907j,-0.533467+0.170677j,0.420216-0.131718j,0.691017
0.667619-0.504996j,-0.532998+0.170457j,0.420232-0.132073j,0.692570
0.666909-0.506085j,-0.532530+0.170239j,0.420248-0.132427j,0.694122
0.666196-0.507172j,-0.532061+0.170021j,0.420263-0.132782j,0.695674
0.665482-0.508259j,-0.531593+0.169804j,0.420278-0.133136j,0.697225
0.664765-0.509345j,-0.531124+0.169587j,0.420292-0.133490j,0.698776
0.664048-0.510429j,-0.530656+0.169372j,0.420305-0.133843j,0.700326
0.663328-0.511513j,-0.530187+0.169157j,0.420318-0.134196j,0.701876
0.662607-0.512596j,-0.529719+0.168943j,0.420330-0.134549j,0.703425
0.661883-0.513677j,-0.529250+0.168730j,0.420342-0.134902j,0.704973
0.661158-0.514758j,-0.528782+0.168518j,0.420353-0.135254j,0.706520
0.660432-0.515838j,-0.528314+0.168307j,0.420363-0.135606j,0.708067
0.659703-0.516916j,-0.527845+0.168096j,0.420373-0.135958j,0.709614
0.658973-0.517994j,-0.527377+0.167887j,0.420382-0.136309j,0.711160
0.658241-0.519070j,-0.526909+0.167678j,0.420390-0.136660j,0.712705
0.657508-0.520146j,-0.526440+0.167470j,0.420398-0.137011j,0.714249
0.656772-0.521220j,-0.525972+0.167263j,0.420405-0.137361j,0.715793
0.656035-0.522294j,-0.525504+0.167056j,0.420412-0.137712j,0.717337
0.655296-0.523367j,-0.525036+0.166851j,0.420418-0.138061j,0.718879
0.654555-0.524438j,-0.524568+0.166646j,0.420423-0.138411j,0.720422
0.653813-0.525508j,-0.524100+0.166442j,0.420428-0.138760j,0.721963
0.653069-0.526578j,-0.523632+0.166239j,0.420432-0.139109j,0.723504
0.652323-0.527646j,-0.523164+0.166036j,0.420436-0.139458j,0.725044
0.651576-0.528714j,-0.522696+0.165835j,0.420439-0.139806j,0.726584
0.650826-0.529780j,-0.522228+0.165634j,0.420441-0.140154j,0.728123
0.650075-0.530845j,-0.521761+0.165434j,0.420443-0.140502j,0.729661
0.649322-0.531909j,-0.521293+0.165235j,0.420444-0.140849j,0.731199
0.648568-0.532972j,-0.520825+0.165037j,0.420444-0.141196j,0.732736
0.647812-0.534034j,-0.520358+0.164839j,0.420444-0.141542j,0.734273
0.647054-0.535095j,-0.519890+0.164643j,0.420443-0.141889j,0.735809
0.646294-0.536155j,-0.519423+0.164447j,0.420442-0.142235j,0.737344
0.645533-0.537214j,-0.518956+0.164252j,0.420439-0.142580j,0.738879
0.644769-0.538272j,-0.518488+0.164058j,0.420437-0.142926j,0.740413
0.644005-0.539329j,-0.518021+0.163864j,0.420433-0.143271j,0.741946
0.643238-0.540385j,-0.517554+0.163672j,0.420429-0.143615j,0.743479
0.642470-0.541439j,-0.517087+0.163480j,0.420425-0.143960j,0.745011
0.641700-0.542493j,-0.516620+0.163289j,0.420420-0.144304j,0.746543
0.640928-0.543545j,-0.516153+0.163099j,0.420414-0.144647j,0.748074
0.640154-0.544597j,-0.515687+0.162909j,0.420407-0.144991j,0.749604
0.639379-0.545647j,-0.515220+0.162721j,0.420400-0.145334j,0.751134
0.638602-0.546696j,-0.514753+0.162533j,0.420392-0.145676j,0.752663
0.637824-0.547744j,-0.514287+0.162346j,0.420384-0.146019j,0.754192
0.637044-0.548791j,-0.513820+0.162160j,0.420375-0.146361j,0.755719
0.636262-0.549837j,-0.513354+0.161975j,0.420365-0.146702j,0.757247
0.635478-0.550882j,-0.512888+0.161790j,0.420355-0.147043j,0.758773
0.634693-0.551926j,-0.512422+0.161606j,0.420344-0.147384j,0.760299
0.633905-0.552968j,-0.511956+0.161423j,0.420332-0.147725j,0.761825
0.633117-0.554010j,-0.511490+0.161241j,0.420320-0.148065j,0.763349
0.632326-0.555050j,-0.511024+0.161060j,0.420307-0.148405j,0.764873
0.631534-0.556089j,-0.510559+0.160879j,0.420294-0.148744j,0.766397
0.630740-0.557128j,-0.510093+0.160699j,0.420280-0.149084j,0.767920
0.629944-0.558165j,-0.509628+0.160520j,0.420265-0.149422j,0.769442
0.629147-0.559201j,-0.509162+0.160342j,0.420249-0.149761j,0.770963
0.628348-0.560235j,-0.508697+0.160165j,0.420233-0.150099j,0.772484
0.627548-0.561269j,-0.508232+0.159988j,0.420217-0.150436j,0.774005
0.626745-0.562302j,-0.507767+0.159812j,0.420199-0.150774j,0.775524
0.625941-0.563333j,-0.507302+0.159637j,0.420181-0.151111j,0.777043
0.625136-0.564363j,-0.506837+0.159463j,0.420163-0.151447j,0.778562
0.624328-0.565392j,-0.506373+0.159289j,0.420143-0.151784j,0.780080
0.623519-0.566420j,-0.505908+0.159117j,0.420123-0.152119j,0.781597
0.622708-0.567447j,-0.505444+0.158945j,0.420103-0.152455j,0.783113
0.621896-0.568473j,-0.504980+0.158774j,0.420082-0.152790j,0.784629
0.621082-0.569497j,-0.504516+0.158603j,0.420060-0.153125j,0.786144
0.620266-0.570521j,-0.504052+0.158434j,0.420037-0.153459j,0.787659
0.619449-0.571543j,-0.503588+0.158265j,0.420014-0.153793j,0.789173
0.618629-0.572564j,-0.503125+0.158097j,0.419990-0.154127j,0.790686
0.617809-0.573584j,-0.502661+0.157930j,0.419966-0.154460j,0.792199
0.616986-0.574603j,-0.502198+0.157763j,0.419940-0.154793j,0.793711
0.616162-0.575621j,-0.501735+0.157598j,0.419915-0.155125j,0.795223
0.615336-0.576637j,-0.501271+0.157433j,0.419888-0.155457j,0.796733
0.614509-0.577652j,-0.500809+0.157269j,0.419861-0.155789j,0.798244
0.613680-0.578666j,-0.500346+0.157105j,0.419833-0.156120j,0.799753
0.612849-0.579679j,-0.499883+0.156943j,0.419805-0.156451j,0.801262
0.612016-0.580691j,-0.499421+0.156781j,0.419776-0.156782j,0.802770
0.611182-0.581702j,-0.498959+0.156620j,0.419746-0.157112j,0.804278
0.610347-0.582711j,-0.498496+0.156460j,0.419716-0.157442j,0.805785
0.609509-0.583719j,-0.498034+0.156300j,0.419685-0.157771j,0.807291
0.608670-0.584726j,-0.497573+0.156141j,0.419653-0.158100j,0.808797
0.607829-0.585732j,-0.497111+0.155983j,0.419621-0.158428j,0.810302
0.606987-0.586737j,-0.496650+0.155826j,0.419587-0.158757j,0.811806
0.606143-0.587740j,-0.496188+0.155670j,0.419554-0.159084j,0.813310
0.605297-0.588742j,-0.495727+0.155514j,0.419519-0.159412j,0.814813
0.604450-0.589743j,-0.495266+0.155359j,0.419484-0.159739j,0.816316
0.603601-0.590743j,-0.494806+0.155205j,0.419449-0.160065j,0.817818
0.602751-0.591742j,-0.494345+0.155052j,0.419412-0.160391j,0.819319
0.601898-0.592739j,-0.493885+0.154899j,0.419375-0.160717j,0.820820
0.601044-0.593735j,-0.493424+0.154747j,0.419338-0.161043j,0.822319
0.600189-0.594730j,-0.492964+0.154596j,0.419299-0.161367j,0.823819
0.599332-0.595724j,-0.492504+0.154446j,0.419260-0.161692j,0.825317
0.598473-0.596716j,-0.492045+0.154296j,0.419221-0.162016j,0.826815
0.597613-0.597708j,-0.491585+0.154147j,0.419180-0.162340j,0.828313
0.596751-0.598698j,-0.491126+0.153999j,0.419139-0.162663j,0.829809
0.595887-0.599687j,-0.490667+0.153852j,0.419097-0.162986j,0.831306
0.595022-0.600674j,-0.490208+0.153705j,0.419055-0.163308j,0.832801
0.594155-0.601661j,-0.489749+0.153559j,0.419012-0.163630j,0.834296
0.593286-0.602646j,-0.489291+0.153414j,0.418968-0.163952j,0.835790
0.592416-0.603630j,-0.488832+0.153270j,0.418924-0.164273j,0.837283
0.591545-0.604612j,-0.488374+0.153126j,0.418879-0.164594j,0.838776
0.590671-0.605594j,-0.487916+0.152983j,0.418833-0.164914j,0.840268
0.589796-0.606574j,-0.487459+0.152841j,0.418787-0.165234j,0.841760
0.588920-0.607553j,-0.487001+0.152699j,0.418740-0.165554j,0.843251
0.588041-0.608530j,-0.486544+0.152559j,0.418692-0.165873j,0.844741
0.587162-0.609507j,-0.486087+0.152419j,0.418643-0.166191j,0.846231
0.586280-0.610482j,-0.485630+0.152279j,0.418594-0.166509j,0.847720
0.585397-0.611456j,-0.485173+0.152141j,0.418545-0.166827j,0.849208
0.584513-0.612428j,-0.484717+0.152003j,0.418494-0.167145j,0.850696
0.583626-0.613400j,-0.484261+0.151866j,0.418443-0.167461j,0.852183
0.582739-0.614370j,-0.483805+0.151730j,0.418391-0.167778j,0.853669
0.581849-0.615339j,-0.483349+0.151594j,0.418339-0.168094j,0.855155
0.580958-0.616306j,-0.482893+0.151460j,0.418285-0.168409j,0.856640
0.580065-0.617272j,-0.482438+0.151325j,0.418231-0.168725j,0.858124
0.579171-0.618237j,-0.481983+0.151192j,0.418177-0.169039j,0.859608
0.578275-0.619201j,-0.481528+0.151059j,0.418122-0.169353j,0.861091
0.577378-0.620164j,-0.481073+0.150927j,0.418066-0.169667j,0.862573
0.576479-0.621125j,-0.480619+0.150796j,0.418009-0.169981j,0.864055
0.575579-0.622085j,-0.480164+0.150666j,0.417952-0.170294j,0.865536
0.574676-0.623043j,-0.479710+0.150536j,0.417894-0.170606j,0.867017
0.573773-0.624000j,-0.479257+0.150407j,0.417835-0.170918j,0.868497
0.572867-0.624956j,-0.478803+0.150279j,0.417776-0.171229j,0.869976
0.571960-0.625911j,-0.478350+0.150151j,0.417716-0.171541j,0.871454
0.571052-0.626864j,-0.477897+0.150024j,0.417655-0.171851j,0.872932
0.570142-0.627816j,-0.477444+0.149898j,0.417593-0.172161j,0.874409
0.569230-0.628767j,-0.476991+0.149772j,0.417531-0.172471j,0.875886
0.568317-0.629716j,-0.476539+0.149647j,0.417468-0.172780j,0.877362
0.567402-0.630665j,-0.476087+0.149523j,0.417405-0.173089j,0.878837
0.566486-0.631611j,-0.475635+0.149400j,0.417341-0.173397j,0.880312
0.565568-0.632557j,-0.475184+0.149277j,0.417276-0.173705j,0.881786
0.564649-0.633501j,-0.474732+0.149155j,0.417210-0.174013j,0.883259
0.563728-0.634444j,-0.474281+0.149034j,0.417144-0.174320j,0.884732
0.562805-0.635385j,-0.473830+0.148914j,0.417077-0.174626j,0.886203
0.561881-0.636325j,-0.473380+0.148794j,0.417009-0.174932j,0.887675
0.560955-0.637264j,-0.472929+0.148675j,0.416941-0.175238j,0.889145
0.560028-0.638202j,-0.472479+0.148556j,0.416872-0.175543j,0.890615
0.559099-0.639138j,-0.472030+0.148438j,0.416802-0.175847j,0.892085
0.558169-0.640073j,-0.471580+0.148321j,0.416732-0.176151j,0.893553
0.557237-0.641006j,-0.471131+0.148205j,0.416660-0.176455j,0.895021
0.556304-0.641939j,-0.470682+0.148089j,0.416589-0.176758j,0.896489
0.555369-0.642869j,-0.470233+0.147974j,0.416516-0.177061j,0.897955
0.554432-0.643799j,-0.469784+0.147860j,0.416443-0.177363j,0.899422
0.553494-0.644727j,-0.469336+0.147746j,0.416369-0.177665j,0.900887
0.552555-0.645654j,-0.468888+0.147633j,0.416294-0.177966j,0.902352
0.551613-0.646579j,-0.468440+0.147521j,0.416219-0.178266j,0.903816
0.550671-0.647503j,-0.467993+0.147409j,0.416143-0.178567j,0.905279
0.549727-0.648426j,-0.467546+0.147298j,0.416066-0.178866j,0.906742
0.548781-0.649347j,-0.467099+0.147188j,0.415988-0.179166j,0.908204
0.547834-0.650267j,-0.466652+0.147079j,0.415910-0.179464j,0.909665
0.546885-0.651186j,-0.466206+0.146970j,0.415831-0.179763j,0.911126
0.545935-0.652103j,-0.465760+0.146861j,0.415752-0.180060j,0.912586
0.544983-0.653019j,-0.465314+0.146754j,0.415671-0.180358j,0.914045
0.544029-0.653933j,-0.464869+0.146647j,0.415590-0.180655j,0.915504
0.543074-0.654846j,-0.464423+0.146541j,0.415508-0.180951j,0.916962
0.542118-0.655758j,-0.463979+0.146435j,0.415426-0.181247j,0.918420
0.541160-0.656668j,-0.463534+0.146330j,0.415343-0.181542j,0.919876
0.540201-0.657577j,-0.463090+0.146226j,0.415259-0.181837j,0.921333
0.539240-0.658485j,-0.462645+0.146123j,0.415174-0.182131j,0.922788
0.538277-0.659391j,-0.462202+0.146020j,0.415089-0.182425j,0.924243
0.537313-0.660296j,-0.461758+0.145918j,0.415003-0.182718j,0.925697
0.536348-0.661199j,-0.461315+0.145816j,0.414916-0.183011j,0.927150
0.535381-0.662101j,-0.460872+0.145715j,0.414829-0.183303j,0.928603
0.534413-0.663001j,-0.460429+0.145615j,0.414741-0.183595j,0.930055
0.533443-0.663901j,-0.459987+0.145515j,0.414652-0.183886j,0.931507
0.532471-0.664798j,-0.459545+0.145417j,0.414562-0.184177j,0.932957
0.531498-0.665695j,-0.459103+0.145318j,0.414472-0.184467j,0.934407
0.530524-0.666589j,-0.458662+0.145221j,0.414381-0.184756j,0.935857
0.529548-0.667483j,-0.458221+0.145124j,0.414289-0.185046j,0.937306
0.528570-0.668375j,-0.457780+0.145027j,0.414197-0.185334j,0.938754
0.527591-0.669266j,-0.457339+0.144932j,0.414104-0.185622j,0.940201
0.526611-0.670155j,-0.456899+0.144837j,0.414010-0.185910j,0.941648
0.525629-0.671043j,-0.456459+0.144742j,0.413915-0.186197j,0.943094
0.524646-0.671929j,-0.456019+0.144648j,0.413820-0.186483j,0.944539
0.523661-0.672814j,-0.455580+0.144555j,0.413724-0.186769j,0.945984
0.522675-0.673698j,-0.455141+0.144463j,0.413627-0.187055j,0.947428
0.521687-0.674580j,-0.454702+0.144371j,0.413530-0.187340j,0.948871
0.520698-0.675461j,-0.454264+0.144280j,0.413432-0.187624j,0.950314
0.519707-0.676340j,-0.453826+0.144189j,0.413333-0.187908j,0.951756
0.518715-0.677218j,-0.453388+0.144099j,0.413233-0.188192j,0.953198
0.517721-0.678094j,-0.452951+0.144010j,0.413133-0.188474j,0.954638
0.516726-0.678969j,-0.452514+0.143921j,0.413032-0.188757j,0.956078
0.515729-0.679842j,-0.452077+0.143833j,0.412930-0.189038j,0.957518
0.514731-0.680714j,-0.451640+0.143746j,0.412827-0.189320j,0.958956
0.513732-0.681585j,-0.451204+0.143659j,0.412724-0.189600j,0.960394
0.512731-0.682454j,-0.450768+0.143573j,0.412620-0.189880j,0.961832
0.511728-0.683322j,-0.450333+0.143487j,0.412515-0.190160j,0.963268
0.510724-0.684188j,-0.449897+0.143402j,0.412410-0.190439j,0.964704
0.509719-0.685052j,-0.449462+0.143318j,0.412304-0.190717j,0.966140
0.508712-0.685916j,-0.449028+0.143234j,0.412197-0.190995j,0.967574
0.507704-0.686777j,-0.448594+0.143151j,0.412089-0.191273j,0.969008
0.506694-0.687638j,-0.448160+0.143069j,0.411981-0.191549j,0.970442
0.505683-0.688497j,-0.447726+0.142987j,0.411872-0.191826j,0.971874
0.504671-0.689354j,-0.447293+0.142905j,0.411762-0.192101j,0.973306
0.503657-0.690210j,-0.446860+0.142825j,0.411651-0.192377j,0.974738
0.502641-0.691064j,-0.446427+0.142745j,0.411540-0.192651j,0.976168
0.501625-0.691917j,-0.445995+0.142665j,0.411428-0.192925j,0.977598
0.500606-0.692769j,-0.445563+0.142586j,0.411315-0.193199j,0.979027
0.499587-0.693619j,-0.445131+0.142508j,0.411202-0.193472j,0.980456
0.498565-0.694467j,-0.444700+0.142431j,0.411088-0.193744j,0.981884
0.497543-0.695314j,-0.444269+0.142354j,0.410973-0.194016j,0.983311
0.496519-0.696160j,-0.443838+0.142277j,0.410857-0.194287j,0.984737
0.495494-0.697004j,-0.443408+0.142201j,0.410741-0.194558j,0.986163
0.494467-0.697846j,-0.442978+0.142126j,0.410624-0.194828j,0.987588
0.493439-0.698687j,-0.442548+0.142051j,0.410506-0.195097j,0.989013
0.492409-0.699527j,-0.442119+0.141977j,0.410387-0.195366j,0.990437
0.491378-0.700365j,-0.441690+0.141904j,0.410268-0.195635j,0.991860
0.490345-0.701201j,-0.441262+0.141831j,0.410148-0.195902j,0.993282
0.489311-0.702036j,-0.440833+0.141759j,0.410027-0.196170j,0.994704
0.488276-0.702869j,-0.440405+0.141687j,0.409905-0.196436j,0.996125
0.487240-0.703701j,-0.439978+0.141616j,0.409783-0.196702j,0.997546
0.486201-0.704532j,-0.439550+0.141545j,0.409660-0.196968j,0.998965
0.485162-0.705361j,-0.439124+0.141475j,0.409536-0.197233j,1.000384
0.484121-0.706188j,-0.438697+0.141406j,0.409412-0.197497j,1.001803
0.483079-0.707014j,-0.438271+0.141337j,0.409286-0.197761j,1.003220
0.482035-0.707838j,-0.437845+0.141269j,0.409160-0.198024j,1.004637
0.480990-0.708661j,-0.437419+0.141201j,0.409034-0.198286j,1.006054
0.479944-0.709482j,-0.436994+0.141134j,0.408906-0.198548j,1.007469
0.478896-0.710302j,-0.436570+0.141067j,0.408778-0.198810j,1.008884
0.477847-0.711120j,-0.436145+0.141001j,0.408649-0.199071j,1.010298
0.476796-0.711937j,-0.435721+0.140936j,0.408519-0.199331j,1.011712
0.475744-0.712752j,-0.435297+0.140871j,0.408389-0.199590j,1.013125
0.474691-0.713566j,-0.434874+0.140807j,0.408257-0.199849j,1.014537
0.473636-0.714378j,-0.434451+0.140743j,0.408126-0.200108j,1.015949
0.472580-0.715188j,-0.434028+0.140680j,0.407993-0.200366j,1.017359
0.471523-0.715997j,-0.433606+0.140617j,0.407859-0.200623j,1.018769
0.470464-0.716804j,-0.433184+0.140555j,0.407725-0.200879j,1.020179
0.469404-0.717610j,-0.432762+0.140493j,0.407590-0.201135j,1.021588
0.468342-0.718415j,-0.432341+0.140433j,0.407455-0.201391j,1.022996
0.467279-0.719217j,-0.431920+0.140372j,0.407318-0.201646j,1.024403
0.466215-0.720018j,-0.431499+0.140312j,0.407181-0.201900j,1.025810
0.465149-0.720818j,-0.431079+0.140253j,0.407043-0.202153j,1.027216
0.464082-0.721616j,-0.430659+0.140194j,0.406904-0.202406j,1.028621
0.463014-0.722413j,-0.430240+0.140136j,0.406765-0.202659j,1.030026
0.461944-0.723207j,-0.429821+0.140078j,0.406625-0.202910j,1.031430
0.460873-0.724001j,-0.429402+0.140021j,0.406484-0.203161j,1.032833
0.459801-0.724793j,-0.428984+0.139965j,0.406342-0.203412j,1.034236
0.458727-0.725583j,-0.428566+0.139909j,0.406200-0.203662j,1.035637
0.457652-0.726371j,-0.428148+0.139853j,0.406057-0.203911j,1.037039
0.456576-0.727158j,-0.427731+0.139798j,0.405913-0.204160j,1.038439
0.455498-0.727944j,-0.427314+0.139744j,0.405768-0.204408j,1.039839
0.454419-0.728728j,-0.426897+0.139690j,0.405623-0.204655j,1.041238
0.453339-0.729510j,-0.426481+0.139636j,0.405476-0.204902j,1.042636
0.452257-0.730290j,-0.426065+0.139583j,0.405330-0.205148j,1.044034
0.451174-0.731070j,-0.425650+0.139531j,0.405182-0.205394j,1.045431
0.450090-0.731847j,-0.425235+0.139479j,0.405033-0.205638j,1.046828
0.449004-0.732623j,-0.424820+0.139428j,0.404884-0.205883j,1.048223
0.447917-0.733397j,-0.424406+0.139377j,0.404734-0.206126j,1.049618
0.446829-0.734170j,-0.423992+0.139327j,0.404584-0.206369j,1.051012
0.445739-0.734941j,-0.423578+0.139277j,0.404432-0.206612j,1.052406
0.444648-0.735710j,-0.423165+0.139228j,0.404280-0.206853j,1.053799
0.443556-0.736478j,-0.422752+0.139179j,0.404127-0.207095j,1.055191
0.442462-0.737244j,-0.422340+0.139131j,0.403973-0.207335j,1.056583
0.441367-0.738009j,-0.421928+0.139084j,0.403819-0.207575j,1.057973
0.440271-0.738772j,-0.421516+0.139037j,0.403664-0.207814j,1.059363
0.439174-0.739534j,-0.421105+0.138990j,0.403508-0.208052j,1.060753
0.438075-0.740293j,-0.420694+0.138944j,0.403351-0.208290j,1.062141
0.436975-0.741052j,-0.420283+0.138898j,0.403193-0.208527j,1.063529
0.435874-0.741808j,-0.419873+0.138853j,0.403035-0.208764j,1.064917
0.434771-0.742563j,-0.419463+0.138808j,0.402876-0.209000j,1.066303
0.433667-0.743316j,-0.419054+0.138764j,0.402716-0.209235j,1.067689
0.432562-0.744068j,-0.418644+0.138721j,0.402556-0.209470j,1.069074
0.431455-0.744818j,-0.418236+0.138678j,0.402395-0.209704j,1.070459
0.430348-0.745566j,-0.417827+0.138635j,0.402233-0.209937j,1.071843
0.429239-0.746313j,-0.417420+0.138593j,0.402070-0.210170j,1.073226
0.428128-0.747058j,-0.417012+0.138551j,0.401906-0.210402j,1.074608
0.427017-0.747802j,-0.416605+0.138510j,0.401742-0.210633j,1.075990
0.425904-0.748544j,-0.416198+0.138469j,0.401577-0.210864j,1.077371
0.424790-0.749284j,-0.415792+0.138429j,0.401411-0.211094j,1.078751
0.423674-0.750022j,-0.415386+0.138389j,0.401245-0.211323j,1.080131
0.422558-0.750759j,-0.414980+0.138350j,0.401077-0.211552j,1.081510
0.421440-0.751494j,-0.414575+0.138312j,0.400909-0.211780j,1.082888
0.420320-0.752228j,-0.414170+0.138273j,0.400740-0.212007j,1.084265
0.419200-0.752960j,-0.413765+0.138236j,0.400571-0.212234j,1.085642
0.418078-0.753690j,-0.413361+0.138198j,0.400400-0.212460j,1.087018
0.416955-0.754419j,-0.412957+0.138162j,0.400229-0.212685j,1.088394
0.415831-0.755146j,-0.412554+0.138125j,0.400057-0.212910j,1.089768
0.414706-0.755871j,-0.412151+0.138089j,0.399884-0.213134j,1.091142
0.413579-0.756595j,-0.411749+0.138054j,0.399711-0.213357j,1.092516
0.412451-0.757317j,-0.411346+0.138019j,0.399537-0.213580j,1.093888
0.411322-0.758037j,-0.410945+0.137985j,0.399362-0.213802j,1.095260
0.410191-0.758756j,-0.410543+0.137951j,0.399186-0.214023j,1.096631
0.409060-0.759473j,-0.410142+0.137917j,0.399010-0.214243j,1.098002
0.407927-0.760188j,-0.409741+0.137884j,0.398832-0.214463j,1.099371
0.406793-0.760901j,-0.409341+0.137852j,0.398654-0.214682j,1.100740
0.405658-0.761613j,-0.408941+0.137819j,0.398476-0.214901j,1.102109
0.404521-0.762324j,-0.408542+0.137788j,0.398296-0.215119j,1.103476
0.403383-0.763032j,-0.408143+0.137757j,0.398116-0.215336j,1.104843
0.402244-0.763739j,-0.407744+0.137726j,0.397935-0.215552j,1.106209
0.401104-0.764444j,-0.407346+0.137696j,0.397753-0.215768j,1.107575
0.399963-0.765148j,-0.406948+0.137666j,0.397570-0.215983j,1.108940
0.398820-0.765849j,-0.406550+0.137636j,0.397387-0.216197j,1.110304
0.397676-0.766550j,-0.406153+0.137608j,0.397203-0.216411j,1.111667
0.396531-0.767248j,-0.405757+0.137579j,0.397018-0.216624j,1.113030
0.395385-0.767945j,-0.405360+0.137551j,0.396832-0.216836j,1.114392
0.394237-0.768640j,-0.404964+0.137523j,0.396646-0.217048j,1.115753
0.393089-0.769333j,-0.404569+0.137496j,0.396459-0.217259j,1.117113
0.391939-0.770024j,-0.404173+0.137470j,0.396271-0.217469j,1.118473
0.390788-0.770714j,-0.403779+0.137443j,0.396082-0.217678j,1.119832
0.389635-0.771402j,-0.403384+0.137418j,0.395893-0.217887j,1.121191
0.388482-0.772089j,-0.402990+0.137392j,0.395703-0.218095j,1.122548
0.387327-0.772774j,-0.402597+0.137367j,0.395512-0.218302j,1.123905
0.386171-0.773457j,-0.402204+0.137343j,0.395320-0.218509j,1.125261
0.385014-0.774138j,-0.401811+0.137319j,0.395127-0.218715j,1.126617
0.383856-0.774818j,-0.401418+0.137295j,0.394934-0.218920j,1.127972
0.382697-0.775495j,-0.401026+0.137272j,0.394740-0.219124j,1.129326
0.381536-0.776172j,-0.400635+0.137249j,0.394545-0.219328j,1.130679
0.380375-0.776846j,-0.400243+0.137227j,0.394349-0.219531j,1.132032
0.379212-0.777519j,-0.399853+0.137205j,0.394153-0.219733j,1.133384
0.378048-0.778190j,-0.399462+0.137183j,0.393956-0.219935j,1.134735
0.376883-0.778859j,-0.399072+0.137162j,0.393758-0.220136j,1.136086
0.375716-0.779526j,-0.398682+0.137141j,0.393559-0.220336j,1.137435
0.374549-0.780192j,-0.398293+0.137121j,0.393360-0.220535j,1.138784
0.373380-0.780856j,-0.397904+0.137101j,0.393160-0.220734j,1.140133
0.372210-0.781518j,-0.397516+0.137082j,0.392959-0.220932j,1.141480
0.371039-0.782179j,-0.397128+0.137063j,0.392757-0.221129j,1.142827
0.369867-0.782838j,-0.396740+0.137044j,0.392555-0.221325j,1.144173
0.368694-0.783495j,-0.396353+0.137026j,0.392352-0.221521j,1.145519
0.367519-0.784150j,-0.395966+0.137008j,0.392148-0.221716j,1.146864
0.366344-0.784804j,-0.395580+0.136991j,0.391943-0.221910j,1.148208
0.365167-0.785455j,-0.395193+0.136974j,0.391737-0.222104j,1.149551
0.363989-0.786105j,-0.394808+0.136958j,0.391531-0.222297j,1.150894
0.362810-0.786754j,-0.394422+0.136941j,0.391324-0.222489j,1.152235
0.361630-0.787400j,-0.394038+0.136926j,0.391116-0.222680j,1.153577
0.360449-0.788045j,-0.393653+0.136910j,0.390907-0.222871j,1.154917
0.359267-0.788688j,-0.393269+0.136896j,0.390698-0.223060j,1.156257
0.358083-0.789329j,-0.392885+0.136881j,0.390488-0.223249j,1.157596
0.356898-0.789969j,-0.392502+0.136867j,0.390277-0.223438j,1.158934
0.355713-0.790607j,-0.392119+0.136853j,0.390065-0.223625j,1.160271
0.354526-0.791243j,-0.391737+0.136840j,0.389853-0.223812j,1.161608
0.353338-0.791877j,-0.391354+0.136827j,0.389640-0.223998j,1.162944
0.352149-0.792509j,-0.390973+0.136814j,0.389426-0.224183j,1.164279
0.350959-0.793140j,-0.390591+0.136802j,0.389211-0.224368j,1.165614
0.349767-0.793769j,-0.390211+0.136790j,0.388996-0.224552j,1.166948
0.348575-0.794396j,-0.389830+0.136779j,0.388779-0.224735j,1.168281
0.347382-0.795021j,-0.389450+0.136768j,0.388562-0.224917j,1.169613
0.346187-0.795644j,-0.389070+0.136757j,0.388345-0.225098j,1.170945
0.344991-0.796266j,-0.388691+0.136747j,0.388126-0.225279j,1.172276
0.343795-0.796886j,-0.388312+0.136737j,0.387907-0.225459j,1.173606
0.342597-0.797504j,-0.387933+0.136728j,0.387687-0.225638j,1.174936
0.341398-0.798121j,-0.387555+0.136719j,0.387466-0.225817j,1.176265
0.340198-0.798735j,-0.387178+0.136710j,0.387244-0.225994j,1.177593
0.338997-0.799348j,-0.386800+0.136702j,0.387022-0.226171j,1.178920
0.337794-0.799959j,-0.386423+0.136694j,0.386799-0.226347j,1.180246
0.336591-0.800568j,-0.386047+0.136686j,0.386575-0.226522j,1.181572
0.335387-0.801176j,-0.385671+0.136679j,0.386350-0.226697j,1.182897
0.334181-0.801781j,-0.385295+0.136672j,0.386125-0.226871j,1.184222
0.332975-0.802385j,-0.384920+0.136665j,0.385899-0.227044j,1.185545
0.331768-0.802987j,-0.384545+0.136659j,0.385672-0.227216j,1.186868
0.330559-0.803587j,-0.384170+0.136653j,0.385444-0.227387j,1.188190
0.329349-0.804186j,-0.383796+0.136648j,0.385216-0.227558j,1.189512
0.328139-0.804782j,-0.383422+0.136643j,0.384986-0.227728j,1.190832
0.326927-0.805377j,-0.383049+0.136638j,0.384756-0.227897j,1.192152
0.325714-0.805970j,-0.382676+0.136634j,0.384526-0.228065j,1.193472
0.324500-0.806561j,-0.382304+0.136630j,0.384294-0.228233j,1.194790
0.323285-0.807150j,-0.381931+0.136626j,0.384062-0.228400j,1.196108
0.322069-0.807738j,-0.381560+0.136623j,0.383829-0.228565j,1.197425
0.320852-0.808323j,-0.381188+0.136620j,0.383595-0.228731j,1.198741
0.319634-0.808907j,-0.380817+0.136618j,0.383361-0.228895j,1.200057
0.318415-0.809489j,-0.380447+0.136616j,0.383125-0.229058j,1.201371
0.317195-0.810069j,-0.380077+0.136614j,0.382889-0.229221j,1.202685
0.315974-0.810648j,-0.379707+0.136612j,0.382652-0.229383j,1.203999
0.314752-0.811224j,-0.379338+0.136611j,0.382415-0.229544j,1.205311
0.313529-0.811799j,-0.378969+0.136610j,0.382177-0.229705j,1.206623
0.312304-0.812372j,-0.378600+0.136610j,0.381937-0.229864j,1.207934
0.311079-0.812943j,-0.378232+0.136610j,0.381698-0.230023j,1.209244
0.309853-0.813512j,-0.377864+0.136610j,0.381457-0.230181j,1.210554
0.308626-0.814079j,-0.377497+0.136611j,0.381216-0.230338j,1.211863
0.307397-0.814645j,-0.377130+0.136611j,0.380973-0.230494j,1.213171
0.306168-0.815209j,-0.376763+0.136613j,0.380731-0.230650j,1.214478
0.304938-0.815770j,-0.376397+0.136614j,0.380487-0.230804j,1.215785
0.303707-0.816330j,-0.376032+0.136616j,0.380243-0.230958j,1.217091
0.302474-0.816888j,-0.375666+0.136618j,0.379997-0.231111j,1.218396
0.301241-0.817445j,-0.375301+0.136621j,0.379751-0.231264j,1.219700
0.300007-0.817999j,-0.374937+0.136624j,0.379505-0.231415j,1.221004
0.298772-0.818552j,-0.374573+0.136627j,0.379257-0.231566j,1.222307
0.297535-0.819102j,-0.374209+0.136631j,0.379009-0.231715j,1.223609
0.296298-0.819651j,-0.373845+0.136635j,0.378760-0.231864j,1.224910
0.295060-0.820198j,-0.373482+0.136639j,0.378511-0.232012j,1.226211
0.293821-0.820743j,-0.373120+0.136643j,0.378260-0.232160j,1.227511
0.292581-0.821287j,-0.372758+0.136648j,0.378009-0.232306j,1.228810
0.291339-0.821828j,-0.372396+0.136653j,0.377757-0.232452j,1.230108
0.290097-0.822368j,-0.372034+0.136659j,0.377504-0.232597j,1.231406
0.288854-0.822905j,-0.371673+0.136665j,0.377251-0.232741j,1.232702
0.287610-0.823441j,-0.371313+0.136671j,0.376997-0.232884j,1.233999
0.286365-0.823975j,-0.370953+0.136677j,0.376742-0.233026j,1.235294
0.285119-0.824507j,-0.370593+0.136684j,0.376486-0.233168j,1.236588
0.283872-0.825037j,-0.370233+0.136691j,0.376230-0.233308j,1.237882
0.282624-0.825566j,-0.369874+0.136699j,0.375972-0.233448j,1.239175
0.281375-0.826092j,-0.369516+0.136706j,0.375714-0.233587j,1.240468
0.280126-0.826617j,-0.369158+0.136714j,0.375456-0.233725j,1.241759
0.278875-0.827140j,-0.368800+0.136723j,0.375196-0.233862j,1.243050
0.277623-0.827660j,-0.368442+0.136731j,0.374936-0.233999j,1.244340
0.276371-0.828179j,-0.368085+0.136740j,0.374675-0.234135j,1.245629
0.275117-0.828696j,-0.367729+0.136750j,0.374413-0.234269j,1.246918
0.273863-0.829211j,-0.367372+0.136759j,0.374151-0.234403j,1.248206
0.272607-0.829725j,-0.367017+0.136769j,0.373888-0.234536j,1.249493
0.271351-0.830236j,-0.366661+0.136779j,0.373624-0.234668j,1.250779
0.270093-0.830746j,-0.366306+0.136790j,0.373359-0.234800j,1.252064
0.268835-0.831253j,-0.365951+0.136800j,0.373094-0.234930j,1.253349
0.267576-0.831759j,-0.365597+0.136811j,0.372828-0.235060j,1.254633
0.266316-0.832263j,-0.365243+0.136823j,0.372561-0.235189j,1.255916
0.265055-0.832765j,-0.364890+0.136834j,0.372293-0.235317j,1.257199
0.263793-0.833265j,-0.364537+0.136846j,0.372025-0.235444j,1.258480
0.262530-0.833763j,-0.364184+0.136859j,0.371756-0.235570j,1.259761
0.261267-0.834259j,-0.363831+0.136871j,0.371486-0.235695j,1.261041
0.260002-0.834753j,-0.363480+0.136884j,0.371215-0.235820j,1.262321
0.258737-0.835246j,-0.363128+0.136897j,0.370944-0.235943j,1.263599
0.257470-0.835736j,-0.362777+0.136910j,0.370672-0.236066j,1.264877
0.256203-0.836225j,-0.362426+0.136924j,0.370399-0.236188j,1.266154
0.254935-0.836711j,-0.362076+0.136938j,0.370125-0.236309j,1.267431
0.253666-0.837196j,-0.361726+0.136952j,0.369851-0.236429j,1.268706
0.252396-0.837679j,-0.361376+0.136967j,0.369576-0.236548j,1.269981
0.251125-0.838160j,-0.361027+0.136982j,0.369300-0.236667j,1.271255
0.249853-0.838639j,-0.360678+0.136997j,0.369024-0.236784j,1.272528
0.248580-0.839116j,-0.360330+0.137012j,0.368747-0.236901j,1.273801
0.247307-0.839591j,-0.359982+0.137028j,0.368469-0.237017j,1.275072
0.246033-0.840064j,-0.359634+0.137044j,0.368190-0.237132j,1.276343
0.244757-0.840536j,-0.359287+0.137060j,0.367910-0.237246j,1.277613
0.243481-0.841005j,-0.358940+0.137076j,0.367630-0.237359j,1.278883
0.242204-0.841472j,-0.358594+0.137093j,0.367349-0.237471j,1.280151
0.240926-0.841938j,-0.358247+0.137110j,0.367068-0.237582j,1.281419
0.239648-0.842402j,-0.357902+0.137127j,0.366785-0.237693j,1.282686
0.238368-0.842863j,-0.357556+0.137145j,0.366502-0.237802j,1.283952
0.237088-0.843323j,-0.357212+0.137163j,0.366218-0.237911j,1.285218
0.235807-0.843781j,-0.356867+0.137181j,0.365934-0.238019j,1.286483
0.234524-0.844237j,-0.356523+0.137199j,0.365649-0.238126j,1.287747
0.233241-0.844691j,-0.356179+0.137218j,0.365363-0.238232j,1.289010
0.231958-0.845143j,-0.355836+0.137237j,0.365076-0.238337j,1.290272
0.230673-0.845593j,-0.355493+0.137256j,0.364788-0.238441j,1.291534
0.229388-0.846041j,-0.355150+0.137275j,0.364500-0.238545j,1.292794
0.228101-0.846487j,-0.354808+0.137295j,0.364211-0.238647j,1.294055
0.226814-0.846931j,-0.354466+0.137315j,0.363922-0.238749j,1.295314
0.225526-0.847373j,-0.354125+0.137335j,0.363631-0.238849j,1.296572
0.224238-0.847814j,-0.353784+0.137355j,0.363340-0.238949j,1.297830
0.222948-0.848252j,-0.353443+0.137376j,0.363049-0.239048j,1.299087
0.221658-0.848688j,-0.353103+0.137397j,0.362756-0.239146j,1.300343
0.220366-0.849123j,-0.352763+0.137418j,0.362463-0.239243j,1.301598
0.219074-0.849555j,-0.352423+0.137440j,0.362169-0.239339j,1.302853
0.217782-0.849986j,-0.352084+0.137461j,0.361874-0.239434j,1.304107
0.216488-0.850415j,-0.351745+0.137483j,0.361579-0.239528j,1.305360
0.215193-0.850841j,-0.351407+0.137505j,0.361283-0.239622j,1.306612
0.213898-0.851266j,-0.351069+0.137528j,0.360986-0.239714j,1.307863
0.212602-0.851689j,-0.350731+0.137551j,0.360688-0.239806j,1.309114
0.211305-0.852109j,-0.350394+0.137574j,0.360390-0.239896j,1.310364
0.210008-0.852528j,-0.350057+0.137597j,0.360091-0.239986j,1.311613
0.208709-0.852945j,-0.349721+0.137620j,0.359792-0.240075j,1.312861
0.207410-0.853360j,-0.349385+0.137644j,0.359491-0.240163j,1.314108
0.206110-0.853773j,-0.349049+0.137668j,0.359190-0.240250j,1.315355
0.204809-0.854184j,-0.348713+0.137692j,0.358888-0.240336j,1.316601
0.203508-0.854593j,-0.348378+0.137716j,0.358586-0.240421j,1.317846
0.202206-0.855000j,-0.348044+0.137741j,0.358283-0.240505j,1.319090
0.200902-0.855405j,-0.347710+0.137766j,0.357979-0.240588j,1.320334
0.199599-0.855808j,-0.347376+0.137791j,0.357674-0.240670j,1.321576
0.198294-0.856209j,-0.347042+0.137816j,0.357369-0.240752j,1.322818
0.196989-0.856608j,-0.346709+0.137842j,0.357063-0.240832j,1.324059
0.195683-0.857005j,-0.346377+0.137868j,0.356756-0.240912j,1.325300
0.194376-0.857400j,-0.346044+0.137894j,0.356449-0.240990j,1.326539
0.193068-0.857793j,-0.345712+0.137920j,0.356141-0.241068j,1.327778
0.191760-0.858184j,-0.345381+0.137946j,0.355832-0.241145j,1.329016
0.190450-0.858574j,-0.345050+0.137973j,0.355522-0.241221j,1.330253
0.189141-0.858961j,-0.344719+0.138000j,0.355212-0.241296j,1.331489
0.187830-0.859346j,-0.344388+0.138027j,0.354901-0.241369j,1.332725
0.186519-0.859729j,-0.344058+0.138055j,0.354590-0.241442j,1.333960
0.185207-0.860110j,-0.343729+0.138082j,0.354277-0.241514j,1.335193
0.183894-0.860490j,-0.343399+0.138110j,0.353965-0.241586j,1.336427
0.182580-0.860867j,-0.343070+0.138138j,0.353651-0.241656j,1.337659
0.181266-0.861242j,-0.342742+0.138167j,0.353337-0.241725j,1.338890
0.179951-0.861615j,-0.342414+0.138195j,0.353021-0.241793j,1.340121
0.178635-0.861986j,-0.342086+0.138224j,0.352706-0.241860j,1.341351
0.177319-0.862356j,-0.341758+0.138253j,0.352389-0.241927j,1.342580
0.176002-0.862723j,-0.341431+0.138282j,0.352072-0.241992j,1.343808
0.174684-0.863088j,-0.341104+0.138311j,0.351754-0.242057j,1.345036
0.173365-0.863451j,-0.340778+0.138341j,0.351436-0.242120j,1.346262
0.172046-0.863813j,-0.340452+0.138371j,0.351117-0.242183j,1.347488
0.170726-0.864172j,-0.340126+0.138401j,0.350797-0.242244j,1.348713
0.169405-0.864529j,-0.339801+0.138431j,0.350476-0.242305j,1.349938
0.168084-0.864884j,-0.339476+0.138461j,0.350155-0.242365j,1.351161
0.166762-0.865237j,-0.339152+0.138492j,0.349833-0.242423j,1.352384
0.165439-0.865589j,-0.338828+0.138523j,0.349511-0.242481j,1.353605
0.164116-0.865938j,-0.338504+0.138554j,0.349188-0.242538j,1.354826
0.162792-0.866285j,-0.338180+0.138585j,0.348864-0.242594j,1.356047
0.161467-0.866630j,-0.337857+0.138617j,0.348539-0.242648j,1.357266
0.160141-0.866973j,-0.337535+0.138649j,0.348214-0.242702j,1.358485
0.158815-0.867314j,-0.337212+0.138680j,0.347888-0.242755j,1.359702
0.157488-0.867653j,-0.336891+0.138713j,0.347561-0.242807j,1.360919
0.156161-0.867991j,-0.336569+0.138745j,0.347234-0.242858j,1.362135
0.154833-0.868326j,-0.336248+0.138777j,0.346906-0.242908j,1.363351
0.153504-0.868659j,-0.335927+0.138810j,0.346578-0.242957j,1.364565
0.152175-0.868990j,-0.335606+0.138843j,0.346248-0.243005j,1.365779
0.150844-0.869319j,-0.335286+0.138876j,0.345918-0.243052j,1.366991
0.149514-0.869646j,-0.334967+0.138909j,0.345588-0.243099j,1.368203
0.148182-0.869971j,-0.334647+0.138943j,0.345256-0.243144j,1.369415
0.146850-0.870293j,-0.334328+0.138977j,0.344925-0.243188j,1.370625
0.145517-0.870614j,-0.334009+0.139010j,0.344592-0.243231j,1.371835
0.144184-0.870933j,-0.333691+0.139045j,0.344259-0.243273j,1.373043
0.142850-0.871250j,-0.333373+0.139079j,0.343925-0.243315j,1.374251
0.141515-0.871565j,-0.333056+0.139113j,0.343590-0.243355j,1.375458
0.140180-0.871878j,-0.332738+0.139148j,0.343255-0.243394j,1.376664
0.138844-0.872188j,-0.332421+0.139183j,0.342919-0.243432j,1.377870
0.137508-0.872497j,-0.332105+0.139218j,0.342583-0.243470j,1.379074
0.136171-0.872804j,-0.331789+0.139253j,0.342246-0.243506j,1.380278
0.134833-0.873108j,-0.331473+0.139289j,0.341908-0.243541j,1.381481
0.133495-0.873411j,-0.331158+0.139324j,0.341569-0.243576j,1.382683
0.132156-0.873711j,-0.330842+0.139360j,0.341230-0.243609j,1.383884
0.130816-0.874010j,-0.330528+0.139396j,0.340891-0.243641j,1.385085
0.129476-0.874306j,-0.330213+0.139432j,0.340550-0.243673j,1.386284
0.128135-0.874601j,-0.329899+0.139468j,0.340209-0.243703j,1.387483
0.126794-0.874893j,-0.329586+0.139505j,0.339868-0.243732j,1.388681
0.125452-0.875183j,-0.329272+0.139542j,0.339525-0.243761j,1.389878
0.124109-0.875471j,-0.328959+0.139579j,0.339182-0.243788j,1.391075
0.122766-0.875758j,-0.328647+0.139616j,0.338839-0.243814j,1.392270
0.121422-0.876042j,-0.328335+0.139653j,0.338494-0.243840j,1.393465
0.120078-0.876324j,-0.328023+0.139690j,0.338150-0.243864j,1.394658
0.118733-0.876604j,-0.327711+0.139728j,0.337804-0.243887j,1.395851
0.117387-0.876882j,-0.327400+0.139766j,0.337458-0.243910j,1.397043
0.116041-0.877158j,-0.327089+0.139804j,0.337111-0.243931j,1.398235
0.114695-0.877432j,-0.326779+0.139842j,0.336764-0.243952j,1.399425
0.113347-0.877704j,-0.326469+0.139880j,0.336416-0.243971j,1.400615
0.112000-0.877973j,-0.326159+0.139919j,0.336067-0.243989j,1.401803
0.110651-0.878241j,-0.325849+0.139957j,0.335718-0.244007j,1.402991
0.109302-0.878507j,-0.325540+0.139996j,0.335368-0.244023j,1.404178
0.107953-0.878770j,-0.325231+0.140035j,0.335018-0.244038j,1.405365
0.106603-0.879032j,-0.324923+0.140074j,0.334667-0.244053j,1.406550
0.105252-0.879291j,-0.324615+0.140114j,0.334315-0.244066j,1.407734
0.103901-0.879549j,-0.324307+0.140153j,0.333963-0.244078j,1.408918
0.102550-0.879804j,-0.324000+0.140193j,0.333610-0.244089j,1.410101
0.101197-0.880057j,-0.323693+0.140233j,0.333256-0.244100j,1.411283
0.099845-0.880308j,-0.323386+0.140273j,0.332902-0.244109j,1.412464
0.098491-0.880558j,-0.323080+0.140313j,0.332547-0.244117j,1.413644
0.097138-0.880805j,-0.322774+0.140353j,0.332192-0.244124j,1.414824
0.095783-0.881050j,-0.322468+0.140394j,0.331836-0.244130j,1.416002
0.094428-0.881292j,-0.322163+0.140434j,0.331479-0.244136j,1.417180
0.093073-0.881533j,-0.321858+0.140475j,0.331122-0.244140j,1.418357
0.091717-0.881772j,-0.321554+0.140516j,0.330764-0.244143j,1.419533
0.090361-0.882009j,-0.321249+0.140557j,0.330406-0.244145j,1.420708
0.089004-0.882243j,-0.320946+0.140598j,0.330047-0.244146j,1.421883
0.087646-0.882476j,-0.320642+0.140640j,0.329687-0.244146j,1.423056
0.086288-0.882706j,-0.320339+0.140682j,0.329327-0.244145j,1.424229
0.084930-0.882935j,-0.320036+0.140723j,0.328966-0.244143j,1.425401
0.083571-0.883161j,-0.319733+0.140765j,0.328604-0.244140j,1.426571
0.082212-0.883385j,-0.319431+0.140807j,0.328242-0.244136j,1.427742
0.080852-0.883607j,-0.319129+0.140850j,0.327880-0.244131j,1.428911
0.079491-0.883827j,-0.318828+0.140892j,0.327517-0.244125j,1.430079
0.078130-0.884045j,-0.318527+0.140934j,0.327153-0.244118j,1.431247
0.076769-0.884261j,-0.318226+0.140977j,0.326789-0.244110j,1.432413
0.075407-0.884475j,-0.317925+0.141020j,0.326424-0.244100j,1.433579
0.074045-0.884687j,-0.317625+0.141063j,0.326058-0.244090j,1.434744
0.072682-0.884896j,-0.317325+0.141106j,0.325692-0.244079j,1.435908
0.071319-0.885104j,-0.317026+0.141149j,0.325325-0.244067j,1.437071
0.069955-0.885309j,-0.316727+0.141193j,0.324958-0.244053j,1.438233
0.068591-0.885513j,-0.316428+0.141236j,0.324590-0.244039j,1.439395
0.067226-0.885714j,-0.316129+0.141280j,0.324222-0.244023j,1.440555
0.065861-0.885913j,-0.315831+0.141324j,0.323853-0.244007j,1.441715
0.064495-0.886110j,-0.315533+0.141368j,0.323483-0.243989j,1.442874
0.063129-0.886305j,-0.315236+0.141412j,0.323113-0.243971j,1.444032
0.061763-0.886498j,-0.314939+0.141457j,0.322743-0.243951j,1.445189
0.060396-0.886689j,-0.314642+0.141501j,0.322371-0.243931j,1.446345
0.059028-0.886877j,-0.314345+0.141546j,0.322000-0.243909j,1.447501
0.057661-0.887064j,-0.314049+0.141590j,0.321627-0.243886j,1.448655
0.056292-0.887248j,-0.313753+0.141635j,0.321254-0.243862j,1.449809
0.054924-0.887431j,-0.313458+0.141680j,0.320881-0.243838j,1.450962
0.053554-0.887611j,-0.313163+0.141725j,0.320507-0.243812j,1.452114
0.052185-0.887789j,-0.312868+0.141771j,0.320132-0.243785j,1.453265
0.050815-0.887965j,-0.312573+0.141816j,0.319757-0.243757j,1.454415
0.049445-0.888139j,-0.312279+0.141862j,0.319381-0.243728j,1.455564
0.048074-0.888311j,-0.311985+0.141907j,0.319005-0.243698j,1.456712
0.046702-0.888481j,-0.311692+0.141953j,0.318628-0.243667j,1.457860
0.045331-0.888649j,-0.311399+0.141999j,0.318251-0.243635j,1.459007
0.043959-0.888814j,-0.311106+0.142045j,0.317873-0.243601j,1.460152
0.042586-0.888978j,-0.310813+0.142092j,0.317495-0.243567j,1.461297
0.041214-0.889139j,-0.310521+0.142138j,0.317116-0.243532j,1.462441
0.039840-0.889298j,-0.310229+0.142185j,0.316736-0.243495j,1.463584
0.038467-0.889455j,-0.309937+0.142231j,0.316356-0.243458j,1.464727
0.037093-0.889610j,-0.309646+0.142278j,0.315976-0.243420j,1.465868
0.035718-0.889763j,-0.309355+0.142325j,0.315594-0.243380j,1.467009
0.034343-0.889914j,-0.309065+0.142372j,0.315213-0.243339j,1.468148
0.032968-0.890063j,-0.308774+0.142419j,0.314831-0.243298j,1.469287
0.031593-0.890209j,-0.308484+0.142466j,0.314448-0.243255j,1.470425
0.030217-0.890354j,-0.308195+0.142514j,0.314065-0.243211j,1.471562
0.028840-0.890496j,-0.307905+0.142561j,0.313681-0.243167j,1.472698
0.027464-0.890636j,-0.307616+0.142609j,0.313297-0.243121j,1.473833
0.026087-0.890774j,-0.307328+0.142657j,0.312912-0.243074j,1.474967
0.024709-0.890910j,-0.307039+0.142705j,0.312527-0.243026j,1.476101
0.023332-0.891044j,-0.306751+0.142753j,0.312141-0.242977j,1.477233
0.021953-0.891176j,-0.306464+0.142801j,0.311754-0.242927j,1.478365
0.020575-0.891305j,-0.306176+0.142849j,0.311368-0.242875j,1.479496
0.019196-0.891433j,-0.305889+0.142898j,0.310980-0.242823j,1.480625
0.017817-0.891558j,-0.305602+0.142946j,0.310592-0.242770j,1.481754
0.016438-0.891681j,-0.305316+0.142995j,0.310204-0.242715j,1.482882
0.015058-0.891803j,-0.305030+0.143044j,0.309815-0.242660j,1.484010
0.013678-0.891921j,-0.304744+0.143093j,0.309426-0.242603j,1.485136
0.012297-0.892038j,-0.304458+0.143142j,0.309036-0.242546j,1.486261
0.010916-0.892153j,-0.304173+0.143191j,0.308645-0.242487j,1.487386
0.009535-0.892266j,-0.303888+0.143240j,0.308255-0.242428j,1.488509
0.008154-0.892376j,-0.303604+0.143290j,0.307863-0.242367j,1.489632
0.006772-0.892484j,-0.303319+0.143339j,0.307471-0.242305j,1.490754
0.005390-0.892591j,-0.303035+0.143389j,0.307079-0.242242j,1.491875
0.004007-0.892695j,-0.302752+0.143438j,0.306686-0.242178j,1.492995
0.002624-0.892797j,-0.302468+0.143488j,0.306293-0.242113j,1.494114
0.001241-0.892897j,-0.302185+0.143538j,0.305899-0.242047j,1.495232
-0.000142-0.892994j,-0.301903+0.143588j,0.305505-0.241980j,1.496349
-0.001526-0.893090j,-0.301620+0.143638j,0.305110-0.241911j,1.497466
-0.002910-0.893183j,-0.301338+0.143689j,0.304714-0.241842j,1.498581
-0.004294-0.893275j,-0.301056+0.143739j,0.304319-0.241772j,1.499696
-0.005678-0.893364j,-0.300775+0.143790j,0.303923-0.241700j,1.500809
-0.007063-0.893451j,-0.300494+0.143840j,0.303526-0.241627j,1.501922
-0.008448-0.893536j,-0.300213+0.143891j,0.303129-0.241554j,1.503034
-0.009834-0.893618j,-0.299932+0.143942j,0.302731-0.241479j,1.504145
-0.011219-0.893699j,-0.299652+0.143993j,0.302333-0.241403j,1.505255
-0.012605-0.893777j,-0.299372+0.144044j,0.301934-0.241326j,1.506364
-0.013991-0.893854j,-0.299093+0.144095j,0.301535-0.241248j,1.507472
-0.015378-0.893928j,-0.298813+0.144146j,0.301136-0.241169j,1.508580
-0.016765-0.894000j,-0.298534+0.144198j,0.300736-0.241089j,1.509686
-0.018152-0.894070j,-0.298255+0.144249j,0.300335-0.241008j,1.510791
-0.019539-0.894138j,-0.297977+0.144301j,0.299934-0.240926j,1.511896
-0.020926-0.894203j,-0.297699+0.144353j,0.299533-0.240843j,1.513000
-0.022314-0.894267j,-0.297421+0.144404j,0.299131-0.240758j,1.514102
-0.023702-0.894328j,-0.297144+0.144456j,0.298729-0.240673j,1.515204
-0.025090-0.894387j,-0.296866+0.144508j,0.298326-0.240586j,1.516305
-0.026479-0.894444j,-0.296589+0.144560j,0.297923-0.240499j,1.517405
-0.027868-0.894499j,-0.296313+0.144613j,0.297520-0.240410j,1.518504
-0.029256-0.894552j,-0.296036+0.144665j,0.297116-0.240320j,1.519602
-0.030646-0.894603j,-0.295760+0.144717j,0.296711-0.240229j,1.520700
-0.032035-0.894651j,-0.295485+0.144770j,0.296306-0.240137j,1.521796
-0.033425-0.894697j,-0.295209+0.144823j,0.295901-0.240044j,1.522891
-0.034815-0.894742j,-0.294934+0.144875j,0.295495-0.239950j,1.523986
-0.036205-0.894784j,-0.294659+0.144928j,0.295089-0.239855j,1.525079
-0.037595-0.894824j,-0.294385+0.144981j,0.294683-0.239758j,1.526172
-0.038985-0.894861j,-0.294111+0.145034j,0.294276-0.239661j,1.527264
-0.040376-0.894897j,-0.293837+0.145087j,0.293868-0.239563j,1.528355
-0.041767-0.894930j,-0.293563+0.145140j,0.293460-0.239463j,1.529444
-0.043158-0.894962j,-0.293290+0.145194j,0.293052-0.239362j,1.530533
-0.044549-0.894991j,-0.293017+0.145247j,0.292643-0.239261j,1.531621
-0.045941-0.895018j,-0.292744+0.145301j,0.292234-0.239158j,1.532708
-0.047333-0.895042j,-0.292471+0.145354j,0.291824-0.239054j,1.533795
-0.048725-0.895065j,-0.292199+0.145408j,0.291414-0.238949j,1.534880
-0.050117-0.895086j,-0.291927+0.145462j,0.291004-0.238843j,1.535964
-0.051509-0.895104j,-0.291656+0.145515j,0.290593-0.238736j,1.537048
-0.052901-0.895120j,-0.291384+0.145569j,0.290182-0.238628j,1.538130
-0.054294-0.895134j,-0.291113+0.145624j,0.289770-0.238519j,1.539211
-0.055687-0.895146j,-0.290843+0.145678j,0.289358-0.238408j,1.540292
-0.057080-0.895156j,-0.290572+0.145732j,0.288946-0.238297j,1.541372
-0.058473-0.895163j,-0.290302+0.145786j,0.288533-0.238184j,1.542450
-0.059866-0.895169j,-0.290032+0.145841j,0.288120-0.238071j,1.543528
-0.061259-0.895172j,-0.289763+0.145895j,0.287707-0.237956j,1.544605
-0.062653-0.895173j,-0.289493+0.145950j,0.287293-0.237840j,1.545681
-0.064047-0.895172j,-0.289224+0.146004j,0.286878-0.237723j,1.546756
-0.065441-0.895169j,-0.288955+0.146059j,0.286463-0.237605j,1.547830
-0.066835-0.895163j,-0.288687+0.146114j,0.286048-0.237486j,1.548903
-0.068229-0.895156j,-0.288419+0.146169j,0.285633-0.237366j,1.549975
-0.069623-0.895146j,-0.288151+0.146224j,0.285217-0.237245j,1.551046
-0.071018-0.895134j,-0.287883+0.146279j,0.284801-0.237123j,1.552117
-0.072412-0.895120j,-0.287616+0.146334j,0.284384-0.236999j,1.553186
-0.073807-0.895104j,-0.287349+0.146390j,0.283967-0.236875j,1.554254
-0.075202-0.895086j,-0.287082+0.146445j,0.283550-0.236749j,1.555322
-0.076597-0.895065j,-0.286816+0.146501j,0.283132-0.236622j,1.556388
-0.077992-0.895043j,-0.286550+0.146556j,0.282714-0.236495j,1.557454
-0.079387-0.895018j,-0.286284+0.146612j,0.282295-0.236366j,1.558519
-0.080782-0.894991j,-0.286018+0.146667j,0.281876-0.236236j,1.559582
-0.082177-0.894962j,-0.285753+0.146723j,0.281457-0.236105j,1.560645
-0.083573-0.894930j,-0.285488+0.146779j,0.281038-0.235973j,1.561707
-0.084969-0.894897j,-0.285223+0.146835j,0.280618-0.235840j,1.562767
-0.086364-0.894861j,-0.284959+0.146891j,0.280197-0.235706j,1.563827
-0.087760-0.894823j,-0.284694+0.146947j,0.279777-0.235570j,1.564886
-0.089156-0.894783j,-0.284431+0.147003j,0.279356-0.235434j,1.565944
-0.090552-0.894741j,-0.284167+0.147060j,0.278934-0.235296j,1.567001
-0.091948-0.894697j,-0.283903+0.147116j,0.278513-0.235158j,1.568057
-0.093344-0.894650j,-0.283640+0.147172j,0.278091-0.235018j,1.569112
-0.094740-0.894601j,-0.283378+0.147229j,0.277668-0.234877j,1.570167
-0.096137-0.894551j,-0.283115+0.147286j,0.277246-0.234736j,1.571220
-0.097533-0.894498j,-0.282853+0.147342j,0.276823-0.234593j,1.572272
-0.098929-0.894442j,-0.282591+0.147399j,0.276399-0.234449j,1.573323
-0.100326-0.894385j,-0.282329+0.147456j,0.275975-0.234304j,1.574374
-0.101722-0.894326j,-0.282068+0.147513j,0.275551-0.234157j,1.575423
-0.103119-0.894264j,-0.281806+0.147570j,0.275127-0.234010j,1.576472
-0.104516-0.894200j,-0.281545+0.147627j,0.274702-0.233862j,1.577519
-0.105912-0.894134j,-0.281285+0.147684j,0.274277-0.233712j,1.578566
-0.107309-0.894066j,-0.281024+0.147741j,0.273852-0.233562j,1.579611
-0.108706-0.893995j,-0.280764+0.147798j,0.273426-0.233410j,1.580656
-0.110103-0.893923j,-0.280504+0.147856j,0.273000-0.233258j,1.581699
-0.111500-0.893848j,-0.280245+0.147913j,0.272574-0.233104j,1.582742
-0.112897-0.893771j,-0.279986+0.147970j,0.272148-0.232949j,1.583784
-0.114294-0.893692j,-0.279727+0.148028j,0.271721-0.232793j,1.584824
-0.115691-0.893611j,-0.279468+0.148086j,0.271293-0.232636j,1.585864
-0.117088-0.893528j,-0.279209+0.148143j,0.270866-0.232478j,1.586903
-0.118485-0.893442j,-0.278951+0.148201j,0.270438-0.232319j,1.587941
-0.119882-0.893354j,-0.278693+0.148259j,0.270010-0.232159j,1.588978
-0.121279-0.893264j,-0.278435+0.148317j,0.269581-0.231997j,1.590014
-0.122676-0.893172j,-0.278178+0.148375j,0.269153-0.231835j,1.591049
-0.124073-0.893078j,-0.277921+0.148433j,0.268724-0.231672j,1.592083
-0.125470-0.892981j,-0.277664+0.148491j,0.268294-0.231507j,1.593116
-0.126867-0.892883j,-0.277407+0.148549j,0.267865-0.231341j,1.594148
-0.128264-0.892782j,-0.277151+0.148607j,0.267435-0.231175j,1.595179
-0.129661-0.892679j,-0.276895+0.148666j,0.267005-0.231007j,1.596209
-0.131058-0.892574j,-0.276639+0.148724j,0.266574-0.230838j,1.597238
-0.132455-0.892467j,-0.276383+0.148782j,0.266144-0.230668j,1.598266
-0.133852-0.892357j,-0.276128+0.148841j,0.265713-0.230497j,1.599293
-0.135249-0.892245j,-0.275873+0.148900j,0.265281-0.230325j,1.600320
-0.136646-0.892131j,-0.275618+0.148958j,0.264850-0.230152j,1.601345
-0.138043-0.892015j,-0.275364+0.149017j,0.264418-0.229977j,1.602369
-0.139440-0.891897j,-0.275109+0.149076j,0.263986-0.229802j,1.603392
-0.140837-0.891777j,-0.274855+0.149134j,0.263553-0.229626j,1.604415
-0.142234-0.891654j,-0.274602+0.149193j,0.263121-0.229448j,1.605436
-0.143631-0.891530j,-0.274348+0.149252j,0.262688-0.229270j,1.606456
-0.145027-0.891403j,-0.274095+0.149311j,0.262255-0.229090j,1.607476
-0.146424-0.891273j,-0.273842+0.149370j,0.261821-0.228909j,1.608494
-0.147821-0.891142j,-0.273589+0.149430j,0.261388-0.228728j,1.609511
-0.149217-0.891009j,-0.273337+0.149489j,0.260954-0.228545j,1.610528
-0.150614-0.890873j,-0.273085+0.149548j,0.260519-0.228361j,1.611543
-0.152010-0.890735j,-0.272833+0.149607j,0.260085-0.228176j,1.612558
-0.153407-0.890595j,-0.272581+0.149667j,0.259650-0.227990j,1.613571
-0.154803-0.890453j,-0.272329+0.149726j,0.259215-0.227803j,1.614584
-0.156200-0.890309j,-0.272078+0.149786j,0.258780-0.227615j,1.615595
-0.157596-0.890162j,-0.271827+0.149845j,0.258345-0.227425j,1.616606
-0.158992-0.890014j,-0.271577+0.149905j,0.257909-0.227235j,1.617615
-0.160388-0.889863j,-0.271326+0.149965j,0.257473-0.227044j,1.618624
-0.161784-0.889710j,-0.271076+0.150024j,0.257037-0.226851j,1.619631
-0.163180-0.889554j,-0.270826+0.150084j,0.256601-0.226658j,1.620638
-0.164576-0.889397j,-0.270576+0.150144j,0.256164-0.226463j,1.621644
-0.165971-0.889237j,-0.270327+0.150204j,0.255727-0.226267j,1.622648
-0.167367-0.889076j,-0.270078+0.150264j,0.255290-0.226071j,1.623652
-0.168763-0.888912j,-0.269829+0.150324j,0.254853-0.225873j,1.624654
-0.170158-0.888745j,-0.269580+0.150384j,0.254415-0.225674j,1.625656
-0.171553-0.888577j,-0.269332+0.150444j,0.253978-0.225474j,1.626657
-0.172948-0.888407j,-0.269083+0.150504j,0.253540-0.225273j,1.627656
-0.174344-0.888234j,-0.268835+0.150565j,0.253102-0.225071j,1.628655
-0.175738-0.888059j,-0.268588+0.150625j,0.252663-0.224868j,1.629653
-0.177133-0.887882j,-0.268340+0.150685j,0.252225-0.224664j,1.630649
-0.178528-0.887703j,-0.268093+0.150746j,0.251786-0.224458j,1.631645
-0.179923-0.887521j,-0.267846+0.150806j,0.251347-0.224252j,1.632640
-0.181317-0.887338j,-0.267599+0.150867j,0.250908-0.224045j,1.633633
-0.182711-0.887152j,-0.267353+0.150927j,0.250468-0.223836j,1.634626
-0.184106-0.886964j,-0.267107+0.150988j,0.250029-0.223627j,1.635618
-0.185500-0.886774j,-0.266861+0.151049j,0.249589-0.223416j,1.636608
-0.186893-0.886582j,-0.266615+0.151109j,0.249149-0.223205j,1.637598
-0.188287-0.886387j,-0.266369+0.151170j,0.248709-0.222992j,1.638587
-0.189681-0.886190j,-0.266124+0.151231j,0.248268-0.222778j,1.639574
-0.191074-0.885992j,-0.265879+0.151292j,0.247828-0.222564j,1.640561
-0.192468-0.885791j,-0.265634+0.151353j,0.247387-0.222348j,1.641547
-0.193861-0.885587j,-0.265390+0.151414j,0.246946-0.222131j,1.642531
-0.195254-0.885382j,-0.265146+0.151475j,0.246505-0.221913j,1.643515
-0.196646-0.885174j,-0.264901+0.151536j,0.246063-0.221694j,1.644498
-0.198039-0.884965j,-0.264658+0.151597j,0.245622-0.221474j,1.645479
-0.199431-0.884753j,-0.264414+0.151658j,0.245180-0.221253j,1.646460
-0.200824-0.884539j,-0.264171+0.151720j,0.244738-0.221031j,1.647440
-0.202216-0.884322j,-0.263928+0.151781j,0.244296-0.220808j,1.648418
-0.203608-0.884104j,-0.263685+0.151842j,0.243854-0.220584j,1.649396
-0.204999-0.883883j,-0.263442+0.151904j,0.243412-0.220359j,1.650373
-0.206391-0.883660j,-0.263200+0.151965j,0.242969-0.220132j,1.651348
-0.207782-0.883435j,-0.262958+0.152027j,0.242527-0.219905j,1.652323
-0.209173-0.883208j,-0.262716+0.152088j,0.242084-0.219677j,1.653296
-0.210564-0.882979j,-0.262474+0.152150j,0.241641-0.219447j,1.654269
-0.211955-0.882747j,-0.262233+0.152211j,0.241198-0.219217j,1.655240
-0.213345-0.882514j,-0.261991+0.152273j,0.240754-0.218985j,1.656211
-0.214736-0.882278j,-0.261750+0.152335j,0.240311-0.218753j,1.657181
-0.216126-0.882040j,-0.261510+0.152396j,0.239867-0.218519j,1.658149
-0.217516-0.881799j,-0.261269+0.152458j,0.239423-0.218285j,1.659117
-0.218905-0.881557j,-0.261029+0.152520j,0.238979-0.218049j,1.660083
-0.220295-0.881312j,-0.260789+0.152582j,0.238535-0.217812j,1.661049
-0.221684-0.881065j,-0.260549+0.152644j,0.238091-0.217575j,1.662013
-0.223073-0.880816j,-0.260309+0.152706j,0.237647-0.217336j,1.662977
-0.224461-0.880565j,-0.260070+0.152768j,0.237202-0.217096j,1.663939
-0.225850-0.880312j,-0.259831+0.152830j,0.236758-0.216855j,1.664900
-0.227238-0.880056j,-0.259592+0.152892j,0.236313-0.216614j,1.665861
-0.228626-0.879799j,-0.259353+0.152954j,0.235868-0.216371j,1.666820
-0.230014-0.879539j,-0.259115+0.153016j,0.235423-0.216127j,1.667779
-0.231401-0.879277j,-0.258877+0.153079j,0.234978-0.215882j,1.668736
-0.232788-0.879013j,-0.258639+0.153141j,0.234533-0.215636j,1.669692
-0.234175-0.878746j,-0.258401+0.153203j,0.234087-0.215389j,1.670648
-0.235562-0.878478j,-0.258163+0.153266j,0.233642-0.215141j,1.671602
-0.236948-0.878207j,-0.257926+0.153328j,0.233196-0.214892j,1.672555
-0.238334-0.877934j,-0.257689+0.153390j,0.232750-0.214642j,1.673507
-0.239720-0.877659j,-0.257452+0.153453j,0.232304-0.214391j,1.674459
-0.241106-0.877381j,-0.257216+0.153515j,0.231858-0.214139j,1.675409
-0.242491-0.877102j,-0.256979+0.153578j,0.231412-0.213886j,1.676358
-0.243876-0.876820j,-0.256743+0.153641j,0.230966-0.213632j,1.677306
-0.245261-0.876536j,-0.256507+0.153703j,0.230520-0.213377j,1.678253
-0.246645-0.876250j,-0.256271+0.153766j,0.230073-0.213120j,1.679199
-0.248030-0.875962j,-0.256036+0.153829j,0.229627-0.212863j,1.680144
-0.249413-0.875672j,-0.255800+0.153891j,0.229180-0.212605j,1.681088
-0.250797-0.875379j,-0.255565+0.153954j,0.228733-0.212346j,1.682031
-0.252180-0.875085j,-0.255331+0.154017j,0.228286-0.212086j,1.682973
-0.253563-0.874788j,-0.255096+0.154080j,0.227839-0.211824j,1.683914
-0.254946-0.874489j,-0.254862+0.154143j,0.227392-0.211562j,1.684854
-0.256328-0.874188j,-0.254627+0.154206j,0.226945-0.211299j,1.685793
-0.257710-0.873884j,-0.254393+0.154269j,0.226498-0.211035j,1.686731
-0.259092-0.873579j,-0.254160+0.154332j,0.226051-0.210770j,1.687668
-0.260473-0.873271j,-0.253926+0.154395j,0.225603-0.210503j,1.688604
-0.261854-0.872961j,-0.253693+0.154458j,0.225156-0.210236j,1.689538
-0.263235-0.872649j,-0.253460+0.154521j,0.224708-0.209968j,1.690472
-0.264615-0.872335j,-0.253227+0.154584j,0.224261-0.209699j,1.691405
-0.265995-0.872018j,-0.252994+0.154647j,0.223813-0.209428j,1.692336
-0.267375-0.871699j,-0.252762+0.154711j,0.223365-0.209157j,1.693267
-0.268754-0.871379j,-0.252530+0.154774j,0.222917-0.208885j,1.694197
-0.270133-0.871056j,-0.252298+0.154837j,0.222469-0.208612j,1.695125
-0.271512-0.870731j,-0.252066+0.154901j,0.222021-0.208338j,1.696053
-0.272890-0.870403j,-0.251834+0.154964j,0.221573-0.208062j,1.696979
-0.274268-0.870074j,-0.251603+0.155027j,0.221125-0.207786j,1.697904
-0.275645-0.869742j,-0.251372+0.155091j,0.220677-0.207509j,1.698829
-0.277023-0.869408j,-0.251141+0.155154j,0.220228-0.207231j,1.699752
-0.278399-0.869072j,-0.250910+0.155218j,0.219780-0.206952j,1.700674
-0.279776-0.868734j,-0.250680+0.155281j,0.219332-0.206671j,1.701596
-0.281152-0.868394j,-0.250449+0.155345j,0.218883-0.206390j,1.702516
-0.282528-0.868051j,-0.250219+0.155409j,0.218435-0.206108j,1.703435
-0.283903-0.867707j,-0.249989+0.155472j,0.217986-0.205825j,1.704353
-0.285278-0.867360j,-0.249760+0.155536j,0.217537-0.205541j,1.705270
-0.286652-0.867011j,-0.249530+0.155600j,0.217089-0.205256j,1.706186
-0.288026-0.866660j,-0.249301+0.155663j,0.216640-0.204970j,1.707101
-0.289400-0.866306j,-0.249072+0.155727j,0.216191-0.204683j,1.708015
-0.290773-0.865951j,-0.248843+0.155791j,0.215742-0.204395j,1.708928
-0.292146-0.865593j,-0.248614+0.155855j,0.215293-0.204106j,1.709840
-0.293519-0.865234j,-0.248386+0.155919j,0.214844-0.203816j,1.710751
-0.294891-0.864872j,-0.248158+0.155982j,0.214395-0.203525j,1.711661
-0.296263-0.864507j,-0.247930+0.156046j,0.213946-0.203233j,1.712570
-0.297634-0.864141j,-0.247702+0.156110j,0.213497-0.202940j,1.713477
-0.299005-0.863773j,-0.247474+0.156174j,0.213048-0.202646j,1.714384
-0.300375-0.863402j,-0.247247+0.156238j,0.212599-0.202351j,1.715290
-0.301745-0.863029j,-0.247020+0.156302j,0.212150-0.202056j,1.716194
-0.303115-0.862654j,-0.246793+0.156366j,0.211701-0.201759j,1.717098
-0.304484-0.862277j,-0.246566+0.156431j,0.211252-0.201461j,1.718000
-0.305853-0.861898j,-0.246340+0.156495j,0.210803-0.201163j,1.718901
-0.307221-0.861516j,-0.246113+0.156559j,0.210353-0.200863j,1.719802
-0.308589-0.861133j,-0.245887+0.156623j,0.209904-0.200562j,1.720701
-0.309956-0.860747j,-0.245661+0.156687j,0.209455-0.200261j,1.721599
-0.311323-0.860359j,-0.245435+0.156751j,0.209006-0.199958j,1.722496
-0.312689-0.859969j,-0.245210+0.156816j,0.208556-0.199655j,1.723393
-0.314055-0.859577j,-0.244985+0.156880j,0.208107-0.199351j,1.724288
-0.315421-0.859182j,-0.244759+0.156944j,0.207658-0.199045j,1.725182
-0.316786-0.858786j,-0.244535+0.157009j,0.207208-0.198739j,1.726075
-0.318151-0.858387j,-0.244310+0.157073j,0.206759-0.198432j,1.726967
-0.319515-0.857986j,-0.244085+0.157137j,0.206309-0.198123j,1.727857
-0.320878-0.857583j,-0.243861+0.157202j,0.205860-0.197814j,1.728747
-0.322242-0.857178j,-0.243637+0.157266j,0.205411-0.197504j,1.729636
-0.323604-0.856770j,-0.243413+0.157331j,0.204961-0.197193j,1.730524
-0.324966-0.856361j,-0.243189+0.157395j,0.204512-0.196881j,1.731410
-0.326328-0.855949j,-0.242966+0.157460j,0.204063-0.196568j,1.732296
-0.327689-0.855535j,-0.242742+0.157524j,0.203613-0.196254j,1.733180
-0.329050-0.855119j,-0.242519+0.157589j,0.203164-0.195940j,1.734064
-0.330410-0.854701j,-0.242296+0.157654j,0.202714-0.195624j,1.734946
-0.331770-0.854281j,-0.242073+0.157718j,0.202265-0.195307j,1.735827
-0.333129-0.853859j,-0.241851+0.157783j,0.201816-0.194990j,1.736708
-0.334488-0.853434j,-0.241628+0.157848j,0.201366-0.194671j,1.737587
-0.335846-0.853007j,-0.241406+0.157912j,0.200917-0.194352j,1.738465
-0.337204-0.852578j,-0.241184+0.157977j,0.200468-0.194031j,1.739342
-0.338561-0.852147j,-0.240963+0.158042j,0.200018-0.193710j,1.740218
-0.339918-0.851714j,-0.240741+0.158107j,0.199569-0.193388j,1.741093
-0.341274-0.851279j,-0.240520+0.158171j,0.199120-0.193065j,1.741967
-0.342630-0.850841j,-0.240298+0.158236j,0.198670-0.192741j,1.742840
-0.343985-0.850402j,-0.240077+0.158301j,0.198221-0.192416j,1.743711
-0.345339-0.849960j,-0.239857+0.158366j,0.197772-0.192090j,1.744582
-0.346693-0.849516j,-0.239636+0.158431j,0.197323-0.191763j,1.745452
-0.348047-0.849070j,-0.239415+0.158496j,0.196874-0.191435j,1.746320
-0.349400-0.848622j,-0.239195+0.158561j,0.196424-0.191107j,1.747188
-0.350752-0.848171j,-0.238975+0.158626j,0.195975-0.190777j,1.748054
-0.352104-0.847719j,-0.238755+0.158691j,0.195526-0.190447j,1.748920
-0.353455-0.847264j,-0.238536+0.158756j,0.195077-0.190115j,1.749784
-0.354806-0.846808j,-0.238316+0.158821j,0.194628-0.189783j,1.750647
-0.356156-0.846349j,-0.238097+0.158886j,0.194179-0.189450j,1.751509
-0.357505-0.845888j,-0.237878+0.158951j,0.193730-0.189116j,1.752370
-0.358854-0.845424j,-0.237659+0.159016j,0.193281-0.188781j,1.753230
-0.360203-0.844959j,-0.237440+0.159081j,0.192833-0.188445j,1.754089
-0.361551-0.844492j,-0.237222+0.159146j,0.192384-0.188108j,1.754947
-0.362898-0.844022j,-0.237003+0.159211j,0.191935-0.187770j,1.755804
-0.364245-0.843550j,-0.236785+0.159276j,0.191486-0.187432j,1.756660
-0.365591-0.843076j,-0.236567+0.159342j,0.191037-0.187092j,1.757514
-0.366936-0.842600j,-0.236349+0.159407j,0.190589-0.186752j,1.758368
-0.368281-0.842122j,-0.236132+0.159472j,0.190140-0.186411j,1.759220
-0.369625-0.841642j,-0.235914+0.159537j,0.189692-0.186068j,1.760072
-0.370969-0.841159j,-0.235697+0.159603j,0.189243-0.185725j,1.760922
-0.372312-0.840675j,-0.235480+0.159668j,0.188795-0.185382j,1.761771
-0.373655-0.840188j,-0.235263+0.159733j,0.188346-0.185037j,1.762620
-0.374997-0.839699j,-0.235046+0.159798j,0.187898-0.184691j,1.763467
-0.376338-0.839208j,-0.234830+0.159864j,0.187450-0.184344j,1.764313
-0.377679-0.838715j,-0.234614+0.159929j,0.187002-0.183997j,1.765158
-0.379019-0.838220j,-0.234398+0.159995j,0.186553-0.183649j,1.766002
-0.380358-0.837723j,-0.234182+0.160060j,0.186105-0.183299j,1.766844
-0.381697-0.837223j,-0.233966+0.160125j,0.185657-0.182949j,1.767686
-0.383035-0.836721j,-0.233750+0.160191j,0.185209-0.182598j,1.768527
-0.384372-0.836218j,-0.233535+0.160256j,0.184761-0.182247j,1.769366
-0.385709-0.835712j,-0.233320+0.160322j,0.184313-0.181894j,1.770205
-0.387046-0.835204j,-0.233104+0.160387j,0.183866-0.181540j,1.771042
-0.388381-0.834694j,-0.232890+0.160453j,0.183418-0.181186j,1.771879
-0.389716-0.834181j,-0.232675+0.160518j,0.182970-0.180831j,1.772714
-0.391050-0.833667j,-0.232460+0.160584j,0.182523-0.180474j,1.773548
-0.392384-0.833151j,-0.232246+0.160649j,0.182075-0.180117j,1.774381
-0.393717-0.832632j,-0.232032+0.160715j,0.181628-0.179759j,1.775213
-0.395049-0.832111j,-0.231818+0.160781j,0.181181-0.179401j,1.776044
-0.396381-0.831588j,-0.231604+0.160846j,0.180733-0.179041j,1.776874
-0.397712-0.831063j,-0.231390+0.160912j,0.180286-0.178681j,1.777703
-0.399042-0.830536j,-0.231177+0.160977j,0.179839-0.178319j,1.778531
-0.400372-0.830007j,-0.230964+0.161043j,0.179392-0.177957j,1.779357
-0.401701-0.829476j,-0.230751+0.161109j,0.178945-0.177594j,1.780183
-0.403029-0.828942j,-0.230538+0.161174j,0.178498-0.177230j,1.781007
-0.404357-0.828407j,-0.230325+0.161240j,0.178051-0.176866j,1.781830
-0.405684-0.827869j,-0.230112+0.161306j,0.177605-0.176500j,1.782653
-0.407010-0.827329j,-0.229900+0.161372j,0.177158-0.176134j,1.783474
-0.408336-0.826787j,-0.229688+0.161437j,0.176712-0.175767j,1.784294
-0.409661-0.826243j,-0.229476+0.161503j,0.176265-0.175398j,1.785113
-0.410985-0.825697j,-0.229264+0.161569j,0.175819-0.175030j,1.785931
-0.412308-0.825149j,-0.229052+0.161635j,0.175373-0.174660j,1.786748
-0.413631-0.824599j,-0.228841+0.161700j,0.174927-0.174289j,1.787563
-0.414953-0.824046j,-0.228629+0.161766j,0.174481-0.173918j,1.788378
-0.416274-0.823492j,-0.228418+0.161832j,0.174035-0.173546j,1.789192
-0.417595-0.822935j,-0.228207+0.161898j,0.173589-0.173173j,1.790004
-0.418915-0.822376j,-0.227996+0.161964j,0.173143-0.172799j,1.790816
-0.420234-0.821815j,-0.227785+0.162030j,0.172697-0.172424j,1.791626
-0.421552-0.821252j,-0.227575+0.162096j,0.172252-0.172048j,1.792435
-0.422870-0.820687j,-0.227365+0.162162j,0.171806-0.171672j,1.793243
-0.424187-0.820120j,-0.227154+0.162227j,0.171361-0.171295j,1.794050
-0.425503-0.819551j,-0.226944+0.162293j,0.170916-0.170917j,1.794856
-0.426819-0.818980j,-0.226735+0.162359j,0.170471-0.170538j,1.795661
-0.428133-0.818406j,-0.226525+0.162425j,0.170026-0.170158j,1.796465
-0.429447-0.817830j,-0.226315+0.162491j,0.169581-0.169778j,1.797267
-0.430761-0.817253j,-0.226106+0.162557j,0.169136-0.169397j,1.798069
-0.432073-0.816673j,-0.225897+0.162623j,0.168691-0.169015j,1.798869
-0.433385-0.816091j,-0.225688+0.162689j,0.168246-0.168632j,1.799669
-0.434696-0.815507j,-0.225479+0.162755j,0.167802-0.168248j,1.800467
-0.436006-0.814921j,-0.225270+0.162821j,0.167358-0.167864j,1.801264
-0.437315-0.814333j,-0.225062+0.162887j,0.166913-0.167478j,1.802060
-0.438624-0.813743j,-0.224853+0.162953j,0.166469-0.167092j,1.802855
-0.439932-0.813150j,-0.224645+0.163019j,0.166025-0.166705j,1.803649
-0.441239-0.812556j,-0.224437+0.163086j,0.165581-0.166318j,1.804442
-0.442545-0.811959j,-0.224229+0.163152j,0.165137-0.165929j,1.805234
-0.443851-0.811361j,-0.224022+0.163218j,0.164694-0.165540j,1.806024
-0.445156-0.810760j,-0.223814+0.163284j,0.164250-0.165150j,1.806814
-0.446460-0.810157j,-0.223607+0.163350j,0.163807-0.164759j,1.807602
-0.447763-0.809552j,-0.223400+0.163416j,0.163363-0.164368j,1.808390
-0.449065-0.808945j,-0.223193+0.163482j,0.162920-0.163975j,1.809176
-0.450367-0.808336j,-0.222986+0.163548j,0.162477-0.163582j,1.809961
-0.451668-0.807725j,-0.222779+0.163615j,0.162034-0.163188j,1.810745
-0.452967-0.807112j,-0.222573+0.163681j,0.161591-0.162793j,1.811528
-0.454267-0.806497j,-0.222366+0.163747j,0.161149-0.162398j,1.812310
-0.455565-0.805879j,-0.222160+0.163813j,0.160706-0.162001j,1.813091
-0.456862-0.805260j,-0.221954+0.163879j,0.160264-0.161604j,1.813870
-0.458159-0.804639j,-0.221748+0.163946j,0.159822-0.161206j,1.814649
-0.459455-0.804015j,-0.221542+0.164012j,0.159379-0.160808j,1.815426
-0.460750-0.803389j,-0.221337+0.164078j,0.158937-0.160408j,1.816202
-0.462044-0.802762j,-0.221131+0.164144j,0.158495-0.160008j,1.816978
-0.463338-0.802132j,-0.220926+0.164211j,0.158054-0.159607j,1.817752
-0.464630-0.801500j,-0.220721+0.164277j,0.157612-0.159205j,1.818525
-0.465922-0.800866j,-0.220516+0.164343j,0.157171-0.158803j,1.819297
-0.467213-0.800230j,-0.220311+0.164409j,0.156729-0.158400j,1.820068
-0.468503-0.799592j,-0.220106+0.164476j,0.156288-0.157996j,1.820837
-0.469792-0.798952j,-0.219902+0.164542j,0.155847-0.157591j,1.821606
-0.471080-0.798309j,-0.219698+0.164608j,0.155406-0.157185j,1.822373
-0.472368-0.797665j,-0.219493+0.164675j,0.154965-0.156779j,1.823140
-0.473654-0.797019j,-0.219289+0.164741j,0.154524-0.156372j,1.823905
-0.474940-0.796370j,-0.219085+0.164807j,0.154084-0.155964j,1.824669
-0.476225-0.795720j,-0.218882+0.164874j,0.153644-0.155556j,1.825432
-0.477509-0.795067j,-0.218678+0.164940j,0.153203-0.155147j,1.826194
-0.478792-0.794413j,-0.218475+0.165006j,0.152763-0.154737j,1.826955
-0.480074-0.793756j,-0.218272+0.165073j,0.152323-0.154326j,1.827715
-0.481356-0.793097j,-0.218068+0.165139j,0.151883-0.153914j,1.828474
-0.482636-0.792437j,-0.217866+0.165206j,0.151444-0.153502j,1.829231
-0.483916-0.791774j,-0.217663+0.165272j,0.151004-0.153089j,1.829988
-0.485194-0.791109j,-0.217460+0.165338j,0.150565-0.152675j,1.830743
-0.486472-0.790442j,-0.217258+0.165405j,0.150126-0.152261j,1.831497
-0.487749-0.789773j,-0.217055+0.165471j,0.149687-0.151846j,1.832250
-0.489025-0.789102j,-0.216853+0.165538j,0.149248-0.151430j,1.833003
-0.490300-0.788429j,-0.216651+0.165604j,0.148809-0.151013j,1.833753
-0.491574-0.787754j,-0.216449+0.165671j,0.148370-0.150596j,1.834503
-0.492848-0.787077j,-0.216247+0.165737j,0.147932-0.150178j,1.835252
-0.494120-0.786398j,-0.216046+0.165803j,0.147494-0.149759j,1.836000
-0.495392-0.785716j,-0.215844+0.165870j,0.147056-0.149339j,1.836746
-0.496662-0.785033j,-0.215643+0.165936j,0.146618-0.148919j,1.837491
-0.497932-0.784348j,-0.215442+0.166003j,0.146180-0.148498j,1.838236
-0.499200-0.783660j,-0.215241+0.166069j,0.145742-0.148076j,1.838979
-0.500468-0.782971j,-0.215040+0.166136j,0.145305-0.147654j,1.839721
-0.501735-0.782279j,-0.214839+0.166202j,0.144867-0.147231j,1.840462
-0.503001-0.781586j,-0.214639+0.166269j,0.144430-0.146807j,1.841202
-0.504266-0.780890j,-0.214439+0.166335j,0.143993-0.146383j,1.841940
-0.505530-0.780193j,-0.214238+0.166402j,0.143556-0.145957j,1.842678
-0.506793-0.779493j,-0.214038+0.166468j,0.143119-0.145531j,1.843414
-0.508055-0.778791j,-0.213838+0.166535j,0.142683-0.145105j,1.844150
-0.509316-0.778088j,-0.213638+0.166602j,0.142246-0.144677j,1.844884
-0.510577-0.777382j,-0.213439+0.166668j,0.141810-0.144249j,1.845617
-0.511836-0.776674j,-0.213239+0.166735j,0.141374-0.143820j,1.846349
-0.513094-0.775965j,-0.213040+0.166801j,0.140938-0.143391j,1.847080
-0.514352-0.775253j,-0.212841+0.166868j,0.140503-0.142961j,1.847810
-0.515608-0.774539j,-0.212641+0.166934j,0.140067-0.142530j,1.848539
-0.516863-0.773823j,-0.212443+0.167001j,0.139632-0.142098j,1.849266
-0.518118-0.773105j,-0.212244+0.167067j,0.139196-0.141666j,1.849993
-0.519371-0.772386j,-0.212045+0.167134j,0.138761-0.141233j,1.850718
-0.520624-0.771664j,-0.211847+0.167201j,0.138326-0.140800j,1.851442
-0.521875-0.770940j,-0.211648+0.167267j,0.137892-0.140365j,1.852165
-0.523126-0.770214j,-0.211450+0.167334j,0.137457-0.139930j,1.852887
-0.524375-0.769486j,-0.211252+0.167400j,0.137023-0.139495j,1.853608
-0.525624-0.768756j,-0.211054+0.167467j,0.136589-0.139058j,1.854328
-0.526871-0.768024j,-0.210856+0.167534j,0.136155-0.138621j,1.855047
-0.528118-0.767290j,-0.210658+0.167600j,0.135721-0.138184j,1.855764
-0.529363-0.766554j,-0.210461+0.167667j,0.135287-0.137745j,1.856481
-0.530608-0.765816j,-0.210264+0.167733j,0.134853-0.137306j,1.857196
-0.531851-0.765076j,-0.210066+0.167800j,0.134420-0.136867j,1.857910
-0.533094-0.764334j,-0.209869+0.167867j,0.133987-0.136426j,1.858623
-0.534335-0.763590j,-0.209672+0.167933j,0.133554-0.135985j,1.859335
-0.535575-0.762844j,-0.209475+0.168000j,0.133121-0.135544j,1.860046
-0.536815-0.762096j,-0.209279+0.168067j,0.132689-0.135101j,1.860756
-0.538053-0.761346j,-0.209082+0.168133j,0.132256-0.134658j,1.861464
-0.539291-0.760594j,-0.208886+0.168200j,0.131824-0.134215j,1.862172
-0.540527-0.759840j,-0.208689+0.168267j,0.131392-0.133770j,1.862878
-0.541762-0.759084j,-0.208493+0.168333j,0.130960-0.133325j,1.863583
-0.542997-0.758326j,-0.208297+0.168400j,0.130528-0.132880j,1.864287
-0.544230-0.757566j,-0.208101+0.168467j,0.130096-0.132433j,1.864990
-0.545462-0.756804j,-0.207906+0.168533j,0.129665-0.131986j,1.865692
-0.546693-0.756040j,-0.207710+0.168600j,0.129234-0.131539j,1.866393
-0.547923-0.755274j,-0.207515+0.168667j,0.128803-0.131090j,1.867093
-0.549152-0.754506j,-0.207319+0.168733j,0.128372-0.130642j,1.867791
-0.550380-0.753736j,-0.207124+0.168800j,0.127941-0.130192j,1.868489
-0.551607-0.752964j,-0.206929+0.168867j,0.127511-0.129742j,1.869185
-0.552833-0.752190j,-0.206734+0.168933j,0.127080-0.129291j,1.869880
-0.554058-0.751414j,-0.206539+0.169000j,0.126650-0.128840j,1.870574
-0.555281-0.750636j,-0.206345+0.169067j,0.126220-0.128387j,1.871267
-0.556504-0.749856j,-0.206150+0.169133j,0.125791-0.127935j,1.871959
-0.557725-0.749075j,-0.205956+0.169200j,0.125361-0.127481j,1.872649
-0.558946-0.748291j,-0.205761+0.169267j,0.124932-0.127027j,1.873339
-0.560165-0.747505j,-0.205567+0.169334j,0.124502-0.126573j,1.874027
-0.561384-0.746717j,-0.205373+0.169400j,0.124073-0.126117j,1.874715
-0.562601-0.745928j,-0.205180+0.169467j,0.123645-0.125662j,1.875401
-0.563817-0.745136j,-0.204986+0.169534j,0.123216-0.125205j,1.876086
-0.565032-0.744342j,-0.204792+0.169600j,0.122787-0.124748j,1.876770
-0.566246-0.743546j,-0.204599+0.169667j,0.122359-0.124290j,1.877453
-0.567459-0.742749j,-0.204405+0.169734j,0.121931-0.123832j,1.878134
-0.568670-0.741949j,-0.204212+0.169801j,0.121503-0.123373j,1.878815
-0.569881-0.741148j,-0.204019+0.169867j,0.121076-0.122913j,1.879494
-0.571090-0.740344j,-0.203826+0.169934j,0.120648-0.122453j,1.880173
-0.572299-0.739539j,-0.203633+0.170001j,0.120221-0.121992j,1.880850
-0.573506-0.738731j,-0.203441+0.170068j,0.119794-0.121531j,1.881526
-0.574712-0.737922j,-0.203248+0.170134j,0.119367-0.121069j,1.882201
-0.575917-0.737111j,-0.203056+0.170201j,0.118940-0.120606j,1.882875
-0.577121-0.736297j,-0.202863+0.170268j,0.118513-0.120143j,1.883547
-0.578324-0.735482j,-0.202671+0.170334j,0.118087-0.119679j,1.884219
-0.579525-0.734665j,-0.202479+0.170401j,0.117661-0.119214j,1.884889
-0.580726-0.733846j,-0.202287+0.170468j,0.117235-0.118749j,1.885559
-0.581925-0.733025j,-0.202095+0.170535j,0.116809-0.118284j,1.886227
-0.583123-0.732202j,-0.201904+0.170601j,0.116383-0.117817j,1.886894
-0.584320-0.731377j,-0.201712+0.170668j,0.115958-0.117350j,1.887560
-0.585516-0.730550j,-0.201521+0.170735j,0.115533-0.116883j,1.888224
-0.586711-0.729721j,-0.201329+0.170802j,0.115108-0.116415j,1.888888
-0.587905-0.728890j,-0.201138+0.170868j,0.114683-0.115946j,1.889551
-0.589097-0.728057j,-0.200947+0.170935j,0.114258-0.115477j,1.890212
-0.590288-0.727223j,-0.200756+0.171002j,0.113834-0.115007j,1.890872
-0.591478-0.726386j,-0.200566+0.171069j,0.113410-0.114537j,1.891531
-0.592667-0.725548j,-0.200375+0.171135j,0.112985-0.114066j,1.892189
-0.593855-0.724707j,-0.200184+0.171202j,0.112562-0.113594j,1.892846
-0.595042-0.723865j,-0.199994+0.171269j,0.112138-0.113122j,1.893502
-0.596227-0.723020j,-0.199804+0.171336j,0.111714-0.112649j,1.894157
-0.597411-0.722174j,-0.199613+0.171402j,0.111291-0.112176j,1.894810
-0.598594-0.721326j,-0.199423+0.171469j,0.110868-0.111702j,1.895463
-0.599776-0.720476j,-0.199233+0.171536j,0.110445-0.111228j,1.896114
-0.600957-0.719624j,-0.199044+0.171603j,0.110023-0.110753j,1.896764
-0.602136-0.718770j,-0.198854+0.171670j,0.109600-0.110277j,1.897413
-0.603315-0.717914j,-0.198664+0.171736j,0.109178-0.109801j,1.898061
-0.604492-0.717056j,-0.198475+0.171803j,0.108756-0.109324j,1.898708
-0.605667-0.716196j,-0.198286+0.171870j,0.108334-0.108847j,1.899353
-0.606842-0.715335j,-0.198096+0.171937j,0.107912-0.108369j,1.899998
-0.608016-0.714471j,-0.197907+0.172003j,0.107491-0.107891j,1.900641
-0.609188-0.713606j,-0.197718+0.172070j,0.107069-0.107412j,1.901283
-0.610359-0.712738j,-0.197530+0.172137j,0.106648-0.106932j,1.901924
-0.611529-0.711869j,-0.197341+0.172204j,0.106227-0.106452j,1.902564
-0.612697-0.710998j,-0.197152+0.172270j,0.105807-0.105972j,1.903203
-0.613865-0.710125j,-0.196964+0.172337j,0.105386-0.105490j,1.903841
-0.615031-0.709250j,-0.196775+0.172404j,0.104966-0.105009j,1.904477
-0.616196-0.708373j,-0.196587+0.172471j,0.104546-0.104526j,1.905113
-0.617359-0.707494j,-0.196399+0.172537j,0.104126-0.104043j,1.905747
-0.618522-0.706614j,-0.196211+0.172604j,0.103706-0.103560j,1.906380
-0.619683-0.705731j,-0.196023+0.172671j,0.103286-0.103076j,1.907012
-0.620843-0.704847j,-0.195835+0.172738j,0.102867-0.102592j,1.907643
-0.622002-0.703960j,-0.195648+0.172804j,0.102448-0.102107j,1.908273
-0.623159-0.703072j,-0.195460+0.172871j,0.102029-0.101621j,1.908901
-0.624315-0.702182j,-0.195273+0.172938j,0.101610-0.101135j,1.909529
-0.625470-0.701290j,-0.195085+0.173005j,0.101192-0.100648j,1.910155
-0.626624-0.700396j,-0.194898+0.173071j,0.100774-0.100161j,1.910780
-0.627776-0.699500j,-0.194711+0.173138j,0.100356-0.099673j,1.911404
-0.628927-0.698602j,-0.194524+0.173205j,0.099938-0.099185j,1.912027
-0.630077-0.697703j,-0.194337+0.173272j,0.099520-0.098696j,1.912649
-0.631226-0.696801j,-0.194150+0.173338j,0.099102-0.098207j,1.913270
-0.632373-0.695898j,-0.193964+0.173405j,0.098685-0.097717j,1.913889
-0.633519-0.694993j,-0.193777+0.173472j,0.098268-0.097227j,1.914508
-0.634664-0.694086j,-0.193591+0.173539j,0.097851-0.096736j,1.915125
-0.635808-0.693177j,-0.193405+0.173605j,0.097434-0.096244j,1.915741
-0.636950-0.692266j,-0.193218+0.173672j,0.097018-0.095753j,1.916356
-0.638091-0.691354j,-0.193032+0.173739j,0.096602-0.095260j,1.916970
-0.639230-0.690439j,-0.192846+0.173806j,0.096185-0.094767j,1.917583
-0.640369-0.689523j,-0.192661+0.173872j,0.095770-0.094274j,1.918194
-0.641506-0.688604j,-0.192475+0.173939j,0.095354-0.093780j,1.918805
-0.642642-0.687684j,-0.192289+0.174006j,0.094938-0.093285j,1.919414
-0.643776-0.686762j,-0.192104+0.174073j,0.094523-0.092790j,1.920022
-0.644909-0.685838j,-0.191918+0.174139j,0.094108-0.092295j,1.920629
-0.646041-0.684913j,-0.191733+0.174206j,0.093693-0.091799j,1.921235
-0.647172-0.683985j,-0.191548+0.174273j,0.093278-0.091302j,1.921840
-0.648301-0.683056j,-0.191363+0.174340j,0.092864-0.090805j,1.922444
-0.649429-0.682125j,-0.191178+0.174406j,0.092450-0.090307j,1.923046
-0.650555-0.681192j,-0.190993+0.174473j,0.092036-0.089809j,1.923647
-0.651680-0.680257j,-0.190808+0.174540j,0.091622-0.089311j,1.924248
-0.652804-0.679320j,-0.190624+0.174607j,0.091208-0.088812j,1.924847
-0.653927-0.678381j,-0.190439+0.174673j,0.090795-0.088312j,1.925445
-0.655048-0.677441j,-0.190255+0.174740j,0.090381-0.087812j,1.926042
-0.656168-0.676498j,-0.190070+0.174807j,0.089968-0.087312j,1.926637
-0.657287-0.675554j,-0.189886+0.174873j,0.089556-0.086810j,1.927232
-0.658404-0.674608j,-0.189702+0.174940j,0.089143-0.086309j,1.927825
-0.659520-0.673661j,-0.189518+0.175007j,0.088730-0.085807j,1.928417
-0.660634-0.672711j,-0.189334+0.175074j,0.088318-0.085304j,1.929009
-0.661747-0.671759j,-0.189150+0.175140j,0.087906-0.084801j,1.929599
-0.662859-0.670806j,-0.188967+0.175207j,0.087494-0.084298j,1.930187
-0.663970-0.669851j,-0.188783+0.175274j,0.087083-0.083794j,1.930775
-0.665079-0.668894j,-0.188600+0.175340j,0.086671-0.083290j,1.931362
-0.666187-0.667935j,-0.188416+0.175407j,0.086260-0.082785j,1.931947
-0.667293-0.666975j,-0.188233+0.175474j,0.085849-0.082279j,1.932531
-0.668398-0.666012j,-0.188050+0.175540j,0.085438-0.081773j,1.933115
-0.669502-0.665048j,-0.187867+0.175607j,0.085027-0.081267j,1.933697
-0.670604-0.664082j,-0.187684+0.175674j,0.084617-0.080760j,1.934277
-0.671705-0.663114j,-0.187501+0.175741j,0.084207-0.080253j,1.934857
-0.672804-0.662145j,-0.187319+0.175807j,0.083797-0.079745j,1.935436
-0.673902-0.661173j,-0.187136+0.175874j,0.083387-0.079237j,1.936013
-0.674999-0.660200j,-0.186954+0.175941j,0.082977-0.078728j,1.936590
-0.676094-0.659225j,-0.186771+0.176007j,0.082568-0.078219j,1.937165
-0.677188-0.658248j,-0.186589+0.176074j,0.082159-0.077709j,1.937739
-0.678281-0.657269j,-0.186407+0.176141j,0.081750-0.077199j,1.938312
-0.679372-0.656289j,-0.186225+0.176207j,0.081341-0.076688j,1.938883
-0.680462-0.655307j,-0.186043+0.176274j,0.080932-0.076177j,1.939454
-0.681550-0.654323j,-0.185861+0.176341j,0.080524-0.075666j,1.940023
-0.682637-0.653337j,-0.185679+0.176407j,0.080116-0.075154j,1.940592
-0.683723-0.652349j,-0.185497+0.176474j,0.079708-0.074642j,1.941159
-0.684807-0.651360j,-0.185316+0.176541j,0.079300-0.074129j,1.941725
-0.685889-0.650369j,-0.185134+0.176607j,0.078892-0.073615j,1.942290
-0.686971-0.649376j,-0.184953+0.176674j,0.078485-0.073102j,1.942854
-0.688050-0.648381j,-0.184771+0.176741j,0.078078-0.072587j,1.943416
-0.689129-0.647384j,-0.184590+0.176807j,0.077671-0.072073j,1.943978
-0.690206-0.646386j,-0.184409+0.176874j,0.077264-0.071558j,1.944538
-0.691281-0.645386j,-0.184228+0.176941j,0.076858-0.071042j,1.945097
-0.692356-0.644384j,-0.184047+0.177007j,0.076451-0.070526j,1.945655
-0.693428-0.643380j,-0.183866+0.177074j,0.076045-0.070010j,1.946212
-0.694499-0.642375j,-0.183686+0.177141j,0.075639-0.069493j,1.946768
-0.695569-0.641368j,-0.183505+0.177207j,0.075233-0.068975j,1.947323
-0.696638-0.640359j,-0.183325+0.177274j,0.074828-0.068457j,1.947876
-0.697705-0.639348j,-0.183144+0.177340j,0.074422-0.067939j,1.948429
-0.698770-0.638336j,-0.182964+0.177407j,0.074017-0.067421j,1.948980
-0.699834-0.637321j,-0.182784+0.177474j,0.073612-0.066902j,1.949530
-0.700897-0.636305j,-0.182604+0.177540j,0.073207-0.066382j,1.950079
-0.701958-0.635288j,-0.182424+0.177607j,0.072803-0.065862j,1.950627
-0.703017-0.634268j,-0.182244+0.177674j,0.072398-0.065342j,1.951173
-0.704075-0.633247j,-0.182064+0.177740j,0.071994-0.064821j,1.951719
-0.705132-0.632224j,-0.181884+0.177807j,0.071590-0.064300j,1.952263
-0.706187-0.631199j,-0.181705+0.177873j,0.071187-0.063778j,1.952806
-0.707241-0.630173j,-0.181525+0.177940j,0.070783-0.063256j,1.953348
-0.708293-0.629145j,-0.181346+0.178007j,0.070380-0.062733j,1.953889
-0.709344-0.628115j,-0.181166+0.178073j,0.069976-0.062210j,1.954429
-0.710393-0.627083j,-0.180987+0.178140j,0.069573-0.061687j,1.954968
-0.711441-0.626049j,-0.180808+0.178206j,0.069171-0.061163j,1.955505
-0.712488-0.625014j,-0.180629+0.178273j,0.068768-0.060639j,1.956041
-0.713532-0.623977j,-0.180450+0.178339j,0.068366-0.060114j,1.956577
-0.714576-0.622939j,-0.180271+0.178406j,0.067964-0.059589j,1.957111
-0.715618-0.621898j,-0.180092+0.178473j,0.067562-0.059064j,1.957644
-0.716658-0.620856j,-0.179914+0.178539j,0.067160-0.058538j,1.958175
-0.717697-0.619812j,-0.179735+0.178606j,0.066758-0.058012j,1.958706
-0.718734-0.618767j,-0.179557+0.178672j,0.066357-0.057485j,1.959236
-0.719770-0.617720j,-0.179378+0.178739j,0.065956-0.056958j,1.959764
-0.720804-0.616671j,-0.179200+0.178805j,0.065555-0.056431j,1.960291
-0.721837-0.615620j,-0.179022+0.178872j,0.065154-0.055903j,1.960817
-0.722868-0.614567j,-0.178843+0.178939j,0.064753-0.055374j,1.961342
-0.723898-0.613513j,-0.178665+0.179005j,0.064353-0.054846j,1.961866
-0.724926-0.612458j,-0.178488+0.179072j,0.063953-0.054317j,1.962388
-0.725953-0.611400j,-0.178310+0.179138j,0.063553-0.053787j,1.962910
-0.726978-0.610341j,-0.178132+0.179205j,0.063153-0.053257j,1.963430
-0.728002-0.609280j,-0.177954+0.179271j,0.062753-0.052727j,1.963949
-0.729024-0.608217j,-0.177777+0.179338j,0.062354-0.052196j,1.964467
-0.730045-0.607153j,-0.177599+0.179404j,0.061955-0.051665j,1.964984
-0.731064-0.606087j,-0.177422+0.179471j,0.061556-0.051134j,1.965500
-0.732081-0.605019j,-0.177244+0.179537j,0.061157-0.050602j,1.966015
-0.733097-0.603950j,-0.177067+0.179604j,0.060758-0.050069j,1.966528
-0.734112-0.602879j,-0.176890+0.179670j,0.060360-0.049537j,1.967040
-0.735124-0.601806j,-0.176713+0.179737j,0.059962-0.049004j,1.967551
-0.736136-0.600731j,-0.176536+0.179803j,0.059564-0.048470j,1.968061
-0.737145-0.599655j,-0.176359+0.179870j,0.059166-0.047937j,1.968570
-0.738154-0.598577j,-0.176182+0.179936j,0.058768-0.047402j,1.969078
-0.739160-0.597498j,-0.176006+0.180003j,0.058371-0.046868j,1.969585
-0.740165-0.596417j,-0.175829+0.180069j,0.057973-0.046333j,1.970090
-0.741169-0.595334j,-0.175653+0.180136j,0.057576-0.045797j,1.970594
-0.742171-0.594249j,-0.175476+0.180202j,0.057180-0.045262j,1.971097
-0.743171-0.593163j,-0.175300+0.180269j,0.056783-0.044726j,1.971599
-0.744170-0.592075j,-0.175124+0.180335j,0.056386-0.044189j,1.972100
-0.745167-0.590986j,-0.174947+0.180402j,0.055990-0.043652j,1.972600
-0.746163-0.589894j,-0.174771+0.180468j,0.055594-0.043115j,1.973098
-0.747157-0.588801j,-0.174595+0.180535j,0.055198-0.042577j,1.973596
-0.748149-0.587707j,-0.174419+0.180601j,0.054802-0.042040j,1.974092
-0.749140-0.586611j,-0.174244+0.180667j,0.054407-0.041501j,1.974587
-0.750129-0.585513j,-0.174068+0.180734j,0.054011-0.040962j,1.975081
-0.751117-0.584413j,-0.173892+0.180800j,0.053616-0.040423j,1.975574
-0.752103-0.583312j,-0.173717+0.180867j,0.053221-0.039884j,1.976066
-0.753087-0.582210j,-0.173541+0.180933j,0.052827-0.039344j,1.976556
-0.754070-0.581105j,-0.173366+0.181000j,0.052432-0.038804j,1.977046
-0.755052-0.579999j,-0.173190+0.181066j,0.052038-0.038264j,1.977534
-0.756031-0.578891j,-0.173015+0.181132j,0.051643-0.037723j,1.978021
-0.757009-0.577782j,-0.172840+0.181199j,0.051250-0.037181j,1.978507
-0.757986-0.576671j,-0.172665+0.181265j,0.050856-0.036640j,1.978992
-0.758961-0.575559j,-0.172490+0.181332j,0.050462-0.036098j,1.979475
-0.759934-0.574444j,-0.172315+0.181398j,0.050069-0.035556j,1.979958
-0.760905-0.573328j,-0.172140+0.181464j,0.049675-0.035013j,1.980439
-0.761875-0.572211j,-0.171965+0.181531j,0.049282-0.034470j,1.980919
-0.762844-0.571092j,-0.171791+0.181597j,0.048889-0.033926j,1.981398
-0.763810-0.569971j,-0.171616+0.181664j,0.048497-0.033383j,1.981876
-0.764775-0.568849j,-0.171442+0.181730j,0.048104-0.032839j,1.982353
-0.765739-0.567725j,-0.171267+0.181796j,0.047712-0.032294j,1.982828
-0.766701-0.566599j,-0.171093+0.181863j,0.047320-0.031749j,1.983303
-0.767661-0.565472j,-0.170919+0.181929j,0.046928-0.031204j,1.983776
-0.768619-0.564343j,-0.170744+0.181995j,0.046536-0.030659j,1.984248
-0.769576-0.563213j,-0.170570+0.182062j,0.046145-0.030113j,1.984719
-0.770531-0.562081j,-0.170396+0.182128j,0.045753-0.029567j,1.985189
-0.771485-0.560947j,-0.170222+0.182195j,0.045362-0.029020j,1.985658
-0.772437-0.559812j,-0.170049+0.182261j,0.044971-0.028474j,1.986125
-0.773387-0.558675j,-0.169875+0.182327j,0.044580-0.027926j,1.986592
-0.774335-0.557537j,-0.169701+0.182394j,0.044190-0.027379j,1.987057
-0.775282-0.556397j,-0.169527+0.182460j,0.043799-0.026831j,1.987521
-0.776228-0.555255j,-0.169354+0.182526j,0.043409-0.026283j,1.987984
-0.777171-0.554112j,-0.169180+0.182593j,0.043019-0.025734j,1.988446
-0.778113-0.552967j,-0.169007+0.182659j,0.042629-0.025186j,1.988907
-0.779053-0.551821j,-0.168834+0.182725j,0.042239-0.024636j,1.989366
-0.779992-0.550673j,-0.168661+0.182792j,0.041850-0.024087j,1.989824
-0.780929-0.549524j,-0.168487+0.182858j,0.041460-0.023537j,1.990282
-0.781864-0.548373j,-0.168314+0.182924j,0.041071-0.022987j,1.990738
-0.782798-0.547220j,-0.168141+0.182990j,0.040682-0.022437j,1.991193
-0.783729-0.546066j,-0.167968+0.183057j,0.040294-0.021886j,1.991646
-0.784660-0.544910j,-0.167796+0.183123j,0.039905-0.021335j,1.992099
-0.785588-0.543753j,-0.167623+0.183189j,0.039516-0.020783j,1.992550
-0.786515-0.542594j,-0.167450+0.183256j,0.039128-0.020231j,1.993001
-0.787440-0.541433j,-0.167277+0.183322j,0.038740-0.019679j,1.993450
-0.788363-0.540271j,-0.167105+0.183388j,0.038352-0.019127j,1.993898
-0.789285-0.539108j,-0.166932+0.183454j,0.037965-0.018574j,1.994345
-0.790205-0.537943j,-0.166760+0.183521j,0.037577-0.018021j,1.994791
-0.791123-0.536776j,-0.166588+0.183587j,0.037190-0.017468j,1.995235
-0.792040-0.535608j,-0.166415+0.183653j,0.036802-0.016914j,1.995679
-0.792955-0.534438j,-0.166243+0.183719j,0.036415-0.016360j,1.996121
-0.793868-0.533267j,-0.166071+0.183786j,0.036029-0.015806j,1.996562
-0.794779-0.532094j,-0.165899+0.183852j,0.035642-0.015251j,1.997002
-0.795689-0.530920j,-0.165727+0.183918j,0.035256-0.014696j,1.997441
-0.796597-0.529744j,-0.165555+0.183984j,0.034869-0.014141j,1.997878
-0.797503-0.528566j,-0.165384+0.184051j,0.034483-0.013586j,1.998315
-0.798407-0.527387j,-0.165212+0.184117j,0.034097-0.013030j,1.998750
-0.799310-0.526207j,-0.165040+0.184183j,0.033711-0.012474j,1.999184
-0.800211-0.525025j,-0.164869+0.184249j,0.033326-0.011917j,1.999617
-0.801111-0.523841j,-0.164697+0.184315j,0.032940-0.011360j,2.000049
-0.802008-0.522656j,-0.164526+0.184382j,0.032555-0.010803j,2.000480
-0.802904-0.521469j,-0.164354+0.184448j,0.032170-0.010246j,2.000910
-0.803798-0.520281j,-0.164183+0.184514j,0.031785-0.009688j,2.001338
-0.804691-0.519092j,-0.164012+0.184580j,0.031401-0.009130j,2.001766
-0.805581-0.517900j,-0.163841+0.184646j,0.031016-0.008572j,2.002192
-0.806470-0.516708j,-0.163669+0.184712j,0.030632-0.008014j,2.002617
-0.807357-0.515514j,-0.163498+0.184779j,0.030247-0.007455j,2.003041
-0.808242-0.514318j,-0.163328+0.184845j,0.029863-0.006896j,2.003463
-0.809126-0.513121j,-0.163157+0.184911j,0.029480-0.006336j,2.003885
-0.810008-0.511922j,-0.162986+0.184977j,0.029096-0.005776j,2.004305
-0.810888-0.510722j,-0.162815+0.185043j,0.028712-0.005216j,2.004724
-0.811766-0.509520j,-0.162644+0.185109j,0.028329-0.004656j,2.005143
-0.812643-0.508317j,-0.162474+0.185176j,0.027946-0.004096j,2.005559
-0.813518-0.507113j,-0.162303+0.185242j,0.027563-0.003535j,2.005975
-0.814391-0.505907j,-0.162133+0.185308j,0.027180-0.002974j,2.006390
-0.815262-0.504699j,-0.161962+0.185374j,0.026797-0.002412j,2.006803
-0.816131-0.503490j,-0.161792+0.185440j,0.026415-0.001850j,2.007216
-0.816999-0.502279j,-0.161622+0.185506j,0.026033-0.001288j,2.007627
-0.817865-0.501067j,-0.161452+0.185572j,0.025651-0.000726j,2.008037
-0.818729-0.499854j,-0.161282+0.185638j,0.025269-0.000164j,2.008446
-0.819591-0.498639j,-0.161112+0.185705j,0.024887+0.000399j,2.008854
-0.820452-0.497423j,-0.160942+0.185771j,0.024505+0.000962j,2.009260
-0.821310-0.496205j,-0.160772+0.185837j,0.024124+0.001526j,2.009666
-0.822167-0.494985j,-0.160602+0.185903j,0.023742+0.002090j,2.010070
-0.823022-0.493764j,-0.160432+0.185969j,0.023361+0.002653j,2.010473
-0.823876-0.492542j,-0.160262+0.186035j,0.022980+0.003218j,2.010875
-0.824727-0.491319j,-0.160093+0.186101j,0.022599+0.003782j,2.011276
-0.825577-0.490093j,-0.159923+0.186167j,0.022219+0.004347j,2.011676
-0.826425-0.488867j,-0.159754+0.186233j,0.021838+0.004912j,2.012074
-0.827271-0.487639j,-0.159584+0.186299j,0.021458+0.005477j,2.012471
-0.828115-0.486409j,-0.159415+0.186365j,0.021078+0.006043j,2.012868
-0.828958-0.485178j,-0.159245+0.186431j,0.020698+0.006609j,2.013263
-0.829798-0.483946j,-0.159076+0.186497j,0.020318+0.007175j,2.013657
-0.830637-0.482712j,-0.158907+0.186564j,0.019938+0.007741j,2.014049
-0.831474-0.481477j,-0.158738+0.186630j,0.019559+0.008308j,2.014441
-0.832309-0.480240j,-0.158569+0.186696j,0.019179+0.008875j,2.014831
-0.833143-0.479002j,-0.158400+0.186762j,0.018800+0.009442j,2.015221
-0.833974-0.477763j,-0.158231+0.186828j,0.018421+0.010009j,2.015609
-0.834804-0.476522j,-0.158062+0.186894j,0.018042+0.010577j,2.015996
-0.835632-0.475279j,-0.157893+0.186960j,0.017664+0.011145j,2.016382
-0.836458-0.474035j,-0.157724+0.187026j,0.017285+0.011713j,2.016766
-0.837282-0.472790j,-0.157556+0.187092j,0.016907+0.012282j,2.017150
-0.838105-0.471544j,-0.157387+0.187158j,0.016529+0.012851j,2.017532
-0.838925-0.470296j,-0.157219+0.187224j,0.016150+0.013420j,2.017914
-0.839744-0.469046j,-0.157050+0.187290j,0.015773+0.013989j,2.018294
-0.840561-0.467795j,-0.156882+0.187356j,0.015395+0.014558j,2.018673
-0.841376-0.466543j,-0.156713+0.187422j,0.015017+0.015128j,2.019050
-0.842189-0.465290j,-0.156545+0.187488j,0.014640+0.015698j,2.019427
-0.843000-0.464035j,-0.156377+0.187554j,0.014263+0.016268j,2.019802
-0.843809-0.462778j,-0.156209+0.187620j,0.013885+0.016839j,2.020177
-0.844617-0.461520j,-0.156040+0.187686j,0.013508+0.017410j,2.020550
-0.845423-0.460261j,-0.155872+0.187751j,0.013132+0.017980j,2.020922
-0.846226-0.459001j,-0.155704+0.187817j,0.012755+0.018552j,2.021293
-0.847028-0.457739j,-0.155536+0.187883j,0.012378+0.019123j,2.021663
-0.847828-0.456475j,-0.155369+0.187949j,0.012002+0.019695j,2.022031
-0.848627-0.455211j,-0.155201+0.188015j,0.011626+0.020267j,2.022399
-0.849423-0.453945j,-0.155033+0.188081j,0.011250+0.020839j,2.022765
-0.850217-0.452677j,-0.154865+0.188147j,0.010874+0.021412j,2.023130
-0.851010-0.451408j,-0.154698+0.188213j,0.010498+0.021984j,2.023494
-0.851801-0.450138j,-0.154530+0.188279j,0.010123+0.022557j,2.023857
-0.852590-0.448867j,-0.154363+0.188345j,0.009747+0.023130j,2.024218
-0.853376-0.447594j,-0.154195+0.188411j,0.009372+0.023704j,2.024579
-0.854162-0.446320j,-0.154028+0.188477j,0.008997+0.024277j,2.024938
-0.854945-0.445044j,-0.153860+0.188543j,0.008622+0.024851j,2.025296
-0.855726-0.443767j,-0.153693+0.188609j,0.008247+0.025425j,2.025653
-0.856505-0.442489j,-0.153526+0.188674j,0.007872+0.026000j,2.026009
-0.857283-0.441209j,-0.153359+0.188740j,0.007498+0.026574j,2.026364
-0.858058-0.439928j,-0.153191+0.188806j,0.007123+0.027149j,2.026717
-0.858832-0.438646j,-0.153024+0.188872j,0.006749+0.027724j,2.027070
-0.859604-0.437362j,-0.152857+0.188938j,0.006375+0.028299j,2.027421
-0.860374-0.436077j,-0.152690+0.189004j,0.006001+0.028875j,2.027771
-0.861142-0.434791j,-0.152524+0.189070j,0.005627+0.029451j,2.028120
-0.861908-0.433503j,-0.152357+0.189136j,0.005254+0.030027j,2.028468
-0.862672-0.432214j,-0.152190+0.189201j,0.004880+0.030603j,2.028815
-0.863434-0.430924j,-0.152023+0.189267j,0.004507+0.031179j,2.029160
-0.864194-0.429632j,-0.151857+0.189333j,0.004134+0.031756j,2.029504
-0.864953-0.428339j,-0.151690+0.189399j,0.003761+0.032333j,2.029848
-0.865709-0.427045j,-0.151523+0.189465j,0.003388+0.032910j,2.030190
-0.866464-0.425750j,-0.151357+0.189531j,0.003015+0.033487j,2.030531
-0.867216-0.424453j,-0.151190+0.189596j,0.002642+0.034065j,2.030870
-0.867967-0.423155j,-0.151024+0.189662j,0.002270+0.034642j,2.031209
-0.868716-0.421855j,-0.150858+0.189728j,0.001897+0.035220j,2.031546
-0.869462-0.420554j,-0.150691+0.189794j,0.001525+0.035798j,2.031883
-0.870207-0.419252j,-0.150525+0.189860j,0.001153+0.036377j,2.032218
-0.870950-0.417949j,-0.150359+0.189926j,0.000781+0.036955j,2.032552
-0.871691-0.416644j,-0.150193+0.189991j,0.000409+0.037534j,2.032884
-0.872430-0.415338j,-0.150027+0.190057j,0.000038+0.038113j,2.033216
-0.873167-0.414031j,-0.149861+0.190123j,-0.000334+0.038692j,2.033547
-0.873903-0.412723j,-0.149695+0.190189j,-0.000705+0.039272j,2.033876
-0.874636-0.411413j,-0.149529+0.190255j,-0.001076+0.039852j,2.034204
-0.875367-0.410102j,-0.149363+0.190320j,-0.001447+0.040431j,2.034531
-0.876096-0.408789j,-0.149197+0.190386j,-0.001818+0.041011j,2.034857
-0.876824-0.407476j,-0.149031+0.190452j,-0.002189+0.041592j,2.035182
-0.877549-0.406161j,-0.148866+0.190518j,-0.002560+0.042172j,2.035505
-0.878273-0.404845j,-0.148700+0.190583j,-0.002930+0.042753j,2.035828
-0.878994-0.403527j,-0.148535+0.190649j,-0.003301+0.043334j,2.036149
-0.879714-0.402209j,-0.148369+0.190715j,-0.003671+0.043915j,2.036469
-0.880431-0.400889j,-0.148203+0.190781j,-0.004041+0.044496j,2.036788
-0.881147-0.399568j,-0.148038+0.190846j,-0.004411+0.045078j,2.037106
-0.881860-0.398245j,-0.147873+0.190912j,-0.004781+0.045659j,2.037422
-0.882572-0.396921j,-0.147707+0.190978j,-0.005151+0.046241j,2.037738
-0.883282-0.395597j,-0.147542+0.191044j,-0.005520+0.046823j,2.038052
-0.883989-0.394270j,-0.147377+0.191109j,-0.005890+0.047406j,2.038365
-0.884695-0.392943j,-0.147212+0.191175j,-0.006259+0.047988j,2.038677
-0.885399-0.391614j,-0.147046+0.191241j,-0.006628+0.048571j,2.038988
-0.886101-0.390285j,-0.146881+0.191306j,-0.006997+0.049154j,2.039298
-0.886800-0.388953j,-0.146716+0.191372j,-0.007366+0.049737j,2.039607
-0.887498-0.387621j,-0.146551+0.191438j,-0.007735+0.050320j,2.039914
-0.888194-0.386288j,-0.146386+0.191504j,-0.008104+0.050904j,2.040220
-0.888888-0.384953j,-0.146221+0.191569j,-0.008472+0.051487j,2.040525
-0.889579-0.383617j,-0.146057+0.191635j,-0.008841+0.052071j,2.040829
-0.890269-0.382280j,-0.145892+0.191701j,-0.009209+0.052655j,2.041132
-0.890957-0.380941j,-0.145727+0.191766j,-0.009577+0.053240j,2.041434
-0.891643-0.379602j,-0.145562+0.191832j,-0.009945+0.053824j,2.041734
-0.892327-0.378261j,-0.145398+0.191898j,-0.010313+0.054409j,2.042034
-0.893008-0.376919j,-0.145233+0.191963j,-0.010681+0.054993j,2.042332
-0.893688-0.375575j,-0.145068+0.192029j,-0.011049+0.055578j,2.042629
-0.894366-0.374231j,-0.144904+0.192095j,-0.011416+0.056164j,2.042925
-0.895042-0.372885j,-0.144740+0.192160j,-0.011784+0.056749j,2.043219
-0.895716-0.371539j,-0.144575+0.192226j,-0.012151+0.057335j,2.043513
-0.896387-0.370191j,-0.144411+0.192292j,-0.012518+0.057920j,2.043805
-0.897057-0.368841j,-0.144246+0.192357j,-0.012885+0.058506j,2.044097
-0.897725-0.367491j,-0.144082+0.192423j,-0.013252+0.059092j,2.044387
-0.898390-0.366140j,-0.143918+0.192489j,-0.013619+0.059679j,2.044676
-0.899054-0.364787j,-0.143754+0.192554j,-0.013985+0.060265j,2.044963
-0.899716-0.363433j,-0.143590+0.192620j,-0.014352+0.060852j,2.045250
-0.900375-0.362078j,-0.143425+0.192685j,-0.014718+0.061438j,2.045535
-0.901033-0.360722j,-0.143261+0.192751j,-0.015085+0.062025j,2.045820
-0.901688-0.359364j,-0.143097+0.192817j,-0.015451+0.062613j,2.046103
-0.902342-0.358006j,-0.142933+0.192882j,-0.015817+0.063200j,2.046385
-0.902994-0.356646j,-0.142769+0.192948j,-0.016183+0.063787j,2.046666
-0.903643-0.355285j,-0.142606+0.193013j,-0.016549+0.064375j,2.046946
-0.904290-0.353923j,-0.142442+0.193079j,-0.016914+0.064963j,2.047224
-0.904936-0.352560j,-0.142278+0.193145j,-0.017280+0.065551j,2.047501
-0.905579-0.351196j,-0.142114+0.193210j,-0.017645+0.066139j,2.047778
-0.906220-0.349830j,-0.141951+0.193276j,-0.018011+0.066728j,2.048053
-0.906860-0.348463j,-0.141787+0.193341j,-0.018376+0.067316j,2.048327
-0.907497-0.347096j,-0.141623+0.193407j,-0.018741+0.067905j,2.048599
-0.908132-0.345727j,-0.141460+0.193473j,-0.019106+0.068494j,2.048871
-0.908765-0.344357j,-0.141296+0.193538j,-0.019471+0.069083j,2.049142
-0.909396-0.342986j,-0.141133+0.193604j,-0.019836+0.069672j,2.049411
-0.910025-0.341613j,-0.140969+0.193669j,-0.020200+0.070261j,2.049679
-0.910652-0.340240j,-0.140806+0.193735j,-0.020565+0.070851j,2.049946
-0.911277-0.338866j,-0.140642+0.193800j,-0.020929+0.071440j,2.050212
-0.911900-0.337490j,-0.140479+0.193866j,-0.021293+0.072030j,2.050477
-0.912520-0.336113j,-0.140316+0.193932j,-0.021658+0.072620j,2.050740
-0.913139-0.334735j,-0.140153+0.193997j,-0.022022+0.073211j,2.051002
-0.913756-0.333356j,-0.139989+0.194063j,-0.022386+0.073801j,2.051264
-0.914370-0.331976j,-0.139826+0.194128j,-0.022750+0.074391j,2.051524
-0.914982-0.330595j,-0.139663+0.194194j,-0.023113+0.074982j,2.051783
-0.915593-0.329213j,-0.139500+0.194259j,-0.023477+0.075573j,2.052040
-0.916201-0.327830j,-0.139337+0.194325j,-0.023840+0.076164j,2.052297
-0.916807-0.326445j,-0.139174+0.194390j,-0.024204+0.076755j,2.052552
-0.917412-0.325060j,-0.139011+0.194456j,-0.024567+0.077346j,2.052807
-0.918014-0.323673j,-0.138848+0.194521j,-0.024930+0.077938j,2.053060
-0.918614-0.322285j,-0.138685+0.194587j,-0.025293+0.078529j,2.053312
-0.919211-0.320897j,-0.138522+0.194652j,-0.025656+0.079121j,2.053563
-0.919807-0.319507j,-0.138360+0.194718j,-0.026019+0.079713j,2.053812
-0.920401-0.318116j,-0.138197+0.194783j,-0.026382+0.080305j,2.054061
-0.920993-0.316724j,-0.138034+0.194849j,-0.026745+0.080897j,2.054308
-0.921582-0.315331j,-0.137871+0.194914j,-0.027107+0.081489j,2.054554
-0.922169-0.313937j,-0.137709+0.194980j,-0.027470+0.082082j,2.054799
-0.922755-0.312542j,-0.137546+0.195045j,-0.027832+0.082675j,2.055043
-0.923338-0.311145j,-0.137384+0.195111j,-0.028194+0.083267j,2.055286
-0.923919-0.309748j,-0.137221+0.195176j,-0.028556+0.083860j,2.055528
-0.924498-0.308350j,-0.137059+0.195242j,-0.028919+0.084453j,2.055768
-0.925075-0.306950j,-0.136896+0.195307j,-0.029280+0.085047j,2.056007
-0.925650-0.305550j,-0.136734+0.195373j,-0.029642+0.085640j,2.056245
-0.926223-0.304148j,-0.136571+0.195438j,-0.030004+0.086234j,2.056482
-0.926793-0.302746j,-0.136409+0.195504j,-0.030366+0.086827j,2.056718
-0.927362-0.301342j,-0.136247+0.195569j,-0.030727+0.087421j,2.056953
-0.927928-0.299938j,-0.136085+0.195634j,-0.031089+0.088015j,2.057186
-0.928492-0.298532j,-0.135922+0.195700j,-0.031450+0.088609j,2.057419
-0.929055-0.297126j,-0.135760+0.195765j,-0.031811+0.089203j,2.057650
-0.929615-0.295718j,-0.135598+0.195831j,-0.032172+0.089798j,2.057880
-0.930172-0.294309j,-0.135436+0.195896j,-0.032533+0.090392j,2.058109
-0.930728-0.292900j,-0.135274+0.195962j,-0.032894+0.090987j,2.058337
-0.931282-0.291489j,-0.135112+0.196027j,-0.033255+0.091581j,2.058563
-0.931833-0.290077j,-0.134950+0.196092j,-0.033616+0.092176j,2.058788
-0.932383-0.288665j,-0.134788+0.196158j,-0.033976+0.092771j,2.059013
-0.932930-0.287251j,-0.134626+0.196223j,-0.034337+0.093366j,2.059236
-0.933475-0.285836j,-0.134464+0.196289j,-0.034697+0.093962j,2.059458
-0.934018-0.284421j,-0.134302+0.196354j,-0.035058+0.094557j,2.059679
-0.934559-0.283004j,-0.134140+0.196420j,-0.035418+0.095153j,2.059898
-0.935098-0.281586j,-0.133978+0.196485j,-0.035778+0.095748j,2.060117
-0.935634-0.280167j,-0.133816+0.196550j,-0.036138+0.096344j,2.060334
-0.936169-0.278748j,-0.133655+0.196616j,-0.036498+0.096940j,2.060550
-0.936701-0.277327j,-0.133493+0.196681j,-0.036858+0.097536j,2.060765
-0.937231-0.275906j,-0.133331+0.196747j,-0.037218+0.098133j,2.060979
-0.937759-0.274483j,-0.133170+0.196812j,-0.037578+0.098729j,2.061192
-0.938285-0.273059j,-0.133008+0.196877j,-0.037937+0.099325j,2.061403
-0.938809-0.271635j,-0.132846+0.196943j,-0.038297+0.099922j,2.061614
-0.939331-0.270209j,-0.132685+0.197008j,-0.038656+0.100519j,2.061823
-0.939850-0.268783j,-0.132523+0.197073j,-0.039016+0.101115j,2.062031
-0.940367-0.267356j,-0.132362+0.197139j,-0.039375+0.101712j,2.062238
-0.940882-0.265927j,-0.132200+0.197204j,-0.039734+0.102309j,2.062444
-0.941395-0.264498j,-0.132039+0.197270j,-0.040093+0.102907j,2.062648
-0.941906-0.263068j,-0.131878+0.197335j,-0.040452+0.103504j,2.062852
-0.942415-0.261636j,-0.131716+0.197400j,-0.040811+0.104101j,2.063054
-0.942921-0.260204j,-0.131555+0.197466j,-0.041170+0.104699j,2.063255
-0.943425-0.258771j,-0.131394+0.197531j,-0.041529+0.105297j,2.063455
-0.943928-0.257337j,-0.131232+0.197596j,-0.041887+0.105894j,2.063654
-0.944428-0.255902j,-0.131071+0.197662j,-0.042246+0.106492j,2.063852
-0.944925-0.254466j,-0.130910+0.197727j,-0.042604+0.107090j,2.064048
-0.945421-0.253030j,-0.130749+0.197792j,-0.042963+0.107689j,2.064243
-0.945914-0.251592j,-0.130588+0.197858j,-0.043321+0.108287j,2.064438
-0.946406-0.250153j,-0.130427+0.197923j,-0.043679+0.108885j,2.064631
-0.946895-0.248714j,-0.130265+0.197988j,-0.044037+0.109484j,2.064823
-0.947382-0.247273j,-0.130104+0.198054j,-0.044396+0.110082j,2.065013
-0.947867-0.245832j,-0.129943+0.198119j,-0.044753+0.110681j,2.065203
-0.948349-0.244389j,-0.129782+0.198184j,-0.045111+0.111280j,2.065391
-0.948829-0.242946j,-0.129621+0.198250j,-0.045469+0.111879j,2.065579
-0.949308-0.241502j,-0.129460+0.198315j,-0.045827+0.112478j,2.065765
-0.949784-0.240057j,-0.129300+0.198380j,-0.046185+0.113077j,2.065950
-0.950258-0.238611j,-0.129139+0.198446j,-0.046542+0.113676j,2.066133
-0.950729-0.237165j,-0.128978+0.198511j,-0.046900+0.114275j,2.066316
-0.951199-0.235717j,-0.128817+0.198576j,-0.047257+0.114875j,2.066498
-0.951666-0.234268j,-0.128656+0.198642j,-0.047615+0.115474j,2.066678
-0.952131-0.232819j,-0.128495+0.198707j,-0.047972+0.116074j,2.066857
-0.952594-0.231369j,-0.128335+0.198772j,-0.048329+0.116674j,2.067035
-0.953054-0.229917j,-0.128174+0.198838j,-0.048686+0.117274j,2.067212
-0.953513-0.228465j,-0.128013+0.198903j,-0.049043+0.117874j,2.067388
-0.953969-0.227013j,-0.127853+0.198968j,-0.049400+0.118474j,2.067562
-0.954423-0.225559j,-0.127692+0.199033j,-0.049757+0.119074j,2.067736
-0.954875-0.224104j,-0.127531+0.199099j,-0.050114+0.119674j,2.067908
-0.955325-0.222649j,-0.127371+0.199164j,-0.050471+0.120275j,2.068079
-0.955772-0.221192j,-0.127210+0.199229j,-0.050827+0.120875j,2.068249
-0.956217-0.219735j,-0.127050+0.199295j,-0.051184+0.121476j,2.068418
-0.956660-0.218277j,-0.126889+0.199360j,-0.051540+0.122077j,2.068585
-0.957101-0.216818j,-0.126729+0.199425j,-0.051897+0.122677j,2.068752
-0.957540-0.215359j,-0.126568+0.199490j,-0.052253+0.123278j,2.068917
-0.957976-0.213898j,-0.126408+0.199556j,-0.052610+0.123879j,2.069081
-0.958410-0.212437j,-0.126247+0.199621j,-0.052966+0.124480j,2.069244
-0.958842-0.210974j,-0.126087+0.199686j,-0.053322+0.125081j,2.069406
-0.959272-0.209511j,-0.125927+0.199752j,-0.053678+0.125683j,2.069567
-0.959700-0.208048j,-0.125766+0.199817j,-0.054034+0.126284j,2.069726
-0.960125-0.206583j,-0.125606+0.199882j,-0.054390+0.126885j,2.069885
-0.960548-0.205117j,-0.125446+0.199947j,-0.054746+0.127487j,2.070042
-0.960969-0.203651j,-0.125285+0.200013j,-0.055102+0.128089j,2.070198
-0.961387-0.202184j,-0.125125+0.200078j,-0.055458+0.128690j,2.070353
-0.961804-0.200716j,-0.124965+0.200143j,-0.055814+0.129292j,2.070507
-0.962218-0.199247j,-0.124805+0.200208j,-0.056169+0.129894j,2.070659
-0.962630-0.197778j,-0.124644+0.200274j,-0.056525+0.130496j,2.070811
-0.963040-0.196307j,-0.124484+0.200339j,-0.056880+0.131098j,2.070961
-0.963447-0.194836j,-0.124324+0.200404j,-0.057236+0.131700j,2.071110
-0.963852-0.193364j,-0.124164+0.200469j,-0.057591+0.132302j,2.071258
-0.964255-0.191892j,-0.124004+0.200535j,-0.057947+0.132905j,2.071405
-0.964656-0.190418j,-0.123844+0.200600j,-0.058302+0.133507j,2.071551
-0.965054-0.188944j,-0.123684+0.200665j,-0.058657+0.134110j,2.071695
-0.965451-0.187469j,-0.123524+0.200730j,-0.059012+0.134712j,2.071838
-0.965845-0.185993j,-0.123364+0.200796j,-0.059367+0.135315j,2.071981
-0.966236-0.184517j,-0.123204+0.200861j,-0.059722+0.135918j,2.072122
-0.966626-0.183039j,-0.123044+0.200926j,-0.060077+0.136520j,2.072261
-0.967013-0.181561j,-0.122884+0.200991j,-0.060432+0.137123j,2.072400
-0.967398-0.180082j,-0.122724+0.201057j,-0.060787+0.137726j,2.072538
-0.967781-0.178603j,-0.122564+0.201122j,-0.061142+0.138329j,2.072674
-0.968162-0.177122j,-0.122404+0.201187j,-0.061497+0.138932j,2.072809
-0.968540-0.175641j,-0.122244+0.201252j,-0.061851+0.139536j,2.072944
-0.968916-0.174160j,-0.122084+0.201318j,-0.062206+0.140139j,2.073076
-0.969290-0.172677j,-0.121925+0.201383j,-0.062561+0.140742j,2.073208
-0.969661-0.171194j,-0.121765+0.201448j,-0.062915+0.141346j,2.073339
-0.970031-0.169710j,-0.121605+0.201513j,-0.063270+0.141949j,2.073468
-0.970397-0.168225j,-0.121445+0.201579j,-0.063624+0.142553j,2.073597
-0.970762-0.166739j,-0.121285+0.201644j,-0.063978+0.143156j,2.073724
-0.971125-0.165253j,-0.121126+0.201709j,-0.064333+0.143760j,2.073850
-0.971485-0.163766j,-0.120966+0.201774j,-0.064687+0.144364j,2.073975
-0.971843-0.162278j,-0.120806+0.201839j,-0.065041+0.144968j,2.074098
-0.972199-0.160790j,-0.120647+0.201905j,-0.065395+0.145572j,2.074221
-0.972552-0.159301j,-0.120487+0.201970j,-0.065749+0.146176j,2.074342
-0.972903-0.157811j,-0.120327+0.202035j,-0.066103+0.146780j,2.074463
-0.973252-0.156320j,-0.120168+0.202100j,-0.066457+0.147384j,2.074582
-0.973599-0.154829j,-0.120008+0.202166j,-0.066811+0.147988j,2.074700
-0.973943-0.153337j,-0.119848+0.202231j,-0.067165+0.148592j,2.074816
-0.974285-0.151845j,-0.119689+0.202296j,-0.067519+0.149197j,2.074932
-0.974625-0.150351j,-0.119529+0.202361j,-0.067873+0.149801j,2.075046
-0.974962-0.148857j,-0.119370+0.202427j,-0.068227+0.150405j,2.075160
-0.975297-0.147363j,-0.119210+0.202492j,-0.068581+0.151010j,2.075272
-0.975630-0.145867j,-0.119051+0.202557j,-0.068934+0.151614j,2.075383
-0.975961-0.144371j,-0.118891+0.202622j,-0.069288+0.152219j,2.075493
-0.976289-0.142875j,-0.118732+0.202687j,-0.069641+0.152824j,2.075601
-0.976615-0.141377j,-0.118572+0.202753j,-0.069995+0.153429j,2.075709
-0.976939-0.139879j,-0.118413+0.202818j,-0.070349+0.154033j,2.075815
-0.977261-0.138381j,-0.118253+0.202883j,-0.070702+0.154638j,2.075920
-0.977580-0.136881j,-0.118094+0.202948j,-0.071055+0.155243j,2.076024
-0.977897-0.135381j,-0.117934+0.203014j,-0.071409+0.155848j,2.076127
-0.978212-0.133881j,-0.117775+0.203079j,-0.071762+0.156453j,2.076229
-0.978524-0.132379j,-0.117615+0.203144j,-0.072115+0.157058j,2.076330
-0.978834-0.130877j,-0.117456+0.203209j,-0.072469+0.157663j,2.076429
-0.979142-0.129375j,-0.117297+0.203275j,-0.072822+0.158269j,2.076527
-0.979447-0.127871j,-0.117137+0.203340j,-0.073175+0.158874j,2.076624
-0.979750-0.126368j,-0.116978+0.203405j,-0.073528+0.159479j,2.076720
-0.980051-0.124863j,-0.116818+0.203470j,-0.073881+0.160085j,2.076815
-0.980350-0.123358j,-0.116659+0.203536j,-0.074234+0.160690j,2.076909
-0.980646-0.121852j,-0.116500+0.203601j,-0.074587+0.161295j,2.077001
-0.980940-0.120346j,-0.116340+0.203666j,-0.074940+0.161901j,2.077093
-0.981232-0.118839j,-0.116181+0.203731j,-0.075293+0.162506j,2.077183
-0.981521-0.117331j,-0.116022+0.203797j,-0.075646+0.163112j,2.077272
-0.981808-0.115823j,-0.115862+0.203862j,-0.075999+0.163718j,2.077360
-0.982093-0.114314j,-0.115703+0.203927j,-0.076352+0.164323j,2.077446
-0.982375-0.112805j,-0.115544+0.203992j,-0.076705+0.164929j,2.077532
-0.982656-0.111295j,-0.115385+0.204058j,-0.077058+0.165535j,2.077616
-0.982933-0.109784j,-0.115225+0.204123j,-0.077411+0.166141j,2.077699
-0.983209-0.108273j,-0.115066+0.204188j,-0.077763+0.166747j,2.077782
-0.983482-0.106761j,-0.114907+0.204253j,-0.078116+0.167353j,2.077862
-0.983753-0.105249j,-0.114748+0.204319j,-0.078469+0.167958j,2.077942
-0.984022-0.103736j,-0.114588+0.204384j,-0.078822+0.168564j,2.078021
-0.984288-0.102222j,-0.114429+0.204449j,-0.079174+0.169171j,2.078098
-0.984552-0.100708j,-0.114270+0.204515j,-0.079527+0.169777j,2.078175
-0.984814-0.099193j,-0.114111+0.204580j,-0.079879+0.170383j,2.078250
-0.985073-0.097678j,-0.113951+0.204645j,-0.080232+0.170989j,2.078324
-0.985330-0.096162j,-0.113792+0.204711j,-0.080585+0.171595j,2.078397
-0.985585-0.094646j,-0.113633+0.204776j,-0.080937+0.172201j,2.078468
-0.985837-0.093129j,-0.113474+0.204841j,-0.081290+0.172807j,2.078539
-0.986087-0.091611j,-0.113314+0.204907j,-0.081642+0.173414j,2.078608
-0.986335-0.090093j,-0.113155+0.204972j,-0.081995+0.174020j,2.078676
-0.986580-0.088575j,-0.112996+0.205037j,-0.082347+0.174626j,2.078743
-0.986823-0.087056j,-0.112837+0.205103j,-0.082700+0.175233j,2.078809
-0.987064-0.085536j,-0.112677+0.205168j,-0.083052+0.175839j,2.078874
-0.987302-0.084016j,-0.112518+0.205234j,-0.083404+0.176445j,2.078938
-0.987538-0.082495j,-0.112359+0.205299j,-0.083757+0.177052j,2.079000
-0.987772-0.080974j,-0.112200+0.205364j,-0.084109+0.177658j,2.079061
-0.988003-0.079452j,-0.112040+0.205430j,-0.084462+0.178265j,2.079121
-0.988233-0.077930j,-0.111881+0.205495j,-0.084814+0.178871j,2.079180
-0.988459-0.076407j,-0.111722+0.205561j,-0.085166+0.179478j,2.079238
-0.988684-0.074883j,-0.111562+0.205626j,-0.085519+0.180084j,2.079295
-0.988906-0.073359j,-0.111403+0.205692j,-0.085871+0.180691j,2.079350
-0.989125-0.071835j,-0.111244+0.205757j,-0.086224+0.181297j,2.079405
-0.989343-0.070310j,-0.111084+0.205823j,-0.086576+0.181904j,2.079458
-0.989558-0.068785j,-0.110925+0.205888j,-0.086928+0.182510j,2.079510
-0.989771-0.067259j,-0.110766+0.205954j,-0.087281+0.183117j,2.079561
-0.989981-0.065733j,-0.110606+0.206020j,-0.087633+0.183724j,2.079610
-0.990189-0.064206j,-0.110447+0.206085j,-0.087986+0.184330j,2.079659
-0.990395-0.062678j,-0.110287+0.206151j,-0.088338+0.184937j,2.079706
-0.990598-0.061151j,-0.110128+0.206217j,-0.088690+0.185543j,2.079753
-0.990799-0.059622j,-0.109968+0.206282j,-0.089043+0.186150j,2.079798
-0.990998-0.058093j,-0.109809+0.206348j,-0.089395+0.186756j,2.079842
-0.991194-0.056564j,-0.109649+0.206414j,-0.089748+0.187363j,2.079884
-0.991388-0.055035j,-0.109489+0.206480j,-0.090101+0.187969j,2.079926
-0.991580-0.053504j,-0.109330+0.206545j,-0.090453+0.188576j,2.079967
-0.991769-0.051974j,-0.109170+0.206611j,-0.090806+0.189182j,2.080006
-0.991956-0.050443j,-0.109010+0.206677j,-0.091159+0.189789j,2.080044
-0.992140-0.048911j,-0.108850+0.206743j,-0.091511+0.190395j,2.080081
-0.992322-0.047379j,-0.108690+0.206809j,-0.091864+0.191002j,2.080117
-0.992502-0.045847j,-0.108530+0.206876j,-0.092217+0.191608j,2.080152
-0.992680-0.044314j,-0.108370+0.206942j,-0.092570+0.192214j,2.080185
-0.992855-0.042780j,-0.108210+0.207008j,-0.092923+0.192821j,2.080218
-0.992855-0.042780j,-0.108210+0.207008j,-0.092923+0.192821j,2.080218
-0.992355-0.042733j,-0.108189+0.206955j,-0.092724+0.192932j,2.080228
-0.991855-0.042679j,-0.108168+0.206903j,-0.092525+0.193046j,2.080239
-0.991356-0.042619j,-0.108146+0.206851j,-0.092328+0.193163j,2.080249
-0.990858-0.042552j,-0.108123+0.206799j,-0.092133+0.193282j,2.080260
-0.990360-0.042480j,-0.108100+0.206747j,-0.091939+0.193403j,2.080271
-0.989864-0.042401j,-0.108076+0.206696j,-0.091746+0.193527j,2.080281
-0.989368-0.042316j,-0.108051+0.206645j,-0.091555+0.193654j,2.080292
-0.988874-0.042224j,-0.108026+0.206594j,-0.091365+0.193783j,2.080302
-0.988381-0.042127j,-0.108000+0.206544j,-0.091177+0.193915j,2.080313
-0.987889-0.042023j,-0.107974+0.206493j,-0.090991+0.194049j,2.080324
-0.987399-0.041913j,-0.107947+0.206443j,-0.090806+0.194185j,2.080335
-0.986910-0.041797j,-0.107919+0.206394j,-0.090622+0.194324j,2.080345
-0.986422-0.041675j,-0.107891+0.206344j,-0.090441+0.194465j,2.080356
-0.985936-0.041547j,-0.107862+0.206296j,-0.090261+0.194609j,2.080367
-0.985452-0.041412j,-0.107832+0.206247j,-0.090082+0.194755j,2.080378
-0.984969-0.041272j,-0.107802+0.206199j,-0.089906+0.194903j,2.080388
-0.984488-0.041125j,-0.107771+0.206151j,-0.089731+0.195053j,2.080399
-0.984009-0.040973j,-0.107739+0.206103j,-0.089558+0.195206j,2.080410
-0.983532-0.040814j,-0.107707+0.206056j,-0.089387+0.195361j,2.080421
-0.983057-0.040650j,-0.107675+0.206009j,-0.089218+0.195519j,2.080432
-0.982584-0.040479j,-0.107642+0.205963j,-0.089051+0.195678j,2.080443
-0.982114-0.040303j,-0.107608+0.205917j,-0.088886+0.195840j,2.080453
-0.981645-0.040120j,-0.107573+0.205871j,-0.088723+0.196004j,2.080464
-0.981179-0.039932j,-0.107538+0.205826j,-0.088561+0.196170j,2.080475
-0.980716-0.039738j,-0.107503+0.205781j,-0.088402+0.196338j,2.080486
-0.980254-0.039538j,-0.107467+0.205737j,-0.088245+0.196509j,2.080497
-0.979796-0.039333j,-0.107430+0.205693j,-0.088090+0.196681j,2.080508
-0.979340-0.039121j,-0.107393+0.205650j,-0.087937+0.196855j,2.080519
-0.978886-0.038904j,-0.107355+0.205607j,-0.087786+0.197032j,2.080530
-0.978436-0.038681j,-0.107316+0.205564j,-0.087638+0.197210j,2.080541
-0.977988-0.038453j,-0.107277+0.205522j,-0.087491+0.197391j,2.080552
-0.977543-0.038219j,-0.107238+0.205481j,-0.087347+0.197573j,2.080563
-0.977101-0.037979j,-0.107198+0.205439j,-0.087205+0.197757j,2.080574
-0.976662-0.037734j,-0.107157+0.205399j,-0.087066+0.197944j,2.080585
-0.976227-0.037484j,-0.107116+0.205359j,-0.086928+0.198132j,2.080596
-0.975794-0.037227j,-0.107075+0.205319j,-0.086793+0.198322j,2.080607
-0.975365-0.036966j,-0.107033+0.205280j,-0.086661+0.198513j,2.080618
-0.974939-0.036699j,-0.106990+0.205242j,-0.086531+0.198707j,2.080629
-0.974516-0.036427j,-0.106947+0.205204j,-0.086403+0.198902j,2.080640
-0.974097-0.036149j,-0.106904+0.205166j,-0.086277+0.199099j,2.080651
-0.973682-0.035867j,-0.106860+0.205129j,-0.086155+0.199297j,2.080662
-0.973270-0.035579j,-0.106815+0.205093j,-0.086034+0.199498j,2.080673
-0.972861-0.035286j,-0.106770+0.205057j,-0.085916+0.199699j,2.080685
-0.972457-0.034987j,-0.106725+0.205022j,-0.085801+0.199903j,2.080696
-0.972056-0.034684j,-0.106679+0.204987j,-0.085688+0.200108j,2.080707
-0.971659-0.034376j,-0.106632+0.204953j,-0.085578+0.200314j,2.080718
-0.971266-0.034063j,-0.106586+0.204919j,-0.085471+0.200522j,2.080729
-0.970877-0.033744j,-0.106539+0.204886j,-0.085366+0.200732j,2.080740
-0.970491-0.033421j,-0.106491+0.204854j,-0.085263+0.200943j,2.080751
-0.970110-0.033094j,-0.106443+0.204822j,-0.085164+0.201155j,2.080763
-0.969734-0.032761j,-0.106394+0.204791j,-0.085067+0.201368j,2.080774
-0.969361-0.032424j,-0.106346+0.204761j,-0.084973+0.201583j,2.080785
-0.968992-0.032082j,-0.106296+0.204731j,-0.084881+0.201800j,2.080796
-0.968628-0.031735j,-0.106247+0.204701j,-0.084792+0.202017j,2.080807
-0.968269-0.031384j,-0.106197+0.204673j,-0.084706+0.202236j,2.080819
-0.967913-0.031028j,-0.106146+0.204645j,-0.084623+0.202456j,2.080830
-0.967563-0.030668j,-0.106095+0.204617j,-0.084543+0.202677j,2.080841
-0.967217-0.030304j,-0.106044+0.204591j,-0.084465+0.202899j,2.080852
-0.966875-0.029935j,-0.105993+0.204565j,-0.084390+0.203122j,2.080864
-0.966538-0.029562j,-0.105941+0.204539j,-0.084318+0.203346j,2.080875
-0.966206-0.029185j,-0.105889+0.204515j,-0.084249+0.203571j,2.080886
-0.965878-0.028804j,-0.105837+0.204490j,-0.084183+0.203797j,2.080897
-0.965556-0.028418j,-0.105784+0.204467j,-0.084120+0.204024j,2.080909
-0.965238-0.028029j,-0.105731+0.204444j,-0.084060+0.204252j,2.080920
-0.964925-0.027635j,-0.105678+0.204422j,-0.084002+0.204481j,2.080931
-0.964617-0.027238j,-0.105624+0.204401j,-0.083948+0.204711j,2.080943
-0.964314-0.026837j,-0.105570+0.204380j,-0.083896+0.204941j,2.080954
-0.964017-0.026432j,-0.105516+0.204360j,-0.083847+0.205172j,2.080965
-0.963724-0.026023j,-0.105462+0.204341j,-0.083802+0.205404j,2.080976
-0.963436-0.025611j,-0.105407+0.204323j,-0.083759+0.205636j,2.080988
-0.963154-0.025195j,-0.105352+0.204305j,-0.083720+0.205869j,2.080999
-0.962877-0.024776j,-0.105297+0.204288j,-0.083683+0.206103j,2.081010
-0.962605-0.024353j,-0.105242+0.204271j,-0.083649+0.206337j,2.081022
-0.962339-0.023927j,-0.105186+0.204255j,-0.083619+0.206572j,2.081033
-0.962078-0.023497j,-0.105130+0.204240j,-0.083591+0.206807j,2.081044
-0.961822-0.023064j,-0.105074+0.204226j,-0.083566+0.207042j,2.081056
-0.961572-0.022628j,-0.105018+0.204213j,-0.083545+0.207278j,2.081067
-0.961327-0.022189j,-0.104962+0.204200j,-0.083527+0.207514j,2.081078
-0.961088-0.021747j,-0.104905+0.204188j,-0.083511+0.207750j,2.081090
-0.960854-0.021302j,-0.104849+0.204176j,-0.083499+0.207987j,2.081101
-0.960626-0.020854j,-0.104792+0.204166j,-0.083489+0.208224j,2.081112
-0.960404-0.020403j,-0.104735+0.204156j,-0.083483+0.208461j,2.081124
-0.960187-0.019950j,-0.104678+0.204147j,-0.083480+0.208698j,2.081135
-0.959976-0.019494j,-0.104621+0.204138j,-0.083480+0.208935j,2.081146
-0.959771-0.019035j,-0.104564+0.204131j,-0.083483+0.209172j,2.081158
-0.959572-0.018573j,-0.104507+0.204124j,-0.083489+0.209410j,2.081169
-0.959378-0.018109j,-0.104449+0.204118j,-0.083498+0.209647j,2.081181
-0.959191-0.017643j,-0.104392+0.204112j,-0.083510+0.209884j,2.081192
-0.959009-0.017174j,-0.104334+0.204108j,-0.083526+0.210121j,2.081203
-0.958833-0.016704j,-0.104277+0.204104j,-0.083544+0.210358j,2.081215
-0.958663-0.016231j,-0.104219+0.204101j,-0.083566+0.210594j,2.081226
-0.958499-0.015755j,-0.104161+0.204098j,-0.083590+0.210830j,2.081237
-0.958341-0.015278j,-0.104104+0.204097j,-0.083618+0.211066j,2.081249
-0.958188-0.014799j,-0.104046+0.204096j,-0.083649+0.211302j,2.081260
-0.958042-0.014318j,-0.103989+0.204096j,-0.083682+0.211537j,2.081271
-0.957902-0.013836j,-0.103931+0.204096j,-0.083719+0.211772j,2.081283
-0.957768-0.013351j,-0.103873+0.204098j,-0.083759+0.212006j,2.081294
-0.957641-0.012865j,-0.103816+0.204100j,-0.083802+0.212240j,2.081305
-0.957519-0.012377j,-0.103758+0.204103j,-0.083848+0.212474j,2.081317
-0.957403-0.011888j,-0.103701+0.204107j,-0.083897+0.212706j,2.081328
-0.957294-0.011397j,-0.103643+0.204111j,-0.083949+0.212938j,2.081339
-0.957191-0.010905j,-0.103586+0.204116j,-0.084004+0.213170j,2.081351
-0.957094-0.010412j,-0.103528+0.204122j,-0.084062+0.213401j,2.081362
-0.957003-0.009918j,-0.103471+0.204129j,-0.084123+0.213630j,2.081373
-0.956918-0.009422j,-0.103414+0.204137j,-0.084187+0.213860j,2.081385
-0.956840-0.008926j,-0.103357+0.204145j,-0.084254+0.214088j,2.081396
-0.956768-0.008428j,-0.103300+0.204154j,-0.084324+0.214315j,2.081407
-0.956702-0.007930j,-0.103244+0.204163j,-0.084397+0.214542j,2.081419
-0.956642-0.007431j,-0.103187+0.204174j,-0.084473+0.214767j,2.081430
-0.956589-0.006931j,-0.103130+0.204185j,-0.084552+0.214992j,2.081441
-0.956542-0.006431j,-0.103074+0.204197j,-0.084634+0.215215j,2.081452
-0.956501-0.005930j,-0.103018+0.204210j,-0.084719+0.215438j,2.081464
-0.956467-0.005428j,-0.102962+0.204223j,-0.084806+0.215659j,2.081475
-0.956438-0.004926j,-0.102906+0.204237j,-0.084897+0.215879j,2.081486
-0.956417-0.004424j,-0.102851+0.204252j,-0.084990+0.216098j,2.081498
-0.956401-0.003922j,-0.102796+0.204268j,-0.085086+0.216316j,2.081509
-0.956392-0.003419j,-0.102741+0.204284j,-0.085185+0.216532j,2.081520
-0.956389-0.002917j,-0.102686+0.204301j,-0.085287+0.216747j,2.081531
-0.956392-0.002414j,-0.102631+0.204319j,-0.085392+0.216961j,2.081543
-0.956402-0.001911j,-0.102577+0.204338j,-0.085499+0.217173j,2.081554
-0.956418-0.001409j,-0.102523+0.204357j,-0.085609+0.217384j,2.081565
-0.956440-0.000907j,-0.102469+0.204377j,-0.085722+0.217594j,2.081576
-0.956469-0.000405j,-0.102415+0.204398j,-0.085838+0.217801j,2.081587
-0.956504+0.000096j,-0.102362+0.204419j,-0.085956+0.218008j,2.081599
-0.956545+0.000597j,-0.102309+0.204441j,-0.086077+0.218213j,2.081610
-0.956593+0.001098j,-0.102256+0.204464j,-0.086201+0.218416j,2.081621
-0.956647+0.001597j,-0.102204+0.204488j,-0.086327+0.218617j,2.081632
-0.956707+0.002096j,-0.102152+0.204512j,-0.086456+0.218817j,2.081643
-0.956773+0.002595j,-0.102101+0.204537j,-0.086587+0.219015j,2.081654
-0.956846+0.003092j,-0.102049+0.204562j,-0.086721+0.219212j,2.081666
-0.956925+0.003589j,-0.101998+0.204588j,-0.086858+0.219406j,2.081677
-0.957010+0.004084j,-0.101948+0.204615j,-0.086997+0.219599j,2.081688
-0.957101+0.004578j,-0.101897+0.204643j,-0.087138+0.219790j,2.081699
-0.957199+0.005071j,-0.101848+0.204671j,-0.087282+0.219979j,2.081710
-0.957302+0.005563j,-0.101798+0.204700j,-0.087429+0.220166j,2.081721
-0.957412+0.006054j,-0.101749+0.204730j,-0.087578+0.220351j,2.081732
-0.957528+0.006543j,-0.101701+0.204760j,-0.087729+0.220534j,2.081743
-0.957651+0.007030j,-0.101652+0.204791j,-0.087882+0.220715j,2.081754
-0.957779+0.007516j,-0.101605+0.204822j,-0.088038+0.220894j,2.081765
-0.957913+0.008001j,-0.101557+0.204854j,-0.088197+0.221071j,2.081776
-0.958054+0.008483j,-0.101510+0.204887j,-0.088357+0.221245j,2.081787
-0.958200+0.008964j,-0.101464+0.204920j,-0.088520+0.221418j,2.081798
-0.958353+0.009443j,-0.101418+0.204954j,-0.088685+0.221589j,2.081809
-0.958511+0.009920j,-0.101372+0.204989j,-0.088852+0.221757j,2.081820
-0.958676+0.010395j,-0.101327+0.205024j,-0.089021+0.221923j,2.081831
-0.958847+0.010868j,-0.101283+0.205059j,-0.089192+0.222087j,2.081842
-0.959023+0.011338j,-0.101239+0.205096j,-0.089366+0.222248j,2.081853
-0.959205+0.011807j,-0.101195+0.205133j,-0.089541+0.222407j,2.081864
-0.959393+0.012273j,-0.101152+0.205170j,-0.089719+0.222564j,2.081875
-0.959588+0.012737j,-0.101110+0.205208j,-0.089898+0.222718j,2.081886
-0.959787+0.013198j,-0.101067+0.205247j,-0.090079+0.222870j,2.081897
-0.959993+0.013657j,-0.101026+0.205286j,-0.090263+0.223020j,2.081908
-0.960204+0.014113j,-0.100985+0.205325j,-0.090448+0.223167j,2.081918
-0.960422+0.014566j,-0.100945+0.205365j,-0.090635+0.223312j,2.081929
-0.960644+0.015017j,-0.100905+0.205406j,-0.090824+0.223454j,2.081940
-0.960873+0.015464j,-0.100865+0.205447j,-0.091014+0.223594j,2.081951
-0.961107+0.015909j,-0.100827+0.205489j,-0.091207+0.223731j,2.081962
-0.961346+0.016351j,-0.100788+0.205531j,-0.091401+0.223865j,2.081972
-0.961591+0.016790j,-0.100751+0.205574j,-0.091597+0.223997j,2.081983
-0.961842+0.017226j,-0.100714+0.205617j,-0.091794+0.224126j,2.081994
-0.962098+0.017658j,-0.100677+0.205661j,-0.091993+0.224253j,2.082005
-0.962360+0.018087j,-0.100641+0.205705j,-0.092194+0.224377j,2.082015
-0.962627+0.018513j,-0.100606+0.205750j,-0.092396+0.224499j,2.082026
-0.962899+0.018936j,-0.100571+0.205795j,-0.092600+0.224617j,2.082037
-0.963176+0.019355j,-0.100537+0.205841j,-0.092805+0.224733j,2.082047
-0.963459+0.019771j,-0.100504+0.205887j,-0.093011+0.224847j,2.082058
-0.963747+0.020183j,-0.100471+0.205933j,-0.093219+0.224957j,2.082069
-0.964040+0.020591j,-0.100439+0.205980j,-0.093428+0.225065j,2.082079
-0.964338+0.020996j,-0.100407+0.206027j,-0.093639+0.225170j,2.082090
-0.964642+0.021396j,-0.100376+0.206075j,-0.093850+0.225272j,2.082100
-0.964950+0.021793j,-0.100346+0.206123j,-0.094063+0.225371j,2.082111
-0.965263+0.022187j,-0.100316+0.206171j,-0.094278+0.225468j,2.082121
-0.965581+0.022576j,-0.100287+0.206220j,-0.094493+0.225562j,2.082132
-0.965904+0.022961j,-0.100259+0.206269j,-0.094709+0.225653j,2.082142
-0.966232+0.023342j,-0.100231+0.206319j,-0.094927+0.225741j,2.082153
-0.966565+0.023719j,-0.100204+0.206369j,-0.095146+0.225826j,2.082163
-0.966902+0.024091j,-0.100178+0.206419j,-0.095365+0.225908j,2.082174
-0.967244+0.024460j,-0.100152+0.206470j,-0.095586+0.225987j,2.082184
-0.967590+0.024824j,-0.100127+0.206521j,-0.095807+0.226064j,2.082195
-0.967942+0.025184j,-0.100103+0.206572j,-0.096030+0.226137j,2.082205
-0.968297+0.025539j,-0.100079+0.206624j,-0.096253+0.226208j,2.082215
-0.968657+0.025890j,-0.100056+0.206675j,-0.096477+0.226276j,2.082226
-0.969022+0.026236j,-0.100034+0.206728j,-0.096701+0.226340j,2.082236
-0.969390+0.026577j,-0.100013+0.206780j,-0.096927+0.226402j,2.082246
-0.969763+0.026914j,-0.099992+0.206833j,-0.097153+0.226461j,2.082257
-0.970141+0.027246j,-0.099971+0.206886j,-0.097380+0.226517j,2.082267
-0.970522+0.027574j,-0.099952+0.206939j,-0.097607+0.226570j,2.082277
-0.970907+0.027897j,-0.099933+0.206992j,-0.097835+0.226620j,2.082287
-0.971297+0.028214j,-0.099915+0.207046j,-0.098064+0.226667j,2.082297
-0.971690+0.028527j,-0.099898+0.207100j,-0.098293+0.226711j,2.082308
-0.972088+0.028835j,-0.099881+0.207154j,-0.098522+0.226752j,2.082318
-0.972489+0.029138j,-0.099865+0.207208j,-0.098752+0.226790j,2.082328
-0.972894+0.029436j,-0.099850+0.207263j,-0.098982+0.226824j,2.082338
-0.973302+0.029728j,-0.099835+0.207318j,-0.099213+0.226856j,2.082348
-0.973715+0.030016j,-0.099821+0.207373j,-0.099443+0.226885j,2.082358
-0.974131+0.030298j,-0.099808+0.207428j,-0.099674+0.226911j,2.082368
-0.974550+0.030575j,-0.099796+0.207483j,-0.099906+0.226934j,2.082378
-0.974973+0.030847j,-0.099784+0.207538j,-0.100137+0.226954j,2.082388
-0.975399+0.031114j,-0.099773+0.207594j,-0.100368+0.226971j,2.082398
-0.975829+0.031375j,-0.099763+0.207650j,-0.100600+0.226985j,2.082408
-0.976261+0.031630j,-0.099754+0.207705j,-0.100832+0.226996j,2.082418
-0.976697+0.031880j,-0.099745+0.207761j,-0.101063+0.227004j,2.082428
-0.977136+0.032125j,-0.099737+0.207817j,-0.101295+0.227009j,2.082438
-0.977578+0.032364j,-0.099730+0.207873j,-0.101527+0.227011j,2.082448
-0.978024+0.032598j,-0.099723+0.207929j,-0.101758+0.227010j,2.082458
-0.978472+0.032826j,-0.099717+0.207986j,-0.101990+0.227006j,2.082468
-0.978922+0.033048j,-0.099712+0.208042j,-0.102221+0.226999j,2.082477
-0.979376+0.033265j,-0.099708+0.208098j,-0.102452+0.226990j,2.082487
-0.979832+0.033476j,-0.099704+0.208155j,-0.102682+0.226977j,2.082497
-0.980291+0.033681j,-0.099701+0.208211j,-0.102913+0.226961j,2.082507
-0.980752+0.033880j,-0.099699+0.208268j,-0.103143+0.226942j,2.082516
-0.981216+0.034074j,-0.099697+0.208324j,-0.103372+0.226920j,2.082526
-0.981683+0.034262j,-0.099696+0.208381j,-0.103602+0.226896j,2.082536
-0.982151+0.034444j,-0.099696+0.208437j,-0.103830+0.226868j,2.082545
-0.982622+0.034620j,-0.099697+0.208494j,-0.104059+0.226838j,2.082555
-0.983095+0.034790j,-0.099698+0.208550j,-0.104287+0.226804j,2.082565
-0.983570+0.034954j,-0.099700+0.208607j,-0.104514+0.226768j,2.082574
-0.984047+0.035112j,-0.099703+0.208663j,-0.104741+0.226729j,2.082584
-0.984526+0.035264j,-0.099707+0.208720j,-0.104967+0.226687j,2.082593
-0.985007+0.035410j,-0.099711+0.208776j,-0.105192+0.226642j,2.082603
-0.985490+0.035550j,-0.099716+0.208832j,-0.105417+0.226594j,2.082612
-0.985975+0.035684j,-0.099721+0.208888j,-0.105641+0.226543j,2.082622
-0.986461+0.035812j,-0.099728+0.208945j,-0.105864+0.226490j,2.082631
-0.986948+0.035933j,-0.099735+0.209001j,-0.106086+0.226433j,2.082641
-0.987438+0.036049j,-0.099743+0.209057j,-0.106308+0.226374j,2.082650
-0.987928+0.036158j,-0.099751+0.209112j,-0.106528+0.226312j,2.082660
-0.988420+0.036261j,-0.099760+0.209168j,-0.106748+0.226248j,2.082669
-0.988913+0.036359j,-0.099770+0.209224j,-0.106967+0.226180j,2.082678
-0.989408+0.036449j,-0.099781+0.209279j,-0.107184+0.226110j,2.082688
-0.989903+0.036534j,-0.099792+0.209334j,-0.107401+0.226037j,2.082697
-0.990400+0.036612j,-0.099804+0.209390j,-0.107617+0.225961j,2.082706
-0.990897+0.036684j,-0.099817+0.209445j,-0.107832+0.225883j,2.082716
-0.991396+0.036750j,-0.099830+0.209499j,-0.108045+0.225802j,2.082725
-0.991895+0.036810j,-0.099844+0.209554j,-0.108258+0.225718j,2.082734
-0.992394+0.036863j,-0.099859+0.209609j,-0.108469+0.225632j,2.082743
-0.992895+0.036910j,-0.099874+0.209663j,-0.108679+0.225543j,2.082752
-0.993396+0.036951j,-0.099890+0.209717j,-0.108888+0.225451j,2.082762
-0.993897+0.036986j,-0.099907+0.209771j,-0.109095+0.225357j,2.082771
-0.994399+0.037014j,-0.099924+0.209824j,-0.109301+0.225260j,2.082780
-0.994901+0.037036j,-0.099942+0.209878j,-0.109506+0.225161j,2.082789
-0.995404+0.037051j,-0.099960+0.209931j,-0.109710+0.225059j,2.082798
-0.995906+0.037060j,-0.099980+0.209984j,-0.109912+0.224955j,2.082807
-0.996409+0.037063j,-0.100000+0.210037j,-0.110113+0.224848j,2.082816
-0.996912+0.037060j,-0.100020+0.210089j,-0.110312+0.224739j,2.082825
-0.997414+0.037050j,-0.100041+0.210141j,-0.110510+0.224627j,2.082834
-0.997917+0.037034j,-0.100063+0.210193j,-0.110706+0.224512j,2.082843
-0.998419+0.037012j,-0.100086+0.210245j,-0.110901+0.224396j,2.082852
-0.998921+0.036983j,-0.100109+0.210296j,-0.111094+0.224277j,2.082861
-0.999422+0.036948j,-0.100133+0.210347j,-0.111285+0.224155j,2.082870
-0.999923+0.036907j,-0.100157+0.210398j,-0.111475+0.224032j,2.082879
-1.000423+0.036859j,-0.100182+0.210448j,-0.111664+0.223905j,2.082888
-1.000923+0.036805j,-0.100207+0.210499j,-0.111850+0.223777j,2.082897
-1.001422+0.036745j,-0.100234+0.210548j,-0.112035+0.223646j,2.082906
-1.001920+0.036679j,-0.100260+0.210598j,-0.112218+0.223513j,2.082914
-1.002418+0.036606j,-0.100288+0.210647j,-0.112400+0.223378j,2.082923
-1.002914+0.036527j,-0.100316+0.210696j,-0.112580+0.223241j,2.082932
-1.003410+0.036442j,-0.100344+0.210744j,-0.112757+0.223101j,2.082941
-1.003904+0.036351j,-0.100373+0.210792j,-0.112934+0.222960j,2.082949
-1.004397+0.036253j,-0.100403+0.210840j,-0.113108+0.222816j,2.082958
-1.004889+0.036150j,-0.100433+0.210887j,-0.113280+0.222670j,2.082967
-1.005379+0.036040j,-0.100464+0.210934j,-0.113451+0.222522j,2.082976
-1.005868+0.035924j,-0.100495+0.210981j,-0.113619+0.222372j,2.082984
-1.006356+0.035802j,-0.100527+0.211027j,-0.113786+0.222220j,2.082993
-1.006842+0.035673j,-0.100559+0.211073j,-0.113950+0.222066j,2.083002
-1.007326+0.035539j,-0.100592+0.211118j,-0.114113+0.221909j,2.083010
-1.007809+0.035398j,-0.100626+0.211163j,-0.114274+0.221751j,2.083019
-1.008290+0.035252j,-0.100659+0.211208j,-0.114432+0.221591j,2.083027
-1.008769+0.035099j,-0.100694+0.211252j,-0.114589+0.221430j,2.083036
-1.009246+0.034941j,-0.100729+0.211295j,-0.114743+0.221266j,2.083045
-1.009721+0.034776j,-0.100764+0.211339j,-0.114896+0.221100j,2.083053
-1.010193+0.034606j,-0.100800+0.211381j,-0.115046+0.220933j,2.083062
-1.010664+0.034429j,-0.100837+0.211424j,-0.115194+0.220764j,2.083070
-1.011133+0.034247j,-0.100874+0.211466j,-0.115340+0.220593j,2.083079
-1.011599+0.034059j,-0.100911+0.211507j,-0.115484+0.220420j,2.083087
-1.012062+0.033865j,-0.100949+0.211548j,-0.115625+0.220246j,2.083096
-1.012524+0.033665j,-0.100988+0.211589j,-0.115765+0.220070j,2.083104
-1.012982+0.033459j,-0.101026+0.211629j,-0.115902+0.219892j,2.083112
-1.013438+0.033248j,-0.101066+0.211668j,-0.116037+0.219713j,2.083121
-1.013892+0.033031j,-0.101105+0.211707j,-0.116170+0.219532j,2.083129
-1.014342+0.032808j,-0.101146+0.211746j,-0.116300+0.219349j,2.083138
-1.014790+0.032580j,-0.101186+0.211784j,-0.116428+0.219165j,2.083146
-1.015235+0.032345j,-0.101227+0.211821j,-0.116554+0.218980j,2.083154
-1.015677+0.032106j,-0.101269+0.211858j,-0.116677+0.218793j,2.083163
-1.016115+0.031861j,-0.101311+0.211895j,-0.116799+0.218604j,2.083171
-1.016551+0.031610j,-0.101353+0.211931j,-0.116917+0.218415j,2.083179
-1.016984+0.031354j,-0.101395+0.211966j,-0.117034+0.218223j,2.083188
-1.017413+0.031093j,-0.101438+0.212001j,-0.117148+0.218031j,2.083196
-1.017839+0.030826j,-0.101482+0.212036j,-0.117260+0.217837j,2.083204
-1.018262+0.030553j,-0.101526+0.212070j,-0.117369+0.217642j,2.083213
-1.018681+0.030276j,-0.101570+0.212103j,-0.117476+0.217445j,2.083221
-1.019096+0.029993j,-0.101614+0.212136j,-0.117580+0.217248j,2.083229
-1.019508+0.029705j,-0.101659+0.212168j,-0.117682+0.217049j,2.083237
-1.019917+0.029412j,-0.101705+0.212200j,-0.117782+0.216849j,2.083246
-1.020321+0.029114j,-0.101750+0.212231j,-0.117879+0.216648j,2.083254
-1.020722+0.028811j,-0.101796+0.212261j,-0.117973+0.216446j,2.083262
-1.021119+0.028502j,-0.101842+0.212291j,-0.118065+0.216242j,2.083270
-1.021512+0.028189j,-0.101889+0.212321j,-0.118155+0.216038j,2.083279
-1.021901+0.027871j,-0.101936+0.212350j,-0.118242+0.215832j,2.083287
-1.022286+0.027548j,-0.101983+0.212378j,-0.118326+0.215626j,2.083295
-1.022667+0.027220j,-0.102030+0.212406j,-0.118408+0.215419j,2.083303
-1.023044+0.026888j,-0.102078+0.212433j,-0.118488+0.215210j,2.083311
-1.023417+0.026550j,-0.102126+0.212459j,-0.118565+0.215001j,2.083320
-1.023785+0.026208j,-0.102174+0.212485j,-0.118639+0.214791j,2.083328
-1.024150+0.025862j,-0.102223+0.212511j,-0.118711+0.214581j,2.083336
-1.024509+0.025511j,-0.102272+0.212536j,-0.118780+0.214369j,2.083344
-1.024864+0.025155j,-0.102321+0.212560j,-0.118847+0.214157j,2.083352
-1.025215+0.024795j,-0.102370+0.212583j,-0.118911+0.213943j,2.083360
-1.025561+0.024431j,-0.102420+0.212606j,-0.118972+0.213730j,2.083368
-1.025903+0.024062j,-0.102469+0.212628j,-0.119031+0.213515j,2.083377
-1.026240+0.023689j,-0.102520+0.212650j,-0.119087+0.213300j,2.083385
-1.026572+0.023312j,-0.102570+0.212671j,-0.119141+0.213084j,2.083393
-1.026900+0.022930j,-0.102620+0.212692j,-0.119192+0.212868j,2.083401
-1.027222+0.022545j,-0.102671+0.212712j,-0.119240+0.212651j,2.083409
-1.027540+0.022155j,-0.102722+0.212731j,-0.119286+0.212434j,2.083417
-1.027853+0.021762j,-0.102773+0.212749j,-0.119329+0.212216j,2.083425
-1.028161+0.021365j,-0.102824+0.212767j,-0.119370+0.211998j,2.083433
-1.028464+0.020963j,-0.102875+0.212785j,-0.119408+0.211779j,2.083441
-1.028761+0.020558j,-0.102927+0.212802j,-0.119443+0.211560j,2.083449
-1.029054+0.020150j,-0.102978+0.212818j,-0.119475+0.211341j,2.083458
-1.029342+0.019738j,-0.103030+0.212833j,-0.119505+0.211121j,2.083466
-1.029624+0.019322j,-0.103082+0.212848j,-0.119533+0.210901j,2.083474
-1.029901+0.018902j,-0.103134+0.212862j,-0.119557+0.210681j,2.083482
-1.030173+0.018479j,-0.103187+0.212876j,-0.119579+0.210460j,2.083490
-1.030439+0.018053j,-0.103239+0.212888j,-0.119599+0.210240j,2.083498
-1.030700+0.017624j,-0.103291+0.212901j,-0.119615+0.210019j,2.083506
-1.030956+0.017191j,-0.103344+0.212912j,-0.119629+0.209798j,2.083514
-1.031206+0.016755j,-0.103397+0.212923j,-0.119641+0.209577j,2.083522
-1.031451+0.016316j,-0.103449+0.212934j,-0.119649+0.209356j,2.083530
-1.031690+0.015874j,-0.103502+0.212943j,-0.119655+0.209135j,2.083538
-1.031924+0.015429j,-0.103555+0.212952j,-0.119659+0.208914j,2.083546
-1.032152+0.014981j,-0.103608+0.212961j,-0.119659+0.208692j,2.083555
-1.032374+0.014530j,-0.103661+0.212968j,-0.119658+0.208471j,2.083563
-1.032591+0.014076j,-0.103714+0.212975j,-0.119653+0.208250j,2.083571
-1.032801+0.013620j,-0.103767+0.212982j,-0.119646+0.208030j,2.083579
-1.033007+0.013161j,-0.103820+0.212987j,-0.119636+0.207809j,2.083587
-1.033206+0.012700j,-0.103873+0.212992j,-0.119623+0.207588j,2.083595
-1.033400+0.012236j,-0.103927+0.212997j,-0.119608+0.207368j,2.083603
-1.033587+0.011770j,-0.103980+0.213001j,-0.119590+0.207148j,2.083611
-1.033769+0.011301j,-0.104033+0.213004j,-0.119570+0.206928j,2.083619
-1.033945+0.010830j,-0.104086+0.213006j,-0.119547+0.206709j,2.083627
-1.034115+0.010357j,-0.104139+0.213008j,-0.119521+0.206490j,2.083636
-1.034279+0.009882j,-0.104192+0.213009j,-0.119493+0.206271j,2.083644
-1.034437+0.009405j,-0.104246+0.213009j,-0.119462+0.206053j,2.083652
-1.034589+0.008926j,-0.104299+0.213009j,-0.119429+0.205835j,2.083660
-1.034736+0.008445j,-0.104352+0.213008j,-0.119393+0.205617j,2.083668
-1.034876+0.007962j,-0.104405+0.213007j,-0.119354+0.205401j,2.083676
-1.035009+0.007478j,-0.104458+0.213005j,-0.119313+0.205184j,2.083684
-1.035137+0.006991j,-0.104511+0.213002j,-0.119269+0.204968j,2.083693
-1.035259+0.006504j,-0.104564+0.212998j,-0.119222+0.204753j,2.083701
-1.035375+0.006015j,-0.104616+0.212994j,-0.119173+0.204538j,2.083709
-1.035484+0.005524j,-0.104669+0.212990j,-0.119122+0.204324j,2.083717
-1.035587+0.005032j,-0.104722+0.212984j,-0.119067+0.204111j,2.083725
-1.035684+0.004539j,-0.104774+0.212978j,-0.119011+0.203898j,2.083733
-1.035775+0.004044j,-0.104827+0.212971j,-0.118951+0.203687j,2.083742
-1.035860+0.003549j,-0.104879+0.212964j,-0.118890+0.203476j,2.083750
-1.035938+0.003052j,-0.104931+0.212956j,-0.118825+0.203265j,2.083758
-1.036010+0.002555j,-0.104983+0.212947j,-0.118759+0.203056j,2.083766
-1.036076+0.002057j,-0.105035+0.212938j,-0.118689+0.202847j,2.083775
-1.036136+0.001558j,-0.105087+0.212928j,-0.118617+0.202639j,2.083783
-1.036189+0.001058j,-0.105138+0.212917j,-0.118543+0.202432j,2.083791
-1.036236+0.000557j,-0.105190+0.212906j,-0.118466+0.202227j,2.083799
-1.036277+0.000056j,-0.105241+0.212894j,-0.118387+0.202022j,2.083808
-1.036311-0.000445j,-0.105292+0.212882j,-0.118305+0.201818j,2.083816
-1.036339-0.000947j,-0.105343+0.212868j,-0.118221+0.201615j,2.083824
-1.036361-0.001449j,-0.105394+0.212855j,-0.118135+0.201413j,2.083833
-1.036377-0.001952j,-0.105445+0.212840j,-0.118046+0.201212j,2.083841
-1.036386-0.002454j,-0.105495+0.212825j,-0.117954+0.201013j,2.083849
-1.036389-0.002957j,-0.105545+0.212809j,-0.117861+0.200814j,2.083857
-1.036386-0.003459j,-0.105595+0.212793j,-0.117765+0.200617j,2.083866
-1.036376-0.003962j,-0.105645+0.212776j,-0.117666+0.200421j,2.083874
-1.036360-0.004464j,-0.105695+0.212758j,-0.117565+0.200226j,2.083883
-1.036337-0.004967j,-0.105744+0.212740j,-0.117462+0.200032j,2.083891
-1.036309-0.005468j,-0.105793+0.212721j,-0.117357+0.199840j,2.083899
-1.036274-0.005970j,-0.105842+0.212702j,-0.117249+0.199648j,2.083908
-1.036233-0.006471j,-0.105890+0.212682j,-0.117139+0.199459j,2.083916
-1.036185-0.006971j,-0.105939+0.212661j,-0.117026+0.199270j,2.083925
-1.036131-0.007471j,-0.105987+0.212640j,-0.116912+0.199083j,2.083933
-1.036071-0.007970j,-0.106035+0.212618j,-0.116795+0.198898j,2.083942
-1.036005-0.008468j,-0.106082+0.212596j,-0.116676+0.198714j,2.083950
-1.035932-0.008966j,-0.106130+0.212573j,-0.116554+0.198531j,2.083958
-1.035853-0.009462j,-0.106176+0.212549j,-0.116431+0.198350j,2.083967
-1.035768-0.009957j,-0.106223+0.212525j,-0.116305+0.198170j,2.083975
-1.035677-0.010452j,-0.106269+0.212500j,-0.116177+0.197992j,2.083984
-1.035579-0.010945j,-0.106316+0.212475j,-0.116047+0.197815j,2.083993
-1.035475-0.011437j,-0.106361+0.212449j,-0.115915+0.197640j,2.084001
-1.035366-0.011927j,-0.106407+0.212422j,-0.115781+0.197467j,2.084010
-1.035249-0.012416j,-0.106452+0.212395j,-0.115644+0.197295j,2.084018
-1.035127-0.012904j,-0.106497+0.212367j,-0.115506+0.197125j,2.084027
-1.034999-0.013390j,-0.106541+0.212339j,-0.115365+0.196957j,2.084035
-1.034865-0.013874j,-0.106585+0.212310j,-0.115223+0.196790j,2.084044
-1.034724-0.014357j,-0.106629+0.212281j,-0.115078+0.196625j,2.084053
-1.034578-0.014838j,-0.106672+0.212251j,-0.114932+0.196462j,2.084061
-1.034425-0.015316j,-0.106715+0.212220j,-0.114783+0.196300j,2.084070
-1.034266-0.015793j,-0.106758+0.212189j,-0.114633+0.196141j,2.084079
-1.034102-0.016268j,-0.106800+0.212158j,-0.114480+0.195983j,2.084087
-1.033931-0.016741j,-0.106842+0.212125j,-0.114326+0.195827j,2.084096
-1.033755-0.017212j,-0.106883+0.212093j,-0.114170+0.195673j,2.084105
-1.033573-0.017680j,-0.106924+0.212060j,-0.114012+0.195521j,2.084114
-1.033384-0.018146j,-0.106965+0.212026j,-0.113852+0.195371j,2.084122
-1.033190-0.018610j,-0.107005+0.211992j,-0.113690+0.195223j,2.084131
-1.032991-0.019071j,-0.107045+0.211957j,-0.113526+0.195076j,2.084140
-1.032785-0.019530j,-0.107085+0.211922j,-0.113361+0.194932j,2.084149
-1.032574-0.019986j,-0.107124+0.211886j,-0.113194+0.194790j,2.084158
-1.032356-0.020439j,-0.107162+0.211850j,-0.113025+0.194650j,2.084166
-1.032134-0.020890j,-0.107200+0.211813j,-0.112854+0.194511j,2.084175
-1.031905-0.021338j,-0.107238+0.211776j,-0.112682+0.194375j,2.084184
-1.031671-0.021783j,-0.107275+0.211738j,-0.112508+0.194241j,2.084193
-1.031432-0.022224j,-0.107312+0.211700j,-0.112332+0.194109j,2.084202
-1.031186-0.022663j,-0.107348+0.211661j,-0.112155+0.193980j,2.084211
-1.030936-0.023099j,-0.107384+0.211622j,-0.111976+0.193852j,2.084220
-1.030680-0.023531j,-0.107420+0.211582j,-0.111795+0.193727j,2.084229
-1.030418-0.023961j,-0.107455+0.211542j,-0.111613+0.193603j,2.084238
-1.030151-0.024387j,-0.107489+0.211502j,-0.111429+0.193482j,2.084247
-1.029879-0.024809j,-0.107523+0.211461j,-0.111244+0.193364j,2.084256
-1.029602-0.025228j,-0.107557+0.211419j,-0.111058+0.193247j,2.084265
-1.029319-0.025644j,-0.107589+0.211377j,-0.110870+0.193133j,2.084274
-1.029031-0.026056j,-0.107622+0.211335j,-0.110680+0.193021j,2.084283
-1.028738-0.026464j,-0.107654+0.211292j,-0.110489+0.192911j,2.084292
-1.028440-0.026869j,-0.107685+0.211249j,-0.110297+0.192804j,2.084301
-1.028136-0.027270j,-0.107716+0.211206j,-0.110104+0.192699j,2.084310
-1.027828-0.027667j,-0.107747+0.211162j,-0.109909+0.192596j,2.084319
-1.027515-0.028060j,-0.107777+0.211117j,-0.109713+0.192496j,2.084329
-1.027197-0.028449j,-0.107806+0.211073j,-0.109515+0.192398j,2.084338
-1.026874-0.028834j,-0.107835+0.211028j,-0.109316+0.192303j,2.084347
-1.026546-0.029215j,-0.107863+0.210982j,-0.109116+0.192210j,2.084356
-1.026213-0.029592j,-0.107891+0.210936j,-0.108915+0.192119j,2.084365
-1.025876-0.029965j,-0.107918+0.210890j,-0.108713+0.192031j,2.084375
-1.025534-0.030333j,-0.107945+0.210843j,-0.108510+0.191945j,2.084384
-1.025187-0.030697j,-0.107971+0.210796j,-0.108305+0.191862j,2.084393
-1.024836-0.031057j,-0.107996+0.210749j,-0.108100+0.191781j,2.084402
-1.024481-0.031412j,-0.108021+0.210701j,-0.107893+0.191703j,2.084412
-1.024121-0.031763j,-0.108046+0.210653j,-0.107685+0.191627j,2.084421
-1.023756-0.032109j,-0.108070+0.210605j,-0.107477+0.191554j,2.084431
-1.023387-0.032451j,-0.108093+0.210556j,-0.107267+0.191483j,2.084440
-1.023014-0.032788j,-0.108116+0.210507j,-0.107057+0.191415j,2.084449
-1.022637-0.033120j,-0.108138+0.210458j,-0.106845+0.191350j,2.084459
-1.022256-0.033447j,-0.108159+0.210408j,-0.106633+0.191287j,2.084468
-1.021870-0.033770j,-0.108180+0.210359j,-0.106420+0.191227j,2.084478
-1.021481-0.034088j,-0.108200+0.210308j,-0.106206+0.191169j,2.084487
-1.021088-0.034401j,-0.108220+0.210258j,-0.105991+0.191114j,2.084496
-1.020690-0.034709j,-0.108239+0.210207j,-0.105776+0.191062j,2.084506
-1.020289-0.035011j,-0.108258+0.210156j,-0.105560+0.191012j,2.084516
-1.019884-0.035309j,-0.108275+0.210105j,-0.105343+0.190965j,2.084525
-1.019476-0.035602j,-0.108293+0.210053j,-0.105125+0.190921j,2.084535
-1.019063-0.035889j,-0.108309+0.210002j,-0.104907+0.190879j,2.084544
-1.018647-0.036172j,-0.108325+0.209950j,-0.104689+0.190840j,2.084554
-1.018228-0.036449j,-0.108341+0.209897j,-0.104469+0.190803j,2.084563
-1.017805-0.036721j,-0.108356+0.209845j,-0.104250+0.190770j,2.084573
-1.017379-0.036987j,-0.108370+0.209792j,-0.104029+0.190739j,2.084583
-1.016949-0.037248j,-0.108383+0.209739j,-0.103808+0.190710j,2.084592
-1.016517-0.037504j,-0.108396+0.209686j,-0.103587+0.190685j,2.084602
-1.016081-0.037754j,-0.108408+0.209633j,-0.103366+0.190662j,2.084612
-1.015642-0.037999j,-0.108420+0.209579j,-0.103144+0.190642j,2.084621
-1.015199-0.038238j,-0.108431+0.209526j,-0.102922+0.190625j,2.084631
-1.014754-0.038471j,-0.108441+0.209472j,-0.102699+0.190610j,2.084641
-1.014306-0.038699j,-0.108451+0.209418j,-0.102476+0.190598j,2.084651
-1.013856-0.038922j,-0.108460+0.209364j,-0.102253+0.190589j,2.084661
-1.013402-0.039138j,-0.108468+0.209310j,-0.102030+0.190583j,2.084670
-1.012946-0.039349j,-0.108476+0.209255j,-0.101806+0.190580j,2.084680
-1.012487-0.039554j,-0.108483+0.209201j,-0.101583+0.190579j,2.084690
-1.012025-0.039754j,-0.108489+0.209146j,-0.101359+0.190581j,2.084700
-1.011562-0.039947j,-0.108495+0.209091j,-0.101136+0.190586j,2.084710
-1.011095-0.040135j,-0.108500+0.209036j,-0.100912+0.190593j,2.084720
-1.010627-0.040317j,-0.108504+0.208981j,-0.100688+0.190604j,2.084730
-1.010156-0.040493j,-0.108508+0.208926j,-0.100464+0.190617j,2.084740
-1.009683-0.040663j,-0.108511+0.208871j,-0.100241+0.190633j,2.084750
-1.009208-0.040827j,-0.108513+0.208816j,-0.100017+0.190652j,2.084759
-1.008731-0.040985j,-0.108515+0.208761j,-0.099794+0.190673j,2.084769
-1.008251-0.041137j,-0.108516+0.208705j,-0.099570+0.190697j,2.084780
-1.007771-0.041283j,-0.108516+0.208650j,-0.099347+0.190725j,2.084790
-1.007288-0.041423j,-0.108516+0.208594j,-0.099125+0.190755j,2.084800
-1.006803-0.041557j,-0.108515+0.208539j,-0.098902+0.190787j,2.084810
-1.006317-0.041685j,-0.108513+0.208483j,-0.098680+0.190823j,2.084820
-1.005829-0.041807j,-0.108510+0.208428j,-0.098458+0.190861j,2.084830
-1.005340-0.041922j,-0.108507+0.208372j,-0.098237+0.190902j,2.084840
-1.004850-0.042032j,-0.108504+0.208317j,-0.098015+0.190946j,2.084850
-1.004358-0.042135j,-0.108499+0.208261j,-0.097795+0.190993j,2.084860
-1.003865-0.042232j,-0.108494+0.208206j,-0.097575+0.191042j,2.084870
-1.003370-0.042323j,-0.108488+0.208151j,-0.097355+0.191094j,2.084881
-1.002875-0.042407j,-0.108482+0.208095j,-0.097136+0.191149j,2.084891
-1.002378-0.042486j,-0.108475+0.208040j,-0.096917+0.191207j,2.084901
-1.001881-0.042558j,-0.108467+0.207984j,-0.096700+0.191268j,2.084911
-1.001382-0.042624j,-0.108458+0.207929j,-0.096482+0.191331j,2.084922
-1.000883-0.042683j,-0.108449+0.207874j,-0.096266+0.191397j,2.084932
-1.000383-0.042737j,-0.108439+0.207819j,-0.096050+0.191466j,2.084942
-0.999883-0.042784j,-0.108429+0.207764j,-0.095835+0.191537j,2.084953
-0.999382-0.042825j,-0.108417+0.207709j,-0.095621+0.191611j,2.084963
-0.998881-0.042859j,-0.108405+0.207654j,-0.095407+0.191688j,2.084973
-0.998379-0.042887j,-0.108393+0.207600j,-0.095195+0.191768j,2.084984
-0.997877-0.042909j,-0.108380+0.207545j,-0.094983+0.191850j,2.084994
-0.997374-0.042925j,-0.108366+0.207491j,-0.094772+0.191935j,2.085004
-0.996872-0.042934j,-0.108351+0.207436j,-0.094562+0.192023j,2.085015
-0.996369-0.042937j,-0.108336+0.207382j,-0.094354+0.192114j,2.085025
-0.995866-0.042933j,-0.108320+0.207328j,-0.094146+0.192207j,2.085036
-0.995364-0.042924j,-0.108303+0.207274j,-0.093939+0.192302j,2.085046
-0.994861-0.042908j,-0.108286+0.207221j,-0.093734+0.192401j,2.085057
-0.994359-0.042885j,-0.108268+0.207167j,-0.093529+0.192502j,2.085067
-0.993857-0.042857j,-0.108249+0.207114j,-0.093326+0.192605j,2.085078
-0.993356-0.042822j,-0.108230+0.207061j,-0.093124+0.192712j,2.085088
-0.992855-0.042780j,-0.108210+0.207008j,-0.092923+0.192821j,2.085099
-0.992680-0.044314j,-0.108370+0.206942j,-0.092570+0.192214j,2.085132
-0.992502-0.045847j,-0.108530+0.206876j,-0.092217+0.191608j,2.085167
-0.992322-0.047379j,-0.108690+0.206809j,-0.091864+0.191002j,2.085203
-0.992140-0.048911j,-0.108850+0.206743j,-0.091511+0.190395j,2.085240
-0.991956-0.050443j,-0.109010+0.206677j,-0.091159+0.189789j,2.085278
-0.991769-0.051974j,-0.109170+0.206611j,-0.090806+0.189182j,2.085317
-0.991580-0.053504j,-0.109330+0.206545j,-0.090453+0.188576j,2.085358
-0.991388-0.055035j,-0.109489+0.206480j,-0.090101+0.187969j,2.085399
-0.991194-0.056564j,-0.109649+0.206414j,-0.089748+0.187363j,2.085442
-0.990998-0.058093j,-0.109809+0.206348j,-0.089395+0.186756j,2.085486
-0.990799-0.059622j,-0.109968+0.206282j,-0.089043+0.186150j,2.085531
-0.990598-0.061151j,-0.110128+0.206217j,-0.088690+0.185543j,2.085578
-0.990395-0.062678j,-0.110287+0.206151j,-0.088338+0.184937j,2.085625
-0.990189-0.064206j,-0.110447+0.206085j,-0.087986+0.184330j,2.085673
-0.989981-0.065733j,-0.110606+0.206020j,-0.087633+0.183724j,2.085723
-0.989771-0.067259j,-0.110766+0.205954j,-0.087281+0.183117j,2.085774
-0.989558-0.068785j,-0.110925+0.205888j,-0.086928+0.182510j,2.085826
-0.989343-0.070310j,-0.111084+0.205823j,-0.086576+0.181904j,2.085879
-0.989125-0.071835j,-0.111244+0.205757j,-0.086224+0.181297j,2.085934
-0.988906-0.073359j,-0.111403+0.205692j,-0.085871+0.180691j,2.085989
-0.988684-0.074883j,-0.111562+0.205626j,-0.085519+0.180084j,2.086046
-0.988459-0.076407j,-0.111722+0.205561j,-0.085166+0.179478j,2.086104
-0.988233-0.077930j,-0.111881+0.205495j,-0.084814+0.178871j,2.086163
-0.988003-0.079452j,-0.112040+0.205430j,-0.084462+0.178265j,2.086223
-0.987772-0.080974j,-0.112200+0.205364j,-0.084109+0.177658j,2.086284
-0.987538-0.082495j,-0.112359+0.205299j,-0.083757+0.177052j,2.086346
-0.987302-0.084016j,-0.112518+0.205234j,-0.083404+0.176445j,2.086410
-0.987064-0.085536j,-0.112677+0.205168j,-0.083052+0.175839j,2.086475
-0.986823-0.087056j,-0.112837+0.205103j,-0.082700+0.175233j,2.086541
-0.986580-0.088575j,-0.112996+0.205037j,-0.082347+0.174626j,2.086608
-0.986335-0.090093j,-0.113155+0.204972j,-0.081995+0.174020j,2.086676
-0.986087-0.091611j,-0.113314+0.204907j,-0.081642+0.173414j,2.086745
-0.985837-0.093129j,-0.113474+0.204841j,-0.081290+0.172807j,2.086816
-0.985585-0.094646j,-0.113633+0.204776j,-0.080937+0.172201j,2.086888
-0.985330-0.096162j,-0.113792+0.204711j,-0.080585+0.171595j,2.086960
-0.985073-0.097678j,-0.113951+0.204645j,-0.080232+0.170989j,2.087034
-0.984814-0.099193j,-0.114111+0.204580j,-0.079879+0.170383j,2.087109
-0.984552-0.100708j,-0.114270+0.204515j,-0.079527+0.169777j,2.087186
-0.984288-0.102222j,-0.114429+0.204449j,-0.079174+0.169171j,2.087263
-0.984022-0.103736j,-0.114588+0.204384j,-0.078822+0.168564j,2.087342
-0.983753-0.105249j,-0.114748+0.204319j,-0.078469+0.167958j,2.087422
-0.983482-0.106761j,-0.114907+0.204253j,-0.078116+0.167353j,2.087503
-0.983209-0.108273j,-0.115066+0.204188j,-0.077763+0.166747j,2.087585
-0.982933-0.109784j,-0.115225+0.204123j,-0.077411+0.166141j,2.087668
-0.982656-0.111295j,-0.115385+0.204058j,-0.077058+0.165535j,2.087752
-0.982375-0.112805j,-0.115544+0.203992j,-0.076705+0.164929j,2.087838
-0.982093-0.114314j,-0.115703+0.203927j,-0.076352+0.164323j,2.087925
-0.981808-0.115823j,-0.115862+0.203862j,-0.075999+0.163718j,2.088012
-0.981521-0.117331j,-0.116022+0.203797j,-0.075646+0.163112j,2.088101
-0.981232-0.118839j,-0.116181+0.203731j,-0.075293+0.162506j,2.088192
-0.980940-0.120346j,-0.116340+0.203666j,-0.074940+0.161901j,2.088283
-0.980646-0.121852j,-0.116500+0.203601j,-0.074587+0.161295j,2.088375
-0.980350-0.123358j,-0.116659+0.203536j,-0.074234+0.160690j,2.088469
-0.980051-0.124863j,-0.116818+0.203470j,-0.073881+0.160085j,2.088564
-0.979750-0.126368j,-0.116978+0.203405j,-0.073528+0.159479j,2.088660
-0.979447-0.127871j,-0.117137+0.203340j,-0.073175+0.158874j,2.088757
-0.979142-0.129375j,-0.117297+0.203275j,-0.072822+0.158269j,2.088855
-0.978834-0.130877j,-0.117456+0.203209j,-0.072469+0.157663j,2.088955
-0.978524-0.132379j,-0.117615+0.203144j,-0.072115+0.157058j,2.089055
-0.978212-0.133881j,-0.117775+0.203079j,-0.071762+0.156453j,2.089157
-0.977897-0.135381j,-0.117934+0.203014j,-0.071409+0.155848j,2.089260
-0.977580-0.136881j,-0.118094+0.202948j,-0.071055+0.155243j,2.089364
-0.977261-0.138381j,-0.118253+0.202883j,-0.070702+0.154638j,2.089469
-0.976939-0.139879j,-0.118413+0.202818j,-0.070349+0.154033j,2.089576
-0.976615-0.141377j,-0.118572+0.202753j,-0.069995+0.153429j,2.089683
-0.976289-0.142875j,-0.118732+0.202687j,-0.069641+0.152824j,2.089792
-0.975961-0.144371j,-0.118891+0.202622j,-0.069288+0.152219j,2.089902
-0.975630-0.145867j,-0.119051+0.202557j,-0.068934+0.151614j,2.090013
-0.975297-0.147363j,-0.119210+0.202492j,-0.068581+0.151010j,2.090125
-0.974962-0.148857j,-0.119370+0.202427j,-0.068227+0.150405j,2.090238
-0.974625-0.150351j,-0.119529+0.202361j,-0.067873+0.149801j,2.090352
-0.974285-0.151845j,-0.119689+0.202296j,-0.067519+0.149197j,2.090468
-0.973943-0.153337j,-0.119848+0.202231j,-0.067165+0.148592j,2.090585
-0.973599-0.154829j,-0.120008+0.202166j,-0.066811+0.147988j,2.090703
-0.973252-0.156320j,-0.120168+0.202100j,-0.066457+0.147384j,2.090822
-0.972903-0.157811j,-0.120327+0.202035j,-0.066103+0.146780j,2.090942
-0.972552-0.159301j,-0.120487+0.201970j,-0.065749+0.146176j,2.091064
-0.972199-0.160790j,-0.120647+0.201905j,-0.065395+0.145572j,2.091186
-0.971843-0.162278j,-0.120806+0.201839j,-0.065041+0.144968j,2.091310
-0.971485-0.163766j,-0.120966+0.201774j,-0.064687+0.144364j,2.091435
-0.971125-0.165253j,-0.121126+0.201709j,-0.064333+0.143760j,2.091561
-0.970762-0.166739j,-0.121285+0.201644j,-0.063978+0.143156j,2.091688
-0.970397-0.168225j,-0.121445+0.201579j,-0.063624+0.142553j,2.091816
-0.970031-0.169710j,-0.121605+0.201513j,-0.063270+0.141949j,2.091946
-0.969661-0.171194j,-0.121765+0.201448j,-0.062915+0.141346j,2.092076
-0.969290-0.172677j,-0.121925+0.201383j,-0.062561+0.140742j,2.092208
-0.968916-0.174160j,-0.122084+0.201318j,-0.062206+0.140139j,2.092341
-0.968540-0.175641j,-0.122244+0.201252j,-0.061851+0.139536j,2.092475
-0.968162-0.177122j,-0.122404+0.201187j,-0.061497+0.138932j,2.092610
-0.967781-0.178603j,-0.122564+0.201122j,-0.061142+0.138329j,2.092747
-0.967398-0.180082j,-0.122724+0.201057j,-0.060787+0.137726j,2.092884
-0.967013-0.181561j,-0.122884+0.200991j,-0.060432+0.137123j,2.093023
-0.966626-0.183039j,-0.123044+0.200926j,-0.060077+0.136520j,2.093163
-0.966236-0.184517j,-0.123204+0.200861j,-0.059722+0.135918j,2.093304
-0.965845-0.185993j,-0.123364+0.200796j,-0.059367+0.135315j,2.093446
-0.965451-0.187469j,-0.123524+0.200730j,-0.059012+0.134712j,2.093590
-0.965054-0.188944j,-0.123684+0.200665j,-0.058657+0.134110j,2.093734
-0.964656-0.190418j,-0.123844+0.200600j,-0.058302+0.133507j,2.093880
-0.964255-0.191892j,-0.124004+0.200535j,-0.057947+0.132905j,2.094027
-0.963852-0.193364j,-0.124164+0.200469j,-0.057591+0.132302j,2.094175
-0.963447-0.194836j,-0.124324+0.200404j,-0.057236+0.131700j,2.094324
-0.963040-0.196307j,-0.124484+0.200339j,-0.056880+0.131098j,2.094474
-0.962630-0.197778j,-0.124644+0.200274j,-0.056525+0.130496j,2.094626
-0.962218-0.199247j,-0.124805+0.200208j,-0.056169+0.129894j,2.094778
-0.961804-0.200716j,-0.124965+0.200143j,-0.055814+0.129292j,2.094932
-0.961387-0.202184j,-0.125125+0.200078j,-0.055458+0.128690j,2.095087
-0.960969-0.203651j,-0.125285+0.200013j,-0.055102+0.128089j,2.095243
-0.960548-0.205117j,-0.125446+0.199947j,-0.054746+0.127487j,2.095400
-0.960125-0.206583j,-0.125606+0.199882j,-0.054390+0.126885j,2.095559
-0.959700-0.208048j,-0.125766+0.199817j,-0.054034+0.126284j,2.095718
-0.959272-0.209511j,-0.125927+0.199752j,-0.053678+0.125683j,2.095879
-0.958842-0.210974j,-0.126087+0.199686j,-0.053322+0.125081j,2.096041
-0.958410-0.212437j,-0.126247+0.199621j,-0.052966+0.124480j,2.096204
-0.957976-0.213898j,-0.126408+0.199556j,-0.052610+0.123879j,2.096368
-0.957540-0.215359j,-0.126568+0.199490j,-0.052253+0.123278j,2.096533
-0.957101-0.216818j,-0.126729+0.199425j,-0.051897+0.122677j,2.096700
-0.956660-0.218277j,-0.126889+0.199360j,-0.051540+0.122077j,2.096867
-0.956217-0.219735j,-0.127050+0.199295j,-0.051184+0.121476j,2.097036
-0.955772-0.221192j,-0.127210+0.199229j,-0.050827+0.120875j,2.097206
-0.955325-0.222649j,-0.127371+0.199164j,-0.050471+0.120275j,2.097377
-0.954875-0.224104j,-0.127531+0.199099j,-0.050114+0.119674j,2.097549
-0.954423-0.225559j,-0.127692+0.199033j,-0.049757+0.119074j,2.097723
-0.953969-0.227013j,-0.127853+0.198968j,-0.049400+0.118474j,2.097897
-0.953513-0.228465j,-0.128013+0.198903j,-0.049043+0.117874j,2.098073
-0.953054-0.229917j,-0.128174+0.198838j,-0.048686+0.117274j,2.098250
-0.952594-0.231369j,-0.128335+0.198772j,-0.048329+0.116674j,2.098428
-0.952131-0.232819j,-0.128495+0.198707j,-0.047972+0.116074j,2.098607
-0.951666-0.234268j,-0.128656+0.198642j,-0.047615+0.115474j,2.098788
-0.951199-0.235717j,-0.128817+0.198576j,-0.047257+0.114875j,2.098969
-0.950729-0.237165j,-0.128978+0.198511j,-0.046900+0.114275j,2.099152
-0.950258-0.238611j,-0.129139+0.198446j,-0.046542+0.113676j,2.099336
-0.949784-0.240057j,-0.129300+0.198380j,-0.046185+0.113077j,2.099521
-0.949308-0.241502j,-0.129460+0.198315j,-0.045827+0.112478j,2.099707
-0.948829-0.242946j,-0.129621+0.198250j,-0.045469+0.111879j,2.099894
-0.948349-0.244389j,-0.129782+0.198184j,-0.045111+0.111280j,2.100083
-0.947867-0.245832j,-0.129943+0.198119j,-0.044753+0.110681j,2.100272
-0.947382-0.247273j,-0.130104+0.198054j,-0.044396+0.110082j,2.100463
-0.946895-0.248714j,-0.130265+0.197988j,-0.044037+0.109484j,2.100655
-0.946406-0.250153j,-0.130427+0.197923j,-0.043679+0.108885j,2.100848
-0.945914-0.251592j,-0.130588+0.197858j,-0.043321+0.108287j,2.101042
-0.945421-0.253030j,-0.130749+0.197792j,-0.042963+0.107689j,2.101238
-0.944925-0.254466j,-0.130910+0.197727j,-0.042604+0.107090j,2.101434
-0.944428-0.255902j,-0.131071+0.197662j,-0.042246+0.106492j,2.101632
-0.943928-0.257337j,-0.131232+0.197596j,-0.041887+0.105894j,2.101831
-0.943425-0.258771j,-0.131394+0.197531j,-0.041529+0.105297j,2.102031
-0.942921-0.260204j,-0.131555+0.197466j,-0.041170+0.104699j,2.102232
-0.942415-0.261636j,-0.131716+0.197400j,-0.040811+0.104101j,2.102434
-0.941906-0.263068j,-0.131878+0.197335j,-0.040452+0.103504j,2.102638
-0.941395-0.264498j,-0.132039+0.197270j,-0.040093+0.102907j,2.102842
-0.940882-0.265927j,-0.132200+0.197204j,-0.039734+0.102309j,2.103048
-0.940367-0.267356j,-0.132362+0.197139j,-0.039375+0.101712j,2.103255
-0.939850-0.268783j,-0.132523+0.197073j,-0.039016+0.101115j,2.103463
-0.939331-0.270209j,-0.132685+0.197008j,-0.038656+0.100519j,2.103672
-0.938809-0.271635j,-0.132846+0.196943j,-0.038297+0.099922j,2.103883
-0.938285-0.273059j,-0.133008+0.196877j,-0.037937+0.099325j,2.104094
-0.937759-0.274483j,-0.133170+0.196812j,-0.037578+0.098729j,2.104307
-0.937231-0.275906j,-0.133331+0.196747j,-0.037218+0.098133j,2.104521
-0.936701-0.277327j,-0.133493+0.196681j,-0.036858+0.097536j,2.104736
-0.936169-0.278748j,-0.133655+0.196616j,-0.036498+0.096940j,2.104952
-0.935634-0.280167j,-0.133816+0.196550j,-0.036138+0.096344j,2.105169
-0.935098-0.281586j,-0.133978+0.196485j,-0.035778+0.095748j,2.105388
-0.934559-0.283004j,-0.134140+0.196420j,-0.035418+0.095153j,2.105608
-0.934018-0.284421j,-0.134302+0.196354j,-0.035058+0.094557j,2.105828
-0.933475-0.285836j,-0.134464+0.196289j,-0.034697+0.093962j,2.106050
-0.932930-0.287251j,-0.134626+0.196223j,-0.034337+0.093366j,2.106273
-0.932383-0.288665j,-0.134788+0.196158j,-0.033976+0.092771j,2.106498
-0.931833-0.290077j,-0.134950+0.196092j,-0.033616+0.092176j,2.106723
-0.931282-0.291489j,-0.135112+0.196027j,-0.033255+0.091581j,2.106950
-0.930728-0.292900j,-0.135274+0.195962j,-0.032894+0.090987j,2.107177
-0.930172-0.294309j,-0.135436+0.195896j,-0.032533+0.090392j,2.107406
-0.929615-0.295718j,-0.135598+0.195831j,-0.032172+0.089798j,2.107636
-0.929055-0.297126j,-0.135760+0.195765j,-0.031811+0.089203j,2.107868
-0.928492-0.298532j,-0.135922+0.195700j,-0.031450+0.088609j,2.108100
-0.927928-0.299938j,-0.136085+0.195634j,-0.031089+0.088015j,2.108333
-0.927362-0.301342j,-0.136247+0.195569j,-0.030727+0.087421j,2.108568
-0.926793-0.302746j,-0.136409+0.195504j,-0.030366+0.086827j,2.108804
-0.926223-0.304148j,-0.136571+0.195438j,-0.030004+0.086234j,2.109041
-0.925650-0.305550j,-0.136734+0.195373j,-0.029642+0.085640j,2.109279
-0.925075-0.306950j,-0.136896+0.195307j,-0.029280+0.085047j,2.109518
-0.924498-0.308350j,-0.137059+0.195242j,-0.028919+0.084453j,2.109759
-0.923919-0.309748j,-0.137221+0.195176j,-0.028556+0.083860j,2.110000
-0.923338-0.311145j,-0.137384+0.195111j,-0.028194+0.083267j,2.110243
-0.922755-0.312542j,-0.137546+0.195045j,-0.027832+0.082675j,2.110487
-0.922169-0.313937j,-0.137709+0.194980j,-0.027470+0.082082j,2.110732
-0.921582-0.315331j,-0.137871+0.194914j,-0.027107+0.081489j,2.110978
-0.920993-0.316724j,-0.138034+0.194849j,-0.026745+0.080897j,2.111226
-0.920401-0.318116j,-0.138197+0.194783j,-0.026382+0.080305j,2.111474
-0.919807-0.319507j,-0.138360+0.194718j,-0.026019+0.079713j,2.111724
-0.919211-0.320897j,-0.138522+0.194652j,-0.025656+0.079121j,2.111975
-0.918614-0.322285j,-0.138685+0.194587j,-0.025293+0.078529j,2.112227
-0.918014-0.323673j,-0.138848+0.194521j,-0.024930+0.077938j,2.112480
-0.917412-0.325060j,-0.139011+0.194456j,-0.024567+0.077346j,2.112734
-0.916807-0.326445j,-0.139174+0.194390j,-0.024204+0.076755j,2.112990
-0.916201-0.327830j,-0.139337+0.194325j,-0.023840+0.076164j,2.113247
-0.915593-0.329213j,-0.139500+0.194259j,-0.023477+0.075573j,2.113504
-0.914982-0.330595j,-0.139663+0.194194j,-0.023113+0.074982j,2.113763
-0.914370-0.331976j,-0.139826+0.194128j,-0.022750+0.074391j,2.114023
-0.913756-0.333356j,-0.139989+0.194063j,-0.022386+0.073801j,2.114285
-0.913139-0.334735j,-0.140153+0.193997j,-0.022022+0.073211j,2.114547
-0.912520-0.336113j,-0.140316+0.193932j,-0.021658+0.072620j,2.114811
-0.911900-0.337490j,-0.140479+0.193866j,-0.021293+0.072030j,2.115075
-0.911277-0.338866j,-0.140642+0.193800j,-0.020929+0.071440j,2.115341
-0.910652-0.340240j,-0.140806+0.193735j,-0.020565+0.070851j,2.115608
-0.910025-0.341613j,-0.140969+0.193669j,-0.020200+0.070261j,2.115876
-0.909396-0.342986j,-0.141133+0.193604j,-0.019836+0.069672j,2.116146
-0.908765-0.344357j,-0.141296+0.193538j,-0.019471+0.069083j,2.116416
-0.908132-0.345727j,-0.141460+0.193473j,-0.019106+0.068494j,2.116688
-0.907497-0.347096j,-0.141623+0.193407j,-0.018741+0.067905j,2.116961
-0.906860-0.348463j,-0.141787+0.193341j,-0.018376+0.067316j,2.117235
-0.906220-0.349830j,-0.141951+0.193276j,-0.018011+0.066728j,2.117510
-0.905579-0.351196j,-0.142114+0.193210j,-0.017645+0.066139j,2.117786
-0.904936-0.352560j,-0.142278+0.193145j,-0.017280+0.065551j,2.118063
-0.904290-0.353923j,-0.142442+0.193079j,-0.016914+0.064963j,2.118342
-0.903643-0.355285j,-0.142606+0.193013j,-0.016549+0.064375j,2.118622
-0.902994-0.356646j,-0.142769+0.192948j,-0.016183+0.063787j,2.118903
-0.902342-0.358006j,-0.142933+0.192882j,-0.015817+0.063200j,2.119185
-0.901688-0.359364j,-0.143097+0.192817j,-0.015451+0.062613j,2.119468
-0.901033-0.360722j,-0.143261+0.192751j,-0.015085+0.062025j,2.119752
-0.900375-0.362078j,-0.143425+0.192685j,-0.014718+0.061438j,2.120038
-0.899716-0.363433j,-0.143590+0.192620j,-0.014352+0.060852j,2.120324
-0.899054-0.364787j,-0.143754+0.192554j,-0.013985+0.060265j,2.120612
-0.898390-0.366140j,-0.143918+0.192489j,-0.013619+0.059679j,2.120901
-0.897725-0.367491j,-0.144082+0.192423j,-0.013252+0.059092j,2.121191
-0.897057-0.368841j,-0.144246+0.192357j,-0.012885+0.058506j,2.121482
-0.896387-0.370191j,-0.144411+0.192292j,-0.012518+0.057920j,2.121775
-0.895716-0.371539j,-0.144575+0.192226j,-0.012151+0.057335j,2.122069
-0.895042-0.372885j,-0.144740+0.192160j,-0.011784+0.056749j,2.122363
-0.894366-0.374231j,-0.144904+0.192095j,-0.011416+0.056164j,2.122659
-0.893688-0.375575j,-0.145068+0.192029j,-0.011049+0.055578j,2.122956
-0.893008-0.376919j,-0.145233+0.191963j,-0.010681+0.054993j,2.123254
-0.892327-0.378261j,-0.145398+0.191898j,-0.010313+0.054409j,2.123554
-0.891643-0.379602j,-0.145562+0.191832j,-0.009945+0.053824j,2.123854
-0.890957-0.380941j,-0.145727+0.191766j,-0.009577+0.053240j,2.124156
-0.890269-0.382280j,-0.145892+0.191701j,-0.009209+0.052655j,2.124459
-0.889579-0.383617j,-0.146057+0.191635j,-0.008841+0.052071j,2.124763
-0.888888-0.384953j,-0.146221+0.191569j,-0.008472+0.051487j,2.125068
-0.888194-0.386288j,-0.146386+0.191504j,-0.008104+0.050904j,2.125374
-0.887498-0.387621j,-0.146551+0.191438j,-0.007735+0.050320j,2.125682
-0.886800-0.388953j,-0.146716+0.191372j,-0.007366+0.049737j,2.125990
-0.886101-0.390285j,-0.146881+0.191306j,-0.006997+0.049154j,2.126300
-0.885399-0.391614j,-0.147046+0.191241j,-0.006628+0.048571j,2.126611
-0.884695-0.392943j,-0.147212+0.191175j,-0.006259+0.047988j,2.126923
-0.883989-0.394270j,-0.147377+0.191109j,-0.005890+0.047406j,2.127236
-0.883282-0.395597j,-0.147542+0.191044j,-0.005520+0.046823j,2.127551
-0.882572-0.396921j,-0.147707+0.190978j,-0.005151+0.046241j,2.127866
-0.881860-0.398245j,-0.147873+0.190912j,-0.004781+0.045659j,2.128183
-0.881147-0.399568j,-0.148038+0.190846j,-0.004411+0.045078j,2.128501
-0.880431-0.400889j,-0.148203+0.190781j,-0.004041+0.044496j,2.128820
-0.879714-0.402209j,-0.148369+0.190715j,-0.003671+0.043915j,2.129140
-0.878994-0.403527j,-0.148535+0.190649j,-0.003301+0.043334j,2.129461
-0.878273-0.404845j,-0.148700+0.190583j,-0.002930+0.042753j,2.129783
-0.877549-0.406161j,-0.148866+0.190518j,-0.002560+0.042172j,2.130107
-0.876824-0.407476j,-0.149031+0.190452j,-0.002189+0.041592j,2.130432
-0.876096-0.408789j,-0.149197+0.190386j,-0.001818+0.041011j,2.130758
-0.875367-0.410102j,-0.149363+0.190320j,-0.001447+0.040431j,2.131085
-0.874636-0.411413j,-0.149529+0.190255j,-0.001076+0.039852j,2.131413
-0.873903-0.412723j,-0.149695+0.190189j,-0.000705+0.039272j,2.131742
-0.873167-0.414031j,-0.149861+0.190123j,-0.000334+0.038692j,2.132073
-0.872430-0.415338j,-0.150027+0.190057j,0.000038+0.038113j,2.132405
-0.871691-0.416644j,-0.150193+0.189991j,0.000409+0.037534j,2.132737
-0.870950-0.417949j,-0.150359+0.189926j,0.000781+0.036955j,2.133071
-0.870207-0.419252j,-0.150525+0.189860j,0.001153+0.036377j,2.133407
-0.869462-0.420554j,-0.150691+0.189794j,0.001525+0.035798j,2.133743
-0.868716-0.421855j,-0.150858+0.189728j,0.001897+0.035220j,2.134080
-0.867967-0.423155j,-0.151024+0.189662j,0.002270+0.034642j,2.134419
-0.867216-0.424453j,-0.151190+0.189596j,0.002642+0.034065j,2.134759
-0.866464-0.425750j,-0.151357+0.189531j,0.003015+0.033487j,2.135100
-0.865709-0.427045j,-0.151523+0.189465j,0.003388+0.032910j,2.135442
-0.864953-0.428339j,-0.151690+0.189399j,0.003761+0.032333j,2.135785
-0.864194-0.429632j,-0.151857+0.189333j,0.004134+0.031756j,2.136129
-0.863434-0.430924j,-0.152023+0.189267j,0.004507+0.031179j,2.136475
-0.862672-0.432214j,-0.152190+0.189201j,0.004880+0.030603j,2.136821
-0.861908-0.433503j,-0.152357+0.189136j,0.005254+0.030027j,2.137169
-0.861142-0.434791j,-0.152524+0.189070j,0.005627+0.029451j,2.137518
-0.860374-0.436077j,-0.152690+0.189004j,0.006001+0.028875j,2.137868
-0.859604-0.437362j,-0.152857+0.188938j,0.006375+0.028299j,2.138220
-0.858832-0.438646j,-0.153024+0.188872j,0.006749+0.027724j,2.138572
-0.858058-0.439928j,-0.153191+0.188806j,0.007123+0.027149j,2.138926
-0.857283-0.441209j,-0.153359+0.188740j,0.007498+0.026574j,2.139281
-0.856505-0.442489j,-0.153526+0.188674j,0.007872+0.026000j,2.139636
-0.855726-0.443767j,-0.153693+0.188609j,0.008247+0.025425j,2.139994
-0.854945-0.445044j,-0.153860+0.188543j,0.008622+0.024851j,2.140352
-0.854162-0.446320j,-0.154028+0.188477j,0.008997+0.024277j,2.140711
-0.853376-0.447594j,-0.154195+0.188411j,0.009372+0.023704j,2.141072
-0.852590-0.448867j,-0.154363+0.188345j,0.009747+0.023130j,2.141433
-0.851801-0.450138j,-0.154530+0.188279j,0.010123+0.022557j,2.141796
-0.851010-0.451408j,-0.154698+0.188213j,0.010498+0.021984j,2.142160
-0.850217-0.452677j,-0.154865+0.188147j,0.010874+0.021412j,2.142525
-0.849423-0.453945j,-0.155033+0.188081j,0.011250+0.020839j,2.142892
-0.848627-0.455211j,-0.155201+0.188015j,0.011626+0.020267j,2.143259
-0.847828-0.456475j,-0.155369+0.187949j,0.012002+0.019695j,2.143628
-0.847028-0.457739j,-0.155536+0.187883j,0.012378+0.019123j,2.143997
-0.846226-0.459001j,-0.155704+0.187817j,0.012755+0.018552j,2.144368
-0.845423-0.460261j,-0.155872+0.187751j,0.013132+0.017980j,2.144740
-0.844617-0.461520j,-0.156040+0.187686j,0.013508+0.017410j,2.145114
-0.843809-0.462778j,-0.156209+0.187620j,0.013885+0.016839j,2.145488
-0.843000-0.464035j,-0.156377+0.187554j,0.014263+0.016268j,2.145863
-0.842189-0.465290j,-0.156545+0.187488j,0.014640+0.015698j,2.146240
-0.841376-0.466543j,-0.156713+0.187422j,0.015017+0.015128j,2.146618
-0.840561-0.467795j,-0.156882+0.187356j,0.015395+0.014558j,2.146997
-0.839744-0.469046j,-0.157050+0.187290j,0.015773+0.013989j,2.147377
-0.838925-0.470296j,-0.157219+0.187224j,0.016150+0.013420j,2.147758
-0.838105-0.471544j,-0.157387+0.187158j,0.016529+0.012851j,2.148141
-0.837282-0.472790j,-0.157556+0.187092j,0.016907+0.012282j,2.148524
-0.836458-0.474035j,-0.157724+0.187026j,0.017285+0.011713j,2.148909
-0.835632-0.475279j,-0.157893+0.186960j,0.017664+0.011145j,2.149295
-0.834804-0.476522j,-0.158062+0.186894j,0.018042+0.010577j,2.149682
-0.833974-0.477763j,-0.158231+0.186828j,0.018421+0.010009j,2.150070
-0.833143-0.479002j,-0.158400+0.186762j,0.018800+0.009442j,2.150459
-0.832309-0.480240j,-0.158569+0.186696j,0.019179+0.008875j,2.150850
-0.831474-0.481477j,-0.158738+0.186630j,0.019559+0.008308j,2.151242
-0.830637-0.482712j,-0.158907+0.186564j,0.019938+0.007741j,2.151634
-0.829798-0.483946j,-0.159076+0.186497j,0.020318+0.007175j,2.152028
-0.828958-0.485178j,-0.159245+0.186431j,0.020698+0.006609j,2.152424
-0.828115-0.486409j,-0.159415+0.186365j,0.021078+0.006043j,2.152820
-0.827271-0.487639j,-0.159584+0.186299j,0.021458+0.005477j,2.153217
-0.826425-0.488867j,-0.159754+0.186233j,0.021838+0.004912j,2.153616
-0.825577-0.490093j,-0.159923+0.186167j,0.022219+0.004347j,2.154015
-0.824727-0.491319j,-0.160093+0.186101j,0.022599+0.003782j,2.154416
-0.823876-0.492542j,-0.160262+0.186035j,0.022980+0.003218j,2.154818
-0.823022-0.493764j,-0.160432+0.185969j,0.023361+0.002653j,2.155222
-0.822167-0.494985j,-0.160602+0.185903j,0.023742+0.002090j,2.155626
-0.821310-0.496205j,-0.160772+0.185837j,0.024124+0.001526j,2.156031
-0.820452-0.497423j,-0.160942+0.185771j,0.024505+0.000962j,2.156438
-0.819591-0.498639j,-0.161112+0.185705j,0.024887+0.000399j,2.156846
-0.818729-0.499854j,-0.161282+0.185638j,0.025269-0.000164j,2.157255
-0.817865-0.501067j,-0.161452+0.185572j,0.025651-0.000726j,2.157665
-0.816999-0.502279j,-0.161622+0.185506j,0.026033-0.001288j,2.158076
-0.816131-0.503490j,-0.161792+0.185440j,0.026415-0.001850j,2.158488
-0.815262-0.504699j,-0.161962+0.185374j,0.026797-0.002412j,2.158902
-0.814391-0.505907j,-0.162133+0.185308j,0.027180-0.002974j,2.159317
-0.813518-0.507113j,-0.162303+0.185242j,0.027563-0.003535j,2.159732
-0.812643-0.508317j,-0.162474+0.185176j,0.027946-0.004096j,2.160149
-0.811766-0.509520j,-0.162644+0.185109j,0.028329-0.004656j,2.160568
-0.810888-0.510722j,-0.162815+0.185043j,0.028712-0.005216j,2.160987
-0.810008-0.511922j,-0.162986+0.184977j,0.029096-0.005776j,2.161407
-0.809126-0.513121j,-0.163157+0.184911j,0.029480-0.006336j,2.161829
-0.808242-0.514318j,-0.163328+0.184845j,0.029863-0.006896j,2.162252
-0.807357-0.515514j,-0.163498+0.184779j,0.030247-0.007455j,2.162676
-0.806470-0.516708j,-0.163669+0.184712j,0.030632-0.008014j,2.163101
-0.805581-0.517900j,-0.163841+0.184646j,0.031016-0.008572j,2.163527
-0.804691-0.519092j,-0.164012+0.184580j,0.031401-0.009130j,2.163954
-0.803798-0.520281j,-0.164183+0.184514j,0.031785-0.009688j,2.164383
-0.802904-0.521469j,-0.164354+0.184448j,0.032170-0.010246j,2.164812
-0.802008-0.522656j,-0.164526+0.184382j,0.032555-0.010803j,2.165243
-0.801111-0.523841j,-0.164697+0.184315j,0.032940-0.011360j,2.165675
-0.800211-0.525025j,-0.164869+0.184249j,0.033326-0.011917j,2.166108
-0.799310-0.526207j,-0.165040+0.184183j,0.033711-0.012474j,2.166542
-0.798407-0.527387j,-0.165212+0.184117j,0.034097-0.013030j,2.166978
-0.797503-0.528566j,-0.165384+0.184051j,0.034483-0.013586j,2.167414
-0.796597-0.529744j,-0.165555+0.183984j,0.034869-0.014141j,2.167852
-0.795689-0.530920j,-0.165727+0.183918j,0.035256-0.014696j,2.168291
-0.794779-0.532094j,-0.165899+0.183852j,0.035642-0.015251j,2.168731
-0.793868-0.533267j,-0.166071+0.183786j,0.036029-0.015806j,2.169172
-0.792955-0.534438j,-0.166243+0.183719j,0.036415-0.016360j,2.169614
-0.792040-0.535608j,-0.166415+0.183653j,0.036802-0.016914j,2.170058
-0.791123-0.536776j,-0.166588+0.183587j,0.037190-0.017468j,2.170503
-0.790205-0.537943j,-0.166760+0.183521j,0.037577-0.018021j,2.170948
-0.789285-0.539108j,-0.166932+0.183454j,0.037965-0.018574j,2.171395
-0.788363-0.540271j,-0.167105+0.183388j,0.038352-0.019127j,2.171843
-0.787440-0.541433j,-0.167277+0.183322j,0.038740-0.019679j,2.172292
-0.786515-0.542594j,-0.167450+0.183256j,0.039128-0.020231j,2.172743
-0.785588-0.543753j,-0.167623+0.183189j,0.039516-0.020783j,2.173194
-0.784660-0.544910j,-0.167796+0.183123j,0.039905-0.021335j,2.173647
-0.783729-0.546066j,-0.167968+0.183057j,0.040294-0.021886j,2.174101
-0.782798-0.547220j,-0.168141+0.182990j,0.040682-0.022437j,2.174556
-0.781864-0.548373j,-0.168314+0.182924j,0.041071-0.022987j,2.175012
-0.780929-0.549524j,-0.168487+0.182858j,0.041460-0.023537j,2.175469
-0.779992-0.550673j,-0.168661+0.182792j,0.041850-0.024087j,2.175928
-0.779053-0.551821j,-0.168834+0.182725j,0.042239-0.024636j,2.176387
-0.778113-0.552967j,-0.169007+0.182659j,0.042629-0.025186j,2.176848
-0.777171-0.554112j,-0.169180+0.182593j,0.043019-0.025734j,2.177310
-0.776228-0.555255j,-0.169354+0.182526j,0.043409-0.026283j,2.177773
-0.775282-0.556397j,-0.169527+0.182460j,0.043799-0.026831j,2.178237
-0.774335-0.557537j,-0.169701+0.182394j,0.044190-0.027379j,2.178702
-0.773387-0.558675j,-0.169875+0.182327j,0.044580-0.027926j,2.179169
-0.772437-0.559812j,-0.170049+0.182261j,0.044971-0.028474j,2.179636
-0.771485-0.560947j,-0.170222+0.182195j,0.045362-0.029020j,2.180105
-0.770531-0.562081j,-0.170396+0.182128j,0.045753-0.029567j,2.180575
-0.769576-0.563213j,-0.170570+0.182062j,0.046145-0.030113j,2.181046
-0.768619-0.564343j,-0.170744+0.181995j,0.046536-0.030659j,2.181518
-0.767661-0.565472j,-0.170919+0.181929j,0.046928-0.031204j,2.181991
-0.766701-0.566599j,-0.171093+0.181863j,0.047320-0.031749j,2.182466
-0.765739-0.567725j,-0.171267+0.181796j,0.047712-0.032294j,2.182942
-0.764775-0.568849j,-0.171442+0.181730j,0.048104-0.032839j,2.183418
-0.763810-0.569971j,-0.171616+0.181664j,0.048497-0.033383j,2.183896
-0.762844-0.571092j,-0.171791+0.181597j,0.048889-0.033926j,2.184375
-0.761875-0.572211j,-0.171965+0.181531j,0.049282-0.034470j,2.184856
-0.760905-0.573328j,-0.172140+0.181464j,0.049675-0.035013j,2.185337
-0.759934-0.574444j,-0.172315+0.181398j,0.050069-0.035556j,2.185820
-0.758961-0.575559j,-0.172490+0.181332j,0.050462-0.036098j,2.186303
-0.757986-0.576671j,-0.172665+0.181265j,0.050856-0.036640j,2.186788
-0.757009-0.577782j,-0.172840+0.181199j,0.051250-0.037181j,2.187274
-0.756031-0.578891j,-0.173015+0.181132j,0.051643-0.037723j,2.187761
-0.755052-0.579999j,-0.173190+0.181066j,0.052038-0.038264j,2.188249
-0.754070-0.581105j,-0.173366+0.181000j,0.052432-0.038804j,2.188739
-0.753087-0.582210j,-0.173541+0.180933j,0.052827-0.039344j,2.189229
-0.752103-0.583312j,-0.173717+0.180867j,0.053221-0.039884j,2.189721
-0.751117-0.584413j,-0.173892+0.180800j,0.053616-0.040423j,2.190214
-0.750129-0.585513j,-0.174068+0.180734j,0.054011-0.040962j,2.190708
-0.749140-0.586611j,-0.174244+0.180667j,0.054407-0.041501j,2.191203
-0.748149-0.587707j,-0.174419+0.180601j,0.054802-0.042040j,2.191699
-0.747157-0.588801j,-0.174595+0.180535j,0.055198-0.042577j,2.192197
-0.746163-0.589894j,-0.174771+0.180468j,0.055594-0.043115j,2.192696
-0.745167-0.590986j,-0.174947+0.180402j,0.055990-0.043652j,2.193195
-0.744170-0.592075j,-0.175124+0.180335j,0.056386-0.044189j,2.193696
-0.743171-0.593163j,-0.175300+0.180269j,0.056783-0.044726j,2.194198
-0.742171-0.594249j,-0.175476+0.180202j,0.057180-0.045262j,2.194701
-0.741169-0.595334j,-0.175653+0.180136j,0.057576-0.045797j,2.195206
-0.740165-0.596417j,-0.175829+0.180069j,0.057973-0.046333j,2.195711
-0.739160-0.597498j,-0.176006+0.180003j,0.058371-0.046868j,2.196218
-0.738154-0.598577j,-0.176182+0.179936j,0.058768-0.047402j,2.196726
-0.737145-0.599655j,-0.176359+0.179870j,0.059166-0.047937j,2.197235
-0.736136-0.600731j,-0.176536+0.179803j,0.059564-0.048470j,2.197745
-0.735124-0.601806j,-0.176713+0.179737j,0.059962-0.049004j,2.198256
-0.734112-0.602879j,-0.176890+0.179670j,0.060360-0.049537j,2.198768
-0.733097-0.603950j,-0.177067+0.179604j,0.060758-0.050069j,2.199282
-0.732081-0.605019j,-0.177244+0.179537j,0.061157-0.050602j,2.199796
-0.731064-0.606087j,-0.177422+0.179471j,0.061556-0.051134j,2.200312
-0.730045-0.607153j,-0.177599+0.179404j,0.061955-0.051665j,2.200829
-0.729024-0.608217j,-0.177777+0.179338j,0.062354-0.052196j,2.201347
-0.728002-0.609280j,-0.177954+0.179271j,0.062753-0.052727j,2.201866
-0.726978-0.610341j,-0.178132+0.179205j,0.063153-0.053257j,2.202387
-0.725953-0.611400j,-0.178310+0.179138j,0.063553-0.053787j,2.202908
-0.724926-0.612458j,-0.178488+0.179072j,0.063953-0.054317j,2.203431
-0.723898-0.613513j,-0.178665+0.179005j,0.064353-0.054846j,2.203955
-0.722868-0.614567j,-0.178843+0.178939j,0.064753-0.055374j,2.204480
-0.721837-0.615620j,-0.179022+0.178872j,0.065154-0.055903j,2.205006
-0.720804-0.616671j,-0.179200+0.178805j,0.065555-0.056431j,2.205533
-0.719770-0.617720j,-0.179378+0.178739j,0.065956-0.056958j,2.206061
-0.718734-0.618767j,-0.179557+0.178672j,0.066357-0.057485j,2.206591
-0.717697-0.619812j,-0.179735+0.178606j,0.066758-0.058012j,2.207122
-0.716658-0.620856j,-0.179914+0.178539j,0.067160-0.058538j,2.207653
-0.715618-0.621898j,-0.180092+0.178473j,0.067562-0.059064j,2.208186
-0.714576-0.622939j,-0.180271+0.178406j,0.067964-0.059589j,2.208721
-0.713532-0.623977j,-0.180450+0.178339j,0.068366-0.060114j,2.209256
-0.712488-0.625014j,-0.180629+0.178273j,0.068768-0.060639j,2.209792
-0.711441-0.626049j,-0.180808+0.178206j,0.069171-0.061163j,2.210330
-0.710393-0.627083j,-0.180987+0.178140j,0.069573-0.061687j,2.210868
-0.709344-0.628115j,-0.181166+0.178073j,0.069976-0.062210j,2.211408
-0.708293-0.629145j,-0.181346+0.178007j,0.070380-0.062733j,2.211949
-0.707241-0.630173j,-0.181525+0.177940j,0.070783-0.063256j,2.212491
-0.706187-0.631199j,-0.181705+0.177873j,0.071187-0.063778j,2.213035
-0.705132-0.632224j,-0.181884+0.177807j,0.071590-0.064300j,2.213579
-0.704075-0.633247j,-0.182064+0.177740j,0.071994-0.064821j,2.214125
-0.703017-0.634268j,-0.182244+0.177674j,0.072398-0.065342j,2.214671
-0.701958-0.635288j,-0.182424+0.177607j,0.072803-0.065862j,2.215219
-0.700897-0.636305j,-0.182604+0.177540j,0.073207-0.066382j,2.215768
-0.699834-0.637321j,-0.182784+0.177474j,0.073612-0.066902j,2.216318
-0.698770-0.638336j,-0.182964+0.177407j,0.074017-0.067421j,2.216870
-0.697705-0.639348j,-0.183144+0.177340j,0.074422-0.067939j,2.217422
-0.696638-0.640359j,-0.183325+0.177274j,0.074828-0.068457j,2.217975
-0.695569-0.641368j,-0.183505+0.177207j,0.075233-0.068975j,2.218530
-0.694499-0.642375j,-0.183686+0.177141j,0.075639-0.069493j,2.219086
-0.693428-0.643380j,-0.183866+0.177074j,0.076045-0.070010j,2.219643
-0.692356-0.644384j,-0.184047+0.177007j,0.076451-0.070526j,2.220201
-0.691281-0.645386j,-0.184228+0.176941j,0.076858-0.071042j,2.220760
-0.690206-0.646386j,-0.184409+0.176874j,0.077264-0.071558j,2.221321
-0.689129-0.647384j,-0.184590+0.176807j,0.077671-0.072073j,2.221882
-0.688050-0.648381j,-0.184771+0.176741j,0.078078-0.072587j,2.222445
-0.686971-0.649376j,-0.184953+0.176674j,0.078485-0.073102j,2.223009
-0.685889-0.650369j,-0.185134+0.176607j,0.078892-0.073615j,2.223574
-0.684807-0.651360j,-0.185316+0.176541j,0.079300-0.074129j,2.224140
-0.683723-0.652349j,-0.185497+0.176474j,0.079708-0.074642j,2.224707
-0.682637-0.653337j,-0.185679+0.176407j,0.080116-0.075154j,2.225276
-0.681550-0.654323j,-0.185861+0.176341j,0.080524-0.075666j,2.225845
-0.680462-0.655307j,-0.186043+0.176274j,0.080932-0.076177j,2.226416
-0.679372-0.656289j,-0.186225+0.176207j,0.081341-0.076688j,2.226988
-0.678281-0.657269j,-0.186407+0.176141j,0.081750-0.077199j,2.227561
-0.677188-0.658248j,-0.186589+0.176074j,0.082159-0.077709j,2.228135
-0.676094-0.659225j,-0.186771+0.176007j,0.082568-0.078219j,2.228710
-0.674999-0.660200j,-0.186954+0.175941j,0.082977-0.078728j,2.229286
-0.673902-0.661173j,-0.187136+0.175874j,0.083387-0.079237j,2.229864
-0.672804-0.662145j,-0.187319+0.175807j,0.083797-0.079745j,2.230442
-0.671705-0.663114j,-0.187501+0.175741j,0.084207-0.080253j,2.231022
-0.670604-0.664082j,-0.187684+0.175674j,0.084617-0.080760j,2.231603
-0.669502-0.665048j,-0.187867+0.175607j,0.085027-0.081267j,2.232185
-0.668398-0.666012j,-0.188050+0.175540j,0.085438-0.081773j,2.232768
-0.667293-0.666975j,-0.188233+0.175474j,0.085849-0.082279j,2.233353
-0.666187-0.667935j,-0.188416+0.175407j,0.086260-0.082785j,2.233938
-0.665079-0.668894j,-0.188600+0.175340j,0.086671-0.083290j,2.234525
-0.663970-0.669851j,-0.188783+0.175274j,0.087083-0.083794j,2.235113
-0.662859-0.670806j,-0.188967+0.175207j,0.087494-0.084298j,2.235702
-0.661747-0.671759j,-0.189150+0.175140j,0.087906-0.084801j,2.236292
-0.660634-0.672711j,-0.189334+0.175074j,0.088318-0.085304j,2.236883
-0.659520-0.673661j,-0.189518+0.175007j,0.088730-0.085807j,2.237475
-0.658404-0.674608j,-0.189702+0.174940j,0.089143-0.086309j,2.238069
-0.657287-0.675554j,-0.189886+0.174873j,0.089556-0.086810j,2.238663
-0.656168-0.676498j,-0.190070+0.174807j,0.089968-0.087312j,2.239259
-0.655048-0.677441j,-0.190255+0.174740j,0.090381-0.087812j,2.239856
-0.653927-0.678381j,-0.190439+0.174673j,0.090795-0.088312j,2.240454
-0.652804-0.679320j,-0.190624+0.174607j,0.091208-0.088812j,2.241053
-0.651680-0.680257j,-0.190808+0.174540j,0.091622-0.089311j,2.241653
-0.650555-0.681192j,-0.190993+0.174473j,0.092036-0.089809j,2.242255
-0.649429-0.682125j,-0.191178+0.174406j,0.092450-0.090307j,2.242857
-0.648301-0.683056j,-0.191363+0.174340j,0.092864-0.090805j,2.243461
-0.647172-0.683985j,-0.191548+0.174273j,0.093278-0.091302j,2.244066
-0.646041-0.684913j,-0.191733+0.174206j,0.093693-0.091799j,2.244672
-0.644909-0.685838j,-0.191918+0.174139j,0.094108-0.092295j,2.245279
-0.643776-0.686762j,-0.192104+0.174073j,0.094523-0.092790j,2.245887
-0.642642-0.687684j,-0.192289+0.174006j,0.094938-0.093285j,2.246497
-0.641506-0.688604j,-0.192475+0.173939j,0.095354-0.093780j,2.247107
-0.640369-0.689523j,-0.192661+0.173872j,0.095770-0.094274j,2.247719
-0.639230-0.690439j,-0.192846+0.173806j,0.096185-0.094767j,2.248332
-0.638091-0.691354j,-0.193032+0.173739j,0.096602-0.095260j,2.248946
-0.636950-0.692266j,-0.193218+0.173672j,0.097018-0.095753j,2.249561
-0.635808-0.693177j,-0.193405+0.173605j,0.097434-0.096244j,2.250177
-0.634664-0.694086j,-0.193591+0.173539j,0.097851-0.096736j,2.250794
-0.633519-0.694993j,-0.193777+0.173472j,0.098268-0.097227j,2.251413
-0.632373-0.695898j,-0.193964+0.173405j,0.098685-0.097717j,2.252032
-0.631226-0.696801j,-0.194150+0.173338j,0.099102-0.098207j,2.252653
-0.630077-0.697703j,-0.194337+0.173272j,0.099520-0.098696j,2.253275
-0.628927-0.698602j,-0.194524+0.173205j,0.099938-0.099185j,2.253898
-0.627776-0.699500j,-0.194711+0.173138j,0.100356-0.099673j,2.254522
-0.626624-0.700396j,-0.194898+0.173071j,0.100774-0.100161j,2.255147
-0.625470-0.701290j,-0.195085+0.173005j,0.101192-0.100648j,2.255774
-0.624315-0.702182j,-0.195273+0.172938j,0.101610-0.101135j,2.256401
-0.623159-0.703072j,-0.195460+0.172871j,0.102029-0.101621j,2.257030
-0.622002-0.703960j,-0.195648+0.172804j,0.102448-0.102107j,2.257660
-0.620843-0.704847j,-0.195835+0.172738j,0.102867-0.102592j,2.258291
-0.619683-0.705731j,-0.196023+0.172671j,0.103286-0.103076j,2.258923
-0.618522-0.706614j,-0.196211+0.172604j,0.103706-0.103560j,2.259556
-0.617359-0.707494j,-0.196399+0.172537j,0.104126-0.104043j,2.260190
-0.616196-0.708373j,-0.196587+0.172471j,0.104546-0.104526j,2.260826
-0.615031-0.709250j,-0.196775+0.172404j,0.104966-0.105009j,2.261462
-0.613865-0.710125j,-0.196964+0.172337j,0.105386-0.105490j,2.262100
-0.612697-0.710998j,-0.197152+0.172270j,0.105807-0.105972j,2.262739
-0.611529-0.711869j,-0.197341+0.172204j,0.106227-0.106452j,2.263379
-0.610359-0.712738j,-0.197530+0.172137j,0.106648-0.106932j,2.264020
-0.609188-0.713606j,-0.197718+0.172070j,0.107069-0.107412j,2.264662
-0.608016-0.714471j,-0.197907+0.172003j,0.107491-0.107891j,2.265306
-0.606842-0.715335j,-0.198096+0.171937j,0.107912-0.108369j,2.265950
-0.605667-0.716196j,-0.198286+0.171870j,0.108334-0.108847j,2.266596
-0.604492-0.717056j,-0.198475+0.171803j,0.108756-0.109324j,2.267243
-0.603315-0.717914j,-0.198664+0.171736j,0.109178-0.109801j,2.267891
-0.602136-0.718770j,-0.198854+0.171670j,0.109600-0.110277j,2.268540
-0.600957-0.719624j,-0.199044+0.171603j,0.110023-0.110753j,2.269190
-0.599776-0.720476j,-0.199233+0.171536j,0.110445-0.111228j,2.269841
-0.598594-0.721326j,-0.199423+0.171469j,0.110868-0.111702j,2.270494
-0.597411-0.722174j,-0.199613+0.171402j,0.111291-0.112176j,2.271147
-0.596227-0.723020j,-0.199804+0.171336j,0.111714-0.112649j,2.271802
-0.595042-0.723865j,-0.199994+0.171269j,0.112138-0.113122j,2.272458
-0.593855-0.724707j,-0.200184+0.171202j,0.112562-0.113594j,2.273115
-0.592667-0.725548j,-0.200375+0.171135j,0.112985-0.114066j,2.273773
-0.591478-0.726386j,-0.200566+0.171069j,0.113410-0.114537j,2.274432
-0.590288-0.727223j,-0.200756+0.171002j,0.113834-0.115007j,2.275092
-0.589097-0.728057j,-0.200947+0.170935j,0.114258-0.115477j,2.275754
-0.587905-0.728890j,-0.201138+0.170868j,0.114683-0.115946j,2.276416
-0.586711-0.729721j,-0.201329+0.170802j,0.115108-0.116415j,2.277080
-0.585516-0.730550j,-0.201521+0.170735j,0.115533-0.116883j,2.277745
-0.584320-0.731377j,-0.201712+0.170668j,0.115958-0.117350j,2.278411
-0.583123-0.732202j,-0.201904+0.170601j,0.116383-0.117817j,2.279078
-0.581925-0.733025j,-0.202095+0.170535j,0.116809-0.118284j,2.279746
-0.580726-0.733846j,-0.202287+0.170468j,0.117235-0.118749j,2.280416
-0.579525-0.734665j,-0.202479+0.170401j,0.117661-0.119214j,2.281086
-0.578324-0.735482j,-0.202671+0.170334j,0.118087-0.119679j,2.281758
-0.577121-0.736297j,-0.202863+0.170268j,0.118513-0.120143j,2.282431
-0.575917-0.737111j,-0.203056+0.170201j,0.118940-0.120606j,2.283105
-0.574712-0.737922j,-0.203248+0.170134j,0.119367-0.121069j,2.283780
-0.573506-0.738731j,-0.203441+0.170068j,0.119794-0.121531j,2.284456
-0.572299-0.739539j,-0.203633+0.170001j,0.120221-0.121992j,2.285133
-0.571090-0.740344j,-0.203826+0.169934j,0.120648-0.122453j,2.285811
-0.569881-0.741148j,-0.204019+0.169867j,0.121076-0.122913j,2.286491
-0.568670-0.741949j,-0.204212+0.169801j,0.121503-0.123373j,2.287171
-0.567459-0.742749j,-0.204405+0.169734j,0.121931-0.123832j,2.287853
-0.566246-0.743546j,-0.204599+0.169667j,0.122359-0.124290j,2.288536
-0.565032-0.744342j,-0.204792+0.169600j,0.122787-0.124748j,2.289220
-0.563817-0.745136j,-0.204986+0.169534j,0.123216-0.125205j,2.289905
-0.562601-0.745928j,-0.205180+0.169467j,0.123645-0.125662j,2.290591
-0.561384-0.746717j,-0.205373+0.169400j,0.124073-0.126117j,2.291279
-0.560165-0.747505j,-0.205567+0.169334j,0.124502-0.126573j,2.291967
-0.558946-0.748291j,-0.205761+0.169267j,0.124932-0.127027j,2.292657
-0.557725-0.749075j,-0.205956+0.169200j,0.125361-0.127481j,2.293348
-0.556504-0.749856j,-0.206150+0.169133j,0.125791-0.127935j,2.294039
-0.555281-0.750636j,-0.206345+0.169067j,0.126220-0.128387j,2.294732
-0.554058-0.751414j,-0.206539+0.169000j,0.126650-0.128840j,2.295427
-0.552833-0.752190j,-0.206734+0.168933j,0.127080-0.129291j,2.296122
-0.551607-0.752964j,-0.206929+0.168867j,0.127511-0.129742j,2.296818
-0.550380-0.753736j,-0.207124+0.168800j,0.127941-0.130192j,2.297516
-0.549152-0.754506j,-0.207319+0.168733j,0.128372-0.130642j,2.298214
-0.547923-0.755274j,-0.207515+0.168667j,0.128803-0.131090j,2.298914
-0.546693-0.756040j,-0.207710+0.168600j,0.129234-0.131539j,2.299615
-0.545462-0.756804j,-0.207906+0.168533j,0.129665-0.131986j,2.300317
-0.544230-0.757566j,-0.208101+0.168467j,0.130096-0.132433j,2.301020
-0.542997-0.758326j,-0.208297+0.168400j,0.130528-0.132880j,2.301724
-0.541762-0.759084j,-0.208493+0.168333j,0.130960-0.133325j,2.302429
-0.540527-0.759840j,-0.208689+0.168267j,0.131392-0.133770j,2.303136
-0.539291-0.760594j,-0.208886+0.168200j,0.131824-0.134215j,2.303843
-0.538053-0.761346j,-0.209082+0.168133j,0.132256-0.134658j,2.304552
-0.536815-0.762096j,-0.209279+0.168067j,0.132689-0.135101j,2.305262
-0.535575-0.762844j,-0.209475+0.168000j,0.133121-0.135544j,2.305973
-0.534335-0.763590j,-0.209672+0.167933j,0.133554-0.135985j,2.306685
-0.533094-0.764334j,-0.209869+0.167867j,0.133987-0.136426j,2.307398
-0.531851-0.765076j,-0.210066+0.167800j,0.134420-0.136867j,2.308112
-0.530608-0.765816j,-0.210264+0.167733j,0.134853-0.137306j,2.308827
-0.529363-0.766554j,-0.210461+0.167667j,0.135287-0.137745j,2.309544
-0.528118-0.767290j,-0.210658+0.167600j,0.135721-0.138184j,2.310262
-0.526871-0.768024j,-0.210856+0.167534j,0.136155-0.138621j,2.310980
-0.525624-0.768756j,-0.211054+0.167467j,0.136589-0.139058j,2.311700
-0.524375-0.769486j,-0.211252+0.167400j,0.137023-0.139495j,2.312421
-0.523126-0.770214j,-0.211450+0.167334j,0.137457-0.139930j,2.313143
-0.521875-0.770940j,-0.211648+0.167267j,0.137892-0.140365j,2.313866
-0.520624-0.771664j,-0.211847+0.167201j,0.138326-0.140800j,2.314591
-0.519371-0.772386j,-0.212045+0.167134j,0.138761-0.141233j,2.315316
-0.518118-0.773105j,-0.212244+0.167067j,0.139196-0.141666j,2.316043
-0.516863-0.773823j,-0.212443+0.167001j,0.139632-0.142098j,2.316770
-0.515608-0.774539j,-0.212641+0.166934j,0.140067-0.142530j,2.317499
-0.514352-0.775253j,-0.212841+0.166868j,0.140503-0.142961j,2.318229
-0.513094-0.775965j,-0.213040+0.166801j,0.140938-0.143391j,2.318960
-0.511836-0.776674j,-0.213239+0.166735j,0.141374-0.143820j,2.319692
-0.510577-0.777382j,-0.213439+0.166668j,0.141810-0.144249j,2.320425
-0.509316-0.778088j,-0.213638+0.166602j,0.142246-0.144677j,2.321160
-0.508055-0.778791j,-0.213838+0.166535j,0.142683-0.145105j,2.321895
-0.506793-0.779493j,-0.214038+0.166468j,0.143119-0.145531j,2.322632
-0.505530-0.780193j,-0.214238+0.166402j,0.143556-0.145957j,2.323369
-0.504266-0.780890j,-0.214439+0.166335j,0.143993-0.146383j,2.324108
-0.503001-0.781586j,-0.214639+0.166269j,0.144430-0.146807j,2.324848
-0.501735-0.782279j,-0.214839+0.166202j,0.144867-0.147231j,2.325589
-0.500468-0.782971j,-0.215040+0.166136j,0.145305-0.147654j,2.326331
-0.499200-0.783660j,-0.215241+0.166069j,0.145742-0.148076j,2.327074
-0.497932-0.784348j,-0.215442+0.166003j,0.146180-0.148498j,2.327819
-0.496662-0.785033j,-0.215643+0.165936j,0.146618-0.148919j,2.328564
-0.495392-0.785716j,-0.215844+0.165870j,0.147056-0.149339j,2.329311
-0.494120-0.786398j,-0.216046+0.165803j,0.147494-0.149759j,2.330058
-0.492848-0.787077j,-0.216247+0.165737j,0.147932-0.150178j,2.330807
-0.491574-0.787754j,-0.216449+0.165671j,0.148370-0.150596j,2.331557
-0.490300-0.788429j,-0.216651+0.165604j,0.148809-0.151013j,2.332308
-0.489025-0.789102j,-0.216853+0.165538j,0.149248-0.151430j,2.333060
-0.487749-0.789773j,-0.217055+0.165471j,0.149687-0.151846j,2.333813
-0.486472-0.790442j,-0.217258+0.165405j,0.150126-0.152261j,2.334568
-0.485194-0.791109j,-0.217460+0.165338j,0.150565-0.152675j,2.335323
-0.483916-0.791774j,-0.217663+0.165272j,0.151004-0.153089j,2.336080
-0.482636-0.792437j,-0.217866+0.165206j,0.151444-0.153502j,2.336837
-0.481356-0.793097j,-0.218068+0.165139j,0.151883-0.153914j,2.337596
-0.480074-0.793756j,-0.218272+0.165073j,0.152323-0.154326j,2.338356
-0.478792-0.794413j,-0.218475+0.165006j,0.152763-0.154737j,2.339117
-0.477509-0.795067j,-0.218678+0.164940j,0.153203-0.155147j,2.339879
-0.476225-0.795720j,-0.218882+0.164874j,0.153644-0.155556j,2.340642
-0.474940-0.796370j,-0.219085+0.164807j,0.154084-0.155964j,2.341406
-0.473654-0.797019j,-0.219289+0.164741j,0.154524-0.156372j,2.342172
-0.472368-0.797665j,-0.219493+0.164675j,0.154965-0.156779j,2.342938
-0.471080-0.798309j,-0.219698+0.164608j,0.155406-0.157185j,2.343706
-0.469792-0.798952j,-0.219902+0.164542j,0.155847-0.157591j,2.344475
-0.468503-0.799592j,-0.220106+0.164476j,0.156288-0.157996j,2.345244
-0.467213-0.800230j,-0.220311+0.164409j,0.156729-0.158400j,2.346015
-0.465922-0.800866j,-0.220516+0.164343j,0.157171-0.158803j,2.346787
-0.464630-0.801500j,-0.220721+0.164277j,0.157612-0.159205j,2.347560
-0.463338-0.802132j,-0.220926+0.164211j,0.158054-0.159607j,2.348335
-0.462044-0.802762j,-0.221131+0.164144j,0.158495-0.160008j,2.349110
-0.460750-0.803389j,-0.221337+0.164078j,0.158937-0.160408j,2.349886
-0.459455-0.804015j,-0.221542+0.164012j,0.159379-0.160808j,2.350664
-0.458159-0.804639j,-0.221748+0.163946j,0.159822-0.161206j,2.351443
-0.456862-0.805260j,-0.221954+0.163879j,0.160264-0.161604j,2.352222
-0.455565-0.805879j,-0.222160+0.163813j,0.160706-0.162001j,2.353003
-0.454267-0.806497j,-0.222366+0.163747j,0.161149-0.162398j,2.353785
-0.452967-0.807112j,-0.222573+0.163681j,0.161591-0.162793j,2.354568
-0.451668-0.807725j,-0.222779+0.163615j,0.162034-0.163188j,2.355352
-0.450367-0.808336j,-0.222986+0.163548j,0.162477-0.163582j,2.356137
-0.449065-0.808945j,-0.223193+0.163482j,0.162920-0.163975j,2.356924
-0.447763-0.809552j,-0.223400+0.163416j,0.163363-0.164368j,2.357711
-0.446460-0.810157j,-0.223607+0.163350j,0.163807-0.164759j,2.358500
-0.445156-0.810760j,-0.223814+0.163284j,0.164250-0.165150j,2.359289
-0.443851-0.811361j,-0.224022+0.163218j,0.164694-0.165540j,2.360080
-0.442545-0.811959j,-0.224229+0.163152j,0.165137-0.165929j,2.360872
-0.441239-0.812556j,-0.224437+0.163086j,0.165581-0.166318j,2.361665
-0.439932-0.813150j,-0.224645+0.163019j,0.166025-0.166705j,2.362459
-0.438624-0.813743j,-0.224853+0.162953j,0.166469-0.167092j,2.363254
-0.437315-0.814333j,-0.225062+0.162887j,0.166913-0.167478j,2.364050
-0.436006-0.814921j,-0.225270+0.162821j,0.167358-0.167864j,2.364847
-0.434696-0.815507j,-0.225479+0.162755j,0.167802-0.168248j,2.365645
-0.433385-0.816091j,-0.225688+0.162689j,0.168246-0.168632j,2.366445
-0.432073-0.816673j,-0.225897+0.162623j,0.168691-0.169015j,2.367245
-0.430761-0.817253j,-0.226106+0.162557j,0.169136-0.169397j,2.368047
-0.429447-0.817830j,-0.226315+0.162491j,0.169581-0.169778j,2.368850
-0.428133-0.818406j,-0.226525+0.162425j,0.170026-0.170158j,2.369654
-0.426819-0.818980j,-0.226735+0.162359j,0.170471-0.170538j,2.370459
-0.425503-0.819551j,-0.226944+0.162293j,0.170916-0.170917j,2.371265
-0.424187-0.820120j,-0.227154+0.162227j,0.171361-0.171295j,2.372072
-0.422870-0.820687j,-0.227365+0.162162j,0.171806-0.171672j,2.372880
-0.421552-0.821252j,-0.227575+0.162096j,0.172252-0.172048j,2.373689
-0.420234-0.821815j,-0.227785+0.162030j,0.172697-0.172424j,2.374500
-0.418915-0.822376j,-0.227996+0.161964j,0.173143-0.172799j,2.375311
-0.417595-0.822935j,-0.228207+0.161898j,0.173589-0.173173j,2.376124
-0.416274-0.823492j,-0.228418+0.161832j,0.174035-0.173546j,2.376937
-0.414953-0.824046j,-0.228629+0.161766j,0.174481-0.173918j,2.377752
-0.413631-0.824599j,-0.228841+0.161700j,0.174927-0.174289j,2.378568
-0.412308-0.825149j,-0.229052+0.161635j,0.175373-0.174660j,2.379385
-0.410985-0.825697j,-0.229264+0.161569j,0.175819-0.175030j,2.380203
-0.409661-0.826243j,-0.229476+0.161503j,0.176265-0.175398j,2.381022
-0.408336-0.826787j,-0.229688+0.161437j,0.176712-0.175767j,2.381842
-0.407010-0.827329j,-0.229900+0.161372j,0.177158-0.176134j,2.382663
-0.405684-0.827869j,-0.230112+0.161306j,0.177605-0.176500j,2.383486
-0.404357-0.828407j,-0.230325+0.161240j,0.178051-0.176866j,2.384309
-0.403029-0.828942j,-0.230538+0.161174j,0.178498-0.177230j,2.385134
-0.401701-0.829476j,-0.230751+0.161109j,0.178945-0.177594j,2.385959
-0.400372-0.830007j,-0.230964+0.161043j,0.179392-0.177957j,2.386786
-0.399042-0.830536j,-0.231177+0.160977j,0.179839-0.178319j,2.387614
-0.397712-0.831063j,-0.231390+0.160912j,0.180286-0.178681j,2.388443
-0.396381-0.831588j,-0.231604+0.160846j,0.180733-0.179041j,2.389273
-0.395049-0.832111j,-0.231818+0.160781j,0.181181-0.179401j,2.390104
-0.393717-0.832632j,-0.232032+0.160715j,0.181628-0.179759j,2.390936
-0.392384-0.833151j,-0.232246+0.160649j,0.182075-0.180117j,2.391769
-0.391050-0.833667j,-0.232460+0.160584j,0.182523-0.180474j,2.392603
-0.389716-0.834181j,-0.232675+0.160518j,0.182970-0.180831j,2.393439
-0.388381-0.834694j,-0.232890+0.160453j,0.183418-0.181186j,2.394275
-0.387046-0.835204j,-0.233104+0.160387j,0.183866-0.181540j,2.395113
-0.385709-0.835712j,-0.233320+0.160322j,0.184313-0.181894j,2.395951
-0.384372-0.836218j,-0.233535+0.160256j,0.184761-0.182247j,2.396791
-0.383035-0.836721j,-0.233750+0.160191j,0.185209-0.182598j,2.397632
-0.381697-0.837223j,-0.233966+0.160125j,0.185657-0.182949j,2.398473
-0.380358-0.837723j,-0.234182+0.160060j,0.186105-0.183299j,2.399316
-0.379019-0.838220j,-0.234398+0.159995j,0.186553-0.183649j,2.400160
-0.377679-0.838715j,-0.234614+0.159929j,0.187002-0.183997j,2.401005
-0.376338-0.839208j,-0.234830+0.159864j,0.187450-0.184344j,2.401851
-0.374997-0.839699j,-0.235046+0.159798j,0.187898-0.184691j,2.402699
-0.373655-0.840188j,-0.235263+0.159733j,0.188346-0.185037j,2.403547
-0.372312-0.840675j,-0.235480+0.159668j,0.188795-0.185382j,2.404396
-0.370969-0.841159j,-0.235697+0.159603j,0.189243-0.185725j,2.405247
-0.369625-0.841642j,-0.235914+0.159537j,0.189692-0.186068j,2.406098
-0.368281-0.842122j,-0.236132+0.159472j,0.190140-0.186411j,2.406951
-0.366936-0.842600j,-0.236349+0.159407j,0.190589-0.186752j,2.407805
-0.365591-0.843076j,-0.236567+0.159342j,0.191037-0.187092j,2.408659
-0.364245-0.843550j,-0.236785+0.159276j,0.191486-0.187432j,2.409515
-0.362898-0.844022j,-0.237003+0.159211j,0.191935-0.187770j,2.410372
-0.361551-0.844492j,-0.237222+0.159146j,0.192384-0.188108j,2.411230
-0.360203-0.844959j,-0.237440+0.159081j,0.192833-0.188445j,2.412089
-0.358854-0.845424j,-0.237659+0.159016j,0.193281-0.188781j,2.412949
-0.357505-0.845888j,-0.237878+0.158951j,0.193730-0.189116j,2.413810
-0.356156-0.846349j,-0.238097+0.158886j,0.194179-0.189450j,2.414672
-0.354806-0.846808j,-0.238316+0.158821j,0.194628-0.189783j,2.415536
-0.353455-0.847264j,-0.238536+0.158756j,0.195077-0.190115j,2.416400
-0.352104-0.847719j,-0.238755+0.158691j,0.195526-0.190447j,2.417266
-0.350752-0.848171j,-0.238975+0.158626j,0.195975-0.190777j,2.418132
-0.349400-0.848622j,-0.239195+0.158561j,0.196424-0.191107j,2.419000
-0.348047-0.849070j,-0.239415+0.158496j,0.196874-0.191435j,2.419868
-0.346693-0.849516j,-0.239636+0.158431j,0.197323-0.191763j,2.420738
-0.345339-0.849960j,-0.239857+0.158366j,0.197772-0.192090j,2.421609
-0.343985-0.850402j,-0.240077+0.158301j,0.198221-0.192416j,2.422481
-0.342630-0.850841j,-0.240298+0.158236j,0.198670-0.192741j,2.423354
-0.341274-0.851279j,-0.240520+0.158171j,0.199120-0.193065j,2.424228
-0.339918-0.851714j,-0.240741+0.158107j,0.199569-0.193388j,2.425103
-0.338561-0.852147j,-0.240963+0.158042j,0.200018-0.193710j,2.425979
-0.337204-0.852578j,-0.241184+0.157977j,0.200468-0.194031j,2.426856
-0.335846-0.853007j,-0.241406+0.157912j,0.200917-0.194352j,2.427734
-0.334488-0.853434j,-0.241628+0.157848j,0.201366-0.194671j,2.428613
-0.333129-0.853859j,-0.241851+0.157783j,0.201816-0.194990j,2.429494
-0.331770-0.854281j,-0.242073+0.157718j,0.202265-0.195307j,2.430375
-0.330410-0.854701j,-0.242296+0.157654j,0.202714-0.195624j,2.431258
-0.329050-0.855119j,-0.242519+0.157589j,0.203164-0.195940j,2.432141
-0.327689-0.855535j,-0.242742+0.157524j,0.203613-0.196254j,2.433026
-0.326328-0.855949j,-0.242966+0.157460j,0.204063-0.196568j,2.433911
-0.324966-0.856361j,-0.243189+0.157395j,0.204512-0.196881j,2.434798
-0.323604-0.856770j,-0.243413+0.157331j,0.204961-0.197193j,2.435686
-0.322242-0.857178j,-0.243637+0.157266j,0.205411-0.197504j,2.436575
-0.320878-0.857583j,-0.243861+0.157202j,0.205860-0.197814j,2.437465
-0.319515-0.857986j,-0.244085+0.157137j,0.206309-0.198123j,2.438356
-0.318151-0.858387j,-0.244310+0.157073j,0.206759-0.198432j,2.439248
-0.316786-0.858786j,-0.244535+0.157009j,0.207208-0.198739j,2.440141
-0.315421-0.859182j,-0.244759+0.156944j,0.207658-0.199045j,2.441035
-0.314055-0.859577j,-0.244985+0.156880j,0.208107-0.199351j,2.441930
-0.312689-0.859969j,-0.245210+0.156816j,0.208556-0.199655j,2.442826
-0.311323-0.860359j,-0.245435+0.156751j,0.209006-0.199958j,2.443723
-0.309956-0.860747j,-0.245661+0.156687j,0.209455-0.200261j,2.444622
-0.308589-0.861133j,-0.245887+0.156623j,0.209904-0.200562j,2.445521
-0.307221-0.861516j,-0.246113+0.156559j,0.210353-0.200863j,2.446422
-0.305853-0.861898j,-0.246340+0.156495j,0.210803-0.201163j,2.447323
-0.304484-0.862277j,-0.246566+0.156431j,0.211252-0.201461j,2.448226
-0.303115-0.862654j,-0.246793+0.156366j,0.211701-0.201759j,2.449129
-0.301745-0.863029j,-0.247020+0.156302j,0.212150-0.202056j,2.450034
-0.300375-0.863402j,-0.247247+0.156238j,0.212599-0.202351j,2.450940
-0.299005-0.863773j,-0.247474+0.156174j,0.213048-0.202646j,2.451846
-0.297634-0.864141j,-0.247702+0.156110j,0.213497-0.202940j,2.452754
-0.296263-0.864507j,-0.247930+0.156046j,0.213946-0.203233j,2.453663
-0.294891-0.864872j,-0.248158+0.155982j,0.214395-0.203525j,2.454573
-0.293519-0.865234j,-0.248386+0.155919j,0.214844-0.203816j,2.455484
-0.292146-0.865593j,-0.248614+0.155855j,0.215293-0.204106j,2.456396
-0.290773-0.865951j,-0.248843+0.155791j,0.215742-0.204395j,2.457309
-0.289400-0.866306j,-0.249072+0.155727j,0.216191-0.204683j,2.458223
-0.288026-0.866660j,-0.249301+0.155663j,0.216640-0.204970j,2.459138
-0.286652-0.867011j,-0.249530+0.155600j,0.217089-0.205256j,2.460054
-0.285278-0.867360j,-0.249760+0.155536j,0.217537-0.205541j,2.460971
-0.283903-0.867707j,-0.249989+0.155472j,0.217986-0.205825j,2.461890
-0.282528-0.868051j,-0.250219+0.155409j,0.218435-0.206108j,2.462809
-0.281152-0.868394j,-0.250449+0.155345j,0.218883-0.206390j,2.463729
-0.279776-0.868734j,-0.250680+0.155281j,0.219332-0.206671j,2.464650
-0.278399-0.869072j,-0.250910+0.155218j,0.219780-0.206952j,2.465573
-0.277023-0.869408j,-0.251141+0.155154j,0.220228-0.207231j,2.466496
-0.275645-0.869742j,-0.251372+0.155091j,0.220677-0.207509j,2.467421
-0.274268-0.870074j,-0.251603+0.155027j,0.221125-0.207786j,2.468346
-0.272890-0.870403j,-0.251834+0.154964j,0.221573-0.208062j,2.469273
-0.271512-0.870731j,-0.252066+0.154901j,0.222021-0.208338j,2.470201
-0.270133-0.871056j,-0.252298+0.154837j,0.222469-0.208612j,2.471129
-0.268754-0.871379j,-0.252530+0.154774j,0.222917-0.208885j,2.472059
-0.267375-0.871699j,-0.252762+0.154711j,0.223365-0.209157j,2.472990
-0.265995-0.872018j,-0.252994+0.154647j,0.223813-0.209428j,2.473921
-0.264615-0.872335j,-0.253227+0.154584j,0.224261-0.209699j,2.474854
-0.263235-0.872649j,-0.253460+0.154521j,0.224708-0.209968j,2.475788
-0.261854-0.872961j,-0.253693+0.154458j,0.225156-0.210236j,2.476723
-0.260473-0.873271j,-0.253926+0.154395j,0.225603-0.210503j,2.477659
-0.259092-0.873579j,-0.254160+0.154332j,0.226051-0.210770j,2.478596
-0.257710-0.873884j,-0.254393+0.154269j,0.226498-0.211035j,2.479534
-0.256328-0.874188j,-0.254627+0.154206j,0.226945-0.211299j,2.480473
-0.254946-0.874489j,-0.254862+0.154143j,0.227392-0.211562j,2.481413
-0.253563-0.874788j,-0.255096+0.154080j,0.227839-0.211824j,2.482354
-0.252180-0.875085j,-0.255331+0.154017j,0.228286-0.212086j,2.483296
-0.250797-0.875379j,-0.255565+0.153954j,0.228733-0.212346j,2.484239
-0.249413-0.875672j,-0.255800+0.153891j,0.229180-0.212605j,2.485183
-0.248030-0.875962j,-0.256036+0.153829j,0.229627-0.212863j,2.486128
-0.246645-0.876250j,-0.256271+0.153766j,0.230073-0.213120j,2.487074
-0.245261-0.876536j,-0.256507+0.153703j,0.230520-0.213377j,2.488021
-0.243876-0.876820j,-0.256743+0.153641j,0.230966-0.213632j,2.488970
-0.242491-0.877102j,-0.256979+0.153578j,0.231412-0.213886j,2.489919
-0.241106-0.877381j,-0.257216+0.153515j,0.231858-0.214139j,2.490869
-0.239720-0.877659j,-0.257452+0.153453j,0.232304-0.214391j,2.491821
-0.238334-0.877934j,-0.257689+0.153390j,0.232750-0.214642j,2.492773
-0.236948-0.878207j,-0.257926+0.153328j,0.233196-0.214892j,2.493726
-0.235562-0.878478j,-0.258163+0.153266j,0.233642-0.215141j,2.494681
-0.234175-0.878746j,-0.258401+0.153203j,0.234087-0.215389j,2.495636
-0.232788-0.879013j,-0.258639+0.153141j,0.234533-0.215636j,2.496593
-0.231401-0.879277j,-0.258877+0.153079j,0.234978-0.215882j,2.497550
-0.230014-0.879539j,-0.259115+0.153016j,0.235423-0.216127j,2.498508
-0.228626-0.879799j,-0.259353+0.152954j,0.235868-0.216371j,2.499468
-0.227238-0.880056j,-0.259592+0.152892j,0.236313-0.216614j,2.500428
-0.225850-0.880312j,-0.259831+0.152830j,0.236758-0.216855j,2.501390
-0.224461-0.880565j,-0.260070+0.152768j,0.237202-0.217096j,2.502353
-0.223073-0.880816j,-0.260309+0.152706j,0.237647-0.217336j,2.503316
-0.221684-0.881065j,-0.260549+0.152644j,0.238091-0.217575j,2.504281
-0.220295-0.881312j,-0.260789+0.152582j,0.238535-0.217812j,2.505246
-0.218905-0.881557j,-0.261029+0.152520j,0.238979-0.218049j,2.506213
-0.217516-0.881799j,-0.261269+0.152458j,0.239423-0.218285j,2.507180
-0.216126-0.882040j,-0.261510+0.152396j,0.239867-0.218519j,2.508149
-0.214736-0.882278j,-0.261750+0.152335j,0.240311-0.218753j,2.509119
-0.213345-0.882514j,-0.261991+0.152273j,0.240754-0.218985j,2.510089
-0.211955-0.882747j,-0.262233+0.152211j,0.241198-0.219217j,2.511061
-0.210564-0.882979j,-0.262474+0.152150j,0.241641-0.219447j,2.512034
-0.209173-0.883208j,-0.262716+0.152088j,0.242084-0.219677j,2.513007
-0.207782-0.883435j,-0.262958+0.152027j,0.242527-0.219905j,2.513982
-0.206391-0.883660j,-0.263200+0.151965j,0.242969-0.220132j,2.514958
-0.204999-0.883883j,-0.263442+0.151904j,0.243412-0.220359j,2.515935
-0.203608-0.884104j,-0.263685+0.151842j,0.243854-0.220584j,2.516912
-0.202216-0.884322j,-0.263928+0.151781j,0.244296-0.220808j,2.517891
-0.200824-0.884539j,-0.264171+0.151720j,0.244738-0.221031j,2.518871
-0.199431-0.884753j,-0.264414+0.151658j,0.245180-0.221253j,2.519852
-0.198039-0.884965j,-0.264658+0.151597j,0.245622-0.221474j,2.520833
-0.196646-0.885174j,-0.264901+0.151536j,0.246063-0.221694j,2.521816
-0.195254-0.885382j,-0.265146+0.151475j,0.246505-0.221913j,2.522800
-0.193861-0.885587j,-0.265390+0.151414j,0.246946-0.222131j,2.523785
-0.192468-0.885791j,-0.265634+0.151353j,0.247387-0.222348j,2.524770
-0.191074-0.885992j,-0.265879+0.151292j,0.247828-0.222564j,2.525757
-0.189681-0.886190j,-0.266124+0.151231j,0.248268-0.222778j,2.526745
-0.188287-0.886387j,-0.266369+0.151170j,0.248709-0.222992j,2.527734
-0.186893-0.886582j,-0.266615+0.151109j,0.249149-0.223205j,2.528724
-0.185500-0.886774j,-0.266861+0.151049j,0.249589-0.223416j,2.529714
-0.184106-0.886964j,-0.267107+0.150988j,0.250029-0.223627j,2.530706
-0.182711-0.887152j,-0.267353+0.150927j,0.250468-0.223836j,2.531699
-0.181317-0.887338j,-0.267599+0.150867j,0.250908-0.224045j,2.532693
-0.179923-0.887521j,-0.267846+0.150806j,0.251347-0.224252j,2.533687
-0.178528-0.887703j,-0.268093+0.150746j,0.251786-0.224458j,2.534683
-0.177133-0.887882j,-0.268340+0.150685j,0.252225-0.224664j,2.535680
-0.175738-0.888059j,-0.268588+0.150625j,0.252663-0.224868j,2.536678
-0.174344-0.888234j,-0.268835+0.150565j,0.253102-0.225071j,2.537677
-0.172948-0.888407j,-0.269083+0.150504j,0.253540-0.225273j,2.538676
-0.171553-0.888577j,-0.269332+0.150444j,0.253978-0.225474j,2.539677
-0.170158-0.888745j,-0.269580+0.150384j,0.254415-0.225674j,2.540679
-0.168763-0.888912j,-0.269829+0.150324j,0.254853-0.225873j,2.541682
-0.167367-0.889076j,-0.270078+0.150264j,0.255290-0.226071j,2.542685
-0.165971-0.889237j,-0.270327+0.150204j,0.255727-0.226267j,2.543690
-0.164576-0.889397j,-0.270576+0.150144j,0.256164-0.226463j,2.544696
-0.163180-0.889554j,-0.270826+0.150084j,0.256601-0.226658j,2.545702
-0.161784-0.889710j,-0.271076+0.150024j,0.257037-0.226851j,2.546710
-0.160388-0.889863j,-0.271326+0.149965j,0.257473-0.227044j,2.547719
-0.158992-0.890014j,-0.271577+0.149905j,0.257909-0.227235j,2.548728
-0.157596-0.890162j,-0.271827+0.149845j,0.258345-0.227425j,2.549739
-0.156200-0.890309j,-0.272078+0.149786j,0.258780-0.227615j,2.550751
-0.154803-0.890453j,-0.272329+0.149726j,0.259215-0.227803j,2.551763
-0.153407-0.890595j,-0.272581+0.149667j,0.259650-0.227990j,2.552777
-0.152010-0.890735j,-0.272833+0.149607j,0.260085-0.228176j,2.553791
-0.150614-0.890873j,-0.273085+0.149548j,0.260519-0.228361j,2.554807
-0.149217-0.891009j,-0.273337+0.149489j,0.260954-0.228545j,2.555823
-0.147821-0.891142j,-0.273589+0.149430j,0.261388-0.228728j,2.556841
-0.146424-0.891273j,-0.273842+0.149370j,0.261821-0.228909j,2.557859
-0.145027-0.891403j,-0.274095+0.149311j,0.262255-0.229090j,2.558879
-0.143631-0.891530j,-0.274348+0.149252j,0.262688-0.229270j,2.559899
-0.142234-0.891654j,-0.274602+0.149193j,0.263121-0.229448j,2.560921
-0.140837-0.891777j,-0.274855+0.149134j,0.263553-0.229626j,2.561943
-0.139440-0.891897j,-0.275109+0.149076j,0.263986-0.229802j,2.562967
-0.138043-0.892015j,-0.275364+0.149017j,0.264418-0.229977j,2.563991
-0.136646-0.892131j,-0.275618+0.148958j,0.264850-0.230152j,2.565016
-0.135249-0.892245j,-0.275873+0.148900j,0.265281-0.230325j,2.566043
-0.133852-0.892357j,-0.276128+0.148841j,0.265713-0.230497j,2.567070
-0.132455-0.892467j,-0.276383+0.148782j,0.266144-0.230668j,2.568098
-0.131058-0.892574j,-0.276639+0.148724j,0.266574-0.230838j,2.569127
-0.129661-0.892679j,-0.276895+0.148666j,0.267005-0.231007j,2.570158
-0.128264-0.892782j,-0.277151+0.148607j,0.267435-0.231175j,2.571189
-0.126867-0.892883j,-0.277407+0.148549j,0.267865-0.231341j,2.572221
-0.125470-0.892981j,-0.277664+0.148491j,0.268294-0.231507j,2.573254
-0.124073-0.893078j,-0.277921+0.148433j,0.268724-0.231672j,2.574288
-0.122676-0.893172j,-0.278178+0.148375j,0.269153-0.231835j,2.575323
-0.121279-0.893264j,-0.278435+0.148317j,0.269581-0.231997j,2.576359
-0.119882-0.893354j,-0.278693+0.148259j,0.270010-0.232159j,2.577396
-0.118485-0.893442j,-0.278951+0.148201j,0.270438-0.232319j,2.578434
-0.117088-0.893528j,-0.279209+0.148143j,0.270866-0.232478j,2.579473
-0.115691-0.893611j,-0.279468+0.148086j,0.271293-0.232636j,2.580513
-0.114294-0.893692j,-0.279727+0.148028j,0.271721-0.232793j,2.581554
-0.112897-0.893771j,-0.279986+0.147970j,0.272148-0.232949j,2.582596
-0.111500-0.893848j,-0.280245+0.147913j,0.272574-0.233104j,2.583639
-0.110103-0.893923j,-0.280504+0.147856j,0.273000-0.233258j,2.584682
-0.108706-0.893995j,-0.280764+0.147798j,0.273426-0.233410j,2.585727
-0.107309-0.894066j,-0.281024+0.147741j,0.273852-0.233562j,2.586773
-0.105912-0.894134j,-0.281285+0.147684j,0.274277-0.233712j,2.587819
-0.104516-0.894200j,-0.281545+0.147627j,0.274702-0.233862j,2.588867
-0.103119-0.894264j,-0.281806+0.147570j,0.275127-0.234010j,2.589915
-0.101722-0.894326j,-0.282068+0.147513j,0.275551-0.234157j,2.590965
-0.100326-0.894385j,-0.282329+0.147456j,0.275975-0.234304j,2.592015
-0.098929-0.894442j,-0.282591+0.147399j,0.276399-0.234449j,2.593067
-0.097533-0.894498j,-0.282853+0.147342j,0.276823-0.234593j,2.594119
-0.096137-0.894551j,-0.283115+0.147286j,0.277246-0.234736j,2.595172
-0.094740-0.894601j,-0.283378+0.147229j,0.277668-0.234877j,2.596227
-0.093344-0.894650j,-0.283640+0.147172j,0.278091-0.235018j,2.597282
-0.091948-0.894697j,-0.283903+0.147116j,0.278513-0.235158j,2.598338
-0.090552-0.894741j,-0.284167+0.147060j,0.278934-0.235296j,2.599395
-0.089156-0.894783j,-0.284431+0.147003j,0.279356-0.235434j,2.600453
-0.087760-0.894823j,-0.284694+0.146947j,0.279777-0.235570j,2.601512
-0.086364-0.894861j,-0.284959+0.146891j,0.280197-0.235706j,2.602572
-0.084969-0.894897j,-0.285223+0.146835j,0.280618-0.235840j,2.603633
-0.083573-0.894930j,-0.285488+0.146779j,0.281038-0.235973j,2.604695
-0.082177-0.894962j,-0.285753+0.146723j,0.281457-0.236105j,2.605758
-0.080782-0.894991j,-0.286018+0.146667j,0.281876-0.236236j,2.606822
-0.079387-0.895018j,-0.286284+0.146612j,0.282295-0.236366j,2.607887
-0.077992-0.895043j,-0.286550+0.146556j,0.282714-0.236495j,2.608952
-0.076597-0.895065j,-0.286816+0.146501j,0.283132-0.236622j,2.610019
-0.075202-0.895086j,-0.287082+0.146445j,0.283550-0.236749j,2.611086
-0.073807-0.895104j,-0.287349+0.146390j,0.283967-0.236875j,2.612155
-0.072412-0.895120j,-0.287616+0.146334j,0.284384-0.236999j,2.613224
-0.071018-0.895134j,-0.287883+0.146279j,0.284801-0.237123j,2.614295
-0.069623-0.895146j,-0.288151+0.146224j,0.285217-0.237245j,2.615366
-0.068229-0.895156j,-0.288419+0.146169j,0.285633-0.237366j,2.616438
-0.066835-0.895163j,-0.288687+0.146114j,0.286048-0.237486j,2.617512
-0.065441-0.895169j,-0.288955+0.146059j,0.286463-0.237605j,2.618586
-0.064047-0.895172j,-0.289224+0.146004j,0.286878-0.237723j,2.619661
-0.062653-0.895173j,-0.289493+0.145950j,0.287293-0.237840j,2.620737
-0.061259-0.895172j,-0.289763+0.145895j,0.287707-0.237956j,2.621814
-0.059866-0.895169j,-0.290032+0.145841j,0.288120-0.238071j,2.622892
-0.058473-0.895163j,-0.290302+0.145786j,0.288533-0.238184j,2.623971
-0.057080-0.895156j,-0.290572+0.145732j,0.288946-0.238297j,2.625050
-0.055687-0.895146j,-0.290843+0.145678j,0.289358-0.238408j,2.626131
-0.054294-0.895134j,-0.291113+0.145624j,0.289770-0.238519j,2.627213
-0.052901-0.895120j,-0.291384+0.145569j,0.290182-0.238628j,2.628295
-0.051509-0.895104j,-0.291656+0.145515j,0.290593-0.238736j,2.629379
-0.050117-0.895086j,-0.291927+0.145462j,0.291004-0.238843j,2.630463
-0.048725-0.895065j,-0.292199+0.145408j,0.291414-0.238949j,2.631548
-0.047333-0.895042j,-0.292471+0.145354j,0.291824-0.239054j,2.632635
-0.045941-0.895018j,-0.292744+0.145301j,0.292234-0.239158j,2.633722
-0.044549-0.894991j,-0.293017+0.145247j,0.292643-0.239261j,2.634810
-0.043158-0.894962j,-0.293290+0.145194j,0.293052-0.239362j,2.635899
-0.041767-0.894930j,-0.293563+0.145140j,0.293460-0.239463j,2.636989
-0.040376-0.894897j,-0.293837+0.145087j,0.293868-0.239563j,2.638080
-0.038985-0.894861j,-0.294111+0.145034j,0.294276-0.239661j,2.639172
-0.037595-0.894824j,-0.294385+0.144981j,0.294683-0.239758j,2.640265
-0.036205-0.894784j,-0.294659+0.144928j,0.295089-0.239855j,2.641358
-0.034815-0.894742j,-0.294934+0.144875j,0.295495-0.239950j,2.642453
-0.033425-0.894697j,-0.295209+0.144823j,0.295901-0.240044j,2.643548
-0.032035-0.894651j,-0.295485+0.144770j,0.296306-0.240137j,2.644645
-0.030646-0.894603j,-0.295760+0.144717j,0.296711-0.240229j,2.645742
-0.029256-0.894552j,-0.296036+0.144665j,0.297116-0.240320j,2.646841
-0.027868-0.894499j,-0.296313+0.144613j,0.297520-0.240410j,2.647940
-0.026479-0.894444j,-0.296589+0.144560j,0.297923-0.240499j,2.649040
-0.025090-0.894387j,-0.296866+0.144508j,0.298326-0.240586j,2.650141
-0.023702-0.894328j,-0.297144+0.144456j,0.298729-0.240673j,2.651243
-0.022314-0.894267j,-0.297421+0.144404j,0.299131-0.240758j,2.652346
-0.020926-0.894203j,-0.297699+0.144353j,0.299533-0.240843j,2.653449
-0.019539-0.894138j,-0.297977+0.144301j,0.299934-0.240926j,2.654554
-0.018152-0.894070j,-0.298255+0.144249j,0.300335-0.241008j,2.655660
-0.016765-0.894000j,-0.298534+0.144198j,0.300736-0.241089j,2.656766
-0.015378-0.893928j,-0.298813+0.144146j,0.301136-0.241169j,2.657874
-0.013991-0.893854j,-0.299093+0.144095j,0.301535-0.241248j,2.658982
-0.012605-0.893777j,-0.299372+0.144044j,0.301934-0.241326j,2.660091
-0.011219-0.893699j,-0.299652+0.143993j,0.302333-0.241403j,2.661201
-0.009834-0.893618j,-0.299932+0.143942j,0.302731-0.241479j,2.662313
-0.008448-0.893536j,-0.300213+0.143891j,0.303129-0.241554j,2.663425
-0.007063-0.893451j,-0.300494+0.143840j,0.303526-0.241627j,2.664537
-0.005678-0.893364j,-0.300775+0.143790j,0.303923-0.241700j,2.665651
-0.004294-0.893275j,-0.301056+0.143739j,0.304319-0.241772j,2.666766
-0.002910-0.893183j,-0.301338+0.143689j,0.304714-0.241842j,2.667881
-0.001526-0.893090j,-0.301620+0.143638j,0.305110-0.241911j,2.668998
-0.000142-0.892994j,-0.301903+0.143588j,0.305505-0.241980j,2.670115
0.001241-0.892897j,-0.302185+0.143538j,0.305899-0.242047j,2.671234
0.002624-0.892797j,-0.302468+0.143488j,0.306293-0.242113j,2.672353
0.004007-0.892695j,-0.302752+0.143438j,0.306686-0.242178j,2.673473
0.005390-0.892591j,-0.303035+0.143389j,0.307079-0.242242j,2.674594
0.006772-0.892484j,-0.303319+0.143339j,0.307471-0.242305j,2.675716
0.008154-0.892376j,-0.303604+0.143290j,0.307863-0.242367j,2.676839
0.009535-0.892266j,-0.303888+0.143240j,0.308255-0.242428j,2.677962
0.010916-0.892153j,-0.304173+0.143191j,0.308645-0.242487j,2.679087
0.012297-0.892038j,-0.304458+0.143142j,0.309036-0.242546j,2.680213
0.013678-0.891921j,-0.304744+0.143093j,0.309426-0.242603j,2.681339
0.015058-0.891803j,-0.305030+0.143044j,0.309815-0.242660j,2.682466
0.016438-0.891681j,-0.305316+0.142995j,0.310204-0.242715j,2.683594
0.017817-0.891558j,-0.305602+0.142946j,0.310592-0.242770j,2.684723
0.019196-0.891433j,-0.305889+0.142898j,0.310980-0.242823j,2.685853
0.020575-0.891305j,-0.306176+0.142849j,0.311368-0.242875j,2.686984
0.021953-0.891176j,-0.306464+0.142801j,0.311754-0.242927j,2.688116
0.023332-0.891044j,-0.306751+0.142753j,0.312141-0.242977j,2.689249
0.024709-0.890910j,-0.307039+0.142705j,0.312527-0.243026j,2.690382
0.026087-0.890774j,-0.307328+0.142657j,0.312912-0.243074j,2.691517
0.027464-0.890636j,-0.307616+0.142609j,0.313297-0.243121j,2.692652
0.028840-0.890496j,-0.307905+0.142561j,0.313681-0.243167j,2.693788
0.030217-0.890354j,-0.308195+0.142514j,0.314065-0.243211j,2.694925
0.031593-0.890209j,-0.308484+0.142466j,0.314448-0.243255j,2.696063
0.032968-0.890063j,-0.308774+0.142419j,0.314831-0.243298j,2.697202
0.034343-0.889914j,-0.309065+0.142372j,0.315213-0.243339j,2.698342
0.035718-0.889763j,-0.309355+0.142325j,0.315594-0.243380j,2.699482
0.037093-0.889610j,-0.309646+0.142278j,0.315976-0.243420j,2.700624
0.038467-0.889455j,-0.309937+0.142231j,0.316356-0.243458j,2.701766
0.039840-0.889298j,-0.310229+0.142185j,0.316736-0.243495j,2.702909
0.041214-0.889139j,-0.310521+0.142138j,0.317116-0.243532j,2.704054
0.042586-0.888978j,-0.310813+0.142092j,0.317495-0.243567j,2.705199
0.043959-0.888814j,-0.311106+0.142045j,0.317873-0.243601j,2.706345
0.045331-0.888649j,-0.311399+0.141999j,0.318251-0.243635j,2.707491
0.046702-0.888481j,-0.311692+0.141953j,0.318628-0.243667j,2.708639
0.048074-0.888311j,-0.311985+0.141907j,0.319005-0.243698j,2.709787
0.049445-0.888139j,-0.312279+0.141862j,0.319381-0.243728j,2.710937
0.050815-0.887965j,-0.312573+0.141816j,0.319757-0.243757j,2.712087
0.052185-0.887789j,-0.312868+0.141771j,0.320132-0.243785j,2.713238
0.053554-0.887611j,-0.313163+0.141725j,0.320507-0.243812j,2.714390
0.054924-0.887431j,-0.313458+0.141680j,0.320881-0.243838j,2.715543
0.056292-0.887248j,-0.313753+0.141635j,0.321254-0.243862j,2.716697
0.057661-0.887064j,-0.314049+0.141590j,0.321627-0.243886j,2.717852
0.059028-0.886877j,-0.314345+0.141546j,0.322000-0.243909j,2.719007
0.060396-0.886689j,-0.314642+0.141501j,0.322371-0.243931j,2.720164
0.061763-0.886498j,-0.314939+0.141457j,0.322743-0.243951j,2.721321
0.063129-0.886305j,-0.315236+0.141412j,0.323113-0.243971j,2.722479
0.064495-0.886110j,-0.315533+0.141368j,0.323483-0.243989j,2.723638
0.065861-0.885913j,-0.315831+0.141324j,0.323853-0.244007j,2.724798
0.067226-0.885714j,-0.316129+0.141280j,0.324222-0.244023j,2.725958
0.068591-0.885513j,-0.316428+0.141236j,0.324590-0.244039j,2.727120
0.069955-0.885309j,-0.316727+0.141193j,0.324958-0.244053j,2.728282
0.071319-0.885104j,-0.317026+0.141149j,0.325325-0.244067j,2.729446
0.072682-0.884896j,-0.317325+0.141106j,0.325692-0.244079j,2.730610
0.074045-0.884687j,-0.317625+0.141063j,0.326058-0.244090j,2.731775
0.075407-0.884475j,-0.317925+0.141020j,0.326424-0.244100j,2.732941
0.076769-0.884261j,-0.318226+0.140977j,0.326789-0.244110j,2.734108
0.078130-0.884045j,-0.318527+0.140934j,0.327153-0.244118j,2.735275
0.079491-0.883827j,-0.318828+0.140892j,0.327517-0.244125j,2.736444
0.080852-0.883607j,-0.319129+0.140850j,0.327880-0.244131j,2.737613
0.082212-0.883385j,-0.319431+0.140807j,0.328242-0.244136j,2.738783
0.083571-0.883161j,-0.319733+0.140765j,0.328604-0.244140j,2.739954
0.084930-0.882935j,-0.320036+0.140723j,0.328966-0.244143j,2.741126
0.086288-0.882706j,-0.320339+0.140682j,0.329327-0.244145j,2.742299
0.087646-0.882476j,-0.320642+0.140640j,0.329687-0.244146j,2.743473
0.089004-0.882243j,-0.320946+0.140598j,0.330047-0.244146j,2.744647
0.090361-0.882009j,-0.321249+0.140557j,0.330406-0.244145j,2.745822
0.091717-0.881772j,-0.321554+0.140516j,0.330764-0.244143j,2.746999
0.093073-0.881533j,-0.321858+0.140475j,0.331122-0.244140j,2.748176
0.094428-0.881292j,-0.322163+0.140434j,0.331479-0.244136j,2.749353
0.095783-0.881050j,-0.322468+0.140394j,0.331836-0.244130j,2.750532
0.097138-0.880805j,-0.322774+0.140353j,0.332192-0.244124j,2.751712
0.098491-0.880558j,-0.323080+0.140313j,0.332547-0.244117j,2.752892
0.099845-0.880308j,-0.323386+0.140273j,0.332902-0.244109j,2.754073
0.101197-0.880057j,-0.323693+0.140233j,0.333256-0.244100j,2.755256
0.102550-0.879804j,-0.324000+0.140193j,0.333610-0.244089j,2.756438
0.103901-0.879549j,-0.324307+0.140153j,0.333963-0.244078j,2.757622
0.105252-0.879291j,-0.324615+0.140114j,0.334315-0.244066j,2.758807
0.106603-0.879032j,-0.324923+0.140074j,0.334667-0.244053j,2.759992
0.107953-0.878770j,-0.325231+0.140035j,0.335018-0.244038j,2.761179
0.109302-0.878507j,-0.325540+0.139996j,0.335368-0.244023j,2.762366
0.110651-0.878241j,-0.325849+0.139957j,0.335718-0.244007j,2.763554
0.112000-0.877973j,-0.326159+0.139919j,0.336067-0.243989j,2.764743
0.113347-0.877704j,-0.326469+0.139880j,0.336416-0.243971j,2.765933
0.114695-0.877432j,-0.326779+0.139842j,0.336764-0.243952j,2.767123
0.116041-0.877158j,-0.327089+0.139804j,0.337111-0.243931j,2.768314
0.117387-0.876882j,-0.327400+0.139766j,0.337458-0.243910j,2.769507
0.118733-0.876604j,-0.327711+0.139728j,0.337804-0.243887j,2.770700
0.120078-0.876324j,-0.328023+0.139690j,0.338150-0.243864j,2.771894
0.121422-0.876042j,-0.328335+0.139653j,0.338494-0.243840j,2.773088
0.122766-0.875758j,-0.328647+0.139616j,0.338839-0.243814j,2.774284
0.124109-0.875471j,-0.328959+0.139579j,0.339182-0.243788j,2.775480
0.125452-0.875183j,-0.329272+0.139542j,0.339525-0.243761j,2.776678
0.126794-0.874893j,-0.329586+0.139505j,0.339868-0.243732j,2.777876
0.128135-0.874601j,-0.329899+0.139468j,0.340209-0.243703j,2.779075
0.129476-0.874306j,-0.330213+0.139432j,0.340550-0.243673j,2.780274
0.130816-0.874010j,-0.330528+0.139396j,0.340891-0.243641j,2.781475
0.132156-0.873711j,-0.330842+0.139360j,0.341230-0.243609j,2.782676
0.133495-0.873411j,-0.331158+0.139324j,0.341569-0.243576j,2.783879
0.134833-0.873108j,-0.331473+0.139289j,0.341908-0.243541j,2.785082
0.136171-0.872804j,-0.331789+0.139253j,0.342246-0.243506j,2.786285
0.137508-0.872497j,-0.332105+0.139218j,0.342583-0.243470j,2.787490
0.138844-0.872188j,-0.332421+0.139183j,0.342919-0.243432j,2.788696
0.140180-0.871878j,-0.332738+0.139148j,0.343255-0.243394j,2.789902
0.141515-0.871565j,-0.333056+0.139113j,0.343590-0.243355j,2.791109
0.142850-0.871250j,-0.333373+0.139079j,0.343925-0.243315j,2.792317
0.144184-0.870933j,-0.333691+0.139045j,0.344259-0.243273j,2.793526
0.145517-0.870614j,-0.334009+0.139010j,0.344592-0.243231j,2.794736
0.146850-0.870293j,-0.334328+0.138977j,0.344925-0.243188j,2.795946
0.148182-0.869971j,-0.334647+0.138943j,0.345256-0.243144j,2.797158
0.149514-0.869646j,-0.334967+0.138909j,0.345588-0.243099j,2.798370
0.150844-0.869319j,-0.335286+0.138876j,0.345918-0.243052j,2.799583
0.152175-0.868990j,-0.335606+0.138843j,0.346248-0.243005j,2.800796
0.153504-0.868659j,-0.335927+0.138810j,0.346578-0.242957j,2.802011
0.154833-0.868326j,-0.336248+0.138777j,0.346906-0.242908j,2.803226
0.156161-0.867991j,-0.336569+0.138745j,0.347234-0.242858j,2.804443
0.157488-0.867653j,-0.336891+0.138713j,0.347561-0.242807j,2.805660
0.158815-0.867314j,-0.337212+0.138680j,0.347888-0.242755j,2.806878
0.160141-0.866973j,-0.337535+0.138649j,0.348214-0.242702j,2.808096
0.161467-0.866630j,-0.337857+0.138617j,0.348539-0.242648j,2.809316
0.162792-0.866285j,-0.338180+0.138585j,0.348864-0.242594j,2.810536
0.164116-0.865938j,-0.338504+0.138554j,0.349188-0.242538j,2.811757
0.165439-0.865589j,-0.338828+0.138523j,0.349511-0.242481j,2.812979
0.166762-0.865237j,-0.339152+0.138492j,0.349833-0.242423j,2.814202
0.168084-0.864884j,-0.339476+0.138461j,0.350155-0.242365j,2.815425
0.169405-0.864529j,-0.339801+0.138431j,0.350476-0.242305j,2.816650
0.170726-0.864172j,-0.340126+0.138401j,0.350797-0.242244j,2.817875
0.172046-0.863813j,-0.340452+0.138371j,0.351117-0.242183j,2.819101
0.173365-0.863451j,-0.340778+0.138341j,0.351436-0.242120j,2.820328
0.174684-0.863088j,-0.341104+0.138311j,0.351754-0.242057j,2.821555
0.176002-0.862723j,-0.341431+0.138282j,0.352072-0.241992j,2.822784
0.177319-0.862356j,-0.341758+0.138253j,0.352389-0.241927j,2.824013
0.178635-0.861986j,-0.342086+0.138224j,0.352706-0.241860j,2.825243
0.179951-0.861615j,-0.342414+0.138195j,0.353021-0.241793j,2.826474
0.181266-0.861242j,-0.342742+0.138167j,0.353337-0.241725j,2.827705
0.182580-0.860867j,-0.343070+0.138138j,0.353651-0.241656j,2.828938
0.183894-0.860490j,-0.343399+0.138110j,0.353965-0.241586j,2.830171
0.185207-0.860110j,-0.343729+0.138082j,0.354277-0.241514j,2.831405
0.186519-0.859729j,-0.344058+0.138055j,0.354590-0.241442j,2.832640
0.187830-0.859346j,-0.344388+0.138027j,0.354901-0.241369j,2.833876
0.189141-0.858961j,-0.344719+0.138000j,0.355212-0.241296j,2.835112
0.190450-0.858574j,-0.345050+0.137973j,0.355522-0.241221j,2.836349
0.191760-0.858184j,-0.345381+0.137946j,0.355832-0.241145j,2.837587
0.193068-0.857793j,-0.345712+0.137920j,0.356141-0.241068j,2.838826
0.194376-0.857400j,-0.346044+0.137894j,0.356449-0.240990j,2.840066
0.195683-0.857005j,-0.346377+0.137868j,0.356756-0.240912j,2.841306
0.196989-0.856608j,-0.346709+0.137842j,0.357063-0.240832j,2.842548
0.198294-0.856209j,-0.347042+0.137816j,0.357369-0.240752j,2.843790
0.199599-0.855808j,-0.347376+0.137791j,0.357674-0.240670j,2.845032
0.200902-0.855405j,-0.347710+0.137766j,0.357979-0.240588j,2.846276
0.202206-0.855000j,-0.348044+0.137741j,0.358283-0.240505j,2.847521
0.203508-0.854593j,-0.348378+0.137716j,0.358586-0.240421j,2.848766
0.204809-0.854184j,-0.348713+0.137692j,0.358888-0.240336j,2.850012
0.206110-0.853773j,-0.349049+0.137668j,0.359190-0.240250j,2.851259
0.207410-0.853360j,-0.349385+0.137644j,0.359491-0.240163j,2.852506
0.208709-0.852945j,-0.349721+0.137620j,0.359792-0.240075j,2.853755
0.210008-0.852528j,-0.350057+0.137597j,0.360091-0.239986j,2.855004
0.211305-0.852109j,-0.350394+0.137574j,0.360390-0.239896j,2.856254
0.212602-0.851689j,-0.350731+0.137551j,0.360688-0.239806j,2.857504
0.213898-0.851266j,-0.351069+0.137528j,0.360986-0.239714j,2.858756
0.215193-0.850841j,-0.351407+0.137505j,0.361283-0.239622j,2.860008
0.216488-0.850415j,-0.351745+0.137483j,0.361579-0.239528j,2.861261
0.217782-0.849986j,-0.352084+0.137461j,0.361874-0.239434j,2.862515
0.219074-0.849555j,-0.352423+0.137440j,0.362169-0.239339j,2.863770
0.220366-0.849123j,-0.352763+0.137418j,0.362463-0.239243j,2.865025
0.221658-0.848688j,-0.353103+0.137397j,0.362756-0.239146j,2.866282
0.222948-0.848252j,-0.353443+0.137376j,0.363049-0.239048j,2.867539
0.224238-0.847814j,-0.353784+0.137355j,0.363340-0.238949j,2.868797
0.225526-0.847373j,-0.354125+0.137335j,0.363631-0.238849j,2.870055
0.226814-0.846931j,-0.354466+0.137315j,0.363922-0.238749j,2.871315
0.228101-0.846487j,-0.354808+0.137295j,0.364211-0.238647j,2.872575
0.229388-0.846041j,-0.355150+0.137275j,0.364500-0.238545j,2.873836
0.230673-0.845593j,-0.355493+0.137256j,0.364788-0.238441j,2.875097
0.231958-0.845143j,-0.355836+0.137237j,0.365076-0.238337j,2.876360
0.233241-0.844691j,-0.356179+0.137218j,0.365363-0.238232j,2.877623
0.234524-0.844237j,-0.356523+0.137199j,0.365649-0.238126j,2.878887
0.235807-0.843781j,-0.356867+0.137181j,0.365934-0.238019j,2.880152
0.237088-0.843323j,-0.357212+0.137163j,0.366218-0.237911j,2.881418
0.238368-0.842863j,-0.357556+0.137145j,0.366502-0.237802j,2.882684
0.239648-0.842402j,-0.357902+0.137127j,0.366785-0.237693j,2.883951
0.240926-0.841938j,-0.358247+0.137110j,0.367068-0.237582j,2.885219
0.242204-0.841472j,-0.358594+0.137093j,0.367349-0.237471j,2.886488
0.243481-0.841005j,-0.358940+0.137076j,0.367630-0.237359j,2.887758
0.244757-0.840536j,-0.359287+0.137060j,0.367910-0.237246j,2.889028
0.246033-0.840064j,-0.359634+0.137044j,0.368190-0.237132j,2.890299
0.247307-0.839591j,-0.359982+0.137028j,0.368469-0.237017j,2.891571
0.248580-0.839116j,-0.360330+0.137012j,0.368747-0.236901j,2.892843
0.249853-0.838639j,-0.360678+0.136997j,0.369024-0.236784j,2.894117
0.251125-0.838160j,-0.361027+0.136982j,0.369300-0.236667j,2.895391
0.252396-0.837679j,-0.361376+0.136967j,0.369576-0.236548j,2.896666
0.253666-0.837196j,-0.361726+0.136952j,0.369851-0.236429j,2.897941
0.254935-0.836711j,-0.362076+0.136938j,0.370125-0.236309j,2.899218
0.256203-0.836225j,-0.362426+0.136924j,0.370399-0.236188j,2.900495
0.257470-0.835736j,-0.362777+0.136910j,0.370672-0.236066j,2.901773
0.258737-0.835246j,-0.363128+0.136897j,0.370944-0.235943j,2.903052
0.260002-0.834753j,-0.363480+0.136884j,0.371215-0.235820j,2.904331
0.261267-0.834259j,-0.363831+0.136871j,0.371486-0.235695j,2.905612
0.262530-0.833763j,-0.364184+0.136859j,0.371756-0.235570j,2.906893
0.263793-0.833265j,-0.364537+0.136846j,0.372025-0.235444j,2.908174
0.265055-0.832765j,-0.364890+0.136834j,0.372293-0.235317j,2.909457
0.266316-0.832263j,-0.365243+0.136823j,0.372561-0.235189j,2.910740
0.267576-0.831759j,-0.365597+0.136811j,0.372828-0.235060j,2.912024
0.268835-0.831253j,-0.365951+0.136800j,0.373094-0.234930j,2.913309
0.270093-0.830746j,-0.366306+0.136790j,0.373359-0.234800j,2.914595
0.271351-0.830236j,-0.366661+0.136779j,0.373624-0.234668j,2.915881
0.272607-0.829725j,-0.367017+0.136769j,0.373888-0.234536j,2.917168
0.273863-0.829211j,-0.367372+0.136759j,0.374151-0.234403j,2.918456
0.275117-0.828696j,-0.367729+0.136750j,0.374413-0.234269j,2.919745
0.276371-0.828179j,-0.368085+0.136740j,0.374675-0.234135j,2.921034
0.277623-0.827660j,-0.368442+0.136731j,0.374936-0.233999j,2.922325
0.278875-0.827140j,-0.368800+0.136723j,0.375196-0.233862j,2.923616
0.280126-0.826617j,-0.369158+0.136714j,0.375456-0.233725j,2.924907
0.281375-0.826092j,-0.369516+0.136706j,0.375714-0.233587j,2.926200
0.282624-0.825566j,-0.369874+0.136699j,0.375972-0.233448j,2.927493
0.283872-0.825037j,-0.370233+0.136691j,0.376230-0.233308j,2.928787
0.285119-0.824507j,-0.370593+0.136684j,0.376486-0.233168j,2.930082
0.286365-0.823975j,-0.370953+0.136677j,0.376742-0.233026j,2.931377
0.287610-0.823441j,-0.371313+0.136671j,0.376997-0.232884j,2.932673
0.288854-0.822905j,-0.371673+0.136665j,0.377251-0.232741j,2.933970
0.290097-0.822368j,-0.372034+0.136659j,0.377504-0.232597j,2.935268
0.291339-0.821828j,-0.372396+0.136653j,0.377757-0.232452j,2.936567
0.292581-0.821287j,-0.372758+0.136648j,0.378009-0.232306j,2.937866
0.293821-0.820743j,-0.373120+0.136643j,0.378260-0.232160j,2.939166
0.295060-0.820198j,-0.373482+0.136639j,0.378511-0.232012j,2.940467
0.296298-0.819651j,-0.373845+0.136635j,0.378760-0.231864j,2.941768
0.297535-0.819102j,-0.374209+0.136631j,0.379009-0.231715j,2.943070
0.298772-0.818552j,-0.374573+0.136627j,0.379257-0.231566j,2.944373
0.300007-0.817999j,-0.374937+0.136624j,0.379505-0.231415j,2.945677
0.301241-0.817445j,-0.375301+0.136621j,0.379751-0.231264j,2.946982
0.302474-0.816888j,-0.375666+0.136618j,0.379997-0.231111j,2.948287
0.303707-0.816330j,-0.376032+0.136616j,0.380243-0.230958j,2.949593
0.304938-0.815770j,-0.376397+0.136614j,0.380487-0.230804j,2.950899
0.306168-0.815209j,-0.376763+0.136613j,0.380731-0.230650j,2.952207
0.307397-0.814645j,-0.377130+0.136611j,0.380973-0.230494j,2.953515
0.308626-0.814079j,-0.377497+0.136611j,0.381216-0.230338j,2.954824
0.309853-0.813512j,-0.377864+0.136610j,0.381457-0.230181j,2.956134
0.311079-0.812943j,-0.378232+0.136610j,0.381698-0.230023j,2.957444
0.312304-0.812372j,-0.378600+0.136610j,0.381937-0.229864j,2.958756
0.313529-0.811799j,-0.378969+0.136610j,0.382177-0.229705j,2.960067
0.314752-0.811224j,-0.379338+0.136611j,0.382415-0.229544j,2.961380
0.315974-0.810648j,-0.379707+0.136612j,0.382652-0.229383j,2.962694
0.317195-0.810069j,-0.380077+0.136614j,0.382889-0.229221j,2.964008
0.318415-0.809489j,-0.380447+0.136616j,0.383125-0.229058j,2.965323
0.319634-0.808907j,-0.380817+0.136618j,0.383361-0.228895j,2.966638
0.320852-0.808323j,-0.381188+0.136620j,0.383595-0.228731j,2.967955
0.322069-0.807738j,-0.381560+0.136623j,0.383829-0.228565j,2.969272
0.323285-0.807150j,-0.381931+0.136626j,0.384062-0.228400j,2.970590
0.324500-0.806561j,-0.382304+0.136630j,0.384294-0.228233j,2.971908
0.325714-0.805970j,-0.382676+0.136634j,0.384526-0.228065j,2.973228
0.326927-0.805377j,-0.383049+0.136638j,0.384756-0.227897j,2.974548
0.328139-0.804782j,-0.383422+0.136643j,0.384986-0.227728j,2.975869
0.329349-0.804186j,-0.383796+0.136648j,0.385216-0.227558j,2.977190
0.330559-0.803587j,-0.384170+0.136653j,0.385444-0.227387j,2.978512
0.331768-0.802987j,-0.384545+0.136659j,0.385672-0.227216j,2.979836
0.332975-0.802385j,-0.384920+0.136665j,0.385899-0.227044j,2.981159
0.334181-0.801781j,-0.385295+0.136672j,0.386125-0.226871j,2.982484
0.335387-0.801176j,-0.385671+0.136679j,0.386350-0.226697j,2.983809
0.336591-0.800568j,-0.386047+0.136686j,0.386575-0.226522j,2.985135
0.337794-0.799959j,-0.386423+0.136694j,0.386799-0.226347j,2.986462
0.338997-0.799348j,-0.386800+0.136702j,0.387022-0.226171j,2.987789
0.340198-0.798735j,-0.387178+0.136710j,0.387244-0.225994j,2.989117
0.341398-0.798121j,-0.387555+0.136719j,0.387466-0.225817j,2.990446
0.342597-0.797504j,-0.387933+0.136728j,0.387687-0.225638j,2.991776
0.343795-0.796886j,-0.388312+0.136737j,0.387907-0.225459j,2.993106
0.344991-0.796266j,-0.388691+0.136747j,0.388126-0.225279j,2.994437
0.346187-0.795644j,-0.389070+0.136757j,0.388345-0.225098j,2.995769
0.347382-0.795021j,-0.389450+0.136768j,0.388562-0.224917j,2.997102
0.348575-0.794396j,-0.389830+0.136779j,0.388779-0.224735j,2.998435
0.349767-0.793769j,-0.390211+0.136790j,0.388996-0.224552j,2.999769
0.350959-0.793140j,-0.390591+0.136802j,0.389211-0.224368j,3.001104
0.352149-0.792509j,-0.390973+0.136814j,0.389426-0.224183j,3.002439
0.353338-0.791877j,-0.391354+0.136827j,0.389640-0.223998j,3.003775
0.354526-0.791243j,-0.391737+0.136840j,0.389853-0.223812j,3.005112
0.355713-0.790607j,-0.392119+0.136853j,0.390065-0.223625j,3.006450
0.356898-0.789969j,-0.392502+0.136867j,0.390277-0.223438j,3.007788
0.358083-0.789329j,-0.392885+0.136881j,0.390488-0.223249j,3.009127
0.359267-0.788688j,-0.393269+0.136896j,0.390698-0.223060j,3.010467
0.360449-0.788045j,-0.393653+0.136910j,0.390907-0.222871j,3.011808
0.361630-0.787400j,-0.394038+0.136926j,0.391116-0.222680j,3.013149
0.362810-0.786754j,-0.394422+0.136941j,0.391324-0.222489j,3.014491
0.363989-0.786105j,-0.394808+0.136958j,0.391531-0.222297j,3.015834
0.365167-0.785455j,-0.395193+0.136974j,0.391737-0.222104j,3.017177
0.366344-0.784804j,-0.395580+0.136991j,0.391943-0.221910j,3.018521
0.367519-0.784150j,-0.395966+0.137008j,0.392148-0.221716j,3.019866
0.368694-0.783495j,-0.396353+0.137026j,0.392352-0.221521j,3.021212
0.369867-0.782838j,-0.396740+0.137044j,0.392555-0.221325j,3.022558
0.371039-0.782179j,-0.397128+0.137063j,0.392757-0.221129j,3.023905
0.372210-0.781518j,-0.397516+0.137082j,0.392959-0.220932j,3.025253
0.373380-0.780856j,-0.397904+0.137101j,0.393160-0.220734j,3.026602
0.374549-0.780192j,-0.398293+0.137121j,0.393360-0.220535j,3.027951
0.375716-0.779526j,-0.398682+0.137141j,0.393559-0.220336j,3.029301
0.376883-0.778859j,-0.399072+0.137162j,0.393758-0.220136j,3.030651
0.378048-0.778190j,-0.399462+0.137183j,0.393956-0.219935j,3.032003
0.379212-0.777519j,-0.399853+0.137205j,0.394153-0.219733j,3.033355
0.380375-0.776846j,-0.400243+0.137227j,0.394349-0.219531j,3.034708
0.381536-0.776172j,-0.400635+0.137249j,0.394545-0.219328j,3.036061
0.382697-0.775495j,-0.401026+0.137272j,0.394740-0.219124j,3.037415
0.383856-0.774818j,-0.401418+0.137295j,0.394934-0.218920j,3.038770
0.385014-0.774138j,-0.401811+0.137319j,0.395127-0.218715j,3.040126
0.386171-0.773457j,-0.402204+0.137343j,0.395320-0.218509j,3.041482
0.387327-0.772774j,-0.402597+0.137367j,0.395512-0.218302j,3.042839
0.388482-0.772089j,-0.402990+0.137392j,0.395703-0.218095j,3.044197
0.389635-0.771402j,-0.403384+0.137418j,0.395893-0.217887j,3.045556
0.390788-0.770714j,-0.403779+0.137443j,0.396082-0.217678j,3.046915
0.391939-0.770024j,-0.404173+0.137470j,0.396271-0.217469j,3.048275
0.393089-0.769333j,-0.404569+0.137496j,0.396459-0.217259j,3.049636
0.394237-0.768640j,-0.404964+0.137523j,0.396646-0.217048j,3.050997
0.395385-0.767945j,-0.405360+0.137551j,0.396832-0.216836j,3.052359
0.396531-0.767248j,-0.405757+0.137579j,0.397018-0.216624j,3.053722
0.397676-0.766550j,-0.406153+0.137608j,0.397203-0.216411j,3.055085
0.398820-0.765849j,-0.406550+0.137636j,0.397387-0.216197j,3.056449
0.399963-0.765148j,-0.406948+0.137666j,0.397570-0.215983j,3.057814
0.401104-0.764444j,-0.407346+0.137696j,0.397753-0.215768j,3.059180
0.402244-0.763739j,-0.407744+0.137726j,0.397935-0.215552j,3.060546
0.403383-0.763032j,-0.408143+0.137757j,0.398116-0.215336j,3.061913
0.404521-0.762324j,-0.408542+0.137788j,0.398296-0.215119j,3.063281
0.405658-0.761613j,-0.408941+0.137819j,0.398476-0.214901j,3.064650
0.406793-0.760901j,-0.409341+0.137852j,0.398654-0.214682j,3.066019
0.407927-0.760188j,-0.409741+0.137884j,0.398832-0.214463j,3.067389
0.409060-0.759473j,-0.410142+0.137917j,0.399010-0.214243j,3.068759
0.410191-0.758756j,-0.410543+0.137951j,0.399186-0.214023j,3.070131
0.411322-0.758037j,-0.410945+0.137985j,0.399362-0.213802j,3.071503
0.412451-0.757317j,-0.411346+0.138019j,0.399537-0.213580j,3.072875
0.413579-0.756595j,-0.411749+0.138054j,0.399711-0.213357j,3.074249
0.414706-0.755871j,-0.412151+0.138089j,0.399884-0.213134j,3.075623
0.415831-0.755146j,-0.412554+0.138125j,0.400057-0.212910j,3.076998
0.416955-0.754419j,-0.412957+0.138162j,0.400229-0.212685j,3.078373
0.418078-0.753690j,-0.413361+0.138198j,0.400400-0.212460j,3.079749
0.419200-0.752960j,-0.413765+0.138236j,0.400571-0.212234j,3.081126
0.420320-0.752228j,-0.414170+0.138273j,0.400740-0.212007j,3.082504
0.421440-0.751494j,-0.414575+0.138312j,0.400909-0.211780j,3.083882
0.422558-0.750759j,-0.414980+0.138350j,0.401077-0.211552j,3.085261
0.423674-0.750022j,-0.415386+0.138389j,0.401245-0.211323j,3.086641
0.424790-0.749284j,-0.415792+0.138429j,0.401411-0.211094j,3.088022
0.425904-0.748544j,-0.416198+0.138469j,0.401577-0.210864j,3.089403
0.427017-0.747802j,-0.416605+0.138510j,0.401742-0.210633j,3.090785
0.428128-0.747058j,-0.417012+0.138551j,0.401906-0.210402j,3.092167
0.429239-0.746313j,-0.417420+0.138593j,0.402070-0.210170j,3.093550
0.430348-0.745566j,-0.417827+0.138635j,0.402233-0.209937j,3.094934
0.431455-0.744818j,-0.418236+0.138678j,0.402395-0.209704j,3.096319
0.432562-0.744068j,-0.418644+0.138721j,0.402556-0.209470j,3.097704
0.433667-0.743316j,-0.419054+0.138764j,0.402716-0.209235j,3.099090
0.434771-0.742563j,-0.419463+0.138808j,0.402876-0.209000j,3.100477
0.435874-0.741808j,-0.419873+0.138853j,0.403035-0.208764j,3.101865
0.436975-0.741052j,-0.420283+0.138898j,0.403193-0.208527j,3.103253
0.438075-0.740293j,-0.420694+0.138944j,0.403351-0.208290j,3.104642
0.439174-0.739534j,-0.421105+0.138990j,0.403508-0.208052j,3.106031
0.440271-0.738772j,-0.421516+0.139037j,0.403664-0.207814j,3.107421
0.441367-0.738009j,-0.421928+0.139084j,0.403819-0.207575j,3.108812
0.442462-0.737244j,-0.422340+0.139131j,0.403973-0.207335j,3.110204
0.443556-0.736478j,-0.422752+0.139179j,0.404127-0.207095j,3.111596
0.444648-0.735710j,-0.423165+0.139228j,0.404280-0.206853j,3.112989
0.445739-0.734941j,-0.423578+0.139277j,0.404432-0.206612j,3.114383
0.446829-0.734170j,-0.423992+0.139327j,0.404584-0.206369j,3.115777
0.447917-0.733397j,-0.424406+0.139377j,0.404734-0.206126j,3.117173
0.449004-0.732623j,-0.424820+0.139428j,0.404884-0.205883j,3.118568
0.450090-0.731847j,-0.425235+0.139479j,0.405033-0.205638j,3.119965
0.451174-0.731070j,-0.425650+0.139531j,0.405182-0.205394j,3.121362
0.452257-0.730290j,-0.426065+0.139583j,0.405330-0.205148j,3.122760
0.453339-0.729510j,-0.426481+0.139636j,0.405476-0.204902j,3.124158
0.454419-0.728728j,-0.426897+0.139690j,0.405623-0.204655j,3.125558
0.455498-0.727944j,-0.427314+0.139744j,0.405768-0.204408j,3.126958
0.456576-0.727158j,-0.427731+0.139798j,0.405913-0.204160j,3.128358
0.457652-0.726371j,-0.428148+0.139853j,0.406057-0.203911j,3.129760
0.458727-0.725583j,-0.428566+0.139909j,0.406200-0.203662j,3.131162
0.459801-0.724793j,-0.428984+0.139965j,0.406342-0.203412j,3.132564
0.460873-0.724001j,-0.429402+0.140021j,0.406484-0.203161j,3.133968
0.461944-0.723207j,-0.429821+0.140078j,0.406625-0.202910j,3.135372
0.463014-0.722413j,-0.430240+0.140136j,0.406765-0.202659j,3.136777
0.464082-0.721616j,-0.430659+0.140194j,0.406904-0.202406j,3.138182
0.465149-0.720818j,-0.431079+0.140253j,0.407043-0.202153j,3.139588
0.466215-0.720018j,-0.431499+0.140312j,0.407181-0.201900j,3.140995
0.467279-0.719217j,-0.431920+0.140372j,0.407318-0.201646j,3.142403
0.468342-0.718415j,-0.432341+0.140433j,0.407455-0.201391j,3.143811
0.469404-0.717610j,-0.432762+0.140493j,0.407590-0.201135j,3.145220
0.470464-0.716804j,-0.433184+0.140555j,0.407725-0.200879j,3.146629
0.471523-0.715997j,-0.433606+0.140617j,0.407859-0.200623j,3.148040
0.472580-0.715188j,-0.434028+0.140680j,0.407993-0.200366j,3.149451
0.473636-0.714378j,-0.434451+0.140743j,0.408126-0.200108j,3.150862
0.474691-0.713566j,-0.434874+0.140807j,0.408257-0.199849j,3.152275
0.475744-0.712752j,-0.435297+0.140871j,0.408389-0.199590j,3.153688
0.476796-0.711937j,-0.435721+0.140936j,0.408519-0.199331j,3.155101
0.477847-0.711120j,-0.436145+0.141001j,0.408649-0.199071j,3.156516
0.478896-0.710302j,-0.436570+0.141067j,0.408778-0.198810j,3.157931
0.479944-0.709482j,-0.436994+0.141134j,0.408906-0.198548j,3.159347
0.480990-0.708661j,-0.437419+0.141201j,0.409034-0.198286j,3.160763
0.482035-0.707838j,-0.437845+0.141269j,0.409160-0.198024j,3.162180
0.483079-0.707014j,-0.438271+0.141337j,0.409286-0.197761j,3.163598
0.484121-0.706188j,-0.438697+0.141406j,0.409412-0.197497j,3.165017
0.485162-0.705361j,-0.439124+0.141475j,0.409536-0.197233j,3.166436
0.486201-0.704532j,-0.439550+0.141545j,0.409660-0.196968j,3.167856
0.487240-0.703701j,-0.439978+0.141616j,0.409783-0.196702j,3.169276
0.488276-0.702869j,-0.440405+0.141687j,0.409905-0.196436j,3.170698
0.489311-0.702036j,-0.440833+0.141759j,0.410027-0.196170j,3.172119
0.490345-0.701201j,-0.441262+0.141831j,0.410148-0.195902j,3.173542
0.491378-0.700365j,-0.441690+0.141904j,0.410268-0.195635j,3.174965
0.492409-0.699527j,-0.442119+0.141977j,0.410387-0.195366j,3.176389
0.493439-0.698687j,-0.442548+0.142051j,0.410506-0.195097j,3.177814
0.494467-0.697846j,-0.442978+0.142126j,0.410624-0.194828j,3.179239
0.495494-0.697004j,-0.443408+0.142201j,0.410741-0.194558j,3.180665
0.496519-0.696160j,-0.443838+0.142277j,0.410857-0.194287j,3.182092
0.497543-0.695314j,-0.444269+0.142354j,0.410973-0.194016j,3.183519
0.498565-0.694467j,-0.444700+0.142431j,0.411088-0.193744j,3.184947
0.499587-0.693619j,-0.445131+0.142508j,0.411202-0.193472j,3.186376
0.500606-0.692769j,-0.445563+0.142586j,0.411315-0.193199j,3.187805
0.501625-0.691917j,-0.445995+0.142665j,0.411428-0.192925j,3.189235
0.502641-0.691064j,-0.446427+0.142745j,0.411540-0.192651j,3.190666
0.503657-0.690210j,-0.446860+0.142825j,0.411651-0.192377j,3.192098
0.504671-0.689354j,-0.447293+0.142905j,0.411762-0.192101j,3.193530
0.505683-0.688497j,-0.447726+0.142987j,0.411872-0.191826j,3.194962
0.506694-0.687638j,-0.448160+0.143069j,0.411981-0.191549j,3.196396
0.507704-0.686777j,-0.448594+0.143151j,0.412089-0.191273j,3.197830
0.508712-0.685916j,-0.449028+0.143234j,0.412197-0.190995j,3.199265
0.509719-0.685052j,-0.449462+0.143318j,0.412304-0.190717j,3.200700
0.510724-0.684188j,-0.449897+0.143402j,0.412410-0.190439j,3.202136
0.511728-0.683322j,-0.450333+0.143487j,0.412515-0.190160j,3.203573
0.512731-0.682454j,-0.450768+0.143573j,0.412620-0.189880j,3.205011
0.513732-0.681585j,-0.451204+0.143659j,0.412724-0.189600j,3.206449
0.514731-0.680714j,-0.451640+0.143746j,0.412827-0.189320j,3.207888
0.515729-0.679842j,-0.452077+0.143833j,0.412930-0.189038j,3.209327
0.516726-0.678969j,-0.452514+0.143921j,0.413032-0.188757j,3.210768
0.517721-0.678094j,-0.452951+0.144010j,0.413133-0.188474j,3.212208
0.518715-0.677218j,-0.453388+0.144099j,0.413233-0.188192j,3.213650
0.519707-0.676340j,-0.453826+0.144189j,0.413333-0.187908j,3.215092
0.520698-0.675461j,-0.454264+0.144280j,0.413432-0.187624j,3.216535
0.521687-0.674580j,-0.454702+0.144371j,0.413530-0.187340j,3.217979
0.522675-0.673698j,-0.455141+0.144463j,0.413627-0.187055j,3.219423
0.523661-0.672814j,-0.455580+0.144555j,0.413724-0.186769j,3.220868
0.524646-0.671929j,-0.456019+0.144648j,0.413820-0.186483j,3.222313
0.525629-0.671043j,-0.456459+0.144742j,0.413915-0.186197j,3.223760
0.526611-0.670155j,-0.456899+0.144837j,0.414010-0.185910j,3.225206
0.527591-0.669266j,-0.457339+0.144932j,0.414104-0.185622j,3.226654
0.528570-0.668375j,-0.457780+0.145027j,0.414197-0.185334j,3.228102
0.529548-0.667483j,-0.458221+0.145124j,0.414289-0.185046j,3.229551
0.530524-0.666589j,-0.458662+0.145221j,0.414381-0.184756j,3.231001
0.531498-0.665695j,-0.459103+0.145318j,0.414472-0.184467j,3.232451
0.532471-0.664798j,-0.459545+0.145417j,0.414562-0.184177j,3.233902
0.533443-0.663901j,-0.459987+0.145515j,0.414652-0.183886j,3.235353
0.534413-0.663001j,-0.460429+0.145615j,0.414741-0.183595j,3.236806
0.535381-0.662101j,-0.460872+0.145715j,0.414829-0.183303j,3.238259
0.536348-0.661199j,-0.461315+0.145816j,0.414916-0.183011j,3.239712
0.537313-0.660296j,-0.461758+0.145918j,0.415003-0.182718j,3.241166
0.538277-0.659391j,-0.462202+0.146020j,0.415089-0.182425j,3.242621
0.539240-0.658485j,-0.462645+0.146123j,0.415174-0.182131j,3.244077
0.540201-0.657577j,-0.463090+0.146226j,0.415259-0.181837j,3.245533
0.541160-0.656668j,-0.463534+0.146330j,0.415343-0.181542j,3.246990
0.542118-0.655758j,-0.463979+0.146435j,0.415426-0.181247j,3.248448
0.543074-0.654846j,-0.464423+0.146541j,0.415508-0.180951j,3.249906
0.544029-0.653933j,-0.464869+0.146647j,0.415590-0.180655j,3.251365
0.544983-0.653019j,-0.465314+0.146754j,0.415671-0.180358j,3.252824
0.545935-0.652103j,-0.465760+0.146861j,0.415752-0.180060j,3.254285
0.546885-0.651186j,-0.466206+0.146970j,0.415831-0.179763j,3.255746
0.547834-0.650267j,-0.466652+0.147079j,0.415910-0.179464j,3.257207
0.548781-0.649347j,-0.467099+0.147188j,0.415988-0.179166j,3.258669
0.549727-0.648426j,-0.467546+0.147298j,0.416066-0.178866j,3.260132
0.550671-0.647503j,-0.467993+0.147409j,0.416143-0.178567j,3.261596
0.551613-0.646579j,-0.468440+0.147521j,0.416219-0.178266j,3.263060
0.552555-0.645654j,-0.468888+0.147633j,0.416294-0.177966j,3.264525
0.553494-0.644727j,-0.469336+0.147746j,0.416369-0.177665j,3.265990
0.554432-0.643799j,-0.469784+0.147860j,0.416443-0.177363j,3.267457
0.555369-0.642869j,-0.470233+0.147974j,0.416516-0.177061j,3.268923
0.556304-0.641939j,-0.470682+0.148089j,0.416589-0.176758j,3.270391
0.557237-0.641006j,-0.471131+0.148205j,0.416660-0.176455j,3.271859
0.558169-0.640073j,-0.471580+0.148321j,0.416732-0.176151j,3.273328
0.559099-0.639138j,-0.472030+0.148438j,0.416802-0.175847j,3.274797
0.560028-0.638202j,-0.472479+0.148556j,0.416872-0.175543j,3.276268
0.560955-0.637264j,-0.472929+0.148675j,0.416941-0.175238j,3.277738
0.561881-0.636325j,-0.473380+0.148794j,0.417009-0.174932j,3.279210
0.562805-0.635385j,-0.473830+0.148914j,0.417077-0.174626j,3.280682
0.563728-0.634444j,-0.474281+0.149034j,0.417144-0.174320j,3.282155
0.564649-0.633501j,-0.474732+0.149155j,0.417210-0.174013j,3.283628
0.565568-0.632557j,-0.475184+0.149277j,0.417276-0.173705j,3.285102
0.566486-0.631611j,-0.475635+0.149400j,0.417341-0.173397j,3.286577
0.567402-0.630665j,-0.476087+0.149523j,0.417405-0.173089j,3.288052
0.568317-0.629716j,-0.476539+0.149647j,0.417468-0.172780j,3.289528
0.569230-0.628767j,-0.476991+0.149772j,0.417531-0.172471j,3.291005
0.570142-0.627816j,-0.477444+0.149898j,0.417593-0.172161j,3.292483
0.571052-0.626864j,-0.477897+0.150024j,0.417655-0.171851j,3.293961
0.571960-0.625911j,-0.478350+0.150151j,0.417716-0.171541j,3.295439
0.572867-0.624956j,-0.478803+0.150279j,0.417776-0.171229j,3.296919
0.573773-0.624000j,-0.479257+0.150407j,0.417835-0.170918j,3.298399
0.574676-0.623043j,-0.479710+0.150536j,0.417894-0.170606j,3.299879
0.575579-0.622085j,-0.480164+0.150666j,0.417952-0.170294j,3.301361
0.576479-0.621125j,-0.480619+0.150796j,0.418009-0.169981j,3.302843
0.577378-0.620164j,-0.481073+0.150927j,0.418066-0.169667j,3.304325
0.578275-0.619201j,-0.481528+0.151059j,0.418122-0.169353j,3.305808
0.579171-0.618237j,-0.481983+0.151192j,0.418177-0.169039j,3.307292
0.580065-0.617272j,-0.482438+0.151325j,0.418231-0.168725j,3.308777
0.580958-0.616306j,-0.482893+0.151460j,0.418285-0.168409j,3.310262
0.581849-0.615339j,-0.483349+0.151594j,0.418339-0.168094j,3.311748
0.582739-0.614370j,-0.483805+0.151730j,0.418391-0.167778j,3.313234
0.583626-0.613400j,-0.484261+0.151866j,0.418443-0.167461j,3.314722
0.584513-0.612428j,-0.484717+0.152003j,0.418494-0.167145j,3.316209
0.585397-0.611456j,-0.485173+0.152141j,0.418545-0.166827j,3.317698
0.586280-0.610482j,-0.485630+0.152279j,0.418594-0.166509j,3.319187
0.587162-0.609507j,-0.486087+0.152419j,0.418643-0.166191j,3.320677
0.588041-0.608530j,-0.486544+0.152559j,0.418692-0.165873j,3.322167
0.588920-0.607553j,-0.487001+0.152699j,0.418740-0.165554j,3.323658
0.589796-0.606574j,-0.487459+0.152841j,0.418787-0.165234j,3.325150
0.590671-0.605594j,-0.487916+0.152983j,0.418833-0.164914j,3.326642
0.591545-0.604612j,-0.488374+0.153126j,0.418879-0.164594j,3.328135
0.592416-0.603630j,-0.488832+0.153270j,0.418924-0.164273j,3.329629
0.593286-0.602646j,-0.489291+0.153414j,0.418968-0.163952j,3.331123
0.594155-0.601661j,-0.489749+0.153559j,0.419012-0.163630j,3.332618
0.595022-0.600674j,-0.490208+0.153705j,0.419055-0.163308j,3.334114
0.595887-0.599687j,-0.490667+0.153852j,0.419097-0.162986j,3.335610
0.596751-0.598698j,-0.491126+0.153999j,0.419139-0.162663j,3.337107
0.597613-0.597708j,-0.491585+0.154147j,0.419180-0.162340j,3.338604
0.598473-0.596716j,-0.492045+0.154296j,0.419221-0.162016j,3.340103
0.599332-0.595724j,-0.492504+0.154446j,0.419260-0.161692j,3.341601
0.600189-0.594730j,-0.492964+0.154596j,0.419299-0.161367j,3.343101
0.601044-0.593735j,-0.493424+0.154747j,0.419338-0.161043j,3.344601
0.601898-0.592739j,-0.493885+0.154899j,0.419375-0.160717j,3.346102
0.602751-0.591742j,-0.494345+0.155052j,0.419412-0.160391j,3.347603
0.603601-0.590743j,-0.494806+0.155205j,0.419449-0.160065j,3.349105
0.604450-0.589743j,-0.495266+0.155359j,0.419484-0.159739j,3.350608
0.605297-0.588742j,-0.495727+0.155514j,0.419519-0.159412j,3.352111
0.606143-0.587740j,-0.496188+0.155670j,0.419554-0.159084j,3.353615
0.606987-0.586737j,-0.496650+0.155826j,0.419587-0.158757j,3.355120
0.607829-0.585732j,-0.497111+0.155983j,0.419621-0.158428j,3.356625
0.608670-0.584726j,-0.497573+0.156141j,0.419653-0.158100j,3.358131
0.609509-0.583719j,-0.498034+0.156300j,0.419685-0.157771j,3.359637
0.610347-0.582711j,-0.498496+0.156460j,0.419716-0.157442j,3.361144
0.611182-0.581702j,-0.498959+0.156620j,0.419746-0.157112j,3.362652
0.612016-0.580691j,-0.499421+0.156781j,0.419776-0.156782j,3.364160
0.612849-0.579679j,-0.499883+0.156943j,0.419805-0.156451j,3.365670
0.613680-0.578666j,-0.500346+0.157105j,0.419833-0.156120j,3.367179
0.614509-0.577652j,-0.500809+0.157269j,0.419861-0.155789j,3.368690
0.615336-0.576637j,-0.501271+0.157433j,0.419888-0.155457j,3.370201
0.616162-0.575621j,-0.501735+0.157598j,0.419915-0.155125j,3.371712
0.616986-0.574603j,-0.502198+0.157763j,0.419940-0.154793j,3.373224
0.617809-0.573584j,-0.502661+0.157930j,0.419966-0.154460j,3.374737
0.618629-0.572564j,-0.503125+0.158097j,0.419990-0.154127j,3.376251
0.619449-0.571543j,-0.503588+0.158265j,0.420014-0.153793j,3.377765
0.620266-0.570521j,-0.504052+0.158434j,0.420037-0.153459j,3.379280
0.621082-0.569497j,-0.504516+0.158603j,0.420060-0.153125j,3.380795
0.621896-0.568473j,-0.504980+0.158774j,0.420082-0.152790j,3.382311
0.622708-0.567447j,-0.505444+0.158945j,0.420103-0.152455j,3.383828
0.623519-0.566420j,-0.505908+0.159117j,0.420123-0.152119j,3.385345
0.624328-0.565392j,-0.506373+0.159289j,0.420143-0.151784j,3.386863
0.625136-0.564363j,-0.506837+0.159463j,0.420163-0.151447j,3.388382
0.625941-0.563333j,-0.507302+0.159637j,0.420181-0.151111j,3.389901
0.626745-0.562302j,-0.507767+0.159812j,0.420199-0.150774j,3.391421
0.627548-0.561269j,-0.508232+0.159988j,0.420217-0.150436j,3.392941
0.628348-0.560235j,-0.508697+0.160165j,0.420233-0.150099j,3.394462
0.629147-0.559201j,-0.509162+0.160342j,0.420249-0.149761j,3.395984
0.629944-0.558165j,-0.509628+0.160520j,0.420265-0.149422j,3.397506
0.630740-0.557128j,-0.510093+0.160699j,0.420280-0.149084j,3.399029
0.631534-0.556089j,-0.510559+0.160879j,0.420294-0.148744j,3.400553
0.632326-0.555050j,-0.511024+0.161060j,0.420307-0.148405j,3.402077
0.633117-0.554010j,-0.511490+0.161241j,0.420320-0.148065j,3.403602
0.633905-0.552968j,-0.511956+0.161423j,0.420332-0.147725j,3.405128
0.634693-0.551926j,-0.512422+0.161606j,0.420344-0.147384j,3.406654
0.635478-0.550882j,-0.512888+0.161790j,0.420355-0.147043j,3.408181
0.636262-0.549837j,-0.513354+0.161975j,0.420365-0.146702j,3.409708
0.637044-0.548791j,-0.513820+0.162160j,0.420375-0.146361j,3.411236
0.637824-0.547744j,-0.514287+0.162346j,0.420384-0.146019j,3.412765
0.638602-0.546696j,-0.514753+0.162533j,0.420392-0.145676j,3.414294
0.639379-0.545647j,-0.515220+0.162721j,0.420400-0.145334j,3.415824
0.640154-0.544597j,-0.515687+0.162909j,0.420407-0.144991j,3.417354
0.640928-0.543545j,-0.516153+0.163099j,0.420414-0.144647j,3.418885
0.641700-0.542493j,-0.516620+0.163289j,0.420420-0.144304j,3.420417
0.642470-0.541439j,-0.517087+0.163480j,0.420425-0.143960j,3.421950
0.643238-0.540385j,-0.517554+0.163672j,0.420429-0.143615j,3.423483
0.644005-0.539329j,-0.518021+0.163864j,0.420433-0.143271j,3.425016
0.644769-0.538272j,-0.518488+0.164058j,0.420437-0.142926j,3.426550
0.645533-0.537214j,-0.518956+0.164252j,0.420439-0.142580j,3.428085
0.646294-0.536155j,-0.519423+0.164447j,0.420442-0.142235j,3.429621
0.647054-0.535095j,-0.519890+0.164643j,0.420443-0.141889j,3.431157
0.647812-0.534034j,-0.520358+0.164839j,0.420444-0.141542j,3.432694
0.648568-0.532972j,-0.520825+0.165037j,0.420444-0.141196j,3.434231
0.649322-0.531909j,-0.521293+0.165235j,0.420444-0.140849j,3.435769
0.650075-0.530845j,-0.521761+0.165434j,0.420443-0.140502j,3.437308
0.650826-0.529780j,-0.522228+0.165634j,0.420441-0.140154j,3.438847
0.651576-0.528714j,-0.522696+0.165835j,0.420439-0.139806j,3.440387
0.652323-0.527646j,-0.523164+0.166036j,0.420436-0.139458j,3.441927
0.653069-0.526578j,-0.523632+0.166239j,0.420432-0.139109j,3.443468
0.653813-0.525508j,-0.524100+0.166442j,0.420428-0.138760j,3.445010
0.654555-0.524438j,-0.524568+0.166646j,0.420423-0.138411j,3.446552
0.655296-0.523367j,-0.525036+0.166851j,0.420418-0.138061j,3.448095
0.656035-0.522294j,-0.525504+0.167056j,0.420412-0.137712j,3.449638
0.656772-0.521220j,-0.525972+0.167263j,0.420405-0.137361j,3.451183
0.657508-0.520146j,-0.526440+0.167470j,0.420398-0.137011j,3.452727
0.658241-0.519070j,-0.526909+0.167678j,0.420390-0.136660j,3.454273
0.658973-0.517994j,-0.527377+0.167887j,0.420382-0.136309j,3.455819
0.659703-0.516916j,-0.527845+0.168096j,0.420373-0.135958j,3.457365
0.660432-0.515838j,-0.528314+0.168307j,0.420363-0.135606j,3.458912
0.661158-0.514758j,-0.528782+0.168518j,0.420353-0.135254j,3.460460
0.661883-0.513677j,-0.529250+0.168730j,0.420342-0.134902j,3.462009
0.662607-0.512596j,-0.529719+0.168943j,0.420330-0.134549j,3.463558
0.663328-0.511513j,-0.530187+0.169157j,0.420318-0.134196j,3.465107
0.664048-0.510429j,-0.530656+0.169372j,0.420305-0.133843j,3.466658
0.664765-0.509345j,-0.531124+0.169587j,0.420292-0.133490j,3.468208
0.665482-0.508259j,-0.531593+0.169804j,0.420278-0.133136j,3.469760
0.666196-0.507172j,-0.532061+0.170021j,0.420263-0.132782j,3.471312
0.666909-0.506085j,-0.532530+0.170239j,0.420248-0.132427j,3.472865
0.667619-0.504996j,-0.532998+0.170457j,0.420232-0.132073j,3.474418
0.668329-0.503907j,-0.533467+0.170677j,0.420216-0.131718j,3.475972
0.669036-0.502816j,-0.533936+0.170897j,0.420199-0.131362j,3.477526
0.669741-0.501725j,-0.534404+0.171119j,0.420181-0.131007j,3.479081
0.670445-0.500632j,-0.534873+0.171341j,0.420163-0.130651j,3.480637
0.671147-0.499539j,-0.535341+0.171564j,0.420144-0.130295j,3.482193
0.671847-0.498444j,-0.535810+0.171787j,0.420125-0.129939j,3.483750
0.672546-0.497349j,-0.536278+0.172012j,0.420105-0.129582j,3.485308
0.673243-0.496252j,-0.536747+0.172237j,0.420084-0.129225j,3.486866
0.673938-0.495155j,-0.537216+0.172464j,0.420063-0.128868j,3.488424
0.674631-0.494057j,-0.537684+0.172691j,0.420041-0.128510j,3.489984
0.675322-0.492958j,-0.538153+0.172918j,0.420019-0.128153j,3.491544
0.676012-0.491857j,-0.538621+0.173147j,0.419996-0.127795j,3.493104
0.676699-0.490756j,-0.539090+0.173377j,0.419972-0.127436j,3.494665
0.677386-0.489654j,-0.539558+0.173607j,0.419948-0.127078j,3.496227
0.678070-0.488551j,-0.540027+0.173838j,0.419923-0.126719j,3.497789
0.678752-0.487447j,-0.540495+0.174070j,0.419898-0.126360j,3.499352
0.679433-0.486342j,-0.540964+0.174303j,0.419872-0.126000j,3.500916
0.680112-0.485236j,-0.541432+0.174537j,0.419845-0.125641j,3.502480
0.680789-0.484130j,-0.541900+0.174772j,0.419818-0.125281j,3.504045
0.681464-0.483022j,-0.542369+0.175007j,0.419790-0.124921j,3.505610
0.682138-0.481913j,-0.542837+0.175243j,0.419762-0.124560j,3.507176
0.682810-0.480804j,-0.543305+0.175480j,0.419733-0.124199j,3.508742
0.683479-0.479693j,-0.543774+0.175718j,0.419703-0.123838j,3.510309
0.684148-0.478582j,-0.544242+0.175957j,0.419673-0.123477j,3.511877
0.684814-0.477470j,-0.544710+0.176196j,0.419642-0.123116j,3.513445
0.685479-0.476356j,-0.545178+0.176437j,0.419611-0.122754j,3.515014
0.686141-0.475242j,-0.545646+0.176678j,0.419579-0.122392j,3.516583
0.686802-0.474127j,-0.546114+0.176920j,0.419546-0.122030j,3.518154
0.687461-0.473011j,-0.546582+0.177163j,0.419513-0.121667j,3.519724
0.688119-0.471895j,-0.547050+0.177407j,0.419480-0.121305j,3.521295
0.688774-0.470777j,-0.547518+0.177651j,0.419445-0.120942j,3.522867
0.689428-0.469658j,-0.547985+0.177897j,0.419411-0.120578j,3.524440
0.690080-0.468539j,-0.548453+0.178143j,0.419375-0.120215j,3.526013
0.690730-0.467418j,-0.548921+0.178390j,0.419339-0.119851j,3.527586
0.691379-0.466297j,-0.549388+0.178638j,0.419303-0.119487j,3.529160
0.692025-0.465175j,-0.549856+0.178887j,0.419265-0.119123j,3.530735
0.692670-0.464052j,-0.550323+0.179137j,0.419228-0.118759j,3.532310
0.693313-0.462928j,-0.550791+0.179387j,0.419189-0.118394j,3.533886
0.693954-0.461803j,-0.551258+0.179638j,0.419150-0.118029j,3.535463
0.694593-0.460678j,-0.551725+0.179891j,0.419111-0.117664j,3.537040
0.695231-0.459551j,-0.552192+0.180144j,0.419071-0.117299j,3.538617
0.695866-0.458424j,-0.552659+0.180397j,0.419030-0.116933j,3.540196
0.696500-0.457296j,-0.553126+0.180652j,0.418989-0.116567j,3.541775
0.697132-0.456167j,-0.553593+0.180908j,0.418947-0.116201j,3.543354
0.697762-0.455037j,-0.554060+0.181164j,0.418905-0.115835j,3.544934
0.698391-0.453906j,-0.554527+0.181421j,0.418862-0.115468j,3.546514
0.699017-0.452774j,-0.554993+0.181679j,0.418818-0.115102j,3.548096
0.699642-0.451642j,-0.555460+0.181938j,0.418774-0.114735j,3.549677
0.700265-0.450508j,-0.555926+0.182198j,0.418730-0.114368j,3.551260
0.700886-0.449374j,-0.556393+0.182458j,0.418684-0.114000j,3.552843
0.701505-0.448239j,-0.556859+0.182720j,0.418638-0.113633j,3.554426
0.702123-0.447103j,-0.557325+0.182982j,0.418592-0.113265j,3.556010
0.702738-0.445967j,-0.557791+0.183245j,0.418545-0.112897j,3.557595
0.703352-0.444829j,-0.558257+0.183509j,0.418498-0.112529j,3.559180
0.703964-0.443691j,-0.558722+0.183774j,0.418450-0.112160j,3.560766
0.704574-0.442552j,-0.559188+0.184039j,0.418401-0.111791j,3.562352
0.705183-0.441412j,-0.559654+0.184306j,0.418352-0.111422j,3.563939
0.705789-0.440271j,-0.560119+0.184573j,0.418302-0.111053j,3.565526
0.706394-0.439129j,-0.560584+0.184841j,0.418252-0.110684j,3.567114
0.706997-0.437987j,-0.561049+0.185110j,0.418201-0.110315j,3.568703
0.707597-0.436844j,-0.561514+0.185380j,0.418149-0.109945j,3.570292
0.708197-0.435700j,-0.561979+0.185650j,0.418097-0.109575j,3.571882
0.708794-0.434555j,-0.562444+0.185922j,0.418045-0.109205j,3.573472
0.709389-0.433409j,-0.562909+0.186194j,0.417991-0.108834j,3.575063
0.709983-0.432263j,-0.563373+0.186467j,0.417938-0.108464j,3.576655
0.710575-0.431115j,-0.563838+0.186741j,0.417883-0.108093j,3.578247
0.711165-0.429967j,-0.564302+0.187016j,0.417829-0.107722j,3.579839
0.711753-0.428819j,-0.564766+0.187292j,0.417773-0.107351j,3.581432
0.712339-0.427669j,-0.565230+0.187568j,0.417717-0.106980j,3.583026
0.712923-0.426519j,-0.565694+0.187846j,0.417661-0.106608j,3.584620
0.713506-0.425368j,-0.566157+0.188124j,0.417604-0.106237j,3.586215
0.714087-0.424216j,-0.566621+0.188403j,0.417546-0.105865j,3.587811
0.714666-0.423063j,-0.567084+0.188683j,0.417488-0.105493j,3.589407
0.715243-0.421909j,-0.567547+0.188963j,0.417429-0.105120j,3.591003
0.715818-0.420755j,-0.568010+0.189245j,0.417370-0.104748j,3.592600
0.716391-0.419600j,-0.568473+0.189527j,0.417310-0.104375j,3.594198
0.716962-0.418444j,-0.568936+0.189810j,0.417250-0.104003j,3.595796
0.717532-0.417288j,-0.569399+0.190094j,0.417189-0.103630j,3.597395
0.718100-0.416131j,-0.569861+0.190379j,0.417127-0.103256j,3.598994
0.718666-0.414973j,-0.570323+0.190665j,0.417065-0.102883j,3.600594
0.719230-0.413814j,-0.570785+0.190952j,0.417002-0.102510j,3.602195
0.719792-0.412654j,-0.571247+0.191239j,0.416939-0.102136j,3.603796
0.720352-0.411494j,-0.571709+0.191527j,0.416876-0.101762j,3.605397
0.720911-0.410333j,-0.572170+0.191816j,0.416811-0.101388j,3.606999
0.721467-0.409171j,-0.572632+0.192106j,0.416746-0.101014j,3.608602
0.722022-0.408009j,-0.573093+0.192397j,0.416681-0.100639j,3.610205
0.722575-0.406846j,-0.573554+0.192689j,0.416615-0.100265j,3.611809
0.723126-0.405682j,-0.574014+0.192981j,0.416549-0.099890j,3.613413
0.723675-0.404517j,-0.574475+0.193274j,0.416482-0.099515j,3.615018
0.724222-0.403352j,-0.574935+0.193568j,0.416414-0.099140j,3.616624
0.724768-0.402185j,-0.575396+0.193863j,0.416346-0.098765j,3.618229
0.725311-0.401019j,-0.575856+0.194159j,0.416278-0.098390j,3.619836
0.725853-0.399851j,-0.576315+0.194456j,0.416209-0.098014j,3.621443
0.726393-0.398683j,-0.576775+0.194753j,0.416139-0.097638j,3.623051
0.726931-0.397514j,-0.577234+0.195051j,0.416069-0.097262j,3.624659
0.727467-0.396344j,-0.577694+0.195350j,0.415998-0.096886j,3.626268
0.728001-0.395174j,-0.578152+0.195650j,0.415927-0.096510j,3.627877
0.728533-0.394003j,-0.578611+0.195951j,0.415855-0.096134j,3.629487
0.729064-0.392831j,-0.579070+0.196252j,0.415782-0.095758j,3.631097
0.729592-0.391658j,-0.579528+0.196555j,0.415709-0.095381j,3.632708
0.730119-0.390485j,-0.579986+0.196858j,0.415636-0.095004j,3.634319
0.730644-0.389311j,-0.580444+0.197162j,0.415562-0.094627j,3.635931
0.731167-0.388137j,-0.580902+0.197467j,0.415487-0.094250j,3.637544
0.731688-0.386962j,-0.581359+0.197773j,0.415412-0.093873j,3.639157
0.732207-0.385786j,-0.581816+0.198079j,0.415337-0.093496j,3.640770
0.732725-0.384609j,-0.582273+0.198387j,0.415261-0.093118j,3.642384
0.733240-0.383432j,-0.582730+0.198695j,0.415184-0.092740j,3.643999
0.733754-0.382254j,-0.583187+0.199004j,0.415107-0.092363j,3.645614
0.734265-0.381076j,-0.583643+0.199314j,0.415029-0.091985j,3.647230
0.734775-0.379896j,-0.584099+0.199624j,0.414951-0.091607j,3.648846
0.735283-0.378716j,-0.584555+0.199936j,0.414872-0.091229j,3.650463
0.735789-0.377536j,-0.585011+0.200248j,0.414793-0.090850j,3.652080
0.736293-0.376355j,-0.585466+0.200561j,0.414713-0.090472j,3.653698
0.736796-0.375173j,-0.585921+0.200875j,0.414632-0.090093j,3.655316
0.737296-0.373990j,-0.586376+0.201190j,0.414552-0.089715j,3.656935
0.737795-0.372807j,-0.586830+0.201506j,0.414470-0.089336j,3.658555
0.738291-0.371623j,-0.587285+0.201822j,0.414388-0.088957j,3.660175
0.738786-0.370439j,-0.587739+0.202139j,0.414306-0.088578j,3.661795
0.739279-0.369254j,-0.588193+0.202458j,0.414223-0.088198j,3.663416
0.739770-0.368068j,-0.588646+0.202776j,0.414139-0.087819j,3.665038
0.740259-0.366882j,-0.589100+0.203096j,0.414055-0.087440j,3.666660
0.740746-0.365695j,-0.589553+0.203417j,0.413970-0.087060j,3.668282
0.741231-0.364507j,-0.590005+0.203738j,0.413885-0.086680j,3.669906
0.741715-0.363319j,-0.590458+0.204060j,0.413800-0.086301j,3.671529
0.742196-0.362130j,-0.590910+0.204383j,0.413714-0.085921j,3.673153
0.742676-0.360941j,-0.591362+0.204707j,0.413627-0.085541j,3.674778
0.743153-0.359751j,-0.591814+0.205032j,0.413540-0.085160j,3.676403
0.743629-0.358560j,-0.592265+0.205357j,0.413452-0.084780j,3.678029
0.744103-0.357369j,-0.592716+0.205683j,0.413364-0.084400j,3.679655
0.744575-0.356177j,-0.593167+0.206010j,0.413275-0.084019j,3.681282
0.745045-0.354985j,-0.593618+0.206338j,0.413186-0.083639j,3.682909
0.745513-0.353791j,-0.594068+0.206667j,0.413096-0.083258j,3.684537
0.745980-0.352598j,-0.594518+0.206996j,0.413006-0.082877j,3.686165
0.746444-0.351404j,-0.594968+0.207327j,0.412915-0.082496j,3.687794
0.746907-0.350209j,-0.595417+0.207658j,0.412824-0.082115j,3.689424
0.747367-0.349013j,-0.595866+0.207990j,0.412732-0.081734j,3.691053
0.747826-0.347817j,-0.596315+0.208323j,0.412640-0.081353j,3.692684
0.748283-0.346621j,-0.596764+0.208656j,0.412547-0.080972j,3.694315
0.748738-0.345424j,-0.597212+0.208990j,0.412453-0.080590j,3.695946
0.749191-0.344226j,-0.597660+0.209326j,0.412360-0.080209j,3.697578
0.749642-0.343027j,-0.598107+0.209662j,0.412265-0.079827j,3.699210
0.750091-0.341829j,-0.598555+0.209998j,0.412170-0.079445j,3.700843
0.750538-0.340629j,-0.599002+0.210336j,0.412075-0.079064j,3.702477
0.750984-0.339429j,-0.599448+0.210674j,0.411979-0.078682j,3.704110
0.751427-0.338229j,-0.599895+0.211013j,0.411883-0.078300j,3.705745
0.751869-0.337027j,-0.600341+0.211353j,0.411786-0.077918j,3.707380
0.752308-0.335826j,-0.600787+0.211694j,0.411688-0.077536j,3.709015
0.752746-0.334624j,-0.601232+0.212036j,0.411590-0.077153j,3.710651
0.753182-0.333421j,-0.601677+0.212378j,0.411492-0.076771j,3.712288
0.753616-0.332217j,-0.602122+0.212721j,0.411393-0.076389j,3.713924
0.754048-0.331014j,-0.602566+0.213065j,0.411293-0.076006j,3.715562
0.754478-0.329809j,-0.603011+0.213410j,0.411193-0.075624j,3.717200
0.754906-0.328604j,-0.603454+0.213756j,0.411093-0.075241j,3.718838
0.755332-0.327399j,-0.603898+0.214102j,0.410992-0.074858j,3.720477
0.755757-0.326193j,-0.604341+0.214449j,0.410891-0.074476j,3.722117
0.756179-0.324986j,-0.604784+0.214797j,0.410789-0.074093j,3.723756
0.756600-0.323779j,-0.605226+0.215146j,0.410686-0.073710j,3.725397
0.757018-0.322572j,-0.605668+0.215496j,0.410583-0.073327j,3.727038
0.757435-0.321364j,-0.606110+0.215846j,0.410480-0.072944j,3.728679
0.757850-0.320155j,-0.606552+0.216197j,0.410376-0.072561j,3.730321
0.758263-0.318946j,-0.606993+0.216549j,0.410271-0.072177j,3.731963
0.758674-0.317736j,-0.607434+0.216902j,0.410166-0.071794j,3.733606
0.759083-0.316526j,-0.607874+0.217255j,0.410061-0.071411j,3.735250
0.759490-0.315316j,-0.608314+0.217609j,0.409955-0.071027j,3.736893
0.759895-0.314105j,-0.608754+0.217964j,0.409848-0.070644j,3.738538
0.760298-0.312893j,-0.609193+0.218320j,0.409742-0.070260j,3.740182
0.760699-0.311681j,-0.609632+0.218677j,0.409634-0.069877j,3.741828
0.761099-0.310468j,-0.610071+0.219034j,0.409526-0.069493j,3.743473
0.761496-0.309255j,-0.610509+0.219392j,0.409418-0.069109j,3.745120
0.761892-0.308042j,-0.610947+0.219751j,0.409309-0.068726j,3.746766
0.762286-0.306828j,-0.611384+0.220111j,0.409199-0.068342j,3.748414
0.762677-0.305613j,-0.611821+0.220472j,0.409089-0.067958j,3.750061
0.763067-0.304398j,-0.612258+0.220833j,0.408979-0.067574j,3.751710
0.763455-0.303183j,-0.612695+0.221195j,0.408868-0.067190j,3.753358
0.763841-0.301967j,-0.613131+0.221558j,0.408757-0.066806j,3.755007
0.764225-0.300751j,-0.613566+0.221922j,0.408645-0.066422j,3.756657
0.764607-0.299534j,-0.614002+0.222286j,0.408533-0.066038j,3.758307
0.764987-0.298317j,-0.614437+0.222651j,0.408420-0.065654j,3.759957
0.765366-0.297099j,-0.614871+0.223017j,0.408307-0.065270j,3.761608
0.765742-0.295881j,-0.615305+0.223384j,0.408193-0.064886j,3.763260
0.766116-0.294662j,-0.615739+0.223751j,0.408078-0.064501j,3.764912
0.766489-0.293443j,-0.616172+0.224120j,0.407964-0.064117j,3.766564
0.766859-0.292223j,-0.616605+0.224489j,0.407848-0.063733j,3.768217
0.767228-0.291003j,-0.617038+0.224858j,0.407733-0.063348j,3.769871
0.767594-0.289783j,-0.617470+0.225229j,0.407616-0.062964j,3.771524
0.767959-0.288562j,-0.617902+0.225600j,0.407500-0.062579j,3.773179
0.768322-0.287341j,-0.618333+0.225972j,0.407382-0.062195j,3.774833
0.768683-0.286119j,-0.618764+0.226345j,0.407265-0.061810j,3.776489
0.769042-0.284897j,-0.619195+0.226719j,0.407147-0.061426j,3.778144
0.769399-0.283674j,-0.619625+0.227093j,0.407028-0.061041j,3.779801
0.769754-0.282451j,-0.620055+0.227468j,0.406909-0.060657j,3.781457
0.770107-0.281228j,-0.620484+0.227844j,0.406789-0.060272j,3.783114
0.770458-0.280004j,-0.620913+0.228221j,0.406669-0.059887j,3.784772
0.770808-0.278780j,-0.621342+0.228598j,0.406549-0.059503j,3.786430
0.771155-0.277555j,-0.621770+0.228977j,0.406428-0.059118j,3.788088
0.771500-0.276330j,-0.622198+0.229355j,0.406306-0.058733j,3.789747
0.771844-0.275105j,-0.622625+0.229735j,0.406184-0.058349j,3.791406
0.772185-0.273879j,-0.623052+0.230116j,0.406062-0.057964j,3.793066
0.772525-0.272653j,-0.623479+0.230497j,0.405939-0.057579j,3.794726
0.772863-0.271426j,-0.623905+0.230879j,0.405815-0.057194j,3.796387
0.773198-0.270199j,-0.624330+0.231261j,0.405691-0.056810j,3.798048
0.773532-0.268972j,-0.624756+0.231645j,0.405567-0.056425j,3.799710
0.773864-0.267744j,-0.625180+0.232029j,0.405442-0.056040j,3.801372
0.774194-0.266516j,-0.625605+0.232414j,0.405317-0.055655j,3.803034
0.774522-0.265287j,-0.626029+0.232799j,0.405191-0.055270j,3.804697
0.774848-0.264059j,-0.626452+0.233186j,0.405065-0.054886j,3.806361
0.775172-0.262829j,-0.626875+0.233573j,0.404938-0.054501j,3.808025
0.775494-0.261600j,-0.627298+0.233961j,0.404811-0.054116j,3.809689
0.775814-0.260370j,-0.627720+0.234349j,0.404683-0.053731j,3.811354
0.776133-0.259139j,-0.628142+0.234739j,0.404555-0.053346j,3.813019
0.776449-0.257909j,-0.628563+0.235129j,0.404427-0.052961j,3.814684
0.776763-0.256677j,-0.628984+0.235520j,0.404298-0.052576j,3.816350
0.777076-0.255446j,-0.629404+0.235911j,0.404168-0.052192j,3.818017
0.777386-0.254214j,-0.629824+0.236304j,0.404038-0.051807j,3.819684
0.777695-0.252982j,-0.630244+0.236697j,0.403908-0.051422j,3.821351
0.778001-0.251750j,-0.630663+0.237090j,0.403777-0.051037j,3.823019
0.778306-0.250517j,-0.631082+0.237485j,0.403645-0.050652j,3.824687
0.778609-0.249284j,-0.631500+0.237880j,0.403514-0.050267j,3.826356
0.778910-0.248050j,-0.631918+0.238276j,0.403381-0.049882j,3.828025
0.779209-0.246816j,-0.632335+0.238673j,0.403249-0.049498j,3.829694
0.779505-0.245582j,-0.632752+0.239070j,0.403115-0.049113j,3.831364
0.779800-0.244348j,-0.633168+0.239468j,0.402982-0.048728j,3.833035
0.780093-0.243113j,-0.633584+0.239867j,0.402847-0.048343j,3.834706
0.780385-0.241878j,-0.633999+0.240266j,0.402713-0.047959j,3.836377
0.780674-0.240643j,-0.634414+0.240667j,0.402578-0.047574j,3.838048
0.780961-0.239407j,-0.634829+0.241068j,0.402442-0.047189j,3.839721
0.781246-0.238171j,-0.635243+0.241469j,0.402306-0.046804j,3.841393
0.781529-0.236935j,-0.635656+0.241872j,0.402170-0.046420j,3.843066
0.781811-0.235698j,-0.636069+0.242275j,0.402033-0.046035j,3.844739
0.782090-0.234461j,-0.636482+0.242679j,0.401895-0.045650j,3.846413
0.782368-0.233224j,-0.636894+0.243083j,0.401758-0.045266j,3.848087
0.782643-0.231986j,-0.637306+0.243489j,0.401619-0.044881j,3.849762
0.782917-0.230748j,-0.637717+0.243895j,0.401481-0.044497j,3.851437
0.783188-0.229510j,-0.638128+0.244301j,0.401341-0.044112j,3.853112
0.783458-0.228272j,-0.638538+0.244709j,0.401202-0.043728j,3.854788
0.783726-0.227033j,-0.638948+0.245117j,0.401062-0.043343j,3.856464
0.783991-0.225794j,-0.639357+0.245526j,0.400921-0.042959j,3.858141
0.784255-0.224555j,-0.639766+0.245935j,0.400780-0.042574j,3.859818
0.784517-0.223315j,-0.640174+0.246345j,0.400639-0.042190j,3.861496
0.784777-0.222076j,-0.640582+0.246756j,0.400497-0.041806j,3.863174
0.785035-0.220836j,-0.640989+0.247168j,0.400354-0.041421j,3.864852
0.785291-0.219595j,-0.641396+0.247580j,0.400212-0.041037j,3.866531
0.785545-0.218355j,-0.641802+0.247993j,0.400068-0.040653j,3.868210
0.785797-0.217114j,-0.642208+0.248407j,0.399925-0.040269j,3.869889
0.786047-0.215873j,-0.642613+0.248821j,0.399781-0.039885j,3.871569
0.786296-0.214631j,-0.643018+0.249236j,0.399636-0.039501j,3.873250
0.786542-0.213390j,-0.643422+0.249652j,0.399491-0.039117j,3.874930
0.786786-0.212148j,-0.643826+0.250068j,0.399345-0.038733j,3.876611
0.787029-0.210906j,-0.644229+0.250486j,0.399199-0.038349j,3.878293
0.787269-0.209664j,-0.644632+0.250903j,0.399053-0.037965j,3.879975
0.787507-0.208421j,-0.645034+0.251322j,0.398906-0.037581j,3.881657
0.787744-0.207178j,-0.645436+0.251741j,0.398759-0.037197j,3.883340
0.787978-0.205935j,-0.645837+0.252161j,0.398611-0.036813j,3.885023
0.788211-0.204692j,-0.646238+0.252582j,0.398463-0.036430j,3.886707
0.788442-0.203449j,-0.646638+0.253003j,0.398314-0.036046j,3.888391
0.788670-0.202205j,-0.647038+0.253425j,0.398165-0.035662j,3.890075
0.788897-0.200961j,-0.647437+0.253847j,0.398016-0.035279j,3.891759
0.789122-0.199717j,-0.647836+0.254271j,0.397866-0.034895j,3.893445
0.789345-0.198473j,-0.648234+0.254695j,0.397716-0.034512j,3.895130
0.789566-0.197228j,-0.648631+0.255119j,0.397565-0.034129j,3.896816
0.789785-0.195983j,-0.649029+0.255544j,0.397414-0.033745j,3.898502
0.790002-0.194738j,-0.649425+0.255970j,0.397262-0.033362j,3.900189
0.790217-0.193493j,-0.649821+0.256397j,0.397110-0.032979j,3.901876
0.790430-0.192248j,-0.650217+0.256824j,0.396957-0.032596j,3.903563
0.790641-0.191002j,-0.650612+0.257252j,0.396804-0.032213j,3.905251
0.790850-0.189757j,-0.651006+0.257681j,0.396651-0.031830j,3.906939
0.791057-0.188511j,-0.651400+0.258110j,0.396497-0.031447j,3.908628
0.791263-0.187265j,-0.651793+0.258540j,0.396343-0.031064j,3.910316
0.791466-0.186018j,-0.652186+0.258971j,0.396188-0.030682j,3.912006
0.791667-0.184772j,-0.652579+0.259402j,0.396033-0.030299j,3.913695
0.791867-0.183525j,-0.652970+0.259834j,0.395877-0.029916j,3.915385
0.792064-0.182279j,-0.653362+0.260267j,0.395721-0.029534j,3.917076
0.792260-0.181032j,-0.653752+0.260700j,0.395565-0.029152j,3.918767
0.792453-0.179784j,-0.654142+0.261134j,0.395408-0.028769j,3.920458
0.792645-0.178537j,-0.654532+0.261568j,0.395250-0.028387j,3.922149
0.792835-0.177290j,-0.654921+0.262004j,0.395093-0.028005j,3.923841
0.793022-0.176042j,-0.655310+0.262440j,0.394934-0.027623j,3.925533
0.793208-0.174794j,-0.655698+0.262876j,0.394776-0.027241j,3.927226
0.793392-0.173546j,-0.656085+0.263313j,0.394617-0.026859j,3.928919
0.793574-0.172298j,-0.656472+0.263751j,0.394457-0.026477j,3.930612
0.793754-0.171050j,-0.656858+0.264189j,0.394297-0.026095j,3.932306
0.793932-0.169802j,-0.657244+0.264629j,0.394137-0.025713j,3.934000
0.794108-0.168553j,-0.657629+0.265068j,0.393976-0.025332j,3.935694
0.794282-0.167305j,-0.658014+0.265509j,0.393815-0.024950j,3.937389
0.794454-0.166056j,-0.658398+0.265950j,0.393653-0.024569j,3.939084
0.794624-0.164807j,-0.658781+0.266391j,0.393491-0.024188j,3.940780
0.794792-0.163558j,-0.659164+0.266834j,0.393329-0.023806j,3.942476
0.794958-0.162309j,-0.659547+0.267277j,0.393166-0.023425j,3.944172
0.795123-0.161060j,-0.659929+0.267720j,0.393003-0.023044j,3.945868
0.795285-0.159810j,-0.660310+0.268164j,0.392839-0.022663j,3.947565
0.795445-0.158561j,-0.660691+0.268609j,0.392675-0.022283j,3.949263
0.795604-0.157311j,-0.661071+0.269054j,0.392510-0.021902j,3.950960
0.795760-0.156061j,-0.661450+0.269501j,0.392345-0.021521j,3.952658
0.795915-0.154812j,-0.661829+0.269947j,0.392180-0.021141j,3.954357
0.796067-0.153562j,-0.662208+0.270395j,0.392014-0.020760j,3.956055
0.796218-0.152312j,-0.662586+0.270842j,0.391848-0.020380j,3.957754
0.796366-0.151061j,-0.662963+0.271291j,0.391681-0.020000j,3.959454
0.796513-0.149811j,-0.663340+0.271740j,0.391514-0.019620j,3.961153
0.796658-0.148561j,-0.663716+0.272190j,0.391346-0.019240j,3.962853
0.796801-0.147311j,-0.664091+0.272640j,0.391178-0.018860j,3.964554
0.796942-0.146060j,-0.664466+0.273091j,0.391010-0.018480j,3.966254
0.797080-0.144810j,-0.664841+0.273543j,0.390841-0.018100j,3.967955
0.797217-0.143559j,-0.665214+0.273995j,0.390672-0.017721j,3.969657
0.797352-0.142308j,-0.665588+0.274448j,0.390502-0.017342j,3.971358
0.797485-0.141057j,-0.665960+0.274902j,0.390332-0.016962j,3.973060
0.797616-0.139807j,-0.666332+0.275356j,0.390162-0.016583j,3.974763
0.797746-0.138556j,-0.666704+0.275810j,0.389991-0.016204j,3.976466
0.797873-0.137305j,-0.667075+0.276266j,0.389820-0.015825j,3.978169
0.797998-0.136054j,-0.667445+0.276722j,0.389648-0.015446j,3.979872
0.798121-0.134803j,-0.667815+0.277178j,0.389476-0.015067j,3.981576
0.798242-0.133551j,-0.668184+0.277635j,0.389304-0.014689j,3.983280
0.798362-0.132300j,-0.668552+0.278093j,0.389131-0.014310j,3.984984
0.798479-0.131049j,-0.668920+0.278551j,0.388957-0.013932j,3.986689
0.798595-0.129798j,-0.669288+0.279010j,0.388784-0.013554j,3.988394
0.798708-0.128546j,-0.669654+0.279470j,0.388610-0.013176j,3.990099
0.798820-0.127295j,-0.670020+0.279930j,0.388435-0.012798j,3.991805
0.798929-0.126044j,-0.670386+0.280390j,0.388260-0.012420j,3.993511
0.799037-0.124792j,-0.670751+0.280852j,0.388085-0.012042j,3.995217
0.799143-0.123541j,-0.671115+0.281313j,0.387909-0.011665j,3.996924
0.799247-0.122289j,-0.671479+0.281776j,0.387733-0.011287j,3.998630
0.799348-0.121038j,-0.671842+0.282239j,0.387556-0.010910j,4.000338
0.799448-0.119786j,-0.672204+0.282702j,0.387379-0.010533j,4.002045
0.799546-0.118535j,-0.672566+0.283167j,0.387202-0.010156j,4.003753
0.799642-0.117283j,-0.672928+0.283631j,0.387024-0.009779j,4.005461
0.799736-0.116031j,-0.673288+0.284097j,0.386846-0.009402j,4.007170
0.799828-0.114780j,-0.673648+0.284563j,0.386667-0.009026j,4.008878
0.799918-0.113528j,-0.674008+0.285029j,0.386488-0.008649j,4.010588
0.800006-0.112277j,-0.674367+0.285496j,0.386309-0.008273j,4.012297
0.800093-0.111025j,-0.674725+0.285964j,0.386129-0.007897j,4.014007
0.800177-0.109773j,-0.675083+0.286432j,0.385949-0.007521j,4.015717
0.800259-0.108522j,-0.675440+0.286901j,0.385768-0.007145j,4.017427
0.800340-0.107270j,-0.675796+0.287370j,0.385587-0.006769j,4.019138
0.800418-0.106019j,-0.676152+0.287840j,0.385406-0.006394j,4.020848
0.800494-0.104767j,-0.676507+0.288311j,0.385224-0.006018j,4.022560
0.800569-0.103516j,-0.676861+0.288782j,0.385042-0.005643j,4.024271
0.800642-0.102264j,-0.677215+0.289253j,0.384859-0.005268j,4.025983
0.800712-0.101013j,-0.677568+0.289726j,0.384676-0.004893j,4.027695
0.800781-0.099761j,-0.677921+0.290198j,0.384493-0.004518j,4.029407
0.800848-0.098510j,-0.678273+0.290672j,0.384309-0.004143j,4.031120
0.800912-0.097258j,-0.678625+0.291146j,0.384125-0.003769j,4.032833
0.800975-0.096007j,-0.678975+0.291620j,0.383940-0.003394j,4.034546
0.801036-0.094756j,-0.679325+0.292095j,0.383755-0.003020j,4.036260
0.801095-0.093504j,-0.679675+0.292570j,0.383570-0.002646j,4.037974
0.801152-0.092253j,-0.680024+0.293047j,0.383384-0.002272j,4.039688
0.801207-0.091002j,-0.680372+0.293523j,0.383198-0.001899j,4.041402
0.801260-0.089751j,-0.680720+0.294000j,0.383012-0.001525j,4.043117
0.801311-0.088500j,-0.681067+0.294478j,0.382825-0.001152j,4.044832
0.801361-0.087249j,-0.681413+0.294956j,0.382637-0.000778j,4.046547
0.801408-0.085998j,-0.681759+0.295435j,0.382450-0.000405j,4.048263
0.801453-0.084747j,-0.682104+0.295914j,0.382262-0.000032j,4.049979
0.801497-0.083496j,-0.682448+0.296394j,0.382073+0.000340j,4.051695
0.801538-0.082245j,-0.682792+0.296875j,0.381884+0.000713j,4.053411
0.801578-0.080995j,-0.683135+0.297356j,0.381695+0.001085j,4.055128
0.801615-0.079744j,-0.683478+0.297837j,0.381505+0.001457j,4.056845
0.801651-0.078494j,-0.683820+0.298319j,0.381315+0.001829j,4.058562
0.801685-0.077243j,-0.684161+0.298802j,0.381125+0.002201j,4.060279
0.801716-0.075993j,-0.684501+0.299285j,0.380934+0.002573j,4.061997
0.801746-0.074742j,-0.684841+0.299769j,0.380743+0.002944j,4.063715
0.801774-0.073492j,-0.685181+0.300253j,0.380551+0.003316j,4.065433
0.801800-0.072242j,-0.685519+0.300738j,0.380359+0.003687j,4.067152
0.801824-0.070992j,-0.685857+0.301223j,0.380167+0.004058j,4.068871
0.801846-0.069742j,-0.686194+0.301708j,0.379974+0.004429j,4.070590
0.801866-0.068493j,-0.686531+0.302195j,0.379781+0.004799j,4.072309
0.801884-0.067243j,-0.686867+0.302682j,0.379588+0.005170j,4.074029
0.801901-0.065993j,-0.687203+0.303169j,0.379394+0.005540j,4.075749
0.801915-0.064744j,-0.687537+0.303657j,0.379200+0.005910j,4.077469
0.801927-0.063495j,-0.687871+0.304145j,0.379005+0.006280j,4.079189
0.801938-0.062245j,-0.688205+0.304634j,0.378810+0.006650j,4.080910
0.801946-0.060996j,-0.688538+0.305123j,0.378614+0.007019j,4.082631
0.801953-0.059747j,-0.688870+0.305613j,0.378419+0.007388j,4.084352
0.801957-0.058498j,-0.689201+0.306104j,0.378223+0.007757j,4.086073
0.801960-0.057250j,-0.689532+0.306594j,0.378026+0.008126j,4.087795
0.801961-0.056001j,-0.689862+0.307086j,0.377829+0.008495j,4.089517
0.801960-0.054753j,-0.690191+0.307578j,0.377632+0.008864j,4.091239
0.801957-0.053504j,-0.690520+0.308070j,0.377434+0.009232j,4.092961
0.801952-0.052256j,-0.690848+0.308563j,0.377236+0.009600j,4.094684
0.801945-0.051008j,-0.691176+0.309057j,0.377038+0.009968j,4.096407
0.801936-0.049760j,-0.691503+0.309551j,0.376839+0.010336j,4.098130
0.801925-0.048512j,-0.691829+0.310045j,0.376640+0.010703j,4.099853
0.801912-0.047265j,-0.692154+0.310540j,0.376440+0.011071j,4.101577
0.801897-0.046017j,-0.692479+0.311035j,0.376241+0.011438j,4.103301
0.801881-0.044770j,-0.692803+0.311531j,0.376040+0.011805j,4.105025
0.801862-0.043523j,-0.693127+0.312028j,0.375840+0.012171j,4.106749
0.801842-0.042276j,-0.693449+0.312525j,0.375639+0.012538j,4.108474
0.801819-0.041029j,-0.693771+0.313022j,0.375437+0.012904j,4.110199
0.801795-0.039783j,-0.694093+0.313520j,0.375236+0.013270j,4.111924
0.801769-0.038536j,-0.694414+0.314018j,0.375033+0.013636j,4.113649
0.801740-0.037290j,-0.694734+0.314517j,0.374831+0.014002j,4.115374
0.801710-0.036044j,-0.695053+0.315016j,0.374628+0.014368j,4.117100
0.801678-0.034798j,-0.695372+0.315516j,0.374425+0.014733j,4.118826
0.801644-0.033552j,-0.695690+0.316017j,0.374221+0.015098j,4.120552
0.801608-0.032307j,-0.696007+0.316517j,0.374017+0.015463j,4.122279
0.801570-0.031062j,-0.696324+0.317019j,0.373813+0.015827j,4.124005
0.801531-0.029817j,-0.696640+0.317520j,0.373608+0.016192j,4.125732
0.801489-0.028572j,-0.696955+0.318023j,0.373403+0.016556j,4.127459
0.801445-0.027327j,-0.697270+0.318525j,0.373198+0.016920j,4.129187
0.801400-0.026082j,-0.697584+0.319028j,0.372992+0.017284j,4.130914
0.801352-0.024838j,-0.697897+0.319532j,0.372786+0.017647j,4.132642
0.801303-0.023594j,-0.698210+0.320036j,0.372580+0.018011j,4.134370
0.801252-0.022350j,-0.698522+0.320541j,0.372373+0.018374j,4.136098
0.801198-0.021106j,-0.698833+0.321046j,0.372166+0.018737j,4.137827
0.801143-0.019863j,-0.699143+0.321551j,0.371958+0.019100j,4.139555
0.801086-0.018620j,-0.699453+0.322057j,0.371750+0.019462j,4.141284
0.801027-0.017377j,-0.699762+0.322564j,0.371542+0.019824j,4.143013
0.800966-0.016134j,-0.700071+0.323071j,0.371333+0.020186j,4.144742
0.800903-0.014891j,-0.700379+0.323578j,0.371124+0.020548j,4.146472
0.800839-0.013649j,-0.700686+0.324086j,0.370915+0.020910j,4.148202
0.800772-0.012407j,-0.700992+0.324594j,0.370705+0.021271j,4.149931
0.800703-0.011165j,-0.701298+0.325103j,0.370495+0.021632j,4.151662
0.800633-0.009924j,-0.701603+0.325612j,0.370285+0.021993j,4.153392
0.800560-0.008682j,-0.701907+0.326121j,0.370074+0.022353j,4.155122
0.800486-0.007441j,-0.702211+0.326631j,0.369863+0.022714j,4.156853
0.800410-0.006200j,-0.702514+0.327142j,0.369651+0.023074j,4.158584
0.800332-0.004960j,-0.702816+0.327653j,0.369440+0.023434j,4.160315
0.800252-0.003719j,-0.703117+0.328164j,0.369227+0.023794j,4.162046
0.800170-0.002479j,-0.703418+0.328676j,0.369015+0.024153j,4.163778
0.800086-0.001240j,-0.703718+0.329188j,0.368802+0.024512j,4.165509
0.800000+0.000000j,-0.704018+0.329701j,0.368589+0.024871j,4.167241
