0.800000+0.000000j,0.236710+2.047222j,-0.317109-1.565346j,0.000000
0.799788+0.000639j,0.236856+2.047018j,-0.316870-1.565531j,0.003077
0.799576+0.001278j,0.237003+2.046813j,-0.316630-1.565716j,0.006154
0.799364+0.001917j,0.237148+2.046609j,-0.316390-1.565901j,0.009230
0.799151+0.002555j,0.237294+2.046405j,-0.316150-1.566087j,0.012307
0.798937+0.003193j,0.237440+2.046201j,-0.315911-1.566273j,0.015384
0.798723+0.003830j,0.237586+2.045997j,-0.315671-1.566458j,0.018460
0.798509+0.004467j,0.237731+2.045793j,-0.315431-1.566645j,0.021537
0.798294+0.005104j,0.237876+2.045589j,-0.315191-1.566831j,0.024613
0.798079+0.005740j,0.238022+2.045386j,-0.314951-1.567018j,0.027690
0.797863+0.006377j,0.238167+2.045182j,-0.314711-1.567204j,0.030766
0.797647+0.007012j,0.238312+2.044979j,-0.314471-1.567391j,0.033843
0.797430+0.007648j,0.238457+2.044776j,-0.314230-1.567579j,0.036919
0.797213+0.008283j,0.238601+2.044573j,-0.313990-1.567766j,0.039996
0.796996+0.008918j,0.238746+2.044369j,-0.313750-1.567954j,0.043072
0.796778+0.009552j,0.238891+2.044166j,-0.313510-1.568141j,0.046149
0.796559+0.010186j,0.239035+2.043964j,-0.313269-1.568329j,0.049225
0.796341+0.010820j,0.239179+2.043761j,-0.313029-1.568518j,0.052301
0.796121+0.011453j,0.239324+2.043558j,-0.312788-1.568706j,0.055378
0.795902+0.012086j,0.239468+2.043356j,-0.312548-1.568895j,0.058454
0.795681+0.012719j,0.239612+2.043153j,-0.312307-1.569083j,0.061530
0.795461+0.013351j,0.239755+2.042951j,-0.312067-1.569272j,0.064607
0.795240+0.013983j,0.239899+2.042749j,-0.311826-1.569462j,0.067683
0.795018+0.014615j,0.240043+2.042547j,-0.311586-1.569651j,0.070759
0.794796+0.015246j,0.240186+2.042345j,-0.311345-1.569841j,0.073835
0.794574+0.015877j,0.240330+2.042143j,-0.311104-1.570031j,0.076911
0.794351+0.016508j,0.240473+2.041941j,-0.310863-1.570221j,0.079988
0.794127+0.017138j,0.240616+2.041739j,-0.310622-1.570411j,0.083064
0.793904+0.017768j,0.240759+2.041538j,-0.310381-1.570601j,0.086140
0.793679+0.018398j,0.240902+2.041336j,-0.310140-1.570792j,0.089216
0.793455+0.019027j,0.241045+2.041135j,-0.309899-1.570983j,0.092292
0.793230+0.019656j,0.241187+2.040933j,-0.309658-1.571174j,0.095368
0.793004+0.020285j,0.241330+2.040732j,-0.309417-1.571365j,0.098444
0.792778+0.020913j,0.241472+2.040531j,-0.309176-1.571557j,0.101520
0.792552+0.021541j,0.241614+2.040330j,-0.308935-1.571748j,0.104596
0.792325+0.022168j,0.241757+2.040129j,-0.308694-1.571940j,0.107672
0.792097+0.022796j,0.241899+2.039929j,-0.308453-1.572132j,0.110748
0.791870+0.023422j,0.242041+2.039728j,-0.308211-1.572325j,0.113824
0.791641+0.024049j,0.242182+2.039527j,-0.307970-1.572517j,0.116900
0.791413+0.024675j,0.242324+2.039327j,-0.307728-1.572710j,0.119976
0.791184+0.025301j,0.242466+2.039127j,-0.307487-1.572903j,0.123051
0.790954+0.025926j,0.242607+2.038927j,-0.307246-1.573096j,0.126127
0.790724+0.026551j,0.242748+2.038726j,-0.307004-1.573289j,0.129203
0.790494+0.027176j,0.242890+2.038526j,-0.306763-1.573483j,0.132279
0.790263+0.027801j,0.243031+2.038326j,-0.306521-1.573676j,0.135355
0.790032+0.028425j,0.243172+2.038127j,-0.306279-1.573870j,0.138430
0.789800+0.029048j,0.243312+2.037927j,-0.306038-1.574064j,0.141506
0.789568+0.029672j,0.243453+2.037727j,-0.305796-1.574258j,0.144582
0.789335+0.030295j,0.243594+2.037528j,-0.305554-1.574453j,0.147658
0.789102+0.030917j,0.243734+2.037329j,-0.305312-1.574648j,0.150733
0.788869+0.031540j,0.243874+2.037129j,-0.305071-1.574843j,0.153809
0.788635+0.032161j,0.244015+2.036930j,-0.304829-1.575038j,0.156885
0.788401+0.032783j,0.244155+2.036731j,-0.304587-1.575233j,0.159960
0.788166+0.033404j,0.244295+2.036532j,-0.304345-1.575428j,0.163036
0.787931+0.034025j,0.244435+2.036333j,-0.304103-1.575624j,0.166112
0.787695+0.034646j,0.244574+2.036134j,-0.303861-1.575820j,0.169187
0.787459+0.035266j,0.244714+2.035936j,-0.303619-1.576016j,0.172263
0.787222+0.035886j,0.244853+2.035737j,-0.303377-1.576212j,0.175338
0.786986+0.036505j,0.244993+2.035539j,-0.303134-1.576409j,0.178414
0.786748+0.037124j,0.245132+2.035340j,-0.302892-1.576605j,0.181489
0.786510+0.037743j,0.245271+2.035142j,-0.302650-1.576802j,0.184565
0.786272+0.038362j,0.245410+2.034944j,-0.302408-1.576999j,0.187641
0.786033+0.038980j,0.245549+2.034746j,-0.302165-1.577197j,0.190716
0.785794+0.039597j,0.245687+2.034548j,-0.301923-1.577394j,0.193792
0.785555+0.040215j,0.245826+2.034350j,-0.301681-1.577592j,0.196867
0.785315+0.040832j,0.245964+2.034153j,-0.301438-1.577790j,0.199942
0.785075+0.041448j,0.246103+2.033955j,-0.301196-1.577988j,0.203018
0.784834+0.042065j,0.246241+2.033758j,-0.300953-1.578186j,0.206093
0.784593+0.042681j,0.246379+2.033560j,-0.300711-1.578384j,0.209169
0.784351+0.043296j,0.246517+2.033363j,-0.300468-1.578583j,0.212244
0.784109+0.043911j,0.246655+2.033166j,-0.300226-1.578782j,0.215320
0.783866+0.044526j,0.246793+2.032969j,-0.299983-1.578981j,0.218395
0.783623+0.045141j,0.246930+2.032772j,-0.299740-1.579180j,0.221470
0.783380+0.045755j,0.247068+2.032575j,-0.299498-1.579380j,0.224546
0.783136+0.046369j,0.247205+2.032378j,-0.299255-1.579579j,0.227621
0.782892+0.046982j,0.247342+2.032181j,-0.299012-1.579779j,0.230696
0.782647+0.047595j,0.247479+2.031985j,-0.298770-1.579979j,0.233772
0.782402+0.048208j,0.247616+2.031788j,-0.298527-1.580179j,0.236847
0.782157+0.048820j,0.247753+2.031592j,-0.298284-1.580380j,0.239922
0.781911+0.049432j,0.247890+2.031396j,-0.298041-1.580580j,0.242998
0.781664+0.050044j,0.248026+2.031200j,-0.297798-1.580781j,0.246073
0.781418+0.050655j,0.248162+2.031004j,-0.297555-1.580982j,0.249148
0.781170+0.051266j,0.248299+2.030808j,-0.297312-1.581183j,0.252224
0.780923+0.051877j,0.248435+2.030612j,-0.297069-1.581385j,0.255299
0.780675+0.052487j,0.248571+2.030416j,-0.296826-1.581586j,0.258374
0.780426+0.053097j,0.248707+2.030220j,-0.296583-1.581788j,0.261449
0.780177+0.053706j,0.248843+2.030025j,-0.296340-1.581990j,0.264525
0.779928+0.054316j,0.248978+2.029830j,-0.296097-1.582192j,0.267600
0.779678+0.054924j,0.249114+2.029634j,-0.295853-1.582394j,0.270675
0.779428+0.055533j,0.249249+2.029439j,-0.295610-1.582597j,0.273750
0.779178+0.056141j,0.249384+2.029244j,-0.295367-1.582800j,0.276826
0.778927+0.056748j,0.249519+2.029049j,-0.295124-1.583003j,0.279901
0.778675+0.057356j,0.249654+2.028854j,-0.294880-1.583206j,0.282976
0.778423+0.057963j,0.249789+2.028659j,-0.294637-1.583409j,0.286051
0.778171+0.058569j,0.249924+2.028465j,-0.294394-1.583612j,0.289126
0.777919+0.059176j,0.250059+2.028270j,-0.294150-1.583816j,0.292201
0.777666+0.059781j,0.250193+2.028075j,-0.293907-1.584020j,0.295277
0.777412+0.060387j,0.250327+2.027881j,-0.293664-1.584224j,0.298352
0.777158+0.060992j,0.250462+2.027687j,-0.293420-1.584428j,0.301427
0.776904+0.061597j,0.250596+2.027493j,-0.293177-1.584633j,0.304502
0.776649+0.062201j,0.250730+2.027299j,-0.292933-1.584838j,0.307577
0.776394+0.062805j,0.250863+2.027105j,-0.292689-1.585042j,0.310652
0.776138+0.063409j,0.250997+2.026911j,-0.292446-1.585247j,0.313728
0.775882+0.064013j,0.251131+2.026717j,-0.292202-1.585453j,0.316803
0.775626+0.064616j,0.251264+2.026523j,-0.291959-1.585658j,0.319878
0.775369+0.065218j,0.251397+2.026330j,-0.291715-1.585864j,0.322953
0.775112+0.065820j,0.251530+2.026136j,-0.291471-1.586070j,0.326028
0.774854+0.066422j,0.251663+2.025943j,-0.291227-1.586275j,0.329103
0.774596+0.067024j,0.251796+2.025750j,-0.290984-1.586482j,0.332178
0.774338+0.067625j,0.251929+2.025557j,-0.290740-1.586688j,0.335254
0.774079+0.068226j,0.252061+2.025364j,-0.290496-1.586895j,0.338329
0.773820+0.068826j,0.252194+2.025171j,-0.290252-1.587101j,0.341404
0.773560+0.069426j,0.252326+2.024978j,-0.290008-1.587308j,0.344479
0.773300+0.070026j,0.252458+2.024785j,-0.289764-1.587515j,0.347554
0.773039+0.070625j,0.252590+2.024593j,-0.289521-1.587723j,0.350629
0.772778+0.071224j,0.252722+2.024400j,-0.289277-1.587930j,0.353704
0.772517+0.071823j,0.252854+2.024208j,-0.289033-1.588138j,0.356779
0.772255+0.072421j,0.252986+2.024015j,-0.288789-1.588346j,0.359854
0.771993+0.073019j,0.253117+2.023823j,-0.288545-1.588554j,0.362930
0.771730+0.073616j,0.253249+2.023631j,-0.288301-1.588762j,0.366005
0.771467+0.074213j,0.253380+2.023439j,-0.288056-1.588971j,0.369080
0.771204+0.074810j,0.253511+2.023247j,-0.287812-1.589179j,0.372155
0.770940+0.075407j,0.253642+2.023055j,-0.287568-1.589388j,0.375230
0.770676+0.076003j,0.253773+2.022864j,-0.287324-1.589597j,0.378305
0.770412+0.076598j,0.253903+2.022672j,-0.287080-1.589806j,0.381380
0.770146+0.077194j,0.254034+2.022480j,-0.286836-1.590016j,0.384455
0.769881+0.077788j,0.254164+2.022289j,-0.286592-1.590225j,0.387530
0.769615+0.078383j,0.254295+2.022098j,-0.286347-1.590435j,0.390605
0.769349+0.078977j,0.254425+2.021907j,-0.286103-1.590645j,0.393681
0.769082+0.079571j,0.254555+2.021716j,-0.285859-1.590855j,0.396756
0.768815+0.080164j,0.254684+2.021525j,-0.285614-1.591066j,0.399831
0.768548+0.080757j,0.254814+2.021334j,-0.285370-1.591276j,0.402906
0.768280+0.081350j,0.254944+2.021143j,-0.285126-1.591487j,0.405981
0.768012+0.081942j,0.255073+2.020952j,-0.284881-1.591698j,0.409056
0.767743+0.082534j,0.255202+2.020762j,-0.284637-1.591909j,0.412131
0.767474+0.083126j,0.255332+2.020571j,-0.284393-1.592120j,0.415206
0.767205+0.083717j,0.255461+2.020381j,-0.284148-1.592331j,0.418282
0.766935+0.084308j,0.255590+2.020191j,-0.283904-1.592543j,0.421357
0.766665+0.084898j,0.255718+2.020000j,-0.283659-1.592755j,0.424432
0.766394+0.085489j,0.255847+2.019810j,-0.283415-1.592967j,0.427507
0.766123+0.086078j,0.255975+2.019620j,-0.283170-1.593179j,0.430582
0.765851+0.086668j,0.256104+2.019430j,-0.282926-1.593391j,0.433657
0.765580+0.087257j,0.256232+2.019241j,-0.282681-1.593604j,0.436732
0.765307+0.087845j,0.256360+2.019051j,-0.282436-1.593817j,0.439808
0.765035+0.088433j,0.256488+2.018862j,-0.282192-1.594030j,0.442883
0.764762+0.089021j,0.256615+2.018672j,-0.281947-1.594243j,0.445958
0.764488+0.089609j,0.256743+2.018483j,-0.281703-1.594456j,0.449033
0.764214+0.090196j,0.256870+2.018293j,-0.281458-1.594669j,0.452108
0.763940+0.090783j,0.256998+2.018104j,-0.281213-1.594883j,0.455183
0.763666+0.091369j,0.257125+2.017915j,-0.280969-1.595097j,0.458259
0.763391+0.091955j,0.257252+2.017726j,-0.280724-1.595311j,0.461334
0.763115+0.092540j,0.257379+2.017537j,-0.280479-1.595525j,0.464409
0.762839+0.093126j,0.257506+2.017349j,-0.280234-1.595740j,0.467484
0.762563+0.093711j,0.257632+2.017160j,-0.279990-1.595954j,0.470559
0.762286+0.094295j,0.257759+2.016972j,-0.279745-1.596169j,0.473635
0.762009+0.094879j,0.257885+2.016783j,-0.279500-1.596384j,0.476710
0.761732+0.095463j,0.258011+2.016595j,-0.279255-1.596599j,0.479785
0.761454+0.096046j,0.258137+2.016407j,-0.279010-1.596814j,0.482860
0.761176+0.096629j,0.258263+2.016218j,-0.278765-1.597030j,0.485936
0.760898+0.097212j,0.258389+2.016030j,-0.278520-1.597245j,0.489011
0.760619+0.097794j,0.258514+2.015842j,-0.278276-1.597461j,0.492086
0.760339+0.098376j,0.258640+2.015655j,-0.278031-1.597677j,0.495161
0.760059+0.098957j,0.258765+2.015467j,-0.277786-1.597893j,0.498237
0.759779+0.099538j,0.258890+2.015279j,-0.277541-1.598110j,0.501312
0.759499+0.100119j,0.259015+2.015092j,-0.277296-1.598326j,0.504387
0.759218+0.100699j,0.259140+2.014904j,-0.277051-1.598543j,0.507463
0.758937+0.101279j,0.259265+2.014717j,-0.276806-1.598760j,0.510538
0.758655+0.101859j,0.259390+2.014530j,-0.276561-1.598977j,0.513613
0.758373+0.102438j,0.259514+2.014343j,-0.276316-1.599195j,0.516689
0.758090+0.103017j,0.259638+2.014156j,-0.276071-1.599412j,0.519764
0.757807+0.103595j,0.259762+2.013969j,-0.275826-1.599630j,0.522839
0.757524+0.104174j,0.259886+2.013782j,-0.275581-1.599847j,0.525915
0.757241+0.104751j,0.260010+2.013595j,-0.275336-1.600065j,0.528990
0.756957+0.105329j,0.260134+2.013408j,-0.275090-1.600284j,0.532066
0.756672+0.105905j,0.260258+2.013222j,-0.274845-1.600502j,0.535141
0.756387+0.106482j,0.260381+2.013036j,-0.274600-1.600721j,0.538216
0.756102+0.107058j,0.260504+2.012849j,-0.274355-1.600939j,0.541292
0.755817+0.107634j,0.260627+2.012663j,-0.274110-1.601158j,0.544367
0.755531+0.108209j,0.260750+2.012477j,-0.273865-1.601377j,0.547443
0.755244+0.108784j,0.260873+2.012291j,-0.273619-1.601597j,0.550518
0.754958+0.109359j,0.260996+2.012105j,-0.273374-1.601816j,0.553594
0.754671+0.109933j,0.261118+2.011919j,-0.273129-1.602036j,0.556669
0.754383+0.110507j,0.261241+2.011733j,-0.272884-1.602255j,0.559745
0.754095+0.111081j,0.261363+2.011548j,-0.272639-1.602475j,0.562820
0.753807+0.111654j,0.261485+2.011362j,-0.272393-1.602696j,0.565896
0.753518+0.112227j,0.261607+2.011177j,-0.272148-1.602916j,0.568971
0.753229+0.112799j,0.261729+2.010991j,-0.271903-1.603136j,0.572047
0.752940+0.113371j,0.261850+2.010806j,-0.271657-1.603357j,0.575122
0.752650+0.113942j,0.261972+2.010621j,-0.271412-1.603578j,0.578198
0.752360+0.114514j,0.262093+2.010436j,-0.271167-1.603799j,0.581274
0.752069+0.115085j,0.262214+2.010251j,-0.270921-1.604020j,0.584349
0.751779+0.115655j,0.262335+2.010066j,-0.270676-1.604242j,0.587425
0.751487+0.116225j,0.262456+2.009882j,-0.270431-1.604463j,0.590501
0.751196+0.116795j,0.262577+2.009697j,-0.270185-1.604685j,0.593576
0.750904+0.117364j,0.262697+2.009512j,-0.269940-1.604907j,0.596652
0.750611+0.117933j,0.262818+2.009328j,-0.269695-1.605129j,0.599728
0.750318+0.118501j,0.262938+2.009144j,-0.269449-1.605351j,0.602803
0.750025+0.119070j,0.263058+2.008959j,-0.269204-1.605574j,0.605879
0.749732+0.119637j,0.263178+2.008775j,-0.268958-1.605796j,0.608955
0.749438+0.120205j,0.263298+2.008591j,-0.268713-1.606019j,0.612031
0.749143+0.120772j,0.263417+2.008407j,-0.268468-1.606242j,0.615106
0.748849+0.121338j,0.263537+2.008223j,-0.268222-1.606465j,0.618182
0.748554+0.121904j,0.263656+2.008040j,-0.267977-1.606688j,0.621258
0.748258+0.122470j,0.263775+2.007856j,-0.267731-1.606912j,0.624334
0.747962+0.123036j,0.263895+2.007673j,-0.267486-1.607136j,0.627410
0.747666+0.123601j,0.264013+2.007489j,-0.267240-1.607359j,0.630486
0.747370+0.124165j,0.264132+2.007306j,-0.266995-1.607584j,0.633562
0.747073+0.124730j,0.264251+2.007122j,-0.266749-1.607808j,0.636637
0.746776+0.125294j,0.264369+2.006939j,-0.266504-1.608032j,0.639713
0.746478+0.125857j,0.264487+2.006756j,-0.266258-1.608257j,0.642789
0.746180+0.126420j,0.264606+2.006573j,-0.266013-1.608481j,0.645865
0.745881+0.126983j,0.264723+2.006390j,-0.265767-1.608706j,0.648941
0.745583+0.127545j,0.264841+2.006208j,-0.265521-1.608931j,0.652017
0.745284+0.128107j,0.264959+2.006025j,-0.265276-1.609156j,0.655093
0.744984+0.128669j,0.265076+2.005842j,-0.265030-1.609382j,0.658169
0.744684+0.129230j,0.265194+2.005660j,-0.264785-1.609607j,0.661245
0.744384+0.129791j,0.265311+2.005478j,-0.264539-1.609833j,0.664322
0.744083+0.130351j,0.265428+2.005295j,-0.264294-1.610059j,0.667398
0.743782+0.130911j,0.265545+2.005113j,-0.264048-1.610285j,0.670474
0.743481+0.131471j,0.265662+2.004931j,-0.263802-1.610511j,0.673550
0.743179+0.132030j,0.265778+2.004749j,-0.263557-1.610738j,0.676626
0.742877+0.132589j,0.265895+2.004567j,-0.263311-1.610964j,0.679702
0.742575+0.133148j,0.266011+2.004386j,-0.263066-1.611191j,0.682779
0.742272+0.133706j,0.266127+2.004204j,-0.262820-1.611418j,0.685855
0.741969+0.134263j,0.266243+2.004022j,-0.262574-1.611645j,0.688931
0.741665+0.134821j,0.266359+2.003841j,-0.262329-1.611873j,0.692007
0.741361+0.135377j,0.266474+2.003659j,-0.262083-1.612100j,0.695084
0.741057+0.135934j,0.266590+2.003478j,-0.261837-1.612328j,0.698160
0.740752+0.136490j,0.266705+2.003297j,-0.261592-1.612555j,0.701236
0.740447+0.137046j,0.266820+2.003116j,-0.261346-1.612783j,0.704313
0.740142+0.137601j,0.266935+2.002935j,-0.261100-1.613012j,0.707389
0.739836+0.138156j,0.267050+2.002754j,-0.260855-1.613240j,0.710466
0.739530+0.138711j,0.267164+2.002573j,-0.260609-1.613468j,0.713542
0.739223+0.139265j,0.267279+2.002392j,-0.260363-1.613697j,0.716618
0.738917+0.139819j,0.267393+2.002212j,-0.260118-1.613926j,0.719695
0.738609+0.140372j,0.267508+2.002031j,-0.259872-1.614155j,0.722771
0.738302+0.140925j,0.267622+2.001851j,-0.259626-1.614384j,0.725848
0.737994+0.141478j,0.267735+2.001670j,-0.259380-1.614613j,0.728925
0.737686+0.142030j,0.267849+2.001490j,-0.259135-1.614843j,0.732001
0.737377+0.142582j,0.267963+2.001310j,-0.258889-1.615072j,0.735078
0.737068+0.143133j,0.268076+2.001130j,-0.258643-1.615302j,0.738154
0.736759+0.143684j,0.268189+2.000950j,-0.258398-1.615532j,0.741231
0.736449+0.144235j,0.268302+2.000770j,-0.258152-1.615762j,0.744308
0.736139+0.144785j,0.268415+2.000591j,-0.257906-1.615993j,0.747384
0.735829+0.145335j,0.268528+2.000411j,-0.257660-1.616223j,0.750461
0.735518+0.145884j,0.268641+2.000231j,-0.257415-1.616454j,0.753538
0.735207+0.146433j,0.268753+2.000052j,-0.257169-1.616685j,0.756615
0.734895+0.146982j,0.268865+1.999873j,-0.256923-1.616916j,0.759692
0.734583+0.147530j,0.268977+1.999693j,-0.256677-1.617147j,0.762768
0.734271+0.148078j,0.269089+1.999514j,-0.256432-1.617378j,0.765845
0.733958+0.148626j,0.269201+1.999335j,-0.256186-1.617610j,0.768922
0.733646+0.149173j,0.269313+1.999156j,-0.255940-1.617841j,0.771999
0.733332+0.149720j,0.269424+1.998977j,-0.255694-1.618073j,0.775076
0.733019+0.150266j,0.269535+1.998798j,-0.255449-1.618305j,0.778153
0.732705+0.150812j,0.269646+1.998620j,-0.255203-1.618537j,0.781230
0.732390+0.151357j,0.269757+1.998441j,-0.254957-1.618770j,0.784307
0.732076+0.151902j,0.269868+1.998263j,-0.254711-1.619002j,0.787384
0.731761+0.152447j,0.269979+1.998084j,-0.254466-1.619235j,0.790461
0.731445+0.152992j,0.270089+1.997906j,-0.254220-1.619468j,0.793539
0.731130+0.153535j,0.270199+1.997728j,-0.253974-1.619701j,0.796616
0.730813+0.154079j,0.270310+1.997549j,-0.253728-1.619934j,0.799693
0.730497+0.154622j,0.270420+1.997371j,-0.253483-1.620167j,0.802770
0.730180+0.155165j,0.270529+1.997193j,-0.253237-1.620400j,0.805847
0.729863+0.155707j,0.270639+1.997016j,-0.252991-1.620634j,0.808925
0.729546+0.156249j,0.270748+1.996838j,-0.252745-1.620868j,0.812002
0.729228+0.156791j,0.270858+1.996660j,-0.252499-1.621102j,0.815079
0.728910+0.157332j,0.270967+1.996483j,-0.252254-1.621336j,0.818157
0.728591+0.157873j,0.271076+1.996305j,-0.252008-1.621570j,0.821234
0.728272+0.158413j,0.271185+1.996128j,-0.251762-1.621805j,0.824312
0.727953+0.158953j,0.271293+1.995951j,-0.251516-1.622039j,0.827389
0.727633+0.159493j,0.271402+1.995773j,-0.251271-1.622274j,0.830467
0.727313+0.160032j,0.271510+1.995596j,-0.251025-1.622509j,0.833544
0.726993+0.160570j,0.271618+1.995419j,-0.250779-1.622744j,0.836622
0.726673+0.161109j,0.271726+1.995242j,-0.250533-1.622979j,0.839699
0.726352+0.161647j,0.271834+1.995066j,-0.250287-1.623215j,0.842777
0.726030+0.162184j,0.271941+1.994889j,-0.250042-1.623450j,0.845855
0.725709+0.162722j,0.272049+1.994712j,-0.249796-1.623686j,0.848932
0.725387+0.163258j,0.272156+1.994536j,-0.249550-1.623922j,0.852010
0.725064+0.163795j,0.272263+1.994359j,-0.249304-1.624158j,0.855088
0.724742+0.164331j,0.272370+1.994183j,-0.249059-1.624394j,0.858165
0.724419+0.164866j,0.272477+1.994007j,-0.248813-1.624631j,0.861243
0.724095+0.165401j,0.272584+1.993831j,-0.248567-1.624867j,0.864321
0.723771+0.165936j,0.272690+1.993655j,-0.248321-1.625104j,0.867399
0.723447+0.166471j,0.272796+1.993479j,-0.248076-1.625341j,0.870477
0.723123+0.167005j,0.272903+1.993303j,-0.247830-1.625578j,0.873555
0.722798+0.167538j,0.273008+1.993127j,-0.247584-1.625815j,0.876633
0.722473+0.168071j,0.273114+1.992951j,-0.247338-1.626053j,0.879711
0.722148+0.168604j,0.273220+1.992776j,-0.247093-1.626290j,0.882789
0.721822+0.169137j,0.273325+1.992600j,-0.246847-1.626528j,0.885867
0.721496+0.169668j,0.273430+1.992425j,-0.246601-1.626766j,0.888945
0.721170+0.170200j,0.273536+1.992249j,-0.246355-1.627004j,0.892023
0.720843+0.170731j,0.273640+1.992074j,-0.246110-1.627242j,0.895102
0.720516+0.171262j,0.273745+1.991899j,-0.245864-1.627480j,0.898180
0.720188+0.171792j,0.273850+1.991724j,-0.245618-1.627719j,0.901258
0.719860+0.172322j,0.273954+1.991549j,-0.245373-1.627957j,0.904336
0.719532+0.172852j,0.274058+1.991374j,-0.245127-1.628196j,0.907415
0.719204+0.173381j,0.274162+1.991200j,-0.244881-1.628435j,0.910493
0.718875+0.173910j,0.274266+1.991025j,-0.244635-1.628674j,0.913572
0.718546+0.174438j,0.274370+1.990850j,-0.244390-1.628913j,0.916650
0.718216+0.174966j,0.274474+1.990676j,-0.244144-1.629153j,0.919729
0.717887+0.175494j,0.274577+1.990501j,-0.243898-1.629393j,0.922807
0.717557+0.176021j,0.274680+1.990327j,-0.243653-1.629632j,0.925886
0.717226+0.176548j,0.274783+1.990153j,-0.243407-1.629872j,0.928964
0.716895+0.177074j,0.274886+1.989979j,-0.243161-1.630112j,0.932043
0.716564+0.177600j,0.274989+1.989805j,-0.242916-1.630352j,0.935122
0.716233+0.178125j,0.275091+1.989631j,-0.242670-1.630593j,0.938200
0.715901+0.178651j,0.275193+1.989457j,-0.242424-1.630833j,0.941279
0.715569+0.179175j,0.275296+1.989283j,-0.242179-1.631074j,0.944358
0.715236+0.179700j,0.275398+1.989110j,-0.241933-1.631315j,0.947437
0.714904+0.180224j,0.275499+1.988936j,-0.241687-1.631556j,0.950516
0.714570+0.180747j,0.275601+1.988763j,-0.241442-1.631797j,0.953595
0.714237+0.181270j,0.275702+1.988589j,-0.241196-1.632038j,0.956674
0.713903+0.181793j,0.275804+1.988416j,-0.240950-1.632280j,0.959753
0.713569+0.182315j,0.275905+1.988243j,-0.240705-1.632521j,0.962832
0.713235+0.182837j,0.276006+1.988070j,-0.240459-1.632763j,0.965911
0.712900+0.183359j,0.276106+1.987897j,-0.240213-1.633005j,0.968990
0.712565+0.183880j,0.276207+1.987724j,-0.239968-1.633247j,0.972069
0.712229+0.184400j,0.276307+1.987551j,-0.239722-1.633489j,0.975148
0.711894+0.184921j,0.276408+1.987378j,-0.239477-1.633732j,0.978227
0.711558+0.185440j,0.276508+1.987205j,-0.239231-1.633974j,0.981307
0.711221+0.185960j,0.276607+1.987033j,-0.238985-1.634217j,0.984386
0.710884+0.186479j,0.276707+1.986860j,-0.238740-1.634460j,0.987465
0.710547+0.186998j,0.276807+1.986688j,-0.238494-1.634703j,0.990545
0.710210+0.187516j,0.276906+1.986516j,-0.238249-1.634946j,0.993624
0.709872+0.188034j,0.277005+1.986343j,-0.238003-1.635190j,0.996704
0.709534+0.188551j,0.277104+1.986171j,-0.237758-1.635433j,0.999783
0.709196+0.189068j,0.277203+1.985999j,-0.237512-1.635677j,1.002863
0.708857+0.189585j,0.277301+1.985827j,-0.237267-1.635920j,1.005942
0.708518+0.190101j,0.277400+1.985655j,-0.237021-1.636164j,1.009022
0.708179+0.190617j,0.277498+1.985484j,-0.236776-1.636408j,1.012102
0.707839+0.191132j,0.277596+1.985312j,-0.236530-1.636653j,1.015182
0.707499+0.191647j,0.277694+1.985140j,-0.236285-1.636897j,1.018261
0.707159+0.192162j,0.277792+1.984969j,-0.236039-1.637142j,1.021341
0.706818+0.192676j,0.277889+1.984797j,-0.235794-1.637386j,1.024421
0.706477+0.193190j,0.277987+1.984626j,-0.235548-1.637631j,1.027501
0.706136+0.193703j,0.278084+1.984455j,-0.235303-1.637876j,1.030581
0.705795+0.194216j,0.278181+1.984284j,-0.235057-1.638121j,1.033661
0.705453+0.194728j,0.278278+1.984113j,-0.234812-1.638367j,1.036741
0.705111+0.195241j,0.278374+1.983942j,-0.234566-1.638612j,1.039821
0.704768+0.195752j,0.278471+1.983771j,-0.234321-1.638858j,1.042901
0.704425+0.196264j,0.278567+1.983600j,-0.234075-1.639104j,1.045981
0.704082+0.196775j,0.278663+1.983429j,-0.233830-1.639349j,1.049062
0.703739+0.197285j,0.278759+1.983259j,-0.233585-1.639596j,1.052142
0.703395+0.197795j,0.278855+1.983088j,-0.233339-1.639842j,1.055222
0.703051+0.198305j,0.278950+1.982918j,-0.233094-1.640088j,1.058303
0.702706+0.198814j,0.279045+1.982748j,-0.232848-1.640335j,1.061383
0.702361+0.199323j,0.279141+1.982577j,-0.232603-1.640581j,1.064463
0.702016+0.199831j,0.279236+1.982407j,-0.232358-1.640828j,1.067544
0.701671+0.200339j,0.279330+1.982237j,-0.232112-1.641075j,1.070625
0.701325+0.200847j,0.279425+1.982067j,-0.231867-1.641322j,1.073705
0.700979+0.201354j,0.279519+1.981897j,-0.231622-1.641569j,1.076786
0.700633+0.201861j,0.279614+1.981727j,-0.231376-1.641817j,1.079866
0.700286+0.202367j,0.279708+1.981558j,-0.231131-1.642064j,1.082947
0.699939+0.202873j,0.279802+1.981388j,-0.230886-1.642312j,1.086028
0.699592+0.203379j,0.279895+1.981218j,-0.230640-1.642560j,1.089109
0.699245+0.203884j,0.279989+1.981049j,-0.230395-1.642808j,1.092190
0.698897+0.204389j,0.280082+1.980879j,-0.230150-1.643056j,1.095271
0.698548+0.204893j,0.280175+1.980710j,-0.229905-1.643304j,1.098352
0.698200+0.205397j,0.280268+1.980541j,-0.229659-1.643553j,1.101433
0.697851+0.205901j,0.280361+1.980372j,-0.229414-1.643802j,1.104514
0.697502+0.206404j,0.280454+1.980203j,-0.229169-1.644050j,1.107595
0.697153+0.206906j,0.280546+1.980034j,-0.228924-1.644299j,1.110676
0.696803+0.207409j,0.280638+1.979865j,-0.228679-1.644548j,1.113757
0.696453+0.207910j,0.280730+1.979696j,-0.228433-1.644797j,1.116838
0.696102+0.208412j,0.280822+1.979528j,-0.228188-1.645047j,1.119920
0.695752+0.208913j,0.280914+1.979359j,-0.227943-1.645296j,1.123001
0.695401+0.209414j,0.281005+1.979190j,-0.227698-1.645546j,1.126083
0.695050+0.209914j,0.281096+1.979022j,-0.227453-1.645796j,1.129164
0.694698+0.210414j,0.281188+1.978854j,-0.227208-1.646046j,1.132246
0.694346+0.210913j,0.281278+1.978685j,-0.226963-1.646296j,1.135327
0.693994+0.211412j,0.281369+1.978517j,-0.226717-1.646546j,1.138409
0.693641+0.211910j,0.281460+1.978349j,-0.226472-1.646796j,1.141490
0.693289+0.212409j,0.281550+1.978181j,-0.226227-1.647047j,1.144572
0.692935+0.212906j,0.281640+1.978013j,-0.225982-1.647297j,1.147654
0.692582+0.213404j,0.281730+1.977845j,-0.225737-1.647548j,1.150736
0.692228+0.213901j,0.281820+1.977678j,-0.225492-1.647799j,1.153818
0.691874+0.214397j,0.281909+1.977510j,-0.225247-1.648050j,1.156900
0.691520+0.214893j,0.281999+1.977342j,-0.225002-1.648301j,1.159981
0.691165+0.215389j,0.282088+1.977175j,-0.224757-1.648553j,1.163064
0.690810+0.215884j,0.282177+1.977007j,-0.224512-1.648804j,1.166146
0.690455+0.216379j,0.282266+1.976840j,-0.224267-1.649056j,1.169228
0.690100+0.216873j,0.282354+1.976673j,-0.224022-1.649308j,1.172310
0.689744+0.217367j,0.282443+1.976506j,-0.223777-1.649560j,1.175392
0.689388+0.217861j,0.282531+1.976339j,-0.223532-1.649812j,1.178474
0.689031+0.218354j,0.282619+1.976172j,-0.223287-1.650064j,1.181557
0.688674+0.218847j,0.282707+1.976005j,-0.223042-1.650317j,1.184639
0.688317+0.219339j,0.282795+1.975838j,-0.222798-1.650569j,1.187722
0.687960+0.219831j,0.282882+1.975671j,-0.222553-1.650822j,1.190804
0.687602+0.220323j,0.282970+1.975504j,-0.222308-1.651075j,1.193887
0.687244+0.220814j,0.283057+1.975338j,-0.222063-1.651328j,1.196969
0.686886+0.221304j,0.283144+1.975171j,-0.221818-1.651581j,1.200052
0.686528+0.221795j,0.283230+1.975005j,-0.221573-1.651834j,1.203135
0.686169+0.222284j,0.283317+1.974839j,-0.221329-1.652087j,1.206217
0.685810+0.222774j,0.283403+1.974672j,-0.221084-1.652341j,1.209300
0.685450+0.223263j,0.283489+1.974506j,-0.220839-1.652594j,1.212383
0.685091+0.223751j,0.283575+1.974340j,-0.220594-1.652848j,1.215466
0.684731+0.224240j,0.283661+1.974174j,-0.220350-1.653102j,1.218549
0.684370+0.224727j,0.283746+1.974008j,-0.220105-1.653356j,1.221632
0.684010+0.225215j,0.283832+1.973842j,-0.219860-1.653611j,1.224715
0.683649+0.225702j,0.283917+1.973677j,-0.219615-1.653865j,1.227798
0.683288+0.226188j,0.284002+1.973511j,-0.219371-1.654119j,1.230882
0.682926+0.226674j,0.284087+1.973345j,-0.219126-1.654374j,1.233965
0.682564+0.227160j,0.284171+1.973180j,-0.218881-1.654629j,1.237048
0.682202+0.227645j,0.284256+1.973014j,-0.218637-1.654884j,1.240132
0.681840+0.228130j,0.284340+1.972849j,-0.218392-1.655139j,1.243215
0.681477+0.228615j,0.284424+1.972684j,-0.218148-1.655394j,1.246298
0.681114+0.229099j,0.284508+1.972519j,-0.217903-1.655650j,1.249382
0.680751+0.229582j,0.284591+1.972354j,-0.217658-1.655905j,1.252466
0.680388+0.230065j,0.284675+1.972189j,-0.217414-1.656161j,1.255549
0.680024+0.230548j,0.284758+1.972024j,-0.217169-1.656417j,1.258633
0.679660+0.231030j,0.284841+1.971859j,-0.216925-1.656672j,1.261717
0.679295+0.231512j,0.284924+1.971694j,-0.216680-1.656929j,1.264801
0.678931+0.231994j,0.285006+1.971529j,-0.216436-1.657185j,1.267884
0.678566+0.232475j,0.285089+1.971365j,-0.216191-1.657441j,1.270968
0.678200+0.232956j,0.285171+1.971200j,-0.215947-1.657698j,1.274052
0.677835+0.233436j,0.285253+1.971036j,-0.215702-1.657954j,1.277136
0.677469+0.233916j,0.285335+1.970872j,-0.215458-1.658211j,1.280221
0.677103+0.234395j,0.285416+1.970707j,-0.215214-1.658468j,1.283305
0.676736+0.234874j,0.285498+1.970543j,-0.214969-1.658725j,1.286389
0.676370+0.235353j,0.285579+1.970379j,-0.214725-1.658982j,1.289473
0.676003+0.235831j,0.285660+1.970215j,-0.214480-1.659239j,1.292558
0.675636+0.236308j,0.285741+1.970051j,-0.214236-1.659497j,1.295642
0.675268+0.236786j,0.285822+1.969887j,-0.213992-1.659754j,1.298727
0.674900+0.237263j,0.285902+1.969723j,-0.213747-1.660012j,1.301811
0.674532+0.237739j,0.285982+1.969560j,-0.213503-1.660270j,1.304896
0.674164+0.238215j,0.286062+1.969396j,-0.213259-1.660528j,1.307980
0.673795+0.238691j,0.286142+1.969232j,-0.213015-1.660786j,1.311065
0.673426+0.239166j,0.286222+1.969069j,-0.212770-1.661044j,1.314150
0.673057+0.239641j,0.286301+1.968905j,-0.212526-1.661303j,1.317235
0.672687+0.240115j,0.286380+1.968742j,-0.212282-1.661561j,1.320320
0.672317+0.240589j,0.286459+1.968579j,-0.212038-1.661820j,1.323405
0.671947+0.241063j,0.286538+1.968416j,-0.211794-1.662079j,1.326490
0.671577+0.241536j,0.286617+1.968253j,-0.211549-1.662338j,1.329575
0.671206+0.242008j,0.286695+1.968090j,-0.211305-1.662597j,1.332660
0.670835+0.242481j,0.286774+1.967927j,-0.211061-1.662856j,1.335745
0.670464+0.242952j,0.286852+1.967764j,-0.210817-1.663116j,1.338830
0.670093+0.243424j,0.286929+1.967601j,-0.210573-1.663375j,1.341916
0.669721+0.243895j,0.287007+1.967438j,-0.210329-1.663635j,1.345001
0.669349+0.244365j,0.287084+1.967276j,-0.210085-1.663894j,1.348086
0.668977+0.244835j,0.287162+1.967113j,-0.209841-1.664154j,1.351172
0.668604+0.245305j,0.287239+1.966951j,-0.209597-1.664414j,1.354258
0.668231+0.245775j,0.287316+1.966788j,-0.209353-1.664675j,1.357343
0.667858+0.246243j,0.287392+1.966626j,-0.209109-1.664935j,1.360429
0.667485+0.246712j,0.287469+1.966464j,-0.208865-1.665195j,1.363515
0.667111+0.247180j,0.287545+1.966302j,-0.208621-1.665456j,1.366600
0.666737+0.247648j,0.287621+1.966140j,-0.208377-1.665717j,1.369686
0.666363+0.248115j,0.287696+1.965978j,-0.208133-1.665977j,1.372772
0.665988+0.248581j,0.287772+1.965816j,-0.207890-1.666238j,1.375858
0.665613+0.249048j,0.287847+1.965654j,-0.207646-1.666500j,1.378944
0.665238+0.249514j,0.287923+1.965492j,-0.207402-1.666761j,1.382030
0.664863+0.249979j,0.287998+1.965331j,-0.207158-1.667022j,1.385117
0.664487+0.250444j,0.288072+1.965169j,-0.206914-1.667284j,1.388203
0.664111+0.250909j,0.288147+1.965007j,-0.206671-1.667545j,1.391289
0.663735+0.251373j,0.288221+1.964846j,-0.206427-1.667807j,1.394376
0.663359+0.251837j,0.288295+1.964685j,-0.206183-1.668069j,1.397462
0.662982+0.252300j,0.288369+1.964523j,-0.205939-1.668331j,1.400549
0.662605+0.252763j,0.288443+1.964362j,-0.205696-1.668593j,1.403635
0.662228+0.253226j,0.288517+1.964201j,-0.205452-1.668856j,1.406722
0.661850+0.253688j,0.288590+1.964040j,-0.205208-1.669118j,1.409809
0.661473+0.254150j,0.288663+1.963879j,-0.204965-1.669381j,1.412895
0.661095+0.254611j,0.288736+1.963718j,-0.204721-1.669643j,1.415982
0.660716+0.255072j,0.288809+1.963557j,-0.204478-1.669906j,1.419069
0.660338+0.255532j,0.288881+1.963396j,-0.204234-1.670169j,1.422156
0.659959+0.255992j,0.288953+1.963236j,-0.203990-1.670432j,1.425243
0.659580+0.256452j,0.289025+1.963075j,-0.203747-1.670695j,1.428330
0.659200+0.256911j,0.289097+1.962914j,-0.203503-1.670959j,1.431418
0.658821+0.257370j,0.289169+1.962754j,-0.203260-1.671222j,1.434505
0.658441+0.257828j,0.289240+1.962594j,-0.203016-1.671486j,1.437592
0.658061+0.258286j,0.289312+1.962433j,-0.202773-1.671750j,1.440680
0.657680+0.258743j,0.289383+1.962273j,-0.202530-1.672013j,1.443767
0.657299+0.259200j,0.289453+1.962113j,-0.202286-1.672277j,1.446854
0.656918+0.259657j,0.289524+1.961953j,-0.202043-1.672542j,1.449942
0.656537+0.260113j,0.289594+1.961793j,-0.201800-1.672806j,1.453030
0.656156+0.260569j,0.289665+1.961633j,-0.201556-1.673070j,1.456117
0.655774+0.261024j,0.289735+1.961473j,-0.201313-1.673335j,1.459205
0.655392+0.261479j,0.289804+1.961313j,-0.201070-1.673599j,1.462293
0.655010+0.261934j,0.289874+1.961153j,-0.200826-1.673864j,1.465381
0.654627+0.262388j,0.289943+1.960994j,-0.200583-1.674129j,1.468469
0.654244+0.262841j,0.290012+1.960834j,-0.200340-1.674394j,1.471557
0.653861+0.263294j,0.290081+1.960675j,-0.200097-1.674659j,1.474645
0.653478+0.263747j,0.290150+1.960515j,-0.199853-1.674925j,1.477733
0.653094+0.264200j,0.290218+1.960356j,-0.199610-1.675190j,1.480822
0.652710+0.264651j,0.290287+1.960196j,-0.199367-1.675456j,1.483910
0.652326+0.265103j,0.290355+1.960037j,-0.199124-1.675721j,1.486998
0.651942+0.265554j,0.290423+1.959878j,-0.198881-1.675987j,1.490087
0.651557+0.266005j,0.290490+1.959719j,-0.198638-1.676253j,1.493175
0.651172+0.266455j,0.290558+1.959560j,-0.198395-1.676519j,1.496264
0.650787+0.266905j,0.290625+1.959401j,-0.198152-1.676785j,1.499353
0.650402+0.267354j,0.290692+1.959242j,-0.197909-1.677052j,1.502441
0.650016+0.267803j,0.290759+1.959083j,-0.197666-1.677318j,1.505530
0.649630+0.268251j,0.290825+1.958925j,-0.197423-1.677585j,1.508619
0.649244+0.268699j,0.290892+1.958766j,-0.197180-1.677851j,1.511708
0.648857+0.269147j,0.290958+1.958608j,-0.196937-1.678118j,1.514797
0.648471+0.269594j,0.291024+1.958449j,-0.196694-1.678385j,1.517886
0.648084+0.270041j,0.291089+1.958291j,-0.196451-1.678652j,1.520975
0.647697+0.270487j,0.291155+1.958132j,-0.196208-1.678920j,1.524065
0.647309+0.270933j,0.291220+1.957974j,-0.195966-1.679187j,1.527154
0.646921+0.271379j,0.291285+1.957816j,-0.195723-1.679454j,1.530243
0.646533+0.271824j,0.291350+1.957658j,-0.195480-1.679722j,1.533333
0.646145+0.272269j,0.291415+1.957500j,-0.195237-1.679990j,1.536422
0.645757+0.272713j,0.291479+1.957342j,-0.194995-1.680258j,1.539512
0.645368+0.273157j,0.291543+1.957184j,-0.194752-1.680525j,1.542602
0.644979+0.273600j,0.291607+1.957026j,-0.194509-1.680794j,1.545691
0.644590+0.274043j,0.291671+1.956868j,-0.194267-1.681062j,1.548781
0.644200+0.274486j,0.291735+1.956710j,-0.194024-1.681330j,1.551871
0.643811+0.274928j,0.291798+1.956553j,-0.193781-1.681599j,1.554961
0.643421+0.275369j,0.291861+1.956395j,-0.193539-1.681867j,1.558051
0.643030+0.275811j,0.291924+1.956238j,-0.193296-1.682136j,1.561141
0.642640+0.276251j,0.291987+1.956080j,-0.193054-1.682405j,1.564231
0.642249+0.276692j,0.292049+1.955923j,-0.192811-1.682674j,1.567322
0.641858+0.277132j,0.292111+1.955765j,-0.192569-1.682943j,1.570412
0.641467+0.277571j,0.292173+1.955608j,-0.192326-1.683212j,1.573502
0.641076+0.278010j,0.292235+1.955451j,-0.192084-1.683481j,1.576593
0.640684+0.278449j,0.292297+1.955294j,-0.191841-1.683751j,1.579683
0.640292+0.278887j,0.292358+1.955137j,-0.191599-1.684020j,1.582774
0.639900+0.279325j,0.292419+1.954980j,-0.191357-1.684290j,1.585865
0.639507+0.279762j,0.292480+1.954823j,-0.191114-1.684560j,1.588956
0.639115+0.280199j,0.292541+1.954666j,-0.190872-1.684830j,1.592046
0.638722+0.280636j,0.292601+1.954509j,-0.190630-1.685100j,1.595137
0.638328+0.281072j,0.292661+1.954353j,-0.190387-1.685370j,1.598228
0.637935+0.281507j,0.292721+1.954196j,-0.190145-1.685640j,1.601319
0.637541+0.281943j,0.292781+1.954040j,-0.189903-1.685911j,1.604411
0.637147+0.282377j,0.292841+1.953883j,-0.189661-1.686181j,1.607502
0.636753+0.282812j,0.292900+1.953727j,-0.189418-1.686452j,1.610593
0.636359+0.283246j,0.292959+1.953570j,-0.189176-1.686723j,1.613684
0.635964+0.283679j,0.293018+1.953414j,-0.188934-1.686994j,1.616776
0.635569+0.284112j,0.293077+1.953258j,-0.188692-1.687265j,1.619867
0.635174+0.284545j,0.293136+1.953102j,-0.188450-1.687536j,1.622959
0.634779+0.284977j,0.293194+1.952946j,-0.188208-1.687807j,1.626051
0.634383+0.285409j,0.293252+1.952790j,-0.187966-1.688079j,1.629142
0.633987+0.285840j,0.293310+1.952634j,-0.187724-1.688350j,1.632234
0.633591+0.286271j,0.293367+1.952478j,-0.187482-1.688622j,1.635326
0.633195+0.286702j,0.293425+1.952322j,-0.187240-1.688894j,1.638418
0.632798+0.287132j,0.293482+1.952166j,-0.186998-1.689166j,1.641510
0.632401+0.287561j,0.293539+1.952011j,-0.186756-1.689438j,1.644602
0.632004+0.287991j,0.293595+1.951855j,-0.186514-1.689710j,1.647695
0.631607+0.288419j,0.293652+1.951699j,-0.186273-1.689982j,1.650787
0.631210+0.288848j,0.293708+1.951544j,-0.186031-1.690254j,1.653879
0.630812+0.289276j,0.293764+1.951388j,-0.185789-1.690527j,1.656972
0.630414+0.289703j,0.293820+1.951233j,-0.185547-1.690800j,1.660064
0.630015+0.290130j,0.293875+1.951078j,-0.185305-1.691072j,1.663157
0.629617+0.290557j,0.293931+1.950923j,-0.185064-1.691345j,1.666249
0.629218+0.290983j,0.293986+1.950767j,-0.184822-1.691618j,1.669342
0.628819+0.291409j,0.294041+1.950612j,-0.184580-1.691891j,1.672435
0.628420+0.291834j,0.294095+1.950457j,-0.184339-1.692164j,1.675528
0.628021+0.292259j,0.294150+1.950302j,-0.184097-1.692438j,1.678621
0.627621+0.292683j,0.294204+1.950147j,-0.183855-1.692711j,1.681714
0.627221+0.293107j,0.294258+1.949993j,-0.183614-1.692985j,1.684807
0.626821+0.293531j,0.294312+1.949838j,-0.183372-1.693259j,1.687900
0.626421+0.293954j,0.294365+1.949683j,-0.183131-1.693532j,1.690994
0.626020+0.294377j,0.294419+1.949528j,-0.182889-1.693806j,1.694087
0.625619+0.294799j,0.294472+1.949374j,-0.182648-1.694080j,1.697180
0.625218+0.295221j,0.294525+1.949219j,-0.182407-1.694354j,1.700274
0.624817+0.295643j,0.294577+1.949065j,-0.182165-1.694629j,1.703368
0.624416+0.296064j,0.294630+1.948910j,-0.181924-1.694903j,1.706461
0.624014+0.296484j,0.294682+1.948756j,-0.181682-1.695178j,1.709555
0.623612+0.296904j,0.294734+1.948602j,-0.181441-1.695452j,1.712649
0.623210+0.297324j,0.294785+1.948448j,-0.181200-1.695727j,1.715743
0.622807+0.297743j,0.294837+1.948294j,-0.180959-1.696002j,1.718837
0.622405+0.298162j,0.294888+1.948139j,-0.180717-1.696277j,1.721931
0.622002+0.298581j,0.294939+1.947985j,-0.180476-1.696552j,1.725025
0.621599+0.298998j,0.294990+1.947831j,-0.180235-1.696827j,1.728119
0.621195+0.299416j,0.295040+1.947678j,-0.179994-1.697103j,1.731214
0.620792+0.299833j,0.295091+1.947524j,-0.179753-1.697378j,1.734308
0.620388+0.300250j,0.295141+1.947370j,-0.179511-1.697654j,1.737403
0.619984+0.300666j,0.295191+1.947216j,-0.179270-1.697929j,1.740497
0.619580+0.301082j,0.295240+1.947063j,-0.179029-1.698205j,1.743592
0.619175+0.301497j,0.295290+1.946909j,-0.178788-1.698481j,1.746687
0.618770+0.301912j,0.295339+1.946756j,-0.178547-1.698757j,1.749781
0.618366+0.302327j,0.295388+1.946602j,-0.178306-1.699033j,1.752876
0.617960+0.302741j,0.295437+1.946449j,-0.178065-1.699309j,1.755971
0.617555+0.303154j,0.295485+1.946295j,-0.177824-1.699586j,1.759066
0.617149+0.303568j,0.295533+1.946142j,-0.177584-1.699862j,1.762162
0.616744+0.303980j,0.295581+1.945989j,-0.177343-1.700139j,1.765257
0.616338+0.304393j,0.295629+1.945836j,-0.177102-1.700416j,1.768352
0.615931+0.304805j,0.295677+1.945683j,-0.176861-1.700692j,1.771448
0.615525+0.305216j,0.295724+1.945529j,-0.176620-1.700969j,1.774543
0.615118+0.305627j,0.295771+1.945376j,-0.176380-1.701246j,1.777639
0.614711+0.306038j,0.295818+1.945224j,-0.176139-1.701524j,1.780734
0.614304+0.306448j,0.295864+1.945071j,-0.175898-1.701801j,1.783830
0.613897+0.306858j,0.295911+1.944918j,-0.175657-1.702078j,1.786926
0.613489+0.307267j,0.295957+1.944765j,-0.175417-1.702356j,1.790022
0.613081+0.307676j,0.296003+1.944612j,-0.175176-1.702633j,1.793118
0.612673+0.308084j,0.296048+1.944460j,-0.174936-1.702911j,1.796214
0.612265+0.308492j,0.296094+1.944307j,-0.174695-1.703189j,1.799310
0.611857+0.308900j,0.296139+1.944155j,-0.174455-1.703467j,1.802406
0.611448+0.309307j,0.296184+1.944002j,-0.174214-1.703745j,1.805502
0.611039+0.309714j,0.296229+1.943850j,-0.173974-1.704023j,1.808599
0.610630+0.310120j,0.296273+1.943698j,-0.173733-1.704302j,1.811695
0.610221+0.310526j,0.296317+1.943545j,-0.173493-1.704580j,1.814792
0.609811+0.310931j,0.296361+1.943393j,-0.173252-1.704858j,1.817888
0.609401+0.311336j,0.296405+1.943241j,-0.173012-1.705137j,1.820985
0.608992+0.311741j,0.296449+1.943089j,-0.172772-1.705416j,1.824082
0.608581+0.312145j,0.296492+1.942937j,-0.172531-1.705695j,1.827179
0.608171+0.312549j,0.296535+1.942785j,-0.172291-1.705974j,1.830276
0.607760+0.312952j,0.296578+1.942633j,-0.172051-1.706253j,1.833373
0.607350+0.313355j,0.296620+1.942481j,-0.171811-1.706532j,1.836470
0.606938+0.313757j,0.296663+1.942329j,-0.171570-1.706811j,1.839567
0.606527+0.314159j,0.296705+1.942177j,-0.171330-1.707091j,1.842665
0.606116+0.314560j,0.296747+1.942026j,-0.171090-1.707370j,1.845762
0.605704+0.314961j,0.296788+1.941874j,-0.170850-1.707650j,1.848860
0.605292+0.315362j,0.296830+1.941722j,-0.170610-1.707930j,1.851957
0.604880+0.315762j,0.296871+1.941571j,-0.170370-1.708210j,1.855055
0.604468+0.316162j,0.296912+1.941419j,-0.170130-1.708490j,1.858153
0.604055+0.316561j,0.296952+1.941268j,-0.169890-1.708770j,1.861251
0.603643+0.316960j,0.296993+1.941116j,-0.169650-1.709050j,1.864348
0.603230+0.317359j,0.297033+1.940965j,-0.169410-1.709330j,1.867446
0.602816+0.317757j,0.297073+1.940814j,-0.169170-1.709611j,1.870545
0.602403+0.318154j,0.297113+1.940663j,-0.168930-1.709891j,1.873643
0.601990+0.318551j,0.297152+1.940512j,-0.168690-1.710172j,1.876741
0.601576+0.318948j,0.297191+1.940360j,-0.168451-1.710452j,1.879839
0.601162+0.319344j,0.297230+1.940209j,-0.168211-1.710733j,1.882938
0.600748+0.319740j,0.297269+1.940058j,-0.167971-1.711014j,1.886036
0.600333+0.320136j,0.297308+1.939907j,-0.167731-1.711295j,1.889135
0.599919+0.320531j,0.297346+1.939757j,-0.167492-1.711577j,1.892234
0.599504+0.320925j,0.297384+1.939606j,-0.167252-1.711858j,1.895333
0.599089+0.321319j,0.297422+1.939455j,-0.167012-1.712139j,1.898431
0.598674+0.321713j,0.297459+1.939304j,-0.166773-1.712421j,1.901530
0.598258+0.322106j,0.297496+1.939154j,-0.166533-1.712702j,1.904629
0.597843+0.322499j,0.297534+1.939003j,-0.166294-1.712984j,1.907729
0.597427+0.322891j,0.297570+1.938852j,-0.166054-1.713266j,1.910828
0.597011+0.323283j,0.297607+1.938702j,-0.165815-1.713548j,1.913927
0.596594+0.323675j,0.297643+1.938551j,-0.165575-1.713830j,1.917027
0.596178+0.324066j,0.297679+1.938401j,-0.165336-1.714112j,1.920126
0.595761+0.324456j,0.297715+1.938251j,-0.165096-1.714394j,1.923226
0.595345+0.324846j,0.297751+1.938100j,-0.164857-1.714677j,1.926325
0.594928+0.325236j,0.297786+1.937950j,-0.164618-1.714959j,1.929425
0.594510+0.325625j,0.297821+1.937800j,-0.164378-1.715242j,1.932525
0.594093+0.326014j,0.297856+1.937650j,-0.164139-1.715525j,1.935625
0.593675+0.326403j,0.297890+1.937500j,-0.163900-1.715807j,1.938725
0.593257+0.326791j,0.297925+1.937350j,-0.163661-1.716090j,1.941825
0.592839+0.327178j,0.297959+1.937200j,-0.163421-1.716373j,1.944925
0.592421+0.327565j,0.297993+1.937050j,-0.163182-1.716656j,1.948026
0.592003+0.327952j,0.298026+1.936900j,-0.162943-1.716940j,1.951126
0.591584+0.328338j,0.298060+1.936750j,-0.162704-1.717223j,1.954227
0.591165+0.328724j,0.298093+1.936600j,-0.162465-1.717506j,1.957327
0.590746+0.329109j,0.298126+1.936450j,-0.162226-1.717790j,1.960428
0.590327+0.329494j,0.298158+1.936301j,-0.161987-1.718074j,1.963529
0.589907+0.329879j,0.298191+1.936151j,-0.161748-1.718357j,1.966629
0.589488+0.330263j,0.298223+1.936001j,-0.161509-1.718641j,1.969730
0.589068+0.330647j,0.298255+1.935852j,-0.161270-1.718925j,1.972831
0.588648+0.331030j,0.298286+1.935702j,-0.161031-1.719209j,1.975932
0.588228+0.331412j,0.298318+1.935553j,-0.160792-1.719494j,1.979034
0.587807+0.331795j,0.298349+1.935404j,-0.160554-1.719778j,1.982135
0.587387+0.332177j,0.298380+1.935254j,-0.160315-1.720062j,1.985236
0.586966+0.332558j,0.298410+1.935105j,-0.160076-1.720347j,1.988338
0.586545+0.332939j,0.298441+1.934956j,-0.159837-1.720631j,1.991439
0.586124+0.333320j,0.298471+1.934806j,-0.159599-1.720916j,1.994541
0.585702+0.333700j,0.298501+1.934657j,-0.159360-1.721201j,1.997643
0.585281+0.334079j,0.298530+1.934508j,-0.159121-1.721486j,2.000745
0.584859+0.334459j,0.298560+1.934359j,-0.158883-1.721771j,2.003847
0.584437+0.334837j,0.298589+1.934210j,-0.158644-1.722056j,2.006949
0.584015+0.335216j,0.298618+1.934061j,-0.158406-1.722341j,2.010051
0.583593+0.335594j,0.298646+1.933912j,-0.158167-1.722626j,2.013153
0.583170+0.335971j,0.298675+1.933763j,-0.157929-1.722912j,2.016255
0.582748+0.336348j,0.298703+1.933615j,-0.157690-1.723197j,2.019358
0.582325+0.336725j,0.298731+1.933466j,-0.157452-1.723483j,2.022460
0.581902+0.337101j,0.298758+1.933317j,-0.157213-1.723769j,2.025563
0.581478+0.337477j,0.298785+1.933168j,-0.156975-1.724055j,2.028665
0.581055+0.337852j,0.298813+1.933020j,-0.156737-1.724341j,2.031768
0.580631+0.338227j,0.298839+1.932871j,-0.156498-1.724627j,2.034871
0.580207+0.338602j,0.298866+1.932723j,-0.156260-1.724913j,2.037974
0.579783+0.338975j,0.298892+1.932574j,-0.156022-1.725199j,2.041077
0.579359+0.339349j,0.298918+1.932426j,-0.155784-1.725486j,2.044180
0.578935+0.339722j,0.298944+1.932277j,-0.155545-1.725772j,2.047283
0.578510+0.340095j,0.298970+1.932129j,-0.155307-1.726059j,2.050387
0.578085+0.340467j,0.298995+1.931981j,-0.155069-1.726345j,2.053490
0.577660+0.340839j,0.299020+1.931832j,-0.154831-1.726632j,2.056594
0.577235+0.341210j,0.299045+1.931684j,-0.154593-1.726919j,2.059697
0.576810+0.341581j,0.299070+1.931536j,-0.154355-1.727206j,2.062801
0.576384+0.341952j,0.299094+1.931388j,-0.154117-1.727493j,2.065905
0.575959+0.342322j,0.299118+1.931240j,-0.153879-1.727780j,2.069009
0.575533+0.342691j,0.299142+1.931092j,-0.153641-1.728067j,2.072113
0.575107+0.343061j,0.299165+1.930944j,-0.153403-1.728355j,2.075217
0.574680+0.343429j,0.299189+1.930796j,-0.153165-1.728642j,2.078321
0.574254+0.343798j,0.299212+1.930648j,-0.152928-1.728930j,2.081425
0.573827+0.344165j,0.299234+1.930500j,-0.152690-1.729218j,2.084530
0.573401+0.344533j,0.299257+1.930352j,-0.152452-1.729505j,2.087634
0.572974+0.344900j,0.299279+1.930204j,-0.152214-1.729793j,2.090739
0.572547+0.345266j,0.299301+1.930057j,-0.151977-1.730081j,2.093843
0.572119+0.345633j,0.299323+1.929909j,-0.151739-1.730369j,2.096948
0.571692+0.345998j,0.299344+1.929761j,-0.151501-1.730657j,2.100053
0.571264+0.346363j,0.299366+1.929614j,-0.151264-1.730946j,2.103158
0.570836+0.346728j,0.299387+1.929466j,-0.151026-1.731234j,2.106263
0.570408+0.347093j,0.299407+1.929318j,-0.150789-1.731523j,2.109368
0.569980+0.347457j,0.299428+1.929171j,-0.150551-1.731811j,2.112473
0.569552+0.347820j,0.299448+1.929024j,-0.150314-1.732100j,2.115578
0.569123+0.348183j,0.299468+1.928876j,-0.150076-1.732389j,2.118684
0.568694+0.348546j,0.299488+1.928729j,-0.149839-1.732678j,2.121789
0.568265+0.348908j,0.299507+1.928581j,-0.149601-1.732967j,2.124895
0.567836+0.349270j,0.299526+1.928434j,-0.149364-1.733256j,2.128001
0.567407+0.349631j,0.299545+1.928287j,-0.149127-1.733545j,2.131106
0.566977+0.349992j,0.299564+1.928140j,-0.148889-1.733834j,2.134212
0.566548+0.350352j,0.299582+1.927993j,-0.148652-1.734123j,2.137318
0.566118+0.350712j,0.299600+1.927845j,-0.148415-1.734413j,2.140424
0.565688+0.351072j,0.299618+1.927698j,-0.148178-1.734703j,2.143531
0.565258+0.351431j,0.299636+1.927551j,-0.147941-1.734992j,2.146637
0.564828+0.351789j,0.299653+1.927404j,-0.147703-1.735282j,2.149743
0.564397+0.352148j,0.299670+1.927257j,-0.147466-1.735572j,2.152850
0.563966+0.352505j,0.299687+1.927110j,-0.147229-1.735862j,2.155956
0.563536+0.352863j,0.299703+1.926964j,-0.146992-1.736152j,2.159063
0.563105+0.353220j,0.299719+1.926817j,-0.146755-1.736442j,2.162170
0.562673+0.353576j,0.299735+1.926670j,-0.146518-1.736732j,2.165277
0.562242+0.353932j,0.299751+1.926523j,-0.146281-1.737023j,2.168384
0.561811+0.354288j,0.299767+1.926376j,-0.146044-1.737313j,2.171491
0.561379+0.354643j,0.299782+1.926230j,-0.145808-1.737604j,2.174598
0.560947+0.354998j,0.299797+1.926083j,-0.145571-1.737894j,2.177705
0.560515+0.355352j,0.299812+1.925936j,-0.145334-1.738185j,2.180812
0.560083+0.355706j,0.299826+1.925790j,-0.145097-1.738476j,2.183920
0.559650+0.356059j,0.299840+1.925643j,-0.144861-1.738767j,2.187027
0.559218+0.356412j,0.299854+1.925497j,-0.144624-1.739058j,2.190135
0.558785+0.356765j,0.299868+1.925350j,-0.144387-1.739349j,2.193243
0.558352+0.357117j,0.299881+1.925204j,-0.144150-1.739640j,2.196351
0.557919+0.357468j,0.299894+1.925058j,-0.143914-1.739932j,2.199459
0.557486+0.357819j,0.299907+1.924911j,-0.143677-1.740223j,2.202567
0.557053+0.358170j,0.299919+1.924765j,-0.143441-1.740515j,2.205675
0.556619+0.358521j,0.299932+1.924619j,-0.143204-1.740806j,2.208783
0.556185+0.358870j,0.299944+1.924472j,-0.142968-1.741098j,2.211891
0.555752+0.359220j,0.299956+1.924326j,-0.142731-1.741390j,2.215000
0.555317+0.359569j,0.299967+1.924180j,-0.142495-1.741682j,2.218108
0.554883+0.359917j,0.299978+1.924034j,-0.142259-1.741974j,2.221217
0.554449+0.360266j,0.299989+1.923888j,-0.142022-1.742266j,2.224326
0.554014+0.360613j,0.300000+1.923742j,-0.141786-1.742558j,2.227434
0.553580+0.360960j,0.300010+1.923596j,-0.141550-1.742850j,2.230543
0.553145+0.361307j,0.300021+1.923450j,-0.141313-1.743143j,2.233652
0.552710+0.361654j,0.300030+1.923304j,-0.141077-1.743435j,2.236761
0.552275+0.362000j,0.300040+1.923158j,-0.140841-1.743728j,2.239871
0.551839+0.362345j,0.300049+1.923012j,-0.140605-1.744020j,2.242980
0.551404+0.362690j,0.300058+1.922866j,-0.140369-1.744313j,2.246089
0.550968+0.363035j,0.300067+1.922720j,-0.140133-1.744606j,2.249199
0.550532+0.363379j,0.300076+1.922574j,-0.139897-1.744899j,2.252309
0.550096+0.363723j,0.300084+1.922429j,-0.139661-1.745192j,2.255418
0.549660+0.364066j,0.300092+1.922283j,-0.139425-1.745485j,2.258528
0.549224+0.364409j,0.300100+1.922137j,-0.139189-1.745778j,2.261638
0.548788+0.364751j,0.300107+1.921992j,-0.138953-1.746071j,2.264748
0.548351+0.365093j,0.300114+1.921846j,-0.138717-1.746365j,2.267858
0.547914+0.365435j,0.300121+1.921700j,-0.138481-1.746658j,2.270969
0.547477+0.365776j,0.300128+1.921555j,-0.138245-1.746952j,2.274079
0.547040+0.366116j,0.300134+1.921409j,-0.138010-1.747246j,2.277189
0.546603+0.366457j,0.300140+1.921264j,-0.137774-1.747539j,2.280300
0.546166+0.366796j,0.300146+1.921118j,-0.137538-1.747833j,2.283410
0.545728+0.367136j,0.300152+1.920973j,-0.137302-1.748127j,2.286521
0.545290+0.367475j,0.300157+1.920827j,-0.137067-1.748421j,2.289632
0.544852+0.367813j,0.300162+1.920682j,-0.136831-1.748716j,2.292743
0.544414+0.368151j,0.300167+1.920537j,-0.136596-1.749010j,2.295854
0.543976+0.368489j,0.300171+1.920391j,-0.136360-1.749304j,2.298965
0.543538+0.368826j,0.300176+1.920246j,-0.136125-1.749599j,2.302076
0.543099+0.369163j,0.300179+1.920101j,-0.135889-1.749893j,2.305188
0.542661+0.369499j,0.300183+1.919956j,-0.135654-1.750188j,2.308299
0.542222+0.369835j,0.300186+1.919810j,-0.135418-1.750482j,2.311411
0.541783+0.370170j,0.300190+1.919665j,-0.135183-1.750777j,2.314522
0.541344+0.370505j,0.300192+1.919520j,-0.134947-1.751072j,2.317634
0.540905+0.370840j,0.300195+1.919375j,-0.134712-1.751367j,2.320746
0.540465+0.371174j,0.300197+1.919230j,-0.134477-1.751662j,2.323858
0.540026+0.371507j,0.300199+1.919085j,-0.134242-1.751957j,2.326970
0.539586+0.371840j,0.300201+1.918940j,-0.134006-1.752253j,2.330082
0.539146+0.372173j,0.300202+1.918795j,-0.133771-1.752548j,2.333194
0.538706+0.372505j,0.300203+1.918650j,-0.133536-1.752843j,2.336307
0.538266+0.372837j,0.300204+1.918505j,-0.133301-1.753139j,2.339419
0.537826+0.373169j,0.300205+1.918360j,-0.133066-1.753435j,2.342532
0.537386+0.373500j,0.300205+1.918215j,-0.132831-1.753730j,2.345645
0.536945+0.373830j,0.300205+1.918070j,-0.132596-1.754026j,2.348757
0.536504+0.374160j,0.300205+1.917926j,-0.132361-1.754322j,2.351870
0.536063+0.374490j,0.300205+1.917781j,-0.132126-1.754618j,2.354983
0.535622+0.374819j,0.300204+1.917636j,-0.131891-1.754914j,2.358096
0.535181+0.375148j,0.300203+1.917491j,-0.131656-1.755210j,2.361209
0.534740+0.375476j,0.300201+1.917347j,-0.131421-1.755506j,2.364323
0.534298+0.375804j,0.300200+1.917202j,-0.131187-1.755803j,2.367436
0.533857+0.376132j,0.300198+1.917057j,-0.130952-1.756099j,2.370550
0.533415+0.376459j,0.300196+1.916913j,-0.130717-1.756396j,2.373663
0.532973+0.376785j,0.300193+1.916768j,-0.130482-1.756692j,2.376777
0.532531+0.377112j,0.300191+1.916623j,-0.130248-1.756989j,2.379891
0.532089+0.377437j,0.300188+1.916479j,-0.130013-1.757286j,2.383005
0.531647+0.377763j,0.300184+1.916334j,-0.129779-1.757583j,2.386119
0.531204+0.378087j,0.300181+1.916190j,-0.129544-1.757880j,2.389233
0.530761+0.378412j,0.300177+1.916045j,-0.129309-1.758177j,2.392347
0.530319+0.378736j,0.300173+1.915901j,-0.129075-1.758474j,2.395461
0.529876+0.379059j,0.300168+1.915756j,-0.128840-1.758771j,2.398576
0.529433+0.379382j,0.300163+1.915612j,-0.128606-1.759068j,2.401690
0.528990+0.379705j,0.300159+1.915468j,-0.128372-1.759366j,2.404805
0.528546+0.380027j,0.300153+1.915323j,-0.128137-1.759663j,2.407920
0.528103+0.380349j,0.300148+1.915179j,-0.127903-1.759961j,2.411035
0.527659+0.380670j,0.300142+1.915035j,-0.127669-1.760259j,2.414150
0.527216+0.380991j,0.300136+1.914890j,-0.127434-1.760556j,2.417265
0.526772+0.381312j,0.300129+1.914746j,-0.127200-1.760854j,2.420380
0.526328+0.381632j,0.300123+1.914602j,-0.126966-1.761152j,2.423495
0.525883+0.381951j,0.300116+1.914458j,-0.126732-1.761450j,2.426611
0.525439+0.382270j,0.300108+1.914313j,-0.126498-1.761748j,2.429726
0.524995+0.382589j,0.300101+1.914169j,-0.126264-1.762046j,2.432842
0.524550+0.382907j,0.300093+1.914025j,-0.126030-1.762345j,2.435957
0.524105+0.383225j,0.300085+1.913881j,-0.125796-1.762643j,2.439073
0.523661+0.383542j,0.300077+1.913737j,-0.125562-1.762942j,2.442189
0.523216+0.383859j,0.300068+1.913593j,-0.125328-1.763240j,2.445305
0.522771+0.384176j,0.300059+1.913449j,-0.125094-1.763539j,2.448421
0.522325+0.384492j,0.300050+1.913305j,-0.124860-1.763837j,2.451537
0.521880+0.384808j,0.300040+1.913160j,-0.124626-1.764136j,2.454654
0.521434+0.385123j,0.300030+1.913016j,-0.124392-1.764435j,2.457770
0.520989+0.385437j,0.300020+1.912872j,-0.124158-1.764734j,2.460887
0.520543+0.385752j,0.300010+1.912729j,-0.123925-1.765033j,2.464003
0.520097+0.386066j,0.299999+1.912585j,-0.123691-1.765332j,2.467120
0.519651+0.386379j,0.299988+1.912441j,-0.123457-1.765632j,2.470237
0.519205+0.386692j,0.299977+1.912297j,-0.123224-1.765931j,2.473354
0.518759+0.387005j,0.299965+1.912153j,-0.122990-1.766230j,2.476471
0.518312+0.387317j,0.299954+1.912009j,-0.122756-1.766530j,2.479588
0.517866+0.387628j,0.299941+1.911865j,-0.122523-1.766829j,2.482706
0.517419+0.387939j,0.299929+1.911721j,-0.122289-1.767129j,2.485823
0.516972+0.388250j,0.299916+1.911577j,-0.122056-1.767429j,2.488941
0.516525+0.388561j,0.299903+1.911434j,-0.121823-1.767729j,2.492058
0.516078+0.388871j,0.299890+1.911290j,-0.121589-1.768029j,2.495176
0.515631+0.389180j,0.299876+1.911146j,-0.121356-1.768329j,2.498294
0.515183+0.389489j,0.299863+1.911002j,-0.121122-1.768629j,2.501412
0.514736+0.389798j,0.299848+1.910859j,-0.120889-1.768929j,2.504530
0.514288+0.390106j,0.299834+1.910715j,-0.120656-1.769229j,2.507648
0.513840+0.390413j,0.299819+1.910571j,-0.120423-1.769529j,2.510766
0.513393+0.390721j,0.299804+1.910427j,-0.120189-1.769830j,2.513884
0.512945+0.391028j,0.299789+1.910284j,-0.119956-1.770130j,2.517003
0.512497+0.391334j,0.299773+1.910140j,-0.119723-1.770431j,2.520121
0.512048+0.391640j,0.299757+1.909997j,-0.119490-1.770732j,2.523240
0.511600+0.391945j,0.299741+1.909853j,-0.119257-1.771032j,2.526359
0.511151+0.392250j,0.299725+1.909709j,-0.119024-1.771333j,2.529478
0.510703+0.392555j,0.299708+1.909566j,-0.118791-1.771634j,2.532597
0.510254+0.392859j,0.299691+1.909422j,-0.118558-1.771935j,2.535716
0.509805+0.393163j,0.299674+1.909279j,-0.118325-1.772236j,2.538835
0.509356+0.393466j,0.299656+1.909135j,-0.118092-1.772537j,2.541955
0.508907+0.393769j,0.299638+1.908992j,-0.117859-1.772839j,2.545074
0.508458+0.394072j,0.299620+1.908848j,-0.117627-1.773140j,2.548194
0.508008+0.394374j,0.299601+1.908704j,-0.117394-1.773441j,2.551313
0.507559+0.394675j,0.299582+1.908561j,-0.117161-1.773743j,2.554433
0.507109+0.394976j,0.299563+1.908418j,-0.116928-1.774045j,2.557553
0.506660+0.395277j,0.299544+1.908274j,-0.116696-1.774346j,2.560673
0.506210+0.395577j,0.299524+1.908131j,-0.116463-1.774648j,2.563793
0.505760+0.395877j,0.299504+1.907987j,-0.116231-1.774950j,2.566913
0.505310+0.396176j,0.299484+1.907844j,-0.115998-1.775252j,2.570033
0.504859+0.396475j,0.299463+1.907700j,-0.115765-1.775554j,2.573154
0.504409+0.396774j,0.299442+1.907557j,-0.115533-1.775856j,2.576274
0.503959+0.397072j,0.299421+1.907414j,-0.115301-1.776158j,2.579395
0.503508+0.397369j,0.299400+1.907270j,-0.115068-1.776460j,2.582516
0.503057+0.397667j,0.299378+1.907127j,-0.114836-1.776763j,2.585637
0.502607+0.397963j,0.299356+1.906983j,-0.114603-1.777065j,2.588758
0.502156+0.398260j,0.299333+1.906840j,-0.114371-1.777368j,2.591879
0.501705+0.398555j,0.299311+1.906697j,-0.114139-1.777670j,2.595000
0.501253+0.398851j,0.299288+1.906554j,-0.113906-1.777973j,2.598121
0.500802+0.399146j,0.299265+1.906410j,-0.113674-1.778276j,2.601242
0.500351+0.399440j,0.299241+1.906267j,-0.113442-1.778578j,2.604364
0.499899+0.399735j,0.299217+1.906124j,-0.113210-1.778881j,2.607486
0.499448+0.400028j,0.299193+1.905980j,-0.112978-1.779184j,2.610607
0.498996+0.400321j,0.299168+1.905837j,-0.112746-1.779487j,2.613729
0.498544+0.400614j,0.299144+1.905694j,-0.112514-1.779791j,2.616851
0.498092+0.400907j,0.299119+1.905551j,-0.112282-1.780094j,2.619973
0.497640+0.401198j,0.299093+1.905407j,-0.112050-1.780397j,2.623095
0.497188+0.401490j,0.299068+1.905264j,-0.111818-1.780701j,2.626218
0.496736+0.401781j,0.299042+1.905121j,-0.111586-1.781004j,2.629340
0.496283+0.402072j,0.299015+1.904978j,-0.111354-1.781308j,2.632463
0.495831+0.402362j,0.298989+1.904834j,-0.111122-1.781611j,2.635585
0.495378+0.402651j,0.298962+1.904691j,-0.110890-1.781915j,2.638708
0.494925+0.402941j,0.298935+1.904548j,-0.110659-1.782219j,2.641831
0.494472+0.403229j,0.298907+1.904405j,-0.110427-1.782523j,2.644954
0.494019+0.403518j,0.298880+1.904262j,-0.110195-1.782827j,2.648077
0.493566+0.403806j,0.298851+1.904119j,-0.109964-1.783131j,2.651200
0.493113+0.404093j,0.298823+1.903975j,-0.109732-1.783435j,2.654323
0.492660+0.404380j,0.298794+1.903832j,-0.109500-1.783739j,2.657446
0.492206+0.404667j,0.298765+1.903689j,-0.109269-1.784043j,2.660570
0.491753+0.404953j,0.298736+1.903546j,-0.109037-1.784347j,2.663694
0.491299+0.405239j,0.298706+1.903403j,-0.108806-1.784652j,2.666817
0.490845+0.405524j,0.298677+1.903260j,-0.108574-1.784956j,2.669941
0.490391+0.405809j,0.298646+1.903116j,-0.108343-1.785261j,2.673065
0.489938+0.406094j,0.298616+1.902973j,-0.108112-1.785566j,2.676189
0.489483+0.406378j,0.298585+1.902830j,-0.107880-1.785870j,2.679313
0.489029+0.406661j,0.298554+1.902687j,-0.107649-1.786175j,2.682438
0.488575+0.406945j,0.298523+1.902544j,-0.107418-1.786480j,2.685562
0.488121+0.407227j,0.298491+1.902401j,-0.107186-1.786785j,2.688686
0.487666+0.407509j,0.298459+1.902258j,-0.106955-1.787090j,2.691811
0.487212+0.407791j,0.298426+1.902115j,-0.106724-1.787395j,2.694936
0.486757+0.408073j,0.298394+1.901972j,-0.106493-1.787701j,2.698061
0.486302+0.408354j,0.298361+1.901829j,-0.106262-1.788006j,2.701185
0.485847+0.408634j,0.298328+1.901685j,-0.106031-1.788311j,2.704311
0.485392+0.408914j,0.298294+1.901542j,-0.105800-1.788617j,2.707436
0.484937+0.409194j,0.298260+1.901399j,-0.105569-1.788922j,2.710561
0.484482+0.409473j,0.298226+1.901256j,-0.105338-1.789228j,2.713686
0.484026+0.409752j,0.298191+1.901113j,-0.105107-1.789533j,2.716812
0.483571+0.410030j,0.298157+1.900970j,-0.104876-1.789839j,2.719937
0.483115+0.410308j,0.298121+1.900827j,-0.104645-1.790145j,2.723063
0.482660+0.410586j,0.298086+1.900684j,-0.104414-1.790451j,2.726189
0.482204+0.410863j,0.298050+1.900541j,-0.104184-1.790757j,2.729315
0.481748+0.411139j,0.298014+1.900398j,-0.103953-1.791063j,2.732441
0.481292+0.411415j,0.297978+1.900255j,-0.103722-1.791369j,2.735567
0.480836+0.411691j,0.297941+1.900112j,-0.103492-1.791675j,2.738693
0.480380+0.411966j,0.297904+1.899969j,-0.103261-1.791982j,2.741820
0.479924+0.412241j,0.297867+1.899825j,-0.103030-1.792288j,2.744946
0.479468+0.412515j,0.297829+1.899682j,-0.102800-1.792595j,2.748073
0.479011+0.412789j,0.297792+1.899539j,-0.102569-1.792901j,2.751200
0.478555+0.413063j,0.297753+1.899396j,-0.102339-1.793208j,2.754327
0.478098+0.413336j,0.297715+1.899253j,-0.102108-1.793514j,2.757453
0.477641+0.413609j,0.297676+1.899110j,-0.101878-1.793821j,2.760581
0.477184+0.413881j,0.297637+1.898967j,-0.101647-1.794128j,2.763708
0.476727+0.414153j,0.297597+1.898824j,-0.101417-1.794435j,2.766835
0.476270+0.414424j,0.297558+1.898681j,-0.101187-1.794742j,2.769962
0.475813+0.414695j,0.297517+1.898538j,-0.100956-1.795049j,2.773090
0.475356+0.414965j,0.297477+1.898395j,-0.100726-1.795356j,2.776218
0.474899+0.415235j,0.297436+1.898252j,-0.100496-1.795663j,2.779345
0.474441+0.415505j,0.297395+1.898108j,-0.100266-1.795971j,2.782473
0.473984+0.415774j,0.297354+1.897965j,-0.100036-1.796278j,2.785601
0.473526+0.416043j,0.297312+1.897822j,-0.099806-1.796585j,2.788729
0.473069+0.416311j,0.297270+1.897679j,-0.099576-1.796893j,2.791857
0.472611+0.416579j,0.297228+1.897536j,-0.099346-1.797200j,2.794986
0.472153+0.416846j,0.297185+1.897393j,-0.099116-1.797508j,2.798114
0.471695+0.417113j,0.297143+1.897250j,-0.098886-1.797816j,2.801243
0.471237+0.417380j,0.297099+1.897107j,-0.098656-1.798124j,2.804371
0.470779+0.417646j,0.297056+1.896964j,-0.098426-1.798432j,2.807500
0.470321+0.417912j,0.297012+1.896820j,-0.098196-1.798740j,2.810629
0.469862+0.418177j,0.296968+1.896677j,-0.097966-1.799048j,2.813758
0.469404+0.418442j,0.296923+1.896534j,-0.097736-1.799356j,2.816887
0.468945+0.418706j,0.296878+1.896391j,-0.097507-1.799664j,2.820016
0.468487+0.418970j,0.296833+1.896248j,-0.097277-1.799972j,2.823146
0.468028+0.419233j,0.296788+1.896105j,-0.097047-1.800280j,2.826275
0.467569+0.419496j,0.296742+1.895962j,-0.096817-1.800589j,2.829405
0.467111+0.419759j,0.296696+1.895818j,-0.096588-1.800897j,2.832534
0.466652+0.420021j,0.296650+1.895675j,-0.096358-1.801206j,2.835664
0.466193+0.420283j,0.296603+1.895532j,-0.096129-1.801515j,2.838794
0.465733+0.420544j,0.296556+1.895389j,-0.095899-1.801823j,2.841924
0.465274+0.420805j,0.296508+1.895246j,-0.095670-1.802132j,2.845054
0.464815+0.421065j,0.296461+1.895102j,-0.095440-1.802441j,2.848184
0.464356+0.421325j,0.296413+1.894959j,-0.095211-1.802750j,2.851315
0.463896+0.421585j,0.296364+1.894816j,-0.094982-1.803059j,2.854445
0.463436+0.421844j,0.296316+1.894673j,-0.094752-1.803368j,2.857576
0.462977+0.422103j,0.296267+1.894530j,-0.094523-1.803677j,2.860706
0.462517+0.422361j,0.296217+1.894386j,-0.094294-1.803986j,2.863837
0.462057+0.422619j,0.296168+1.894243j,-0.094065-1.804295j,2.866968
0.461597+0.422876j,0.296118+1.894100j,-0.093835-1.804605j,2.870099
0.461137+0.423133j,0.296068+1.893956j,-0.093606-1.804914j,2.873230
0.460677+0.423390j,0.296017+1.893813j,-0.093377-1.805224j,2.876362
0.460217+0.423646j,0.295966+1.893670j,-0.093148-1.805533j,2.879493
0.459757+0.423901j,0.295915+1.893527j,-0.092919-1.805843j,2.882625
0.459297+0.424156j,0.295863+1.893383j,-0.092690-1.806153j,2.885756
0.458836+0.424411j,0.295811+1.893240j,-0.092461-1.806463j,2.888888
0.458376+0.424665j,0.295759+1.893097j,-0.092232-1.806772j,2.892020
0.457915+0.424919j,0.295707+1.892953j,-0.092003-1.807082j,2.895152
0.457455+0.425173j,0.295654+1.892810j,-0.091774-1.807392j,2.898284
0.456994+0.425426j,0.295601+1.892666j,-0.091545-1.807702j,2.901416
0.456533+0.425678j,0.295547+1.892523j,-0.091317-1.808013j,2.904548
0.456072+0.425931j,0.295493+1.892380j,-0.091088-1.808323j,2.907681
0.455611+0.426182j,0.295439+1.892236j,-0.090859-1.808633j,2.910813
0.455150+0.426434j,0.295385+1.892093j,-0.090630-1.808943j,2.913946
0.454689+0.426684j,0.295330+1.891949j,-0.090402-1.809254j,2.917079
0.454228+0.426935j,0.295275+1.891806j,-0.090173-1.809564j,2.920211
0.453767+0.427185j,0.295219+1.891662j,-0.089945-1.809875j,2.923344
0.453305+0.427434j,0.295164+1.891519j,-0.089716-1.810186j,2.926478
0.452844+0.427683j,0.295108+1.891375j,-0.089488-1.810496j,2.929611
0.452382+0.427932j,0.295051+1.891232j,-0.089259-1.810807j,2.932744
0.451921+0.428180j,0.294994+1.891088j,-0.089031-1.811118j,2.935878
0.451459+0.428428j,0.294937+1.890945j,-0.088802-1.811429j,2.939011
0.450997+0.428676j,0.294880+1.890801j,-0.088574-1.811740j,2.942145
0.450535+0.428922j,0.294822+1.890658j,-0.088346-1.812051j,2.945279
0.450074+0.429169j,0.294764+1.890514j,-0.088117-1.812362j,2.948413
0.449612+0.429415j,0.294706+1.890370j,-0.087889-1.812673j,2.951547
0.449150+0.429661j,0.294647+1.890227j,-0.087661-1.812985j,2.954681
0.448687+0.429906j,0.294588+1.890083j,-0.087433-1.813296j,2.957815
0.448225+0.430151j,0.294528+1.889939j,-0.087204-1.813607j,2.960949
0.447763+0.430395j,0.294469+1.889796j,-0.086976-1.813919j,2.964084
0.447301+0.430639j,0.294409+1.889652j,-0.086748-1.814231j,2.967218
0.446838+0.430882j,0.294348+1.889508j,-0.086520-1.814542j,2.970353
0.446376+0.431125j,0.294288+1.889365j,-0.086292-1.814854j,2.973488
0.445913+0.431368j,0.294226+1.889221j,-0.086064-1.815166j,2.976623
0.445451+0.431610j,0.294165+1.889077j,-0.085836-1.815477j,2.979758
0.444988+0.431852j,0.294103+1.888933j,-0.085608-1.815789j,2.982893
0.444525+0.432093j,0.294041+1.888789j,-0.085381-1.816101j,2.986029
0.444062+0.432334j,0.293979+1.888646j,-0.085153-1.816413j,2.989164
0.443599+0.432574j,0.293916+1.888502j,-0.084925-1.816726j,2.992300
0.443137+0.432814j,0.293853+1.888358j,-0.084697-1.817038j,2.995435
0.442673+0.433054j,0.293790+1.888214j,-0.084469-1.817350j,2.998571
0.442210+0.433293j,0.293726+1.888070j,-0.084242-1.817662j,3.001707
0.441747+0.433532j,0.293662+1.887926j,-0.084014-1.817975j,3.004843
0.441284+0.433770j,0.293598+1.887782j,-0.083786-1.818287j,3.007979
0.440821+0.434008j,0.293533+1.887638j,-0.083559-1.818600j,3.011115
0.440357+0.434245j,0.293468+1.887494j,-0.083331-1.818912j,3.014252
0.439894+0.434482j,0.293402+1.887350j,-0.083104-1.819225j,3.017388
0.439430+0.434719j,0.293337+1.887206j,-0.082876-1.819538j,3.020525
0.438967+0.434955j,0.293271+1.887062j,-0.082649-1.819851j,3.023661
0.438503+0.435190j,0.293204+1.886918j,-0.082421-1.820163j,3.026798
0.438039+0.435426j,0.293137+1.886774j,-0.082194-1.820476j,3.029935
0.437576+0.435660j,0.293070+1.886630j,-0.081967-1.820789j,3.033072
0.437112+0.435895j,0.293003+1.886486j,-0.081739-1.821102j,3.036209
0.436648+0.436129j,0.292935+1.886341j,-0.081512-1.821416j,3.039347
0.436184+0.436362j,0.292867+1.886197j,-0.081285-1.821729j,3.042484
0.435720+0.436595j,0.292799+1.886053j,-0.081058-1.822042j,3.045621
0.435256+0.436828j,0.292730+1.885909j,-0.080831-1.822355j,3.048759
0.434792+0.437060j,0.292661+1.885764j,-0.080603-1.822669j,3.051897
0.434327+0.437292j,0.292591+1.885620j,-0.080376-1.822982j,3.055035
0.433863+0.437523j,0.292522+1.885476j,-0.080149-1.823296j,3.058173
0.433399+0.437754j,0.292451+1.885331j,-0.079922-1.823610j,3.061311
0.432934+0.437985j,0.292381+1.885187j,-0.079695-1.823923j,3.064449
0.432470+0.438215j,0.292310+1.885043j,-0.079468-1.824237j,3.067587
0.432005+0.438444j,0.292239+1.884898j,-0.079241-1.824551j,3.070726
0.431541+0.438673j,0.292168+1.884754j,-0.079015-1.824865j,3.073864
0.431076+0.438902j,0.292096+1.884609j,-0.078788-1.825179j,3.077003
0.430611+0.439130j,0.292024+1.884465j,-0.078561-1.825493j,3.080142
0.430147+0.439358j,0.291951+1.884320j,-0.078334-1.825807j,3.083281
0.429682+0.439586j,0.291878+1.884176j,-0.078107-1.826121j,3.086420
0.429217+0.439813j,0.291805+1.884031j,-0.077881-1.826435j,3.089559
0.428752+0.440039j,0.291731+1.883886j,-0.077654-1.826749j,3.092698
0.428287+0.440266j,0.291658+1.883742j,-0.077427-1.827064j,3.095838
0.427822+0.440491j,0.291583+1.883597j,-0.077201-1.827378j,3.098977
0.427357+0.440717j,0.291509+1.883452j,-0.076974-1.827693j,3.102117
0.426892+0.440941j,0.291434+1.883307j,-0.076748-1.828007j,3.105256
0.426426+0.441166j,0.291359+1.883163j,-0.076521-1.828322j,3.108396
0.425961+0.441390j,0.291283+1.883018j,-0.076295-1.828636j,3.111536
0.425496+0.441613j,0.291207+1.882873j,-0.076068-1.828951j,3.114676
0.425030+0.441837j,0.291131+1.882728j,-0.075842-1.829266j,3.117817
0.424565+0.442059j,0.291054+1.882583j,-0.075616-1.829581j,3.120957
0.424099+0.442281j,0.290977+1.882438j,-0.075389-1.829896j,3.124097
0.423634+0.442503j,0.290900+1.882293j,-0.075163-1.830211j,3.127238
0.423168+0.442725j,0.290822+1.882148j,-0.074937-1.830526j,3.130379
0.422702+0.442946j,0.290744+1.882003j,-0.074711-1.830841j,3.133519
0.422237+0.443166j,0.290666+1.881858j,-0.074484-1.831156j,3.136660
0.421771+0.443386j,0.290587+1.881713j,-0.074258-1.831472j,3.139801
0.421305+0.443606j,0.290508+1.881568j,-0.074032-1.831787j,3.142942
0.420839+0.443825j,0.290428+1.881423j,-0.073806-1.832102j,3.146084
0.420373+0.444044j,0.290349+1.881278j,-0.073580-1.832418j,3.149225
0.419907+0.444263j,0.290268+1.881132j,-0.073354-1.832733j,3.152367
0.419441+0.444481j,0.290188+1.880987j,-0.073128-1.833049j,3.155508
0.418975+0.444698j,0.290107+1.880842j,-0.072902-1.833364j,3.158650
0.418509+0.444915j,0.290026+1.880697j,-0.072676-1.833680j,3.161792
0.418043+0.445132j,0.289944+1.880551j,-0.072451-1.833996j,3.164934
0.417577+0.445348j,0.289863+1.880406j,-0.072225-1.834312j,3.168076
0.417110+0.445564j,0.289780+1.880260j,-0.071999-1.834628j,3.171218
0.416644+0.445779j,0.289698+1.880115j,-0.071773-1.834944j,3.174360
0.416178+0.445994j,0.289615+1.879969j,-0.071548-1.835260j,3.177503
0.415711+0.446209j,0.289532+1.879824j,-0.071322-1.835576j,3.180645
0.415245+0.446423j,0.289448+1.879678j,-0.071096-1.835892j,3.183788
0.414778+0.446637j,0.289364+1.879533j,-0.070871-1.836208j,3.186931
0.414311+0.446850j,0.289280+1.879387j,-0.070645-1.836525j,3.190074
0.413845+0.447063j,0.289195+1.879241j,-0.070420-1.836841j,3.193217
0.413378+0.447275j,0.289110+1.879096j,-0.070194-1.837157j,3.196360
0.412911+0.447487j,0.289024+1.878950j,-0.069969-1.837474j,3.199503
0.412445+0.447698j,0.288939+1.878804j,-0.069743-1.837790j,3.202646
0.411978+0.447910j,0.288853+1.878658j,-0.069518-1.838107j,3.205790
0.411511+0.448120j,0.288766+1.878512j,-0.069292-1.838424j,3.208934
0.411044+0.448330j,0.288679+1.878366j,-0.069067-1.838740j,3.212077
0.410577+0.448540j,0.288592+1.878220j,-0.068842-1.839057j,3.215221
0.410110+0.448750j,0.288505+1.878074j,-0.068617-1.839374j,3.218365
0.409643+0.448959j,0.288417+1.877928j,-0.068391-1.839691j,3.221509
0.409176+0.449167j,0.288328+1.877782j,-0.068166-1.840008j,3.224653
0.408709+0.449375j,0.288240+1.877636j,-0.067941-1.840325j,3.227798
0.408242+0.449583j,0.288151+1.877490j,-0.067716-1.840642j,3.230942
0.407775+0.449790j,0.288062+1.877344j,-0.067491-1.840959j,3.234087
0.407307+0.449997j,0.287972+1.877198j,-0.067266-1.841277j,3.237231
0.406840+0.450203j,0.287882+1.877051j,-0.067041-1.841594j,3.240376
0.406373+0.450409j,0.287791+1.876905j,-0.066816-1.841911j,3.243521
0.405905+0.450615j,0.287701+1.876759j,-0.066591-1.842229j,3.246666
0.405438+0.450820j,0.287610+1.876612j,-0.066366-1.842546j,3.249811
0.404970+0.451025j,0.287518+1.876466j,-0.066141-1.842864j,3.252957
0.404503+0.451229j,0.287426+1.876319j,-0.065916-1.843181j,3.256102
0.404035+0.451433j,0.287334+1.876173j,-0.065692-1.843499j,3.259248
0.403568+0.451636j,0.287241+1.876026j,-0.065467-1.843817j,3.262393
0.403100+0.451839j,0.287149+1.875879j,-0.065242-1.844134j,3.265539
0.402633+0.452042j,0.287055+1.875733j,-0.065017-1.844452j,3.268685
0.402165+0.452244j,0.286962+1.875586j,-0.064793-1.844770j,3.271831
0.401697+0.452445j,0.286868+1.875439j,-0.064568-1.845088j,3.274977
0.401229+0.452647j,0.286773+1.875292j,-0.064344-1.845406j,3.278123
0.400762+0.452847j,0.286679+1.875146j,-0.064119-1.845724j,3.281269
0.400294+0.453048j,0.286583+1.874999j,-0.063895-1.846042j,3.284416
0.399826+0.453248j,0.286488+1.874852j,-0.063670-1.846361j,3.287562
0.399358+0.453447j,0.286392+1.874705j,-0.063446-1.846679j,3.290709
0.398890+0.453646j,0.286296+1.874558j,-0.063221-1.846997j,3.293856
0.398422+0.453845j,0.286199+1.874411j,-0.062997-1.847316j,3.297003
0.397954+0.454043j,0.286103+1.874263j,-0.062773-1.847634j,3.300150
0.397486+0.454241j,0.286005+1.874116j,-0.062548-1.847953j,3.303297
0.397018+0.454439j,0.285908+1.873969j,-0.062324-1.848271j,3.306444
0.396550+0.454636j,0.285810+1.873822j,-0.062100-1.848590j,3.309592
0.396082+0.454832j,0.285711+1.873674j,-0.061876-1.848909j,3.312739
0.395614+0.455028j,0.285613+1.873527j,-0.061651-1.849227j,3.315887
0.395145+0.455224j,0.285513+1.873379j,-0.061427-1.849546j,3.319035
0.394677+0.455419j,0.285414+1.873232j,-0.061203-1.849865j,3.322182
0.394209+0.455614j,0.285314+1.873084j,-0.060979-1.850184j,3.325330
0.393740+0.455809j,0.285214+1.872937j,-0.060755-1.850503j,3.328479
0.393272+0.456003j,0.285113+1.872789j,-0.060531-1.850822j,3.331627
0.392804+0.456196j,0.285012+1.872642j,-0.060307-1.851141j,3.334775
0.392335+0.456389j,0.284911+1.872494j,-0.060083-1.851460j,3.337924
0.391867+0.456582j,0.284809+1.872346j,-0.059859-1.851780j,3.341072
0.391398+0.456774j,0.284707+1.872198j,-0.059636-1.852099j,3.344221
0.390930+0.456966j,0.284605+1.872050j,-0.059412-1.852418j,3.347370
0.390461+0.457158j,0.284502+1.871902j,-0.059188-1.852738j,3.350519
0.389993+0.457349j,0.284399+1.871754j,-0.058964-1.853057j,3.353668
0.389524+0.457539j,0.284295+1.871606j,-0.058741-1.853377j,3.356817
0.389056+0.457730j,0.284191+1.871458j,-0.058517-1.853696j,3.359966
0.388587+0.457919j,0.284087+1.871310j,-0.058293-1.854016j,3.363116
0.388118+0.458109j,0.283982+1.871162j,-0.058070-1.854336j,3.366265
0.387650+0.458298j,0.283877+1.871013j,-0.057846-1.854656j,3.369415
0.387181+0.458486j,0.283772+1.870865j,-0.057623-1.854975j,3.372565
0.386712+0.458674j,0.283666+1.870717j,-0.057399-1.855295j,3.375714
0.386243+0.458862j,0.283560+1.870568j,-0.057176-1.855615j,3.378864
0.385775+0.459049j,0.283454+1.870420j,-0.056952-1.855935j,3.382015
0.385306+0.459236j,0.283347+1.870271j,-0.056729-1.856255j,3.385165
0.384837+0.459422j,0.283239+1.870123j,-0.056506-1.856576j,3.388315
0.384368+0.459608j,0.283132+1.869974j,-0.056282-1.856896j,3.391466
0.383899+0.459794j,0.283024+1.869825j,-0.056059-1.857216j,3.394616
0.383430+0.459979j,0.282915+1.869677j,-0.055836-1.857536j,3.397767
0.382961+0.460163j,0.282807+1.869528j,-0.055612-1.857857j,3.400918
0.382492+0.460348j,0.282697+1.869379j,-0.055389-1.858177j,3.404069
0.382023+0.460531j,0.282588+1.869230j,-0.055166-1.858498j,3.407220
0.381554+0.460715j,0.282478+1.869081j,-0.054943-1.858818j,3.410371
0.381085+0.460898j,0.282368+1.868932j,-0.054720-1.859139j,3.413522
0.380616+0.461080j,0.282257+1.868783j,-0.054497-1.859459j,3.416674
0.380147+0.461262j,0.282146+1.868633j,-0.054274-1.859780j,3.419825
0.379678+0.461444j,0.282035+1.868484j,-0.054051-1.860101j,3.422977
0.379209+0.461625j,0.281923+1.868335j,-0.053828-1.860422j,3.426129
0.378740+0.461806j,0.281811+1.868186j,-0.053605-1.860743j,3.429281
0.378271+0.461987j,0.281698+1.868036j,-0.053382-1.861064j,3.432433
0.377801+0.462167j,0.281585+1.867887j,-0.053160-1.861385j,3.435585
0.377332+0.462346j,0.281472+1.867737j,-0.052937-1.861706j,3.438737
0.376863+0.462526j,0.281358+1.867587j,-0.052714-1.862027j,3.441889
0.376394+0.462704j,0.281244+1.867438j,-0.052491-1.862348j,3.445042
0.375924+0.462883j,0.281129+1.867288j,-0.052269-1.862669j,3.448195
0.375455+0.463060j,0.281015+1.867138j,-0.052046-1.862990j,3.451347
0.374986+0.463238j,0.280899+1.866988j,-0.051823-1.863312j,3.454500
0.374517+0.463415j,0.280784+1.866838j,-0.051601-1.863633j,3.457653
0.374047+0.463592j,0.280668+1.866688j,-0.051378-1.863955j,3.460806
0.373578+0.463768j,0.280551+1.866538j,-0.051156-1.864276j,3.463959
0.373109+0.463944j,0.280435+1.866388j,-0.050933-1.864598j,3.467113
0.372639+0.464119j,0.280318+1.866238j,-0.050711-1.864919j,3.470266
0.372170+0.464294j,0.280200+1.866088j,-0.050488-1.865241j,3.473420
0.371700+0.464468j,0.280082+1.865937j,-0.050266-1.865563j,3.476573
0.371231+0.464643j,0.279964+1.865787j,-0.050044-1.865884j,3.479727
0.370761+0.464816j,0.279845+1.865637j,-0.049821-1.866206j,3.482881
0.370292+0.464990j,0.279726+1.865486j,-0.049599-1.866528j,3.486035
0.369823+0.465162j,0.279607+1.865335j,-0.049377-1.866850j,3.489189
0.369353+0.465335j,0.279487+1.865185j,-0.049155-1.867172j,3.492344
0.368884+0.465507j,0.279366+1.865034j,-0.048932-1.867494j,3.495498
0.368414+0.465678j,0.279246+1.864883j,-0.048710-1.867816j,3.498652
0.367944+0.465850j,0.279125+1.864732j,-0.048488-1.868139j,3.501807
0.367475+0.466020j,0.279003+1.864582j,-0.048266-1.868461j,3.504962
0.367005+0.466191j,0.278882+1.864431j,-0.048044-1.868783j,3.508117
0.366536+0.466361j,0.278759+1.864279j,-0.047822-1.869106j,3.511272
0.366066+0.466530j,0.278637+1.864128j,-0.047600-1.869428j,3.514427
0.365597+0.466699j,0.278514+1.863977j,-0.047378-1.869750j,3.517582
0.365127+0.466868j,0.278390+1.863826j,-0.047156-1.870073j,3.520737
0.364657+0.467036j,0.278267+1.863675j,-0.046935-1.870395j,3.523893
0.364188+0.467204j,0.278143+1.863523j,-0.046713-1.870718j,3.527048
0.363718+0.467371j,0.278018+1.863372j,-0.046491-1.871041j,3.530204
0.363249+0.467538j,0.277893+1.863220j,-0.046269-1.871364j,3.533360
0.362779+0.467705j,0.277768+1.863068j,-0.046048-1.871686j,3.536516
0.362309+0.467871j,0.277642+1.862917j,-0.045826-1.872009j,3.539672
0.361840+0.468036j,0.277516+1.862765j,-0.045604-1.872332j,3.542828
0.361370+0.468202j,0.277390+1.862613j,-0.045383-1.872655j,3.545984
0.360900+0.468367j,0.277263+1.862461j,-0.045161-1.872978j,3.549141
0.360431+0.468531j,0.277135+1.862309j,-0.044939-1.873301j,3.552297
0.359961+0.468695j,0.277008+1.862157j,-0.044718-1.873624j,3.555454
0.359491+0.468859j,0.276880+1.862005j,-0.044497-1.873947j,3.558611
0.359021+0.469022j,0.276751+1.861853j,-0.044275-1.874271j,3.561767
0.358552+0.469185j,0.276622+1.861700j,-0.044054-1.874594j,3.564924
0.358082+0.469347j,0.276493+1.861548j,-0.043832-1.874917j,3.568082
0.357612+0.469509j,0.276363+1.861396j,-0.043611-1.875241j,3.571239
0.357143+0.469670j,0.276233+1.861243j,-0.043390-1.875564j,3.574396
0.356673+0.469832j,0.276103+1.861090j,-0.043168-1.875888j,3.577554
0.356203+0.469992j,0.275972+1.860938j,-0.042947-1.876211j,3.580711
0.355733+0.470152j,0.275841+1.860785j,-0.042726-1.876535j,3.583869
0.355264+0.470312j,0.275709+1.860632j,-0.042505-1.876858j,3.587027
0.354794+0.470472j,0.275577+1.860479j,-0.042284-1.877182j,3.590185
0.354324+0.470631j,0.275444+1.860326j,-0.042063-1.877506j,3.593343
0.353854+0.470789j,0.275312+1.860173j,-0.041842-1.877830j,3.596501
0.353385+0.470948j,0.275178+1.860020j,-0.041621-1.878154j,3.599659
0.352915+0.471105j,0.275045+1.859867j,-0.041400-1.878478j,3.602818
0.352445+0.471263j,0.274911+1.859714j,-0.041179-1.878802j,3.605976
0.351975+0.471420j,0.274776+1.859560j,-0.040958-1.879126j,3.609135
0.351505+0.471576j,0.274641+1.859407j,-0.040737-1.879450j,3.612293
0.351036+0.471732j,0.274506+1.859253j,-0.040516-1.879774j,3.615452
0.350566+0.471888j,0.274370+1.859099j,-0.040295-1.880098j,3.618611
0.350096+0.472043j,0.274234+1.858946j,-0.040074-1.880422j,3.621770
0.349626+0.472198j,0.274098+1.858792j,-0.039854-1.880747j,3.624930
0.349157+0.472352j,0.273961+1.858638j,-0.039633-1.881071j,3.628089
0.348687+0.472506j,0.273824+1.858484j,-0.039412-1.881395j,3.631249
0.348217+0.472660j,0.273686+1.858330j,-0.039192-1.881720j,3.634408
0.347747+0.472813j,0.273548+1.858176j,-0.038971-1.882044j,3.637568
0.347278+0.472966j,0.273409+1.858022j,-0.038750-1.882369j,3.640728
0.346808+0.473118j,0.273270+1.857867j,-0.038530-1.882694j,3.643888
0.346338+0.473270j,0.273131+1.857713j,-0.038309-1.883018j,3.647048
0.345868+0.473422j,0.272991+1.857559j,-0.038089-1.883343j,3.650208
0.345399+0.473573j,0.272851+1.857404j,-0.037868-1.883668j,3.653368
0.344929+0.473723j,0.272711+1.857249j,-0.037648-1.883993j,3.656529
0.344459+0.473874j,0.272570+1.857095j,-0.037428-1.884317j,3.659689
0.343989+0.474024j,0.272428+1.856940j,-0.037207-1.884642j,3.662850
0.343520+0.474173j,0.272287+1.856785j,-0.036987-1.884967j,3.666010
0.343050+0.474322j,0.272144+1.856630j,-0.036767-1.885292j,3.669171
0.342580+0.474471j,0.272002+1.856475j,-0.036547-1.885618j,3.672332
0.342110+0.474619j,0.271859+1.856320j,-0.036326-1.885943j,3.675493
0.341641+0.474767j,0.271715+1.856165j,-0.036106-1.886268j,3.678655
0.341171+0.474914j,0.271572+1.856009j,-0.035886-1.886593j,3.681816
0.340701+0.475061j,0.271427+1.855854j,-0.035666-1.886918j,3.684978
0.340232+0.475207j,0.271283+1.855698j,-0.035446-1.887244j,3.688139
0.339762+0.475354j,0.271138+1.855543j,-0.035226-1.887569j,3.691301
0.339292+0.475499j,0.270992+1.855387j,-0.035006-1.887895j,3.694463
0.338823+0.475645j,0.270846+1.855231j,-0.034786-1.888220j,3.697625
0.338353+0.475789j,0.270700+1.855075j,-0.034566-1.888546j,3.700787
0.337883+0.475934j,0.270553+1.854919j,-0.034346-1.888871j,3.703949
0.337414+0.476078j,0.270406+1.854763j,-0.034126-1.889197j,3.707111
0.336944+0.476222j,0.270259+1.854607j,-0.033906-1.889523j,3.710274
0.336474+0.476365j,0.270111+1.854451j,-0.033687-1.889848j,3.713436
0.336005+0.476508j,0.269962+1.854294j,-0.033467-1.890174j,3.716599
0.335535+0.476650j,0.269813+1.854138j,-0.033247-1.890500j,3.719761
0.335065+0.476792j,0.269664+1.853982j,-0.033028-1.890826j,3.722924
0.334596+0.476934j,0.269515+1.853825j,-0.032808-1.891152j,3.726087
0.334126+0.477075j,0.269364+1.853668j,-0.032588-1.891478j,3.729250
0.333657+0.477216j,0.269214+1.853511j,-0.032369-1.891804j,3.732414
0.333187+0.477356j,0.269063+1.853354j,-0.032149-1.892130j,3.735577
0.332718+0.477496j,0.268912+1.853197j,-0.031930-1.892456j,3.738740
0.332248+0.477635j,0.268760+1.853040j,-0.031710-1.892783j,3.741904
0.331779+0.477774j,0.268608+1.852883j,-0.031491-1.893109j,3.745068
0.331309+0.477913j,0.268455+1.852726j,-0.031271-1.893435j,3.748232
0.330840+0.478051j,0.268302+1.852568j,-0.031052-1.893762j,3.751395
0.330370+0.478189j,0.268149+1.852411j,-0.030833-1.894088j,3.754560
0.329901+0.478327j,0.267995+1.852253j,-0.030613-1.894414j,3.757724
0.329431+0.478464j,0.267841+1.852096j,-0.030394-1.894741j,3.760888
0.328962+0.478600j,0.267686+1.851938j,-0.030175-1.895068j,3.764052
0.328492+0.478737j,0.267531+1.851780j,-0.029956-1.895394j,3.767217
0.328023+0.478872j,0.267375+1.851622j,-0.029736-1.895721j,3.770382
0.327554+0.479008j,0.267219+1.851464j,-0.029517-1.896048j,3.773546
0.327084+0.479143j,0.267063+1.851306j,-0.029298-1.896374j,3.776711
0.326615+0.479277j,0.266906+1.851148j,-0.029079-1.896701j,3.779876
0.326146+0.479412j,0.266749+1.850989j,-0.028860-1.897028j,3.783041
0.325676+0.479545j,0.266591+1.850831j,-0.028641-1.897355j,3.786206
0.325207+0.479679j,0.266433+1.850672j,-0.028422-1.897682j,3.789372
0.324738+0.479812j,0.266275+1.850513j,-0.028203-1.898009j,3.792537
0.324268+0.479944j,0.266116+1.850355j,-0.027984-1.898336j,3.795703
0.323799+0.480076j,0.265956+1.850196j,-0.027765-1.898663j,3.798868
0.323330+0.480208j,0.265796+1.850037j,-0.027546-1.898990j,3.802034
0.322861+0.480339j,0.265636+1.849878j,-0.027328-1.899317j,3.805200
0.322391+0.480470j,0.265476+1.849718j,-0.027109-1.899645j,3.808366
0.321922+0.480601j,0.265314+1.849559j,-0.026890-1.899972j,3.811532
0.321453+0.480731j,0.265153+1.849400j,-0.026671-1.900299j,3.814699
0.320984+0.480860j,0.264991+1.849240j,-0.026453-1.900627j,3.817865
0.320515+0.480990j,0.264828+1.849080j,-0.026234-1.900954j,3.821031
0.320046+0.481118j,0.264666+1.848921j,-0.026016-1.901282j,3.824198
0.319577+0.481247j,0.264502+1.848761j,-0.025797-1.901609j,3.827365
0.319108+0.481375j,0.264339+1.848601j,-0.025578-1.901937j,3.830532
0.318639+0.481503j,0.264175+1.848441j,-0.025360-1.902265j,3.833699
0.318170+0.481630j,0.264010+1.848281j,-0.025141-1.902592j,3.836866
0.317701+0.481757j,0.263845+1.848120j,-0.024923-1.902920j,3.840033
0.317232+0.481883j,0.263680+1.847960j,-0.024705-1.903248j,3.843200
0.316763+0.482009j,0.263514+1.847800j,-0.024486-1.903576j,3.846368
0.316294+0.482134j,0.263347+1.847639j,-0.024268-1.903904j,3.849535
0.315825+0.482260j,0.263181+1.847478j,-0.024050-1.904231j,3.852703
0.315356+0.482384j,0.263013+1.847317j,-0.023831-1.904559j,3.855870
0.314887+0.482509j,0.262846+1.847156j,-0.023613-1.904887j,3.859038
0.314418+0.482633j,0.262678+1.846995j,-0.023395-1.905216j,3.862206
0.313950+0.482756j,0.262509+1.846834j,-0.023177-1.905544j,3.865374
0.313481+0.482879j,0.262340+1.846673j,-0.022959-1.905872j,3.868543
0.313012+0.483002j,0.262171+1.846512j,-0.022741-1.906200j,3.871711
0.312543+0.483124j,0.262001+1.846350j,-0.022522-1.906528j,3.874879
0.312075+0.483246j,0.261831+1.846188j,-0.022304-1.906857j,3.878048
0.311606+0.483368j,0.261660+1.846027j,-0.022086-1.907185j,3.881217
0.311137+0.483489j,0.261489+1.845865j,-0.021868-1.907514j,3.884386
0.310669+0.483610j,0.261317+1.845703j,-0.021651-1.907842j,3.887554
0.310200+0.483730j,0.261145+1.845541j,-0.021433-1.908170j,3.890723
0.309732+0.483850j,0.260973+1.845379j,-0.021215-1.908499j,3.893893
0.309263+0.483969j,0.260800+1.845216j,-0.020997-1.908828j,3.897062
0.308795+0.484088j,0.260626+1.845054j,-0.020779-1.909156j,3.900231
0.308326+0.484207j,0.260453+1.844891j,-0.020561-1.909485j,3.903401
0.307858+0.484325j,0.260278+1.844729j,-0.020344-1.909814j,3.906570
0.307389+0.484443j,0.260104+1.844566j,-0.020126-1.910143j,3.909740
0.306921+0.484560j,0.259929+1.844403j,-0.019908-1.910471j,3.912910
0.306453+0.484677j,0.259753+1.844240j,-0.019691-1.910800j,3.916080
0.305984+0.484794j,0.259577+1.844077j,-0.019473-1.911129j,3.919250
0.305516+0.484910j,0.259400+1.843914j,-0.019256-1.911458j,3.922420
0.305048+0.485026j,0.259223+1.843750j,-0.019038-1.911787j,3.925590
0.304580+0.485142j,0.259046+1.843587j,-0.018821-1.912116j,3.928761
0.304111+0.485257j,0.258868+1.843423j,-0.018603-1.912445j,3.931931
0.303643+0.485371j,0.258690+1.843259j,-0.018386-1.912775j,3.935102
0.303175+0.485485j,0.258511+1.843095j,-0.018168-1.913104j,3.938273
0.302707+0.485599j,0.258332+1.842931j,-0.017951-1.913433j,3.941444
0.302239+0.485713j,0.258152+1.842767j,-0.017734-1.913762j,3.944615
0.301771+0.485826j,0.257972+1.842603j,-0.017516-1.914092j,3.947786
0.301303+0.485938j,0.257792+1.842439j,-0.017299-1.914421j,3.950957
0.300835+0.486050j,0.257611+1.842274j,-0.017082-1.914751j,3.954128
0.300367+0.486162j,0.257429+1.842110j,-0.016865-1.915080j,3.957300
0.299899+0.486273j,0.257247+1.841945j,-0.016647-1.915410j,3.960471
0.299431+0.486384j,0.257065+1.841780j,-0.016430-1.915739j,3.963643
0.298963+0.486495j,0.256882+1.841615j,-0.016213-1.916069j,3.966815
0.298496+0.486605j,0.256699+1.841450j,-0.015996-1.916399j,3.969987
0.298028+0.486715j,0.256515+1.841285j,-0.015779-1.916728j,3.973159
0.297560+0.486824j,0.256331+1.841119j,-0.015562-1.917058j,3.976331
0.297093+0.486933j,0.256146+1.840954j,-0.015345-1.917388j,3.979503
0.296625+0.487042j,0.255961+1.840788j,-0.015128-1.917718j,3.982675
0.296157+0.487150j,0.255775+1.840623j,-0.014911-1.918048j,3.985848
0.295690+0.487258j,0.255589+1.840457j,-0.014694-1.918378j,3.989020
0.295222+0.487365j,0.255403+1.840291j,-0.014478-1.918708j,3.992193
0.294755+0.487472j,0.255216+1.840125j,-0.014261-1.919038j,3.995366
0.294287+0.487579j,0.255029+1.839958j,-0.014044-1.919368j,3.998539
0.293820+0.487685j,0.254841+1.839792j,-0.013827-1.919698j,4.001712
0.293352+0.487790j,0.254652+1.839625j,-0.013611-1.920028j,4.004885
0.292885+0.487896j,0.254464+1.839459j,-0.013394-1.920358j,4.008058
0.292418+0.488001j,0.254274+1.839292j,-0.013177-1.920689j,4.011231
0.291951+0.488105j,0.254085+1.839125j,-0.012961-1.921019j,4.014405
0.291483+0.488209j,0.253894+1.838958j,-0.012744-1.921349j,4.017579
0.291016+0.488313j,0.253704+1.838791j,-0.012528-1.921680j,4.020752
0.290549+0.488416j,0.253513+1.838623j,-0.012311-1.922010j,4.023926
0.290082+0.488519j,0.253321+1.838456j,-0.012095-1.922341j,4.027100
0.289615+0.488622j,0.253129+1.838288j,-0.011878-1.922671j,4.030274
0.289148+0.488724j,0.252936+1.838121j,-0.011662-1.923002j,4.033448
0.288681+0.488826j,0.252743+1.837953j,-0.011445-1.923332j,4.036622
0.288214+0.488927j,0.252550+1.837785j,-0.011229-1.923663j,4.039797
0.287747+0.489028j,0.252356+1.837616j,-0.011013-1.923994j,4.042971
0.287280+0.489129j,0.252162+1.837448j,-0.010796-1.924325j,4.046146
0.286813+0.489229j,0.251967+1.837280j,-0.010580-1.924655j,4.049321
0.286347+0.489328j,0.251771+1.837111j,-0.010364-1.924986j,4.052496
0.285880+0.489428j,0.251575+1.836942j,-0.010148-1.925317j,4.055670
0.285413+0.489527j,0.251379+1.836774j,-0.009932-1.925648j,4.058846
0.284947+0.489625j,0.251182+1.836605j,-0.009716-1.925979j,4.062021
0.284480+0.489723j,0.250985+1.836435j,-0.009500-1.926310j,4.065196
0.284014+0.489821j,0.250787+1.836266j,-0.009283-1.926641j,4.068371
0.283547+0.489918j,0.250589+1.836097j,-0.009067-1.926972j,4.071547
0.283081+0.490015j,0.250391+1.835927j,-0.008851-1.927303j,4.074722
0.282614+0.490112j,0.250191+1.835758j,-0.008636-1.927635j,4.077898
0.282148+0.490208j,0.249992+1.835588j,-0.008420-1.927966j,4.081074
0.281682+0.490304j,0.249792+1.835418j,-0.008204-1.928297j,4.084250
0.281215+0.490399j,0.249591+1.835248j,-0.007988-1.928628j,4.087426
0.280749+0.490494j,0.249390+1.835077j,-0.007772-1.928960j,4.090602
0.280283+0.490589j,0.249189+1.834907j,-0.007556-1.929291j,4.093778
0.279817+0.490683j,0.248987+1.834736j,-0.007341-1.929623j,4.096955
0.279351+0.490777j,0.248784+1.834566j,-0.007125-1.929954j,4.100131
0.278885+0.490870j,0.248581+1.834395j,-0.006909-1.930286j,4.103308
0.278419+0.490963j,0.248378+1.834224j,-0.006694-1.930617j,4.106485
0.277953+0.491055j,0.248174+1.834053j,-0.006478-1.930949j,4.109662
0.277487+0.491148j,0.247969+1.833881j,-0.006262-1.931281j,4.112838
0.277021+0.491239j,0.247764+1.833710j,-0.006047-1.931612j,4.116016
0.276555+0.491331j,0.247559+1.833538j,-0.005831-1.931944j,4.119193
0.276090+0.491422j,0.247353+1.833366j,-0.005616-1.932276j,4.122370
0.275624+0.491512j,0.247147+1.833195j,-0.005400-1.932608j,4.125547
0.275158+0.491603j,0.246940+1.833023j,-0.005185-1.932940j,4.128725
0.274693+0.491692j,0.246733+1.832850j,-0.004969-1.933272j,4.131903
0.274227+0.491782j,0.246525+1.832678j,-0.004754-1.933604j,4.135080
0.273762+0.491871j,0.246317+1.832505j,-0.004539-1.933936j,4.138258
0.273296+0.491959j,0.246108+1.832333j,-0.004323-1.934268j,4.141436
0.272831+0.492048j,0.245899+1.832160j,-0.004108-1.934600j,4.144614
0.272366+0.492135j,0.245689+1.831987j,-0.003893-1.934932j,4.147792
0.271900+0.492223j,0.245479+1.831814j,-0.003678-1.935264j,4.150970
0.271435+0.492310j,0.245268+1.831641j,-0.003463-1.935597j,4.154149
0.270970+0.492396j,0.245057+1.831467j,-0.003248-1.935929j,4.157327
0.270505+0.492483j,0.244845+1.831294j,-0.003032-1.936261j,4.160506
0.270040+0.492569j,0.244633+1.831120j,-0.002817-1.936593j,4.163685
0.269575+0.492654j,0.244420+1.830946j,-0.002602-1.936926j,4.166864
0.269110+0.492739j,0.244207+1.830772j,-0.002387-1.937258j,4.170042
0.268645+0.492824j,0.243993+1.830598j,-0.002172-1.937591j,4.173221
0.268180+0.492908j,0.243779+1.830423j,-0.001957-1.937923j,4.176401
0.267715+0.492992j,0.243564+1.830249j,-0.001742-1.938256j,4.179580
0.267251+0.493075j,0.243349+1.830074j,-0.001528-1.938589j,4.182759
0.266786+0.493158j,0.243133+1.829899j,-0.001313-1.938921j,4.185939
0.266322+0.493241j,0.242917+1.829724j,-0.001098-1.939254j,4.189118
0.265857+0.493323j,0.242700+1.829549j,-0.000883-1.939587j,4.192298
0.265392+0.493405j,0.242483+1.829374j,-0.000668-1.939919j,4.195478
0.264928+0.493487j,0.242266+1.829198j,-0.000454-1.940252j,4.198658
0.264464+0.493568j,0.242047+1.829022j,-0.000239-1.940585j,4.201838
0.263999+0.493649j,0.241829+1.828847j,-0.000024-1.940918j,4.205018
0.263535+0.493729j,0.241610+1.828671j,0.000190-1.941251j,4.208198
0.263071+0.493809j,0.241390+1.828494j,0.000405-1.941584j,4.211378
0.262607+0.493889j,0.241170+1.828318j,0.000619-1.941917j,4.214559
0.262143+0.493968j,0.240949+1.828142j,0.000834-1.942250j,4.217739
0.261679+0.494046j,0.240728+1.827965j,0.001048-1.942583j,4.220920
0.261215+0.494125j,0.240506+1.827788j,0.001263-1.942916j,4.224101
0.260751+0.494203j,0.240284+1.827611j,0.001477-1.943250j,4.227282
0.260287+0.494280j,0.240061+1.827434j,0.001692-1.943583j,4.230463
0.259823+0.494358j,0.239838+1.827257j,0.001906-1.943916j,4.233644
0.259359+0.494434j,0.239614+1.827079j,0.002120-1.944250j,4.236825
0.258896+0.494511j,0.239390+1.826901j,0.002335-1.944583j,4.240006
0.258432+0.494587j,0.239165+1.826723j,0.002549-1.944916j,4.243188
0.257969+0.494662j,0.238940+1.826545j,0.002763-1.945250j,4.246369
0.257505+0.494738j,0.238714+1.826367j,0.002977-1.945583j,4.249551
0.257042+0.494813j,0.238488+1.826189j,0.003191-1.945917j,4.252733
0.256579+0.494887j,0.238261+1.826010j,0.003406-1.946250j,4.255915
0.256115+0.494961j,0.238034+1.825832j,0.003620-1.946584j,4.259097
0.255652+0.495035j,0.237806+1.825653j,0.003834-1.946918j,4.262279
0.255189+0.495108j,0.237578+1.825474j,0.004048-1.947251j,4.265461
0.254726+0.495181j,0.237349+1.825294j,0.004262-1.947585j,4.268643
0.254263+0.495254j,0.237119+1.825115j,0.004476-1.947919j,4.271826
0.253800+0.495326j,0.236890+1.824935j,0.004690-1.948253j,4.275008
0.253337+0.495397j,0.236659+1.824756j,0.004904-1.948586j,4.278191
0.252874+0.495469j,0.236428+1.824576j,0.005118-1.948920j,4.281373
0.252411+0.495540j,0.236197+1.824396j,0.005331-1.949254j,4.284556
0.251949+0.495610j,0.235965+1.824215j,0.005545-1.949588j,4.287739
0.251486+0.495681j,0.235732+1.824035j,0.005759-1.949922j,4.290922
0.251023+0.495750j,0.235499+1.823854j,0.005973-1.950256j,4.294105
0.250561+0.495820j,0.235266+1.823673j,0.006186-1.950590j,4.297289
0.250098+0.495889j,0.235032+1.823492j,0.006400-1.950925j,4.300472
0.249636+0.495957j,0.234797+1.823311j,0.006614-1.951259j,4.303655
0.249174+0.496026j,0.234562+1.823130j,0.006827-1.951593j,4.306839
0.248712+0.496094j,0.234327+1.822948j,0.007041-1.951927j,4.310023
0.248249+0.496161j,0.234090+1.822766j,0.007255-1.952262j,4.313206
0.247787+0.496228j,0.233854+1.822585j,0.007468-1.952596j,4.316390
0.247325+0.496295j,0.233617+1.822402j,0.007682-1.952930j,4.319574
0.246863+0.496361j,0.233379+1.822220j,0.007895-1.953265j,4.322758
0.246401+0.496427j,0.233141+1.822038j,0.008108-1.953599j,4.325942
0.245940+0.496493j,0.232902+1.821855j,0.008322-1.953934j,4.329127
0.245478+0.496558j,0.232663+1.821672j,0.008535-1.954268j,4.332311
0.245016+0.496623j,0.232423+1.821489j,0.008749-1.954603j,4.335496
0.244555+0.496687j,0.232182+1.821306j,0.008962-1.954937j,4.338680
0.244093+0.496751j,0.231941+1.821122j,0.009175-1.955272j,4.341865
0.243632+0.496814j,0.231700+1.820939j,0.009388-1.955607j,4.345050
0.243170+0.496878j,0.231458+1.820755j,0.009602-1.955941j,4.348235
0.242709+0.496941j,0.231216+1.820571j,0.009815-1.956276j,4.351420
0.242248+0.497003j,0.230973+1.820387j,0.010028-1.956611j,4.354605
0.241786+0.497065j,0.230729+1.820202j,0.010241-1.956946j,4.357790
0.241325+0.497127j,0.230485+1.820018j,0.010454-1.957281j,4.360975
0.240864+0.497188j,0.230240+1.819833j,0.010667-1.957616j,4.364161
0.240403+0.497249j,0.229995+1.819648j,0.010880-1.957951j,4.367346
0.239942+0.497310j,0.229749+1.819463j,0.011093-1.958286j,4.370532
0.239482+0.497370j,0.229503+1.819278j,0.011306-1.958621j,4.373718
0.239021+0.497429j,0.229256+1.819092j,0.011519-1.958956j,4.376904
0.238560+0.497489j,0.229009+1.818906j,0.011732-1.959291j,4.380090
0.238100+0.497548j,0.228761+1.818720j,0.011945-1.959626j,4.383276
0.237639+0.497606j,0.228513+1.818534j,0.012158-1.959961j,4.386462
0.237179+0.497665j,0.228264+1.818348j,0.012371-1.960296j,4.389648
0.236718+0.497722j,0.228014+1.818161j,0.012583-1.960632j,4.392834
0.236258+0.497780j,0.227764+1.817975j,0.012796-1.960967j,4.396021
0.235798+0.497837j,0.227514+1.817788j,0.013009-1.961302j,4.399208
0.235338+0.497894j,0.227262+1.817600j,0.013221-1.961638j,4.402394
0.234878+0.497950j,0.227011+1.817413j,0.013434-1.961973j,4.405581
0.234418+0.498006j,0.226758+1.817226j,0.013647-1.962309j,4.408768
0.233958+0.498062j,0.226506+1.817038j,0.013859-1.962644j,4.411955
0.233498+0.498117j,0.226252+1.816850j,0.014072-1.962980j,4.415142
0.233038+0.498171j,0.225998+1.816662j,0.014284-1.963315j,4.418329
0.232578+0.498226j,0.225744+1.816473j,0.014497-1.963651j,4.421516
0.232119+0.498280j,0.225489+1.816285j,0.014709-1.963987j,4.424704
0.231659+0.498334j,0.225233+1.816096j,0.014922-1.964322j,4.427891
0.231200+0.498387j,0.224977+1.815907j,0.015134-1.964658j,4.431079
0.230740+0.498440j,0.224721+1.815718j,0.015347-1.964994j,4.434267
0.230281+0.498492j,0.224463+1.815529j,0.015559-1.965330j,4.437454
0.229822+0.498544j,0.224206+1.815339j,0.015771-1.965665j,4.440642
0.229363+0.498596j,0.223947+1.815149j,0.015983-1.966001j,4.443830
0.228904+0.498647j,0.223688+1.814959j,0.016196-1.966337j,4.447018
0.228445+0.498698j,0.223429+1.814769j,0.016408-1.966673j,4.450207
0.227986+0.498749j,0.223169+1.814578j,0.016620-1.967009j,4.453395
0.227527+0.498799j,0.222908+1.814388j,0.016832-1.967345j,4.456583
0.227068+0.498849j,0.222647+1.814197j,0.017044-1.967681j,4.459772
0.226610+0.498898j,0.222385+1.814006j,0.017256-1.968017j,4.462960
0.226151+0.498948j,0.222123+1.813814j,0.017469-1.968354j,4.466149
0.225693+0.498996j,0.221860+1.813623j,0.017681-1.968690j,4.469338
0.225234+0.499045j,0.221597+1.813431j,0.017893-1.969026j,4.472527
0.224776+0.499092j,0.221333+1.813239j,0.018104-1.969362j,4.475716
0.224318+0.499140j,0.221068+1.813047j,0.018316-1.969699j,4.478905
0.223860+0.499187j,0.220803+1.812855j,0.018528-1.970035j,4.482094
0.223402+0.499234j,0.220538+1.812662j,0.018740-1.970371j,4.485283
0.222944+0.499280j,0.220271+1.812469j,0.018952-1.970708j,4.488473
0.222486+0.499326j,0.220005+1.812276j,0.019164-1.971044j,4.491662
0.222028+0.499372j,0.219737+1.812083j,0.019376-1.971381j,4.494852
0.221570+0.499417j,0.219469+1.811889j,0.019587-1.971717j,4.498042
0.221113+0.499462j,0.219201+1.811696j,0.019799-1.972054j,4.501231
0.220655+0.499507j,0.218932+1.811502j,0.020011-1.972390j,4.504421
0.220198+0.499551j,0.218662+1.811308j,0.020222-1.972727j,4.507611
0.219740+0.499595j,0.218392+1.811113j,0.020434-1.973064j,4.510801
0.219283+0.499638j,0.218121+1.810919j,0.020646-1.973400j,4.513992
0.218826+0.499681j,0.217849+1.810724j,0.020857-1.973737j,4.517182
0.218369+0.499724j,0.217577+1.810529j,0.021069-1.974074j,4.520372
0.217912+0.499766j,0.217305+1.810333j,0.021280-1.974411j,4.523563
0.217455+0.499808j,0.217032+1.810138j,0.021492-1.974747j,4.526753
0.216998+0.499850j,0.216758+1.809942j,0.021703-1.975084j,4.529944
0.216541+0.499891j,0.216483+1.809746j,0.021915-1.975421j,4.533135
0.216084+0.499931j,0.216209+1.809550j,0.022126-1.975758j,4.536326
0.215628+0.499972j,0.215933+1.809354j,0.022337-1.976095j,4.539517
0.215171+0.500012j,0.215657+1.809157j,0.022549-1.976432j,4.542708
0.214715+0.500052j,0.215380+1.808960j,0.022760-1.976769j,4.545899
0.214258+0.500091j,0.215103+1.808763j,0.022971-1.977106j,4.549090
0.213802+0.500130j,0.214825+1.808566j,0.023182-1.977443j,4.552282
0.213346+0.500168j,0.214547+1.808368j,0.023394-1.977781j,4.555473
0.212890+0.500206j,0.214268+1.808170j,0.023605-1.978118j,4.558665
0.212434+0.500244j,0.213988+1.807972j,0.023816-1.978455j,4.561856
0.211978+0.500281j,0.213708+1.807774j,0.024027-1.978792j,4.565048
0.211522+0.500318j,0.213427+1.807575j,0.024238-1.979130j,4.568240
0.211067+0.500355j,0.213146+1.807376j,0.024449-1.979467j,4.571432
0.210611+0.500391j,0.212864+1.807177j,0.024660-1.979804j,4.574624
0.210155+0.500427j,0.212581+1.806978j,0.024871-1.980142j,4.577816
0.209700+0.500463j,0.212298+1.806779j,0.025082-1.980479j,4.581008
0.209245+0.500498j,0.212014+1.806579j,0.025293-1.980817j,4.584201
0.208789+0.500533j,0.211730+1.806379j,0.025504-1.981154j,4.587393
0.208334+0.500567j,0.211445+1.806179j,0.025715-1.981492j,4.590585
0.207879+0.500601j,0.211159+1.805978j,0.025926-1.981830j,4.593778
0.207424+0.500635j,0.210873+1.805777j,0.026136-1.982167j,4.596971
0.206969+0.500668j,0.210586+1.805576j,0.026347-1.982505j,4.600164
0.206515+0.500701j,0.210299+1.805375j,0.026558-1.982843j,4.603356
0.206060+0.500734j,0.210011+1.805174j,0.026769-1.983180j,4.606549
0.205605+0.500766j,0.209722+1.804972j,0.026979-1.983518j,4.609742
0.205151+0.500798j,0.209433+1.804770j,0.027190-1.983856j,4.612936
0.204696+0.500829j,0.209143+1.804568j,0.027400-1.984194j,4.616129
0.204242+0.500860j,0.208853+1.804365j,0.027611-1.984532j,4.619322
0.203788+0.500891j,0.208562+1.804162j,0.027822-1.984870j,4.622516
0.203334+0.500921j,0.208270+1.803960j,0.028032-1.985207j,4.625709
0.202880+0.500951j,0.207978+1.803756j,0.028243-1.985545j,4.628903
0.202426+0.500981j,0.207685+1.803553j,0.028453-1.985884j,4.632097
0.201972+0.501010j,0.207391+1.803349j,0.028663-1.986222j,4.635290
0.201518+0.501039j,0.207097+1.803145j,0.028874-1.986560j,4.638484
0.201065+0.501067j,0.206802+1.802941j,0.029084-1.986898j,4.641678
0.200611+0.501095j,0.206507+1.802736j,0.029295-1.987236j,4.644873
0.200158+0.501123j,0.206211+1.802532j,0.029505-1.987574j,4.648067
0.199704+0.501150j,0.205914+1.802326j,0.029715-1.987912j,4.651261
0.199251+0.501177j,0.205617+1.802121j,0.029925-1.988251j,4.654455
0.198798+0.501204j,0.205319+1.801916j,0.030136-1.988589j,4.657650
0.198345+0.501230j,0.205021+1.801710j,0.030346-1.988927j,4.660844
0.197892+0.501256j,0.204722+1.801504j,0.030556-1.989266j,4.664039
0.197439+0.501281j,0.204422+1.801297j,0.030766-1.989604j,4.667234
0.196986+0.501307j,0.204122+1.801091j,0.030976-1.989943j,4.670429
0.196534+0.501331j,0.203821+1.800884j,0.031186-1.990281j,4.673624
0.196081+0.501356j,0.203519+1.800677j,0.031396-1.990619j,4.676819
0.195629+0.501380j,0.203217+1.800469j,0.031606-1.990958j,4.680014
0.195177+0.501403j,0.202914+1.800262j,0.031816-1.991297j,4.683209
0.194724+0.501427j,0.202611+1.800054j,0.032026-1.991635j,4.686404
0.194272+0.501450j,0.202306+1.799846j,0.032236-1.991974j,4.689600
0.193820+0.501472j,0.202002+1.799637j,0.032446-1.992313j,4.692795
0.193368+0.501494j,0.201696+1.799428j,0.032656-1.992651j,4.695991
0.192916+0.501516j,0.201390+1.799219j,0.032866-1.992990j,4.699186
0.192465+0.501538j,0.201084+1.799010j,0.033076-1.993329j,4.702382
0.192013+0.501559j,0.200776+1.798800j,0.033285-1.993668j,4.705578
0.191561+0.501580j,0.200468+1.798591j,0.033495-1.994006j,4.708774
0.191110+0.501600j,0.200160+1.798381j,0.033705-1.994345j,4.711970
0.190659+0.501620j,0.199850+1.798170j,0.033915-1.994684j,4.715166
0.190207+0.501640j,0.199540+1.797959j,0.034124-1.995023j,4.718362
0.189756+0.501659j,0.199230+1.797748j,0.034334-1.995362j,4.721558
0.189305+0.501678j,0.198919+1.797537j,0.034543-1.995701j,4.724755
0.188854+0.501696j,0.198607+1.797326j,0.034753-1.996040j,4.727951
0.188404+0.501714j,0.198294+1.797114j,0.034962-1.996379j,4.731148
0.187953+0.501732j,0.197981+1.796902j,0.035172-1.996718j,4.734344
0.187502+0.501750j,0.197667+1.796689j,0.035381-1.997058j,4.737541
0.187052+0.501767j,0.197353+1.796477j,0.035591-1.997397j,4.740738
0.186601+0.501783j,0.197038+1.796264j,0.035800-1.997736j,4.743935
0.186151+0.501800j,0.196722+1.796051j,0.036010-1.998075j,4.747132
0.185701+0.501816j,0.196406+1.795837j,0.036219-1.998415j,4.750329
0.185251+0.501831j,0.196089+1.795623j,0.036428-1.998754j,4.753526
0.184801+0.501847j,0.195771+1.795409j,0.036638-1.999093j,4.756723
0.184351+0.501861j,0.195453+1.795195j,0.036847-1.999433j,4.759920
0.183901+0.501876j,0.195134+1.794980j,0.037056-1.999772j,4.763118
0.183452+0.501890j,0.194814+1.794765j,0.037265-2.000111j,4.766315
0.183002+0.501904j,0.194493+1.794550j,0.037475-2.000451j,4.769513
0.182553+0.501917j,0.194172+1.794335j,0.037684-2.000790j,4.772711
0.182103+0.501930j,0.193851+1.794119j,0.037893-2.001130j,4.775908
0.181654+0.501943j,0.193528+1.793903j,0.038102-2.001470j,4.779106
0.181205+0.501956j,0.193205+1.793686j,0.038311-2.001809j,4.782304
0.180756+0.501968j,0.192882+1.793469j,0.038520-2.002149j,4.785502
0.180307+0.501979j,0.192557+1.793252j,0.038729-2.002489j,4.788700
0.179858+0.501990j,0.192232+1.793035j,0.038938-2.002828j,4.791898
0.179410+0.502001j,0.191906+1.792817j,0.039147-2.003168j,4.795097
0.178961+0.502012j,0.191580+1.792600j,0.039356-2.003508j,4.798295
0.178513+0.502022j,0.191253+1.792381j,0.039565-2.003848j,4.801494
0.178065+0.502032j,0.190925+1.792163j,0.039774-2.004187j,4.804692
0.177616+0.502041j,0.190597+1.791944j,0.039982-2.004527j,4.807891
0.177168+0.502050j,0.190268+1.791725j,0.040191-2.004867j,4.811089
0.176720+0.502059j,0.189938+1.791505j,0.040400-2.005207j,4.814288
0.176272+0.502068j,0.189607+1.791286j,0.040609-2.005547j,4.817487
0.175825+0.502076j,0.189276+1.791065j,0.040817-2.005887j,4.820686
0.175377+0.502083j,0.188944+1.790845j,0.041026-2.006227j,4.823885
0.174929+0.502091j,0.188612+1.790624j,0.041235-2.006567j,4.827084
0.174482+0.502097j,0.188279+1.790403j,0.041443-2.006907j,4.830283
0.174035+0.502104j,0.187945+1.790182j,0.041652-2.007247j,4.833482
0.173587+0.502110j,0.187610+1.789960j,0.041860-2.007588j,4.836682
0.173140+0.502116j,0.187275+1.789738j,0.042069-2.007928j,4.839881
0.172693+0.502122j,0.186939+1.789516j,0.042277-2.008268j,4.843081
0.172246+0.502127j,0.186602+1.789294j,0.042486-2.008608j,4.846280
0.171800+0.502132j,0.186265+1.789071j,0.042694-2.008949j,4.849480
0.171353+0.502136j,0.185926+1.788848j,0.042903-2.009289j,4.852680
0.170906+0.502140j,0.185588+1.788624j,0.043111-2.009629j,4.855880
0.170460+0.502144j,0.185248+1.788400j,0.043320-2.009970j,4.859080
0.170014+0.502147j,0.184908+1.788176j,0.043528-2.010310j,4.862280
0.169568+0.502150j,0.184567+1.787951j,0.043736-2.010651j,4.865480
0.169122+0.502153j,0.184225+1.787727j,0.043944-2.010991j,4.868680
0.168676+0.502155j,0.183883+1.787501j,0.044153-2.011332j,4.871880
0.168230+0.502157j,0.183540+1.787276j,0.044361-2.011672j,4.875080
0.167784+0.502159j,0.183196+1.787050j,0.044569-2.012013j,4.878281
0.167338+0.502160j,0.182852+1.786824j,0.044777-2.012353j,4.881481
0.166893+0.502161j,0.182507+1.786598j,0.044985-2.012694j,4.884682
0.166448+0.502161j,0.182161+1.786371j,0.045193-2.013035j,4.887882
0.166002+0.502161j,0.181814+1.786144j,0.045401-2.013375j,4.891083
0.165557+0.502161j,0.181467+1.785916j,0.045609-2.013716j,4.894284
0.165112+0.502160j,0.181119+1.785688j,0.045817-2.014057j,4.897485
0.164667+0.502160j,0.180770+1.785460j,0.046025-2.014398j,4.900686
0.164223+0.502158j,0.180421+1.785232j,0.046233-2.014738j,4.903887
0.163778+0.502157j,0.180070+1.785003j,0.046441-2.015079j,4.907088
0.163333+0.502155j,0.179720+1.784774j,0.046649-2.015420j,4.910289
0.162889+0.502152j,0.179368+1.784544j,0.046857-2.015761j,4.913490
0.162445+0.502150j,0.179016+1.784314j,0.047065-2.016102j,4.916692
0.162000+0.502147j,0.178662+1.784084j,0.047273-2.016443j,4.919893
0.161556+0.502143j,0.178309+1.783854j,0.047480-2.016784j,4.923095
0.161112+0.502139j,0.177954+1.783623j,0.047688-2.017125j,4.926296
0.160669+0.502135j,0.177599+1.783392j,0.047896-2.017466j,4.929498
0.160225+0.502131j,0.177243+1.783160j,0.048104-2.017807j,4.932700
0.159781+0.502126j,0.176886+1.782928j,0.048311-2.018148j,4.935901
0.159338+0.502121j,0.176528+1.782696j,0.048519-2.018490j,4.939103
0.158895+0.502115j,0.176170+1.782463j,0.048726-2.018831j,4.942305
0.158451+0.502109j,0.175811+1.782230j,0.048934-2.019172j,4.945507
0.158008+0.502103j,0.175451+1.781997j,0.049142-2.019513j,4.948709
0.157565+0.502097j,0.175091+1.781763j,0.049349-2.019855j,4.951911
0.157122+0.502090j,0.174730+1.781529j,0.049557-2.020196j,4.955114
0.156680+0.502082j,0.174368+1.781295j,0.049764-2.020537j,4.958316
0.156237+0.502075j,0.174005+1.781060j,0.049971-2.020879j,4.961518
0.155795+0.502067j,0.173641+1.780825j,0.050179-2.021220j,4.964721
0.155352+0.502058j,0.173277+1.780589j,0.050386-2.021562j,4.967923
0.154910+0.502050j,0.172912+1.780354j,0.050594-2.021903j,4.971126
0.154468+0.502041j,0.172546+1.780117j,0.050801-2.022245j,4.974329
0.154026+0.502031j,0.172180+1.779881j,0.051008-2.022586j,4.977531
0.153584+0.502021j,0.171813+1.779644j,0.051215-2.022928j,4.980734
0.153142+0.502011j,0.171445+1.779406j,0.051423-2.023269j,4.983937
0.152701+0.502001j,0.171076+1.779169j,0.051630-2.023611j,4.987140
0.152259+0.501990j,0.170706+1.778931j,0.051837-2.023953j,4.990343
0.151818+0.501979j,0.170336+1.778692j,0.052044-2.024294j,4.993546
0.151377+0.501967j,0.169965+1.778454j,0.052251-2.024636j,4.996750
0.150936+0.501956j,0.169593+1.778214j,0.052458-2.024978j,4.999953
0.150495+0.501943j,0.169220+1.777975j,0.052665-2.025320j,5.003156
0.150054+0.501931j,0.168847+1.777735j,0.052872-2.025661j,5.006360
0.149613+0.501918j,0.168473+1.777495j,0.053079-2.026003j,5.009563
0.149172+0.501905j,0.168098+1.777254j,0.053286-2.026345j,5.012767
0.148732+0.501891j,0.167722+1.777013j,0.053493-2.026687j,5.015970
0.148292+0.501877j,0.167345+1.776771j,0.053700-2.027029j,5.019174
0.147851+0.501863j,0.166968+1.776530j,0.053907-2.027371j,5.022378
0.147411+0.501848j,0.166590+1.776287j,0.054114-2.027713j,5.025581
0.146971+0.501833j,0.166211+1.776045j,0.054321-2.028055j,5.028785
0.146531+0.501818j,0.165831+1.775802j,0.054528-2.028397j,5.031989
0.146092+0.501802j,0.165451+1.775558j,0.054734-2.028739j,5.035193
0.145652+0.501786j,0.165070+1.775315j,0.054941-2.029081j,5.038397
0.145213+0.501770j,0.164687+1.775071j,0.055148-2.029423j,5.041602
0.144773+0.501753j,0.164305+1.774826j,0.055354-2.029765j,5.044806
0.144334+0.501736j,0.163921+1.774581j,0.055561-2.030108j,5.048010
0.143895+0.501719j,0.163537+1.774336j,0.055768-2.030450j,5.051215
0.143456+0.501701j,0.163151+1.774090j,0.055974-2.030792j,5.054419
0.143017+0.501683j,0.162765+1.773844j,0.056181-2.031134j,5.057623
0.142579+0.501664j,0.162378+1.773597j,0.056387-2.031477j,5.060828
0.142140+0.501646j,0.161991+1.773350j,0.056594-2.031819j,5.064033
0.141702+0.501626j,0.161602+1.773103j,0.056800-2.032161j,5.067237
0.141264+0.501607j,0.161213+1.772855j,0.057007-2.032504j,5.070442
0.140825+0.501587j,0.160823+1.772607j,0.057213-2.032846j,5.073647
0.140387+0.501567j,0.160432+1.772358j,0.057420-2.033189j,5.076852
0.139950+0.501546j,0.160040+1.772110j,0.057626-2.033531j,5.080057
0.139512+0.501526j,0.159648+1.771860j,0.057832-2.033874j,5.083262
0.139074+0.501504j,0.159254+1.771610j,0.058039-2.034216j,5.086467
0.138637+0.501483j,0.158860+1.771360j,0.058245-2.034559j,5.089672
0.138199+0.501461j,0.158465+1.771109j,0.058451-2.034901j,5.092877
0.137762+0.501439j,0.158069+1.770858j,0.058658-2.035244j,5.096083
0.137325+0.501416j,0.157672+1.770607j,0.058864-2.035587j,5.099288
0.136888+0.501393j,0.157275+1.770355j,0.059070-2.035929j,5.102493
0.136451+0.501370j,0.156877+1.770103j,0.059276-2.036272j,5.105699
0.136015+0.501346j,0.156477+1.769850j,0.059482-2.036615j,5.108904
0.135578+0.501322j,0.156077+1.769597j,0.059688-2.036958j,5.112110
0.135142+0.501298j,0.155676+1.769343j,0.059894-2.037300j,5.115316
0.134705+0.501273j,0.155275+1.769089j,0.060100-2.037643j,5.118521
0.134269+0.501248j,0.154872+1.768835j,0.060306-2.037986j,5.121727
0.133833+0.501223j,0.154469+1.768580j,0.060512-2.038329j,5.124933
0.133397+0.501197j,0.154065+1.768325j,0.060718-2.038672j,5.128139
0.132962+0.501171j,0.153660+1.768069j,0.060924-2.039015j,5.131345
0.132526+0.501145j,0.153254+1.767813j,0.061130-2.039358j,5.134551
0.132091+0.501118j,0.152847+1.767556j,0.061336-2.039701j,5.137757
0.131655+0.501091j,0.152439+1.767299j,0.061542-2.040044j,5.140963
0.131220+0.501064j,0.152031+1.767042j,0.061748-2.040387j,5.144170
0.130785+0.501036j,0.151621+1.766784j,0.061953-2.040730j,5.147376
0.130350+0.501008j,0.151211+1.766525j,0.062159-2.041073j,5.150582
0.129915+0.500980j,0.150800+1.766267j,0.062365-2.041416j,5.153789
0.129481+0.500951j,0.150388+1.766007j,0.062571-2.041759j,5.156995
0.129046+0.500922j,0.149975+1.765748j,0.062776-2.042103j,5.160201
0.128612+0.500893j,0.149561+1.765487j,0.062982-2.042446j,5.163408
0.128178+0.500863j,0.149147+1.765227j,0.063188-2.042789j,5.166615
0.127743+0.500833j,0.148731+1.764966j,0.063393-2.043132j,5.169821
0.127309+0.500802j,0.148315+1.764704j,0.063599-2.043476j,5.173028
0.126876+0.500772j,0.147898+1.764442j,0.063804-2.043819j,5.176235
0.126442+0.500740j,0.147480+1.764180j,0.064010-2.044162j,5.179442
0.126008+0.500709j,0.147061+1.763917j,0.064215-2.044506j,5.182649
0.125575+0.500677j,0.146641+1.763654j,0.064421-2.044849j,5.185856
0.125142+0.500645j,0.146220+1.763390j,0.064626-2.045193j,5.189063
0.124709+0.500613j,0.145798+1.763125j,0.064832-2.045536j,5.192270
0.124276+0.500580j,0.145376+1.762861j,0.065037-2.045880j,5.195477
0.123843+0.500547j,0.144952+1.762595j,0.065242-2.046223j,5.198684
0.123410+0.500513j,0.144528+1.762330j,0.065448-2.046567j,5.201891
0.122978+0.500479j,0.144103+1.762064j,0.065653-2.046910j,5.205099
0.122545+0.500445j,0.143677+1.761797j,0.065858-2.047254j,5.208306
0.122113+0.500411j,0.143249+1.761530j,0.066063-2.047598j,5.211513
0.121681+0.500376j,0.142821+1.761262j,0.066268-2.047941j,5.214721
0.121249+0.500341j,0.142393+1.760994j,0.066474-2.048285j,5.217928
0.120817+0.500305j,0.141963+1.760725j,0.066679-2.048629j,5.221136
0.120385+0.500269j,0.141532+1.760456j,0.066884-2.048973j,5.224343
0.119954+0.500233j,0.141100+1.760187j,0.067089-2.049316j,5.227551
0.119522+0.500197j,0.140668+1.759917j,0.067294-2.049660j,5.230759
0.119091+0.500160j,0.140234+1.759646j,0.067499-2.050004j,5.233967
0.118660+0.500123j,0.139800+1.759375j,0.067704-2.050348j,5.237174
0.118229+0.500085j,0.139365+1.759104j,0.067909-2.050692j,5.240382
0.117798+0.500048j,0.138928+1.758832j,0.068114-2.051036j,5.243590
0.117368+0.500009j,0.138491+1.758559j,0.068319-2.051380j,5.246798
0.116937+0.499971j,0.138053+1.758286j,0.068524-2.051724j,5.250006
0.116507+0.499932j,0.137614+1.758013j,0.068729-2.052068j,5.253214
0.116076+0.499893j,0.137174+1.757739j,0.068934-2.052412j,5.256422
0.115646+0.499853j,0.136733+1.757464j,0.069138-2.052756j,5.259631
0.115216+0.499813j,0.136291+1.757189j,0.069343-2.053100j,5.262839
0.114786+0.499773j,0.135848+1.756914j,0.069548-2.053444j,5.266047
0.114357+0.499733j,0.135404+1.756638j,0.069753-2.053788j,5.269255
0.113927+0.499692j,0.134959+1.756361j,0.069957-2.054132j,5.272464
0.113498+0.499651j,0.134514+1.756084j,0.070162-2.054476j,5.275672
0.113069+0.499609j,0.134067+1.755807j,0.070367-2.054821j,5.278881
0.112640+0.499567j,0.133619+1.755528j,0.070571-2.055165j,5.282089
0.112211+0.499525j,0.133170+1.755250j,0.070776-2.055509j,5.285298
0.111782+0.499483j,0.132721+1.754971j,0.070981-2.055853j,5.288506
0.111353+0.499440j,0.132270+1.754691j,0.071185-2.056198j,5.291715
0.110925+0.499397j,0.131819+1.754411j,0.071390-2.056542j,5.294924
0.110496+0.499353j,0.131366+1.754130j,0.071594-2.056886j,5.298132
0.110068+0.499310j,0.130913+1.753849j,0.071799-2.057231j,5.301341
0.109640+0.499265j,0.130458+1.753567j,0.072003-2.057575j,5.304550
0.109212+0.499221j,0.130003+1.753285j,0.072207-2.057920j,5.307759
0.108784+0.499176j,0.129546+1.753002j,0.072412-2.058264j,5.310968
0.108357+0.499131j,0.129089+1.752718j,0.072616-2.058609j,5.314177
0.107929+0.499086j,0.128630+1.752434j,0.072820-2.058953j,5.317386
0.107502+0.499040j,0.128171+1.752150j,0.073025-2.059298j,5.320595
0.107075+0.498994j,0.127710+1.751865j,0.073229-2.059642j,5.323804
0.106648+0.498947j,0.127249+1.751579j,0.073433-2.059987j,5.327013
0.106221+0.498900j,0.126786+1.751293j,0.073638-2.060332j,5.330222
0.105794+0.498853j,0.126323+1.751006j,0.073842-2.060676j,5.333431
0.105368+0.498806j,0.125858+1.750719j,0.074046-2.061021j,5.336640
0.104941+0.498758j,0.125392+1.750431j,0.074250-2.061366j,5.339850
0.104515+0.498710j,0.124926+1.750143j,0.074454-2.061710j,5.343059
0.104089+0.498661j,0.124458+1.749854j,0.074658-2.062055j,5.346268
0.103663+0.498613j,0.123990+1.749564j,0.074862-2.062400j,5.349478
0.103237+0.498564j,0.123520+1.749274j,0.075066-2.062745j,5.352687
0.102812+0.498514j,0.123049+1.748984j,0.075270-2.063090j,5.355897
0.102386+0.498465j,0.122578+1.748693j,0.075474-2.063435j,5.359106
0.101961+0.498414j,0.122105+1.748401j,0.075678-2.063779j,5.362316
0.101535+0.498364j,0.121631+1.748108j,0.075882-2.064124j,5.365525
0.101110+0.498313j,0.121156+1.747815j,0.076086-2.064469j,5.368735
0.100686+0.498262j,0.120680+1.747522j,0.076290-2.064814j,5.371945
0.100261+0.498211j,0.120203+1.747228j,0.076494-2.065159j,5.375154
0.099836+0.498159j,0.119725+1.746933j,0.076698-2.065504j,5.378364
0.099412+0.498107j,0.119246+1.746638j,0.076901-2.065849j,5.381574
0.098988+0.498055j,0.118766+1.746342j,0.077105-2.066195j,5.384784
0.098563+0.498002j,0.118285+1.746045j,0.077309-2.066540j,5.387993
0.098139+0.497949j,0.117803+1.745748j,0.077513-2.066885j,5.391203
0.097716+0.497896j,0.117319+1.745451j,0.077716-2.067230j,5.394413
0.097292+0.497842j,0.116835+1.745152j,0.077920-2.067575j,5.397623
0.096868+0.497788j,0.116349+1.744853j,0.078124-2.067920j,5.400833
0.096445+0.497734j,0.115863+1.744554j,0.078327-2.068266j,5.404043
0.096022+0.497679j,0.115375+1.744254j,0.078531-2.068611j,5.407253
0.095599+0.497624j,0.114886+1.743953j,0.078734-2.068956j,5.410463
0.095176+0.497569j,0.114396+1.743652j,0.078938-2.069301j,5.413673
0.094753+0.497514j,0.113905+1.743350j,0.079141-2.069647j,5.416883
0.094331+0.497458j,0.113413+1.743047j,0.079345-2.069992j,5.420094
0.093908+0.497401j,0.112920+1.742744j,0.079548-2.070337j,5.423304
0.093486+0.497345j,0.112426+1.742440j,0.079752-2.070683j,5.426514
0.093064+0.497288j,0.111931+1.742136j,0.079955-2.071028j,5.429724
0.092642+0.497231j,0.111434+1.741831j,0.080158-2.071374j,5.432935
0.092220+0.497173j,0.110936+1.741525j,0.080362-2.071719j,5.436145
0.091799+0.497115j,0.110438+1.741219j,0.080565-2.072065j,5.439355
0.091377+0.497057j,0.109938+1.740912j,0.080768-2.072410j,5.442566
0.090956+0.496999j,0.109437+1.740604j,0.080971-2.072756j,5.445776
0.090535+0.496940j,0.108935+1.740296j,0.081175-2.073101j,5.448986
0.090114+0.496881j,0.108431+1.739987j,0.081378-2.073447j,5.452197
0.089693+0.496821j,0.107927+1.739677j,0.081581-2.073793j,5.455407
0.089272+0.496762j,0.107421+1.739367j,0.081784-2.074138j,5.458618
0.088852+0.496702j,0.106915+1.739056j,0.081987-2.074484j,5.461828
0.088431+0.496641j,0.106407+1.738744j,0.082190-2.074830j,5.465039
0.088011+0.496580j,0.105898+1.738432j,0.082394-2.075176j,5.468250
0.087591+0.496519j,0.105387+1.738119j,0.082597-2.075521j,5.471460
0.087171+0.496458j,0.104876+1.737806j,0.082800-2.075867j,5.474671
0.086751+0.496396j,0.104364+1.737492j,0.083003-2.076213j,5.477881
0.086332+0.496334j,0.103850+1.737177j,0.083206-2.076559j,5.481092
0.085912+0.496272j,0.103335+1.736861j,0.083408-2.076905j,5.484303
0.085493+0.496209j,0.102819+1.736545j,0.083611-2.077250j,5.487513
0.085074+0.496146j,0.102302+1.736228j,0.083814-2.077596j,5.490724
0.084655+0.496083j,0.101783+1.735910j,0.084017-2.077942j,5.493935
0.084236+0.496019j,0.101263+1.735592j,0.084220-2.078288j,5.497146
0.083818+0.495956j,0.100743+1.735273j,0.084423-2.078634j,5.500357
0.083399+0.495891j,0.100220+1.734953j,0.084626-2.078980j,5.503567
0.082981+0.495827j,0.099697+1.734633j,0.084828-2.079326j,5.506778
0.082563+0.495762j,0.099173+1.734312j,0.085031-2.079672j,5.509989
0.082145+0.495697j,0.098647+1.733990j,0.085234-2.080018j,5.513200
0.081727+0.495631j,0.098120+1.733667j,0.085436-2.080365j,5.516411
0.081310+0.495565j,0.097592+1.733344j,0.085639-2.080711j,5.519622
0.080892+0.495499j,0.097062+1.733020j,0.085842-2.081057j,5.522833
0.080475+0.495433j,0.096532+1.732696j,0.086044-2.081403j,5.526044
0.080058+0.495366j,0.096000+1.732370j,0.086247-2.081749j,5.529255
0.079641+0.495299j,0.095467+1.732044j,0.086449-2.082095j,5.532466
0.079224+0.495232j,0.094932+1.731717j,0.086652-2.082442j,5.535676
0.078807+0.495164j,0.094397+1.731390j,0.086854-2.082788j,5.538887
0.078391+0.495096j,0.093860+1.731061j,0.087057-2.083134j,5.542099
0.077975+0.495027j,0.093322+1.730732j,0.087259-2.083481j,5.545310
0.077559+0.494959j,0.092782+1.730402j,0.087462-2.083827j,5.548521
0.077143+0.494890j,0.092242+1.730072j,0.087664-2.084173j,5.551732
0.076727+0.494821j,0.091700+1.729741j,0.087866-2.084520j,5.554943
0.076311+0.494751j,0.091156+1.729408j,0.088069-2.084866j,5.558154
0.075896+0.494681j,0.090612+1.729076j,0.088271-2.085213j,5.561365
0.075480+0.494611j,0.090066+1.728742j,0.088473-2.085559j,5.564576
0.075065+0.494540j,0.089519+1.728408j,0.088676-2.085906j,5.567787
0.074650+0.494469j,0.088970+1.728073j,0.088878-2.086252j,5.570998
0.074235+0.494398j,0.088421+1.727737j,0.089080-2.086599j,5.574209
0.073821+0.494327j,0.087870+1.727400j,0.089282-2.086945j,5.577420
0.073406+0.494255j,0.087317+1.727063j,0.089484-2.087292j,5.580632
0.072992+0.494183j,0.086763+1.726724j,0.089687-2.087638j,5.583843
0.072578+0.494110j,0.086208+1.726385j,0.089889-2.087985j,5.587054
0.072164+0.494038j,0.085652+1.726046j,0.090091-2.088332j,5.590265
0.071750+0.493965j,0.085094+1.725705j,0.090293-2.088678j,5.593476
0.071336+0.493891j,0.084535+1.725364j,0.090495-2.089025j,5.596687
0.070923+0.493818j,0.083975+1.725021j,0.090697-2.089372j,5.599899
0.070509+0.493744j,0.083413+1.724678j,0.090899-2.089718j,5.603110
0.070096+0.493669j,0.082850+1.724335j,0.091101-2.090065j,5.606321
0.069683+0.493595j,0.082285+1.723990j,0.091303-2.090412j,5.609532
0.069271+0.493520j,0.081719+1.723645j,0.091505-2.090759j,5.612743
0.068858+0.493445j,0.081152+1.723298j,0.091706-2.091106j,5.615955
0.068445+0.493369j,0.080584+1.722951j,0.091908-2.091453j,5.619166
0.068033+0.493293j,0.080014+1.722603j,0.092110-2.091799j,5.622377
0.067621+0.493217j,0.079442+1.722254j,0.092312-2.092146j,5.625588
0.067209+0.493141j,0.078869+1.721905j,0.092514-2.092493j,5.628799
0.066797+0.493064j,0.078295+1.721554j,0.092715-2.092840j,5.632011
0.066386+0.492987j,0.077719+1.721203j,0.092917-2.093187j,5.635222
0.065974+0.492910j,0.077142+1.720851j,0.093119-2.093534j,5.638433
0.065563+0.492832j,0.076564+1.720498j,0.093320-2.093881j,5.641644
0.065152+0.492754j,0.075984+1.720144j,0.093522-2.094228j,5.644855
0.064741+0.492676j,0.075402+1.719789j,0.093724-2.094575j,5.648067
0.064330+0.492597j,0.074820+1.719434j,0.093925-2.094923j,5.651278
0.063920+0.492518j,0.074235+1.719077j,0.094127-2.095270j,5.654489
0.063509+0.492439j,0.073650+1.718720j,0.094328-2.095617j,5.657700
0.063099+0.492359j,0.073062+1.718362j,0.094530-2.095964j,5.660911
0.062689+0.492279j,0.072474+1.718003j,0.094731-2.096311j,5.664122
0.062279+0.492199j,0.071884+1.717643j,0.094933-2.096658j,5.667334
0.061869+0.492119j,0.071292+1.717282j,0.095134-2.097006j,5.670545
0.061460+0.492038j,0.070699+1.716920j,0.095336-2.097353j,5.673756
0.061050+0.491957j,0.070104+1.716557j,0.095537-2.097700j,5.676967
0.060641+0.491876j,0.069508+1.716193j,0.095738-2.098047j,5.680178
0.060232+0.491794j,0.068911+1.715829j,0.095940-2.098395j,5.683389
0.059823+0.491712j,0.068311+1.715463j,0.096141-2.098742j,5.686600
0.059414+0.491630j,0.067711+1.715097j,0.096342-2.099089j,5.689811
0.059006+0.491547j,0.067109+1.714730j,0.096544-2.099437j,5.693023
0.058598+0.491464j,0.066505+1.714361j,0.096745-2.099784j,5.696234
0.058189+0.491381j,0.065900+1.713992j,0.096946-2.100132j,5.699445
0.057781+0.491298j,0.065293+1.713622j,0.097147-2.100479j,5.702656
0.057374+0.491214j,0.064684+1.713251j,0.097348-2.100827j,5.705867
0.056966+0.491130j,0.064075+1.712879j,0.097549-2.101174j,5.709078
0.056558+0.491045j,0.063463+1.712506j,0.097751-2.101522j,5.712289
0.056151+0.490961j,0.062850+1.712132j,0.097952-2.101869j,5.715500
0.055744+0.490875j,0.062235+1.711757j,0.098153-2.102217j,5.718711
0.055337+0.490790j,0.061619+1.711381j,0.098354-2.102564j,5.721922
0.054930+0.490705j,0.061001+1.711004j,0.098555-2.102912j,5.725133
0.054524+0.490619j,0.060382+1.710626j,0.098756-2.103260j,5.728343
0.054117+0.490532j,0.059761+1.710247j,0.098957-2.103607j,5.731554
0.053711+0.490446j,0.059138+1.709867j,0.099158-2.103955j,5.734765
0.053305+0.490359j,0.058513+1.709486j,0.099358-2.104303j,5.737976
0.052899+0.490272j,0.057888+1.709104j,0.099559-2.104650j,5.741187
0.052493+0.490184j,0.057260+1.708721j,0.099760-2.104998j,5.744398
0.052088+0.490097j,0.056631+1.708337j,0.099961-2.105346j,5.747609
0.051683+0.490009j,0.056000+1.707952j,0.100162-2.105694j,5.750819
0.051277+0.489920j,0.055367+1.707566j,0.100363-2.106042j,5.754030
0.050872+0.489832j,0.054733+1.707179j,0.100563-2.106389j,5.757241
0.050468+0.489743j,0.054097+1.706791j,0.100764-2.106737j,5.760451
0.050063+0.489654j,0.053459+1.706402j,0.100965-2.107085j,5.763662
0.049658+0.489564j,0.052820+1.706011j,0.101165-2.107433j,5.766873
0.049254+0.489474j,0.052178+1.705620j,0.101366-2.107781j,5.770083
0.048850+0.489384j,0.051536+1.705228j,0.101567-2.108129j,5.773294
0.048446+0.489294j,0.050891+1.704834j,0.101767-2.108477j,5.776504
0.048042+0.489203j,0.050245+1.704440j,0.101968-2.108825j,5.779715
0.047639+0.489112j,0.049597+1.704044j,0.102168-2.109173j,5.782925
0.047235+0.489021j,0.048947+1.703647j,0.102369-2.109521j,5.786136
0.046832+0.488929j,0.048295+1.703250j,0.102569-2.109869j,5.789346
0.046429+0.488837j,0.047642+1.702851j,0.102770-2.110217j,5.792557
0.046026+0.488745j,0.046987+1.702451j,0.102970-2.110565j,5.795767
0.045624+0.488652j,0.046330+1.702049j,0.103171-2.110913j,5.798977
0.045221+0.488559j,0.045671+1.701647j,0.103371-2.111262j,5.802188
0.044819+0.488466j,0.045011+1.701244j,0.103572-2.111610j,5.805398
0.044417+0.488373j,0.044348+1.700839j,0.103772-2.111958j,5.808608
0.044015+0.488279j,0.043684+1.700433j,0.103972-2.112306j,5.811818
0.043613+0.488185j,0.043018+1.700026j,0.104173-2.112654j,5.815029
0.043211+0.488091j,0.042350+1.699618j,0.104373-2.113003j,5.818239
0.042810+0.487996j,0.041680+1.699209j,0.104573-2.113351j,5.821449
0.042409+0.487901j,0.041009+1.698799j,0.104773-2.113699j,5.824659
0.042008+0.487806j,0.040335+1.698387j,0.104974-2.114047j,5.827869
0.041607+0.487711j,0.039660+1.697974j,0.105174-2.114396j,5.831079
0.041206+0.487615j,0.038982+1.697560j,0.105374-2.114744j,5.834289
0.040806+0.487519j,0.038303+1.697145j,0.105574-2.115093j,5.837498
0.040405+0.487422j,0.037622+1.696729j,0.105774-2.115441j,5.840708
0.040005+0.487326j,0.036939+1.696311j,0.105974-2.115789j,5.843918
0.039605+0.487229j,0.036254+1.695892j,0.106174-2.116138j,5.847128
0.039205+0.487132j,0.035567+1.695472j,0.106374-2.116486j,5.850337
0.038806+0.487034j,0.034878+1.695051j,0.106574-2.116835j,5.853547
0.038407+0.486936j,0.034187+1.694628j,0.106774-2.117183j,5.856757
0.038007+0.486838j,0.033494+1.694204j,0.106974-2.117532j,5.859966
0.037608+0.486740j,0.032799+1.693779j,0.107174-2.117880j,5.863176
0.037209+0.486641j,0.032102+1.693353j,0.107374-2.118229j,5.866385
0.036811+0.486542j,0.031403+1.692925j,0.107574-2.118578j,5.869595
0.036412+0.486443j,0.030702+1.692496j,0.107774-2.118926j,5.872804
0.036014+0.486343j,0.029999+1.692066j,0.107974-2.119275j,5.876013
0.035616+0.486243j,0.029294+1.691634j,0.108173-2.119623j,5.879222
0.035218+0.486143j,0.028587+1.691201j,0.108373-2.119972j,5.882432
0.034820+0.486042j,0.027878+1.690767j,0.108573-2.120321j,5.885641
0.034423+0.485942j,0.027166+1.690331j,0.108773-2.120670j,5.888850
0.034025+0.485841j,0.026453+1.689894j,0.108972-2.121018j,5.892059
0.033628+0.485739j,0.025737+1.689456j,0.109172-2.121367j,5.895268
0.033231+0.485638j,0.025019+1.689016j,0.109372-2.121716j,5.898477
0.032834+0.485536j,0.024300+1.688575j,0.109571-2.122065j,5.901685
0.032438+0.485434j,0.023578+1.688133j,0.109771-2.122413j,5.904894
0.032041+0.485331j,0.022853+1.687689j,0.109970-2.122762j,5.908103
0.031645+0.485228j,0.022127+1.687244j,0.110170-2.123111j,5.911311
0.031249+0.485125j,0.021398+1.686797j,0.110370-2.123460j,5.914520
0.030853+0.485022j,0.020667+1.686349j,0.110569-2.123809j,5.917728
0.030457+0.484918j,0.019934+1.685899j,0.110769-2.124158j,5.920937
0.030062+0.484814j,0.019199+1.685448j,0.110968-2.124507j,5.924145
0.029667+0.484710j,0.018462+1.684996j,0.111167-2.124856j,5.927354
0.029272+0.484605j,0.017722+1.684542j,0.111367-2.125205j,5.930562
0.028877+0.484501j,0.016980+1.684087j,0.111566-2.125554j,5.933770
0.028482+0.484396j,0.016235+1.683630j,0.111766-2.125903j,5.936978
0.028087+0.484290j,0.015489+1.683172j,0.111965-2.126252j,5.940186
0.027693+0.484184j,0.014740+1.682712j,0.112164-2.126601j,5.943394
0.027299+0.484079j,0.013988+1.682251j,0.112364-2.126950j,5.946602
0.026905+0.483972j,0.013234+1.681788j,0.112563-2.127299j,5.949810
0.026511+0.483866j,0.012478+1.681323j,0.112762-2.127648j,5.953017
0.026117+0.483759j,0.011720+1.680857j,0.112961-2.127997j,5.956225
0.025724+0.483652j,0.010959+1.680390j,0.113161-2.128347j,5.959433
0.025331+0.483544j,0.010195+1.679921j,0.113360-2.128696j,5.962640
0.024938+0.483437j,0.009430+1.679450j,0.113559-2.129045j,5.965848
0.024545+0.483329j,0.008661+1.678978j,0.113758-2.129394j,5.969055
0.024152+0.483220j,0.007891+1.678504j,0.113957-2.129744j,5.972262
0.023760+0.483112j,0.007117+1.678028j,0.114156-2.130093j,5.975469
0.023367+0.483003j,0.006342+1.677551j,0.114355-2.130442j,5.978676
0.022975+0.482894j,0.005563+1.677073j,0.114554-2.130791j,5.981883
0.022583+0.482785j,0.004783+1.676592j,0.114753-2.131141j,5.985090
0.022192+0.482675j,0.003999+1.676110j,0.114952-2.131490j,5.988297
0.021800+0.482565j,0.003213+1.675626j,0.115151-2.131839j,5.991504
0.021409+0.482455j,0.002425+1.675141j,0.115350-2.132189j,5.994710
0.021018+0.482344j,0.001634+1.674654j,0.115549-2.132538j,5.997917
0.020627+0.482233j,0.000840+1.674165j,0.115748-2.132888j,6.001123
0.020236+0.482122j,0.000043+1.673674j,0.115947-2.133237j,6.004330
0.019845+0.482011j,-0.000756+1.673182j,0.116146-2.133587j,6.007536
0.019455+0.481899j,-0.001558+1.672688j,0.116344-2.133936j,6.010742
0.019065+0.481787j,-0.002362+1.672192j,0.116543-2.134286j,6.013948
0.018675+0.481675j,-0.003169+1.671694j,0.116742-2.134635j,6.017154
0.018285+0.481563j,-0.003979+1.671194j,0.116941-2.134985j,6.020360
0.017896+0.481450j,-0.004792+1.670693j,0.117139-2.135334j,6.023566
0.017506+0.481337j,-0.005608+1.670190j,0.117338-2.135684j,6.026772
0.017117+0.481223j,-0.006426+1.669685j,0.117537-2.136033j,6.029977
0.016728+0.481110j,-0.007247+1.669178j,0.117735-2.136383j,6.033183
0.016339+0.480996j,-0.008072+1.668669j,0.117934-2.136733j,6.036388
0.015950+0.480882j,-0.008899+1.668159j,0.118133-2.137082j,6.039593
0.015562+0.480767j,-0.009728+1.667646j,0.118331-2.137432j,6.042798
0.015174+0.480652j,-0.010561+1.667132j,0.118530-2.137782j,6.046004
0.014786+0.480537j,-0.011397+1.666615j,0.118728-2.138132j,6.049208
0.014398+0.480422j,-0.012236+1.666097j,0.118927-2.138481j,6.052413
0.014010+0.480307j,-0.013078+1.665577j,0.119125-2.138831j,6.055618
0.013623+0.480191j,-0.013922+1.665054j,0.119324-2.139181j,6.058823
0.013236+0.480075j,-0.014770+1.664530j,0.119522-2.139531j,6.062027
0.012848+0.479958j,-0.015621+1.664004j,0.119720-2.139880j,6.065231
0.012462+0.479841j,-0.016475+1.663475j,0.119919-2.140230j,6.068436
0.012075+0.479724j,-0.017332+1.662945j,0.120117-2.140580j,6.071640
0.011688+0.479607j,-0.018192+1.662412j,0.120315-2.140930j,6.074844
0.011302+0.479490j,-0.019056+1.661877j,0.120514-2.141280j,6.078048
0.010916+0.479372j,-0.019922+1.661341j,0.120712-2.141630j,6.081251
0.010530+0.479254j,-0.020792+1.660802j,0.120910-2.141980j,6.084455
0.010144+0.479135j,-0.021665+1.660261j,0.121108-2.142330j,6.087658
0.009759+0.479017j,-0.022542+1.659717j,0.121307-2.142680j,6.090862
0.009374+0.478898j,-0.023422+1.659172j,0.121505-2.143030j,6.094065
0.008989+0.478779j,-0.024305+1.658624j,0.121703-2.143380j,6.097268
0.008604+0.478659j,-0.025191+1.658075j,0.121901-2.143730j,6.100471
0.008219+0.478539j,-0.026081+1.657522j,0.122099-2.144080j,6.103674
0.007834+0.478419j,-0.026974+1.656968j,0.122297-2.144430j,6.106877
0.007450+0.478299j,-0.027871+1.656411j,0.122495-2.144780j,6.110079
0.007066+0.478178j,-0.028771+1.655852j,0.122694-2.145130j,6.113282
0.006682+0.478058j,-0.029675+1.655291j,0.122892-2.145480j,6.116484
0.006298+0.477936j,-0.030582+1.654727j,0.123090-2.145830j,6.119686
0.005915+0.477815j,-0.031493+1.654161j,0.123288-2.146181j,6.122888
0.005531+0.477693j,-0.032407+1.653593j,0.123485-2.146531j,6.126090
0.005148+0.477571j,-0.033326+1.653022j,0.123683-2.146881j,6.129292
0.004765+0.477449j,-0.034247+1.652448j,0.123881-2.147231j,6.132493
0.004383+0.477327j,-0.035173+1.651872j,0.124079-2.147582j,6.135695
0.004000+0.477204j,-0.036102+1.651294j,0.124277-2.147932j,6.138896
0.003618+0.477081j,-0.037035+1.650713j,0.124475-2.148282j,6.142097
0.003236+0.476958j,-0.037972+1.650130j,0.124673-2.148632j,6.145298
0.002854+0.476834j,-0.038913+1.649544j,0.124870-2.148983j,6.148499
0.002472+0.476710j,-0.039858+1.648955j,0.125068-2.149333j,6.151699
0.002090+0.476586j,-0.040807+1.648364j,0.125266-2.149683j,6.154900
0.001709+0.476462j,-0.041759+1.647770j,0.125464-2.150034j,6.158100
0.001328+0.476337j,-0.042716+1.647173j,0.125661-2.150384j,6.161300
0.000947+0.476212j,-0.043677+1.646574j,0.125859-2.150735j,6.164500
0.000566+0.476087j,-0.044642+1.645972j,0.126057-2.151085j,6.167700
0.000186+0.475961j,-0.045611+1.645367j,0.126254-2.151435j,6.170900
-0.000195+0.475835j,-0.046584+1.644759j,0.126452-2.151786j,6.174099
-0.000575+0.475709j,-0.047561+1.644149j,0.126649-2.152136j,6.177298
-0.000955+0.475583j,-0.048543+1.643535j,0.126847-2.152487j,6.180498
-0.001334+0.475456j,-0.049529+1.642919j,0.127045-2.152837j,6.183697
-0.001714+0.475330j,-0.050520+1.642300j,0.127242-2.153188j,6.186895
-0.002093+0.475203j,-0.051515+1.641678j,0.127440-2.153539j,6.190094
-0.002472+0.475075j,-0.052514+1.641053j,0.127637-2.153889j,6.193292
-0.002851+0.474947j,-0.053518+1.640424j,0.127834-2.154240j,6.196491
-0.003230+0.474820j,-0.054526+1.639793j,0.128032-2.154590j,6.199689
-0.003608+0.474691j,-0.055539+1.639159j,0.128229-2.154941j,6.202886
-0.003987+0.474563j,-0.056557+1.638522j,0.128427-2.155292j,6.206084
-0.004365+0.474434j,-0.057580+1.637881j,0.128624-2.155642j,6.209281
-0.004743+0.474305j,-0.058607+1.637237j,0.128821-2.155993j,6.212479
-0.005120+0.474176j,-0.059639+1.636590j,0.129019-2.156344j,6.215676
-0.005498+0.474046j,-0.060676+1.635940j,0.129216-2.156694j,6.218873
-0.005875+0.473917j,-0.061718+1.635286j,0.129413-2.157045j,6.222069
-0.006252+0.473786j,-0.062765+1.634629j,0.129610-2.157396j,6.225266
-0.006629+0.473656j,-0.063817+1.633969j,0.129807-2.157747j,6.228462
-0.007006+0.473526j,-0.064874+1.633305j,0.130005-2.158098j,6.231658
-0.007382+0.473395j,-0.065936+1.632638j,0.130202-2.158448j,6.234854
-0.007759+0.473264j,-0.067004+1.631967j,0.130399-2.158799j,6.238049
-0.008135+0.473132j,-0.068077+1.631293j,0.130596-2.159150j,6.241245
-0.008511+0.473000j,-0.069155+1.630615j,0.130793-2.159501j,6.244440
-0.008886+0.472869j,-0.070239+1.629933j,0.130990-2.159852j,6.247635
-0.009262+0.472736j,-0.071328+1.629248j,0.131187-2.160203j,6.250830
-0.009637+0.472604j,-0.072423+1.628559j,0.131384-2.160554j,6.254024
-0.010012+0.472471j,-0.073524+1.627866j,0.131581-2.160905j,6.257218
-0.010387+0.472338j,-0.074630+1.627170j,0.131778-2.161256j,6.260413
-0.010762+0.472205j,-0.075742+1.626469j,0.131975-2.161607j,6.263606
-0.011136+0.472071j,-0.076860+1.625764j,0.132172-2.161958j,6.266800
-0.011510+0.471938j,-0.077984+1.625056j,0.132369-2.162309j,6.269993
-0.011884+0.471804j,-0.079115+1.624343j,0.132566-2.162660j,6.273186
-0.012258+0.471669j,-0.080251+1.623627j,0.132763-2.163011j,6.276379
-0.012632+0.471535j,-0.081393+1.622906j,0.132960-2.163362j,6.279572
-0.013005+0.471400j,-0.082542+1.622181j,0.133156-2.163713j,6.282764
-0.013005+0.471400j,-0.082542+1.622181j,0.133156-2.163713j,6.282764
-0.013213+0.471857j,-0.083572+1.623565j,0.132733-2.163997j,6.286804
-0.013427+0.472312j,-0.084608+1.624943j,0.132314-2.164285j,6.290842
-0.013647+0.472764j,-0.085651+1.626316j,0.131899-2.164579j,6.294877
-0.013872+0.473214j,-0.086700+1.627683j,0.131488-2.164877j,6.298910
-0.014103+0.473660j,-0.087757+1.629045j,0.131081-2.165179j,6.302942
-0.014340+0.474103j,-0.088819+1.630401j,0.130678-2.165487j,6.306971
-0.014582+0.474544j,-0.089889+1.631752j,0.130279-2.165798j,6.310998
-0.014830+0.474981j,-0.090964+1.633097j,0.129885-2.166115j,6.315024
-0.015083+0.475416j,-0.092047+1.634436j,0.129494-2.166435j,6.319047
-0.015342+0.475847j,-0.093136+1.635770j,0.129108-2.166760j,6.323069
-0.015606+0.476274j,-0.094231+1.637099j,0.128727-2.167090j,6.327088
-0.015875+0.476699j,-0.095333+1.638421j,0.128349-2.167423j,6.331106
-0.016150+0.477120j,-0.096441+1.639739j,0.127976-2.167761j,6.335122
-0.016429+0.477537j,-0.097556+1.641050j,0.127608-2.168102j,6.339136
-0.016715+0.477951j,-0.098677+1.642356j,0.127243-2.168448j,6.343148
-0.017005+0.478362j,-0.099804+1.643657j,0.126884-2.168798j,6.347159
-0.017300+0.478768j,-0.100938+1.644951j,0.126529-2.169152j,6.351168
-0.017601+0.479171j,-0.102079+1.646241j,0.126178-2.169509j,6.355175
-0.017907+0.479570j,-0.103225+1.647524j,0.125832-2.169871j,6.359181
-0.018217+0.479965j,-0.104378+1.648802j,0.125491-2.170236j,6.363184
-0.018533+0.480357j,-0.105538+1.650074j,0.125155-2.170605j,6.367187
-0.018853+0.480744j,-0.106703+1.651341j,0.124823-2.170977j,6.371188
-0.019178+0.481127j,-0.107875+1.652602j,0.124496-2.171354j,6.375187
-0.019508+0.481506j,-0.109054+1.653857j,0.124174-2.171733j,6.379184
-0.019843+0.481881j,-0.110238+1.655107j,0.123856-2.172116j,6.383181
-0.020182+0.482252j,-0.111429+1.656351j,0.123543-2.172503j,6.387176
-0.020527+0.482618j,-0.112627+1.657589j,0.123236-2.172893j,6.391169
-0.020875+0.482981j,-0.113830+1.658822j,0.122933-2.173286j,6.395161
-0.021228+0.483338j,-0.115040+1.660049j,0.122635-2.173682j,6.399152
-0.021586+0.483691j,-0.116256+1.661270j,0.122342-2.174081j,6.403141
-0.021948+0.484040j,-0.117478+1.662485j,0.122054-2.174484j,6.407129
-0.022315+0.484384j,-0.118707+1.663695j,0.121771-2.174890j,6.411116
-0.022685+0.484724j,-0.119941+1.664898j,0.121493-2.175298j,6.415102
-0.023060+0.485058j,-0.121182+1.666097j,0.121220-2.175710j,6.419087
-0.023439+0.485388j,-0.122430+1.667289j,0.120952-2.176124j,6.423070
-0.023823+0.485714j,-0.123683+1.668475j,0.120689-2.176541j,6.427052
-0.024210+0.486034j,-0.124943+1.669656j,0.120431-2.176961j,6.431034
-0.024601+0.486350j,-0.126208+1.670831j,0.120179-2.177384j,6.435014
-0.024996+0.486660j,-0.127480+1.672000j,0.119932-2.177809j,6.438993
-0.025395+0.486966j,-0.128759+1.673163j,0.119689-2.178237j,6.442972
-0.025798+0.487266j,-0.130043+1.674320j,0.119452-2.178667j,6.446949
-0.026205+0.487562j,-0.131334+1.675472j,0.119221-2.179099j,6.450925
-0.026615+0.487852j,-0.132631+1.676617j,0.118994-2.179534j,6.454901
-0.027029+0.488137j,-0.133934+1.677757j,0.118773-2.179972j,6.458876
-0.027447+0.488417j,-0.135243+1.678891j,0.118557-2.180411j,6.462850
-0.027868+0.488692j,-0.136558+1.680018j,0.118346-2.180853j,6.466823
-0.028292+0.488961j,-0.137880+1.681140j,0.118141-2.181297j,6.470796
-0.028720+0.489225j,-0.139208+1.682256j,0.117941-2.181743j,6.474768
-0.029151+0.489484j,-0.140541+1.683365j,0.117746-2.182191j,6.478739
-0.029585+0.489737j,-0.141881+1.684469j,0.117557-2.182641j,6.482710
-0.030023+0.489984j,-0.143228+1.685566j,0.117373-2.183093j,6.486680
-0.030463+0.490227j,-0.144580+1.686658j,0.117194-2.183547j,6.490650
-0.030907+0.490463j,-0.145939+1.687743j,0.117021-2.184002j,6.494619
-0.031353+0.490694j,-0.147303+1.688822j,0.116853-2.184460j,6.498588
-0.031802+0.490920j,-0.148674+1.689896j,0.116690-2.184918j,6.502556
-0.032254+0.491139j,-0.150051+1.690963j,0.116533-2.185379j,6.506525
-0.032709+0.491353j,-0.151435+1.692023j,0.116382-2.185841j,6.510492
-0.033167+0.491562j,-0.152824+1.693078j,0.116236-2.186304j,6.514460
-0.033627+0.491764j,-0.154220+1.694126j,0.116095-2.186769j,6.518427
-0.034089+0.491961j,-0.155621+1.695168j,0.115960-2.187236j,6.522394
-0.034554+0.492152j,-0.157029+1.696204j,0.115830-2.187703j,6.526361
-0.035022+0.492337j,-0.158443+1.697233j,0.115706-2.188172j,6.530327
-0.035491+0.492516j,-0.159863+1.698256j,0.115587-2.188642j,6.534294
-0.035963+0.492689j,-0.161290+1.699273j,0.115474-2.189113j,6.538260
-0.036437+0.492857j,-0.162722+1.700283j,0.115367-2.189585j,6.542227
-0.036913+0.493018j,-0.164161+1.701287j,0.115264-2.190058j,6.546193
-0.037391+0.493173j,-0.165606+1.702284j,0.115168-2.190532j,6.550160
-0.037871+0.493323j,-0.167057+1.703275j,0.115076-2.191007j,6.554126
-0.038353+0.493466j,-0.168514+1.704259j,0.114991-2.191483j,6.558093
-0.038837+0.493603j,-0.169977+1.705237j,0.114911-2.191960j,6.562060
-0.039322+0.493734j,-0.171447+1.706208j,0.114836-2.192437j,6.566027
-0.039809+0.493859j,-0.172922+1.707172j,0.114767-2.192915j,6.569995
-0.040297+0.493978j,-0.174404+1.708130j,0.114704-2.193394j,6.573962
-0.040787+0.494091j,-0.175892+1.709081j,0.114646-2.193873j,6.577931
-0.041278+0.494197j,-0.177386+1.710025j,0.114593-2.194352j,6.581899
-0.041771+0.494298j,-0.178886+1.710963j,0.114546-2.194832j,6.585868
-0.042264+0.494392j,-0.180393+1.711894j,0.114505-2.195313j,6.589837
-0.042759+0.494480j,-0.181905+1.712818j,0.114469-2.195793j,6.593807
-0.043255+0.494562j,-0.183424+1.713735j,0.114439-2.196274j,6.597777
-0.043752+0.494637j,-0.184949+1.714645j,0.114414-2.196755j,6.601748
-0.044250+0.494706j,-0.186480+1.715548j,0.114395-2.197236j,6.605720
-0.044749+0.494769j,-0.188017+1.716444j,0.114382-2.197718j,6.609692
-0.045248+0.494826j,-0.189560+1.717333j,0.114374-2.198199j,6.613665
-0.045748+0.494877j,-0.191109+1.718215j,0.114371-2.198680j,6.617638
-0.046249+0.494921j,-0.192665+1.719090j,0.114374-2.199161j,6.621613
-0.046750+0.494959j,-0.194226+1.719958j,0.114383-2.199642j,6.625588
-0.047252+0.494990j,-0.195794+1.720819j,0.114397-2.200123j,6.629564
-0.047754+0.495015j,-0.197368+1.721672j,0.114416-2.200603j,6.633541
-0.048256+0.495034j,-0.198948+1.722518j,0.114441-2.201083j,6.637518
-0.048759+0.495047j,-0.200534+1.723357j,0.114472-2.201563j,6.641497
-0.049261+0.495053j,-0.202127+1.724188j,0.114508-2.202042j,6.645477
-0.049764+0.495053j,-0.203725+1.725012j,0.114549-2.202521j,6.649458
-0.050267+0.495047j,-0.205330+1.725829j,0.114597-2.202999j,6.653440
-0.050769+0.495034j,-0.206940+1.726637j,0.114649-2.203477j,6.657423
-0.051271+0.495015j,-0.208557+1.727439j,0.114707-2.203954j,6.661407
-0.051773+0.494990j,-0.210180+1.728233j,0.114771-2.204430j,6.665392
-0.052275+0.494959j,-0.211809+1.729019j,0.114840-2.204906j,6.669379
-0.052776+0.494921j,-0.213444+1.729797j,0.114914-2.205380j,6.673367
-0.053277+0.494877j,-0.215085+1.730568j,0.114994-2.205854j,6.677356
-0.053777+0.494826j,-0.216732+1.731331j,0.115079-2.206326j,6.681347
-0.054277+0.494769j,-0.218385+1.732086j,0.115170-2.206798j,6.685339
-0.054775+0.494706j,-0.220045+1.732833j,0.115266-2.207269j,6.689332
-0.055273+0.494637j,-0.221710+1.733572j,0.115367-2.207738j,6.693327
-0.055770+0.494562j,-0.223381+1.734303j,0.115474-2.208206j,6.697324
-0.056266+0.494480j,-0.225059+1.735026j,0.115586-2.208674j,6.701322
-0.056761+0.494392j,-0.226742+1.735741j,0.115704-2.209139j,6.705321
-0.057255+0.494298j,-0.228432+1.736447j,0.115827-2.209604j,6.709322
-0.057747+0.494197j,-0.230127+1.737146j,0.115955-2.210067j,6.713325
-0.058238+0.494091j,-0.231828+1.737836j,0.116089-2.210528j,6.717330
-0.058728+0.493978j,-0.233536+1.738518j,0.116228-2.210988j,6.721336
-0.059217+0.493859j,-0.235249+1.739191j,0.116372-2.211447j,6.725344
-0.059703+0.493734j,-0.236968+1.739856j,0.116522-2.211903j,6.729354
-0.060189+0.493603j,-0.238694+1.740513j,0.116676-2.212359j,6.733366
-0.060672+0.493466j,-0.240425+1.741161j,0.116836-2.212812j,6.737380
-0.061154+0.493323j,-0.242162+1.741800j,0.117002-2.213264j,6.741396
-0.061634+0.493173j,-0.243905+1.742431j,0.117172-2.213713j,6.745413
-0.062112+0.493018j,-0.245654+1.743052j,0.117348-2.214161j,6.749433
-0.062588+0.492857j,-0.247408+1.743665j,0.117528-2.214607j,6.753455
-0.063062+0.492689j,-0.249169+1.744269j,0.117714-2.215051j,6.757479
-0.063534+0.492516j,-0.250935+1.744865j,0.117905-2.215493j,6.761505
-0.064004+0.492337j,-0.252708+1.745451j,0.118102-2.215932j,6.765533
-0.064471+0.492152j,-0.254486+1.746028j,0.118303-2.216370j,6.769563
-0.064936+0.491961j,-0.256270+1.746596j,0.118509-2.216805j,6.773596
-0.065399+0.491764j,-0.258059+1.747155j,0.118721-2.217238j,6.777631
-0.065859+0.491562j,-0.259854+1.747705j,0.118937-2.217669j,6.781668
-0.066316+0.491354j,-0.261655+1.748245j,0.119159-2.218097j,6.785708
-0.066771+0.491140j,-0.263462+1.748776j,0.119385-2.218523j,6.789750
-0.067223+0.490920j,-0.265274+1.749297j,0.119616-2.218946j,6.793794
-0.067672+0.490694j,-0.267093+1.749809j,0.119853-2.219367j,6.797841
-0.068119+0.490463j,-0.268916+1.750311j,0.120094-2.219785j,6.801890
-0.068562+0.490227j,-0.270745+1.750804j,0.120340-2.220201j,6.805942
-0.069003+0.489985j,-0.272580+1.751287j,0.120591-2.220613j,6.809997
-0.069440+0.489737j,-0.274421+1.751760j,0.120847-2.221023j,6.814054
-0.069874+0.489484j,-0.276266+1.752224j,0.121108-2.221431j,6.818113
-0.070305+0.489225j,-0.278118+1.752677j,0.121374-2.221835j,6.822176
-0.070733+0.488961j,-0.279975+1.753121j,0.121644-2.222236j,6.826241
-0.071158+0.488692j,-0.281837+1.753554j,0.121919-2.222635j,6.830309
-0.071578+0.488417j,-0.283705+1.753977j,0.122199-2.223030j,6.834380
-0.071996+0.488137j,-0.285578+1.754390j,0.122483-2.223422j,6.838453
-0.072410+0.487852j,-0.287456+1.754793j,0.122772-2.223812j,6.842529
-0.072820+0.487562j,-0.289340+1.755186j,0.123066-2.224198j,6.846609
-0.073227+0.487267j,-0.291229+1.755568j,0.123364-2.224580j,6.850691
-0.073630+0.486966j,-0.293123+1.755939j,0.123667-2.224960j,6.854776
-0.074029+0.486660j,-0.295022+1.756300j,0.123974-2.225336j,6.858864
-0.074424+0.486350j,-0.296927+1.756650j,0.124286-2.225708j,6.862955
-0.074815+0.486034j,-0.298836+1.756990j,0.124603-2.226078j,6.867050
-0.075203+0.485714j,-0.300751+1.757319j,0.124924-2.226443j,6.871147
-0.075586+0.485389j,-0.302671+1.757637j,0.125249-2.226806j,6.875247
-0.075965+0.485059j,-0.304596+1.757944j,0.125579-2.227164j,6.879351
-0.076340+0.484724j,-0.306526+1.758240j,0.125913-2.227519j,6.883458
-0.076711+0.484384j,-0.308460+1.758525j,0.126251-2.227870j,6.887568
-0.077077+0.484040j,-0.310400+1.758799j,0.126593-2.228218j,6.891681
-0.077439+0.483692j,-0.312344+1.759062j,0.126940-2.228561j,6.895798
-0.077797+0.483338j,-0.314293+1.759313j,0.127291-2.228901j,6.899918
-0.078150+0.482981j,-0.316247+1.759553j,0.127646-2.229237j,6.904041
-0.078499+0.482619j,-0.318206+1.759782j,0.128006-2.229569j,6.908168
-0.078843+0.482252j,-0.320169+1.759998j,0.128369-2.229897j,6.912298
-0.079182+0.481882j,-0.322137+1.760204j,0.128737-2.230221j,6.916431
-0.079517+0.481507j,-0.324109+1.760398j,0.129108-2.230541j,6.920568
-0.079847+0.481128j,-0.326086+1.760579j,0.129483-2.230856j,6.924708
-0.080172+0.480744j,-0.328067+1.760750j,0.129863-2.231168j,6.928852
-0.080493+0.480357j,-0.330053+1.760908j,0.130246-2.231475j,6.933000
-0.080808+0.479966j,-0.332043+1.761054j,0.130633-2.231778j,6.937151
-0.081119+0.479571j,-0.334037+1.761188j,0.131024-2.232077j,6.941306
-0.081424+0.479171j,-0.336036+1.761310j,0.131419-2.232371j,6.945464
-0.081725+0.478769j,-0.338038+1.761420j,0.131817-2.232660j,6.949626
-0.082020+0.478362j,-0.340045+1.761517j,0.132220-2.232946j,6.953792
-0.082311+0.477952j,-0.342056+1.761602j,0.132625-2.233226j,6.957961
-0.082596+0.477538j,-0.344071+1.761675j,0.133035-2.233502j,6.962135
-0.082876+0.477120j,-0.346089+1.761735j,0.133448-2.233774j,6.966312
-0.083151+0.476699j,-0.348111+1.761782j,0.133864-2.234041j,6.970492
-0.083420+0.476275j,-0.350138+1.761817j,0.134284-2.234303j,6.974677
-0.083684+0.475847j,-0.352168+1.761839j,0.134707-2.234560j,6.978865
-0.083942+0.475416j,-0.354201+1.761848j,0.135134-2.234813j,6.983058
-0.084196+0.474982j,-0.356238+1.761844j,0.135564-2.235060j,6.987254
-0.084443+0.474544j,-0.358279+1.761827j,0.135997-2.235303j,6.991454
-0.084685+0.474104j,-0.360322+1.761797j,0.136434-2.235541j,6.995658
-0.084922+0.473660j,-0.362370+1.761754j,0.136873-2.235774j,6.999866
-0.085153+0.473214j,-0.364420+1.761698j,0.137316-2.236001j,7.004078
-0.085378+0.472765j,-0.366474+1.761628j,0.137762-2.236224j,7.008294
-0.085598+0.472313j,-0.368531+1.761545j,0.138211-2.236442j,7.012514
-0.085812+0.471858j,-0.370590+1.761448j,0.138663-2.236654j,7.016739
-0.086020+0.471400j,-0.372653+1.761338j,0.139117-2.236861j,7.020967
-0.086223+0.470940j,-0.374719+1.761215j,0.139575-2.237063j,7.025199
-0.086420+0.470478j,-0.376787+1.761077j,0.140035-2.237260j,7.029436
-0.086611+0.470013j,-0.378858+1.760926j,0.140498-2.237451j,7.033676
-0.086796+0.469545j,-0.380932+1.760761j,0.140964-2.237637j,7.037921
-0.086975+0.469076j,-0.383008+1.760582j,0.141433-2.237818j,7.042170
-0.087148+0.468604j,-0.385087+1.760389j,0.141904-2.237993j,7.046423
-0.087315+0.468130j,-0.387168+1.760182j,0.142377-2.238162j,7.050680
-0.087477+0.467654j,-0.389251+1.759960j,0.142853-2.238327j,7.054941
-0.087632+0.467176j,-0.391336+1.759725j,0.143332-2.238485j,7.059207
-0.087781+0.466696j,-0.393423+1.759475j,0.143813-2.238638j,7.063477
-0.087925+0.466214j,-0.395513+1.759211j,0.144296-2.238785j,7.067751
-0.088062+0.465730j,-0.397604+1.758932j,0.144781-2.238927j,7.072030
-0.088193+0.465245j,-0.399697+1.758639j,0.145269-2.239063j,7.076313
-0.088318+0.464758j,-0.401791+1.758331j,0.145758-2.239193j,7.080600
-0.088437+0.464270j,-0.403887+1.758009j,0.146250-2.239317j,7.084891
-0.088549+0.463780j,-0.405985+1.757671j,0.146743-2.239435j,7.089187
-0.088656+0.463289j,-0.408083+1.757319j,0.147239-2.239548j,7.093487
-0.088756+0.462796j,-0.410183+1.756952j,0.147736-2.239655j,7.097791
-0.088851+0.462303j,-0.412285+1.756571j,0.148235-2.239755j,7.102100
-0.088939+0.461808j,-0.414387+1.756174j,0.148736-2.239850j,7.106413
-0.089020+0.461312j,-0.416490+1.755762j,0.149239-2.239939j,7.110731
-0.089096+0.460815j,-0.418593+1.755335j,0.149743-2.240022j,7.115053
-0.089165+0.460317j,-0.420698+1.754892j,0.150248-2.240098j,7.119379
-0.089228+0.459818j,-0.422803+1.754434j,0.150755-2.240169j,7.123710
-0.089285+0.459319j,-0.424908+1.753961j,0.151264-2.240233j,7.128045
-0.089335+0.458819j,-0.427014+1.753473j,0.151774-2.240292j,7.132385
-0.089379+0.458318j,-0.429120+1.752969j,0.152284-2.240344j,7.136728
-0.089417+0.457817j,-0.431226+1.752450j,0.152797-2.240390j,7.141077
-0.089449+0.457315j,-0.433332+1.751914j,0.153310-2.240430j,7.145430
-0.089474+0.456813j,-0.435437+1.751364j,0.153824-2.240463j,7.149787
-0.089493+0.456311j,-0.437543+1.750797j,0.154339-2.240490j,7.154148
-0.089506+0.455808j,-0.439648+1.750215j,0.154855-2.240511j,7.158514
-0.089512+0.455306j,-0.441752+1.749617j,0.155372-2.240526j,7.162885
-0.089512+0.454803j,-0.443856+1.749003j,0.155890-2.240534j,7.167260
-0.089506+0.454300j,-0.445958+1.748373j,0.156408-2.240535j,7.171639
-0.089493+0.453798j,-0.448060+1.747727j,0.156927-2.240531j,7.176023
-0.089474+0.453296j,-0.450161+1.747065j,0.157446-2.240520j,7.180411
-0.089449+0.452794j,-0.452260+1.746387j,0.157966-2.240502j,7.184803
-0.089417+0.452292j,-0.454358+1.745692j,0.158486-2.240478j,7.189200
-0.089379+0.451791j,-0.456455+1.744982j,0.159006-2.240448j,7.193602
-0.089335+0.451290j,-0.458549+1.744255j,0.159527-2.240411j,7.198008
-0.089285+0.450790j,-0.460642+1.743512j,0.160048-2.240367j,7.202418
-0.089228+0.450290j,-0.462733+1.742752j,0.160568-2.240317j,7.206832
-0.089165+0.449792j,-0.464822+1.741977j,0.161089-2.240261j,7.211251
-0.089096+0.449294j,-0.466908+1.741184j,0.161609-2.240198j,7.215674
-0.089020+0.448797j,-0.468992+1.740376j,0.162130-2.240128j,7.220102
-0.088939+0.448301j,-0.471074+1.739550j,0.162649-2.240052j,7.224534
-0.088851+0.447806j,-0.473153+1.738708j,0.163169-2.239969j,7.228970
-0.088756+0.447312j,-0.475229+1.737850j,0.163688-2.239879j,7.233411
-0.088656+0.446820j,-0.477301+1.736975j,0.164207-2.239783j,7.237855
-0.088550+0.446329j,-0.479371+1.736083j,0.164725-2.239680j,7.242305
-0.088437+0.445839j,-0.481437+1.735175j,0.165242-2.239571j,7.246758
-0.088318+0.445350j,-0.483500+1.734250j,0.165758-2.239455j,7.251216
-0.088193+0.444863j,-0.485559+1.733308j,0.166274-2.239332j,7.255678
-0.088062+0.444378j,-0.487614+1.732349j,0.166788-2.239203j,7.260144
-0.087925+0.443895j,-0.489665+1.731374j,0.167301-2.239067j,7.264614
-0.087781+0.443413j,-0.491712+1.730381j,0.167814-2.238924j,7.269088
-0.087632+0.442933j,-0.493755+1.729372j,0.168325-2.238775j,7.273567
-0.087477+0.442455j,-0.495793+1.728346j,0.168834-2.238619j,7.278050
-0.087315+0.441979j,-0.497827+1.727303j,0.169343-2.238457j,7.282536
-0.087148+0.441505j,-0.499855+1.726244j,0.169850-2.238287j,7.287027
-0.086975+0.441033j,-0.501879+1.725167j,0.170355-2.238112j,7.291522
-0.086796+0.440563j,-0.503897+1.724073j,0.170858-2.237929j,7.296021
-0.086611+0.440096j,-0.505910+1.722963j,0.171360-2.237740j,7.300524
-0.086420+0.439631j,-0.507918+1.721836j,0.171860-2.237544j,7.305031
-0.086223+0.439168j,-0.509919+1.720691j,0.172358-2.237342j,7.309542
-0.086021+0.438708j,-0.511915+1.719530j,0.172853-2.237133j,7.314057
-0.085812+0.438251j,-0.513905+1.718352j,0.173347-2.236917j,7.318575
-0.085598+0.437796j,-0.515888+1.717157j,0.173839-2.236695j,7.323098
-0.085379+0.437344j,-0.517865+1.715945j,0.174328-2.236466j,7.327624
-0.085153+0.436895j,-0.519835+1.714716j,0.174815-2.236231j,7.332154
-0.084922+0.436448j,-0.521799+1.713470j,0.175299-2.235989j,7.336688
-0.084686+0.436005j,-0.523756+1.712207j,0.175780-2.235741j,7.341226
-0.084443+0.435564j,-0.525705+1.710928j,0.176259-2.235486j,7.345767
-0.084196+0.435127j,-0.527647+1.709631j,0.176735-2.235225j,7.350312
-0.083943+0.434693j,-0.529581+1.708318j,0.177209-2.234957j,7.354860
-0.083684+0.434262j,-0.531508+1.706988j,0.177679-2.234683j,7.359412
-0.083420+0.433834j,-0.533427+1.705641j,0.178146-2.234402j,7.363967
-0.083151+0.433409j,-0.535337+1.704278j,0.178610-2.234115j,7.368526
-0.082876+0.432988j,-0.537240+1.702897j,0.179071-2.233822j,7.373089
-0.082596+0.432571j,-0.539134+1.701500j,0.179529-2.233523j,7.377654
-0.082311+0.432157j,-0.541019+1.700087j,0.179983-2.233217j,7.382223
-0.082021+0.431747j,-0.542895+1.698656j,0.180433-2.232905j,7.386796
-0.081725+0.431340j,-0.544763+1.697210j,0.180880-2.232586j,7.391371
-0.081425+0.430937j,-0.546621+1.695746j,0.181324-2.232262j,7.395950
-0.081119+0.430538j,-0.548469+1.694266j,0.181763-2.231931j,7.400532
-0.080809+0.430143j,-0.550308+1.692770j,0.182199-2.231594j,7.405117
-0.080493+0.429751j,-0.552137+1.691258j,0.182630-2.231252j,7.409704
-0.080173+0.429364j,-0.553957+1.689729j,0.183058-2.230903j,7.414295
-0.079847+0.428981j,-0.555765+1.688183j,0.183481-2.230548j,7.418889
-0.079517+0.428602j,-0.557564+1.686622j,0.183900-2.230187j,7.423486
-0.079183+0.428227j,-0.559352+1.685044j,0.184315-2.229821j,7.428085
-0.078843+0.427856j,-0.561129+1.683451j,0.184725-2.229448j,7.432687
-0.078499+0.427490j,-0.562895+1.681841j,0.185131-2.229070j,7.437292
-0.078150+0.427128j,-0.564650+1.680216j,0.185532-2.228686j,7.441900
-0.077797+0.426770j,-0.566394+1.678574j,0.185928-2.228296j,7.446510
-0.077440+0.426417j,-0.568126+1.676917j,0.186320-2.227901j,7.451123
-0.077078+0.426068j,-0.569847+1.675245j,0.186707-2.227500j,7.455738
-0.076711+0.425724j,-0.571555+1.673556j,0.187089-2.227094j,7.460355
-0.076340+0.425385j,-0.573252+1.671852j,0.187465-2.226682j,7.464975
-0.075965+0.425050j,-0.574936+1.670133j,0.187837-2.226265j,7.469597
-0.075586+0.424720j,-0.576607+1.668398j,0.188203-2.225842j,7.474221
-0.075203+0.424394j,-0.578266+1.666649j,0.188564-2.225414j,7.478847
-0.074816+0.424074j,-0.579912+1.664884j,0.188920-2.224981j,7.483476
-0.074424+0.423759j,-0.581545+1.663104j,0.189270-2.224543j,7.488106
-0.074029+0.423448j,-0.583165+1.661309j,0.189615-2.224100j,7.492738
-0.073630+0.423142j,-0.584771+1.659499j,0.189954-2.223651j,7.497372
-0.073227+0.422842j,-0.586364+1.657675j,0.190287-2.223198j,7.502008
-0.072821+0.422546j,-0.587943+1.655836j,0.190614-2.222740j,7.506646
-0.072410+0.422256j,-0.589508+1.653983j,0.190936-2.222278j,7.511285
-0.071996+0.421971j,-0.591059+1.652115j,0.191251-2.221810j,7.515926
-0.071579+0.421691j,-0.592596+1.650234j,0.191561-2.221338j,7.520568
-0.071158+0.421416j,-0.594118+1.648338j,0.191864-2.220861j,7.525211
-0.070733+0.421147j,-0.595625+1.646428j,0.192161-2.220380j,7.529856
-0.070306+0.420883j,-0.597117+1.644505j,0.192452-2.219895j,7.534502
-0.069875+0.420625j,-0.598595+1.642567j,0.192737-2.219405j,7.539150
-0.069440+0.420371j,-0.600057+1.640617j,0.193015-2.218911j,7.543798
-0.069003+0.420124j,-0.601504+1.638653j,0.193287-2.218413j,7.548447
-0.068563+0.419882j,-0.602935+1.636675j,0.193552-2.217911j,7.553098
-0.068119+0.419645j,-0.604351+1.634685j,0.193810-2.217404j,7.557749
-0.067673+0.419414j,-0.605751+1.632682j,0.194062-2.216894j,7.562401
-0.067223+0.419189j,-0.607135+1.630666j,0.194307-2.216381j,7.567053
-0.066771+0.418969j,-0.608502+1.628637j,0.194545-2.215863j,7.571707
-0.066316+0.418755j,-0.609853+1.626596j,0.194777-2.215342j,7.576360
-0.065859+0.418547j,-0.611188+1.624543j,0.195001-2.214818j,7.581015
-0.065399+0.418344j,-0.612506+1.622477j,0.195219-2.214290j,7.585669
-0.064936+0.418147j,-0.613807+1.620400j,0.195429-2.213759j,7.590324
-0.064471+0.417956j,-0.615092+1.618311j,0.195632-2.213225j,7.594979
-0.064004+0.417771j,-0.616359+1.616210j,0.195828-2.212687j,7.599634
-0.063534+0.417592j,-0.617609+1.614098j,0.196017-2.212147j,7.604289
-0.063063+0.417419j,-0.618841+1.611975j,0.196198-2.211603j,7.608944
-0.062589+0.417252j,-0.620056+1.609841j,0.196372-2.211057j,7.613598
-0.062112+0.417090j,-0.621253+1.607696j,0.196539-2.210509j,7.618253
-0.061634+0.416935j,-0.622433+1.605540j,0.196699-2.209957j,7.622907
-0.061154+0.416786j,-0.623594+1.603373j,0.196850-2.209404j,7.627561
-0.060673+0.416642j,-0.624738+1.601197j,0.196995-2.208848j,7.632214
-0.060189+0.416505j,-0.625863+1.599010j,0.197132-2.208289j,7.636867
-0.059704+0.416374j,-0.626970+1.596814j,0.197261-2.207729j,7.641518
-0.059217+0.416249j,-0.628059+1.594607j,0.197382-2.207166j,7.646169
-0.058729+0.416130j,-0.629129+1.592392j,0.197496-2.206602j,7.650820
-0.058239+0.416017j,-0.630180+1.590167j,0.197602-2.206036j,7.655469
-0.057748+0.415911j,-0.631212+1.587933j,0.197700-2.205468j,7.660117
-0.057255+0.415811j,-0.632226+1.585690j,0.197791-2.204899j,7.664764
-0.056761+0.415716j,-0.633220+1.583438j,0.197874-2.204328j,7.669410
-0.056266+0.415628j,-0.634196+1.581178j,0.197949-2.203755j,7.674054
-0.055770+0.415547j,-0.635152+1.578910j,0.198016-2.203182j,7.678697
-0.055273+0.415471j,-0.636089+1.576634j,0.198075-2.202608j,7.683338
-0.054776+0.415402j,-0.637006+1.574350j,0.198126-2.202032j,7.687978
-0.054277+0.415339j,-0.637905+1.572058j,0.198169-2.201456j,7.692616
-0.053777+0.415282j,-0.638783+1.569759j,0.198205-2.200879j,7.697253
-0.053277+0.415232j,-0.639642+1.567453j,0.198232-2.200301j,7.701887
-0.052777+0.415187j,-0.640481+1.565140j,0.198252-2.199723j,7.706519
-0.052275+0.415150j,-0.641300+1.562821j,0.198263-2.199144j,7.711150
-0.051774+0.415118j,-0.642100+1.560495j,0.198267-2.198565j,7.715778
-0.051272+0.415093j,-0.642879+1.558162j,0.198262-2.197986j,7.720404
-0.050769+0.415074j,-0.643639+1.555824j,0.198249-2.197407j,7.725028
-0.050267+0.415061j,-0.644378+1.553480j,0.198229-2.196829j,7.729649
-0.049764+0.415055j,-0.645098+1.551130j,0.198200-2.196250j,7.734267
-0.049262+0.415055j,-0.645797+1.548775j,0.198163-2.195671j,7.738883
-0.048759+0.415061j,-0.646476+1.546415j,0.198119-2.195094j,7.743497
-0.048257+0.415074j,-0.647134+1.544051j,0.198066-2.194516j,7.748107
-0.047754+0.415093j,-0.647773+1.541681j,0.198005-2.193940j,7.752715
-0.047252+0.415118j,-0.648391+1.539307j,0.197937-2.193364j,7.757320
-0.046751+0.415150j,-0.648988+1.536929j,0.197860-2.192789j,7.761922
-0.046249+0.415187j,-0.649566+1.534547j,0.197776-2.192215j,7.766520
-0.045749+0.415232j,-0.650122+1.532162j,0.197683-2.191643j,7.771115
-0.045249+0.415282j,-0.650659+1.529773j,0.197583-2.191072j,7.775707
-0.044749+0.415339j,-0.651174+1.527380j,0.197474-2.190502j,7.780296
-0.044250+0.415402j,-0.651670+1.524985j,0.197358-2.189934j,7.784881
-0.043753+0.415471j,-0.652145+1.522587j,0.197234-2.189367j,7.789463
-0.043256+0.415547j,-0.652599+1.520187j,0.197102-2.188802j,7.794041
-0.042760+0.415628j,-0.653033+1.517784j,0.196962-2.188239j,7.798615
-0.042265+0.415716j,-0.653446+1.515379j,0.196815-2.187678j,7.803185
-0.041771+0.415810j,-0.653839+1.512973j,0.196659-2.187120j,7.807752
-0.041279+0.415911j,-0.654211+1.510565j,0.196496-2.186563j,7.812314
-0.040787+0.416017j,-0.654563+1.508155j,0.196325-2.186009j,7.816873
-0.040297+0.416130j,-0.654894+1.505745j,0.196147-2.185457j,7.821427
-0.039809+0.416249j,-0.655205+1.503333j,0.195961-2.184908j,7.825977
-0.039322+0.416374j,-0.655495+1.500921j,0.195768-2.184362j,7.830523
-0.038837+0.416505j,-0.655765+1.498509j,0.195567-2.183819j,7.835065
-0.038353+0.416642j,-0.656014+1.496096j,0.195358-2.183278j,7.839602
-0.037872+0.416786j,-0.656244+1.493683j,0.195142-2.182741j,7.844134
-0.037392+0.416935j,-0.656453+1.491271j,0.194919-2.182206j,7.848662
-0.036914+0.417090j,-0.656641+1.488859j,0.194689-2.181675j,7.853185
-0.036437+0.417251j,-0.656809+1.486448j,0.194451-2.181148j,7.857704
-0.035963+0.417419j,-0.656958+1.484038j,0.194206-2.180623j,7.862218
-0.035492+0.417592j,-0.657086+1.481629j,0.193954-2.180103j,7.866726
-0.035022+0.417771j,-0.657193+1.479221j,0.193694-2.179586j,7.871230
-0.034555+0.417956j,-0.657281+1.476815j,0.193428-2.179073j,7.875729
-0.034090+0.418147j,-0.657349+1.474411j,0.193155-2.178564j,7.880223
-0.033627+0.418344j,-0.657397+1.472009j,0.192875-2.178059j,7.884711
-0.033167+0.418546j,-0.657425+1.469609j,0.192588-2.177558j,7.889195
-0.032710+0.418755j,-0.657434+1.467211j,0.192294-2.177061j,7.893673
-0.032255+0.418969j,-0.657423+1.464816j,0.191994-2.176568j,7.898146
-0.031803+0.419188j,-0.657392+1.462424j,0.191687-2.176080j,7.902613
-0.031353+0.419414j,-0.657341+1.460036j,0.191373-2.175597j,7.907075
-0.030907+0.419645j,-0.657271+1.457650j,0.191053-2.175117j,7.911531
-0.030463+0.419881j,-0.657182+1.455268j,0.190727-2.174643j,7.915982
-0.030023+0.420123j,-0.657073+1.452890j,0.190394-2.174174j,7.920427
-0.029586+0.420371j,-0.656946+1.450515j,0.190055-2.173709j,7.924866
-0.029151+0.420624j,-0.656799+1.448145j,0.189710-2.173249j,7.929300
-0.028720+0.420883j,-0.656633+1.445779j,0.189358-2.172794j,7.933728
-0.028293+0.421147j,-0.656448+1.443417j,0.189001-2.172345j,7.938150
-0.027868+0.421416j,-0.656244+1.441060j,0.188638-2.171900j,7.942566
-0.027447+0.421691j,-0.656022+1.438708j,0.188269-2.171461j,7.946976
-0.027030+0.421971j,-0.655781+1.436361j,0.187894-2.171027j,7.951380
-0.026616+0.422256j,-0.655522+1.434020j,0.187514-2.170599j,7.955778
-0.026205+0.422546j,-0.655244+1.431683j,0.187127-2.170176j,7.960170
-0.025799+0.422842j,-0.654948+1.429352j,0.186736-2.169759j,7.964556
-0.025396+0.423142j,-0.654633+1.427027j,0.186339-2.169347j,7.968935
-0.024997+0.423448j,-0.654301+1.424708j,0.185937-2.168941j,7.973308
-0.024601+0.423758j,-0.653951+1.422395j,0.185529-2.168541j,7.977675
-0.024210+0.424074j,-0.653583+1.420088j,0.185117-2.168147j,7.982036
-0.023823+0.424394j,-0.653197+1.417788j,0.184699-2.167759j,7.986390
-0.023440+0.424719j,-0.652794+1.415494j,0.184277-2.167377j,7.990738
-0.023060+0.425050j,-0.652374+1.413207j,0.183849-2.167000j,7.995079
-0.022686+0.425384j,-0.651936+1.410927j,0.183417-2.166630j,7.999414
-0.022315+0.425724j,-0.651481+1.408654j,0.182981-2.166266j,8.003743
-0.021948+0.426068j,-0.651008+1.406388j,0.182539-2.165909j,8.008065
-0.021586+0.426416j,-0.650519+1.404130j,0.182094-2.165557j,8.012380
-0.021229+0.426770j,-0.650014+1.401879j,0.181644-2.165212j,8.016689
-0.020876+0.427127j,-0.649491+1.399636j,0.181189-2.164874j,8.020991
-0.020527+0.427489j,-0.648952+1.397400j,0.180731-2.164542j,8.025286
-0.020183+0.427856j,-0.648397+1.395172j,0.180268-2.164216j,8.029575
-0.019843+0.428227j,-0.647826+1.392953j,0.179802-2.163897j,8.033857
-0.019509+0.428601j,-0.647238+1.390741j,0.179332-2.163584j,8.038132
-0.019178+0.428981j,-0.646635+1.388538j,0.178858-2.163279j,8.042400
-0.018853+0.429364j,-0.646016+1.386344j,0.178380-2.162979j,8.046662
-0.018533+0.429751j,-0.645381+1.384158j,0.177899-2.162687j,8.050917
-0.018217+0.430142j,-0.644730+1.381980j,0.177414-2.162401j,8.055165
-0.017907+0.430538j,-0.644065+1.379812j,0.176926-2.162122j,8.059406
-0.017601+0.430937j,-0.643384+1.377652j,0.176435-2.161850j,8.063640
-0.017301+0.431340j,-0.642688+1.375501j,0.175941-2.161585j,8.067868
-0.017005+0.431746j,-0.641977+1.373360j,0.175443-2.161326j,8.072088
-0.016715+0.432157j,-0.641251+1.371227j,0.174943-2.161075j,8.076302
-0.016430+0.432571j,-0.640511+1.369104j,0.174440-2.160830j,8.080509
-0.016150+0.432988j,-0.639757+1.366991j,0.173934-2.160593j,8.084708
-0.015875+0.433409j,-0.638988+1.364887j,0.173426-2.160362j,8.088901
-0.015606+0.433833j,-0.638204+1.362792j,0.172915-2.160139j,8.093087
-0.015342+0.434261j,-0.637407+1.360707j,0.172402-2.159922j,8.097266
-0.015083+0.434692j,-0.636596+1.358633j,0.171886-2.159713j,8.101438
-0.014830+0.435127j,-0.635771+1.356568j,0.171368-2.159510j,8.105603
-0.014582+0.435564j,-0.634933+1.354512j,0.170848-2.159315j,8.109761
-0.014340+0.436004j,-0.634082+1.352468j,0.170327-2.159127j,8.113912
-0.014104+0.436448j,-0.633217+1.350433j,0.169803-2.158946j,8.118056
-0.013873+0.436894j,-0.632339+1.348408j,0.169277-2.158772j,8.122193
-0.013647+0.437344j,-0.631448+1.346394j,0.168750-2.158605j,8.126323
-0.013428+0.437796j,-0.630544+1.344390j,0.168221-2.158445j,8.130446
-0.013214+0.438250j,-0.629627+1.342396j,0.167691-2.158292j,8.134562
-0.013005+0.438708j,-0.628698+1.340413j,0.167159-2.158147j,8.138671
-0.012803+0.439168j,-0.627757+1.338440j,0.166626-2.158009j,8.142773
-0.012606+0.439631j,-0.626804+1.336478j,0.166092-2.157877j,8.146868
-0.012415+0.440096j,-0.625838+1.334527j,0.165557-2.157753j,8.150956
-0.012230+0.440563j,-0.624861+1.332586j,0.165021-2.157636j,8.155038
-0.012051+0.441033j,-0.623871+1.330656j,0.164484-2.157527j,8.159112
-0.011878+0.441504j,-0.622871+1.328737j,0.163946-2.157424j,8.163179
-0.011710+0.441978j,-0.621858+1.326829j,0.163408-2.157329j,8.167240
-0.011549+0.442454j,-0.620835+1.324932j,0.162869-2.157240j,8.171293
-0.011394+0.442932j,-0.619800+1.323046j,0.162329-2.157159j,8.175340
-0.011244+0.443412j,-0.618754+1.321170j,0.161789-2.157085j,8.179380
-0.011101+0.443894j,-0.617698+1.319306j,0.161249-2.157018j,8.183412
-0.010964+0.444378j,-0.616630+1.317453j,0.160709-2.156958j,8.187438
-0.010833+0.444863j,-0.615553+1.315611j,0.160168-2.156905j,8.191457
-0.010708+0.445350j,-0.614464+1.313780j,0.159628-2.156859j,8.195470
-0.010589+0.445838j,-0.613365+1.311960j,0.159087-2.156820j,8.199475
-0.010476+0.446328j,-0.612257+1.310151j,0.158547-2.156788j,8.203474
-0.010370+0.446819j,-0.611138+1.308354j,0.158007-2.156763j,8.207466
-0.010269+0.447312j,-0.610009+1.306568j,0.157467-2.156745j,8.211451
-0.010175+0.447806j,-0.608871+1.304793j,0.156928-2.156734j,8.215429
-0.010087+0.448301j,-0.607722+1.303029j,0.156390-2.156730j,8.219401
-0.010005+0.448797j,-0.606565+1.301277j,0.155852-2.156733j,8.223366
-0.009930+0.449293j,-0.605398+1.299536j,0.155314-2.156743j,8.227324
-0.009861+0.449791j,-0.604222+1.297806j,0.154778-2.156760j,8.231276
-0.009798+0.450290j,-0.603037+1.296088j,0.154242-2.156783j,8.235221
-0.009741+0.450789j,-0.601843+1.294381j,0.153708-2.156813j,8.239160
-0.009690+0.451290j,-0.600640+1.292685j,0.153174-2.156850j,8.243091
-0.009646+0.451790j,-0.599428+1.291001j,0.152642-2.156894j,8.247017
-0.009608+0.452291j,-0.598208+1.289328j,0.152111-2.156945j,8.250936
-0.009577+0.452793j,-0.596980+1.287666j,0.151581-2.157002j,8.254848
-0.009552+0.453295j,-0.595743+1.286016j,0.151052-2.157065j,8.258754
-0.009533+0.453797j,-0.594498+1.284378j,0.150526-2.157136j,8.262653
-0.009520+0.454300j,-0.593245+1.282750j,0.150000-2.157213j,8.266546
-0.009514+0.454803j,-0.591984+1.281134j,0.149476-2.157296j,8.270433
-0.009514+0.455305j,-0.590715+1.279530j,0.148954-2.157386j,8.274313
-0.009520+0.455808j,-0.589439+1.277937j,0.148434-2.157482j,8.278187
-0.009533+0.456310j,-0.588155+1.276355j,0.147916-2.157585j,8.282055
-0.009552+0.456813j,-0.586863+1.274784j,0.147399-2.157694j,8.285917
-0.009577+0.457315j,-0.585565+1.273225j,0.146885-2.157810j,8.289772
-0.009608+0.457816j,-0.584259+1.271677j,0.146373-2.157932j,8.293621
-0.009646+0.458318j,-0.582946+1.270141j,0.145863-2.158060j,8.297464
-0.009690+0.458818j,-0.581626+1.268616j,0.145355-2.158194j,8.301301
-0.009741+0.459318j,-0.580299+1.267102j,0.144849-2.158335j,8.305132
-0.009797+0.459818j,-0.578965+1.265600j,0.144346-2.158481j,8.308957
-0.009860+0.460316j,-0.577625+1.264108j,0.143846-2.158634j,8.312775
-0.009930+0.460814j,-0.576278+1.262628j,0.143348-2.158793j,8.316588
-0.010005+0.461311j,-0.574925+1.261160j,0.142852-2.158957j,8.320395
-0.010087+0.461807j,-0.573566+1.259702j,0.142359-2.159128j,8.324196
-0.010175+0.462302j,-0.572200+1.258256j,0.141869-2.159304j,8.327991
-0.010269+0.462796j,-0.570828+1.256821j,0.141382-2.159487j,8.331781
-0.010370+0.463288j,-0.569450+1.255397j,0.140897-2.159675j,8.335564
-0.010476+0.463780j,-0.568066+1.253984j,0.140415-2.159869j,8.339342
-0.010589+0.464269j,-0.566676+1.252582j,0.139937-2.160069j,8.343114
-0.010708+0.464758j,-0.565281+1.251192j,0.139461-2.160274j,8.346881
-0.010833+0.465245j,-0.563880+1.249812j,0.138989-2.160485j,8.350642
-0.010964+0.465730j,-0.562473+1.248444j,0.138520-2.160701j,8.354397
-0.011101+0.466214j,-0.561061+1.247087j,0.138054-2.160923j,8.358147
-0.011244+0.466695j,-0.559644+1.245740j,0.137591-2.161151j,8.361891
-0.011394+0.467175j,-0.558221+1.244405j,0.137131-2.161383j,8.365630
-0.011549+0.467653j,-0.556794+1.243080j,0.136675-2.161622j,8.369364
-0.011710+0.468129j,-0.555361+1.241767j,0.136223-2.161865j,8.373092
-0.011878+0.468603j,-0.553923+1.240464j,0.135774-2.162114j,8.376815
-0.012051+0.469075j,-0.552480+1.239172j,0.135328-2.162368j,8.380532
-0.012230+0.469545j,-0.551033+1.237891j,0.134887-2.162627j,8.384245
-0.012415+0.470012j,-0.549580+1.236621j,0.134448-2.162891j,8.387952
-0.012606+0.470477j,-0.548123+1.235362j,0.134014-2.163160j,8.391654
-0.012803+0.470940j,-0.546662+1.234113j,0.133583-2.163434j,8.395351
-0.013005+0.471400j,-0.545196+1.232875j,0.133156-2.163713j,8.399043
-0.012632+0.471535j,-0.546249+1.231793j,0.132960-2.163362j,8.401957
-0.012258+0.471669j,-0.547296+1.230715j,0.132763-2.163011j,8.404870
-0.011884+0.471804j,-0.548337+1.229642j,0.132566-2.162660j,8.407782
-0.011510+0.471938j,-0.549371+1.228572j,0.132369-2.162309j,8.410693
-0.011136+0.472071j,-0.550400+1.227507j,0.132172-2.161958j,8.413603
-0.010762+0.472205j,-0.551423+1.226445j,0.131975-2.161607j,8.416512
-0.010387+0.472338j,-0.552440+1.225388j,0.131778-2.161256j,8.419420
-0.010012+0.472471j,-0.553450+1.224334j,0.131581-2.160905j,8.422326
-0.009637+0.472604j,-0.554456+1.223285j,0.131384-2.160554j,8.425232
-0.009262+0.472736j,-0.555455+1.222239j,0.131187-2.160203j,8.428137
-0.008886+0.472869j,-0.556449+1.221197j,0.130990-2.159852j,8.431041
-0.008511+0.473000j,-0.557438+1.220159j,0.130793-2.159501j,8.433944
-0.008135+0.473132j,-0.558421+1.219125j,0.130596-2.159150j,8.436846
-0.007759+0.473264j,-0.559398+1.218094j,0.130399-2.158799j,8.439746
-0.007382+0.473395j,-0.560371+1.217067j,0.130202-2.158448j,8.442646
-0.007006+0.473526j,-0.561338+1.216043j,0.130005-2.158098j,8.445545
-0.006629+0.473656j,-0.562300+1.215023j,0.129807-2.157747j,8.448443
-0.006252+0.473786j,-0.563257+1.214007j,0.129610-2.157396j,8.451340
-0.005875+0.473917j,-0.564209+1.212993j,0.129413-2.157045j,8.454235
-0.005498+0.474046j,-0.565155+1.211984j,0.129216-2.156694j,8.457130
-0.005120+0.474176j,-0.566097+1.210977j,0.129019-2.156344j,8.460024
-0.004743+0.474305j,-0.567034+1.209974j,0.128821-2.155993j,8.462917
-0.004365+0.474434j,-0.567966+1.208975j,0.128624-2.155642j,8.465809
-0.003987+0.474563j,-0.568894+1.207978j,0.128427-2.155292j,8.468699
-0.003608+0.474691j,-0.569816+1.206985j,0.128229-2.154941j,8.471589
-0.003230+0.474820j,-0.570734+1.205995j,0.128032-2.154590j,8.474478
-0.002851+0.474947j,-0.571648+1.205008j,0.127834-2.154240j,8.477366
-0.002472+0.475075j,-0.572557+1.204024j,0.127637-2.153889j,8.480253
-0.002093+0.475203j,-0.573461+1.203043j,0.127440-2.153539j,8.483139
-0.001714+0.475330j,-0.574361+1.202065j,0.127242-2.153188j,8.486024
-0.001334+0.475456j,-0.575257+1.201091j,0.127045-2.152837j,8.488908
-0.000955+0.475583j,-0.576148+1.200119j,0.126847-2.152487j,8.491791
-0.000575+0.475709j,-0.577035+1.199150j,0.126649-2.152136j,8.494673
-0.000195+0.475835j,-0.577917+1.198184j,0.126452-2.151786j,8.497554
0.000186+0.475961j,-0.578796+1.197221j,0.126254-2.151435j,8.500434
0.000566+0.476087j,-0.579670+1.196261j,0.126057-2.151085j,8.503314
0.000947+0.476212j,-0.580540+1.195304j,0.125859-2.150735j,8.506192
0.001328+0.476337j,-0.581406+1.194349j,0.125661-2.150384j,8.509069
0.001709+0.476462j,-0.582268+1.193397j,0.125464-2.150034j,8.511945
0.002090+0.476586j,-0.583126+1.192448j,0.125266-2.149683j,8.514821
0.002472+0.476710j,-0.583980+1.191502j,0.125068-2.149333j,8.517695
0.002854+0.476834j,-0.584830+1.190559j,0.124870-2.148983j,8.520568
0.003236+0.476958j,-0.585676+1.189618j,0.124673-2.148632j,8.523441
0.003618+0.477081j,-0.586518+1.188679j,0.124475-2.148282j,8.526313
0.004000+0.477204j,-0.587357+1.187743j,0.124277-2.147932j,8.529183
0.004383+0.477327j,-0.588191+1.186810j,0.124079-2.147582j,8.532053
0.004765+0.477449j,-0.589022+1.185880j,0.123881-2.147231j,8.534922
0.005148+0.477571j,-0.589850+1.184952j,0.123683-2.146881j,8.537789
0.005531+0.477693j,-0.590673+1.184026j,0.123485-2.146531j,8.540656
0.005915+0.477815j,-0.591493+1.183103j,0.123288-2.146181j,8.543522
0.006298+0.477936j,-0.592309+1.182182j,0.123090-2.145830j,8.546387
0.006682+0.478058j,-0.593122+1.181264j,0.122892-2.145480j,8.549251
0.007066+0.478178j,-0.593931+1.180349j,0.122694-2.145130j,8.552114
0.007450+0.478299j,-0.594737+1.179435j,0.122495-2.144780j,8.554976
0.007834+0.478419j,-0.595539+1.178524j,0.122297-2.144430j,8.557837
0.008219+0.478539j,-0.596338+1.177616j,0.122099-2.144080j,8.560698
0.008604+0.478659j,-0.597134+1.176709j,0.121901-2.143730j,8.563557
0.008989+0.478779j,-0.597926+1.175805j,0.121703-2.143380j,8.566416
0.009374+0.478898j,-0.598714+1.174904j,0.121505-2.143030j,8.569273
0.009759+0.479017j,-0.599500+1.174004j,0.121307-2.142680j,8.572130
0.010144+0.479135j,-0.600282+1.173107j,0.121108-2.142330j,8.574985
0.010530+0.479254j,-0.601060+1.172212j,0.120910-2.141980j,8.577840
0.010916+0.479372j,-0.601836+1.171319j,0.120712-2.141630j,8.580694
0.011302+0.479490j,-0.602608+1.170429j,0.120514-2.141280j,8.583547
0.011688+0.479607j,-0.603378+1.169540j,0.120315-2.140930j,8.586399
0.012075+0.479724j,-0.604144+1.168654j,0.120117-2.140580j,8.589250
0.012462+0.479841j,-0.604906+1.167770j,0.119919-2.140230j,8.592100
0.012848+0.479958j,-0.605666+1.166888j,0.119720-2.139880j,8.594949
0.013236+0.480075j,-0.606423+1.166008j,0.119522-2.139531j,8.597798
0.013623+0.480191j,-0.607177+1.165130j,0.119324-2.139181j,8.600645
0.014010+0.480307j,-0.607927+1.164254j,0.119125-2.138831j,8.603492
0.014398+0.480422j,-0.608675+1.163381j,0.118927-2.138481j,8.606337
0.014786+0.480537j,-0.609419+1.162509j,0.118728-2.138132j,8.609182
0.015174+0.480652j,-0.610161+1.161639j,0.118530-2.137782j,8.612026
0.015562+0.480767j,-0.610900+1.160772j,0.118331-2.137432j,8.614869
0.015950+0.480882j,-0.611636+1.159906j,0.118133-2.137082j,8.617711
0.016339+0.480996j,-0.612369+1.159042j,0.117934-2.136733j,8.620552
0.016728+0.481110j,-0.613099+1.158180j,0.117735-2.136383j,8.623392
0.017117+0.481223j,-0.613826+1.157320j,0.117537-2.136033j,8.626232
0.017506+0.481337j,-0.614551+1.156463j,0.117338-2.135684j,8.629070
0.017896+0.481450j,-0.615272+1.155606j,0.117139-2.135334j,8.631908
0.018285+0.481563j,-0.615991+1.154752j,0.116941-2.134985j,8.634744
0.018675+0.481675j,-0.616707+1.153900j,0.116742-2.134635j,8.637580
0.019065+0.481787j,-0.617421+1.153050j,0.116543-2.134286j,8.640415
0.019455+0.481899j,-0.618131+1.152201j,0.116344-2.133936j,8.643249
0.019845+0.482011j,-0.618839+1.151354j,0.116146-2.133587j,8.646082
0.020236+0.482122j,-0.619545+1.150509j,0.115947-2.133237j,8.648914
0.020627+0.482233j,-0.620247+1.149666j,0.115748-2.132888j,8.651745
0.021018+0.482344j,-0.620947+1.148825j,0.115549-2.132538j,8.654576
0.021409+0.482455j,-0.621645+1.147985j,0.115350-2.132189j,8.657405
0.021800+0.482565j,-0.622339+1.147148j,0.115151-2.131839j,8.660234
0.022192+0.482675j,-0.623032+1.146312j,0.114952-2.131490j,8.663062
0.022583+0.482785j,-0.623721+1.145477j,0.114753-2.131141j,8.665889
0.022975+0.482894j,-0.624408+1.144645j,0.114554-2.130791j,8.668715
0.023367+0.483003j,-0.625093+1.143814j,0.114355-2.130442j,8.671540
0.023760+0.483112j,-0.625775+1.142985j,0.114156-2.130093j,8.674364
0.024152+0.483220j,-0.626455+1.142157j,0.113957-2.129744j,8.677187
0.024545+0.483329j,-0.627132+1.141331j,0.113758-2.129394j,8.680010
0.024938+0.483437j,-0.627806+1.140507j,0.113559-2.129045j,8.682832
0.025331+0.483544j,-0.628479+1.139685j,0.113360-2.128696j,8.685652
0.025724+0.483652j,-0.629149+1.138864j,0.113161-2.128347j,8.688472
0.026117+0.483759j,-0.629816+1.138045j,0.112961-2.127997j,8.691291
0.026511+0.483866j,-0.630481+1.137227j,0.112762-2.127648j,8.694109
0.026905+0.483972j,-0.631144+1.136411j,0.112563-2.127299j,8.696927
0.027299+0.484079j,-0.631804+1.135597j,0.112364-2.126950j,8.699743
0.027693+0.484184j,-0.632462+1.134784j,0.112164-2.126601j,8.702559
0.028087+0.484290j,-0.633117+1.133973j,0.111965-2.126252j,8.705373
0.028482+0.484396j,-0.633771+1.133163j,0.111766-2.125903j,8.708187
0.028877+0.484501j,-0.634422+1.132355j,0.111566-2.125554j,8.711000
0.029272+0.484605j,-0.635071+1.131548j,0.111367-2.125205j,8.713812
0.029667+0.484710j,-0.635717+1.130743j,0.111167-2.124856j,8.716623
0.030062+0.484814j,-0.636361+1.129940j,0.110968-2.124507j,8.719434
0.030457+0.484918j,-0.637003+1.129138j,0.110769-2.124158j,8.722243
0.030853+0.485022j,-0.637643+1.128337j,0.110569-2.123809j,8.725052
0.031249+0.485125j,-0.638281+1.127538j,0.110370-2.123460j,8.727859
0.031645+0.485228j,-0.638916+1.126740j,0.110170-2.123111j,8.730666
0.032041+0.485331j,-0.639549+1.125944j,0.109970-2.122762j,8.733472
0.032438+0.485434j,-0.640180+1.125150j,0.109771-2.122413j,8.736278
0.032834+0.485536j,-0.640809+1.124357j,0.109571-2.122065j,8.739082
0.033231+0.485638j,-0.641436+1.123565j,0.109372-2.121716j,8.741885
0.033628+0.485739j,-0.642060+1.122775j,0.109172-2.121367j,8.744688
0.034025+0.485841j,-0.642683+1.121986j,0.108972-2.121018j,8.747490
0.034423+0.485942j,-0.643303+1.121198j,0.108773-2.120670j,8.750291
0.034820+0.486042j,-0.643921+1.120412j,0.108573-2.120321j,8.753091
0.035218+0.486143j,-0.644538+1.119627j,0.108373-2.119972j,8.755890
0.035616+0.486243j,-0.645152+1.118844j,0.108173-2.119623j,8.758688
0.036014+0.486343j,-0.645764+1.118062j,0.107974-2.119275j,8.761486
0.036412+0.486443j,-0.646374+1.117282j,0.107774-2.118926j,8.764283
0.036811+0.486542j,-0.646982+1.116503j,0.107574-2.118578j,8.767078
0.037209+0.486641j,-0.647588+1.115725j,0.107374-2.118229j,8.769873
0.037608+0.486740j,-0.648192+1.114948j,0.107174-2.117880j,8.772668
0.038007+0.486838j,-0.648794+1.114173j,0.106974-2.117532j,8.775461
0.038407+0.486936j,-0.649394+1.113399j,0.106774-2.117183j,8.778253
0.038806+0.487034j,-0.649992+1.112627j,0.106574-2.116835j,8.781045
0.039205+0.487132j,-0.650588+1.111856j,0.106374-2.116486j,8.783836
0.039605+0.487229j,-0.651182+1.111086j,0.106174-2.116138j,8.786626
0.040005+0.487326j,-0.651775+1.110317j,0.105974-2.115789j,8.789415
0.040405+0.487422j,-0.652365+1.109550j,0.105774-2.115441j,8.792203
0.040806+0.487519j,-0.652953+1.108784j,0.105574-2.115093j,8.794990
0.041206+0.487615j,-0.653540+1.108019j,0.105374-2.114744j,8.797777
0.041607+0.487711j,-0.654124+1.107256j,0.105174-2.114396j,8.800563
0.042008+0.487806j,-0.654707+1.106494j,0.104974-2.114047j,8.803348
0.042409+0.487901j,-0.655288+1.105733j,0.104773-2.113699j,8.806132
0.042810+0.487996j,-0.655867+1.104973j,0.104573-2.113351j,8.808915
0.043211+0.488091j,-0.656444+1.104215j,0.104373-2.113003j,8.811697
0.043613+0.488185j,-0.657019+1.103457j,0.104173-2.112654j,8.814479
0.044015+0.488279j,-0.657593+1.102701j,0.103972-2.112306j,8.817260
0.044417+0.488373j,-0.658164+1.101947j,0.103772-2.111958j,8.820040
0.044819+0.488466j,-0.658734+1.101193j,0.103572-2.111610j,8.822819
0.045221+0.488559j,-0.659302+1.100441j,0.103371-2.111262j,8.825597
0.045624+0.488652j,-0.659868+1.099689j,0.103171-2.110913j,8.828374
0.046026+0.488745j,-0.660433+1.098939j,0.102970-2.110565j,8.831151
0.046429+0.488837j,-0.660995+1.098191j,0.102770-2.110217j,8.833927
0.046832+0.488929j,-0.661556+1.097443j,0.102569-2.109869j,8.836702
0.047235+0.489021j,-0.662115+1.096697j,0.102369-2.109521j,8.839476
0.047639+0.489112j,-0.662673+1.095951j,0.102168-2.109173j,8.842249
0.048042+0.489203j,-0.663229+1.095207j,0.101968-2.108825j,8.845022
0.048446+0.489294j,-0.663782+1.094464j,0.101767-2.108477j,8.847793
0.048850+0.489384j,-0.664335+1.093722j,0.101567-2.108129j,8.850564
0.049254+0.489474j,-0.664885+1.092982j,0.101366-2.107781j,8.853334
0.049658+0.489564j,-0.665434+1.092242j,0.101165-2.107433j,8.856103
0.050063+0.489654j,-0.665981+1.091503j,0.100965-2.107085j,8.858872
0.050468+0.489743j,-0.666527+1.090766j,0.100764-2.106737j,8.861639
0.050872+0.489832j,-0.667070+1.090030j,0.100563-2.106389j,8.864406
0.051277+0.489920j,-0.667612+1.089295j,0.100363-2.106042j,8.867172
0.051683+0.490009j,-0.668153+1.088561j,0.100162-2.105694j,8.869937
0.052088+0.490097j,-0.668692+1.087828j,0.099961-2.105346j,8.872701
0.052493+0.490184j,-0.669229+1.087096j,0.099760-2.104998j,8.875464
0.052899+0.490272j,-0.669764+1.086365j,0.099559-2.104650j,8.878227
0.053305+0.490359j,-0.670298+1.085636j,0.099358-2.104303j,8.880989
0.053711+0.490446j,-0.670830+1.084907j,0.099158-2.103955j,8.883750
0.054117+0.490532j,-0.671361+1.084179j,0.098957-2.103607j,8.886510
0.054524+0.490619j,-0.671890+1.083453j,0.098756-2.103260j,8.889269
0.054930+0.490705j,-0.672417+1.082728j,0.098555-2.102912j,8.892028
0.055337+0.490790j,-0.672943+1.082003j,0.098354-2.102564j,8.894786
0.055744+0.490875j,-0.673467+1.081280j,0.098153-2.102217j,8.897543
0.056151+0.490961j,-0.673990+1.080558j,0.097952-2.101869j,8.900299
0.056558+0.491045j,-0.674511+1.079836j,0.097751-2.101522j,8.903054
0.056966+0.491130j,-0.675031+1.079116j,0.097549-2.101174j,8.905809
0.057374+0.491214j,-0.675549+1.078397j,0.097348-2.100827j,8.908562
0.057781+0.491298j,-0.676065+1.077679j,0.097147-2.100479j,8.911315
0.058189+0.491381j,-0.676580+1.076962j,0.096946-2.100132j,8.914067
0.058598+0.491464j,-0.677094+1.076246j,0.096745-2.099784j,8.916818
0.059006+0.491547j,-0.677605+1.075530j,0.096544-2.099437j,8.919569
0.059414+0.491630j,-0.678116+1.074816j,0.096342-2.099089j,8.922319
0.059823+0.491712j,-0.678625+1.074103j,0.096141-2.098742j,8.925067
0.060232+0.491794j,-0.679132+1.073391j,0.095940-2.098395j,8.927815
0.060641+0.491876j,-0.679638+1.072680j,0.095738-2.098047j,8.930563
0.061050+0.491957j,-0.680142+1.071970j,0.095537-2.097700j,8.933309
0.061460+0.492038j,-0.680645+1.071260j,0.095336-2.097353j,8.936055
0.061869+0.492119j,-0.681147+1.070552j,0.095134-2.097006j,8.938799
0.062279+0.492199j,-0.681646+1.069845j,0.094933-2.096658j,8.941544
0.062689+0.492279j,-0.682145+1.069138j,0.094731-2.096311j,8.944287
0.063099+0.492359j,-0.682642+1.068433j,0.094530-2.095964j,8.947029
0.063509+0.492439j,-0.683138+1.067729j,0.094328-2.095617j,8.949771
0.063920+0.492518j,-0.683632+1.067025j,0.094127-2.095270j,8.952512
0.064330+0.492597j,-0.684124+1.066323j,0.093925-2.094923j,8.955252
0.064741+0.492676j,-0.684616+1.065621j,0.093724-2.094575j,8.957991
0.065152+0.492754j,-0.685106+1.064920j,0.093522-2.094228j,8.960729
0.065563+0.492832j,-0.685594+1.064221j,0.093320-2.093881j,8.963467
0.065974+0.492910j,-0.686081+1.063522j,0.093119-2.093534j,8.966204
0.066386+0.492987j,-0.686567+1.062824j,0.092917-2.093187j,8.968940
0.066797+0.493064j,-0.687051+1.062127j,0.092715-2.092840j,8.971675
0.067209+0.493141j,-0.687534+1.061431j,0.092514-2.092493j,8.974409
0.067621+0.493217j,-0.688015+1.060736j,0.092312-2.092146j,8.977143
0.068033+0.493293j,-0.688495+1.060041j,0.092110-2.091799j,8.979876
0.068445+0.493369j,-0.688974+1.059348j,0.091908-2.091453j,8.982608
0.068858+0.493445j,-0.689451+1.058656j,0.091706-2.091106j,8.985339
0.069271+0.493520j,-0.689927+1.057964j,0.091505-2.090759j,8.988070
0.069683+0.493595j,-0.690402+1.057273j,0.091303-2.090412j,8.990799
0.070096+0.493669j,-0.690875+1.056584j,0.091101-2.090065j,8.993528
0.070509+0.493744j,-0.691347+1.055895j,0.090899-2.089718j,8.996256
0.070923+0.493818j,-0.691817+1.055207j,0.090697-2.089372j,8.998984
0.071336+0.493891j,-0.692286+1.054519j,0.090495-2.089025j,9.001710
0.071750+0.493965j,-0.692754+1.053833j,0.090293-2.088678j,9.004436
0.072164+0.494038j,-0.693221+1.053148j,0.090091-2.088332j,9.007161
0.072578+0.494110j,-0.693686+1.052463j,0.089889-2.087985j,9.009885
0.072992+0.494183j,-0.694150+1.051779j,0.089687-2.087638j,9.012608
0.073406+0.494255j,-0.694613+1.051096j,0.089484-2.087292j,9.015331
0.073821+0.494327j,-0.695074+1.050414j,0.089282-2.086945j,9.018053
0.074235+0.494398j,-0.695534+1.049733j,0.089080-2.086599j,9.020774
0.074650+0.494469j,-0.695993+1.049053j,0.088878-2.086252j,9.023494
0.075065+0.494540j,-0.696450+1.048373j,0.088676-2.085906j,9.026213
0.075480+0.494611j,-0.696906+1.047695j,0.088473-2.085559j,9.028932
0.075896+0.494681j,-0.697361+1.047017j,0.088271-2.085213j,9.031650
0.076311+0.494751j,-0.697815+1.046340j,0.088069-2.084866j,9.034367
0.076727+0.494821j,-0.698267+1.045664j,0.087866-2.084520j,9.037083
0.077143+0.494890j,-0.698718+1.044988j,0.087664-2.084173j,9.039799
0.077559+0.494959j,-0.699168+1.044314j,0.087462-2.083827j,9.042513
0.077975+0.495027j,-0.699616+1.043640j,0.087259-2.083481j,9.045227
0.078391+0.495096j,-0.700064+1.042967j,0.087057-2.083134j,9.047940
0.078807+0.495164j,-0.700510+1.042295j,0.086854-2.082788j,9.050653
0.079224+0.495232j,-0.700955+1.041623j,0.086652-2.082442j,9.053364
0.079641+0.495299j,-0.701398+1.040953j,0.086449-2.082095j,9.056075
0.080058+0.495366j,-0.701841+1.040283j,0.086247-2.081749j,9.058785
0.080475+0.495433j,-0.702282+1.039614j,0.086044-2.081403j,9.061494
0.080892+0.495499j,-0.702722+1.038946j,0.085842-2.081057j,9.064203
0.081310+0.495565j,-0.703160+1.038279j,0.085639-2.080711j,9.066911
0.081727+0.495631j,-0.703598+1.037612j,0.085436-2.080365j,9.069618
0.082145+0.495697j,-0.704034+1.036946j,0.085234-2.080018j,9.072324
0.082563+0.495762j,-0.704469+1.036281j,0.085031-2.079672j,9.075029
0.082981+0.495827j,-0.704903+1.035617j,0.084828-2.079326j,9.077734
0.083399+0.495891j,-0.705336+1.034953j,0.084626-2.078980j,9.080437
0.083818+0.495956j,-0.705767+1.034291j,0.084423-2.078634j,9.083141
0.084236+0.496019j,-0.706197+1.033629j,0.084220-2.078288j,9.085843
0.084655+0.496083j,-0.706627+1.032967j,0.084017-2.077942j,9.088544
0.085074+0.496146j,-0.707055+1.032307j,0.083814-2.077596j,9.091245
0.085493+0.496209j,-0.707481+1.031647j,0.083611-2.077250j,9.093945
0.085912+0.496272j,-0.707907+1.030988j,0.083408-2.076905j,9.096644
0.086332+0.496334j,-0.708331+1.030330j,0.083206-2.076559j,9.099342
0.086751+0.496396j,-0.708755+1.029673j,0.083003-2.076213j,9.102040
0.087171+0.496458j,-0.709177+1.029016j,0.082800-2.075867j,9.104737
0.087591+0.496519j,-0.709598+1.028360j,0.082597-2.075521j,9.107433
0.088011+0.496580j,-0.710018+1.027705j,0.082394-2.075176j,9.110128
0.088431+0.496641j,-0.710436+1.027050j,0.082190-2.074830j,9.112823
0.088852+0.496702j,-0.710854+1.026396j,0.081987-2.074484j,9.115517
0.089272+0.496762j,-0.711270+1.025743j,0.081784-2.074138j,9.118210
0.089693+0.496821j,-0.711686+1.025091j,0.081581-2.073793j,9.120902
0.090114+0.496881j,-0.712100+1.024439j,0.081378-2.073447j,9.123593
0.090535+0.496940j,-0.712513+1.023788j,0.081175-2.073101j,9.126284
0.090956+0.496999j,-0.712925+1.023138j,0.080971-2.072756j,9.128974
0.091377+0.497057j,-0.713336+1.022489j,0.080768-2.072410j,9.131663
0.091799+0.497115j,-0.713745+1.021840j,0.080565-2.072065j,9.134351
0.092220+0.497173j,-0.714154+1.021192j,0.080362-2.071719j,9.137039
0.092642+0.497231j,-0.714561+1.020545j,0.080158-2.071374j,9.139726
0.093064+0.497288j,-0.714968+1.019898j,0.079955-2.071028j,9.142412
0.093486+0.497345j,-0.715373+1.019252j,0.079752-2.070683j,9.145097
0.093908+0.497401j,-0.715777+1.018607j,0.079548-2.070337j,9.147782
0.094331+0.497458j,-0.716180+1.017962j,0.079345-2.069992j,9.150466
0.094753+0.497514j,-0.716582+1.017318j,0.079141-2.069647j,9.153149
0.095176+0.497569j,-0.716983+1.016675j,0.078938-2.069301j,9.155831
0.095599+0.497624j,-0.717383+1.016033j,0.078734-2.068956j,9.158512
0.096022+0.497679j,-0.717782+1.015391j,0.078531-2.068611j,9.161193
0.096445+0.497734j,-0.718180+1.014750j,0.078327-2.068266j,9.163873
0.096868+0.497788j,-0.718576+1.014109j,0.078124-2.067920j,9.166552
0.097292+0.497842j,-0.718972+1.013469j,0.077920-2.067575j,9.169231
0.097716+0.497896j,-0.719367+1.012830j,0.077716-2.067230j,9.171909
0.098139+0.497949j,-0.719760+1.012192j,0.077513-2.066885j,9.174585
0.098563+0.498002j,-0.720153+1.011554j,0.077309-2.066540j,9.177262
0.098988+0.498055j,-0.720544+1.010917j,0.077105-2.066195j,9.179937
0.099412+0.498107j,-0.720934+1.010281j,0.076901-2.065849j,9.182612
0.099836+0.498159j,-0.721324+1.009645j,0.076698-2.065504j,9.185286
0.100261+0.498211j,-0.721712+1.009010j,0.076494-2.065159j,9.187959
0.100686+0.498262j,-0.722099+1.008375j,0.076290-2.064814j,9.190631
0.101110+0.498313j,-0.722485+1.007742j,0.076086-2.064469j,9.193303
0.101535+0.498364j,-0.722870+1.007108j,0.075882-2.064124j,9.195973
0.101961+0.498414j,-0.723255+1.006476j,0.075678-2.063779j,9.198644
0.102386+0.498465j,-0.723638+1.005844j,0.075474-2.063435j,9.201313
0.102812+0.498514j,-0.724020+1.005213j,0.075270-2.063090j,9.203981
0.103237+0.498564j,-0.724401+1.004582j,0.075066-2.062745j,9.206649
0.103663+0.498613j,-0.724781+1.003952j,0.074862-2.062400j,9.209316
0.104089+0.498661j,-0.725160+1.003323j,0.074658-2.062055j,9.211983
0.104515+0.498710j,-0.725538+1.002694j,0.074454-2.061710j,9.214648
0.104941+0.498758j,-0.725915+1.002066j,0.074250-2.061366j,9.217313
0.105368+0.498806j,-0.726291+1.001439j,0.074046-2.061021j,9.219977
0.105794+0.498853j,-0.726666+1.000812j,0.073842-2.060676j,9.222640
0.106221+0.498900j,-0.727040+1.000186j,0.073638-2.060332j,9.225303
0.106648+0.498947j,-0.727413+0.999561j,0.073433-2.059987j,9.227965
0.107075+0.498994j,-0.727786+0.998936j,0.073229-2.059642j,9.230626
0.107502+0.499040j,-0.728157+0.998311j,0.073025-2.059298j,9.233286
0.107929+0.499086j,-0.728527+0.997688j,0.072820-2.058953j,9.235945
0.108357+0.499131j,-0.728896+0.997065j,0.072616-2.058609j,9.238604
0.108784+0.499176j,-0.729264+0.996442j,0.072412-2.058264j,9.241262
0.109212+0.499221j,-0.729631+0.995820j,0.072207-2.057920j,9.243919
0.109640+0.499265j,-0.729998+0.995199j,0.072003-2.057575j,9.246576
0.110068+0.499310j,-0.730363+0.994579j,0.071799-2.057231j,9.249232
0.110496+0.499353j,-0.730727+0.993959j,0.071594-2.056886j,9.251887
0.110925+0.499397j,-0.731090+0.993339j,0.071390-2.056542j,9.254541
0.111353+0.499440j,-0.731453+0.992721j,0.071185-2.056198j,9.257194
0.111782+0.499483j,-0.731814+0.992102j,0.070981-2.055853j,9.259847
0.112211+0.499525j,-0.732175+0.991485j,0.070776-2.055509j,9.262499
0.112640+0.499567j,-0.732534+0.990868j,0.070571-2.055165j,9.265151
0.113069+0.499609j,-0.732893+0.990251j,0.070367-2.054821j,9.267801
0.113498+0.499651j,-0.733250+0.989636j,0.070162-2.054476j,9.270451
0.113927+0.499692j,-0.733607+0.989020j,0.069957-2.054132j,9.273100
0.114357+0.499733j,-0.733963+0.988406j,0.069753-2.053788j,9.275748
0.114786+0.499773j,-0.734318+0.987792j,0.069548-2.053444j,9.278396
0.115216+0.499813j,-0.734672+0.987178j,0.069343-2.053100j,9.281042
0.115646+0.499853j,-0.735025+0.986565j,0.069138-2.052756j,9.283688
0.116076+0.499893j,-0.735377+0.985953j,0.068934-2.052412j,9.286334
0.116507+0.499932j,-0.735728+0.985341j,0.068729-2.052068j,9.288978
0.116937+0.499971j,-0.736078+0.984730j,0.068524-2.051724j,9.291622
0.117368+0.500009j,-0.736427+0.984120j,0.068319-2.051380j,9.294265
0.117798+0.500048j,-0.736776+0.983510j,0.068114-2.051036j,9.296907
0.118229+0.500085j,-0.737123+0.982900j,0.067909-2.050692j,9.299549
0.118660+0.500123j,-0.737469+0.982291j,0.067704-2.050348j,9.302190
0.119091+0.500160j,-0.737815+0.981683j,0.067499-2.050004j,9.304830
0.119522+0.500197j,-0.738160+0.981075j,0.067294-2.049660j,9.307469
0.119954+0.500233j,-0.738504+0.980468j,0.067089-2.049316j,9.310108
0.120385+0.500269j,-0.738847+0.979862j,0.066884-2.048973j,9.312745
0.120817+0.500305j,-0.739189+0.979255j,0.066679-2.048629j,9.315383
0.121249+0.500341j,-0.739530+0.978650j,0.066474-2.048285j,9.318019
0.121681+0.500376j,-0.739870+0.978045j,0.066268-2.047941j,9.320654
0.122113+0.500411j,-0.740209+0.977441j,0.066063-2.047598j,9.323289
0.122545+0.500445j,-0.740548+0.976837j,0.065858-2.047254j,9.325923
0.122978+0.500479j,-0.740885+0.976234j,0.065653-2.046910j,9.328557
0.123410+0.500513j,-0.741222+0.975631j,0.065448-2.046567j,9.331189
0.123843+0.500547j,-0.741558+0.975029j,0.065242-2.046223j,9.333821
0.124276+0.500580j,-0.741893+0.974427j,0.065037-2.045880j,9.336453
0.124709+0.500613j,-0.742227+0.973826j,0.064832-2.045536j,9.339083
0.125142+0.500645j,-0.742560+0.973225j,0.064626-2.045193j,9.341713
0.125575+0.500677j,-0.742892+0.972625j,0.064421-2.044849j,9.344342
0.126008+0.500709j,-0.743223+0.972026j,0.064215-2.044506j,9.346970
0.126442+0.500740j,-0.743554+0.971427j,0.064010-2.044162j,9.349597
0.126876+0.500772j,-0.743884+0.970828j,0.063804-2.043819j,9.352224
0.127309+0.500802j,-0.744213+0.970231j,0.063599-2.043476j,9.354850
0.127743+0.500833j,-0.744541+0.969633j,0.063393-2.043132j,9.357475
0.128178+0.500863j,-0.744868+0.969036j,0.063188-2.042789j,9.360100
0.128612+0.500893j,-0.745194+0.968440j,0.062982-2.042446j,9.362723
0.129046+0.500922j,-0.745519+0.967844j,0.062776-2.042103j,9.365346
0.129481+0.500951j,-0.745844+0.967249j,0.062571-2.041759j,9.367969
0.129915+0.500980j,-0.746168+0.966654j,0.062365-2.041416j,9.370590
0.130350+0.501008j,-0.746490+0.966060j,0.062159-2.041073j,9.373211
0.130785+0.501036j,-0.746812+0.965467j,0.061953-2.040730j,9.375831
0.131220+0.501064j,-0.747134+0.964873j,0.061748-2.040387j,9.378451
0.131655+0.501091j,-0.747454+0.964281j,0.061542-2.040044j,9.381069
0.132091+0.501118j,-0.747773+0.963689j,0.061336-2.039701j,9.383687
0.132526+0.501145j,-0.748092+0.963097j,0.061130-2.039358j,9.386304
0.132962+0.501171j,-0.748410+0.962506j,0.060924-2.039015j,9.388921
0.133397+0.501197j,-0.748727+0.961915j,0.060718-2.038672j,9.391536
0.133833+0.501223j,-0.749043+0.961325j,0.060512-2.038329j,9.394151
0.134269+0.501248j,-0.749358+0.960736j,0.060306-2.037986j,9.396765
0.134705+0.501273j,-0.749673+0.960147j,0.060100-2.037643j,9.399379
0.135142+0.501298j,-0.749987+0.959558j,0.059894-2.037300j,9.401992
0.135578+0.501322j,-0.750300+0.958970j,0.059688-2.036958j,9.404604
0.136015+0.501346j,-0.750612+0.958383j,0.059482-2.036615j,9.407215
0.136451+0.501370j,-0.750923+0.957796j,0.059276-2.036272j,9.409825
0.136888+0.501393j,-0.751233+0.957209j,0.059070-2.035929j,9.412435
0.137325+0.501416j,-0.751543+0.956623j,0.058864-2.035587j,9.415044
0.137762+0.501439j,-0.751852+0.956037j,0.058658-2.035244j,9.417653
0.138199+0.501461j,-0.752160+0.955452j,0.058451-2.034901j,9.420260
0.138637+0.501483j,-0.752467+0.954868j,0.058245-2.034559j,9.422867
0.139074+0.501504j,-0.752773+0.954284j,0.058039-2.034216j,9.425473
0.139512+0.501526j,-0.753079+0.953700j,0.057832-2.033874j,9.428079
0.139950+0.501546j,-0.753384+0.953117j,0.057626-2.033531j,9.430683
0.140387+0.501567j,-0.753688+0.952534j,0.057420-2.033189j,9.433287
0.140825+0.501587j,-0.753991+0.951952j,0.057213-2.032846j,9.435891
0.141264+0.501607j,-0.754293+0.951371j,0.057007-2.032504j,9.438493
0.141702+0.501626j,-0.754595+0.950789j,0.056800-2.032161j,9.441095
0.142140+0.501646j,-0.754896+0.950209j,0.056594-2.031819j,9.443696
0.142579+0.501664j,-0.755196+0.949629j,0.056387-2.031477j,9.446296
0.143017+0.501683j,-0.755495+0.949049j,0.056181-2.031134j,9.448896
0.143456+0.501701j,-0.755794+0.948470j,0.055974-2.030792j,9.451495
0.143895+0.501719j,-0.756091+0.947891j,0.055768-2.030450j,9.454093
0.144334+0.501736j,-0.756388+0.947313j,0.055561-2.030108j,9.456690
0.144773+0.501753j,-0.756684+0.946735j,0.055354-2.029765j,9.459287
0.145213+0.501770j,-0.756980+0.946157j,0.055148-2.029423j,9.461883
0.145652+0.501786j,-0.757274+0.945581j,0.054941-2.029081j,9.464478
0.146092+0.501802j,-0.757568+0.945004j,0.054734-2.028739j,9.467073
0.146531+0.501818j,-0.757861+0.944428j,0.054528-2.028397j,9.469666
0.146971+0.501833j,-0.758153+0.943853j,0.054321-2.028055j,9.472260
0.147411+0.501848j,-0.758445+0.943278j,0.054114-2.027713j,9.474852
0.147851+0.501863j,-0.758736+0.942703j,0.053907-2.027371j,9.477443
0.148292+0.501877j,-0.759026+0.942129j,0.053700-2.027029j,9.480034
0.148732+0.501891j,-0.759315+0.941556j,0.053493-2.026687j,9.482624
0.149172+0.501905j,-0.759603+0.940983j,0.053286-2.026345j,9.485214
0.149613+0.501918j,-0.759891+0.940410j,0.053079-2.026003j,9.487803
0.150054+0.501931j,-0.760178+0.939838j,0.052872-2.025661j,9.490391
0.150495+0.501943j,-0.760464+0.939266j,0.052665-2.025320j,9.492978
0.150936+0.501956j,-0.760749+0.938695j,0.052458-2.024978j,9.495564
0.151377+0.501967j,-0.761034+0.938124j,0.052251-2.024636j,9.498150
0.151818+0.501979j,-0.761318+0.937553j,0.052044-2.024294j,9.500735
0.152259+0.501990j,-0.761601+0.936983j,0.051837-2.023953j,9.503320
0.152701+0.502001j,-0.761884+0.936414j,0.051630-2.023611j,9.505903
0.153142+0.502011j,-0.762165+0.935845j,0.051423-2.023269j,9.508486
0.153584+0.502021j,-0.762446+0.935276j,0.051215-2.022928j,9.511068
0.154026+0.502031j,-0.762727+0.934708j,0.051008-2.022586j,9.513650
0.154468+0.502041j,-0.763006+0.934140j,0.050801-2.022245j,9.516231
0.154910+0.502050j,-0.763285+0.933573j,0.050594-2.021903j,9.518811
0.155352+0.502058j,-0.763563+0.933006j,0.050386-2.021562j,9.521390
0.155795+0.502067j,-0.763840+0.932440j,0.050179-2.021220j,9.523968
0.156237+0.502075j,-0.764117+0.931874j,0.049971-2.020879j,9.526546
0.156680+0.502082j,-0.764392+0.931308j,0.049764-2.020537j,9.529123
0.157122+0.502090j,-0.764667+0.930743j,0.049557-2.020196j,9.531700
0.157565+0.502097j,-0.764942+0.930179j,0.049349-2.019855j,9.534276
0.158008+0.502103j,-0.765215+0.929615j,0.049142-2.019513j,9.536851
0.158451+0.502109j,-0.765488+0.929051j,0.048934-2.019172j,9.539425
0.158895+0.502115j,-0.765760+0.928488j,0.048726-2.018831j,9.541998
0.159338+0.502121j,-0.766032+0.927925j,0.048519-2.018490j,9.544571
0.159781+0.502126j,-0.766303+0.927362j,0.048311-2.018148j,9.547143
0.160225+0.502131j,-0.766573+0.926800j,0.048104-2.017807j,9.549715
0.160669+0.502135j,-0.766842+0.926239j,0.047896-2.017466j,9.552285
0.161112+0.502139j,-0.767111+0.925677j,0.047688-2.017125j,9.554855
0.161556+0.502143j,-0.767378+0.925117j,0.047480-2.016784j,9.557425
0.162000+0.502147j,-0.767646+0.924556j,0.047273-2.016443j,9.559993
0.162445+0.502150j,-0.767912+0.923997j,0.047065-2.016102j,9.562561
0.162889+0.502152j,-0.768178+0.923437j,0.046857-2.015761j,9.565128
0.163333+0.502155j,-0.768443+0.922878j,0.046649-2.015420j,9.567694
0.163778+0.502157j,-0.768707+0.922320j,0.046441-2.015079j,9.570260
0.164223+0.502158j,-0.768971+0.921761j,0.046233-2.014738j,9.572825
0.164667+0.502160j,-0.769234+0.921204j,0.046025-2.014398j,9.575389
0.165112+0.502160j,-0.769496+0.920646j,0.045817-2.014057j,9.577953
0.165557+0.502161j,-0.769758+0.920089j,0.045609-2.013716j,9.580515
0.166002+0.502161j,-0.770018+0.919533j,0.045401-2.013375j,9.583077
0.166448+0.502161j,-0.770279+0.918977j,0.045193-2.013035j,9.585639
0.166893+0.502161j,-0.770538+0.918421j,0.044985-2.012694j,9.588199
0.167338+0.502160j,-0.770797+0.917866j,0.044777-2.012353j,9.590759
0.167784+0.502159j,-0.771055+0.917311j,0.044569-2.012013j,9.593319
0.168230+0.502157j,-0.771312+0.916756j,0.044361-2.011672j,9.595877
0.168676+0.502155j,-0.771569+0.916202j,0.044153-2.011332j,9.598435
0.169122+0.502153j,-0.771825+0.915649j,0.043944-2.010991j,9.600992
0.169568+0.502150j,-0.772080+0.915096j,0.043736-2.010651j,9.603548
0.170014+0.502147j,-0.772335+0.914543j,0.043528-2.010310j,9.606104
0.170460+0.502144j,-0.772589+0.913990j,0.043320-2.009970j,9.608659
0.170906+0.502140j,-0.772842+0.913438j,0.043111-2.009629j,9.611213
0.171353+0.502136j,-0.773095+0.912887j,0.042903-2.009289j,9.613766
0.171800+0.502132j,-0.773346+0.912336j,0.042694-2.008949j,9.616319
0.172246+0.502127j,-0.773598+0.911785j,0.042486-2.008608j,9.618871
0.172693+0.502122j,-0.773848+0.911235j,0.042277-2.008268j,9.621423
0.173140+0.502116j,-0.774098+0.910685j,0.042069-2.007928j,9.623973
0.173587+0.502110j,-0.774347+0.910135j,0.041860-2.007588j,9.626523
0.174035+0.502104j,-0.774596+0.909586j,0.041652-2.007247j,9.629072
0.174482+0.502097j,-0.774844+0.909037j,0.041443-2.006907j,9.631621
0.174929+0.502091j,-0.775091+0.908489j,0.041235-2.006567j,9.634169
0.175377+0.502083j,-0.775337+0.907941j,0.041026-2.006227j,9.636716
0.175825+0.502076j,-0.775583+0.907393j,0.040817-2.005887j,9.639262
0.176272+0.502068j,-0.775828+0.906846j,0.040609-2.005547j,9.641808
0.176720+0.502059j,-0.776073+0.906299j,0.040400-2.005207j,9.644353
0.177168+0.502050j,-0.776317+0.905753j,0.040191-2.004867j,9.646897
0.177616+0.502041j,-0.776560+0.905207j,0.039982-2.004527j,9.649441
0.178065+0.502032j,-0.776803+0.904661j,0.039774-2.004187j,9.651983
0.178513+0.502022j,-0.777045+0.904116j,0.039565-2.003848j,9.654526
0.178961+0.502012j,-0.777286+0.903571j,0.039356-2.003508j,9.657067
0.179410+0.502001j,-0.777526+0.903026j,0.039147-2.003168j,9.659608
0.179858+0.501990j,-0.777766+0.902482j,0.038938-2.002828j,9.662148
0.180307+0.501979j,-0.778006+0.901939j,0.038729-2.002489j,9.664687
0.180756+0.501968j,-0.778244+0.901395j,0.038520-2.002149j,9.667226
0.181205+0.501956j,-0.778482+0.900852j,0.038311-2.001809j,9.669763
0.181654+0.501943j,-0.778720+0.900310j,0.038102-2.001470j,9.672301
0.182103+0.501930j,-0.778956+0.899768j,0.037893-2.001130j,9.674837
0.182553+0.501917j,-0.779192+0.899226j,0.037684-2.000790j,9.677373
0.183002+0.501904j,-0.779428+0.898685j,0.037475-2.000451j,9.679908
0.183452+0.501890j,-0.779662+0.898144j,0.037265-2.000111j,9.682442
0.183901+0.501876j,-0.779896+0.897603j,0.037056-1.999772j,9.684976
0.184351+0.501861j,-0.780130+0.897063j,0.036847-1.999433j,9.687509
0.184801+0.501847j,-0.780363+0.896523j,0.036638-1.999093j,9.690041
0.185251+0.501831j,-0.780595+0.895983j,0.036428-1.998754j,9.692572
0.185701+0.501816j,-0.780826+0.895444j,0.036219-1.998415j,9.695103
0.186151+0.501800j,-0.781057+0.894905j,0.036010-1.998075j,9.697633
0.186601+0.501783j,-0.781288+0.894367j,0.035800-1.997736j,9.700163
0.187052+0.501767j,-0.781517+0.893829j,0.035591-1.997397j,9.702691
0.187502+0.501750j,-0.781746+0.893291j,0.035381-1.997058j,9.705219
0.187953+0.501732j,-0.781975+0.892754j,0.035172-1.996718j,9.707746
0.188404+0.501714j,-0.782202+0.892217j,0.034962-1.996379j,9.710273
0.188854+0.501696j,-0.782430+0.891681j,0.034753-1.996040j,9.712799
0.189305+0.501678j,-0.782656+0.891145j,0.034543-1.995701j,9.715324
0.189756+0.501659j,-0.782882+0.890609j,0.034334-1.995362j,9.717848
0.190207+0.501640j,-0.783107+0.890073j,0.034124-1.995023j,9.720372
0.190659+0.501620j,-0.783332+0.889538j,0.033915-1.994684j,9.722895
0.191110+0.501600j,-0.783556+0.889004j,0.033705-1.994345j,9.725418
0.191561+0.501580j,-0.783779+0.888469j,0.033495-1.994006j,9.727939
0.192013+0.501559j,-0.784002+0.887935j,0.033285-1.993668j,9.730460
0.192465+0.501538j,-0.784224+0.887402j,0.033076-1.993329j,9.732980
0.192916+0.501516j,-0.784446+0.886868j,0.032866-1.992990j,9.735500
0.193368+0.501494j,-0.784666+0.886336j,0.032656-1.992651j,9.738019
0.193820+0.501472j,-0.784887+0.885803j,0.032446-1.992313j,9.740537
0.194272+0.501450j,-0.785106+0.885271j,0.032236-1.991974j,9.743054
0.194724+0.501427j,-0.785325+0.884739j,0.032026-1.991635j,9.745571
0.195177+0.501403j,-0.785544+0.884208j,0.031816-1.991297j,9.748087
0.195629+0.501380j,-0.785762+0.883677j,0.031606-1.990958j,9.750602
0.196081+0.501356j,-0.785979+0.883146j,0.031396-1.990619j,9.753117
0.196534+0.501331j,-0.786196+0.882615j,0.031186-1.990281j,9.755631
0.196986+0.501307j,-0.786412+0.882085j,0.030976-1.989943j,9.758144
0.197439+0.501281j,-0.786627+0.881556j,0.030766-1.989604j,9.760656
0.197892+0.501256j,-0.786842+0.881026j,0.030556-1.989266j,9.763168
0.198345+0.501230j,-0.787056+0.880497j,0.030346-1.988927j,9.765679
0.198798+0.501204j,-0.787270+0.879969j,0.030136-1.988589j,9.768190
0.199251+0.501177j,-0.787483+0.879441j,0.029925-1.988251j,9.770699
0.199704+0.501150j,-0.787695+0.878913j,0.029715-1.987912j,9.773208
0.200158+0.501123j,-0.787907+0.878385j,0.029505-1.987574j,9.775716
0.200611+0.501095j,-0.788118+0.877858j,0.029295-1.987236j,9.778224
0.201065+0.501067j,-0.788328+0.877331j,0.029084-1.986898j,9.780731
0.201518+0.501039j,-0.788538+0.876805j,0.028874-1.986560j,9.783237
0.201972+0.501010j,-0.788748+0.876278j,0.028663-1.986222j,9.785743
0.202426+0.500981j,-0.788957+0.875753j,0.028453-1.985884j,9.788247
0.202880+0.500951j,-0.789165+0.875227j,0.028243-1.985545j,9.790751
0.203334+0.500921j,-0.789372+0.874702j,0.028032-1.985207j,9.793255
0.203788+0.500891j,-0.789579+0.874177j,0.027822-1.984870j,9.795758
0.204242+0.500860j,-0.789786+0.873653j,0.027611-1.984532j,9.798260
0.204696+0.500829j,-0.789992+0.873129j,0.027400-1.984194j,9.800761
0.205151+0.500798j,-0.790197+0.872605j,0.027190-1.983856j,9.803261
0.205605+0.500766j,-0.790402+0.872081j,0.026979-1.983518j,9.805761
0.206060+0.500734j,-0.790606+0.871558j,0.026769-1.983180j,9.808260
0.206515+0.500701j,-0.790809+0.871036j,0.026558-1.982843j,9.810759
0.206969+0.500668j,-0.791012+0.870513j,0.026347-1.982505j,9.813257
0.207424+0.500635j,-0.791214+0.869991j,0.026136-1.982167j,9.815754
0.207879+0.500601j,-0.791416+0.869469j,0.025926-1.981830j,9.818250
0.208334+0.500567j,-0.791617+0.868948j,0.025715-1.981492j,9.820746
0.208789+0.500533j,-0.791818+0.868427j,0.025504-1.981154j,9.823241
0.209245+0.500498j,-0.792018+0.867906j,0.025293-1.980817j,9.825735
0.209700+0.500463j,-0.792217+0.867386j,0.025082-1.980479j,9.828229
0.210155+0.500427j,-0.792416+0.866866j,0.024871-1.980142j,9.830722
0.210611+0.500391j,-0.792615+0.866346j,0.024660-1.979804j,9.833214
0.211067+0.500355j,-0.792812+0.865827j,0.024449-1.979467j,9.835706
0.211522+0.500318j,-0.793009+0.865308j,0.024238-1.979130j,9.838196
0.211978+0.500281j,-0.793206+0.864789j,0.024027-1.978792j,9.840687
0.212434+0.500244j,-0.793402+0.864270j,0.023816-1.978455j,9.843176
0.212890+0.500206j,-0.793597+0.863752j,0.023605-1.978118j,9.845665
0.213346+0.500168j,-0.793792+0.863235j,0.023394-1.977781j,9.848153
0.213802+0.500130j,-0.793986+0.862717j,0.023182-1.977443j,9.850640
0.214258+0.500091j,-0.794180+0.862200j,0.022971-1.977106j,9.853127
0.214715+0.500052j,-0.794373+0.861683j,0.022760-1.976769j,9.855613
0.215171+0.500012j,-0.794566+0.861167j,0.022549-1.976432j,9.858098
0.215628+0.499972j,-0.794758+0.860651j,0.022337-1.976095j,9.860583
0.216084+0.499931j,-0.794949+0.860135j,0.022126-1.975758j,9.863066
0.216541+0.499891j,-0.795140+0.859620j,0.021915-1.975421j,9.865550
0.216998+0.499850j,-0.795330+0.859104j,0.021703-1.975084j,9.868032
0.217455+0.499808j,-0.795520+0.858590j,0.021492-1.974747j,9.870514
0.217912+0.499766j,-0.795709+0.858075j,0.021280-1.974411j,9.872995
0.218369+0.499724j,-0.795898+0.857561j,0.021069-1.974074j,9.875475
0.218826+0.499681j,-0.796086+0.857047j,0.020857-1.973737j,9.877955
0.219283+0.499638j,-0.796273+0.856534j,0.020646-1.973400j,9.880434
0.219740+0.499595j,-0.796460+0.856020j,0.020434-1.973064j,9.882913
0.220198+0.499551j,-0.796647+0.855508j,0.020222-1.972727j,9.885390
0.220655+0.499507j,-0.796833+0.854995j,0.020011-1.972390j,9.887867
0.221113+0.499462j,-0.797018+0.854483j,0.019799-1.972054j,9.890343
0.221570+0.499417j,-0.797203+0.853971j,0.019587-1.971717j,9.892819
0.222028+0.499372j,-0.797387+0.853459j,0.019376-1.971381j,9.895294
0.222486+0.499326j,-0.797571+0.852948j,0.019164-1.971044j,9.897768
0.222944+0.499280j,-0.797754+0.852437j,0.018952-1.970708j,9.900241
0.223402+0.499234j,-0.797936+0.851926j,0.018740-1.970371j,9.902714
0.223860+0.499187j,-0.798118+0.851416j,0.018528-1.970035j,9.905186
0.224318+0.499140j,-0.798300+0.850906j,0.018316-1.969699j,9.907658
0.224776+0.499092j,-0.798480+0.850396j,0.018104-1.969362j,9.910129
0.225234+0.499045j,-0.798661+0.849887j,0.017893-1.969026j,9.912599
0.225693+0.498996j,-0.798841+0.849378j,0.017681-1.968690j,9.915068
0.226151+0.498948j,-0.799020+0.848869j,0.017469-1.968354j,9.917537
0.226610+0.498898j,-0.799199+0.848360j,0.017256-1.968017j,9.920004
0.227068+0.498849j,-0.799377+0.847852j,0.017044-1.967681j,9.922472
0.227527+0.498799j,-0.799554+0.847344j,0.016832-1.967345j,9.924938
0.227986+0.498749j,-0.799731+0.846837j,0.016620-1.967009j,9.927404
0.228445+0.498698j,-0.799908+0.846329j,0.016408-1.966673j,9.929869
0.228904+0.498647j,-0.800084+0.845823j,0.016196-1.966337j,9.932334
0.229363+0.498596j,-0.800259+0.845316j,0.015983-1.966001j,9.934798
0.229822+0.498544j,-0.800434+0.844810j,0.015771-1.965665j,9.937261
0.230281+0.498492j,-0.800609+0.844304j,0.015559-1.965330j,9.939723
0.230740+0.498440j,-0.800783+0.843798j,0.015347-1.964994j,9.942185
0.231200+0.498387j,-0.800956+0.843292j,0.015134-1.964658j,9.944646
0.231659+0.498334j,-0.801129+0.842787j,0.014922-1.964322j,9.947106
0.232119+0.498280j,-0.801301+0.842283j,0.014709-1.963987j,9.949566
0.232578+0.498226j,-0.801473+0.841778j,0.014497-1.963651j,9.952025
0.233038+0.498171j,-0.801644+0.841274j,0.014284-1.963315j,9.954483
0.233498+0.498117j,-0.801814+0.840770j,0.014072-1.962980j,9.956941
0.233958+0.498062j,-0.801985+0.840266j,0.013859-1.962644j,9.959398
0.234418+0.498006j,-0.802154+0.839763j,0.013647-1.962309j,9.961854
0.234878+0.497950j,-0.802323+0.839260j,0.013434-1.961973j,9.964310
0.235338+0.497894j,-0.802492+0.838757j,0.013221-1.961638j,9.966765
0.235798+0.497837j,-0.802660+0.838255j,0.013009-1.961302j,9.969219
0.236258+0.497780j,-0.802827+0.837753j,0.012796-1.960967j,9.971672
0.236718+0.497722j,-0.802994+0.837251j,0.012583-1.960632j,9.974125
0.237179+0.497665j,-0.803161+0.836750j,0.012371-1.960296j,9.976577
0.237639+0.497606j,-0.803327+0.836249j,0.012158-1.959961j,9.979029
0.238100+0.497548j,-0.803492+0.835748j,0.011945-1.959626j,9.981479
0.238560+0.497489j,-0.803657+0.835247j,0.011732-1.959291j,9.983929
0.239021+0.497429j,-0.803821+0.834747j,0.011519-1.958956j,9.986379
0.239482+0.497370j,-0.803985+0.834247j,0.011306-1.958621j,9.988827
0.239942+0.497310j,-0.804148+0.833747j,0.011093-1.958286j,9.991275
0.240403+0.497249j,-0.804311+0.833248j,0.010880-1.957951j,9.993723
0.240864+0.497188j,-0.804473+0.832748j,0.010667-1.957616j,9.996169
0.241325+0.497127j,-0.804635+0.832250j,0.010454-1.957281j,9.998615
0.241786+0.497065j,-0.804796+0.831751j,0.010241-1.956946j,10.001061
0.242248+0.497003j,-0.804957+0.831253j,0.010028-1.956611j,10.003505
0.242709+0.496941j,-0.805117+0.830755j,0.009815-1.956276j,10.005949
0.243170+0.496878j,-0.805277+0.830257j,0.009602-1.955941j,10.008392
0.243632+0.496814j,-0.805436+0.829760j,0.009388-1.955607j,10.010835
0.244093+0.496751j,-0.805595+0.829263j,0.009175-1.955272j,10.013277
0.244555+0.496687j,-0.805753+0.828766j,0.008962-1.954937j,10.015718
0.245016+0.496623j,-0.805911+0.828269j,0.008749-1.954603j,10.018158
0.245478+0.496558j,-0.806068+0.827773j,0.008535-1.954268j,10.020598
0.245940+0.496493j,-0.806225+0.827277j,0.008322-1.953934j,10.023037
0.246401+0.496427j,-0.806381+0.826782j,0.008108-1.953599j,10.025475
0.246863+0.496361j,-0.806536+0.826286j,0.007895-1.953265j,10.027913
0.247325+0.496295j,-0.806691+0.825791j,0.007682-1.952930j,10.030350
0.247787+0.496228j,-0.806846+0.825296j,0.007468-1.952596j,10.032787
0.248249+0.496161j,-0.807000+0.824802j,0.007255-1.952262j,10.035222
0.248712+0.496094j,-0.807154+0.824308j,0.007041-1.951927j,10.037657
0.249174+0.496026j,-0.807307+0.823814j,0.006827-1.951593j,10.040092
0.249636+0.495957j,-0.807459+0.823320j,0.006614-1.951259j,10.042525
0.250098+0.495889j,-0.807612+0.822827j,0.006400-1.950925j,10.044958
0.250561+0.495820j,-0.807763+0.822334j,0.006186-1.950590j,10.047390
0.251023+0.495750j,-0.807914+0.821841j,0.005973-1.950256j,10.049822
0.251486+0.495681j,-0.808065+0.821348j,0.005759-1.949922j,10.052253
0.251949+0.495610j,-0.808215+0.820856j,0.005545-1.949588j,10.054683
0.252411+0.495540j,-0.808364+0.820364j,0.005331-1.949254j,10.057113
0.252874+0.495469j,-0.808513+0.819872j,0.005118-1.948920j,10.059541
0.253337+0.495397j,-0.808662+0.819381j,0.004904-1.948586j,10.061970
0.253800+0.495326j,-0.808810+0.818890j,0.004690-1.948253j,10.064397
0.254263+0.495254j,-0.808958+0.818399j,0.004476-1.947919j,10.066824
0.254726+0.495181j,-0.809105+0.817908j,0.004262-1.947585j,10.069250
0.255189+0.495108j,-0.809251+0.817418j,0.004048-1.947251j,10.071675
0.255652+0.495035j,-0.809398+0.816928j,0.003834-1.946918j,10.074100
0.256115+0.494961j,-0.809543+0.816438j,0.003620-1.946584j,10.076524
0.256579+0.494887j,-0.809688+0.815949j,0.003406-1.946250j,10.078948
0.257042+0.494813j,-0.809833+0.815460j,0.003191-1.945917j,10.081370
0.257505+0.494738j,-0.809977+0.814971j,0.002977-1.945583j,10.083792
0.257969+0.494662j,-0.810121+0.814482j,0.002763-1.945250j,10.086214
0.258432+0.494587j,-0.810264+0.813994j,0.002549-1.944916j,10.088634
0.258896+0.494511j,-0.810407+0.813506j,0.002335-1.944583j,10.091054
0.259359+0.494434j,-0.810549+0.813018j,0.002120-1.944250j,10.093474
0.259823+0.494358j,-0.810690+0.812530j,0.001906-1.943916j,10.095892
0.260287+0.494280j,-0.810832+0.812043j,0.001692-1.943583j,10.098310
0.260751+0.494203j,-0.810972+0.811556j,0.001477-1.943250j,10.100728
0.261215+0.494125j,-0.811113+0.811069j,0.001263-1.942916j,10.103144
0.261679+0.494046j,-0.811252+0.810583j,0.001048-1.942583j,10.105560
0.262143+0.493968j,-0.811392+0.810097j,0.000834-1.942250j,10.107975
0.262607+0.493889j,-0.811530+0.809611j,0.000619-1.941917j,10.110390
0.263071+0.493809j,-0.811669+0.809125j,0.000405-1.941584j,10.112804
0.263535+0.493729j,-0.811807+0.808640j,0.000190-1.941251j,10.115217
0.263999+0.493649j,-0.811944+0.808155j,-0.000024-1.940918j,10.117629
0.264464+0.493568j,-0.812081+0.807670j,-0.000239-1.940585j,10.120041
0.264928+0.493487j,-0.812217+0.807186j,-0.000454-1.940252j,10.122452
0.265392+0.493405j,-0.812353+0.806701j,-0.000668-1.939919j,10.124863
0.265857+0.493323j,-0.812488+0.806217j,-0.000883-1.939587j,10.127273
0.266322+0.493241j,-0.812623+0.805733j,-0.001098-1.939254j,10.129682
0.266786+0.493158j,-0.812758+0.805250j,-0.001313-1.938921j,10.132090
0.267251+0.493075j,-0.812892+0.804767j,-0.001528-1.938589j,10.134498
0.267715+0.492992j,-0.813025+0.804284j,-0.001742-1.938256j,10.136905
0.268180+0.492908j,-0.813158+0.803801j,-0.001957-1.937923j,10.139312
0.268645+0.492824j,-0.813291+0.803319j,-0.002172-1.937591j,10.141717
0.269110+0.492739j,-0.813423+0.802837j,-0.002387-1.937258j,10.144122
0.269575+0.492654j,-0.813555+0.802355j,-0.002602-1.936926j,10.146527
0.270040+0.492569j,-0.813686+0.801873j,-0.002817-1.936593j,10.148930
0.270505+0.492483j,-0.813816+0.801392j,-0.003032-1.936261j,10.151333
0.270970+0.492396j,-0.813947+0.800911j,-0.003248-1.935929j,10.153736
0.271435+0.492310j,-0.814076+0.800430j,-0.003463-1.935597j,10.156138
0.271900+0.492223j,-0.814206+0.799949j,-0.003678-1.935264j,10.158539
0.272366+0.492135j,-0.814334+0.799469j,-0.003893-1.934932j,10.160939
0.272831+0.492048j,-0.814463+0.798989j,-0.004108-1.934600j,10.163338
0.273296+0.491959j,-0.814590+0.798509j,-0.004323-1.934268j,10.165737
0.273762+0.491871j,-0.814718+0.798029j,-0.004539-1.933936j,10.168136
0.274227+0.491782j,-0.814845+0.797550j,-0.004754-1.933604j,10.170533
0.274693+0.491692j,-0.814971+0.797071j,-0.004969-1.933272j,10.172930
0.275158+0.491603j,-0.815097+0.796592j,-0.005185-1.932940j,10.175327
0.275624+0.491512j,-0.815223+0.796114j,-0.005400-1.932608j,10.177722
0.276090+0.491422j,-0.815348+0.795636j,-0.005616-1.932276j,10.180117
0.276555+0.491331j,-0.815472+0.795158j,-0.005831-1.931944j,10.182511
0.277021+0.491239j,-0.815596+0.794680j,-0.006047-1.931612j,10.184905
0.277487+0.491148j,-0.815720+0.794203j,-0.006262-1.931281j,10.187298
0.277953+0.491055j,-0.815843+0.793725j,-0.006478-1.930949j,10.189690
0.278419+0.490963j,-0.815966+0.793248j,-0.006694-1.930617j,10.192082
0.278885+0.490870j,-0.816088+0.792772j,-0.006909-1.930286j,10.194472
0.279351+0.490777j,-0.816210+0.792295j,-0.007125-1.929954j,10.196863
0.279817+0.490683j,-0.816331+0.791819j,-0.007341-1.929623j,10.199252
0.280283+0.490589j,-0.816452+0.791343j,-0.007556-1.929291j,10.201641
0.280749+0.490494j,-0.816573+0.790868j,-0.007772-1.928960j,10.204029
0.281215+0.490399j,-0.816693+0.790392j,-0.007988-1.928628j,10.206417
0.281682+0.490304j,-0.816812+0.789917j,-0.008204-1.928297j,10.208803
0.282148+0.490208j,-0.816931+0.789442j,-0.008420-1.927966j,10.211190
0.282614+0.490112j,-0.817050+0.788967j,-0.008636-1.927635j,10.213575
0.283081+0.490015j,-0.817168+0.788493j,-0.008851-1.927303j,10.215960
0.283547+0.489918j,-0.817286+0.788019j,-0.009067-1.926972j,10.218344
0.284014+0.489821j,-0.817403+0.787545j,-0.009283-1.926641j,10.220728
0.284480+0.489723j,-0.817520+0.787071j,-0.009500-1.926310j,10.223110
0.284947+0.489625j,-0.817636+0.786598j,-0.009716-1.925979j,10.225492
0.285413+0.489527j,-0.817752+0.786125j,-0.009932-1.925648j,10.227874
0.285880+0.489428j,-0.817867+0.785652j,-0.010148-1.925317j,10.230255
0.286347+0.489328j,-0.817982+0.785179j,-0.010364-1.924986j,10.232635
0.286813+0.489229j,-0.818097+0.784707j,-0.010580-1.924655j,10.235014
0.287280+0.489129j,-0.818211+0.784235j,-0.010796-1.924325j,10.237393
0.287747+0.489028j,-0.818324+0.783763j,-0.011013-1.923994j,10.239771
0.288214+0.488927j,-0.818438+0.783291j,-0.011229-1.923663j,10.242148
0.288681+0.488826j,-0.818550+0.782820j,-0.011445-1.923332j,10.244525
0.289148+0.488724j,-0.818663+0.782349j,-0.011662-1.923002j,10.246901
0.289615+0.488622j,-0.818774+0.781878j,-0.011878-1.922671j,10.249277
0.290082+0.488519j,-0.818886+0.781407j,-0.012095-1.922341j,10.251651
0.290549+0.488416j,-0.818997+0.780937j,-0.012311-1.922010j,10.254025
0.291016+0.488313j,-0.819107+0.780466j,-0.012528-1.921680j,10.256399
0.291483+0.488209j,-0.819217+0.779997j,-0.012744-1.921349j,10.258771
0.291951+0.488105j,-0.819327+0.779527j,-0.012961-1.921019j,10.261143
0.292418+0.488001j,-0.819436+0.779057j,-0.013177-1.920689j,10.263515
0.292885+0.487896j,-0.819545+0.778588j,-0.013394-1.920358j,10.265885
0.293352+0.487790j,-0.819653+0.778119j,-0.013611-1.920028j,10.268256
0.293820+0.487685j,-0.819761+0.777651j,-0.013827-1.919698j,10.270625
0.294287+0.487579j,-0.819868+0.777182j,-0.014044-1.919368j,10.272994
0.294755+0.487472j,-0.819975+0.776714j,-0.014261-1.919038j,10.275362
0.295222+0.487365j,-0.820082+0.776246j,-0.014478-1.918708j,10.277729
0.295690+0.487258j,-0.820188+0.775778j,-0.014694-1.918378j,10.280096
0.296157+0.487150j,-0.820293+0.775311j,-0.014911-1.918048j,10.282462
0.296625+0.487042j,-0.820398+0.774844j,-0.015128-1.917718j,10.284827
0.297093+0.486933j,-0.820503+0.774377j,-0.015345-1.917388j,10.287192
0.297560+0.486824j,-0.820607+0.773910j,-0.015562-1.917058j,10.289556
0.298028+0.486715j,-0.820711+0.773443j,-0.015779-1.916728j,10.291919
0.298496+0.486605j,-0.820815+0.772977j,-0.015996-1.916399j,10.294282
0.298963+0.486495j,-0.820918+0.772511j,-0.016213-1.916069j,10.296644
0.299431+0.486384j,-0.821020+0.772045j,-0.016430-1.915739j,10.299005
0.299899+0.486273j,-0.821122+0.771580j,-0.016647-1.915410j,10.301365
0.300367+0.486162j,-0.821224+0.771114j,-0.016865-1.915080j,10.303725
0.300835+0.486050j,-0.821325+0.770649j,-0.017082-1.914751j,10.306085
0.301303+0.485938j,-0.821426+0.770185j,-0.017299-1.914421j,10.308443
0.301771+0.485826j,-0.821526+0.769720j,-0.017516-1.914092j,10.310801
0.302239+0.485713j,-0.821626+0.769256j,-0.017734-1.913762j,10.313159
0.302707+0.485599j,-0.821726+0.768792j,-0.017951-1.913433j,10.315515
0.303175+0.485485j,-0.821825+0.768328j,-0.018168-1.913104j,10.317871
0.303643+0.485371j,-0.821923+0.767864j,-0.018386-1.912775j,10.320227
0.304111+0.485257j,-0.822022+0.767401j,-0.018603-1.912445j,10.322581
0.304580+0.485142j,-0.822119+0.766937j,-0.018821-1.912116j,10.324935
0.305048+0.485026j,-0.822217+0.766475j,-0.019038-1.911787j,10.327288
0.305516+0.484910j,-0.822314+0.766012j,-0.019256-1.911458j,10.329641
0.305984+0.484794j,-0.822410+0.765549j,-0.019473-1.911129j,10.331993
0.306453+0.484677j,-0.822506+0.765087j,-0.019691-1.910800j,10.334344
0.306921+0.484560j,-0.822602+0.764625j,-0.019908-1.910471j,10.336695
0.307389+0.484443j,-0.822697+0.764163j,-0.020126-1.910143j,10.339045
0.307858+0.484325j,-0.822792+0.763702j,-0.020344-1.909814j,10.341394
0.308326+0.484207j,-0.822886+0.763241j,-0.020561-1.909485j,10.343743
0.308795+0.484088j,-0.822980+0.762780j,-0.020779-1.909156j,10.346091
0.309263+0.483969j,-0.823074+0.762319j,-0.020997-1.908828j,10.348438
0.309732+0.483850j,-0.823167+0.761858j,-0.021215-1.908499j,10.350785
0.310200+0.483730j,-0.823259+0.761398j,-0.021433-1.908170j,10.353131
0.310669+0.483610j,-0.823352+0.760938j,-0.021651-1.907842j,10.355476
0.311137+0.483489j,-0.823443+0.760478j,-0.021868-1.907514j,10.357821
0.311606+0.483368j,-0.823535+0.760018j,-0.022086-1.907185j,10.360165
0.312075+0.483246j,-0.823626+0.759559j,-0.022304-1.906857j,10.362508
0.312543+0.483124j,-0.823716+0.759100j,-0.022522-1.906528j,10.364851
0.313012+0.483002j,-0.823806+0.758641j,-0.022741-1.906200j,10.367193
0.313481+0.482879j,-0.823896+0.758182j,-0.022959-1.905872j,10.369534
0.313950+0.482756j,-0.823985+0.757724j,-0.023177-1.905544j,10.371874
0.314418+0.482633j,-0.824074+0.757265j,-0.023395-1.905216j,10.374214
0.314887+0.482509j,-0.824163+0.756807j,-0.023613-1.904887j,10.376554
0.315356+0.482384j,-0.824251+0.756349j,-0.023831-1.904559j,10.378892
0.315825+0.482260j,-0.824338+0.755892j,-0.024050-1.904231j,10.381230
0.316294+0.482134j,-0.824425+0.755435j,-0.024268-1.903904j,10.383568
0.316763+0.482009j,-0.824512+0.754977j,-0.024486-1.903576j,10.385904
0.317232+0.481883j,-0.824598+0.754521j,-0.024705-1.903248j,10.388240
0.317701+0.481757j,-0.824684+0.754064j,-0.024923-1.902920j,10.390576
0.318170+0.481630j,-0.824770+0.753607j,-0.025141-1.902592j,10.392910
0.318639+0.481503j,-0.824855+0.753151j,-0.025360-1.902265j,10.395244
0.319108+0.481375j,-0.824940+0.752695j,-0.025578-1.901937j,10.397578
0.319577+0.481247j,-0.825024+0.752240j,-0.025797-1.901609j,10.399910
0.320046+0.481118j,-0.825108+0.751784j,-0.026016-1.901282j,10.402242
0.320515+0.480990j,-0.825191+0.751329j,-0.026234-1.900954j,10.404574
0.320984+0.480860j,-0.825274+0.750874j,-0.026453-1.900627j,10.406904
0.321453+0.480731j,-0.825357+0.750419j,-0.026671-1.900299j,10.409234
0.321922+0.480601j,-0.825439+0.749964j,-0.026890-1.899972j,10.411564
0.322391+0.480470j,-0.825521+0.749510j,-0.027109-1.899645j,10.413892
0.322861+0.480339j,-0.825602+0.749056j,-0.027328-1.899317j,10.416220
0.323330+0.480208j,-0.825683+0.748602j,-0.027546-1.898990j,10.418548
0.323799+0.480076j,-0.825764+0.748148j,-0.027765-1.898663j,10.420874
0.324268+0.479944j,-0.825844+0.747695j,-0.027984-1.898336j,10.423200
0.324738+0.479812j,-0.825924+0.747241j,-0.028203-1.898009j,10.425526
0.325207+0.479679j,-0.826003+0.746788j,-0.028422-1.897682j,10.427850
0.325676+0.479545j,-0.826082+0.746335j,-0.028641-1.897355j,10.430175
0.326146+0.479412j,-0.826160+0.745883j,-0.028860-1.897028j,10.432498
0.326615+0.479277j,-0.826238+0.745430j,-0.029079-1.896701j,10.434821
0.327084+0.479143j,-0.826316+0.744978j,-0.029298-1.896374j,10.437143
0.327554+0.479008j,-0.826393+0.744526j,-0.029517-1.896048j,10.439464
0.328023+0.478872j,-0.826470+0.744075j,-0.029736-1.895721j,10.441785
0.328492+0.478737j,-0.826547+0.743623j,-0.029956-1.895394j,10.444105
0.328962+0.478600j,-0.826623+0.743172j,-0.030175-1.895068j,10.446424
0.329431+0.478464j,-0.826698+0.742721j,-0.030394-1.894741j,10.448743
0.329901+0.478327j,-0.826774+0.742270j,-0.030613-1.894414j,10.451061
0.330370+0.478189j,-0.826849+0.741819j,-0.030833-1.894088j,10.453379
0.330840+0.478051j,-0.826923+0.741369j,-0.031052-1.893762j,10.455695
0.331309+0.477913j,-0.826997+0.740919j,-0.031271-1.893435j,10.458011
0.331779+0.477774j,-0.827071+0.740469j,-0.031491-1.893109j,10.460327
0.332248+0.477635j,-0.827144+0.740019j,-0.031710-1.892783j,10.462642
0.332718+0.477496j,-0.827217+0.739570j,-0.031930-1.892456j,10.464956
0.333187+0.477356j,-0.827289+0.739120j,-0.032149-1.892130j,10.467269
0.333657+0.477216j,-0.827361+0.738671j,-0.032369-1.891804j,10.469582
0.334126+0.477075j,-0.827433+0.738223j,-0.032588-1.891478j,10.471894
0.334596+0.476934j,-0.827504+0.737774j,-0.032808-1.891152j,10.474206
0.335065+0.476792j,-0.827575+0.737326j,-0.033028-1.890826j,10.476516
0.335535+0.476650j,-0.827645+0.736877j,-0.033247-1.890500j,10.478827
0.336005+0.476508j,-0.827715+0.736429j,-0.033467-1.890174j,10.481136
0.336474+0.476365j,-0.827785+0.735982j,-0.033687-1.889848j,10.483445
0.336944+0.476222j,-0.827854+0.735534j,-0.033906-1.889523j,10.485753
0.337414+0.476078j,-0.827923+0.735087j,-0.034126-1.889197j,10.488061
0.337883+0.475934j,-0.827991+0.734640j,-0.034346-1.888871j,10.490368
0.338353+0.475789j,-0.828060+0.734193j,-0.034566-1.888546j,10.492674
0.338823+0.475645j,-0.828127+0.733746j,-0.034786-1.888220j,10.494979
0.339292+0.475499j,-0.828194+0.733300j,-0.035006-1.887895j,10.497284
0.339762+0.475354j,-0.828261+0.732853j,-0.035226-1.887569j,10.499588
0.340232+0.475207j,-0.828328+0.732407j,-0.035446-1.887244j,10.501892
0.340701+0.475061j,-0.828394+0.731962j,-0.035666-1.886918j,10.504195
0.341171+0.474914j,-0.828459+0.731516j,-0.035886-1.886593j,10.506497
0.341641+0.474767j,-0.828525+0.731071j,-0.036106-1.886268j,10.508799
0.342110+0.474619j,-0.828590+0.730626j,-0.036326-1.885943j,10.511100
0.342580+0.474471j,-0.828654+0.730181j,-0.036547-1.885618j,10.513400
0.343050+0.474322j,-0.828718+0.729736j,-0.036767-1.885292j,10.515700
0.343520+0.474173j,-0.828782+0.729291j,-0.036987-1.884967j,10.517998
0.343989+0.474024j,-0.828845+0.728847j,-0.037207-1.884642j,10.520297
0.344459+0.473874j,-0.828908+0.728403j,-0.037428-1.884317j,10.522594
0.344929+0.473723j,-0.828971+0.727959j,-0.037648-1.883993j,10.524891
0.345399+0.473573j,-0.829033+0.727515j,-0.037868-1.883668j,10.527188
0.345868+0.473422j,-0.829095+0.727072j,-0.038089-1.883343j,10.529483
0.346338+0.473270j,-0.829156+0.726629j,-0.038309-1.883018j,10.531778
0.346808+0.473118j,-0.829217+0.726186j,-0.038530-1.882694j,10.534073
0.347278+0.472966j,-0.829278+0.725743j,-0.038750-1.882369j,10.536366
0.347747+0.472813j,-0.829338+0.725300j,-0.038971-1.882044j,10.538659
0.348217+0.472660j,-0.829398+0.724858j,-0.039192-1.881720j,10.540952
0.348687+0.472506j,-0.829457+0.724416j,-0.039412-1.881395j,10.543244
0.349157+0.472352j,-0.829516+0.723974j,-0.039633-1.881071j,10.545535
0.349626+0.472198j,-0.829575+0.723532j,-0.039854-1.880747j,10.547825
0.350096+0.472043j,-0.829633+0.723090j,-0.040074-1.880422j,10.550115
0.350566+0.471888j,-0.829691+0.722649j,-0.040295-1.880098j,10.552404
0.351036+0.471732j,-0.829748+0.722208j,-0.040516-1.879774j,10.554692
0.351505+0.471576j,-0.829805+0.721767j,-0.040737-1.879450j,10.556980
0.351975+0.471420j,-0.829862+0.721326j,-0.040958-1.879126j,10.559267
0.352445+0.471263j,-0.829918+0.720886j,-0.041179-1.878802j,10.561554
0.352915+0.471105j,-0.829974+0.720445j,-0.041400-1.878478j,10.563840
0.353385+0.470948j,-0.830030+0.720005j,-0.041621-1.878154j,10.566125
0.353854+0.470789j,-0.830085+0.719566j,-0.041842-1.877830j,10.568409
0.354324+0.470631j,-0.830140+0.719126j,-0.042063-1.877506j,10.570693
0.354794+0.470472j,-0.830194+0.718686j,-0.042284-1.877182j,10.572976
0.355264+0.470312j,-0.830248+0.718247j,-0.042505-1.876858j,10.575259
0.355733+0.470152j,-0.830302+0.717808j,-0.042726-1.876535j,10.577541
0.356203+0.469992j,-0.830355+0.717369j,-0.042947-1.876211j,10.579822
0.356673+0.469832j,-0.830408+0.716931j,-0.043168-1.875888j,10.582103
0.357143+0.469670j,-0.830461+0.716492j,-0.043390-1.875564j,10.584382
0.357612+0.469509j,-0.830513+0.716054j,-0.043611-1.875241j,10.586662
0.358082+0.469347j,-0.830564+0.715616j,-0.043832-1.874917j,10.588940
0.358552+0.469185j,-0.830616+0.715178j,-0.044054-1.874594j,10.591218
0.359021+0.469022j,-0.830667+0.714741j,-0.044275-1.874271j,10.593496
0.359491+0.468859j,-0.830717+0.714303j,-0.044497-1.873947j,10.595772
0.359961+0.468695j,-0.830768+0.713866j,-0.044718-1.873624j,10.598048
0.360431+0.468531j,-0.830818+0.713429j,-0.044939-1.873301j,10.600324
0.360900+0.468367j,-0.830867+0.712992j,-0.045161-1.872978j,10.602598
0.361370+0.468202j,-0.830916+0.712556j,-0.045383-1.872655j,10.604872
0.361840+0.468036j,-0.830965+0.712119j,-0.045604-1.872332j,10.607146
0.362309+0.467871j,-0.831013+0.711683j,-0.045826-1.872009j,10.609418
0.362779+0.467705j,-0.831061+0.711247j,-0.046048-1.871686j,10.611690
0.363249+0.467538j,-0.831109+0.710812j,-0.046269-1.871364j,10.613962
0.363718+0.467371j,-0.831156+0.710376j,-0.046491-1.871041j,10.616233
0.364188+0.467204j,-0.831203+0.709941j,-0.046713-1.870718j,10.618503
0.364657+0.467036j,-0.831249+0.709505j,-0.046935-1.870395j,10.620772
0.365127+0.466868j,-0.831295+0.709071j,-0.047156-1.870073j,10.623041
0.365597+0.466699j,-0.831341+0.708636j,-0.047378-1.869750j,10.625309
0.366066+0.466530j,-0.831386+0.708201j,-0.047600-1.869428j,10.627577
0.366536+0.466361j,-0.831431+0.707767j,-0.047822-1.869106j,10.629844
0.367005+0.466191j,-0.831476+0.707333j,-0.048044-1.868783j,10.632110
0.367475+0.466020j,-0.831520+0.706899j,-0.048266-1.868461j,10.634375
0.367944+0.465850j,-0.831564+0.706465j,-0.048488-1.868139j,10.636640
0.368414+0.465678j,-0.831608+0.706032j,-0.048710-1.867816j,10.638904
0.368884+0.465507j,-0.831651+0.705598j,-0.048932-1.867494j,10.641168
0.369353+0.465335j,-0.831693+0.705165j,-0.049155-1.867172j,10.643431
0.369823+0.465162j,-0.831736+0.704732j,-0.049377-1.866850j,10.645693
0.370292+0.464990j,-0.831778+0.704300j,-0.049599-1.866528j,10.647955
0.370761+0.464816j,-0.831819+0.703867j,-0.049821-1.866206j,10.650216
0.371231+0.464643j,-0.831861+0.703435j,-0.050044-1.865884j,10.652476
0.371700+0.464468j,-0.831902+0.703003j,-0.050266-1.865563j,10.654736
0.372170+0.464294j,-0.831942+0.702571j,-0.050488-1.865241j,10.656995
0.372639+0.464119j,-0.831982+0.702139j,-0.050711-1.864919j,10.659253
0.373109+0.463944j,-0.832022+0.701708j,-0.050933-1.864598j,10.661511
0.373578+0.463768j,-0.832061+0.701276j,-0.051156-1.864276j,10.663768
0.374047+0.463592j,-0.832101+0.700845j,-0.051378-1.863955j,10.666024
0.374517+0.463415j,-0.832139+0.700414j,-0.051601-1.863633j,10.668280
0.374986+0.463238j,-0.832178+0.699984j,-0.051823-1.863312j,10.670535
0.375455+0.463060j,-0.832215+0.699553j,-0.052046-1.862990j,10.672790
0.375924+0.462883j,-0.832253+0.699123j,-0.052269-1.862669j,10.675044
0.376394+0.462704j,-0.832290+0.698693j,-0.052491-1.862348j,10.677297
0.376863+0.462526j,-0.832327+0.698263j,-0.052714-1.862027j,10.679549
0.377332+0.462346j,-0.832364+0.697833j,-0.052937-1.861706j,10.681801
0.377801+0.462167j,-0.832400+0.697404j,-0.053160-1.861385j,10.684052
0.378271+0.461987j,-0.832436+0.696974j,-0.053382-1.861064j,10.686303
0.378740+0.461806j,-0.832471+0.696545j,-0.053605-1.860743j,10.688553
0.379209+0.461625j,-0.832506+0.696116j,-0.053828-1.860422j,10.690802
0.379678+0.461444j,-0.832541+0.695688j,-0.054051-1.860101j,10.693051
0.380147+0.461262j,-0.832575+0.695259j,-0.054274-1.859780j,10.695299
0.380616+0.461080j,-0.832609+0.694831j,-0.054497-1.859459j,10.697546
0.381085+0.460898j,-0.832643+0.694403j,-0.054720-1.859139j,10.699793
0.381554+0.460715j,-0.832676+0.693975j,-0.054943-1.858818j,10.702039
0.382023+0.460531j,-0.832709+0.693547j,-0.055166-1.858498j,10.704284
0.382492+0.460348j,-0.832741+0.693119j,-0.055389-1.858177j,10.706529
0.382961+0.460163j,-0.832773+0.692692j,-0.055612-1.857857j,10.708773
0.383430+0.459979j,-0.832805+0.692265j,-0.055836-1.857536j,10.711016
0.383899+0.459794j,-0.832836+0.691838j,-0.056059-1.857216j,10.713259
0.384368+0.459608j,-0.832868+0.691411j,-0.056282-1.856896j,10.715501
0.384837+0.459422j,-0.832898+0.690985j,-0.056506-1.856576j,10.717743
0.385306+0.459236j,-0.832929+0.690558j,-0.056729-1.856255j,10.719983
0.385775+0.459049j,-0.832959+0.690132j,-0.056952-1.855935j,10.722224
0.386243+0.458862j,-0.832988+0.689706j,-0.057176-1.855615j,10.724463
0.386712+0.458674j,-0.833017+0.689280j,-0.057399-1.855295j,10.726702
0.387181+0.458486j,-0.833046+0.688855j,-0.057623-1.854975j,10.728940
0.387650+0.458298j,-0.833075+0.688429j,-0.057846-1.854656j,10.731178
0.388118+0.458109j,-0.833103+0.688004j,-0.058070-1.854336j,10.733415
0.388587+0.457919j,-0.833131+0.687579j,-0.058293-1.854016j,10.735651
0.389056+0.457730j,-0.833158+0.687155j,-0.058517-1.853696j,10.737887
0.389524+0.457539j,-0.833186+0.686730j,-0.058741-1.853377j,10.740122
0.389993+0.457349j,-0.833212+0.686305j,-0.058964-1.853057j,10.742356
0.390461+0.457158j,-0.833239+0.685881j,-0.059188-1.852738j,10.744590
0.390930+0.456966j,-0.833265+0.685457j,-0.059412-1.852418j,10.746823
0.391398+0.456774j,-0.833291+0.685033j,-0.059636-1.852099j,10.749055
0.391867+0.456582j,-0.833316+0.684610j,-0.059859-1.851780j,10.751287
0.392335+0.456389j,-0.833341+0.684186j,-0.060083-1.851460j,10.753518
0.392804+0.456196j,-0.833366+0.683763j,-0.060307-1.851141j,10.755749
0.393272+0.456003j,-0.833390+0.683340j,-0.060531-1.850822j,10.757978
0.393740+0.455809j,-0.833414+0.682917j,-0.060755-1.850503j,10.760208
0.394209+0.455614j,-0.833437+0.682494j,-0.060979-1.850184j,10.762436
0.394677+0.455419j,-0.833461+0.682072j,-0.061203-1.849865j,10.764664
0.395145+0.455224j,-0.833484+0.681650j,-0.061427-1.849546j,10.766891
0.395614+0.455028j,-0.833506+0.681228j,-0.061651-1.849227j,10.769118
0.396082+0.454832j,-0.833528+0.680806j,-0.061876-1.848909j,10.771344
0.396550+0.454636j,-0.833550+0.680384j,-0.062100-1.848590j,10.773569
0.397018+0.454439j,-0.833572+0.679962j,-0.062324-1.848271j,10.775794
0.397486+0.454241j,-0.833593+0.679541j,-0.062548-1.847953j,10.778018
0.397954+0.454043j,-0.833614+0.679120j,-0.062773-1.847634j,10.780241
0.398422+0.453845j,-0.833634+0.678699j,-0.062997-1.847316j,10.782464
0.398890+0.453646j,-0.833654+0.678278j,-0.063221-1.846997j,10.784686
0.399358+0.453447j,-0.833674+0.677858j,-0.063446-1.846679j,10.786907
0.399826+0.453248j,-0.833693+0.677437j,-0.063670-1.846361j,10.789128
0.400294+0.453048j,-0.833712+0.677017j,-0.063895-1.846042j,10.791348
0.400762+0.452847j,-0.833731+0.676597j,-0.064119-1.845724j,10.793568
0.401229+0.452647j,-0.833749+0.676177j,-0.064344-1.845406j,10.795787
0.401697+0.452445j,-0.833767+0.675758j,-0.064568-1.845088j,10.798005
0.402165+0.452244j,-0.833785+0.675338j,-0.064793-1.844770j,10.800222
0.402633+0.452042j,-0.833802+0.674919j,-0.065017-1.844452j,10.802439
0.403100+0.451839j,-0.833819+0.674500j,-0.065242-1.844134j,10.804656
0.403568+0.451636j,-0.833836+0.674081j,-0.065467-1.843817j,10.806871
0.404035+0.451433j,-0.833852+0.673662j,-0.065692-1.843499j,10.809086
0.404503+0.451229j,-0.833868+0.673244j,-0.065916-1.843181j,10.811301
0.404970+0.451025j,-0.833883+0.672826j,-0.066141-1.842864j,10.813514
0.405438+0.450820j,-0.833899+0.672408j,-0.066366-1.842546j,10.815727
0.405905+0.450615j,-0.833914+0.671990j,-0.066591-1.842229j,10.817940
0.406373+0.450409j,-0.833928+0.671572j,-0.066816-1.841911j,10.820151
0.406840+0.450203j,-0.833942+0.671154j,-0.067041-1.841594j,10.822363
0.407307+0.449997j,-0.833956+0.670737j,-0.067266-1.841277j,10.824573
0.407775+0.449790j,-0.833970+0.670320j,-0.067491-1.840959j,10.826783
0.408242+0.449583j,-0.833983+0.669903j,-0.067716-1.840642j,10.828992
0.408709+0.449375j,-0.833996+0.669486j,-0.067941-1.840325j,10.831201
0.409176+0.449167j,-0.834008+0.669069j,-0.068166-1.840008j,10.833409
0.409643+0.448959j,-0.834020+0.668653j,-0.068391-1.839691j,10.835616
0.410110+0.448750j,-0.834032+0.668237j,-0.068617-1.839374j,10.837822
0.410577+0.448540j,-0.834043+0.667821j,-0.068842-1.839057j,10.840028
0.411044+0.448330j,-0.834055+0.667405j,-0.069067-1.838740j,10.842234
0.411511+0.448120j,-0.834065+0.666989j,-0.069292-1.838424j,10.844438
0.411978+0.447910j,-0.834076+0.666574j,-0.069518-1.838107j,10.846642
0.412445+0.447698j,-0.834086+0.666158j,-0.069743-1.837790j,10.848846
0.412911+0.447487j,-0.834096+0.665743j,-0.069969-1.837474j,10.851049
0.413378+0.447275j,-0.834105+0.665328j,-0.070194-1.837157j,10.853251
0.413845+0.447063j,-0.834114+0.664914j,-0.070420-1.836841j,10.855452
0.414311+0.446850j,-0.834123+0.664499j,-0.070645-1.836525j,10.857653
0.414778+0.446637j,-0.834131+0.664085j,-0.070871-1.836208j,10.859853
0.415245+0.446423j,-0.834139+0.663671j,-0.071096-1.835892j,10.862053
0.415711+0.446209j,-0.834147+0.663257j,-0.071322-1.835576j,10.864252
0.416178+0.445994j,-0.834154+0.662843j,-0.071548-1.835260j,10.866450
0.416644+0.445779j,-0.834161+0.662429j,-0.071773-1.834944j,10.868648
0.417110+0.445564j,-0.834168+0.662016j,-0.071999-1.834628j,10.870845
0.417577+0.445348j,-0.834174+0.661602j,-0.072225-1.834312j,10.873041
0.418043+0.445132j,-0.834180+0.661189j,-0.072451-1.833996j,10.875237
0.418509+0.444915j,-0.834186+0.660777j,-0.072676-1.833680j,10.877432
0.418975+0.444698j,-0.834192+0.660364j,-0.072902-1.833364j,10.879626
0.419441+0.444481j,-0.834197+0.659951j,-0.073128-1.833049j,10.881820
0.419907+0.444263j,-0.834201+0.659539j,-0.073354-1.832733j,10.884013
0.420373+0.444044j,-0.834206+0.659127j,-0.073580-1.832418j,10.886206
0.420839+0.443825j,-0.834210+0.658715j,-0.073806-1.832102j,10.888398
0.421305+0.443606j,-0.834213+0.658303j,-0.074032-1.831787j,10.890589
0.421771+0.443386j,-0.834217+0.657892j,-0.074258-1.831472j,10.892779
0.422237+0.443166j,-0.834220+0.657480j,-0.074484-1.831156j,10.894969
0.422702+0.442946j,-0.834222+0.657069j,-0.074711-1.830841j,10.897159
0.423168+0.442725j,-0.834225+0.656658j,-0.074937-1.830526j,10.899347
0.423634+0.442503j,-0.834227+0.656247j,-0.075163-1.830211j,10.901535
0.424099+0.442281j,-0.834228+0.655836j,-0.075389-1.829896j,10.903723
0.424565+0.442059j,-0.834230+0.655426j,-0.075616-1.829581j,10.905910
0.425030+0.441837j,-0.834231+0.655015j,-0.075842-1.829266j,10.908096
0.425496+0.441613j,-0.834231+0.654605j,-0.076068-1.828951j,10.910281
0.425961+0.441390j,-0.834232+0.654195j,-0.076295-1.828636j,10.912466
0.426426+0.441166j,-0.834232+0.653786j,-0.076521-1.828322j,10.914650
0.426892+0.440941j,-0.834231+0.653376j,-0.076748-1.828007j,10.916834
0.427357+0.440717j,-0.834231+0.652967j,-0.076974-1.827693j,10.919017
0.427822+0.440491j,-0.834230+0.652557j,-0.077201-1.827378j,10.921199
0.428287+0.440266j,-0.834228+0.652148j,-0.077427-1.827064j,10.923381
0.428752+0.440039j,-0.834227+0.651740j,-0.077654-1.826749j,10.925562
0.429217+0.439813j,-0.834225+0.651331j,-0.077881-1.826435j,10.927742
0.429682+0.439586j,-0.834223+0.650922j,-0.078107-1.826121j,10.929922
0.430147+0.439358j,-0.834220+0.650514j,-0.078334-1.825807j,10.932101
0.430611+0.439130j,-0.834217+0.650106j,-0.078561-1.825493j,10.934279
0.431076+0.438902j,-0.834214+0.649698j,-0.078788-1.825179j,10.936457
0.431541+0.438673j,-0.834210+0.649290j,-0.079015-1.824865j,10.938634
0.432005+0.438444j,-0.834206+0.648883j,-0.079241-1.824551j,10.940811
0.432470+0.438215j,-0.834202+0.648475j,-0.079468-1.824237j,10.942987
0.432934+0.437985j,-0.834197+0.648068j,-0.079695-1.823923j,10.945162
0.433399+0.437754j,-0.834192+0.647661j,-0.079922-1.823610j,10.947337
0.433863+0.437523j,-0.834187+0.647254j,-0.080149-1.823296j,10.949511
0.434327+0.437292j,-0.834181+0.646848j,-0.080376-1.822982j,10.951684
0.434792+0.437060j,-0.834176+0.646441j,-0.080603-1.822669j,10.953857
0.435256+0.436828j,-0.834169+0.646035j,-0.080831-1.822355j,10.956029
0.435720+0.436595j,-0.834163+0.645629j,-0.081058-1.822042j,10.958200
0.436184+0.436362j,-0.834156+0.645223j,-0.081285-1.821729j,10.960371
0.436648+0.436129j,-0.834149+0.644817j,-0.081512-1.821416j,10.962541
0.437112+0.435895j,-0.834141+0.644411j,-0.081739-1.821102j,10.964711
0.437576+0.435660j,-0.834133+0.644006j,-0.081967-1.820789j,10.966880
0.438039+0.435426j,-0.834125+0.643601j,-0.082194-1.820476j,10.969048
0.438503+0.435190j,-0.834117+0.643196j,-0.082421-1.820163j,10.971216
0.438967+0.434955j,-0.834108+0.642791j,-0.082649-1.819851j,10.973383
0.439430+0.434719j,-0.834099+0.642386j,-0.082876-1.819538j,10.975549
0.439894+0.434482j,-0.834089+0.641981j,-0.083104-1.819225j,10.977715
0.440357+0.434245j,-0.834079+0.641577j,-0.083331-1.818912j,10.979880
0.440821+0.434008j,-0.834069+0.641173j,-0.083559-1.818600j,10.982044
0.441284+0.433770j,-0.834059+0.640769j,-0.083786-1.818287j,10.984208
0.441747+0.433532j,-0.834048+0.640365j,-0.084014-1.817975j,10.986371
0.442210+0.433293j,-0.834037+0.639962j,-0.084242-1.817662j,10.988534
0.442673+0.433054j,-0.834025+0.639558j,-0.084469-1.817350j,10.990696
0.443137+0.432814j,-0.834014+0.639155j,-0.084697-1.817038j,10.992857
0.443599+0.432574j,-0.834002+0.638752j,-0.084925-1.816726j,10.995017
0.444062+0.432334j,-0.833989+0.638349j,-0.085153-1.816413j,10.997177
0.444525+0.432093j,-0.833977+0.637946j,-0.085381-1.816101j,10.999337
0.444988+0.431852j,-0.833964+0.637544j,-0.085608-1.815789j,11.001496
0.445451+0.431610j,-0.833950+0.637141j,-0.085836-1.815477j,11.003654
0.445913+0.431368j,-0.833937+0.636739j,-0.086064-1.815166j,11.005811
0.446376+0.431125j,-0.833923+0.636337j,-0.086292-1.814854j,11.007968
0.446838+0.430882j,-0.833908+0.635935j,-0.086520-1.814542j,11.010124
0.447301+0.430639j,-0.833894+0.635533j,-0.086748-1.814231j,11.012280
0.447763+0.430395j,-0.833879+0.635132j,-0.086976-1.813919j,11.014435
0.448225+0.430151j,-0.833863+0.634731j,-0.087204-1.813607j,11.016589
0.448687+0.429906j,-0.833848+0.634329j,-0.087433-1.813296j,11.018743
0.449150+0.429661j,-0.833832+0.633929j,-0.087661-1.812985j,11.020896
0.449612+0.429415j,-0.833816+0.633528j,-0.087889-1.812673j,11.023048
0.450074+0.429169j,-0.833799+0.633127j,-0.088117-1.812362j,11.025200
0.450535+0.428922j,-0.833782+0.632727j,-0.088346-1.812051j,11.027351
0.450997+0.428676j,-0.833765+0.632326j,-0.088574-1.811740j,11.029502
0.451459+0.428428j,-0.833748+0.631926j,-0.088802-1.811429j,11.031651
0.451921+0.428180j,-0.833730+0.631526j,-0.089031-1.811118j,11.033801
0.452382+0.427932j,-0.833712+0.631127j,-0.089259-1.810807j,11.035949
0.452844+0.427683j,-0.833693+0.630727j,-0.089488-1.810496j,11.038097
0.453305+0.427434j,-0.833675+0.630328j,-0.089716-1.810186j,11.040245
0.453767+0.427185j,-0.833656+0.629929j,-0.089945-1.809875j,11.042391
0.454228+0.426935j,-0.833636+0.629530j,-0.090173-1.809564j,11.044537
0.454689+0.426684j,-0.833616+0.629131j,-0.090402-1.809254j,11.046683
0.455150+0.426434j,-0.833596+0.628732j,-0.090630-1.808943j,11.048828
0.455611+0.426182j,-0.833576+0.628334j,-0.090859-1.808633j,11.050972
0.456072+0.425931j,-0.833555+0.627935j,-0.091088-1.808323j,11.053115
0.456533+0.425678j,-0.833535+0.627537j,-0.091317-1.808013j,11.055258
0.456994+0.425426j,-0.833513+0.627139j,-0.091545-1.807702j,11.057400
0.457455+0.425173j,-0.833492+0.626741j,-0.091774-1.807392j,11.059542
0.457915+0.424919j,-0.833470+0.626344j,-0.092003-1.807082j,11.061683
0.458376+0.424665j,-0.833448+0.625946j,-0.092232-1.806772j,11.063824
0.458836+0.424411j,-0.833425+0.625549j,-0.092461-1.806463j,11.065963
0.459297+0.424156j,-0.833402+0.625152j,-0.092690-1.806153j,11.068102
0.459757+0.423901j,-0.833379+0.624755j,-0.092919-1.805843j,11.070241
0.460217+0.423646j,-0.833356+0.624358j,-0.093148-1.805533j,11.072379
0.460677+0.423390j,-0.833332+0.623962j,-0.093377-1.805224j,11.074516
0.461137+0.423133j,-0.833308+0.623565j,-0.093606-1.804914j,11.076653
0.461597+0.422876j,-0.833283+0.623169j,-0.093835-1.804605j,11.078789
0.462057+0.422619j,-0.833259+0.622773j,-0.094065-1.804295j,11.080924
0.462517+0.422361j,-0.833234+0.622377j,-0.094294-1.803986j,11.083059
0.462977+0.422103j,-0.833208+0.621982j,-0.094523-1.803677j,11.085193
0.463436+0.421844j,-0.833183+0.621586j,-0.094752-1.803368j,11.087326
0.463896+0.421585j,-0.833157+0.621191j,-0.094982-1.803059j,11.089459
0.464356+0.421325j,-0.833130+0.620796j,-0.095211-1.802750j,11.091591
0.464815+0.421065j,-0.833104+0.620401j,-0.095440-1.802441j,11.093723
0.465274+0.420805j,-0.833077+0.620006j,-0.095670-1.802132j,11.095854
0.465733+0.420544j,-0.833050+0.619611j,-0.095899-1.801823j,11.097984
0.466193+0.420283j,-0.833022+0.619217j,-0.096129-1.801515j,11.100114
0.466652+0.420021j,-0.832995+0.618822j,-0.096358-1.801206j,11.102243
0.467111+0.419759j,-0.832966+0.618428j,-0.096588-1.800897j,11.104371
0.467569+0.419496j,-0.832938+0.618034j,-0.096817-1.800589j,11.106499
0.468028+0.419233j,-0.832909+0.617641j,-0.097047-1.800280j,11.108626
0.468487+0.418970j,-0.832880+0.617247j,-0.097277-1.799972j,11.110753
0.468945+0.418706j,-0.832851+0.616854j,-0.097507-1.799664j,11.112879
0.469404+0.418442j,-0.832821+0.616460j,-0.097736-1.799356j,11.115004
0.469862+0.418177j,-0.832791+0.616067j,-0.097966-1.799048j,11.117129
0.470321+0.417912j,-0.832761+0.615674j,-0.098196-1.798740j,11.119253
0.470779+0.417646j,-0.832731+0.615282j,-0.098426-1.798432j,11.121376
0.471237+0.417380j,-0.832700+0.614889j,-0.098656-1.798124j,11.123499
0.471695+0.417113j,-0.832668+0.614497j,-0.098886-1.797816j,11.125621
0.472153+0.416846j,-0.832637+0.614104j,-0.099116-1.797508j,11.127742
0.472611+0.416579j,-0.832605+0.613712j,-0.099346-1.797200j,11.129863
0.473069+0.416311j,-0.832573+0.613321j,-0.099576-1.796893j,11.131983
0.473526+0.416043j,-0.832541+0.612929j,-0.099806-1.796585j,11.134103
0.473984+0.415774j,-0.832508+0.612537j,-0.100036-1.796278j,11.136222
0.474441+0.415505j,-0.832475+0.612146j,-0.100266-1.795971j,11.138340
0.474899+0.415235j,-0.832442+0.611755j,-0.100496-1.795663j,11.140458
0.475356+0.414965j,-0.832408+0.611364j,-0.100726-1.795356j,11.142575
0.475813+0.414695j,-0.832374+0.610973j,-0.100956-1.795049j,11.144692
0.476270+0.414424j,-0.832340+0.610582j,-0.101187-1.794742j,11.146808
0.476727+0.414153j,-0.832305+0.610192j,-0.101417-1.794435j,11.148923
0.477184+0.413881j,-0.832271+0.609802j,-0.101647-1.794128j,11.151038
0.477641+0.413609j,-0.832235+0.609411j,-0.101878-1.793821j,11.153152
0.478098+0.413336j,-0.832200+0.609021j,-0.102108-1.793514j,11.155265
0.478555+0.413063j,-0.832164+0.608632j,-0.102339-1.793208j,11.157378
0.479011+0.412789j,-0.832128+0.608242j,-0.102569-1.792901j,11.159490
0.479468+0.412515j,-0.832092+0.607852j,-0.102800-1.792595j,11.161601
0.479924+0.412241j,-0.832055+0.607463j,-0.103030-1.792288j,11.163712
0.480380+0.411966j,-0.832018+0.607074j,-0.103261-1.791982j,11.165822
0.480836+0.411691j,-0.831981+0.606685j,-0.103492-1.791675j,11.167932
0.481292+0.411415j,-0.831944+0.606296j,-0.103722-1.791369j,11.170041
0.481748+0.411139j,-0.831906+0.605908j,-0.103953-1.791063j,11.172149
0.482204+0.410863j,-0.831868+0.605519j,-0.104184-1.790757j,11.174257
0.482660+0.410586j,-0.831829+0.605131j,-0.104414-1.790451j,11.176364
0.483115+0.410308j,-0.831790+0.604743j,-0.104645-1.790145j,11.178471
0.483571+0.410030j,-0.831751+0.604355j,-0.104876-1.789839j,11.180576
0.484026+0.409752j,-0.831712+0.603967j,-0.105107-1.789533j,11.182682
0.484482+0.409473j,-0.831672+0.603580j,-0.105338-1.789228j,11.184786
0.484937+0.409194j,-0.831632+0.603192j,-0.105569-1.788922j,11.186890
0.485392+0.408914j,-0.831592+0.602805j,-0.105800-1.788617j,11.188994
0.485847+0.408634j,-0.831552+0.602418j,-0.106031-1.788311j,11.191096
0.486302+0.408354j,-0.831511+0.602031j,-0.106262-1.788006j,11.193198
0.486757+0.408073j,-0.831470+0.601644j,-0.106493-1.787701j,11.195300
0.487212+0.407791j,-0.831428+0.601258j,-0.106724-1.787395j,11.197401
0.487666+0.407509j,-0.831386+0.600871j,-0.106955-1.787090j,11.199501
0.488121+0.407227j,-0.831344+0.600485j,-0.107186-1.786785j,11.201601
0.488575+0.406945j,-0.831302+0.600099j,-0.107418-1.786480j,11.203700
0.489029+0.406661j,-0.831259+0.599713j,-0.107649-1.786175j,11.205798
0.489483+0.406378j,-0.831216+0.599328j,-0.107880-1.785870j,11.207896
0.489938+0.406094j,-0.831173+0.598942j,-0.108112-1.785566j,11.209993
0.490391+0.405809j,-0.831130+0.598557j,-0.108343-1.785261j,11.212089
0.490845+0.405524j,-0.831086+0.598172j,-0.108574-1.784956j,11.214185
0.491299+0.405239j,-0.831042+0.597787j,-0.108806-1.784652j,11.216281
0.491753+0.404953j,-0.830997+0.597402j,-0.109037-1.784347j,11.218375
0.492206+0.404667j,-0.830953+0.597017j,-0.109269-1.784043j,11.220469
0.492660+0.404380j,-0.830908+0.596633j,-0.109500-1.783739j,11.222563
0.493113+0.404093j,-0.830862+0.596248j,-0.109732-1.783435j,11.224655
0.493566+0.403806j,-0.830817+0.595864j,-0.109964-1.783131j,11.226748
0.494019+0.403518j,-0.830771+0.595480j,-0.110195-1.782827j,11.228839
0.494472+0.403229j,-0.830725+0.595096j,-0.110427-1.782523j,11.230930
0.494925+0.402941j,-0.830678+0.594713j,-0.110659-1.782219j,11.233020
0.495378+0.402651j,-0.830632+0.594329j,-0.110890-1.781915j,11.235110
0.495831+0.402362j,-0.830585+0.593946j,-0.111122-1.781611j,11.237199
0.496283+0.402072j,-0.830537+0.593563j,-0.111354-1.781308j,11.239287
0.496736+0.401781j,-0.830490+0.593180j,-0.111586-1.781004j,11.241375
0.497188+0.401490j,-0.830442+0.592797j,-0.111818-1.780701j,11.243462
0.497640+0.401198j,-0.830393+0.592414j,-0.112050-1.780397j,11.245549
0.498092+0.400907j,-0.830345+0.592032j,-0.112282-1.780094j,11.247635
0.498544+0.400614j,-0.830296+0.591649j,-0.112514-1.779791j,11.249720
0.498996+0.400321j,-0.830247+0.591267j,-0.112746-1.779487j,11.251805
0.499448+0.400028j,-0.830198+0.590885j,-0.112978-1.779184j,11.253889
0.499899+0.399735j,-0.830148+0.590503j,-0.113210-1.778881j,11.255972
0.500351+0.399440j,-0.830098+0.590122j,-0.113442-1.778578j,11.258055
0.500802+0.399146j,-0.830048+0.589740j,-0.113674-1.778276j,11.260137
0.501253+0.398851j,-0.829997+0.589359j,-0.113906-1.777973j,11.262219
0.501705+0.398555j,-0.829946+0.588978j,-0.114139-1.777670j,11.264300
0.502156+0.398260j,-0.829895+0.588597j,-0.114371-1.777368j,11.266380
0.502607+0.397963j,-0.829844+0.588216j,-0.114603-1.777065j,11.268460
0.503057+0.397667j,-0.829792+0.587836j,-0.114836-1.776763j,11.270539
0.503508+0.397369j,-0.829740+0.587455j,-0.115068-1.776460j,11.272618
0.503959+0.397072j,-0.829688+0.587075j,-0.115301-1.776158j,11.274695
0.504409+0.396774j,-0.829635+0.586695j,-0.115533-1.775856j,11.276773
0.504859+0.396475j,-0.829582+0.586315j,-0.115765-1.775554j,11.278849
0.505310+0.396176j,-0.829529+0.585935j,-0.115998-1.775252j,11.280925
0.505760+0.395877j,-0.829476+0.585555j,-0.116231-1.774950j,11.283001
0.506210+0.395577j,-0.829422+0.585176j,-0.116463-1.774648j,11.285076
0.506660+0.395277j,-0.829368+0.584797j,-0.116696-1.774346j,11.287150
0.507109+0.394976j,-0.829313+0.584418j,-0.116928-1.774045j,11.289223
0.507559+0.394675j,-0.829259+0.584039j,-0.117161-1.773743j,11.291296
0.508008+0.394374j,-0.829204+0.583660j,-0.117394-1.773441j,11.293368
0.508458+0.394072j,-0.829149+0.583281j,-0.117627-1.773140j,11.295440
0.508907+0.393769j,-0.829093+0.582903j,-0.117859-1.772839j,11.297511
0.509356+0.393466j,-0.829038+0.582525j,-0.118092-1.772537j,11.299582
0.509805+0.393163j,-0.828982+0.582146j,-0.118325-1.772236j,11.301651
0.510254+0.392859j,-0.828925+0.581768j,-0.118558-1.771935j,11.303721
0.510703+0.392555j,-0.828869+0.581391j,-0.118791-1.771634j,11.305789
0.511151+0.392250j,-0.828812+0.581013j,-0.119024-1.771333j,11.307857
0.511600+0.391945j,-0.828754+0.580636j,-0.119257-1.771032j,11.309925
0.512048+0.391640j,-0.828697+0.580258j,-0.119490-1.770732j,11.311991
0.512497+0.391334j,-0.828639+0.579881j,-0.119723-1.770431j,11.314058
0.512945+0.391028j,-0.828581+0.579504j,-0.119956-1.770130j,11.316123
0.513393+0.390721j,-0.828523+0.579128j,-0.120189-1.769830j,11.318188
0.513840+0.390413j,-0.828464+0.578751j,-0.120423-1.769529j,11.320252
0.514288+0.390106j,-0.828405+0.578375j,-0.120656-1.769229j,11.322316
0.514736+0.389798j,-0.828346+0.577998j,-0.120889-1.768929j,11.324379
0.515183+0.389489j,-0.828287+0.577622j,-0.121122-1.768629j,11.326441
0.515631+0.389180j,-0.828227+0.577246j,-0.121356-1.768329j,11.328503
0.516078+0.388871j,-0.828167+0.576871j,-0.121589-1.768029j,11.330564
0.516525+0.388561j,-0.828107+0.576495j,-0.121823-1.767729j,11.332625
0.516972+0.388250j,-0.828046+0.576120j,-0.122056-1.767429j,11.334685
0.517419+0.387939j,-0.827985+0.575744j,-0.122289-1.767129j,11.336744
0.517866+0.387628j,-0.827924+0.575369j,-0.122523-1.766829j,11.338803
0.518312+0.387317j,-0.827863+0.574994j,-0.122756-1.766530j,11.340861
0.518759+0.387005j,-0.827801+0.574620j,-0.122990-1.766230j,11.342919
0.519205+0.386692j,-0.827739+0.574245j,-0.123224-1.765931j,11.344976
0.519651+0.386379j,-0.827676+0.573871j,-0.123457-1.765632j,11.347032
0.520097+0.386066j,-0.827614+0.573496j,-0.123691-1.765332j,11.349087
0.520543+0.385752j,-0.827551+0.573122j,-0.123925-1.765033j,11.351143
0.520989+0.385437j,-0.827488+0.572748j,-0.124158-1.764734j,11.353197
0.521434+0.385123j,-0.827424+0.572375j,-0.124392-1.764435j,11.355251
0.521880+0.384808j,-0.827361+0.572001j,-0.124626-1.764136j,11.357304
0.522325+0.384492j,-0.827297+0.571628j,-0.124860-1.763837j,11.359357
0.522771+0.384176j,-0.827233+0.571254j,-0.125094-1.763539j,11.361409
0.523216+0.383859j,-0.827168+0.570881j,-0.125328-1.763240j,11.363460
0.523661+0.383542j,-0.827103+0.570508j,-0.125562-1.762942j,11.365511
0.524105+0.383225j,-0.827038+0.570136j,-0.125796-1.762643j,11.367561
0.524550+0.382907j,-0.826973+0.569763j,-0.126030-1.762345j,11.369610
0.524995+0.382589j,-0.826907+0.569391j,-0.126264-1.762046j,11.371659
0.525439+0.382270j,-0.826841+0.569018j,-0.126498-1.761748j,11.373708
0.525883+0.381951j,-0.826775+0.568646j,-0.126732-1.761450j,11.375755
0.526328+0.381632j,-0.826708+0.568274j,-0.126966-1.761152j,11.377802
0.526772+0.381312j,-0.826642+0.567903j,-0.127200-1.760854j,11.379849
0.527216+0.380991j,-0.826575+0.567531j,-0.127434-1.760556j,11.381895
0.527659+0.380670j,-0.826507+0.567160j,-0.127669-1.760259j,11.383940
0.528103+0.380349j,-0.826440+0.566788j,-0.127903-1.759961j,11.385984
0.528546+0.380027j,-0.826372+0.566417j,-0.128137-1.759663j,11.388028
0.528990+0.379705j,-0.826303+0.566047j,-0.128372-1.759366j,11.390072
0.529433+0.379382j,-0.826235+0.565676j,-0.128606-1.759068j,11.392115
0.529876+0.379059j,-0.826166+0.565305j,-0.128840-1.758771j,11.394157
0.530319+0.378736j,-0.826097+0.564935j,-0.129075-1.758474j,11.396198
0.530761+0.378412j,-0.826028+0.564565j,-0.129309-1.758177j,11.398239
0.531204+0.378087j,-0.825958+0.564194j,-0.129544-1.757880j,11.400280
0.531647+0.377763j,-0.825889+0.563825j,-0.129779-1.757583j,11.402319
0.532089+0.377437j,-0.825819+0.563455j,-0.130013-1.757286j,11.404359
0.532531+0.377112j,-0.825748+0.563085j,-0.130248-1.756989j,11.406397
0.532973+0.376785j,-0.825678+0.562716j,-0.130482-1.756692j,11.408435
0.533415+0.376459j,-0.825607+0.562347j,-0.130717-1.756396j,11.410472
0.533857+0.376132j,-0.825535+0.561977j,-0.130952-1.756099j,11.412509
0.534298+0.375804j,-0.825464+0.561609j,-0.131187-1.755803j,11.414545
0.534740+0.375476j,-0.825392+0.561240j,-0.131421-1.755506j,11.416580
0.535181+0.375148j,-0.825320+0.560871j,-0.131656-1.755210j,11.418615
0.535622+0.374819j,-0.825248+0.560503j,-0.131891-1.754914j,11.420649
0.536063+0.374490j,-0.825175+0.560134j,-0.132126-1.754618j,11.422683
0.536504+0.374160j,-0.825102+0.559766j,-0.132361-1.754322j,11.424716
0.536945+0.373830j,-0.825029+0.559398j,-0.132596-1.754026j,11.426749
0.537386+0.373500j,-0.824956+0.559031j,-0.132831-1.753730j,11.428780
0.537826+0.373169j,-0.824882+0.558663j,-0.133066-1.753435j,11.430812
0.538266+0.372837j,-0.824808+0.558296j,-0.133301-1.753139j,11.432842
0.538706+0.372505j,-0.824734+0.557928j,-0.133536-1.752843j,11.434872
0.539146+0.372173j,-0.824659+0.557561j,-0.133771-1.752548j,11.436901
0.539586+0.371840j,-0.824585+0.557194j,-0.134006-1.752253j,11.438930
0.540026+0.371507j,-0.824510+0.556828j,-0.134242-1.751957j,11.440958
0.540465+0.371174j,-0.824434+0.556461j,-0.134477-1.751662j,11.442986
0.540905+0.370840j,-0.824359+0.556095j,-0.134712-1.751367j,11.445013
0.541344+0.370505j,-0.824283+0.555728j,-0.134947-1.751072j,11.447039
0.541783+0.370170j,-0.824207+0.555362j,-0.135183-1.750777j,11.449065
0.542222+0.369835j,-0.824130+0.554996j,-0.135418-1.750482j,11.451090
0.542661+0.369499j,-0.824054+0.554631j,-0.135654-1.750188j,11.453114
0.543099+0.369163j,-0.823977+0.554265j,-0.135889-1.749893j,11.455138
0.543538+0.368826j,-0.823900+0.553900j,-0.136125-1.749599j,11.457162
0.543976+0.368489j,-0.823822+0.553534j,-0.136360-1.749304j,11.459184
0.544414+0.368151j,-0.823744+0.553169j,-0.136596-1.749010j,11.461206
0.544852+0.367813j,-0.823666+0.552804j,-0.136831-1.748716j,11.463228
0.545290+0.367475j,-0.823588+0.552439j,-0.137067-1.748421j,11.465249
0.545728+0.367136j,-0.823509+0.552075j,-0.137302-1.748127j,11.467269
0.546166+0.366796j,-0.823431+0.551710j,-0.137538-1.747833j,11.469288
0.546603+0.366457j,-0.823351+0.551346j,-0.137774-1.747539j,11.471307
0.547040+0.366116j,-0.823272+0.550982j,-0.138010-1.747246j,11.473326
0.547477+0.365776j,-0.823192+0.550618j,-0.138245-1.746952j,11.475344
0.547914+0.365435j,-0.823113+0.550254j,-0.138481-1.746658j,11.477361
0.548351+0.365093j,-0.823032+0.549891j,-0.138717-1.746365j,11.479378
0.548788+0.364751j,-0.822952+0.549527j,-0.138953-1.746071j,11.481394
0.549224+0.364409j,-0.822871+0.549164j,-0.139189-1.745778j,11.483409
0.549660+0.364066j,-0.822790+0.548801j,-0.139425-1.745485j,11.485424
0.550096+0.363723j,-0.822709+0.548438j,-0.139661-1.745192j,11.487438
0.550532+0.363379j,-0.822627+0.548075j,-0.139897-1.744899j,11.489451
0.550968+0.363035j,-0.822546+0.547712j,-0.140133-1.744606j,11.491464
0.551404+0.362690j,-0.822464+0.547350j,-0.140369-1.744313j,11.493477
0.551839+0.362345j,-0.822381+0.546988j,-0.140605-1.744020j,11.495489
0.552275+0.362000j,-0.822299+0.546626j,-0.140841-1.743728j,11.497500
0.552710+0.361654j,-0.822216+0.546264j,-0.141077-1.743435j,11.499510
0.553145+0.361307j,-0.822133+0.545902j,-0.141313-1.743143j,11.501520
0.553580+0.360960j,-0.822049+0.545540j,-0.141550-1.742850j,11.503530
0.554014+0.360613j,-0.821966+0.545179j,-0.141786-1.742558j,11.505538
0.554449+0.360266j,-0.821882+0.544817j,-0.142022-1.742266j,11.507546
0.554883+0.359917j,-0.821798+0.544456j,-0.142259-1.741974j,11.509554
0.555317+0.359569j,-0.821713+0.544095j,-0.142495-1.741682j,11.511561
0.555752+0.359220j,-0.821628+0.543734j,-0.142731-1.741390j,11.513567
0.556185+0.358870j,-0.821543+0.543374j,-0.142968-1.741098j,11.515573
0.556619+0.358521j,-0.821458+0.543013j,-0.143204-1.740806j,11.517578
0.557053+0.358170j,-0.821373+0.542653j,-0.143441-1.740515j,11.519583
0.557486+0.357819j,-0.821287+0.542293j,-0.143677-1.740223j,11.521586
0.557919+0.357468j,-0.821201+0.541933j,-0.143914-1.739932j,11.523590
0.558352+0.357117j,-0.821115+0.541573j,-0.144150-1.739640j,11.525593
0.558785+0.356765j,-0.821028+0.541213j,-0.144387-1.739349j,11.527595
0.559218+0.356412j,-0.820941+0.540854j,-0.144624-1.739058j,11.529596
0.559650+0.356059j,-0.820854+0.540495j,-0.144861-1.738767j,11.531597
0.560083+0.355706j,-0.820767+0.540136j,-0.145097-1.738476j,11.533597
0.560515+0.355352j,-0.820679+0.539777j,-0.145334-1.738185j,11.535597
0.560947+0.354998j,-0.820591+0.539418j,-0.145571-1.737894j,11.537596
0.561379+0.354643j,-0.820503+0.539059j,-0.145808-1.737604j,11.539595
0.561811+0.354288j,-0.820415+0.538701j,-0.146044-1.737313j,11.541592
0.562242+0.353932j,-0.820326+0.538342j,-0.146281-1.737023j,11.543590
0.562673+0.353576j,-0.820237+0.537984j,-0.146518-1.736732j,11.545586
0.563105+0.353220j,-0.820148+0.537626j,-0.146755-1.736442j,11.547583
0.563536+0.352863j,-0.820058+0.537268j,-0.146992-1.736152j,11.549578
0.563966+0.352505j,-0.819969+0.536911j,-0.147229-1.735862j,11.551573
0.564397+0.352148j,-0.819879+0.536553j,-0.147466-1.735572j,11.553567
0.564828+0.351789j,-0.819788+0.536196j,-0.147703-1.735282j,11.555561
0.565258+0.351431j,-0.819698+0.535839j,-0.147941-1.734992j,11.557554
0.565688+0.351072j,-0.819607+0.535482j,-0.148178-1.734703j,11.559546
0.566118+0.350712j,-0.819516+0.535125j,-0.148415-1.734413j,11.561538
0.566548+0.350352j,-0.819425+0.534768j,-0.148652-1.734123j,11.563530
0.566977+0.349992j,-0.819333+0.534412j,-0.148889-1.733834j,11.565520
0.567407+0.349631j,-0.819241+0.534055j,-0.149127-1.733545j,11.567510
0.567836+0.349270j,-0.819149+0.533699j,-0.149364-1.733256j,11.569500
0.568265+0.348908j,-0.819057+0.533343j,-0.149601-1.732967j,11.571489
0.568694+0.348546j,-0.818964+0.532987j,-0.149839-1.732678j,11.573477
0.569123+0.348183j,-0.818872+0.532631j,-0.150076-1.732389j,11.575465
0.569552+0.347820j,-0.818779+0.532276j,-0.150314-1.732100j,11.577452
0.569980+0.347457j,-0.818685+0.531921j,-0.150551-1.731811j,11.579438
0.570408+0.347093j,-0.818592+0.531565j,-0.150789-1.731523j,11.581424
0.570836+0.346728j,-0.818498+0.531210j,-0.151026-1.731234j,11.583409
0.571264+0.346363j,-0.818403+0.530856j,-0.151264-1.730946j,11.585394
0.571692+0.345998j,-0.818309+0.530501j,-0.151501-1.730657j,11.587378
0.572119+0.345633j,-0.818214+0.530146j,-0.151739-1.730369j,11.589362
0.572547+0.345266j,-0.818120+0.529792j,-0.151977-1.730081j,11.591345
0.572974+0.344900j,-0.818024+0.529438j,-0.152214-1.729793j,11.593327
0.573401+0.344533j,-0.817929+0.529084j,-0.152452-1.729505j,11.595309
0.573827+0.344165j,-0.817833+0.528730j,-0.152690-1.729218j,11.597290
0.574254+0.343798j,-0.817737+0.528376j,-0.152928-1.728930j,11.599270
0.574680+0.343429j,-0.817641+0.528023j,-0.153165-1.728642j,11.601250
0.575107+0.343061j,-0.817545+0.527669j,-0.153403-1.728355j,11.603229
0.575533+0.342691j,-0.817448+0.527316j,-0.153641-1.728067j,11.605208
0.575959+0.342322j,-0.817351+0.526963j,-0.153879-1.727780j,11.607186
0.576384+0.341952j,-0.817254+0.526610j,-0.154117-1.727493j,11.609164
0.576810+0.341581j,-0.817156+0.526257j,-0.154355-1.727206j,11.611141
0.577235+0.341210j,-0.817059+0.525905j,-0.154593-1.726919j,11.613117
0.577660+0.340839j,-0.816961+0.525553j,-0.154831-1.726632j,11.615093
0.578085+0.340467j,-0.816862+0.525200j,-0.155069-1.726345j,11.617068
0.578510+0.340095j,-0.816764+0.524848j,-0.155307-1.726059j,11.619043
0.578935+0.339722j,-0.816665+0.524496j,-0.155545-1.725772j,11.621017
0.579359+0.339349j,-0.816566+0.524145j,-0.155784-1.725486j,11.622990
0.579783+0.338975j,-0.816467+0.523793j,-0.156022-1.725199j,11.624963
0.580207+0.338602j,-0.816367+0.523442j,-0.156260-1.724913j,11.626935
0.580631+0.338227j,-0.816267+0.523090j,-0.156498-1.724627j,11.628906
0.581055+0.337852j,-0.816167+0.522739j,-0.156737-1.724341j,11.630877
0.581478+0.337477j,-0.816067+0.522389j,-0.156975-1.724055j,11.632848
0.581902+0.337101j,-0.815967+0.522038j,-0.157213-1.723769j,11.634817
0.582325+0.336725j,-0.815866+0.521687j,-0.157452-1.723483j,11.636787
0.582748+0.336348j,-0.815765+0.521337j,-0.157690-1.723197j,11.638755
0.583170+0.335971j,-0.815663+0.520987j,-0.157929-1.722912j,11.640723
0.583593+0.335594j,-0.815562+0.520637j,-0.158167-1.722626j,11.642691
0.584015+0.335216j,-0.815460+0.520287j,-0.158406-1.722341j,11.644658
0.584437+0.334837j,-0.815358+0.519937j,-0.158644-1.722056j,11.646624
0.584859+0.334459j,-0.815256+0.519587j,-0.158883-1.721771j,11.648589
0.585281+0.334079j,-0.815153+0.519238j,-0.159121-1.721486j,11.650554
0.585702+0.333700j,-0.815050+0.518889j,-0.159360-1.721201j,11.652519
0.586124+0.333320j,-0.814947+0.518540j,-0.159599-1.720916j,11.654483
0.586545+0.332939j,-0.814844+0.518191j,-0.159837-1.720631j,11.656446
0.586966+0.332558j,-0.814740+0.517842j,-0.160076-1.720347j,11.658409
0.587387+0.332177j,-0.814637+0.517493j,-0.160315-1.720062j,11.660371
0.587807+0.331795j,-0.814533+0.517145j,-0.160554-1.719778j,11.662332
0.588228+0.331412j,-0.814428+0.516797j,-0.160792-1.719494j,11.664293
0.588648+0.331030j,-0.814324+0.516449j,-0.161031-1.719209j,11.666253
0.589068+0.330647j,-0.814219+0.516101j,-0.161270-1.718925j,11.668213
0.589488+0.330263j,-0.814114+0.515753j,-0.161509-1.718641j,11.670172
0.589907+0.329879j,-0.814008+0.515406j,-0.161748-1.718357j,11.672131
0.590327+0.329494j,-0.813903+0.515058j,-0.161987-1.718074j,11.674089
0.590746+0.329109j,-0.813797+0.514711j,-0.162226-1.717790j,11.676046
0.591165+0.328724j,-0.813691+0.514364j,-0.162465-1.717506j,11.678003
0.591584+0.328338j,-0.813585+0.514017j,-0.162704-1.717223j,11.679959
0.592003+0.327952j,-0.813478+0.513670j,-0.162943-1.716940j,11.681914
0.592421+0.327565j,-0.813371+0.513324j,-0.163182-1.716656j,11.683869
0.592839+0.327178j,-0.813264+0.512977j,-0.163421-1.716373j,11.685824
0.593257+0.326791j,-0.813157+0.512631j,-0.163661-1.716090j,11.687778
0.593675+0.326403j,-0.813049+0.512285j,-0.163900-1.715807j,11.689731
0.594093+0.326014j,-0.812942+0.511939j,-0.164139-1.715525j,11.691683
0.594510+0.325625j,-0.812834+0.511593j,-0.164378-1.715242j,11.693636
0.594928+0.325236j,-0.812725+0.511247j,-0.164618-1.714959j,11.695587
0.595345+0.324846j,-0.812617+0.510902j,-0.164857-1.714677j,11.697538
0.595761+0.324456j,-0.812508+0.510557j,-0.165096-1.714394j,11.699488
0.596178+0.324066j,-0.812399+0.510212j,-0.165336-1.714112j,11.701438
0.596594+0.323675j,-0.812290+0.509867j,-0.165575-1.713830j,11.703387
0.597011+0.323283j,-0.812180+0.509522j,-0.165815-1.713548j,11.705335
0.597427+0.322891j,-0.812070+0.509177j,-0.166054-1.713266j,11.707283
0.597843+0.322499j,-0.811960+0.508833j,-0.166294-1.712984j,11.709231
0.598258+0.322106j,-0.811850+0.508489j,-0.166533-1.712702j,11.711177
0.598674+0.321713j,-0.811739+0.508145j,-0.166773-1.712421j,11.713123
0.599089+0.321319j,-0.811629+0.507801j,-0.167012-1.712139j,11.715069
0.599504+0.320925j,-0.811518+0.507457j,-0.167252-1.711858j,11.717014
0.599919+0.320531j,-0.811406+0.507113j,-0.167492-1.711577j,11.718958
0.600333+0.320136j,-0.811295+0.506770j,-0.167731-1.711295j,11.720902
0.600748+0.319740j,-0.811183+0.506427j,-0.167971-1.711014j,11.722845
0.601162+0.319344j,-0.811071+0.506084j,-0.168211-1.710733j,11.724788
0.601576+0.318948j,-0.810959+0.505741j,-0.168451-1.710452j,11.726730
0.601990+0.318551j,-0.810846+0.505398j,-0.168690-1.710172j,11.728671
0.602403+0.318154j,-0.810734+0.505055j,-0.168930-1.709891j,11.730612
0.602816+0.317757j,-0.810621+0.504713j,-0.169170-1.709611j,11.732553
0.603230+0.317359j,-0.810507+0.504371j,-0.169410-1.709330j,11.734492
0.603643+0.316960j,-0.810394+0.504028j,-0.169650-1.709050j,11.736431
0.604055+0.316561j,-0.810280+0.503687j,-0.169890-1.708770j,11.738370
0.604468+0.316162j,-0.810166+0.503345j,-0.170130-1.708490j,11.740308
0.604880+0.315762j,-0.810052+0.503003j,-0.170370-1.708210j,11.742245
0.605292+0.315362j,-0.809938+0.502662j,-0.170610-1.707930j,11.744182
0.605704+0.314961j,-0.809823+0.502320j,-0.170850-1.707650j,11.746118
0.606116+0.314560j,-0.809708+0.501979j,-0.171090-1.707370j,11.748054
0.606527+0.314159j,-0.809593+0.501638j,-0.171330-1.707091j,11.749989
0.606938+0.313757j,-0.809477+0.501298j,-0.171570-1.706811j,11.751923
0.607350+0.313355j,-0.809362+0.500957j,-0.171811-1.706532j,11.753857
0.607760+0.312952j,-0.809246+0.500617j,-0.172051-1.706253j,11.755790
0.608171+0.312549j,-0.809130+0.500276j,-0.172291-1.705974j,11.757723
0.608581+0.312145j,-0.809013+0.499936j,-0.172531-1.705695j,11.759655
0.608992+0.311741j,-0.808897+0.499596j,-0.172772-1.705416j,11.761586
0.609401+0.311336j,-0.808780+0.499257j,-0.173012-1.705137j,11.763517
0.609811+0.310931j,-0.808663+0.498917j,-0.173252-1.704858j,11.765448
0.610221+0.310526j,-0.808545+0.498577j,-0.173493-1.704580j,11.767377
0.610630+0.310120j,-0.808428+0.498238j,-0.173733-1.704302j,11.769307
0.611039+0.309714j,-0.808310+0.497899j,-0.173974-1.704023j,11.771235
0.611448+0.309307j,-0.808192+0.497560j,-0.174214-1.703745j,11.773163
0.611857+0.308900j,-0.808074+0.497221j,-0.174455-1.703467j,11.775091
0.612265+0.308492j,-0.807955+0.496883j,-0.174695-1.703189j,11.777017
0.612673+0.308084j,-0.807836+0.496544j,-0.174936-1.702911j,11.778944
0.613081+0.307676j,-0.807717+0.496206j,-0.175176-1.702633j,11.780869
0.613489+0.307267j,-0.807598+0.495868j,-0.175417-1.702356j,11.782794
0.613897+0.306858j,-0.807479+0.495530j,-0.175657-1.702078j,11.784719
0.614304+0.306448j,-0.807359+0.495192j,-0.175898-1.701801j,11.786643
0.614711+0.306038j,-0.807239+0.494855j,-0.176139-1.701524j,11.788566
0.615118+0.305627j,-0.807119+0.494517j,-0.176380-1.701246j,11.790489
0.615525+0.305216j,-0.806998+0.494180j,-0.176620-1.700969j,11.792411
0.615931+0.304805j,-0.806877+0.493843j,-0.176861-1.700692j,11.794333
0.616338+0.304393j,-0.806757+0.493506j,-0.177102-1.700416j,11.796254
0.616744+0.303980j,-0.806635+0.493169j,-0.177343-1.700139j,11.798174
0.617149+0.303568j,-0.806514+0.492833j,-0.177584-1.699862j,11.800094
0.617555+0.303154j,-0.806392+0.492496j,-0.177824-1.699586j,11.802013
0.617960+0.302741j,-0.806270+0.492160j,-0.178065-1.699309j,11.803932
0.618366+0.302327j,-0.806148+0.491824j,-0.178306-1.699033j,11.805850
0.618770+0.301912j,-0.806026+0.491488j,-0.178547-1.698757j,11.807768
0.619175+0.301497j,-0.805903+0.491152j,-0.178788-1.698481j,11.809685
0.619580+0.301082j,-0.805781+0.490817j,-0.179029-1.698205j,11.811601
0.619984+0.300666j,-0.805657+0.490481j,-0.179270-1.697929j,11.813517
0.620388+0.300250j,-0.805534+0.490146j,-0.179511-1.697654j,11.815432
0.620792+0.299833j,-0.805411+0.489811j,-0.179753-1.697378j,11.817347
0.621195+0.299416j,-0.805287+0.489476j,-0.179994-1.697103j,11.819261
0.621599+0.298998j,-0.805163+0.489141j,-0.180235-1.696827j,11.821174
0.622002+0.298581j,-0.805039+0.488807j,-0.180476-1.696552j,11.823087
0.622405+0.298162j,-0.804914+0.488472j,-0.180717-1.696277j,11.825000
0.622807+0.297743j,-0.804789+0.488138j,-0.180959-1.696002j,11.826911
0.623210+0.297324j,-0.804664+0.487804j,-0.181200-1.695727j,11.828823
0.623612+0.296904j,-0.804539+0.487470j,-0.181441-1.695452j,11.830733
0.624014+0.296484j,-0.804414+0.487136j,-0.181682-1.695178j,11.832643
0.624416+0.296064j,-0.804288+0.486803j,-0.181924-1.694903j,11.834553
0.624817+0.295643j,-0.804162+0.486469j,-0.182165-1.694629j,11.836461
0.625218+0.295221j,-0.804036+0.486136j,-0.182407-1.694354j,11.838370
0.625619+0.294799j,-0.803910+0.485803j,-0.182648-1.694080j,11.840278
0.626020+0.294377j,-0.803783+0.485470j,-0.182889-1.693806j,11.842185
0.626421+0.293954j,-0.803656+0.485137j,-0.183131-1.693532j,11.844091
0.626821+0.293531j,-0.803529+0.484805j,-0.183372-1.693259j,11.845997
0.627221+0.293107j,-0.803402+0.484472j,-0.183614-1.692985j,11.847903
0.627621+0.292683j,-0.803274+0.484140j,-0.183855-1.692711j,11.849807
0.628021+0.292259j,-0.803147+0.483808j,-0.184097-1.692438j,11.851712
0.628420+0.291834j,-0.803019+0.483476j,-0.184339-1.692164j,11.853615
0.628819+0.291409j,-0.802890+0.483144j,-0.184580-1.691891j,11.855519
0.629218+0.290983j,-0.802762+0.482813j,-0.184822-1.691618j,11.857421
0.629617+0.290557j,-0.802633+0.482481j,-0.185064-1.691345j,11.859323
0.630015+0.290130j,-0.802504+0.482150j,-0.185305-1.691072j,11.861224
0.630414+0.289703j,-0.802375+0.481819j,-0.185547-1.690800j,11.863125
0.630812+0.289276j,-0.802246+0.481488j,-0.185789-1.690527j,11.865026
0.631210+0.288848j,-0.802116+0.481157j,-0.186031-1.690254j,11.866925
0.631607+0.288419j,-0.801986+0.480827j,-0.186273-1.689982j,11.868824
0.632004+0.287991j,-0.801856+0.480497j,-0.186514-1.689710j,11.870723
0.632401+0.287561j,-0.801726+0.480166j,-0.186756-1.689438j,11.872621
0.632798+0.287132j,-0.801595+0.479836j,-0.186998-1.689166j,11.874518
0.633195+0.286702j,-0.801465+0.479506j,-0.187240-1.688894j,11.876415
0.633591+0.286271j,-0.801334+0.479177j,-0.187482-1.688622j,11.878311
0.633987+0.285840j,-0.801202+0.478847j,-0.187724-1.688350j,11.880207
0.634383+0.285409j,-0.801071+0.478518j,-0.187966-1.688079j,11.882102
0.634779+0.284977j,-0.800939+0.478189j,-0.188208-1.687807j,11.883996
0.635174+0.284545j,-0.800807+0.477860j,-0.188450-1.687536j,11.885890
0.635569+0.284112j,-0.800675+0.477531j,-0.188692-1.687265j,11.887784
0.635964+0.283679j,-0.800543+0.477202j,-0.188934-1.686994j,11.889677
0.636359+0.283246j,-0.800410+0.476874j,-0.189176-1.686723j,11.891569
0.636753+0.282812j,-0.800277+0.476545j,-0.189418-1.686452j,11.893460
0.637147+0.282377j,-0.800144+0.476217j,-0.189661-1.686181j,11.895352
0.637541+0.281943j,-0.800011+0.475889j,-0.189903-1.685911j,11.897242
0.637935+0.281507j,-0.799877+0.475561j,-0.190145-1.685640j,11.899132
0.638328+0.281072j,-0.799744+0.475234j,-0.190387-1.685370j,11.901021
0.638722+0.280636j,-0.799610+0.474906j,-0.190630-1.685100j,11.902910
0.639115+0.280199j,-0.799475+0.474579j,-0.190872-1.684830j,11.904798
0.639507+0.279762j,-0.799341+0.474252j,-0.191114-1.684560j,11.906686
0.639900+0.279325j,-0.799206+0.473925j,-0.191357-1.684290j,11.908573
0.640292+0.278887j,-0.799071+0.473598j,-0.191599-1.684020j,11.910460
0.640684+0.278449j,-0.798936+0.473271j,-0.191841-1.683751j,11.912346
0.641076+0.278010j,-0.798801+0.472945j,-0.192084-1.683481j,11.914231
0.641467+0.277571j,-0.798665+0.472618j,-0.192326-1.683212j,11.916116
0.641858+0.277132j,-0.798530+0.472292j,-0.192569-1.682943j,11.918000
0.642249+0.276692j,-0.798394+0.471966j,-0.192811-1.682674j,11.919884
0.642640+0.276251j,-0.798257+0.471640j,-0.193054-1.682405j,11.921767
0.643030+0.275811j,-0.798121+0.471315j,-0.193296-1.682136j,11.923650
0.643421+0.275369j,-0.797984+0.470989j,-0.193539-1.681867j,11.925531
0.643811+0.274928j,-0.797847+0.470664j,-0.193781-1.681599j,11.927413
0.644200+0.274486j,-0.797710+0.470339j,-0.194024-1.681330j,11.929294
0.644590+0.274043j,-0.797573+0.470014j,-0.194267-1.681062j,11.931174
0.644979+0.273600j,-0.797435+0.469689j,-0.194509-1.680794j,11.933054
0.645368+0.273157j,-0.797297+0.469364j,-0.194752-1.680525j,11.934933
0.645757+0.272713j,-0.797159+0.469040j,-0.194995-1.680258j,11.936811
0.646145+0.272269j,-0.797021+0.468716j,-0.195237-1.679990j,11.938689
0.646533+0.271824j,-0.796882+0.468392j,-0.195480-1.679722j,11.940567
0.646921+0.271379j,-0.796744+0.468068j,-0.195723-1.679454j,11.942444
0.647309+0.270933j,-0.796605+0.467744j,-0.195966-1.679187j,11.944320
0.647697+0.270487j,-0.796466+0.467420j,-0.196208-1.678920j,11.946196
0.648084+0.270041j,-0.796326+0.467097j,-0.196451-1.678652j,11.948071
0.648471+0.269594j,-0.796187+0.466774j,-0.196694-1.678385j,11.949946
0.648857+0.269147j,-0.796047+0.466451j,-0.196937-1.678118j,11.951820
0.649244+0.268699j,-0.795907+0.466128j,-0.197180-1.677851j,11.953693
0.649630+0.268251j,-0.795766+0.465805j,-0.197423-1.677585j,11.955566
0.650016+0.267803j,-0.795626+0.465482j,-0.197666-1.677318j,11.957439
0.650402+0.267354j,-0.795485+0.465160j,-0.197909-1.677052j,11.959310
0.650787+0.266905j,-0.795344+0.464838j,-0.198152-1.676785j,11.961182
0.651172+0.266455j,-0.795203+0.464516j,-0.198395-1.676519j,11.963052
0.651557+0.266005j,-0.795062+0.464194j,-0.198638-1.676253j,11.964922
0.651942+0.265554j,-0.794920+0.463872j,-0.198881-1.675987j,11.966792
0.652326+0.265103j,-0.794778+0.463551j,-0.199124-1.675721j,11.968661
0.652710+0.264651j,-0.794636+0.463229j,-0.199367-1.675456j,11.970529
0.653094+0.264200j,-0.794494+0.462908j,-0.199610-1.675190j,11.972397
0.653478+0.263747j,-0.794351+0.462587j,-0.199853-1.674925j,11.974264
0.653861+0.263294j,-0.794208+0.462266j,-0.200097-1.674659j,11.976131
0.654244+0.262841j,-0.794066+0.461946j,-0.200340-1.674394j,11.977997
0.654627+0.262388j,-0.793922+0.461625j,-0.200583-1.674129j,11.979863
0.655010+0.261934j,-0.793779+0.461305j,-0.200826-1.673864j,11.981728
0.655392+0.261479j,-0.793635+0.460985j,-0.201070-1.673599j,11.983592
0.655774+0.261024j,-0.793492+0.460665j,-0.201313-1.673335j,11.985456
0.656156+0.260569j,-0.793347+0.460345j,-0.201556-1.673070j,11.987320
0.656537+0.260113j,-0.793203+0.460025j,-0.201800-1.672806j,11.989182
0.656918+0.259657j,-0.793059+0.459706j,-0.202043-1.672542j,11.991045
0.657299+0.259200j,-0.792914+0.459386j,-0.202286-1.672277j,11.992906
0.657680+0.258743j,-0.792769+0.459067j,-0.202530-1.672013j,11.994767
0.658061+0.258286j,-0.792624+0.458748j,-0.202773-1.671750j,11.996628
0.658441+0.257828j,-0.792479+0.458429j,-0.203016-1.671486j,11.998488
0.658821+0.257370j,-0.792333+0.458111j,-0.203260-1.671222j,12.000347
0.659200+0.256911j,-0.792187+0.457792j,-0.203503-1.670959j,12.002206
0.659580+0.256452j,-0.792041+0.457474j,-0.203747-1.670695j,12.004065
0.659959+0.255992j,-0.791895+0.457156j,-0.203990-1.670432j,12.005922
0.660338+0.255532j,-0.791748+0.456838j,-0.204234-1.670169j,12.007780
0.660716+0.255072j,-0.791602+0.456520j,-0.204478-1.669906j,12.009636
0.661095+0.254611j,-0.791455+0.456203j,-0.204721-1.669643j,12.011492
0.661473+0.254150j,-0.791308+0.455885j,-0.204965-1.669381j,12.013348
0.661850+0.253688j,-0.791160+0.455568j,-0.205208-1.669118j,12.015203
0.662228+0.253226j,-0.791013+0.455251j,-0.205452-1.668856j,12.017057
0.662605+0.252763j,-0.790865+0.454934j,-0.205696-1.668593j,12.018911
0.662982+0.252300j,-0.790717+0.454618j,-0.205939-1.668331j,12.020764
0.663359+0.251837j,-0.790569+0.454301j,-0.206183-1.668069j,12.022617
0.663735+0.251373j,-0.790421+0.453985j,-0.206427-1.667807j,12.024469
0.664111+0.250909j,-0.790272+0.453668j,-0.206671-1.667545j,12.026321
0.664487+0.250444j,-0.790123+0.453352j,-0.206914-1.667284j,12.028172
0.664863+0.249979j,-0.789974+0.453037j,-0.207158-1.667022j,12.030023
0.665238+0.249514j,-0.789825+0.452721j,-0.207402-1.666761j,12.031872
0.665613+0.249048j,-0.789675+0.452405j,-0.207646-1.666500j,12.033722
0.665988+0.248581j,-0.789526+0.452090j,-0.207890-1.666238j,12.035571
0.666363+0.248115j,-0.789376+0.451775j,-0.208133-1.665977j,12.037419
0.666737+0.247648j,-0.789226+0.451460j,-0.208377-1.665717j,12.039267
0.667111+0.247180j,-0.789075+0.451145j,-0.208621-1.665456j,12.041114
0.667485+0.246712j,-0.788925+0.450830j,-0.208865-1.665195j,12.042961
0.667858+0.246243j,-0.788774+0.450516j,-0.209109-1.664935j,12.044807
0.668231+0.245775j,-0.788623+0.450202j,-0.209353-1.664675j,12.046652
0.668604+0.245305j,-0.788472+0.449888j,-0.209597-1.664414j,12.048497
0.668977+0.244835j,-0.788320+0.449574j,-0.209841-1.664154j,12.050342
0.669349+0.244365j,-0.788169+0.449260j,-0.210085-1.663894j,12.052185
0.669721+0.243895j,-0.788017+0.448946j,-0.210329-1.663635j,12.054029
0.670093+0.243424j,-0.787865+0.448633j,-0.210573-1.663375j,12.055871
0.670464+0.242952j,-0.787712+0.448320j,-0.210817-1.663116j,12.057714
0.670835+0.242481j,-0.787560+0.448007j,-0.211061-1.662856j,12.059555
0.671206+0.242008j,-0.787407+0.447694j,-0.211305-1.662597j,12.061396
0.671577+0.241536j,-0.787254+0.447381j,-0.211549-1.662338j,12.063237
0.671947+0.241063j,-0.787101+0.447068j,-0.211794-1.662079j,12.065077
0.672317+0.240589j,-0.786948+0.446756j,-0.212038-1.661820j,12.066916
0.672687+0.240115j,-0.786794+0.446444j,-0.212282-1.661561j,12.068755
0.673057+0.239641j,-0.786641+0.446132j,-0.212526-1.661303j,12.070594
0.673426+0.239166j,-0.786487+0.445820j,-0.212770-1.661044j,12.072431
0.673795+0.238691j,-0.786333+0.445508j,-0.213015-1.660786j,12.074269
0.674164+0.238215j,-0.786178+0.445197j,-0.213259-1.660528j,12.076105
0.674532+0.237739j,-0.786024+0.444886j,-0.213503-1.660270j,12.077941
0.674900+0.237263j,-0.785869+0.444574j,-0.213747-1.660012j,12.079777
0.675268+0.236786j,-0.785714+0.444263j,-0.213992-1.659754j,12.081612
0.675636+0.236308j,-0.785558+0.443953j,-0.214236-1.659497j,12.083446
0.676003+0.235831j,-0.785403+0.443642j,-0.214480-1.659239j,12.085280
0.676370+0.235353j,-0.785247+0.443332j,-0.214725-1.658982j,12.087114
0.676736+0.234874j,-0.785092+0.443021j,-0.214969-1.658725j,12.088947
0.677103+0.234395j,-0.784935+0.442711j,-0.215214-1.658468j,12.090779
0.677469+0.233916j,-0.784779+0.442401j,-0.215458-1.658211j,12.092611
0.677835+0.233436j,-0.784623+0.442092j,-0.215702-1.657954j,12.094442
0.678200+0.232956j,-0.784466+0.441782j,-0.215947-1.657698j,12.096272
0.678566+0.232475j,-0.784309+0.441473j,-0.216191-1.657441j,12.098102
0.678931+0.231994j,-0.784152+0.441163j,-0.216436-1.657185j,12.099932
0.679295+0.231512j,-0.783995+0.440854j,-0.216680-1.656929j,12.101761
0.679660+0.231030j,-0.783837+0.440545j,-0.216925-1.656672j,12.103589
0.680024+0.230548j,-0.783679+0.440237j,-0.217169-1.656417j,12.105417
0.680388+0.230065j,-0.783521+0.439928j,-0.217414-1.656161j,12.107245
0.680751+0.229582j,-0.783363+0.439620j,-0.217658-1.655905j,12.109071
0.681114+0.229099j,-0.783205+0.439312j,-0.217903-1.655650j,12.110898
0.681477+0.228615j,-0.783046+0.439004j,-0.218148-1.655394j,12.112723
0.681840+0.228130j,-0.782888+0.438696j,-0.218392-1.655139j,12.114549
0.682202+0.227645j,-0.782729+0.438388j,-0.218637-1.654884j,12.116373
0.682564+0.227160j,-0.782569+0.438081j,-0.218881-1.654629j,12.118197
0.682926+0.226674j,-0.782410+0.437774j,-0.219126-1.654374j,12.120021
0.683288+0.226188j,-0.782251+0.437467j,-0.219371-1.654119j,12.121844
0.683649+0.225702j,-0.782091+0.437160j,-0.219615-1.653865j,12.123666
0.684010+0.225215j,-0.781931+0.436853j,-0.219860-1.653611j,12.125488
0.684370+0.224727j,-0.781770+0.436546j,-0.220105-1.653356j,12.127310
0.684731+0.224240j,-0.781610+0.436240j,-0.220350-1.653102j,12.129130
0.685091+0.223751j,-0.781449+0.435934j,-0.220594-1.652848j,12.130951
0.685450+0.223263j,-0.781289+0.435628j,-0.220839-1.652594j,12.132770
0.685810+0.222774j,-0.781128+0.435322j,-0.221084-1.652341j,12.134589
0.686169+0.222284j,-0.780966+0.435016j,-0.221329-1.652087j,12.136408
0.686528+0.221795j,-0.780805+0.434711j,-0.221573-1.651834j,12.138226
0.686886+0.221304j,-0.780643+0.434405j,-0.221818-1.651581j,12.140044
0.687244+0.220814j,-0.780481+0.434100j,-0.222063-1.651328j,12.141861
0.687602+0.220323j,-0.780319+0.433795j,-0.222308-1.651075j,12.143677
0.687960+0.219831j,-0.780157+0.433490j,-0.222553-1.650822j,12.145493
0.688317+0.219339j,-0.779995+0.433186j,-0.222798-1.650569j,12.147309
0.688674+0.218847j,-0.779832+0.432881j,-0.223042-1.650317j,12.149123
0.689031+0.218354j,-0.779669+0.432577j,-0.223287-1.650064j,12.150938
0.689388+0.217861j,-0.779506+0.432273j,-0.223532-1.649812j,12.152751
0.689744+0.217367j,-0.779343+0.431969j,-0.223777-1.649560j,12.154565
0.690100+0.216873j,-0.779179+0.431665j,-0.224022-1.649308j,12.156377
0.690455+0.216379j,-0.779016+0.431362j,-0.224267-1.649056j,12.158189
0.690810+0.215884j,-0.778852+0.431058j,-0.224512-1.648804j,12.160001
0.691165+0.215389j,-0.778688+0.430755j,-0.224757-1.648553j,12.161812
0.691520+0.214893j,-0.778523+0.430452j,-0.225002-1.648301j,12.163623
0.691874+0.214397j,-0.778359+0.430149j,-0.225247-1.648050j,12.165433
0.692228+0.213901j,-0.778194+0.429847j,-0.225492-1.647799j,12.167242
0.692582+0.213404j,-0.778029+0.429544j,-0.225737-1.647548j,12.169051
0.692935+0.212906j,-0.777864+0.429242j,-0.225982-1.647297j,12.170859
0.693289+0.212409j,-0.777699+0.428940j,-0.226227-1.647047j,12.172667
0.693641+0.211910j,-0.777533+0.428638j,-0.226472-1.646796j,12.174474
0.693994+0.211412j,-0.777368+0.428336j,-0.226717-1.646546j,12.176281
0.694346+0.210913j,-0.777202+0.428035j,-0.226963-1.646296j,12.178087
0.694698+0.210414j,-0.777036+0.427733j,-0.227208-1.646046j,12.179893
0.695050+0.209914j,-0.776869+0.427432j,-0.227453-1.645796j,12.181698
0.695401+0.209414j,-0.776703+0.427131j,-0.227698-1.645546j,12.183503
0.695752+0.208913j,-0.776536+0.426830j,-0.227943-1.645296j,12.185307
0.696102+0.208412j,-0.776369+0.426529j,-0.228188-1.645047j,12.187110
0.696453+0.207910j,-0.776202+0.426229j,-0.228433-1.644797j,12.188913
0.696803+0.207409j,-0.776035+0.425928j,-0.228679-1.644548j,12.190716
0.697153+0.206906j,-0.775867+0.425628j,-0.228924-1.644299j,12.192518
0.697502+0.206404j,-0.775700+0.425328j,-0.229169-1.644050j,12.194319
0.697851+0.205901j,-0.775532+0.425029j,-0.229414-1.643802j,12.196120
0.698200+0.205397j,-0.775364+0.424729j,-0.229659-1.643553j,12.197920
0.698548+0.204893j,-0.775195+0.424429j,-0.229905-1.643304j,12.199720
0.698897+0.204389j,-0.775027+0.424130j,-0.230150-1.643056j,12.201519
0.699245+0.203884j,-0.774858+0.423831j,-0.230395-1.642808j,12.203318
0.699592+0.203379j,-0.774689+0.423532j,-0.230640-1.642560j,12.205116
0.699939+0.202873j,-0.774520+0.423234j,-0.230886-1.642312j,12.206914
0.700286+0.202367j,-0.774351+0.422935j,-0.231131-1.642064j,12.208711
0.700633+0.201861j,-0.774182+0.422637j,-0.231376-1.641817j,12.210507
0.700979+0.201354j,-0.774012+0.422339j,-0.231622-1.641569j,12.212303
0.701325+0.200847j,-0.773842+0.422041j,-0.231867-1.641322j,12.214099
0.701671+0.200339j,-0.773672+0.421743j,-0.232112-1.641075j,12.215894
0.702016+0.199831j,-0.773502+0.421445j,-0.232358-1.640828j,12.217688
0.702361+0.199323j,-0.773331+0.421148j,-0.232603-1.640581j,12.219482
0.702706+0.198814j,-0.773161+0.420850j,-0.232848-1.640335j,12.221276
0.703051+0.198305j,-0.772990+0.420553j,-0.233094-1.640088j,12.223068
0.703395+0.197795j,-0.772819+0.420256j,-0.233339-1.639842j,12.224861
0.703739+0.197285j,-0.772647+0.419960j,-0.233585-1.639596j,12.226653
0.704082+0.196775j,-0.772476+0.419663j,-0.233830-1.639349j,12.228444
0.704425+0.196264j,-0.772304+0.419367j,-0.234075-1.639104j,12.230235
0.704768+0.195752j,-0.772133+0.419071j,-0.234321-1.638858j,12.232025
0.705111+0.195241j,-0.771961+0.418775j,-0.234566-1.638612j,12.233814
0.705453+0.194728j,-0.771788+0.418479j,-0.234812-1.638367j,12.235604
0.705795+0.194216j,-0.771616+0.418183j,-0.235057-1.638121j,12.237392
0.706136+0.193703j,-0.771443+0.417888j,-0.235303-1.637876j,12.239180
0.706477+0.193190j,-0.771271+0.417592j,-0.235548-1.637631j,12.240968
0.706818+0.192676j,-0.771098+0.417297j,-0.235794-1.637386j,12.242755
0.707159+0.192162j,-0.770924+0.417002j,-0.236039-1.637142j,12.244541
0.707499+0.191647j,-0.770751+0.416708j,-0.236285-1.636897j,12.246327
0.707839+0.191132j,-0.770577+0.416413j,-0.236530-1.636653j,12.248113
0.708179+0.190617j,-0.770404+0.416119j,-0.236776-1.636408j,12.249898
0.708518+0.190101j,-0.770230+0.415825j,-0.237021-1.636164j,12.251682
0.708857+0.189585j,-0.770056+0.415531j,-0.237267-1.635920j,12.253466
0.709196+0.189068j,-0.769881+0.415237j,-0.237512-1.635677j,12.255249
0.709534+0.188551j,-0.769707+0.414943j,-0.237758-1.635433j,12.257032
0.709872+0.188034j,-0.769532+0.414650j,-0.238003-1.635190j,12.258814
0.710210+0.187516j,-0.769357+0.414356j,-0.238249-1.634946j,12.260596
0.710547+0.186998j,-0.769182+0.414063j,-0.238494-1.634703j,12.262377
0.710884+0.186479j,-0.769007+0.413770j,-0.238740-1.634460j,12.264158
0.711221+0.185960j,-0.768831+0.413478j,-0.238985-1.634217j,12.265938
0.711558+0.185440j,-0.768656+0.413185j,-0.239231-1.633974j,12.267718
0.711894+0.184921j,-0.768480+0.412893j,-0.239477-1.633732j,12.269497
0.712229+0.184400j,-0.768304+0.412601j,-0.239722-1.633489j,12.271275
0.712565+0.183880j,-0.768127+0.412309j,-0.239968-1.633247j,12.273054
0.712900+0.183359j,-0.767951+0.412017j,-0.240213-1.633005j,12.274831
0.713235+0.182837j,-0.767774+0.411725j,-0.240459-1.632763j,12.276608
0.713569+0.182315j,-0.767598+0.411434j,-0.240705-1.632521j,12.278385
0.713903+0.181793j,-0.767421+0.411143j,-0.240950-1.632280j,12.280161
0.714237+0.181270j,-0.767243+0.410851j,-0.241196-1.632038j,12.281936
0.714570+0.180747j,-0.767066+0.410561j,-0.241442-1.631797j,12.283711
0.714904+0.180224j,-0.766888+0.410270j,-0.241687-1.631556j,12.285485
0.715236+0.179700j,-0.766711+0.409979j,-0.241933-1.631315j,12.287259
0.715569+0.179175j,-0.766533+0.409689j,-0.242179-1.631074j,12.289033
0.715901+0.178651j,-0.766355+0.409399j,-0.242424-1.630833j,12.290805
0.716233+0.178125j,-0.766176+0.409109j,-0.242670-1.630593j,12.292578
0.716564+0.177600j,-0.765998+0.408819j,-0.242916-1.630352j,12.294350
0.716895+0.177074j,-0.765819+0.408530j,-0.243161-1.630112j,12.296121
0.717226+0.176548j,-0.765640+0.408240j,-0.243407-1.629872j,12.297892
0.717557+0.176021j,-0.765461+0.407951j,-0.243653-1.629632j,12.299662
0.717887+0.175494j,-0.765282+0.407662j,-0.243898-1.629393j,12.301432
0.718216+0.174966j,-0.765102+0.407373j,-0.244144-1.629153j,12.303201
0.718546+0.174438j,-0.764923+0.407084j,-0.244390-1.628913j,12.304969
0.718875+0.173910j,-0.764743+0.406796j,-0.244635-1.628674j,12.306738
0.719204+0.173381j,-0.764563+0.406508j,-0.244881-1.628435j,12.308505
0.719532+0.172852j,-0.764383+0.406219j,-0.245127-1.628196j,12.310272
0.719860+0.172322j,-0.764202+0.405932j,-0.245373-1.627957j,12.312039
0.720188+0.171792j,-0.764022+0.405644j,-0.245618-1.627719j,12.313805
0.720516+0.171262j,-0.763841+0.405356j,-0.245864-1.627480j,12.315571
0.720843+0.170731j,-0.763660+0.405069j,-0.246110-1.627242j,12.317336
0.721170+0.170200j,-0.763479+0.404782j,-0.246355-1.627004j,12.319100
0.721496+0.169668j,-0.763298+0.404495j,-0.246601-1.626766j,12.320864
0.721822+0.169137j,-0.763116+0.404208j,-0.246847-1.626528j,12.322628
0.722148+0.168604j,-0.762935+0.403921j,-0.247093-1.626290j,12.324391
0.722473+0.168071j,-0.762753+0.403635j,-0.247338-1.626053j,12.326153
0.722798+0.167538j,-0.762571+0.403348j,-0.247584-1.625815j,12.327915
0.723123+0.167005j,-0.762388+0.403062j,-0.247830-1.625578j,12.329677
0.723447+0.166471j,-0.762206+0.402776j,-0.248076-1.625341j,12.331438
0.723771+0.165936j,-0.762023+0.402491j,-0.248321-1.625104j,12.333198
0.724095+0.165401j,-0.761841+0.402205j,-0.248567-1.624867j,12.334958
0.724419+0.164866j,-0.761658+0.401920j,-0.248813-1.624631j,12.336717
0.724742+0.164331j,-0.761475+0.401635j,-0.249059-1.624394j,12.338476
0.725064+0.163795j,-0.761291+0.401350j,-0.249304-1.624158j,12.340235
0.725387+0.163258j,-0.761108+0.401065j,-0.249550-1.623922j,12.341992
0.725709+0.162722j,-0.760924+0.400780j,-0.249796-1.623686j,12.343750
0.726030+0.162184j,-0.760740+0.400496j,-0.250042-1.623450j,12.345507
0.726352+0.161647j,-0.760556+0.400212j,-0.250287-1.623215j,12.347263
0.726673+0.161109j,-0.760372+0.399928j,-0.250533-1.622979j,12.349019
0.726993+0.160570j,-0.760187+0.399644j,-0.250779-1.622744j,12.350774
0.727313+0.160032j,-0.760003+0.399360j,-0.251025-1.622509j,12.352529
0.727633+0.159493j,-0.759818+0.399077j,-0.251271-1.622274j,12.354283
0.727953+0.158953j,-0.759633+0.398794j,-0.251516-1.622039j,12.356037
0.728272+0.158413j,-0.759448+0.398511j,-0.251762-1.621805j,12.357790
0.728591+0.157873j,-0.759263+0.398228j,-0.252008-1.621570j,12.359543
0.728910+0.157332j,-0.759077+0.397945j,-0.252254-1.621336j,12.361295
0.729228+0.156791j,-0.758892+0.397662j,-0.252499-1.621102j,12.363047
0.729546+0.156249j,-0.758706+0.397380j,-0.252745-1.620868j,12.364798
0.729863+0.155707j,-0.758520+0.397098j,-0.252991-1.620634j,12.366548
0.730180+0.155165j,-0.758333+0.396816j,-0.253237-1.620400j,12.368299
0.730497+0.154622j,-0.758147+0.396534j,-0.253483-1.620167j,12.370048
0.730813+0.154079j,-0.757960+0.396253j,-0.253728-1.619934j,12.371797
0.731130+0.153535j,-0.757774+0.395971j,-0.253974-1.619701j,12.373546
0.731445+0.152992j,-0.757587+0.395690j,-0.254220-1.619468j,12.375294
0.731761+0.152447j,-0.757400+0.395409j,-0.254466-1.619235j,12.377042
0.732076+0.151902j,-0.757212+0.395128j,-0.254711-1.619002j,12.378789
0.732390+0.151357j,-0.757025+0.394847j,-0.254957-1.618770j,12.380536
0.732705+0.150812j,-0.756837+0.394567j,-0.255203-1.618537j,12.382282
0.733019+0.150266j,-0.756649+0.394287j,-0.255449-1.618305j,12.384027
0.733332+0.149720j,-0.756461+0.394007j,-0.255694-1.618073j,12.385772
0.733646+0.149173j,-0.756273+0.393727j,-0.255940-1.617841j,12.387517
0.733958+0.148626j,-0.756085+0.393447j,-0.256186-1.617610j,12.389261
0.734271+0.148078j,-0.755896+0.393168j,-0.256432-1.617378j,12.391005
0.734583+0.147530j,-0.755708+0.392888j,-0.256677-1.617147j,12.392748
0.734895+0.146982j,-0.755519+0.392609j,-0.256923-1.616916j,12.394490
0.735207+0.146433j,-0.755330+0.392330j,-0.257169-1.616685j,12.396232
0.735518+0.145884j,-0.755140+0.392051j,-0.257415-1.616454j,12.397974
0.735829+0.145335j,-0.754951+0.391773j,-0.257660-1.616223j,12.399715
0.736139+0.144785j,-0.754761+0.391495j,-0.257906-1.615993j,12.401456
0.736449+0.144235j,-0.754572+0.391216j,-0.258152-1.615762j,12.403196
0.736759+0.143684j,-0.754382+0.390938j,-0.258398-1.615532j,12.404935
0.737068+0.143133j,-0.754192+0.390661j,-0.258643-1.615302j,12.406674
0.737377+0.142582j,-0.754001+0.390383j,-0.258889-1.615072j,12.408413
0.737686+0.142030j,-0.753811+0.390105j,-0.259135-1.614843j,12.410151
0.737994+0.141478j,-0.753620+0.389828j,-0.259380-1.614613j,12.411888
0.738302+0.140925j,-0.753429+0.389551j,-0.259626-1.614384j,12.413625
0.738609+0.140372j,-0.753238+0.389274j,-0.259872-1.614155j,12.415362
0.738917+0.139819j,-0.753047+0.388998j,-0.260118-1.613926j,12.417098
0.739223+0.139265j,-0.752856+0.388721j,-0.260363-1.613697j,12.418833
0.739530+0.138711j,-0.752664+0.388445j,-0.260609-1.613468j,12.420568
0.739836+0.138156j,-0.752473+0.388169j,-0.260855-1.613240j,12.422303
0.740142+0.137601j,-0.752281+0.387893j,-0.261100-1.613012j,12.424037
0.740447+0.137046j,-0.752089+0.387617j,-0.261346-1.612783j,12.425771
0.740752+0.136490j,-0.751897+0.387342j,-0.261592-1.612555j,12.427504
0.741057+0.135934j,-0.751704+0.387066j,-0.261837-1.612328j,12.429236
0.741361+0.135377j,-0.751512+0.386791j,-0.262083-1.612100j,12.430968
0.741665+0.134821j,-0.751319+0.386516j,-0.262329-1.611873j,12.432700
0.741969+0.134263j,-0.751126+0.386242j,-0.262574-1.611645j,12.434431
0.742272+0.133706j,-0.750933+0.385967j,-0.262820-1.611418j,12.436161
0.742575+0.133148j,-0.750740+0.385693j,-0.263066-1.611191j,12.437891
0.742877+0.132589j,-0.750547+0.385418j,-0.263311-1.610964j,12.439621
0.743179+0.132030j,-0.750353+0.385145j,-0.263557-1.610738j,12.441350
0.743481+0.131471j,-0.750159+0.384871j,-0.263802-1.610511j,12.443078
0.743782+0.130911j,-0.749965+0.384597j,-0.264048-1.610285j,12.444806
0.744083+0.130351j,-0.749771+0.384324j,-0.264294-1.610059j,12.446534
0.744384+0.129791j,-0.749577+0.384050j,-0.264539-1.609833j,12.448261
0.744684+0.129230j,-0.749383+0.383777j,-0.264785-1.609607j,12.449988
0.744984+0.128669j,-0.749188+0.383505j,-0.265030-1.609382j,12.451714
0.745284+0.128107j,-0.748993+0.383232j,-0.265276-1.609156j,12.453439
0.745583+0.127545j,-0.748798+0.382960j,-0.265521-1.608931j,12.455164
0.745881+0.126983j,-0.748603+0.382687j,-0.265767-1.608706j,12.456889
0.746180+0.126420j,-0.748408+0.382415j,-0.266013-1.608481j,12.458613
0.746478+0.125857j,-0.748213+0.382143j,-0.266258-1.608257j,12.460337
0.746776+0.125294j,-0.748017+0.381872j,-0.266504-1.608032j,12.462060
0.747073+0.124730j,-0.747821+0.381600j,-0.266749-1.607808j,12.463782
0.747370+0.124165j,-0.747625+0.381329j,-0.266995-1.607584j,12.465504
0.747666+0.123601j,-0.747429+0.381058j,-0.267240-1.607359j,12.467226
0.747962+0.123036j,-0.747233+0.380787j,-0.267486-1.607136j,12.468947
0.748258+0.122470j,-0.747037+0.380516j,-0.267731-1.606912j,12.470668
0.748554+0.121904j,-0.746840+0.380246j,-0.267977-1.606688j,12.472388
0.748849+0.121338j,-0.746643+0.379975j,-0.268222-1.606465j,12.474108
0.749143+0.120772j,-0.746446+0.379705j,-0.268468-1.606242j,12.475827
0.749438+0.120205j,-0.746249+0.379435j,-0.268713-1.606019j,12.477546
0.749732+0.119637j,-0.746052+0.379166j,-0.268958-1.605796j,12.479264
0.750025+0.119070j,-0.745854+0.378896j,-0.269204-1.605574j,12.480981
0.750318+0.118501j,-0.745657+0.378627j,-0.269449-1.605351j,12.482699
0.750611+0.117933j,-0.745459+0.378358j,-0.269695-1.605129j,12.484415
0.750904+0.117364j,-0.745261+0.378089j,-0.269940-1.604907j,12.486132
0.751196+0.116795j,-0.745063+0.377820j,-0.270185-1.604685j,12.487847
0.751487+0.116225j,-0.744865+0.377551j,-0.270431-1.604463j,12.489563
0.751779+0.115655j,-0.744666+0.377283j,-0.270676-1.604242j,12.491277
0.752069+0.115085j,-0.744468+0.377015j,-0.270921-1.604020j,12.492992
0.752360+0.114514j,-0.744269+0.376747j,-0.271167-1.603799j,12.494706
0.752650+0.113942j,-0.744070+0.376479j,-0.271412-1.603578j,12.496419
0.752940+0.113371j,-0.743871+0.376211j,-0.271657-1.603357j,12.498132
0.753229+0.112799j,-0.743672+0.375944j,-0.271903-1.603136j,12.499844
0.753518+0.112227j,-0.743472+0.375677j,-0.272148-1.602916j,12.501556
0.753807+0.111654j,-0.743273+0.375410j,-0.272393-1.602696j,12.503267
0.754095+0.111081j,-0.743073+0.375143j,-0.272639-1.602475j,12.504978
0.754383+0.110507j,-0.742873+0.374876j,-0.272884-1.602255j,12.506688
0.754671+0.109933j,-0.742673+0.374610j,-0.273129-1.602036j,12.508398
0.754958+0.109359j,-0.742473+0.374344j,-0.273374-1.601816j,12.510108
0.755244+0.108784j,-0.742273+0.374078j,-0.273619-1.601597j,12.511817
0.755531+0.108209j,-0.742072+0.373812j,-0.273865-1.601377j,12.513525
0.755817+0.107634j,-0.741871+0.373546j,-0.274110-1.601158j,12.515233
0.756102+0.107058j,-0.741670+0.373281j,-0.274355-1.600939j,12.516941
0.756387+0.106482j,-0.741469+0.373015j,-0.274600-1.600721j,12.518648
0.756672+0.105905j,-0.741268+0.372750j,-0.274845-1.600502j,12.520354
0.756957+0.105329j,-0.741067+0.372485j,-0.275090-1.600284j,12.522060
0.757241+0.104751j,-0.740865+0.372221j,-0.275336-1.600065j,12.523766
0.757524+0.104174j,-0.740664+0.371956j,-0.275581-1.599847j,12.525471
0.757807+0.103595j,-0.740462+0.371692j,-0.275826-1.599630j,12.527175
0.758090+0.103017j,-0.740260+0.371428j,-0.276071-1.599412j,12.528880
0.758373+0.102438j,-0.740058+0.371164j,-0.276316-1.599195j,12.530583
0.758655+0.101859j,-0.739855+0.370900j,-0.276561-1.598977j,12.532286
0.758937+0.101279j,-0.739653+0.370637j,-0.276806-1.598760j,12.533989
0.759218+0.100699j,-0.739450+0.370374j,-0.277051-1.598543j,12.535691
0.759499+0.100119j,-0.739248+0.370111j,-0.277296-1.598326j,12.537393
0.759779+0.099538j,-0.739045+0.369848j,-0.277541-1.598110j,12.539094
0.760059+0.098957j,-0.738842+0.369585j,-0.277786-1.597893j,12.540795
0.760339+0.098376j,-0.738638+0.369322j,-0.278031-1.597677j,12.542495
0.760619+0.097794j,-0.738435+0.369060j,-0.278276-1.597461j,12.544195
0.760898+0.097212j,-0.738231+0.368798j,-0.278520-1.597245j,12.545894
0.761176+0.096629j,-0.738028+0.368536j,-0.278765-1.597030j,12.547593
0.761454+0.096046j,-0.737824+0.368274j,-0.279010-1.596814j,12.549292
0.761732+0.095463j,-0.737620+0.368013j,-0.279255-1.596599j,12.550989
0.762009+0.094879j,-0.737415+0.367752j,-0.279500-1.596384j,12.552687
0.762286+0.094295j,-0.737211+0.367490j,-0.279745-1.596169j,12.554384
0.762563+0.093711j,-0.737007+0.367230j,-0.279990-1.595954j,12.556080
0.762839+0.093126j,-0.736802+0.366969j,-0.280234-1.595740j,12.557776
0.763115+0.092540j,-0.736597+0.366708j,-0.280479-1.595525j,12.559472
0.763391+0.091955j,-0.736392+0.366448j,-0.280724-1.595311j,12.561167
0.763666+0.091369j,-0.736187+0.366188j,-0.280969-1.595097j,12.562861
0.763940+0.090783j,-0.735982+0.365928j,-0.281213-1.594883j,12.564555
0.764214+0.090196j,-0.735776+0.365668j,-0.281458-1.594669j,12.566249
0.764488+0.089609j,-0.735571+0.365409j,-0.281703-1.594456j,12.567942
0.764762+0.089021j,-0.735365+0.365149j,-0.281947-1.594243j,12.569635
0.765035+0.088433j,-0.735159+0.364890j,-0.282192-1.594030j,12.571327
0.765307+0.087845j,-0.734953+0.364631j,-0.282436-1.593817j,12.573019
0.765580+0.087257j,-0.734747+0.364373j,-0.282681-1.593604j,12.574710
0.765851+0.086668j,-0.734540+0.364114j,-0.282926-1.593391j,12.576401
0.766123+0.086078j,-0.734334+0.363856j,-0.283170-1.593179j,12.578091
0.766394+0.085489j,-0.734127+0.363598j,-0.283415-1.592967j,12.579781
0.766665+0.084898j,-0.733920+0.363340j,-0.283659-1.592755j,12.581470
0.766935+0.084308j,-0.733713+0.363082j,-0.283904-1.592543j,12.583159
0.767205+0.083717j,-0.733506+0.362824j,-0.284148-1.592331j,12.584848
0.767474+0.083126j,-0.733299+0.362567j,-0.284393-1.592120j,12.586536
0.767743+0.082534j,-0.733092+0.362310j,-0.284637-1.591909j,12.588223
0.768012+0.081942j,-0.732884+0.362053j,-0.284881-1.591698j,12.589910
0.768280+0.081350j,-0.732676+0.361796j,-0.285126-1.591487j,12.591597
0.768548+0.080757j,-0.732468+0.361540j,-0.285370-1.591276j,12.593283
0.768815+0.080164j,-0.732260+0.361283j,-0.285614-1.591066j,12.594968
0.769082+0.079571j,-0.732052+0.361027j,-0.285859-1.590855j,12.596654
0.769349+0.078977j,-0.731844+0.360771j,-0.286103-1.590645j,12.598338
0.769615+0.078383j,-0.731635+0.360516j,-0.286347-1.590435j,12.600022
0.769881+0.077788j,-0.731427+0.360260j,-0.286592-1.590225j,12.601706
0.770146+0.077194j,-0.731218+0.360005j,-0.286836-1.590016j,12.603390
0.770412+0.076598j,-0.731009+0.359750j,-0.287080-1.589806j,12.605072
0.770676+0.076003j,-0.730800+0.359495j,-0.287324-1.589597j,12.606755
0.770940+0.075407j,-0.730591+0.359240j,-0.287568-1.589388j,12.608437
0.771204+0.074810j,-0.730381+0.358985j,-0.287812-1.589179j,12.610118
0.771467+0.074213j,-0.730172+0.358731j,-0.288056-1.588971j,12.611799
0.771730+0.073616j,-0.729962+0.358477j,-0.288301-1.588762j,12.613479
0.771993+0.073019j,-0.729752+0.358223j,-0.288545-1.588554j,12.615159
0.772255+0.072421j,-0.729542+0.357969j,-0.288789-1.588346j,12.616839
0.772517+0.071823j,-0.729332+0.357716j,-0.289033-1.588138j,12.618518
0.772778+0.071224j,-0.729122+0.357463j,-0.289277-1.587930j,12.620197
0.773039+0.070625j,-0.728911+0.357209j,-0.289521-1.587723j,12.621875
0.773300+0.070026j,-0.728701+0.356957j,-0.289764-1.587515j,12.623553
0.773560+0.069426j,-0.728490+0.356704j,-0.290008-1.587308j,12.625230
0.773820+0.068826j,-0.728279+0.356451j,-0.290252-1.587101j,12.626907
0.774079+0.068226j,-0.728068+0.356199j,-0.290496-1.586895j,12.628583
0.774338+0.067625j,-0.727857+0.355947j,-0.290740-1.586688j,12.630259
0.774596+0.067024j,-0.727646+0.355695j,-0.290984-1.586482j,12.631934
0.774854+0.066422j,-0.727434+0.355443j,-0.291227-1.586275j,12.633609
0.775112+0.065820j,-0.727223+0.355192j,-0.291471-1.586070j,12.635284
0.775369+0.065218j,-0.727011+0.354941j,-0.291715-1.585864j,12.636958
0.775626+0.064616j,-0.726799+0.354689j,-0.291959-1.585658j,12.638631
0.775882+0.064013j,-0.726587+0.354439j,-0.292202-1.585453j,12.640304
0.776138+0.063409j,-0.726375+0.354188j,-0.292446-1.585247j,12.641977
0.776394+0.062805j,-0.726163+0.353937j,-0.292689-1.585042j,12.643649
0.776649+0.062201j,-0.725950+0.353687j,-0.292933-1.584838j,12.645321
0.776904+0.061597j,-0.725738+0.353437j,-0.293177-1.584633j,12.646992
0.777158+0.060992j,-0.725525+0.353187j,-0.293420-1.584428j,12.648663
0.777412+0.060387j,-0.725312+0.352938j,-0.293664-1.584224j,12.650334
0.777666+0.059781j,-0.725099+0.352688j,-0.293907-1.584020j,12.652003
0.777919+0.059176j,-0.724886+0.352439j,-0.294150-1.583816j,12.653673
0.778171+0.058569j,-0.724672+0.352190j,-0.294394-1.583612j,12.655342
0.778423+0.057963j,-0.724459+0.351941j,-0.294637-1.583409j,12.657010
0.778675+0.057356j,-0.724245+0.351692j,-0.294880-1.583206j,12.658679
0.778927+0.056748j,-0.724032+0.351444j,-0.295124-1.583003j,12.660346
0.779178+0.056141j,-0.723818+0.351196j,-0.295367-1.582800j,12.662013
0.779428+0.055533j,-0.723604+0.350948j,-0.295610-1.582597j,12.663680
0.779678+0.054924j,-0.723389+0.350700j,-0.295853-1.582394j,12.665346
0.779928+0.054316j,-0.723175+0.350452j,-0.296097-1.582192j,12.667012
0.780177+0.053706j,-0.722961+0.350205j,-0.296340-1.581990j,12.668678
0.780426+0.053097j,-0.722746+0.349957j,-0.296583-1.581788j,12.670342
0.780675+0.052487j,-0.722531+0.349710j,-0.296826-1.581586j,12.672007
0.780923+0.051877j,-0.722316+0.349464j,-0.297069-1.581385j,12.673671
0.781170+0.051266j,-0.722101+0.349217j,-0.297312-1.581183j,12.675335
0.781418+0.050655j,-0.721886+0.348971j,-0.297555-1.580982j,12.676998
0.781664+0.050044j,-0.721671+0.348724j,-0.297798-1.580781j,12.678660
0.781911+0.049432j,-0.721456+0.348478j,-0.298041-1.580580j,12.680323
0.782157+0.048820j,-0.721240+0.348233j,-0.298284-1.580380j,12.681984
0.782402+0.048208j,-0.721024+0.347987j,-0.298527-1.580179j,12.683646
0.782647+0.047595j,-0.720808+0.347742j,-0.298770-1.579979j,12.685306
0.782892+0.046982j,-0.720592+0.347497j,-0.299012-1.579779j,12.686967
0.783136+0.046369j,-0.720376+0.347252j,-0.299255-1.579579j,12.688627
0.783380+0.045755j,-0.720160+0.347007j,-0.299498-1.579380j,12.690286
0.783623+0.045141j,-0.719944+0.346762j,-0.299740-1.579180j,12.691945
0.783866+0.044526j,-0.719727+0.346518j,-0.299983-1.578981j,12.693604
0.784109+0.043911j,-0.719510+0.346274j,-0.300226-1.578782j,12.695262
0.784351+0.043296j,-0.719294+0.346030j,-0.300468-1.578583j,12.696920
0.784593+0.042681j,-0.719077+0.345786j,-0.300711-1.578384j,12.698577
0.784834+0.042065j,-0.718860+0.345543j,-0.300953-1.578186j,12.700234
0.785075+0.041448j,-0.718642+0.345299j,-0.301196-1.577988j,12.701891
0.785315+0.040832j,-0.718425+0.345056j,-0.301438-1.577790j,12.703546
0.785555+0.040215j,-0.718208+0.344813j,-0.301681-1.577592j,12.705202
0.785794+0.039597j,-0.717990+0.344571j,-0.301923-1.577394j,12.706857
0.786033+0.038980j,-0.717772+0.344328j,-0.302165-1.577197j,12.708512
0.786272+0.038362j,-0.717554+0.344086j,-0.302408-1.576999j,12.710166
0.786510+0.037743j,-0.717336+0.343844j,-0.302650-1.576802j,12.711820
0.786748+0.037124j,-0.717118+0.343602j,-0.302892-1.576605j,12.713473
0.786986+0.036505j,-0.716900+0.343360j,-0.303134-1.576409j,12.715126
0.787222+0.035886j,-0.716681+0.343119j,-0.303377-1.576212j,12.716778
0.787459+0.035266j,-0.716463+0.342878j,-0.303619-1.576016j,12.718430
0.787695+0.034646j,-0.716244+0.342636j,-0.303861-1.575820j,12.720082
0.787931+0.034025j,-0.716025+0.342396j,-0.304103-1.575624j,12.721733
0.788166+0.033404j,-0.715806+0.342155j,-0.304345-1.575428j,12.723383
0.788401+0.032783j,-0.715587+0.341915j,-0.304587-1.575233j,12.725034
0.788635+0.032161j,-0.715368+0.341674j,-0.304829-1.575038j,12.726683
0.788869+0.031540j,-0.715149+0.341434j,-0.305071-1.574843j,12.728333
0.789102+0.030917j,-0.714929+0.341195j,-0.305312-1.574648j,12.729981
0.789335+0.030295j,-0.714710+0.340955j,-0.305554-1.574453j,12.731630
0.789568+0.029672j,-0.714490+0.340716j,-0.305796-1.574258j,12.733278
0.789800+0.029048j,-0.714270+0.340476j,-0.306038-1.574064j,12.734925
0.790032+0.028425j,-0.714050+0.340238j,-0.306279-1.573870j,12.736573
0.790263+0.027801j,-0.713830+0.339999j,-0.306521-1.573676j,12.738219
0.790494+0.027176j,-0.713609+0.339760j,-0.306763-1.573483j,12.739866
0.790724+0.026551j,-0.713389+0.339522j,-0.307004-1.573289j,12.741511
0.790954+0.025926j,-0.713169+0.339284j,-0.307246-1.573096j,12.743157
0.791184+0.025301j,-0.712948+0.339046j,-0.307487-1.572903j,12.744802
0.791413+0.024675j,-0.712727+0.338808j,-0.307728-1.572710j,12.746446
0.791641+0.024049j,-0.712506+0.338571j,-0.307970-1.572517j,12.748090
0.791870+0.023422j,-0.712285+0.338333j,-0.308211-1.572325j,12.749734
0.792097+0.022796j,-0.712064+0.338096j,-0.308453-1.572132j,12.751377
0.792325+0.022168j,-0.711843+0.337859j,-0.308694-1.571940j,12.753020
0.792552+0.021541j,-0.711621+0.337623j,-0.308935-1.571748j,12.754662
0.792778+0.020913j,-0.711400+0.337386j,-0.309176-1.571557j,12.756304
0.793004+0.020285j,-0.711178+0.337150j,-0.309417-1.571365j,12.757946
0.793230+0.019656j,-0.710956+0.336914j,-0.309658-1.571174j,12.759587
0.793455+0.019027j,-0.710734+0.336678j,-0.309899-1.570983j,12.761227
0.793679+0.018398j,-0.710512+0.336443j,-0.310140-1.570792j,12.762868
0.793904+0.017768j,-0.710290+0.336207j,-0.310381-1.570601j,12.764507
0.794127+0.017138j,-0.710068+0.335972j,-0.310622-1.570411j,12.766147
0.794351+0.016508j,-0.709845+0.335737j,-0.310863-1.570221j,12.767786
0.794574+0.015877j,-0.709622+0.335502j,-0.311104-1.570031j,12.769424
0.794796+0.015246j,-0.709400+0.335268j,-0.311345-1.569841j,12.771062
0.795018+0.014615j,-0.709177+0.335033j,-0.311586-1.569651j,12.772700
0.795240+0.013983j,-0.708954+0.334799j,-0.311826-1.569462j,12.774337
0.795461+0.013351j,-0.708731+0.334565j,-0.312067-1.569272j,12.775974
0.795681+0.012719j,-0.708508+0.334331j,-0.312307-1.569083j,12.777610
0.795902+0.012086j,-0.708284+0.334098j,-0.312548-1.568895j,12.779246
0.796121+0.011453j,-0.708061+0.333865j,-0.312788-1.568706j,12.780881
0.796341+0.010820j,-0.707837+0.333632j,-0.313029-1.568518j,12.782516
0.796559+0.010186j,-0.707614+0.333399j,-0.313269-1.568329j,12.784151
0.796778+0.009552j,-0.707390+0.333166j,-0.313510-1.568141j,12.785785
0.796996+0.008918j,-0.707166+0.332934j,-0.313750-1.567954j,12.787419
0.797213+0.008283j,-0.706942+0.332701j,-0.313990-1.567766j,12.789052
0.797430+0.007648j,-0.706718+0.332469j,-0.314230-1.567579j,12.790685
0.797647+0.007012j,-0.706493+0.332237j,-0.314471-1.567391j,12.792318
0.797863+0.006377j,-0.706269+0.332006j,-0.314711-1.567204j,12.793950
0.798079+0.005740j,-0.706044+0.331774j,-0.314951-1.567018j,12.795581
0.798294+0.005104j,-0.705820+0.331543j,-0.315191-1.566831j,12.797212
0.798509+0.004467j,-0.705595+0.331312j,-0.315431-1.566645j,12.798843
0.798723+0.003830j,-0.705370+0.331081j,-0.315671-1.566458j,12.800474
0.798937+0.003193j,-0.705145+0.330851j,-0.315911-1.566273j,12.802104
0.799151+0.002555j,-0.704920+0.330621j,-0.316150-1.566087j,12.803733
0.799364+0.001917j,-0.704694+0.330390j,-0.316390-1.565901j,12.805362
0.799576+0.001278j,-0.704469+0.330160j,-0.316630-1.565716j,12.806991
0.799788+0.000639j,-0.704243+0.329931j,-0.316870-1.565531j,12.808619
0.800000+0.000000j,-0.704018+0.329701j,-0.317109-1.565346j,12.810247
