0.800000+0.000000j,-0.704018+0.329701j,0.368589+0.024871j,0.000000
0.799776+0.000671j,-0.704255+0.329942j,0.368420+0.025039j,0.000987
0.799552+0.001343j,-0.704493+0.330183j,0.368251+0.025207j,0.001974
0.799328+0.002013j,-0.704730+0.330424j,0.368083+0.025374j,0.002961
0.799103+0.002684j,-0.704967+0.330666j,0.367914+0.025542j,0.003948
0.798877+0.003354j,-0.705204+0.330908j,0.367745+0.025709j,0.004935
0.798651+0.004023j,-0.705441+0.331150j,0.367576+0.025876j,0.005922
0.798424+0.004692j,-0.705678+0.331392j,0.367407+0.026043j,0.006909
0.798197+0.005361j,-0.705915+0.331635j,0.367238+0.026210j,0.007897
0.797970+0.006030j,-0.706151+0.331877j,0.367069+0.026377j,0.008884
0.797742+0.006698j,-0.706388+0.332120j,0.366900+0.026543j,0.009872
0.797513+0.007366j,-0.706624+0.332363j,0.366731+0.026710j,0.010859
0.797284+0.008033j,-0.706860+0.332607j,0.366562+0.026876j,0.011847
0.797055+0.008700j,-0.707096+0.332851j,0.366392+0.027042j,0.012835
0.796825+0.009366j,-0.707332+0.333094j,0.366223+0.027209j,0.013822
0.796594+0.010033j,-0.707567+0.333339j,0.366053+0.027375j,0.014810
0.796363+0.010699j,-0.707803+0.333583j,0.365884+0.027541j,0.015798
0.796131+0.011364j,-0.708038+0.333828j,0.365714+0.027706j,0.016786
0.795899+0.012029j,-0.708274+0.334072j,0.365545+0.027872j,0.017774
0.795667+0.012694j,-0.708509+0.334317j,0.365375+0.028038j,0.018762
0.795434+0.013358j,-0.708744+0.334563j,0.365205+0.028203j,0.019751
0.795200+0.014022j,-0.708979+0.334808j,0.365036+0.028368j,0.020739
0.794966+0.014685j,-0.709214+0.335054j,0.364866+0.028533j,0.021727
0.794732+0.015349j,-0.709448+0.335300j,0.364696+0.028698j,0.022716
0.794497+0.016011j,-0.709683+0.335546j,0.364526+0.028863j,0.023704
0.794261+0.016674j,-0.709917+0.335793j,0.364356+0.029028j,0.024693
0.794025+0.017336j,-0.710151+0.336039j,0.364186+0.029193j,0.025682
0.793789+0.017997j,-0.710385+0.336286j,0.364016+0.029357j,0.026671
0.793552+0.018659j,-0.710619+0.336533j,0.363845+0.029522j,0.027659
0.793315+0.019319j,-0.710853+0.336781j,0.363675+0.029686j,0.028648
0.793077+0.019980j,-0.711087+0.337028j,0.363505+0.029850j,0.029637
0.792838+0.020640j,-0.711320+0.337276j,0.363335+0.030014j,0.030626
0.792599+0.021300j,-0.711554+0.337524j,0.363164+0.030178j,0.031616
0.792360+0.021959j,-0.711787+0.337773j,0.362994+0.030342j,0.032605
0.792120+0.022618j,-0.712020+0.338021j,0.362823+0.030506j,0.033594
0.791880+0.023277j,-0.712253+0.338270j,0.362653+0.030669j,0.034583
0.791639+0.023935j,-0.712486+0.338519j,0.362482+0.030833j,0.035573
0.791398+0.024592j,-0.712718+0.338768j,0.362311+0.030996j,0.036562
0.791156+0.025250j,-0.712951+0.339018j,0.362141+0.031159j,0.037552
0.790913+0.025907j,-0.713183+0.339267j,0.361970+0.031322j,0.038542
0.790671+0.026563j,-0.713415+0.339517j,0.361799+0.031485j,0.039531
0.790427+0.027220j,-0.713648+0.339768j,0.361628+0.031648j,0.040521
0.790184+0.027876j,-0.713880+0.340018j,0.361457+0.031811j,0.041511
0.789939+0.028531j,-0.714111+0.340269j,0.361286+0.031973j,0.042501
0.789695+0.029186j,-0.714343+0.340519j,0.361115+0.032136j,0.043491
0.789449+0.029841j,-0.714575+0.340770j,0.360944+0.032298j,0.044481
0.789204+0.030495j,-0.714806+0.341022j,0.360773+0.032460j,0.045471
0.788958+0.031149j,-0.715037+0.341273j,0.360601+0.032622j,0.046462
0.788711+0.031802j,-0.715268+0.341525j,0.360430+0.032784j,0.047452
0.788464+0.032456j,-0.715499+0.341777j,0.360259+0.032946j,0.048442
0.788216+0.033108j,-0.715730+0.342029j,0.360087+0.033107j,0.049433
0.787968+0.033761j,-0.715961+0.342282j,0.359916+0.033269j,0.050423
0.787720+0.034413j,-0.716191+0.342535j,0.359745+0.033430j,0.051414
0.787471+0.035064j,-0.716421+0.342787j,0.359573+0.033592j,0.052405
0.787221+0.035715j,-0.716652+0.343041j,0.359401+0.033753j,0.053395
0.786971+0.036366j,-0.716882+0.343294j,0.359230+0.033914j,0.054386
0.786721+0.037016j,-0.717112+0.343548j,0.359058+0.034075j,0.055377
0.786470+0.037666j,-0.717341+0.343801j,0.358886+0.034236j,0.056368
0.786218+0.038316j,-0.717571+0.344056j,0.358715+0.034396j,0.057359
0.785966+0.038965j,-0.717801+0.344310j,0.358543+0.034557j,0.058350
0.785714+0.039614j,-0.718030+0.344564j,0.358371+0.034717j,0.059341
0.785461+0.040263j,-0.718259+0.344819j,0.358199+0.034878j,0.060333
0.785208+0.040911j,-0.718488+0.345074j,0.358027+0.035038j,0.061324
0.784954+0.041558j,-0.718717+0.345329j,0.357855+0.035198j,0.062315
0.784700+0.042205j,-0.718946+0.345585j,0.357683+0.035358j,0.063307
0.784445+0.042852j,-0.719174+0.345840j,0.357511+0.035517j,0.064298
0.784190+0.043499j,-0.719403+0.346096j,0.357339+0.035677j,0.065290
0.783934+0.044145j,-0.719631+0.346352j,0.357166+0.035837j,0.066282
0.783678+0.044790j,-0.719859+0.346609j,0.356994+0.035996j,0.067274
0.783422+0.045436j,-0.720087+0.346865j,0.356822+0.036155j,0.068265
0.783165+0.046081j,-0.720315+0.347122j,0.356649+0.036314j,0.069257
0.782907+0.046725j,-0.720543+0.347379j,0.356477+0.036473j,0.070249
0.782649+0.047369j,-0.720770+0.347637j,0.356304+0.036632j,0.071241
0.782391+0.048013j,-0.720997+0.347894j,0.356132+0.036791j,0.072233
0.782132+0.048656j,-0.721225+0.348152j,0.355959+0.036950j,0.073226
0.781872+0.049299j,-0.721452+0.348410j,0.355787+0.037108j,0.074218
0.781612+0.049941j,-0.721679+0.348668j,0.355614+0.037267j,0.075210
0.781352+0.050584j,-0.721905+0.348926j,0.355441+0.037425j,0.076203
0.781091+0.051225j,-0.722132+0.349185j,0.355269+0.037583j,0.077195
0.780830+0.051867j,-0.722359+0.349444j,0.355096+0.037741j,0.078188
0.780568+0.052507j,-0.722585+0.349703j,0.354923+0.037899j,0.079180
0.780306+0.053148j,-0.722811+0.349962j,0.354750+0.038057j,0.080173
0.780043+0.053788j,-0.723037+0.350222j,0.354577+0.038214j,0.081166
0.779780+0.054428j,-0.723263+0.350481j,0.354404+0.038372j,0.082158
0.779516+0.055067j,-0.723489+0.350741j,0.354231+0.038529j,0.083151
0.779252+0.055706j,-0.723714+0.351002j,0.354058+0.038687j,0.084144
0.778988+0.056344j,-0.723939+0.351262j,0.353885+0.038844j,0.085137
0.778723+0.056983j,-0.724165+0.351523j,0.353712+0.039001j,0.086130
0.778457+0.057620j,-0.724390+0.351784j,0.353539+0.039158j,0.087124
0.778191+0.058258j,-0.724615+0.352045j,0.353365+0.039314j,0.088117
0.777925+0.058894j,-0.724839+0.352306j,0.353192+0.039471j,0.089110
0.777658+0.059531j,-0.725064+0.352568j,0.353019+0.039627j,0.090104
0.777391+0.060167j,-0.725288+0.352830j,0.352845+0.039784j,0.091097
0.777123+0.060803j,-0.725513+0.353092j,0.352672+0.039940j,0.092090
0.776855+0.061438j,-0.725737+0.353354j,0.352498+0.040096j,0.093084
0.776586+0.062073j,-0.725961+0.353616j,0.352325+0.040252j,0.094078
0.776317+0.062707j,-0.726185+0.353879j,0.352151+0.040408j,0.095071
0.776048+0.063341j,-0.726408+0.354142j,0.351978+0.040564j,0.096065
0.775777+0.063975j,-0.726632+0.354405j,0.351804+0.040719j,0.097059
0.775507+0.064608j,-0.726855+0.354669j,0.351630+0.040875j,0.098053
0.775236+0.065241j,-0.727078+0.354932j,0.351457+0.041030j,0.099047
0.774965+0.065874j,-0.727301+0.355196j,0.351283+0.041185j,0.100041
0.774693+0.066506j,-0.727524+0.355460j,0.351109+0.041340j,0.101035
0.774420+0.067137j,-0.727747+0.355724j,0.350935+0.041495j,0.102029
0.774148+0.067769j,-0.727969+0.355989j,0.350761+0.041650j,0.103024
0.773874+0.068400j,-0.728192+0.356253j,0.350587+0.041805j,0.104018
0.773601+0.069030j,-0.728414+0.356518j,0.350413+0.041959j,0.105012
0.773327+0.069660j,-0.728636+0.356784j,0.350239+0.042114j,0.106007
0.773052+0.070290j,-0.728858+0.357049j,0.350065+0.042268j,0.107002
0.772777+0.070919j,-0.729080+0.357315j,0.349891+0.042422j,0.107996
0.772501+0.071548j,-0.729301+0.357580j,0.349717+0.042576j,0.108991
0.772225+0.072176j,-0.729523+0.357847j,0.349543+0.042730j,0.109986
0.771949+0.072804j,-0.729744+0.358113j,0.349369+0.042884j,0.110980
0.771672+0.073432j,-0.729965+0.358379j,0.349194+0.043038j,0.111975
0.771395+0.074059j,-0.730186+0.358646j,0.349020+0.043191j,0.112970
0.771117+0.074686j,-0.730407+0.358913j,0.348846+0.043345j,0.113965
0.770839+0.075312j,-0.730627+0.359180j,0.348671+0.043498j,0.114960
0.770560+0.075938j,-0.730848+0.359448j,0.348497+0.043651j,0.115955
0.770281+0.076564j,-0.731068+0.359715j,0.348323+0.043804j,0.116951
0.770002+0.077189j,-0.731288+0.359983j,0.348148+0.043957j,0.117946
0.769722+0.077813j,-0.731508+0.360251j,0.347973+0.044110j,0.118941
0.769441+0.078438j,-0.731728+0.360519j,0.347799+0.044263j,0.119937
0.769160+0.079062j,-0.731947+0.360788j,0.347624+0.044415j,0.120932
0.768879+0.079685j,-0.732167+0.361057j,0.347450+0.044568j,0.121928
0.768597+0.080308j,-0.732386+0.361326j,0.347275+0.044720j,0.122923
0.768315+0.080931j,-0.732605+0.361595j,0.347100+0.044872j,0.123919
0.768033+0.081553j,-0.732824+0.361864j,0.346925+0.045024j,0.124915
0.767749+0.082175j,-0.733043+0.362134j,0.346751+0.045176j,0.125911
0.767466+0.082796j,-0.733261+0.362404j,0.346576+0.045328j,0.126907
0.767182+0.083418j,-0.733480+0.362674j,0.346401+0.045479j,0.127903
0.766898+0.084038j,-0.733698+0.362944j,0.346226+0.045631j,0.128899
0.766613+0.084658j,-0.733916+0.363215j,0.346051+0.045782j,0.129895
0.766327+0.085278j,-0.734134+0.363485j,0.345876+0.045933j,0.130891
0.766042+0.085898j,-0.734352+0.363756j,0.345701+0.046084j,0.131887
0.765755+0.086517j,-0.734569+0.364028j,0.345526+0.046235j,0.132883
0.765469+0.087135j,-0.734787+0.364299j,0.345351+0.046386j,0.133880
0.765182+0.087753j,-0.735004+0.364571j,0.345176+0.046537j,0.134876
0.764894+0.088371j,-0.735221+0.364842j,0.345001+0.046688j,0.135873
0.764606+0.088988j,-0.735438+0.365114j,0.344825+0.046838j,0.136869
0.764318+0.089605j,-0.735655+0.365387j,0.344650+0.046988j,0.137866
0.764029+0.090222j,-0.735872+0.365659j,0.344475+0.047139j,0.138863
0.763740+0.090838j,-0.736088+0.365932j,0.344300+0.047289j,0.139859
0.763450+0.091453j,-0.736304+0.366205j,0.344124+0.047439j,0.140856
0.763160+0.092069j,-0.736520+0.366478j,0.343949+0.047588j,0.141853
0.762870+0.092683j,-0.736736+0.366751j,0.343774+0.047738j,0.142850
0.762579+0.093298j,-0.736952+0.367025j,0.343598+0.047888j,0.143847
0.762287+0.093912j,-0.737167+0.367299j,0.343423+0.048037j,0.144844
0.761995+0.094525j,-0.737383+0.367573j,0.343247+0.048186j,0.145841
0.761703+0.095139j,-0.737598+0.367847j,0.343072+0.048336j,0.146838
0.761410+0.095751j,-0.737813+0.368122j,0.342896+0.048485j,0.147836
0.761117+0.096364j,-0.738028+0.368396j,0.342720+0.048633j,0.148833
0.760823+0.096976j,-0.738243+0.368671j,0.342545+0.048782j,0.149830
0.760529+0.097587j,-0.738457+0.368946j,0.342369+0.048931j,0.150828
0.760235+0.098198j,-0.738672+0.369222j,0.342193+0.049079j,0.151825
0.759940+0.098809j,-0.738886+0.369497j,0.342018+0.049228j,0.152823
0.759645+0.099419j,-0.739100+0.369773j,0.341842+0.049376j,0.153821
0.759349+0.100029j,-0.739314+0.370049j,0.341666+0.049524j,0.154818
0.759053+0.100638j,-0.739527+0.370325j,0.341490+0.049672j,0.155816
0.758756+0.101247j,-0.739741+0.370602j,0.341315+0.049820j,0.156814
0.758459+0.101856j,-0.739954+0.370879j,0.341139+0.049968j,0.157812
0.758162+0.102464j,-0.740167+0.371155j,0.340963+0.050115j,0.158810
0.757864+0.103072j,-0.740380+0.371433j,0.340787+0.050263j,0.159808
0.757566+0.103679j,-0.740593+0.371710j,0.340611+0.050410j,0.160806
0.757267+0.104286j,-0.740806+0.371987j,0.340435+0.050558j,0.161804
0.756968+0.104892j,-0.741018+0.372265j,0.340259+0.050705j,0.162803
0.756668+0.105499j,-0.741230+0.372543j,0.340083+0.050852j,0.163801
0.756368+0.106104j,-0.741442+0.372821j,0.339907+0.050998j,0.164799
0.756068+0.106709j,-0.741654+0.373100j,0.339730+0.051145j,0.165798
0.755767+0.107314j,-0.741866+0.373378j,0.339554+0.051292j,0.166796
0.755465+0.107919j,-0.742077+0.373657j,0.339378+0.051438j,0.167795
0.755164+0.108522j,-0.742289+0.373936j,0.339202+0.051585j,0.168793
0.754862+0.109126j,-0.742500+0.374216j,0.339026+0.051731j,0.169792
0.754559+0.109729j,-0.742711+0.374495j,0.338849+0.051877j,0.170791
0.754256+0.110332j,-0.742922+0.374775j,0.338673+0.052023j,0.171790
0.753953+0.110934j,-0.743133+0.375055j,0.338497+0.052169j,0.172788
0.753649+0.111536j,-0.743343+0.375335j,0.338320+0.052314j,0.173787
0.753345+0.112137j,-0.743553+0.375615j,0.338144+0.052460j,0.174786
0.753040+0.112738j,-0.743763+0.375896j,0.337967+0.052605j,0.175785
0.752735+0.113339j,-0.743973+0.376177j,0.337791+0.052750j,0.176785
0.752429+0.113939j,-0.744183+0.376458j,0.337615+0.052896j,0.177784
0.752123+0.114539j,-0.744393+0.376739j,0.337438+0.053041j,0.178783
0.751817+0.115138j,-0.744602+0.377020j,0.337261+0.053185j,0.179782
0.751510+0.115737j,-0.744811+0.377302j,0.337085+0.053330j,0.180782
0.751203+0.116335j,-0.745020+0.377584j,0.336908+0.053475j,0.181781
0.750896+0.116933j,-0.745229+0.377866j,0.336732+0.053619j,0.182781
0.750588+0.117531j,-0.745438+0.378148j,0.336555+0.053764j,0.183780
0.750279+0.118128j,-0.745646+0.378431j,0.336378+0.053908j,0.184780
0.749970+0.118725j,-0.745855+0.378714j,0.336202+0.054052j,0.185780
0.749661+0.119321j,-0.746063+0.378997j,0.336025+0.054196j,0.186779
0.749351+0.119917j,-0.746271+0.379280j,0.335848+0.054340j,0.187779
0.749041+0.120512j,-0.746479+0.379563j,0.335671+0.054484j,0.188779
0.748731+0.121107j,-0.746686+0.379847j,0.335495+0.054627j,0.189779
0.748420+0.121702j,-0.746894+0.380130j,0.335318+0.054771j,0.190779
0.748109+0.122296j,-0.747101+0.380415j,0.335141+0.054914j,0.191779
0.747797+0.122890j,-0.747308+0.380699j,0.334964+0.055057j,0.192779
0.747485+0.123483j,-0.747515+0.380983j,0.334787+0.055200j,0.193779
0.747172+0.124076j,-0.747721+0.381268j,0.334610+0.055343j,0.194779
0.746859+0.124669j,-0.747928+0.381553j,0.334433+0.055486j,0.195780
0.746546+0.125261j,-0.748134+0.381838j,0.334256+0.055629j,0.196780
0.746232+0.125852j,-0.748340+0.382123j,0.334079+0.055771j,0.197781
0.745918+0.126443j,-0.748546+0.382409j,0.333902+0.055914j,0.198781
0.745603+0.127034j,-0.748752+0.382694j,0.333725+0.056056j,0.199782
0.745288+0.127625j,-0.748957+0.382980j,0.333548+0.056198j,0.200782
0.744973+0.128214j,-0.749163+0.383267j,0.333371+0.056340j,0.201783
0.744657+0.128804j,-0.749368+0.383553j,0.333194+0.056482j,0.202784
0.744341+0.129393j,-0.749573+0.383840j,0.333017+0.056624j,0.203784
0.744024+0.129982j,-0.749778+0.384126j,0.332840+0.056765j,0.204785
0.743707+0.130570j,-0.749982+0.384413j,0.332663+0.056907j,0.205786
0.743390+0.131157j,-0.750187+0.384701j,0.332485+0.057048j,0.206787
0.743072+0.131745j,-0.750391+0.384988j,0.332308+0.057189j,0.207788
0.742754+0.132332j,-0.750595+0.385276j,0.332131+0.057331j,0.208789
0.742435+0.132918j,-0.750799+0.385564j,0.331954+0.057472j,0.209790
0.742116+0.133504j,-0.751003+0.385852j,0.331776+0.057612j,0.210792
0.741797+0.134090j,-0.751206+0.386140j,0.331599+0.057753j,0.211793
0.741477+0.134675j,-0.751409+0.386429j,0.331422+0.057894j,0.212794
0.741157+0.135260j,-0.751613+0.386717j,0.331244+0.058034j,0.213796
0.740836+0.135844j,-0.751815+0.387006j,0.331067+0.058175j,0.214797
0.740515+0.136428j,-0.752018+0.387295j,0.330890+0.058315j,0.215799
0.740193+0.137011j,-0.752221+0.387585j,0.330712+0.058455j,0.216800
0.739872+0.137594j,-0.752423+0.387874j,0.330535+0.058595j,0.217802
0.739549+0.138177j,-0.752625+0.388164j,0.330357+0.058734j,0.218804
0.739227+0.138759j,-0.752827+0.388454j,0.330180+0.058874j,0.219805
0.738904+0.139341j,-0.753029+0.388744j,0.330002+0.059014j,0.220807
0.738580+0.139922j,-0.753231+0.389035j,0.329825+0.059153j,0.221809
0.738256+0.140503j,-0.753432+0.389325j,0.329647+0.059292j,0.222811
0.737932+0.141083j,-0.753633+0.389616j,0.329470+0.059432j,0.223813
0.737607+0.141663j,-0.753834+0.389907j,0.329292+0.059571j,0.224815
0.737282+0.142242j,-0.754035+0.390198j,0.329115+0.059709j,0.225817
0.736957+0.142822j,-0.754236+0.390490j,0.328937+0.059848j,0.226819
0.736631+0.143400j,-0.754436+0.390782j,0.328759+0.059987j,0.227821
0.736305+0.143978j,-0.754636+0.391073j,0.328582+0.060125j,0.228824
0.735978+0.144556j,-0.754837+0.391366j,0.328404+0.060264j,0.229826
0.735651+0.145134j,-0.755036+0.391658j,0.328226+0.060402j,0.230828
0.735324+0.145710j,-0.755236+0.391950j,0.328049+0.060540j,0.231831
0.734996+0.146287j,-0.755436+0.392243j,0.327871+0.060678j,0.232833
0.734668+0.146863j,-0.755635+0.392536j,0.327693+0.060816j,0.233836
0.734339+0.147439j,-0.755834+0.392829j,0.327515+0.060953j,0.234839
0.734010+0.148014j,-0.756033+0.393123j,0.327338+0.061091j,0.235841
0.733681+0.148588j,-0.756232+0.393416j,0.327160+0.061229j,0.236844
0.733351+0.149163j,-0.756430+0.393710j,0.326982+0.061366j,0.237847
0.733021+0.149737j,-0.756628+0.394004j,0.326804+0.061503j,0.238850
0.732690+0.150310j,-0.756827+0.394298j,0.326626+0.061640j,0.239853
0.732359+0.150883j,-0.757024+0.394593j,0.326448+0.061777j,0.240856
0.732028+0.151456j,-0.757222+0.394887j,0.326270+0.061914j,0.241859
0.731696+0.152028j,-0.757420+0.395182j,0.326093+0.062050j,0.242862
0.731364+0.152599j,-0.757617+0.395477j,0.325915+0.062187j,0.243865
0.731032+0.153171j,-0.757814+0.395772j,0.325737+0.062323j,0.244868
0.730699+0.153741j,-0.758011+0.396068j,0.325559+0.062460j,0.245871
0.730366+0.154312j,-0.758208+0.396364j,0.325381+0.062596j,0.246875
0.730032+0.154882j,-0.758404+0.396659j,0.325203+0.062732j,0.247878
0.729698+0.155451j,-0.758601+0.396955j,0.325025+0.062868j,0.248882
0.729364+0.156020j,-0.758797+0.397252j,0.324847+0.063003j,0.249885
0.729029+0.156589j,-0.758993+0.397548j,0.324669+0.063139j,0.250889
0.728694+0.157157j,-0.759189+0.397845j,0.324491+0.063274j,0.251892
0.728358+0.157725j,-0.759384+0.398142j,0.324313+0.063410j,0.252896
0.728022+0.158292j,-0.759580+0.398439j,0.324135+0.063545j,0.253900
0.727686+0.158859j,-0.759775+0.398736j,0.323957+0.063680j,0.254903
0.727349+0.159425j,-0.759970+0.399034j,0.323778+0.063815j,0.255907
0.727012+0.159991j,-0.760165+0.399332j,0.323600+0.063950j,0.256911
0.726675+0.160557j,-0.760359+0.399630j,0.323422+0.064085j,0.257915
0.726337+0.161122j,-0.760554+0.399928j,0.323244+0.064219j,0.258919
0.725999+0.161686j,-0.760748+0.400226j,0.323066+0.064354j,0.259923
0.725660+0.162250j,-0.760942+0.400525j,0.322888+0.064488j,0.260927
0.725321+0.162814j,-0.761135+0.400824j,0.322710+0.064622j,0.261932
0.724982+0.163377j,-0.761329+0.401123j,0.322531+0.064756j,0.262936
0.724642+0.163940j,-0.761522+0.401422j,0.322353+0.064890j,0.263940
0.724302+0.164503j,-0.761716+0.401721j,0.322175+0.065024j,0.264944
0.723961+0.165065j,-0.761908+0.402021j,0.321997+0.065157j,0.265949
0.723620+0.165626j,-0.762101+0.402321j,0.321818+0.065291j,0.266953
0.723279+0.166187j,-0.762294+0.402621j,0.321640+0.065424j,0.267958
0.722937+0.166748j,-0.762486+0.402921j,0.321462+0.065557j,0.268962
0.722595+0.167308j,-0.762678+0.403221j,0.321284+0.065691j,0.269967
0.722253+0.167868j,-0.762870+0.403522j,0.321105+0.065824j,0.270972
0.721910+0.168427j,-0.763062+0.403823j,0.320927+0.065956j,0.271976
0.721567+0.168986j,-0.763254+0.404124j,0.320749+0.066089j,0.272981
0.721224+0.169545j,-0.763445+0.404425j,0.320570+0.066222j,0.273986
0.720880+0.170102j,-0.763636+0.404727j,0.320392+0.066354j,0.274991
0.720536+0.170660j,-0.763827+0.405028j,0.320214+0.066487j,0.275996
0.720191+0.171217j,-0.764018+0.405330j,0.320035+0.066619j,0.277001
0.719846+0.171774j,-0.764208+0.405632j,0.319857+0.066751j,0.278006
0.719501+0.172330j,-0.764399+0.405935j,0.319679+0.066883j,0.279011
0.719155+0.172886j,-0.764589+0.406237j,0.319500+0.067015j,0.280016
0.718809+0.173441j,-0.764779+0.406540j,0.319322+0.067146j,0.281022
0.718462+0.173996j,-0.764968+0.406843j,0.319143+0.067278j,0.282027
0.718116+0.174550j,-0.765158+0.407146j,0.318965+0.067409j,0.283032
0.717768+0.175104j,-0.765347+0.407449j,0.318787+0.067540j,0.284038
0.717421+0.175658j,-0.765536+0.407753j,0.318608+0.067672j,0.285043
0.717073+0.176211j,-0.765725+0.408056j,0.318430+0.067803j,0.286049
0.716725+0.176764j,-0.765914+0.408360j,0.318251+0.067933j,0.287054
0.716376+0.177316j,-0.766102+0.408664j,0.318073+0.068064j,0.288060
0.716027+0.177867j,-0.766291+0.408969j,0.317894+0.068195j,0.289065
0.715677+0.178419j,-0.766479+0.409273j,0.317716+0.068325j,0.290071
0.715328+0.178970j,-0.766667+0.409578j,0.317537+0.068456j,0.291077
0.714978+0.179520j,-0.766854+0.409883j,0.317359+0.068586j,0.292083
0.714627+0.180070j,-0.767042+0.410188j,0.317180+0.068716j,0.293089
0.714276+0.180619j,-0.767229+0.410494j,0.317002+0.068846j,0.294095
0.713925+0.181168j,-0.767416+0.410799j,0.316823+0.068976j,0.295101
0.713573+0.181717j,-0.767603+0.411105j,0.316645+0.069106j,0.296107
0.713221+0.182265j,-0.767789+0.411411j,0.316466+0.069235j,0.297113
0.712869+0.182813j,-0.767976+0.411717j,0.316288+0.069365j,0.298119
0.712516+0.183360j,-0.768162+0.412023j,0.316109+0.069494j,0.299125
0.712163+0.183907j,-0.768348+0.412330j,0.315930+0.069623j,0.300131
0.711810+0.184453j,-0.768534+0.412637j,0.315752+0.069752j,0.301138
0.711456+0.184999j,-0.768719+0.412944j,0.315573+0.069881j,0.302144
0.711102+0.185545j,-0.768905+0.413251j,0.315395+0.070010j,0.303151
0.710748+0.186090j,-0.769090+0.413558j,0.315216+0.070138j,0.304157
0.710393+0.186634j,-0.769275+0.413866j,0.315037+0.070267j,0.305164
0.710038+0.187178j,-0.769459+0.414174j,0.314859+0.070395j,0.306170
0.709682+0.187722j,-0.769644+0.414482j,0.314680+0.070524j,0.307177
0.709326+0.188265j,-0.769828+0.414790j,0.314502+0.070652j,0.308183
0.708970+0.188808j,-0.770012+0.415099j,0.314323+0.070780j,0.309190
0.708613+0.189350j,-0.770196+0.415407j,0.314144+0.070908j,0.310197
0.708256+0.189892j,-0.770380+0.415716j,0.313966+0.071035j,0.311204
0.707899+0.190434j,-0.770563+0.416025j,0.313787+0.071163j,0.312211
0.707541+0.190975j,-0.770747+0.416334j,0.313608+0.071290j,0.313218
0.707183+0.191515j,-0.770930+0.416644j,0.313430+0.071418j,0.314225
0.706825+0.192055j,-0.771113+0.416953j,0.313251+0.071545j,0.315232
0.706466+0.192595j,-0.771295+0.417263j,0.313073+0.071672j,0.316239
0.706107+0.193134j,-0.771478+0.417573j,0.312894+0.071799j,0.317246
0.705748+0.193673j,-0.771660+0.417883j,0.312715+0.071926j,0.318253
0.705388+0.194211j,-0.771842+0.418194j,0.312537+0.072052j,0.319261
0.705028+0.194749j,-0.772023+0.418504j,0.312358+0.072179j,0.320268
0.704667+0.195286j,-0.772205+0.418815j,0.312179+0.072305j,0.321275
0.704306+0.195823j,-0.772386+0.419126j,0.312000+0.072432j,0.322283
0.703945+0.196359j,-0.772567+0.419438j,0.311822+0.072558j,0.323290
0.703584+0.196895j,-0.772748+0.419749j,0.311643+0.072684j,0.324298
0.703222+0.197431j,-0.772929+0.420061j,0.311464+0.072810j,0.325305
0.702860+0.197966j,-0.773109+0.420372j,0.311286+0.072936j,0.326313
0.702497+0.198501j,-0.773290+0.420685j,0.311107+0.073061j,0.327321
0.702134+0.199035j,-0.773470+0.420997j,0.310928+0.073187j,0.328328
0.701771+0.199568j,-0.773650+0.421309j,0.310750+0.073312j,0.329336
0.701407+0.200102j,-0.773829+0.421622j,0.310571+0.073437j,0.330344
0.701043+0.200634j,-0.774009+0.421935j,0.310392+0.073562j,0.331352
0.700679+0.201167j,-0.774188+0.422248j,0.310213+0.073687j,0.332360
0.700314+0.201699j,-0.774367+0.422561j,0.310035+0.073812j,0.333368
0.699949+0.202230j,-0.774545+0.422874j,0.309856+0.073937j,0.334376
0.699584+0.202761j,-0.774724+0.423188j,0.309677+0.074062j,0.335384
0.699218+0.203292j,-0.774902+0.423502j,0.309499+0.074186j,0.336392
0.698852+0.203822j,-0.775080+0.423816j,0.309320+0.074310j,0.337400
0.698486+0.204351j,-0.775258+0.424130j,0.309141+0.074435j,0.338409
0.698119+0.204881j,-0.775436+0.424445j,0.308962+0.074559j,0.339417
0.697752+0.205409j,-0.775613+0.424759j,0.308784+0.074683j,0.340425
0.697384+0.205938j,-0.775791+0.425074j,0.308605+0.074806j,0.341434
0.697017+0.206465j,-0.775968+0.425389j,0.308426+0.074930j,0.342442
0.696649+0.206993j,-0.776144+0.425704j,0.308248+0.075054j,0.343451
0.696280+0.207520j,-0.776321+0.426020j,0.308069+0.075177j,0.344459
0.695911+0.208046j,-0.776497+0.426336j,0.307890+0.075300j,0.345468
0.695542+0.208572j,-0.776673+0.426651j,0.307711+0.075423j,0.346476
0.695173+0.209097j,-0.776849+0.426967j,0.307533+0.075546j,0.347485
0.694803+0.209623j,-0.777025+0.427284j,0.307354+0.075669j,0.348494
0.694433+0.210147j,-0.777200+0.427600j,0.307175+0.075792j,0.349503
0.694063+0.210671j,-0.777376+0.427917j,0.306996+0.075915j,0.350512
0.693692+0.211195j,-0.777551+0.428234j,0.306818+0.076037j,0.351520
0.693321+0.211718j,-0.777725+0.428551j,0.306639+0.076160j,0.352529
0.692949+0.212241j,-0.777900+0.428868j,0.306460+0.076282j,0.353538
0.692577+0.212763j,-0.778074+0.429185j,0.306282+0.076404j,0.354547
0.692205+0.213285j,-0.778249+0.429503j,0.306103+0.076526j,0.355557
0.691833+0.213807j,-0.778422+0.429821j,0.305924+0.076648j,0.356566
0.691460+0.214327j,-0.778596+0.430139j,0.305745+0.076769j,0.357575
0.691087+0.214848j,-0.778770+0.430457j,0.305567+0.076891j,0.358584
0.690713+0.215368j,-0.778943+0.430775j,0.305388+0.077012j,0.359593
0.690339+0.215888j,-0.779116+0.431094j,0.305209+0.077134j,0.360603
0.689965+0.216407j,-0.779289+0.431413j,0.305031+0.077255j,0.361612
0.689591+0.216925j,-0.779461+0.431732j,0.304852+0.077376j,0.362622
0.689216+0.217443j,-0.779634+0.432051j,0.304673+0.077497j,0.363631
0.688841+0.217961j,-0.779806+0.432371j,0.304494+0.077618j,0.364641
0.688465+0.218478j,-0.779978+0.432690j,0.304316+0.077738j,0.365650
0.688090+0.218995j,-0.780149+0.433010j,0.304137+0.077859j,0.366660
0.687714+0.219512j,-0.780321+0.433330j,0.303958+0.077979j,0.367670
0.687337+0.220028j,-0.780492+0.433650j,0.303780+0.078100j,0.368679
0.686960+0.220543j,-0.780663+0.433971j,0.303601+0.078220j,0.369689
0.686583+0.221058j,-0.780834+0.434291j,0.303422+0.078340j,0.370699
0.686206+0.221572j,-0.781004+0.434612j,0.303244+0.078460j,0.371709
0.685828+0.222086j,-0.781175+0.434933j,0.303065+0.078579j,0.372719
0.685450+0.222600j,-0.781345+0.435254j,0.302886+0.078699j,0.373729
0.685072+0.223113j,-0.781515+0.435576j,0.302708+0.078818j,0.374739
0.684693+0.223626j,-0.781684+0.435897j,0.302529+0.078938j,0.375749
0.684314+0.224138j,-0.781854+0.436219j,0.302350+0.079057j,0.376759
0.683934+0.224650j,-0.782023+0.436541j,0.302172+0.079176j,0.377769
0.683555+0.225161j,-0.782192+0.436863j,0.301993+0.079295j,0.378780
0.683175+0.225672j,-0.782361+0.437185j,0.301814+0.079414j,0.379790
0.682794+0.226182j,-0.782529+0.437508j,0.301636+0.079533j,0.380800
0.682414+0.226692j,-0.782698+0.437831j,0.301457+0.079651j,0.381810
0.682033+0.227202j,-0.782866+0.438154j,0.301278+0.079770j,0.382821
0.681651+0.227711j,-0.783034+0.438477j,0.301100+0.079888j,0.383831
0.681270+0.228219j,-0.783201+0.438800j,0.300921+0.080006j,0.384842
0.680888+0.228727j,-0.783369+0.439124j,0.300742+0.080124j,0.385852
0.680506+0.229235j,-0.783536+0.439447j,0.300564+0.080242j,0.386863
0.680123+0.229742j,-0.783703+0.439771j,0.300385+0.080360j,0.387874
0.679740+0.230248j,-0.783869+0.440096j,0.300207+0.080478j,0.388884
0.679357+0.230755j,-0.784036+0.440420j,0.300028+0.080595j,0.389895
0.678973+0.231260j,-0.784202+0.440744j,0.299849+0.080713j,0.390906
0.678589+0.231766j,-0.784368+0.441069j,0.299671+0.080830j,0.391917
0.678205+0.232270j,-0.784534+0.441394j,0.299492+0.080947j,0.392928
0.677821+0.232775j,-0.784699+0.441719j,0.299314+0.081064j,0.393939
0.677436+0.233279j,-0.784865+0.442044j,0.299135+0.081181j,0.394950
0.677051+0.233782j,-0.785030+0.442370j,0.298957+0.081298j,0.395961
0.676665+0.234285j,-0.785195+0.442696j,0.298778+0.081414j,0.396972
0.676280+0.234788j,-0.785359+0.443021j,0.298600+0.081531j,0.397983
0.675894+0.235290j,-0.785524+0.443348j,0.298421+0.081647j,0.398994
0.675507+0.235791j,-0.785688+0.443674j,0.298242+0.081763j,0.400005
0.675121+0.236292j,-0.785852+0.444000j,0.298064+0.081880j,0.401017
0.674734+0.236793j,-0.786016+0.444327j,0.297885+0.081995j,0.402028
0.674346+0.237293j,-0.786179+0.444654j,0.297707+0.082111j,0.403039
0.673959+0.237793j,-0.786342+0.444981j,0.297528+0.082227j,0.404051
0.673571+0.238292j,-0.786505+0.445308j,0.297350+0.082343j,0.405062
0.673182+0.238791j,-0.786668+0.445636j,0.297171+0.082458j,0.406074
0.672794+0.239289j,-0.786831+0.445963j,0.296993+0.082573j,0.407085
0.672405+0.239787j,-0.786993+0.446291j,0.296815+0.082689j,0.408097
0.672016+0.240284j,-0.787155+0.446619j,0.296636+0.082804j,0.409108
0.671626+0.240781j,-0.787317+0.446947j,0.296458+0.082919j,0.410120
0.671236+0.241278j,-0.787479+0.447276j,0.296279+0.083033j,0.411132
0.670846+0.241774j,-0.787640+0.447604j,0.296101+0.083148j,0.412144
0.670456+0.242269j,-0.787801+0.447933j,0.295922+0.083263j,0.413156
0.670065+0.242764j,-0.787962+0.448262j,0.295744+0.083377j,0.414167
0.669674+0.243259j,-0.788123+0.448591j,0.295566+0.083491j,0.415179
0.669283+0.243753j,-0.788283+0.448921j,0.295387+0.083606j,0.416191
0.668891+0.244246j,-0.788443+0.449250j,0.295209+0.083720j,0.417203
0.668499+0.244740j,-0.788603+0.449580j,0.295030+0.083833j,0.418215
0.668107+0.245232j,-0.788763+0.449910j,0.294852+0.083947j,0.419227
0.667714+0.245725j,-0.788923+0.450240j,0.294674+0.084061j,0.420240
0.667322+0.246216j,-0.789082+0.450570j,0.294495+0.084174j,0.421252
0.666928+0.246708j,-0.789241+0.450901j,0.294317+0.084288j,0.422264
0.666535+0.247198j,-0.789400+0.451232j,0.294139+0.084401j,0.423276
0.666141+0.247689j,-0.789558+0.451563j,0.293960+0.084514j,0.424289
0.665747+0.248179j,-0.789717+0.451894j,0.293782+0.084627j,0.425301
0.665353+0.248668j,-0.789875+0.452225j,0.293604+0.084740j,0.426313
0.664958+0.249157j,-0.790033+0.452557j,0.293426+0.084853j,0.427326
0.664563+0.249646j,-0.790190+0.452888j,0.293247+0.084965j,0.428338
0.664168+0.250134j,-0.790348+0.453220j,0.293069+0.085078j,0.429351
0.663772+0.250621j,-0.790505+0.453552j,0.292891+0.085190j,0.430364
0.663376+0.251108j,-0.790662+0.453885j,0.292713+0.085302j,0.431376
0.662980+0.251595j,-0.790818+0.454217j,0.292534+0.085415j,0.432389
0.662584+0.252081j,-0.790975+0.454550j,0.292356+0.085527j,0.433402
0.662187+0.252567j,-0.791131+0.454882j,0.292178+0.085638j,0.434414
0.661790+0.253052j,-0.791287+0.455216j,0.292000+0.085750j,0.435427
0.661393+0.253537j,-0.791443+0.455549j,0.291822+0.085862j,0.436440
0.660995+0.254021j,-0.791598+0.455882j,0.291644+0.085973j,0.437453
0.660597+0.254505j,-0.791753+0.456216j,0.291465+0.086084j,0.438466
0.660199+0.254988j,-0.791908+0.456550j,0.291287+0.086196j,0.439479
0.659800+0.255471j,-0.792063+0.456884j,0.291109+0.086307j,0.440492
0.659402+0.255954j,-0.792218+0.457218j,0.290931+0.086418j,0.441505
0.659002+0.256436j,-0.792372+0.457552j,0.290753+0.086528j,0.442518
0.658603+0.256917j,-0.792526+0.457887j,0.290575+0.086639j,0.443531
0.658203+0.257398j,-0.792680+0.458222j,0.290397+0.086750j,0.444545
0.657803+0.257879j,-0.792833+0.458556j,0.290219+0.086860j,0.445558
0.657403+0.258359j,-0.792986+0.458892j,0.290041+0.086970j,0.446571
0.657002+0.258838j,-0.793140+0.459227j,0.289863+0.087080j,0.447585
0.656602+0.259317j,-0.793292+0.459562j,0.289685+0.087191j,0.448598
0.656200+0.259796j,-0.793445+0.459898j,0.289507+0.087300j,0.449611
0.655799+0.260274j,-0.793597+0.460234j,0.289329+0.087410j,0.450625
0.655397+0.260752j,-0.793749+0.460570j,0.289151+0.087520j,0.451638
0.654995+0.261229j,-0.793901+0.460907j,0.288973+0.087629j,0.452652
0.654593+0.261706j,-0.794053+0.461243j,0.288795+0.087739j,0.453666
0.654190+0.262182j,-0.794204+0.461580j,0.288617+0.087848j,0.454679
0.653787+0.262658j,-0.794355+0.461917j,0.288439+0.087957j,0.455693
0.653384+0.263133j,-0.794506+0.462254j,0.288261+0.088066j,0.456707
0.652981+0.263608j,-0.794657+0.462591j,0.288083+0.088175j,0.457721
0.652577+0.264083j,-0.794807+0.462928j,0.287905+0.088284j,0.458734
0.652173+0.264557j,-0.794958+0.463266j,0.287728+0.088392j,0.459748
0.651769+0.265030j,-0.795107+0.463604j,0.287550+0.088501j,0.460762
0.651364+0.265503j,-0.795257+0.463942j,0.287372+0.088609j,0.461776
0.650959+0.265976j,-0.795407+0.464280j,0.287194+0.088718j,0.462790
0.650554+0.266448j,-0.795556+0.464618j,0.287016+0.088826j,0.463804
0.650149+0.266919j,-0.795705+0.464957j,0.286839+0.088934j,0.464818
0.649743+0.267390j,-0.795853+0.465296j,0.286661+0.089041j,0.465832
0.649337+0.267861j,-0.796002+0.465635j,0.286483+0.089149j,0.466847
0.648930+0.268331j,-0.796150+0.465974j,0.286305+0.089257j,0.467861
0.648524+0.268801j,-0.796298+0.466313j,0.286128+0.089364j,0.468875
0.648117+0.269270j,-0.796446+0.466653j,0.285950+0.089472j,0.469889
0.647710+0.269739j,-0.796593+0.466992j,0.285772+0.089579j,0.470904
0.647302+0.270207j,-0.796740+0.467332j,0.285595+0.089686j,0.471918
0.646895+0.270675j,-0.796887+0.467672j,0.285417+0.089793j,0.472933
0.646487+0.271142j,-0.797034+0.468013j,0.285240+0.089900j,0.473947
0.646079+0.271609j,-0.797181+0.468353j,0.285062+0.090006j,0.474962
0.645670+0.272075j,-0.797327+0.468694j,0.284884+0.090113j,0.475976
0.645261+0.272541j,-0.797473+0.469035j,0.284707+0.090219j,0.476991
0.644852+0.273007j,-0.797619+0.469376j,0.284529+0.090326j,0.478005
0.644443+0.273472j,-0.797764+0.469717j,0.284352+0.090432j,0.479020
0.644033+0.273936j,-0.797909+0.470058j,0.284174+0.090538j,0.480035
0.643623+0.274400j,-0.798054+0.470400j,0.283997+0.090644j,0.481050
0.643213+0.274864j,-0.798199+0.470742j,0.283819+0.090750j,0.482064
0.642803+0.275327j,-0.798343+0.471084j,0.283642+0.090855j,0.483079
0.642392+0.275789j,-0.798488+0.471426j,0.283464+0.090961j,0.484094
0.641981+0.276252j,-0.798632+0.471768j,0.283287+0.091066j,0.485109
0.641569+0.276713j,-0.798775+0.472111j,0.283110+0.091172j,0.486124
0.641158+0.277174j,-0.798919+0.472454j,0.282932+0.091277j,0.487139
0.640746+0.277635j,-0.799062+0.472797j,0.282755+0.091382j,0.488154
0.640334+0.278095j,-0.799205+0.473140j,0.282577+0.091487j,0.489169
0.639922+0.278555j,-0.799348+0.473483j,0.282400+0.091592j,0.490184
0.639509+0.279014j,-0.799490+0.473827j,0.282223+0.091696j,0.491200
0.639096+0.279473j,-0.799633+0.474170j,0.282046+0.091801j,0.492215
0.638683+0.279931j,-0.799775+0.474514j,0.281868+0.091905j,0.493230
0.638269+0.280389j,-0.799916+0.474858j,0.281691+0.092010j,0.494245
0.637856+0.280847j,-0.800058+0.475202j,0.281514+0.092114j,0.495261
0.637442+0.281304j,-0.800199+0.475547j,0.281337+0.092218j,0.496276
0.637027+0.281760j,-0.800340+0.475892j,0.281159+0.092322j,0.497291
0.636613+0.282216j,-0.800481+0.476236j,0.280982+0.092425j,0.498307
0.636198+0.282671j,-0.800621+0.476581j,0.280805+0.092529j,0.499322
0.635783+0.283126j,-0.800762+0.476927j,0.280628+0.092633j,0.500338
0.635368+0.283581j,-0.800902+0.477272j,0.280451+0.092736j,0.501354
0.634952+0.284035j,-0.801041+0.477618j,0.280274+0.092839j,0.502369
0.634536+0.284489j,-0.801181+0.477963j,0.280097+0.092942j,0.503385
0.634120+0.284942j,-0.801320+0.478309j,0.279920+0.093045j,0.504401
0.633704+0.285394j,-0.801459+0.478655j,0.279743+0.093148j,0.505416
0.633287+0.285846j,-0.801598+0.479002j,0.279566+0.093251j,0.506432
0.632870+0.286298j,-0.801736+0.479348j,0.279389+0.093354j,0.507448
0.632453+0.286749j,-0.801874+0.479695j,0.279212+0.093456j,0.508464
0.632036+0.287200j,-0.802012+0.480042j,0.279035+0.093559j,0.509480
0.631618+0.287650j,-0.802150+0.480389j,0.278858+0.093661j,0.510496
0.631200+0.288100j,-0.802288+0.480736j,0.278681+0.093763j,0.511512
0.630782+0.288549j,-0.802425+0.481084j,0.278504+0.093865j,0.512528
0.630363+0.288998j,-0.802562+0.481431j,0.278327+0.093967j,0.513544
0.629945+0.289446j,-0.802698+0.481779j,0.278150+0.094069j,0.514560
0.629526+0.289894j,-0.802835+0.482127j,0.277974+0.094170j,0.515576
0.629106+0.290342j,-0.802971+0.482475j,0.277797+0.094272j,0.516592
0.628687+0.290789j,-0.803107+0.482824j,0.277620+0.094373j,0.517609
0.628267+0.291235j,-0.803243+0.483172j,0.277443+0.094475j,0.518625
0.627847+0.291681j,-0.803378+0.483521j,0.277267+0.094576j,0.519641
0.627427+0.292126j,-0.803513+0.483870j,0.277090+0.094677j,0.520658
0.627006+0.292571j,-0.803648+0.484219j,0.276913+0.094778j,0.521674
0.626585+0.293016j,-0.803783+0.484568j,0.276737+0.094878j,0.522690
0.626164+0.293460j,-0.803917+0.484918j,0.276560+0.094979j,0.523707
0.625743+0.293903j,-0.804051+0.485268j,0.276383+0.095079j,0.524723
0.625321+0.294347j,-0.804185+0.485618j,0.276207+0.095180j,0.525740
0.624900+0.294789j,-0.804319+0.485968j,0.276030+0.095280j,0.526757
0.624478+0.295231j,-0.804452+0.486318j,0.275854+0.095380j,0.527773
0.624055+0.295673j,-0.804585+0.486668j,0.275677+0.095480j,0.528790
0.623633+0.296114j,-0.804718+0.487019j,0.275501+0.095580j,0.529807
0.623210+0.296555j,-0.804850+0.487370j,0.275324+0.095680j,0.530823
0.622787+0.296995j,-0.804983+0.487721j,0.275148+0.095779j,0.531840
0.622363+0.297435j,-0.805115+0.488072j,0.274971+0.095879j,0.532857
0.621940+0.297874j,-0.805247+0.488423j,0.274795+0.095978j,0.533874
0.621516+0.298313j,-0.805378+0.488775j,0.274619+0.096078j,0.534891
0.621092+0.298751j,-0.805509+0.489127j,0.274442+0.096177j,0.535908
0.620668+0.299189j,-0.805640+0.489479j,0.274266+0.096276j,0.536925
0.620243+0.299626j,-0.805771+0.489831j,0.274090+0.096375j,0.537942
0.619818+0.300063j,-0.805902+0.490183j,0.273913+0.096473j,0.538959
0.619393+0.300500j,-0.806032+0.490536j,0.273737+0.096572j,0.539976
0.618968+0.300935j,-0.806162+0.490888j,0.273561+0.096670j,0.540993
0.618542+0.301371j,-0.806292+0.491241j,0.273385+0.096769j,0.542010
0.618116+0.301806j,-0.806421+0.491594j,0.273209+0.096867j,0.543027
0.617690+0.302240j,-0.806550+0.491947j,0.273032+0.096965j,0.544045
0.617264+0.302674j,-0.806679+0.492301j,0.272856+0.097063j,0.545062
0.616837+0.303108j,-0.806808+0.492654j,0.272680+0.097161j,0.546079
0.616411+0.303541j,-0.806936+0.493008j,0.272504+0.097259j,0.547097
0.615984+0.303973j,-0.807064+0.493362j,0.272328+0.097356j,0.548114
0.615556+0.304405j,-0.807192+0.493716j,0.272152+0.097454j,0.549132
0.615129+0.304837j,-0.807320+0.494071j,0.271976+0.097551j,0.550149
0.614701+0.305268j,-0.807447+0.494425j,0.271800+0.097649j,0.551167
0.614273+0.305699j,-0.807574+0.494780j,0.271624+0.097746j,0.552184
0.613845+0.306129j,-0.807701+0.495135j,0.271448+0.097843j,0.553202
0.613416+0.306559j,-0.807828+0.495490j,0.271272+0.097940j,0.554219
0.612987+0.306988j,-0.807954+0.495845j,0.271097+0.098036j,0.555237
0.612558+0.307417j,-0.808080+0.496201j,0.270921+0.098133j,0.556255
0.612129+0.307845j,-0.808206+0.496556j,0.270745+0.098229j,0.557273
0.611700+0.308273j,-0.808331+0.496912j,0.270569+0.098326j,0.558290
0.611270+0.308700j,-0.808457+0.497268j,0.270393+0.098422j,0.559308
0.610840+0.309127j,-0.808582+0.497625j,0.270218+0.098518j,0.560326
0.610410+0.309553j,-0.808706+0.497981j,0.270042+0.098614j,0.561344
0.609980+0.309979j,-0.808831+0.498338j,0.269866+0.098710j,0.562362
0.609549+0.310404j,-0.808955+0.498694j,0.269691+0.098806j,0.563380
0.609118+0.310829j,-0.809079+0.499051j,0.269515+0.098901j,0.564398
0.608687+0.311253j,-0.809203+0.499408j,0.269339+0.098997j,0.565416
0.608255+0.311677j,-0.809326+0.499766j,0.269164+0.099092j,0.566434
0.607824+0.312101j,-0.809449+0.500123j,0.268988+0.099188j,0.567452
0.607392+0.312524j,-0.809572+0.500481j,0.268813+0.099283j,0.568470
0.606960+0.312946j,-0.809695+0.500839j,0.268637+0.099378j,0.569489
0.606528+0.313368j,-0.809817+0.501197j,0.268462+0.099473j,0.570507
0.606095+0.313790j,-0.809939+0.501555j,0.268286+0.099568j,0.571525
0.605662+0.314211j,-0.810061+0.501914j,0.268111+0.099662j,0.572543
0.605229+0.314631j,-0.810182+0.502272j,0.267936+0.099757j,0.573562
0.604796+0.315051j,-0.810303+0.502631j,0.267760+0.099851j,0.574580
0.604363+0.315471j,-0.810424+0.502990j,0.267585+0.099945j,0.575599
0.603929+0.315890j,-0.810545+0.503349j,0.267410+0.100040j,0.576617
0.603495+0.316309j,-0.810666+0.503709j,0.267235+0.100134j,0.577635
0.603061+0.316727j,-0.810786+0.504068j,0.267059+0.100228j,0.578654
0.602627+0.317145j,-0.810906+0.504428j,0.266884+0.100321j,0.579673
0.602192+0.317562j,-0.811025+0.504788j,0.266709+0.100415j,0.580691
0.601757+0.317978j,-0.811145+0.505148j,0.266534+0.100509j,0.581710
0.601322+0.318395j,-0.811264+0.505508j,0.266359+0.100602j,0.582729
0.600887+0.318810j,-0.811383+0.505869j,0.266184+0.100695j,0.583747
0.600451+0.319226j,-0.811501+0.506229j,0.266009+0.100788j,0.584766
0.600015+0.319640j,-0.811620+0.506590j,0.265834+0.100881j,0.585785
0.599580+0.320055j,-0.811738+0.506951j,0.265659+0.100974j,0.586804
0.599143+0.320469j,-0.811855+0.507312j,0.265484+0.101067j,0.587823
0.598707+0.320882j,-0.811973+0.507674j,0.265309+0.101160j,0.588841
0.598270+0.321295j,-0.812090+0.508035j,0.265134+0.101252j,0.589860
0.597833+0.321707j,-0.812207+0.508397j,0.264959+0.101345j,0.590879
0.597396+0.322119j,-0.812324+0.508759j,0.264784+0.101437j,0.591898
0.596959+0.322530j,-0.812440+0.509121j,0.264609+0.101529j,0.592917
0.596521+0.322941j,-0.812556+0.509483j,0.264435+0.101622j,0.593936
0.596084+0.323352j,-0.812672+0.509846j,0.264260+0.101713j,0.594956
0.595646+0.323762j,-0.812788+0.510209j,0.264085+0.101805j,0.595975
0.595207+0.324171j,-0.812903+0.510572j,0.263910+0.101897j,0.596994
0.594769+0.324580j,-0.813018+0.510935j,0.263736+0.101989j,0.598013
0.594330+0.324989j,-0.813133+0.511298j,0.263561+0.102080j,0.599032
0.593891+0.325397j,-0.813247+0.511661j,0.263387+0.102171j,0.600052
0.593452+0.325804j,-0.813361+0.512025j,0.263212+0.102263j,0.601071
0.593013+0.326211j,-0.813475+0.512389j,0.263037+0.102354j,0.602090
0.592573+0.326618j,-0.813589+0.512753j,0.262863+0.102445j,0.603110
0.592134+0.327024j,-0.813702+0.513117j,0.262689+0.102536j,0.604129
0.591694+0.327430j,-0.813816+0.513481j,0.262514+0.102626j,0.605149
0.591254+0.327835j,-0.813928+0.513846j,0.262340+0.102717j,0.606168
0.590813+0.328239j,-0.814041+0.514210j,0.262165+0.102807j,0.607188
0.590373+0.328644j,-0.814153+0.514575j,0.261991+0.102898j,0.608207
0.589932+0.329047j,-0.814265+0.514940j,0.261817+0.102988j,0.609227
0.589491+0.329450j,-0.814377+0.515306j,0.261642+0.103078j,0.610247
0.589049+0.329853j,-0.814489+0.515671j,0.261468+0.103168j,0.611266
0.588608+0.330255j,-0.814600+0.516037j,0.261294+0.103258j,0.612286
0.588166+0.330657j,-0.814711+0.516403j,0.261120+0.103348j,0.613306
0.587724+0.331058j,-0.814821+0.516769j,0.260946+0.103438j,0.614326
0.587282+0.331459j,-0.814932+0.517135j,0.260772+0.103527j,0.615346
0.586840+0.331860j,-0.815042+0.517501j,0.260597+0.103616j,0.616365
0.586397+0.332259j,-0.815152+0.517868j,0.260423+0.103706j,0.617385
0.585954+0.332659j,-0.815261+0.518234j,0.260249+0.103795j,0.618405
0.585512+0.333058j,-0.815370+0.518601j,0.260075+0.103884j,0.619425
0.585068+0.333456j,-0.815479+0.518968j,0.259901+0.103973j,0.620445
0.584625+0.333854j,-0.815588+0.519336j,0.259728+0.104062j,0.621465
0.584181+0.334251j,-0.815696+0.519703j,0.259554+0.104150j,0.622485
0.583738+0.334648j,-0.815805+0.520071j,0.259380+0.104239j,0.623505
0.583293+0.335045j,-0.815913+0.520439j,0.259206+0.104327j,0.624526
0.582849+0.335441j,-0.816020+0.520807j,0.259032+0.104416j,0.625546
0.582405+0.335836j,-0.816127+0.521175j,0.258858+0.104504j,0.626566
0.581960+0.336231j,-0.816234+0.521543j,0.258685+0.104592j,0.627586
0.581515+0.336626j,-0.816341+0.521912j,0.258511+0.104680j,0.628607
0.581070+0.337020j,-0.816448+0.522281j,0.258337+0.104768j,0.629627
0.580625+0.337413j,-0.816554+0.522650j,0.258164+0.104856j,0.630647
0.580179+0.337806j,-0.816660+0.523019j,0.257990+0.104943j,0.631668
0.579734+0.338199j,-0.816765+0.523388j,0.257817+0.105031j,0.632688
0.579288+0.338591j,-0.816871+0.523758j,0.257643+0.105118j,0.633709
0.578842+0.338982j,-0.816976+0.524127j,0.257470+0.105205j,0.634729
0.578396+0.339373j,-0.817081+0.524497j,0.257296+0.105292j,0.635750
0.577949+0.339764j,-0.817185+0.524867j,0.257123+0.105379j,0.636770
0.577502+0.340154j,-0.817289+0.525237j,0.256949+0.105466j,0.637791
0.577055+0.340544j,-0.817393+0.525608j,0.256776+0.105553j,0.638811
0.576608+0.340933j,-0.817497+0.525978j,0.256603+0.105640j,0.639832
0.576161+0.341322j,-0.817600+0.526349j,0.256430+0.105726j,0.640853
0.575714+0.341710j,-0.817704+0.526720j,0.256256+0.105813j,0.641873
0.575266+0.342098j,-0.817806+0.527091j,0.256083+0.105899j,0.642894
0.574818+0.342485j,-0.817909+0.527463j,0.255910+0.105985j,0.643915
0.574370+0.342872j,-0.818011+0.527834j,0.255737+0.106071j,0.644936
0.573921+0.343258j,-0.818113+0.528206j,0.255564+0.106157j,0.645957
0.573473+0.343644j,-0.818215+0.528578j,0.255391+0.106243j,0.646978
0.573024+0.344029j,-0.818316+0.528950j,0.255218+0.106329j,0.647999
0.572575+0.344414j,-0.818417+0.529322j,0.255045+0.106414j,0.649019
0.572126+0.344798j,-0.818518+0.529695j,0.254872+0.106500j,0.650041
0.571677+0.345182j,-0.818619+0.530067j,0.254699+0.106585j,0.651062
0.571227+0.345566j,-0.818719+0.530440j,0.254526+0.106670j,0.652083
0.570778+0.345948j,-0.818819+0.530813j,0.254353+0.106755j,0.653104
0.570328+0.346331j,-0.818919+0.531186j,0.254180+0.106840j,0.654125
0.569878+0.346713j,-0.819018+0.531560j,0.254007+0.106925j,0.655146
0.569428+0.347094j,-0.819117+0.531933j,0.253835+0.107010j,0.656167
0.568977+0.347475j,-0.819216+0.532307j,0.253662+0.107094j,0.657188
0.568526+0.347856j,-0.819315+0.532681j,0.253489+0.107179j,0.658210
0.568076+0.348236j,-0.819413+0.533055j,0.253317+0.107263j,0.659231
0.567624+0.348615j,-0.819511+0.533429j,0.253144+0.107348j,0.660252
0.567173+0.348994j,-0.819609+0.533804j,0.252972+0.107432j,0.661274
0.566722+0.349373j,-0.819706+0.534178j,0.252799+0.107516j,0.662295
0.566270+0.349751j,-0.819803+0.534553j,0.252627+0.107600j,0.663317
0.565818+0.350128j,-0.819900+0.534928j,0.252454+0.107683j,0.664338
0.565366+0.350505j,-0.819997+0.535303j,0.252282+0.107767j,0.665360
0.564914+0.350882j,-0.820093+0.535679j,0.252109+0.107851j,0.666381
0.564462+0.351258j,-0.820189+0.536054j,0.251937+0.107934j,0.667403
0.564009+0.351634j,-0.820285+0.536430j,0.251765+0.108017j,0.668424
0.563556+0.352009j,-0.820380+0.536806j,0.251593+0.108101j,0.669446
0.563103+0.352383j,-0.820475+0.537182j,0.251420+0.108184j,0.670468
0.562650+0.352758j,-0.820570+0.537558j,0.251248+0.108267j,0.671489
0.562197+0.353131j,-0.820665+0.537935j,0.251076+0.108350j,0.672511
0.561743+0.353504j,-0.820759+0.538311j,0.250904+0.108432j,0.673533
0.561290+0.353877j,-0.820853+0.538688j,0.250732+0.108515j,0.674555
0.560836+0.354249j,-0.820946+0.539065j,0.250560+0.108597j,0.675576
0.560382+0.354621j,-0.821040+0.539443j,0.250388+0.108680j,0.676598
0.559928+0.354992j,-0.821133+0.539820j,0.250216+0.108762j,0.677620
0.559473+0.355363j,-0.821226+0.540198j,0.250044+0.108844j,0.678642
0.559018+0.355733j,-0.821318+0.540575j,0.249872+0.108926j,0.679664
0.558564+0.356103j,-0.821410+0.540953j,0.249700+0.109008j,0.680686
0.558109+0.356472j,-0.821502+0.541331j,0.249528+0.109090j,0.681708
0.557653+0.356841j,-0.821594+0.541710j,0.249357+0.109172j,0.682730
0.557198+0.357210j,-0.821685+0.542088j,0.249185+0.109253j,0.683752
0.556743+0.357578j,-0.821776+0.542467j,0.249013+0.109335j,0.684774
0.556287+0.357945j,-0.821867+0.542846j,0.248842+0.109416j,0.685797
0.555831+0.358312j,-0.821958+0.543225j,0.248670+0.109497j,0.686819
0.555375+0.358678j,-0.822048+0.543604j,0.248498+0.109578j,0.687841
0.554919+0.359044j,-0.822138+0.543983j,0.248327+0.109659j,0.688863
0.554462+0.359410j,-0.822227+0.544363j,0.248155+0.109740j,0.689886
0.554005+0.359774j,-0.822317+0.544743j,0.247984+0.109821j,0.690908
0.553549+0.360139j,-0.822406+0.545123j,0.247813+0.109902j,0.691930
0.553092+0.360503j,-0.822494+0.545503j,0.247641+0.109982j,0.692953
0.552635+0.360866j,-0.822583+0.545883j,0.247470+0.110063j,0.693975
0.552177+0.361229j,-0.822671+0.546264j,0.247299+0.110143j,0.694998
0.551720+0.361592j,-0.822759+0.546645j,0.247127+0.110223j,0.696020
0.551262+0.361954j,-0.822846+0.547025j,0.246956+0.110303j,0.697043
0.550804+0.362316j,-0.822934+0.547407j,0.246785+0.110383j,0.698065
0.550346+0.362677j,-0.823021+0.547788j,0.246614+0.110463j,0.699088
0.549888+0.363037j,-0.823107+0.548169j,0.246443+0.110543j,0.700110
0.549429+0.363397j,-0.823194+0.548551j,0.246272+0.110622j,0.701133
0.548971+0.363757j,-0.823280+0.548933j,0.246101+0.110702j,0.702156
0.548512+0.364116j,-0.823366+0.549315j,0.245930+0.110781j,0.703178
0.548053+0.364475j,-0.823451+0.549697j,0.245759+0.110860j,0.704201
0.547594+0.364833j,-0.823536+0.550079j,0.245588+0.110939j,0.705224
0.547135+0.365190j,-0.823621+0.550462j,0.245417+0.111018j,0.706247
0.546675+0.365548j,-0.823706+0.550845j,0.245246+0.111097j,0.707269
0.546216+0.365904j,-0.823790+0.551227j,0.245075+0.111176j,0.708292
0.545756+0.366261j,-0.823874+0.551611j,0.244905+0.111255j,0.709315
0.545296+0.366616j,-0.823958+0.551994j,0.244734+0.111333j,0.710338
0.544836+0.366971j,-0.824041+0.552377j,0.244563+0.111412j,0.711361
0.544376+0.367326j,-0.824124+0.552761j,0.244393+0.111490j,0.712384
0.543915+0.367680j,-0.824207+0.553145j,0.244222+0.111568j,0.713407
0.543455+0.368034j,-0.824290+0.553529j,0.244052+0.111646j,0.714430
0.542994+0.368388j,-0.824372+0.553913j,0.243881+0.111724j,0.715453
0.542533+0.368740j,-0.824454+0.554297j,0.243711+0.111802j,0.716476
0.542072+0.369093j,-0.824535+0.554682j,0.243540+0.111880j,0.717499
0.541611+0.369445j,-0.824617+0.555067j,0.243370+0.111958j,0.718523
0.541149+0.369796j,-0.824698+0.555452j,0.243199+0.112035j,0.719546
0.540687+0.370147j,-0.824778+0.555837j,0.243029+0.112113j,0.720569
0.540226+0.370497j,-0.824859+0.556222j,0.242859+0.112190j,0.721592
0.539764+0.370847j,-0.824939+0.556608j,0.242689+0.112267j,0.722616
0.539302+0.371196j,-0.825019+0.556993j,0.242519+0.112344j,0.723639
0.538839+0.371545j,-0.825098+0.557379j,0.242348+0.112421j,0.724662
0.538377+0.371894j,-0.825177+0.557765j,0.242178+0.112498j,0.725686
0.537914+0.372242j,-0.825256+0.558151j,0.242008+0.112575j,0.726709
0.537451+0.372589j,-0.825335+0.558538j,0.241838+0.112651j,0.727733
0.536989+0.372936j,-0.825413+0.558925j,0.241668+0.112728j,0.728756
0.536525+0.373283j,-0.825491+0.559311j,0.241499+0.112804j,0.729780
0.536062+0.373629j,-0.825569+0.559698j,0.241329+0.112881j,0.730803
0.535599+0.373974j,-0.825646+0.560085j,0.241159+0.112957j,0.731827
0.535135+0.374319j,-0.825724+0.560473j,0.240989+0.113033j,0.732850
0.534671+0.374664j,-0.825800+0.560860j,0.240819+0.113109j,0.733874
0.534208+0.375008j,-0.825877+0.561248j,0.240650+0.113185j,0.734898
0.533743+0.375352j,-0.825953+0.561636j,0.240480+0.113260j,0.735921
0.533279+0.375695j,-0.826029+0.562024j,0.240310+0.113336j,0.736945
0.532815+0.376037j,-0.826105+0.562412j,0.240141+0.113411j,0.737969
0.532350+0.376379j,-0.826180+0.562801j,0.239971+0.113487j,0.738993
0.531886+0.376721j,-0.826255+0.563189j,0.239802+0.113562j,0.740017
0.531421+0.377062j,-0.826330+0.563578j,0.239632+0.113637j,0.741040
0.530956+0.377403j,-0.826404+0.563967j,0.239463+0.113712j,0.742064
0.530491+0.377743j,-0.826478+0.564356j,0.239294+0.113787j,0.743088
0.530025+0.378083j,-0.826552+0.564746j,0.239124+0.113862j,0.744112
0.529560+0.378422j,-0.826625+0.565135j,0.238955+0.113937j,0.745136
0.529094+0.378761j,-0.826698+0.565525j,0.238786+0.114011j,0.746160
0.528628+0.379099j,-0.826771+0.565915j,0.238617+0.114086j,0.747184
0.528163+0.379437j,-0.826844+0.566305j,0.238447+0.114160j,0.748208
0.527696+0.379774j,-0.826916+0.566695j,0.238278+0.114234j,0.749232
0.527230+0.380111j,-0.826988+0.567086j,0.238109+0.114308j,0.750257
0.526764+0.380447j,-0.827060+0.567477j,0.237940+0.114382j,0.751281
0.526297+0.380783j,-0.827131+0.567867j,0.237771+0.114456j,0.752305
0.525831+0.381118j,-0.827202+0.568258j,0.237602+0.114530j,0.753329
0.525364+0.381453j,-0.827273+0.568650j,0.237434+0.114604j,0.754353
0.524897+0.381787j,-0.827343+0.569041j,0.237265+0.114677j,0.755378
0.524430+0.382121j,-0.827413+0.569433j,0.237096+0.114751j,0.756402
0.523962+0.382455j,-0.827483+0.569824j,0.236927+0.114824j,0.757426
0.523495+0.382788j,-0.827552+0.570216j,0.236759+0.114897j,0.758451
0.523027+0.383120j,-0.827622+0.570609j,0.236590+0.114970j,0.759475
0.522559+0.383452j,-0.827690+0.571001j,0.236421+0.115044j,0.760500
0.522092+0.383783j,-0.827759+0.571393j,0.236253+0.115116j,0.761524
0.521624+0.384114j,-0.827827+0.571786j,0.236084+0.115189j,0.762549
0.521155+0.384445j,-0.827895+0.572179j,0.235916+0.115262j,0.763573
0.520687+0.384775j,-0.827963+0.572572j,0.235747+0.115334j,0.764598
0.520219+0.385104j,-0.828030+0.572965j,0.235579+0.115407j,0.765622
0.519750+0.385433j,-0.828097+0.573359j,0.235411+0.115479j,0.766647
0.519281+0.385762j,-0.828164+0.573753j,0.235242+0.115552j,0.767672
0.518812+0.386090j,-0.828230+0.574146j,0.235074+0.115624j,0.768696
0.518343+0.386418j,-0.828296+0.574540j,0.234906+0.115696j,0.769721
0.517874+0.386745j,-0.828362+0.574935j,0.234738+0.115768j,0.770746
0.517405+0.387071j,-0.828427+0.575329j,0.234569+0.115839j,0.771770
0.516935+0.387397j,-0.828493+0.575723j,0.234401+0.115911j,0.772795
0.516466+0.387723j,-0.828557+0.576118j,0.234233+0.115983j,0.773820
0.515996+0.388048j,-0.828622+0.576513j,0.234065+0.116054j,0.774845
0.515526+0.388373j,-0.828686+0.576908j,0.233897+0.116125j,0.775870
0.515056+0.388697j,-0.828750+0.577304j,0.233730+0.116197j,0.776895
0.514586+0.389021j,-0.828814+0.577699j,0.233562+0.116268j,0.777920
0.514115+0.389344j,-0.828877+0.578095j,0.233394+0.116339j,0.778945
0.513645+0.389667j,-0.828940+0.578491j,0.233226+0.116410j,0.779970
0.513174+0.389989j,-0.829002+0.578887j,0.233058+0.116481j,0.780995
0.512703+0.390310j,-0.829065+0.579283j,0.232891+0.116551j,0.782020
0.512233+0.390632j,-0.829127+0.579679j,0.232723+0.116622j,0.783045
0.511761+0.390953j,-0.829188+0.580076j,0.232556+0.116692j,0.784070
0.511290+0.391273j,-0.829250+0.580473j,0.232388+0.116763j,0.785095
0.510819+0.391593j,-0.829311+0.580870j,0.232221+0.116833j,0.786120
0.510348+0.391912j,-0.829372+0.581267j,0.232053+0.116903j,0.787146
0.509876+0.392231j,-0.829432+0.581664j,0.231886+0.116973j,0.788171
0.509404+0.392549j,-0.829492+0.582062j,0.231718+0.117043j,0.789196
0.508932+0.392867j,-0.829552+0.582460j,0.231551+0.117113j,0.790221
0.508460+0.393184j,-0.829611+0.582858j,0.231384+0.117183j,0.791247
0.507988+0.393501j,-0.829671+0.583256j,0.231217+0.117252j,0.792272
0.507516+0.393818j,-0.829729+0.583654j,0.231049+0.117322j,0.793297
0.507044+0.394134j,-0.829788+0.584052j,0.230882+0.117391j,0.794323
0.506571+0.394449j,-0.829846+0.584451j,0.230715+0.117460j,0.795348
0.506098+0.394764j,-0.829904+0.584850j,0.230548+0.117530j,0.796374
0.505626+0.395078j,-0.829962+0.585249j,0.230381+0.117599j,0.797399
0.505153+0.395392j,-0.830019+0.585648j,0.230214+0.117668j,0.798425
0.504680+0.395706j,-0.830076+0.586048j,0.230048+0.117736j,0.799450
0.504207+0.396019j,-0.830133+0.586447j,0.229881+0.117805j,0.800476
0.503733+0.396332j,-0.830189+0.586847j,0.229714+0.117874j,0.801502
0.503260+0.396644j,-0.830245+0.587247j,0.229547+0.117942j,0.802527
0.502786+0.396955j,-0.830301+0.587647j,0.229380+0.118011j,0.803553
0.502313+0.397266j,-0.830356+0.588048j,0.229214+0.118079j,0.804579
0.501839+0.397577j,-0.830411+0.588448j,0.229047+0.118147j,0.805604
0.501365+0.397887j,-0.830466+0.588849j,0.228881+0.118215j,0.806630
0.500891+0.398197j,-0.830520+0.589250j,0.228714+0.118283j,0.807656
0.500416+0.398506j,-0.830574+0.589651j,0.228548+0.118351j,0.808682
0.499942+0.398814j,-0.830628+0.590052j,0.228381+0.118419j,0.809708
0.499468+0.399122j,-0.830681+0.590454j,0.228215+0.118486j,0.810733
0.498993+0.399430j,-0.830734+0.590855j,0.228049+0.118554j,0.811759
0.498518+0.399737j,-0.830787+0.591257j,0.227882+0.118621j,0.812785
0.498044+0.400044j,-0.830840+0.591659j,0.227716+0.118689j,0.813811
0.497569+0.400350j,-0.830892+0.592062j,0.227550+0.118756j,0.814837
0.497093+0.400656j,-0.830944+0.592464j,0.227384+0.118823j,0.815863
0.496618+0.400961j,-0.830995+0.592867j,0.227218+0.118890j,0.816889
0.496143+0.401266j,-0.831046+0.593269j,0.227052+0.118957j,0.817915
0.495667+0.401570j,-0.831097+0.593672j,0.226886+0.119024j,0.818942
0.495192+0.401874j,-0.831148+0.594076j,0.226720+0.119090j,0.819968
0.494716+0.402178j,-0.831198+0.594479j,0.226554+0.119157j,0.820994
0.494240+0.402480j,-0.831248+0.594882j,0.226388+0.119224j,0.822020
0.493764+0.402783j,-0.831297+0.595286j,0.226222+0.119290j,0.823046
0.493288+0.403085j,-0.831347+0.595690j,0.226057+0.119356j,0.824073
0.492812+0.403386j,-0.831395+0.596094j,0.225891+0.119422j,0.825099
0.492336+0.403687j,-0.831444+0.596499j,0.225725+0.119488j,0.826125
0.491859+0.403987j,-0.831492+0.596903j,0.225560+0.119554j,0.827152
0.491383+0.404287j,-0.831540+0.597308j,0.225394+0.119620j,0.828178
0.490906+0.404587j,-0.831588+0.597713j,0.225229+0.119686j,0.829204
0.490429+0.404886j,-0.831635+0.598118j,0.225063+0.119751j,0.830231
0.489952+0.405184j,-0.831682+0.598523j,0.224898+0.119817j,0.831257
0.489475+0.405482j,-0.831729+0.598928j,0.224732+0.119882j,0.832284
0.488998+0.405780j,-0.831775+0.599334j,0.224567+0.119948j,0.833310
0.488521+0.406077j,-0.831821+0.599740j,0.224402+0.120013j,0.834337
0.488044+0.406373j,-0.831867+0.600146j,0.224237+0.120078j,0.835363
0.487566+0.406669j,-0.831912+0.600552j,0.224071+0.120143j,0.836390
0.487089+0.406965j,-0.831957+0.600959j,0.223906+0.120208j,0.837417
0.486611+0.407260j,-0.832002+0.601365j,0.223741+0.120273j,0.838443
0.486133+0.407555j,-0.832046+0.601772j,0.223576+0.120337j,0.839470
0.485655+0.407849j,-0.832090+0.602179j,0.223411+0.120402j,0.840497
0.485177+0.408143j,-0.832134+0.602586j,0.223246+0.120466j,0.841523
0.484699+0.408436j,-0.832177+0.602993j,0.223082+0.120531j,0.842550
0.484221+0.408728j,-0.832220+0.603401j,0.222917+0.120595j,0.843577
0.483742+0.409021j,-0.832263+0.603809j,0.222752+0.120659j,0.844604
0.483264+0.409312j,-0.832305+0.604217j,0.222587+0.120723j,0.845631
0.482785+0.409604j,-0.832347+0.604625j,0.222423+0.120787j,0.846657
0.482306+0.409894j,-0.832389+0.605033j,0.222258+0.120851j,0.847684
0.481828+0.410185j,-0.832430+0.605441j,0.222093+0.120915j,0.848711
0.481349+0.410474j,-0.832471+0.605850j,0.221929+0.120978j,0.849738
0.480870+0.410764j,-0.832512+0.606259j,0.221764+0.121042j,0.850765
0.480390+0.411053j,-0.832552+0.606668j,0.221600+0.121105j,0.851792
0.479911+0.411341j,-0.832592+0.607077j,0.221436+0.121168j,0.852819
0.479432+0.411629j,-0.832632+0.607487j,0.221271+0.121232j,0.853846
0.478952+0.411916j,-0.832672+0.607896j,0.221107+0.121295j,0.854874
0.478473+0.412203j,-0.832711+0.608306j,0.220943+0.121358j,0.855901
0.477993+0.412489j,-0.832749+0.608716j,0.220779+0.121421j,0.856928
0.477513+0.412775j,-0.832788+0.609126j,0.220615+0.121483j,0.857955
0.477033+0.413061j,-0.832826+0.609537j,0.220450+0.121546j,0.858982
0.476553+0.413346j,-0.832863+0.609947j,0.220286+0.121609j,0.860010
0.476073+0.413630j,-0.832901+0.610358j,0.220122+0.121671j,0.861037
0.475593+0.413914j,-0.832938+0.610769j,0.219959+0.121733j,0.862064
0.475113+0.414198j,-0.832975+0.611180j,0.219795+0.121796j,0.863091
0.474632+0.414481j,-0.833011+0.611592j,0.219631+0.121858j,0.864119
0.474152+0.414763j,-0.833047+0.612003j,0.219467+0.121920j,0.865146
0.473671+0.415045j,-0.833083+0.612415j,0.219303+0.121982j,0.866174
0.473190+0.415327j,-0.833118+0.612827j,0.219140+0.122044j,0.867201
0.472709+0.415608j,-0.833153+0.613239j,0.218976+0.122105j,0.868229
0.472228+0.415889j,-0.833188+0.613651j,0.218813+0.122167j,0.869256
0.471747+0.416169j,-0.833222+0.614064j,0.218649+0.122229j,0.870284
0.471266+0.416449j,-0.833256+0.614476j,0.218486+0.122290j,0.871311
0.470785+0.416728j,-0.833290+0.614889j,0.218322+0.122351j,0.872339
0.470304+0.417006j,-0.833323+0.615302j,0.218159+0.122413j,0.873366
0.469822+0.417285j,-0.833356+0.615716j,0.217995+0.122474j,0.874394
0.469341+0.417562j,-0.833389+0.616129j,0.217832+0.122535j,0.875422
0.468859+0.417840j,-0.833421+0.616543j,0.217669+0.122596j,0.876449
0.468377+0.418116j,-0.833453+0.616957j,0.217506+0.122656j,0.877477
0.467895+0.418393j,-0.833485+0.617371j,0.217343+0.122717j,0.878505
0.467413+0.418668j,-0.833516+0.617785j,0.217180+0.122778j,0.879533
0.466931+0.418944j,-0.833547+0.618199j,0.217017+0.122838j,0.880560
0.466449+0.419219j,-0.833578+0.618614j,0.216854+0.122899j,0.881588
0.465967+0.419493j,-0.833608+0.619029j,0.216691+0.122959j,0.882616
0.465485+0.419767j,-0.833638+0.619444j,0.216528+0.123019j,0.883644
0.465002+0.420040j,-0.833668+0.619859j,0.216365+0.123079j,0.884672
0.464520+0.420313j,-0.833697+0.620274j,0.216202+0.123139j,0.885700
0.464037+0.420586j,-0.833726+0.620690j,0.216040+0.123199j,0.886728
0.463554+0.420857j,-0.833755+0.621106j,0.215877+0.123259j,0.887756
0.463072+0.421129j,-0.833783+0.621522j,0.215714+0.123319j,0.888784
0.462589+0.421400j,-0.833811+0.621938j,0.215552+0.123378j,0.889812
0.462106+0.421670j,-0.833839+0.622354j,0.215389+0.123438j,0.890840
0.461623+0.421940j,-0.833866+0.622771j,0.215227+0.123497j,0.891868
0.461139+0.422210j,-0.833893+0.623188j,0.215065+0.123556j,0.892896
0.460656+0.422479j,-0.833919+0.623605j,0.214902+0.123616j,0.893925
0.460173+0.422748j,-0.833945+0.624022j,0.214740+0.123675j,0.894953
0.459689+0.423016j,-0.833971+0.624439j,0.214578+0.123734j,0.895981
0.459206+0.423283j,-0.833997+0.624857j,0.214416+0.123793j,0.897009
0.458722+0.423551j,-0.834022+0.625274j,0.214253+0.123851j,0.898037
0.458239+0.423817j,-0.834047+0.625692j,0.214091+0.123910j,0.899066
0.457755+0.424083j,-0.834071+0.626110j,0.213929+0.123969j,0.900094
0.457271+0.424349j,-0.834095+0.626529j,0.213767+0.124027j,0.901122
0.456787+0.424614j,-0.834119+0.626947j,0.213605+0.124085j,0.902151
0.456303+0.424879j,-0.834143+0.627366j,0.213444+0.124144j,0.903179
0.455819+0.425143j,-0.834166+0.627785j,0.213282+0.124202j,0.904208
0.455334+0.425407j,-0.834189+0.628204j,0.213120+0.124260j,0.905236
0.454850+0.425670j,-0.834211+0.628623j,0.212958+0.124318j,0.906265
0.454366+0.425933j,-0.834233+0.629043j,0.212797+0.124376j,0.907293
0.453881+0.426196j,-0.834255+0.629462j,0.212635+0.124434j,0.908322
0.453397+0.426457j,-0.834276+0.629882j,0.212473+0.124491j,0.909350
0.452912+0.426719j,-0.834297+0.630302j,0.212312+0.124549j,0.910379
0.452427+0.426980j,-0.834318+0.630723j,0.212150+0.124606j,0.911408
0.451942+0.427240j,-0.834338+0.631143j,0.211989+0.124664j,0.912436
0.451458+0.427500j,-0.834358+0.631564j,0.211828+0.124721j,0.913465
0.450973+0.427760j,-0.834378+0.631985j,0.211666+0.124778j,0.914494
0.450488+0.428018j,-0.834397+0.632406j,0.211505+0.124835j,0.915522
0.450002+0.428277j,-0.834416+0.632827j,0.211344+0.124892j,0.916551
0.449517+0.428535j,-0.834435+0.633248j,0.211183+0.124949j,0.917580
0.449032+0.428793j,-0.834453+0.633670j,0.211022+0.125006j,0.918609
0.448546+0.429050j,-0.834471+0.634092j,0.210861+0.125063j,0.919638
0.448061+0.429306j,-0.834488+0.634514j,0.210700+0.125119j,0.920667
0.447575+0.429562j,-0.834505+0.634936j,0.210539+0.125176j,0.921696
0.447090+0.429818j,-0.834522+0.635359j,0.210378+0.125232j,0.922725
0.446604+0.430073j,-0.834539+0.635781j,0.210217+0.125288j,0.923753
0.446118+0.430328j,-0.834555+0.636204j,0.210056+0.125345j,0.924782
0.445632+0.430582j,-0.834571+0.636627j,0.209896+0.125401j,0.925812
0.445146+0.430836j,-0.834586+0.637050j,0.209735+0.125457j,0.926841
0.444660+0.431089j,-0.834601+0.637474j,0.209574+0.125512j,0.927870
0.444174+0.431342j,-0.834616+0.637897j,0.209414+0.125568j,0.928899
0.443688+0.431594j,-0.834630+0.638321j,0.209253+0.125624j,0.929928
0.443202+0.431846j,-0.834644+0.638745j,0.209093+0.125680j,0.930957
0.442715+0.432097j,-0.834658+0.639170j,0.208932+0.125735j,0.931986
0.442229+0.432348j,-0.834671+0.639594j,0.208772+0.125790j,0.933015
0.441743+0.432598j,-0.834684+0.640019j,0.208612+0.125846j,0.934045
0.441256+0.432848j,-0.834697+0.640443j,0.208452+0.125901j,0.935074
0.440769+0.433097j,-0.834709+0.640868j,0.208291+0.125956j,0.936103
0.440283+0.433346j,-0.834721+0.641294j,0.208131+0.126011j,0.937133
0.439796+0.433595j,-0.834732+0.641719j,0.207971+0.126066j,0.938162
0.439309+0.433843j,-0.834743+0.642145j,0.207811+0.126121j,0.939191
0.438822+0.434090j,-0.834754+0.642571j,0.207651+0.126175j,0.940221
0.438335+0.434337j,-0.834765+0.642997j,0.207491+0.126230j,0.941250
0.437848+0.434584j,-0.834775+0.643423j,0.207331+0.126285j,0.942280
0.437361+0.434830j,-0.834785+0.643849j,0.207172+0.126339j,0.943309
0.436874+0.435075j,-0.834794+0.644276j,0.207012+0.126393j,0.944339
0.436386+0.435321j,-0.834803+0.644703j,0.206852+0.126448j,0.945368
0.435899+0.435565j,-0.834812+0.645130j,0.206693+0.126502j,0.946398
0.435412+0.435809j,-0.834820+0.645557j,0.206533+0.126556j,0.947427
0.434924+0.436053j,-0.834828+0.645984j,0.206373+0.126610j,0.948457
0.434437+0.436296j,-0.834835+0.646412j,0.206214+0.126664j,0.949487
0.433949+0.436539j,-0.834843+0.646840j,0.206054+0.126717j,0.950516
0.433461+0.436781j,-0.834850+0.647268j,0.205895+0.126771j,0.951546
0.432974+0.437023j,-0.834856+0.647696j,0.205736+0.126824j,0.952576
0.432486+0.437264j,-0.834862+0.648124j,0.205577+0.126878j,0.953606
0.431998+0.437505j,-0.834868+0.648553j,0.205417+0.126931j,0.954635
0.431510+0.437745j,-0.834873+0.648982j,0.205258+0.126985j,0.955665
0.431022+0.437985j,-0.834879+0.649411j,0.205099+0.127038j,0.956695
0.430534+0.438225j,-0.834883+0.649840j,0.204940+0.127091j,0.957725
0.430046+0.438463j,-0.834888+0.650270j,0.204781+0.127144j,0.958755
0.429558+0.438702j,-0.834892+0.650699j,0.204622+0.127197j,0.959785
0.429069+0.438940j,-0.834895+0.651129j,0.204463+0.127249j,0.960815
0.428581+0.439177j,-0.834898+0.651559j,0.204304+0.127302j,0.961845
0.428093+0.439414j,-0.834901+0.651989j,0.204146+0.127355j,0.962875
0.427604+0.439651j,-0.834904+0.652420j,0.203987+0.127407j,0.963905
0.427116+0.439887j,-0.834906+0.652850j,0.203828+0.127459j,0.964935
0.426627+0.440122j,-0.834908+0.653281j,0.203670+0.127512j,0.965965
0.426138+0.440358j,-0.834909+0.653712j,0.203511+0.127564j,0.966995
0.425650+0.440592j,-0.834910+0.654144j,0.203352+0.127616j,0.968025
0.425161+0.440826j,-0.834911+0.654575j,0.203194+0.127668j,0.969055
0.424672+0.441060j,-0.834911+0.655007j,0.203036+0.127720j,0.970086
0.424183+0.441293j,-0.834911+0.655439j,0.202877+0.127772j,0.971116
0.423694+0.441526j,-0.834911+0.655871j,0.202719+0.127824j,0.972146
0.423205+0.441758j,-0.834910+0.656303j,0.202561+0.127875j,0.973176
0.422716+0.441990j,-0.834909+0.656735j,0.202403+0.127927j,0.974207
0.422227+0.442221j,-0.834907+0.657168j,0.202244+0.127978j,0.975237
0.421738+0.442452j,-0.834906+0.657601j,0.202086+0.128030j,0.976267
0.421249+0.442682j,-0.834903+0.658034j,0.201928+0.128081j,0.977298
0.420759+0.442912j,-0.834901+0.658467j,0.201770+0.128132j,0.978328
0.420270+0.443142j,-0.834898+0.658901j,0.201612+0.128183j,0.979359
0.419780+0.443370j,-0.834894+0.659335j,0.201455+0.128234j,0.980389
0.419291+0.443599j,-0.834891+0.659768j,0.201297+0.128285j,0.981420
0.418802+0.443827j,-0.834887+0.660203j,0.201139+0.128336j,0.982450
0.418312+0.444054j,-0.834882+0.660637j,0.200981+0.128386j,0.983481
0.417822+0.444281j,-0.834877+0.661071j,0.200824+0.128437j,0.984511
0.417333+0.444508j,-0.834872+0.661506j,0.200666+0.128487j,0.985542
0.416843+0.444734j,-0.834867+0.661941j,0.200509+0.128538j,0.986573
0.416353+0.444960j,-0.834861+0.662376j,0.200351+0.128588j,0.987603
0.415863+0.445185j,-0.834854+0.662812j,0.200194+0.128638j,0.988634
0.415373+0.445409j,-0.834848+0.663247j,0.200036+0.128688j,0.989665
0.414883+0.445633j,-0.834841+0.663683j,0.199879+0.128738j,0.990695
0.414393+0.445857j,-0.834833+0.664119j,0.199722+0.128788j,0.991726
0.413903+0.446080j,-0.834825+0.664555j,0.199565+0.128838j,0.992757
0.413413+0.446303j,-0.834817+0.664991j,0.199408+0.128888j,0.993788
0.412923+0.446525j,-0.834809+0.665428j,0.199250+0.128938j,0.994819
0.412433+0.446747j,-0.834800+0.665865j,0.199093+0.128987j,0.995850
0.411943+0.446969j,-0.834791+0.666302j,0.198936+0.129037j,0.996881
0.411452+0.447189j,-0.834781+0.666739j,0.198780+0.129086j,0.997912
0.410962+0.447410j,-0.834771+0.667177j,0.198623+0.129135j,0.998943
0.410472+0.447630j,-0.834760+0.667614j,0.198466+0.129184j,0.999974
0.409981+0.447849j,-0.834750+0.668052j,0.198309+0.129234j,1.001005
0.409491+0.448068j,-0.834738+0.668490j,0.198152+0.129283j,1.002036
0.409000+0.448287j,-0.834727+0.668928j,0.197996+0.129331j,1.003067
0.408510+0.448505j,-0.834715+0.669367j,0.197839+0.129380j,1.004098
0.408019+0.448722j,-0.834703+0.669805j,0.197683+0.129429j,1.005129
0.407528+0.448939j,-0.834690+0.670244j,0.197526+0.129478j,1.006160
0.407038+0.449156j,-0.834677+0.670683j,0.197370+0.129526j,1.007191
0.406547+0.449372j,-0.834664+0.671123j,0.197214+0.129575j,1.008223
0.406056+0.449588j,-0.834650+0.671562j,0.197057+0.129623j,1.009254
0.405565+0.449803j,-0.834636+0.672002j,0.196901+0.129671j,1.010285
0.405074+0.450017j,-0.834621+0.672442j,0.196745+0.129719j,1.011316
0.404584+0.450232j,-0.834606+0.672882j,0.196589+0.129767j,1.012348
0.404093+0.450445j,-0.834591+0.673322j,0.196433+0.129815j,1.013379
0.403602+0.450659j,-0.834575+0.673763j,0.196277+0.129863j,1.014410
0.403110+0.450872j,-0.834559+0.674204j,0.196121+0.129911j,1.015442
0.402619+0.451084j,-0.834542+0.674645j,0.195965+0.129959j,1.016473
0.402128+0.451296j,-0.834526+0.675086j,0.195809+0.130006j,1.017505
0.401637+0.451507j,-0.834508+0.675527j,0.195653+0.130054j,1.018536
0.401146+0.451718j,-0.834491+0.675969j,0.195497+0.130101j,1.019568
0.400655+0.451929j,-0.834473+0.676411j,0.195342+0.130149j,1.020599
0.400163+0.452139j,-0.834454+0.676853j,0.195186+0.130196j,1.021631
0.399672+0.452348j,-0.834435+0.677295j,0.195030+0.130243j,1.022663
0.399181+0.452557j,-0.834416+0.677738j,0.194875+0.130290j,1.023694
0.398689+0.452766j,-0.834397+0.678180j,0.194719+0.130337j,1.024726
0.398198+0.452974j,-0.834377+0.678623j,0.194564+0.130384j,1.025758
0.397706+0.453181j,-0.834357+0.679066j,0.194409+0.130431j,1.026789
0.397215+0.453389j,-0.834336+0.679510j,0.194253+0.130478j,1.027821
0.396723+0.453595j,-0.834315+0.679953j,0.194098+0.130524j,1.028853
0.396232+0.453802j,-0.834293+0.680397j,0.193943+0.130571j,1.029885
0.395740+0.454007j,-0.834271+0.680841j,0.193788+0.130617j,1.030916
0.395248+0.454213j,-0.834249+0.681285j,0.193633+0.130664j,1.031948
0.394757+0.454417j,-0.834227+0.681729j,0.193478+0.130710j,1.032980
0.394265+0.454622j,-0.834204+0.682174j,0.193323+0.130756j,1.034012
0.393773+0.454826j,-0.834180+0.682619j,0.193168+0.130802j,1.035044
0.393281+0.455029j,-0.834156+0.683064j,0.193013+0.130848j,1.036076
0.392789+0.455232j,-0.834132+0.683509j,0.192858+0.130894j,1.037108
0.392298+0.455434j,-0.834108+0.683954j,0.192704+0.130940j,1.038140
0.391806+0.455636j,-0.834083+0.684400j,0.192549+0.130986j,1.039172
0.391314+0.455838j,-0.834057+0.684846j,0.192394+0.131031j,1.040204
0.390822+0.456039j,-0.834032+0.685292j,0.192240+0.131077j,1.041236
0.390330+0.456240j,-0.834006+0.685738j,0.192085+0.131122j,1.042269
0.389838+0.456440j,-0.833979+0.686185j,0.191931+0.131167j,1.043301
0.389346+0.456639j,-0.833952+0.686632j,0.191776+0.131213j,1.044333
0.388854+0.456839j,-0.833925+0.687079j,0.191622+0.131258j,1.045365
0.388361+0.457037j,-0.833897+0.687526j,0.191468+0.131303j,1.046397
0.387869+0.457235j,-0.833869+0.687973j,0.191314+0.131348j,1.047430
0.387377+0.457433j,-0.833841+0.688421j,0.191159+0.131393j,1.048462
0.386885+0.457631j,-0.833812+0.688869j,0.191005+0.131438j,1.049494
0.386393+0.457827j,-0.833782+0.689317j,0.190851+0.131482j,1.050527
0.385900+0.458024j,-0.833753+0.689765j,0.190697+0.131527j,1.051559
0.385408+0.458220j,-0.833723+0.690213j,0.190543+0.131572j,1.052591
0.384916+0.458415j,-0.833692+0.690662j,0.190389+0.131616j,1.053624
0.384423+0.458610j,-0.833661+0.691111j,0.190236+0.131661j,1.054656
0.383931+0.458805j,-0.833630+0.691560j,0.190082+0.131705j,1.055689
0.383439+0.458999j,-0.833599+0.692009j,0.189928+0.131749j,1.056721
0.382946+0.459192j,-0.833566+0.692459j,0.189775+0.131793j,1.057754
0.382454+0.459385j,-0.833534+0.692909j,0.189621+0.131837j,1.058787
0.381961+0.459578j,-0.833501+0.693359j,0.189467+0.131881j,1.059819
0.381469+0.459770j,-0.833468+0.693809j,0.189314+0.131925j,1.060852
0.380976+0.459962j,-0.833434+0.694260j,0.189160+0.131969j,1.061885
0.380484+0.460153j,-0.833400+0.694710j,0.189007+0.132012j,1.062917
0.379991+0.460344j,-0.833366+0.695161j,0.188854+0.132056j,1.063950
0.379499+0.460534j,-0.833331+0.695612j,0.188701+0.132099j,1.064983
0.379006+0.460724j,-0.833296+0.696064j,0.188547+0.132143j,1.066016
0.378513+0.460913j,-0.833260+0.696515j,0.188394+0.132186j,1.067048
0.378021+0.461102j,-0.833224+0.696967j,0.188241+0.132229j,1.068081
0.377528+0.461291j,-0.833188+0.697419j,0.188088+0.132273j,1.069114
0.377035+0.461479j,-0.833151+0.697871j,0.187935+0.132316j,1.070147
0.376543+0.461666j,-0.833114+0.698323j,0.187782+0.132359j,1.071180
0.376050+0.461853j,-0.833076+0.698776j,0.187629+0.132402j,1.072213
0.375557+0.462040j,-0.833038+0.699229j,0.187477+0.132444j,1.073246
0.375064+0.462226j,-0.833000+0.699682j,0.187324+0.132487j,1.074279
0.374572+0.462411j,-0.832961+0.700135j,0.187171+0.132530j,1.075312
0.374079+0.462597j,-0.832922+0.700589j,0.187019+0.132572j,1.076345
0.373586+0.462781j,-0.832882+0.701043j,0.186866+0.132615j,1.077378
0.373093+0.462965j,-0.832842+0.701497j,0.186714+0.132657j,1.078411
0.372600+0.463149j,-0.832802+0.701951j,0.186561+0.132699j,1.079444
0.372107+0.463333j,-0.832761+0.702405j,0.186409+0.132741j,1.080478
0.371614+0.463515j,-0.832720+0.702860j,0.186256+0.132784j,1.081511
0.371122+0.463698j,-0.832678+0.703315j,0.186104+0.132826j,1.082544
0.370629+0.463880j,-0.832636+0.703770j,0.185952+0.132868j,1.083577
0.370136+0.464061j,-0.832593+0.704225j,0.185800+0.132909j,1.084611
0.369643+0.464242j,-0.832550+0.704681j,0.185648+0.132951j,1.085644
0.369150+0.464423j,-0.832507+0.705137j,0.185496+0.132993j,1.086677
0.368657+0.464603j,-0.832463+0.705593j,0.185344+0.133034j,1.087711
0.368164+0.464782j,-0.832419+0.706049j,0.185192+0.133076j,1.088744
0.367671+0.464961j,-0.832375+0.706505j,0.185040+0.133117j,1.089778
0.367178+0.465140j,-0.832330+0.706962j,0.184888+0.133159j,1.090811
0.366685+0.465318j,-0.832285+0.707419j,0.184736+0.133200j,1.091845
0.366192+0.465496j,-0.832239+0.707876j,0.184584+0.133241j,1.092878
0.365699+0.465673j,-0.832193+0.708333j,0.184433+0.133282j,1.093912
0.365206+0.465850j,-0.832146+0.708791j,0.184281+0.133323j,1.094945
0.364712+0.466026j,-0.832099+0.709249j,0.184130+0.133364j,1.095979
0.364219+0.466202j,-0.832052+0.709707j,0.183978+0.133405j,1.097012
0.363726+0.466378j,-0.832004+0.710165j,0.183827+0.133446j,1.098046
0.363233+0.466553j,-0.831956+0.710623j,0.183675+0.133486j,1.099080
0.362740+0.466727j,-0.831907+0.711082j,0.183524+0.133527j,1.100114
0.362247+0.466901j,-0.831858+0.711541j,0.183373+0.133567j,1.101147
0.361754+0.467075j,-0.831809+0.712000j,0.183222+0.133608j,1.102181
0.361261+0.467248j,-0.831759+0.712460j,0.183071+0.133648j,1.103215
0.360768+0.467421j,-0.831708+0.712919j,0.182920+0.133688j,1.104249
0.360274+0.467593j,-0.831658+0.713379j,0.182769+0.133728j,1.105283
0.359781+0.467764j,-0.831607+0.713839j,0.182618+0.133768j,1.106317
0.359288+0.467936j,-0.831555+0.714300j,0.182467+0.133808j,1.107351
0.358795+0.468106j,-0.831503+0.714760j,0.182316+0.133848j,1.108385
0.358302+0.468277j,-0.831451+0.715221j,0.182165+0.133888j,1.109419
0.357809+0.468447j,-0.831398+0.715682j,0.182014+0.133928j,1.110453
0.357315+0.468616j,-0.831345+0.716143j,0.181864+0.133967j,1.111487
0.356822+0.468785j,-0.831291+0.716605j,0.181713+0.134007j,1.112521
0.356329+0.468954j,-0.831237+0.717066j,0.181563+0.134046j,1.113555
0.355836+0.469122j,-0.831183+0.717528j,0.181412+0.134086j,1.114589
0.355343+0.469289j,-0.831128+0.717990j,0.181262+0.134125j,1.115623
0.354849+0.469456j,-0.831072+0.718453j,0.181111+0.134164j,1.116657
0.354356+0.469623j,-0.831017+0.718915j,0.180961+0.134203j,1.117692
0.353863+0.469789j,-0.830961+0.719378j,0.180811+0.134242j,1.118726
0.353370+0.469955j,-0.830904+0.719841j,0.180661+0.134281j,1.119760
0.352876+0.470120j,-0.830847+0.720305j,0.180510+0.134320j,1.120794
0.352383+0.470285j,-0.830790+0.720768j,0.180360+0.134359j,1.121829
0.351890+0.470449j,-0.830732+0.721232j,0.180210+0.134398j,1.122863
0.351397+0.470613j,-0.830674+0.721696j,0.180060+0.134436j,1.123898
0.350904+0.470777j,-0.830615+0.722160j,0.179910+0.134475j,1.124932
0.350410+0.470939j,-0.830556+0.722625j,0.179761+0.134513j,1.125967
0.349917+0.471102j,-0.830496+0.723089j,0.179611+0.134552j,1.127001
0.349424+0.471264j,-0.830436+0.723554j,0.179461+0.134590j,1.128036
0.348931+0.471426j,-0.830376+0.724020j,0.179311+0.134628j,1.129070
0.348438+0.471587j,-0.830315+0.724485j,0.179162+0.134666j,1.130105
0.347944+0.471747j,-0.830254+0.724951j,0.179012+0.134705j,1.131139
0.347451+0.471908j,-0.830192+0.725417j,0.178863+0.134742j,1.132174
0.346958+0.472067j,-0.830130+0.725883j,0.178713+0.134780j,1.133209
0.346465+0.472227j,-0.830068+0.726349j,0.178564+0.134818j,1.134243
0.345972+0.472386j,-0.830005+0.726816j,0.178415+0.134856j,1.135278
0.345478+0.472544j,-0.829941+0.727282j,0.178265+0.134894j,1.136313
0.344985+0.472702j,-0.829878+0.727750j,0.178116+0.134931j,1.137348
0.344492+0.472859j,-0.829813+0.728217j,0.177967+0.134969j,1.138383
0.343999+0.473016j,-0.829749+0.728684j,0.177818+0.135006j,1.139417
0.343506+0.473173j,-0.829684+0.729152j,0.177669+0.135043j,1.140452
0.343013+0.473329j,-0.829618+0.729620j,0.177520+0.135080j,1.141487
0.342519+0.473485j,-0.829552+0.730088j,0.177371+0.135118j,1.142522
0.342026+0.473640j,-0.829486+0.730557j,0.177222+0.135155j,1.143557
0.341533+0.473794j,-0.829419+0.731026j,0.177073+0.135192j,1.144592
0.341040+0.473949j,-0.829352+0.731495j,0.176924+0.135229j,1.145627
0.340547+0.474102j,-0.829284+0.731964j,0.176776+0.135265j,1.146662
0.340054+0.474256j,-0.829216+0.732433j,0.176627+0.135302j,1.147697
0.339561+0.474409j,-0.829147+0.732903j,0.176479+0.135339j,1.148733
0.339068+0.474561j,-0.829078+0.733373j,0.176330+0.135375j,1.149768
0.338574+0.474713j,-0.829009+0.733843j,0.176182+0.135412j,1.150803
0.338081+0.474865j,-0.828939+0.734314j,0.176033+0.135448j,1.151838
0.337588+0.475016j,-0.828869+0.734784j,0.175885+0.135485j,1.152873
0.337095+0.475166j,-0.828798+0.735255j,0.175737+0.135521j,1.153909
0.336602+0.475316j,-0.828727+0.735726j,0.175588+0.135557j,1.154944
0.336109+0.475466j,-0.828655+0.736198j,0.175440+0.135593j,1.155979
0.335616+0.475615j,-0.828583+0.736669j,0.175292+0.135629j,1.157015
0.335123+0.475764j,-0.828511+0.737141j,0.175144+0.135665j,1.158050
0.334630+0.475912j,-0.828438+0.737613j,0.174996+0.135701j,1.159086
0.334137+0.476060j,-0.828364+0.738086j,0.174848+0.135737j,1.160121
0.333644+0.476208j,-0.828291+0.738558j,0.174700+0.135772j,1.161157
0.333151+0.476355j,-0.828216+0.739031j,0.174552+0.135808j,1.162192
0.332658+0.476501j,-0.828142+0.739504j,0.174405+0.135844j,1.163228
0.332165+0.476647j,-0.828066+0.739978j,0.174257+0.135879j,1.164263
0.331673+0.476793j,-0.827991+0.740451j,0.174109+0.135914j,1.165299
0.331180+0.476938j,-0.827915+0.740925j,0.173962+0.135950j,1.166335
0.330687+0.477083j,-0.827838+0.741399j,0.173814+0.135985j,1.167370
0.330194+0.477227j,-0.827761+0.741873j,0.173667+0.136020j,1.168406
0.329701+0.477371j,-0.827684+0.742348j,0.173519+0.136055j,1.169442
0.329208+0.477514j,-0.827606+0.742823j,0.173372+0.136090j,1.170477
0.328715+0.477657j,-0.827528+0.743298j,0.173225+0.136125j,1.171513
0.328223+0.477799j,-0.827449+0.743773j,0.173078+0.136160j,1.172549
0.327730+0.477941j,-0.827370+0.744249j,0.172930+0.136194j,1.173585
0.327237+0.478083j,-0.827291+0.744725j,0.172783+0.136229j,1.174621
0.326744+0.478224j,-0.827211+0.745201j,0.172636+0.136264j,1.175657
0.326252+0.478364j,-0.827130+0.745677j,0.172489+0.136298j,1.176693
0.325759+0.478505j,-0.827049+0.746153j,0.172342+0.136333j,1.177729
0.325266+0.478644j,-0.826968+0.746630j,0.172195+0.136367j,1.178765
0.324774+0.478784j,-0.826886+0.747107j,0.172049+0.136401j,1.179801
0.324281+0.478922j,-0.826804+0.747585j,0.171902+0.136435j,1.180837
0.323788+0.479061j,-0.826721+0.748062j,0.171755+0.136469j,1.181873
0.323296+0.479199j,-0.826638+0.748540j,0.171609+0.136503j,1.182909
0.322803+0.479336j,-0.826554+0.749018j,0.171462+0.136537j,1.183946
0.322311+0.479473j,-0.826470+0.749496j,0.171315+0.136571j,1.184982
0.321818+0.479610j,-0.826386+0.749975j,0.171169+0.136605j,1.186018
0.321326+0.479746j,-0.826301+0.750454j,0.171023+0.136639j,1.187054
0.320833+0.479881j,-0.826215+0.750933j,0.170876+0.136672j,1.188091
0.320341+0.480016j,-0.826129+0.751412j,0.170730+0.136706j,1.189127
0.319848+0.480151j,-0.826043+0.751891j,0.170584+0.136739j,1.190163
0.319356+0.480285j,-0.825956+0.752371j,0.170438+0.136773j,1.191200
0.318864+0.480419j,-0.825869+0.752851j,0.170291+0.136806j,1.192236
0.318371+0.480553j,-0.825781+0.753332j,0.170145+0.136839j,1.193273
0.317879+0.480686j,-0.825693+0.753812j,0.169999+0.136872j,1.194309
0.317387+0.480818j,-0.825604+0.754293j,0.169854+0.136906j,1.195346
0.316894+0.480950j,-0.825515+0.754774j,0.169708+0.136939j,1.196382
0.316402+0.481082j,-0.825426+0.755255j,0.169562+0.136971j,1.197419
0.315910+0.481213j,-0.825336+0.755737j,0.169416+0.137004j,1.198456
0.315418+0.481343j,-0.825245+0.756219j,0.169270+0.137037j,1.199492
0.314925+0.481474j,-0.825154+0.756701j,0.169125+0.137070j,1.200529
0.314433+0.481603j,-0.825063+0.757183j,0.168979+0.137102j,1.201566
0.313941+0.481733j,-0.824971+0.757666j,0.168834+0.137135j,1.202603
0.313449+0.481862j,-0.824879+0.758149j,0.168688+0.137167j,1.203639
0.312957+0.481990j,-0.824786+0.758632j,0.168543+0.137200j,1.204676
0.312465+0.482118j,-0.824693+0.759115j,0.168397+0.137232j,1.205713
0.311973+0.482246j,-0.824599+0.759599j,0.168252+0.137264j,1.206750
0.311481+0.482373j,-0.824505+0.760083j,0.168107+0.137297j,1.207787
0.310989+0.482499j,-0.824410+0.760567j,0.167962+0.137329j,1.208824
0.310497+0.482626j,-0.824315+0.761051j,0.167817+0.137361j,1.209861
0.310005+0.482751j,-0.824219+0.761536j,0.167672+0.137393j,1.210898
0.309514+0.482877j,-0.824123+0.762021j,0.167527+0.137424j,1.211935
0.309022+0.483001j,-0.824027+0.762506j,0.167382+0.137456j,1.212972
0.308530+0.483126j,-0.823930+0.762992j,0.167237+0.137488j,1.214009
0.308038+0.483250j,-0.823832+0.763477j,0.167092+0.137519j,1.215046
0.307547+0.483373j,-0.823734+0.763963j,0.166947+0.137551j,1.216084
0.307055+0.483496j,-0.823636+0.764450j,0.166802+0.137582j,1.217121
0.306563+0.483619j,-0.823537+0.764936j,0.166658+0.137614j,1.218158
0.306072+0.483741j,-0.823438+0.765423j,0.166513+0.137645j,1.219195
0.305580+0.483863j,-0.823338+0.765910j,0.166369+0.137676j,1.220233
0.305089+0.483984j,-0.823238+0.766397j,0.166224+0.137708j,1.221270
0.304597+0.484105j,-0.823137+0.766885j,0.166080+0.137739j,1.222308
0.304106+0.484225j,-0.823036+0.767372j,0.165935+0.137770j,1.223345
0.303614+0.484345j,-0.822934+0.767861j,0.165791+0.137801j,1.224382
0.303123+0.484465j,-0.822832+0.768349j,0.165647+0.137832j,1.225420
0.302631+0.484584j,-0.822729+0.768838j,0.165503+0.137862j,1.226458
0.302140+0.484702j,-0.822626+0.769326j,0.165359+0.137893j,1.227495
0.301649+0.484820j,-0.822523+0.769816j,0.165215+0.137924j,1.228533
0.301158+0.484938j,-0.822419+0.770305j,0.165071+0.137954j,1.229570
0.300666+0.485055j,-0.822314+0.770795j,0.164927+0.137985j,1.230608
0.300175+0.485172j,-0.822209+0.771285j,0.164783+0.138015j,1.231646
0.299684+0.485289j,-0.822104+0.771775j,0.164639+0.138045j,1.232683
0.299193+0.485404j,-0.821998+0.772265j,0.164495+0.138076j,1.233721
0.298702+0.485520j,-0.821891+0.772756j,0.164352+0.138106j,1.234759
0.298211+0.485635j,-0.821784+0.773247j,0.164208+0.138136j,1.235797
0.297720+0.485750j,-0.821677+0.773738j,0.164064+0.138166j,1.236835
0.297229+0.485864j,-0.821569+0.774230j,0.163921+0.138196j,1.237873
0.296738+0.485977j,-0.821460+0.774722j,0.163777+0.138226j,1.238911
0.296247+0.486091j,-0.821352+0.775214j,0.163634+0.138256j,1.239949
0.295757+0.486203j,-0.821242+0.775706j,0.163491+0.138285j,1.240987
0.295266+0.486316j,-0.821132+0.776199j,0.163347+0.138315j,1.242025
0.294775+0.486428j,-0.821022+0.776692j,0.163204+0.138345j,1.243063
0.294284+0.486539j,-0.820911+0.777185j,0.163061+0.138374j,1.244101
0.293794+0.486650j,-0.820800+0.777678j,0.162918+0.138404j,1.245139
0.293303+0.486761j,-0.820688+0.778172j,0.162775+0.138433j,1.246177
0.292813+0.486871j,-0.820576+0.778666j,0.162632+0.138462j,1.247216
0.292322+0.486981j,-0.820463+0.779160j,0.162489+0.138492j,1.248254
0.291832+0.487090j,-0.820350+0.779655j,0.162346+0.138521j,1.249292
0.291341+0.487199j,-0.820236+0.780150j,0.162203+0.138550j,1.250330
0.290851+0.487307j,-0.820122+0.780645j,0.162060+0.138579j,1.251369
0.290361+0.487415j,-0.820007+0.781140j,0.161918+0.138608j,1.252407
0.289870+0.487523j,-0.819892+0.781636j,0.161775+0.138637j,1.253446
0.289380+0.487630j,-0.819776+0.782132j,0.161632+0.138665j,1.254484
0.288890+0.487736j,-0.819660+0.782628j,0.161490+0.138694j,1.255523
0.288400+0.487842j,-0.819543+0.783124j,0.161347+0.138723j,1.256561
0.287910+0.487948j,-0.819426+0.783621j,0.161205+0.138751j,1.257600
0.287420+0.488053j,-0.819309+0.784118j,0.161063+0.138780j,1.258638
0.286930+0.488158j,-0.819190+0.784615j,0.160920+0.138808j,1.259677
0.286440+0.488263j,-0.819072+0.785113j,0.160778+0.138837j,1.260716
0.285950+0.488367j,-0.818953+0.785611j,0.160636+0.138865j,1.261754
0.285460+0.488470j,-0.818833+0.786109j,0.160494+0.138893j,1.262793
0.284971+0.488573j,-0.818713+0.786607j,0.160352+0.138921j,1.263832
0.284481+0.488676j,-0.818592+0.787106j,0.160210+0.138949j,1.264871
0.283991+0.488778j,-0.818471+0.787605j,0.160068+0.138977j,1.265910
0.283501+0.488880j,-0.818349+0.788104j,0.159926+0.139005j,1.266949
0.283012+0.488981j,-0.818227+0.788604j,0.159784+0.139033j,1.267988
0.282522+0.489082j,-0.818104+0.789103j,0.159642+0.139061j,1.269027
0.282033+0.489183j,-0.817981+0.789604j,0.159501+0.139088j,1.270066
0.281544+0.489283j,-0.817858+0.790104j,0.159359+0.139116j,1.271105
0.281054+0.489382j,-0.817734+0.790605j,0.159217+0.139143j,1.272144
0.280565+0.489481j,-0.817609+0.791106j,0.159076+0.139171j,1.273183
0.280076+0.489580j,-0.817484+0.791607j,0.158934+0.139198j,1.274222
0.279586+0.489678j,-0.817358+0.792108j,0.158793+0.139226j,1.275261
0.279097+0.489776j,-0.817232+0.792610j,0.158652+0.139253j,1.276300
0.278608+0.489874j,-0.817105+0.793112j,0.158510+0.139280j,1.277340
0.278119+0.489970j,-0.816978+0.793615j,0.158369+0.139307j,1.278379
0.277630+0.490067j,-0.816850+0.794117j,0.158228+0.139334j,1.279418
0.277141+0.490163j,-0.816722+0.794620j,0.158087+0.139361j,1.280458
0.276652+0.490259j,-0.816593+0.795123j,0.157946+0.139388j,1.281497
0.276163+0.490354j,-0.816464+0.795627j,0.157805+0.139415j,1.282537
0.275675+0.490449j,-0.816334+0.796131j,0.157664+0.139442j,1.283576
0.275186+0.490543j,-0.816204+0.796635j,0.157523+0.139468j,1.284616
0.274697+0.490637j,-0.816073+0.797139j,0.157382+0.139495j,1.285655
0.274209+0.490730j,-0.815942+0.797644j,0.157242+0.139522j,1.286695
0.273720+0.490823j,-0.815810+0.798149j,0.157101+0.139548j,1.287734
0.273232+0.490916j,-0.815678+0.798654j,0.156960+0.139574j,1.288774
0.272743+0.491008j,-0.815545+0.799160j,0.156820+0.139601j,1.289814
0.272255+0.491100j,-0.815412+0.799666j,0.156679+0.139627j,1.290854
0.271767+0.491191j,-0.815278+0.800172j,0.156539+0.139653j,1.291893
0.271279+0.491282j,-0.815144+0.800678j,0.156398+0.139679j,1.292933
0.270790+0.491372j,-0.815009+0.801185j,0.156258+0.139705j,1.293973
0.270302+0.491462j,-0.814873+0.801692j,0.156118+0.139731j,1.295013
0.269814+0.491552j,-0.814737+0.802199j,0.155977+0.139757j,1.296053
0.269326+0.491641j,-0.814601+0.802707j,0.155837+0.139783j,1.297093
0.268838+0.491729j,-0.814464+0.803215j,0.155697+0.139809j,1.298133
0.268350+0.491818j,-0.814327+0.803723j,0.155557+0.139835j,1.299173
0.267863+0.491906j,-0.814188+0.804231j,0.155417+0.139860j,1.300213
0.267375+0.491993j,-0.814050+0.804740j,0.155277+0.139886j,1.301253
0.266887+0.492080j,-0.813911+0.805249j,0.155137+0.139911j,1.302293
0.266400+0.492166j,-0.813771+0.805759j,0.154997+0.139937j,1.303334
0.265912+0.492252j,-0.813631+0.806268j,0.154858+0.139962j,1.304374
0.265425+0.492338j,-0.813491+0.806778j,0.154718+0.139987j,1.305414
0.264937+0.492423j,-0.813349+0.807288j,0.154578+0.140013j,1.306455
0.264450+0.492508j,-0.813208+0.807799j,0.154439+0.140038j,1.307495
0.263962+0.492592j,-0.813066+0.808310j,0.154299+0.140063j,1.308535
0.263475+0.492676j,-0.812923+0.808821j,0.154160+0.140088j,1.309576
0.262988+0.492760j,-0.812780+0.809333j,0.154020+0.140113j,1.310616
0.262501+0.492843j,-0.812636+0.809844j,0.153881+0.140138j,1.311657
0.262014+0.492925j,-0.812491+0.810356j,0.153742+0.140162j,1.312697
0.261527+0.493007j,-0.812347+0.810869j,0.153602+0.140187j,1.313738
0.261040+0.493089j,-0.812201+0.811381j,0.153463+0.140212j,1.314779
0.260553+0.493170j,-0.812055+0.811894j,0.153324+0.140236j,1.315819
0.260066+0.493251j,-0.811909+0.812408j,0.153185+0.140261j,1.316860
0.259580+0.493332j,-0.811762+0.812921j,0.153046+0.140285j,1.317901
0.259093+0.493412j,-0.811614+0.813435j,0.152907+0.140310j,1.318942
0.258607+0.493491j,-0.811466+0.813949j,0.152768+0.140334j,1.319982
0.258120+0.493570j,-0.811317+0.814464j,0.152629+0.140358j,1.321023
0.257634+0.493649j,-0.811168+0.814979j,0.152491+0.140382j,1.322064
0.257147+0.493727j,-0.811019+0.815494j,0.152352+0.140406j,1.323105
0.256661+0.493805j,-0.810868+0.816009j,0.152213+0.140431j,1.324146
0.256175+0.493883j,-0.810718+0.816525j,0.152075+0.140454j,1.325187
0.255689+0.493960j,-0.810566+0.817041j,0.151936+0.140478j,1.326228
0.255203+0.494036j,-0.810414+0.817557j,0.151798+0.140502j,1.327269
0.254717+0.494112j,-0.810262+0.818074j,0.151659+0.140526j,1.328311
0.254231+0.494188j,-0.810109+0.818591j,0.151521+0.140550j,1.329352
0.253745+0.494263j,-0.809956+0.819108j,0.151383+0.140573j,1.330393
0.253259+0.494338j,-0.809802+0.819626j,0.151244+0.140597j,1.331434
0.252773+0.494413j,-0.809647+0.820144j,0.151106+0.140620j,1.332476
0.252288+0.494487j,-0.809492+0.820662j,0.150968+0.140644j,1.333517
0.251802+0.494560j,-0.809336+0.821181j,0.150830+0.140667j,1.334559
0.251317+0.494633j,-0.809180+0.821700j,0.150692+0.140690j,1.335600
0.250831+0.494706j,-0.809023+0.822219j,0.150554+0.140714j,1.336641
0.250346+0.494778j,-0.808866+0.822738j,0.150416+0.140737j,1.337683
0.249861+0.494850j,-0.808708+0.823258j,0.150278+0.140760j,1.338725
0.249376+0.494922j,-0.808550+0.823778j,0.150141+0.140783j,1.339766
0.248890+0.494993j,-0.808391+0.824299j,0.150003+0.140806j,1.340808
0.248405+0.495063j,-0.808231+0.824819j,0.149865+0.140829j,1.341850
0.247920+0.495133j,-0.808071+0.825340j,0.149728+0.140852j,1.342891
0.247436+0.495203j,-0.807910+0.825862j,0.149590+0.140874j,1.343933
0.246951+0.495272j,-0.807749+0.826383j,0.149453+0.140897j,1.344975
0.246466+0.495341j,-0.807587+0.826905j,0.149315+0.140920j,1.346017
0.245981+0.495410j,-0.807425+0.827428j,0.149178+0.140942j,1.347059
0.245497+0.495478j,-0.807262+0.827950j,0.149041+0.140965j,1.348101
0.245012+0.495545j,-0.807099+0.828473j,0.148903+0.140987j,1.349143
0.244528+0.495612j,-0.806935+0.828997j,0.148766+0.141009j,1.350185
0.244044+0.495679j,-0.806770+0.829520j,0.148629+0.141032j,1.351227
0.243559+0.495746j,-0.806605+0.830044j,0.148492+0.141054j,1.352269
0.243075+0.495811j,-0.806439+0.830569j,0.148355+0.141076j,1.353311
0.242591+0.495877j,-0.806273+0.831093j,0.148218+0.141098j,1.354353
0.242107+0.495942j,-0.806106+0.831618j,0.148081+0.141120j,1.355396
0.241623+0.496007j,-0.805939+0.832143j,0.147944+0.141142j,1.356438
0.241139+0.496071j,-0.805771+0.832669j,0.147808+0.141164j,1.357480
0.240656+0.496134j,-0.805602+0.833195j,0.147671+0.141186j,1.358523
0.240172+0.496198j,-0.805433+0.833721j,0.147534+0.141208j,1.359565
0.239688+0.496261j,-0.805264+0.834248j,0.147398+0.141229j,1.360608
0.239205+0.496323j,-0.805093+0.834775j,0.147261+0.141251j,1.361650
0.238721+0.496385j,-0.804923+0.835302j,0.147125+0.141272j,1.362693
0.238238+0.496447j,-0.804751+0.835829j,0.146988+0.141294j,1.363735
0.237755+0.496508j,-0.804579+0.836357j,0.146852+0.141315j,1.364778
0.237271+0.496569j,-0.804407+0.836885j,0.146715+0.141337j,1.365821
0.236788+0.496629j,-0.804234+0.837414j,0.146579+0.141358j,1.366863
0.236305+0.496689j,-0.804060+0.837943j,0.146443+0.141379j,1.367906
0.235822+0.496749j,-0.803886+0.838472j,0.146307+0.141400j,1.368949
0.235340+0.496808j,-0.803711+0.839002j,0.146171+0.141421j,1.369992
0.234857+0.496867j,-0.803536+0.839531j,0.146035+0.141442j,1.371035
0.234374+0.496925j,-0.803360+0.840062j,0.145899+0.141463j,1.372078
0.233891+0.496983j,-0.803183+0.840592j,0.145763+0.141484j,1.373121
0.233409+0.497040j,-0.803006+0.841123j,0.145627+0.141505j,1.374164
0.232927+0.497097j,-0.802828+0.841654j,0.145491+0.141526j,1.375207
0.232444+0.497154j,-0.802650+0.842186j,0.145356+0.141547j,1.376250
0.231962+0.497210j,-0.802471+0.842718j,0.145220+0.141567j,1.377293
0.231480+0.497266j,-0.802291+0.843250j,0.145084+0.141588j,1.378336
0.230998+0.497321j,-0.802111+0.843783j,0.144949+0.141608j,1.379380
0.230516+0.497376j,-0.801931+0.844316j,0.144813+0.141629j,1.380423
0.230034+0.497430j,-0.801749+0.844849j,0.144678+0.141649j,1.381466
0.229552+0.497484j,-0.801568+0.845382j,0.144542+0.141670j,1.382510
0.229070+0.497538j,-0.801385+0.845916j,0.144407+0.141690j,1.383553
0.228589+0.497591j,-0.801202+0.846451j,0.144272+0.141710j,1.384597
0.228107+0.497644j,-0.801019+0.846985j,0.144137+0.141730j,1.385640
0.227626+0.497697j,-0.800834+0.847520j,0.144002+0.141750j,1.386684
0.227144+0.497748j,-0.800650+0.848056j,0.143866+0.141770j,1.387728
0.226663+0.497800j,-0.800464+0.848591j,0.143731+0.141790j,1.388771
0.226182+0.497851j,-0.800278+0.849127j,0.143596+0.141810j,1.389815
0.225701+0.497902j,-0.800092+0.849664j,0.143462+0.141830j,1.390859
0.225220+0.497952j,-0.799904+0.850200j,0.143327+0.141850j,1.391903
0.224739+0.498002j,-0.799717+0.850737j,0.143192+0.141869j,1.392946
0.224258+0.498052j,-0.799528+0.851275j,0.143057+0.141889j,1.393990
0.223777+0.498101j,-0.799339+0.851813j,0.142922+0.141908j,1.395034
0.223297+0.498149j,-0.799150+0.852351j,0.142788+0.141928j,1.396078
0.222816+0.498197j,-0.798959+0.852889j,0.142653+0.141947j,1.397122
0.222336+0.498245j,-0.798769+0.853428j,0.142519+0.141967j,1.398166
0.221855+0.498293j,-0.798577+0.853967j,0.142384+0.141986j,1.399211
0.221375+0.498340j,-0.798385+0.854507j,0.142250+0.142005j,1.400255
0.220895+0.498386j,-0.798193+0.855046j,0.142116+0.142024j,1.401299
0.220415+0.498432j,-0.797999+0.855587j,0.141981+0.142043j,1.402343
0.219935+0.498478j,-0.797806+0.856127j,0.141847+0.142062j,1.403388
0.219455+0.498523j,-0.797611+0.856668j,0.141713+0.142081j,1.404432
0.218975+0.498568j,-0.797416+0.857210j,0.141579+0.142100j,1.405477
0.218496+0.498613j,-0.797220+0.857751j,0.141445+0.142119j,1.406521
0.218016+0.498657j,-0.797024+0.858293j,0.141311+0.142138j,1.407566
0.217537+0.498700j,-0.796827+0.858836j,0.141177+0.142157j,1.408610
0.217057+0.498743j,-0.796630+0.859378j,0.141043+0.142175j,1.409655
0.216578+0.498786j,-0.796431+0.859921j,0.140909+0.142194j,1.410700
0.216099+0.498829j,-0.796233+0.860465j,0.140776+0.142213j,1.411744
0.215620+0.498871j,-0.796033+0.861009j,0.140642+0.142231j,1.412789
0.215141+0.498912j,-0.795833+0.861553j,0.140508+0.142249j,1.413834
0.214662+0.498953j,-0.795633+0.862097j,0.140375+0.142268j,1.414879
0.214183+0.498994j,-0.795432+0.862642j,0.140241+0.142286j,1.415924
0.213704+0.499034j,-0.795230+0.863188j,0.140108+0.142304j,1.416969
0.213226+0.499074j,-0.795027+0.863733j,0.139974+0.142322j,1.418014
0.212747+0.499114j,-0.794824+0.864279j,0.139841+0.142341j,1.419059
0.212269+0.499153j,-0.794620+0.864826j,0.139708+0.142359j,1.420104
0.211791+0.499192j,-0.794416+0.865372j,0.139574+0.142377j,1.421149
0.211312+0.499230j,-0.794211+0.865920j,0.139441+0.142395j,1.422194
0.210834+0.499268j,-0.794005+0.866467j,0.139308+0.142412j,1.423240
0.210356+0.499305j,-0.793799+0.867015j,0.139175+0.142430j,1.424285
0.209879+0.499342j,-0.793592+0.867563j,0.139042+0.142448j,1.425330
0.209401+0.499379j,-0.793385+0.868112j,0.138909+0.142466j,1.426376
0.208923+0.499415j,-0.793176+0.868661j,0.138776+0.142483j,1.427421
0.208446+0.499451j,-0.792968+0.869210j,0.138643+0.142501j,1.428467
0.207968+0.499486j,-0.792758+0.869760j,0.138511+0.142518j,1.429512
0.207491+0.499521j,-0.792548+0.870310j,0.138378+0.142536j,1.430558
0.207013+0.499556j,-0.792337+0.870860j,0.138245+0.142553j,1.431604
0.206536+0.499590j,-0.792126+0.871411j,0.138113+0.142570j,1.432650
0.206059+0.499623j,-0.791914+0.871962j,0.137980+0.142588j,1.433695
0.205582+0.499657j,-0.791701+0.872514j,0.137848+0.142605j,1.434741
0.205105+0.499690j,-0.791488+0.873066j,0.137715+0.142622j,1.435787
0.204629+0.499722j,-0.791274+0.873618j,0.137583+0.142639j,1.436833
0.204152+0.499754j,-0.791060+0.874171j,0.137451+0.142656j,1.437879
0.203676+0.499786j,-0.790844+0.874724j,0.137318+0.142673j,1.438925
0.203199+0.499817j,-0.790629+0.875278j,0.137186+0.142690j,1.439971
0.202723+0.499848j,-0.790412+0.875832j,0.137054+0.142707j,1.441017
0.202247+0.499879j,-0.790195+0.876386j,0.136922+0.142723j,1.442064
0.201770+0.499909j,-0.789977+0.876941j,0.136790+0.142740j,1.443110
0.201295+0.499938j,-0.789759+0.877496j,0.136658+0.142757j,1.444156
0.200819+0.499968j,-0.789539+0.878051j,0.136526+0.142773j,1.445202
0.200343+0.499996j,-0.789320+0.878607j,0.136394+0.142790j,1.446249
0.199867+0.500025j,-0.789099+0.879163j,0.136262+0.142806j,1.447295
0.199392+0.500053j,-0.788878+0.879720j,0.136131+0.142823j,1.448342
0.198916+0.500080j,-0.788656+0.880277j,0.135999+0.142839j,1.449389
0.198441+0.500108j,-0.788434+0.880835j,0.135867+0.142855j,1.450435
0.197966+0.500134j,-0.788211+0.881392j,0.135736+0.142871j,1.451482
0.197491+0.500161j,-0.787987+0.881951j,0.135604+0.142888j,1.452529
0.197016+0.500187j,-0.787763+0.882509j,0.135473+0.142904j,1.453575
0.196541+0.500212j,-0.787537+0.883068j,0.135341+0.142920j,1.454622
0.196066+0.500238j,-0.787312+0.883628j,0.135210+0.142936j,1.455669
0.195591+0.500262j,-0.787085+0.884187j,0.135079+0.142952j,1.456716
0.195117+0.500287j,-0.786858+0.884748j,0.134948+0.142967j,1.457763
0.194642+0.500311j,-0.786630+0.885308j,0.134816+0.142983j,1.458810
0.194168+0.500334j,-0.786402+0.885869j,0.134685+0.142999j,1.459857
0.193694+0.500357j,-0.786173+0.886430j,0.134554+0.143015j,1.460905
0.193219+0.500380j,-0.785943+0.886992j,0.134423+0.143030j,1.461952
0.192745+0.500402j,-0.785713+0.887554j,0.134292+0.143046j,1.462999
0.192272+0.500424j,-0.785481+0.888117j,0.134162+0.143061j,1.464046
0.191798+0.500446j,-0.785250+0.888680j,0.134031+0.143077j,1.465094
0.191324+0.500467j,-0.785017+0.889244j,0.133900+0.143092j,1.466141
0.190851+0.500488j,-0.784784+0.889807j,0.133769+0.143107j,1.467189
0.190377+0.500508j,-0.784550+0.890372j,0.133639+0.143123j,1.468236
0.189904+0.500528j,-0.784315+0.890936j,0.133508+0.143138j,1.469284
0.189431+0.500548j,-0.784080+0.891501j,0.133377+0.143153j,1.470332
0.188958+0.500567j,-0.783844+0.892067j,0.133247+0.143168j,1.471379
0.188485+0.500585j,-0.783608+0.892633j,0.133117+0.143183j,1.472427
0.188012+0.500604j,-0.783370+0.893199j,0.132986+0.143198j,1.473475
0.187539+0.500622j,-0.783132+0.893766j,0.132856+0.143213j,1.474523
0.187067+0.500639j,-0.782894+0.894333j,0.132726+0.143228j,1.475571
0.186594+0.500656j,-0.782654+0.894900j,0.132595+0.143243j,1.476619
0.186122+0.500673j,-0.782414+0.895468j,0.132465+0.143257j,1.477667
0.185649+0.500689j,-0.782173+0.896037j,0.132335+0.143272j,1.478715
0.185177+0.500705j,-0.781932+0.896605j,0.132205+0.143287j,1.479763
0.184705+0.500721j,-0.781690+0.897175j,0.132075+0.143301j,1.480812
0.184233+0.500736j,-0.781447+0.897744j,0.131945+0.143316j,1.481860
0.183762+0.500750j,-0.781203+0.898314j,0.131816+0.143330j,1.482908
0.183290+0.500765j,-0.780959+0.898885j,0.131686+0.143344j,1.483957
0.182818+0.500779j,-0.780714+0.899456j,0.131556+0.143359j,1.485005
0.182347+0.500792j,-0.780468+0.900027j,0.131426+0.143373j,1.486054
0.181876+0.500805j,-0.780222+0.900599j,0.131297+0.143387j,1.487103
0.181404+0.500818j,-0.779974+0.901171j,0.131167+0.143401j,1.488151
0.180933+0.500830j,-0.779727+0.901743j,0.131038+0.143416j,1.489200
0.180462+0.500842j,-0.779478+0.902316j,0.130908+0.143430j,1.490249
0.179992+0.500854j,-0.779229+0.902890j,0.130779+0.143444j,1.491298
0.179521+0.500865j,-0.778979+0.903464j,0.130649+0.143457j,1.492346
0.179050+0.500875j,-0.778728+0.904038j,0.130520+0.143471j,1.493395
0.178580+0.500886j,-0.778477+0.904613j,0.130391+0.143485j,1.494444
0.178110+0.500896j,-0.778225+0.905188j,0.130262+0.143499j,1.495494
0.177639+0.500905j,-0.777972+0.905764j,0.130133+0.143513j,1.496543
0.177169+0.500914j,-0.777718+0.906340j,0.130004+0.143526j,1.497592
0.176699+0.500923j,-0.777464+0.906916j,0.129875+0.143540j,1.498641
0.176229+0.500931j,-0.777209+0.907493j,0.129746+0.143553j,1.499691
0.175760+0.500939j,-0.776953+0.908071j,0.129617+0.143567j,1.500740
0.175290+0.500947j,-0.776696+0.908649j,0.129488+0.143580j,1.501789
0.174821+0.500954j,-0.776439+0.909227j,0.129359+0.143593j,1.502839
0.174351+0.500961j,-0.776181+0.909806j,0.129231+0.143607j,1.503889
0.173882+0.500967j,-0.775922+0.910385j,0.129102+0.143620j,1.504938
0.173413+0.500973j,-0.775663+0.910964j,0.128973+0.143633j,1.505988
0.172944+0.500978j,-0.775403+0.911544j,0.128845+0.143646j,1.507038
0.172475+0.500984j,-0.775142+0.912125j,0.128716+0.143659j,1.508087
0.172007+0.500988j,-0.774880+0.912706j,0.128588+0.143672j,1.509137
0.171538+0.500993j,-0.774618+0.913287j,0.128459+0.143685j,1.510187
0.171070+0.500997j,-0.774355+0.913869j,0.128331+0.143698j,1.511237
0.170601+0.501000j,-0.774091+0.914451j,0.128203+0.143711j,1.512287
0.170133+0.501003j,-0.773826+0.915034j,0.128075+0.143724j,1.513338
0.169665+0.501006j,-0.773561+0.915617j,0.127946+0.143737j,1.514388
0.169197+0.501009j,-0.773295+0.916201j,0.127818+0.143749j,1.515438
0.168729+0.501011j,-0.773028+0.916785j,0.127690+0.143762j,1.516488
0.168262+0.501012j,-0.772760+0.917370j,0.127562+0.143774j,1.517539
0.167794+0.501013j,-0.772492+0.917955j,0.127434+0.143787j,1.518589
0.167327+0.501014j,-0.772222+0.918540j,0.127307+0.143799j,1.519640
0.166859+0.501015j,-0.771953+0.919126j,0.127179+0.143812j,1.520690
0.166392+0.501015j,-0.771682+0.919713j,0.127051+0.143824j,1.521741
0.165925+0.501014j,-0.771410+0.920300j,0.126923+0.143836j,1.522792
0.165458+0.501014j,-0.771138+0.920887j,0.126796+0.143849j,1.523843
0.164991+0.501012j,-0.770865+0.921475j,0.126668+0.143861j,1.524893
0.164525+0.501011j,-0.770591+0.922063j,0.126541+0.143873j,1.525944
0.164058+0.501009j,-0.770317+0.922652j,0.126413+0.143885j,1.526995
0.163592+0.501007j,-0.770042+0.923241j,0.126286+0.143897j,1.528046
0.163126+0.501004j,-0.769766+0.923831j,0.126158+0.143909j,1.529098
0.162660+0.501001j,-0.769489+0.924421j,0.126031+0.143921j,1.530149
0.162194+0.500997j,-0.769211+0.925012j,0.125904+0.143932j,1.531200
0.161728+0.500994j,-0.768933+0.925603j,0.125777+0.143944j,1.532251
0.161262+0.500989j,-0.768654+0.926195j,0.125649+0.143956j,1.533303
0.160797+0.500985j,-0.768374+0.926787j,0.125522+0.143968j,1.534354
0.160331+0.500980j,-0.768093+0.927380j,0.125395+0.143979j,1.535406
0.159866+0.500974j,-0.767811+0.927973j,0.125268+0.143991j,1.536457
0.159401+0.500968j,-0.767529+0.928566j,0.125141+0.144002j,1.537509
0.158936+0.500962j,-0.767246+0.929160j,0.125015+0.144014j,1.538561
0.158471+0.500955j,-0.766962+0.929755j,0.124888+0.144025j,1.539612
0.158006+0.500949j,-0.766677+0.930350j,0.124761+0.144036j,1.540664
0.157541+0.500941j,-0.766392+0.930945j,0.124634+0.144048j,1.541716
0.157077+0.500933j,-0.766106+0.931541j,0.124508+0.144059j,1.542768
0.156612+0.500925j,-0.765819+0.932138j,0.124381+0.144070j,1.543820
0.156148+0.500917j,-0.765531+0.932735j,0.124255+0.144081j,1.544872
0.155684+0.500908j,-0.765242+0.933332j,0.124128+0.144092j,1.545925
0.155220+0.500898j,-0.764953+0.933930j,0.124002+0.144103j,1.546977
0.154756+0.500889j,-0.764662+0.934529j,0.123875+0.144114j,1.548029
0.154293+0.500879j,-0.764371+0.935128j,0.123749+0.144125j,1.549082
0.153829+0.500868j,-0.764079+0.935727j,0.123623+0.144136j,1.550134
0.153366+0.500857j,-0.763787+0.936327j,0.123497+0.144147j,1.551187
0.152902+0.500846j,-0.763493+0.936928j,0.123371+0.144158j,1.552239
0.152439+0.500834j,-0.763199+0.937528j,0.123245+0.144168j,1.553292
0.151976+0.500822j,-0.762903+0.938130j,0.123119+0.144179j,1.554345
0.151514+0.500810j,-0.762607+0.938732j,0.122993+0.144189j,1.555398
0.151051+0.500797j,-0.762311+0.939334j,0.122867+0.144200j,1.556451
0.150588+0.500784j,-0.762013+0.939937j,0.122741+0.144210j,1.557504
0.150126+0.500771j,-0.761715+0.940541j,0.122615+0.144221j,1.558557
0.149664+0.500757j,-0.761415+0.941145j,0.122489+0.144231j,1.559610
0.149201+0.500742j,-0.761115+0.941750j,0.122364+0.144242j,1.560663
0.148739+0.500728j,-0.760814+0.942355j,0.122238+0.144252j,1.561716
0.148278+0.500712j,-0.760512+0.942960j,0.122112+0.144262j,1.562770
0.147816+0.500697j,-0.760210+0.943566j,0.121987+0.144272j,1.563823
0.147354+0.500681j,-0.759906+0.944173j,0.121861+0.144282j,1.564877
0.146893+0.500665j,-0.759602+0.944780j,0.121736+0.144292j,1.565930
0.146432+0.500648j,-0.759297+0.945388j,0.121611+0.144302j,1.566984
0.145970+0.500631j,-0.758991+0.945996j,0.121485+0.144312j,1.568037
0.145509+0.500614j,-0.758684+0.946605j,0.121360+0.144322j,1.569091
0.145049+0.500596j,-0.758376+0.947214j,0.121235+0.144332j,1.570145
0.144588+0.500578j,-0.758068+0.947824j,0.121110+0.144342j,1.571199
0.144127+0.500559j,-0.757759+0.948434j,0.120985+0.144351j,1.572253
0.143667+0.500540j,-0.757448+0.949045j,0.120860+0.144361j,1.573307
0.143207+0.500521j,-0.757137+0.949656j,0.120735+0.144371j,1.574361
0.142746+0.500501j,-0.756825+0.950268j,0.120610+0.144380j,1.575416
0.142286+0.500481j,-0.756512+0.950880j,0.120485+0.144390j,1.576470
0.141827+0.500461j,-0.756199+0.951493j,0.120360+0.144399j,1.577524
0.141367+0.500440j,-0.755884+0.952107j,0.120235+0.144409j,1.578579
0.140907+0.500419j,-0.755569+0.952721j,0.120111+0.144418j,1.579633
0.140448+0.500397j,-0.755252+0.953336j,0.119986+0.144427j,1.580688
0.139989+0.500375j,-0.754935+0.953951j,0.119862+0.144436j,1.581743
0.139530+0.500353j,-0.754617+0.954566j,0.119737+0.144446j,1.582797
0.139071+0.500330j,-0.754298+0.955183j,0.119613+0.144455j,1.583852
0.138612+0.500307j,-0.753979+0.955800j,0.119488+0.144464j,1.584907
0.138153+0.500284j,-0.753658+0.956417j,0.119364+0.144473j,1.585962
0.137695+0.500260j,-0.753336+0.957035j,0.119239+0.144482j,1.587017
0.137236+0.500236j,-0.753014+0.957653j,0.119115+0.144491j,1.588073
0.136778+0.500211j,-0.752691+0.958272j,0.118991+0.144500j,1.589128
0.136320+0.500186j,-0.752366+0.958892j,0.118867+0.144508j,1.590183
0.135862+0.500161j,-0.752041+0.959512j,0.118743+0.144517j,1.591238
0.135404+0.500135j,-0.751715+0.960133j,0.118619+0.144526j,1.592294
0.134947+0.500109j,-0.751388+0.960754j,0.118495+0.144535j,1.593350
0.134489+0.500082j,-0.751060+0.961376j,0.118371+0.144543j,1.594405
0.134032+0.500055j,-0.750732+0.961998j,0.118247+0.144552j,1.595461
0.133575+0.500028j,-0.750402+0.962621j,0.118123+0.144560j,1.596517
0.133118+0.500001j,-0.750072+0.963245j,0.118000+0.144569j,1.597573
0.132661+0.499973j,-0.749740+0.963869j,0.117876+0.144577j,1.598629
0.132204+0.499944j,-0.749408+0.964494j,0.117752+0.144586j,1.599685
0.131747+0.499915j,-0.749075+0.965119j,0.117629+0.144594j,1.600741
0.131291+0.499886j,-0.748740+0.965745j,0.117505+0.144602j,1.601797
0.130835+0.499857j,-0.748405+0.966371j,0.117382+0.144610j,1.602853
0.130379+0.499827j,-0.748069+0.966998j,0.117258+0.144618j,1.603910
0.129923+0.499797j,-0.747732+0.967626j,0.117135+0.144627j,1.604966
0.129467+0.499766j,-0.747394+0.968254j,0.117011+0.144635j,1.606023
0.129011+0.499735j,-0.747056+0.968883j,0.116888+0.144643j,1.607079
0.128556+0.499704j,-0.746716+0.969512j,0.116765+0.144651j,1.608136
0.128100+0.499672j,-0.746375+0.970142j,0.116642+0.144658j,1.609193
0.127645+0.499640j,-0.746033+0.970773j,0.116519+0.144666j,1.610250
0.127190+0.499607j,-0.745691+0.971404j,0.116396+0.144674j,1.611307
0.126735+0.499574j,-0.745347+0.972035j,0.116273+0.144682j,1.612364
0.126280+0.499541j,-0.745003+0.972668j,0.116150+0.144690j,1.613421
0.125826+0.499508j,-0.744658+0.973301j,0.116027+0.144697j,1.614478
0.125371+0.499474j,-0.744311+0.973934j,0.115904+0.144705j,1.615535
0.124917+0.499439j,-0.743964+0.974568j,0.115781+0.144712j,1.616593
0.124463+0.499405j,-0.743616+0.975203j,0.115659+0.144720j,1.617650
0.124009+0.499369j,-0.743266+0.975839j,0.115536+0.144727j,1.618708
0.123555+0.499334j,-0.742916+0.976475j,0.115413+0.144735j,1.619765
0.123102+0.499298j,-0.742565+0.977111j,0.115291+0.144742j,1.620823
0.122648+0.499262j,-0.742213+0.977748j,0.115168+0.144749j,1.621881
0.122195+0.499225j,-0.741860+0.978386j,0.115046+0.144757j,1.622939
0.121742+0.499188j,-0.741506+0.979025j,0.114924+0.144764j,1.623997
0.121289+0.499151j,-0.741151+0.979664j,0.114801+0.144771j,1.625055
0.120836+0.499113j,-0.740795+0.980304j,0.114679+0.144778j,1.626113
0.120383+0.499075j,-0.740438+0.980944j,0.114557+0.144785j,1.627171
0.119930+0.499037j,-0.740080+0.981585j,0.114435+0.144792j,1.628230
0.119478+0.498998j,-0.739721+0.982226j,0.114312+0.144799j,1.629288
0.119026+0.498959j,-0.739361+0.982869j,0.114190+0.144806j,1.630347
0.118574+0.498919j,-0.739000+0.983512j,0.114068+0.144813j,1.631405
0.118122+0.498879j,-0.738638+0.984155j,0.113946+0.144819j,1.632464
0.117670+0.498839j,-0.738275+0.984799j,0.113825+0.144826j,1.633523
0.117218+0.498799j,-0.737911+0.985444j,0.113703+0.144833j,1.634582
0.116767+0.498758j,-0.737546+0.986089j,0.113581+0.144839j,1.635641
0.116316+0.498716j,-0.737180+0.986735j,0.113459+0.144846j,1.636700
0.115865+0.498674j,-0.736813+0.987382j,0.113337+0.144853j,1.637759
0.115414+0.498632j,-0.736445+0.988030j,0.113216+0.144859j,1.638818
0.114963+0.498590j,-0.736076+0.988678j,0.113094+0.144866j,1.639877
0.114512+0.498547j,-0.735706+0.989326j,0.112973+0.144872j,1.640937
0.114062+0.498504j,-0.735335+0.989976j,0.112851+0.144878j,1.641996
0.113612+0.498460j,-0.734962+0.990626j,0.112730+0.144885j,1.643056
0.113161+0.498416j,-0.734589+0.991276j,0.112609+0.144891j,1.644116
0.112711+0.498372j,-0.734215+0.991928j,0.112487+0.144897j,1.645175
0.112262+0.498327j,-0.733840+0.992580j,0.112366+0.144903j,1.646235
0.111812+0.498282j,-0.733464+0.993232j,0.112245+0.144909j,1.647295
0.111363+0.498237j,-0.733086+0.993886j,0.112124+0.144915j,1.648355
0.110913+0.498191j,-0.732708+0.994540j,0.112003+0.144921j,1.649416
0.110464+0.498145j,-0.732329+0.995194j,0.111882+0.144927j,1.650476
0.110015+0.498098j,-0.731948+0.995850j,0.111761+0.144933j,1.651536
0.109566+0.498052j,-0.731567+0.996506j,0.111640+0.144939j,1.652597
0.109118+0.498004j,-0.731184+0.997162j,0.111519+0.144945j,1.653657
0.108669+0.497957j,-0.730800+0.997820j,0.111398+0.144950j,1.654718
0.108221+0.497909j,-0.730416+0.998478j,0.111277+0.144956j,1.655779
0.107773+0.497860j,-0.730030+0.999137j,0.111156+0.144962j,1.656840
0.107325+0.497812j,-0.729643+0.999796j,0.111036+0.144967j,1.657901
0.106877+0.497763j,-0.729255+1.000456j,0.110915+0.144973j,1.658962
0.106429+0.497713j,-0.728866+1.001117j,0.110795+0.144979j,1.660023
0.105982+0.497664j,-0.728476+1.001779j,0.110674+0.144984j,1.661084
0.105534+0.497613j,-0.728085+1.002441j,0.110554+0.144989j,1.662145
0.105087+0.497563j,-0.727693+1.003104j,0.110433+0.144995j,1.663207
0.104640+0.497512j,-0.727299+1.003768j,0.110313+0.145000j,1.664268
0.104193+0.497461j,-0.726905+1.004432j,0.110193+0.145005j,1.665330
0.103747+0.497409j,-0.726509+1.005098j,0.110073+0.145011j,1.666392
0.103300+0.497357j,-0.726113+1.005763j,0.109952+0.145016j,1.667454
0.102854+0.497305j,-0.725715+1.006430j,0.109832+0.145021j,1.668515
0.102408+0.497253j,-0.725316+1.007097j,0.109712+0.145026j,1.669578
0.101962+0.497199j,-0.724916+1.007765j,0.109592+0.145031j,1.670640
0.101516+0.497146j,-0.724515+1.008434j,0.109472+0.145036j,1.671702
0.101070+0.497092j,-0.724113+1.009104j,0.109352+0.145041j,1.672764
0.100625+0.497038j,-0.723709+1.009774j,0.109232+0.145046j,1.673827
0.100179+0.496984j,-0.723305+1.010445j,0.109113+0.145051j,1.674889
0.099734+0.496929j,-0.722899+1.011117j,0.108993+0.145055j,1.675952
0.099289+0.496874j,-0.722492+1.011789j,0.108873+0.145060j,1.677015
0.098844+0.496818j,-0.722084+1.012462j,0.108754+0.145065j,1.678078
0.098400+0.496762j,-0.721675+1.013136j,0.108634+0.145069j,1.679141
0.097955+0.496706j,-0.721265+1.013811j,0.108514+0.145074j,1.680204
0.097511+0.496650j,-0.720854+1.014486j,0.108395+0.145079j,1.681267
0.097067+0.496593j,-0.720441+1.015163j,0.108276+0.145083j,1.682330
0.096623+0.496535j,-0.720027+1.015840j,0.108156+0.145088j,1.683394
0.096179+0.496478j,-0.719613+1.016517j,0.108037+0.145092j,1.684457
0.095736+0.496420j,-0.719197+1.017196j,0.107918+0.145096j,1.685521
0.095292+0.496361j,-0.718779+1.017875j,0.107798+0.145101j,1.686584
0.094849+0.496303j,-0.718361+1.018555j,0.107679+0.145105j,1.687648
0.094406+0.496244j,-0.717941+1.019236j,0.107560+0.145109j,1.688712
0.093963+0.496184j,-0.717521+1.019918j,0.107441+0.145113j,1.689776
0.093520+0.496124j,-0.717099+1.020600j,0.107322+0.145117j,1.690840
0.093078+0.496064j,-0.716675+1.021283j,0.107203+0.145121j,1.691905
0.092635+0.496004j,-0.716251+1.021967j,0.107084+0.145125j,1.692969
0.092193+0.495943j,-0.715826+1.022652j,0.106965+0.145129j,1.694033
0.091751+0.495882j,-0.715399+1.023337j,0.106847+0.145133j,1.695098
0.091309+0.495820j,-0.714971+1.024024j,0.106728+0.145137j,1.696163
0.090867+0.495758j,-0.714542+1.024711j,0.106609+0.145141j,1.697227
0.090426+0.495696j,-0.714111+1.025399j,0.106490+0.145145j,1.698292
0.089985+0.495633j,-0.713679+1.026088j,0.106372+0.145149j,1.699357
0.089543+0.495570j,-0.713247+1.026777j,0.106253+0.145152j,1.700423
0.089102+0.495507j,-0.712812+1.027468j,0.106135+0.145156j,1.701488
0.088662+0.495443j,-0.712377+1.028159j,0.106016+0.145160j,1.702553
0.088221+0.495379j,-0.711940+1.028851j,0.105898+0.145163j,1.703619
0.087781+0.495315j,-0.711503+1.029544j,0.105780+0.145167j,1.704684
0.087340+0.495250j,-0.711064+1.030238j,0.105662+0.145170j,1.705750
0.086900+0.495185j,-0.710623+1.030932j,0.105543+0.145174j,1.706816
0.086460+0.495119j,-0.710182+1.031628j,0.105425+0.145177j,1.707882
0.086021+0.495054j,-0.709739+1.032324j,0.105307+0.145180j,1.708948
0.085581+0.494987j,-0.709294+1.033021j,0.105189+0.145184j,1.710014
0.085142+0.494921j,-0.708849+1.033719j,0.105071+0.145187j,1.711080
0.084702+0.494854j,-0.708402+1.034417j,0.104953+0.145190j,1.712147
0.084263+0.494787j,-0.707954+1.035117j,0.104835+0.145193j,1.713213
0.083825+0.494719j,-0.707505+1.035818j,0.104717+0.145196j,1.714280
0.083386+0.494651j,-0.707054+1.036519j,0.104600+0.145199j,1.715346
0.082947+0.494583j,-0.706602+1.037221j,0.104482+0.145202j,1.716413
0.082509+0.494515j,-0.706149+1.037924j,0.104364+0.145205j,1.717480
0.082071+0.494446j,-0.705695+1.038628j,0.104246+0.145208j,1.718547
0.081633+0.494376j,-0.705239+1.039333j,0.104129+0.145211j,1.719615
0.081195+0.494307j,-0.704782+1.040039j,0.104011+0.145214j,1.720682
0.080758+0.494237j,-0.704323+1.040745j,0.103894+0.145217j,1.721749
0.080320+0.494166j,-0.703863+1.041453j,0.103776+0.145219j,1.722817
0.079883+0.494096j,-0.703402+1.042161j,0.103659+0.145222j,1.723885
0.079446+0.494025j,-0.702940+1.042870j,0.103542+0.145225j,1.724953
0.079009+0.493953j,-0.702476+1.043580j,0.103425+0.145227j,1.726021
0.078572+0.493882j,-0.702010+1.044292j,0.103307+0.145230j,1.727089
0.078136+0.493809j,-0.701544+1.045003j,0.103190+0.145232j,1.728157
0.077700+0.493737j,-0.701076+1.045716j,0.103073+0.145235j,1.729225
0.077263+0.493664j,-0.700607+1.046430j,0.102956+0.145237j,1.730294
0.076827+0.493591j,-0.700136+1.047145j,0.102839+0.145240j,1.731362
0.076392+0.493518j,-0.699664+1.047861j,0.102722+0.145242j,1.732431
0.075956+0.493444j,-0.699190+1.048577j,0.102605+0.145244j,1.733500
0.075521+0.493370j,-0.698715+1.049295j,0.102488+0.145247j,1.734569
0.075085+0.493295j,-0.698239+1.050013j,0.102371+0.145249j,1.735638
0.074650+0.493220j,-0.697762+1.050733j,0.102255+0.145251j,1.736707
0.074216+0.493145j,-0.697282+1.051453j,0.102138+0.145253j,1.737776
0.073781+0.493070j,-0.696802+1.052174j,0.102021+0.145255j,1.738846
0.073346+0.492994j,-0.696320+1.052896j,0.101905+0.145257j,1.739915
0.072912+0.492918j,-0.695837+1.053620j,0.101788+0.145259j,1.740985
0.072478+0.492841j,-0.695352+1.054344j,0.101672+0.145261j,1.742055
0.072044+0.492764j,-0.694866+1.055069j,0.101555+0.145263j,1.743125
0.071610+0.492687j,-0.694378+1.055795j,0.101439+0.145265j,1.744195
0.071177+0.492609j,-0.693889+1.056522j,0.101323+0.145267j,1.745265
0.070743+0.492531j,-0.693398+1.057250j,0.101206+0.145268j,1.746336
0.070310+0.492453j,-0.692906+1.057979j,0.101090+0.145270j,1.747406
0.069877+0.492375j,-0.692413+1.058710j,0.100974+0.145272j,1.748477
0.069445+0.492296j,-0.691918+1.059441j,0.100858+0.145273j,1.749548
0.069012+0.492216j,-0.691421+1.060173j,0.100742+0.145275j,1.750618
0.068579+0.492137j,-0.690923+1.060906j,0.100626+0.145276j,1.751689
0.068147+0.492057j,-0.690424+1.061640j,0.100510+0.145278j,1.752761
0.067715+0.491976j,-0.689923+1.062375j,0.100394+0.145279j,1.753832
0.067283+0.491896j,-0.689420+1.063111j,0.100278+0.145281j,1.754903
0.066852+0.491815j,-0.688916+1.063848j,0.100162+0.145282j,1.755975
0.066420+0.491733j,-0.688411+1.064587j,0.100046+0.145283j,1.757047
0.065989+0.491652j,-0.687904+1.065326j,0.099931+0.145285j,1.758119
0.065558+0.491570j,-0.687395+1.066066j,0.099815+0.145286j,1.759191
0.065127+0.491487j,-0.686885+1.066807j,0.099699+0.145287j,1.760263
0.064696+0.491405j,-0.686373+1.067550j,0.099584+0.145288j,1.761335
0.064266+0.491322j,-0.685860+1.068293j,0.099468+0.145289j,1.762407
0.063835+0.491238j,-0.685345+1.069038j,0.099353+0.145290j,1.763480
0.063405+0.491155j,-0.684829+1.069783j,0.099237+0.145291j,1.764553
0.062975+0.491070j,-0.684311+1.070530j,0.099122+0.145292j,1.765625
0.062545+0.490986j,-0.683791+1.071278j,0.099007+0.145293j,1.766698
0.062116+0.490901j,-0.683270+1.072027j,0.098892+0.145294j,1.767771
0.061686+0.490816j,-0.682747+1.072777j,0.098776+0.145295j,1.768845
0.061257+0.490731j,-0.682223+1.073528j,0.098661+0.145296j,1.769918
0.060828+0.490645j,-0.681697+1.074280j,0.098546+0.145296j,1.770992
0.060399+0.490559j,-0.681169+1.075033j,0.098431+0.145297j,1.772065
0.059971+0.490473j,-0.680640+1.075787j,0.098316+0.145298j,1.773139
0.059542+0.490386j,-0.680109+1.076543j,0.098201+0.145298j,1.774213
0.059114+0.490299j,-0.679577+1.077299j,0.098086+0.145299j,1.775287
0.058686+0.490212j,-0.679042+1.078057j,0.097971+0.145299j,1.776362
0.058258+0.490124j,-0.678507+1.078816j,0.097857+0.145300j,1.777436
0.057830+0.490036j,-0.677969+1.079576j,0.097742+0.145300j,1.778511
0.057403+0.489947j,-0.677430+1.080337j,0.097627+0.145301j,1.779585
0.056976+0.489859j,-0.676889+1.081099j,0.097513+0.145301j,1.780660
0.056548+0.489770j,-0.676346+1.081863j,0.097398+0.145301j,1.781735
0.056122+0.489680j,-0.675802+1.082628j,0.097283+0.145301j,1.782810
0.055695+0.489590j,-0.675256+1.083393j,0.097169+0.145302j,1.783886
0.055268+0.489500j,-0.674708+1.084161j,0.097054+0.145302j,1.784961
0.054842+0.489410j,-0.674159+1.084929j,0.096940+0.145302j,1.786037
0.054416+0.489319j,-0.673607+1.085698j,0.096826+0.145302j,1.787112
0.053990+0.489228j,-0.673055+1.086469j,0.096712+0.145302j,1.788188
0.053564+0.489137j,-0.672500+1.087241j,0.096597+0.145302j,1.789264
0.053139+0.489045j,-0.671943+1.088014j,0.096483+0.145302j,1.790341
0.052713+0.488953j,-0.671385+1.088788j,0.096369+0.145302j,1.791417
0.052288+0.488860j,-0.670825+1.089563j,0.096255+0.145302j,1.792494
0.051863+0.488768j,-0.670263+1.090340j,0.096141+0.145302j,1.793570
0.051439+0.488675j,-0.669700+1.091118j,0.096027+0.145302j,1.794647
0.051014+0.488581j,-0.669134+1.091897j,0.095913+0.145301j,1.795724
0.050590+0.488488j,-0.668567+1.092678j,0.095799+0.145301j,1.796801
0.050166+0.488393j,-0.667998+1.093460j,0.095685+0.145301j,1.797879
0.049742+0.488299j,-0.667427+1.094243j,0.095571+0.145300j,1.798956
0.049318+0.488204j,-0.666854+1.095027j,0.095458+0.145300j,1.800034
0.048894+0.488109j,-0.666279+1.095813j,0.095344+0.145299j,1.801112
0.048471+0.488014j,-0.665703+1.096599j,0.095230+0.145299j,1.802190
0.048048+0.487918j,-0.665124+1.097388j,0.095117+0.145298j,1.803268
0.047625+0.487822j,-0.664544+1.098177j,0.095003+0.145298j,1.804346
0.047202+0.487726j,-0.663962+1.098968j,0.094890+0.145297j,1.805425
0.046779+0.487629j,-0.663378+1.099760j,0.094776+0.145296j,1.806503
0.046357+0.487532j,-0.662792+1.100554j,0.094663+0.145296j,1.807582
0.045935+0.487435j,-0.662204+1.101348j,0.094550+0.145295j,1.808661
0.045513+0.487337j,-0.661614+1.102145j,0.094437+0.145294j,1.809740
0.045091+0.487239j,-0.661022+1.102942j,0.094323+0.145293j,1.810819
0.044670+0.487141j,-0.660428+1.103741j,0.094210+0.145292j,1.811899
0.044248+0.487042j,-0.659832+1.104541j,0.094097+0.145292j,1.812979
0.043827+0.486943j,-0.659235+1.105343j,0.093984+0.145291j,1.814058
0.043406+0.486844j,-0.658635+1.106146j,0.093871+0.145290j,1.815138
0.042985+0.486744j,-0.658033+1.106951j,0.093758+0.145289j,1.816219
0.042565+0.486644j,-0.657429+1.107756j,0.093645+0.145287j,1.817299
0.042144+0.486544j,-0.656823+1.108564j,0.093532+0.145286j,1.818379
0.041724+0.486443j,-0.656216+1.109372j,0.093419+0.145285j,1.819460
0.041304+0.486343j,-0.655606+1.110183j,0.093307+0.145284j,1.820541
0.040885+0.486241j,-0.654994+1.110994j,0.093194+0.145283j,1.821622
0.040465+0.486140j,-0.654380+1.111807j,0.093081+0.145281j,1.822703
0.040046+0.486038j,-0.653763+1.112622j,0.092969+0.145280j,1.823785
0.039627+0.485936j,-0.653145+1.113438j,0.092856+0.145279j,1.824866
0.039208+0.485833j,-0.652525+1.114255j,0.092743+0.145277j,1.825948
0.038789+0.485730j,-0.651902+1.115074j,0.092631+0.145276j,1.827030
0.038370+0.485627j,-0.651278+1.115895j,0.092519+0.145274j,1.828112
0.037952+0.485523j,-0.650651+1.116717j,0.092406+0.145273j,1.829194
0.037534+0.485420j,-0.650022+1.117540j,0.092294+0.145271j,1.830277
0.037116+0.485316j,-0.649391+1.118365j,0.092182+0.145270j,1.831359
0.036698+0.485211j,-0.648757+1.119192j,0.092069+0.145268j,1.832442
0.036281+0.485106j,-0.648122+1.120020j,0.091957+0.145266j,1.833525
0.035863+0.485001j,-0.647484+1.120850j,0.091845+0.145264j,1.834608
0.035446+0.484896j,-0.646844+1.121681j,0.091733+0.145263j,1.835692
0.035029+0.484790j,-0.646202+1.122514j,0.091621+0.145261j,1.836775
0.034613+0.484684j,-0.645557+1.123348j,0.091509+0.145259j,1.837859
0.034196+0.484577j,-0.644910+1.124184j,0.091397+0.145257j,1.838943
0.033780+0.484471j,-0.644261+1.125022j,0.091285+0.145255j,1.840027
0.033364+0.484364j,-0.643610+1.125861j,0.091173+0.145253j,1.841111
0.032948+0.484256j,-0.642956+1.126702j,0.091062+0.145251j,1.842196
0.032532+0.484149j,-0.642300+1.127545j,0.090950+0.145249j,1.843281
0.032117+0.484041j,-0.641642+1.128389j,0.090838+0.145247j,1.844365
0.031701+0.483932j,-0.640981+1.129235j,0.090727+0.145245j,1.845451
0.031286+0.483824j,-0.640318+1.130083j,0.090615+0.145243j,1.846536
0.030872+0.483715j,-0.639652+1.130932j,0.090504+0.145240j,1.847621
0.030457+0.483605j,-0.638984+1.131783j,0.090392+0.145238j,1.848707
0.030043+0.483496j,-0.638314+1.132636j,0.090281+0.145236j,1.849793
0.029628+0.483386j,-0.637641+1.133490j,0.090169+0.145233j,1.850879
0.029214+0.483276j,-0.636966+1.134346j,0.090058+0.145231j,1.851965
0.028801+0.483165j,-0.636288+1.135204j,0.089947+0.145229j,1.853052
0.028387+0.483054j,-0.635608+1.136064j,0.089835+0.145226j,1.854138
0.027974+0.482943j,-0.634925+1.136926j,0.089724+0.145224j,1.855225
0.027560+0.482832j,-0.634240+1.137789j,0.089613+0.145221j,1.856312
0.027147+0.482720j,-0.633552+1.138654j,0.089502+0.145218j,1.857400
0.026735+0.482608j,-0.632862+1.139521j,0.089391+0.145216j,1.858487
0.026322+0.482495j,-0.632169+1.140390j,0.089280+0.145213j,1.859575
0.025910+0.482383j,-0.631473+1.141261j,0.089169+0.145210j,1.860663
0.025498+0.482270j,-0.630775+1.142133j,0.089058+0.145208j,1.861751
0.025086+0.482156j,-0.630074+1.143008j,0.088947+0.145205j,1.862839
0.024674+0.482042j,-0.629371+1.143884j,0.088837+0.145202j,1.863928
0.024262+0.481928j,-0.628665+1.144762j,0.088726+0.145199j,1.865016
0.023851+0.481814j,-0.627956+1.145643j,0.088615+0.145196j,1.866105
0.023440+0.481699j,-0.627244+1.146525j,0.088505+0.145193j,1.867195
0.023029+0.481585j,-0.626530+1.147409j,0.088394+0.145190j,1.868284
0.022619+0.481469j,-0.625813+1.148295j,0.088283+0.145187j,1.869374
0.022208+0.481354j,-0.625093+1.149183j,0.088173+0.145184j,1.870463
0.021798+0.481238j,-0.624371+1.150073j,0.088062+0.145181j,1.871553
0.021388+0.481122j,-0.623645+1.150965j,0.087952+0.145178j,1.872644
0.020978+0.481005j,-0.622917+1.151859j,0.087842+0.145175j,1.873734
0.020568+0.480888j,-0.622186+1.152755j,0.087731+0.145171j,1.874825
0.020159+0.480771j,-0.621452+1.153653j,0.087621+0.145168j,1.875916
0.019750+0.480654j,-0.620715+1.154554j,0.087511+0.145165j,1.877007
0.019341+0.480536j,-0.619975+1.155456j,0.087401+0.145162j,1.878098
0.018932+0.480418j,-0.619232+1.156361j,0.087291+0.145158j,1.879190
0.018524+0.480300j,-0.618487+1.157267j,0.087181+0.145155j,1.880282
0.018115+0.480181j,-0.617738+1.158176j,0.087071+0.145151j,1.881374
0.017707+0.480062j,-0.616986+1.159087j,0.086961+0.145148j,1.882466
0.017299+0.479943j,-0.616232+1.160000j,0.086851+0.145144j,1.883559
0.016892+0.479823j,-0.615474+1.160916j,0.086741+0.145141j,1.884651
0.016484+0.479703j,-0.614713+1.161833j,0.086631+0.145137j,1.885744
0.016077+0.479583j,-0.613949+1.162753j,0.086521+0.145133j,1.886837
0.015670+0.479462j,-0.613182+1.163675j,0.086412+0.145130j,1.887931
0.015263+0.479341j,-0.612411+1.164600j,0.086302+0.145126j,1.889025
0.014857+0.479220j,-0.611638+1.165526j,0.086192+0.145122j,1.890118
0.014450+0.479099j,-0.610861+1.166456j,0.086083+0.145118j,1.891213
0.014044+0.478977j,-0.610081+1.167387j,0.085973+0.145115j,1.892307
0.013638+0.478855j,-0.609298+1.168321j,0.085864+0.145111j,1.893402
0.013232+0.478733j,-0.608511+1.169257j,0.085754+0.145107j,1.894497
0.012827+0.478610j,-0.607721+1.170196j,0.085645+0.145103j,1.895592
0.012421+0.478487j,-0.606928+1.171137j,0.085536+0.145099j,1.896687
0.012016+0.478364j,-0.606132+1.172080j,0.085426+0.145095j,1.897783
0.011611+0.478240j,-0.605332+1.173026j,0.085317+0.145091j,1.898879
0.011207+0.478116j,-0.604528+1.173975j,0.085208+0.145086j,1.899975
0.010802+0.477992j,-0.603721+1.174926j,0.085099+0.145082j,1.901071
0.010398+0.477867j,-0.602911+1.175879j,0.084990+0.145078j,1.902168
0.009994+0.477743j,-0.602097+1.176835j,0.084881+0.145074j,1.903265
0.009590+0.477617j,-0.601279+1.177794j,0.084772+0.145070j,1.904362
0.009187+0.477492j,-0.600458+1.178756j,0.084663+0.145065j,1.905459
0.008783+0.477366j,-0.599633+1.179720j,0.084554+0.145061j,1.906557
0.008380+0.477240j,-0.598805+1.180686j,0.084445+0.145057j,1.907655
0.007977+0.477114j,-0.597973+1.181656j,0.084336+0.145052j,1.908753
0.007575+0.476987j,-0.597137+1.182628j,0.084227+0.145048j,1.909851
0.007172+0.476860j,-0.596297+1.183603j,0.084119+0.145043j,1.910950
0.006770+0.476733j,-0.595454+1.184581j,0.084010+0.145039j,1.912049
0.006368+0.476606j,-0.594606+1.185561j,0.083902+0.145034j,1.913148
0.005966+0.476478j,-0.593755+1.186544j,0.083793+0.145029j,1.914248
0.005564+0.476350j,-0.592900+1.187531j,0.083684+0.145025j,1.915347
0.005163+0.476221j,-0.592041+1.188520j,0.083576+0.145020j,1.916447
0.004762+0.476092j,-0.591178+1.189512j,0.083468+0.145015j,1.917548
0.004361+0.475963j,-0.590311+1.190507j,0.083359+0.145011j,1.918648
0.003960+0.475834j,-0.589440+1.191505j,0.083251+0.145006j,1.919749
0.003560+0.475704j,-0.588565+1.192506j,0.083143+0.145001j,1.920850
0.003160+0.475574j,-0.587685+1.193510j,0.083034+0.144996j,1.921952
0.002759+0.475444j,-0.586801+1.194517j,0.082926+0.144991j,1.923054
0.002360+0.475314j,-0.585914+1.195528j,0.082818+0.144986j,1.924155
0.001960+0.475183j,-0.585021+1.196541j,0.082710+0.144981j,1.925258
0.001561+0.475051j,-0.584125+1.197558j,0.082602+0.144976j,1.926360
0.001161+0.474920j,-0.583224+1.198578j,0.082494+0.144971j,1.927463
0.000762+0.474788j,-0.582319+1.199601j,0.082386+0.144966j,1.928566
0.000364+0.474656j,-0.581409+1.200628j,0.082278+0.144961j,1.929670
-0.000035+0.474524j,-0.580495+1.201657j,0.082170+0.144956j,1.930774
-0.000433+0.474391j,-0.579576+1.202691j,0.082063+0.144950j,1.931878
-0.000831+0.474258j,-0.578652+1.203727j,0.081955+0.144945j,1.932982
-0.001229+0.474125j,-0.577724+1.204767j,0.081847+0.144940j,1.934087
-0.001627+0.473992j,-0.576791+1.205811j,0.081739+0.144935j,1.935191
-0.002024+0.473858j,-0.575854+1.206858j,0.081632+0.144929j,1.936297
-0.002421+0.473724j,-0.574911+1.207909j,0.081524+0.144924j,1.937402
-0.002818+0.473589j,-0.573964+1.208963j,0.081417+0.144918j,1.938508
-0.003215+0.473454j,-0.573012+1.210021j,0.081309+0.144913j,1.939614
-0.003611+0.473319j,-0.572054+1.211083j,0.081202+0.144907j,1.940721
-0.004008+0.473184j,-0.571092+1.212148j,0.081094+0.144902j,1.941828
-0.004404+0.473049j,-0.570124+1.213218j,0.080987+0.144896j,1.942935
-0.004799+0.472913j,-0.569152+1.214291j,0.080880+0.144891j,1.944042
-0.005195+0.472776j,-0.568174+1.215368j,0.080773+0.144885j,1.945150
-0.005590+0.472640j,-0.567191+1.216449j,0.080665+0.144879j,1.946258
-0.005986+0.472503j,-0.566202+1.217534j,0.080558+0.144873j,1.947366
-0.006380+0.472366j,-0.565208+1.218623j,0.080451+0.144868j,1.948475
-0.006775+0.472229j,-0.564208+1.219716j,0.080344+0.144862j,1.949584
-0.007170+0.472091j,-0.563203+1.220814j,0.080237+0.144856j,1.950693
-0.007564+0.471953j,-0.562192+1.221915j,0.080130+0.144850j,1.951803
-0.007958+0.471815j,-0.561176+1.223021j,0.080023+0.144844j,1.952913
-0.008352+0.471676j,-0.560154+1.224131j,0.079917+0.144838j,1.954024
-0.008745+0.471537j,-0.559125+1.225246j,0.079810+0.144832j,1.955134
-0.009139+0.471398j,-0.558091+1.226365j,0.079703+0.144826j,1.956245
-0.009532+0.471259j,-0.557051+1.227489j,0.079596+0.144820j,1.957357
-0.009925+0.471119j,-0.556005+1.228617j,0.079490+0.144814j,1.958469
-0.010317+0.470979j,-0.554952+1.229750j,0.079383+0.144808j,1.959581
-0.010710+0.470839j,-0.553894+1.230887j,0.079276+0.144802j,1.960693
-0.011102+0.470698j,-0.552829+1.232030j,0.079170+0.144796j,1.961806
-0.011494+0.470558j,-0.551757+1.233177j,0.079063+0.144789j,1.962919
-0.011886+0.470416j,-0.550679+1.234329j,0.078957+0.144783j,1.964033
-0.012277+0.470275j,-0.549594+1.235486j,0.078851+0.144777j,1.965147
-0.012668+0.470133j,-0.548502+1.236648j,0.078744+0.144770j,1.966261
-0.013060+0.469991j,-0.547404+1.237816j,0.078638+0.144764j,1.967376
-0.013450+0.469849j,-0.546299+1.238988j,0.078532+0.144758j,1.968491
-0.013841+0.469706j,-0.545186+1.240166j,0.078425+0.144751j,1.969606
-0.014231+0.469563j,-0.544067+1.241349j,0.078319+0.144745j,1.970722
-0.014622+0.469420j,-0.542940+1.242538j,0.078213+0.144738j,1.971838
-0.015011+0.469277j,-0.541806+1.243733j,0.078107+0.144731j,1.972955
-0.015401+0.469133j,-0.540664+1.244933j,0.078001+0.144725j,1.974072
-0.015791+0.468989j,-0.539515+1.246138j,0.077895+0.144718j,1.975189
-0.016180+0.468845j,-0.538358+1.247350j,0.077789+0.144712j,1.976307
-0.016569+0.468700j,-0.537193+1.248568j,0.077683+0.144705j,1.977425
-0.016958+0.468555j,-0.536020+1.249791j,0.077578+0.144698j,1.978543
-0.017346+0.468410j,-0.534839+1.251021j,0.077472+0.144691j,1.979662
-0.017734+0.468265j,-0.533649+1.252257j,0.077366+0.144684j,1.980782
-0.018123+0.468119j,-0.532452+1.253500j,0.077260+0.144678j,1.981901
-0.018510+0.467973j,-0.531245+1.254749j,0.077155+0.144671j,1.983021
-0.018898+0.467826j,-0.530030+1.256005j,0.077049+0.144664j,1.984142
-0.019285+0.467680j,-0.528806+1.257267j,0.076944+0.144657j,1.985263
-0.019673+0.467533j,-0.527573+1.258536j,0.076838+0.144650j,1.986385
-0.020060+0.467386j,-0.526331+1.259813j,0.076733+0.144643j,1.987506
-0.020446+0.467238j,-0.525080+1.261096j,0.076627+0.144636j,1.988629
-0.020833+0.467091j,-0.523819+1.262387j,0.076522+0.144629j,1.989751
-0.021219+0.466943j,-0.522548+1.263685j,0.076417+0.144621j,1.990875
-0.021605+0.466794j,-0.521267+1.264990j,0.076311+0.144614j,1.991998
-0.021991+0.466646j,-0.519977+1.266304j,0.076206+0.144607j,1.993122
-0.022376+0.466497j,-0.518676+1.267625j,0.076101+0.144600j,1.994247
-0.022762+0.466348j,-0.517364+1.268954j,0.075996+0.144593j,1.995372
-0.023147+0.466198j,-0.516042+1.270291j,0.075891+0.144585j,1.996497
-0.023531+0.466048j,-0.514709+1.271637j,0.075786+0.144578j,1.997623
-0.023916+0.465898j,-0.513364+1.272992j,0.075681+0.144570j,1.998750
-0.024300+0.465748j,-0.512008+1.274355j,0.075576+0.144563j,1.999877
-0.024685+0.465598j,-0.510641+1.275727j,0.075471+0.144556j,2.001004
-0.025068+0.465447j,-0.509261+1.277108j,0.075366+0.144548j,2.002132
-0.025452+0.465296j,-0.507870+1.278498j,0.075261+0.144541j,2.003260
-0.025836+0.465144j,-0.506466+1.279899j,0.075156+0.144533j,2.004389
-0.026219+0.464993j,-0.505049+1.281309j,0.075052+0.144525j,2.005518
-0.026602+0.464841j,-0.503619+1.282728j,0.074947+0.144518j,2.006648
-0.026984+0.464688j,-0.502176+1.284159j,0.074842+0.144510j,2.007779
-0.027367+0.464536j,-0.500719+1.285600j,0.074738+0.144502j,2.008909
-0.027749+0.464383j,-0.499248+1.287051j,0.074633+0.144495j,2.010041
-0.028131+0.464230j,-0.497762+1.288514j,0.074529+0.144487j,2.011173
-0.028513+0.464077j,-0.496262+1.289988j,0.074424+0.144479j,2.012305
-0.028895+0.463923j,-0.494747+1.291474j,0.074320+0.144471j,2.013438
-0.029276+0.463769j,-0.493216+1.292971j,0.074215+0.144463j,2.014572
-0.029657+0.463615j,-0.491669+1.294481j,0.074111+0.144455j,2.015706
-0.030038+0.463460j,-0.490106+1.296004j,0.074007+0.144447j,2.016841
-0.030418+0.463306j,-0.488526+1.297540j,0.073903+0.144439j,2.017976
-0.030799+0.463151j,-0.486929+1.299089j,0.073798+0.144431j,2.019112
-0.031179+0.462995j,-0.485313+1.300652j,0.073694+0.144423j,2.020248
-0.031559+0.462840j,-0.483679+1.302230j,0.073590+0.144415j,2.021386
-0.031939+0.462684j,-0.482027+1.303822j,0.073486+0.144407j,2.022523
-0.032318+0.462528j,-0.480354+1.305429j,0.073382+0.144399j,2.023661
-0.032697+0.462372j,-0.478662+1.307052j,0.073278+0.144391j,2.024800
-0.033076+0.462215j,-0.476949+1.308691j,0.073174+0.144383j,2.025940
-0.033455+0.462058j,-0.475214+1.310347j,0.073071+0.144374j,2.027080
-0.033833+0.461901j,-0.473457+1.312020j,0.072967+0.144366j,2.028221
-0.034212+0.461743j,-0.471676+1.313711j,0.072863+0.144358j,2.029362
-0.034590+0.461585j,-0.469872+1.315420j,0.072759+0.144349j,2.030504
-0.034967+0.461427j,-0.468043+1.317149j,0.072656+0.144341j,2.031647
-0.035345+0.461269j,-0.466188+1.318899j,0.072552+0.144333j,2.032791
-0.035722+0.461111j,-0.464307+1.320668j,0.072448+0.144324j,2.033935
-0.036099+0.460952j,-0.462398+1.322460j,0.072345+0.144316j,2.035080
-0.036476+0.460793j,-0.460460+1.324274j,0.072241+0.144307j,2.036225
-0.036853+0.460633j,-0.458491+1.326112j,0.072138+0.144299j,2.037372
-0.037229+0.460474j,-0.456491+1.327974j,0.072034+0.144290j,2.038519
-0.037605+0.460314j,-0.454458+1.329863j,0.071931+0.144281j,2.039667
-0.037981+0.460153j,-0.452391+1.331778j,0.071828+0.144273j,2.040815
-0.038356+0.459993j,-0.450288+1.333721j,0.071724+0.144264j,2.041965
-0.038732+0.459832j,-0.448147+1.335694j,0.071621+0.144255j,2.043115
-0.039107+0.459671j,-0.445965+1.337698j,0.071518+0.144246j,2.044266
-0.039482+0.459510j,-0.443742+1.339736j,0.071415+0.144238j,2.045418
-0.039857+0.459348j,-0.441475+1.341808j,0.071312+0.144229j,2.046571
-0.040231+0.459186j,-0.439161+1.343916j,0.071209+0.144220j,2.047725
-0.040605+0.459024j,-0.436797+1.346064j,0.071106+0.144211j,2.048879
-0.040979+0.458862j,-0.434380+1.348253j,0.071003+0.144202j,2.050035
-0.041353+0.458699j,-0.431907+1.350487j,0.070900+0.144193j,2.051191
-0.041726+0.458536j,-0.429374+1.352767j,0.070797+0.144184j,2.052349
-0.042099+0.458373j,-0.426777+1.355099j,0.070694+0.144175j,2.053507
-0.042472+0.458210j,-0.424111+1.357484j,0.070591+0.144166j,2.054667
-0.042845+0.458046j,-0.421370+1.359929j,0.070489+0.144157j,2.055827
-0.043218+0.457882j,-0.418548+1.362438j,0.070386+0.144148j,2.056989
-0.043590+0.457718j,-0.415639+1.365016j,0.070283+0.144139j,2.058152
-0.043962+0.457553j,-0.412632+1.367670j,0.070181+0.144129j,2.059316
-0.044334+0.457389j,-0.409520+1.370408j,0.070078+0.144120j,2.060481
-0.044705+0.457224j,-0.406290+1.373239j,0.069976+0.144111j,2.061647
-0.045076+0.457058j,-0.402928+1.376174j,0.069873+0.144102j,2.062815
-0.045447+0.456893j,-0.399419+1.379226j,0.069771+0.144092j,2.063984
-0.045818+0.456727j,-0.395741+1.382412j,0.069668+0.144083j,2.065155
-0.046189+0.456561j,-0.391868+1.385753j,0.069566+0.144073j,2.066327
-0.046559+0.456394j,-0.387767+1.389274j,0.069464+0.144064j,2.067501
-0.046929+0.456228j,-0.383394+1.393011j,0.069362+0.144055j,2.068676
-0.047299+0.456061j,-0.378689+1.397012j,0.069259+0.144045j,2.069854
-0.047669+0.455894j,-0.373564+1.401347j,0.069157+0.144035j,2.071033
-0.048038+0.455726j,-0.367885+1.406123j,0.069055+0.144026j,2.072215
-0.048407+0.455559j,-0.361428+1.411518j,0.068953+0.144016j,2.073400
-0.048776+0.455391j,-0.353752+1.417883j,0.068851+0.144007j,2.074588
-0.049144+0.455223j,-0.343727+1.426121j,0.068749+0.143997j,2.075779
-0.049513+0.455054j,-0.319440+1.445734j,0.068647+0.143987j,2.076981
