0.800000+0.000000j,0.236710+2.047222j,-0.317109-1.565346j,0.000000
0.800398-0.000666j,0.236495+2.047415j,-0.317425-1.565198j,0.003541
0.800795-0.001332j,0.236279+2.047608j,-0.317740-1.565051j,0.007083
0.801193-0.001999j,0.236063+2.047802j,-0.318055-1.564904j,0.010624
0.801589-0.002667j,0.235846+2.047995j,-0.318370-1.564757j,0.014166
0.801986-0.003335j,0.235630+2.048188j,-0.318685-1.564611j,0.017707
0.802382-0.004004j,0.235413+2.048382j,-0.319000-1.564465j,0.021249
0.802778-0.004674j,0.235196+2.048575j,-0.319314-1.564318j,0.024790
0.803173-0.005344j,0.234979+2.048769j,-0.319628-1.564173j,0.028332
0.803568-0.006015j,0.234762+2.048962j,-0.319943-1.564027j,0.031874
0.803963-0.006687j,0.234544+2.049156j,-0.320256-1.563881j,0.035416
0.804357-0.007359j,0.234326+2.049350j,-0.320570-1.563736j,0.038957
0.804751-0.008032j,0.234109+2.049544j,-0.320884-1.563591j,0.042499
0.805144-0.008706j,0.233890+2.049737j,-0.321197-1.563446j,0.046041
0.805538-0.009380j,0.233672+2.049931j,-0.321510-1.563302j,0.049583
0.805930-0.010055j,0.233454+2.050125j,-0.321823-1.563157j,0.053126
0.806323-0.010730j,0.233235+2.050319j,-0.322136-1.563013j,0.056668
0.806715-0.011407j,0.233016+2.050514j,-0.322449-1.562869j,0.060210
0.807107-0.012084j,0.232797+2.050708j,-0.322761-1.562726j,0.063752
0.807498-0.012761j,0.232578+2.050902j,-0.323073-1.562582j,0.067295
0.807889-0.013440j,0.232358+2.051096j,-0.323385-1.562439j,0.070837
0.808280-0.014119j,0.232139+2.051291j,-0.323697-1.562296j,0.074380
0.808670-0.014798j,0.231919+2.051485j,-0.324009-1.562153j,0.077922
0.809060-0.015478j,0.231699+2.051680j,-0.324320-1.562010j,0.081465
0.809449-0.016159j,0.231479+2.051874j,-0.324632-1.561868j,0.085008
0.809839-0.016841j,0.231258+2.052069j,-0.324943-1.561726j,0.088550
0.810227-0.017523j,0.231038+2.052264j,-0.325254-1.561584j,0.092093
0.810616-0.018206j,0.230817+2.052459j,-0.325565-1.561442j,0.095636
0.811004-0.018890j,0.230596+2.052653j,-0.325875-1.561301j,0.099179
0.811391-0.019574j,0.230375+2.052848j,-0.326185-1.561159j,0.102722
0.811779-0.020259j,0.230153+2.053043j,-0.326496-1.561018j,0.106265
0.812165-0.020944j,0.229932+2.053238j,-0.326806-1.560877j,0.109808
0.812552-0.021631j,0.229710+2.053434j,-0.327115-1.560737j,0.113351
0.812938-0.022318j,0.229488+2.053629j,-0.327425-1.560596j,0.116895
0.813324-0.023005j,0.229266+2.053824j,-0.327734-1.560456j,0.120438
0.813709-0.023693j,0.229044+2.054019j,-0.328044-1.560316j,0.123981
0.814094-0.024382j,0.228821+2.054215j,-0.328353-1.560176j,0.127525
0.814479-0.025072j,0.228599+2.054410j,-0.328661-1.560036j,0.131068
0.814863-0.025762j,0.228376+2.054606j,-0.328970-1.559897j,0.134612
0.815247-0.026453j,0.228153+2.054801j,-0.329278-1.559758j,0.138156
0.815630-0.027144j,0.227929+2.054997j,-0.329587-1.559619j,0.141699
0.816013-0.027837j,0.227706+2.055193j,-0.329895-1.559480j,0.145243
0.816396-0.028529j,0.227482+2.055389j,-0.330202-1.559342j,0.148787
0.816778-0.029223j,0.227259+2.055585j,-0.330510-1.559204j,0.152331
0.817160-0.029917j,0.227035+2.055781j,-0.330818-1.559066j,0.155875
0.817542-0.030612j,0.226810+2.055977j,-0.331125-1.558928j,0.159419
0.817923-0.031307j,0.226586+2.056173j,-0.331432-1.558790j,0.162963
0.818304-0.032004j,0.226361+2.056369j,-0.331739-1.558653j,0.166507
0.818684-0.032700j,0.226137+2.056565j,-0.332045-1.558515j,0.170052
0.819064-0.033398j,0.225912+2.056762j,-0.332352-1.558378j,0.173596
0.819444-0.034096j,0.225687+2.056958j,-0.332658-1.558242j,0.177141
0.819823-0.034795j,0.225461+2.057154j,-0.332964-1.558105j,0.180685
0.820201-0.035494j,0.225236+2.057351j,-0.333270-1.557969j,0.184230
0.820580-0.036195j,0.225010+2.057548j,-0.333576-1.557833j,0.187774
0.820958-0.036895j,0.224784+2.057744j,-0.333881-1.557697j,0.191319
0.821335-0.037597j,0.224558+2.057941j,-0.334186-1.557561j,0.194864
0.821713-0.038299j,0.224332+2.058138j,-0.334491-1.557426j,0.198408
0.822089-0.039002j,0.224105+2.058335j,-0.334796-1.557290j,0.201953
0.822466-0.039705j,0.223879+2.058532j,-0.335101-1.557155j,0.205498
0.822842-0.040409j,0.223652+2.058729j,-0.335405-1.557020j,0.209043
0.823218-0.041114j,0.223425+2.058926j,-0.335709-1.556886j,0.212589
0.823593-0.041820j,0.223198+2.059123j,-0.336013-1.556751j,0.216134
0.823968-0.042526j,0.222970+2.059320j,-0.336317-1.556617j,0.219679
0.824342-0.043233j,0.222743+2.059518j,-0.336621-1.556483j,0.223224
0.824716-0.043940j,0.222515+2.059715j,-0.336924-1.556349j,0.226770
0.825090-0.044648j,0.222287+2.059912j,-0.337227-1.556216j,0.230315
0.825463-0.045357j,0.222059+2.060110j,-0.337530-1.556083j,0.233861
0.825836-0.046066j,0.221831+2.060308j,-0.337833-1.555949j,0.237406
0.826208-0.046776j,0.221602+2.060505j,-0.338136-1.555816j,0.240952
0.826580-0.047487j,0.221374+2.060703j,-0.338438-1.555684j,0.244498
0.826952-0.048199j,0.221145+2.060901j,-0.338740-1.555551j,0.248044
0.827323-0.048911j,0.220916+2.061099j,-0.339042-1.555419j,0.251590
0.827694-0.049623j,0.220687+2.061297j,-0.339344-1.555287j,0.255136
0.828064-0.050337j,0.220457+2.061495j,-0.339645-1.555155j,0.258682
0.828434-0.051051j,0.220228+2.061693j,-0.339947-1.555024j,0.262228
0.828803-0.051766j,0.219998+2.061891j,-0.340248-1.554892j,0.265774
0.829173-0.052481j,0.219768+2.062090j,-0.340549-1.554761j,0.269320
0.829541-0.053197j,0.219538+2.062288j,-0.340849-1.554630j,0.272867
0.829910-0.053914j,0.219308+2.062486j,-0.341150-1.554499j,0.276413
0.830277-0.054631j,0.219077+2.062685j,-0.341450-1.554369j,0.279960
0.830645-0.055349j,0.218847+2.062884j,-0.341750-1.554238j,0.283506
0.831012-0.056068j,0.218616+2.063082j,-0.342050-1.554108j,0.287053
0.831379-0.056787j,0.218385+2.063281j,-0.342350-1.553978j,0.290600
0.831745-0.057507j,0.218154+2.063480j,-0.342649-1.553848j,0.294146
0.832111-0.058228j,0.217922+2.063679j,-0.342948-1.553719j,0.297693
0.832476-0.058950j,0.217691+2.063878j,-0.343247-1.553590j,0.301240
0.832841-0.059672j,0.217459+2.064077j,-0.343546-1.553460j,0.304787
0.833206-0.060394j,0.217227+2.064276j,-0.343844-1.553332j,0.308335
0.833570-0.061118j,0.216995+2.064475j,-0.344143-1.553203j,0.311882
0.833933-0.061842j,0.216763+2.064674j,-0.344441-1.553074j,0.315429
0.834297-0.062566j,0.216530+2.064874j,-0.344739-1.552946j,0.318976
0.834660-0.063292j,0.216298+2.065073j,-0.345036-1.552818j,0.322524
0.835022-0.064018j,0.216065+2.065273j,-0.345334-1.552690j,0.326071
0.835384-0.064744j,0.215832+2.065472j,-0.345631-1.552563j,0.329619
0.835746-0.065472j,0.215599+2.065672j,-0.345928-1.552435j,0.333167
0.836107-0.066200j,0.215366+2.065872j,-0.346225-1.552308j,0.336714
0.836468-0.066928j,0.215132+2.066072j,-0.346521-1.552181j,0.340262
0.836828-0.067658j,0.214898+2.066272j,-0.346818-1.552054j,0.343810
0.837188-0.068388j,0.214665+2.066472j,-0.347114-1.551928j,0.347358
0.837547-0.069118j,0.214431+2.066672j,-0.347410-1.551801j,0.350906
0.837906-0.069850j,0.214196+2.066872j,-0.347705-1.551675j,0.354454
0.838265-0.070582j,0.213962+2.067072j,-0.348001-1.551549j,0.358003
0.838623-0.071314j,0.213727+2.067272j,-0.348296-1.551424j,0.361551
0.838981-0.072047j,0.213493+2.067473j,-0.348591-1.551298j,0.365099
0.839338-0.072781j,0.213258+2.067673j,-0.348886-1.551173j,0.368648
0.839695-0.073516j,0.213023+2.067874j,-0.349180-1.551048j,0.372196
0.840052-0.074251j,0.212787+2.068074j,-0.349475-1.550923j,0.375745
0.840408-0.074987j,0.212552+2.068275j,-0.349769-1.550798j,0.379294
0.840763-0.075724j,0.212316+2.068476j,-0.350063-1.550674j,0.382842
0.841118-0.076461j,0.212081+2.068677j,-0.350356-1.550549j,0.386391
0.841473-0.077199j,0.211845+2.068878j,-0.350650-1.550425j,0.389940
0.841827-0.077938j,0.211609+2.069079j,-0.350943-1.550302j,0.393489
0.842181-0.078677j,0.211372+2.069280j,-0.351236-1.550178j,0.397038
0.842535-0.079417j,0.211136+2.069481j,-0.351529-1.550054j,0.400588
0.842887-0.080157j,0.210899+2.069682j,-0.351821-1.549931j,0.404137
0.843240-0.080899j,0.210662+2.069884j,-0.352113-1.549808j,0.407686
0.843592-0.081641j,0.210425+2.070085j,-0.352405-1.549685j,0.411236
0.843944-0.082383j,0.210188+2.070287j,-0.352697-1.549563j,0.414785
0.844295-0.083126j,0.209951+2.070488j,-0.352989-1.549440j,0.418335
0.844646-0.083870j,0.209713+2.070690j,-0.353280-1.549318j,0.421885
0.844996-0.084615j,0.209476+2.070892j,-0.353571-1.549196j,0.425434
0.845346-0.085360j,0.209238+2.071094j,-0.353862-1.549074j,0.428984
0.845695-0.086106j,0.209000+2.071295j,-0.354153-1.548953j,0.432534
0.846044-0.086852j,0.208762+2.071497j,-0.354443-1.548831j,0.436084
0.846393-0.087600j,0.208523+2.071700j,-0.354733-1.548710j,0.439634
0.846741-0.088347j,0.208285+2.071902j,-0.355023-1.548589j,0.443185
0.847088-0.089096j,0.208046+2.072104j,-0.355313-1.548469j,0.446735
0.847435-0.089845j,0.207807+2.072306j,-0.355603-1.548348j,0.450285
0.847782-0.090595j,0.207568+2.072509j,-0.355892-1.548228j,0.453836
0.848128-0.091346j,0.207329+2.072711j,-0.356181-1.548107j,0.457386
0.848474-0.092097j,0.207089+2.072914j,-0.356470-1.547988j,0.460937
0.848820-0.092849j,0.206850+2.073117j,-0.356758-1.547868j,0.464488
0.849164-0.093601j,0.206610+2.073319j,-0.357046-1.547748j,0.468039
0.849509-0.094354j,0.206370+2.073522j,-0.357335-1.547629j,0.471590
0.849853-0.095108j,0.206130+2.073725j,-0.357622-1.547510j,0.475141
0.850196-0.095862j,0.205890+2.073928j,-0.357910-1.547391j,0.478692
0.850540-0.096618j,0.205650+2.074131j,-0.358197-1.547272j,0.482243
0.850882-0.097373j,0.205409+2.074334j,-0.358484-1.547154j,0.485794
0.851224-0.098130j,0.205168+2.074538j,-0.358771-1.547035j,0.489345
0.851566-0.098887j,0.204927+2.074741j,-0.359058-1.546917j,0.492897
0.851907-0.099645j,0.204686+2.074944j,-0.359344-1.546799j,0.496448
0.852248-0.100403j,0.204445+2.075148j,-0.359631-1.546682j,0.500000
0.852588-0.101162j,0.204204+2.075351j,-0.359916-1.546564j,0.503552
0.852928-0.101922j,0.203962+2.075555j,-0.360202-1.546447j,0.507103
0.853268-0.102682j,0.203720+2.075759j,-0.360488-1.546330j,0.510655
0.853607-0.103444j,0.203478+2.075963j,-0.360773-1.546213j,0.514207
0.853945-0.104205j,0.203236+2.076167j,-0.361058-1.546096j,0.517759
0.854283-0.104968j,0.202994+2.076371j,-0.361342-1.545980j,0.521312
0.854621-0.105731j,0.202752+2.076575j,-0.361627-1.545863j,0.524864
0.854958-0.106495j,0.202509+2.076779j,-0.361911-1.545747j,0.528416
0.855294-0.107259j,0.202266+2.076983j,-0.362195-1.545632j,0.531969
0.855630-0.108024j,0.202023+2.077188j,-0.362479-1.545516j,0.535521
0.855966-0.108790j,0.201780+2.077392j,-0.362762-1.545400j,0.539074
0.856301-0.109556j,0.201537+2.077597j,-0.363046-1.545285j,0.542626
0.856636-0.110323j,0.201294+2.077801j,-0.363329-1.545170j,0.546179
0.856970-0.111091j,0.201050+2.078006j,-0.363611-1.545055j,0.549732
0.857304-0.111859j,0.200806+2.078211j,-0.363894-1.544940j,0.553285
0.857637-0.112628j,0.200563+2.078416j,-0.364176-1.544826j,0.556838
0.857970-0.113398j,0.200318+2.078621j,-0.364458-1.544712j,0.560391
0.858302-0.114168j,0.200074+2.078826j,-0.364740-1.544598j,0.563945
0.858634-0.114939j,0.199830+2.079031j,-0.365021-1.544484j,0.567498
0.858966-0.115711j,0.199585+2.079236j,-0.365302-1.544370j,0.571051
0.859297-0.116483j,0.199341+2.079441j,-0.365583-1.544257j,0.574605
0.859627-0.117256j,0.199096+2.079647j,-0.365864-1.544143j,0.578158
0.859957-0.118030j,0.198851+2.079852j,-0.366145-1.544030j,0.581712
0.860286-0.118804j,0.198606+2.080058j,-0.366425-1.543917j,0.585266
0.860615-0.119579j,0.198360+2.080264j,-0.366705-1.543805j,0.588820
0.860944-0.120354j,0.198115+2.080469j,-0.366985-1.543692j,0.592374
0.861272-0.121131j,0.197869+2.080675j,-0.367264-1.543580j,0.595928
0.861600-0.121908j,0.197623+2.080881j,-0.367543-1.543468j,0.599482
0.861927-0.122685j,0.197377+2.081087j,-0.367822-1.543356j,0.603036
0.862253-0.123463j,0.197131+2.081293j,-0.368101-1.543244j,0.606591
0.862579-0.124242j,0.196885+2.081499j,-0.368380-1.543133j,0.610145
0.862905-0.125022j,0.196638+2.081706j,-0.368658-1.543021j,0.613700
0.863230-0.125802j,0.196392+2.081912j,-0.368936-1.542910j,0.617255
0.863555-0.126583j,0.196145+2.082119j,-0.369214-1.542799j,0.620809
0.863879-0.127364j,0.195898+2.082325j,-0.369491-1.542689j,0.624364
0.864203-0.128147j,0.195651+2.082532j,-0.369768-1.542578j,0.627919
0.864526-0.128929j,0.195403+2.082738j,-0.370045-1.542468j,0.631474
0.864848-0.129713j,0.195156+2.082945j,-0.370322-1.542358j,0.635029
0.865171-0.130497j,0.194908+2.083152j,-0.370598-1.542248j,0.638585
0.865492-0.131282j,0.194661+2.083359j,-0.370874-1.542138j,0.642140
0.865814-0.132067j,0.194413+2.083566j,-0.371150-1.542028j,0.645695
0.866134-0.132854j,0.194165+2.083773j,-0.371426-1.541919j,0.649251
0.866455-0.133640j,0.193916+2.083981j,-0.371701-1.541810j,0.652807
0.866774-0.134428j,0.193668+2.084188j,-0.371976-1.541701j,0.656362
0.867094-0.135216j,0.193419+2.084396j,-0.372251-1.541592j,0.659918
0.867412-0.136005j,0.193171+2.084603j,-0.372526-1.541483j,0.663474
0.867730-0.136794j,0.192922+2.084811j,-0.372800-1.541375j,0.667030
0.868048-0.137584j,0.192673+2.085018j,-0.373074-1.541267j,0.670586
0.868365-0.138375j,0.192424+2.085226j,-0.373348-1.541159j,0.674142
0.868682-0.139166j,0.192174+2.085434j,-0.373622-1.541051j,0.677699
0.868998-0.139958j,0.191925+2.085642j,-0.373895-1.540943j,0.681255
0.869314-0.140751j,0.191675+2.085850j,-0.374168-1.540836j,0.684812
0.869629-0.141544j,0.191425+2.086058j,-0.374441-1.540729j,0.688368
0.869944-0.142339j,0.191175+2.086267j,-0.374713-1.540622j,0.691925
0.870258-0.143133j,0.190925+2.086475j,-0.374985-1.540515j,0.695482
0.870572-0.143929j,0.190675+2.086683j,-0.375257-1.540408j,0.699039
0.870885-0.144725j,0.190425+2.086892j,-0.375529-1.540302j,0.702596
0.871198-0.145521j,0.190174+2.087101j,-0.375801-1.540196j,0.706153
0.871510-0.146318j,0.189923+2.087309j,-0.376072-1.540089j,0.709710
0.871822-0.147116j,0.189672+2.087518j,-0.376343-1.539984j,0.713268
0.872133-0.147915j,0.189421+2.087727j,-0.376613-1.539878j,0.716825
0.872444-0.148714j,0.189170+2.087936j,-0.376884-1.539772j,0.720383
0.872754-0.149514j,0.188919+2.088145j,-0.377154-1.539667j,0.723940
0.873064-0.150315j,0.188667+2.088354j,-0.377424-1.539562j,0.727498
0.873373-0.151116j,0.188416+2.088564j,-0.377693-1.539457j,0.731056
0.873681-0.151918j,0.188164+2.088773j,-0.377962-1.539352j,0.734614
0.873989-0.152721j,0.187912+2.088982j,-0.378231-1.539248j,0.738172
0.874297-0.153524j,0.187660+2.089192j,-0.378500-1.539143j,0.741730
0.874604-0.154328j,0.187408+2.089402j,-0.378769-1.539039j,0.745288
0.874911-0.155132j,0.187155+2.089611j,-0.379037-1.538935j,0.748847
0.875217-0.155937j,0.186903+2.089821j,-0.379305-1.538831j,0.752405
0.875522-0.156743j,0.186650+2.090031j,-0.379572-1.538728j,0.755964
0.875827-0.157550j,0.186397+2.090241j,-0.379840-1.538624j,0.759522
0.876132-0.158357j,0.186144+2.090451j,-0.380107-1.538521j,0.763081
0.876436-0.159165j,0.185891+2.090662j,-0.380374-1.538418j,0.766640
0.876739-0.159973j,0.185637+2.090872j,-0.380640-1.538315j,0.770199
0.877042-0.160782j,0.185384+2.091082j,-0.380907-1.538212j,0.773758
0.877345-0.161592j,0.185130+2.091293j,-0.381173-1.538110j,0.777317
0.877646-0.162402j,0.184877+2.091503j,-0.381438-1.538007j,0.780877
0.877948-0.163213j,0.184623+2.091714j,-0.381704-1.537905j,0.784436
0.878249-0.164025j,0.184369+2.091925j,-0.381969-1.537803j,0.787995
0.878549-0.164838j,0.184114+2.092136j,-0.382234-1.537702j,0.791555
0.878849-0.165651j,0.183860+2.092347j,-0.382499-1.537600j,0.795115
0.879148-0.166464j,0.183605+2.092558j,-0.382763-1.537499j,0.798675
0.879447-0.167279j,0.183351+2.092769j,-0.383027-1.537397j,0.802235
0.879745-0.168094j,0.183096+2.092980j,-0.383291-1.537296j,0.805795
0.880043-0.168909j,0.182841+2.093191j,-0.383554-1.537195j,0.809355
0.880340-0.169726j,0.182586+2.093403j,-0.383818-1.537095j,0.812915
0.880636-0.170542j,0.182331+2.093614j,-0.384081-1.536994j,0.816475
0.880932-0.171360j,0.182075+2.093826j,-0.384343-1.536894j,0.820036
0.881228-0.172178j,0.181820+2.094038j,-0.384606-1.536794j,0.823597
0.881523-0.172997j,0.181564+2.094249j,-0.384868-1.536694j,0.827157
0.881817-0.173817j,0.181308+2.094461j,-0.385130-1.536594j,0.830718
0.882111-0.174637j,0.181052+2.094673j,-0.385391-1.536495j,0.834279
0.882405-0.175458j,0.180796+2.094885j,-0.385652-1.536395j,0.837840
0.882698-0.176279j,0.180540+2.095098j,-0.385913-1.536296j,0.841401
0.882990-0.177102j,0.180283+2.095310j,-0.386174-1.536197j,0.844962
0.883282-0.177924j,0.180026+2.095522j,-0.386435-1.536098j,0.848524
0.883573-0.178748j,0.179770+2.095735j,-0.386695-1.536000j,0.852085
0.883864-0.179572j,0.179513+2.095947j,-0.386955-1.535901j,0.855647
0.884154-0.180397j,0.179256+2.096160j,-0.387214-1.535803j,0.859208
0.884443-0.181222j,0.178999+2.096373j,-0.387473-1.535705j,0.862770
0.884733-0.182048j,0.178741+2.096586j,-0.387732-1.535607j,0.866332
0.885021-0.182875j,0.178484+2.096799j,-0.387991-1.535509j,0.869894
0.885309-0.183702j,0.178226+2.097012j,-0.388250-1.535411j,0.873456
0.885597-0.184531j,0.177969+2.097225j,-0.388508-1.535314j,0.877018
0.885883-0.185359j,0.177711+2.097438j,-0.388766-1.535217j,0.880581
0.886170-0.186189j,0.177453+2.097651j,-0.389023-1.535120j,0.884143
0.886456-0.187019j,0.177194+2.097865j,-0.389280-1.535023j,0.887706
0.886741-0.187849j,0.176936+2.098078j,-0.389537-1.534926j,0.891268
0.887026-0.188680j,0.176678+2.098292j,-0.389794-1.534830j,0.894831
0.887310-0.189512j,0.176419+2.098506j,-0.390051-1.534733j,0.898394
0.887593-0.190345j,0.176160+2.098720j,-0.390307-1.534637j,0.901957
0.887876-0.191178j,0.175901+2.098933j,-0.390563-1.534541j,0.905520
0.888159-0.192012j,0.175642+2.099147j,-0.390818-1.534445j,0.909083
0.888441-0.192847j,0.175383+2.099362j,-0.391073-1.534350j,0.912647
0.888722-0.193682j,0.175124+2.099576j,-0.391328-1.534254j,0.916210
0.889003-0.194518j,0.174864+2.099790j,-0.391583-1.534159j,0.919774
0.889283-0.195354j,0.174605+2.100005j,-0.391837-1.534064j,0.923338
0.889563-0.196191j,0.174345+2.100219j,-0.392091-1.533969j,0.926901
0.889842-0.197029j,0.174085+2.100434j,-0.392345-1.533874j,0.930465
0.890121-0.197868j,0.173825+2.100648j,-0.392599-1.533780j,0.934029
0.890399-0.198707j,0.173565+2.100863j,-0.392852-1.533685j,0.937593
0.890676-0.199546j,0.173305+2.101078j,-0.393105-1.533591j,0.941158
0.890953-0.200387j,0.173044+2.101293j,-0.393357-1.533497j,0.944722
0.891230-0.201228j,0.172783+2.101508j,-0.393610-1.533403j,0.948287
0.891506-0.202070j,0.172523+2.101723j,-0.393862-1.533309j,0.951851
0.891781-0.202912j,0.172262+2.101939j,-0.394114-1.533216j,0.955416
0.892055-0.203755j,0.172001+2.102154j,-0.394365-1.533123j,0.958981
0.892330-0.204598j,0.171740+2.102369j,-0.394616-1.533029j,0.962546
0.892603-0.205443j,0.171478+2.102585j,-0.394867-1.532936j,0.966111
0.892876-0.206288j,0.171217+2.102801j,-0.395117-1.532843j,0.969676
0.893149-0.207133j,0.170955+2.103017j,-0.395368-1.532751j,0.973241
0.893420-0.207979j,0.170694+2.103232j,-0.395618-1.532658j,0.976807
0.893692-0.208826j,0.170432+2.103448j,-0.395867-1.532566j,0.980372
0.893962-0.209674j,0.170170+2.103664j,-0.396117-1.532474j,0.983938
0.894233-0.210522j,0.169908+2.103881j,-0.396366-1.532382j,0.987503
0.894502-0.211371j,0.169646+2.104097j,-0.396614-1.532290j,0.991069
0.894771-0.212220j,0.169383+2.104313j,-0.396863-1.532198j,0.994635
0.895040-0.213070j,0.169121+2.104530j,-0.397111-1.532107j,0.998201
0.895307-0.213921j,0.168858+2.104746j,-0.397359-1.532016j,1.001768
0.895575-0.214772j,0.168595+2.104963j,-0.397606-1.531924j,1.005334
0.895841-0.215625j,0.168332+2.105180j,-0.397854-1.531833j,1.008901
0.896107-0.216477j,0.168069+2.105397j,-0.398101-1.531743j,1.012467
0.896373-0.217331j,0.167806+2.105614j,-0.398347-1.531652j,1.016034
0.896638-0.218184j,0.167543+2.105831j,-0.398594-1.531561j,1.019601
0.896902-0.219039j,0.167279+2.106048j,-0.398840-1.531471j,1.023168
0.897166-0.219894j,0.167015+2.106265j,-0.399085-1.531381j,1.026735
0.897429-0.220750j,0.166752+2.106483j,-0.399331-1.531291j,1.030302
0.897692-0.221607j,0.166488+2.106700j,-0.399576-1.531201j,1.033869
0.897954-0.222464j,0.166224+2.106918j,-0.399821-1.531112j,1.037437
0.898216-0.223322j,0.165960+2.107135j,-0.400065-1.531022j,1.041004
0.898477-0.224180j,0.165695+2.107353j,-0.400309-1.530933j,1.044572
0.898737-0.225039j,0.165431+2.107571j,-0.400553-1.530844j,1.048140
0.898997-0.225899j,0.165166+2.107789j,-0.400797-1.530755j,1.051707
0.899256-0.226760j,0.164902+2.108007j,-0.401040-1.530666j,1.055275
0.899514-0.227621j,0.164637+2.108225j,-0.401283-1.530577j,1.058844
0.899772-0.228482j,0.164372+2.108443j,-0.401526-1.530489j,1.062412
0.900030-0.229345j,0.164107+2.108662j,-0.401768-1.530400j,1.065980
0.900286-0.230208j,0.163842+2.108880j,-0.402010-1.530312j,1.069549
0.900543-0.231071j,0.163576+2.109099j,-0.402252-1.530224j,1.073117
0.900798-0.231936j,0.163311+2.109318j,-0.402493-1.530136j,1.076686
0.901053-0.232801j,0.163045+2.109536j,-0.402734-1.530049j,1.080255
0.901308-0.233666j,0.162779+2.109755j,-0.402975-1.529961j,1.083824
0.901561-0.234532j,0.162513+2.109974j,-0.403216-1.529874j,1.087393
0.901815-0.235399j,0.162247+2.110193j,-0.403456-1.529787j,1.090962
0.902067-0.236267j,0.161981+2.110412j,-0.403696-1.529700j,1.094532
0.902319-0.237135j,0.161715+2.110632j,-0.403935-1.529613j,1.098101
0.902571-0.238004j,0.161449+2.110851j,-0.404175-1.529526j,1.101671
0.902822-0.238873j,0.161182+2.111071j,-0.404413-1.529440j,1.105240
0.903072-0.239743j,0.160915+2.111290j,-0.404652-1.529353j,1.108810
0.903322-0.240614j,0.160649+2.111510j,-0.404890-1.529267j,1.112380
0.903571-0.241485j,0.160382+2.111730j,-0.405128-1.529181j,1.115950
0.903819-0.242357j,0.160115+2.111950j,-0.405366-1.529095j,1.119521
0.904067-0.243230j,0.159847+2.112170j,-0.405603-1.529009j,1.123091
0.904314-0.244103j,0.159580+2.112390j,-0.405840-1.528924j,1.126661
0.904561-0.244977j,0.159313+2.112610j,-0.406077-1.528838j,1.130232
0.904807-0.245851j,0.159045+2.112830j,-0.406314-1.528753j,1.133803
0.905052-0.246726j,0.158777+2.113051j,-0.406550-1.528668j,1.137374
0.905297-0.247602j,0.158509+2.113271j,-0.406785-1.528583j,1.140945
0.905541-0.248479j,0.158241+2.113492j,-0.407021-1.528498j,1.144516
0.905785-0.249356j,0.157973+2.113712j,-0.407256-1.528413j,1.148087
0.906028-0.250234j,0.157705+2.113933j,-0.407491-1.528329j,1.151658
0.906270-0.251112j,0.157437+2.114154j,-0.407725-1.528245j,1.155230
0.906512-0.251991j,0.157168+2.114375j,-0.407960-1.528160j,1.158801
0.906753-0.252871j,0.156900+2.114596j,-0.408193-1.528076j,1.162373
0.906994-0.253751j,0.156631+2.114817j,-0.408427-1.527993j,1.165945
0.907234-0.254632j,0.156362+2.115039j,-0.408660-1.527909j,1.169517
0.907473-0.255513j,0.156093+2.115260j,-0.408893-1.527825j,1.173089
0.907712-0.256396j,0.155824+2.115482j,-0.409126-1.527742j,1.176661
0.907950-0.257278j,0.155555+2.115703j,-0.409358-1.527659j,1.180234
0.908187-0.258162j,0.155285+2.115925j,-0.409590-1.527576j,1.183806
0.908424-0.259046j,0.155016+2.116147j,-0.409822-1.527493j,1.187379
0.908661-0.259931j,0.154746+2.116369j,-0.410053-1.527410j,1.190951
0.908896-0.260816j,0.154477+2.116591j,-0.410284-1.527327j,1.194524
0.909131-0.261702j,0.154207+2.116813j,-0.410515-1.527245j,1.198097
0.909366-0.262589j,0.153937+2.117035j,-0.410745-1.527162j,1.201670
0.909599-0.263476j,0.153667+2.117258j,-0.410975-1.527080j,1.205244
0.909832-0.264364j,0.153396+2.117480j,-0.411205-1.526998j,1.208817
0.910065-0.265253j,0.153126+2.117703j,-0.411434-1.526916j,1.212391
0.910297-0.266142j,0.152856+2.117925j,-0.411663-1.526835j,1.215964
0.910528-0.267032j,0.152585+2.118148j,-0.411892-1.526753j,1.219538
0.910759-0.267922j,0.152314+2.118371j,-0.412120-1.526671j,1.223112
0.910989-0.268813j,0.152043+2.118594j,-0.412348-1.526590j,1.226686
0.911218-0.269705j,0.151772+2.118817j,-0.412576-1.526509j,1.230260
0.911447-0.270597j,0.151501+2.119040j,-0.412803-1.526428j,1.233834
0.911675-0.271490j,0.151230+2.119263j,-0.413030-1.526347j,1.237409
0.911903-0.272384j,0.150959+2.119487j,-0.413257-1.526267j,1.240983
0.912130-0.273278j,0.150687+2.119710j,-0.413483-1.526186j,1.244558
0.912356-0.274173j,0.150416+2.119934j,-0.413710-1.526106j,1.248133
0.912581-0.275069j,0.150144+2.120158j,-0.413935-1.526025j,1.251708
0.912806-0.275965j,0.149872+2.120381j,-0.414161-1.525945j,1.255283
0.913031-0.276862j,0.149600+2.120605j,-0.414386-1.525865j,1.258858
0.913254-0.277759j,0.149328+2.120829j,-0.414611-1.525785j,1.262433
0.913478-0.278657j,0.149056+2.121053j,-0.414835-1.525706j,1.266009
0.913700-0.279556j,0.148784+2.121278j,-0.415059-1.525626j,1.269584
0.913922-0.280455j,0.148511+2.121502j,-0.415283-1.525547j,1.273160
0.914143-0.281355j,0.148239+2.121726j,-0.415506-1.525468j,1.276736
0.914364-0.282256j,0.147966+2.121951j,-0.415730-1.525389j,1.280312
0.914583-0.283157j,0.147693+2.122176j,-0.415952-1.525310j,1.283888
0.914803-0.284059j,0.147420+2.122400j,-0.416175-1.525231j,1.287464
0.915021-0.284961j,0.147147+2.122625j,-0.416397-1.525152j,1.291041
0.915239-0.285864j,0.146874+2.122850j,-0.416619-1.525074j,1.294617
0.915457-0.286768j,0.146601+2.123075j,-0.416840-1.524995j,1.298194
0.915673-0.287673j,0.146327+2.123300j,-0.417061-1.524917j,1.301771
0.915889-0.288578j,0.146054+2.123526j,-0.417282-1.524839j,1.305347
0.916105-0.289483j,0.145780+2.123751j,-0.417503-1.524761j,1.308924
0.916319-0.290390j,0.145506+2.123976j,-0.417723-1.524683j,1.312502
0.916534-0.291296j,0.145232+2.124202j,-0.417942-1.524606j,1.316079
0.916747-0.292204j,0.144958+2.124428j,-0.418162-1.524528j,1.319656
0.916960-0.293112j,0.144684+2.124653j,-0.418381-1.524451j,1.323234
0.917172-0.294021j,0.144410+2.124879j,-0.418600-1.524373j,1.326812
0.917383-0.294930j,0.144136+2.125105j,-0.418818-1.524296j,1.330390
0.917594-0.295840j,0.143861+2.125331j,-0.419036-1.524219j,1.333968
0.917804-0.296751j,0.143587+2.125558j,-0.419254-1.524142j,1.337546
0.918014-0.297662j,0.143312+2.125784j,-0.419471-1.524066j,1.341124
0.918223-0.298574j,0.143037+2.126010j,-0.419689-1.523989j,1.344702
0.918431-0.299487j,0.142762+2.126237j,-0.419905-1.523913j,1.348281
0.918639-0.300400j,0.142487+2.126463j,-0.420122-1.523837j,1.351860
0.918846-0.301314j,0.142212+2.126690j,-0.420338-1.523760j,1.355438
0.919052-0.302228j,0.141937+2.126917j,-0.420554-1.523684j,1.359017
0.919257-0.303143j,0.141661+2.127144j,-0.420769-1.523608j,1.362596
0.919462-0.304059j,0.141386+2.127371j,-0.420984-1.523533j,1.366176
0.919667-0.304975j,0.141110+2.127598j,-0.421199-1.523457j,1.369755
0.919870-0.305892j,0.140835+2.127825j,-0.421413-1.523382j,1.373334
0.920073-0.306810j,0.140559+2.128053j,-0.421627-1.523306j,1.376914
0.920276-0.307728j,0.140283+2.128280j,-0.421841-1.523231j,1.380494
0.920477-0.308647j,0.140007+2.128508j,-0.422054-1.523156j,1.384074
0.920678-0.309566j,0.139731+2.128735j,-0.422267-1.523081j,1.387654
0.920878-0.310486j,0.139454+2.128963j,-0.422480-1.523006j,1.391234
0.921078-0.311407j,0.139178+2.129191j,-0.422692-1.522932j,1.394814
0.921277-0.312328j,0.138901+2.129419j,-0.422904-1.522857j,1.398394
0.921475-0.313250j,0.138625+2.129647j,-0.423116-1.522783j,1.401975
0.921673-0.314173j,0.138348+2.129875j,-0.423327-1.522708j,1.405556
0.921870-0.315096j,0.138071+2.130104j,-0.423538-1.522634j,1.409137
0.922066-0.316020j,0.137794+2.130332j,-0.423748-1.522560j,1.412718
0.922262-0.316944j,0.137517+2.130561j,-0.423959-1.522486j,1.416299
0.922457-0.317869j,0.137240+2.130789j,-0.424169-1.522413j,1.419880
0.922651-0.318795j,0.136962+2.131018j,-0.424378-1.522339j,1.423461
0.922845-0.319721j,0.136685+2.131247j,-0.424587-1.522266j,1.427043
0.923038-0.320648j,0.136407+2.131476j,-0.424796-1.522192j,1.430625
0.923230-0.321576j,0.136130+2.131705j,-0.425005-1.522119j,1.434206
0.923422-0.322504j,0.135852+2.131934j,-0.425213-1.522046j,1.437788
0.923612-0.323433j,0.135574+2.132163j,-0.425421-1.521973j,1.441370
0.923803-0.324362j,0.135296+2.132393j,-0.425628-1.521900j,1.444953
0.923992-0.325292j,0.135018+2.132622j,-0.425835-1.521827j,1.448535
0.924181-0.326223j,0.134740+2.132852j,-0.426042-1.521755j,1.452118
0.924369-0.327154j,0.134461+2.133081j,-0.426248-1.521682j,1.455700
0.924557-0.328086j,0.134183+2.133311j,-0.426454-1.521610j,1.459283
0.924744-0.329019j,0.133905+2.133541j,-0.426660-1.521538j,1.462866
0.924930-0.329952j,0.133626+2.133771j,-0.426866-1.521466j,1.466449
0.925115-0.330885j,0.133347+2.134001j,-0.427071-1.521394j,1.470032
0.925300-0.331820j,0.133068+2.134231j,-0.427275-1.521322j,1.473616
0.925484-0.332755j,0.132789+2.134462j,-0.427480-1.521250j,1.477199
0.925667-0.333690j,0.132510+2.134692j,-0.427684-1.521179j,1.480783
0.925850-0.334627j,0.132231+2.134923j,-0.427887-1.521107j,1.484367
0.926032-0.335563j,0.131952+2.135153j,-0.428090-1.521036j,1.487950
0.926214-0.336501j,0.131672+2.135384j,-0.428293-1.520965j,1.491535
0.926394-0.337439j,0.131393+2.135615j,-0.428496-1.520893j,1.495119
0.926574-0.338378j,0.131113+2.135846j,-0.428698-1.520822j,1.498703
0.926753-0.339317j,0.130833+2.136077j,-0.428900-1.520752j,1.502288
0.926932-0.340257j,0.130554+2.136308j,-0.429101-1.520681j,1.505872
0.927110-0.341197j,0.130274+2.136540j,-0.429302-1.520610j,1.509457
0.927287-0.342139j,0.129994+2.136771j,-0.429503-1.520540j,1.513042
0.927464-0.343080j,0.129713+2.137002j,-0.429704-1.520469j,1.516627
0.927639-0.344023j,0.129433+2.137234j,-0.429904-1.520399j,1.520212
0.927814-0.344966j,0.129153+2.137466j,-0.430103-1.520329j,1.523797
0.927989-0.345909j,0.128872+2.137698j,-0.430303-1.520259j,1.527383
0.928163-0.346854j,0.128592+2.137930j,-0.430502-1.520189j,1.530969
0.928336-0.347798j,0.128311+2.138162j,-0.430700-1.520119j,1.534554
0.928508-0.348744j,0.128030+2.138394j,-0.430899-1.520050j,1.538140
0.928679-0.349690j,0.127749+2.138626j,-0.431097-1.519980j,1.541726
0.928850-0.350637j,0.127468+2.138858j,-0.431294-1.519911j,1.545313
0.929021-0.351584j,0.127187+2.139091j,-0.431491-1.519841j,1.548899
0.929190-0.352532j,0.126906+2.139323j,-0.431688-1.519772j,1.552485
0.929359-0.353480j,0.126625+2.139556j,-0.431885-1.519703j,1.556072
0.929527-0.354430j,0.126343+2.139789j,-0.432081-1.519634j,1.559659
0.929694-0.355379j,0.126062+2.140022j,-0.432277-1.519565j,1.563246
0.929861-0.356330j,0.125780+2.140255j,-0.432472-1.519497j,1.566833
0.930027-0.357281j,0.125498+2.140488j,-0.432667-1.519428j,1.570420
0.930192-0.358232j,0.125217+2.140721j,-0.432862-1.519359j,1.574007
0.930357-0.359184j,0.124935+2.140954j,-0.433056-1.519291j,1.577595
0.930521-0.360137j,0.124653+2.141188j,-0.433250-1.519223j,1.581183
0.930684-0.361091j,0.124370+2.141421j,-0.433444-1.519155j,1.584770
0.930846-0.362045j,0.124088+2.141655j,-0.433637-1.519087j,1.588358
0.931008-0.362999j,0.123806+2.141889j,-0.433830-1.519019j,1.591946
0.931169-0.363954j,0.123523+2.142123j,-0.434022-1.518951j,1.595535
0.931329-0.364910j,0.123241+2.142357j,-0.434215-1.518883j,1.599123
0.931489-0.365867j,0.122958+2.142591j,-0.434406-1.518815j,1.602712
0.931647-0.366824j,0.122675+2.142825j,-0.434598-1.518748j,1.606300
0.931805-0.367782j,0.122392+2.143059j,-0.434789-1.518681j,1.609889
0.931963-0.368740j,0.122110+2.143293j,-0.434980-1.518613j,1.613478
0.932120-0.369699j,0.121826+2.143528j,-0.435170-1.518546j,1.617067
0.932276-0.370658j,0.121543+2.143763j,-0.435360-1.518479j,1.620656
0.932431-0.371618j,0.121260+2.143997j,-0.435550-1.518412j,1.624246
0.932585-0.372579j,0.120977+2.144232j,-0.435739-1.518345j,1.627835
0.932739-0.373540j,0.120693+2.144467j,-0.435928-1.518279j,1.631425
0.932892-0.374502j,0.120410+2.144702j,-0.436116-1.518212j,1.635015
0.933044-0.375465j,0.120126+2.144937j,-0.436304-1.518145j,1.638605
0.933196-0.376428j,0.119842+2.145172j,-0.436492-1.518079j,1.642195
0.933347-0.377392j,0.119558+2.145408j,-0.436680-1.518013j,1.645785
0.933497-0.378356j,0.119274+2.145643j,-0.436867-1.517946j,1.649376
0.933647-0.379321j,0.118990+2.145879j,-0.437053-1.517880j,1.652966
0.933795-0.380286j,0.118706+2.146115j,-0.437240-1.517814j,1.656557
0.933943-0.381253j,0.118422+2.146350j,-0.437425-1.517748j,1.660148
0.934091-0.382219j,0.118138+2.146586j,-0.437611-1.517683j,1.663739
0.934237-0.383187j,0.117853+2.146822j,-0.437796-1.517617j,1.667330
0.934383-0.384155j,0.117568+2.147058j,-0.437981-1.517551j,1.670922
0.934528-0.385123j,0.117284+2.147295j,-0.438166-1.517486j,1.674513
0.934672-0.386092j,0.116999+2.147531j,-0.438350-1.517421j,1.678105
0.934816-0.387062j,0.116714+2.147767j,-0.438533-1.517355j,1.681696
0.934959-0.388033j,0.116429+2.148004j,-0.438717-1.517290j,1.685288
0.935101-0.389004j,0.116144+2.148241j,-0.438900-1.517225j,1.688880
0.935242-0.389975j,0.115859+2.148477j,-0.439082-1.517160j,1.692473
0.935383-0.390947j,0.115574+2.148714j,-0.439265-1.517095j,1.696065
0.935523-0.391920j,0.115289+2.148951j,-0.439446-1.517030j,1.699658
0.935662-0.392894j,0.115003+2.149188j,-0.439628-1.516966j,1.703250
0.935800-0.393867j,0.114718+2.149425j,-0.439809-1.516901j,1.706843
0.935938-0.394842j,0.114432+2.149663j,-0.439990-1.516837j,1.710436
0.936075-0.395817j,0.114146+2.149900j,-0.440170-1.516772j,1.714029
0.936211-0.396793j,0.113860+2.150138j,-0.440350-1.516708j,1.717622
0.936347-0.397769j,0.113575+2.150375j,-0.440530-1.516644j,1.721216
0.936481-0.398746j,0.113288+2.150613j,-0.440709-1.516580j,1.724809
0.936615-0.399724j,0.113002+2.150851j,-0.440888-1.516516j,1.728403
0.936748-0.400702j,0.112716+2.151089j,-0.441066-1.516452j,1.731997
0.936881-0.401681j,0.112430+2.151327j,-0.441245-1.516388j,1.735591
0.937013-0.402660j,0.112144+2.151565j,-0.441422-1.516325j,1.739185
0.937144-0.403640j,0.111857+2.151803j,-0.441600-1.516261j,1.742780
0.937274-0.404621j,0.111570+2.152042j,-0.441777-1.516197j,1.746374
0.937403-0.405602j,0.111284+2.152280j,-0.441953-1.516134j,1.749969
0.937532-0.406584j,0.110997+2.152519j,-0.442130-1.516071j,1.753564
0.937660-0.407566j,0.110710+2.152757j,-0.442305-1.516007j,1.757159
0.937787-0.408549j,0.110423+2.152996j,-0.442481-1.515944j,1.760754
0.937914-0.409533j,0.110136+2.153235j,-0.442656-1.515881j,1.764349
0.938039-0.410517j,0.109849+2.153474j,-0.442831-1.515818j,1.767944
0.938164-0.411501j,0.109562+2.153713j,-0.443005-1.515756j,1.771540
0.938288-0.412487j,0.109275+2.153953j,-0.443179-1.515693j,1.775136
0.938412-0.413473j,0.108987+2.154192j,-0.443353-1.515630j,1.778731
0.938535-0.414459j,0.108700+2.154431j,-0.443526-1.515568j,1.782327
0.938656-0.415446j,0.108412+2.154671j,-0.443699-1.515505j,1.785924
0.938778-0.416434j,0.108124+2.154911j,-0.443871-1.515443j,1.789520
0.938898-0.417422j,0.107837+2.155150j,-0.444043-1.515380j,1.793116
0.939018-0.418411j,0.107549+2.155390j,-0.444215-1.515318j,1.796713
0.939136-0.419400j,0.107261+2.155630j,-0.444386-1.515256j,1.800310
0.939255-0.420391j,0.106973+2.155870j,-0.444557-1.515194j,1.803907
0.939372-0.421381j,0.106685+2.156111j,-0.444728-1.515132j,1.807504
0.939488-0.422372j,0.106396+2.156351j,-0.444898-1.515070j,1.811101
0.939604-0.423364j,0.106108+2.156591j,-0.445068-1.515008j,1.814698
0.939719-0.424357j,0.105820+2.156832j,-0.445237-1.514947j,1.818296
0.939833-0.425350j,0.105531+2.157073j,-0.445406-1.514885j,1.821894
0.939947-0.426343j,0.105243+2.157313j,-0.445575-1.514824j,1.825492
0.940060-0.427337j,0.104954+2.157554j,-0.445743-1.514762j,1.829090
0.940172-0.428332j,0.104665+2.157795j,-0.445911-1.514701j,1.832688
0.940283-0.429328j,0.104376+2.158036j,-0.446079-1.514639j,1.836286
0.940393-0.430324j,0.104087+2.158278j,-0.446246-1.514578j,1.839885
0.940503-0.431320j,0.103798+2.158519j,-0.446413-1.514517j,1.843483
0.940612-0.432317j,0.103509+2.158760j,-0.446579-1.514456j,1.847082
0.940720-0.433315j,0.103220+2.159002j,-0.446745-1.514395j,1.850681
0.940827-0.434313j,0.102931+2.159243j,-0.446910-1.514334j,1.854280
0.940934-0.435312j,0.102641+2.159485j,-0.447076-1.514274j,1.857879
0.941039-0.436312j,0.102352+2.159727j,-0.447240-1.514213j,1.861479
0.941144-0.437312j,0.102062+2.159969j,-0.447405-1.514152j,1.865078
0.941248-0.438312j,0.101772+2.160211j,-0.447569-1.514092j,1.868678
0.941352-0.439313j,0.101483+2.160453j,-0.447733-1.514031j,1.872278
0.941455-0.440315j,0.101193+2.160695j,-0.447896-1.513971j,1.875878
0.941556-0.441318j,0.100903+2.160938j,-0.448059-1.513911j,1.879478
0.941657-0.442321j,0.100613+2.161180j,-0.448221-1.513850j,1.883078
0.941758-0.443324j,0.100323+2.161423j,-0.448383-1.513790j,1.886679
0.941857-0.444328j,0.100033+2.161666j,-0.448545-1.513730j,1.890280
0.941956-0.445333j,0.099742+2.161908j,-0.448706-1.513670j,1.893880
0.942054-0.446338j,0.099452+2.162151j,-0.448867-1.513610j,1.897481
0.942151-0.447344j,0.099162+2.162394j,-0.449028-1.513551j,1.901083
0.942247-0.448351j,0.098871+2.162637j,-0.449188-1.513491j,1.904684
0.942343-0.449358j,0.098581+2.162881j,-0.449348-1.513431j,1.908285
0.942438-0.450365j,0.098290+2.163124j,-0.449507-1.513372j,1.911887
0.942532-0.451373j,0.097999+2.163368j,-0.449666-1.513312j,1.915489
0.942625-0.452382j,0.097708+2.163611j,-0.449825-1.513253j,1.919091
0.942717-0.453392j,0.097417+2.163855j,-0.449983-1.513193j,1.922693
0.942809-0.454402j,0.097126+2.164099j,-0.450141-1.513134j,1.926295
0.942899-0.455412j,0.096835+2.164342j,-0.450298-1.513075j,1.929897
0.942989-0.456423j,0.096544+2.164586j,-0.450455-1.513016j,1.933500
0.943079-0.457435j,0.096253+2.164831j,-0.450612-1.512957j,1.937102
0.943167-0.458447j,0.095961+2.165075j,-0.450768-1.512898j,1.940705
0.943255-0.459460j,0.095670+2.165319j,-0.450924-1.512839j,1.944308
0.943341-0.460473j,0.095378+2.165564j,-0.451079-1.512780j,1.947912
0.943427-0.461487j,0.095087+2.165808j,-0.451235-1.512721j,1.951515
0.943513-0.462502j,0.094795+2.166053j,-0.451389-1.512662j,1.955118
0.943597-0.463517j,0.094503+2.166298j,-0.451544-1.512604j,1.958722
0.943681-0.464533j,0.094211+2.166542j,-0.451697-1.512545j,1.962326
0.943764-0.465549j,0.093919+2.166787j,-0.451851-1.512487j,1.965930
0.943845-0.466566j,0.093627+2.167032j,-0.452004-1.512428j,1.969534
0.943927-0.467583j,0.093335+2.167278j,-0.452157-1.512370j,1.973138
0.944007-0.468601j,0.093043+2.167523j,-0.452309-1.512311j,1.976743
0.944087-0.469620j,0.092751+2.167768j,-0.452461-1.512253j,1.980347
0.944165-0.470639j,0.092458+2.168014j,-0.452613-1.512195j,1.983952
0.944243-0.471659j,0.092166+2.168260j,-0.452764-1.512137j,1.987557
0.944321-0.472679j,0.091873+2.168505j,-0.452914-1.512079j,1.991162
0.944397-0.473700j,0.091581+2.168751j,-0.453065-1.512021j,1.994767
0.944472-0.474721j,0.091288+2.168997j,-0.453215-1.511963j,1.998373
0.944547-0.475743j,0.090995+2.169243j,-0.453364-1.511905j,2.001978
0.944621-0.476766j,0.090703+2.169489j,-0.453513-1.511848j,2.005584
0.944694-0.477789j,0.090410+2.169736j,-0.453662-1.511790j,2.009190
0.944766-0.478813j,0.090117+2.169982j,-0.453811-1.511732j,2.012796
0.944838-0.479837j,0.089824+2.170228j,-0.453959-1.511675j,2.016402
0.944908-0.480862j,0.089530+2.170475j,-0.454106-1.511617j,2.020009
0.944978-0.481887j,0.089237+2.170722j,-0.454253-1.511560j,2.023615
0.945047-0.482913j,0.088944+2.170969j,-0.454400-1.511502j,2.027222
0.945115-0.483940j,0.088650+2.171215j,-0.454546-1.511445j,2.030829
0.945183-0.484967j,0.088357+2.171462j,-0.454692-1.511388j,2.034436
0.945249-0.485995j,0.088063+2.171710j,-0.454838-1.511330j,2.038043
0.945315-0.487023j,0.087770+2.171957j,-0.454983-1.511273j,2.041650
0.945380-0.488052j,0.087476+2.172204j,-0.455128-1.511216j,2.045258
0.945444-0.489081j,0.087182+2.172452j,-0.455272-1.511159j,2.048866
0.945507-0.490111j,0.086888+2.172699j,-0.455416-1.511102j,2.052473
0.945570-0.491142j,0.086594+2.172947j,-0.455560-1.511045j,2.056081
0.945631-0.492173j,0.086300+2.173195j,-0.455703-1.510988j,2.059689
0.945692-0.493204j,0.086006+2.173443j,-0.455846-1.510932j,2.063298
0.945752-0.494237j,0.085712+2.173691j,-0.455988-1.510875j,2.066906
0.945811-0.495269j,0.085418+2.173939j,-0.456130-1.510818j,2.070515
0.945869-0.496303j,0.085123+2.174187j,-0.456272-1.510762j,2.074124
0.945927-0.497337j,0.084829+2.174435j,-0.456413-1.510705j,2.077733
0.945983-0.498371j,0.084534+2.174684j,-0.456554-1.510649j,2.081342
0.946039-0.499406j,0.084240+2.174932j,-0.456694-1.510592j,2.084951
0.946094-0.500442j,0.083945+2.175181j,-0.456834-1.510536j,2.088561
0.946148-0.501478j,0.083651+2.175430j,-0.456973-1.510479j,2.092170
0.946202-0.502515j,0.083356+2.175678j,-0.457113-1.510423j,2.095780
0.946254-0.503552j,0.083061+2.175927j,-0.457251-1.510367j,2.099390
0.946306-0.504590j,0.082766+2.176176j,-0.457390-1.510311j,2.103000
0.946356-0.505628j,0.082471+2.176426j,-0.457528-1.510254j,2.106610
0.946406-0.506667j,0.082176+2.176675j,-0.457665-1.510198j,2.110221
0.946455-0.507707j,0.081881+2.176924j,-0.457802-1.510142j,2.113831
0.946504-0.508747j,0.081585+2.177174j,-0.457939-1.510086j,2.117442
0.946551-0.509787j,0.081290+2.177423j,-0.458075-1.510030j,2.121053
0.946598-0.510828j,0.080995+2.177673j,-0.458211-1.509975j,2.124664
0.946643-0.511870j,0.080699+2.177923j,-0.458347-1.509919j,2.128275
0.946688-0.512912j,0.080404+2.178173j,-0.458482-1.509863j,2.131887
0.946732-0.513955j,0.080108+2.178423j,-0.458616-1.509807j,2.135498
0.946775-0.514999j,0.079812+2.178673j,-0.458751-1.509752j,2.139110
0.946818-0.516043j,0.079516+2.178923j,-0.458885-1.509696j,2.142722
0.946859-0.517087j,0.079221+2.179174j,-0.459018-1.509640j,2.146334
0.946900-0.518132j,0.078925+2.179424j,-0.459151-1.509585j,2.149946
0.946940-0.519178j,0.078629+2.179675j,-0.459284-1.509529j,2.153558
0.946979-0.520224j,0.078333+2.179926j,-0.459416-1.509474j,2.157171
0.947017-0.521271j,0.078037+2.180176j,-0.459548-1.509418j,2.160784
0.947054-0.522318j,0.077740+2.180427j,-0.459679-1.509363j,2.164397
0.947090-0.523366j,0.077444+2.180678j,-0.459810-1.509308j,2.168010
0.947126-0.524414j,0.077148+2.180929j,-0.459941-1.509252j,2.171623
0.947161-0.525463j,0.076851+2.181181j,-0.460071-1.509197j,2.175236
0.947195-0.526513j,0.076555+2.181432j,-0.460201-1.509142j,2.178850
0.947227-0.527563j,0.076258+2.181683j,-0.460330-1.509087j,2.182464
0.947260-0.528613j,0.075962+2.181935j,-0.460459-1.509032j,2.186077
0.947291-0.529664j,0.075665+2.182187j,-0.460588-1.508977j,2.189691
0.947321-0.530716j,0.075368+2.182438j,-0.460716-1.508922j,2.193306
0.947351-0.531768j,0.075071+2.182690j,-0.460844-1.508867j,2.196920
0.947379-0.532821j,0.074774+2.182942j,-0.460971-1.508812j,2.200535
0.947407-0.533874j,0.074477+2.183194j,-0.461098-1.508757j,2.204149
0.947434-0.534928j,0.074180+2.183446j,-0.461225-1.508702j,2.207764
0.947460-0.535983j,0.073883+2.183699j,-0.461351-1.508647j,2.211379
0.947486-0.537038j,0.073586+2.183951j,-0.461476-1.508593j,2.214994
0.947510-0.538093j,0.073288+2.184204j,-0.461602-1.508538j,2.218610
0.947533-0.539149j,0.072991+2.184456j,-0.461726-1.508483j,2.222225
0.947556-0.540206j,0.072694+2.184709j,-0.461851-1.508429j,2.225841
0.947578-0.541263j,0.072396+2.184962j,-0.461975-1.508374j,2.229457
0.947599-0.542321j,0.072099+2.185215j,-0.462099-1.508319j,2.233073
0.947619-0.543379j,0.071801+2.185468j,-0.462222-1.508265j,2.236689
0.947638-0.544438j,0.071503+2.185721j,-0.462345-1.508210j,2.240305
0.947656-0.545497j,0.071206+2.185974j,-0.462467-1.508156j,2.243922
0.947673-0.546557j,0.070908+2.186228j,-0.462589-1.508101j,2.247539
0.947690-0.547617j,0.070610+2.186481j,-0.462711-1.508047j,2.251155
0.947706-0.548678j,0.070312+2.186735j,-0.462832-1.507993j,2.254772
0.947720-0.549740j,0.070014+2.186988j,-0.462952-1.507938j,2.258390
0.947734-0.550802j,0.069716+2.187242j,-0.463073-1.507884j,2.262007
0.947747-0.551864j,0.069417+2.187496j,-0.463193-1.507830j,2.265624
0.947760-0.552927j,0.069119+2.187750j,-0.463312-1.507776j,2.269242
0.947771-0.553991j,0.068821+2.188004j,-0.463431-1.507721j,2.272860
0.947781-0.555055j,0.068523+2.188258j,-0.463550-1.507667j,2.276478
0.947791-0.556120j,0.068224+2.188513j,-0.463668-1.507613j,2.280096
0.947799-0.557185j,0.067926+2.188767j,-0.463786-1.507559j,2.283715
0.947807-0.558251j,0.067627+2.189022j,-0.463903-1.507505j,2.287333
0.947814-0.559317j,0.067328+2.189276j,-0.464020-1.507451j,2.290952
0.947820-0.560384j,0.067030+2.189531j,-0.464137-1.507397j,2.294571
0.947825-0.561452j,0.066731+2.189786j,-0.464253-1.507343j,2.298190
0.947829-0.562519j,0.066432+2.190041j,-0.464369-1.507289j,2.301809
0.947833-0.563588j,0.066133+2.190296j,-0.464484-1.507235j,2.305428
0.947835-0.564657j,0.065834+2.190551j,-0.464599-1.507181j,2.309048
0.947837-0.565726j,0.065535+2.190807j,-0.464713-1.507127j,2.312667
0.947837-0.566797j,0.065236+2.191062j,-0.464827-1.507073j,2.316287
0.947837-0.567867j,0.064937+2.191317j,-0.464941-1.507020j,2.319907
0.947836-0.568938j,0.064637+2.191573j,-0.465054-1.506966j,2.323528
0.947834-0.570010j,0.064338+2.191829j,-0.465167-1.506912j,2.327148
0.947831-0.571082j,0.064039+2.192085j,-0.465279-1.506858j,2.330769
0.947827-0.572155j,0.063739+2.192341j,-0.465391-1.506805j,2.334389
0.947822-0.573228j,0.063440+2.192597j,-0.465503-1.506751j,2.338010
0.947817-0.574302j,0.063140+2.192853j,-0.465614-1.506697j,2.341631
0.947810-0.575376j,0.062841+2.193109j,-0.465725-1.506644j,2.345252
0.947803-0.576451j,0.062541+2.193365j,-0.465835-1.506590j,2.348874
0.947795-0.577526j,0.062241+2.193622j,-0.465945-1.506536j,2.352495
0.947786-0.578602j,0.061941+2.193878j,-0.466054-1.506483j,2.356117
0.947775-0.579679j,0.061641+2.194135j,-0.466163-1.506429j,2.359739
0.947764-0.580756j,0.061341+2.194392j,-0.466272-1.506376j,2.363361
0.947753-0.581833j,0.061041+2.194649j,-0.466380-1.506322j,2.366983
0.947740-0.582911j,0.060741+2.194906j,-0.466488-1.506269j,2.370606
0.947726-0.583990j,0.060441+2.195163j,-0.466595-1.506215j,2.374228
0.947712-0.585069j,0.060141+2.195420j,-0.466702-1.506162j,2.377851
0.947696-0.586148j,0.059841+2.195677j,-0.466808-1.506108j,2.381474
0.947680-0.587229j,0.059540+2.195935j,-0.466914-1.506055j,2.385097
0.947662-0.588309j,0.059240+2.196192j,-0.467020-1.506002j,2.388720
0.947644-0.589390j,0.058940+2.196450j,-0.467125-1.505948j,2.392343
0.947625-0.590472j,0.058639+2.196707j,-0.467230-1.505895j,2.395967
0.947605-0.591554j,0.058338+2.196965j,-0.467334-1.505842j,2.399591
0.947584-0.592637j,0.058038+2.197223j,-0.467438-1.505788j,2.403215
0.947562-0.593720j,0.057737+2.197481j,-0.467542-1.505735j,2.406839
0.947539-0.594804j,0.057436+2.197739j,-0.467645-1.505682j,2.410463
0.947516-0.595888j,0.057135+2.197998j,-0.467748-1.505628j,2.414087
0.947491-0.596973j,0.056835+2.198256j,-0.467850-1.505575j,2.417712
0.947466-0.598058j,0.056534+2.198515j,-0.467952-1.505522j,2.421337
0.947439-0.599144j,0.056233+2.198773j,-0.468053-1.505469j,2.424962
0.947412-0.600231j,0.055932+2.199032j,-0.468154-1.505415j,2.428587
0.947384-0.601317j,0.055630+2.199291j,-0.468254-1.505362j,2.432212
0.947354-0.602405j,0.055329+2.199549j,-0.468355-1.505309j,2.435838
0.947324-0.603493j,0.055028+2.199808j,-0.468454-1.505256j,2.439463
0.947293-0.604581j,0.054727+2.200068j,-0.468553-1.505203j,2.443089
0.947261-0.605670j,0.054425+2.200327j,-0.468652-1.505149j,2.446715
0.947228-0.606760j,0.054124+2.200586j,-0.468751-1.505096j,2.450341
0.947195-0.607850j,0.053822+2.200846j,-0.468849-1.505043j,2.453967
0.947160-0.608940j,0.053521+2.201105j,-0.468946-1.504990j,2.457594
0.947124-0.610031j,0.053219+2.201365j,-0.469043-1.504937j,2.461220
0.947088-0.611123j,0.052917+2.201624j,-0.469140-1.504884j,2.464847
0.947050-0.612215j,0.052616+2.201884j,-0.469236-1.504831j,2.468474
0.947012-0.613307j,0.052314+2.202144j,-0.469332-1.504777j,2.472101
0.946972-0.614400j,0.052012+2.202404j,-0.469427-1.504724j,2.475729
0.946932-0.615494j,0.051710+2.202664j,-0.469522-1.504671j,2.479356
0.946891-0.616588j,0.051408+2.202925j,-0.469617-1.504618j,2.482984
0.946849-0.617682j,0.051106+2.203185j,-0.469711-1.504565j,2.486612
0.946806-0.618777j,0.050804+2.203445j,-0.469805-1.504512j,2.490240
0.946762-0.619873j,0.050502+2.203706j,-0.469898-1.504459j,2.493868
0.946717-0.620969j,0.050200+2.203967j,-0.469991-1.504406j,2.497496
0.946671-0.622066j,0.049898+2.204227j,-0.470083-1.504353j,2.501125
0.946624-0.623163j,0.049595+2.204488j,-0.470175-1.504300j,2.504753
0.946576-0.624260j,0.049293+2.204749j,-0.470267-1.504247j,2.508382
0.946528-0.625359j,0.048990+2.205010j,-0.470358-1.504194j,2.512011
0.946478-0.626457j,0.048688+2.205272j,-0.470448-1.504141j,2.515640
0.946428-0.627556j,0.048385+2.205533j,-0.470539-1.504088j,2.519270
0.946376-0.628656j,0.048083+2.205794j,-0.470628-1.504035j,2.522899
0.946324-0.629756j,0.047780+2.206056j,-0.470718-1.503981j,2.526529
0.946270-0.630857j,0.047477+2.206317j,-0.470807-1.503928j,2.530159
0.946216-0.631958j,0.047175+2.206579j,-0.470895-1.503875j,2.533789
0.946161-0.633060j,0.046872+2.206841j,-0.470983-1.503822j,2.537419
0.946105-0.634162j,0.046569+2.207103j,-0.471071-1.503769j,2.541050
0.946047-0.635264j,0.046266+2.207365j,-0.471158-1.503716j,2.544680
0.945989-0.636368j,0.045963+2.207627j,-0.471245-1.503663j,2.548311
0.945930-0.637471j,0.045660+2.207889j,-0.471331-1.503610j,2.551942
0.945870-0.638575j,0.045357+2.208152j,-0.471417-1.503557j,2.555573
0.945809-0.639680j,0.045054+2.208414j,-0.471502-1.503504j,2.559204
0.945747-0.640785j,0.044751+2.208677j,-0.471588-1.503451j,2.562836
0.945685-0.641891j,0.044447+2.208939j,-0.471672-1.503398j,2.566467
0.945621-0.642997j,0.044144+2.209202j,-0.471756-1.503345j,2.570099
0.945556-0.644104j,0.043841+2.209465j,-0.471840-1.503292j,2.573731
0.945490-0.645211j,0.043537+2.209728j,-0.471923-1.503239j,2.577363
0.945424-0.646319j,0.043234+2.209991j,-0.472006-1.503186j,2.580995
0.945356-0.647427j,0.042930+2.210254j,-0.472089-1.503133j,2.584628
0.945288-0.648535j,0.042627+2.210518j,-0.472171-1.503079j,2.588261
0.945218-0.649645j,0.042323+2.210781j,-0.472252-1.503026j,2.591893
0.945148-0.650754j,0.042019+2.211044j,-0.472333-1.502973j,2.595526
0.945076-0.651864j,0.041715+2.211308j,-0.472414-1.502920j,2.599159
0.945004-0.652975j,0.041412+2.211572j,-0.472494-1.502867j,2.602793
0.944930-0.654086j,0.041108+2.211836j,-0.472574-1.502814j,2.606426
0.944856-0.655198j,0.040804+2.212099j,-0.472653-1.502761j,2.610060
0.944781-0.656310j,0.040500+2.212363j,-0.472732-1.502707j,2.613694
0.944705-0.657422j,0.040196+2.212628j,-0.472811-1.502654j,2.617328
0.944627-0.658535j,0.039892+2.212892j,-0.472889-1.502601j,2.620962
0.944549-0.659649j,0.039588+2.213156j,-0.472966-1.502548j,2.624596
0.944470-0.660763j,0.039284+2.213420j,-0.473043-1.502495j,2.628231
0.944390-0.661877j,0.038979+2.213685j,-0.473120-1.502442j,2.631866
0.944309-0.662992j,0.038675+2.213950j,-0.473197-1.502388j,2.635500
0.944227-0.664108j,0.038371+2.214214j,-0.473272-1.502335j,2.639136
0.944144-0.665224j,0.038066+2.214479j,-0.473348-1.502282j,2.642771
0.944060-0.666340j,0.037762+2.214744j,-0.473423-1.502228j,2.646406
0.943975-0.667457j,0.037457+2.215009j,-0.473497-1.502175j,2.650042
0.943889-0.668575j,0.037153+2.215274j,-0.473571-1.502122j,2.653677
0.943802-0.669693j,0.036848+2.215540j,-0.473645-1.502069j,2.657313
0.943714-0.670811j,0.036544+2.215805j,-0.473718-1.502015j,2.660949
0.943626-0.671930j,0.036239+2.216070j,-0.473791-1.501962j,2.664586
0.943536-0.673050j,0.035934+2.216336j,-0.473863-1.501909j,2.668222
0.943445-0.674169j,0.035629+2.216602j,-0.473935-1.501855j,2.671859
0.943353-0.675290j,0.035325+2.216867j,-0.474007-1.501802j,2.675496
0.943260-0.676411j,0.035020+2.217133j,-0.474078-1.501748j,2.679133
0.943167-0.677532j,0.034715+2.217399j,-0.474148-1.501695j,2.682770
0.943072-0.678654j,0.034410+2.217665j,-0.474218-1.501641j,2.686407
0.942976-0.679776j,0.034105+2.217931j,-0.474288-1.501588j,2.690044
0.942880-0.680899j,0.033800+2.218198j,-0.474357-1.501534j,2.693682
0.942782-0.682022j,0.033495+2.218464j,-0.474426-1.501481j,2.697320
0.942683-0.683146j,0.033189+2.218731j,-0.474495-1.501427j,2.700958
0.942584-0.684270j,0.032884+2.218997j,-0.474562-1.501374j,2.704596
0.942483-0.685394j,0.032579+2.219264j,-0.474630-1.501320j,2.708234
0.942382-0.686520j,0.032273+2.219531j,-0.474697-1.501267j,2.711873
0.942279-0.687645j,0.031968+2.219798j,-0.474764-1.501213j,2.715512
0.942176-0.688771j,0.031663+2.220065j,-0.474830-1.501159j,2.719150
0.942071-0.689898j,0.031357+2.220332j,-0.474895-1.501106j,2.722789
0.941965-0.691025j,0.031052+2.220599j,-0.474961-1.501052j,2.726429
0.941859-0.692152j,0.030746+2.220866j,-0.475026-1.500998j,2.730068
0.941751-0.693280j,0.030440+2.221134j,-0.475090-1.500945j,2.733708
0.941643-0.694409j,0.030135+2.221401j,-0.475154-1.500891j,2.737347
0.941533-0.695538j,0.029829+2.221669j,-0.475217-1.500837j,2.740987
0.941423-0.696667j,0.029523+2.221936j,-0.475280-1.500783j,2.744627
0.941311-0.697797j,0.029217+2.222204j,-0.475343-1.500729j,2.748268
0.941199-0.698927j,0.028912+2.222472j,-0.475405-1.500675j,2.751908
0.941085-0.700058j,0.028606+2.222740j,-0.475467-1.500621j,2.755549
0.940971-0.701189j,0.028300+2.223008j,-0.475528-1.500568j,2.759189
0.940856-0.702321j,0.027994+2.223276j,-0.475589-1.500514j,2.762830
0.940739-0.703453j,0.027688+2.223545j,-0.475649-1.500460j,2.766471
0.940622-0.704586j,0.027382+2.223813j,-0.475709-1.500406j,2.770113
0.940503-0.705719j,0.027075+2.224082j,-0.475769-1.500351j,2.773754
0.940384-0.706853j,0.026769+2.224350j,-0.475828-1.500297j,2.777396
0.940263-0.707987j,0.026463+2.224619j,-0.475886-1.500243j,2.781038
0.940142-0.709121j,0.026157+2.224888j,-0.475944-1.500189j,2.784680
0.940019-0.710256j,0.025850+2.225157j,-0.476002-1.500135j,2.788322
0.939896-0.711392j,0.025544+2.225426j,-0.476059-1.500081j,2.791964
0.939771-0.712528j,0.025238+2.225695j,-0.476116-1.500026j,2.795607
0.939646-0.713664j,0.024931+2.225964j,-0.476172-1.499972j,2.799249
0.939519-0.714801j,0.024625+2.226233j,-0.476228-1.499918j,2.802892
0.939392-0.715938j,0.024318+2.226503j,-0.476284-1.499864j,2.806535
0.939263-0.717076j,0.024011+2.226772j,-0.476339-1.499809j,2.810178
0.939134-0.718214j,0.023705+2.227042j,-0.476393-1.499755j,2.813822
0.939003-0.719353j,0.023398+2.227312j,-0.476447-1.499700j,2.817465
0.938871-0.720492j,0.023091+2.227582j,-0.476501-1.499646j,2.821109
0.938739-0.721631j,0.022785+2.227852j,-0.476554-1.499591j,2.824753
0.938605-0.722771j,0.022478+2.228122j,-0.476607-1.499537j,2.828397
0.938471-0.723912j,0.022171+2.228392j,-0.476659-1.499482j,2.832041
0.938335-0.725053j,0.021864+2.228662j,-0.476711-1.499427j,2.835686
0.938198-0.726194j,0.021557+2.228932j,-0.476762-1.499373j,2.839330
0.938061-0.727336j,0.021250+2.229203j,-0.476813-1.499318j,2.842975
0.937922-0.728478j,0.020943+2.229473j,-0.476864-1.499263j,2.846620
0.937782-0.729621j,0.020636+2.229744j,-0.476914-1.499208j,2.850265
0.937642-0.730764j,0.020329+2.230015j,-0.476963-1.499154j,2.853911
0.937500-0.731908j,0.020022+2.230286j,-0.477012-1.499099j,2.857556
0.937357-0.733052j,0.019714+2.230556j,-0.477061-1.499044j,2.861202
0.937213-0.734197j,0.019407+2.230828j,-0.477109-1.498989j,2.864848
0.937069-0.735342j,0.019100+2.231099j,-0.477157-1.498934j,2.868494
0.936923-0.736487j,0.018792+2.231370j,-0.477204-1.498879j,2.872140
0.936776-0.737633j,0.018485+2.231641j,-0.477251-1.498824j,2.875786
0.936628-0.738780j,0.018178+2.231913j,-0.477298-1.498769j,2.879433
0.936479-0.739926j,0.017870+2.232184j,-0.477344-1.498713j,2.883079
0.936329-0.741074j,0.017563+2.232456j,-0.477389-1.498658j,2.886726
0.936178-0.742221j,0.017255+2.232728j,-0.477434-1.498603j,2.890373
0.936026-0.743369j,0.016947+2.232999j,-0.477479-1.498548j,2.894020
0.935873-0.744518j,0.016640+2.233271j,-0.477523-1.498492j,2.897668
0.935719-0.745667j,0.016332+2.233543j,-0.477567-1.498437j,2.901315
0.935564-0.746817j,0.016024+2.233816j,-0.477610-1.498381j,2.904963
0.935408-0.747966j,0.015717+2.234088j,-0.477653-1.498326j,2.908611
0.935251-0.749117j,0.015409+2.234360j,-0.477695-1.498270j,2.912259
0.935092-0.750268j,0.015101+2.234633j,-0.477737-1.498215j,2.915907
0.934933-0.751419j,0.014793+2.234905j,-0.477778-1.498159j,2.919556
0.934773-0.752571j,0.014485+2.235178j,-0.477819-1.498103j,2.923204
0.934612-0.753723j,0.014177+2.235451j,-0.477860-1.498048j,2.926853
0.934449-0.754875j,0.013869+2.235723j,-0.477900-1.497992j,2.930502
0.934286-0.756028j,0.013561+2.235996j,-0.477939-1.497936j,2.934151
0.934121-0.757182j,0.013253+2.236269j,-0.477979-1.497880j,2.937801
0.933956-0.758336j,0.012945+2.236543j,-0.478017-1.497824j,2.941450
0.933789-0.759490j,0.012637+2.236816j,-0.478055-1.497768j,2.945100
0.933622-0.760645j,0.012328+2.237089j,-0.478093-1.497712j,2.948750
0.933453-0.761800j,0.012020+2.237363j,-0.478131-1.497656j,2.952400
0.933284-0.762955j,0.011712+2.237636j,-0.478167-1.497600j,2.956050
0.933113-0.764112j,0.011403+2.237910j,-0.478204-1.497544j,2.959700
0.932941-0.765268j,0.011095+2.238183j,-0.478240-1.497487j,2.963351
0.932768-0.766425j,0.010787+2.238457j,-0.478275-1.497431j,2.967001
0.932595-0.767582j,0.010478+2.238731j,-0.478310-1.497375j,2.970652
0.932420-0.768740j,0.010170+2.239005j,-0.478345-1.497318j,2.974303
0.932244-0.769898j,0.009861+2.239279j,-0.478379-1.497262j,2.977955
0.932067-0.771057j,0.009553+2.239554j,-0.478413-1.497205j,2.981606
0.931889-0.772216j,0.009244+2.239828j,-0.478446-1.497149j,2.985258
0.931710-0.773375j,0.008935+2.240102j,-0.478478-1.497092j,2.988909
0.931529-0.774535j,0.008627+2.240377j,-0.478511-1.497035j,2.992561
0.931348-0.775696j,0.008318+2.240651j,-0.478543-1.496978j,2.996213
0.931166-0.776857j,0.008009+2.240926j,-0.478574-1.496922j,2.999866
0.930983-0.778018j,0.007700+2.241201j,-0.478605-1.496865j,3.003518
0.930798-0.779179j,0.007391+2.241476j,-0.478635-1.496808j,3.007171
0.930613-0.780341j,0.007083+2.241751j,-0.478665-1.496751j,3.010824
0.930426-0.781504j,0.006774+2.242026j,-0.478695-1.496694j,3.014477
0.930239-0.782667j,0.006465+2.242301j,-0.478724-1.496636j,3.018130
0.930050-0.783830j,0.006156+2.242577j,-0.478752-1.496579j,3.021783
0.929861-0.784994j,0.005847+2.242852j,-0.478780-1.496522j,3.025437
0.929670-0.786158j,0.005538+2.243127j,-0.478808-1.496465j,3.029090
0.929478-0.787323j,0.005229+2.243403j,-0.478835-1.496407j,3.032744
0.929285-0.788488j,0.004919+2.243679j,-0.478862-1.496350j,3.036398
0.929091-0.789653j,0.004610+2.243955j,-0.478888-1.496292j,3.040052
0.928896-0.790819j,0.004301+2.244230j,-0.478914-1.496235j,3.043707
0.928700-0.791985j,0.003992+2.244506j,-0.478940-1.496177j,3.047361
0.928503-0.793152j,0.003682+2.244783j,-0.478964-1.496119j,3.051016
0.928305-0.794319j,0.003373+2.245059j,-0.478989-1.496062j,3.054671
0.928106-0.795486j,0.003064+2.245335j,-0.479013-1.496004j,3.058326
0.927905-0.796654j,0.002754+2.245611j,-0.479036-1.495946j,3.061981
0.927704-0.797823j,0.002445+2.245888j,-0.479059-1.495888j,3.065637
0.927501-0.798991j,0.002135+2.246164j,-0.479082-1.495830j,3.069292
0.927298-0.800161j,0.001826+2.246441j,-0.479104-1.495772j,3.072948
0.927093-0.801330j,0.001516+2.246718j,-0.479126-1.495713j,3.076604
0.926887-0.802500j,0.001207+2.246995j,-0.479147-1.495655j,3.080260
0.926681-0.803671j,0.000897+2.247272j,-0.479168-1.495597j,3.083916
0.926473-0.804841j,0.000588+2.247549j,-0.479188-1.495538j,3.087573
0.926264-0.806013j,0.000278+2.247826j,-0.479208-1.495480j,3.091230
0.926054-0.807184j,-0.000032+2.248103j,-0.479227-1.495421j,3.094886
0.925843-0.808356j,-0.000342+2.248381j,-0.479246-1.495363j,3.098543
0.925631-0.809529j,-0.000651+2.248658j,-0.479264-1.495304j,3.102200
0.925417-0.810701j,-0.000961+2.248936j,-0.479282-1.495245j,3.105858
0.925203-0.811875j,-0.001271+2.249213j,-0.479300-1.495187j,3.109515
0.924988-0.813048j,-0.001581+2.249491j,-0.479317-1.495128j,3.113173
0.924771-0.814222j,-0.001891+2.249769j,-0.479333-1.495069j,3.116831
0.924553-0.815397j,-0.002201+2.250047j,-0.479349-1.495010j,3.120489
0.924335-0.816572j,-0.002511+2.250325j,-0.479365-1.494951j,3.124147
0.924115-0.817747j,-0.002821+2.250603j,-0.479380-1.494891j,3.127806
0.923894-0.818923j,-0.003131+2.250881j,-0.479394-1.494832j,3.131464
0.923672-0.820099j,-0.003441+2.251159j,-0.479409-1.494773j,3.135123
0.923449-0.821275j,-0.003751+2.251438j,-0.479422-1.494713j,3.138782
0.923225-0.822452j,-0.004061+2.251716j,-0.479436-1.494654j,3.142441
0.923000-0.823629j,-0.004372+2.251995j,-0.479448-1.494594j,3.146100
0.922774-0.824807j,-0.004682+2.252274j,-0.479461-1.494535j,3.149760
0.922546-0.825985j,-0.004992+2.252552j,-0.479473-1.494475j,3.153419
0.922318-0.827164j,-0.005302+2.252831j,-0.479484-1.494415j,3.157079
0.922088-0.828342j,-0.005613+2.253110j,-0.479495-1.494355j,3.160739
0.921858-0.829522j,-0.005923+2.253389j,-0.479505-1.494295j,3.164399
0.921626-0.830701j,-0.006233+2.253669j,-0.479515-1.494235j,3.168059
0.921393-0.831881j,-0.006544+2.253948j,-0.479525-1.494175j,3.171720
0.921159-0.833062j,-0.006854+2.254227j,-0.479534-1.494115j,3.175381
0.920924-0.834243j,-0.007165+2.254507j,-0.479542-1.494054j,3.179041
0.920688-0.835424j,-0.007475+2.254786j,-0.479550-1.493994j,3.182702
0.920450-0.836606j,-0.007786+2.255066j,-0.479558-1.493933j,3.186364
0.920212-0.837788j,-0.008096+2.255346j,-0.479565-1.493873j,3.190025
0.919973-0.838970j,-0.008407+2.255626j,-0.479572-1.493812j,3.193686
0.919732-0.840153j,-0.008718+2.255906j,-0.479578-1.493752j,3.197348
0.919490-0.841336j,-0.009028+2.256186j,-0.479584-1.493691j,3.201010
0.919248-0.842519j,-0.009339+2.256466j,-0.479589-1.493630j,3.204672
0.919004-0.843703j,-0.009650+2.256746j,-0.479594-1.493569j,3.208334
0.918759-0.844888j,-0.009961+2.257026j,-0.479598-1.493508j,3.211997
0.918513-0.846072j,-0.010271+2.257307j,-0.479602-1.493447j,3.215659
0.918265-0.847258j,-0.010582+2.257587j,-0.479605-1.493385j,3.219322
0.918017-0.848443j,-0.010893+2.257868j,-0.479608-1.493324j,3.222985
0.917768-0.849629j,-0.011204+2.258149j,-0.479611-1.493263j,3.226648
0.917517-0.850815j,-0.011515+2.258429j,-0.479613-1.493201j,3.230311
0.917265-0.852002j,-0.011826+2.258710j,-0.479614-1.493139j,3.233975
0.917013-0.853189j,-0.012137+2.258991j,-0.479615-1.493078j,3.237638
0.916759-0.854376j,-0.012448+2.259272j,-0.479616-1.493016j,3.241302
0.916504-0.855564j,-0.012759+2.259553j,-0.479616-1.492954j,3.244966
0.916248-0.856752j,-0.013070+2.259835j,-0.479615-1.492892j,3.248630
0.915991-0.857941j,-0.013381+2.260116j,-0.479614-1.492830j,3.252294
0.915732-0.859130j,-0.013692+2.260398j,-0.479613-1.492768j,3.255959
0.915473-0.860319j,-0.014004+2.260679j,-0.479611-1.492706j,3.259624
0.915212-0.861508j,-0.014315+2.260961j,-0.479609-1.492643j,3.263288
0.914951-0.862698j,-0.014626+2.261243j,-0.479606-1.492581j,3.266953
0.914688-0.863889j,-0.014937+2.261524j,-0.479603-1.492518j,3.270619
0.914424-0.865080j,-0.015249+2.261806j,-0.479599-1.492456j,3.274284
0.914159-0.866271j,-0.015560+2.262088j,-0.479595-1.492393j,3.277949
0.913893-0.867462j,-0.015871+2.262370j,-0.479590-1.492330j,3.281615
0.913625-0.868654j,-0.016183+2.262653j,-0.479585-1.492267j,3.285281
0.913357-0.869846j,-0.016494+2.262935j,-0.479579-1.492204j,3.288947
0.913087-0.871039j,-0.016805+2.263217j,-0.479573-1.492141j,3.292613
0.912817-0.872232j,-0.017117+2.263500j,-0.479567-1.492078j,3.296280
0.912545-0.873425j,-0.017428+2.263782j,-0.479560-1.492015j,3.299946
0.912272-0.874619j,-0.017740+2.264065j,-0.479552-1.491951j,3.303613
0.911998-0.875813j,-0.018051+2.264348j,-0.479544-1.491888j,3.307280
0.911723-0.877008j,-0.018363+2.264631j,-0.479536-1.491824j,3.310947
0.911446-0.878203j,-0.018675+2.264914j,-0.479527-1.491761j,3.314614
0.911169-0.879398j,-0.018986+2.265197j,-0.479517-1.491697j,3.318282
0.910890-0.880593j,-0.019298+2.265480j,-0.479507-1.491633j,3.321949
0.910611-0.881789j,-0.019610+2.265763j,-0.479497-1.491569j,3.325617
0.910330-0.882986j,-0.019921+2.266047j,-0.479486-1.491505j,3.329285
0.910048-0.884182j,-0.020233+2.266330j,-0.479474-1.491441j,3.332953
0.909765-0.885379j,-0.020545+2.266613j,-0.479463-1.491376j,3.336621
0.909480-0.886577j,-0.020857+2.266897j,-0.479450-1.491312j,3.340290
0.909195-0.887774j,-0.021169+2.267181j,-0.479437-1.491248j,3.343958
0.908908-0.888972j,-0.021480+2.267465j,-0.479424-1.491183j,3.347627
0.908621-0.890171j,-0.021792+2.267748j,-0.479410-1.491118j,3.351296
0.908332-0.891370j,-0.022104+2.268032j,-0.479396-1.491053j,3.354965
0.908042-0.892569j,-0.022416+2.268317j,-0.479381-1.490988j,3.358635
0.907751-0.893768j,-0.022728+2.268601j,-0.479366-1.490923j,3.362304
0.907459-0.894968j,-0.023040+2.268885j,-0.479350-1.490858j,3.365974
0.907165-0.896168j,-0.023352+2.269169j,-0.479334-1.490793j,3.369644
0.906871-0.897369j,-0.023664+2.269454j,-0.479317-1.490728j,3.373314
0.906575-0.898570j,-0.023976+2.269738j,-0.479300-1.490662j,3.376984
0.906278-0.899771j,-0.024288+2.270023j,-0.479283-1.490597j,3.380654
0.905980-0.900973j,-0.024600+2.270308j,-0.479265-1.490531j,3.384325
0.905681-0.902175j,-0.024913+2.270592j,-0.479246-1.490465j,3.387996
0.905381-0.903377j,-0.025225+2.270877j,-0.479227-1.490399j,3.391666
0.905079-0.904580j,-0.025537+2.271162j,-0.479207-1.490333j,3.395337
0.904777-0.905783j,-0.025849+2.271447j,-0.479187-1.490267j,3.399009
0.904473-0.906986j,-0.026161+2.271733j,-0.479167-1.490201j,3.402680
0.904168-0.908190j,-0.026474+2.272018j,-0.479146-1.490135j,3.406352
0.903862-0.909394j,-0.026786+2.272303j,-0.479124-1.490068j,3.410023
0.903555-0.910598j,-0.027098+2.272589j,-0.479102-1.490002j,3.413695
0.903247-0.911803j,-0.027411+2.272874j,-0.479080-1.489935j,3.417367
0.902937-0.913008j,-0.027723+2.273160j,-0.479057-1.489868j,3.421040
0.902627-0.914214j,-0.028035+2.273446j,-0.479033-1.489801j,3.424712
0.902315-0.915419j,-0.028348+2.273732j,-0.479009-1.489734j,3.428385
0.902002-0.916625j,-0.028660+2.274017j,-0.478985-1.489667j,3.432057
0.901688-0.917832j,-0.028973+2.274303j,-0.478960-1.489600j,3.435730
0.901372-0.919039j,-0.029285+2.274590j,-0.478935-1.489532j,3.439404
0.901056-0.920246j,-0.029598+2.274876j,-0.478909-1.489465j,3.443077
0.900738-0.921453j,-0.029910+2.275162j,-0.478882-1.489397j,3.446750
0.900420-0.922661j,-0.030223+2.275448j,-0.478856-1.489330j,3.450424
0.900100-0.923869j,-0.030535+2.275735j,-0.478828-1.489262j,3.454098
0.899778-0.925078j,-0.030848+2.276021j,-0.478800-1.489194j,3.457772
0.899456-0.926287j,-0.031161+2.276308j,-0.478772-1.489126j,3.461446
0.899133-0.927496j,-0.031473+2.276595j,-0.478743-1.489058j,3.465120
0.898808-0.928705j,-0.031786+2.276882j,-0.478714-1.488989j,3.468795
0.898482-0.929915j,-0.032099+2.277169j,-0.478684-1.488921j,3.472469
0.898156-0.931125j,-0.032412+2.277456j,-0.478654-1.488852j,3.476144
0.897827-0.932336j,-0.032724+2.277743j,-0.478623-1.488783j,3.479819
0.897498-0.933546j,-0.033037+2.278030j,-0.478592-1.488715j,3.483494
0.897168-0.934757j,-0.033350+2.278317j,-0.478560-1.488646j,3.487170
0.896836-0.935969j,-0.033663+2.278604j,-0.478528-1.488577j,3.490845
0.896503-0.937181j,-0.033976+2.278892j,-0.478495-1.488507j,3.494521
0.896169-0.938393j,-0.034288+2.279179j,-0.478462-1.488438j,3.498197
0.895834-0.939605j,-0.034601+2.279467j,-0.478429-1.488369j,3.501873
0.895498-0.940818j,-0.034914+2.279755j,-0.478394-1.488299j,3.505549
0.895160-0.942031j,-0.035227+2.280043j,-0.478360-1.488230j,3.509225
0.894822-0.943244j,-0.035540+2.280331j,-0.478325-1.488160j,3.512902
0.894482-0.944458j,-0.035853+2.280619j,-0.478289-1.488090j,3.516578
0.894141-0.945672j,-0.036166+2.280907j,-0.478253-1.488020j,3.520255
0.893799-0.946886j,-0.036479+2.281195j,-0.478216-1.487950j,3.523932
0.893455-0.948101j,-0.036792+2.281483j,-0.478179-1.487879j,3.527610
0.893111-0.949316j,-0.037105+2.281771j,-0.478141-1.487809j,3.531287
0.892765-0.950531j,-0.037418+2.282060j,-0.478103-1.487738j,3.534964
0.892418-0.951747j,-0.037732+2.282348j,-0.478065-1.487667j,3.538642
0.892070-0.952963j,-0.038045+2.282637j,-0.478026-1.487597j,3.542320
0.891721-0.954179j,-0.038358+2.282926j,-0.477986-1.487526j,3.545998
0.891370-0.955396j,-0.038671+2.283215j,-0.477946-1.487455j,3.549676
0.891018-0.956613j,-0.038984+2.283503j,-0.477905-1.487383j,3.553355
0.890666-0.957830j,-0.039297+2.283792j,-0.477864-1.487312j,3.557033
0.890312-0.959047j,-0.039611+2.284081j,-0.477823-1.487240j,3.560712
0.889956-0.960265j,-0.039924+2.284371j,-0.477781-1.487169j,3.564391
0.889600-0.961483j,-0.040237+2.284660j,-0.477738-1.487097j,3.568070
0.889242-0.962702j,-0.040551+2.284949j,-0.477695-1.487025j,3.571749
0.888883-0.963921j,-0.040864+2.285239j,-0.477652-1.486953j,3.575429
0.888523-0.965140j,-0.041177+2.285528j,-0.477608-1.486881j,3.579108
0.888162-0.966359j,-0.041491+2.285818j,-0.477563-1.486809j,3.582788
0.887800-0.967579j,-0.041804+2.286107j,-0.477518-1.486736j,3.586468
0.887436-0.968799j,-0.042117+2.286397j,-0.477472-1.486664j,3.590148
0.887071-0.970019j,-0.042431+2.286687j,-0.477426-1.486591j,3.593828
0.886706-0.971240j,-0.042744+2.286977j,-0.477380-1.486518j,3.597509
0.886338-0.972460j,-0.043058+2.287267j,-0.477333-1.486445j,3.601190
0.885970-0.973682j,-0.043371+2.287557j,-0.477285-1.486372j,3.604870
0.885600-0.974903j,-0.043685+2.287847j,-0.477237-1.486299j,3.608551
0.885230-0.976125j,-0.043998+2.288138j,-0.477189-1.486225j,3.612232
0.884858-0.977347j,-0.044312+2.288428j,-0.477140-1.486152j,3.615914
0.884484-0.978569j,-0.044626+2.288719j,-0.477090-1.486078j,3.619595
0.884110-0.979792j,-0.044939+2.289009j,-0.477040-1.486004j,3.623277
0.883735-0.981015j,-0.045253+2.289300j,-0.476990-1.485930j,3.626958
0.883358-0.982238j,-0.045566+2.289591j,-0.476939-1.485856j,3.630640
0.882980-0.983462j,-0.045880+2.289881j,-0.476887-1.485782j,3.634323
0.882601-0.984686j,-0.046194+2.290172j,-0.476835-1.485707j,3.638005
0.882220-0.985910j,-0.046507+2.290463j,-0.476783-1.485633j,3.641687
0.881839-0.987134j,-0.046821+2.290755j,-0.476730-1.485558j,3.645370
0.881456-0.988359j,-0.047135+2.291046j,-0.476677-1.485483j,3.649053
0.881072-0.989584j,-0.047449+2.291337j,-0.476623-1.485408j,3.652736
0.880686-0.990809j,-0.047762+2.291628j,-0.476568-1.485333j,3.656419
0.880300-0.992035j,-0.048076+2.291920j,-0.476513-1.485258j,3.660102
0.879912-0.993261j,-0.048390+2.292211j,-0.476458-1.485183j,3.663786
0.879523-0.994487j,-0.048704+2.292503j,-0.476402-1.485107j,3.667469
0.879133-0.995714j,-0.049018+2.292795j,-0.476345-1.485031j,3.671153
0.878742-0.996940j,-0.049331+2.293086j,-0.476288-1.484955j,3.674837
0.878349-0.998167j,-0.049645+2.293378j,-0.476231-1.484879j,3.678521
0.877956-0.999395j,-0.049959+2.293670j,-0.476173-1.484803j,3.682205
0.877561-1.000622j,-0.050273+2.293962j,-0.476114-1.484727j,3.685890
0.877165-1.001850j,-0.050587+2.294255j,-0.476055-1.484650j,3.689575
0.876767-1.003078j,-0.050901+2.294547j,-0.475996-1.484574j,3.693259
0.876369-1.004307j,-0.051215+2.294839j,-0.475936-1.484497j,3.696944
0.875969-1.005535j,-0.051529+2.295131j,-0.475875-1.484420j,3.700630
0.875568-1.006764j,-0.051843+2.295424j,-0.475814-1.484343j,3.704315
0.875165-1.007994j,-0.052157+2.295717j,-0.475752-1.484266j,3.708000
0.874762-1.009223j,-0.052471+2.296009j,-0.475690-1.484188j,3.711686
0.874357-1.010453j,-0.052785+2.296302j,-0.475628-1.484111j,3.715372
0.873951-1.011683j,-0.053099+2.296595j,-0.475565-1.484033j,3.719058
0.873544-1.012914j,-0.053413+2.296888j,-0.475501-1.483955j,3.722744
0.873136-1.014144j,-0.053727+2.297181j,-0.475437-1.483877j,3.726430
0.872726-1.015375j,-0.054041+2.297474j,-0.475373-1.483799j,3.730117
0.872315-1.016606j,-0.054355+2.297767j,-0.475308-1.483721j,3.733803
0.871903-1.017838j,-0.054670+2.298060j,-0.475242-1.483642j,3.737490
0.871490-1.019070j,-0.054984+2.298354j,-0.475176-1.483564j,3.741177
0.871075-1.020302j,-0.055298+2.298647j,-0.475109-1.483485j,3.744864
0.870660-1.021534j,-0.055612+2.298941j,-0.475042-1.483406j,3.748552
0.870243-1.022767j,-0.055926+2.299234j,-0.474975-1.483327j,3.752239
0.869824-1.023999j,-0.056241+2.299528j,-0.474907-1.483248j,3.755927
0.869405-1.025232j,-0.056555+2.299822j,-0.474838-1.483168j,3.759614
0.868984-1.026466j,-0.056869+2.300116j,-0.474769-1.483089j,3.763302
0.868562-1.027699j,-0.057183+2.300409j,-0.474699-1.483009j,3.766991
0.868139-1.028933j,-0.057498+2.300703j,-0.474629-1.482929j,3.770679
0.867715-1.030167j,-0.057812+2.300998j,-0.474559-1.482849j,3.774367
0.867289-1.031402j,-0.058126+2.301292j,-0.474487-1.482769j,3.778056
0.866862-1.032636j,-0.058441+2.301586j,-0.474416-1.482688j,3.781745
0.866434-1.033871j,-0.058755+2.301880j,-0.474344-1.482608j,3.785434
0.866004-1.035106j,-0.059069+2.302175j,-0.474271-1.482527j,3.789123
0.865574-1.036342j,-0.059384+2.302469j,-0.474198-1.482446j,3.792812
0.865142-1.037578j,-0.059698+2.302764j,-0.474124-1.482365j,3.796502
0.864709-1.038813j,-0.060013+2.303059j,-0.474050-1.482284j,3.800191
0.864275-1.040050j,-0.060327+2.303354j,-0.473975-1.482202j,3.803881
0.863839-1.041286j,-0.060642+2.303649j,-0.473900-1.482121j,3.807571
0.863402-1.042523j,-0.060956+2.303943j,-0.473824-1.482039j,3.811261
0.862964-1.043760j,-0.061271+2.304239j,-0.473748-1.481957j,3.814951
0.862525-1.044997j,-0.061585+2.304534j,-0.473671-1.481875j,3.818642
0.862084-1.046234j,-0.061900+2.304829j,-0.473594-1.481793j,3.822332
0.861642-1.047472j,-0.062214+2.305124j,-0.473516-1.481710j,3.826023
0.861199-1.048710j,-0.062529+2.305420j,-0.473438-1.481628j,3.829714
0.860755-1.049948j,-0.062843+2.305715j,-0.473359-1.481545j,3.833405
0.860309-1.051187j,-0.063158+2.306011j,-0.473279-1.481462j,3.837096
0.859863-1.052425j,-0.063472+2.306306j,-0.473199-1.481379j,3.840788
0.859414-1.053664j,-0.063787+2.306602j,-0.473119-1.481296j,3.844479
0.858965-1.054903j,-0.064101+2.306898j,-0.473038-1.481212j,3.848171
0.858515-1.056143j,-0.064416+2.307194j,-0.472957-1.481129j,3.851863
0.858063-1.057383j,-0.064731+2.307490j,-0.472875-1.481045j,3.855555
0.857610-1.058622j,-0.065045+2.307786j,-0.472792-1.480961j,3.859247
0.857155-1.059863j,-0.065360+2.308082j,-0.472710-1.480877j,3.862940
0.856700-1.061103j,-0.065675+2.308378j,-0.472626-1.480792j,3.866632
0.856243-1.062344j,-0.065989+2.308674j,-0.472542-1.480708j,3.870325
0.855785-1.063584j,-0.066304+2.308971j,-0.472458-1.480623j,3.874018
0.855325-1.064825j,-0.066619+2.309267j,-0.472373-1.480538j,3.877711
0.854865-1.066067j,-0.066934+2.309564j,-0.472287-1.480453j,3.881404
0.854403-1.067308j,-0.067248+2.309860j,-0.472201-1.480368j,3.885098
0.853939-1.068550j,-0.067563+2.310157j,-0.472114-1.480283j,3.888791
0.853475-1.069792j,-0.067878+2.310454j,-0.472027-1.480197j,3.892485
0.853009-1.071034j,-0.068193+2.310751j,-0.471940-1.480111j,3.896179
0.852542-1.072277j,-0.068507+2.311048j,-0.471852-1.480026j,3.899873
0.852074-1.073520j,-0.068822+2.311345j,-0.471763-1.479939j,3.903567
0.851605-1.074762j,-0.069137+2.311642j,-0.471674-1.479853j,3.907261
0.851134-1.076006j,-0.069452+2.311939j,-0.471584-1.479767j,3.910956
0.850662-1.077249j,-0.069767+2.312237j,-0.471494-1.479680j,3.914650
0.850188-1.078493j,-0.070082+2.312534j,-0.471403-1.479593j,3.918345
0.849714-1.079736j,-0.070397+2.312831j,-0.471312-1.479506j,3.922040
0.849238-1.080981j,-0.070711+2.313129j,-0.471220-1.479419j,3.925735
0.848761-1.082225j,-0.071026+2.313427j,-0.471128-1.479332j,3.929431
0.848282-1.083469j,-0.071341+2.313724j,-0.471035-1.479244j,3.933126
0.847803-1.084714j,-0.071656+2.314022j,-0.470942-1.479156j,3.936822
0.847322-1.085959j,-0.071971+2.314320j,-0.470848-1.479068j,3.940518
0.846840-1.087204j,-0.072286+2.314618j,-0.470753-1.478980j,3.944214
0.846356-1.088450j,-0.072601+2.314916j,-0.470658-1.478892j,3.947910
0.845871-1.089695j,-0.072916+2.315214j,-0.470563-1.478803j,3.951606
0.845385-1.090941j,-0.073231+2.315512j,-0.470467-1.478715j,3.955303
0.844898-1.092187j,-0.073546+2.315811j,-0.470371-1.478626j,3.958999
0.844409-1.093433j,-0.073861+2.316109j,-0.470274-1.478537j,3.962696
0.843919-1.094680j,-0.074176+2.316408j,-0.470176-1.478447j,3.966393
0.843428-1.095926j,-0.074491+2.316706j,-0.470078-1.478358j,3.970090
0.842936-1.097173j,-0.074806+2.317005j,-0.469979-1.478268j,3.973787
0.842442-1.098420j,-0.075121+2.317303j,-0.469880-1.478178j,3.977485
0.841947-1.099668j,-0.075436+2.317602j,-0.469781-1.478088j,3.981182
0.841451-1.100915j,-0.075751+2.317901j,-0.469681-1.477998j,3.984880
0.840953-1.102163j,-0.076066+2.318200j,-0.469580-1.477908j,3.988578
0.840454-1.103411j,-0.076381+2.318499j,-0.469479-1.477817j,3.992276
0.839954-1.104659j,-0.076696+2.318798j,-0.469377-1.477726j,3.995974
0.839453-1.105907j,-0.077012+2.319097j,-0.469275-1.477635j,3.999672
0.838950-1.107156j,-0.077327+2.319397j,-0.469172-1.477544j,4.003371
0.838446-1.108405j,-0.077642+2.319696j,-0.469069-1.477452j,4.007070
0.837941-1.109654j,-0.077957+2.319995j,-0.468965-1.477361j,4.010768
0.837434-1.110903j,-0.078272+2.320295j,-0.468860-1.477269j,4.014467
0.836926-1.112152j,-0.078587+2.320594j,-0.468755-1.477177j,4.018167
0.836417-1.113402j,-0.078903+2.320894j,-0.468650-1.477085j,4.021866
0.835906-1.114651j,-0.079218+2.321194j,-0.468544-1.476992j,4.025565
0.835395-1.115901j,-0.079533+2.321494j,-0.468437-1.476900j,4.029265
0.834882-1.117151j,-0.079848+2.321794j,-0.468330-1.476807j,4.032965
0.834367-1.118402j,-0.080163+2.322094j,-0.468223-1.476714j,4.036665
0.833852-1.119652j,-0.080479+2.322394j,-0.468115-1.476621j,4.040365
0.833335-1.120903j,-0.080794+2.322694j,-0.468006-1.476527j,4.044065
0.832816-1.122154j,-0.081109+2.322994j,-0.467897-1.476434j,4.047765
0.832297-1.123405j,-0.081424+2.323294j,-0.467787-1.476340j,4.051466
0.831776-1.124656j,-0.081740+2.323595j,-0.467677-1.476246j,4.055167
0.831254-1.125908j,-0.082055+2.323895j,-0.467566-1.476152j,4.058868
0.830730-1.127159j,-0.082370+2.324196j,-0.467455-1.476057j,4.062569
0.830206-1.128411j,-0.082685+2.324496j,-0.467343-1.475963j,4.066270
0.829680-1.129663j,-0.083001+2.324797j,-0.467231-1.475868j,4.069971
0.829152-1.130916j,-0.083316+2.325098j,-0.467118-1.475773j,4.073673
0.828623-1.132168j,-0.083631+2.325399j,-0.467005-1.475677j,4.077374
0.828094-1.133421j,-0.083947+2.325700j,-0.466891-1.475582j,4.081076
0.827562-1.134673j,-0.084262+2.326001j,-0.466776-1.475486j,4.084778
0.827030-1.135926j,-0.084577+2.326302j,-0.466661-1.475390j,4.088480
0.826496-1.137179j,-0.084893+2.326603j,-0.466546-1.475294j,4.092183
0.825961-1.138433j,-0.085208+2.326904j,-0.466429-1.475198j,4.095885
0.825424-1.139686j,-0.085524+2.327206j,-0.466313-1.475101j,4.099588
0.824886-1.140940j,-0.085839+2.327507j,-0.466196-1.475005j,4.103291
0.824347-1.142194j,-0.086154+2.327809j,-0.466078-1.474908j,4.106993
0.823807-1.143448j,-0.086470+2.328110j,-0.465960-1.474811j,4.110697
0.823265-1.144702j,-0.086785+2.328412j,-0.465841-1.474713j,4.114400
0.822722-1.145956j,-0.087101+2.328714j,-0.465722-1.474616j,4.118103
0.822177-1.147211j,-0.087416+2.329015j,-0.465602-1.474518j,4.121807
0.821632-1.148466j,-0.087731+2.329317j,-0.465481-1.474420j,4.125510
0.821085-1.149720j,-0.088047+2.329619j,-0.465360-1.474322j,4.129214
0.820536-1.150975j,-0.088362+2.329921j,-0.465239-1.474223j,4.132918
0.819987-1.152231j,-0.088678+2.330224j,-0.465117-1.474124j,4.136622
0.819436-1.153486j,-0.088993+2.330526j,-0.464994-1.474026j,4.140327
0.818884-1.154742j,-0.089309+2.330828j,-0.464871-1.473926j,4.144031
0.818330-1.155997j,-0.089624+2.331130j,-0.464747-1.473827j,4.147736
0.817775-1.157253j,-0.089940+2.331433j,-0.464623-1.473728j,4.151441
0.817219-1.158509j,-0.090255+2.331735j,-0.464499-1.473628j,4.155146
0.816661-1.159765j,-0.090571+2.332038j,-0.464373-1.473528j,4.158851
0.816102-1.161022j,-0.090886+2.332341j,-0.464247-1.473428j,4.162556
0.815542-1.162278j,-0.091202+2.332643j,-0.464121-1.473327j,4.166261
0.814981-1.163535j,-0.091517+2.332946j,-0.463994-1.473227j,4.169967
0.814418-1.164792j,-0.091833+2.333249j,-0.463867-1.473126j,4.173672
0.813854-1.166049j,-0.092148+2.333552j,-0.463739-1.473025j,4.177378
0.813288-1.167306j,-0.092464+2.333855j,-0.463610-1.472923j,4.181084
0.812721-1.168563j,-0.092779+2.334158j,-0.463481-1.472822j,4.184790
0.812153-1.169821j,-0.093095+2.334462j,-0.463351-1.472720j,4.188497
0.811584-1.171078j,-0.093411+2.334765j,-0.463221-1.472618j,4.192203
0.811013-1.172336j,-0.093726+2.335068j,-0.463091-1.472516j,4.195910
0.810441-1.173594j,-0.094042+2.335372j,-0.462959-1.472413j,4.199617
0.809867-1.174852j,-0.094357+2.335675j,-0.462827-1.472311j,4.203324
0.809292-1.176110j,-0.094673+2.335979j,-0.462695-1.472208j,4.207031
0.808716-1.177369j,-0.094989+2.336283j,-0.462562-1.472104j,4.210738
0.808139-1.178627j,-0.095304+2.336586j,-0.462429-1.472001j,4.214445
0.807560-1.179886j,-0.095620+2.336890j,-0.462295-1.471898j,4.218153
0.806980-1.181145j,-0.095935+2.337194j,-0.462160-1.471794j,4.221860
0.806398-1.182404j,-0.096251+2.337498j,-0.462025-1.471690j,4.225568
0.805815-1.183663j,-0.096567+2.337802j,-0.461889-1.471585j,4.229276
0.805231-1.184922j,-0.096882+2.338106j,-0.461753-1.471481j,4.232984
0.804646-1.186181j,-0.097198+2.338411j,-0.461616-1.471376j,4.236693
0.804059-1.187441j,-0.097514+2.338715j,-0.461479-1.471271j,4.240401
0.803471-1.188700j,-0.097829+2.339019j,-0.461341-1.471166j,4.244110
0.802881-1.189960j,-0.098145+2.339324j,-0.461203-1.471060j,4.247818
0.802290-1.191220j,-0.098461+2.339628j,-0.461064-1.470955j,4.251527
0.801698-1.192480j,-0.098776+2.339933j,-0.460924-1.470849j,4.255236
0.801104-1.193740j,-0.099092+2.340238j,-0.460784-1.470743j,4.258945
0.800510-1.195001j,-0.099408+2.340542j,-0.460644-1.470636j,4.262655
0.799913-1.196261j,-0.099723+2.340847j,-0.460502-1.470529j,4.266364
0.799316-1.197522j,-0.100039+2.341152j,-0.460361-1.470423j,4.270074
0.798717-1.198782j,-0.100355+2.341457j,-0.460218-1.470315j,4.273784
0.798117-1.200043j,-0.100670+2.341762j,-0.460075-1.470208j,4.277494
0.797515-1.201304j,-0.100986+2.342067j,-0.459932-1.470100j,4.281204
0.796912-1.202565j,-0.101302+2.342373j,-0.459788-1.469993j,4.284914
0.796308-1.203826j,-0.101618+2.342678j,-0.459644-1.469884j,4.288624
0.795702-1.205088j,-0.101933+2.342983j,-0.459498-1.469776j,4.292335
0.795095-1.206349j,-0.102249+2.343289j,-0.459353-1.469668j,4.296045
0.794487-1.207611j,-0.102565+2.343594j,-0.459207-1.469559j,4.299756
0.793877-1.208873j,-0.102881+2.343900j,-0.459060-1.469450j,4.303467
0.793266-1.210134j,-0.103196+2.344205j,-0.458913-1.469340j,4.307178
0.792653-1.211396j,-0.103512+2.344511j,-0.458765-1.469231j,4.310890
0.792039-1.212658j,-0.103828+2.344817j,-0.458616-1.469121j,4.314601
0.791424-1.213921j,-0.104144+2.345123j,-0.458467-1.469011j,4.318313
0.790808-1.215183j,-0.104459+2.345429j,-0.458318-1.468901j,4.322024
0.790190-1.216445j,-0.104775+2.345735j,-0.458168-1.468790j,4.325736
0.789571-1.217708j,-0.105091+2.346041j,-0.458017-1.468679j,4.329448
0.788950-1.218970j,-0.105407+2.346347j,-0.457866-1.468568j,4.333160
0.788328-1.220233j,-0.105723+2.346654j,-0.457714-1.468457j,4.336872
0.787705-1.221496j,-0.106038+2.346960j,-0.457562-1.468345j,4.340585
0.787080-1.222759j,-0.106354+2.347266j,-0.457409-1.468234j,4.344298
0.786454-1.224022j,-0.106670+2.347573j,-0.457255-1.468121j,4.348010
0.785827-1.225285j,-0.106986+2.347879j,-0.457101-1.468009j,4.351723
0.785198-1.226549j,-0.107302+2.348186j,-0.456947-1.467897j,4.355436
0.784568-1.227812j,-0.107617+2.348493j,-0.456791-1.467784j,4.359149
0.783937-1.229075j,-0.107933+2.348800j,-0.456636-1.467671j,4.362863
0.783304-1.230339j,-0.108249+2.349106j,-0.456479-1.467557j,4.366576
0.782670-1.231603j,-0.108565+2.349413j,-0.456322-1.467444j,4.370290
0.782034-1.232867j,-0.108881+2.349720j,-0.456165-1.467330j,4.374003
0.781397-1.234130j,-0.109197+2.350028j,-0.456007-1.467216j,4.377717
0.780759-1.235394j,-0.109512+2.350335j,-0.455848-1.467101j,4.381431
0.780119-1.236659j,-0.109828+2.350642j,-0.455689-1.466987j,4.385145
0.779478-1.237923j,-0.110144+2.350949j,-0.455530-1.466872j,4.388860
0.778836-1.239187j,-0.110460+2.351257j,-0.455369-1.466757j,4.392574
0.778192-1.240451j,-0.110776+2.351564j,-0.455208-1.466641j,4.396289
0.777547-1.241716j,-0.111092+2.351872j,-0.455047-1.466526j,4.400004
0.776900-1.242981j,-0.111407+2.352179j,-0.454885-1.466410j,4.403719
0.776252-1.244245j,-0.111723+2.352487j,-0.454722-1.466294j,4.407434
0.775603-1.245510j,-0.112039+2.352795j,-0.454559-1.466177j,4.411149
0.774952-1.246775j,-0.112355+2.353102j,-0.454396-1.466061j,4.414864
0.774300-1.248040j,-0.112671+2.353410j,-0.454231-1.465944j,4.418580
0.773647-1.249305j,-0.112987+2.353718j,-0.454067-1.465826j,4.422295
0.772992-1.250570j,-0.113303+2.354026j,-0.453901-1.465709j,4.426011
0.772336-1.251835j,-0.113619+2.354335j,-0.453735-1.465591j,4.429727
0.771678-1.253100j,-0.113934+2.354643j,-0.453569-1.465473j,4.433443
0.771019-1.254366j,-0.114250+2.354951j,-0.453401-1.465355j,4.437159
0.770359-1.255631j,-0.114566+2.355259j,-0.453234-1.465236j,4.440875
0.769697-1.256897j,-0.114882+2.355568j,-0.453065-1.465117j,4.444592
0.769034-1.258162j,-0.115198+2.355876j,-0.452897-1.464998j,4.448308
0.768370-1.259428j,-0.115514+2.356185j,-0.452727-1.464879j,4.452025
0.767704-1.260694j,-0.115830+2.356493j,-0.452557-1.464759j,4.455742
0.767037-1.261959j,-0.116146+2.356802j,-0.452386-1.464639j,4.459459
0.766368-1.263225j,-0.116462+2.357111j,-0.452215-1.464519j,4.463176
0.765698-1.264491j,-0.116777+2.357420j,-0.452044-1.464398j,4.466894
0.765027-1.265757j,-0.117093+2.357729j,-0.451871-1.464278j,4.470611
0.764354-1.267023j,-0.117409+2.358038j,-0.451698-1.464157j,4.474329
0.763680-1.268290j,-0.117725+2.358347j,-0.451525-1.464035j,4.478046
0.763004-1.269556j,-0.118041+2.358656j,-0.451351-1.463914j,4.481764
0.762327-1.270822j,-0.118357+2.358965j,-0.451176-1.463792j,4.485482
0.761649-1.272089j,-0.118673+2.359274j,-0.451001-1.463670j,4.489200
0.760969-1.273355j,-0.118989+2.359584j,-0.450825-1.463547j,4.492919
0.760288-1.274622j,-0.119305+2.359893j,-0.450649-1.463424j,4.496637
0.759606-1.275888j,-0.119621+2.360203j,-0.450472-1.463301j,4.500356
0.758922-1.277155j,-0.119937+2.360512j,-0.450294-1.463178j,4.504074
0.758237-1.278421j,-0.120252+2.360822j,-0.450116-1.463055j,4.507793
0.757550-1.279688j,-0.120568+2.361132j,-0.449937-1.462931j,4.511512
0.756862-1.280955j,-0.120884+2.361441j,-0.449758-1.462807j,4.515231
0.756172-1.282222j,-0.121200+2.361751j,-0.449578-1.462682j,4.518950
0.755482-1.283489j,-0.121516+2.362061j,-0.449397-1.462558j,4.522670
0.754789-1.284756j,-0.121832+2.362371j,-0.449216-1.462433j,4.526389
0.754096-1.286023j,-0.122148+2.362681j,-0.449035-1.462307j,4.530109
0.753401-1.287290j,-0.122464+2.362991j,-0.448852-1.462182j,4.533829
0.752704-1.288557j,-0.122780+2.363302j,-0.448670-1.462056j,4.537549
0.752006-1.289824j,-0.123096+2.363612j,-0.448486-1.461930j,4.541269
0.751307-1.291092j,-0.123412+2.363922j,-0.448302-1.461804j,4.544989
0.750606-1.292359j,-0.123728+2.364233j,-0.448118-1.461677j,4.548709
0.749904-1.293626j,-0.124044+2.364543j,-0.447932-1.461550j,4.552430
0.749201-1.294894j,-0.124360+2.364854j,-0.447747-1.461423j,4.556151
0.748496-1.296161j,-0.124676+2.365164j,-0.447560-1.461295j,4.559871
0.747790-1.297429j,-0.124991+2.365475j,-0.447373-1.461167j,4.563592
0.747082-1.298696j,-0.125307+2.365786j,-0.447186-1.461039j,4.567313
0.746373-1.299964j,-0.125623+2.366097j,-0.446998-1.460911j,4.571034
0.745662-1.301231j,-0.125939+2.366408j,-0.446809-1.460782j,4.574756
0.744950-1.302499j,-0.126255+2.366719j,-0.446619-1.460653j,4.578477
0.744237-1.303767j,-0.126571+2.367030j,-0.446430-1.460523j,4.582199
0.743522-1.305034j,-0.126887+2.367341j,-0.446239-1.460394j,4.585920
0.742806-1.306302j,-0.127203+2.367652j,-0.446048-1.460264j,4.589642
0.742089-1.307570j,-0.127519+2.367963j,-0.445856-1.460134j,4.593364
0.741370-1.308838j,-0.127835+2.368275j,-0.445664-1.460003j,4.597086
0.740649-1.310105j,-0.128151+2.368586j,-0.445471-1.459872j,4.600809
0.739928-1.311373j,-0.128467+2.368897j,-0.445277-1.459741j,4.604531
0.739204-1.312641j,-0.128783+2.369209j,-0.445083-1.459610j,4.608253
0.738480-1.313909j,-0.129099+2.369521j,-0.444889-1.459478j,4.611976
0.737754-1.315177j,-0.129415+2.369832j,-0.444693-1.459346j,4.615699
0.737026-1.316445j,-0.129731+2.370144j,-0.444497-1.459214j,4.619422
0.736297-1.317713j,-0.130047+2.370456j,-0.444301-1.459081j,4.623145
0.735567-1.318981j,-0.130362+2.370768j,-0.444104-1.458948j,4.626868
0.734835-1.320249j,-0.130678+2.371080j,-0.443906-1.458815j,4.630591
0.734102-1.321517j,-0.130994+2.371392j,-0.443708-1.458681j,4.634315
0.733368-1.322785j,-0.131310+2.371704j,-0.443509-1.458547j,4.638038
0.732632-1.324054j,-0.131626+2.372016j,-0.443309-1.458413j,4.641762
0.731894-1.325322j,-0.131942+2.372328j,-0.443109-1.458279j,4.645486
0.731156-1.326590j,-0.132258+2.372641j,-0.442908-1.458144j,4.649210
0.730415-1.327858j,-0.132574+2.372953j,-0.442707-1.458009j,4.652934
0.729674-1.329126j,-0.132890+2.373266j,-0.442505-1.457874j,4.656658
0.728931-1.330395j,-0.133206+2.373578j,-0.442303-1.457738j,4.660382
0.728186-1.331663j,-0.133522+2.373891j,-0.442099-1.457602j,4.664107
0.727440-1.332931j,-0.133838+2.374203j,-0.441896-1.457465j,4.667832
0.726693-1.334199j,-0.134154+2.374516j,-0.441691-1.457329j,4.671556
0.725944-1.335467j,-0.134470+2.374829j,-0.441486-1.457192j,4.675281
0.725194-1.336736j,-0.134786+2.375142j,-0.441281-1.457054j,4.679006
0.724442-1.338004j,-0.135102+2.375455j,-0.441074-1.456917j,4.682731
0.723689-1.339272j,-0.135417+2.375768j,-0.440868-1.456779j,4.686457
0.722935-1.340541j,-0.135733+2.376081j,-0.440660-1.456641j,4.690182
0.722179-1.341809j,-0.136049+2.376394j,-0.440452-1.456502j,4.693907
0.721421-1.343077j,-0.136365+2.376707j,-0.440244-1.456363j,4.697633
0.720663-1.344345j,-0.136681+2.377020j,-0.440034-1.456224j,4.701359
0.719902-1.345614j,-0.136997+2.377334j,-0.439824-1.456085j,4.705085
0.719141-1.346882j,-0.137313+2.377647j,-0.439614-1.455945j,4.708811
0.718378-1.348150j,-0.137629+2.377961j,-0.439403-1.455804j,4.712537
0.717613-1.349419j,-0.137945+2.378274j,-0.439191-1.455664j,4.716263
0.716847-1.350687j,-0.138261+2.378588j,-0.438979-1.455523j,4.719990
0.716080-1.351955j,-0.138577+2.378901j,-0.438766-1.455382j,4.723716
0.715311-1.353223j,-0.138893+2.379215j,-0.438552-1.455241j,4.727443
0.714541-1.354492j,-0.139209+2.379529j,-0.438338-1.455099j,4.731170
0.713769-1.355760j,-0.139524+2.379843j,-0.438123-1.454957j,4.734896
0.712996-1.357028j,-0.139840+2.380157j,-0.437908-1.454814j,4.738623
0.712221-1.358296j,-0.140156+2.380471j,-0.437692-1.454671j,4.742351
0.711445-1.359564j,-0.140472+2.380785j,-0.437475-1.454528j,4.746078
0.710668-1.360833j,-0.140788+2.381099j,-0.437258-1.454385j,4.749805
0.709889-1.362101j,-0.141104+2.381413j,-0.437040-1.454241j,4.753533
0.709108-1.363369j,-0.141420+2.381728j,-0.436821-1.454097j,4.757261
0.708327-1.364637j,-0.141736+2.382042j,-0.436602-1.453952j,4.760988
0.707543-1.365905j,-0.142052+2.382356j,-0.436383-1.453808j,4.764716
0.706759-1.367173j,-0.142368+2.382671j,-0.436162-1.453663j,4.768444
0.705972-1.368441j,-0.142683+2.382985j,-0.435941-1.453517j,4.772172
0.705185-1.369709j,-0.142999+2.383300j,-0.435719-1.453371j,4.775901
0.704396-1.370977j,-0.143315+2.383615j,-0.435497-1.453225j,4.779629
0.703605-1.372245j,-0.143631+2.383930j,-0.435274-1.453079j,4.783358
0.702813-1.373513j,-0.143947+2.384244j,-0.435051-1.452932j,4.787086
0.702020-1.374781j,-0.144263+2.384559j,-0.434827-1.452785j,4.790815
0.701225-1.376049j,-0.144579+2.384874j,-0.434602-1.452637j,4.794544
0.700429-1.377317j,-0.144895+2.385189j,-0.434376-1.452490j,4.798273
0.699631-1.378585j,-0.145211+2.385504j,-0.434150-1.452341j,4.802002
0.698832-1.379853j,-0.145526+2.385819j,-0.433924-1.452193j,4.805731
0.698032-1.381120j,-0.145842+2.386135j,-0.433696-1.452044j,4.809461
0.697229-1.382388j,-0.146158+2.386450j,-0.433468-1.451895j,4.813190
0.696426-1.383656j,-0.146474+2.386765j,-0.433240-1.451745j,4.816920
0.695621-1.384924j,-0.146790+2.387081j,-0.433011-1.451595j,4.820650
0.694814-1.386191j,-0.147106+2.387396j,-0.432781-1.451445j,4.824380
0.694007-1.387459j,-0.147422+2.387712j,-0.432550-1.451294j,4.828110
0.693197-1.388726j,-0.147737+2.388027j,-0.432319-1.451144j,4.831840
0.692386-1.389994j,-0.148053+2.388343j,-0.432087-1.450992j,4.835570
0.691574-1.391261j,-0.148369+2.388659j,-0.431855-1.450841j,4.839300
0.690760-1.392529j,-0.148685+2.388975j,-0.431622-1.450689j,4.843031
0.689945-1.393796j,-0.149001+2.389291j,-0.431388-1.450536j,4.846761
0.689129-1.395063j,-0.149317+2.389607j,-0.431154-1.450384j,4.850492
0.688310-1.396331j,-0.149632+2.389923j,-0.430919-1.450230j,4.854223
0.687491-1.397598j,-0.149948+2.390239j,-0.430683-1.450077j,4.857954
0.686670-1.398865j,-0.150264+2.390555j,-0.430447-1.449923j,4.861685
0.685847-1.400132j,-0.150580+2.390871j,-0.430210-1.449769j,4.865416
0.685023-1.401399j,-0.150896+2.391187j,-0.429973-1.449615j,4.869147
0.684198-1.402666j,-0.151212+2.391504j,-0.429735-1.449460j,4.872879
0.683371-1.403933j,-0.151527+2.391820j,-0.429496-1.449305j,4.876610
0.682543-1.405200j,-0.151843+2.392137j,-0.429256-1.449149j,4.880342
0.681713-1.406467j,-0.152159+2.392453j,-0.429016-1.448993j,4.884074
0.680882-1.407734j,-0.152475+2.392770j,-0.428775-1.448837j,4.887805
0.680049-1.409000j,-0.152791+2.393086j,-0.428534-1.448680j,4.891537
0.679215-1.410267j,-0.153106+2.393403j,-0.428292-1.448523j,4.895270
0.678379-1.411534j,-0.153422+2.393720j,-0.428049-1.448366j,4.899002
0.677542-1.412800j,-0.153738+2.394037j,-0.427806-1.448208j,4.902734
0.676703-1.414067j,-0.154054+2.394354j,-0.427562-1.448050j,4.906467
0.675863-1.415333j,-0.154369+2.394671j,-0.427317-1.447891j,4.910199
0.675021-1.416599j,-0.154685+2.394988j,-0.427072-1.447732j,4.913932
0.674178-1.417865j,-0.155001+2.395305j,-0.426826-1.447573j,4.917665
0.673334-1.419132j,-0.155317+2.395622j,-0.426579-1.447414j,4.921397
0.672488-1.420398j,-0.155633+2.395939j,-0.426332-1.447254j,4.925131
0.671640-1.421664j,-0.155948+2.396257j,-0.426084-1.447093j,4.928864
0.670792-1.422930j,-0.156264+2.396574j,-0.425836-1.446933j,4.932597
0.669941-1.424196j,-0.156580+2.396891j,-0.425586-1.446771j,4.936330
0.669089-1.425461j,-0.156896+2.397209j,-0.425337-1.446610j,4.940064
0.668236-1.426727j,-0.157211+2.397526j,-0.425086-1.446448j,4.943797
0.667381-1.427993j,-0.157527+2.397844j,-0.424835-1.446286j,4.947531
0.666525-1.429258j,-0.157843+2.398162j,-0.424583-1.446123j,4.951265
0.665667-1.430524j,-0.158158+2.398480j,-0.424330-1.445960j,4.954999
0.664808-1.431789j,-0.158474+2.398797j,-0.424077-1.445797j,4.958733
0.663947-1.433054j,-0.158790+2.399115j,-0.423823-1.445633j,4.962467
0.663085-1.434320j,-0.159106+2.399433j,-0.423569-1.445469j,4.966201
0.662221-1.435585j,-0.159421+2.399751j,-0.423314-1.445305j,4.969936
0.661356-1.436850j,-0.159737+2.400069j,-0.423058-1.445140j,4.973670
0.660489-1.438115j,-0.160053+2.400387j,-0.422801-1.444974j,4.977405
0.659621-1.439379j,-0.160368+2.400706j,-0.422544-1.444809j,4.981139
0.658751-1.440644j,-0.160684+2.401024j,-0.422286-1.444643j,4.984874
0.657880-1.441909j,-0.161000+2.401342j,-0.422028-1.444476j,4.988609
0.657007-1.443173j,-0.161315+2.401661j,-0.421768-1.444309j,4.992344
0.656133-1.444438j,-0.161631+2.401979j,-0.421509-1.444142j,4.996079
0.655258-1.445702j,-0.161947+2.402298j,-0.421248-1.443974j,4.999814
0.654381-1.446967j,-0.162262+2.402616j,-0.420987-1.443806j,5.003550
0.653502-1.448231j,-0.162578+2.402935j,-0.420725-1.443638j,5.007285
0.652622-1.449495j,-0.162894+2.403254j,-0.420462-1.443469j,5.011021
0.651740-1.450759j,-0.163209+2.403572j,-0.420199-1.443300j,5.014756
0.650857-1.452023j,-0.163525+2.403891j,-0.419935-1.443130j,5.018492
0.649973-1.453286j,-0.163841+2.404210j,-0.419671-1.442960j,5.022228
0.649087-1.454550j,-0.164156+2.404529j,-0.419406-1.442790j,5.025964
0.648199-1.455814j,-0.164472+2.404848j,-0.419140-1.442619j,5.029700
0.647310-1.457077j,-0.164788+2.405167j,-0.418873-1.442448j,5.033436
0.646420-1.458340j,-0.165103+2.405486j,-0.418606-1.442276j,5.037173
0.645528-1.459603j,-0.165419+2.405805j,-0.418338-1.442104j,5.040909
0.644634-1.460867j,-0.165734+2.406125j,-0.418069-1.441932j,5.044646
0.643739-1.462130j,-0.166050+2.406444j,-0.417800-1.441759j,5.048382
0.642843-1.463392j,-0.166366+2.406763j,-0.417530-1.441586j,5.052119
0.641945-1.464655j,-0.166681+2.407083j,-0.417259-1.441412j,5.055856
0.641045-1.465918j,-0.166997+2.407402j,-0.416988-1.441238j,5.059593
0.640144-1.467180j,-0.167312+2.407722j,-0.416716-1.441064j,5.063330
0.639242-1.468443j,-0.167628+2.408042j,-0.416443-1.440889j,5.067067
0.638338-1.469705j,-0.167943+2.408361j,-0.416169-1.440714j,5.070804
0.637432-1.470967j,-0.168259+2.408681j,-0.415895-1.440538j,5.074542
0.636525-1.472229j,-0.168575+2.409001j,-0.415620-1.440362j,5.078279
0.635617-1.473491j,-0.168890+2.409321j,-0.415345-1.440185j,5.082017
0.634707-1.474753j,-0.169206+2.409641j,-0.415069-1.440008j,5.085754
0.633795-1.476014j,-0.169521+2.409961j,-0.414792-1.439831j,5.089492
0.632882-1.477276j,-0.169837+2.410281j,-0.414514-1.439653j,5.093230
0.631968-1.478537j,-0.170152+2.410601j,-0.414236-1.439475j,5.096968
0.631052-1.479798j,-0.170468+2.410921j,-0.413957-1.439297j,5.100706
0.630134-1.481059j,-0.170783+2.411242j,-0.413677-1.439118j,5.104444
0.629215-1.482320j,-0.171099+2.411562j,-0.413397-1.438938j,5.108182
0.628295-1.483581j,-0.171414+2.411882j,-0.413116-1.438758j,5.111921
0.627373-1.484842j,-0.171730+2.412203j,-0.412834-1.438578j,5.115659
0.626449-1.486102j,-0.172045+2.412523j,-0.412552-1.438397j,5.119398
0.625524-1.487363j,-0.172361+2.412844j,-0.412268-1.438216j,5.123136
0.624598-1.488623j,-0.172676+2.413164j,-0.411985-1.438035j,5.126875
0.623670-1.489883j,-0.172992+2.413485j,-0.411700-1.437853j,5.130614
0.622740-1.491143j,-0.173307+2.413806j,-0.411415-1.437670j,5.134353
0.621809-1.492403j,-0.173623+2.414127j,-0.411129-1.437487j,5.138092
0.620876-1.493662j,-0.173938+2.414447j,-0.410842-1.437304j,5.141831
0.619942-1.494922j,-0.174253+2.414768j,-0.410555-1.437120j,5.145570
0.619007-1.496181j,-0.174569+2.415089j,-0.410267-1.436936j,5.149310
0.618070-1.497441j,-0.174884+2.415410j,-0.409978-1.436752j,5.153049
0.617131-1.498700j,-0.175200+2.415732j,-0.409688-1.436567j,5.156788
0.616191-1.499958j,-0.175515+2.416053j,-0.409398-1.436381j,5.160528
0.615249-1.501217j,-0.175831+2.416374j,-0.409107-1.436195j,5.164268
0.614306-1.502476j,-0.176146+2.416695j,-0.408815-1.436009j,5.168008
0.613361-1.503734j,-0.176461+2.417017j,-0.408523-1.435822j,5.171748
0.612415-1.504993j,-0.176777+2.417338j,-0.408230-1.435635j,5.175488
0.611467-1.506251j,-0.177092+2.417659j,-0.407936-1.435447j,5.179228
0.610518-1.507509j,-0.177408+2.417981j,-0.407642-1.435259j,5.182968
0.609567-1.508766j,-0.177723+2.418303j,-0.407346-1.435070j,5.186708
0.608615-1.510024j,-0.178038+2.418624j,-0.407050-1.434881j,5.190449
0.607661-1.511281j,-0.178354+2.418946j,-0.406754-1.434692j,5.194189
0.606706-1.512539j,-0.178669+2.419268j,-0.406456-1.434502j,5.197930
0.605749-1.513796j,-0.178984+2.419590j,-0.406158-1.434312j,5.201670
0.604791-1.515053j,-0.179300+2.419911j,-0.405859-1.434121j,5.205411
0.603831-1.516309j,-0.179615+2.420233j,-0.405560-1.433930j,5.209152
0.602869-1.517566j,-0.179930+2.420555j,-0.405259-1.433738j,5.212893
0.601906-1.518823j,-0.180246+2.420877j,-0.404958-1.433546j,5.216634
0.600942-1.520079j,-0.180561+2.421200j,-0.404657-1.433353j,5.220375
0.599976-1.521335j,-0.180876+2.421522j,-0.404354-1.433160j,5.224116
0.599008-1.522591j,-0.181191+2.421844j,-0.404051-1.432966j,5.227857
0.598039-1.523846j,-0.181507+2.422166j,-0.403747-1.432772j,5.231599
0.597069-1.525102j,-0.181822+2.422489j,-0.403442-1.432578j,5.235340
0.596097-1.526357j,-0.182137+2.422811j,-0.403137-1.432383j,5.239082
0.595123-1.527612j,-0.182453+2.423134j,-0.402831-1.432188j,5.242823
0.594148-1.528867j,-0.182768+2.423456j,-0.402524-1.431992j,5.246565
0.593171-1.530122j,-0.183083+2.423779j,-0.402216-1.431796j,5.250307
0.592193-1.531377j,-0.183398+2.424101j,-0.401908-1.431599j,5.254049
0.591213-1.532631j,-0.183713+2.424424j,-0.401599-1.431401j,5.257791
0.590232-1.533885j,-0.184029+2.424747j,-0.401289-1.431204j,5.261533
0.589249-1.535139j,-0.184344+2.425070j,-0.400978-1.431005j,5.265275
0.588265-1.536393j,-0.184659+2.425393j,-0.400667-1.430807j,5.269017
0.587279-1.537647j,-0.184974+2.425716j,-0.400355-1.430608j,5.272760
0.586291-1.538900j,-0.185289+2.426039j,-0.400042-1.430408j,5.276502
0.585302-1.540153j,-0.185605+2.426362j,-0.399729-1.430208j,5.280245
0.584312-1.541407j,-0.185920+2.426685j,-0.399414-1.430007j,5.283987
0.583320-1.542659j,-0.186235+2.427008j,-0.399099-1.429806j,5.287730
0.582326-1.543912j,-0.186550+2.427331j,-0.398784-1.429605j,5.291473
0.581331-1.545164j,-0.186865+2.427655j,-0.398467-1.429403j,5.295216
0.580335-1.546417j,-0.187180+2.427978j,-0.398150-1.429200j,5.298958
0.579337-1.547669j,-0.187496+2.428301j,-0.397832-1.428997j,5.302701
0.578337-1.548920j,-0.187811+2.428625j,-0.397513-1.428794j,5.306445
0.577336-1.550172j,-0.188126+2.428948j,-0.397193-1.428590j,5.310188
0.576333-1.551423j,-0.188441+2.429272j,-0.396873-1.428385j,5.313931
0.575329-1.552675j,-0.188756+2.429596j,-0.396552-1.428180j,5.317674
0.574323-1.553926j,-0.189071+2.429919j,-0.396230-1.427975j,5.321418
0.573315-1.555176j,-0.189386+2.430243j,-0.395907-1.427769j,5.325161
0.572306-1.556427j,-0.189701+2.430567j,-0.395584-1.427563j,5.328905
0.571296-1.557677j,-0.190016+2.430891j,-0.395260-1.427356j,5.332649
0.570284-1.558927j,-0.190331+2.431215j,-0.394935-1.427148j,5.336392
0.569270-1.560177j,-0.190646+2.431539j,-0.394609-1.426940j,5.340136
0.568255-1.561427j,-0.190961+2.431863j,-0.394283-1.426732j,5.343880
0.567238-1.562676j,-0.191276+2.432187j,-0.393956-1.426523j,5.347624
0.566220-1.563925j,-0.191592+2.432511j,-0.393628-1.426314j,5.351368
0.565201-1.565174j,-0.191907+2.432835j,-0.393299-1.426104j,5.355112
0.564179-1.566423j,-0.192222+2.433159j,-0.392970-1.425893j,5.358856
0.563156-1.567672j,-0.192537+2.433484j,-0.392639-1.425682j,5.362601
0.562132-1.568920j,-0.192852+2.433808j,-0.392308-1.425471j,5.366345
0.561106-1.570168j,-0.193167+2.434133j,-0.391976-1.425259j,5.370090
0.560079-1.571416j,-0.193481+2.434457j,-0.391644-1.425046j,5.373834
0.559050-1.572663j,-0.193796+2.434782j,-0.391310-1.424833j,5.377579
0.558019-1.573911j,-0.194111+2.435106j,-0.390976-1.424620j,5.381323
0.556987-1.575158j,-0.194426+2.435431j,-0.390641-1.424406j,5.385068
0.555953-1.576405j,-0.194741+2.435756j,-0.390306-1.424191j,5.388813
0.554918-1.577651j,-0.195056+2.436081j,-0.389969-1.423976j,5.392558
0.553881-1.578898j,-0.195371+2.436405j,-0.389632-1.423761j,5.396303
0.552843-1.580144j,-0.195686+2.436730j,-0.389294-1.423545j,5.400048
0.551803-1.581390j,-0.196001+2.437055j,-0.388955-1.423328j,5.403793
0.550761-1.582636j,-0.196316+2.437380j,-0.388615-1.423111j,5.407538
0.549718-1.583881j,-0.196631+2.437705j,-0.388275-1.422893j,5.411283
0.548674-1.585126j,-0.196946+2.438030j,-0.387934-1.422675j,5.415029
0.547628-1.586371j,-0.197260+2.438356j,-0.387592-1.422456j,5.418774
0.546580-1.587616j,-0.197575+2.438681j,-0.387249-1.422237j,5.422520
0.545531-1.588860j,-0.197890+2.439006j,-0.386905-1.422017j,5.426265
0.544480-1.590104j,-0.198205+2.439332j,-0.386561-1.421797j,5.430011
0.543428-1.591348j,-0.198520+2.439657j,-0.386215-1.421576j,5.433757
0.542374-1.592592j,-0.198835+2.439982j,-0.385869-1.421355j,5.437502
0.541318-1.593835j,-0.199149+2.440308j,-0.385523-1.421133j,5.441248
0.540261-1.595078j,-0.199464+2.440634j,-0.385175-1.420911j,5.444994
0.539203-1.596321j,-0.199779+2.440959j,-0.384827-1.420688j,5.448740
0.538143-1.597564j,-0.200094+2.441285j,-0.384477-1.420464j,5.452486
0.537081-1.598806j,-0.200409+2.441611j,-0.384127-1.420240j,5.456232
0.536018-1.600048j,-0.200723+2.441936j,-0.383776-1.420015j,5.459978
0.534953-1.601290j,-0.201038+2.442262j,-0.383425-1.419790j,5.463725
0.533886-1.602532j,-0.201353+2.442588j,-0.383072-1.419565j,5.467471
0.532818-1.603773j,-0.201668+2.442914j,-0.382719-1.419338j,5.471217
0.531749-1.605014j,-0.201982+2.443240j,-0.382365-1.419111j,5.474964
0.530678-1.606255j,-0.202297+2.443566j,-0.382010-1.418884j,5.478710
0.529605-1.607495j,-0.202612+2.443892j,-0.381654-1.418656j,5.482457
0.528531-1.608735j,-0.202926+2.444218j,-0.381298-1.418428j,5.486203
0.527455-1.609975j,-0.203241+2.444545j,-0.380940-1.418199j,5.489950
0.526378-1.611215j,-0.203556+2.444871j,-0.380582-1.417969j,5.493697
0.525299-1.612454j,-0.203870+2.445197j,-0.380223-1.417739j,5.497444
0.524218-1.613693j,-0.204185+2.445524j,-0.379863-1.417508j,5.501191
0.523136-1.614932j,-0.204500+2.445850j,-0.379502-1.417277j,5.504938
0.522053-1.616170j,-0.204814+2.446177j,-0.379141-1.417045j,5.508685
0.520968-1.617409j,-0.205129+2.446503j,-0.378779-1.416813j,5.512432
0.519881-1.618647j,-0.205444+2.446830j,-0.378415-1.416580j,5.516179
0.518792-1.619884j,-0.205758+2.447157j,-0.378051-1.416346j,5.519926
0.517703-1.621122j,-0.206073+2.447483j,-0.377687-1.416112j,5.523673
0.516611-1.622359j,-0.206387+2.447810j,-0.377321-1.415877j,5.527421
0.515518-1.623595j,-0.206702+2.448137j,-0.376954-1.415642j,5.531168
0.514423-1.624832j,-0.207017+2.448464j,-0.376587-1.415406j,5.534915
0.513327-1.626068j,-0.207331+2.448791j,-0.376219-1.415170j,5.538663
0.512229-1.627304j,-0.207646+2.449118j,-0.375850-1.414933j,5.542410
0.511130-1.628539j,-0.207960+2.449445j,-0.375480-1.414695j,5.546158
0.510029-1.629775j,-0.208275+2.449772j,-0.375109-1.414457j,5.549906
0.508927-1.631010j,-0.208589+2.450099j,-0.374737-1.414218j,5.553653
0.507823-1.632244j,-0.208904+2.450426j,-0.374365-1.413979j,5.557401
0.506717-1.633479j,-0.209218+2.450754j,-0.373992-1.413739j,5.561149
0.505610-1.634713j,-0.209533+2.451081j,-0.373618-1.413498j,5.564897
0.504501-1.635947j,-0.209847+2.451408j,-0.373243-1.413257j,5.568645
0.503391-1.637180j,-0.210162+2.451736j,-0.372867-1.413015j,5.572393
0.502279-1.638413j,-0.210476+2.452063j,-0.372490-1.412773j,5.576141
0.501165-1.639646j,-0.210791+2.452391j,-0.372112-1.412530j,5.579889
0.500050-1.640878j,-0.211105+2.452718j,-0.371734-1.412286j,5.583637
0.498933-1.642111j,-0.211419+2.453046j,-0.371355-1.412042j,5.587385
0.497815-1.643342j,-0.211734+2.453374j,-0.370974-1.411798j,5.591134
0.496695-1.644574j,-0.212048+2.453701j,-0.370593-1.411552j,5.594882
0.495574-1.645805j,-0.212363+2.454029j,-0.370212-1.411306j,5.598630
0.494451-1.647036j,-0.212677+2.454357j,-0.369829-1.411060j,5.602379
0.493326-1.648267j,-0.212991+2.454685j,-0.369445-1.410812j,5.606127
0.492200-1.649497j,-0.213306+2.455013j,-0.369061-1.410565j,5.609876
0.491072-1.650727j,-0.213620+2.455341j,-0.368675-1.410316j,5.613624
0.489943-1.651957j,-0.213934+2.455669j,-0.368289-1.410067j,5.617373
0.488812-1.653186j,-0.214249+2.455997j,-0.367902-1.409818j,5.621122
0.487679-1.654415j,-0.214563+2.456325j,-0.367514-1.409567j,5.624870
0.486545-1.655643j,-0.214877+2.456654j,-0.367125-1.409316j,5.628619
0.485410-1.656872j,-0.215192+2.456982j,-0.366735-1.409065j,5.632368
0.484272-1.658100j,-0.215506+2.457310j,-0.366344-1.408813j,5.636117
0.483133-1.659327j,-0.215820+2.457639j,-0.365953-1.408560j,5.639866
0.481993-1.660555j,-0.216135+2.457967j,-0.365560-1.408306j,5.643615
0.480851-1.661782j,-0.216449+2.458296j,-0.365167-1.408052j,5.647364
0.479707-1.663008j,-0.216763+2.458624j,-0.364772-1.407798j,5.651113
0.478562-1.664234j,-0.217077+2.458953j,-0.364377-1.407542j,5.654862
0.477415-1.665460j,-0.217391+2.459281j,-0.363981-1.407286j,5.658611
0.476267-1.666686j,-0.217706+2.459610j,-0.363584-1.407030j,5.662360
0.475117-1.667911j,-0.218020+2.459939j,-0.363186-1.406773j,5.666109
0.473965-1.669136j,-0.218334+2.460268j,-0.362788-1.406515j,5.669859
0.472812-1.670361j,-0.218648+2.460597j,-0.362388-1.406256j,5.673608
0.471657-1.671585j,-0.218962+2.460925j,-0.361987-1.405997j,5.677357
0.470501-1.672809j,-0.219277+2.461254j,-0.361586-1.405737j,5.681107
0.469343-1.674032j,-0.219591+2.461583j,-0.361183-1.405477j,5.684856
0.468183-1.675255j,-0.219905+2.461913j,-0.360780-1.405216j,5.688606
0.467022-1.676478j,-0.220219+2.462242j,-0.360376-1.404954j,5.692355
0.465860-1.677700j,-0.220533+2.462571j,-0.359971-1.404691j,5.696105
0.464695-1.678922j,-0.220847+2.462900j,-0.359565-1.404428j,5.699854
0.463529-1.680144j,-0.221161+2.463229j,-0.359157-1.404164j,5.703604
0.462362-1.681366j,-0.221475+2.463559j,-0.358750-1.403900j,5.707354
0.461193-1.682586j,-0.221789+2.463888j,-0.358341-1.403635j,5.711103
0.460022-1.683807j,-0.222103+2.464217j,-0.357931-1.403369j,5.714853
0.458850-1.685027j,-0.222417+2.464547j,-0.357520-1.403102j,5.718603
0.457676-1.686247j,-0.222731+2.464876j,-0.357108-1.402835j,5.722353
0.456500-1.687467j,-0.223046+2.465206j,-0.356696-1.402567j,5.726102
0.455323-1.688686j,-0.223360+2.465536j,-0.356282-1.402299j,5.729852
0.454144-1.689905j,-0.223674+2.465865j,-0.355868-1.402030j,5.733602
0.452964-1.691123j,-0.223987+2.466195j,-0.355452-1.401760j,5.737352
0.451782-1.692341j,-0.224301+2.466525j,-0.355036-1.401489j,5.741102
0.450599-1.693559j,-0.224615+2.466855j,-0.354619-1.401218j,5.744852
0.449413-1.694776j,-0.224929+2.467185j,-0.354200-1.400946j,5.748602
0.448227-1.695993j,-0.225243+2.467515j,-0.353781-1.400674j,5.752352
0.447038-1.697209j,-0.225557+2.467845j,-0.353361-1.400400j,5.756103
0.445848-1.698425j,-0.225871+2.468175j,-0.352940-1.400126j,5.759853
0.444657-1.699641j,-0.226185+2.468505j,-0.352518-1.399851j,5.763603
0.443464-1.700856j,-0.226499+2.468835j,-0.352095-1.399576j,5.767353
0.442269-1.702071j,-0.226813+2.469165j,-0.351671-1.399300j,5.771103
0.441073-1.703286j,-0.227127+2.469495j,-0.351246-1.399023j,5.774854
0.439875-1.704500j,-0.227441+2.469826j,-0.350820-1.398746j,5.778604
0.438675-1.705714j,-0.227754+2.470156j,-0.350393-1.398467j,5.782354
0.437474-1.706927j,-0.228068+2.470486j,-0.349965-1.398188j,5.786105
0.436271-1.708140j,-0.228382+2.470817j,-0.349536-1.397909j,5.789855
0.435067-1.709352j,-0.228696+2.471147j,-0.349106-1.397628j,5.793605
0.433861-1.710565j,-0.229010+2.471478j,-0.348676-1.397347j,5.797356
0.432653-1.711776j,-0.229323+2.471809j,-0.348244-1.397065j,5.801106
0.431444-1.712988j,-0.229637+2.472139j,-0.347811-1.396783j,5.804857
0.430233-1.714199j,-0.229951+2.472470j,-0.347377-1.396499j,5.808607
0.429021-1.715409j,-0.230265+2.472801j,-0.346942-1.396215j,5.812358
0.427807-1.716619j,-0.230578+2.473131j,-0.346507-1.395931j,5.816108
0.426591-1.717829j,-0.230892+2.473462j,-0.346070-1.395645j,5.819859
0.425374-1.719039j,-0.231206+2.473793j,-0.345632-1.395359j,5.823609
0.424155-1.720247j,-0.231520+2.474124j,-0.345193-1.395072j,5.827360
0.422934-1.721456j,-0.231833+2.474455j,-0.344754-1.394784j,5.831111
0.421712-1.722664j,-0.232147+2.474786j,-0.344313-1.394496j,5.834861
0.420489-1.723872j,-0.232461+2.475117j,-0.343871-1.394206j,5.838612
0.419263-1.725079j,-0.232774+2.475448j,-0.343428-1.393916j,5.842363
0.418036-1.726286j,-0.233088+2.475780j,-0.342985-1.393626j,5.846113
0.416808-1.727492j,-0.233402+2.476111j,-0.342540-1.393334j,5.849864
0.415578-1.728698j,-0.233715+2.476442j,-0.342094-1.393042j,5.853615
0.414346-1.729904j,-0.234029+2.476774j,-0.341647-1.392749j,5.857366
0.413112-1.731109j,-0.234342+2.477105j,-0.341199-1.392455j,5.861116
0.411877-1.732314j,-0.234656+2.477436j,-0.340751-1.392161j,5.864867
0.410641-1.733518j,-0.234969+2.477768j,-0.340301-1.391865j,5.868618
0.409403-1.734722j,-0.235283+2.478099j,-0.339850-1.391569j,5.872369
0.408163-1.735925j,-0.235597+2.478431j,-0.339398-1.391272j,5.876120
0.406921-1.737128j,-0.235910+2.478763j,-0.338945-1.390975j,5.879870
0.405678-1.738331j,-0.236224+2.479094j,-0.338491-1.390676j,5.883621
0.404433-1.739533j,-0.236537+2.479426j,-0.338036-1.390377j,5.887372
0.403187-1.740735j,-0.236851+2.479758j,-0.337580-1.390077j,5.891123
0.401939-1.741936j,-0.237164+2.480090j,-0.337122-1.389776j,5.894874
0.400690-1.743137j,-0.237478+2.480422j,-0.336664-1.389475j,5.898625
0.399438-1.744337j,-0.237791+2.480754j,-0.336205-1.389172j,5.902376
0.398186-1.745537j,-0.238104+2.481086j,-0.335745-1.388869j,5.906127
0.396931-1.746737j,-0.238418+2.481418j,-0.335283-1.388565j,5.909878
0.395675-1.747936j,-0.238731+2.481750j,-0.334821-1.388260j,5.913628
0.394417-1.749134j,-0.239045+2.482082j,-0.334357-1.387955j,5.917379
0.393158-1.750332j,-0.239358+2.482414j,-0.333893-1.387648j,5.921130
0.391897-1.751530j,-0.239671+2.482746j,-0.333427-1.387341j,5.924881
0.390635-1.752727j,-0.239985+2.483079j,-0.332960-1.387033j,5.928632
0.389370-1.753924j,-0.240298+2.483411j,-0.332493-1.386724j,5.932383
0.388105-1.755120j,-0.240612+2.483743j,-0.332024-1.386415j,5.936134
0.386837-1.756316j,-0.240925+2.484076j,-0.331554-1.386104j,5.939885
0.385568-1.757512j,-0.241238+2.484408j,-0.331083-1.385793j,5.943636
0.384297-1.758706j,-0.241551+2.484741j,-0.330611-1.385481j,5.947387
0.383025-1.759901j,-0.241865+2.485073j,-0.330137-1.385168j,5.951138
0.381751-1.761095j,-0.242178+2.485406j,-0.329663-1.384854j,5.954889
0.380476-1.762288j,-0.242491+2.485738j,-0.329188-1.384539j,5.958640
0.379198-1.763482j,-0.242805+2.486071j,-0.328711-1.384224j,5.962391
0.377920-1.764674j,-0.243118+2.486404j,-0.328234-1.383907j,5.966142
0.376639-1.765866j,-0.243431+2.486737j,-0.327755-1.383590j,5.969893
0.375357-1.767058j,-0.243744+2.487070j,-0.327275-1.383272j,5.973644
0.374073-1.768249j,-0.244057+2.487403j,-0.326794-1.382953j,5.977395
0.372788-1.769440j,-0.244371+2.487735j,-0.326312-1.382634j,5.981146
0.371501-1.770630j,-0.244684+2.488068j,-0.325829-1.382313j,5.984897
0.370212-1.771820j,-0.244997+2.488402j,-0.325344-1.381991j,5.988648
0.368922-1.773009j,-0.245310+2.488735j,-0.324859-1.381669j,5.992399
0.367630-1.774198j,-0.245623+2.489068j,-0.324373-1.381346j,5.996150
0.366337-1.775386j,-0.245936+2.489401j,-0.323885-1.381022j,5.999901
0.365042-1.776574j,-0.246249+2.489734j,-0.323396-1.380697j,6.003652
0.363745-1.777761j,-0.246563+2.490067j,-0.322906-1.380371j,6.007403
0.362447-1.778948j,-0.246876+2.490401j,-0.322415-1.380044j,6.011154
0.361147-1.780135j,-0.247189+2.490734j,-0.321923-1.379716j,6.014904
0.359845-1.781320j,-0.247502+2.491068j,-0.321429-1.379388j,6.018655
0.358542-1.782506j,-0.247815+2.491401j,-0.320935-1.379058j,6.022406
0.357237-1.783691j,-0.248128+2.491735j,-0.320439-1.378728j,6.026157
0.355930-1.784875j,-0.248441+2.492068j,-0.319942-1.378397j,6.029908
0.354622-1.786059j,-0.248754+2.492402j,-0.319444-1.378065j,6.033659
0.353312-1.787242j,-0.249067+2.492735j,-0.318945-1.377732j,6.037410
0.352001-1.788425j,-0.249380+2.493069j,-0.318445-1.377398j,6.041160
0.350688-1.789608j,-0.249693+2.493403j,-0.317943-1.377063j,6.044911
0.349373-1.790789j,-0.250006+2.493737j,-0.317440-1.376727j,6.048662
0.348056-1.791971j,-0.250319+2.494071j,-0.316936-1.376390j,6.052413
0.346738-1.793152j,-0.250632+2.494404j,-0.316431-1.376053j,6.056164
0.345419-1.794332j,-0.250944+2.494738j,-0.315925-1.375714j,6.059914
0.344098-1.795512j,-0.251257+2.495072j,-0.315418-1.375375j,6.063665
0.342775-1.796691j,-0.251570+2.495406j,-0.314909-1.375034j,6.067416
0.341450-1.797870j,-0.251883+2.495740j,-0.314399-1.374693j,6.071166
0.340124-1.799048j,-0.252196+2.496075j,-0.313888-1.374350j,6.074917
0.338796-1.800226j,-0.252509+2.496409j,-0.313376-1.374007j,6.078668
0.337466-1.801403j,-0.252822+2.496743j,-0.312862-1.373663j,6.082418
0.336135-1.802580j,-0.253134+2.497077j,-0.312347-1.373317j,6.086169
0.334803-1.803756j,-0.253447+2.497412j,-0.311831-1.372971j,6.089919
0.333468-1.804932j,-0.253760+2.497746j,-0.311314-1.372624j,6.093670
0.332132-1.806107j,-0.254073+2.498080j,-0.310796-1.372276j,6.097421
0.330794-1.807282j,-0.254386+2.498415j,-0.310276-1.371927j,6.101171
0.329455-1.808456j,-0.254698+2.498749j,-0.309755-1.371577j,6.104921
0.328114-1.809629j,-0.255011+2.499084j,-0.309233-1.371226j,6.108672
0.326771-1.810803j,-0.255324+2.499418j,-0.308710-1.370874j,6.112422
0.325427-1.811975j,-0.255636+2.499753j,-0.308185-1.370521j,6.116173
0.324081-1.813147j,-0.255949+2.500088j,-0.307660-1.370167j,6.119923
0.322734-1.814318j,-0.256262+2.500422j,-0.307132-1.369812j,6.123673
0.321385-1.815489j,-0.256575+2.500757j,-0.306604-1.369456j,6.127424
0.320034-1.816660j,-0.256887+2.501092j,-0.306074-1.369099j,6.131174
0.318681-1.817830j,-0.257200+2.501427j,-0.305544-1.368740j,6.134924
0.317327-1.818999j,-0.257512+2.501762j,-0.305011-1.368381j,6.138674
0.315971-1.820168j,-0.257825+2.502097j,-0.304478-1.368021j,6.142425
0.314614-1.821336j,-0.258138+2.502432j,-0.303943-1.367660j,6.146175
0.313255-1.822503j,-0.258450+2.502767j,-0.303407-1.367298j,6.149925
0.311894-1.823670j,-0.258763+2.503102j,-0.302870-1.366935j,6.153675
0.310532-1.824837j,-0.259075+2.503437j,-0.302331-1.366571j,6.157425
0.309168-1.826003j,-0.259388+2.503772j,-0.301791-1.366205j,6.161175
0.307802-1.827168j,-0.259700+2.504107j,-0.301250-1.365839j,6.164925
0.306435-1.828333j,-0.260013+2.504443j,-0.300708-1.365472j,6.168675
0.305066-1.829498j,-0.260325+2.504778j,-0.300164-1.365103j,6.172424
0.303695-1.830661j,-0.260638+2.505113j,-0.299619-1.364734j,6.176174
0.302323-1.831825j,-0.260950+2.505449j,-0.299072-1.364363j,6.179924
0.300949-1.832987j,-0.261263+2.505784j,-0.298524-1.363992j,6.183674
0.299573-1.834149j,-0.261575+2.506120j,-0.297975-1.363619j,6.187423
0.298196-1.835311j,-0.261888+2.506455j,-0.297425-1.363245j,6.191173
0.296817-1.836472j,-0.262200+2.506791j,-0.296873-1.362870j,6.194923
0.295437-1.837632j,-0.262513+2.507126j,-0.296320-1.362494j,6.198672
0.294054-1.838792j,-0.262825+2.507462j,-0.295765-1.362117j,6.202422
0.292671-1.839951j,-0.263137+2.507798j,-0.295209-1.361739j,6.206171
0.291285-1.841110j,-0.263450+2.508134j,-0.294652-1.361360j,6.209921
0.289898-1.842268j,-0.263762+2.508469j,-0.294093-1.360980j,6.213670
0.288509-1.843425j,-0.264074+2.508805j,-0.293533-1.360598j,6.217419
0.287119-1.844582j,-0.264387+2.509141j,-0.292972-1.360216j,6.221168
0.285727-1.845738j,-0.264699+2.509477j,-0.292409-1.359832j,6.224918
0.284333-1.846894j,-0.265011+2.509813j,-0.291845-1.359447j,6.228667
0.282938-1.848049j,-0.265323+2.510149j,-0.291280-1.359061j,6.232416
0.281540-1.849204j,-0.265636+2.510485j,-0.290713-1.358674j,6.236165
0.280142-1.850358j,-0.265948+2.510821j,-0.290144-1.358286j,6.239914
0.278741-1.851511j,-0.266260+2.511157j,-0.289575-1.357896j,6.243663
0.277339-1.852664j,-0.266572+2.511494j,-0.289003-1.357506j,6.247412
0.275936-1.853816j,-0.266885+2.511830j,-0.288431-1.357114j,6.251161
0.274530-1.854968j,-0.267197+2.512166j,-0.287857-1.356721j,6.254909
0.273123-1.856119j,-0.267509+2.512502j,-0.287281-1.356327j,6.258658
0.271715-1.857269j,-0.267821+2.512839j,-0.286705-1.355932j,6.262407
0.270304-1.858419j,-0.268133+2.513175j,-0.286126-1.355535j,6.266155
0.268892-1.859568j,-0.268445+2.513512j,-0.285546-1.355138j,6.269904
0.267479-1.860717j,-0.268758+2.513848j,-0.284965-1.354739j,6.273652
0.266063-1.861865j,-0.269070+2.514185j,-0.284383-1.354339j,6.277400
0.264646-1.863012j,-0.269382+2.514521j,-0.283798-1.353938j,6.281149
0.263228-1.864159j,-0.269694+2.514858j,-0.283213-1.353535j,6.284897
0.261808-1.865305j,-0.270006+2.515195j,-0.282626-1.353132j,6.288645
0.260386-1.866451j,-0.270318+2.515531j,-0.282037-1.352727j,6.292393
0.258962-1.867596j,-0.270630+2.515868j,-0.281447-1.352321j,6.296141
0.257537-1.868740j,-0.270942+2.516205j,-0.280856-1.351914j,6.299889
0.256110-1.869884j,-0.271254+2.516542j,-0.280262-1.351505j,6.303637
0.254681-1.871027j,-0.271566+2.516879j,-0.279668-1.351095j,6.307385
0.253251-1.872169j,-0.271878+2.517216j,-0.279072-1.350684j,6.311133
0.251819-1.873311j,-0.272190+2.517553j,-0.278474-1.350272j,6.314880
0.250386-1.874452j,-0.272502+2.517890j,-0.277875-1.349858j,6.318628
0.248950-1.875593j,-0.272814+2.518227j,-0.277274-1.349443j,6.322375
0.247514-1.876733j,-0.273126+2.518564j,-0.276672-1.349027j,6.326123
0.246075-1.877872j,-0.273438+2.518901j,-0.276068-1.348610j,6.329870
0.244635-1.879011j,-0.273749+2.519238j,-0.275463-1.348191j,6.333618
0.243193-1.880149j,-0.274061+2.519576j,-0.274856-1.347771j,6.337365
0.241749-1.881287j,-0.274373+2.519913j,-0.274248-1.347350j,6.341112
0.240304-1.882423j,-0.274685+2.520250j,-0.273638-1.346927j,6.344859
0.238857-1.883560j,-0.274997+2.520588j,-0.273026-1.346503j,6.348606
0.237409-1.884695j,-0.275309+2.520925j,-0.272413-1.346078j,6.352353
0.235959-1.885830j,-0.275620+2.521262j,-0.271798-1.345651j,6.356100
0.234507-1.886964j,-0.275932+2.521600j,-0.271182-1.345223j,6.359846
0.233053-1.888098j,-0.276244+2.521937j,-0.270564-1.344794j,6.363593
0.231598-1.889231j,-0.276556+2.522275j,-0.269944-1.344364j,6.367339
0.230141-1.890363j,-0.276867+2.522613j,-0.269323-1.343932j,6.371086
0.228683-1.891495j,-0.277179+2.522950j,-0.268700-1.343498j,6.374832
0.227222-1.892626j,-0.277491+2.523288j,-0.268076-1.343064j,6.378578
0.225761-1.893756j,-0.277803+2.523626j,-0.267450-1.342628j,6.382325
0.224297-1.894886j,-0.278114+2.523964j,-0.266822-1.342190j,6.386071
0.222832-1.896015j,-0.278426+2.524301j,-0.266193-1.341751j,6.389817
0.221365-1.897143j,-0.278738+2.524639j,-0.265562-1.341311j,6.393562
0.219896-1.898271j,-0.279049+2.524977j,-0.264929-1.340869j,6.397308
0.218426-1.899398j,-0.279361+2.525315j,-0.264294-1.340426j,6.401054
0.216954-1.900525j,-0.279672+2.525653j,-0.263658-1.339982j,6.404799
0.215481-1.901650j,-0.279984+2.525991j,-0.263020-1.339536j,6.408545
0.214006-1.902776j,-0.280296+2.526329j,-0.262381-1.339088j,6.412290
0.212529-1.903900j,-0.280607+2.526668j,-0.261740-1.338639j,6.416036
0.211050-1.905024j,-0.280919+2.527006j,-0.261097-1.338189j,6.419781
0.209570-1.906147j,-0.281230+2.527344j,-0.260452-1.337737j,6.423526
0.208088-1.907269j,-0.281542+2.527682j,-0.259806-1.337284j,6.427271
0.206604-1.908391j,-0.281853+2.528020j,-0.259157-1.336829j,6.431016
0.205119-1.909512j,-0.282165+2.528359j,-0.258508-1.336373j,6.434760
0.203632-1.910632j,-0.282476+2.528697j,-0.257856-1.335916j,6.438505
0.202144-1.911752j,-0.282788+2.529036j,-0.257202-1.335456j,6.442249
0.200653-1.912871j,-0.283099+2.529374j,-0.256547-1.334996j,6.445994
0.199161-1.913989j,-0.283410+2.529713j,-0.255890-1.334533j,6.449738
0.197668-1.915107j,-0.283722+2.530051j,-0.255231-1.334070j,6.453482
0.196173-1.916224j,-0.284033+2.530390j,-0.254571-1.333604j,6.457226
0.194676-1.917340j,-0.284345+2.530728j,-0.253908-1.333138j,6.460970
0.193177-1.918456j,-0.284656+2.531067j,-0.253244-1.332669j,6.464714
0.191677-1.919571j,-0.284967+2.531406j,-0.252578-1.332199j,6.468458
0.190175-1.920685j,-0.285279+2.531745j,-0.251910-1.331728j,6.472201
0.188671-1.921799j,-0.285590+2.532083j,-0.251240-1.331255j,6.475945
0.187166-1.922911j,-0.285901+2.532422j,-0.250569-1.330780j,6.479688
0.185659-1.924023j,-0.286213+2.532761j,-0.249895-1.330304j,6.483431
0.184150-1.925135j,-0.286524+2.533100j,-0.249220-1.329826j,6.487175
0.182640-1.926246j,-0.286835+2.533439j,-0.248543-1.329346j,6.490918
0.181128-1.927356j,-0.287146+2.533778j,-0.247863-1.328865j,6.494660
0.179614-1.928465j,-0.287458+2.534117j,-0.247182-1.328382j,6.498403
0.178099-1.929573j,-0.287769+2.534456j,-0.246499-1.327898j,6.502146
0.176582-1.930681j,-0.288080+2.534795j,-0.245814-1.327412j,6.505888
0.175063-1.931788j,-0.288391+2.535134j,-0.245128-1.326924j,6.509630
0.173543-1.932895j,-0.288702+2.535474j,-0.244439-1.326435j,6.513373
0.172021-1.934001j,-0.289013+2.535813j,-0.243748-1.325943j,6.517115
0.170497-1.935106j,-0.289325+2.536152j,-0.243055-1.325451j,6.520856
0.168971-1.936210j,-0.289636+2.536491j,-0.242361-1.324956j,6.524598
0.167444-1.937313j,-0.289947+2.536831j,-0.241664-1.324460j,6.528340
0.165915-1.938416j,-0.290258+2.537170j,-0.240965-1.323962j,6.532081
0.164385-1.939518j,-0.290569+2.537510j,-0.240264-1.323462j,6.535823
0.162853-1.940620j,-0.290880+2.537849j,-0.239562-1.322961j,6.539564
0.161319-1.941721j,-0.291191+2.538189j,-0.238857-1.322457j,6.543305
0.159784-1.942821j,-0.291502+2.538528j,-0.238150-1.321952j,6.547046
0.158246-1.943920j,-0.291813+2.538868j,-0.237441-1.321445j,6.550787
0.156708-1.945018j,-0.292124+2.539207j,-0.236730-1.320937j,6.554527
0.155167-1.946116j,-0.292435+2.539547j,-0.236017-1.320426j,6.558268
0.153625-1.947213j,-0.292746+2.539887j,-0.235302-1.319914j,6.562008
0.152081-1.948309j,-0.293057+2.540227j,-0.234585-1.319400j,6.565748
0.150535-1.949405j,-0.293368+2.540566j,-0.233866-1.318884j,6.569488
0.148988-1.950500j,-0.293679+2.540906j,-0.233144-1.318366j,6.573228
0.147439-1.951594j,-0.293990+2.541246j,-0.232420-1.317847j,6.576968
0.145889-1.952687j,-0.294301+2.541586j,-0.231695-1.317325j,6.580707
0.144336-1.953780j,-0.294611+2.541926j,-0.230967-1.316802j,6.584447
0.142782-1.954871j,-0.294922+2.542266j,-0.230237-1.316277j,6.588186
0.141227-1.955962j,-0.295233+2.542606j,-0.229504-1.315749j,6.591925
0.139669-1.957053j,-0.295544+2.542946j,-0.228770-1.315220j,6.595664
0.138110-1.958142j,-0.295855+2.543286j,-0.228033-1.314689j,6.599402
0.136550-1.959231j,-0.296165+2.543627j,-0.227294-1.314156j,6.603141
0.134987-1.960319j,-0.296476+2.543967j,-0.226553-1.313621j,6.606879
0.133423-1.961406j,-0.296787+2.544307j,-0.225810-1.313084j,6.610617
0.131857-1.962493j,-0.297098+2.544647j,-0.225064-1.312545j,6.614355
0.130290-1.963579j,-0.297408+2.544988j,-0.224316-1.312004j,6.618093
0.128721-1.964664j,-0.297719+2.545328j,-0.223565-1.311461j,6.621831
0.127150-1.965748j,-0.298030+2.545668j,-0.222813-1.310916j,6.625568
0.125578-1.966831j,-0.298341+2.546009j,-0.222058-1.310369j,6.629306
0.124003-1.967914j,-0.298651+2.546349j,-0.221301-1.309820j,6.633043
0.122428-1.968996j,-0.298962+2.546690j,-0.220541-1.309269j,6.636780
0.120850-1.970077j,-0.299273+2.547030j,-0.219779-1.308715j,6.640516
0.119271-1.971158j,-0.299583+2.547371j,-0.219014-1.308160j,6.644253
0.117690-1.972237j,-0.299894+2.547712j,-0.218248-1.307602j,6.647989
0.116107-1.973316j,-0.300204+2.548052j,-0.217478-1.307043j,6.651726
0.114523-1.974394j,-0.300515+2.548393j,-0.216707-1.306481j,6.655462
0.112937-1.975471j,-0.300825+2.548734j,-0.215933-1.305917j,6.659197
0.111349-1.976548j,-0.301136+2.549075j,-0.215156-1.305351j,6.662933
0.109760-1.977624j,-0.301447+2.549415j,-0.214377-1.304782j,6.666668
0.108169-1.978698j,-0.301757+2.549756j,-0.213595-1.304212j,6.670404
0.106576-1.979773j,-0.302068+2.550097j,-0.212811-1.303639j,6.674139
0.104982-1.980846j,-0.302378+2.550438j,-0.212025-1.303064j,6.677873
0.103386-1.981918j,-0.302688+2.550779j,-0.211235-1.302486j,6.681608
0.101788-1.982990j,-0.302999+2.551120j,-0.210444-1.301907j,6.685343
0.100189-1.984061j,-0.303309+2.551461j,-0.209649-1.301325j,6.689077
0.098588-1.985131j,-0.303620+2.551802j,-0.208852-1.300740j,6.692811
0.096985-1.986201j,-0.303930+2.552143j,-0.208053-1.300154j,6.696544
0.095380-1.987269j,-0.304241+2.552485j,-0.207251-1.299565j,6.700278
0.093774-1.988337j,-0.304551+2.552826j,-0.206446-1.298974j,6.704011
0.092166-1.989404j,-0.304861+2.553167j,-0.205638-1.298380j,6.707744
0.090557-1.990470j,-0.305172+2.553508j,-0.204828-1.297784j,6.711477
0.088945-1.991535j,-0.305482+2.553850j,-0.204015-1.297185j,6.715210
0.087332-1.992600j,-0.305792+2.554191j,-0.203199-1.296584j,6.718943
0.085718-1.993663j,-0.306102+2.554532j,-0.202381-1.295981j,6.722675
0.084101-1.994726j,-0.306413+2.554874j,-0.201560-1.295375j,6.726407
0.082483-1.995788j,-0.306723+2.555215j,-0.200736-1.294766j,6.730139
0.080864-1.996850j,-0.307033+2.555557j,-0.199909-1.294155j,6.733870
0.079242-1.997910j,-0.307343+2.555898j,-0.199079-1.293542j,6.737601
0.077619-1.998970j,-0.307654+2.556240j,-0.198247-1.292926j,6.741333
0.075995-2.000028j,-0.307964+2.556582j,-0.197411-1.292307j,6.745063
0.074368-2.001086j,-0.308274+2.556923j,-0.196573-1.291686j,6.748794
0.072740-2.002143j,-0.308584+2.557265j,-0.195732-1.291062j,6.752524
0.071110-2.003200j,-0.308894+2.557607j,-0.194888-1.290435j,6.756255
0.069479-2.004255j,-0.309204+2.557949j,-0.194041-1.289806j,6.759984
0.067845-2.005310j,-0.309514+2.558290j,-0.193190-1.289174j,6.763714
0.066211-2.006364j,-0.309825+2.558632j,-0.192337-1.288539j,6.767443
0.064574-2.007417j,-0.310135+2.558974j,-0.191481-1.287902j,6.771173
0.062936-2.008469j,-0.310445+2.559316j,-0.190622-1.287261j,6.774901
0.061296-2.009520j,-0.310755+2.559658j,-0.189760-1.286618j,6.778630
0.059654-2.010570j,-0.311065+2.560000j,-0.188894-1.285973j,6.782358
0.058011-2.011620j,-0.311375+2.560342j,-0.188026-1.285324j,6.786087
0.056366-2.012669j,-0.311685+2.560684j,-0.187154-1.284673j,6.789814
0.054719-2.013717j,-0.311995+2.561026j,-0.186279-1.284018j,6.793542
0.053070-2.014764j,-0.312305+2.561368j,-0.185401-1.283361j,6.797269
0.051420-2.015810j,-0.312615+2.561711j,-0.184519-1.282701j,6.800996
0.049769-2.016855j,-0.312925+2.562053j,-0.183635-1.282037j,6.804723
0.048115-2.017900j,-0.313235+2.562395j,-0.182747-1.281371j,6.808450
0.046460-2.018943j,-0.313544+2.562738j,-0.181855-1.280702j,6.812176
0.044803-2.019986j,-0.313854+2.563080j,-0.180961-1.280029j,6.815902
0.043144-2.021028j,-0.314164+2.563422j,-0.180063-1.279354j,6.819627
0.041484-2.022069j,-0.314474+2.563765j,-0.179161-1.278676j,6.823353
0.039822-2.023109j,-0.314784+2.564107j,-0.178256-1.277994j,6.827078
0.038159-2.024149j,-0.315094+2.564450j,-0.177348-1.277309j,6.830803
0.036493-2.025187j,-0.315403+2.564792j,-0.176436-1.276621j,6.834527
0.034826-2.026225j,-0.315713+2.565135j,-0.175521-1.275930j,6.838251
0.033157-2.027261j,-0.316023+2.565477j,-0.174602-1.275235j,6.841975
0.031487-2.028297j,-0.316333+2.565820j,-0.173679-1.274538j,6.845699
0.029815-2.029332j,-0.316642+2.566163j,-0.172753-1.273837j,6.849422
0.028141-2.030366j,-0.316952+2.566505j,-0.171823-1.273132j,6.853145
0.026466-2.031400j,-0.317262+2.566848j,-0.170890-1.272424j,6.856868
0.024788-2.032432j,-0.317572+2.567191j,-0.169952-1.271713j,6.860590
0.023110-2.033463j,-0.317881+2.567534j,-0.169011-1.270998j,6.864312
0.021429-2.034494j,-0.318191+2.567877j,-0.168066-1.270280j,6.868034
0.019747-2.035524j,-0.318501+2.568219j,-0.167118-1.269558j,6.871756
0.018063-2.036552j,-0.318810+2.568562j,-0.166165-1.268833j,6.875477
0.016377-2.037580j,-0.319120+2.568905j,-0.165209-1.268104j,6.879198
0.014690-2.038607j,-0.319429+2.569248j,-0.164248-1.267372j,6.882918
0.013001-2.039634j,-0.319739+2.569591j,-0.163284-1.266635j,6.886638
0.011310-2.040659j,-0.320048+2.569934j,-0.162315-1.265895j,6.890358
0.009618-2.041683j,-0.320358+2.570278j,-0.161343-1.265152j,6.894077
0.007923-2.042707j,-0.320668+2.570621j,-0.160366-1.264404j,6.897797
0.006228-2.043729j,-0.320977+2.570964j,-0.159385-1.263653j,6.901515
0.004530-2.044751j,-0.321286+2.571307j,-0.158400-1.262898j,6.905234
0.002831-2.045771j,-0.321596+2.571650j,-0.157411-1.262138j,6.908952
0.001130-2.046791j,-0.321905+2.571994j,-0.156417-1.261375j,6.912670
-0.000573-2.047810j,-0.322215+2.572337j,-0.155420-1.260608j,6.916387
-0.002277-2.048828j,-0.322524+2.572680j,-0.154417-1.259837j,6.920104
-0.003983-2.049845j,-0.322834+2.573024j,-0.153411-1.259062j,6.923821
-0.005691-2.050861j,-0.323143+2.573367j,-0.152399-1.258282j,6.927537
-0.007400-2.051877j,-0.323452+2.573711j,-0.151384-1.257499j,6.931253
-0.009111-2.052891j,-0.323762+2.574054j,-0.150364-1.256711j,6.934968
-0.010824-2.053904j,-0.324071+2.574398j,-0.149339-1.255919j,6.938684
-0.012538-2.054917j,-0.324380+2.574741j,-0.148309-1.255122j,6.942398
-0.014254-2.055929j,-0.324690+2.575085j,-0.147275-1.254321j,6.946113
-0.015972-2.056939j,-0.324999+2.575429j,-0.146236-1.253516j,6.949827
-0.017692-2.057949j,-0.325308+2.575772j,-0.145192-1.252706j,6.953541
-0.019413-2.058958j,-0.325618+2.576116j,-0.144143-1.251892j,6.957254
-0.021136-2.059966j,-0.325927+2.576460j,-0.143089-1.251073j,6.960967
-0.022861-2.060973j,-0.326236+2.576803j,-0.142031-1.250249j,6.964679
-0.024587-2.061979j,-0.326545+2.577147j,-0.140967-1.249421j,6.968391
-0.026315-2.062984j,-0.326854+2.577491j,-0.139898-1.248588j,6.972103
-0.028045-2.063988j,-0.327164+2.577835j,-0.138824-1.247750j,6.975814
-0.029776-2.064991j,-0.327473+2.578179j,-0.137744-1.246907j,6.979525
-0.031509-2.065993j,-0.327782+2.578523j,-0.136660-1.246059j,6.983235
-0.033244-2.066994j,-0.328091+2.578867j,-0.135570-1.245206j,6.986945
-0.034980-2.067995j,-0.328400+2.579211j,-0.134474-1.244348j,6.990655
-0.036719-2.068994j,-0.328709+2.579555j,-0.133373-1.243484j,6.994364
-0.038459-2.069993j,-0.329018+2.579899j,-0.132266-1.242616j,6.998072
-0.040200-2.070990j,-0.329327+2.580243j,-0.131154-1.241742j,7.001781
-0.041943-2.071987j,-0.329636+2.580587j,-0.130036-1.240863j,7.005488
-0.043688-2.072982j,-0.329945+2.580932j,-0.128912-1.239978j,7.009196
-0.045435-2.073977j,-0.330254+2.581276j,-0.127782-1.239088j,7.012903
-0.047183-2.074971j,-0.330563+2.581620j,-0.126647-1.238192j,7.016609
-0.048934-2.075963j,-0.330872+2.581964j,-0.125505-1.237291j,7.020315
-0.050685-2.076955j,-0.331181+2.582309j,-0.124357-1.236383j,7.024021
-0.052439-2.077946j,-0.331490+2.582653j,-0.123203-1.235470j,7.027726
-0.054194-2.078936j,-0.331799+2.582998j,-0.122042-1.234551j,7.031430
-0.055951-2.079925j,-0.332108+2.583342j,-0.120875-1.233626j,7.035134
-0.057709-2.080913j,-0.332417+2.583687j,-0.119702-1.232694j,7.038838
-0.059470-2.081900j,-0.332726+2.584031j,-0.118522-1.231757j,7.042541
-0.061232-2.082885j,-0.333035+2.584376j,-0.117335-1.230813j,7.046243
-0.062995-2.083870j,-0.333344+2.584720j,-0.116142-1.229863j,7.049945
-0.064761-2.084854j,-0.333652+2.585065j,-0.114942-1.228906j,7.053647
-0.066528-2.085837j,-0.333961+2.585410j,-0.113734-1.227943j,7.057348
-0.068296-2.086819j,-0.334270+2.585754j,-0.112520-1.226972j,7.061048
-0.070067-2.087801j,-0.334579+2.586099j,-0.111298-1.225995j,7.064748
-0.071839-2.088781j,-0.334887+2.586444j,-0.110069-1.225012j,7.068448
-0.073613-2.089760j,-0.335196+2.586788j,-0.108833-1.224021j,7.072147
-0.075388-2.090738j,-0.335505+2.587133j,-0.107589-1.223022j,7.075845
-0.077165-2.091715j,-0.335814+2.587478j,-0.106337-1.222017j,7.079543
-0.078944-2.092691j,-0.336122+2.587823j,-0.105078-1.221004j,7.083240
-0.080725-2.093666j,-0.336431+2.588168j,-0.103810-1.219984j,7.086937
-0.082507-2.094640j,-0.336740+2.588513j,-0.102535-1.218955j,7.090633
-0.084291-2.095613j,-0.337048+2.588858j,-0.101251-1.217919j,7.094329
-0.086077-2.096585j,-0.337357+2.589203j,-0.099959-1.216875j,7.098024
-0.087864-2.097557j,-0.337665+2.589548j,-0.098658-1.215823j,7.101718
-0.089654-2.098527j,-0.337974+2.589893j,-0.097349-1.214763j,7.105412
-0.091444-2.099496j,-0.338283+2.590238j,-0.096031-1.213694j,7.109105
-0.093237-2.100464j,-0.338591+2.590583j,-0.094704-1.212617j,7.112798
-0.095031-2.101431j,-0.338900+2.590929j,-0.093367-1.211531j,7.116490
-0.096827-2.102397j,-0.339208+2.591274j,-0.092022-1.210436j,7.120181
-0.098624-2.103362j,-0.339517+2.591619j,-0.090667-1.209332j,7.123872
-0.100424-2.104326j,-0.339825+2.591964j,-0.089302-1.208218j,7.127562
-0.102225-2.105289j,-0.340134+2.592310j,-0.087927-1.207096j,7.131252
-0.104027-2.106251j,-0.340442+2.592655j,-0.086543-1.205963j,7.134940
-0.105832-2.107212j,-0.340751+2.593001j,-0.085147-1.204821j,7.138629
-0.107638-2.108172j,-0.341059+2.593346j,-0.083742-1.203669j,7.142316
-0.109446-2.109131j,-0.341367+2.593691j,-0.082326-1.202506j,7.146003
-0.111255-2.110089j,-0.341676+2.594037j,-0.080899-1.201333j,7.149689
-0.113066-2.111046j,-0.341984+2.594383j,-0.079460-1.200149j,7.153374
-0.114879-2.112002j,-0.342292+2.594728j,-0.078010-1.198954j,7.157059
-0.116694-2.112956j,-0.342601+2.595074j,-0.076549-1.197748j,7.160743
-0.118510-2.113910j,-0.342909+2.595419j,-0.075076-1.196530j,7.164427
-0.120328-2.114863j,-0.343217+2.595765j,-0.073590-1.195301j,7.168109
-0.122147-2.115815j,-0.343526+2.596111j,-0.072092-1.194060j,7.171791
-0.123969-2.116765j,-0.343834+2.596456j,-0.070581-1.192806j,7.175472
-0.125792-2.117715j,-0.344142+2.596802j,-0.069057-1.191539j,7.179152
-0.127617-2.118663j,-0.344450+2.597148j,-0.067519-1.190260j,7.182832
-0.129443-2.119611j,-0.344759+2.597494j,-0.065968-1.188968j,7.186511
-0.131271-2.120557j,-0.345067+2.597840j,-0.064403-1.187661j,7.190189
-0.133101-2.121503j,-0.345375+2.598186j,-0.062823-1.186341j,7.193866
-0.134933-2.122447j,-0.345683+2.598531j,-0.061228-1.185006j,7.197542
-0.136766-2.123391j,-0.345991+2.598877j,-0.059618-1.183657j,7.201218
-0.138601-2.124333j,-0.346299+2.599223j,-0.057993-1.182292j,7.204892
-0.140437-2.125274j,-0.346607+2.599569j,-0.056351-1.180912j,7.208566
-0.142276-2.126214j,-0.346916+2.599916j,-0.054692-1.179516j,7.212239
-0.144116-2.127153j,-0.347224+2.600262j,-0.053017-1.178103j,7.215911
-0.145957-2.128091j,-0.347532+2.600608j,-0.051324-1.176673j,7.219582
-0.147801-2.129028j,-0.347840+2.600954j,-0.049613-1.175226j,7.223253
-0.149646-2.129964j,-0.348148+2.601300j,-0.047883-1.173760j,7.226922
-0.151493-2.130899j,-0.348456+2.601646j,-0.046133-1.172276j,7.230590
-0.153341-2.131833j,-0.348764+2.601993j,-0.044364-1.170772j,7.234258
-0.155191-2.132765j,-0.349072+2.602339j,-0.042575-1.169248j,7.237924
-0.157043-2.133697j,-0.349380+2.602685j,-0.040764-1.167704j,7.241590
-0.158897-2.134628j,-0.349688+2.603032j,-0.038930-1.166138j,7.245254
-0.160752-2.135557j,-0.349996+2.603378j,-0.037075-1.164549j,7.248918
-0.162609-2.136485j,-0.350303+2.603724j,-0.035195-1.162938j,7.252580
-0.164468-2.137413j,-0.350611+2.604071j,-0.033291-1.161303j,7.256241
-0.166328-2.138339j,-0.350919+2.604417j,-0.031361-1.159643j,7.259901
-0.168190-2.139264j,-0.351227+2.604764j,-0.029405-1.157957j,7.263561
-0.170054-2.140188j,-0.351535+2.605110j,-0.027421-1.156244j,7.267219
-0.171919-2.141111j,-0.351843+2.605457j,-0.025408-1.154503j,7.270875
-0.173786-2.142033j,-0.352150+2.605804j,-0.023366-1.152732j,7.274531
-0.175655-2.142953j,-0.352458+2.606150j,-0.021292-1.150931j,7.278186
-0.177526-2.143873j,-0.352766+2.606497j,-0.019184-1.149098j,7.281839
-0.179398-2.144792j,-0.353074+2.606844j,-0.017043-1.147231j,7.285491
-0.181272-2.145709j,-0.353382+2.607190j,-0.014865-1.145328j,7.289142
-0.183148-2.146625j,-0.353689+2.607537j,-0.012650-1.143389j,7.292791
-0.185025-2.147541j,-0.353997+2.607884j,-0.010394-1.141410j,7.296439
-0.186904-2.148455j,-0.354305+2.608231j,-0.008096-1.139390j,7.300086
-0.188785-2.149368j,-0.354612+2.608578j,-0.005754-1.137325j,7.303731
-0.190667-2.150280j,-0.354920+2.608924j,-0.003364-1.135215j,7.307375
-0.192551-2.151190j,-0.355228+2.609271j,-0.000924-1.133055j,7.311017
-0.194437-2.152100j,-0.355535+2.609618j,0.001570-1.130842j,7.314658
-0.196324-2.153009j,-0.355843+2.609965j,0.004121-1.128574j,7.318297
-0.198214-2.153916j,-0.356150+2.610312j,0.006733-1.126245j,7.321934
-0.200104-2.154822j,-0.356458+2.610659j,0.009412-1.123851j,7.325570
-0.200104-2.154822j,-0.356458+2.610659j,0.009412-1.123851j,7.325570
-0.200321-2.154369j,-0.356375+2.610733j,0.009991-1.124503j,7.326442
-0.200543-2.153918j,-0.356292+2.610808j,0.010574-1.125153j,7.327314
-0.200771-2.153470j,-0.356211+2.610883j,0.011162-1.125799j,7.328187
-0.201005-2.153025j,-0.356130+2.610960j,0.011754-1.126442j,7.329060
-0.201244-2.152583j,-0.356051+2.611038j,0.012350-1.127082j,7.329933
-0.201488-2.152143j,-0.355972+2.611117j,0.012950-1.127718j,7.330807
-0.201738-2.151707j,-0.355895+2.611197j,0.013555-1.128351j,7.331681
-0.201994-2.151275j,-0.355818+2.611278j,0.014164-1.128980j,7.332555
-0.202255-2.150845j,-0.355743+2.611359j,0.014777-1.129606j,7.333430
-0.202521-2.150419j,-0.355669+2.611442j,0.015394-1.130229j,7.334305
-0.202793-2.149996j,-0.355595+2.611526j,0.016015-1.130848j,7.335180
-0.203070-2.149576j,-0.355523+2.611610j,0.016640-1.131463j,7.336056
-0.203352-2.149161j,-0.355451+2.611696j,0.017269-1.132075j,7.336932
-0.203640-2.148748j,-0.355381+2.611783j,0.017902-1.132683j,7.337808
-0.203932-2.148339j,-0.355312+2.611870j,0.018540-1.133288j,7.338685
-0.204230-2.147935j,-0.355244+2.611958j,0.019181-1.133888j,7.339562
-0.204533-2.147533j,-0.355177+2.612047j,0.019827-1.134486j,7.340439
-0.204841-2.147136j,-0.355112+2.612137j,0.020476-1.135079j,7.341317
-0.205154-2.146742j,-0.355047+2.612228j,0.021130-1.135669j,7.342195
-0.205471-2.146353j,-0.354983+2.612320j,0.021787-1.136255j,7.343073
-0.205794-2.145967j,-0.354921+2.612412j,0.022448-1.136837j,7.343952
-0.206121-2.145586j,-0.354860+2.612506j,0.023114-1.137415j,7.344831
-0.206453-2.145209j,-0.354800+2.612600j,0.023783-1.137990j,7.345710
-0.206790-2.144836j,-0.354741+2.612695j,0.024456-1.138560j,7.346589
-0.207132-2.144467j,-0.354684+2.612790j,0.025133-1.139127j,7.347469
-0.207478-2.144102j,-0.354628+2.612887j,0.025813-1.139690j,7.348349
-0.207829-2.143742j,-0.354572+2.612984j,0.026498-1.140248j,7.349230
-0.208184-2.143387j,-0.354519+2.613081j,0.027186-1.140803j,7.350111
-0.208543-2.143035j,-0.354466+2.613180j,0.027879-1.141354j,7.350992
-0.208907-2.142689j,-0.354415+2.613279j,0.028574-1.141900j,7.351873
-0.209276-2.142347j,-0.354364+2.613379j,0.029274-1.142443j,7.352755
-0.209648-2.142009j,-0.354316+2.613479j,0.029978-1.142981j,7.353636
-0.210025-2.141677j,-0.354268+2.613580j,0.030685-1.143516j,7.354519
-0.210406-2.141349j,-0.354222+2.613682j,0.031395-1.144046j,7.355401
-0.210791-2.141026j,-0.354177+2.613784j,0.032110-1.144572j,7.356284
-0.211180-2.140708j,-0.354133+2.613887j,0.032828-1.145093j,7.357167
-0.211573-2.140394j,-0.354091+2.613990j,0.033549-1.145611j,7.358050
-0.211970-2.140086j,-0.354050+2.614094j,0.034275-1.146124j,7.358934
-0.212371-2.139783j,-0.354010+2.614199j,0.035003-1.146633j,7.359817
-0.212776-2.139484j,-0.353971+2.614304j,0.035736-1.147137j,7.360702
-0.213184-2.139191j,-0.353934+2.614409j,0.036472-1.147637j,7.361586
-0.213596-2.138903j,-0.353899+2.614515j,0.037211-1.148133j,7.362470
-0.214012-2.138620j,-0.353864+2.614622j,0.037954-1.148624j,7.363355
-0.214431-2.138343j,-0.353831+2.614728j,0.038700-1.149111j,7.364240
-0.214853-2.138070j,-0.353800+2.614836j,0.039450-1.149594j,7.365126
-0.215279-2.137803j,-0.353769+2.614943j,0.040203-1.150071j,7.366011
-0.215708-2.137542j,-0.353740+2.615052j,0.040959-1.150545j,7.366897
-0.216141-2.137286j,-0.353713+2.615160j,0.041719-1.151014j,7.367783
-0.216576-2.137035j,-0.353687+2.615269j,0.042482-1.151478j,7.368670
-0.217015-2.136790j,-0.353662+2.615378j,0.043248-1.151937j,7.369556
-0.217457-2.136550j,-0.353639+2.615487j,0.044018-1.152392j,7.370443
-0.217902-2.136316j,-0.353617+2.615597j,0.044791-1.152843j,7.371330
-0.218350-2.136088j,-0.353596+2.615707j,0.045567-1.153289j,7.372217
-0.218800-2.135865j,-0.353577+2.615817j,0.046346-1.153729j,7.373105
-0.219253-2.135647j,-0.353559+2.615928j,0.047129-1.154166j,7.373992
-0.219709-2.135436j,-0.353543+2.616039j,0.047914-1.154597j,7.374880
-0.220168-2.135230j,-0.353528+2.616150j,0.048703-1.155024j,7.375768
-0.220629-2.135030j,-0.353514+2.616261j,0.049495-1.155446j,7.376657
-0.221093-2.134836j,-0.353502+2.616372j,0.050290-1.155863j,7.377545
-0.221559-2.134648j,-0.353492+2.616483j,0.051088-1.156275j,7.378434
-0.222027-2.134466j,-0.353482+2.616595j,0.051888-1.156682j,7.379323
-0.222498-2.134289j,-0.353475+2.616707j,0.052692-1.157085j,7.380212
-0.222971-2.134118j,-0.353468+2.616819j,0.053499-1.157482j,7.381101
-0.223446-2.133954j,-0.353463+2.616930j,0.054309-1.157874j,7.381991
-0.223923-2.133795j,-0.353460+2.617042j,0.055121-1.158262j,7.382880
-0.224402-2.133642j,-0.353458+2.617154j,0.055936-1.158644j,7.383770
-0.224882-2.133496j,-0.353457+2.617266j,0.056755-1.159022j,7.384660
-0.225365-2.133355j,-0.353458+2.617378j,0.057576-1.159394j,7.385550
-0.225849-2.133221j,-0.353460+2.617490j,0.058399-1.159762j,7.386441
-0.226335-2.133092j,-0.353464+2.617602j,0.059226-1.160124j,7.387331
-0.226823-2.132970j,-0.353469+2.617714j,0.060055-1.160481j,7.388222
-0.227312-2.132854j,-0.353475+2.617826j,0.060887-1.160833j,7.389113
-0.227802-2.132744j,-0.353483+2.617938j,0.061721-1.161179j,7.390003
-0.228294-2.132640j,-0.353492+2.618049j,0.062558-1.161521j,7.390895
-0.228787-2.132543j,-0.353503+2.618161j,0.063398-1.161857j,7.391786
-0.229281-2.132451j,-0.353515+2.618272j,0.064240-1.162188j,7.392677
-0.229777-2.132366j,-0.353529+2.618384j,0.065084-1.162514j,7.393569
-0.230273-2.132287j,-0.353544+2.618495j,0.065932-1.162835j,7.394460
-0.230771-2.132214j,-0.353560+2.618605j,0.066781-1.163150j,7.395352
-0.231269-2.132148j,-0.353578+2.618716j,0.067633-1.163460j,7.396244
-0.231768-2.132088j,-0.353598+2.618826j,0.068487-1.163764j,7.397136
-0.232268-2.132034j,-0.353618+2.618936j,0.069344-1.164064j,7.398028
-0.232768-2.131986j,-0.353640+2.619046j,0.070203-1.164357j,7.398921
-0.233269-2.131945j,-0.353664+2.619156j,0.071064-1.164646j,7.399813
-0.233770-2.131910j,-0.353689+2.619265j,0.071928-1.164929j,7.400706
-0.234272-2.131881j,-0.353715+2.619374j,0.072793-1.165206j,7.401598
-0.234774-2.131858j,-0.353743+2.619483j,0.073661-1.165478j,7.402491
-0.235277-2.131842j,-0.353772+2.619591j,0.074531-1.165745j,7.403384
-0.235779-2.131833j,-0.353802+2.619699j,0.075403-1.166006j,7.404277
-0.236282-2.131829j,-0.353834+2.619806j,0.076277-1.166261j,7.405169
-0.236785-2.131832j,-0.353867+2.619913j,0.077153-1.166511j,7.406063
-0.237287-2.131841j,-0.353902+2.620020j,0.078032-1.166755j,7.406956
-0.237790-2.131856j,-0.353938+2.620126j,0.078912-1.166994j,7.407849
-0.238292-2.131878j,-0.353975+2.620231j,0.079794-1.167227j,7.408742
-0.238794-2.131906j,-0.354014+2.620336j,0.080677-1.167455j,7.409636
-0.239295-2.131941j,-0.354054+2.620441j,0.081563-1.167676j,7.410529
-0.239796-2.131981j,-0.354095+2.620545j,0.082451-1.167893j,7.411422
-0.240297-2.132028j,-0.354138+2.620649j,0.083340-1.168103j,7.412316
-0.240796-2.132082j,-0.354181+2.620752j,0.084231-1.168308j,7.413209
-0.241296-2.132141j,-0.354227+2.620854j,0.085124-1.168507j,7.414103
-0.241794-2.132207j,-0.354273+2.620956j,0.086018-1.168700j,7.414997
-0.242291-2.132279j,-0.354321+2.621057j,0.086914-1.168888j,7.415890
-0.242788-2.132357j,-0.354370+2.621158j,0.087811-1.169070j,7.416784
-0.243283-2.132442j,-0.354421+2.621258j,0.088710-1.169246j,7.417678
-0.243778-2.132532j,-0.354472+2.621357j,0.089611-1.169416j,7.418572
-0.244271-2.132629j,-0.354525+2.621456j,0.090513-1.169580j,7.419466
-0.244763-2.132733j,-0.354579+2.621554j,0.091417-1.169739j,7.420359
-0.245254-2.132842j,-0.354635+2.621651j,0.092321-1.169892j,7.421253
-0.245743-2.132957j,-0.354691+2.621747j,0.093228-1.170039j,7.422147
-0.246230-2.133079j,-0.354749+2.621843j,0.094135-1.170180j,7.423041
-0.246717-2.133207j,-0.354808+2.621938j,0.095044-1.170315j,7.423935
-0.247201-2.133341j,-0.354869+2.622033j,0.095954-1.170444j,7.424829
-0.247684-2.133480j,-0.354930+2.622126j,0.096865-1.170568j,7.425723
-0.248165-2.133626j,-0.354993+2.622219j,0.097777-1.170685j,7.426617
-0.248644-2.133778j,-0.355057+2.622311j,0.098691-1.170797j,7.427510
-0.249121-2.133936j,-0.355122+2.622402j,0.099605-1.170902j,7.428404
-0.249596-2.134100j,-0.355188+2.622492j,0.100521-1.171002j,7.429298
-0.250069-2.134270j,-0.355255+2.622581j,0.101437-1.171095j,7.430192
-0.250540-2.134446j,-0.355323+2.622669j,0.102355-1.171183j,7.431086
-0.251009-2.134628j,-0.355393+2.622757j,0.103273-1.171265j,7.431979
-0.251475-2.134816j,-0.355464+2.622844j,0.104192-1.171340j,7.432873
-0.251939-2.135009j,-0.355535+2.622929j,0.105112-1.171410j,7.433767
-0.252401-2.135208j,-0.355608+2.623014j,0.106033-1.171474j,7.434660
-0.252859-2.135414j,-0.355682+2.623098j,0.106954-1.171531j,7.435554
-0.253316-2.135624j,-0.355757+2.623181j,0.107877-1.171583j,7.436448
-0.253769-2.135841j,-0.355833+2.623263j,0.108799-1.171628j,7.437341
-0.254220-2.136063j,-0.355910+2.623344j,0.109723-1.171668j,7.438234
-0.254668-2.136291j,-0.355988+2.623424j,0.110647-1.171701j,7.439128
-0.255113-2.136525j,-0.356067+2.623503j,0.111572-1.171728j,7.440021
-0.255555-2.136764j,-0.356147+2.623581j,0.112497-1.171749j,7.440914
-0.255995-2.137008j,-0.356228+2.623658j,0.113422-1.171764j,7.441807
-0.256431-2.137258j,-0.356310+2.623733j,0.114348-1.171773j,7.442701
-0.256863-2.137514j,-0.356393+2.623808j,0.115274-1.171776j,7.443594
-0.257293-2.137775j,-0.356477+2.623882j,0.116201-1.171773j,7.444486
-0.257719-2.138041j,-0.356561+2.623954j,0.117127-1.171764j,7.445379
-0.258142-2.138313j,-0.356647+2.624026j,0.118054-1.171748j,7.446272
-0.258562-2.138590j,-0.356734+2.624096j,0.118982-1.171727j,7.447165
-0.258978-2.138872j,-0.356821+2.624166j,0.119909-1.171699j,7.448057
-0.259390-2.139160j,-0.356909+2.624234j,0.120836-1.171665j,7.448950
-0.259799-2.139452j,-0.356998+2.624301j,0.121764-1.171625j,7.449842
-0.260204-2.139750j,-0.357088+2.624367j,0.122691-1.171579j,7.450734
-0.260605-2.140053j,-0.357179+2.624431j,0.123619-1.171526j,7.451626
-0.261002-2.140361j,-0.357271+2.624495j,0.124546-1.171468j,7.452518
-0.261396-2.140674j,-0.357363+2.624557j,0.125473-1.171403j,7.453410
-0.261785-2.140991j,-0.357456+2.624619j,0.126400-1.171333j,7.454302
-0.262171-2.141314j,-0.357550+2.624679j,0.127327-1.171256j,7.455194
-0.262552-2.141641j,-0.357645+2.624737j,0.128254-1.171172j,7.456085
-0.262929-2.141973j,-0.357740+2.624795j,0.129180-1.171083j,7.456977
-0.263302-2.142310j,-0.357836+2.624851j,0.130106-1.170988j,7.457868
-0.263671-2.142652j,-0.357933+2.624906j,0.131032-1.170886j,7.458759
-0.264036-2.142998j,-0.358030+2.624960j,0.131957-1.170778j,7.459650
-0.264396-2.143349j,-0.358128+2.625013j,0.132882-1.170664j,7.460541
-0.264751-2.143704j,-0.358227+2.625064j,0.133806-1.170544j,7.461431
-0.265103-2.144063j,-0.358326+2.625114j,0.134729-1.170418j,7.462322
-0.265449-2.144427j,-0.358426+2.625163j,0.135652-1.170285j,7.463212
-0.265791-2.144796j,-0.358527+2.625211j,0.136575-1.170147j,7.464102
-0.266129-2.145168j,-0.358628+2.625257j,0.137496-1.170002j,7.464992
-0.266461-2.145545j,-0.358730+2.625302j,0.138417-1.169851j,7.465882
-0.266789-2.145926j,-0.358832+2.625345j,0.139337-1.169694j,7.466772
-0.267112-2.146311j,-0.358935+2.625388j,0.140256-1.169531j,7.467662
-0.267431-2.146700j,-0.359038+2.625429j,0.141175-1.169361j,7.468551
-0.267744-2.147093j,-0.359142+2.625468j,0.142092-1.169186j,7.469440
-0.268052-2.147490j,-0.359246+2.625507j,0.143009-1.169004j,7.470329
-0.268356-2.147891j,-0.359351+2.625544j,0.143924-1.168816j,7.471218
-0.268654-2.148296j,-0.359456+2.625580j,0.144839-1.168622j,7.472107
-0.268947-2.148704j,-0.359562+2.625614j,0.145752-1.168422j,7.472995
-0.269235-2.149116j,-0.359668+2.625647j,0.146664-1.168216j,7.473883
-0.269518-2.149532j,-0.359774+2.625679j,0.147575-1.168004j,7.474771
-0.269795-2.149951j,-0.359881+2.625709j,0.148485-1.167785j,7.475659
-0.270068-2.150373j,-0.359988+2.625738j,0.149394-1.167561j,7.476547
-0.270335-2.150799j,-0.360095+2.625766j,0.150301-1.167330j,7.477434
-0.270596-2.151228j,-0.360203+2.625792j,0.151207-1.167093j,7.478322
-0.270852-2.151661j,-0.360311+2.625817j,0.152111-1.166850j,7.479209
-0.271103-2.152096j,-0.360419+2.625840j,0.153014-1.166601j,7.480096
-0.271348-2.152535j,-0.360528+2.625862j,0.153915-1.166347j,7.480982
-0.271588-2.152977j,-0.360637+2.625883j,0.154815-1.166086j,7.481869
-0.271822-2.153422j,-0.360746+2.625902j,0.155714-1.165818j,7.482755
-0.272051-2.153870j,-0.360855+2.625920j,0.156611-1.165545j,7.483641
-0.272273-2.154320j,-0.360965+2.625937j,0.157506-1.165266j,7.484527
-0.272491-2.154773j,-0.361074+2.625952j,0.158399-1.164981j,7.485412
-0.272702-2.155229j,-0.361184+2.625966j,0.159291-1.164690j,7.486297
-0.272908-2.155688j,-0.361294+2.625978j,0.160180-1.164393j,7.487182
-0.273108-2.156149j,-0.361404+2.625989j,0.161068-1.164090j,7.488067
-0.273302-2.156613j,-0.361514+2.625999j,0.161955-1.163781j,7.488952
-0.273490-2.157079j,-0.361625+2.626007j,0.162839-1.163466j,7.489836
-0.273673-2.157547j,-0.361735+2.626014j,0.163721-1.163145j,7.490720
-0.273849-2.158018j,-0.361846+2.626020j,0.164601-1.162818j,7.491604
-0.274020-2.158491j,-0.361956+2.626024j,0.165479-1.162485j,7.492488
-0.274184-2.158966j,-0.362066+2.626026j,0.166355-1.162146j,7.493371
-0.274343-2.159443j,-0.362177+2.626027j,0.167229-1.161802j,7.494255
-0.274496-2.159922j,-0.362287+2.626027j,0.168101-1.161451j,7.495137
-0.274642-2.160402j,-0.362398+2.626026j,0.168970-1.161095j,7.496020
-0.274783-2.160885j,-0.362508+2.626023j,0.169838-1.160732j,7.496903
-0.274917-2.161369j,-0.362619+2.626019j,0.170702-1.160364j,7.497785
-0.275046-2.161855j,-0.362729+2.626013j,0.171565-1.159990j,7.498667
-0.275168-2.162343j,-0.362839+2.626006j,0.172425-1.159611j,7.499548
-0.275284-2.162832j,-0.362949+2.625997j,0.173283-1.159225j,7.500430
-0.275394-2.163322j,-0.363059+2.625988j,0.174138-1.158834j,7.501311
-0.275498-2.163814j,-0.363168+2.625976j,0.174991-1.158437j,7.502192
-0.275595-2.164307j,-0.363278+2.625964j,0.175841-1.158034j,7.503072
-0.275687-2.164801j,-0.363387+2.625950j,0.176688-1.157626j,7.503952
-0.275772-2.165297j,-0.363496+2.625935j,0.177533-1.157212j,7.504833
-0.275851-2.165793j,-0.363605+2.625918j,0.178376-1.156792j,7.505712
-0.275924-2.166291j,-0.363714+2.625900j,0.179215-1.156366j,7.506592
-0.275990-2.166789j,-0.363822+2.625880j,0.180052-1.155935j,7.507471
-0.276050-2.167288j,-0.363931+2.625860j,0.180886-1.155498j,7.508350
-0.276104-2.167788j,-0.364038+2.625837j,0.181717-1.155056j,7.509229
-0.276152-2.168288j,-0.364146+2.625814j,0.182545-1.154608j,7.510107
-0.276193-2.168789j,-0.364253+2.625789j,0.183370-1.154155j,7.510985
-0.276228-2.169290j,-0.364360+2.625763j,0.184192-1.153696j,7.511863
-0.276257-2.169792j,-0.364467+2.625736j,0.185012-1.153231j,7.512741
-0.276280-2.170294j,-0.364573+2.625707j,0.185828-1.152761j,7.513618
-0.276296-2.170797j,-0.364678+2.625677j,0.186641-1.152285j,7.514495
-0.276306-2.171299j,-0.364784+2.625645j,0.187451-1.151804j,7.515372
-0.276309-2.171802j,-0.364889+2.625612j,0.188258-1.151318j,7.516248
-0.276306-2.172305j,-0.364993+2.625578j,0.189062-1.150826j,7.517124
-0.276297-2.172807j,-0.365097+2.625543j,0.189862-1.150329j,7.518000
-0.276282-2.173310j,-0.365201+2.625506j,0.190659-1.149826j,7.518875
-0.276260-2.173812j,-0.365304+2.625468j,0.191453-1.149318j,7.519751
-0.276232-2.174314j,-0.365406+2.625429j,0.192243-1.148805j,7.520626
-0.276197-2.174815j,-0.365508+2.625389j,0.193030-1.148286j,7.521500
-0.276157-2.175316j,-0.365610+2.625347j,0.193814-1.147762j,7.522375
-0.276110-2.175817j,-0.365711+2.625304j,0.194594-1.147233j,7.523249
-0.276057-2.176316j,-0.365811+2.625259j,0.195371-1.146699j,7.524122
-0.275997-2.176816j,-0.365911+2.625214j,0.196144-1.146159j,7.524996
-0.275931-2.177314j,-0.366010+2.625167j,0.196914-1.145615j,7.525869
-0.275859-2.177811j,-0.366109+2.625119j,0.197680-1.145065j,7.526742
-0.275781-2.178308j,-0.366207+2.625070j,0.198442-1.144510j,7.527615
-0.275696-2.178803j,-0.366304+2.625020j,0.199200-1.143950j,7.528487
-0.275606-2.179298j,-0.366401+2.624968j,0.199955-1.143385j,7.529359
-0.275509-2.179791j,-0.366497+2.624915j,0.200706-1.142814j,7.530231
-0.275405-2.180283j,-0.366592+2.624861j,0.201454-1.142239j,7.531102
-0.275296-2.180773j,-0.366686+2.624806j,0.202197-1.141659j,7.531973
-0.275181-2.181263j,-0.366780+2.624750j,0.202937-1.141074j,7.532844
-0.275059-2.181750j,-0.366873+2.624692j,0.203673-1.140484j,7.533714
-0.274931-2.182237j,-0.366966+2.624633j,0.204404-1.139889j,7.534584
-0.274798-2.182721j,-0.367057+2.624574j,0.205132-1.139289j,7.535454
-0.274658-2.183204j,-0.367148+2.624513j,0.205856-1.138684j,7.536324
-0.274512-2.183685j,-0.367238+2.624451j,0.206576-1.138075j,7.537193
-0.274360-2.184164j,-0.367328+2.624388j,0.207292-1.137460j,7.538062
-0.274202-2.184641j,-0.367416+2.624323j,0.208003-1.136841j,7.538931
-0.274038-2.185116j,-0.367504+2.624258j,0.208711-1.136218j,7.539799
-0.273868-2.185589j,-0.367591+2.624192j,0.209414-1.135589j,7.540667
-0.273692-2.186060j,-0.367677+2.624124j,0.210113-1.134956j,7.541535
-0.273510-2.186529j,-0.367762+2.624056j,0.210808-1.134318j,7.542402
-0.273322-2.186995j,-0.367846+2.623986j,0.211499-1.133676j,7.543269
-0.273129-2.187459j,-0.367929+2.623916j,0.212185-1.133029j,7.544136
-0.272930-2.187921j,-0.368012+2.623844j,0.212867-1.132377j,7.545003
-0.272724-2.188379j,-0.368093+2.623771j,0.213545-1.131721j,7.545869
-0.272514-2.188836j,-0.368174+2.623698j,0.214218-1.131060j,7.546735
-0.272297-2.189289j,-0.368254+2.623623j,0.214887-1.130395j,7.547600
-0.272075-2.189740j,-0.368332+2.623548j,0.215551-1.129726j,7.548465
-0.271847-2.190188j,-0.368410+2.623471j,0.216211-1.129052j,7.549330
-0.271613-2.190633j,-0.368487+2.623394j,0.216866-1.128374j,7.550195
-0.271374-2.191075j,-0.368563+2.623315j,0.217517-1.127691j,7.551059
-0.271130-2.191515j,-0.368637+2.623236j,0.218163-1.127005j,7.551923
-0.270880-2.191951j,-0.368711+2.623156j,0.218805-1.126313j,7.552787
-0.270624-2.192383j,-0.368784+2.623075j,0.219442-1.125618j,7.553651
-0.270363-2.192813j,-0.368856+2.622993j,0.220075-1.124919j,7.554514
-0.270097-2.193239j,-0.368926+2.622910j,0.220702-1.124215j,7.555377
-0.269825-2.193662j,-0.368996+2.622826j,0.221325-1.123507j,7.556239
-0.269548-2.194082j,-0.369065+2.622741j,0.221944-1.122795j,7.557101
-0.269266-2.194498j,-0.369132+2.622656j,0.222557-1.122079j,7.557963
-0.268978-2.194910j,-0.369199+2.622570j,0.223166-1.121359j,7.558825
-0.268686-2.195319j,-0.369264+2.622483j,0.223770-1.120635j,7.559686
-0.268388-2.195724j,-0.369328+2.622395j,0.224369-1.119907j,7.560547
-0.268085-2.196125j,-0.369392+2.622306j,0.224963-1.119176j,7.561408
-0.267777-2.196522j,-0.369454+2.622217j,0.225552-1.118440j,7.562268
-0.267465-2.196916j,-0.369515+2.622127j,0.226136-1.117700j,7.563128
-0.267147-2.197305j,-0.369575+2.622036j,0.226716-1.116957j,7.563988
-0.266824-2.197691j,-0.369633+2.621944j,0.227290-1.116210j,7.564848
-0.266497-2.198072j,-0.369691+2.621852j,0.227860-1.115459j,7.565707
-0.266165-2.198449j,-0.369747+2.621759j,0.228424-1.114704j,7.566566
-0.265828-2.198822j,-0.369802+2.621665j,0.228983-1.113946j,7.567424
-0.265486-2.199191j,-0.369856+2.621571j,0.229537-1.113184j,7.568283
-0.265140-2.199556j,-0.369909+2.621476j,0.230087-1.112418j,7.569141
-0.264789-2.199916j,-0.369961+2.621380j,0.230631-1.111649j,7.569998
-0.264434-2.200271j,-0.370011+2.621284j,0.231169-1.110876j,7.570856
-0.264075-2.200623j,-0.370061+2.621187j,0.231703-1.110100j,7.571713
-0.263711-2.200969j,-0.370109+2.621090j,0.232232-1.109321j,7.572570
-0.263342-2.201311j,-0.370155+2.620992j,0.232755-1.108538j,7.573426
-0.262970-2.201649j,-0.370201+2.620893j,0.233273-1.107751j,7.574283
-0.262593-2.201981j,-0.370245+2.620794j,0.233786-1.106961j,7.575139
-0.262212-2.202309j,-0.370289+2.620694j,0.234293-1.106168j,7.575994
-0.261827-2.202632j,-0.370331+2.620594j,0.234796-1.105372j,7.576850
-0.261438-2.202951j,-0.370371+2.620493j,0.235292-1.104572j,7.577705
-0.261045-2.203264j,-0.370411+2.620392j,0.235784-1.103770j,7.578560
-0.260648-2.203572j,-0.370449+2.620290j,0.236270-1.102964j,7.579414
-0.260247-2.203876j,-0.370486+2.620188j,0.236751-1.102155j,7.580269
-0.259842-2.204174j,-0.370521+2.620086j,0.237226-1.101342j,7.581123
-0.259434-2.204467j,-0.370556+2.619983j,0.237696-1.100527j,7.581976
-0.259022-2.204755j,-0.370589+2.619880j,0.238161-1.099709j,7.582830
-0.258607-2.205038j,-0.370620+2.619776j,0.238620-1.098888j,7.583683
-0.258187-2.205315j,-0.370651+2.619672j,0.239074-1.098064j,7.584536
-0.257765-2.205588j,-0.370680+2.619567j,0.239522-1.097237j,7.585388
-0.257339-2.205855j,-0.370708+2.619462j,0.239964-1.096407j,7.586241
-0.256910-2.206116j,-0.370734+2.619357j,0.240401-1.095574j,7.587093
-0.256477-2.206372j,-0.370760+2.619252j,0.240833-1.094739j,7.587944
-0.256042-2.206623j,-0.370784+2.619146j,0.241259-1.093901j,7.588796
-0.255603-2.206868j,-0.370806+2.619040j,0.241679-1.093060j,7.589647
-0.255161-2.207108j,-0.370828+2.618934j,0.242094-1.092216j,7.590498
-0.254716-2.207342j,-0.370848+2.618827j,0.242503-1.091370j,7.591349
-0.254269-2.207571j,-0.370866+2.618720j,0.242906-1.090521j,7.592199
-0.253818-2.207793j,-0.370884+2.618613j,0.243304-1.089670j,7.593049
-0.253365-2.208011j,-0.370900+2.618506j,0.243696-1.088816j,7.593899
-0.252909-2.208222j,-0.370914+2.618399j,0.244083-1.087960j,7.594749
-0.252450-2.208428j,-0.370928+2.618291j,0.244464-1.087102j,7.595598
-0.251989-2.208628j,-0.370940+2.618183j,0.244839-1.086241j,7.596447
-0.251525-2.208822j,-0.370951+2.618075j,0.245208-1.085377j,7.597296
-0.251059-2.209010j,-0.370960+2.617968j,0.245572-1.084511j,7.598145
-0.250591-2.209193j,-0.370968+2.617859j,0.245930-1.083643j,7.598993
-0.250120-2.209369j,-0.370975+2.617751j,0.246282-1.082773j,7.599841
-0.249647-2.209540j,-0.370980+2.617643j,0.246628-1.081901j,7.600689
-0.249172-2.209704j,-0.370984+2.617535j,0.246969-1.081026j,7.601537
-0.248695-2.209863j,-0.370987+2.617427j,0.247303-1.080150j,7.602384
-0.248217-2.210016j,-0.370988+2.617318j,0.247632-1.079271j,7.603231
-0.247736-2.210162j,-0.370988+2.617210j,0.247955-1.078391j,7.604078
-0.247253-2.210303j,-0.370987+2.617102j,0.248273-1.077508j,7.604925
-0.246769-2.210437j,-0.370984+2.616993j,0.248584-1.076623j,7.605771
-0.246283-2.210566j,-0.370980+2.616885j,0.248889-1.075737j,7.606618
-0.245795-2.210688j,-0.370975+2.616777j,0.249189-1.074848j,7.607463
-0.245306-2.210804j,-0.370968+2.616669j,0.249483-1.073958j,7.608309
-0.244816-2.210914j,-0.370960+2.616561j,0.249771-1.073066j,7.609155
-0.244324-2.211018j,-0.370951+2.616453j,0.250053-1.072172j,7.610000
-0.243831-2.211115j,-0.370940+2.616345j,0.250329-1.071277j,7.610845
-0.243337-2.211207j,-0.370928+2.616237j,0.250599-1.070380j,7.611690
-0.242841-2.211292j,-0.370915+2.616130j,0.250863-1.069481j,7.612534
-0.242345-2.211371j,-0.370900+2.616022j,0.251122-1.068581j,7.613378
-0.241847-2.211444j,-0.370884+2.615915j,0.251374-1.067679j,7.614223
-0.241349-2.211510j,-0.370867+2.615808j,0.251620-1.066776j,7.615066
-0.240850-2.211570j,-0.370848+2.615702j,0.251861-1.065871j,7.615910
-0.240350-2.211624j,-0.370829+2.615595j,0.252095-1.064965j,7.616754
-0.239850-2.211672j,-0.370807+2.615489j,0.252324-1.064057j,7.617597
-0.239349-2.211713j,-0.370785+2.615383j,0.252546-1.063148j,7.618440
-0.238848-2.211748j,-0.370761+2.615277j,0.252763-1.062238j,7.619283
-0.238346-2.211777j,-0.370736+2.615172j,0.252973-1.061327j,7.620125
-0.237844-2.211800j,-0.370709+2.615067j,0.253178-1.060414j,7.620968
-0.237341-2.211816j,-0.370681+2.614962j,0.253376-1.059500j,7.621810
-0.236839-2.211826j,-0.370652+2.614858j,0.253569-1.058585j,7.622652
-0.236336-2.211829j,-0.370622+2.614754j,0.253755-1.057669j,7.623493
-0.235833-2.211826j,-0.370590+2.614650j,0.253936-1.056752j,7.624335
-0.235331-2.211817j,-0.370557+2.614547j,0.254110-1.055834j,7.625176
-0.234828-2.211802j,-0.370523+2.614444j,0.254278-1.054915j,7.626018
-0.234326-2.211780j,-0.370488+2.614342j,0.254441-1.053995j,7.626858
-0.233824-2.211752j,-0.370451+2.614240j,0.254597-1.053074j,7.627699
-0.233323-2.211717j,-0.370413+2.614139j,0.254747-1.052152j,7.628540
-0.232822-2.211677j,-0.370374+2.614038j,0.254891-1.051230j,7.629380
-0.232321-2.211630j,-0.370333+2.613937j,0.255029-1.050306j,7.630220
-0.231822-2.211577j,-0.370292+2.613837j,0.255162-1.049382j,7.631061
-0.231323-2.211517j,-0.370249+2.613738j,0.255288-1.048457j,7.631900
-0.230824-2.211451j,-0.370205+2.613639j,0.255408-1.047532j,7.632740
-0.230327-2.211379j,-0.370159+2.613540j,0.255521-1.046606j,7.633579
-0.229830-2.211301j,-0.370112+2.613442j,0.255629-1.045680j,7.634419
-0.229335-2.211216j,-0.370065+2.613345j,0.255731-1.044753j,7.635258
-0.228840-2.211126j,-0.370016+2.613249j,0.255827-1.043825j,7.636097
-0.228347-2.211029j,-0.369965+2.613152j,0.255916-1.042897j,7.636936
-0.227855-2.210925j,-0.369914+2.613057j,0.256000-1.041969j,7.637774
-0.227365-2.210816j,-0.369861+2.612962j,0.256078-1.041040j,7.638613
-0.226875-2.210701j,-0.369808+2.612868j,0.256149-1.040111j,7.639451
-0.226388-2.210579j,-0.369753+2.612775j,0.256214-1.039182j,7.640289
-0.225901-2.210451j,-0.369697+2.612682j,0.256274-1.038252j,7.641127
-0.225417-2.210318j,-0.369639+2.612590j,0.256327-1.037322j,7.641965
-0.224934-2.210178j,-0.369581+2.612498j,0.256374-1.036392j,7.642803
-0.224453-2.210032j,-0.369521+2.612408j,0.256415-1.035462j,7.643640
-0.223974-2.209880j,-0.369461+2.612318j,0.256450-1.034532j,7.644477
-0.223497-2.209722j,-0.369399+2.612228j,0.256479-1.033602j,7.645315
-0.223022-2.209558j,-0.369336+2.612140j,0.256502-1.032672j,7.646152
-0.222549-2.209388j,-0.369272+2.612052j,0.256519-1.031742j,7.646989
-0.222078-2.209212j,-0.369207+2.611965j,0.256530-1.030812j,7.647825
-0.221609-2.209030j,-0.369141+2.611879j,0.256535-1.029882j,7.648662
-0.221143-2.208842j,-0.369074+2.611794j,0.256533-1.028952j,7.649498
-0.220679-2.208649j,-0.369006+2.611710j,0.256526-1.028023j,7.650335
-0.220218-2.208450j,-0.368936+2.611626j,0.256513-1.027093j,7.651171
-0.219759-2.208244j,-0.368866+2.611543j,0.256493-1.026164j,7.652007
-0.219302-2.208034j,-0.368795+2.611462j,0.256468-1.025236j,7.652843
-0.218849-2.207817j,-0.368722+2.611381j,0.256437-1.024308j,7.653679
-0.218398-2.207595j,-0.368649+2.611301j,0.256399-1.023380j,7.654514
-0.217950-2.207367j,-0.368575+2.611221j,0.256356-1.022452j,7.655350
-0.217505-2.207133j,-0.368499+2.611143j,0.256306-1.021525j,7.656185
-0.217063-2.206894j,-0.368423+2.611066j,0.256251-1.020599j,7.657020
-0.216623-2.206650j,-0.368346+2.610989j,0.256189-1.019673j,7.657856
-0.216187-2.206400j,-0.368267+2.610914j,0.256122-1.018748j,7.658691
-0.215755-2.206144j,-0.368188+2.610840j,0.256048-1.017823j,7.659526
-0.215325-2.205883j,-0.368108+2.610766j,0.255969-1.016899j,7.660360
-0.214899-2.205617j,-0.368027+2.610694j,0.255884-1.015976j,7.661195
-0.214476-2.205345j,-0.367945+2.610622j,0.255792-1.015053j,7.662030
-0.214056-2.205068j,-0.367862+2.610552j,0.255695-1.014132j,7.662864
-0.213641-2.204786j,-0.367779+2.610482j,0.255592-1.013211j,7.663699
-0.213228-2.204498j,-0.367694+2.610414j,0.255482-1.012291j,7.664533
-0.212820-2.204206j,-0.367609+2.610346j,0.255367-1.011372j,7.665367
-0.212415-2.203908j,-0.367522+2.610280j,0.255246-1.010453j,7.666201
-0.212013-2.203605j,-0.367435+2.610215j,0.255119-1.009536j,7.667035
-0.211616-2.203297j,-0.367347+2.610151j,0.254986-1.008620j,7.667869
-0.211222-2.202984j,-0.367259+2.610088j,0.254848-1.007705j,7.668703
-0.210833-2.202667j,-0.367169+2.610026j,0.254703-1.006791j,7.669536
-0.210447-2.202344j,-0.367079+2.609965j,0.254552-1.005878j,7.670370
-0.210066-2.202017j,-0.366988+2.609905j,0.254396-1.004967j,7.671203
-0.209689-2.201685j,-0.366896+2.609846j,0.254234-1.004056j,7.672037
-0.209316-2.201348j,-0.366804+2.609789j,0.254065-1.003147j,7.672870
-0.208947-2.201006j,-0.366710+2.609733j,0.253891-1.002240j,7.673703
-0.208582-2.200660j,-0.366616+2.609677j,0.253712-1.001333j,7.674536
-0.208222-2.200309j,-0.366522+2.609623j,0.253526-1.000428j,7.675369
-0.207867-2.199954j,-0.366426+2.609570j,0.253335-0.999524j,7.676202
-0.207515-2.199595j,-0.366330+2.609519j,0.253137-0.998622j,7.677035
-0.207169-2.199231j,-0.366234+2.609468j,0.252934-0.997721j,7.677868
-0.206827-2.198862j,-0.366136+2.609419j,0.252726-0.996822j,7.678701
-0.206489-2.198490j,-0.366038+2.609371j,0.252511-0.995924j,7.679533
-0.206157-2.198113j,-0.365940+2.609324j,0.252291-0.995028j,7.680366
-0.205829-2.197732j,-0.365841+2.609278j,0.252065-0.994133j,7.681199
-0.205506-2.197347j,-0.365741+2.609234j,0.251833-0.993241j,7.682031
-0.205188-2.196958j,-0.365641+2.609191j,0.251596-0.992349j,7.682863
-0.204874-2.196565j,-0.365540+2.609149j,0.251353-0.991460j,7.683696
-0.204566-2.196168j,-0.365439+2.609108j,0.251104-0.990572j,7.684528
-0.204263-2.195767j,-0.365337+2.609069j,0.250849-0.989687j,7.685360
-0.203964-2.195362j,-0.365235+2.609031j,0.250589-0.988803j,7.686192
-0.203671-2.194954j,-0.365132+2.608994j,0.250323-0.987921j,7.687025
-0.203383-2.194542j,-0.365028+2.608958j,0.250052-0.987040j,7.687857
-0.203100-2.194127j,-0.364925+2.608924j,0.249775-0.986162j,7.688689
-0.202823-2.193707j,-0.364821+2.608891j,0.249493-0.985286j,7.689521
-0.202550-2.193285j,-0.364716+2.608859j,0.249204-0.984412j,7.690352
-0.202283-2.192859j,-0.364611+2.608828j,0.248911-0.983540j,7.691184
-0.202022-2.192430j,-0.364505+2.608799j,0.248611-0.982670j,7.692016
-0.201766-2.191997j,-0.364400+2.608771j,0.248307-0.981802j,7.692848
-0.201515-2.191562j,-0.364294+2.608745j,0.247996-0.980936j,7.693680
-0.201270-2.191123j,-0.364187+2.608720j,0.247681-0.980073j,7.694511
-0.201030-2.190681j,-0.364080+2.608696j,0.247359-0.979211j,7.695343
-0.200796-2.190236j,-0.363973+2.608673j,0.247033-0.978352j,7.696174
-0.200568-2.189789j,-0.363866+2.608652j,0.246700-0.977496j,7.697006
-0.200345-2.189338j,-0.363758+2.608632j,0.246363-0.976641j,7.697837
-0.200127-2.188885j,-0.363650+2.608614j,0.246020-0.975789j,7.698669
-0.199916-2.188429j,-0.363542+2.608597j,0.245671-0.974940j,7.699500
-0.199710-2.187970j,-0.363433+2.608581j,0.245318-0.974093j,7.700332
-0.199510-2.187509j,-0.363325+2.608566j,0.244958-0.973248j,7.701163
-0.199316-2.187045j,-0.363216+2.608553j,0.244594-0.972406j,7.701994
-0.199128-2.186579j,-0.363107+2.608542j,0.244224-0.971566j,7.702826
-0.198946-2.186111j,-0.362998+2.608531j,0.243849-0.970729j,7.703657
-0.198769-2.185640j,-0.362888+2.608522j,0.243469-0.969895j,7.704488
-0.198598-2.185167j,-0.362779+2.608515j,0.243083-0.969063j,7.705320
-0.198434-2.184692j,-0.362669+2.608508j,0.242692-0.968234j,7.706151
-0.198275-2.184215j,-0.362560+2.608503j,0.242296-0.967408j,7.706982
-0.198123-2.183737j,-0.362450+2.608500j,0.241895-0.966584j,7.707813
-0.197976-2.183256j,-0.362340+2.608498j,0.241488-0.965764j,7.708644
-0.197835-2.182773j,-0.362230+2.608497j,0.241076-0.964946j,7.709475
-0.197701-2.182289j,-0.362120+2.608498j,0.240660-0.964131j,7.710307
-0.197572-2.181803j,-0.362010+2.608500j,0.240238-0.963318j,7.711138
-0.197450-2.181315j,-0.361901+2.608503j,0.239811-0.962509j,7.711969
-0.197334-2.180826j,-0.361791+2.608508j,0.239378-0.961702j,7.712800
-0.197224-2.180336j,-0.361681+2.608514j,0.238941-0.960899j,7.713631
-0.197120-2.179844j,-0.361571+2.608521j,0.238499-0.960099j,7.714462
-0.197023-2.179351j,-0.361462+2.608530j,0.238052-0.959301j,7.715293
-0.196931-2.178857j,-0.361352+2.608540j,0.237599-0.958507j,7.716124
-0.196846-2.178361j,-0.361243+2.608552j,0.237142-0.957715j,7.716955
-0.196767-2.177865j,-0.361133+2.608565j,0.236680-0.956927j,7.717786
-0.196694-2.177367j,-0.361024+2.608579j,0.236213-0.956142j,7.718617
-0.196628-2.176869j,-0.360915+2.608595j,0.235741-0.955361j,7.719448
-0.196568-2.176370j,-0.360806+2.608612j,0.235264-0.954582j,7.720279
-0.196514-2.175870j,-0.360698+2.608631j,0.234782-0.953807j,7.721110
-0.196466-2.175370j,-0.360589+2.608650j,0.234295-0.953035j,7.721941
-0.196425-2.174869j,-0.360481+2.608672j,0.233804-0.952266j,7.722772
-0.196390-2.174368j,-0.360373+2.608694j,0.233308-0.951501j,7.723603
-0.196361-2.173866j,-0.360266+2.608718j,0.232807-0.950739j,7.724434
-0.196338-2.173364j,-0.360158+2.608744j,0.232301-0.949980j,7.725265
-0.196322-2.172861j,-0.360051+2.608770j,0.231791-0.949225j,7.726096
-0.196313-2.172359j,-0.359945+2.608798j,0.231275-0.948473j,7.726927
-0.196309-2.171856j,-0.359838+2.608828j,0.230756-0.947725j,7.727758
-0.196312-2.171353j,-0.359732+2.608858j,0.230231-0.946980j,7.728589
-0.196321-2.170851j,-0.359627+2.608890j,0.229702-0.946239j,7.729420
-0.196336-2.170348j,-0.359521+2.608924j,0.229168-0.945501j,7.730251
-0.196358-2.169846j,-0.359417+2.608958j,0.228630-0.944767j,7.731082
-0.196386-2.169344j,-0.359312+2.608994j,0.228087-0.944037j,7.731913
-0.196421-2.168843j,-0.359208+2.609032j,0.227540-0.943310j,7.732744
-0.196461-2.168342j,-0.359105+2.609070j,0.226988-0.942587j,7.733575
-0.196508-2.167841j,-0.359002+2.609110j,0.226431-0.941868j,7.734406
-0.196562-2.167342j,-0.358899+2.609152j,0.225871-0.941152j,7.735237
-0.196621-2.166843j,-0.358797+2.609194j,0.225305-0.940440j,7.736069
-0.196687-2.166344j,-0.358695+2.609238j,0.224736-0.939732j,7.736900
-0.196759-2.165847j,-0.358594+2.609283j,0.224162-0.939028j,7.737731
-0.196837-2.165350j,-0.358494+2.609330j,0.223583-0.938327j,7.738562
-0.196922-2.164855j,-0.358394+2.609377j,0.223001-0.937631j,7.739393
-0.197012-2.164360j,-0.358295+2.609426j,0.222414-0.936938j,7.740224
-0.197109-2.163867j,-0.358196+2.609477j,0.221822-0.936250j,7.741055
-0.197213-2.163375j,-0.358098+2.609528j,0.221227-0.935565j,7.741886
-0.197322-2.162885j,-0.358001+2.609581j,0.220627-0.934884j,7.742718
-0.197437-2.162395j,-0.357904+2.609635j,0.220023-0.934207j,7.743549
-0.197559-2.161908j,-0.357808+2.609690j,0.219415-0.933534j,7.744380
-0.197687-2.161421j,-0.357713+2.609746j,0.218803-0.932866j,7.745211
-0.197821-2.160937j,-0.357618+2.609804j,0.218187-0.932201j,7.746042
-0.197960-2.160454j,-0.357524+2.609863j,0.217567-0.931541j,7.746874
-0.198106-2.159973j,-0.357431+2.609923j,0.216942-0.930884j,7.747705
-0.198258-2.159494j,-0.357338+2.609984j,0.216314-0.930232j,7.748536
-0.198416-2.159017j,-0.357247+2.610046j,0.215682-0.929584j,7.749368
-0.198580-2.158542j,-0.357156+2.610110j,0.215045-0.928940j,7.750199
-0.198750-2.158069j,-0.357065+2.610175j,0.214405-0.928300j,7.751030
-0.198926-2.157598j,-0.356976+2.610241j,0.213761-0.927665j,7.751862
-0.199108-2.157129j,-0.356888+2.610308j,0.213113-0.927034j,7.752693
-0.199296-2.156663j,-0.356800+2.610376j,0.212461-0.926407j,7.753524
-0.199489-2.156199j,-0.356713+2.610445j,0.211805-0.925784j,7.754356
-0.199689-2.155738j,-0.356627+2.610515j,0.211146-0.925166j,7.755187
-0.199894-2.155279j,-0.356542+2.610587j,0.210483-0.924552j,7.756019
-0.200104-2.154822j,-0.356458+2.610659j,0.209816-0.923943j,7.756850
-0.198214-2.153916j,-0.356150+2.610312j,0.212294-0.921167j,7.760318
-0.196324-2.153009j,-0.355843+2.609965j,0.214707-0.918457j,7.763782
-0.194437-2.152100j,-0.355535+2.609618j,0.217059-0.915807j,7.767245
-0.192551-2.151190j,-0.355228+2.609271j,0.219353-0.913213j,7.770705
-0.190667-2.150280j,-0.354920+2.608924j,0.221594-0.910672j,7.774162
-0.188785-2.149368j,-0.354612+2.608578j,0.223784-0.908180j,7.777617
-0.186904-2.148455j,-0.354305+2.608231j,0.225927-0.905735j,7.781070
-0.185025-2.147541j,-0.353997+2.607884j,0.228026-0.903334j,7.784520
-0.183148-2.146625j,-0.353689+2.607537j,0.230083-0.900974j,7.787968
-0.181272-2.145709j,-0.353382+2.607190j,0.232099-0.898653j,7.791414
-0.179398-2.144792j,-0.353074+2.606844j,0.234078-0.896370j,7.794857
-0.177526-2.143873j,-0.352766+2.606497j,0.236020-0.894122j,7.798298
-0.175655-2.142953j,-0.352458+2.606150j,0.237928-0.891908j,7.801737
-0.173786-2.142033j,-0.352150+2.605804j,0.239803-0.889726j,7.805174
-0.171919-2.141111j,-0.351843+2.605457j,0.241647-0.887575j,7.808609
-0.170054-2.140188j,-0.351535+2.605110j,0.243461-0.885453j,7.812042
-0.168190-2.139264j,-0.351227+2.604764j,0.245246-0.883360j,7.815472
-0.166328-2.138339j,-0.350919+2.604417j,0.247003-0.881293j,7.818901
-0.164468-2.137413j,-0.350611+2.604071j,0.248734-0.879252j,7.822327
-0.162609-2.136485j,-0.350303+2.603724j,0.250440-0.877237j,7.825751
-0.160752-2.135557j,-0.349996+2.603378j,0.252121-0.875245j,7.829174
-0.158897-2.134628j,-0.349688+2.603032j,0.253778-0.873277j,7.832594
-0.157043-2.133697j,-0.349380+2.602685j,0.255412-0.871330j,7.836013
-0.155191-2.132765j,-0.349072+2.602339j,0.257025-0.869405j,7.839429
-0.153341-2.131833j,-0.348764+2.601993j,0.258616-0.867501j,7.842844
-0.151493-2.130899j,-0.348456+2.601646j,0.260187-0.865617j,7.846256
-0.149646-2.129964j,-0.348148+2.601300j,0.261738-0.863753j,7.849667
-0.147801-2.129028j,-0.347840+2.600954j,0.263270-0.861907j,7.853076
-0.145957-2.128091j,-0.347532+2.600608j,0.264783-0.860080j,7.856483
-0.144116-2.127153j,-0.347224+2.600262j,0.266278-0.858270j,7.859888
-0.142276-2.126214j,-0.346916+2.599916j,0.267755-0.856477j,7.863291
-0.140437-2.125274j,-0.346607+2.599569j,0.269215-0.854701j,7.866692
-0.138601-2.124333j,-0.346299+2.599223j,0.270659-0.852941j,7.870092
-0.136766-2.123391j,-0.345991+2.598877j,0.272087-0.851196j,7.873490
-0.134933-2.122447j,-0.345683+2.598531j,0.273499-0.849467j,7.876886
-0.133101-2.121503j,-0.345375+2.598186j,0.274896-0.847753j,7.880280
-0.131271-2.120557j,-0.345067+2.597840j,0.276278-0.846053j,7.883673
-0.129443-2.119611j,-0.344759+2.597494j,0.277645-0.844367j,7.887063
-0.127617-2.118663j,-0.344450+2.597148j,0.278999-0.842695j,7.890452
-0.125792-2.117715j,-0.344142+2.596802j,0.280339-0.841036j,7.893839
-0.123969-2.116765j,-0.343834+2.596456j,0.281665-0.839390j,7.897225
-0.122147-2.115815j,-0.343526+2.596111j,0.282978-0.837757j,7.900609
-0.120328-2.114863j,-0.343217+2.595765j,0.284279-0.836136j,7.903991
-0.118510-2.113910j,-0.342909+2.595419j,0.285567-0.834527j,7.907371
-0.116694-2.112956j,-0.342601+2.595074j,0.286843-0.832930j,7.910750
-0.114879-2.112002j,-0.342292+2.594728j,0.288107-0.831345j,7.914127
-0.113066-2.111046j,-0.341984+2.594383j,0.289360-0.829771j,7.917502
-0.111255-2.110089j,-0.341676+2.594037j,0.290601-0.828208j,7.920876
-0.109446-2.109131j,-0.341367+2.593691j,0.291831-0.826655j,7.924248
-0.107638-2.108172j,-0.341059+2.593346j,0.293050-0.825114j,7.927619
-0.105832-2.107212j,-0.340751+2.593001j,0.294258-0.823582j,7.930987
-0.104027-2.106251j,-0.340442+2.592655j,0.295456-0.822061j,7.934355
-0.102225-2.105289j,-0.340134+2.592310j,0.296644-0.820550j,7.937720
-0.100424-2.104326j,-0.339825+2.591964j,0.297822-0.819048j,7.941084
-0.098624-2.103362j,-0.339517+2.591619j,0.298989-0.817556j,7.944447
-0.096827-2.102397j,-0.339208+2.591274j,0.300148-0.816073j,7.947807
-0.095031-2.101431j,-0.338900+2.590929j,0.301296-0.814599j,7.951167
-0.093237-2.100464j,-0.338591+2.590583j,0.302436-0.813134j,7.954524
-0.091444-2.099496j,-0.338283+2.590238j,0.303566-0.811678j,7.957880
-0.089654-2.098527j,-0.337974+2.589893j,0.304688-0.810231j,7.961235
-0.087864-2.097557j,-0.337665+2.589548j,0.305801-0.808792j,7.964588
-0.086077-2.096585j,-0.337357+2.589203j,0.306905-0.807362j,7.967939
-0.084291-2.095613j,-0.337048+2.588858j,0.308000-0.805939j,7.971289
-0.082507-2.094640j,-0.336740+2.588513j,0.309088-0.804525j,7.974637
-0.080725-2.093666j,-0.336431+2.588168j,0.310167-0.803118j,7.977984
-0.078944-2.092691j,-0.336122+2.587823j,0.311238-0.801720j,7.981329
-0.077165-2.091715j,-0.335814+2.587478j,0.312301-0.800328j,7.984673
-0.075388-2.090738j,-0.335505+2.587133j,0.313357-0.798945j,7.988015
-0.073613-2.089760j,-0.335196+2.586788j,0.314404-0.797568j,7.991356
-0.071839-2.088781j,-0.334887+2.586444j,0.315445-0.796199j,7.994695
-0.070067-2.087801j,-0.334579+2.586099j,0.316478-0.794837j,7.998033
-0.068296-2.086819j,-0.334270+2.585754j,0.317503-0.793482j,8.001369
-0.066528-2.085837j,-0.333961+2.585410j,0.318522-0.792134j,8.004704
-0.064761-2.084854j,-0.333652+2.585065j,0.319533-0.790793j,8.008037
-0.062995-2.083870j,-0.333344+2.584720j,0.320538-0.789458j,8.011369
-0.061232-2.082885j,-0.333035+2.584376j,0.321535-0.788130j,8.014699
-0.059470-2.081900j,-0.332726+2.584031j,0.322526-0.786809j,8.018028
-0.057709-2.080913j,-0.332417+2.583687j,0.323510-0.785493j,8.021356
-0.055951-2.079925j,-0.332108+2.583342j,0.324488-0.784184j,8.024682
-0.054194-2.078936j,-0.331799+2.582998j,0.325459-0.782882j,8.028006
-0.052439-2.077946j,-0.331490+2.582653j,0.326424-0.781585j,8.031330
-0.050685-2.076955j,-0.331181+2.582309j,0.327383-0.780294j,8.034651
-0.048934-2.075963j,-0.330872+2.581964j,0.328336-0.779009j,8.037971
-0.047183-2.074971j,-0.330563+2.581620j,0.329282-0.777730j,8.041290
-0.045435-2.073977j,-0.330254+2.581276j,0.330222-0.776457j,8.044608
-0.043688-2.072982j,-0.329945+2.580932j,0.331157-0.775190j,8.047924
-0.041943-2.071987j,-0.329636+2.580587j,0.332086-0.773928j,8.051238
-0.040200-2.070990j,-0.329327+2.580243j,0.333008-0.772671j,8.054551
-0.038459-2.069993j,-0.329018+2.579899j,0.333926-0.771420j,8.057863
-0.036719-2.068994j,-0.328709+2.579555j,0.334837-0.770175j,8.061174
-0.034980-2.067995j,-0.328400+2.579211j,0.335743-0.768934j,8.064483
-0.033244-2.066994j,-0.328091+2.578867j,0.336644-0.767699j,8.067790
-0.031509-2.065993j,-0.327782+2.578523j,0.337539-0.766469j,8.071096
-0.029776-2.064991j,-0.327473+2.578179j,0.338429-0.765244j,8.074401
-0.028045-2.063988j,-0.327164+2.577835j,0.339314-0.764025j,8.077705
-0.026315-2.062984j,-0.326854+2.577491j,0.340193-0.762810j,8.081007
-0.024587-2.061979j,-0.326545+2.577147j,0.341067-0.761600j,8.084307
-0.022861-2.060973j,-0.326236+2.576803j,0.341936-0.760395j,8.087607
-0.021136-2.059966j,-0.325927+2.576460j,0.342800-0.759194j,8.090905
-0.019413-2.058958j,-0.325618+2.576116j,0.343660-0.757999j,8.094201
-0.017692-2.057949j,-0.325308+2.575772j,0.344514-0.756808j,8.097497
-0.015972-2.056939j,-0.324999+2.575429j,0.345364-0.755621j,8.100791
-0.014254-2.055929j,-0.324690+2.575085j,0.346208-0.754439j,8.104083
-0.012538-2.054917j,-0.324380+2.574741j,0.347048-0.753262j,8.107374
-0.010824-2.053904j,-0.324071+2.574398j,0.347884-0.752089j,8.110664
-0.009111-2.052891j,-0.323762+2.574054j,0.348714-0.750921j,8.113953
-0.007400-2.051877j,-0.323452+2.573711j,0.349540-0.749757j,8.117240
-0.005691-2.050861j,-0.323143+2.573367j,0.350362-0.748597j,8.120526
-0.003983-2.049845j,-0.322834+2.573024j,0.351179-0.747441j,8.123810
-0.002277-2.048828j,-0.322524+2.572680j,0.351992-0.746290j,8.127094
-0.000573-2.047810j,-0.322215+2.572337j,0.352800-0.745143j,8.130376
0.001130-2.046791j,-0.321905+2.571994j,0.353604-0.744000j,8.133656
0.002831-2.045771j,-0.321596+2.571650j,0.354404-0.742861j,8.136935
0.004530-2.044751j,-0.321286+2.571307j,0.355199-0.741725j,8.140213
0.006228-2.043729j,-0.320977+2.570964j,0.355991-0.740594j,8.143490
0.007923-2.042707j,-0.320668+2.570621j,0.356778-0.739467j,8.146765
0.009618-2.041683j,-0.320358+2.570278j,0.357561-0.738344j,8.150040
0.011310-2.040659j,-0.320048+2.569934j,0.358340-0.737225j,8.153312
0.013001-2.039634j,-0.319739+2.569591j,0.359115-0.736109j,8.156584
0.014690-2.038607j,-0.319429+2.569248j,0.359886-0.734997j,8.159854
0.016377-2.037580j,-0.319120+2.568905j,0.360653-0.733889j,8.163123
0.018063-2.036552j,-0.318810+2.568562j,0.361416-0.732785j,8.166390
0.019747-2.035524j,-0.318501+2.568219j,0.362176-0.731684j,8.169657
0.021429-2.034494j,-0.318191+2.567877j,0.362931-0.730587j,8.172922
0.023110-2.033463j,-0.317881+2.567534j,0.363683-0.729493j,8.176186
0.024788-2.032432j,-0.317572+2.567191j,0.364431-0.728403j,8.179448
0.026466-2.031400j,-0.317262+2.566848j,0.365175-0.727317j,8.182709
0.028141-2.030366j,-0.316952+2.566505j,0.365916-0.726234j,8.185969
0.029815-2.029332j,-0.316642+2.566163j,0.366653-0.725154j,8.189228
0.031487-2.028297j,-0.316333+2.565820j,0.367386-0.724078j,8.192485
0.033157-2.027261j,-0.316023+2.565477j,0.368116-0.723005j,8.195742
0.034826-2.026225j,-0.315713+2.565135j,0.368842-0.721935j,8.198996
0.036493-2.025187j,-0.315403+2.564792j,0.369565-0.720869j,8.202250
0.038159-2.024149j,-0.315094+2.564450j,0.370284-0.719806j,8.205502
0.039822-2.023109j,-0.314784+2.564107j,0.371000-0.718747j,8.208754
0.041484-2.022069j,-0.314474+2.563765j,0.371712-0.717690j,8.212004
0.043144-2.021028j,-0.314164+2.563422j,0.372421-0.716637j,8.215252
0.044803-2.019986j,-0.313854+2.563080j,0.373127-0.715587j,8.218500
0.046460-2.018943j,-0.313544+2.562738j,0.373829-0.714540j,8.221746
0.048115-2.017900j,-0.313235+2.562395j,0.374528-0.713496j,8.224991
0.049769-2.016855j,-0.312925+2.562053j,0.375224-0.712456j,8.228234
0.051420-2.015810j,-0.312615+2.561711j,0.375916-0.711418j,8.231477
0.053070-2.014764j,-0.312305+2.561368j,0.376606-0.710383j,8.234718
0.054719-2.013717j,-0.311995+2.561026j,0.377292-0.709352j,8.237958
0.056366-2.012669j,-0.311685+2.560684j,0.377975-0.708323j,8.241197
0.058011-2.011620j,-0.311375+2.560342j,0.378655-0.707297j,8.244434
0.059654-2.010570j,-0.311065+2.560000j,0.379331-0.706274j,8.247671
0.061296-2.009520j,-0.310755+2.559658j,0.380005-0.705254j,8.250906
0.062936-2.008469j,-0.310445+2.559316j,0.380676-0.704237j,8.254140
0.064574-2.007417j,-0.310135+2.558974j,0.381343-0.703223j,8.257372
0.066211-2.006364j,-0.309825+2.558632j,0.382008-0.702212j,8.260604
0.067845-2.005310j,-0.309514+2.558290j,0.382669-0.701203j,8.263834
0.069479-2.004255j,-0.309204+2.557949j,0.383328-0.700197j,8.267063
0.071110-2.003200j,-0.308894+2.557607j,0.383983-0.699194j,8.270291
0.072740-2.002143j,-0.308584+2.557265j,0.384636-0.698194j,8.273518
0.074368-2.001086j,-0.308274+2.556923j,0.385286-0.697196j,8.276743
0.075995-2.000028j,-0.307964+2.556582j,0.385933-0.696201j,8.279967
0.077619-1.998970j,-0.307654+2.556240j,0.386577-0.695209j,8.283191
0.079242-1.997910j,-0.307343+2.555898j,0.387219-0.694219j,8.286412
0.080864-1.996850j,-0.307033+2.555557j,0.387857-0.693232j,8.289633
0.082483-1.995788j,-0.306723+2.555215j,0.388493-0.692248j,8.292853
0.084101-1.994726j,-0.306413+2.554874j,0.389126-0.691266j,8.296071
0.085718-1.993663j,-0.306102+2.554532j,0.389756-0.690287j,8.299288
0.087332-1.992600j,-0.305792+2.554191j,0.390384-0.689310j,8.302504
0.088945-1.991535j,-0.305482+2.553850j,0.391009-0.688336j,8.305719
0.090557-1.990470j,-0.305172+2.553508j,0.391631-0.687364j,8.308932
0.092166-1.989404j,-0.304861+2.553167j,0.392250-0.686395j,8.312144
0.093774-1.988337j,-0.304551+2.552826j,0.392867-0.685428j,8.315356
0.095380-1.987269j,-0.304241+2.552485j,0.393481-0.684464j,8.318566
0.096985-1.986201j,-0.303930+2.552143j,0.394093-0.683502j,8.321775
0.098588-1.985131j,-0.303620+2.551802j,0.394702-0.682542j,8.324982
0.100189-1.984061j,-0.303309+2.551461j,0.395309-0.681585j,8.328189
0.101788-1.982990j,-0.302999+2.551120j,0.395913-0.680630j,8.331394
0.103386-1.981918j,-0.302688+2.550779j,0.396514-0.679678j,8.334598
0.104982-1.980846j,-0.302378+2.550438j,0.397113-0.678728j,8.337801
0.106576-1.979773j,-0.302068+2.550097j,0.397710-0.677780j,8.341003
0.108169-1.978698j,-0.301757+2.549756j,0.398303-0.676835j,8.344204
0.109760-1.977624j,-0.301447+2.549415j,0.398895-0.675892j,8.347403
0.111349-1.976548j,-0.301136+2.549075j,0.399484-0.674951j,8.350602
0.112937-1.975471j,-0.300825+2.548734j,0.400071-0.674012j,8.353799
0.114523-1.974394j,-0.300515+2.548393j,0.400655-0.673076j,8.356995
0.116107-1.973316j,-0.300204+2.548052j,0.401237-0.672142j,8.360190
0.117690-1.972237j,-0.299894+2.547712j,0.401816-0.671210j,8.363384
0.119271-1.971158j,-0.299583+2.547371j,0.402394-0.670280j,8.366576
0.120850-1.970077j,-0.299273+2.547030j,0.402968-0.669352j,8.369768
0.122428-1.968996j,-0.298962+2.546690j,0.403541-0.668427j,8.372958
0.124003-1.967914j,-0.298651+2.546349j,0.404111-0.667504j,8.376147
0.125578-1.966831j,-0.298341+2.546009j,0.404679-0.666583j,8.379335
0.127150-1.965748j,-0.298030+2.545668j,0.405244-0.665664j,8.382522
0.128721-1.964664j,-0.297719+2.545328j,0.405808-0.664747j,8.385708
0.130290-1.963579j,-0.297408+2.544988j,0.406369-0.663832j,8.388892
0.131857-1.962493j,-0.297098+2.544647j,0.406927-0.662919j,8.392076
0.133423-1.961406j,-0.296787+2.544307j,0.407484-0.662009j,8.395258
0.134987-1.960319j,-0.296476+2.543967j,0.408038-0.661100j,8.398439
0.136550-1.959231j,-0.296165+2.543627j,0.408591-0.660193j,8.401620
0.138110-1.958142j,-0.295855+2.543286j,0.409141-0.659289j,8.404798
0.139669-1.957053j,-0.295544+2.542946j,0.409688-0.658386j,8.407976
0.141227-1.955962j,-0.295233+2.542606j,0.410234-0.657486j,8.411153
0.142782-1.954871j,-0.294922+2.542266j,0.410778-0.656587j,8.414329
0.144336-1.953780j,-0.294611+2.541926j,0.411319-0.655691j,8.417503
0.145889-1.952687j,-0.294301+2.541586j,0.411858-0.654796j,8.420676
0.147439-1.951594j,-0.293990+2.541246j,0.412395-0.653904j,8.423849
0.148988-1.950500j,-0.293679+2.540906j,0.412931-0.653013j,8.427020
0.150535-1.949405j,-0.293368+2.540566j,0.413464-0.652124j,8.430190
0.152081-1.948309j,-0.293057+2.540227j,0.413995-0.651237j,8.433359
0.153625-1.947213j,-0.292746+2.539887j,0.414523-0.650352j,8.436526
0.155167-1.946116j,-0.292435+2.539547j,0.415050-0.649469j,8.439693
0.156708-1.945018j,-0.292124+2.539207j,0.415575-0.648588j,8.442859
0.158246-1.943920j,-0.291813+2.538868j,0.416098-0.647708j,8.446023
0.159784-1.942821j,-0.291502+2.538528j,0.416619-0.646831j,8.449186
0.161319-1.941721j,-0.291191+2.538189j,0.417137-0.645955j,8.452348
0.162853-1.940620j,-0.290880+2.537849j,0.417654-0.645081j,8.455510
0.164385-1.939518j,-0.290569+2.537510j,0.418169-0.644209j,8.458670
0.165915-1.938416j,-0.290258+2.537170j,0.418682-0.643339j,8.461828
0.167444-1.937313j,-0.289947+2.536831j,0.419193-0.642471j,8.464986
0.168971-1.936210j,-0.289636+2.536491j,0.419702-0.641604j,8.468143
0.170497-1.935106j,-0.289325+2.536152j,0.420209-0.640739j,8.471299
0.172021-1.934001j,-0.289013+2.535813j,0.420714-0.639876j,8.474453
0.173543-1.932895j,-0.288702+2.535474j,0.421217-0.639015j,8.477607
0.175063-1.931788j,-0.288391+2.535134j,0.421719-0.638155j,8.480759
0.176582-1.930681j,-0.288080+2.534795j,0.422218-0.637297j,8.483910
0.178099-1.929573j,-0.287769+2.534456j,0.422716-0.636441j,8.487060
0.179614-1.928465j,-0.287458+2.534117j,0.423211-0.635587j,8.490209
0.181128-1.927356j,-0.287146+2.533778j,0.423705-0.634734j,8.493357
0.182640-1.926246j,-0.286835+2.533439j,0.424197-0.633883j,8.496504
0.184150-1.925135j,-0.286524+2.533100j,0.424688-0.633034j,8.499650
0.185659-1.924023j,-0.286213+2.532761j,0.425176-0.632186j,8.502795
0.187166-1.922911j,-0.285901+2.532422j,0.425662-0.631340j,8.505938
0.188671-1.921799j,-0.285590+2.532083j,0.426147-0.630496j,8.509081
0.190175-1.920685j,-0.285279+2.531745j,0.426630-0.629653j,8.512222
0.191677-1.919571j,-0.284967+2.531406j,0.427111-0.628812j,8.515363
0.193177-1.918456j,-0.284656+2.531067j,0.427591-0.627973j,8.518502
0.194676-1.917340j,-0.284345+2.530728j,0.428068-0.627135j,8.521640
0.196173-1.916224j,-0.284033+2.530390j,0.428544-0.626299j,8.524777
0.197668-1.915107j,-0.283722+2.530051j,0.429018-0.625465j,8.527913
0.199161-1.913989j,-0.283410+2.529713j,0.429491-0.624632j,8.531048
0.200653-1.912871j,-0.283099+2.529374j,0.429961-0.623800j,8.534182
0.202144-1.911752j,-0.282788+2.529036j,0.430430-0.622971j,8.537315
0.203632-1.910632j,-0.282476+2.528697j,0.430897-0.622142j,8.540447
0.205119-1.909512j,-0.282165+2.528359j,0.431363-0.621316j,8.543577
0.206604-1.908391j,-0.281853+2.528020j,0.431827-0.620491j,8.546707
0.208088-1.907269j,-0.281542+2.527682j,0.432289-0.619667j,8.549836
0.209570-1.906147j,-0.281230+2.527344j,0.432749-0.618845j,8.552963
0.211050-1.905024j,-0.280919+2.527006j,0.433208-0.618025j,8.556090
0.212529-1.903900j,-0.280607+2.526668j,0.433665-0.617206j,8.559215
0.214006-1.902776j,-0.280296+2.526329j,0.434120-0.616388j,8.562339
0.215481-1.901650j,-0.279984+2.525991j,0.434574-0.615572j,8.565463
0.216954-1.900525j,-0.279672+2.525653j,0.435026-0.614758j,8.568585
0.218426-1.899398j,-0.279361+2.525315j,0.435477-0.613945j,8.571706
0.219896-1.898271j,-0.279049+2.524977j,0.435926-0.613134j,8.574826
0.221365-1.897143j,-0.278738+2.524639j,0.436373-0.612324j,8.577945
0.222832-1.896015j,-0.278426+2.524301j,0.436819-0.611515j,8.581063
0.224297-1.894886j,-0.278114+2.523964j,0.437263-0.610708j,8.584180
0.225761-1.893756j,-0.277803+2.523626j,0.437705-0.609903j,8.587296
0.227222-1.892626j,-0.277491+2.523288j,0.438146-0.609098j,8.590411
0.228683-1.891495j,-0.277179+2.522950j,0.438586-0.608296j,8.593525
0.230141-1.890363j,-0.276867+2.522613j,0.439023-0.607494j,8.596637
0.231598-1.889231j,-0.276556+2.522275j,0.439460-0.606695j,8.599749
0.233053-1.888098j,-0.276244+2.521937j,0.439894-0.605896j,8.602860
0.234507-1.886964j,-0.275932+2.521600j,0.440327-0.605099j,8.605969
0.235959-1.885830j,-0.275620+2.521262j,0.440759-0.604304j,8.609078
0.237409-1.884695j,-0.275309+2.520925j,0.441189-0.603509j,8.612185
0.238857-1.883560j,-0.274997+2.520588j,0.441617-0.602717j,8.615292
0.240304-1.882423j,-0.274685+2.520250j,0.442044-0.601925j,8.618397
0.241749-1.881287j,-0.274373+2.519913j,0.442470-0.601135j,8.621501
0.243193-1.880149j,-0.274061+2.519576j,0.442894-0.600346j,8.624605
0.244635-1.879011j,-0.273749+2.519238j,0.443316-0.599559j,8.627707
0.246075-1.877872j,-0.273438+2.518901j,0.443737-0.598773j,8.630808
0.247514-1.876733j,-0.273126+2.518564j,0.444157-0.597988j,8.633909
0.248950-1.875593j,-0.272814+2.518227j,0.444575-0.597205j,8.637008
0.250386-1.874452j,-0.272502+2.517890j,0.444991-0.596423j,8.640106
0.251819-1.873311j,-0.272190+2.517553j,0.445406-0.595643j,8.643203
0.253251-1.872169j,-0.271878+2.517216j,0.445820-0.594863j,8.646299
0.254681-1.871027j,-0.271566+2.516879j,0.446232-0.594086j,8.649394
0.256110-1.869884j,-0.271254+2.516542j,0.446643-0.593309j,8.652488
0.257537-1.868740j,-0.270942+2.516205j,0.447052-0.592534j,8.655581
0.258962-1.867596j,-0.270630+2.515868j,0.447460-0.591760j,8.658673
0.260386-1.866451j,-0.270318+2.515531j,0.447866-0.590987j,8.661764
0.261808-1.865305j,-0.270006+2.515195j,0.448271-0.590215j,8.664854
0.263228-1.864159j,-0.269694+2.514858j,0.448675-0.589445j,8.667943
0.264646-1.863012j,-0.269382+2.514521j,0.449077-0.588676j,8.671031
0.266063-1.861865j,-0.269070+2.514185j,0.449478-0.587909j,8.674118
0.267479-1.860717j,-0.268758+2.513848j,0.449877-0.587143j,8.677203
0.268892-1.859568j,-0.268445+2.513512j,0.450275-0.586377j,8.680288
0.270304-1.858419j,-0.268133+2.513175j,0.450672-0.585614j,8.683372
0.271715-1.857269j,-0.267821+2.512839j,0.451067-0.584851j,8.686455
0.273123-1.856119j,-0.267509+2.512502j,0.451461-0.584090j,8.689536
0.274530-1.854968j,-0.267197+2.512166j,0.451853-0.583330j,8.692617
0.275936-1.853816j,-0.266885+2.511830j,0.452244-0.582571j,8.695697
0.277339-1.852664j,-0.266572+2.511494j,0.452634-0.581813j,8.698775
0.278741-1.851511j,-0.266260+2.511157j,0.453023-0.581057j,8.701853
0.280142-1.850358j,-0.265948+2.510821j,0.453410-0.580302j,8.704930
0.281540-1.849204j,-0.265636+2.510485j,0.453795-0.579548j,8.708005
0.282938-1.848049j,-0.265323+2.510149j,0.454180-0.578795j,8.711080
0.284333-1.846894j,-0.265011+2.509813j,0.454563-0.578044j,8.714154
0.285727-1.845738j,-0.264699+2.509477j,0.454944-0.577293j,8.717226
0.287119-1.844582j,-0.264387+2.509141j,0.455325-0.576544j,8.720298
0.288509-1.843425j,-0.264074+2.508805j,0.455704-0.575796j,8.723368
0.289898-1.842268j,-0.263762+2.508469j,0.456082-0.575049j,8.726438
0.291285-1.841110j,-0.263450+2.508134j,0.456458-0.574304j,8.729507
0.292671-1.839951j,-0.263137+2.507798j,0.456833-0.573559j,8.732574
0.294054-1.838792j,-0.262825+2.507462j,0.457207-0.572816j,8.735641
0.295437-1.837632j,-0.262513+2.507126j,0.457580-0.572074j,8.738706
0.296817-1.836472j,-0.262200+2.506791j,0.457951-0.571333j,8.741771
0.298196-1.835311j,-0.261888+2.506455j,0.458321-0.570593j,8.744834
0.299573-1.834149j,-0.261575+2.506120j,0.458690-0.569855j,8.747897
0.300949-1.832987j,-0.261263+2.505784j,0.459057-0.569117j,8.750959
0.302323-1.831825j,-0.260950+2.505449j,0.459424-0.568381j,8.754019
0.303695-1.830661j,-0.260638+2.505113j,0.459789-0.567646j,8.757079
0.305066-1.829498j,-0.260325+2.504778j,0.460152-0.566912j,8.760137
0.306435-1.828333j,-0.260013+2.504443j,0.460515-0.566179j,8.763195
0.307802-1.827168j,-0.259700+2.504107j,0.460876-0.565447j,8.766251
0.309168-1.826003j,-0.259388+2.503772j,0.461236-0.564716j,8.769307
0.310532-1.824837j,-0.259075+2.503437j,0.461595-0.563987j,8.772362
0.311894-1.823670j,-0.258763+2.503102j,0.461952-0.563258j,8.775415
0.313255-1.822503j,-0.258450+2.502767j,0.462309-0.562531j,8.778468
0.314614-1.821336j,-0.258138+2.502432j,0.462664-0.561804j,8.781519
0.315971-1.820168j,-0.257825+2.502097j,0.463018-0.561079j,8.784570
0.317327-1.818999j,-0.257512+2.501762j,0.463370-0.560355j,8.787619
0.318681-1.817830j,-0.257200+2.501427j,0.463722-0.559632j,8.790668
0.320034-1.816660j,-0.256887+2.501092j,0.464072-0.558910j,8.793716
0.321385-1.815489j,-0.256575+2.500757j,0.464421-0.558189j,8.796762
0.322734-1.814318j,-0.256262+2.500422j,0.464769-0.557470j,8.799808
0.324081-1.813147j,-0.255949+2.500088j,0.465115-0.556751j,8.802853
0.325427-1.811975j,-0.255636+2.499753j,0.465461-0.556033j,8.805896
0.326771-1.810803j,-0.255324+2.499418j,0.465805-0.555317j,8.808939
0.328114-1.809629j,-0.255011+2.499084j,0.466148-0.554601j,8.811981
0.329455-1.808456j,-0.254698+2.498749j,0.466490-0.553887j,8.815022
0.330794-1.807282j,-0.254386+2.498415j,0.466831-0.553173j,8.818061
0.332132-1.806107j,-0.254073+2.498080j,0.467171-0.552461j,8.821100
0.333468-1.804932j,-0.253760+2.497746j,0.467509-0.551750j,8.824138
0.334803-1.803756j,-0.253447+2.497412j,0.467846-0.551039j,8.827175
0.336135-1.802580j,-0.253134+2.497077j,0.468183-0.550330j,8.830211
0.337466-1.801403j,-0.252822+2.496743j,0.468518-0.549622j,8.833245
0.338796-1.800226j,-0.252509+2.496409j,0.468851-0.548914j,8.836279
0.340124-1.799048j,-0.252196+2.496075j,0.469184-0.548208j,8.839312
0.341450-1.797870j,-0.251883+2.495740j,0.469516-0.547503j,8.842344
0.342775-1.796691j,-0.251570+2.495406j,0.469846-0.546799j,8.845375
0.344098-1.795512j,-0.251257+2.495072j,0.470176-0.546096j,8.848405
0.345419-1.794332j,-0.250944+2.494738j,0.470504-0.545394j,8.851434
0.346738-1.793152j,-0.250632+2.494404j,0.470831-0.544693j,8.854462
0.348056-1.791971j,-0.250319+2.494071j,0.471157-0.543992j,8.857489
0.349373-1.790789j,-0.250006+2.493737j,0.471482-0.543293j,8.860515
0.350688-1.789608j,-0.249693+2.493403j,0.471805-0.542595j,8.863540
0.352001-1.788425j,-0.249380+2.493069j,0.472128-0.541898j,8.866564
0.353312-1.787242j,-0.249067+2.492735j,0.472450-0.541202j,8.869588
0.354622-1.786059j,-0.248754+2.492402j,0.472770-0.540507j,8.872610
0.355930-1.784875j,-0.248441+2.492068j,0.473089-0.539812j,8.875631
0.357237-1.783691j,-0.248128+2.491735j,0.473408-0.539119j,8.878651
0.358542-1.782506j,-0.247815+2.491401j,0.473725-0.538427j,8.881671
0.359845-1.781320j,-0.247502+2.491068j,0.474041-0.537736j,8.884689
0.361147-1.780135j,-0.247189+2.490734j,0.474356-0.537045j,8.887706
0.362447-1.778948j,-0.246876+2.490401j,0.474670-0.536356j,8.890723
0.363745-1.777761j,-0.246563+2.490067j,0.474983-0.535668j,8.893738
0.365042-1.776574j,-0.246249+2.489734j,0.475294-0.534980j,8.896753
0.366337-1.775386j,-0.245936+2.489401j,0.475605-0.534294j,8.899766
0.367630-1.774198j,-0.245623+2.489068j,0.475915-0.533608j,8.902779
0.368922-1.773009j,-0.245310+2.488735j,0.476224-0.532923j,8.905790
0.370212-1.771820j,-0.244997+2.488402j,0.476531-0.532240j,8.908801
0.371501-1.770630j,-0.244684+2.488068j,0.476838-0.531557j,8.911811
0.372788-1.769440j,-0.244371+2.487735j,0.477143-0.530875j,8.914819
0.374073-1.768249j,-0.244057+2.487403j,0.477447-0.530194j,8.917827
0.375357-1.767058j,-0.243744+2.487070j,0.477751-0.529514j,8.920834
0.376639-1.765866j,-0.243431+2.486737j,0.478053-0.528835j,8.923840
0.377920-1.764674j,-0.243118+2.486404j,0.478354-0.528157j,8.926845
0.379198-1.763482j,-0.242805+2.486071j,0.478655-0.527480j,8.929849
0.380476-1.762288j,-0.242491+2.485738j,0.478954-0.526804j,8.932852
0.381751-1.761095j,-0.242178+2.485406j,0.479252-0.526129j,8.935854
0.383025-1.759901j,-0.241865+2.485073j,0.479549-0.525454j,8.938855
0.384297-1.758706j,-0.241551+2.484741j,0.479846-0.524781j,8.941855
0.385568-1.757512j,-0.241238+2.484408j,0.480141-0.524108j,8.944854
0.386837-1.756316j,-0.240925+2.484076j,0.480435-0.523436j,8.947852
0.388105-1.755120j,-0.240612+2.483743j,0.480728-0.522766j,8.950849
0.389370-1.753924j,-0.240298+2.483411j,0.481020-0.522096j,8.953846
0.390635-1.752727j,-0.239985+2.483079j,0.481311-0.521427j,8.956841
0.391897-1.751530j,-0.239671+2.482746j,0.481602-0.520758j,8.959836
0.393158-1.750332j,-0.239358+2.482414j,0.481891-0.520091j,8.962829
0.394417-1.749134j,-0.239045+2.482082j,0.482179-0.519425j,8.965822
0.395675-1.747936j,-0.238731+2.481750j,0.482466-0.518759j,8.968813
0.396931-1.746737j,-0.238418+2.481418j,0.482752-0.518095j,8.971804
0.398186-1.745537j,-0.238104+2.481086j,0.483037-0.517431j,8.974793
0.399438-1.744337j,-0.237791+2.480754j,0.483322-0.516768j,8.977782
0.400690-1.743137j,-0.237478+2.480422j,0.483605-0.516106j,8.980770
0.401939-1.741936j,-0.237164+2.480090j,0.483887-0.515445j,8.983757
0.403187-1.740735j,-0.236851+2.479758j,0.484168-0.514785j,8.986743
0.404433-1.739533j,-0.236537+2.479426j,0.484449-0.514125j,8.989728
0.405678-1.738331j,-0.236224+2.479094j,0.484728-0.513467j,8.992712
0.406921-1.737128j,-0.235910+2.478763j,0.485007-0.512809j,8.995695
0.408163-1.735925j,-0.235597+2.478431j,0.485284-0.512152j,8.998677
0.409403-1.734722j,-0.235283+2.478099j,0.485560-0.511496j,9.001658
0.410641-1.733518j,-0.234969+2.477768j,0.485836-0.510841j,9.004639
0.411877-1.732314j,-0.234656+2.477436j,0.486111-0.510187j,9.007618
0.413112-1.731109j,-0.234342+2.477105j,0.486384-0.509533j,9.010596
0.414346-1.729904j,-0.234029+2.476774j,0.486657-0.508881j,9.013574
0.415578-1.728698j,-0.233715+2.476442j,0.486929-0.508229j,9.016550
0.416808-1.727492j,-0.233402+2.476111j,0.487199-0.507578j,9.019526
0.418036-1.726286j,-0.233088+2.475780j,0.487469-0.506928j,9.022501
0.419263-1.725079j,-0.232774+2.475448j,0.487738-0.506279j,9.025474
0.420489-1.723872j,-0.232461+2.475117j,0.488006-0.505630j,9.028447
0.421712-1.722664j,-0.232147+2.474786j,0.488273-0.504983j,9.031419
0.422934-1.721456j,-0.231833+2.474455j,0.488539-0.504336j,9.034390
0.424155-1.720247j,-0.231520+2.474124j,0.488804-0.503690j,9.037360
0.425374-1.719039j,-0.231206+2.473793j,0.489069-0.503045j,9.040329
0.426591-1.717829j,-0.230892+2.473462j,0.489332-0.502400j,9.043297
0.427807-1.716619j,-0.230578+2.473131j,0.489595-0.501757j,9.046264
0.429021-1.715409j,-0.230265+2.472801j,0.489856-0.501114j,9.049231
0.430233-1.714199j,-0.229951+2.472470j,0.490117-0.500472j,9.052196
0.431444-1.712988j,-0.229637+2.472139j,0.490376-0.499831j,9.055160
0.432653-1.711776j,-0.229323+2.471809j,0.490635-0.499191j,9.058124
0.433861-1.710565j,-0.229010+2.471478j,0.490893-0.498551j,9.061086
0.435067-1.709352j,-0.228696+2.471147j,0.491150-0.497913j,9.064048
0.436271-1.708140j,-0.228382+2.470817j,0.491406-0.497275j,9.067009
0.437474-1.706927j,-0.228068+2.470486j,0.491661-0.496638j,9.069968
0.438675-1.705714j,-0.227754+2.470156j,0.491916-0.496001j,9.072927
0.439875-1.704500j,-0.227441+2.469826j,0.492169-0.495366j,9.075885
0.441073-1.703286j,-0.227127+2.469495j,0.492422-0.494731j,9.078842
0.442269-1.702071j,-0.226813+2.469165j,0.492673-0.494097j,9.081798
0.443464-1.700856j,-0.226499+2.468835j,0.492924-0.493464j,9.084754
0.444657-1.699641j,-0.226185+2.468505j,0.493174-0.492831j,9.087708
0.445848-1.698425j,-0.225871+2.468175j,0.493423-0.492200j,9.090661
0.447038-1.697209j,-0.225557+2.467845j,0.493671-0.491569j,9.093614
0.448227-1.695993j,-0.225243+2.467515j,0.493918-0.490939j,9.096565
0.449413-1.694776j,-0.224929+2.467185j,0.494165-0.490309j,9.099516
0.450599-1.693559j,-0.224615+2.466855j,0.494410-0.489681j,9.102465
0.451782-1.692341j,-0.224301+2.466525j,0.494655-0.489053j,9.105414
0.452964-1.691123j,-0.223987+2.466195j,0.494899-0.488426j,9.108362
0.454144-1.689905j,-0.223674+2.465865j,0.495141-0.487800j,9.111309
0.455323-1.688686j,-0.223360+2.465536j,0.495384-0.487174j,9.114255
0.456500-1.687467j,-0.223046+2.465206j,0.495625-0.486550j,9.117200
0.457676-1.686247j,-0.222731+2.464876j,0.495865-0.485926j,9.120144
0.458850-1.685027j,-0.222417+2.464547j,0.496105-0.485302j,9.123087
0.460022-1.683807j,-0.222103+2.464217j,0.496343-0.484680j,9.126029
0.461193-1.682586j,-0.221789+2.463888j,0.496581-0.484058j,9.128971
0.462362-1.681366j,-0.221475+2.463559j,0.496818-0.483437j,9.131911
0.463529-1.680144j,-0.221161+2.463229j,0.497054-0.482817j,9.134851
0.464695-1.678922j,-0.220847+2.462900j,0.497289-0.482197j,9.137790
0.465860-1.677700j,-0.220533+2.462571j,0.497524-0.481579j,9.140727
0.467022-1.676478j,-0.220219+2.462242j,0.497757-0.480961j,9.143664
0.468183-1.675255j,-0.219905+2.461913j,0.497990-0.480343j,9.146600
0.469343-1.674032j,-0.219591+2.461583j,0.498222-0.479727j,9.149535
0.470501-1.672809j,-0.219277+2.461254j,0.498453-0.479111j,9.152469
0.471657-1.671585j,-0.218962+2.460925j,0.498683-0.478496j,9.155403
0.472812-1.670361j,-0.218648+2.460597j,0.498912-0.477882j,9.158335
0.473965-1.669136j,-0.218334+2.460268j,0.499141-0.477268j,9.161266
0.475117-1.667911j,-0.218020+2.459939j,0.499369-0.476655j,9.164197
0.476267-1.666686j,-0.217706+2.459610j,0.499596-0.476043j,9.167126
0.477415-1.665460j,-0.217391+2.459281j,0.499822-0.475431j,9.170055
0.478562-1.664234j,-0.217077+2.458953j,0.500047-0.474821j,9.172983
0.479707-1.663008j,-0.216763+2.458624j,0.500272-0.474211j,9.175910
0.480851-1.661782j,-0.216449+2.458296j,0.500495-0.473601j,9.178836
0.481993-1.660555j,-0.216135+2.457967j,0.500718-0.472993j,9.181761
0.483133-1.659327j,-0.215820+2.457639j,0.500940-0.472385j,9.184685
0.484272-1.658100j,-0.215506+2.457310j,0.501161-0.471778j,9.187608
0.485410-1.656872j,-0.215192+2.456982j,0.501382-0.471171j,9.190531
0.486545-1.655643j,-0.214877+2.456654j,0.501601-0.470565j,9.193452
0.487679-1.654415j,-0.214563+2.456325j,0.501820-0.469960j,9.196373
0.488812-1.653186j,-0.214249+2.455997j,0.502038-0.469356j,9.199292
0.489943-1.651957j,-0.213934+2.455669j,0.502256-0.468752j,9.202211
0.491072-1.650727j,-0.213620+2.455341j,0.502472-0.468149j,9.205129
0.492200-1.649497j,-0.213306+2.455013j,0.502688-0.467547j,9.208046
0.493326-1.648267j,-0.212991+2.454685j,0.502903-0.466946j,9.210962
0.494451-1.647036j,-0.212677+2.454357j,0.503117-0.466345j,9.213877
0.495574-1.645805j,-0.212363+2.454029j,0.503330-0.465745j,9.216791
0.496695-1.644574j,-0.212048+2.453701j,0.503542-0.465145j,9.219705
0.497815-1.643342j,-0.211734+2.453374j,0.503754-0.464546j,9.222617
0.498933-1.642111j,-0.211419+2.453046j,0.503965-0.463948j,9.225529
0.500050-1.640878j,-0.211105+2.452718j,0.504175-0.463351j,9.228439
0.501165-1.639646j,-0.210791+2.452391j,0.504385-0.462754j,9.231349
0.502279-1.638413j,-0.210476+2.452063j,0.504593-0.462158j,9.234258
0.503391-1.637180j,-0.210162+2.451736j,0.504801-0.461563j,9.237166
0.504501-1.635947j,-0.209847+2.451408j,0.505008-0.460968j,9.240073
0.505610-1.634713j,-0.209533+2.451081j,0.505214-0.460374j,9.242979
0.506717-1.633479j,-0.209218+2.450754j,0.505420-0.459781j,9.245885
0.507823-1.632244j,-0.208904+2.450426j,0.505624-0.459188j,9.248789
0.508927-1.631010j,-0.208589+2.450099j,0.505828-0.458596j,9.251693
0.510029-1.629775j,-0.208275+2.449772j,0.506032-0.458004j,9.254595
0.511130-1.628539j,-0.207960+2.449445j,0.506234-0.457414j,9.257497
0.512229-1.627304j,-0.207646+2.449118j,0.506436-0.456824j,9.260398
0.513327-1.626068j,-0.207331+2.448791j,0.506637-0.456234j,9.263298
0.514423-1.624832j,-0.207017+2.448464j,0.506837-0.455646j,9.266197
0.515518-1.623595j,-0.206702+2.448137j,0.507036-0.455058j,9.269095
0.516611-1.622359j,-0.206387+2.447810j,0.507235-0.454470j,9.271993
0.517703-1.621122j,-0.206073+2.447483j,0.507433-0.453884j,9.274889
0.518792-1.619884j,-0.205758+2.447157j,0.507630-0.453298j,9.277785
0.519881-1.618647j,-0.205444+2.446830j,0.507827-0.452712j,9.280679
0.520968-1.617409j,-0.205129+2.446503j,0.508022-0.452128j,9.283573
0.522053-1.616170j,-0.204814+2.446177j,0.508217-0.451543j,9.286466
0.523136-1.614932j,-0.204500+2.445850j,0.508411-0.450960j,9.289358
0.524218-1.613693j,-0.204185+2.445524j,0.508605-0.450377j,9.292249
0.525299-1.612454j,-0.203870+2.445197j,0.508797-0.449795j,9.295139
0.526378-1.611215j,-0.203556+2.444871j,0.508989-0.449214j,9.298029
0.527455-1.609975j,-0.203241+2.444545j,0.509181-0.448633j,9.300917
0.528531-1.608735j,-0.202926+2.444218j,0.509371-0.448052j,9.303805
0.529605-1.607495j,-0.202612+2.443892j,0.509561-0.447473j,9.306691
0.530678-1.606255j,-0.202297+2.443566j,0.509750-0.446894j,9.309577
0.531749-1.605014j,-0.201982+2.443240j,0.509938-0.446316j,9.312462
0.532818-1.603773j,-0.201668+2.442914j,0.510126-0.445738j,9.315346
0.533886-1.602532j,-0.201353+2.442588j,0.510313-0.445161j,9.318229
0.534953-1.601290j,-0.201038+2.442262j,0.510499-0.444585j,9.321112
0.536018-1.600048j,-0.200723+2.441936j,0.510684-0.444009j,9.323993
0.537081-1.598806j,-0.200409+2.441611j,0.510869-0.443434j,9.326874
0.538143-1.597564j,-0.200094+2.441285j,0.511053-0.442859j,9.329753
0.539203-1.596321j,-0.199779+2.440959j,0.511236-0.442285j,9.332632
0.540261-1.595078j,-0.199464+2.440634j,0.511419-0.441712j,9.335510
0.541318-1.593835j,-0.199149+2.440308j,0.511601-0.441139j,9.338387
0.542374-1.592592j,-0.198835+2.439982j,0.511782-0.440567j,9.341263
0.543428-1.591348j,-0.198520+2.439657j,0.511962-0.439996j,9.344139
0.544480-1.590104j,-0.198205+2.439332j,0.512142-0.439425j,9.347013
0.545531-1.588860j,-0.197890+2.439006j,0.512321-0.438855j,9.349886
0.546580-1.587616j,-0.197575+2.438681j,0.512499-0.438286j,9.352759
0.547628-1.586371j,-0.197260+2.438356j,0.512677-0.437717j,9.355631
0.548674-1.585126j,-0.196946+2.438030j,0.512853-0.437149j,9.358502
0.549718-1.583881j,-0.196631+2.437705j,0.513030-0.436581j,9.361372
0.550761-1.582636j,-0.196316+2.437380j,0.513205-0.436014j,9.364241
0.551803-1.581390j,-0.196001+2.437055j,0.513380-0.435447j,9.367109
0.552843-1.580144j,-0.195686+2.436730j,0.513554-0.434881j,9.369977
0.553881-1.578898j,-0.195371+2.436405j,0.513727-0.434316j,9.372843
0.554918-1.577651j,-0.195056+2.436081j,0.513900-0.433752j,9.375709
0.555953-1.576405j,-0.194741+2.435756j,0.514072-0.433188j,9.378574
0.556987-1.575158j,-0.194426+2.435431j,0.514243-0.432624j,9.381438
0.558019-1.573911j,-0.194111+2.435106j,0.514414-0.432061j,9.384301
0.559050-1.572663j,-0.193796+2.434782j,0.514584-0.431499j,9.387163
0.560079-1.571416j,-0.193481+2.434457j,0.514753-0.430937j,9.390024
0.561106-1.570168j,-0.193167+2.434133j,0.514921-0.430376j,9.392885
0.562132-1.568920j,-0.192852+2.433808j,0.515089-0.429816j,9.395745
0.563156-1.567672j,-0.192537+2.433484j,0.515256-0.429256j,9.398603
0.564179-1.566423j,-0.192222+2.433159j,0.515423-0.428697j,9.401461
0.565201-1.565174j,-0.191907+2.432835j,0.515589-0.428138j,9.404318
0.566220-1.563925j,-0.191592+2.432511j,0.515754-0.427580j,9.407174
0.567238-1.562676j,-0.191276+2.432187j,0.515918-0.427023j,9.410030
0.568255-1.561427j,-0.190961+2.431863j,0.516082-0.426466j,9.412884
0.569270-1.560177j,-0.190646+2.431539j,0.516245-0.425910j,9.415738
0.570284-1.558927j,-0.190331+2.431215j,0.516408-0.425354j,9.418590
0.571296-1.557677j,-0.190016+2.430891j,0.516569-0.424799j,9.421442
0.572306-1.556427j,-0.189701+2.430567j,0.516730-0.424244j,9.424293
0.573315-1.555176j,-0.189386+2.430243j,0.516891-0.423690j,9.427143
0.574323-1.553926j,-0.189071+2.429919j,0.517051-0.423137j,9.429993
0.575329-1.552675j,-0.188756+2.429596j,0.517210-0.422584j,9.432841
0.576333-1.551423j,-0.188441+2.429272j,0.517368-0.422032j,9.435688
0.577336-1.550172j,-0.188126+2.428948j,0.517526-0.421480j,9.438535
0.578337-1.548920j,-0.187811+2.428625j,0.517683-0.420929j,9.441381
0.579337-1.547669j,-0.187496+2.428301j,0.517839-0.420379j,9.444226
0.580335-1.546417j,-0.187180+2.427978j,0.517995-0.419829j,9.447070
0.581331-1.545164j,-0.186865+2.427655j,0.518150-0.419280j,9.449913
0.582326-1.543912j,-0.186550+2.427331j,0.518305-0.418731j,9.452756
0.583320-1.542659j,-0.186235+2.427008j,0.518458-0.418183j,9.455597
0.584312-1.541407j,-0.185920+2.426685j,0.518612-0.417635j,9.458438
0.585302-1.540153j,-0.185605+2.426362j,0.518764-0.417088j,9.461277
0.586291-1.538900j,-0.185289+2.426039j,0.518916-0.416542j,9.464116
0.587279-1.537647j,-0.184974+2.425716j,0.519067-0.415996j,9.466955
0.588265-1.536393j,-0.184659+2.425393j,0.519218-0.415450j,9.469792
0.589249-1.535139j,-0.184344+2.425070j,0.519367-0.414905j,9.472628
0.590232-1.533885j,-0.184029+2.424747j,0.519517-0.414361j,9.475464
0.591213-1.532631j,-0.183713+2.424424j,0.519665-0.413818j,9.478298
0.592193-1.531377j,-0.183398+2.424101j,0.519813-0.413274j,9.481132
0.593171-1.530122j,-0.183083+2.423779j,0.519961-0.412732j,9.483965
0.594148-1.528867j,-0.182768+2.423456j,0.520107-0.412190j,9.486797
0.595123-1.527612j,-0.182453+2.423134j,0.520253-0.411649j,9.489628
0.596097-1.526357j,-0.182137+2.422811j,0.520399-0.411108j,9.492459
0.597069-1.525102j,-0.181822+2.422489j,0.520543-0.410567j,9.495288
0.598039-1.523846j,-0.181507+2.422166j,0.520687-0.410028j,9.498117
0.599008-1.522591j,-0.181191+2.421844j,0.520831-0.409488j,9.500945
0.599976-1.521335j,-0.180876+2.421522j,0.520974-0.408950j,9.503772
0.600942-1.520079j,-0.180561+2.421200j,0.521116-0.408412j,9.506598
0.601906-1.518823j,-0.180246+2.420877j,0.521258-0.407874j,9.509423
0.602869-1.517566j,-0.179930+2.420555j,0.521399-0.407337j,9.512248
0.603831-1.516309j,-0.179615+2.420233j,0.521539-0.406801j,9.515071
0.604791-1.515053j,-0.179300+2.419911j,0.521679-0.406265j,9.517894
0.605749-1.513796j,-0.178984+2.419590j,0.521818-0.405729j,9.520716
0.606706-1.512539j,-0.178669+2.419268j,0.521956-0.405194j,9.523537
0.607661-1.511281j,-0.178354+2.418946j,0.522094-0.404660j,9.526357
0.608615-1.510024j,-0.178038+2.418624j,0.522231-0.404126j,9.529177
0.609567-1.508766j,-0.177723+2.418303j,0.522368-0.403593j,9.531995
0.610518-1.507509j,-0.177408+2.417981j,0.522504-0.403060j,9.534813
0.611467-1.506251j,-0.177092+2.417659j,0.522639-0.402528j,9.537630
0.612415-1.504993j,-0.176777+2.417338j,0.522774-0.401997j,9.540446
0.613361-1.503734j,-0.176461+2.417017j,0.522908-0.401466j,9.543261
0.614306-1.502476j,-0.176146+2.416695j,0.523041-0.400935j,9.546075
0.615249-1.501217j,-0.175831+2.416374j,0.523174-0.400405j,9.548889
0.616191-1.499958j,-0.175515+2.416053j,0.523306-0.399876j,9.551701
0.617131-1.498700j,-0.175200+2.415732j,0.523438-0.399347j,9.554513
0.618070-1.497441j,-0.174884+2.415410j,0.523569-0.398818j,9.557324
0.619007-1.496181j,-0.174569+2.415089j,0.523699-0.398291j,9.560134
0.619942-1.494922j,-0.174253+2.414768j,0.523829-0.397763j,9.562943
0.620876-1.493662j,-0.173938+2.414447j,0.523958-0.397236j,9.565752
0.621809-1.492403j,-0.173623+2.414127j,0.524087-0.396710j,9.568559
0.622740-1.491143j,-0.173307+2.413806j,0.524215-0.396184j,9.571366
0.623670-1.489883j,-0.172992+2.413485j,0.524342-0.395659j,9.574172
0.624598-1.488623j,-0.172676+2.413164j,0.524469-0.395134j,9.576977
0.625524-1.487363j,-0.172361+2.412844j,0.524595-0.394610j,9.579781
0.626449-1.486102j,-0.172045+2.412523j,0.524721-0.394087j,9.582584
0.627373-1.484842j,-0.171730+2.412203j,0.524846-0.393563j,9.585387
0.628295-1.483581j,-0.171414+2.411882j,0.524970-0.393041j,9.588189
0.629215-1.482320j,-0.171099+2.411562j,0.525094-0.392519j,9.590989
0.630134-1.481059j,-0.170783+2.411242j,0.525217-0.391997j,9.593789
0.631052-1.479798j,-0.170468+2.410921j,0.525340-0.391476j,9.596589
0.631968-1.478537j,-0.170152+2.410601j,0.525462-0.390955j,9.599387
0.632882-1.477276j,-0.169837+2.410281j,0.525583-0.390435j,9.602184
0.633795-1.476014j,-0.169521+2.409961j,0.525704-0.389916j,9.604981
0.634707-1.474753j,-0.169206+2.409641j,0.525824-0.389397j,9.607777
0.635617-1.473491j,-0.168890+2.409321j,0.525944-0.388878j,9.610572
0.636525-1.472229j,-0.168575+2.409001j,0.526063-0.388360j,9.613366
0.637432-1.470967j,-0.168259+2.408681j,0.526181-0.387843j,9.616159
0.638338-1.469705j,-0.167943+2.408361j,0.526299-0.387326j,9.618952
0.639242-1.468443j,-0.167628+2.408042j,0.526416-0.386809j,9.621744
0.640144-1.467180j,-0.167312+2.407722j,0.526533-0.386294j,9.624534
0.641045-1.465918j,-0.166997+2.407402j,0.526649-0.385778j,9.627324
0.641945-1.464655j,-0.166681+2.407083j,0.526764-0.385263j,9.630114
0.642843-1.463392j,-0.166366+2.406763j,0.526879-0.384749j,9.632902
0.643739-1.462130j,-0.166050+2.406444j,0.526994-0.384235j,9.635689
0.644634-1.460867j,-0.165734+2.406125j,0.527107-0.383721j,9.638476
0.645528-1.459603j,-0.165419+2.405805j,0.527221-0.383208j,9.641262
0.646420-1.458340j,-0.165103+2.405486j,0.527333-0.382696j,9.644047
0.647310-1.457077j,-0.164788+2.405167j,0.527445-0.382184j,9.646831
0.648199-1.455814j,-0.164472+2.404848j,0.527557-0.381673j,9.649615
0.649087-1.454550j,-0.164156+2.404529j,0.527667-0.381162j,9.652397
0.649973-1.453286j,-0.163841+2.404210j,0.527778-0.380651j,9.655179
0.650857-1.452023j,-0.163525+2.403891j,0.527887-0.380141j,9.657960
0.651740-1.450759j,-0.163209+2.403572j,0.527997-0.379632j,9.660740
0.652622-1.449495j,-0.162894+2.403254j,0.528105-0.379123j,9.663519
0.653502-1.448231j,-0.162578+2.402935j,0.528213-0.378614j,9.666297
0.654381-1.446967j,-0.162262+2.402616j,0.528321-0.378107j,9.669075
0.655258-1.445702j,-0.161947+2.402298j,0.528428-0.377599j,9.671852
0.656133-1.444438j,-0.161631+2.401979j,0.528534-0.377092j,9.674627
0.657007-1.443173j,-0.161315+2.401661j,0.528640-0.376586j,9.677403
0.657880-1.441909j,-0.161000+2.401342j,0.528745-0.376080j,9.680177
0.658751-1.440644j,-0.160684+2.401024j,0.528849-0.375574j,9.682950
0.659621-1.439379j,-0.160368+2.400706j,0.528953-0.375069j,9.685723
0.660489-1.438115j,-0.160053+2.400387j,0.529057-0.374565j,9.688495
0.661356-1.436850j,-0.159737+2.400069j,0.529160-0.374061j,9.691266
0.662221-1.435585j,-0.159421+2.399751j,0.529262-0.373557j,9.694036
0.663085-1.434320j,-0.159106+2.399433j,0.529364-0.373054j,9.696805
0.663947-1.433054j,-0.158790+2.399115j,0.529465-0.372551j,9.699574
0.664808-1.431789j,-0.158474+2.398797j,0.529566-0.372049j,9.702341
0.665667-1.430524j,-0.158158+2.398480j,0.529666-0.371548j,9.705108
0.666525-1.429258j,-0.157843+2.398162j,0.529766-0.371046j,9.707874
0.667381-1.427993j,-0.157527+2.397844j,0.529865-0.370546j,9.710639
0.668236-1.426727j,-0.157211+2.397526j,0.529963-0.370046j,9.713404
0.669089-1.425461j,-0.156896+2.397209j,0.530061-0.369546j,9.716167
0.669941-1.424196j,-0.156580+2.396891j,0.530158-0.369047j,9.718930
0.670792-1.422930j,-0.156264+2.396574j,0.530255-0.368548j,9.721692
0.671640-1.421664j,-0.155948+2.396257j,0.530351-0.368050j,9.724453
0.672488-1.420398j,-0.155633+2.395939j,0.530447-0.367552j,9.727213
0.673334-1.419132j,-0.155317+2.395622j,0.530542-0.367054j,9.729973
0.674178-1.417865j,-0.155001+2.395305j,0.530637-0.366558j,9.732732
0.675021-1.416599j,-0.154685+2.394988j,0.530731-0.366061j,9.735489
0.675863-1.415333j,-0.154369+2.394671j,0.530825-0.365565j,9.738246
0.676703-1.414067j,-0.154054+2.394354j,0.530918-0.365070j,9.741003
0.677542-1.412800j,-0.153738+2.394037j,0.531010-0.364575j,9.743758
0.678379-1.411534j,-0.153422+2.393720j,0.531102-0.364080j,9.746513
0.679215-1.410267j,-0.153106+2.393403j,0.531193-0.363586j,9.749266
0.680049-1.409000j,-0.152791+2.393086j,0.531284-0.363093j,9.752019
0.680882-1.407734j,-0.152475+2.392770j,0.531374-0.362600j,9.754771
0.681713-1.406467j,-0.152159+2.392453j,0.531464-0.362107j,9.757523
0.682543-1.405200j,-0.151843+2.392137j,0.531553-0.361615j,9.760273
0.683371-1.403933j,-0.151527+2.391820j,0.531642-0.361123j,9.763023
0.684198-1.402666j,-0.151212+2.391504j,0.531730-0.360632j,9.765772
0.685023-1.401399j,-0.150896+2.391187j,0.531818-0.360141j,9.768520
0.685847-1.400132j,-0.150580+2.390871j,0.531905-0.359651j,9.771267
0.686670-1.398865j,-0.150264+2.390555j,0.531991-0.359161j,9.774014
0.687491-1.397598j,-0.149948+2.390239j,0.532077-0.358672j,9.776759
0.688310-1.396331j,-0.149632+2.389923j,0.532163-0.358183j,9.779504
0.689129-1.395063j,-0.149317+2.389607j,0.532247-0.357694j,9.782248
0.689945-1.393796j,-0.149001+2.389291j,0.532332-0.357206j,9.784991
0.690760-1.392529j,-0.148685+2.388975j,0.532416-0.356719j,9.787734
0.691574-1.391261j,-0.148369+2.388659j,0.532499-0.356232j,9.790475
0.692386-1.389994j,-0.148053+2.388343j,0.532582-0.355745j,9.793216
0.693197-1.388726j,-0.147737+2.388027j,0.532664-0.355259j,9.795956
0.694007-1.387459j,-0.147422+2.387712j,0.532746-0.354773j,9.798695
0.694814-1.386191j,-0.147106+2.387396j,0.532827-0.354288j,9.801433
0.695621-1.384924j,-0.146790+2.387081j,0.532908-0.353803j,9.804171
0.696426-1.383656j,-0.146474+2.386765j,0.532988-0.353319j,9.806908
0.697229-1.382388j,-0.146158+2.386450j,0.533068-0.352835j,9.809644
0.698032-1.381120j,-0.145842+2.386135j,0.533147-0.352352j,9.812379
0.698832-1.379853j,-0.145526+2.385819j,0.533225-0.351869j,9.815113
0.699631-1.378585j,-0.145211+2.385504j,0.533303-0.351386j,9.817847
0.700429-1.377317j,-0.144895+2.385189j,0.533381-0.350904j,9.820579
0.701225-1.376049j,-0.144579+2.384874j,0.533458-0.350422j,9.823311
0.702020-1.374781j,-0.144263+2.384559j,0.533534-0.349941j,9.826042
0.702813-1.373513j,-0.143947+2.384244j,0.533610-0.349460j,9.828772
0.703605-1.372245j,-0.143631+2.383930j,0.533686-0.348980j,9.831502
0.704396-1.370977j,-0.143315+2.383615j,0.533761-0.348500j,9.834231
0.705185-1.369709j,-0.142999+2.383300j,0.533835-0.348021j,9.836959
0.705972-1.368441j,-0.142683+2.382985j,0.533909-0.347542j,9.839686
0.706759-1.367173j,-0.142368+2.382671j,0.533983-0.347063j,9.842412
0.707543-1.365905j,-0.142052+2.382356j,0.534056-0.346585j,9.845137
0.708327-1.364637j,-0.141736+2.382042j,0.534128-0.346108j,9.847862
0.709108-1.363369j,-0.141420+2.381728j,0.534200-0.345630j,9.850586
0.709889-1.362101j,-0.141104+2.381413j,0.534271-0.345154j,9.853309
0.710668-1.360833j,-0.140788+2.381099j,0.534342-0.344677j,9.856031
0.711445-1.359564j,-0.140472+2.380785j,0.534413-0.344202j,9.858753
0.712221-1.358296j,-0.140156+2.380471j,0.534482-0.343726j,9.861473
0.712996-1.357028j,-0.139840+2.380157j,0.534552-0.343251j,9.864193
0.713769-1.355760j,-0.139524+2.379843j,0.534621-0.342777j,9.866912
0.714541-1.354492j,-0.139209+2.379529j,0.534689-0.342302j,9.869630
0.715311-1.353223j,-0.138893+2.379215j,0.534757-0.341829j,9.872348
0.716080-1.351955j,-0.138577+2.378901j,0.534824-0.341356j,9.875065
0.716847-1.350687j,-0.138261+2.378588j,0.534891-0.340883j,9.877780
0.717613-1.349419j,-0.137945+2.378274j,0.534957-0.340410j,9.880495
0.718378-1.348150j,-0.137629+2.377961j,0.535023-0.339938j,9.883210
0.719141-1.346882j,-0.137313+2.377647j,0.535088-0.339467j,9.885923
0.719902-1.345614j,-0.136997+2.377334j,0.535153-0.338996j,9.888636
0.720663-1.344345j,-0.136681+2.377020j,0.535218-0.338525j,9.891348
0.721421-1.343077j,-0.136365+2.376707j,0.535281-0.338055j,9.894059
0.722179-1.341809j,-0.136049+2.376394j,0.535345-0.337585j,9.896769
0.722935-1.340541j,-0.135733+2.376081j,0.535408-0.337116j,9.899479
0.723689-1.339272j,-0.135417+2.375768j,0.535470-0.336647j,9.902187
0.724442-1.338004j,-0.135102+2.375455j,0.535532-0.336179j,9.904895
0.725194-1.336736j,-0.134786+2.375142j,0.535593-0.335710j,9.907602
0.725944-1.335467j,-0.134470+2.374829j,0.535654-0.335243j,9.910309
0.726693-1.334199j,-0.134154+2.374516j,0.535714-0.334776j,9.913014
0.727440-1.332931j,-0.133838+2.374203j,0.535774-0.334309j,9.915719
0.728186-1.331663j,-0.133522+2.373891j,0.535834-0.333843j,9.918423
0.728931-1.330395j,-0.133206+2.373578j,0.535893-0.333377j,9.921126
0.729674-1.329126j,-0.132890+2.373266j,0.535951-0.332911j,9.923828
0.730415-1.327858j,-0.132574+2.372953j,0.536009-0.332446j,9.926530
0.731156-1.326590j,-0.132258+2.372641j,0.536066-0.331981j,9.929231
0.731894-1.325322j,-0.131942+2.372328j,0.536123-0.331517j,9.931931
0.732632-1.324054j,-0.131626+2.372016j,0.536180-0.331053j,9.934630
0.733368-1.322785j,-0.131310+2.371704j,0.536236-0.330590j,9.937328
0.734102-1.321517j,-0.130994+2.371392j,0.536291-0.330127j,9.940026
0.734835-1.320249j,-0.130678+2.371080j,0.536346-0.329664j,9.942723
0.735567-1.318981j,-0.130362+2.370768j,0.536401-0.329202j,9.945419
0.736297-1.317713j,-0.130047+2.370456j,0.536455-0.328741j,9.948114
0.737026-1.316445j,-0.129731+2.370144j,0.536508-0.328279j,9.950808
0.737754-1.315177j,-0.129415+2.369832j,0.536561-0.327818j,9.953502
0.738480-1.313909j,-0.129099+2.369521j,0.536614-0.327358j,9.956195
0.739204-1.312641j,-0.128783+2.369209j,0.536666-0.326898j,9.958887
0.739928-1.311373j,-0.128467+2.368897j,0.536717-0.326438j,9.961578
0.740649-1.310105j,-0.128151+2.368586j,0.536769-0.325979j,9.964269
0.741370-1.308838j,-0.127835+2.368275j,0.536819-0.325520j,9.966958
0.742089-1.307570j,-0.127519+2.367963j,0.536869-0.325062j,9.969647
0.742806-1.306302j,-0.127203+2.367652j,0.536919-0.324604j,9.972335
0.743522-1.305034j,-0.126887+2.367341j,0.536968-0.324146j,9.975023
0.744237-1.303767j,-0.126571+2.367030j,0.537017-0.323689j,9.977709
0.744950-1.302499j,-0.126255+2.366719j,0.537065-0.323233j,9.980395
0.745662-1.301231j,-0.125939+2.366408j,0.537113-0.322776j,9.983080
0.746373-1.299964j,-0.125623+2.366097j,0.537160-0.322320j,9.985764
0.747082-1.298696j,-0.125307+2.365786j,0.537207-0.321865j,9.988448
0.747790-1.297429j,-0.124991+2.365475j,0.537254-0.321410j,9.991131
0.748496-1.296161j,-0.124676+2.365164j,0.537299-0.320955j,9.993812
0.749201-1.294894j,-0.124360+2.364854j,0.537345-0.320501j,9.996493
0.749904-1.293626j,-0.124044+2.364543j,0.537390-0.320047j,9.999174
0.750606-1.292359j,-0.123728+2.364233j,0.537434-0.319594j,10.001853
0.751307-1.291092j,-0.123412+2.363922j,0.537478-0.319141j,10.004532
0.752006-1.289824j,-0.123096+2.363612j,0.537522-0.318688j,10.007210
0.752704-1.288557j,-0.122780+2.363302j,0.537565-0.318236j,10.009887
0.753401-1.287290j,-0.122464+2.362991j,0.537608-0.317784j,10.012564
0.754096-1.286023j,-0.122148+2.362681j,0.537650-0.317332j,10.015239
0.754789-1.284756j,-0.121832+2.362371j,0.537691-0.316881j,10.017914
0.755482-1.283489j,-0.121516+2.362061j,0.537733-0.316431j,10.020588
0.756172-1.282222j,-0.121200+2.361751j,0.537773-0.315981j,10.023261
0.756862-1.280955j,-0.120884+2.361441j,0.537814-0.315531j,10.025934
0.757550-1.279688j,-0.120568+2.361132j,0.537854-0.315081j,10.028606
0.758237-1.278421j,-0.120252+2.360822j,0.537893-0.314632j,10.031277
0.758922-1.277155j,-0.119937+2.360512j,0.537932-0.314184j,10.033947
0.759606-1.275888j,-0.119621+2.360203j,0.537970-0.313736j,10.036616
0.760288-1.274622j,-0.119305+2.359893j,0.538008-0.313288j,10.039285
0.760969-1.273355j,-0.118989+2.359584j,0.538046-0.312840j,10.041953
0.761649-1.272089j,-0.118673+2.359274j,0.538083-0.312393j,10.044620
0.762327-1.270822j,-0.118357+2.358965j,0.538119-0.311947j,10.047286
0.763004-1.269556j,-0.118041+2.358656j,0.538156-0.311501j,10.049951
0.763680-1.268290j,-0.117725+2.358347j,0.538191-0.311055j,10.052616
0.764354-1.267023j,-0.117409+2.358038j,0.538226-0.310609j,10.055280
0.765027-1.265757j,-0.117093+2.357729j,0.538261-0.310164j,10.057943
0.765698-1.264491j,-0.116777+2.357420j,0.538296-0.309720j,10.060606
0.766368-1.263225j,-0.116462+2.357111j,0.538329-0.309275j,10.063267
0.767037-1.261959j,-0.116146+2.356802j,0.538363-0.308832j,10.065928
0.767704-1.260694j,-0.115830+2.356493j,0.538396-0.308388j,10.068588
0.768370-1.259428j,-0.115514+2.356185j,0.538428-0.307945j,10.071248
0.769034-1.258162j,-0.115198+2.355876j,0.538460-0.307502j,10.073906
0.769697-1.256897j,-0.114882+2.355568j,0.538492-0.307060j,10.076564
0.770359-1.255631j,-0.114566+2.355259j,0.538523-0.306618j,10.079221
0.771019-1.254366j,-0.114250+2.354951j,0.538554-0.306177j,10.081877
0.771678-1.253100j,-0.113934+2.354643j,0.538584-0.305736j,10.084533
0.772336-1.251835j,-0.113619+2.354335j,0.538614-0.305295j,10.087187
0.772992-1.250570j,-0.113303+2.354026j,0.538643-0.304855j,10.089841
0.773647-1.249305j,-0.112987+2.353718j,0.538672-0.304415j,10.092494
0.774300-1.248040j,-0.112671+2.353410j,0.538701-0.303975j,10.095147
0.774952-1.246775j,-0.112355+2.353102j,0.538729-0.303536j,10.097798
0.775603-1.245510j,-0.112039+2.352795j,0.538756-0.303097j,10.100449
0.776252-1.244245j,-0.111723+2.352487j,0.538783-0.302659j,10.103099
0.776900-1.242981j,-0.111407+2.352179j,0.538810-0.302221j,10.105749
0.777547-1.241716j,-0.111092+2.351872j,0.538836-0.301783j,10.108397
0.778192-1.240451j,-0.110776+2.351564j,0.538862-0.301346j,10.111045
0.778836-1.239187j,-0.110460+2.351257j,0.538887-0.300909j,10.113692
0.779478-1.237923j,-0.110144+2.350949j,0.538912-0.300473j,10.116338
0.780119-1.236659j,-0.109828+2.350642j,0.538937-0.300037j,10.118983
0.780759-1.235394j,-0.109512+2.350335j,0.538961-0.299601j,10.121628
0.781397-1.234130j,-0.109197+2.350028j,0.538984-0.299166j,10.124272
0.782034-1.232867j,-0.108881+2.349720j,0.539007-0.298731j,10.126915
0.782670-1.231603j,-0.108565+2.349413j,0.539030-0.298297j,10.129558
0.783304-1.230339j,-0.108249+2.349106j,0.539052-0.297862j,10.132199
0.783937-1.229075j,-0.107933+2.348800j,0.539074-0.297429j,10.134840
0.784568-1.227812j,-0.107617+2.348493j,0.539096-0.296995j,10.137480
0.785198-1.226549j,-0.107302+2.348186j,0.539117-0.296562j,10.140120
0.785827-1.225285j,-0.106986+2.347879j,0.539137-0.296130j,10.142758
0.786454-1.224022j,-0.106670+2.347573j,0.539157-0.295697j,10.145396
0.787080-1.222759j,-0.106354+2.347266j,0.539177-0.295266j,10.148033
0.787705-1.221496j,-0.106038+2.346960j,0.539196-0.294834j,10.150669
0.788328-1.220233j,-0.105723+2.346654j,0.539215-0.294403j,10.153305
0.788950-1.218970j,-0.105407+2.346347j,0.539233-0.293972j,10.155940
0.789571-1.217708j,-0.105091+2.346041j,0.539251-0.293542j,10.158573
0.790190-1.216445j,-0.104775+2.345735j,0.539268-0.293112j,10.161207
0.790808-1.215183j,-0.104459+2.345429j,0.539286-0.292682j,10.163839
0.791424-1.213921j,-0.104144+2.345123j,0.539302-0.292253j,10.166471
0.792039-1.212658j,-0.103828+2.344817j,0.539318-0.291824j,10.169102
0.792653-1.211396j,-0.103512+2.344511j,0.539334-0.291396j,10.171732
0.793266-1.210134j,-0.103196+2.344205j,0.539349-0.290968j,10.174361
0.793877-1.208873j,-0.102881+2.343900j,0.539364-0.290540j,10.176990
0.794487-1.207611j,-0.102565+2.343594j,0.539379-0.290113j,10.179618
0.795095-1.206349j,-0.102249+2.343289j,0.539393-0.289686j,10.182245
0.795702-1.205088j,-0.101933+2.342983j,0.539406-0.289259j,10.184872
0.796308-1.203826j,-0.101618+2.342678j,0.539420-0.288833j,10.187497
0.796912-1.202565j,-0.101302+2.342373j,0.539432-0.288407j,10.190122
0.797515-1.201304j,-0.100986+2.342067j,0.539445-0.287982j,10.192746
0.798117-1.200043j,-0.100670+2.341762j,0.539457-0.287557j,10.195369
0.798717-1.198782j,-0.100355+2.341457j,0.539468-0.287132j,10.197992
0.799316-1.197522j,-0.100039+2.341152j,0.539479-0.286707j,10.200614
0.799913-1.196261j,-0.099723+2.340847j,0.539490-0.286283j,10.203235
0.800510-1.195001j,-0.099408+2.340542j,0.539500-0.285860j,10.205855
0.801104-1.193740j,-0.099092+2.340238j,0.539510-0.285437j,10.208475
0.801698-1.192480j,-0.098776+2.339933j,0.539519-0.285014j,10.211094
0.802290-1.191220j,-0.098461+2.339628j,0.539528-0.284591j,10.213712
0.802881-1.189960j,-0.098145+2.339324j,0.539537-0.284169j,10.216329
0.803471-1.188700j,-0.097829+2.339019j,0.539545-0.283747j,10.218946
0.804059-1.187441j,-0.097514+2.338715j,0.539552-0.283326j,10.221561
0.804646-1.186181j,-0.097198+2.338411j,0.539560-0.282905j,10.224176
0.805231-1.184922j,-0.096882+2.338106j,0.539567-0.282484j,10.226791
0.805815-1.183663j,-0.096567+2.337802j,0.539573-0.282064j,10.229404
0.806398-1.182404j,-0.096251+2.337498j,0.539579-0.281644j,10.232017
0.806980-1.181145j,-0.095935+2.337194j,0.539585-0.281224j,10.234629
0.807560-1.179886j,-0.095620+2.336890j,0.539590-0.280805j,10.237240
0.808139-1.178627j,-0.095304+2.336586j,0.539595-0.280386j,10.239851
0.808716-1.177369j,-0.094989+2.336283j,0.539599-0.279967j,10.242461
0.809292-1.176110j,-0.094673+2.335979j,0.539603-0.279549j,10.245070
0.809867-1.174852j,-0.094357+2.335675j,0.539607-0.279131j,10.247678
0.810441-1.173594j,-0.094042+2.335372j,0.539610-0.278714j,10.250286
0.811013-1.172336j,-0.093726+2.335068j,0.539612-0.278297j,10.252892
0.811584-1.171078j,-0.093411+2.334765j,0.539615-0.277880j,10.255498
0.812153-1.169821j,-0.093095+2.334462j,0.539617-0.277464j,10.258104
0.812721-1.168563j,-0.092779+2.334158j,0.539618-0.277048j,10.260708
0.813288-1.167306j,-0.092464+2.333855j,0.539619-0.276632j,10.263312
0.813854-1.166049j,-0.092148+2.333552j,0.539620-0.276217j,10.265915
0.814418-1.164792j,-0.091833+2.333249j,0.539620-0.275802j,10.268517
0.814981-1.163535j,-0.091517+2.332946j,0.539620-0.275388j,10.271119
0.815542-1.162278j,-0.091202+2.332643j,0.539619-0.274973j,10.273719
0.816102-1.161022j,-0.090886+2.332341j,0.539618-0.274560j,10.276320
0.816661-1.159765j,-0.090571+2.332038j,0.539617-0.274146j,10.278919
0.817219-1.158509j,-0.090255+2.331735j,0.539615-0.273733j,10.281517
0.817775-1.157253j,-0.089940+2.331433j,0.539613-0.273320j,10.284115
0.818330-1.155997j,-0.089624+2.331130j,0.539610-0.272908j,10.286712
0.818884-1.154742j,-0.089309+2.330828j,0.539607-0.272496j,10.289308
0.819436-1.153486j,-0.088993+2.330526j,0.539604-0.272084j,10.291904
0.819987-1.152231j,-0.088678+2.330224j,0.539600-0.271673j,10.294499
0.820536-1.150975j,-0.088362+2.329921j,0.539596-0.271262j,10.297093
0.821085-1.149720j,-0.088047+2.329619j,0.539591-0.270851j,10.299686
0.821632-1.148466j,-0.087731+2.329317j,0.539586-0.270441j,10.302279
0.822177-1.147211j,-0.087416+2.329015j,0.539581-0.270031j,10.304871
0.822722-1.145956j,-0.087101+2.328714j,0.539575-0.269621j,10.307462
0.823265-1.144702j,-0.086785+2.328412j,0.539569-0.269212j,10.310052
0.823807-1.143448j,-0.086470+2.328110j,0.539562-0.268803j,10.312642
0.824347-1.142194j,-0.086154+2.327809j,0.539555-0.268395j,10.315231
0.824886-1.140940j,-0.085839+2.327507j,0.539548-0.267987j,10.317819
0.825424-1.139686j,-0.085524+2.327206j,0.539540-0.267579j,10.320406
0.825961-1.138433j,-0.085208+2.326904j,0.539531-0.267171j,10.322993
0.826496-1.137179j,-0.084893+2.326603j,0.539523-0.266764j,10.325579
0.827030-1.135926j,-0.084577+2.326302j,0.539514-0.266357j,10.328164
0.827562-1.134673j,-0.084262+2.326001j,0.539504-0.265951j,10.330748
0.828094-1.133421j,-0.083947+2.325700j,0.539495-0.265545j,10.333332
0.828623-1.132168j,-0.083631+2.325399j,0.539484-0.265139j,10.335915
0.829152-1.130916j,-0.083316+2.325098j,0.539474-0.264734j,10.338497
0.829680-1.129663j,-0.083001+2.324797j,0.539463-0.264329j,10.341078
0.830206-1.128411j,-0.082685+2.324496j,0.539451-0.263924j,10.343659
0.830730-1.127159j,-0.082370+2.324196j,0.539440-0.263520j,10.346239
0.831254-1.125908j,-0.082055+2.323895j,0.539427-0.263116j,10.348818
0.831776-1.124656j,-0.081740+2.323595j,0.539415-0.262712j,10.351397
0.832297-1.123405j,-0.081424+2.323294j,0.539402-0.262309j,10.353975
0.832816-1.122154j,-0.081109+2.322994j,0.539388-0.261906j,10.356552
0.833335-1.120903j,-0.080794+2.322694j,0.539375-0.261503j,10.359128
0.833852-1.119652j,-0.080479+2.322394j,0.539361-0.261101j,10.361703
0.834367-1.118402j,-0.080163+2.322094j,0.539346-0.260699j,10.364278
0.834882-1.117151j,-0.079848+2.321794j,0.539331-0.260298j,10.366852
0.835395-1.115901j,-0.079533+2.321494j,0.539316-0.259896j,10.369426
0.835906-1.114651j,-0.079218+2.321194j,0.539300-0.259495j,10.371998
0.836417-1.113402j,-0.078903+2.320894j,0.539284-0.259095j,10.374570
0.836926-1.112152j,-0.078587+2.320594j,0.539268-0.258695j,10.377141
0.837434-1.110903j,-0.078272+2.320295j,0.539251-0.258295j,10.379712
0.837941-1.109654j,-0.077957+2.319995j,0.539233-0.257895j,10.382281
0.838446-1.108405j,-0.077642+2.319696j,0.539216-0.257496j,10.384850
0.838950-1.107156j,-0.077327+2.319397j,0.539198-0.257097j,10.387419
0.839453-1.105907j,-0.077012+2.319097j,0.539179-0.256699j,10.389986
0.839954-1.104659j,-0.076696+2.318798j,0.539161-0.256301j,10.392553
0.840454-1.103411j,-0.076381+2.318499j,0.539141-0.255903j,10.395119
0.840953-1.102163j,-0.076066+2.318200j,0.539122-0.255505j,10.397684
0.841451-1.100915j,-0.075751+2.317901j,0.539102-0.255108j,10.400249
0.841947-1.099668j,-0.075436+2.317602j,0.539082-0.254711j,10.402812
0.842442-1.098420j,-0.075121+2.317303j,0.539061-0.254315j,10.405375
0.842936-1.097173j,-0.074806+2.317005j,0.539040-0.253919j,10.407938
0.843428-1.095926j,-0.074491+2.316706j,0.539018-0.253523j,10.410499
0.843919-1.094680j,-0.074176+2.316408j,0.538996-0.253128j,10.413060
0.844409-1.093433j,-0.073861+2.316109j,0.538974-0.252733j,10.415621
0.844898-1.092187j,-0.073546+2.315811j,0.538952-0.252338j,10.418180
0.845385-1.090941j,-0.073231+2.315512j,0.538929-0.251943j,10.420739
0.845871-1.089695j,-0.072916+2.315214j,0.538905-0.251549j,10.423297
0.846356-1.088450j,-0.072601+2.314916j,0.538881-0.251155j,10.425854
0.846840-1.087204j,-0.072286+2.314618j,0.538857-0.250762j,10.428410
0.847322-1.085959j,-0.071971+2.314320j,0.538833-0.250369j,10.430966
0.847803-1.084714j,-0.071656+2.314022j,0.538808-0.249976j,10.433521
0.848282-1.083469j,-0.071341+2.313724j,0.538783-0.249584j,10.436076
0.848761-1.082225j,-0.071026+2.313427j,0.538757-0.249192j,10.438629
0.849238-1.080981j,-0.070711+2.313129j,0.538731-0.248800j,10.441182
0.849714-1.079736j,-0.070397+2.312831j,0.538705-0.248409j,10.443734
0.850188-1.078493j,-0.070082+2.312534j,0.538678-0.248017j,10.446286
0.850662-1.077249j,-0.069767+2.312237j,0.538651-0.247627j,10.448836
0.851134-1.076006j,-0.069452+2.311939j,0.538623-0.247236j,10.451386
0.851605-1.074762j,-0.069137+2.311642j,0.538595-0.246846j,10.453936
0.852074-1.073520j,-0.068822+2.311345j,0.538567-0.246456j,10.456484
0.852542-1.072277j,-0.068507+2.311048j,0.538538-0.246067j,10.459032
0.853009-1.071034j,-0.068193+2.310751j,0.538509-0.245678j,10.461579
0.853475-1.069792j,-0.067878+2.310454j,0.538480-0.245289j,10.464125
0.853939-1.068550j,-0.067563+2.310157j,0.538450-0.244901j,10.466671
0.854403-1.067308j,-0.067248+2.309860j,0.538420-0.244513j,10.469216
0.854865-1.066067j,-0.066934+2.309564j,0.538390-0.244125j,10.471760
0.855325-1.064825j,-0.066619+2.309267j,0.538359-0.243737j,10.474303
0.855785-1.063584j,-0.066304+2.308971j,0.538328-0.243350j,10.476846
0.856243-1.062344j,-0.065989+2.308674j,0.538296-0.242963j,10.479388
0.856700-1.061103j,-0.065675+2.308378j,0.538264-0.242577j,10.481930
0.857155-1.059863j,-0.065360+2.308082j,0.538232-0.242191j,10.484470
0.857610-1.058622j,-0.065045+2.307786j,0.538199-0.241805j,10.487010
0.858063-1.057383j,-0.064731+2.307490j,0.538166-0.241420j,10.489549
0.858515-1.056143j,-0.064416+2.307194j,0.538132-0.241034j,10.492087
0.858965-1.054903j,-0.064101+2.306898j,0.538099-0.240650j,10.494625
0.859414-1.053664j,-0.063787+2.306602j,0.538064-0.240265j,10.497162
0.859863-1.052425j,-0.063472+2.306306j,0.538030-0.239881j,10.499698
0.860309-1.051187j,-0.063158+2.306011j,0.537995-0.239497j,10.502234
0.860755-1.049948j,-0.062843+2.305715j,0.537960-0.239113j,10.504769
0.861199-1.048710j,-0.062529+2.305420j,0.537924-0.238730j,10.507303
0.861642-1.047472j,-0.062214+2.305124j,0.537888-0.238347j,10.509836
0.862084-1.046234j,-0.061900+2.304829j,0.537852-0.237965j,10.512369
0.862525-1.044997j,-0.061585+2.304534j,0.537815-0.237583j,10.514901
0.862964-1.043760j,-0.061271+2.304239j,0.537778-0.237201j,10.517432
0.863402-1.042523j,-0.060956+2.303943j,0.537741-0.236819j,10.519963
0.863839-1.041286j,-0.060642+2.303649j,0.537703-0.236438j,10.522492
0.864275-1.040050j,-0.060327+2.303354j,0.537665-0.236057j,10.525021
0.864709-1.038813j,-0.060013+2.303059j,0.537626-0.235676j,10.527550
0.865142-1.037578j,-0.059698+2.302764j,0.537587-0.235296j,10.530077
0.865574-1.036342j,-0.059384+2.302469j,0.537548-0.234916j,10.532604
0.866004-1.035106j,-0.059069+2.302175j,0.537508-0.234536j,10.535131
0.866434-1.033871j,-0.058755+2.301880j,0.537468-0.234157j,10.537656
0.866862-1.032636j,-0.058441+2.301586j,0.537428-0.233778j,10.540181
0.867289-1.031402j,-0.058126+2.301292j,0.537387-0.233399j,10.542705
0.867715-1.030167j,-0.057812+2.300998j,0.537346-0.233021j,10.545228
0.868139-1.028933j,-0.057498+2.300703j,0.537305-0.232643j,10.547751
0.868562-1.027699j,-0.057183+2.300409j,0.537263-0.232265j,10.550273
0.868984-1.026466j,-0.056869+2.300116j,0.537221-0.231888j,10.552794
0.869405-1.025232j,-0.056555+2.299822j,0.537179-0.231511j,10.555315
0.869824-1.023999j,-0.056241+2.299528j,0.537136-0.231134j,10.557834
0.870243-1.022767j,-0.055926+2.299234j,0.537093-0.230758j,10.560354
0.870660-1.021534j,-0.055612+2.298941j,0.537049-0.230381j,10.562872
0.871075-1.020302j,-0.055298+2.298647j,0.537005-0.230006j,10.565390
0.871490-1.019070j,-0.054984+2.298354j,0.536961-0.229630j,10.567907
0.871903-1.017838j,-0.054670+2.298060j,0.536917-0.229255j,10.570423
0.872315-1.016606j,-0.054355+2.297767j,0.536872-0.228880j,10.572938
0.872726-1.015375j,-0.054041+2.297474j,0.536826-0.228506j,10.575453
0.873136-1.014144j,-0.053727+2.297181j,0.536781-0.228131j,10.577967
0.873544-1.012914j,-0.053413+2.296888j,0.536735-0.227757j,10.580481
0.873951-1.011683j,-0.053099+2.296595j,0.536688-0.227384j,10.582993
0.874357-1.010453j,-0.052785+2.296302j,0.536642-0.227011j,10.585505
0.874762-1.009223j,-0.052471+2.296009j,0.536595-0.226638j,10.588017
0.875165-1.007994j,-0.052157+2.295717j,0.536547-0.226265j,10.590527
0.875568-1.006764j,-0.051843+2.295424j,0.536500-0.225893j,10.593037
0.875969-1.005535j,-0.051529+2.295131j,0.536451-0.225521j,10.595546
0.876369-1.004307j,-0.051215+2.294839j,0.536403-0.225149j,10.598055
0.876767-1.003078j,-0.050901+2.294547j,0.536354-0.224777j,10.600562
0.877165-1.001850j,-0.050587+2.294255j,0.536305-0.224406j,10.603069
0.877561-1.000622j,-0.050273+2.293962j,0.536256-0.224036j,10.605576
0.877956-0.999395j,-0.049959+2.293670j,0.536206-0.223665j,10.608081
0.878349-0.998167j,-0.049645+2.293378j,0.536156-0.223295j,10.610586
0.878742-0.996940j,-0.049331+2.293086j,0.536105-0.222925j,10.613091
0.879133-0.995714j,-0.049018+2.292795j,0.536054-0.222556j,10.615594
0.879523-0.994487j,-0.048704+2.292503j,0.536003-0.222186j,10.618097
0.879912-0.993261j,-0.048390+2.292211j,0.535952-0.221818j,10.620599
0.880300-0.992035j,-0.048076+2.291920j,0.535900-0.221449j,10.623100
0.880686-0.990809j,-0.047762+2.291628j,0.535847-0.221081j,10.625601
0.881072-0.989584j,-0.047449+2.291337j,0.535795-0.220713j,10.628101
0.881456-0.988359j,-0.047135+2.291046j,0.535742-0.220345j,10.630600
0.881839-0.987134j,-0.046821+2.290755j,0.535689-0.219978j,10.633099
0.882220-0.985910j,-0.046507+2.290463j,0.535635-0.219611j,10.635597
0.882601-0.984686j,-0.046194+2.290172j,0.535581-0.219244j,10.638094
0.882980-0.983462j,-0.045880+2.289881j,0.535527-0.218878j,10.640591
0.883358-0.982238j,-0.045566+2.289591j,0.535472-0.218511j,10.643086
0.883735-0.981015j,-0.045253+2.289300j,0.535417-0.218146j,10.645581
0.884110-0.979792j,-0.044939+2.289009j,0.535362-0.217780j,10.648076
0.884484-0.978569j,-0.044626+2.288719j,0.535306-0.217415j,10.650569
0.884858-0.977347j,-0.044312+2.288428j,0.535250-0.217050j,10.653062
0.885230-0.976125j,-0.043998+2.288138j,0.535194-0.216686j,10.655555
0.885600-0.974903j,-0.043685+2.287847j,0.535137-0.216321j,10.658046
0.885970-0.973682j,-0.043371+2.287557j,0.535080-0.215957j,10.660537
0.886338-0.972460j,-0.043058+2.287267j,0.535023-0.215594j,10.663027
0.886706-0.971240j,-0.042744+2.286977j,0.534965-0.215230j,10.665517
0.887071-0.970019j,-0.042431+2.286687j,0.534907-0.214867j,10.668006
0.887436-0.968799j,-0.042117+2.286397j,0.534849-0.214505j,10.670494
0.887800-0.967579j,-0.041804+2.286107j,0.534790-0.214142j,10.672981
0.888162-0.966359j,-0.041491+2.285818j,0.534731-0.213780j,10.675468
0.888523-0.965140j,-0.041177+2.285528j,0.534672-0.213418j,10.677954
0.888883-0.963921j,-0.040864+2.285239j,0.534612-0.213057j,10.680439
0.889242-0.962702j,-0.040551+2.284949j,0.534552-0.212696j,10.682924
0.889600-0.961483j,-0.040237+2.284660j,0.534492-0.212335j,10.685408
0.889956-0.960265j,-0.039924+2.284371j,0.534431-0.211974j,10.687891
0.890312-0.959047j,-0.039611+2.284081j,0.534370-0.211614j,10.690373
0.890666-0.957830j,-0.039297+2.283792j,0.534309-0.211254j,10.692855
0.891018-0.956613j,-0.038984+2.283503j,0.534247-0.210894j,10.695336
0.891370-0.955396j,-0.038671+2.283215j,0.534185-0.210535j,10.697817
0.891721-0.954179j,-0.038358+2.282926j,0.534123-0.210176j,10.700297
0.892070-0.952963j,-0.038045+2.282637j,0.534060-0.209817j,10.702776
0.892418-0.951747j,-0.037732+2.282348j,0.533997-0.209458j,10.705254
0.892765-0.950531j,-0.037418+2.282060j,0.533934-0.209100j,10.707732
0.893111-0.949316j,-0.037105+2.281771j,0.533870-0.208742j,10.710209
0.893455-0.948101j,-0.036792+2.281483j,0.533806-0.208385j,10.712685
0.893799-0.946886j,-0.036479+2.281195j,0.533742-0.208028j,10.715161
0.894141-0.945672j,-0.036166+2.280907j,0.533677-0.207671j,10.717635
0.894482-0.944458j,-0.035853+2.280619j,0.533612-0.207314j,10.720110
0.894822-0.943244j,-0.035540+2.280331j,0.533547-0.206958j,10.722583
0.895160-0.942031j,-0.035227+2.280043j,0.533481-0.206601j,10.725056
0.895498-0.940818j,-0.034914+2.279755j,0.533415-0.206246j,10.727528
0.895834-0.939605j,-0.034601+2.279467j,0.533349-0.205890j,10.730000
0.896169-0.938393j,-0.034288+2.279179j,0.533282-0.205535j,10.732470
0.896503-0.937181j,-0.033976+2.278892j,0.533215-0.205180j,10.734940
0.896836-0.935969j,-0.033663+2.278604j,0.533148-0.204826j,10.737410
0.897168-0.934757j,-0.033350+2.278317j,0.533081-0.204471j,10.739879
0.897498-0.933546j,-0.033037+2.278030j,0.533013-0.204117j,10.742347
0.897827-0.932336j,-0.032724+2.277743j,0.532944-0.203764j,10.744814
0.898156-0.931125j,-0.032412+2.277456j,0.532876-0.203410j,10.747280
0.898482-0.929915j,-0.032099+2.277169j,0.532807-0.203057j,10.749746
0.898808-0.928705j,-0.031786+2.276882j,0.532738-0.202704j,10.752212
0.899133-0.927496j,-0.031473+2.276595j,0.532668-0.202352j,10.754676
0.899456-0.926287j,-0.031161+2.276308j,0.532598-0.202000j,10.757140
0.899778-0.925078j,-0.030848+2.276021j,0.532528-0.201648j,10.759603
0.900100-0.923869j,-0.030535+2.275735j,0.532458-0.201296j,10.762066
0.900420-0.922661j,-0.030223+2.275448j,0.532387-0.200945j,10.764528
0.900738-0.921453j,-0.029910+2.275162j,0.532316-0.200594j,10.766989
0.901056-0.920246j,-0.029598+2.274876j,0.532244-0.200243j,10.769449
0.901372-0.919039j,-0.029285+2.274590j,0.532173-0.199893j,10.771909
0.901688-0.917832j,-0.028973+2.274303j,0.532101-0.199543j,10.774368
0.902002-0.916625j,-0.028660+2.274017j,0.532028-0.199193j,10.776827
0.902315-0.915419j,-0.028348+2.273732j,0.531955-0.198843j,10.779284
0.902627-0.914214j,-0.028035+2.273446j,0.531882-0.198494j,10.781741
0.902937-0.913008j,-0.027723+2.273160j,0.531809-0.198145j,10.784198
0.903247-0.911803j,-0.027411+2.272874j,0.531735-0.197797j,10.786653
0.903555-0.910598j,-0.027098+2.272589j,0.531661-0.197448j,10.789108
0.903862-0.909394j,-0.026786+2.272303j,0.531587-0.197100j,10.791563
0.904168-0.908190j,-0.026474+2.272018j,0.531512-0.196752j,10.794016
0.904473-0.906986j,-0.026161+2.271733j,0.531437-0.196405j,10.796469
0.904777-0.905783j,-0.025849+2.271447j,0.531362-0.196058j,10.798922
0.905079-0.904580j,-0.025537+2.271162j,0.531287-0.195711j,10.801373
0.905381-0.903377j,-0.025225+2.270877j,0.531211-0.195364j,10.803824
0.905681-0.902175j,-0.024913+2.270592j,0.531135-0.195018j,10.806274
0.905980-0.900973j,-0.024600+2.270308j,0.531058-0.194672j,10.808724
0.906278-0.899771j,-0.024288+2.270023j,0.530981-0.194326j,10.811173
0.906575-0.898570j,-0.023976+2.269738j,0.530904-0.193981j,10.813621
0.906871-0.897369j,-0.023664+2.269454j,0.530827-0.193636j,10.816068
0.907165-0.896168j,-0.023352+2.269169j,0.530749-0.193291j,10.818515
0.907459-0.894968j,-0.023040+2.268885j,0.530671-0.192946j,10.820961
0.907751-0.893768j,-0.022728+2.268601j,0.530592-0.192602j,10.823407
0.908042-0.892569j,-0.022416+2.268317j,0.530514-0.192258j,10.825852
0.908332-0.891370j,-0.022104+2.268032j,0.530435-0.191914j,10.828296
0.908621-0.890171j,-0.021792+2.267748j,0.530355-0.191571j,10.830739
0.908908-0.888972j,-0.021480+2.267465j,0.530276-0.191228j,10.833182
0.909195-0.887774j,-0.021169+2.267181j,0.530196-0.190885j,10.835624
0.909480-0.886577j,-0.020857+2.266897j,0.530116-0.190542j,10.838066
0.909765-0.885379j,-0.020545+2.266613j,0.530035-0.190200j,10.840506
0.910048-0.884182j,-0.020233+2.266330j,0.529954-0.189858j,10.842946
0.910330-0.882986j,-0.019921+2.266047j,0.529873-0.189516j,10.845386
0.910611-0.881789j,-0.019610+2.265763j,0.529791-0.189175j,10.847824
0.910890-0.880593j,-0.019298+2.265480j,0.529710-0.188834j,10.850263
0.911169-0.879398j,-0.018986+2.265197j,0.529628-0.188493j,10.852700
0.911446-0.878203j,-0.018675+2.264914j,0.529545-0.188153j,10.855137
0.911723-0.877008j,-0.018363+2.264631j,0.529462-0.187812j,10.857573
0.911998-0.875813j,-0.018051+2.264348j,0.529379-0.187472j,10.860008
0.912272-0.874619j,-0.017740+2.264065j,0.529296-0.187133j,10.862443
0.912545-0.873425j,-0.017428+2.263782j,0.529213-0.186793j,10.864877
0.912817-0.872232j,-0.017117+2.263500j,0.529129-0.186454j,10.867310
0.913087-0.871039j,-0.016805+2.263217j,0.529044-0.186116j,10.869743
0.913357-0.869846j,-0.016494+2.262935j,0.528960-0.185777j,10.872175
0.913625-0.868654j,-0.016183+2.262653j,0.528875-0.185439j,10.874606
0.913893-0.867462j,-0.015871+2.262370j,0.528790-0.185101j,10.877037
0.914159-0.866271j,-0.015560+2.262088j,0.528704-0.184763j,10.879467
0.914424-0.865080j,-0.015249+2.261806j,0.528619-0.184426j,10.881896
0.914688-0.863889j,-0.014937+2.261524j,0.528533-0.184089j,10.884325
0.914951-0.862698j,-0.014626+2.261243j,0.528446-0.183752j,10.886753
0.915212-0.861508j,-0.014315+2.260961j,0.528360-0.183415j,10.889180
0.915473-0.860319j,-0.014004+2.260679j,0.528273-0.183079j,10.891607
0.915732-0.859130j,-0.013692+2.260398j,0.528185-0.182743j,10.894033
0.915991-0.857941j,-0.013381+2.260116j,0.528098-0.182407j,10.896458
0.916248-0.856752j,-0.013070+2.259835j,0.528010-0.182072j,10.898882
0.916504-0.855564j,-0.012759+2.259553j,0.527922-0.181737j,10.901306
0.916759-0.854376j,-0.012448+2.259272j,0.527833-0.181402j,10.903730
0.917013-0.853189j,-0.012137+2.258991j,0.527745-0.181068j,10.906152
0.917265-0.852002j,-0.011826+2.258710j,0.527656-0.180733j,10.908574
0.917517-0.850815j,-0.011515+2.258429j,0.527566-0.180399j,10.910996
0.917768-0.849629j,-0.011204+2.258149j,0.527477-0.180066j,10.913416
0.918017-0.848443j,-0.010893+2.257868j,0.527387-0.179732j,10.915836
0.918265-0.847258j,-0.010582+2.257587j,0.527296-0.179399j,10.918256
0.918513-0.846072j,-0.010271+2.257307j,0.527206-0.179066j,10.920674
0.918759-0.844888j,-0.009961+2.257026j,0.527115-0.178734j,10.923092
0.919004-0.843703j,-0.009650+2.256746j,0.527024-0.178401j,10.925510
0.919248-0.842519j,-0.009339+2.256466j,0.526933-0.178069j,10.927926
0.919490-0.841336j,-0.009028+2.256186j,0.526841-0.177738j,10.930342
0.919732-0.840153j,-0.008718+2.255906j,0.526749-0.177406j,10.932758
0.919973-0.838970j,-0.008407+2.255626j,0.526657-0.177075j,10.935172
0.920212-0.837788j,-0.008096+2.255346j,0.526564-0.176744j,10.937586
0.920450-0.836606j,-0.007786+2.255066j,0.526471-0.176413j,10.940000
0.920688-0.835424j,-0.007475+2.254786j,0.526378-0.176083j,10.942412
0.920924-0.834243j,-0.007165+2.254507j,0.526284-0.175753j,10.944824
0.921159-0.833062j,-0.006854+2.254227j,0.526191-0.175423j,10.947236
0.921393-0.831881j,-0.006544+2.253948j,0.526097-0.175094j,10.949646
0.921626-0.830701j,-0.006233+2.253669j,0.526002-0.174765j,10.952056
0.921858-0.829522j,-0.005923+2.253389j,0.525908-0.174436j,10.954466
0.922088-0.828342j,-0.005613+2.253110j,0.525813-0.174107j,10.956874
0.922318-0.827164j,-0.005302+2.252831j,0.525717-0.173779j,10.959282
0.922546-0.825985j,-0.004992+2.252552j,0.525622-0.173450j,10.961690
0.922774-0.824807j,-0.004682+2.252274j,0.525526-0.173123j,10.964097
0.923000-0.823629j,-0.004372+2.251995j,0.525430-0.172795j,10.966503
0.923225-0.822452j,-0.004061+2.251716j,0.525334-0.172468j,10.968908
0.923449-0.821275j,-0.003751+2.251438j,0.525237-0.172141j,10.971313
0.923672-0.820099j,-0.003441+2.251159j,0.525140-0.171814j,10.973717
0.923894-0.818923j,-0.003131+2.250881j,0.525043-0.171488j,10.976120
0.924115-0.817747j,-0.002821+2.250603j,0.524945-0.171161j,10.978523
0.924335-0.816572j,-0.002511+2.250325j,0.524847-0.170836j,10.980925
0.924553-0.815397j,-0.002201+2.250047j,0.524749-0.170510j,10.983327
0.924771-0.814222j,-0.001891+2.249769j,0.524651-0.170185j,10.985728
0.924988-0.813048j,-0.001581+2.249491j,0.524552-0.169860j,10.988128
0.925203-0.811875j,-0.001271+2.249213j,0.524453-0.169535j,10.990527
0.925417-0.810701j,-0.000961+2.248936j,0.524354-0.169210j,10.992926
0.925631-0.809529j,-0.000651+2.248658j,0.524255-0.168886j,10.995324
0.925843-0.808356j,-0.000342+2.248381j,0.524155-0.168562j,10.997722
0.926054-0.807184j,-0.000032+2.248103j,0.524055-0.168238j,11.000119
0.926264-0.806013j,0.000278+2.247826j,0.523954-0.167915j,11.002515
0.926473-0.804841j,0.000588+2.247549j,0.523854-0.167592j,11.004911
0.926681-0.803671j,0.000897+2.247272j,0.523753-0.167269j,11.007306
0.926887-0.802500j,0.001207+2.246995j,0.523651-0.166946j,11.009700
0.927093-0.801330j,0.001516+2.246718j,0.523550-0.166624j,11.012094
0.927298-0.800161j,0.001826+2.246441j,0.523448-0.166302j,11.014487
0.927501-0.798991j,0.002135+2.246164j,0.523346-0.165980j,11.016879
0.927704-0.797823j,0.002445+2.245888j,0.523244-0.165659j,11.019271
0.927905-0.796654j,0.002754+2.245611j,0.523141-0.165337j,11.021662
0.928106-0.795486j,0.003064+2.245335j,0.523038-0.165016j,11.024052
0.928305-0.794319j,0.003373+2.245059j,0.522935-0.164696j,11.026442
0.928503-0.793152j,0.003682+2.244783j,0.522831-0.164375j,11.028831
0.928700-0.791985j,0.003992+2.244506j,0.522728-0.164055j,11.031219
0.928896-0.790819j,0.004301+2.244230j,0.522624-0.163735j,11.033607
0.929091-0.789653j,0.004610+2.243955j,0.522519-0.163416j,11.035994
0.929285-0.788488j,0.004919+2.243679j,0.522415-0.163096j,11.038381
0.929478-0.787323j,0.005229+2.243403j,0.522310-0.162777j,11.040767
0.929670-0.786158j,0.005538+2.243127j,0.522205-0.162458j,11.043152
0.929861-0.784994j,0.005847+2.242852j,0.522099-0.162140j,11.045536
0.930050-0.783830j,0.006156+2.242577j,0.521993-0.161822j,11.047920
0.930239-0.782667j,0.006465+2.242301j,0.521887-0.161504j,11.050303
0.930426-0.781504j,0.006774+2.242026j,0.521781-0.161186j,11.052686
0.930613-0.780341j,0.007083+2.241751j,0.521675-0.160868j,11.055068
0.930798-0.779179j,0.007391+2.241476j,0.521568-0.160551j,11.057449
0.930983-0.778018j,0.007700+2.241201j,0.521461-0.160234j,11.059830
0.931166-0.776857j,0.008009+2.240926j,0.521353-0.159918j,11.062210
0.931348-0.775696j,0.008318+2.240651j,0.521246-0.159601j,11.064589
0.931529-0.774535j,0.008627+2.240377j,0.521138-0.159285j,11.066968
0.931710-0.773375j,0.008935+2.240102j,0.521030-0.158969j,11.069346
0.931889-0.772216j,0.009244+2.239828j,0.520921-0.158654j,11.071724
0.932067-0.771057j,0.009553+2.239554j,0.520813-0.158339j,11.074100
0.932244-0.769898j,0.009861+2.239279j,0.520704-0.158024j,11.076477
0.932420-0.768740j,0.010170+2.239005j,0.520594-0.157709j,11.078852
0.932595-0.767582j,0.010478+2.238731j,0.520485-0.157394j,11.081227
0.932768-0.766425j,0.010787+2.238457j,0.520375-0.157080j,11.083601
0.932941-0.765268j,0.011095+2.238183j,0.520265-0.156766j,11.085975
0.933113-0.764112j,0.011403+2.237910j,0.520154-0.156452j,11.088348
0.933284-0.762955j,0.011712+2.237636j,0.520044-0.156139j,11.090720
0.933453-0.761800j,0.012020+2.237363j,0.519933-0.155826j,11.093092
0.933622-0.760645j,0.012328+2.237089j,0.519822-0.155513j,11.095463
0.933789-0.759490j,0.012637+2.236816j,0.519710-0.155200j,11.097833
0.933956-0.758336j,0.012945+2.236543j,0.519599-0.154888j,11.100203
0.934121-0.757182j,0.013253+2.236269j,0.519487-0.154576j,11.102572
0.934286-0.756028j,0.013561+2.235996j,0.519374-0.154264j,11.104941
0.934449-0.754875j,0.013869+2.235723j,0.519262-0.153952j,11.107308
0.934612-0.753723j,0.014177+2.235451j,0.519149-0.153641j,11.109676
0.934773-0.752571j,0.014485+2.235178j,0.519036-0.153330j,11.112042
0.934933-0.751419j,0.014793+2.234905j,0.518923-0.153019j,11.114408
0.935092-0.750268j,0.015101+2.234633j,0.518809-0.152709j,11.116773
0.935251-0.749117j,0.015409+2.234360j,0.518695-0.152399j,11.119138
0.935408-0.747966j,0.015717+2.234088j,0.518581-0.152089j,11.121502
0.935564-0.746817j,0.016024+2.233816j,0.518467-0.151779j,11.123865
0.935719-0.745667j,0.016332+2.233543j,0.518352-0.151469j,11.126228
0.935873-0.744518j,0.016640+2.233271j,0.518237-0.151160j,11.128590
0.936026-0.743369j,0.016947+2.232999j,0.518122-0.150851j,11.130952
0.936178-0.742221j,0.017255+2.232728j,0.518007-0.150543j,11.133312
0.936329-0.741074j,0.017563+2.232456j,0.517891-0.150234j,11.135673
0.936479-0.739926j,0.017870+2.232184j,0.517775-0.149926j,11.138032
0.936628-0.738780j,0.018178+2.231913j,0.517659-0.149618j,11.140391
0.936776-0.737633j,0.018485+2.231641j,0.517542-0.149311j,11.142749
0.936923-0.736487j,0.018792+2.231370j,0.517425-0.149003j,11.145107
0.937069-0.735342j,0.019100+2.231099j,0.517308-0.148696j,11.147464
0.937213-0.734197j,0.019407+2.230828j,0.517191-0.148389j,11.149820
0.937357-0.733052j,0.019714+2.230556j,0.517074-0.148083j,11.152176
0.937500-0.731908j,0.020022+2.230286j,0.516956-0.147777j,11.154531
0.937642-0.730764j,0.020329+2.230015j,0.516838-0.147471j,11.156886
0.937782-0.729621j,0.020636+2.229744j,0.516719-0.147165j,11.159240
0.937922-0.728478j,0.020943+2.229473j,0.516601-0.146859j,11.161593
0.938061-0.727336j,0.021250+2.229203j,0.516482-0.146554j,11.163946
0.938198-0.726194j,0.021557+2.228932j,0.516363-0.146249j,11.166297
0.938335-0.725053j,0.021864+2.228662j,0.516244-0.145944j,11.168649
0.938471-0.723912j,0.022171+2.228392j,0.516124-0.145640j,11.171000
0.938605-0.722771j,0.022478+2.228122j,0.516004-0.145336j,11.173350
0.938739-0.721631j,0.022785+2.227852j,0.515884-0.145032j,11.175699
0.938871-0.720492j,0.023091+2.227582j,0.515764-0.144728j,11.178048
0.939003-0.719353j,0.023398+2.227312j,0.515643-0.144425j,11.180396
0.939134-0.718214j,0.023705+2.227042j,0.515522-0.144121j,11.182744
0.939263-0.717076j,0.024011+2.226772j,0.515401-0.143819j,11.185091
0.939392-0.715938j,0.024318+2.226503j,0.515279-0.143516j,11.187437
0.939519-0.714801j,0.024625+2.226233j,0.515158-0.143214j,11.189783
0.939646-0.713664j,0.024931+2.225964j,0.515036-0.142911j,11.192128
0.939771-0.712528j,0.025238+2.225695j,0.514914-0.142610j,11.194472
0.939896-0.711392j,0.025544+2.225426j,0.514791-0.142308j,11.196816
0.940019-0.710256j,0.025850+2.225157j,0.514668-0.142007j,11.199159
0.940142-0.709121j,0.026157+2.224888j,0.514546-0.141706j,11.201502
0.940263-0.707987j,0.026463+2.224619j,0.514422-0.141405j,11.203844
0.940384-0.706853j,0.026769+2.224350j,0.514299-0.141104j,11.206185
0.940503-0.705719j,0.027075+2.224082j,0.514175-0.140804j,11.208526
0.940622-0.704586j,0.027382+2.223813j,0.514051-0.140504j,11.210866
0.940739-0.703453j,0.027688+2.223545j,0.513927-0.140204j,11.213205
0.940856-0.702321j,0.027994+2.223276j,0.513803-0.139904j,11.215544
0.940971-0.701189j,0.028300+2.223008j,0.513678-0.139605j,11.217882
0.941085-0.700058j,0.028606+2.222740j,0.513553-0.139306j,11.220220
0.941199-0.698927j,0.028912+2.222472j,0.513428-0.139007j,11.222557
0.941311-0.697797j,0.029217+2.222204j,0.513302-0.138709j,11.224893
0.941423-0.696667j,0.029523+2.221936j,0.513176-0.138410j,11.227229
0.941533-0.695538j,0.029829+2.221669j,0.513050-0.138112j,11.229564
0.941643-0.694409j,0.030135+2.221401j,0.512924-0.137815j,11.231898
0.941751-0.693280j,0.030440+2.221134j,0.512798-0.137517j,11.234232
0.941859-0.692152j,0.030746+2.220866j,0.512671-0.137220j,11.236565
0.941965-0.691025j,0.031052+2.220599j,0.512544-0.136923j,11.238898
0.942071-0.689898j,0.031357+2.220332j,0.512417-0.136626j,11.241230
0.942176-0.688771j,0.031663+2.220065j,0.512289-0.136330j,11.243561
0.942279-0.687645j,0.031968+2.219798j,0.512162-0.136034j,11.245892
0.942382-0.686520j,0.032273+2.219531j,0.512034-0.135738j,11.248222
0.942483-0.685394j,0.032579+2.219264j,0.511906-0.135442j,11.250551
0.942584-0.684270j,0.032884+2.218997j,0.511777-0.135147j,11.252880
0.942683-0.683146j,0.033189+2.218731j,0.511648-0.134851j,11.255209
0.942782-0.682022j,0.033495+2.218464j,0.511519-0.134556j,11.257536
0.942880-0.680899j,0.033800+2.218198j,0.511390-0.134262j,11.259863
0.942976-0.679776j,0.034105+2.217931j,0.511261-0.133967j,11.262190
0.943072-0.678654j,0.034410+2.217665j,0.511131-0.133673j,11.264515
0.943167-0.677532j,0.034715+2.217399j,0.511001-0.133379j,11.266841
0.943260-0.676411j,0.035020+2.217133j,0.510871-0.133085j,11.269165
0.943353-0.675290j,0.035325+2.216867j,0.510741-0.132792j,11.271489
0.943445-0.674169j,0.035629+2.216602j,0.510610-0.132499j,11.273813
0.943536-0.673050j,0.035934+2.216336j,0.510479-0.132206j,11.276135
0.943626-0.671930j,0.036239+2.216070j,0.510348-0.131913j,11.278457
0.943714-0.670811j,0.036544+2.215805j,0.510217-0.131621j,11.280779
0.943802-0.669693j,0.036848+2.215540j,0.510085-0.131329j,11.283100
0.943889-0.668575j,0.037153+2.215274j,0.509953-0.131037j,11.285420
0.943975-0.667457j,0.037457+2.215009j,0.509821-0.130745j,11.287740
0.944060-0.666340j,0.037762+2.214744j,0.509689-0.130454j,11.290059
0.944144-0.665224j,0.038066+2.214479j,0.509556-0.130163j,11.292377
0.944227-0.664108j,0.038371+2.214214j,0.509423-0.129872j,11.294695
0.944309-0.662992j,0.038675+2.213950j,0.509290-0.129581j,11.297012
0.944390-0.661877j,0.038979+2.213685j,0.509157-0.129291j,11.299329
0.944470-0.660763j,0.039284+2.213420j,0.509023-0.129001j,11.301645
0.944549-0.659649j,0.039588+2.213156j,0.508890-0.128711j,11.303960
0.944627-0.658535j,0.039892+2.212892j,0.508756-0.128421j,11.306275
0.944705-0.657422j,0.040196+2.212628j,0.508621-0.128132j,11.308589
0.944781-0.656310j,0.040500+2.212363j,0.508487-0.127842j,11.310903
0.944856-0.655198j,0.040804+2.212099j,0.508352-0.127554j,11.313216
0.944930-0.654086j,0.041108+2.211836j,0.508217-0.127265j,11.315528
0.945004-0.652975j,0.041412+2.211572j,0.508082-0.126977j,11.317840
0.945076-0.651864j,0.041715+2.211308j,0.507946-0.126688j,11.320151
0.945148-0.650754j,0.042019+2.211044j,0.507811-0.126401j,11.322461
0.945218-0.649645j,0.042323+2.210781j,0.507675-0.126113j,11.324771
0.945288-0.648535j,0.042627+2.210518j,0.507539-0.125826j,11.327080
0.945356-0.647427j,0.042930+2.210254j,0.507402-0.125538j,11.329389
0.945424-0.646319j,0.043234+2.209991j,0.507266-0.125251j,11.331697
0.945490-0.645211j,0.043537+2.209728j,0.507129-0.124965j,11.334005
0.945556-0.644104j,0.043841+2.209465j,0.506992-0.124678j,11.336312
0.945621-0.642997j,0.044144+2.209202j,0.506854-0.124392j,11.338618
0.945685-0.641891j,0.044447+2.208939j,0.506717-0.124106j,11.340923
0.945747-0.640785j,0.044751+2.208677j,0.506579-0.123821j,11.343229
0.945809-0.639680j,0.045054+2.208414j,0.506441-0.123535j,11.345533
0.945870-0.638575j,0.045357+2.208152j,0.506303-0.123250j,11.347837
0.945930-0.637471j,0.045660+2.207889j,0.506164-0.122965j,11.350140
0.945989-0.636368j,0.045963+2.207627j,0.506026-0.122681j,11.352443
0.946047-0.635264j,0.046266+2.207365j,0.505887-0.122396j,11.354745
0.946105-0.634162j,0.046569+2.207103j,0.505747-0.122112j,11.357046
0.946161-0.633060j,0.046872+2.206841j,0.505608-0.121828j,11.359347
0.946216-0.631958j,0.047175+2.206579j,0.505468-0.121545j,11.361647
0.946270-0.630857j,0.047477+2.206317j,0.505329-0.121261j,11.363947
0.946324-0.629756j,0.047780+2.206056j,0.505188-0.120978j,11.366246
0.946376-0.628656j,0.048083+2.205794j,0.505048-0.120695j,11.368544
0.946428-0.627556j,0.048385+2.205533j,0.504908-0.120412j,11.370842
0.946478-0.626457j,0.048688+2.205272j,0.504767-0.120130j,11.373139
0.946528-0.625359j,0.048990+2.205010j,0.504626-0.119848j,11.375436
0.946576-0.624260j,0.049293+2.204749j,0.504485-0.119566j,11.377732
0.946624-0.623163j,0.049595+2.204488j,0.504343-0.119284j,11.380027
0.946671-0.622066j,0.049898+2.204227j,0.504201-0.119003j,11.382322
0.946717-0.620969j,0.050200+2.203967j,0.504059-0.118721j,11.384617
0.946762-0.619873j,0.050502+2.203706j,0.503917-0.118440j,11.386910
0.946806-0.618777j,0.050804+2.203445j,0.503775-0.118160j,11.389203
0.946849-0.617682j,0.051106+2.203185j,0.503632-0.117879j,11.391496
0.946891-0.616588j,0.051408+2.202925j,0.503489-0.117599j,11.393788
0.946932-0.615494j,0.051710+2.202664j,0.503346-0.117319j,11.396079
0.946972-0.614400j,0.052012+2.202404j,0.503203-0.117039j,11.398369
0.947012-0.613307j,0.052314+2.202144j,0.503060-0.116760j,11.400659
0.947050-0.612215j,0.052616+2.201884j,0.502916-0.116481j,11.402949
0.947088-0.611123j,0.052917+2.201624j,0.502772-0.116202j,11.405238
0.947124-0.610031j,0.053219+2.201365j,0.502628-0.115923j,11.407526
0.947160-0.608940j,0.053521+2.201105j,0.502483-0.115644j,11.409814
0.947195-0.607850j,0.053822+2.200846j,0.502339-0.115366j,11.412101
0.947228-0.606760j,0.054124+2.200586j,0.502194-0.115088j,11.414387
0.947261-0.605670j,0.054425+2.200327j,0.502049-0.114810j,11.416673
0.947293-0.604581j,0.054727+2.200068j,0.501904-0.114533j,11.418958
0.947324-0.603493j,0.055028+2.199808j,0.501758-0.114255j,11.421243
0.947354-0.602405j,0.055329+2.199549j,0.501612-0.113978j,11.423527
0.947384-0.601317j,0.055630+2.199291j,0.501466-0.113702j,11.425811
0.947412-0.600231j,0.055932+2.199032j,0.501320-0.113425j,11.428094
0.947439-0.599144j,0.056233+2.198773j,0.501174-0.113149j,11.430376
0.947466-0.598058j,0.056534+2.198515j,0.501027-0.112873j,11.432658
0.947491-0.596973j,0.056835+2.198256j,0.500880-0.112597j,11.434939
0.947516-0.595888j,0.057135+2.197998j,0.500733-0.112321j,11.437220
0.947539-0.594804j,0.057436+2.197739j,0.500586-0.112046j,11.439500
0.947562-0.593720j,0.057737+2.197481j,0.500439-0.111771j,11.441779
0.947584-0.592637j,0.058038+2.197223j,0.500291-0.111496j,11.444058
0.947605-0.591554j,0.058338+2.196965j,0.500143-0.111221j,11.446336
0.947625-0.590472j,0.058639+2.196707j,0.499995-0.110947j,11.448614
0.947644-0.589390j,0.058940+2.196450j,0.499846-0.110673j,11.450891
0.947662-0.588309j,0.059240+2.196192j,0.499698-0.110399j,11.453167
0.947680-0.587229j,0.059540+2.195935j,0.499549-0.110125j,11.455443
0.947696-0.586148j,0.059841+2.195677j,0.499400-0.109852j,11.457718
0.947712-0.585069j,0.060141+2.195420j,0.499251-0.109578j,11.459993
0.947726-0.583990j,0.060441+2.195163j,0.499101-0.109306j,11.462267
0.947740-0.582911j,0.060741+2.194906j,0.498952-0.109033j,11.464541
0.947753-0.581833j,0.061041+2.194649j,0.498802-0.108760j,11.466813
0.947764-0.580756j,0.061341+2.194392j,0.498652-0.108488j,11.469086
0.947775-0.579679j,0.061641+2.194135j,0.498501-0.108216j,11.471358
0.947786-0.578602j,0.061941+2.193878j,0.498351-0.107944j,11.473629
0.947795-0.577526j,0.062241+2.193622j,0.498200-0.107673j,11.475899
0.947803-0.576451j,0.062541+2.193365j,0.498049-0.107402j,11.478169
0.947810-0.575376j,0.062841+2.193109j,0.497898-0.107131j,11.480439
0.947817-0.574302j,0.063140+2.192853j,0.497747-0.106860j,11.482708
0.947822-0.573228j,0.063440+2.192597j,0.497595-0.106589j,11.484976
0.947827-0.572155j,0.063739+2.192341j,0.497443-0.106319j,11.487243
0.947831-0.571082j,0.064039+2.192085j,0.497291-0.106049j,11.489511
0.947834-0.570010j,0.064338+2.191829j,0.497139-0.105779j,11.491777
0.947836-0.568938j,0.064637+2.191573j,0.496987-0.105509j,11.494043
0.947837-0.567867j,0.064937+2.191317j,0.496834-0.105240j,11.496308
0.947837-0.566797j,0.065236+2.191062j,0.496681-0.104971j,11.498573
0.947837-0.565726j,0.065535+2.190807j,0.496528-0.104702j,11.500837
0.947835-0.564657j,0.065834+2.190551j,0.496375-0.104433j,11.503101
0.947833-0.563588j,0.066133+2.190296j,0.496222-0.104165j,11.505364
0.947829-0.562519j,0.066432+2.190041j,0.496068-0.103897j,11.507626
0.947825-0.561452j,0.066731+2.189786j,0.495914-0.103629j,11.509888
0.947820-0.560384j,0.067030+2.189531j,0.495760-0.103361j,11.512150
0.947814-0.559317j,0.067328+2.189276j,0.495606-0.103094j,11.514410
0.947807-0.558251j,0.067627+2.189022j,0.495451-0.102827j,11.516670
0.947799-0.557185j,0.067926+2.188767j,0.495296-0.102560j,11.518930
0.947791-0.556120j,0.068224+2.188513j,0.495141-0.102293j,11.521189
0.947781-0.555055j,0.068523+2.188258j,0.494986-0.102026j,11.523447
0.947771-0.553991j,0.068821+2.188004j,0.494831-0.101760j,11.525705
0.947760-0.552927j,0.069119+2.187750j,0.494675-0.101494j,11.527962
0.947747-0.551864j,0.069417+2.187496j,0.494520-0.101228j,11.530219
0.947734-0.550802j,0.069716+2.187242j,0.494364-0.100963j,11.532475
0.947720-0.549740j,0.070014+2.186988j,0.494208-0.100697j,11.534731
0.947706-0.548678j,0.070312+2.186735j,0.494051-0.100432j,11.536986
0.947690-0.547617j,0.070610+2.186481j,0.493895-0.100168j,11.539240
0.947673-0.546557j,0.070908+2.186228j,0.493738-0.099903j,11.541494
0.947656-0.545497j,0.071206+2.185974j,0.493581-0.099639j,11.543747
0.947638-0.544438j,0.071503+2.185721j,0.493424-0.099374j,11.546000
0.947619-0.543379j,0.071801+2.185468j,0.493266-0.099110j,11.548252
0.947599-0.542321j,0.072099+2.185215j,0.493109-0.098847j,11.550503
0.947578-0.541263j,0.072396+2.184962j,0.492951-0.098583j,11.552754
0.947556-0.540206j,0.072694+2.184709j,0.492793-0.098320j,11.555005
0.947533-0.539149j,0.072991+2.184456j,0.492635-0.098057j,11.557254
0.947510-0.538093j,0.073288+2.184204j,0.492477-0.097794j,11.559504
0.947486-0.537038j,0.073586+2.183951j,0.492318-0.097532j,11.561752
0.947460-0.535983j,0.073883+2.183699j,0.492159-0.097270j,11.564000
0.947434-0.534928j,0.074180+2.183446j,0.492000-0.097008j,11.566248
0.947407-0.533874j,0.074477+2.183194j,0.491841-0.096746j,11.568495
0.947379-0.532821j,0.074774+2.182942j,0.491682-0.096484j,11.570741
0.947351-0.531768j,0.075071+2.182690j,0.491522-0.096223j,11.572987
0.947321-0.530716j,0.075368+2.182438j,0.491362-0.095962j,11.575232
0.947291-0.529664j,0.075665+2.182187j,0.491202-0.095701j,11.577477
0.947260-0.528613j,0.075962+2.181935j,0.491042-0.095440j,11.579721
0.947227-0.527563j,0.076258+2.181683j,0.490882-0.095180j,11.581964
0.947195-0.526513j,0.076555+2.181432j,0.490721-0.094920j,11.584207
0.947161-0.525463j,0.076851+2.181181j,0.490560-0.094660j,11.586450
0.947126-0.524414j,0.077148+2.180929j,0.490399-0.094400j,11.588692
0.947090-0.523366j,0.077444+2.180678j,0.490238-0.094141j,11.590933
0.947054-0.522318j,0.077740+2.180427j,0.490077-0.093882j,11.593174
0.947017-0.521271j,0.078037+2.180176j,0.489915-0.093623j,11.595414
0.946979-0.520224j,0.078333+2.179926j,0.489754-0.093364j,11.597653
0.946940-0.519178j,0.078629+2.179675j,0.489592-0.093105j,11.599892
0.946900-0.518132j,0.078925+2.179424j,0.489430-0.092847j,11.602131
0.946859-0.517087j,0.079221+2.179174j,0.489267-0.092589j,11.604368
0.946818-0.516043j,0.079516+2.178923j,0.489105-0.092331j,11.606606
0.946775-0.514999j,0.079812+2.178673j,0.488942-0.092073j,11.608843
0.946732-0.513955j,0.080108+2.178423j,0.488779-0.091816j,11.611079
0.946688-0.512912j,0.080404+2.178173j,0.488616-0.091559j,11.613314
0.946643-0.511870j,0.080699+2.177923j,0.488453-0.091302j,11.615549
0.946598-0.510828j,0.080995+2.177673j,0.488289-0.091045j,11.617784
0.946551-0.509787j,0.081290+2.177423j,0.488126-0.090789j,11.620018
0.946504-0.508747j,0.081585+2.177174j,0.487962-0.090533j,11.622251
0.946455-0.507707j,0.081881+2.176924j,0.487798-0.090277j,11.624484
0.946406-0.506667j,0.082176+2.176675j,0.487633-0.090021j,11.626716
0.946356-0.505628j,0.082471+2.176426j,0.487469-0.089765j,11.628948
0.946306-0.504590j,0.082766+2.176176j,0.487304-0.089510j,11.631179
0.946254-0.503552j,0.083061+2.175927j,0.487139-0.089255j,11.633410
0.946202-0.502515j,0.083356+2.175678j,0.486974-0.089000j,11.635640
0.946148-0.501478j,0.083651+2.175430j,0.486809-0.088745j,11.637869
0.946094-0.500442j,0.083945+2.175181j,0.486644-0.088491j,11.640098
0.946039-0.499406j,0.084240+2.174932j,0.486478-0.088237j,11.642326
0.945983-0.498371j,0.084534+2.174684j,0.486313-0.087983j,11.644554
0.945927-0.497337j,0.084829+2.174435j,0.486147-0.087729j,11.646781
0.945869-0.496303j,0.085123+2.174187j,0.485980-0.087476j,11.649008
0.945811-0.495269j,0.085418+2.173939j,0.485814-0.087223j,11.651234
0.945752-0.494237j,0.085712+2.173691j,0.485648-0.086970j,11.653460
0.945692-0.493204j,0.086006+2.173443j,0.485481-0.086717j,11.655685
0.945631-0.492173j,0.086300+2.173195j,0.485314-0.086464j,11.657909
0.945570-0.491142j,0.086594+2.172947j,0.485147-0.086212j,11.660133
0.945507-0.490111j,0.086888+2.172699j,0.484980-0.085960j,11.662356
0.945444-0.489081j,0.087182+2.172452j,0.484812-0.085708j,11.664579
0.945380-0.488052j,0.087476+2.172204j,0.484645-0.085456j,11.666801
0.945315-0.487023j,0.087770+2.171957j,0.484477-0.085205j,11.669023
0.945249-0.485995j,0.088063+2.171710j,0.484309-0.084954j,11.671244
0.945183-0.484967j,0.088357+2.171462j,0.484141-0.084703j,11.673465
0.945115-0.483940j,0.088650+2.171215j,0.483972-0.084452j,11.675685
0.945047-0.482913j,0.088944+2.170969j,0.483804-0.084202j,11.677904
0.944978-0.481887j,0.089237+2.170722j,0.483635-0.083951j,11.680123
0.944908-0.480862j,0.089530+2.170475j,0.483466-0.083701j,11.682341
0.944838-0.479837j,0.089824+2.170228j,0.483297-0.083452j,11.684559
0.944766-0.478813j,0.090117+2.169982j,0.483128-0.083202j,11.686776
0.944694-0.477789j,0.090410+2.169736j,0.482958-0.082953j,11.688993
0.944621-0.476766j,0.090703+2.169489j,0.482789-0.082703j,11.691209
0.944547-0.475743j,0.090995+2.169243j,0.482619-0.082455j,11.693425
0.944472-0.474721j,0.091288+2.168997j,0.482449-0.082206j,11.695640
0.944397-0.473700j,0.091581+2.168751j,0.482279-0.081957j,11.697854
0.944321-0.472679j,0.091873+2.168505j,0.482108-0.081709j,11.700068
0.944243-0.471659j,0.092166+2.168260j,0.481938-0.081461j,11.702282
0.944165-0.470639j,0.092458+2.168014j,0.481767-0.081213j,11.704495
0.944087-0.469620j,0.092751+2.167768j,0.481596-0.080966j,11.706707
0.944007-0.468601j,0.093043+2.167523j,0.481425-0.080719j,11.708919
0.943927-0.467583j,0.093335+2.167278j,0.481254-0.080471j,11.711130
0.943845-0.466566j,0.093627+2.167032j,0.481082-0.080225j,11.713341
0.943764-0.465549j,0.093919+2.166787j,0.480911-0.079978j,11.715551
0.943681-0.464533j,0.094211+2.166542j,0.480739-0.079731j,11.717760
0.943597-0.463517j,0.094503+2.166298j,0.480567-0.079485j,11.719969
0.943513-0.462502j,0.094795+2.166053j,0.480395-0.079239j,11.722178
0.943427-0.461487j,0.095087+2.165808j,0.480223-0.078994j,11.724386
0.943341-0.460473j,0.095378+2.165564j,0.480050-0.078748j,11.726593
0.943255-0.459460j,0.095670+2.165319j,0.479877-0.078503j,11.728800
0.943167-0.458447j,0.095961+2.165075j,0.479705-0.078258j,11.731006
0.943079-0.457435j,0.096253+2.164831j,0.479532-0.078013j,11.733212
0.942989-0.456423j,0.096544+2.164586j,0.479358-0.077768j,11.735417
0.942899-0.455412j,0.096835+2.164342j,0.479185-0.077524j,11.737622
0.942809-0.454402j,0.097126+2.164099j,0.479011-0.077280j,11.739826
0.942717-0.453392j,0.097417+2.163855j,0.478838-0.077036j,11.742030
0.942625-0.452382j,0.097708+2.163611j,0.478664-0.076792j,11.744233
0.942532-0.451373j,0.097999+2.163368j,0.478490-0.076548j,11.746435
0.942438-0.450365j,0.098290+2.163124j,0.478316-0.076305j,11.748637
0.942343-0.449358j,0.098581+2.162881j,0.478141-0.076062j,11.750839
0.942247-0.448351j,0.098871+2.162637j,0.477967-0.075819j,11.753039
0.942151-0.447344j,0.099162+2.162394j,0.477792-0.075577j,11.755240
0.942054-0.446338j,0.099452+2.162151j,0.477617-0.075334j,11.757440
0.941956-0.445333j,0.099742+2.161908j,0.477442-0.075092j,11.759639
0.941857-0.444328j,0.100033+2.161666j,0.477267-0.074850j,11.761838
0.941758-0.443324j,0.100323+2.161423j,0.477091-0.074608j,11.764036
0.941657-0.442321j,0.100613+2.161180j,0.476916-0.074367j,11.766234
0.941556-0.441318j,0.100903+2.160938j,0.476740-0.074126j,11.768431
0.941455-0.440315j,0.101193+2.160695j,0.476564-0.073885j,11.770627
0.941352-0.439313j,0.101483+2.160453j,0.476388-0.073644j,11.772823
0.941248-0.438312j,0.101772+2.160211j,0.476211-0.073403j,11.775019
0.941144-0.437312j,0.102062+2.159969j,0.476035-0.073163j,11.777214
0.941039-0.436312j,0.102352+2.159727j,0.475858-0.072923j,11.779408
0.940934-0.435312j,0.102641+2.159485j,0.475682-0.072683j,11.781602
0.940827-0.434313j,0.102931+2.159243j,0.475505-0.072443j,11.783796
0.940720-0.433315j,0.103220+2.159002j,0.475328-0.072203j,11.785988
0.940612-0.432317j,0.103509+2.158760j,0.475150-0.071964j,11.788181
0.940503-0.431320j,0.103798+2.158519j,0.474973-0.071725j,11.790372
0.940393-0.430324j,0.104087+2.158278j,0.474795-0.071486j,11.792564
0.940283-0.429328j,0.104376+2.158036j,0.474618-0.071248j,11.794754
0.940172-0.428332j,0.104665+2.157795j,0.474440-0.071009j,11.796945
0.940060-0.427337j,0.104954+2.157554j,0.474261-0.070771j,11.799134
0.939947-0.426343j,0.105243+2.157313j,0.474083-0.070533j,11.801323
0.939833-0.425350j,0.105531+2.157073j,0.473905-0.070295j,11.803512
0.939719-0.424357j,0.105820+2.156832j,0.473726-0.070058j,11.805700
0.939604-0.423364j,0.106108+2.156591j,0.473547-0.069821j,11.807887
0.939488-0.422372j,0.106396+2.156351j,0.473369-0.069583j,11.810074
0.939372-0.421381j,0.106685+2.156111j,0.473189-0.069347j,11.812261
0.939255-0.420391j,0.106973+2.155870j,0.473010-0.069110j,11.814447
0.939136-0.419400j,0.107261+2.155630j,0.472831-0.068874j,11.816632
0.939018-0.418411j,0.107549+2.155390j,0.472651-0.068637j,11.818817
0.938898-0.417422j,0.107837+2.155150j,0.472471-0.068401j,11.821001
0.938778-0.416434j,0.108124+2.154911j,0.472292-0.068166j,11.823185
0.938656-0.415446j,0.108412+2.154671j,0.472112-0.067930j,11.825368
0.938535-0.414459j,0.108700+2.154431j,0.471931-0.067695j,11.827551
0.938412-0.413473j,0.108987+2.154192j,0.471751-0.067460j,11.829733
0.938288-0.412487j,0.109275+2.153953j,0.471570-0.067225j,11.831915
0.938164-0.411501j,0.109562+2.153713j,0.471390-0.066990j,11.834096
0.938039-0.410517j,0.109849+2.153474j,0.471209-0.066756j,11.836277
0.937914-0.409533j,0.110136+2.153235j,0.471028-0.066521j,11.838457
0.937787-0.408549j,0.110423+2.152996j,0.470847-0.066287j,11.840637
0.937660-0.407566j,0.110710+2.152757j,0.470665-0.066054j,11.842816
0.937532-0.406584j,0.110997+2.152519j,0.470484-0.065820j,11.844994
0.937403-0.405602j,0.111284+2.152280j,0.470302-0.065587j,11.847172
0.937274-0.404621j,0.111570+2.152042j,0.470120-0.065354j,11.849350
0.937144-0.403640j,0.111857+2.151803j,0.469939-0.065121j,11.851527
0.937013-0.402660j,0.112144+2.151565j,0.469756-0.064888j,11.853703
0.936881-0.401681j,0.112430+2.151327j,0.469574-0.064655j,11.855879
0.936748-0.400702j,0.112716+2.151089j,0.469392-0.064423j,11.858055
0.936615-0.399724j,0.113002+2.150851j,0.469209-0.064191j,11.860229
0.936481-0.398746j,0.113288+2.150613j,0.469026-0.063959j,11.862404
0.936347-0.397769j,0.113575+2.150375j,0.468844-0.063728j,11.864578
0.936211-0.396793j,0.113860+2.150138j,0.468660-0.063496j,11.866751
0.936075-0.395817j,0.114146+2.149900j,0.468477-0.063265j,11.868924
0.935938-0.394842j,0.114432+2.149663j,0.468294-0.063034j,11.871096
0.935800-0.393867j,0.114718+2.149425j,0.468110-0.062803j,11.873268
0.935662-0.392894j,0.115003+2.149188j,0.467927-0.062573j,11.875439
0.935523-0.391920j,0.115289+2.148951j,0.467743-0.062343j,11.877610
0.935383-0.390947j,0.115574+2.148714j,0.467559-0.062112j,11.879780
0.935242-0.389975j,0.115859+2.148477j,0.467375-0.061883j,11.881950
0.935101-0.389004j,0.116144+2.148241j,0.467191-0.061653j,11.884119
0.934959-0.388033j,0.116429+2.148004j,0.467006-0.061423j,11.886287
0.934816-0.387062j,0.116714+2.147767j,0.466822-0.061194j,11.888456
0.934672-0.386092j,0.116999+2.147531j,0.466637-0.060965j,11.890623
0.934528-0.385123j,0.117284+2.147295j,0.466452-0.060736j,11.892790
0.934383-0.384155j,0.117568+2.147058j,0.466267-0.060508j,11.894957
0.934237-0.383187j,0.117853+2.146822j,0.466082-0.060279j,11.897123
0.934091-0.382219j,0.118138+2.146586j,0.465897-0.060051j,11.899289
0.933943-0.381253j,0.118422+2.146350j,0.465711-0.059823j,11.901454
0.933795-0.380286j,0.118706+2.146115j,0.465526-0.059596j,11.903618
0.933647-0.379321j,0.118990+2.145879j,0.465340-0.059368j,11.905782
0.933497-0.378356j,0.119274+2.145643j,0.465154-0.059141j,11.907946
0.933347-0.377392j,0.119558+2.145408j,0.464968-0.058914j,11.910109
0.933196-0.376428j,0.119842+2.145172j,0.464782-0.058687j,11.912271
0.933044-0.375465j,0.120126+2.144937j,0.464595-0.058460j,11.914433
0.932892-0.374502j,0.120410+2.144702j,0.464409-0.058234j,11.916594
0.932739-0.373540j,0.120693+2.144467j,0.464222-0.058008j,11.918755
0.932585-0.372579j,0.120977+2.144232j,0.464035-0.057782j,11.920916
0.932431-0.371618j,0.121260+2.143997j,0.463848-0.057556j,11.923076
0.932276-0.370658j,0.121543+2.143763j,0.463661-0.057330j,11.925235
0.932120-0.369699j,0.121826+2.143528j,0.463474-0.057105j,11.927394
0.931963-0.368740j,0.122110+2.143293j,0.463287-0.056880j,11.929552
0.931805-0.367782j,0.122392+2.143059j,0.463099-0.056655j,11.931710
0.931647-0.366824j,0.122675+2.142825j,0.462911-0.056430j,11.933868
0.931489-0.365867j,0.122958+2.142591j,0.462724-0.056205j,11.936024
0.931329-0.364910j,0.123241+2.142357j,0.462536-0.055981j,11.938181
0.931169-0.363954j,0.123523+2.142123j,0.462348-0.055757j,11.940337
0.931008-0.362999j,0.123806+2.141889j,0.462159-0.055533j,11.942492
0.930846-0.362045j,0.124088+2.141655j,0.461971-0.055309j,11.944647
0.930684-0.361091j,0.124370+2.141421j,0.461783-0.055086j,11.946801
0.930521-0.360137j,0.124653+2.141188j,0.461594-0.054863j,11.948955
0.930357-0.359184j,0.124935+2.140954j,0.461405-0.054640j,11.951108
0.930192-0.358232j,0.125217+2.140721j,0.461216-0.054417j,11.953261
0.930027-0.357281j,0.125498+2.140488j,0.461027-0.054194j,11.955413
0.929861-0.356330j,0.125780+2.140255j,0.460838-0.053972j,11.957565
0.929694-0.355379j,0.126062+2.140022j,0.460648-0.053750j,11.959716
0.929527-0.354430j,0.126343+2.139789j,0.460459-0.053528j,11.961867
0.929359-0.353480j,0.126625+2.139556j,0.460269-0.053306j,11.964017
0.929190-0.352532j,0.126906+2.139323j,0.460080-0.053084j,11.966167
0.929021-0.351584j,0.127187+2.139091j,0.459890-0.052863j,11.968316
0.928850-0.350637j,0.127468+2.138858j,0.459700-0.052642j,11.970465
0.928679-0.349690j,0.127749+2.138626j,0.459509-0.052421j,11.972613
0.928508-0.348744j,0.128030+2.138394j,0.459319-0.052200j,11.974761
0.928336-0.347798j,0.128311+2.138162j,0.459129-0.051980j,11.976908
0.928163-0.346854j,0.128592+2.137930j,0.458938-0.051760j,11.979055
0.927989-0.345909j,0.128872+2.137698j,0.458747-0.051540j,11.981201
0.927814-0.344966j,0.129153+2.137466j,0.458556-0.051320j,11.983347
0.927639-0.344023j,0.129433+2.137234j,0.458365-0.051100j,11.985492
0.927464-0.343080j,0.129713+2.137002j,0.458174-0.050881j,11.987637
0.927287-0.342139j,0.129994+2.136771j,0.457983-0.050661j,11.989781
0.927110-0.341197j,0.130274+2.136540j,0.457791-0.050442j,11.991925
0.926932-0.340257j,0.130554+2.136308j,0.457600-0.050224j,11.994068
0.926753-0.339317j,0.130833+2.136077j,0.457408-0.050005j,11.996211
0.926574-0.338378j,0.131113+2.135846j,0.457216-0.049787j,11.998353
0.926394-0.337439j,0.131393+2.135615j,0.457024-0.049568j,12.000495
0.926214-0.336501j,0.131672+2.135384j,0.456832-0.049350j,12.002636
0.926032-0.335563j,0.131952+2.135153j,0.456640-0.049133j,12.004777
0.925850-0.334627j,0.132231+2.134923j,0.456448-0.048915j,12.006917
0.925667-0.333690j,0.132510+2.134692j,0.456255-0.048698j,12.009057
0.925484-0.332755j,0.132789+2.134462j,0.456063-0.048481j,12.011196
0.925300-0.331820j,0.133068+2.134231j,0.455870-0.048264j,12.013335
0.925115-0.330885j,0.133347+2.134001j,0.455677-0.048047j,12.015473
0.924930-0.329952j,0.133626+2.133771j,0.455484-0.047831j,12.017611
0.924744-0.329019j,0.133905+2.133541j,0.455291-0.047614j,12.019748
0.924557-0.328086j,0.134183+2.133311j,0.455098-0.047398j,12.021885
0.924369-0.327154j,0.134461+2.133081j,0.454904-0.047182j,12.024021
0.924181-0.326223j,0.134740+2.132852j,0.454711-0.046967j,12.026157
0.923992-0.325292j,0.135018+2.132622j,0.454517-0.046751j,12.028292
0.923803-0.324362j,0.135296+2.132393j,0.454323-0.046536j,12.030427
0.923612-0.323433j,0.135574+2.132163j,0.454129-0.046321j,12.032561
0.923422-0.322504j,0.135852+2.131934j,0.453935-0.046106j,12.034695
0.923230-0.321576j,0.136130+2.131705j,0.453741-0.045891j,12.036829
0.923038-0.320648j,0.136407+2.131476j,0.453547-0.045677j,12.038961
0.922845-0.319721j,0.136685+2.131247j,0.453352-0.045463j,12.041094
0.922651-0.318795j,0.136962+2.131018j,0.453158-0.045249j,12.043226
0.922457-0.317869j,0.137240+2.130789j,0.452963-0.045035j,12.045357
0.922262-0.316944j,0.137517+2.130561j,0.452768-0.044821j,12.047488
0.922066-0.316020j,0.137794+2.130332j,0.452573-0.044608j,12.049618
0.921870-0.315096j,0.138071+2.130104j,0.452378-0.044395j,12.051748
0.921673-0.314173j,0.138348+2.129875j,0.452183-0.044182j,12.053878
0.921475-0.313250j,0.138625+2.129647j,0.451988-0.043969j,12.056006
0.921277-0.312328j,0.138901+2.129419j,0.451792-0.043757j,12.058135
0.921078-0.311407j,0.139178+2.129191j,0.451597-0.043544j,12.060263
0.920878-0.310486j,0.139454+2.128963j,0.451401-0.043332j,12.062390
0.920678-0.309566j,0.139731+2.128735j,0.451205-0.043120j,12.064517
0.920477-0.308647j,0.140007+2.128508j,0.451009-0.042908j,12.066644
0.920276-0.307728j,0.140283+2.128280j,0.450813-0.042697j,12.068770
0.920073-0.306810j,0.140559+2.128053j,0.450617-0.042486j,12.070895
0.919870-0.305892j,0.140835+2.127825j,0.450421-0.042274j,12.073020
0.919667-0.304975j,0.141110+2.127598j,0.450224-0.042064j,12.075145
0.919462-0.304059j,0.141386+2.127371j,0.450028-0.041853j,12.077269
0.919257-0.303143j,0.141661+2.127144j,0.449831-0.041642j,12.079392
0.919052-0.302228j,0.141937+2.126917j,0.449634-0.041432j,12.081516
0.918846-0.301314j,0.142212+2.126690j,0.449437-0.041222j,12.083638
0.918639-0.300400j,0.142487+2.126463j,0.449240-0.041012j,12.085760
0.918431-0.299487j,0.142762+2.126237j,0.449043-0.040802j,12.087882
0.918223-0.298574j,0.143037+2.126010j,0.448846-0.040593j,12.090003
0.918014-0.297662j,0.143312+2.125784j,0.448648-0.040384j,12.092124
0.917804-0.296751j,0.143587+2.125558j,0.448451-0.040175j,12.094244
0.917594-0.295840j,0.143861+2.125331j,0.448253-0.039966j,12.096364
0.917383-0.294930j,0.144136+2.125105j,0.448055-0.039757j,12.098483
0.917172-0.294021j,0.144410+2.124879j,0.447858-0.039549j,12.100602
0.916960-0.293112j,0.144684+2.124653j,0.447660-0.039340j,12.102720
0.916747-0.292204j,0.144958+2.124428j,0.447461-0.039132j,12.104838
0.916534-0.291296j,0.145232+2.124202j,0.447263-0.038925j,12.106955
0.916319-0.290390j,0.145506+2.123976j,0.447065-0.038717j,12.109072
0.916105-0.289483j,0.145780+2.123751j,0.446866-0.038509j,12.111188
0.915889-0.288578j,0.146054+2.123526j,0.446668-0.038302j,12.113304
0.915673-0.287673j,0.146327+2.123300j,0.446469-0.038095j,12.115419
0.915457-0.286768j,0.146601+2.123075j,0.446270-0.037888j,12.117534
0.915239-0.285864j,0.146874+2.122850j,0.446071-0.037682j,12.119649
0.915021-0.284961j,0.147147+2.122625j,0.445872-0.037475j,12.121763
0.914803-0.284059j,0.147420+2.122400j,0.445673-0.037269j,12.123876
0.914583-0.283157j,0.147693+2.122176j,0.445474-0.037063j,12.125989
0.914364-0.282256j,0.147966+2.121951j,0.445275-0.036857j,12.128102
0.914143-0.281355j,0.148239+2.121726j,0.445075-0.036652j,12.130214
0.913922-0.280455j,0.148511+2.121502j,0.444876-0.036446j,12.132325
0.913700-0.279556j,0.148784+2.121278j,0.444676-0.036241j,12.134437
0.913478-0.278657j,0.149056+2.121053j,0.444476-0.036036j,12.136547
0.913254-0.277759j,0.149328+2.120829j,0.444276-0.035831j,12.138657
0.913031-0.276862j,0.149600+2.120605j,0.444076-0.035627j,12.140767
0.912806-0.275965j,0.149872+2.120381j,0.443876-0.035422j,12.142876
0.912581-0.275069j,0.150144+2.120158j,0.443676-0.035218j,12.144985
0.912356-0.274173j,0.150416+2.119934j,0.443475-0.035014j,12.147093
0.912130-0.273278j,0.150687+2.119710j,0.443275-0.034811j,12.149201
0.911903-0.272384j,0.150959+2.119487j,0.443074-0.034607j,12.151308
0.911675-0.271490j,0.151230+2.119263j,0.442873-0.034404j,12.153415
0.911447-0.270597j,0.151501+2.119040j,0.442672-0.034200j,12.155522
0.911218-0.269705j,0.151772+2.118817j,0.442472-0.033998j,12.157628
0.910989-0.268813j,0.152043+2.118594j,0.442270-0.033795j,12.159733
0.910759-0.267922j,0.152314+2.118371j,0.442069-0.033592j,12.161838
0.910528-0.267032j,0.152585+2.118148j,0.441868-0.033390j,12.163942
0.910297-0.266142j,0.152856+2.117925j,0.441667-0.033188j,12.166046
0.910065-0.265253j,0.153126+2.117703j,0.441465-0.032986j,12.168150
0.909832-0.264364j,0.153396+2.117480j,0.441264-0.032784j,12.170253
0.909599-0.263476j,0.153667+2.117258j,0.441062-0.032582j,12.172356
0.909366-0.262589j,0.153937+2.117035j,0.440860-0.032381j,12.174458
0.909131-0.261702j,0.154207+2.116813j,0.440658-0.032180j,12.176560
0.908896-0.260816j,0.154477+2.116591j,0.440456-0.031979j,12.178661
0.908661-0.259931j,0.154746+2.116369j,0.440254-0.031778j,12.180762
0.908424-0.259046j,0.155016+2.116147j,0.440052-0.031578j,12.182862
0.908187-0.258162j,0.155285+2.115925j,0.439850-0.031377j,12.184962
0.907950-0.257278j,0.155555+2.115703j,0.439647-0.031177j,12.187061
0.907712-0.256396j,0.155824+2.115482j,0.439445-0.030977j,12.189160
0.907473-0.255513j,0.156093+2.115260j,0.439242-0.030777j,12.191258
0.907234-0.254632j,0.156362+2.115039j,0.439039-0.030578j,12.193356
0.906994-0.253751j,0.156631+2.114817j,0.438836-0.030378j,12.195454
0.906753-0.252871j,0.156900+2.114596j,0.438633-0.030179j,12.197551
0.906512-0.251991j,0.157168+2.114375j,0.438430-0.029980j,12.199648
0.906270-0.251112j,0.157437+2.114154j,0.438227-0.029782j,12.201744
0.906028-0.250234j,0.157705+2.113933j,0.438024-0.029583j,12.203839
0.905785-0.249356j,0.157973+2.113712j,0.437820-0.029385j,12.205934
0.905541-0.248479j,0.158241+2.113492j,0.437617-0.029186j,12.208029
0.905297-0.247602j,0.158509+2.113271j,0.437413-0.028989j,12.210123
0.905052-0.246726j,0.158777+2.113051j,0.437210-0.028791j,12.212217
0.904807-0.245851j,0.159045+2.112830j,0.437006-0.028593j,12.214311
0.904561-0.244977j,0.159313+2.112610j,0.436802-0.028396j,12.216403
0.904314-0.244103j,0.159580+2.112390j,0.436598-0.028199j,12.218496
0.904067-0.243230j,0.159847+2.112170j,0.436394-0.028002j,12.220588
0.903819-0.242357j,0.160115+2.111950j,0.436190-0.027805j,12.222679
0.903571-0.241485j,0.160382+2.111730j,0.435986-0.027608j,12.224770
0.903322-0.240614j,0.160649+2.111510j,0.435781-0.027412j,12.226861
0.903072-0.239743j,0.160915+2.111290j,0.435577-0.027216j,12.228951
0.902822-0.238873j,0.161182+2.111071j,0.435372-0.027020j,12.231041
0.902571-0.238004j,0.161449+2.110851j,0.435168-0.026824j,12.233130
0.902319-0.237135j,0.161715+2.110632j,0.434963-0.026628j,12.235219
0.902067-0.236267j,0.161981+2.110412j,0.434758-0.026433j,12.237307
0.901815-0.235399j,0.162247+2.110193j,0.434553-0.026238j,12.239395
0.901561-0.234532j,0.162513+2.109974j,0.434348-0.026043j,12.241482
0.901308-0.233666j,0.162779+2.109755j,0.434143-0.025848j,12.243569
0.901053-0.232801j,0.163045+2.109536j,0.433938-0.025653j,12.245656
0.900798-0.231936j,0.163311+2.109318j,0.433732-0.025459j,12.247742
0.900543-0.231071j,0.163576+2.109099j,0.433527-0.025265j,12.249827
0.900286-0.230208j,0.163842+2.108880j,0.433321-0.025071j,12.251912
0.900030-0.229345j,0.164107+2.108662j,0.433116-0.024877j,12.253997
0.899772-0.228482j,0.164372+2.108443j,0.432910-0.024683j,12.256081
0.899514-0.227621j,0.164637+2.108225j,0.432704-0.024490j,12.258165
0.899256-0.226760j,0.164902+2.108007j,0.432498-0.024297j,12.260248
0.898997-0.225899j,0.165166+2.107789j,0.432292-0.024104j,12.262331
0.898737-0.225039j,0.165431+2.107571j,0.432086-0.023911j,12.264414
0.898477-0.224180j,0.165695+2.107353j,0.431880-0.023718j,12.266496
0.898216-0.223322j,0.165960+2.107135j,0.431674-0.023526j,12.268577
0.897954-0.222464j,0.166224+2.106918j,0.431467-0.023334j,12.270658
0.897692-0.221607j,0.166488+2.106700j,0.431261-0.023142j,12.272739
0.897429-0.220750j,0.166752+2.106483j,0.431054-0.022950j,12.274819
0.897166-0.219894j,0.167015+2.106265j,0.430848-0.022758j,12.276899
0.896902-0.219039j,0.167279+2.106048j,0.430641-0.022567j,12.278978
0.896638-0.218184j,0.167543+2.105831j,0.430434-0.022375j,12.281057
0.896373-0.217331j,0.167806+2.105614j,0.430227-0.022184j,12.283135
0.896107-0.216477j,0.168069+2.105397j,0.430020-0.021993j,12.285213
0.895841-0.215625j,0.168332+2.105180j,0.429813-0.021803j,12.287290
0.895575-0.214772j,0.168595+2.104963j,0.429606-0.021612j,12.289367
0.895307-0.213921j,0.168858+2.104746j,0.429399-0.021422j,12.291444
0.895040-0.213070j,0.169121+2.104530j,0.429192-0.021232j,12.293520
0.894771-0.212220j,0.169383+2.104313j,0.428984-0.021042j,12.295596
0.894502-0.211371j,0.169646+2.104097j,0.428777-0.020852j,12.297671
0.894233-0.210522j,0.169908+2.103881j,0.428569-0.020663j,12.299746
0.893962-0.209674j,0.170170+2.103664j,0.428361-0.020473j,12.301820
0.893692-0.208826j,0.170432+2.103448j,0.428154-0.020284j,12.303894
0.893420-0.207979j,0.170694+2.103232j,0.427946-0.020095j,12.305967
0.893149-0.207133j,0.170955+2.103017j,0.427738-0.019907j,12.308040
0.892876-0.206288j,0.171217+2.102801j,0.427530-0.019718j,12.310113
0.892603-0.205443j,0.171478+2.102585j,0.427322-0.019530j,12.312185
0.892330-0.204598j,0.171740+2.102369j,0.427113-0.019342j,12.314257
0.892055-0.203755j,0.172001+2.102154j,0.426905-0.019154j,12.316328
0.891781-0.202912j,0.172262+2.101939j,0.426697-0.018966j,12.318399
0.891506-0.202070j,0.172523+2.101723j,0.426488-0.018778j,12.320469
0.891230-0.201228j,0.172783+2.101508j,0.426280-0.018591j,12.322539
0.890953-0.200387j,0.173044+2.101293j,0.426071-0.018404j,12.324608
0.890676-0.199546j,0.173305+2.101078j,0.425862-0.018217j,12.326677
0.890399-0.198707j,0.173565+2.100863j,0.425653-0.018030j,12.328746
0.890121-0.197868j,0.173825+2.100648j,0.425445-0.017843j,12.330814
0.889842-0.197029j,0.174085+2.100434j,0.425236-0.017657j,12.332882
0.889563-0.196191j,0.174345+2.100219j,0.425027-0.017471j,12.334949
0.889283-0.195354j,0.174605+2.100005j,0.424817-0.017285j,12.337016
0.889003-0.194518j,0.174864+2.099790j,0.424608-0.017099j,12.339082
0.888722-0.193682j,0.175124+2.099576j,0.424399-0.016913j,12.341148
0.888441-0.192847j,0.175383+2.099362j,0.424190-0.016728j,12.343214
0.888159-0.192012j,0.175642+2.099147j,0.423980-0.016542j,12.345279
0.887876-0.191178j,0.175901+2.098933j,0.423771-0.016357j,12.347343
0.887593-0.190345j,0.176160+2.098720j,0.423561-0.016172j,12.349407
0.887310-0.189512j,0.176419+2.098506j,0.423351-0.015988j,12.351471
0.887026-0.188680j,0.176678+2.098292j,0.423142-0.015803j,12.353534
0.886741-0.187849j,0.176936+2.098078j,0.422932-0.015619j,12.355597
0.886456-0.187019j,0.177194+2.097865j,0.422722-0.015435j,12.357660
0.886170-0.186189j,0.177453+2.097651j,0.422512-0.015251j,12.359722
0.885883-0.185359j,0.177711+2.097438j,0.422302-0.015067j,12.361783
0.885597-0.184531j,0.177969+2.097225j,0.422091-0.014883j,12.363845
0.885309-0.183702j,0.178226+2.097012j,0.421881-0.014700j,12.365905
0.885021-0.182875j,0.178484+2.096799j,0.421671-0.014517j,12.367966
0.884733-0.182048j,0.178741+2.096586j,0.421461-0.014334j,12.370025
0.884443-0.181222j,0.178999+2.096373j,0.421250-0.014151j,12.372085
0.884154-0.180397j,0.179256+2.096160j,0.421040-0.013969j,12.374144
0.883864-0.179572j,0.179513+2.095947j,0.420829-0.013786j,12.376202
0.883573-0.178748j,0.179770+2.095735j,0.420618-0.013604j,12.378260
0.883282-0.177924j,0.180026+2.095522j,0.420407-0.013422j,12.380318
0.882990-0.177102j,0.180283+2.095310j,0.420197-0.013240j,12.382375
0.882698-0.176279j,0.180540+2.095098j,0.419986-0.013058j,12.384432
0.882405-0.175458j,0.180796+2.094885j,0.419775-0.012877j,12.386489
0.882111-0.174637j,0.181052+2.094673j,0.419564-0.012696j,12.388544
0.881817-0.173817j,0.181308+2.094461j,0.419353-0.012515j,12.390600
0.881523-0.172997j,0.181564+2.094249j,0.419141-0.012334j,12.392655
0.881228-0.172178j,0.181820+2.094038j,0.418930-0.012153j,12.394710
0.880932-0.171360j,0.182075+2.093826j,0.418719-0.011973j,12.396764
0.880636-0.170542j,0.182331+2.093614j,0.418507-0.011792j,12.398818
0.880340-0.169726j,0.182586+2.093403j,0.418296-0.011612j,12.400871
0.880043-0.168909j,0.182841+2.093191j,0.418084-0.011432j,12.402924
0.879745-0.168094j,0.183096+2.092980j,0.417873-0.011252j,12.404977
0.879447-0.167279j,0.183351+2.092769j,0.417661-0.011073j,12.407029
0.879148-0.166464j,0.183605+2.092558j,0.417449-0.010894j,12.409081
0.878849-0.165651j,0.183860+2.092347j,0.417237-0.010714j,12.411132
0.878549-0.164838j,0.184114+2.092136j,0.417025-0.010535j,12.413183
0.878249-0.164025j,0.184369+2.091925j,0.416813-0.010357j,12.415233
0.877948-0.163213j,0.184623+2.091714j,0.416601-0.010178j,12.417283
0.877646-0.162402j,0.184877+2.091503j,0.416389-0.009999j,12.419333
0.877345-0.161592j,0.185130+2.091293j,0.416177-0.009821j,12.421382
0.877042-0.160782j,0.185384+2.091082j,0.415965-0.009643j,12.423430
0.876739-0.159973j,0.185637+2.090872j,0.415752-0.009465j,12.425479
0.876436-0.159165j,0.185891+2.090662j,0.415540-0.009288j,12.427527
0.876132-0.158357j,0.186144+2.090451j,0.415327-0.009110j,12.429574
0.875827-0.157550j,0.186397+2.090241j,0.415115-0.008933j,12.431621
0.875522-0.156743j,0.186650+2.090031j,0.414902-0.008756j,12.433668
0.875217-0.155937j,0.186903+2.089821j,0.414690-0.008579j,12.435714
0.874911-0.155132j,0.187155+2.089611j,0.414477-0.008402j,12.437759
0.874604-0.154328j,0.187408+2.089402j,0.414264-0.008225j,12.439805
0.874297-0.153524j,0.187660+2.089192j,0.414051-0.008049j,12.441850
0.873989-0.152721j,0.187912+2.088982j,0.413838-0.007873j,12.443894
0.873681-0.151918j,0.188164+2.088773j,0.413625-0.007697j,12.445938
0.873373-0.151116j,0.188416+2.088564j,0.413412-0.007521j,12.447982
0.873064-0.150315j,0.188667+2.088354j,0.413199-0.007346j,12.450025
0.872754-0.149514j,0.188919+2.088145j,0.412986-0.007170j,12.452068
0.872444-0.148714j,0.189170+2.087936j,0.412773-0.006995j,12.454110
0.872133-0.147915j,0.189421+2.087727j,0.412559-0.006820j,12.456152
0.871822-0.147116j,0.189672+2.087518j,0.412346-0.006645j,12.458194
0.871510-0.146318j,0.189923+2.087309j,0.412133-0.006470j,12.460235
0.871198-0.145521j,0.190174+2.087101j,0.411919-0.006296j,12.462276
0.870885-0.144725j,0.190425+2.086892j,0.411705-0.006121j,12.464316
0.870572-0.143929j,0.190675+2.086683j,0.411492-0.005947j,12.466356
0.870258-0.143133j,0.190925+2.086475j,0.411278-0.005773j,12.468395
0.869944-0.142339j,0.191175+2.086267j,0.411064-0.005600j,12.470434
0.869629-0.141544j,0.191425+2.086058j,0.410851-0.005426j,12.472473
0.869314-0.140751j,0.191675+2.085850j,0.410637-0.005253j,12.474511
0.868998-0.139958j,0.191925+2.085642j,0.410423-0.005079j,12.476549
0.868682-0.139166j,0.192174+2.085434j,0.410209-0.004906j,12.478587
0.868365-0.138375j,0.192424+2.085226j,0.409995-0.004733j,12.480624
0.868048-0.137584j,0.192673+2.085018j,0.409781-0.004561j,12.482660
0.867730-0.136794j,0.192922+2.084811j,0.409566-0.004388j,12.484696
0.867412-0.136005j,0.193171+2.084603j,0.409352-0.004216j,12.486732
0.867094-0.135216j,0.193419+2.084396j,0.409138-0.004044j,12.488767
0.866774-0.134428j,0.193668+2.084188j,0.408924-0.003872j,12.490802
0.866455-0.133640j,0.193916+2.083981j,0.408709-0.003700j,12.492837
0.866134-0.132854j,0.194165+2.083773j,0.408495-0.003529j,12.494871
0.865814-0.132067j,0.194413+2.083566j,0.408280-0.003357j,12.496905
0.865492-0.131282j,0.194661+2.083359j,0.408066-0.003186j,12.498938
0.865171-0.130497j,0.194908+2.083152j,0.407851-0.003015j,12.500971
0.864848-0.129713j,0.195156+2.082945j,0.407636-0.002844j,12.503003
0.864526-0.128929j,0.195403+2.082738j,0.407422-0.002674j,12.505035
0.864203-0.128147j,0.195651+2.082532j,0.407207-0.002503j,12.507067
0.863879-0.127364j,0.195898+2.082325j,0.406992-0.002333j,12.509098
0.863555-0.126583j,0.196145+2.082119j,0.406777-0.002163j,12.511129
0.863230-0.125802j,0.196392+2.081912j,0.406562-0.001993j,12.513159
0.862905-0.125022j,0.196638+2.081706j,0.406347-0.001823j,12.515189
0.862579-0.124242j,0.196885+2.081499j,0.406132-0.001654j,12.517219
0.862253-0.123463j,0.197131+2.081293j,0.405917-0.001485j,12.519248
0.861927-0.122685j,0.197377+2.081087j,0.405702-0.001315j,12.521277
0.861600-0.121908j,0.197623+2.080881j,0.405486-0.001146j,12.523305
0.861272-0.121131j,0.197869+2.080675j,0.405271-0.000978j,12.525333
0.860944-0.120354j,0.198115+2.080469j,0.405056-0.000809j,12.527361
0.860615-0.119579j,0.198360+2.080264j,0.404840-0.000641j,12.529388
0.860286-0.118804j,0.198606+2.080058j,0.404625-0.000472j,12.531415
0.859957-0.118030j,0.198851+2.079852j,0.404409-0.000304j,12.533441
0.859627-0.117256j,0.199096+2.079647j,0.404194-0.000136j,12.535467
0.859297-0.116483j,0.199341+2.079441j,0.403978+0.000031j,12.537493
0.858966-0.115711j,0.199585+2.079236j,0.403763+0.000199j,12.539518
0.858634-0.114939j,0.199830+2.079031j,0.403547+0.000366j,12.541543
0.858302-0.114168j,0.200074+2.078826j,0.403331+0.000533j,12.543567
0.857970-0.113398j,0.200318+2.078621j,0.403115+0.000700j,12.545591
0.857637-0.112628j,0.200563+2.078416j,0.402900+0.000867j,12.547614
0.857304-0.111859j,0.200806+2.078211j,0.402684+0.001034j,12.549638
0.856970-0.111091j,0.201050+2.078006j,0.402468+0.001200j,12.551660
0.856636-0.110323j,0.201294+2.077801j,0.402252+0.001366j,12.553683
0.856301-0.109556j,0.201537+2.077597j,0.402036+0.001532j,12.555705
0.855966-0.108790j,0.201780+2.077392j,0.401820+0.001698j,12.557726
0.855630-0.108024j,0.202023+2.077188j,0.401603+0.001864j,12.559747
0.855294-0.107259j,0.202266+2.076983j,0.401387+0.002030j,12.561768
0.854958-0.106495j,0.202509+2.076779j,0.401171+0.002195j,12.563788
0.854621-0.105731j,0.202752+2.076575j,0.400955+0.002360j,12.565808
0.854283-0.104968j,0.202994+2.076371j,0.400738+0.002525j,12.567828
0.853945-0.104205j,0.203236+2.076167j,0.400522+0.002690j,12.569847
0.853607-0.103444j,0.203478+2.075963j,0.400306+0.002855j,12.571866
0.853268-0.102682j,0.203720+2.075759j,0.400089+0.003019j,12.573884
0.852928-0.101922j,0.203962+2.075555j,0.399873+0.003183j,12.575902
0.852588-0.101162j,0.204204+2.075351j,0.399656+0.003347j,12.577919
0.852248-0.100403j,0.204445+2.075148j,0.399439+0.003511j,12.579937
0.851907-0.099645j,0.204686+2.074944j,0.399223+0.003675j,12.581953
0.851566-0.098887j,0.204927+2.074741j,0.399006+0.003838j,12.583970
0.851224-0.098130j,0.205168+2.074538j,0.398789+0.004002j,12.585986
0.850882-0.097373j,0.205409+2.074334j,0.398573+0.004165j,12.588001
0.850540-0.096618j,0.205650+2.074131j,0.398356+0.004328j,12.590016
0.850196-0.095862j,0.205890+2.073928j,0.398139+0.004491j,12.592031
0.849853-0.095108j,0.206130+2.073725j,0.397922+0.004654j,12.594046
0.849509-0.094354j,0.206370+2.073522j,0.397705+0.004816j,12.596060
0.849164-0.093601j,0.206610+2.073319j,0.397488+0.004978j,12.598073
0.848820-0.092849j,0.206850+2.073117j,0.397271+0.005140j,12.600086
0.848474-0.092097j,0.207089+2.072914j,0.397054+0.005302j,12.602099
0.848128-0.091346j,0.207329+2.072711j,0.396837+0.005464j,12.604112
0.847782-0.090595j,0.207568+2.072509j,0.396620+0.005626j,12.606124
0.847435-0.089845j,0.207807+2.072306j,0.396403+0.005787j,12.608135
0.847088-0.089096j,0.208046+2.072104j,0.396185+0.005948j,12.610147
0.846741-0.088347j,0.208285+2.071902j,0.395968+0.006109j,12.612157
0.846393-0.087600j,0.208523+2.071700j,0.395751+0.006270j,12.614168
0.846044-0.086852j,0.208762+2.071497j,0.395533+0.006431j,12.616178
0.845695-0.086106j,0.209000+2.071295j,0.395316+0.006591j,12.618188
0.845346-0.085360j,0.209238+2.071094j,0.395099+0.006752j,12.620197
0.844996-0.084615j,0.209476+2.070892j,0.394881+0.006912j,12.622206
0.844646-0.083870j,0.209713+2.070690j,0.394664+0.007072j,12.624214
0.844295-0.083126j,0.209951+2.070488j,0.394446+0.007232j,12.626223
0.843944-0.082383j,0.210188+2.070287j,0.394228+0.007391j,12.628230
0.843592-0.081641j,0.210425+2.070085j,0.394011+0.007551j,12.630238
0.843240-0.080899j,0.210662+2.069884j,0.393793+0.007710j,12.632245
0.842887-0.080157j,0.210899+2.069682j,0.393575+0.007869j,12.634251
0.842535-0.079417j,0.211136+2.069481j,0.393358+0.008028j,12.636257
0.842181-0.078677j,0.211372+2.069280j,0.393140+0.008187j,12.638263
0.841827-0.077938j,0.211609+2.069079j,0.392922+0.008345j,12.640269
0.841473-0.077199j,0.211845+2.068878j,0.392704+0.008504j,12.642274
0.841118-0.076461j,0.212081+2.068677j,0.392486+0.008662j,12.644278
0.840763-0.075724j,0.212316+2.068476j,0.392268+0.008820j,12.646283
0.840408-0.074987j,0.212552+2.068275j,0.392051+0.008978j,12.648287
0.840052-0.074251j,0.212787+2.068074j,0.391833+0.009135j,12.650290
0.839695-0.073516j,0.213023+2.067874j,0.391615+0.009293j,12.652293
0.839338-0.072781j,0.213258+2.067673j,0.391396+0.009450j,12.654296
0.838981-0.072047j,0.213493+2.067473j,0.391178+0.009607j,12.656298
0.838623-0.071314j,0.213727+2.067272j,0.390960+0.009764j,12.658300
0.838265-0.070582j,0.213962+2.067072j,0.390742+0.009921j,12.660302
0.837906-0.069850j,0.214196+2.066872j,0.390524+0.010078j,12.662303
0.837547-0.069118j,0.214431+2.066672j,0.390306+0.010234j,12.664304
0.837188-0.068388j,0.214665+2.066472j,0.390087+0.010390j,12.666304
0.836828-0.067658j,0.214898+2.066272j,0.389869+0.010547j,12.668304
0.836468-0.066928j,0.215132+2.066072j,0.389651+0.010702j,12.670304
0.836107-0.066200j,0.215366+2.065872j,0.389433+0.010858j,12.672303
0.835746-0.065472j,0.215599+2.065672j,0.389214+0.011014j,12.674302
0.835384-0.064744j,0.215832+2.065472j,0.388996+0.011169j,12.676301
0.835022-0.064018j,0.216065+2.065273j,0.388777+0.011324j,12.678299
0.834660-0.063292j,0.216298+2.065073j,0.388559+0.011479j,12.680297
0.834297-0.062566j,0.216530+2.064874j,0.388340+0.011634j,12.682294
0.833933-0.061842j,0.216763+2.064674j,0.388122+0.011789j,12.684291
0.833570-0.061118j,0.216995+2.064475j,0.387903+0.011944j,12.686288
0.833206-0.060394j,0.217227+2.064276j,0.387685+0.012098j,12.688284
0.832841-0.059672j,0.217459+2.064077j,0.387466+0.012252j,12.690280
0.832476-0.058950j,0.217691+2.063878j,0.387247+0.012406j,12.692275
0.832111-0.058228j,0.217922+2.063679j,0.387029+0.012560j,12.694270
0.831745-0.057507j,0.218154+2.063480j,0.386810+0.012714j,12.696265
0.831379-0.056787j,0.218385+2.063281j,0.386591+0.012867j,12.698260
0.831012-0.056068j,0.218616+2.063082j,0.386373+0.013020j,12.700254
0.830645-0.055349j,0.218847+2.062884j,0.386154+0.013173j,12.702247
0.830277-0.054631j,0.219077+2.062685j,0.385935+0.013326j,12.704241
0.829910-0.053914j,0.219308+2.062486j,0.385716+0.013479j,12.706233
0.829541-0.053197j,0.219538+2.062288j,0.385497+0.013632j,12.708226
0.829173-0.052481j,0.219768+2.062090j,0.385279+0.013784j,12.710218
0.828803-0.051766j,0.219998+2.061891j,0.385060+0.013937j,12.712210
0.828434-0.051051j,0.220228+2.061693j,0.384841+0.014089j,12.714201
0.828064-0.050337j,0.220457+2.061495j,0.384622+0.014241j,12.716192
0.827694-0.049623j,0.220687+2.061297j,0.384403+0.014392j,12.718183
0.827323-0.048911j,0.220916+2.061099j,0.384184+0.014544j,12.720173
0.826952-0.048199j,0.221145+2.060901j,0.383965+0.014695j,12.722163
0.826580-0.047487j,0.221374+2.060703j,0.383746+0.014847j,12.724152
0.826208-0.046776j,0.221602+2.060505j,0.383527+0.014998j,12.726142
0.825836-0.046066j,0.221831+2.060308j,0.383307+0.015148j,12.728130
0.825463-0.045357j,0.222059+2.060110j,0.383088+0.015299j,12.730119
0.825090-0.044648j,0.222287+2.059912j,0.382869+0.015450j,12.732107
0.824716-0.043940j,0.222515+2.059715j,0.382650+0.015600j,12.734095
0.824342-0.043233j,0.222743+2.059518j,0.382431+0.015750j,12.736082
0.823968-0.042526j,0.222970+2.059320j,0.382212+0.015900j,12.738069
0.823593-0.041820j,0.223198+2.059123j,0.381992+0.016050j,12.740055
0.823218-0.041114j,0.223425+2.058926j,0.381773+0.016200j,12.742042
0.822842-0.040409j,0.223652+2.058729j,0.381554+0.016349j,12.744027
0.822466-0.039705j,0.223879+2.058532j,0.381335+0.016499j,12.746013
0.822089-0.039002j,0.224105+2.058335j,0.381115+0.016648j,12.747998
0.821713-0.038299j,0.224332+2.058138j,0.380896+0.016797j,12.749983
0.821335-0.037597j,0.224558+2.057941j,0.380676+0.016946j,12.751967
0.820958-0.036895j,0.224784+2.057744j,0.380457+0.017094j,12.753951
0.820580-0.036195j,0.225010+2.057548j,0.380238+0.017243j,12.755935
0.820201-0.035494j,0.225236+2.057351j,0.380018+0.017391j,12.757918
0.819823-0.034795j,0.225461+2.057154j,0.379799+0.017539j,12.759901
0.819444-0.034096j,0.225687+2.056958j,0.379579+0.017687j,12.761883
0.819064-0.033398j,0.225912+2.056762j,0.379360+0.017835j,12.763865
0.818684-0.032700j,0.226137+2.056565j,0.379140+0.017983j,12.765847
0.818304-0.032004j,0.226361+2.056369j,0.378921+0.018130j,12.767829
0.817923-0.031307j,0.226586+2.056173j,0.378701+0.018277j,12.769810
0.817542-0.030612j,0.226810+2.055977j,0.378482+0.018425j,12.771790
0.817160-0.029917j,0.227035+2.055781j,0.378262+0.018572j,12.773771
0.816778-0.029223j,0.227259+2.055585j,0.378043+0.018718j,12.775751
0.816396-0.028529j,0.227482+2.055389j,0.377823+0.018865j,12.777730
0.816013-0.027837j,0.227706+2.055193j,0.377603+0.019011j,12.779709
0.815630-0.027144j,0.227929+2.054997j,0.377384+0.019158j,12.781688
0.815247-0.026453j,0.228153+2.054801j,0.377164+0.019304j,12.783667
0.814863-0.025762j,0.228376+2.054606j,0.376945+0.019450j,12.785645
0.814479-0.025072j,0.228599+2.054410j,0.376725+0.019596j,12.787623
0.814094-0.024382j,0.228821+2.054215j,0.376505+0.019741j,12.789600
0.813709-0.023693j,0.229044+2.054019j,0.376285+0.019887j,12.791577
0.813324-0.023005j,0.229266+2.053824j,0.376066+0.020032j,12.793554
0.812938-0.022318j,0.229488+2.053629j,0.375846+0.020177j,12.795530
0.812552-0.021631j,0.229710+2.053434j,0.375626+0.020322j,12.797506
0.812165-0.020944j,0.229932+2.053238j,0.375407+0.020467j,12.799482
0.811779-0.020259j,0.230153+2.053043j,0.375187+0.020611j,12.801457
0.811391-0.019574j,0.230375+2.052848j,0.374967+0.020756j,12.803432
0.811004-0.018890j,0.230596+2.052653j,0.374747+0.020900j,12.805407
0.810616-0.018206j,0.230817+2.052459j,0.374527+0.021044j,12.807381
0.810227-0.017523j,0.231038+2.052264j,0.374308+0.021188j,12.809355
0.809839-0.016841j,0.231258+2.052069j,0.374088+0.021332j,12.811328
0.809449-0.016159j,0.231479+2.051874j,0.373868+0.021475j,12.813302
0.809060-0.015478j,0.231699+2.051680j,0.373648+0.021619j,12.815274
0.808670-0.014798j,0.231919+2.051485j,0.373428+0.021762j,12.817247
0.808280-0.014119j,0.232139+2.051291j,0.373208+0.021905j,12.819219
0.807889-0.013440j,0.232358+2.051096j,0.372988+0.022048j,12.821191
0.807498-0.012761j,0.232578+2.050902j,0.372768+0.022191j,12.823162
0.807107-0.012084j,0.232797+2.050708j,0.372549+0.022333j,12.825133
0.806715-0.011407j,0.233016+2.050514j,0.372329+0.022476j,12.827104
0.806323-0.010730j,0.233235+2.050319j,0.372109+0.022618j,12.829074
0.805930-0.010055j,0.233454+2.050125j,0.371889+0.022760j,12.831044
0.805538-0.009380j,0.233672+2.049931j,0.371669+0.022902j,12.833013
0.805144-0.008706j,0.233890+2.049737j,0.371449+0.023044j,12.834983
0.804751-0.008032j,0.234109+2.049544j,0.371229+0.023185j,12.836951
0.804357-0.007359j,0.234326+2.049350j,0.371009+0.023327j,12.838920
0.803963-0.006687j,0.234544+2.049156j,0.370789+0.023468j,12.840888
0.803568-0.006015j,0.234762+2.048962j,0.370569+0.023609j,12.842856
0.803173-0.005344j,0.234979+2.048769j,0.370349+0.023750j,12.844823
0.802778-0.004674j,0.235196+2.048575j,0.370129+0.023891j,12.846791
0.802382-0.004004j,0.235413+2.048382j,0.369909+0.024031j,12.848757
0.801986-0.003335j,0.235630+2.048188j,0.369689+0.024172j,12.850724
0.801589-0.002667j,0.235846+2.047995j,0.369469+0.024312j,12.852690
0.801193-0.001999j,0.236063+2.047802j,0.369249+0.024452j,12.854655
0.800795-0.001332j,0.236279+2.047608j,0.369029+0.024592j,12.856621
0.800398-0.000666j,0.236495+2.047415j,0.368809+0.024732j,12.858586
0.800000+0.000000j,0.236710+2.047222j,0.368589+0.024871j,12.860551
