0.800000+0.000000j,-0.704018+0.329701j,0.368589+0.024871j,0.000000
0.800000+0.000000j,-0.704018+0.329701j,0.368589+0.024871j,0.000000
0.800000+0.000000j,-0.704018+0.329701j,0.368589+0.024871j,0.000000
0.800000+0.000000j,-0.704018+0.329701j,0.368589+0.024871j,0.000000
0.800000+0.000000j,-0.704018+0.329701j,0.368589+0.024871j,0.000000
0.800000+0.000000j,-0.704018+0.329701j,0.368589+0.024871j,0.000000
0.800000+0.000000j,-0.704018+0.329701j,0.368589+0.024871j,0.000000
0.800000+0.000000j,-0.704018+0.329701j,0.368589+0.024871j,0.000000
0.800000+0.000000j,-0.704018+0.329701j,0.368589+0.024871j,0.000000
0.800000+0.000000j,-0.704018+0.329701j,0.368589+0.024871j,0.000000
0.800000+0.000000j,-0.704018+0.329701j,0.368589+0.024871j,0.000000
0.800000+0.000000j,-0.704018+0.329701j,0.368589+0.024871j,0.000000
0.800000+0.000000j,-0.704018+0.329701j,0.368589+0.024871j,0.000000
0.800000+0.000000j,-0.704018+0.329701j,0.368589+0.024871j,0.000000
0.800000+0.000000j,-0.704018+0.329701j,0.368589+0.024871j,0.000000
0.800000+0.000000j,-0.704018+0.329701j,0.368589+0.024871j,0.000000
0.800000+0.000000j,-0.704018+0.329701j,0.368589+0.024871j,0.000000
0.800000+0.000000j,-0.704018+0.329701j,0.368589+0.024871j,0.000000
0.800000+0.000000j,-0.704018+0.329701j,0.368589+0.024871j,0.000000
0.800000+0.000000j,-0.704018+0.329701j,0.368589+0.024871j,0.000000
0.800000+0.000000j,-0.704018+0.329701j,0.368589+0.024871j,0.000000
0.800000+0.000000j,-0.704018+0.329701j,0.368589+0.024871j,0.000000
0.800000+0.000000j,-0.704018+0.329701j,0.368589+0.024871j,0.000000
0.800000+0.000000j,-0.704018+0.329701j,0.368589+0.024871j,0.000000
0.800000+0.000000j,-0.704018+0.329701j,0.368589+0.024871j,0.000000
0.800000+0.000000j,-0.704018+0.329701j,0.368589+0.024871j,0.000000
0.800000+0.000000j,-0.704018+0.329701j,0.368589+0.024871j,0.000000
0.800000+0.000000j,-0.704018+0.329701j,0.368589+0.024871j,0.000000
0.800000+0.000000j,-0.704018+0.329701j,0.368589+0.024871j,0.000000
0.800000+0.000000j,-0.704018+0.329701j,0.368589+0.024871j,0.000000
0.800000+0.000000j,-0.704018+0.329701j,0.368589+0.024871j,0.000000
0.800000+0.000000j,-0.704018+0.329701j,0.368589+0.024871j,0.000000
0.800000+0.000000j,-0.704018+0.329701j,0.368589+0.024871j,0.000000
0.800000+0.000000j,-0.704018+0.329701j,0.368589+0.024871j,0.000000
0.800000+0.000000j,-0.704018+0.329701j,0.368589+0.024871j,0.000000
0.800000+0.000000j,-0.704018+0.329701j,0.368589+0.024871j,0.000000
0.800000+0.000000j,-0.704018+0.329701j,0.368589+0.024871j,0.000000
0.800000+0.000000j,-0.704018+0.329701j,0.368589+0.024871j,0.000000
0.800000+0.000000j,-0.704018+0.329701j,0.368589+0.024871j,0.000000
0.800000+0.000000j,-0.704018+0.329701j,0.368589+0.024871j,0.000000
0.800000+0.000000j,-0.704018+0.329701j,0.368589+0.024871j,0.000000
0.800000+0.000000j,-0.704018+0.329701j,0.368589+0.024871j,0.000000
0.800000+0.000000j,-0.704018+0.329701j,0.368589+0.024871j,0.000000
0.800000+0.000000j,-0.704018+0.329701j,0.368589+0.024871j,0.000000
0.800000+0.000000j,-0.704018+0.329701j,0.368589+0.024871j,0.000000
0.800000+0.000000j,-0.704018+0.329701j,0.368589+0.024871j,0.000000
0.800000+0.000000j,-0.704018+0.329701j,0.368589+0.024871j,0.000000
0.800000+0.000000j,-0.704018+0.329701j,0.368589+0.024871j,0.000000
0.800000+0.000000j,-0.704018+0.329701j,0.368589+0.024871j,0.000000
0.800000+0.000000j,-0.704018+0.329701j,0.368589+0.024871j,0.000000
0.800000+0.000000j,-0.704018+0.329701j,0.368589+0.024871j,0.000000
0.800000+0.000000j,-0.704018+0.329701j,0.368589+0.024871j,0.000000
0.800000+0.000000j,-0.704018+0.329701j,0.368589+0.024871j,0.000000
0.800000+0.000000j,-0.704018+0.329701j,0.368589+0.024871j,0.000000
0.800000+0.000000j,-0.704018+0.329701j,0.368589+0.024871j,0.000000
0.800000+0.000000j,-0.704018+0.329701j,0.368589+0.024871j,0.000000
0.800000+0.000000j,-0.704018+0.329701j,0.368589+0.024871j,0.000000
0.800000+0.000000j,-0.704018+0.329701j,0.368589+0.024871j,0.000000
0.800000+0.000000j,-0.704018+0.329701j,0.368589+0.024871j,0.000000
0.800000+0.000000j,-0.704018+0.329701j,0.368589+0.024871j,0.000000
0.800000+0.000000j,-0.704018+0.329701j,0.368589+0.024871j,0.000000
0.800000+0.000000j,-0.704018+0.329701j,0.368589+0.024871j,0.000000
0.800000+0.000000j,-0.704018+0.329701j,0.368589+0.024871j,0.000000
0.800000+0.000000j,-0.704018+0.329701j,0.368589+0.024871j,0.000000
0.800000+0.000000j,-0.704018+0.329701j,0.368589+0.024871j,0.000000
0.800000+0.000000j,-0.704018+0.329701j,0.368589+0.024871j,0.000000
0.800000+0.000000j,-0.704018+0.329701j,0.368589+0.024871j,0.000000
0.800000+0.000000j,-0.704018+0.329701j,0.368589+0.024871j,0.000000
0.800000+0.000000j,-0.704018+0.329701j,0.368589+0.024871j,0.000000
0.800000+0.000000j,-0.704018+0.329701j,0.368589+0.024871j,0.000000
0.800000+0.000000j,-0.704018+0.329701j,0.368589+0.024871j,0.000000
0.800000+0.000000j,-0.704018+0.329701j,0.368589+0.024871j,0.000000
0.800000+0.000000j,-0.704018+0.329701j,0.368589+0.024871j,0.000000
0.800000+0.000000j,-0.704018+0.329701j,0.368589+0.024871j,0.000000
0.800000+0.000000j,-0.704018+0.329701j,0.368589+0.024871j,0.000000
0.800000+0.000000j,-0.704018+0.329701j,0.368589+0.024871j,0.000000
0.800000+0.000000j,-0.704018+0.329701j,0.368589+0.024871j,0.000000
0.800000+0.000000j,-0.704018+0.329701j,0.368589+0.024871j,0.000000
0.800000+0.000000j,-0.704018+0.329701j,0.368589+0.024871j,0.000000
0.800000+0.000000j,-0.704018+0.329701j,0.368589+0.024871j,0.000000
0.800000+0.000000j,-0.704018+0.329701j,0.368589+0.024871j,0.000000
0.800000+0.000000j,-0.704018+0.329701j,0.368589+0.024871j,0.000000
0.800000+0.000000j,-0.704018+0.329701j,0.368589+0.024871j,0.000000
0.800000+0.000000j,-0.704018+0.329701j,0.368589+0.024871j,0.000000
0.800000+0.000000j,-0.704018+0.329701j,0.368589+0.024871j,0.000000
0.800000+0.000000j,-0.704018+0.329701j,0.368589+0.024871j,0.000000
0.800000+0.000000j,-0.704018+0.329701j,0.368589+0.024871j,0.000000
0.800000+0.000000j,-0.704018+0.329701j,0.368589+0.024871j,0.000000
0.800000+0.000000j,-0.704018+0.329701j,0.368589+0.024871j,0.000000
0.800000+0.000000j,-0.704018+0.329701j,0.368589+0.024871j,0.000000
0.800000+0.000000j,-0.704018+0.329701j,0.368589+0.024871j,0.000000
0.800000+0.000000j,-0.704018+0.329701j,0.368589+0.024871j,0.000000
0.800000+0.000000j,-0.704018+0.329701j,0.368589+0.024871j,0.000000
0.800000+0.000000j,-0.704018+0.329701j,0.368589+0.024871j,0.000000
0.800000+0.000000j,-0.704018+0.329701j,0.368589+0.024871j,0.000000
0.800000+0.000000j,-0.704018+0.329701j,0.368589+0.024871j,0.000000
0.800000+0.000000j,-0.704018+0.329701j,0.368589+0.024871j,0.000000
0.800000+0.000000j,-0.704018+0.329701j,0.368589+0.024871j,0.000000
0.800000+0.000000j,-0.704018+0.329701j,0.368589+0.024871j,0.000000
0.800000+0.000000j,-0.704018+0.329701j,0.368589+0.024871j,0.000000
0.800000+0.000000j,-0.704018+0.329701j,0.368589+0.024871j,0.000000
0.800000+0.000000j,-0.704018+0.329701j,0.368589+0.024871j,0.000000
0.800000+0.000000j,-0.704018+0.329701j,0.368589+0.024871j,0.000000
0.800000+0.000000j,-0.704018+0.329701j,0.368589+0.024871j,0.000000
0.800000+0.000000j,-0.704018+0.329701j,0.368589+0.024871j,0.000000
0.800000+0.000000j,-0.704018+0.329701j,0.368589+0.024871j,0.000000
0.800000+0.000000j,-0.704018+0.329701j,0.368589+0.024871j,0.000000
0.800000+0.000000j,-0.704018+0.329701j,0.368589+0.024871j,0.000000
0.800000+0.000000j,-0.704018+0.329701j,0.368589+0.024871j,0.000000
0.800000+0.000000j,-0.704018+0.329701j,0.368589+0.024871j,0.000000
0.800000+0.000000j,-0.704018+0.329701j,0.368589+0.024871j,0.000000
0.800000+0.000000j,-0.704018+0.329701j,0.368589+0.024871j,0.000000
0.800000+0.000000j,-0.704018+0.329701j,0.368589+0.024871j,0.000000
0.800000+0.000000j,-0.704018+0.329701j,0.368589+0.024871j,0.000000
0.800000+0.000000j,-0.704018+0.329701j,0.368589+0.024871j,0.000000
0.800000+0.000000j,-0.704018+0.329701j,0.368589+0.024871j,0.000000
0.800000+0.000000j,-0.704018+0.329701j,0.368589+0.024871j,0.000000
0.800000+0.000000j,-0.704018+0.329701j,0.368589+0.024871j,0.000000
0.800000+0.000000j,-0.704018+0.329701j,0.368589+0.024871j,0.000000
0.800000+0.000000j,-0.704018+0.329701j,0.368589+0.024871j,0.000000
0.800000+0.000000j,-0.704018+0.329701j,0.368589+0.024871j,0.000000
0.800000+0.000000j,-0.704018+0.329701j,0.368589+0.024871j,0.000000
0.800000+0.000000j,-0.704018+0.329701j,0.368589+0.024871j,0.000000
0.800000+0.000000j,-0.704018+0.329701j,0.368589+0.024871j,0.000000
0.800000+0.000000j,-0.704018+0.329701j,0.368589+0.024871j,0.000000
0.800000+0.000000j,-0.704018+0.329701j,0.368589+0.024871j,0.000000
0.800000+0.000000j,-0.704018+0.329701j,0.368589+0.024871j,0.000000
0.800000+0.000000j,-0.704018+0.329701j,0.368589+0.024871j,0.000000
0.800000+0.000000j,-0.704018+0.329701j,0.368589+0.024871j,0.000000
0.800000+0.000000j,-0.704018+0.329701j,0.368589+0.024871j,0.000000
0.800000+0.000000j,-0.704018+0.329701j,0.368589+0.024871j,0.000000
0.800000+0.000000j,-0.704018+0.329701j,0.368589+0.024871j,0.000000
0.800000+0.000000j,-0.704018+0.329701j,0.368589+0.024871j,0.000000
0.800000+0.000000j,-0.704018+0.329701j,0.368589+0.024871j,0.000000
0.800000+0.000000j,-0.704018+0.329701j,0.368589+0.024871j,0.000000
0.800000+0.000000j,-0.704018+0.329701j,0.368589+0.024871j,0.000000
0.800000+0.000000j,-0.704018+0.329701j,0.368589+0.024871j,0.000000
0.800000+0.000000j,-0.704018+0.329701j,0.368589+0.024871j,0.000000
0.800000+0.000000j,-0.704018+0.329701j,0.368589+0.024871j,0.000000
0.800000+0.000000j,-0.704018+0.329701j,0.368589+0.024871j,0.000000
0.800000+0.000000j,-0.704018+0.329701j,0.368589+0.024871j,0.000000
0.800000+0.000000j,-0.704018+0.329701j,0.368589+0.024871j,0.000000
0.800000+0.000000j,-0.704018+0.329701j,0.368589+0.024871j,0.000000
0.800000+0.000000j,-0.704018+0.329701j,0.368589+0.024871j,0.000000
0.800000+0.000000j,-0.704018+0.329701j,0.368589+0.024871j,0.000000
0.800000+0.000000j,-0.704018+0.329701j,0.368589+0.024871j,0.000000
0.800000+0.000000j,-0.704018+0.329701j,0.368589+0.024871j,0.000000
0.800000+0.000000j,-0.704018+0.329701j,0.368589+0.024871j,0.000000
0.800000+0.000000j,-0.704018+0.329701j,0.368589+0.024871j,0.000000
0.800000+0.000000j,-0.704018+0.329701j,0.368589+0.024871j,0.000000
0.800000+0.000000j,-0.704018+0.329701j,0.368589+0.024871j,0.000000
0.800000+0.000000j,-0.704018+0.329701j,0.368589+0.024871j,0.000000
0.800000+0.000000j,-0.704018+0.329701j,0.368589+0.024871j,0.000000
0.800000+0.000000j,-0.704018+0.329701j,0.368589+0.024871j,0.000000
0.800000+0.000000j,-0.704018+0.329701j,0.368589+0.024871j,0.000000
0.800000+0.000000j,-0.704018+0.329701j,0.368589+0.024871j,0.000000
0.800000+0.000000j,-0.704018+0.329701j,0.368589+0.024871j,0.000000
0.800000+0.000000j,-0.704018+0.329701j,0.368589+0.024871j,0.000000
0.800000+0.000000j,-0.704018+0.329701j,0.368589+0.024871j,0.000000
0.800000+0.000000j,-0.704018+0.329701j,0.368589+0.024871j,0.000000
0.800000+0.000000j,-0.704018+0.329701j,0.368589+0.024871j,0.000000
0.800000+0.000000j,-0.704018+0.329701j,0.368589+0.024871j,0.000000
0.800000+0.000000j,-0.704018+0.329701j,0.368589+0.024871j,0.000000
0.800000+0.000000j,-0.704018+0.329701j,0.368589+0.024871j,0.000000
0.800000+0.000000j,-0.704018+0.329701j,0.368589+0.024871j,0.000000
0.800000+0.000000j,-0.704018+0.329701j,0.368589+0.024871j,0.000000
0.800000+0.000000j,-0.704018+0.329701j,0.368589+0.024871j,0.000000
0.800000+0.000000j,-0.704018+0.329701j,0.368589+0.024871j,0.000000
0.800000+0.000000j,-0.704018+0.329701j,0.368589+0.024871j,0.000000
0.800000+0.000000j,-0.704018+0.329701j,0.368589+0.024871j,0.000000
0.800000+0.000000j,-0.704018+0.329701j,0.368589+0.024871j,0.000000
0.800000+0.000000j,-0.704018+0.329701j,0.368589+0.024871j,0.000000
0.800000+0.000000j,-0.704018+0.329701j,0.368589+0.024871j,0.000000
0.800000+0.000000j,-0.704018+0.329701j,0.368589+0.024871j,0.000000
0.800000+0.000000j,-0.704018+0.329701j,0.368589+0.024871j,0.000000
0.800000+0.000000j,-0.704018+0.329701j,0.368589+0.024871j,0.000000
0.800000+0.000000j,-0.704018+0.329701j,0.368589+0.024871j,0.000000
0.800000+0.000000j,-0.704018+0.329701j,0.368589+0.024871j,0.000000
0.800000+0.000000j,-0.704018+0.329701j,0.368589+0.024871j,0.000000
0.800000+0.000000j,-0.704018+0.329701j,0.368589+0.024871j,0.000000
0.800000+0.000000j,-0.704018+0.329701j,0.368589+0.024871j,0.000000
0.800000+0.000000j,-0.704018+0.329701j,0.368589+0.024871j,0.000000
0.800000+0.000000j,-0.704018+0.329701j,0.368589+0.024871j,0.000000
0.800000+0.000000j,-0.704018+0.329701j,0.368589+0.024871j,0.000000
0.800000+0.000000j,-0.704018+0.329701j,0.368589+0.024871j,0.000000
0.800000+0.000000j,-0.704018+0.329701j,0.368589+0.024871j,0.000000
0.800000+0.000000j,-0.704018+0.329701j,0.368589+0.024871j,0.000000
0.800000+0.000000j,-0.704018+0.329701j,0.368589+0.024871j,0.000000
0.800000+0.000000j,-0.704018+0.329701j,0.368589+0.024871j,0.000000
0.800000+0.000000j,-0.704018+0.329701j,0.368589+0.024871j,0.000000
0.800000+0.000000j,-0.704018+0.329701j,0.368589+0.024871j,0.000000
0.800000+0.000000j,-0.704018+0.329701j,0.368589+0.024871j,0.000000
0.800000+0.000000j,-0.704018+0.329701j,0.368589+0.024871j,0.000000
0.800000+0.000000j,-0.704018+0.329701j,0.368589+0.024871j,0.000000
0.800000+0.000000j,-0.704018+0.329701j,0.368589+0.024871j,0.000000
0.800000+0.000000j,-0.704018+0.329701j,0.368589+0.024871j,0.000000
0.800000+0.000000j,-0.704018+0.329701j,0.368589+0.024871j,0.000000
0.800000+0.000000j,-0.704018+0.329701j,0.368589+0.024871j,0.000000
0.800000+0.000000j,-0.704018+0.329701j,0.368589+0.024871j,0.000000
0.800000+0.000000j,-0.704018+0.329701j,0.368589+0.024871j,0.000000
0.800000+0.000000j,-0.704018+0.329701j,0.368589+0.024871j,0.000000
0.800000+0.000000j,-0.704018+0.329701j,0.368589+0.024871j,0.000000
0.800000+0.000000j,-0.704018+0.329701j,0.368589+0.024871j,0.000000
0.800000+0.000000j,-0.704018+0.329701j,0.368589+0.024871j,0.000000
0.800000+0.000000j,-0.704018+0.329701j,0.368589+0.024871j,0.000000
0.800000+0.000000j,-0.704018+0.329701j,0.368589+0.024871j,0.000000
0.800000+0.000000j,-0.704018+0.329701j,0.368589+0.024871j,0.000000
0.800000+0.000000j,-0.704018+0.329701j,0.368589+0.024871j,0.000000
0.800000+0.000000j,-0.704018+0.329701j,0.368589+0.024871j,0.000000
0.800000+0.000000j,-0.704018+0.329701j,0.368589+0.024871j,0.000000
0.800000+0.000000j,-0.704018+0.329701j,0.368589+0.024871j,0.000000
0.800000+0.000000j,-0.704018+0.329701j,0.368589+0.024871j,0.000000
0.800000+0.000000j,-0.704018+0.329701j,0.368589+0.024871j,0.000000
0.800000+0.000000j,-0.704018+0.329701j,0.368589+0.024871j,0.000000
0.800000+0.000000j,-0.704018+0.329701j,0.368589+0.024871j,0.000000
0.800000+0.000000j,-0.704018+0.329701j,0.368589+0.024871j,0.000000
0.800000+0.000000j,-0.704018+0.329701j,0.368589+0.024871j,0.000000
0.800000+0.000000j,-0.704018+0.329701j,0.368589+0.024871j,0.000000
0.800000+0.000000j,-0.704018+0.329701j,0.368589+0.024871j,0.000000
0.800000+0.000000j,-0.704018+0.329701j,0.368589+0.024871j,0.000000
0.800000+0.000000j,-0.704018+0.329701j,0.368589+0.024871j,0.000000
0.800000+0.000000j,-0.704018+0.329701j,0.368589+0.024871j,0.000000
0.800000+0.000000j,-0.704018+0.329701j,0.368589+0.024871j,0.000000
0.800000+0.000000j,-0.704018+0.329701j,0.368589+0.024871j,0.000000
0.800000+0.000000j,-0.704018+0.329701j,0.368589+0.024871j,0.000000
0.800000+0.000000j,-0.704018+0.329701j,0.368589+0.024871j,0.000000
0.800000+0.000000j,-0.704018+0.329701j,0.368589+0.024871j,0.000000
0.800000+0.000000j,-0.704018+0.329701j,0.368589+0.024871j,0.000000
0.800000+0.000000j,-0.704018+0.329701j,0.368589+0.024871j,0.000000
0.800000+0.000000j,-0.704018+0.329701j,0.368589+0.024871j,0.000000
0.800000+0.000000j,-0.704018+0.329701j,0.368589+0.024871j,0.000000
0.800000+0.000000j,-0.704018+0.329701j,0.368589+0.024871j,0.000000
0.800000+0.000000j,-0.704018+0.329701j,0.368589+0.024871j,0.000000
0.800000+0.000000j,-0.704018+0.329701j,0.368589+0.024871j,0.000000
0.800000+0.000000j,-0.704018+0.329701j,0.368589+0.024871j,0.000000
0.800000+0.000000j,-0.704018+0.329701j,0.368589+0.024871j,0.000000
0.800000+0.000000j,-0.704018+0.329701j,0.368589+0.024871j,0.000000
0.800000+0.000000j,-0.704018+0.329701j,0.368589+0.024871j,0.000000
0.800000+0.000000j,-0.704018+0.329701j,0.368589+0.024871j,0.000000
0.800000+0.000000j,-0.704018+0.329701j,0.368589+0.024871j,0.000000
0.800000+0.000000j,-0.704018+0.329701j,0.368589+0.024871j,0.000000
0.800000+0.000000j,-0.704018+0.329701j,0.368589+0.024871j,0.000000
0.800000+0.000000j,-0.704018+0.329701j,0.368589+0.024871j,0.000000
0.800000+0.000000j,-0.704018+0.329701j,0.368589+0.024871j,0.000000
0.800000+0.000000j,-0.704018+0.329701j,0.368589+0.024871j,0.000000
0.800000+0.000000j,-0.704018+0.329701j,0.368589+0.024871j,0.000000
0.800000+0.000000j,-0.704018+0.329701j,0.368589+0.024871j,0.000000
0.800000+0.000000j,-0.704018+0.329701j,0.368589+0.024871j,0.000000
0.800000+0.000000j,-0.704018+0.329701j,0.368589+0.024871j,0.000000
0.800000+0.000000j,-0.704018+0.329701j,0.368589+0.024871j,0.000000
0.800000+0.000000j,-0.704018+0.329701j,0.368589+0.024871j,0.000000
0.800000+0.000000j,-0.704018+0.329701j,0.368589+0.024871j,0.000000
0.800000+0.000000j,-0.704018+0.329701j,0.368589+0.024871j,0.000000
0.800000+0.000000j,-0.704018+0.329701j,0.368589+0.024871j,0.000000
0.800000+0.000000j,-0.704018+0.329701j,0.368589+0.024871j,0.000000
0.800000+0.000000j,-0.704018+0.329701j,0.368589+0.024871j,0.000000
0.800000+0.000000j,-0.704018+0.329701j,0.368589+0.024871j,0.000000
0.800000+0.000000j,-0.704018+0.329701j,0.368589+0.024871j,0.000000
0.800000+0.000000j,-0.704018+0.329701j,0.368589+0.024871j,0.000000
0.800000+0.000000j,-0.704018+0.329701j,0.368589+0.024871j,0.000000
0.800000+0.000000j,-0.704018+0.329701j,0.368589+0.024871j,0.000000
0.800000+0.000000j,-0.704018+0.329701j,0.368589+0.024871j,0.000000
0.800000+0.000000j,-0.704018+0.329701j,0.368589+0.024871j,0.000000
0.800000+0.000000j,-0.704018+0.329701j,0.368589+0.024871j,0.000000
0.800000+0.000000j,-0.704018+0.329701j,0.368589+0.024871j,0.000000
0.800000+0.000000j,-0.704018+0.329701j,0.368589+0.024871j,0.000000
0.800000+0.000000j,-0.704018+0.329701j,0.368589+0.024871j,0.000000
0.800000+0.000000j,-0.704018+0.329701j,0.368589+0.024871j,0.000000
0.800000+0.000000j,-0.704018+0.329701j,0.368589+0.024871j,0.000000
0.800000+0.000000j,-0.704018+0.329701j,0.368589+0.024871j,0.000000
0.800000+0.000000j,-0.704018+0.329701j,0.368589+0.024871j,0.000000
0.800000+0.000000j,-0.704018+0.329701j,0.368589+0.024871j,0.000000
0.800000+0.000000j,-0.704018+0.329701j,0.368589+0.024871j,0.000000
0.800000+0.000000j,-0.704018+0.329701j,0.368589+0.024871j,0.000000
0.800000+0.000000j,-0.704018+0.329701j,0.368589+0.024871j,0.000000
0.800000+0.000000j,-0.704018+0.329701j,0.368589+0.024871j,0.000000
0.800000+0.000000j,-0.704018+0.329701j,0.368589+0.024871j,0.000000
0.800000+0.000000j,-0.704018+0.329701j,0.368589+0.024871j,0.000000
0.800000+0.000000j,-0.704018+0.329701j,0.368589+0.024871j,0.000000
0.800000+0.000000j,-0.704018+0.329701j,0.368589+0.024871j,0.000000
0.800000+0.000000j,-0.704018+0.329701j,0.368589+0.024871j,0.000000
0.800000+0.000000j,-0.704018+0.329701j,0.368589+0.024871j,0.000000
0.800000+0.000000j,-0.704018+0.329701j,0.368589+0.024871j,0.000000
0.800000+0.000000j,-0.704018+0.329701j,0.368589+0.024871j,0.000000
0.800000+0.000000j,-0.704018+0.329701j,0.368589+0.024871j,0.000000
0.800000+0.000000j,-0.704018+0.329701j,0.368589+0.024871j,0.000000
0.800000+0.000000j,-0.704018+0.329701j,0.368589+0.024871j,0.000000
0.800000+0.000000j,-0.704018+0.329701j,0.368589+0.024871j,0.000000
0.800000+0.000000j,-0.704018+0.329701j,0.368589+0.024871j,0.000000
0.800000+0.000000j,-0.704018+0.329701j,0.368589+0.024871j,0.000000
0.800000+0.000000j,-0.704018+0.329701j,0.368589+0.024871j,0.000000
0.800000+0.000000j,-0.704018+0.329701j,0.368589+0.024871j,0.000000
0.800000+0.000000j,-0.704018+0.329701j,0.368589+0.024871j,0.000000
0.800000+0.000000j,-0.704018+0.329701j,0.368589+0.024871j,0.000000
0.800000+0.000000j,-0.704018+0.329701j,0.368589+0.024871j,0.000000
0.800000+0.000000j,-0.704018+0.329701j,0.368589+0.024871j,0.000000
0.800000+0.000000j,-0.704018+0.329701j,0.368589+0.024871j,0.000000
0.800000+0.000000j,-0.704018+0.329701j,0.368589+0.024871j,0.000000
0.800000+0.000000j,-0.704018+0.329701j,0.368589+0.024871j,0.000000
0.800000+0.000000j,-0.704018+0.329701j,0.368589+0.024871j,0.000000
0.800000+0.000000j,-0.704018+0.329701j,0.368589+0.024871j,0.000000
0.800000+0.000000j,-0.704018+0.329701j,0.368589+0.024871j,0.000000
0.800000+0.000000j,-0.704018+0.329701j,0.368589+0.024871j,0.000000
0.800000+0.000000j,-0.704018+0.329701j,0.368589+0.024871j,0.000000
0.800000+0.000000j,-0.704018+0.329701j,0.368589+0.024871j,0.000000
0.800000+0.000000j,-0.704018+0.329701j,0.368589+0.024871j,0.000000
0.800000+0.000000j,-0.704018+0.329701j,0.368589+0.024871j,0.000000
0.800000+0.000000j,-0.704018+0.329701j,0.368589+0.024871j,0.000000
0.800000+0.000000j,-0.704018+0.329701j,0.368589+0.024871j,0.000000
0.800000+0.000000j,-0.704018+0.329701j,0.368589+0.024871j,0.000000
0.800000+0.000000j,-0.704018+0.329701j,0.368589+0.024871j,0.000000
0.800000+0.000000j,-0.704018+0.329701j,0.368589+0.024871j,0.000000
0.800000+0.000000j,-0.704018+0.329701j,0.368589+0.024871j,0.000000
0.800000+0.000000j,-0.704018+0.329701j,0.368589+0.024871j,0.000000
0.800000+0.000000j,-0.704018+0.329701j,0.368589+0.024871j,0.000000
0.800000+0.000000j,-0.704018+0.329701j,0.368589+0.024871j,0.000000
0.800000+0.000000j,-0.704018+0.329701j,0.368589+0.024871j,0.000000
0.800000+0.000000j,-0.704018+0.329701j,0.368589+0.024871j,0.000000
0.800000+0.000000j,-0.704018+0.329701j,0.368589+0.024871j,0.000000
0.800000+0.000000j,-0.704018+0.329701j,0.368589+0.024871j,0.000000
0.800000+0.000000j,-0.704018+0.329701j,0.368589+0.024871j,0.000000
0.800000+0.000000j,-0.704018+0.329701j,0.368589+0.024871j,0.000000
0.800000+0.000000j,-0.704018+0.329701j,0.368589+0.024871j,0.000000
0.800000+0.000000j,-0.704018+0.329701j,0.368589+0.024871j,0.000000
0.800000+0.000000j,-0.704018+0.329701j,0.368589+0.024871j,0.000000
0.800000+0.000000j,-0.704018+0.329701j,0.368589+0.024871j,0.000000
0.800000+0.000000j,-0.704018+0.329701j,0.368589+0.024871j,0.000000
0.800000+0.000000j,-0.704018+0.329701j,0.368589+0.024871j,0.000000
0.800000+0.000000j,-0.704018+0.329701j,0.368589+0.024871j,0.000000
0.800000+0.000000j,-0.704018+0.329701j,0.368589+0.024871j,0.000000
0.800000+0.000000j,-0.704018+0.329701j,0.368589+0.024871j,0.000000
0.800000+0.000000j,-0.704018+0.329701j,0.368589+0.024871j,0.000000
0.800000+0.000000j,-0.704018+0.329701j,0.368589+0.024871j,0.000000
0.800000+0.000000j,-0.704018+0.329701j,0.368589+0.024871j,0.000000
0.800000+0.000000j,-0.704018+0.329701j,0.368589+0.024871j,0.000000
0.800000+0.000000j,-0.704018+0.329701j,0.368589+0.024871j,0.000000
0.800000+0.000000j,-0.704018+0.329701j,0.368589+0.024871j,0.000000
0.800000+0.000000j,-0.704018+0.329701j,0.368589+0.024871j,0.000000
0.800000+0.000000j,-0.704018+0.329701j,0.368589+0.024871j,0.000000
0.800000+0.000000j,-0.704018+0.329701j,0.368589+0.024871j,0.000000
0.800000+0.000000j,-0.704018+0.329701j,0.368589+0.024871j,0.000000
0.800000+0.000000j,-0.704018+0.329701j,0.368589+0.024871j,0.000000
0.800000+0.000000j,-0.704018+0.329701j,0.368589+0.024871j,0.000000
0.800000+0.000000j,-0.704018+0.329701j,0.368589+0.024871j,0.000000
0.800000+0.000000j,-0.704018+0.329701j,0.368589+0.024871j,0.000000
0.800000+0.000000j,-0.704018+0.329701j,0.368589+0.024871j,0.000000
0.800000+0.000000j,-0.704018+0.329701j,0.368589+0.024871j,0.000000
0.800000+0.000000j,-0.704018+0.329701j,0.368589+0.024871j,0.000000
0.800000+0.000000j,-0.704018+0.329701j,0.368589+0.024871j,0.000000
0.800000+0.000000j,-0.704018+0.329701j,0.368589+0.024871j,0.000000
0.800000+0.000000j,-0.704018+0.329701j,0.368589+0.024871j,0.000000
0.800000+0.000000j,-0.704018+0.329701j,0.368589+0.024871j,0.000000
0.800000+0.000000j,-0.704018+0.329701j,0.368589+0.024871j,0.000000
0.800000+0.000000j,-0.704018+0.329701j,0.368589+0.024871j,0.000000
0.800000+0.000000j,-0.704018+0.329701j,0.368589+0.024871j,0.000000
0.800000+0.000000j,-0.704018+0.329701j,0.368589+0.024871j,0.000000
0.800000+0.000000j,-0.704018+0.329701j,0.368589+0.024871j,0.000000
0.800000+0.000000j,-0.704018+0.329701j,0.368589+0.024871j,0.000000
0.800000+0.000000j,-0.704018+0.329701j,0.368589+0.024871j,0.000000
0.800000+0.000000j,-0.704018+0.329701j,0.368589+0.024871j,0.000000
0.800000+0.000000j,-0.704018+0.329701j,0.368589+0.024871j,0.000000
0.800000+0.000000j,-0.704018+0.329701j,0.368589+0.024871j,0.000000
0.800000+0.000000j,-0.704018+0.329701j,0.368589+0.024871j,0.000000
0.800000+0.000000j,-0.704018+0.329701j,0.368589+0.024871j,0.000000
0.800000+0.000000j,-0.704018+0.329701j,0.368589+0.024871j,0.000000
0.800000+0.000000j,-0.704018+0.329701j,0.368589+0.024871j,0.000000
0.800000+0.000000j,-0.704018+0.329701j,0.368589+0.024871j,0.000000
0.800000+0.000000j,-0.704018+0.329701j,0.368589+0.024871j,0.000000
0.800000+0.000000j,-0.704018+0.329701j,0.368589+0.024871j,0.000000
0.800000+0.000000j,-0.704018+0.329701j,0.368589+0.024871j,0.000000
0.800000+0.000000j,-0.704018+0.329701j,0.368589+0.024871j,0.000000
0.800000+0.000000j,-0.704018+0.329701j,0.368589+0.024871j,0.000000
0.800000+0.000000j,-0.704018+0.329701j,0.368589+0.024871j,0.000000
0.800000+0.000000j,-0.704018+0.329701j,0.368589+0.024871j,0.000000
0.800000+0.000000j,-0.704018+0.329701j,0.368589+0.024871j,0.000000
0.800000+0.000000j,-0.704018+0.329701j,0.368589+0.024871j,0.000000
0.800000+0.000000j,-0.704018+0.329701j,0.368589+0.024871j,0.000000
0.800000+0.000000j,-0.704018+0.329701j,0.368589+0.024871j,0.000000
0.800000+0.000000j,-0.704018+0.329701j,0.368589+0.024871j,0.000000
0.800000+0.000000j,-0.704018+0.329701j,0.368589+0.024871j,0.000000
0.800000+0.000000j,-0.704018+0.329701j,0.368589+0.024871j,0.000000
0.800000+0.000000j,-0.704018+0.329701j,0.368589+0.024871j,0.000000
0.800000+0.000000j,-0.704018+0.329701j,0.368589+0.024871j,0.000000
0.800000+0.000000j,-0.704018+0.329701j,0.368589+0.024871j,0.000000
0.800000+0.000000j,-0.704018+0.329701j,0.368589+0.024871j,0.000000
0.800000+0.000000j,-0.704018+0.329701j,0.368589+0.024871j,0.000000
0.800000+0.000000j,-0.704018+0.329701j,0.368589+0.024871j,0.000000
0.800000+0.000000j,-0.704018+0.329701j,0.368589+0.024871j,0.000000
0.800000+0.000000j,-0.704018+0.329701j,0.368589+0.024871j,0.000000
0.800000+0.000000j,-0.704018+0.329701j,0.368589+0.024871j,0.000000
0.800000+0.000000j,-0.704018+0.329701j,0.368589+0.024871j,0.000000
0.800000+0.000000j,-0.704018+0.329701j,0.368589+0.024871j,0.000000
0.800000+0.000000j,-0.704018+0.329701j,0.368589+0.024871j,0.000000
0.800000+0.000000j,-0.704018+0.329701j,0.368589+0.024871j,0.000000
0.800000+0.000000j,-0.704018+0.329701j,0.368589+0.024871j,0.000000
0.800000+0.000000j,-0.704018+0.329701j,0.368589+0.024871j,0.000000
0.800000+0.000000j,-0.704018+0.329701j,0.368589+0.024871j,0.000000
0.800000+0.000000j,-0.704018+0.329701j,0.368589+0.024871j,0.000000
0.800000+0.000000j,-0.704018+0.329701j,0.368589+0.024871j,0.000000
0.800000+0.000000j,-0.704018+0.329701j,0.368589+0.024871j,0.000000
0.800000+0.000000j,-0.704018+0.329701j,0.368589+0.024871j,0.000000
0.800000+0.000000j,-0.704018+0.329701j,0.368589+0.024871j,0.000000
0.800000+0.000000j,-0.704018+0.329701j,0.368589+0.024871j,0.000000
0.800000+0.000000j,-0.704018+0.329701j,0.368589+0.024871j,0.000000
0.800000+0.000000j,-0.704018+0.329701j,0.368589+0.024871j,0.000000
0.800000+0.000000j,-0.704018+0.329701j,0.368589+0.024871j,0.000000
0.800000+0.000000j,-0.704018+0.329701j,0.368589+0.024871j,0.000000
0.800000+0.000000j,-0.704018+0.329701j,0.368589+0.024871j,0.000000
0.800000+0.000000j,-0.704018+0.329701j,0.368589+0.024871j,0.000000
0.800000+0.000000j,-0.704018+0.329701j,0.368589+0.024871j,0.000000
0.800000+0.000000j,-0.704018+0.329701j,0.368589+0.024871j,0.000000
0.800000+0.000000j,-0.704018+0.329701j,0.368589+0.024871j,0.000000
0.800000+0.000000j,-0.704018+0.329701j,0.368589+0.024871j,0.000000
0.800000+0.000000j,-0.704018+0.329701j,0.368589+0.024871j,0.000000
0.800000+0.000000j,-0.704018+0.329701j,0.368589+0.024871j,0.000000
0.800000+0.000000j,-0.704018+0.329701j,0.368589+0.024871j,0.000000
0.800000+0.000000j,-0.704018+0.329701j,0.368589+0.024871j,0.000000
0.800000+0.000000j,-0.704018+0.329701j,0.368589+0.024871j,0.000000
0.800000+0.000000j,-0.704018+0.329701j,0.368589+0.024871j,0.000000
0.800000+0.000000j,-0.704018+0.329701j,0.368589+0.024871j,0.000000
0.800000+0.000000j,-0.704018+0.329701j,0.368589+0.024871j,0.000000
0.800000+0.000000j,-0.704018+0.329701j,0.368589+0.024871j,0.000000
0.800000+0.000000j,-0.704018+0.329701j,0.368589+0.024871j,0.000000
0.800000+0.000000j,-0.704018+0.329701j,0.368589+0.024871j,0.000000
0.800000+0.000000j,-0.704018+0.329701j,0.368589+0.024871j,0.000000
0.800000+0.000000j,-0.704018+0.329701j,0.368589+0.024871j,0.000000
0.800000+0.000000j,-0.704018+0.329701j,0.368589+0.024871j,0.000000
0.800000+0.000000j,-0.704018+0.329701j,0.368589+0.024871j,0.000000
0.800000+0.000000j,-0.704018+0.329701j,0.368589+0.024871j,0.000000
0.800000+0.000000j,-0.704018+0.329701j,0.368589+0.024871j,0.000000
0.800000+0.000000j,-0.704018+0.329701j,0.368589+0.024871j,0.000000
0.800000+0.000000j,-0.704018+0.329701j,0.368589+0.024871j,0.000000
0.800000+0.000000j,-0.704018+0.329701j,0.368589+0.024871j,0.000000
0.800000+0.000000j,-0.704018+0.329701j,0.368589+0.024871j,0.000000
0.800000+0.000000j,-0.704018+0.329701j,0.368589+0.024871j,0.000000
0.800000+0.000000j,-0.704018+0.329701j,0.368589+0.024871j,0.000000
0.800000+0.000000j,-0.704018+0.329701j,0.368589+0.024871j,0.000000
0.800000+0.000000j,-0.704018+0.329701j,0.368589+0.024871j,0.000000
0.800000+0.000000j,-0.704018+0.329701j,0.368589+0.024871j,0.000000
0.800000+0.000000j,-0.704018+0.329701j,0.368589+0.024871j,0.000000
0.800000+0.000000j,-0.704018+0.329701j,0.368589+0.024871j,0.000000
0.800000+0.000000j,-0.704018+0.329701j,0.368589+0.024871j,0.000000
0.800000+0.000000j,-0.704018+0.329701j,0.368589+0.024871j,0.000000
0.800000+0.000000j,-0.704018+0.329701j,0.368589+0.024871j,0.000000
0.800000+0.000000j,-0.704018+0.329701j,0.368589+0.024871j,0.000000
0.800000+0.000000j,-0.704018+0.329701j,0.368589+0.024871j,0.000000
0.800000+0.000000j,-0.704018+0.329701j,0.368589+0.024871j,0.000000
0.800000+0.000000j,-0.704018+0.329701j,0.368589+0.024871j,0.000000
0.800000+0.000000j,-0.704018+0.329701j,0.368589+0.024871j,0.000000
0.800000+0.000000j,-0.704018+0.329701j,0.368589+0.024871j,0.000000
0.800000+0.000000j,-0.704018+0.329701j,0.368589+0.024871j,0.000000
0.800000+0.000000j,-0.704018+0.329701j,0.368589+0.024871j,0.000000
0.800000+0.000000j,-0.704018+0.329701j,0.368589+0.024871j,0.000000
0.800000+0.000000j,-0.704018+0.329701j,0.368589+0.024871j,0.000000
0.800000+0.000000j,-0.704018+0.329701j,0.368589+0.024871j,0.000000
0.800000+0.000000j,-0.704018+0.329701j,0.368589+0.024871j,0.000000
0.800000+0.000000j,-0.704018+0.329701j,0.368589+0.024871j,0.000000
0.800000+0.000000j,-0.704018+0.329701j,0.368589+0.024871j,0.000000
0.800000+0.000000j,-0.704018+0.329701j,0.368589+0.024871j,0.000000
0.800000+0.000000j,-0.704018+0.329701j,0.368589+0.024871j,0.000000
0.800000+0.000000j,-0.704018+0.329701j,0.368589+0.024871j,0.000000
0.800000+0.000000j,-0.704018+0.329701j,0.368589+0.024871j,0.000000
0.800000+0.000000j,-0.704018+0.329701j,0.368589+0.024871j,0.000000
0.800000+0.000000j,-0.704018+0.329701j,0.368589+0.024871j,0.000000
0.800000+0.000000j,-0.704018+0.329701j,0.368589+0.024871j,0.000000
0.800000+0.000000j,-0.704018+0.329701j,0.368589+0.024871j,0.000000
0.800000+0.000000j,-0.704018+0.329701j,0.368589+0.024871j,0.000000
0.800000+0.000000j,-0.704018+0.329701j,0.368589+0.024871j,0.000000
0.800000+0.000000j,-0.704018+0.329701j,0.368589+0.024871j,0.000000
0.800000+0.000000j,-0.704018+0.329701j,0.368589+0.024871j,0.000000
0.800000+0.000000j,-0.704018+0.329701j,0.368589+0.024871j,0.000000
0.800000+0.000000j,-0.704018+0.329701j,0.368589+0.024871j,0.000000
0.800000+0.000000j,-0.704018+0.329701j,0.368589+0.024871j,0.000000
0.800000+0.000000j,-0.704018+0.329701j,0.368589+0.024871j,0.000000
0.800000+0.000000j,-0.704018+0.329701j,0.368589+0.024871j,0.000000
0.800000+0.000000j,-0.704018+0.329701j,0.368589+0.024871j,0.000000
0.800000+0.000000j,-0.704018+0.329701j,0.368589+0.024871j,0.000000
0.800000+0.000000j,-0.704018+0.329701j,0.368589+0.024871j,0.000000
0.800000+0.000000j,-0.704018+0.329701j,0.368589+0.024871j,0.000000
0.800000+0.000000j,-0.704018+0.329701j,0.368589+0.024871j,0.000000
0.800000+0.000000j,-0.704018+0.329701j,0.368589+0.024871j,0.000000
0.800000+0.000000j,-0.704018+0.329701j,0.368589+0.024871j,0.000000
0.800000+0.000000j,-0.704018+0.329701j,0.368589+0.024871j,0.000000
0.800000+0.000000j,-0.704018+0.329701j,0.368589+0.024871j,0.000000
0.800000+0.000000j,-0.704018+0.329701j,0.368589+0.024871j,0.000000
0.800000+0.000000j,-0.704018+0.329701j,0.368589+0.024871j,0.000000
0.800000+0.000000j,-0.704018+0.329701j,0.368589+0.024871j,0.000000
0.800000+0.000000j,-0.704018+0.329701j,0.368589+0.024871j,0.000000
0.800000+0.000000j,-0.704018+0.329701j,0.368589+0.024871j,0.000000
0.800000+0.000000j,-0.704018+0.329701j,0.368589+0.024871j,0.000000
0.800000+0.000000j,-0.704018+0.329701j,0.368589+0.024871j,0.000000
0.800000+0.000000j,-0.704018+0.329701j,0.368589+0.024871j,0.000000
0.800000+0.000000j,-0.704018+0.329701j,0.368589+0.024871j,0.000000
0.800000+0.000000j,-0.704018+0.329701j,0.368589+0.024871j,0.000000
0.800000+0.000000j,-0.704018+0.329701j,0.368589+0.024871j,0.000000
0.800000+0.000000j,-0.704018+0.329701j,0.368589+0.024871j,0.000000
0.800000+0.000000j,-0.704018+0.329701j,0.368589+0.024871j,0.000000
0.800000+0.000000j,-0.704018+0.329701j,0.368589+0.024871j,0.000000
0.800000+0.000000j,-0.704018+0.329701j,0.368589+0.024871j,0.000000
0.800000+0.000000j,-0.704018+0.329701j,0.368589+0.024871j,0.000000
0.800000+0.000000j,-0.704018+0.329701j,0.368589+0.024871j,0.000000
0.800000+0.000000j,-0.704018+0.329701j,0.368589+0.024871j,0.000000
0.800000+0.000000j,-0.704018+0.329701j,0.368589+0.024871j,0.000000
0.800000+0.000000j,-0.704018+0.329701j,0.368589+0.024871j,0.000000
0.800000+0.000000j,-0.704018+0.329701j,0.368589+0.024871j,0.000000
0.800000+0.000000j,-0.704018+0.329701j,0.368589+0.024871j,0.000000
0.800000+0.000000j,-0.704018+0.329701j,0.368589+0.024871j,0.000000
0.800000+0.000000j,-0.704018+0.329701j,0.368589+0.024871j,0.000000
0.800000+0.000000j,-0.704018+0.329701j,0.368589+0.024871j,0.000000
0.800000+0.000000j,-0.704018+0.329701j,0.368589+0.024871j,0.000000
0.800000+0.000000j,-0.704018+0.329701j,0.368589+0.024871j,0.000000
0.800000+0.000000j,-0.704018+0.329701j,0.368589+0.024871j,0.000000
0.800000+0.000000j,-0.704018+0.329701j,0.368589+0.024871j,0.000000
0.800000+0.000000j,-0.704018+0.329701j,0.368589+0.024871j,0.000000
0.800000+0.000000j,-0.704018+0.329701j,0.368589+0.024871j,0.000000
0.800000+0.000000j,-0.704018+0.329701j,0.368589+0.024871j,0.000000
0.800000+0.000000j,-0.704018+0.329701j,0.368589+0.024871j,0.000000
0.800000+0.000000j,-0.704018+0.329701j,0.368589+0.024871j,0.000000
0.800000+0.000000j,-0.704018+0.329701j,0.368589+0.024871j,0.000000
0.800000+0.000000j,-0.704018+0.329701j,0.368589+0.024871j,0.000000
0.800000+0.000000j,-0.704018+0.329701j,0.368589+0.024871j,0.000000
0.800000+0.000000j,-0.704018+0.329701j,0.368589+0.024871j,0.000000
0.800000+0.000000j,-0.704018+0.329701j,0.368589+0.024871j,0.000000
0.800000+0.000000j,-0.704018+0.329701j,0.368589+0.024871j,0.000000
0.800000+0.000000j,-0.704018+0.329701j,0.368589+0.024871j,0.000000
0.800000+0.000000j,-0.704018+0.329701j,0.368589+0.024871j,0.000000
0.800000+0.000000j,-0.704018+0.329701j,0.368589+0.024871j,0.000000
0.800000+0.000000j,-0.704018+0.329701j,0.368589+0.024871j,0.000000
0.800000+0.000000j,-0.704018+0.329701j,0.368589+0.024871j,0.000000
0.800000+0.000000j,-0.704018+0.329701j,0.368589+0.024871j,0.000000
0.800000+0.000000j,-0.704018+0.329701j,0.368589+0.024871j,0.000000
0.800000+0.000000j,-0.704018+0.329701j,0.368589+0.024871j,0.000000
0.800000+0.000000j,-0.704018+0.329701j,0.368589+0.024871j,0.000000
0.800000+0.000000j,-0.704018+0.329701j,0.368589+0.024871j,0.000000
0.800000+0.000000j,-0.704018+0.329701j,0.368589+0.024871j,0.000000
0.800000+0.000000j,-0.704018+0.329701j,0.368589+0.024871j,0.000000
0.800000+0.000000j,-0.704018+0.329701j,0.368589+0.024871j,0.000000
0.800000+0.000000j,-0.704018+0.329701j,0.368589+0.024871j,0.000000
0.800000+0.000000j,-0.704018+0.329701j,0.368589+0.024871j,0.000000
0.800000+0.000000j,-0.704018+0.329701j,0.368589+0.024871j,0.000000
0.800000+0.000000j,-0.704018+0.329701j,0.368589+0.024871j,0.000000
0.800000+0.000000j,-0.704018+0.329701j,0.368589+0.024871j,0.000000
0.800000+0.000000j,-0.704018+0.329701j,0.368589+0.024871j,0.000000
0.800000+0.000000j,-0.704018+0.329701j,0.368589+0.024871j,0.000000
0.800000+0.000000j,-0.704018+0.329701j,0.368589+0.024871j,0.000000
0.800000+0.000000j,-0.704018+0.329701j,0.368589+0.024871j,0.000000
0.800000+0.000000j,-0.704018+0.329701j,0.368589+0.024871j,0.000000
0.800000+0.000000j,-0.704018+0.329701j,0.368589+0.024871j,0.000000
0.800000+0.000000j,-0.704018+0.329701j,0.368589+0.024871j,0.000000
0.800000+0.000000j,-0.704018+0.329701j,0.368589+0.024871j,0.000000
0.800000+0.000000j,-0.704018+0.329701j,0.368589+0.024871j,0.000000
0.800000+0.000000j,-0.704018+0.329701j,0.368589+0.024871j,0.000000
0.800000+0.000000j,-0.704018+0.329701j,0.368589+0.024871j,0.000000
0.800000+0.000000j,-0.704018+0.329701j,0.368589+0.024871j,0.000000
0.800000+0.000000j,-0.704018+0.329701j,0.368589+0.024871j,0.000000
0.800000+0.000000j,-0.704018+0.329701j,0.368589+0.024871j,0.000000
0.800000+0.000000j,-0.704018+0.329701j,0.368589+0.024871j,0.000000
0.800000+0.000000j,-0.704018+0.329701j,0.368589+0.024871j,0.000000
0.800000+0.000000j,-0.704018+0.329701j,0.368589+0.024871j,0.000000
0.800000+0.000000j,-0.704018+0.329701j,0.368589+0.024871j,0.000000
0.800000+0.000000j,-0.704018+0.329701j,0.368589+0.024871j,0.000000
0.800000+0.000000j,-0.704018+0.329701j,0.368589+0.024871j,0.000000
0.800000+0.000000j,-0.704018+0.329701j,0.368589+0.024871j,0.000000
0.800000+0.000000j,-0.704018+0.329701j,0.368589+0.024871j,0.000000
0.800000+0.000000j,-0.704018+0.329701j,0.368589+0.024871j,0.000000
0.800000+0.000000j,-0.704018+0.329701j,0.368589+0.024871j,0.000000
0.800000+0.000000j,-0.704018+0.329701j,0.368589+0.024871j,0.000000
0.800000+0.000000j,-0.704018+0.329701j,0.368589+0.024871j,0.000000
0.800000+0.000000j,-0.704018+0.329701j,0.368589+0.024871j,0.000000
0.800000+0.000000j,-0.704018+0.329701j,0.368589+0.024871j,0.000000
0.800000+0.000000j,-0.704018+0.329701j,0.368589+0.024871j,0.000000
0.800000+0.000000j,-0.704018+0.329701j,0.368589+0.024871j,0.000000
0.800000+0.000000j,-0.704018+0.329701j,0.368589+0.024871j,0.000000
0.800000+0.000000j,-0.704018+0.329701j,0.368589+0.024871j,0.000000
0.800000+0.000000j,-0.704018+0.329701j,0.368589+0.024871j,0.000000
0.800000+0.000000j,-0.704018+0.329701j,0.368589+0.024871j,0.000000
0.800000+0.000000j,-0.704018+0.329701j,0.368589+0.024871j,0.000000
0.800000+0.000000j,-0.704018+0.329701j,0.368589+0.024871j,0.000000
0.800000+0.000000j,-0.704018+0.329701j,0.368589+0.024871j,0.000000
0.800000+0.000000j,-0.704018+0.329701j,0.368589+0.024871j,0.000000
0.800000+0.000000j,-0.704018+0.329701j,0.368589+0.024871j,0.000000
0.800000+0.000000j,-0.704018+0.329701j,0.368589+0.024871j,0.000000
0.800000+0.000000j,-0.704018+0.329701j,0.368589+0.024871j,0.000000
0.800000+0.000000j,-0.704018+0.329701j,0.368589+0.024871j,0.000000
0.800000+0.000000j,-0.704018+0.329701j,0.368589+0.024871j,0.000000
0.800000+0.000000j,-0.704018+0.329701j,0.368589+0.024871j,0.000000
0.800000+0.000000j,-0.704018+0.329701j,0.368589+0.024871j,0.000000
0.800000+0.000000j,-0.704018+0.329701j,0.368589+0.024871j,0.000000
0.800000+0.000000j,-0.704018+0.329701j,0.368589+0.024871j,0.000000
0.800000+0.000000j,-0.704018+0.329701j,0.368589+0.024871j,0.000000
0.800000+0.000000j,-0.704018+0.329701j,0.368589+0.024871j,0.000000
0.800000+0.000000j,-0.704018+0.329701j,0.368589+0.024871j,0.000000
0.800000+0.000000j,-0.704018+0.329701j,0.368589+0.024871j,0.000000
0.800000+0.000000j,-0.704018+0.329701j,0.368589+0.024871j,0.000000
0.800000+0.000000j,-0.704018+0.329701j,0.368589+0.024871j,0.000000
0.800000+0.000000j,-0.704018+0.329701j,0.368589+0.024871j,0.000000
0.800000+0.000000j,-0.704018+0.329701j,0.368589+0.024871j,0.000000
0.800000+0.000000j,-0.704018+0.329701j,0.368589+0.024871j,0.000000
0.800000+0.000000j,-0.704018+0.329701j,0.368589+0.024871j,0.000000
0.800000+0.000000j,-0.704018+0.329701j,0.368589+0.024871j,0.000000
0.800000+0.000000j,-0.704018+0.329701j,0.368589+0.024871j,0.000000
0.800000+0.000000j,-0.704018+0.329701j,0.368589+0.024871j,0.000000
0.800000+0.000000j,-0.704018+0.329701j,0.368589+0.024871j,0.000000
0.800000+0.000000j,-0.704018+0.329701j,0.368589+0.024871j,0.000000
0.800000+0.000000j,-0.704018+0.329701j,0.368589+0.024871j,0.000000
0.800000+0.000000j,-0.704018+0.329701j,0.368589+0.024871j,0.000000
0.800000+0.000000j,-0.704018+0.329701j,0.368589+0.024871j,0.000000
0.800000+0.000000j,-0.704018+0.329701j,0.368589+0.024871j,0.000000
0.800000+0.000000j,-0.704018+0.329701j,0.368589+0.024871j,0.000000
0.800000+0.000000j,-0.704018+0.329701j,0.368589+0.024871j,0.000000
0.800000+0.000000j,-0.704018+0.329701j,0.368589+0.024871j,0.000000
0.800000+0.000000j,-0.704018+0.329701j,0.368589+0.024871j,0.000000
0.800000+0.000000j,-0.704018+0.329701j,0.368589+0.024871j,0.000000
0.800000+0.000000j,-0.704018+0.329701j,0.368589+0.024871j,0.000000
0.800000+0.000000j,-0.704018+0.329701j,0.368589+0.024871j,0.000000
0.800000+0.000000j,-0.704018+0.329701j,0.368589+0.024871j,0.000000
0.800000+0.000000j,-0.704018+0.329701j,0.368589+0.024871j,0.000000
0.800000+0.000000j,-0.704018+0.329701j,0.368589+0.024871j,0.000000
0.800000+0.000000j,-0.704018+0.329701j,0.368589+0.024871j,0.000000
0.800000+0.000000j,-0.704018+0.329701j,0.368589+0.024871j,0.000000
0.800000+0.000000j,-0.704018+0.329701j,0.368589+0.024871j,0.000000
0.800000+0.000000j,-0.704018+0.329701j,0.368589+0.024871j,0.000000
0.800000+0.000000j,-0.704018+0.329701j,0.368589+0.024871j,0.000000
0.800000+0.000000j,-0.704018+0.329701j,0.368589+0.024871j,0.000000
0.800000+0.000000j,-0.704018+0.329701j,0.368589+0.024871j,0.000000
0.800000+0.000000j,-0.704018+0.329701j,0.368589+0.024871j,0.000000
0.800000+0.000000j,-0.704018+0.329701j,0.368589+0.024871j,0.000000
0.800000+0.000000j,-0.704018+0.329701j,0.368589+0.024871j,0.000000
0.800000+0.000000j,-0.704018+0.329701j,0.368589+0.024871j,0.000000
0.800000+0.000000j,-0.704018+0.329701j,0.368589+0.024871j,0.000000
0.800000+0.000000j,-0.704018+0.329701j,0.368589+0.024871j,0.000000
0.800000+0.000000j,-0.704018+0.329701j,0.368589+0.024871j,0.000000
0.800000+0.000000j,-0.704018+0.329701j,0.368589+0.024871j,0.000000
0.800000+0.000000j,-0.704018+0.329701j,0.368589+0.024871j,0.000000
0.800000+0.000000j,-0.704018+0.329701j,0.368589+0.024871j,0.000000
0.800000+0.000000j,-0.704018+0.329701j,0.368589+0.024871j,0.000000
0.800000+0.000000j,-0.704018+0.329701j,0.368589+0.024871j,0.000000
0.800000+0.000000j,-0.704018+0.329701j,0.368589+0.024871j,0.000000
0.800000+0.000000j,-0.704018+0.329701j,0.368589+0.024871j,0.000000
0.800000+0.000000j,-0.704018+0.329701j,0.368589+0.024871j,0.000000
0.800000+0.000000j,-0.704018+0.329701j,0.368589+0.024871j,0.000000
0.800000+0.000000j,-0.704018+0.329701j,0.368589+0.024871j,0.000000
0.800000+0.000000j,-0.704018+0.329701j,0.368589+0.024871j,0.000000
0.800000+0.000000j,-0.704018+0.329701j,0.368589+0.024871j,0.000000
0.800000+0.000000j,-0.704018+0.329701j,0.368589+0.024871j,0.000000
0.800000+0.000000j,-0.704018+0.329701j,0.368589+0.024871j,0.000000
0.800000+0.000000j,-0.704018+0.329701j,0.368589+0.024871j,0.000000
0.800000+0.000000j,-0.704018+0.329701j,0.368589+0.024871j,0.000000
0.800000+0.000000j,-0.704018+0.329701j,0.368589+0.024871j,0.000000
0.800000+0.000000j,-0.704018+0.329701j,0.368589+0.024871j,0.000000
0.800000+0.000000j,-0.704018+0.329701j,0.368589+0.024871j,0.000000
0.800000+0.000000j,-0.704018+0.329701j,0.368589+0.024871j,0.000000
0.800000+0.000000j,-0.704018+0.329701j,0.368589+0.024871j,0.000000
0.800000+0.000000j,-0.704018+0.329701j,0.368589+0.024871j,0.000000
0.800000+0.000000j,-0.704018+0.329701j,0.368589+0.024871j,0.000000
0.800000+0.000000j,-0.704018+0.329701j,0.368589+0.024871j,0.000000
0.800000+0.000000j,-0.704018+0.329701j,0.368589+0.024871j,0.000000
0.800000+0.000000j,-0.704018+0.329701j,0.368589+0.024871j,0.000000
0.800000+0.000000j,-0.704018+0.329701j,0.368589+0.024871j,0.000000
0.800000+0.000000j,-0.704018+0.329701j,0.368589+0.024871j,0.000000
0.800000+0.000000j,-0.704018+0.329701j,0.368589+0.024871j,0.000000
0.800000+0.000000j,-0.704018+0.329701j,0.368589+0.024871j,0.000000
0.800000+0.000000j,-0.704018+0.329701j,0.368589+0.024871j,0.000000
0.800000+0.000000j,-0.704018+0.329701j,0.368589+0.024871j,0.000000
0.800000+0.000000j,-0.704018+0.329701j,0.368589+0.024871j,0.000000
0.800000+0.000000j,-0.704018+0.329701j,0.368589+0.024871j,0.000000
0.800000+0.000000j,-0.704018+0.329701j,0.368589+0.024871j,0.000000
0.800000+0.000000j,-0.704018+0.329701j,0.368589+0.024871j,0.000000
0.800000+0.000000j,-0.704018+0.329701j,0.368589+0.024871j,0.000000
0.800000+0.000000j,-0.704018+0.329701j,0.368589+0.024871j,0.000000
0.800000+0.000000j,-0.704018+0.329701j,0.368589+0.024871j,0.000000
0.800000+0.000000j,-0.704018+0.329701j,0.368589+0.024871j,0.000000
0.800000+0.000000j,-0.704018+0.329701j,0.368589+0.024871j,0.000000
0.800000+0.000000j,-0.704018+0.329701j,0.368589+0.024871j,0.000000
0.800000+0.000000j,-0.704018+0.329701j,0.368589+0.024871j,0.000000
0.800000+0.000000j,-0.704018+0.329701j,0.368589+0.024871j,0.000000
0.800000+0.000000j,-0.704018+0.329701j,0.368589+0.024871j,0.000000
0.800000+0.000000j,-0.704018+0.329701j,0.368589+0.024871j,0.000000
0.800000+0.000000j,-0.704018+0.329701j,0.368589+0.024871j,0.000000
0.800000+0.000000j,-0.704018+0.329701j,0.368589+0.024871j,0.000000
0.800000+0.000000j,-0.704018+0.329701j,0.368589+0.024871j,0.000000
0.800000+0.000000j,-0.704018+0.329701j,0.368589+0.024871j,0.000000
0.800000+0.000000j,-0.704018+0.329701j,0.368589+0.024871j,0.000000
0.800000+0.000000j,-0.704018+0.329701j,0.368589+0.024871j,0.000000
0.800000+0.000000j,-0.704018+0.329701j,0.368589+0.024871j,0.000000
0.800000+0.000000j,-0.704018+0.329701j,0.368589+0.024871j,0.000000
0.800000+0.000000j,-0.704018+0.329701j,0.368589+0.024871j,0.000000
0.800000+0.000000j,-0.704018+0.329701j,0.368589+0.024871j,0.000000
0.800000+0.000000j,-0.704018+0.329701j,0.368589+0.024871j,0.000000
0.800000+0.000000j,-0.704018+0.329701j,0.368589+0.024871j,0.000000
0.800000+0.000000j,-0.704018+0.329701j,0.368589+0.024871j,0.000000
0.800000+0.000000j,-0.704018+0.329701j,0.368589+0.024871j,0.000000
0.800000+0.000000j,-0.704018+0.329701j,0.368589+0.024871j,0.000000
0.800000+0.000000j,-0.704018+0.329701j,0.368589+0.024871j,0.000000
0.800000+0.000000j,-0.704018+0.329701j,0.368589+0.024871j,0.000000
0.800000+0.000000j,-0.704018+0.329701j,0.368589+0.024871j,0.000000
0.800000+0.000000j,-0.704018+0.329701j,0.368589+0.024871j,0.000000
0.800000+0.000000j,-0.704018+0.329701j,0.368589+0.024871j,0.000000
0.800000+0.000000j,-0.704018+0.329701j,0.368589+0.024871j,0.000000
0.800000+0.000000j,-0.704018+0.329701j,0.368589+0.024871j,0.000000
0.800000+0.000000j,-0.704018+0.329701j,0.368589+0.024871j,0.000000
0.800000+0.000000j,-0.704018+0.329701j,0.368589+0.024871j,0.000000
0.800000+0.000000j,-0.704018+0.329701j,0.368589+0.024871j,0.000000
0.800000+0.000000j,-0.704018+0.329701j,0.368589+0.024871j,0.000000
0.800000+0.000000j,-0.704018+0.329701j,0.368589+0.024871j,0.000000
0.800000+0.000000j,-0.704018+0.329701j,0.368589+0.024871j,0.000000
0.800000+0.000000j,-0.704018+0.329701j,0.368589+0.024871j,0.000000
0.800000+0.000000j,-0.704018+0.329701j,0.368589+0.024871j,0.000000
0.800000+0.000000j,-0.704018+0.329701j,0.368589+0.024871j,0.000000
0.800000+0.000000j,-0.704018+0.329701j,0.368589+0.024871j,0.000000
0.800000+0.000000j,-0.704018+0.329701j,0.368589+0.024871j,0.000000
0.800000+0.000000j,-0.704018+0.329701j,0.368589+0.024871j,0.000000
0.800000+0.000000j,-0.704018+0.329701j,0.368589+0.024871j,0.000000
0.800000+0.000000j,-0.704018+0.329701j,0.368589+0.024871j,0.000000
0.800000+0.000000j,-0.704018+0.329701j,0.368589+0.024871j,0.000000
0.800000+0.000000j,-0.704018+0.329701j,0.368589+0.024871j,0.000000
0.800000+0.000000j,-0.704018+0.329701j,0.368589+0.024871j,0.000000
0.800000+0.000000j,-0.704018+0.329701j,0.368589+0.024871j,0.000000
0.800000+0.000000j,-0.704018+0.329701j,0.368589+0.024871j,0.000000
0.800000+0.000000j,-0.704018+0.329701j,0.368589+0.024871j,0.000000
0.800000+0.000000j,-0.704018+0.329701j,0.368589+0.024871j,0.000000
0.800000+0.000000j,-0.704018+0.329701j,0.368589+0.024871j,0.000000
0.800000+0.000000j,-0.704018+0.329701j,0.368589+0.024871j,0.000000
0.800000+0.000000j,-0.704018+0.329701j,0.368589+0.024871j,0.000000
0.800000+0.000000j,-0.704018+0.329701j,0.368589+0.024871j,0.000000
0.800000+0.000000j,-0.704018+0.329701j,0.368589+0.024871j,0.000000
0.800000+0.000000j,-0.704018+0.329701j,0.368589+0.024871j,0.000000
0.800000+0.000000j,-0.704018+0.329701j,0.368589+0.024871j,0.000000
0.800000+0.000000j,-0.704018+0.329701j,0.368589+0.024871j,0.000000
0.800000+0.000000j,-0.704018+0.329701j,0.368589+0.024871j,0.000000
0.800000+0.000000j,-0.704018+0.329701j,0.368589+0.024871j,0.000000
0.800000+0.000000j,-0.704018+0.329701j,0.368589+0.024871j,0.000000
0.800000+0.000000j,-0.704018+0.329701j,0.368589+0.024871j,0.000000
0.800000+0.000000j,-0.704018+0.329701j,0.368589+0.024871j,0.000000
0.800000+0.000000j,-0.704018+0.329701j,0.368589+0.024871j,0.000000
0.800000+0.000000j,-0.704018+0.329701j,0.368589+0.024871j,0.000000
0.800000+0.000000j,-0.704018+0.329701j,0.368589+0.024871j,0.000000
0.800000+0.000000j,-0.704018+0.329701j,0.368589+0.024871j,0.000000
0.800000+0.000000j,-0.704018+0.329701j,0.368589+0.024871j,0.000000
0.800000+0.000000j,-0.704018+0.329701j,0.368589+0.024871j,0.000000
0.800000+0.000000j,-0.704018+0.329701j,0.368589+0.024871j,0.000000
0.800000+0.000000j,-0.704018+0.329701j,0.368589+0.024871j,0.000000
0.800000+0.000000j,-0.704018+0.329701j,0.368589+0.024871j,0.000000
0.800000+0.000000j,-0.704018+0.329701j,0.368589+0.024871j,0.000000
0.800000+0.000000j,-0.704018+0.329701j,0.368589+0.024871j,0.000000
0.800000+0.000000j,-0.704018+0.329701j,0.368589+0.024871j,0.000000
0.800000+0.000000j,-0.704018+0.329701j,0.368589+0.024871j,0.000000
0.800000+0.000000j,-0.704018+0.329701j,0.368589+0.024871j,0.000000
0.800000+0.000000j,-0.704018+0.329701j,0.368589+0.024871j,0.000000
0.800000+0.000000j,-0.704018+0.329701j,0.368589+0.024871j,0.000000
0.800000+0.000000j,-0.704018+0.329701j,0.368589+0.024871j,0.000000
0.800000+0.000000j,-0.704018+0.329701j,0.368589+0.024871j,0.000000
0.800000+0.000000j,-0.704018+0.329701j,0.368589+0.024871j,0.000000
0.800000+0.000000j,-0.704018+0.329701j,0.368589+0.024871j,0.000000
0.800000+0.000000j,-0.704018+0.329701j,0.368589+0.024871j,0.000000
0.800000+0.000000j,-0.704018+0.329701j,0.368589+0.024871j,0.000000
0.800000+0.000000j,-0.704018+0.329701j,0.368589+0.024871j,0.000000
0.800000+0.000000j,-0.704018+0.329701j,0.368589+0.024871j,0.000000
0.800000+0.000000j,-0.704018+0.329701j,0.368589+0.024871j,0.000000
0.800000+0.000000j,-0.704018+0.329701j,0.368589+0.024871j,0.000000
0.800000+0.000000j,-0.704018+0.329701j,0.368589+0.024871j,0.000000
0.800000+0.000000j,-0.704018+0.329701j,0.368589+0.024871j,0.000000
0.800000+0.000000j,-0.704018+0.329701j,0.368589+0.024871j,0.000000
0.800000+0.000000j,-0.704018+0.329701j,0.368589+0.024871j,0.000000
0.800000+0.000000j,-0.704018+0.329701j,0.368589+0.024871j,0.000000
0.800000+0.000000j,-0.704018+0.329701j,0.368589+0.024871j,0.000000
0.800000+0.000000j,-0.704018+0.329701j,0.368589+0.024871j,0.000000
0.800000+0.000000j,-0.704018+0.329701j,0.368589+0.024871j,0.000000
0.800000+0.000000j,-0.704018+0.329701j,0.368589+0.024871j,0.000000
0.800000+0.000000j,-0.704018+0.329701j,0.368589+0.024871j,0.000000
0.800000+0.000000j,-0.704018+0.329701j,0.368589+0.024871j,0.000000
0.800000+0.000000j,-0.704018+0.329701j,0.368589+0.024871j,0.000000
0.800000+0.000000j,-0.704018+0.329701j,0.368589+0.024871j,0.000000
0.800000+0.000000j,-0.704018+0.329701j,0.368589+0.024871j,0.000000
0.800000+0.000000j,-0.704018+0.329701j,0.368589+0.024871j,0.000000
0.800000+0.000000j,-0.704018+0.329701j,0.368589+0.024871j,0.000000
0.800000+0.000000j,-0.704018+0.329701j,0.368589+0.024871j,0.000000
0.800000+0.000000j,-0.704018+0.329701j,0.368589+0.024871j,0.000000
0.800000+0.000000j,-0.704018+0.329701j,0.368589+0.024871j,0.000000
0.800000+0.000000j,-0.704018+0.329701j,0.368589+0.024871j,0.000000
0.800000+0.000000j,-0.704018+0.329701j,0.368589+0.024871j,0.000000
0.800000+0.000000j,-0.704018+0.329701j,0.368589+0.024871j,0.000000
0.800000+0.000000j,-0.704018+0.329701j,0.368589+0.024871j,0.000000
0.800000+0.000000j,-0.704018+0.329701j,0.368589+0.024871j,0.000000
0.800000+0.000000j,-0.704018+0.329701j,0.368589+0.024871j,0.000000
0.800000+0.000000j,-0.704018+0.329701j,0.368589+0.024871j,0.000000
0.800000+0.000000j,-0.704018+0.329701j,0.368589+0.024871j,0.000000
0.800000+0.000000j,-0.704018+0.329701j,0.368589+0.024871j,0.000000
0.800000+0.000000j,-0.704018+0.329701j,0.368589+0.024871j,0.000000
0.800000+0.000000j,-0.704018+0.329701j,0.368589+0.024871j,0.000000
0.800000+0.000000j,-0.704018+0.329701j,0.368589+0.024871j,0.000000
0.800000+0.000000j,-0.704018+0.329701j,0.368589+0.024871j,0.000000
0.800000+0.000000j,-0.704018+0.329701j,0.368589+0.024871j,0.000000
0.800000+0.000000j,-0.704018+0.329701j,0.368589+0.024871j,0.000000
0.800000+0.000000j,-0.704018+0.329701j,0.368589+0.024871j,0.000000
0.800000+0.000000j,-0.704018+0.329701j,0.368589+0.024871j,0.000000
0.800000+0.000000j,-0.704018+0.329701j,0.368589+0.024871j,0.000000
0.800000+0.000000j,-0.704018+0.329701j,0.368589+0.024871j,0.000000
0.800000+0.000000j,-0.704018+0.329701j,0.368589+0.024871j,0.000000
0.800000+0.000000j,-0.704018+0.329701j,0.368589+0.024871j,0.000000
0.800000+0.000000j,-0.704018+0.329701j,0.368589+0.024871j,0.000000
0.800000+0.000000j,-0.704018+0.329701j,0.368589+0.024871j,0.000000
0.800000+0.000000j,-0.704018+0.329701j,0.368589+0.024871j,0.000000
0.800000+0.000000j,-0.704018+0.329701j,0.368589+0.024871j,0.000000
0.800000+0.000000j,-0.704018+0.329701j,0.368589+0.024871j,0.000000
0.800000+0.000000j,-0.704018+0.329701j,0.368589+0.024871j,0.000000
0.800000+0.000000j,-0.704018+0.329701j,0.368589+0.024871j,0.000000
0.800000+0.000000j,-0.704018+0.329701j,0.368589+0.024871j,0.000000
0.800000+0.000000j,-0.704018+0.329701j,0.368589+0.024871j,0.000000
0.800000+0.000000j,-0.704018+0.329701j,0.368589+0.024871j,0.000000
0.800000+0.000000j,-0.704018+0.329701j,0.368589+0.024871j,0.000000
0.800000+0.000000j,-0.704018+0.329701j,0.368589+0.024871j,0.000000
0.800000+0.000000j,-0.704018+0.329701j,0.368589+0.024871j,0.000000
0.800000+0.000000j,-0.704018+0.329701j,0.368589+0.024871j,0.000000
0.800000+0.000000j,-0.704018+0.329701j,0.368589+0.024871j,0.000000
0.800000+0.000000j,-0.704018+0.329701j,0.368589+0.024871j,0.000000
0.800000+0.000000j,-0.704018+0.329701j,0.368589+0.024871j,0.000000
0.800000+0.000000j,-0.704018+0.329701j,0.368589+0.024871j,0.000000
0.800000+0.000000j,-0.704018+0.329701j,0.368589+0.024871j,0.000000
0.800000+0.000000j,-0.704018+0.329701j,0.368589+0.024871j,0.000000
0.800000+0.000000j,-0.704018+0.329701j,0.368589+0.024871j,0.000000
0.800000+0.000000j,-0.704018+0.329701j,0.368589+0.024871j,0.000000
0.800000+0.000000j,-0.704018+0.329701j,0.368589+0.024871j,0.000000
0.800000+0.000000j,-0.704018+0.329701j,0.368589+0.024871j,0.000000
0.800000+0.000000j,-0.704018+0.329701j,0.368589+0.024871j,0.000000
0.800000+0.000000j,-0.704018+0.329701j,0.368589+0.024871j,0.000000
0.800000+0.000000j,-0.704018+0.329701j,0.368589+0.024871j,0.000000
0.800000+0.000000j,-0.704018+0.329701j,0.368589+0.024871j,0.000000
0.800000+0.000000j,-0.704018+0.329701j,0.368589+0.024871j,0.000000
0.800000+0.000000j,-0.704018+0.329701j,0.368589+0.024871j,0.000000
0.800000+0.000000j,-0.704018+0.329701j,0.368589+0.024871j,0.000000
0.800000+0.000000j,-0.704018+0.329701j,0.368589+0.024871j,0.000000
0.800000+0.000000j,-0.704018+0.329701j,0.368589+0.024871j,0.000000
0.800000+0.000000j,-0.704018+0.329701j,0.368589+0.024871j,0.000000
0.800000+0.000000j,-0.704018+0.329701j,0.368589+0.024871j,0.000000
0.800000+0.000000j,-0.704018+0.329701j,0.368589+0.024871j,0.000000
0.800000+0.000000j,-0.704018+0.329701j,0.368589+0.024871j,0.000000
0.800000+0.000000j,-0.704018+0.329701j,0.368589+0.024871j,0.000000
0.800000+0.000000j,-0.704018+0.329701j,0.368589+0.024871j,0.000000
0.800000+0.000000j,-0.704018+0.329701j,0.368589+0.024871j,0.000000
0.800000+0.000000j,-0.704018+0.329701j,0.368589+0.024871j,0.000000
0.800000+0.000000j,-0.704018+0.329701j,0.368589+0.024871j,0.000000
0.800000+0.000000j,-0.704018+0.329701j,0.368589+0.024871j,0.000000
0.800000+0.000000j,-0.704018+0.329701j,0.368589+0.024871j,0.000000
0.800000+0.000000j,-0.704018+0.329701j,0.368589+0.024871j,0.000000
0.800000+0.000000j,-0.704018+0.329701j,0.368589+0.024871j,0.000000
0.800000+0.000000j,-0.704018+0.329701j,0.368589+0.024871j,0.000000
0.800000+0.000000j,-0.704018+0.329701j,0.368589+0.024871j,0.000000
0.800000+0.000000j,-0.704018+0.329701j,0.368589+0.024871j,0.000000
0.800000+0.000000j,-0.704018+0.329701j,0.368589+0.024871j,0.000000
0.800000+0.000000j,-0.704018+0.329701j,0.368589+0.024871j,0.000000
0.800000+0.000000j,-0.704018+0.329701j,0.368589+0.024871j,0.000000
0.800000+0.000000j,-0.704018+0.329701j,0.368589+0.024871j,0.000000
0.800000+0.000000j,-0.704018+0.329701j,0.368589+0.024871j,0.000000
0.800000+0.000000j,-0.704018+0.329701j,0.368589+0.024871j,0.000000
0.800000+0.000000j,-0.704018+0.329701j,0.368589+0.024871j,0.000000
0.800000+0.000000j,-0.704018+0.329701j,0.368589+0.024871j,0.000000
0.800000+0.000000j,-0.704018+0.329701j,0.368589+0.024871j,0.000000
0.800000+0.000000j,-0.704018+0.329701j,0.368589+0.024871j,0.000000
0.800000+0.000000j,-0.704018+0.329701j,0.368589+0.024871j,0.000000
0.800000+0.000000j,-0.704018+0.329701j,0.368589+0.024871j,0.000000
0.800000+0.000000j,-0.704018+0.329701j,0.368589+0.024871j,0.000000
0.800000+0.000000j,-0.704018+0.329701j,0.368589+0.024871j,0.000000
0.800000+0.000000j,-0.704018+0.329701j,0.368589+0.024871j,0.000000
0.800000+0.000000j,-0.704018+0.329701j,0.368589+0.024871j,0.000000
0.800000+0.000000j,-0.704018+0.329701j,0.368589+0.024871j,0.000000
0.800000+0.000000j,-0.704018+0.329701j,0.368589+0.024871j,0.000000
0.800000+0.000000j,-0.704018+0.329701j,0.368589+0.024871j,0.000000
0.800000+0.000000j,-0.704018+0.329701j,0.368589+0.024871j,0.000000
0.800000+0.000000j,-0.704018+0.329701j,0.368589+0.024871j,0.000000
0.800000+0.000000j,-0.704018+0.329701j,0.368589+0.024871j,0.000000
0.800000+0.000000j,-0.704018+0.329701j,0.368589+0.024871j,0.000000
0.800000+0.000000j,-0.704018+0.329701j,0.368589+0.024871j,0.000000
0.800000+0.000000j,-0.704018+0.329701j,0.368589+0.024871j,0.000000
0.800000+0.000000j,-0.704018+0.329701j,0.368589+0.024871j,0.000000
0.800000+0.000000j,-0.704018+0.329701j,0.368589+0.024871j,0.000000
0.800000+0.000000j,-0.704018+0.329701j,0.368589+0.024871j,0.000000
0.800000+0.000000j,-0.704018+0.329701j,0.368589+0.024871j,0.000000
0.800000+0.000000j,-0.704018+0.329701j,0.368589+0.024871j,0.000000
0.800000+0.000000j,-0.704018+0.329701j,0.368589+0.024871j,0.000000
0.800000+0.000000j,-0.704018+0.329701j,0.368589+0.024871j,0.000000
0.800000+0.000000j,-0.704018+0.329701j,0.368589+0.024871j,0.000000
0.800000+0.000000j,-0.704018+0.329701j,0.368589+0.024871j,0.000000
0.800000+0.000000j,-0.704018+0.329701j,0.368589+0.024871j,0.000000
0.800000+0.000000j,-0.704018+0.329701j,0.368589+0.024871j,0.000000
0.800000+0.000000j,-0.704018+0.329701j,0.368589+0.024871j,0.000000
0.800000+0.000000j,-0.704018+0.329701j,0.368589+0.024871j,0.000000
0.800000+0.000000j,-0.704018+0.329701j,0.368589+0.024871j,0.000000
0.800000+0.000000j,-0.704018+0.329701j,0.368589+0.024871j,0.000000
0.800000+0.000000j,-0.704018+0.329701j,0.368589+0.024871j,0.000000
0.800000+0.000000j,-0.704018+0.329701j,0.368589+0.024871j,0.000000
0.800000+0.000000j,-0.704018+0.329701j,0.368589+0.024871j,0.000000
0.800000+0.000000j,-0.704018+0.329701j,0.368589+0.024871j,0.000000
0.800000+0.000000j,-0.704018+0.329701j,0.368589+0.024871j,0.000000
0.800000+0.000000j,-0.704018+0.329701j,0.368589+0.024871j,0.000000
0.800000+0.000000j,-0.704018+0.329701j,0.368589+0.024871j,0.000000
0.800000+0.000000j,-0.704018+0.329701j,0.368589+0.024871j,0.000000
0.800000+0.000000j,-0.704018+0.329701j,0.368589+0.024871j,0.000000
0.800000+0.000000j,-0.704018+0.329701j,0.368589+0.024871j,0.000000
0.800000+0.000000j,-0.704018+0.329701j,0.368589+0.024871j,0.000000
0.800000+0.000000j,-0.704018+0.329701j,0.368589+0.024871j,0.000000
0.800000+0.000000j,-0.704018+0.329701j,0.368589+0.024871j,0.000000
0.800000+0.000000j,-0.704018+0.329701j,0.368589+0.024871j,0.000000
0.800000+0.000000j,-0.704018+0.329701j,0.368589+0.024871j,0.000000
0.800000+0.000000j,-0.704018+0.329701j,0.368589+0.024871j,0.000000
0.800000+0.000000j,-0.704018+0.329701j,0.368589+0.024871j,0.000000
0.800000+0.000000j,-0.704018+0.329701j,0.368589+0.024871j,0.000000
0.800000+0.000000j,-0.704018+0.329701j,0.368589+0.024871j,0.000000
0.800000+0.000000j,-0.704018+0.329701j,0.368589+0.024871j,0.000000
0.800000+0.000000j,-0.704018+0.329701j,0.368589+0.024871j,0.000000
0.800000+0.000000j,-0.704018+0.329701j,0.368589+0.024871j,0.000000
0.800000+0.000000j,-0.704018+0.329701j,0.368589+0.024871j,0.000000
0.800000+0.000000j,-0.704018+0.329701j,0.368589+0.024871j,0.000000
0.800000+0.000000j,-0.704018+0.329701j,0.368589+0.024871j,0.000000
0.800000+0.000000j,-0.704018+0.329701j,0.368589+0.024871j,0.000000
0.800000+0.000000j,-0.704018+0.329701j,0.368589+0.024871j,0.000000
0.800000+0.000000j,-0.704018+0.329701j,0.368589+0.024871j,0.000000
0.800000+0.000000j,-0.704018+0.329701j,0.368589+0.024871j,0.000000
0.800000+0.000000j,-0.704018+0.329701j,0.368589+0.024871j,0.000000
0.800000+0.000000j,-0.704018+0.329701j,0.368589+0.024871j,0.000000
0.800000+0.000000j,-0.704018+0.329701j,0.368589+0.024871j,0.000000
0.800000+0.000000j,-0.704018+0.329701j,0.368589+0.024871j,0.000000
0.800000+0.000000j,-0.704018+0.329701j,0.368589+0.024871j,0.000000
0.800000+0.000000j,-0.704018+0.329701j,0.368589+0.024871j,0.000000
0.800000+0.000000j,-0.704018+0.329701j,0.368589+0.024871j,0.000000
0.800000+0.000000j,-0.704018+0.329701j,0.368589+0.024871j,0.000000
0.800000+0.000000j,-0.704018+0.329701j,0.368589+0.024871j,0.000000
0.800000+0.000000j,-0.704018+0.329701j,0.368589+0.024871j,0.000000
0.800000+0.000000j,-0.704018+0.329701j,0.368589+0.024871j,0.000000
0.800000+0.000000j,-0.704018+0.329701j,0.368589+0.024871j,0.000000
0.800000+0.000000j,-0.704018+0.329701j,0.368589+0.024871j,0.000000
0.800000+0.000000j,-0.704018+0.329701j,0.368589+0.024871j,0.000000
0.800000+0.000000j,-0.704018+0.329701j,0.368589+0.024871j,0.000000
0.800000+0.000000j,-0.704018+0.329701j,0.368589+0.024871j,0.000000
0.800000+0.000000j,-0.704018+0.329701j,0.368589+0.024871j,0.000000
0.800000+0.000000j,-0.704018+0.329701j,0.368589+0.024871j,0.000000
0.800000+0.000000j,-0.704018+0.329701j,0.368589+0.024871j,0.000000
0.800000+0.000000j,-0.704018+0.329701j,0.368589+0.024871j,0.000000
0.800000+0.000000j,-0.704018+0.329701j,0.368589+0.024871j,0.000000
0.800000+0.000000j,-0.704018+0.329701j,0.368589+0.024871j,0.000000
0.800000+0.000000j,-0.704018+0.329701j,0.368589+0.024871j,0.000000
0.800000+0.000000j,-0.704018+0.329701j,0.368589+0.024871j,0.000000
0.800000+0.000000j,-0.704018+0.329701j,0.368589+0.024871j,0.000000
0.800000+0.000000j,-0.704018+0.329701j,0.368589+0.024871j,0.000000
0.800000+0.000000j,-0.704018+0.329701j,0.368589+0.024871j,0.000000
0.800000+0.000000j,-0.704018+0.329701j,0.368589+0.024871j,0.000000
0.800000+0.000000j,-0.704018+0.329701j,0.368589+0.024871j,0.000000
0.800000+0.000000j,-0.704018+0.329701j,0.368589+0.024871j,0.000000
0.800000+0.000000j,-0.704018+0.329701j,0.368589+0.024871j,0.000000
0.800000+0.000000j,-0.704018+0.329701j,0.368589+0.024871j,0.000000
0.800000+0.000000j,-0.704018+0.329701j,0.368589+0.024871j,0.000000
0.800000+0.000000j,-0.704018+0.329701j,0.368589+0.024871j,0.000000
0.800000+0.000000j,-0.704018+0.329701j,0.368589+0.024871j,0.000000
0.800000+0.000000j,-0.704018+0.329701j,0.368589+0.024871j,0.000000
0.800000+0.000000j,-0.704018+0.329701j,0.368589+0.024871j,0.000000
0.800000+0.000000j,-0.704018+0.329701j,0.368589+0.024871j,0.000000
0.800000+0.000000j,-0.704018+0.329701j,0.368589+0.024871j,0.000000
0.800000+0.000000j,-0.704018+0.329701j,0.368589+0.024871j,0.000000
0.800000+0.000000j,-0.704018+0.329701j,0.368589+0.024871j,0.000000
0.800000+0.000000j,-0.704018+0.329701j,0.368589+0.024871j,0.000000
0.800000+0.000000j,-0.704018+0.329701j,0.368589+0.024871j,0.000000
0.800000+0.000000j,-0.704018+0.329701j,0.368589+0.024871j,0.000000
0.800000+0.000000j,-0.704018+0.329701j,0.368589+0.024871j,0.000000
0.800000+0.000000j,-0.704018+0.329701j,0.368589+0.024871j,0.000000
0.800000+0.000000j,-0.704018+0.329701j,0.368589+0.024871j,0.000000
0.800000+0.000000j,-0.704018+0.329701j,0.368589+0.024871j,0.000000
0.800000+0.000000j,-0.704018+0.329701j,0.368589+0.024871j,0.000000
0.800000+0.000000j,-0.704018+0.329701j,0.368589+0.024871j,0.000000
0.800000+0.000000j,-0.704018+0.329701j,0.368589+0.024871j,0.000000
0.800000+0.000000j,-0.704018+0.329701j,0.368589+0.024871j,0.000000
0.800000+0.000000j,-0.704018+0.329701j,0.368589+0.024871j,0.000000
0.800000+0.000000j,-0.704018+0.329701j,0.368589+0.024871j,0.000000
0.800000+0.000000j,-0.704018+0.329701j,0.368589+0.024871j,0.000000
0.800000+0.000000j,-0.704018+0.329701j,0.368589+0.024871j,0.000000
0.800000+0.000000j,-0.704018+0.329701j,0.368589+0.024871j,0.000000
0.800000+0.000000j,-0.704018+0.329701j,0.368589+0.024871j,0.000000
0.800000+0.000000j,-0.704018+0.329701j,0.368589+0.024871j,0.000000
0.800000+0.000000j,-0.704018+0.329701j,0.368589+0.024871j,0.000000
0.800000+0.000000j,-0.704018+0.329701j,0.368589+0.024871j,0.000000
0.800000+0.000000j,-0.704018+0.329701j,0.368589+0.024871j,0.000000
0.800000+0.000000j,-0.704018+0.329701j,0.368589+0.024871j,0.000000
0.800000+0.000000j,-0.704018+0.329701j,0.368589+0.024871j,0.000000
0.800000+0.000000j,-0.704018+0.329701j,0.368589+0.024871j,0.000000
0.800000+0.000000j,-0.704018+0.329701j,0.368589+0.024871j,0.000000
0.800000+0.000000j,-0.704018+0.329701j,0.368589+0.024871j,0.000000
0.800000+0.000000j,-0.704018+0.329701j,0.368589+0.024871j,0.000000
0.800000+0.000000j,-0.704018+0.329701j,0.368589+0.024871j,0.000000
0.800000+0.000000j,-0.704018+0.329701j,0.368589+0.024871j,0.000000
0.800000+0.000000j,-0.704018+0.329701j,0.368589+0.024871j,0.000000
0.800000+0.000000j,-0.704018+0.329701j,0.368589+0.024871j,0.000000
0.800000+0.000000j,-0.704018+0.329701j,0.368589+0.024871j,0.000000
0.800000+0.000000j,-0.704018+0.329701j,0.368589+0.024871j,0.000000
0.800000+0.000000j,-0.704018+0.329701j,0.368589+0.024871j,0.000000
0.800000+0.000000j,-0.704018+0.329701j,0.368589+0.024871j,0.000000
0.800000+0.000000j,-0.704018+0.329701j,0.368589+0.024871j,0.000000
0.800000+0.000000j,-0.704018+0.329701j,0.368589+0.024871j,0.000000
0.800000+0.000000j,-0.704018+0.329701j,0.368589+0.024871j,0.000000
0.800000+0.000000j,-0.704018+0.329701j,0.368589+0.024871j,0.000000
0.800000+0.000000j,-0.704018+0.329701j,0.368589+0.024871j,0.000000
0.800000+0.000000j,-0.704018+0.329701j,0.368589+0.024871j,0.000000
0.800000+0.000000j,-0.704018+0.329701j,0.368589+0.024871j,0.000000
0.800000+0.000000j,-0.704018+0.329701j,0.368589+0.024871j,0.000000
0.800000+0.000000j,-0.704018+0.329701j,0.368589+0.024871j,0.000000
0.800000+0.000000j,-0.704018+0.329701j,0.368589+0.024871j,0.000000
0.800000+0.000000j,-0.704018+0.329701j,0.368589+0.024871j,0.000000
0.800000+0.000000j,-0.704018+0.329701j,0.368589+0.024871j,0.000000
0.800000+0.000000j,-0.704018+0.329701j,0.368589+0.024871j,0.000000
0.800000+0.000000j,-0.704018+0.329701j,0.368589+0.024871j,0.000000
0.800000+0.000000j,-0.704018+0.329701j,0.368589+0.024871j,0.000000
0.800000+0.000000j,-0.704018+0.329701j,0.368589+0.024871j,0.000000
0.800000+0.000000j,-0.704018+0.329701j,0.368589+0.024871j,0.000000
0.800000+0.000000j,-0.704018+0.329701j,0.368589+0.024871j,0.000000
0.800000+0.000000j,-0.704018+0.329701j,0.368589+0.024871j,0.000000
0.800000+0.000000j,-0.704018+0.329701j,0.368589+0.024871j,0.000000
0.800000+0.000000j,-0.704018+0.329701j,0.368589+0.024871j,0.000000
0.800000+0.000000j,-0.704018+0.329701j,0.368589+0.024871j,0.000000
0.800000+0.000000j,-0.704018+0.329701j,0.368589+0.024871j,0.000000
0.800000+0.000000j,-0.704018+0.329701j,0.368589+0.024871j,0.000000
0.800000+0.000000j,-0.704018+0.329701j,0.368589+0.024871j,0.000000
0.800000+0.000000j,-0.704018+0.329701j,0.368589+0.024871j,0.000000
0.800000+0.000000j,-0.704018+0.329701j,0.368589+0.024871j,0.000000
0.800000+0.000000j,-0.704018+0.329701j,0.368589+0.024871j,0.000000
0.800000+0.000000j,-0.704018+0.329701j,0.368589+0.024871j,0.000000
0.800000+0.000000j,-0.704018+0.329701j,0.368589+0.024871j,0.000000
0.800000+0.000000j,-0.704018+0.329701j,0.368589+0.024871j,0.000000
0.800000+0.000000j,-0.704018+0.329701j,0.368589+0.024871j,0.000000
0.800000+0.000000j,-0.704018+0.329701j,0.368589+0.024871j,0.000000
0.800000+0.000000j,-0.704018+0.329701j,0.368589+0.024871j,0.000000
0.800000+0.000000j,-0.704018+0.329701j,0.368589+0.024871j,0.000000
0.800000+0.000000j,-0.704018+0.329701j,0.368589+0.024871j,0.000000
0.800000+0.000000j,-0.704018+0.329701j,0.368589+0.024871j,0.000000
0.800000+0.000000j,-0.704018+0.329701j,0.368589+0.024871j,0.000000
0.800000+0.000000j,-0.704018+0.329701j,0.368589+0.024871j,0.000000
0.800000+0.000000j,-0.704018+0.329701j,0.368589+0.024871j,0.000000
0.800000+0.000000j,-0.704018+0.329701j,0.368589+0.024871j,0.000000
0.800000+0.000000j,-0.704018+0.329701j,0.368589+0.024871j,0.000000
0.800000+0.000000j,-0.704018+0.329701j,0.368589+0.024871j,0.000000
0.800000+0.000000j,-0.704018+0.329701j,0.368589+0.024871j,0.000000
0.800000+0.000000j,-0.704018+0.329701j,0.368589+0.024871j,0.000000
0.800000+0.000000j,-0.704018+0.329701j,0.368589+0.024871j,0.000000
0.800000+0.000000j,-0.704018+0.329701j,0.368589+0.024871j,0.000000
0.800000+0.000000j,-0.704018+0.329701j,0.368589+0.024871j,0.000000
0.800000+0.000000j,-0.704018+0.329701j,0.368589+0.024871j,0.000000
0.800000+0.000000j,-0.704018+0.329701j,0.368589+0.024871j,0.000000
0.800000+0.000000j,-0.704018+0.329701j,0.368589+0.024871j,0.000000
0.800000+0.000000j,-0.704018+0.329701j,0.368589+0.024871j,0.000000
0.800000+0.000000j,-0.704018+0.329701j,0.368589+0.024871j,0.000000
0.800000+0.000000j,-0.704018+0.329701j,0.368589+0.024871j,0.000000
0.800000+0.000000j,-0.704018+0.329701j,0.368589+0.024871j,0.000000
0.800000+0.000000j,-0.704018+0.329701j,0.368589+0.024871j,0.000000
0.800000+0.000000j,-0.704018+0.329701j,0.368589+0.024871j,0.000000
0.800000+0.000000j,-0.704018+0.329701j,0.368589+0.024871j,0.000000
0.800000+0.000000j,-0.704018+0.329701j,0.368589+0.024871j,0.000000
0.800000+0.000000j,-0.704018+0.329701j,0.368589+0.024871j,0.000000
0.800000+0.000000j,-0.704018+0.329701j,0.368589+0.024871j,0.000000
0.800000+0.000000j,-0.704018+0.329701j,0.368589+0.024871j,0.000000
0.800000+0.000000j,-0.704018+0.329701j,0.368589+0.024871j,0.000000
0.800000+0.000000j,-0.704018+0.329701j,0.368589+0.024871j,0.000000
0.800000+0.000000j,-0.704018+0.329701j,0.368589+0.024871j,0.000000
0.800000+0.000000j,-0.704018+0.329701j,0.368589+0.024871j,0.000000
0.800000+0.000000j,-0.704018+0.329701j,0.368589+0.024871j,0.000000
0.800000+0.000000j,-0.704018+0.329701j,0.368589+0.024871j,0.000000
0.800000+0.000000j,-0.704018+0.329701j,0.368589+0.024871j,0.000000
0.800000+0.000000j,-0.704018+0.329701j,0.368589+0.024871j,0.000000
0.800000+0.000000j,-0.704018+0.329701j,0.368589+0.024871j,0.000000
0.800000+0.000000j,-0.704018+0.329701j,0.368589+0.024871j,0.000000
0.800000+0.000000j,-0.704018+0.329701j,0.368589+0.024871j,0.000000
0.800000+0.000000j,-0.704018+0.329701j,0.368589+0.024871j,0.000000
0.800000+0.000000j,-0.704018+0.329701j,0.368589+0.024871j,0.000000
0.800000+0.000000j,-0.704018+0.329701j,0.368589+0.024871j,0.000000
0.800000+0.000000j,-0.704018+0.329701j,0.368589+0.024871j,0.000000
0.800000+0.000000j,-0.704018+0.329701j,0.368589+0.024871j,0.000000
0.800000+0.000000j,-0.704018+0.329701j,0.368589+0.024871j,0.000000
0.800000+0.000000j,-0.704018+0.329701j,0.368589+0.024871j,0.000000
0.800000+0.000000j,-0.704018+0.329701j,0.368589+0.024871j,0.000000
0.800000+0.000000j,-0.704018+0.329701j,0.368589+0.024871j,0.000000
0.800000+0.000000j,-0.704018+0.329701j,0.368589+0.024871j,0.000000
0.800000+0.000000j,-0.704018+0.329701j,0.368589+0.024871j,0.000000
0.800000+0.000000j,-0.704018+0.329701j,0.368589+0.024871j,0.000000
0.800000+0.000000j,-0.704018+0.329701j,0.368589+0.024871j,0.000000
0.800000+0.000000j,-0.704018+0.329701j,0.368589+0.024871j,0.000000
0.800000+0.000000j,-0.704018+0.329701j,0.368589+0.024871j,0.000000
0.800000+0.000000j,-0.704018+0.329701j,0.368589+0.024871j,0.000000
0.800000+0.000000j,-0.704018+0.329701j,0.368589+0.024871j,0.000000
0.800000+0.000000j,-0.704018+0.329701j,0.368589+0.024871j,0.000000
0.800000+0.000000j,-0.704018+0.329701j,0.368589+0.024871j,0.000000
0.800000+0.000000j,-0.704018+0.329701j,0.368589+0.024871j,0.000000
0.800000+0.000000j,-0.704018+0.329701j,0.368589+0.024871j,0.000000
0.800000+0.000000j,-0.704018+0.329701j,0.368589+0.024871j,0.000000
0.800000+0.000000j,-0.704018+0.329701j,0.368589+0.024871j,0.000000
0.800000+0.000000j,-0.704018+0.329701j,0.368589+0.024871j,0.000000
0.800000+0.000000j,-0.704018+0.329701j,0.368589+0.024871j,0.000000
0.800000+0.000000j,-0.704018+0.329701j,0.368589+0.024871j,0.000000
0.800000+0.000000j,-0.704018+0.329701j,0.368589+0.024871j,0.000000
0.800000+0.000000j,-0.704018+0.329701j,0.368589+0.024871j,0.000000
0.800000+0.000000j,-0.704018+0.329701j,0.368589+0.024871j,0.000000
0.800000+0.000000j,-0.704018+0.329701j,0.368589+0.024871j,0.000000
0.800000+0.000000j,-0.704018+0.329701j,0.368589+0.024871j,0.000000
0.800000+0.000000j,-0.704018+0.329701j,0.368589+0.024871j,0.000000
0.800000+0.000000j,-0.704018+0.329701j,0.368589+0.024871j,0.000000
0.800000+0.000000j,-0.704018+0.329701j,0.368589+0.024871j,0.000000
0.800000+0.000000j,-0.704018+0.329701j,0.368589+0.024871j,0.000000
0.800000+0.000000j,-0.704018+0.329701j,0.368589+0.024871j,0.000000
0.800000+0.000000j,-0.704018+0.329701j,0.368589+0.024871j,0.000000
0.800000+0.000000j,-0.704018+0.329701j,0.368589+0.024871j,0.000000
0.800000+0.000000j,-0.704018+0.329701j,0.368589+0.024871j,0.000000
0.800000+0.000000j,-0.704018+0.329701j,0.368589+0.024871j,0.000000
0.800000+0.000000j,-0.704018+0.329701j,0.368589+0.024871j,0.000000
0.800000+0.000000j,-0.704018+0.329701j,0.368589+0.024871j,0.000000
0.800000+0.000000j,-0.704018+0.329701j,0.368589+0.024871j,0.000000
0.800000+0.000000j,-0.704018+0.329701j,0.368589+0.024871j,0.000000
0.800000+0.000000j,-0.704018+0.329701j,0.368589+0.024871j,0.000000
0.800000+0.000000j,-0.704018+0.329701j,0.368589+0.024871j,0.000000
0.800000+0.000000j,-0.704018+0.329701j,0.368589+0.024871j,0.000000
0.800000+0.000000j,-0.704018+0.329701j,0.368589+0.024871j,0.000000
0.800000+0.000000j,-0.704018+0.329701j,0.368589+0.024871j,0.000000
0.800000+0.000000j,-0.704018+0.329701j,0.368589+0.024871j,0.000000
0.800000+0.000000j,-0.704018+0.329701j,0.368589+0.024871j,0.000000
0.800000+0.000000j,-0.704018+0.329701j,0.368589+0.024871j,0.000000
0.800000+0.000000j,-0.704018+0.329701j,0.368589+0.024871j,0.000000
0.800000+0.000000j,-0.704018+0.329701j,0.368589+0.024871j,0.000000
0.800000+0.000000j,-0.704018+0.329701j,0.368589+0.024871j,0.000000
0.800000+0.000000j,-0.704018+0.329701j,0.368589+0.024871j,0.000000
0.800000+0.000000j,-0.704018+0.329701j,0.368589+0.024871j,0.000000
0.800000+0.000000j,-0.704018+0.329701j,0.368589+0.024871j,0.000000
0.800000+0.000000j,-0.704018+0.329701j,0.368589+0.024871j,0.000000
0.800000+0.000000j,-0.704018+0.329701j,0.368589+0.024871j,0.000000
0.800000+0.000000j,-0.704018+0.329701j,0.368589+0.024871j,0.000000
0.800000+0.000000j,-0.704018+0.329701j,0.368589+0.024871j,0.000000
0.800000+0.000000j,-0.704018+0.329701j,0.368589+0.024871j,0.000000
0.800000+0.000000j,-0.704018+0.329701j,0.368589+0.024871j,0.000000
0.800000+0.000000j,-0.704018+0.329701j,0.368589+0.024871j,0.000000
0.800000+0.000000j,-0.704018+0.329701j,0.368589+0.024871j,0.000000
0.800000+0.000000j,-0.704018+0.329701j,0.368589+0.024871j,0.000000
0.800000+0.000000j,-0.704018+0.329701j,0.368589+0.024871j,0.000000
0.800000+0.000000j,-0.704018+0.329701j,0.368589+0.024871j,0.000000
0.800000+0.000000j,-0.704018+0.329701j,0.368589+0.024871j,0.000000
0.800000+0.000000j,-0.704018+0.329701j,0.368589+0.024871j,0.000000
0.800000+0.000000j,-0.704018+0.329701j,0.368589+0.024871j,0.000000
0.800000+0.000000j,-0.704018+0.329701j,0.368589+0.024871j,0.000000
0.800000+0.000000j,-0.704018+0.329701j,0.368589+0.024871j,0.000000
0.800000+0.000000j,-0.704018+0.329701j,0.368589+0.024871j,0.000000
0.800000+0.000000j,-0.704018+0.329701j,0.368589+0.024871j,0.000000
0.800000+0.000000j,-0.704018+0.329701j,0.368589+0.024871j,0.000000
0.800000+0.000000j,-0.704018+0.329701j,0.368589+0.024871j,0.000000
0.800000+0.000000j,-0.704018+0.329701j,0.368589+0.024871j,0.000000
0.800000+0.000000j,-0.704018+0.329701j,0.368589+0.024871j,0.000000
0.800000+0.000000j,-0.704018+0.329701j,0.368589+0.024871j,0.000000
0.800000+0.000000j,-0.704018+0.329701j,0.368589+0.024871j,0.000000
0.800000+0.000000j,-0.704018+0.329701j,0.368589+0.024871j,0.000000
0.800000+0.000000j,-0.704018+0.329701j,0.368589+0.024871j,0.000000
0.800000+0.000000j,-0.704018+0.329701j,0.368589+0.024871j,0.000000
0.800000+0.000000j,-0.704018+0.329701j,0.368589+0.024871j,0.000000
0.800000+0.000000j,-0.704018+0.329701j,0.368589+0.024871j,0.000000
0.800000+0.000000j,-0.704018+0.329701j,0.368589+0.024871j,0.000000
0.800000+0.000000j,-0.704018+0.329701j,0.368589+0.024871j,0.000000
0.800000+0.000000j,-0.704018+0.329701j,0.368589+0.024871j,0.000000
0.800000+0.000000j,-0.704018+0.329701j,0.368589+0.024871j,0.000000
0.800000+0.000000j,-0.704018+0.329701j,0.368589+0.024871j,0.000000
0.800000+0.000000j,-0.704018+0.329701j,0.368589+0.024871j,0.000000
0.800000+0.000000j,-0.704018+0.329701j,0.368589+0.024871j,0.000000
0.800000+0.000000j,-0.704018+0.329701j,0.368589+0.024871j,0.000000
0.800000+0.000000j,-0.704018+0.329701j,0.368589+0.024871j,0.000000
0.800000+0.000000j,-0.704018+0.329701j,0.368589+0.024871j,0.000000
0.800000+0.000000j,-0.704018+0.329701j,0.368589+0.024871j,0.000000
0.800000+0.000000j,-0.704018+0.329701j,0.368589+0.024871j,0.000000
0.800000+0.000000j,-0.704018+0.329701j,0.368589+0.024871j,0.000000
0.800000+0.000000j,-0.704018+0.329701j,0.368589+0.024871j,0.000000
0.800000+0.000000j,-0.704018+0.329701j,0.368589+0.024871j,0.000000
0.800000+0.000000j,-0.704018+0.329701j,0.368589+0.024871j,0.000000
0.800000+0.000000j,-0.704018+0.329701j,0.368589+0.024871j,0.000000
0.800000+0.000000j,-0.704018+0.329701j,0.368589+0.024871j,0.000000
0.800000+0.000000j,-0.704018+0.329701j,0.368589+0.024871j,0.000000
0.800000+0.000000j,-0.704018+0.329701j,0.368589+0.024871j,0.000000
0.800000+0.000000j,-0.704018+0.329701j,0.368589+0.024871j,0.000000
0.800000+0.000000j,-0.704018+0.329701j,0.368589+0.024871j,0.000000
0.800000+0.000000j,-0.704018+0.329701j,0.368589+0.024871j,0.000000
0.800000+0.000000j,-0.704018+0.329701j,0.368589+0.024871j,0.000000
0.800000+0.000000j,-0.704018+0.329701j,0.368589+0.024871j,0.000000
0.800000+0.000000j,-0.704018+0.329701j,0.368589+0.024871j,0.000000
0.800000+0.000000j,-0.704018+0.329701j,0.368589+0.024871j,0.000000
0.800000+0.000000j,-0.704018+0.329701j,0.368589+0.024871j,0.000000
0.800000+0.000000j,-0.704018+0.329701j,0.368589+0.024871j,0.000000
0.800000+0.000000j,-0.704018+0.329701j,0.368589+0.024871j,0.000000
0.800000+0.000000j,-0.704018+0.329701j,0.368589+0.024871j,0.000000
0.800000+0.000000j,-0.704018+0.329701j,0.368589+0.024871j,0.000000
0.800000+0.000000j,-0.704018+0.329701j,0.368589+0.024871j,0.000000
0.800000+0.000000j,-0.704018+0.329701j,0.368589+0.024871j,0.000000
0.800000+0.000000j,-0.704018+0.329701j,0.368589+0.024871j,0.000000
0.800000+0.000000j,-0.704018+0.329701j,0.368589+0.024871j,0.000000
0.800000+0.000000j,-0.704018+0.329701j,0.368589+0.024871j,0.000000
0.800000+0.000000j,-0.704018+0.329701j,0.368589+0.024871j,0.000000
0.800000+0.000000j,-0.704018+0.329701j,0.368589+0.024871j,0.000000
0.800000+0.000000j,-0.704018+0.329701j,0.368589+0.024871j,0.000000
0.800000+0.000000j,-0.704018+0.329701j,0.368589+0.024871j,0.000000
0.800000+0.000000j,-0.704018+0.329701j,0.368589+0.024871j,0.000000
0.800000+0.000000j,-0.704018+0.329701j,0.368589+0.024871j,0.000000
0.800000+0.000000j,-0.704018+0.329701j,0.368589+0.024871j,0.000000
0.800000+0.000000j,-0.704018+0.329701j,0.368589+0.024871j,0.000000
0.800000+0.000000j,-0.704018+0.329701j,0.368589+0.024871j,0.000000
0.800000+0.000000j,-0.704018+0.329701j,0.368589+0.024871j,0.000000
0.800000+0.000000j,-0.704018+0.329701j,0.368589+0.024871j,0.000000
0.800000+0.000000j,-0.704018+0.329701j,0.368589+0.024871j,0.000000
0.800000+0.000000j,-0.704018+0.329701j,0.368589+0.024871j,0.000000
0.800000+0.000000j,-0.704018+0.329701j,0.368589+0.024871j,0.000000
0.800000+0.000000j,-0.704018+0.329701j,0.368589+0.024871j,0.000000
0.800000+0.000000j,-0.704018+0.329701j,0.368589+0.024871j,0.000000
0.800000+0.000000j,-0.704018+0.329701j,0.368589+0.024871j,0.000000
0.800000+0.000000j,-0.704018+0.329701j,0.368589+0.024871j,0.000000
0.800000+0.000000j,-0.704018+0.329701j,0.368589+0.024871j,0.000000
0.800000+0.000000j,-0.704018+0.329701j,0.368589+0.024871j,0.000000
0.800000+0.000000j,-0.704018+0.329701j,0.368589+0.024871j,0.000000
0.800000+0.000000j,-0.704018+0.329701j,0.368589+0.024871j,0.000000
0.800000+0.000000j,-0.704018+0.329701j,0.368589+0.024871j,0.000000
0.800000+0.000000j,-0.704018+0.329701j,0.368589+0.024871j,0.000000
0.800000+0.000000j,-0.704018+0.329701j,0.368589+0.024871j,0.000000
0.800000+0.000000j,-0.704018+0.329701j,0.368589+0.024871j,0.000000
0.800000+0.000000j,-0.704018+0.329701j,0.368589+0.024871j,0.000000
0.800000+0.000000j,-0.704018+0.329701j,0.368589+0.024871j,0.000000
0.800000+0.000000j,-0.704018+0.329701j,0.368589+0.024871j,0.000000
0.800000+0.000000j,-0.704018+0.329701j,0.368589+0.024871j,0.000000
0.800000+0.000000j,-0.704018+0.329701j,0.368589+0.024871j,0.000000
0.800000+0.000000j,-0.704018+0.329701j,0.368589+0.024871j,0.000000
0.800000+0.000000j,-0.704018+0.329701j,0.368589+0.024871j,0.000000
0.800000+0.000000j,-0.704018+0.329701j,0.368589+0.024871j,0.000000
0.800000+0.000000j,-0.704018+0.329701j,0.368589+0.024871j,0.000000
0.800000+0.000000j,-0.704018+0.329701j,0.368589+0.024871j,0.000000
0.800000+0.000000j,-0.704018+0.329701j,0.368589+0.024871j,0.000000
0.800000+0.000000j,-0.704018+0.329701j,0.368589+0.024871j,0.000000
0.800000+0.000000j,-0.704018+0.329701j,0.368589+0.024871j,0.000000
0.800000+0.000000j,-0.704018+0.329701j,0.368589+0.024871j,0.000000
0.800000+0.000000j,-0.704018+0.329701j,0.368589+0.024871j,0.000000
0.800000+0.000000j,-0.704018+0.329701j,0.368589+0.024871j,0.000000
0.800000+0.000000j,-0.704018+0.329701j,0.368589+0.024871j,0.000000
0.800000+0.000000j,-0.704018+0.329701j,0.368589+0.024871j,0.000000
0.800000+0.000000j,-0.704018+0.329701j,0.368589+0.024871j,0.000000
0.800000+0.000000j,-0.704018+0.329701j,0.368589+0.024871j,0.000000
0.800000+0.000000j,-0.704018+0.329701j,0.368589+0.024871j,0.000000
0.800000+0.000000j,-0.704018+0.329701j,0.368589+0.024871j,0.000000
0.800000+0.000000j,-0.704018+0.329701j,0.368589+0.024871j,0.000000
0.800000+0.000000j,-0.704018+0.329701j,0.368589+0.024871j,0.000000
0.800000+0.000000j,-0.704018+0.329701j,0.368589+0.024871j,0.000000
0.800000+0.000000j,-0.704018+0.329701j,0.368589+0.024871j,0.000000
0.800000+0.000000j,-0.704018+0.329701j,0.368589+0.024871j,0.000000
0.800000+0.000000j,-0.704018+0.329701j,0.368589+0.024871j,0.000000
0.800000+0.000000j,-0.704018+0.329701j,0.368589+0.024871j,0.000000
0.800000+0.000000j,-0.704018+0.329701j,0.368589+0.024871j,0.000000
0.800000+0.000000j,-0.704018+0.329701j,0.368589+0.024871j,0.000000
0.800000+0.000000j,-0.704018+0.329701j,0.368589+0.024871j,0.000000
0.800000+0.000000j,-0.704018+0.329701j,0.368589+0.024871j,0.000000
0.800000+0.000000j,-0.704018+0.329701j,0.368589+0.024871j,0.000000
0.800000+0.000000j,-0.704018+0.329701j,0.368589+0.024871j,0.000000
0.800000+0.000000j,-0.704018+0.329701j,0.368589+0.024871j,0.000000
0.800000+0.000000j,-0.704018+0.329701j,0.368589+0.024871j,0.000000
0.800000+0.000000j,-0.704018+0.329701j,0.368589+0.024871j,0.000000
0.800000+0.000000j,-0.704018+0.329701j,0.368589+0.024871j,0.000000
0.800000+0.000000j,-0.704018+0.329701j,0.368589+0.024871j,0.000000
0.800000+0.000000j,-0.704018+0.329701j,0.368589+0.024871j,0.000000
0.800000+0.000000j,-0.704018+0.329701j,0.368589+0.024871j,0.000000
0.800000+0.000000j,-0.704018+0.329701j,0.368589+0.024871j,0.000000
0.800000+0.000000j,-0.704018+0.329701j,0.368589+0.024871j,0.000000
0.800000+0.000000j,-0.704018+0.329701j,0.368589+0.024871j,0.000000
0.800000+0.000000j,-0.704018+0.329701j,0.368589+0.024871j,0.000000
0.800000+0.000000j,-0.704018+0.329701j,0.368589+0.024871j,0.000000
0.800000+0.000000j,-0.704018+0.329701j,0.368589+0.024871j,0.000000
0.800000+0.000000j,-0.704018+0.329701j,0.368589+0.024871j,0.000000
0.800000+0.000000j,-0.704018+0.329701j,0.368589+0.024871j,0.000000
0.800000+0.000000j,-0.704018+0.329701j,0.368589+0.024871j,0.000000
0.800000+0.000000j,-0.704018+0.329701j,0.368589+0.024871j,0.000000
0.800000+0.000000j,-0.704018+0.329701j,0.368589+0.024871j,0.000000
0.800000+0.000000j,-0.704018+0.329701j,0.368589+0.024871j,0.000000
0.800000+0.000000j,-0.704018+0.329701j,0.368589+0.024871j,0.000000
0.800000+0.000000j,-0.704018+0.329701j,0.368589+0.024871j,0.000000
0.800000+0.000000j,-0.704018+0.329701j,0.368589+0.024871j,0.000000
0.800000+0.000000j,-0.704018+0.329701j,0.368589+0.024871j,0.000000
0.800000+0.000000j,-0.704018+0.329701j,0.368589+0.024871j,0.000000
0.800000+0.000000j,-0.704018+0.329701j,0.368589+0.024871j,0.000000
0.800000+0.000000j,-0.704018+0.329701j,0.368589+0.024871j,0.000000
0.800000+0.000000j,-0.704018+0.329701j,0.368589+0.024871j,0.000000
0.800000+0.000000j,-0.704018+0.329701j,0.368589+0.024871j,0.000000
0.800000+0.000000j,-0.704018+0.329701j,0.368589+0.024871j,0.000000
0.800000+0.000000j,-0.704018+0.329701j,0.368589+0.024871j,0.000000
0.800000+0.000000j,-0.704018+0.329701j,0.368589+0.024871j,0.000000
0.800000+0.000000j,-0.704018+0.329701j,0.368589+0.024871j,0.000000
0.800000+0.000000j,-0.704018+0.329701j,0.368589+0.024871j,0.000000
0.800000+0.000000j,-0.704018+0.329701j,0.368589+0.024871j,0.000000
0.800000+0.000000j,-0.704018+0.329701j,0.368589+0.024871j,0.000000
0.800000+0.000000j,-0.704018+0.329701j,0.368589+0.024871j,0.000000
0.800000+0.000000j,-0.704018+0.329701j,0.368589+0.024871j,0.000000
0.800000+0.000000j,-0.704018+0.329701j,0.368589+0.024871j,0.000000
0.800000+0.000000j,-0.704018+0.329701j,0.368589+0.024871j,0.000000
0.800000+0.000000j,-0.704018+0.329701j,0.368589+0.024871j,0.000000
0.800000+0.000000j,-0.704018+0.329701j,0.368589+0.024871j,0.000000
0.800000+0.000000j,-0.704018+0.329701j,0.368589+0.024871j,0.000000
0.800000+0.000000j,-0.704018+0.329701j,0.368589+0.024871j,0.000000
0.800000+0.000000j,-0.704018+0.329701j,0.368589+0.024871j,0.000000
0.800000+0.000000j,-0.704018+0.329701j,0.368589+0.024871j,0.000000
0.800000+0.000000j,-0.704018+0.329701j,0.368589+0.024871j,0.000000
0.800000+0.000000j,-0.704018+0.329701j,0.368589+0.024871j,0.000000
0.800000+0.000000j,-0.704018+0.329701j,0.368589+0.024871j,0.000000
0.800000+0.000000j,-0.704018+0.329701j,0.368589+0.024871j,0.000000
0.800000+0.000000j,-0.704018+0.329701j,0.368589+0.024871j,0.000000
0.800000+0.000000j,-0.704018+0.329701j,0.368589+0.024871j,0.000000
0.800000+0.000000j,-0.704018+0.329701j,0.368589+0.024871j,0.000000
0.800000+0.000000j,-0.704018+0.329701j,0.368589+0.024871j,0.000000
0.800000+0.000000j,-0.704018+0.329701j,0.368589+0.024871j,0.000000
0.800000+0.000000j,-0.704018+0.329701j,0.368589+0.024871j,0.000000
0.800000+0.000000j,-0.704018+0.329701j,0.368589+0.024871j,0.000000
0.800000+0.000000j,-0.704018+0.329701j,0.368589+0.024871j,0.000000
0.800000+0.000000j,-0.704018+0.329701j,0.368589+0.024871j,0.000000
0.800000+0.000000j,-0.704018+0.329701j,0.368589+0.024871j,0.000000
0.800000+0.000000j,-0.704018+0.329701j,0.368589+0.024871j,0.000000
0.800000+0.000000j,-0.704018+0.329701j,0.368589+0.024871j,0.000000
0.800000+0.000000j,-0.704018+0.329701j,0.368589+0.024871j,0.000000
0.800000+0.000000j,-0.704018+0.329701j,0.368589+0.024871j,0.000000
0.800000+0.000000j,-0.704018+0.329701j,0.368589+0.024871j,0.000000
0.800000+0.000000j,-0.704018+0.329701j,0.368589+0.024871j,0.000000
0.800000+0.000000j,-0.704018+0.329701j,0.368589+0.024871j,0.000000
0.800000+0.000000j,-0.704018+0.329701j,0.368589+0.024871j,0.000000
0.800000+0.000000j,-0.704018+0.329701j,0.368589+0.024871j,0.000000
0.800000+0.000000j,-0.704018+0.329701j,0.368589+0.024871j,0.000000
0.800000+0.000000j,-0.704018+0.329701j,0.368589+0.024871j,0.000000
0.800000+0.000000j,-0.704018+0.329701j,0.368589+0.024871j,0.000000
0.800000+0.000000j,-0.704018+0.329701j,0.368589+0.024871j,0.000000
0.800000+0.000000j,-0.704018+0.329701j,0.368589+0.024871j,0.000000
0.800000+0.000000j,-0.704018+0.329701j,0.368589+0.024871j,0.000000
0.800000+0.000000j,-0.704018+0.329701j,0.368589+0.024871j,0.000000
0.800000+0.000000j,-0.704018+0.329701j,0.368589+0.024871j,0.000000
0.800000+0.000000j,-0.704018+0.329701j,0.368589+0.024871j,0.000000
0.800000+0.000000j,-0.704018+0.329701j,0.368589+0.024871j,0.000000
0.800000+0.000000j,-0.704018+0.329701j,0.368589+0.024871j,0.000000
0.800000+0.000000j,-0.704018+0.329701j,0.368589+0.024871j,0.000000
0.800000+0.000000j,-0.704018+0.329701j,0.368589+0.024871j,0.000000
0.800000+0.000000j,-0.704018+0.329701j,0.368589+0.024871j,0.000000
0.800000+0.000000j,-0.704018+0.329701j,0.368589+0.024871j,0.000000
0.800000+0.000000j,-0.704018+0.329701j,0.368589+0.024871j,0.000000
0.800000+0.000000j,-0.704018+0.329701j,0.368589+0.024871j,0.000000
0.800000+0.000000j,-0.704018+0.329701j,0.368589+0.024871j,0.000000
0.800000+0.000000j,-0.704018+0.329701j,0.368589+0.024871j,0.000000
0.800000+0.000000j,-0.704018+0.329701j,0.368589+0.024871j,0.000000
0.800000+0.000000j,-0.704018+0.329701j,0.368589+0.024871j,0.000000
0.800000+0.000000j,-0.704018+0.329701j,0.368589+0.024871j,0.000000
0.800000+0.000000j,-0.704018+0.329701j,0.368589+0.024871j,0.000000
0.800000+0.000000j,-0.704018+0.329701j,0.368589+0.024871j,0.000000
0.800000+0.000000j,-0.704018+0.329701j,0.368589+0.024871j,0.000000
0.800000+0.000000j,-0.704018+0.329701j,0.368589+0.024871j,0.000000
0.800000+0.000000j,-0.704018+0.329701j,0.368589+0.024871j,0.000000
0.800000+0.000000j,-0.704018+0.329701j,0.368589+0.024871j,0.000000
0.800000+0.000000j,-0.704018+0.329701j,0.368589+0.024871j,0.000000
0.800000+0.000000j,-0.704018+0.329701j,0.368589+0.024871j,0.000000
0.800000+0.000000j,-0.704018+0.329701j,0.368589+0.024871j,0.000000
0.800000+0.000000j,-0.704018+0.329701j,0.368589+0.024871j,0.000000
0.800000+0.000000j,-0.704018+0.329701j,0.368589+0.024871j,0.000000
0.800000+0.000000j,-0.704018+0.329701j,0.368589+0.024871j,0.000000
0.800000+0.000000j,-0.704018+0.329701j,0.368589+0.024871j,0.000000
0.800000+0.000000j,-0.704018+0.329701j,0.368589+0.024871j,0.000000
0.800000+0.000000j,-0.704018+0.329701j,0.368589+0.024871j,0.000000
0.800000+0.000000j,-0.704018+0.329701j,0.368589+0.024871j,0.000000
0.800000+0.000000j,-0.704018+0.329701j,0.368589+0.024871j,0.000000
0.800000+0.000000j,-0.704018+0.329701j,0.368589+0.024871j,0.000000
0.800000+0.000000j,-0.704018+0.329701j,0.368589+0.024871j,0.000000
0.800000+0.000000j,-0.704018+0.329701j,0.368589+0.024871j,0.000000
0.800000+0.000000j,-0.704018+0.329701j,0.368589+0.024871j,0.000000
0.800000+0.000000j,-0.704018+0.329701j,0.368589+0.024871j,0.000000
0.800000+0.000000j,-0.704018+0.329701j,0.368589+0.024871j,0.000000
0.800000+0.000000j,-0.704018+0.329701j,0.368589+0.024871j,0.000000
0.800000+0.000000j,-0.704018+0.329701j,0.368589+0.024871j,0.000000
0.800000+0.000000j,-0.704018+0.329701j,0.368589+0.024871j,0.000000
0.800000+0.000000j,-0.704018+0.329701j,0.368589+0.024871j,0.000000
0.800000+0.000000j,-0.704018+0.329701j,0.368589+0.024871j,0.000000
0.800000+0.000000j,-0.704018+0.329701j,0.368589+0.024871j,0.000000
0.800000+0.000000j,-0.704018+0.329701j,0.368589+0.024871j,0.000000
0.800000+0.000000j,-0.704018+0.329701j,0.368589+0.024871j,0.000000
0.800000+0.000000j,-0.704018+0.329701j,0.368589+0.024871j,0.000000
0.800000+0.000000j,-0.704018+0.329701j,0.368589+0.024871j,0.000000
0.800000+0.000000j,-0.704018+0.329701j,0.368589+0.024871j,0.000000
0.800000+0.000000j,-0.704018+0.329701j,0.368589+0.024871j,0.000000
0.800000+0.000000j,-0.704018+0.329701j,0.368589+0.024871j,0.000000
0.800000+0.000000j,-0.704018+0.329701j,0.368589+0.024871j,0.000000
0.800000+0.000000j,-0.704018+0.329701j,0.368589+0.024871j,0.000000
0.800000+0.000000j,-0.704018+0.329701j,0.368589+0.024871j,0.000000
0.800000+0.000000j,-0.704018+0.329701j,0.368589+0.024871j,0.000000
0.800000+0.000000j,-0.704018+0.329701j,0.368589+0.024871j,0.000000
0.800000+0.000000j,-0.704018+0.329701j,0.368589+0.024871j,0.000000
0.800000+0.000000j,-0.704018+0.329701j,0.368589+0.024871j,0.000000
0.800000+0.000000j,-0.704018+0.329701j,0.368589+0.024871j,0.000000
0.800000+0.000000j,-0.704018+0.329701j,0.368589+0.024871j,0.000000
0.800000+0.000000j,-0.704018+0.329701j,0.368589+0.024871j,0.000000
0.800000+0.000000j,-0.704018+0.329701j,0.368589+0.024871j,0.000000
0.800000+0.000000j,-0.704018+0.329701j,0.368589+0.024871j,0.000000
0.800000+0.000000j,-0.704018+0.329701j,0.368589+0.024871j,0.000000
0.800000+0.000000j,-0.704018+0.329701j,0.368589+0.024871j,0.000000
0.800000+0.000000j,-0.704018+0.329701j,0.368589+0.024871j,0.000000
0.800000+0.000000j,-0.704018+0.329701j,0.368589+0.024871j,0.000000
0.800000+0.000000j,-0.704018+0.329701j,0.368589+0.024871j,0.000000
0.800000+0.000000j,-0.704018+0.329701j,0.368589+0.024871j,0.000000
0.800000+0.000000j,-0.704018+0.329701j,0.368589+0.024871j,0.000000
0.800000+0.000000j,-0.704018+0.329701j,0.368589+0.024871j,0.000000
0.800000+0.000000j,-0.704018+0.329701j,0.368589+0.024871j,0.000000
0.800000+0.000000j,-0.704018+0.329701j,0.368589+0.024871j,0.000000
0.800000+0.000000j,-0.704018+0.329701j,0.368589+0.024871j,0.000000
0.800000+0.000000j,-0.704018+0.329701j,0.368589+0.024871j,0.000000
0.800000+0.000000j,-0.704018+0.329701j,0.368589+0.024871j,0.000000
0.800000+0.000000j,-0.704018+0.329701j,0.368589+0.024871j,0.000000
0.800000+0.000000j,-0.704018+0.329701j,0.368589+0.024871j,0.000000
0.800000+0.000000j,-0.704018+0.329701j,0.368589+0.024871j,0.000000
0.800000+0.000000j,-0.704018+0.329701j,0.368589+0.024871j,0.000000
0.800000+0.000000j,-0.704018+0.329701j,0.368589+0.024871j,0.000000
0.800000+0.000000j,-0.704018+0.329701j,0.368589+0.024871j,0.000000
0.800000+0.000000j,-0.704018+0.329701j,0.368589+0.024871j,0.000000
0.800000+0.000000j,-0.704018+0.329701j,0.368589+0.024871j,0.000000
0.800000+0.000000j,-0.704018+0.329701j,0.368589+0.024871j,0.000000
0.800000+0.000000j,-0.704018+0.329701j,0.368589+0.024871j,0.000000
0.800000+0.000000j,-0.704018+0.329701j,0.368589+0.024871j,0.000000
0.800000+0.000000j,-0.704018+0.329701j,0.368589+0.024871j,0.000000
0.800000+0.000000j,-0.704018+0.329701j,0.368589+0.024871j,0.000000
0.800000+0.000000j,-0.704018+0.329701j,0.368589+0.024871j,0.000000
0.800000+0.000000j,-0.704018+0.329701j,0.368589+0.024871j,0.000000
0.800000+0.000000j,-0.704018+0.329701j,0.368589+0.024871j,0.000000
0.800000+0.000000j,-0.704018+0.329701j,0.368589+0.024871j,0.000000
0.800000+0.000000j,-0.704018+0.329701j,0.368589+0.024871j,0.000000
0.800000+0.000000j,-0.704018+0.329701j,0.368589+0.024871j,0.000000
0.800000+0.000000j,-0.704018+0.329701j,0.368589+0.024871j,0.000000
0.800000+0.000000j,-0.704018+0.329701j,0.368589+0.024871j,0.000000
0.800000+0.000000j,-0.704018+0.329701j,0.368589+0.024871j,0.000000
0.800000+0.000000j,-0.704018+0.329701j,0.368589+0.024871j,0.000000
0.800000+0.000000j,-0.704018+0.329701j,0.368589+0.024871j,0.000000
0.800000+0.000000j,-0.704018+0.329701j,0.368589+0.024871j,0.000000
0.800000+0.000000j,-0.704018+0.329701j,0.368589+0.024871j,0.000000
0.800000+0.000000j,-0.704018+0.329701j,0.368589+0.024871j,0.000000
0.800000+0.000000j,-0.704018+0.329701j,0.368589+0.024871j,0.000000
0.800000+0.000000j,-0.704018+0.329701j,0.368589+0.024871j,0.000000
0.800000+0.000000j,-0.704018+0.329701j,0.368589+0.024871j,0.000000
0.800000+0.000000j,-0.704018+0.329701j,0.368589+0.024871j,0.000000
0.800000+0.000000j,-0.704018+0.329701j,0.368589+0.024871j,0.000000
0.800000+0.000000j,-0.704018+0.329701j,0.368589+0.024871j,0.000000
0.800000+0.000000j,-0.704018+0.329701j,0.368589+0.024871j,0.000000
0.800000+0.000000j,-0.704018+0.329701j,0.368589+0.024871j,0.000000
0.800000+0.000000j,-0.704018+0.329701j,0.368589+0.024871j,0.000000
0.800000+0.000000j,-0.704018+0.329701j,0.368589+0.024871j,0.000000
0.800000+0.000000j,-0.704018+0.329701j,0.368589+0.024871j,0.000000
0.800000+0.000000j,-0.704018+0.329701j,0.368589+0.024871j,0.000000
0.800000+0.000000j,-0.704018+0.329701j,0.368589+0.024871j,0.000000
0.800000+0.000000j,-0.704018+0.329701j,0.368589+0.024871j,0.000000
0.800000+0.000000j,-0.704018+0.329701j,0.368589+0.024871j,0.000000
0.800000+0.000000j,-0.704018+0.329701j,0.368589+0.024871j,0.000000
0.800000+0.000000j,-0.704018+0.329701j,0.368589+0.024871j,0.000000
0.800000+0.000000j,-0.704018+0.329701j,0.368589+0.024871j,0.000000
0.800000+0.000000j,-0.704018+0.329701j,0.368589+0.024871j,0.000000
0.800000+0.000000j,-0.704018+0.329701j,0.368589+0.024871j,0.000000
0.800000+0.000000j,-0.704018+0.329701j,0.368589+0.024871j,0.000000
0.800000+0.000000j,-0.704018+0.329701j,0.368589+0.024871j,0.000000
0.800000+0.000000j,-0.704018+0.329701j,0.368589+0.024871j,0.000000
0.800000+0.000000j,-0.704018+0.329701j,0.368589+0.024871j,0.000000
0.800000+0.000000j,-0.704018+0.329701j,0.368589+0.024871j,0.000000
0.800000+0.000000j,-0.704018+0.329701j,0.368589+0.024871j,0.000000
0.800000+0.000000j,-0.704018+0.329701j,0.368589+0.024871j,0.000000
0.800000+0.000000j,-0.704018+0.329701j,0.368589+0.024871j,0.000000
0.800000+0.000000j,-0.704018+0.329701j,0.368589+0.024871j,0.000000
0.800000+0.000000j,-0.704018+0.329701j,0.368589+0.024871j,0.000000
0.800000+0.000000j,-0.704018+0.329701j,0.368589+0.024871j,0.000000
0.800000+0.000000j,-0.704018+0.329701j,0.368589+0.024871j,0.000000
0.800000+0.000000j,-0.704018+0.329701j,0.368589+0.024871j,0.000000
0.800000+0.000000j,-0.704018+0.329701j,0.368589+0.024871j,0.000000
0.800000+0.000000j,-0.704018+0.329701j,0.368589+0.024871j,0.000000
0.800000+0.000000j,-0.704018+0.329701j,0.368589+0.024871j,0.000000
0.800000+0.000000j,-0.704018+0.329701j,0.368589+0.024871j,0.000000
0.800000+0.000000j,-0.704018+0.329701j,0.368589+0.024871j,0.000000
0.800000+0.000000j,-0.704018+0.329701j,0.368589+0.024871j,0.000000
0.800000+0.000000j,-0.704018+0.329701j,0.368589+0.024871j,0.000000
0.800000+0.000000j,-0.704018+0.329701j,0.368589+0.024871j,0.000000
0.800000+0.000000j,-0.704018+0.329701j,0.368589+0.024871j,0.000000
0.800000+0.000000j,-0.704018+0.329701j,0.368589+0.024871j,0.000000
0.800000+0.000000j,-0.704018+0.329701j,0.368589+0.024871j,0.000000
0.800000+0.000000j,-0.704018+0.329701j,0.368589+0.024871j,0.000000
0.800000+0.000000j,-0.704018+0.329701j,0.368589+0.024871j,0.000000
0.800000+0.000000j,-0.704018+0.329701j,0.368589+0.024871j,0.000000
0.800000+0.000000j,-0.704018+0.329701j,0.368589+0.024871j,0.000000
0.800000+0.000000j,-0.704018+0.329701j,0.368589+0.024871j,0.000000
0.800000+0.000000j,-0.704018+0.329701j,0.368589+0.024871j,0.000000
0.800000+0.000000j,-0.704018+0.329701j,0.368589+0.024871j,0.000000
0.800000+0.000000j,-0.704018+0.329701j,0.368589+0.024871j,0.000000
0.800000+0.000000j,-0.704018+0.329701j,0.368589+0.024871j,0.000000
0.800000+0.000000j,-0.704018+0.329701j,0.368589+0.024871j,0.000000
0.800000+0.000000j,-0.704018+0.329701j,0.368589+0.024871j,0.000000
0.800000+0.000000j,-0.704018+0.329701j,0.368589+0.024871j,0.000000
0.800000+0.000000j,-0.704018+0.329701j,0.368589+0.024871j,0.000000
0.800000+0.000000j,-0.704018+0.329701j,0.368589+0.024871j,0.000000
0.800000+0.000000j,-0.704018+0.329701j,0.368589+0.024871j,0.000000
0.800000+0.000000j,-0.704018+0.329701j,0.368589+0.024871j,0.000000
0.800000+0.000000j,-0.704018+0.329701j,0.368589+0.024871j,0.000000
0.800000+0.000000j,-0.704018+0.329701j,0.368589+0.024871j,0.000000
0.800000+0.000000j,-0.704018+0.329701j,0.368589+0.024871j,0.000000
0.800000+0.000000j,-0.704018+0.329701j,0.368589+0.024871j,0.000000
0.800000+0.000000j,-0.704018+0.329701j,0.368589+0.024871j,0.000000
0.800000+0.000000j,-0.704018+0.329701j,0.368589+0.024871j,0.000000
0.800000+0.000000j,-0.704018+0.329701j,0.368589+0.024871j,0.000000
0.800000+0.000000j,-0.704018+0.329701j,0.368589+0.024871j,0.000000
0.800000+0.000000j,-0.704018+0.329701j,0.368589+0.024871j,0.000000
0.800000+0.000000j,-0.704018+0.329701j,0.368589+0.024871j,0.000000
0.800000+0.000000j,-0.704018+0.329701j,0.368589+0.024871j,0.000000
0.800000+0.000000j,-0.704018+0.329701j,0.368589+0.024871j,0.000000
0.800000+0.000000j,-0.704018+0.329701j,0.368589+0.024871j,0.000000
0.800000+0.000000j,-0.704018+0.329701j,0.368589+0.024871j,0.000000
0.800000+0.000000j,-0.704018+0.329701j,0.368589+0.024871j,0.000000
0.800000+0.000000j,-0.704018+0.329701j,0.368589+0.024871j,0.000000
0.800000+0.000000j,-0.704018+0.329701j,0.368589+0.024871j,0.000000
0.800000+0.000000j,-0.704018+0.329701j,0.368589+0.024871j,0.000000
0.800000+0.000000j,-0.704018+0.329701j,0.368589+0.024871j,0.000000
0.800000+0.000000j,-0.704018+0.329701j,0.368589+0.024871j,0.000000
0.800000+0.000000j,-0.704018+0.329701j,0.368589+0.024871j,0.000000
0.800000+0.000000j,-0.704018+0.329701j,0.368589+0.024871j,0.000000
0.800000+0.000000j,-0.704018+0.329701j,0.368589+0.024871j,0.000000
0.800000+0.000000j,-0.704018+0.329701j,0.368589+0.024871j,0.000000
0.800000+0.000000j,-0.704018+0.329701j,0.368589+0.024871j,0.000000
0.800000+0.000000j,-0.704018+0.329701j,0.368589+0.024871j,0.000000
0.800000+0.000000j,-0.704018+0.329701j,0.368589+0.024871j,0.000000
0.800000+0.000000j,-0.704018+0.329701j,0.368589+0.024871j,0.000000
0.800000+0.000000j,-0.704018+0.329701j,0.368589+0.024871j,0.000000
0.800000+0.000000j,-0.704018+0.329701j,0.368589+0.024871j,0.000000
0.800000+0.000000j,-0.704018+0.329701j,0.368589+0.024871j,0.000000
0.800000+0.000000j,-0.704018+0.329701j,0.368589+0.024871j,0.000000
0.800000+0.000000j,-0.704018+0.329701j,0.368589+0.024871j,0.000000
0.800000+0.000000j,-0.704018+0.329701j,0.368589+0.024871j,0.000000
0.800000+0.000000j,-0.704018+0.329701j,0.368589+0.024871j,0.000000
0.800000+0.000000j,-0.704018+0.329701j,0.368589+0.024871j,0.000000
0.800000+0.000000j,-0.704018+0.329701j,0.368589+0.024871j,0.000000
0.800000+0.000000j,-0.704018+0.329701j,0.368589+0.024871j,0.000000
0.800000+0.000000j,-0.704018+0.329701j,0.368589+0.024871j,0.000000
0.800000+0.000000j,-0.704018+0.329701j,0.368589+0.024871j,0.000000
0.800000+0.000000j,-0.704018+0.329701j,0.368589+0.024871j,0.000000
0.800000+0.000000j,-0.704018+0.329701j,0.368589+0.024871j,0.000000
0.800000+0.000000j,-0.704018+0.329701j,0.368589+0.024871j,0.000000
0.800000+0.000000j,-0.704018+0.329701j,0.368589+0.024871j,0.000000
0.800000+0.000000j,-0.704018+0.329701j,0.368589+0.024871j,0.000000
0.800000+0.000000j,-0.704018+0.329701j,0.368589+0.024871j,0.000000
0.800000+0.000000j,-0.704018+0.329701j,0.368589+0.024871j,0.000000
0.800000+0.000000j,-0.704018+0.329701j,0.368589+0.024871j,0.000000
0.800000+0.000000j,-0.704018+0.329701j,0.368589+0.024871j,0.000000
0.800000+0.000000j,-0.704018+0.329701j,0.368589+0.024871j,0.000000
0.800000+0.000000j,-0.704018+0.329701j,0.368589+0.024871j,0.000000
0.800000+0.000000j,-0.704018+0.329701j,0.368589+0.024871j,0.000000
0.800000+0.000000j,-0.704018+0.329701j,0.368589+0.024871j,0.000000
0.800000+0.000000j,-0.704018+0.329701j,0.368589+0.024871j,0.000000
0.800000+0.000000j,-0.704018+0.329701j,0.368589+0.024871j,0.000000
0.800000+0.000000j,-0.704018+0.329701j,0.368589+0.024871j,0.000000
0.800000+0.000000j,-0.704018+0.329701j,0.368589+0.024871j,0.000000
0.800000+0.000000j,-0.704018+0.329701j,0.368589+0.024871j,0.000000
0.800000+0.000000j,-0.704018+0.329701j,0.368589+0.024871j,0.000000
0.800000+0.000000j,-0.704018+0.329701j,0.368589+0.024871j,0.000000
0.800000+0.000000j,-0.704018+0.329701j,0.368589+0.024871j,0.000000
0.800000+0.000000j,-0.704018+0.329701j,0.368589+0.024871j,0.000000
0.800000+0.000000j,-0.704018+0.329701j,0.368589+0.024871j,0.000000
0.800000+0.000000j,-0.704018+0.329701j,0.368589+0.024871j,0.000000
0.800000+0.000000j,-0.704018+0.329701j,0.368589+0.024871j,0.000000
0.800000+0.000000j,-0.704018+0.329701j,0.368589+0.024871j,0.000000
0.800000+0.000000j,-0.704018+0.329701j,0.368589+0.024871j,0.000000
0.800000+0.000000j,-0.704018+0.329701j,0.368589+0.024871j,0.000000
0.800000+0.000000j,-0.704018+0.329701j,0.368589+0.024871j,0.000000
0.800000+0.000000j,-0.704018+0.329701j,0.368589+0.024871j,0.000000
0.800000+0.000000j,-0.704018+0.329701j,0.368589+0.024871j,0.000000
0.800000+0.000000j,-0.704018+0.329701j,0.368589+0.024871j,0.000000
0.800000+0.000000j,-0.704018+0.329701j,0.368589+0.024871j,0.000000
0.800000+0.000000j,-0.704018+0.329701j,0.368589+0.024871j,0.000000
0.800000+0.000000j,-0.704018+0.329701j,0.368589+0.024871j,0.000000
0.800000+0.000000j,-0.704018+0.329701j,0.368589+0.024871j,0.000000
0.800000+0.000000j,-0.704018+0.329701j,0.368589+0.024871j,0.000000
0.800000+0.000000j,-0.704018+0.329701j,0.368589+0.024871j,0.000000
0.800000+0.000000j,-0.704018+0.329701j,0.368589+0.024871j,0.000000
0.800000+0.000000j,-0.704018+0.329701j,0.368589+0.024871j,0.000000
0.800000+0.000000j,-0.704018+0.329701j,0.368589+0.024871j,0.000000
0.800000+0.000000j,-0.704018+0.329701j,0.368589+0.024871j,0.000000
0.800000+0.000000j,-0.704018+0.329701j,0.368589+0.024871j,0.000000
0.800000+0.000000j,-0.704018+0.329701j,0.368589+0.024871j,0.000000
0.800000+0.000000j,-0.704018+0.329701j,0.368589+0.024871j,0.000000
0.800000+0.000000j,-0.704018+0.329701j,0.368589+0.024871j,0.000000
0.800000+0.000000j,-0.704018+0.329701j,0.368589+0.024871j,0.000000
0.800000+0.000000j,-0.704018+0.329701j,0.368589+0.024871j,0.000000
0.800000+0.000000j,-0.704018+0.329701j,0.368589+0.024871j,0.000000
0.800000+0.000000j,-0.704018+0.329701j,0.368589+0.024871j,0.000000
0.800000+0.000000j,-0.704018+0.329701j,0.368589+0.024871j,0.000000
0.800000+0.000000j,-0.704018+0.329701j,0.368589+0.024871j,0.000000
0.800000+0.000000j,-0.704018+0.329701j,0.368589+0.024871j,0.000000
0.800000+0.000000j,-0.704018+0.329701j,0.368589+0.024871j,0.000000
0.800000+0.000000j,-0.704018+0.329701j,0.368589+0.024871j,0.000000
0.800000+0.000000j,-0.704018+0.329701j,0.368589+0.024871j,0.000000
0.800000+0.000000j,-0.704018+0.329701j,0.368589+0.024871j,0.000000
0.800000+0.000000j,-0.704018+0.329701j,0.368589+0.024871j,0.000000
0.800000+0.000000j,-0.704018+0.329701j,0.368589+0.024871j,0.000000
0.800000+0.000000j,-0.704018+0.329701j,0.368589+0.024871j,0.000000
0.800000+0.000000j,-0.704018+0.329701j,0.368589+0.024871j,0.000000
0.800000+0.000000j,-0.704018+0.329701j,0.368589+0.024871j,0.000000
0.800000+0.000000j,-0.704018+0.329701j,0.368589+0.024871j,0.000000
0.800000+0.000000j,-0.704018+0.329701j,0.368589+0.024871j,0.000000
0.800000+0.000000j,-0.704018+0.329701j,0.368589+0.024871j,0.000000
0.800000+0.000000j,-0.704018+0.329701j,0.368589+0.024871j,0.000000
0.800000+0.000000j,-0.704018+0.329701j,0.368589+0.024871j,0.000000
0.800000+0.000000j,-0.704018+0.329701j,0.368589+0.024871j,0.000000
0.800000+0.000000j,-0.704018+0.329701j,0.368589+0.024871j,0.000000
0.800000+0.000000j,-0.704018+0.329701j,0.368589+0.024871j,0.000000
0.800000+0.000000j,-0.704018+0.329701j,0.368589+0.024871j,0.000000
0.800000+0.000000j,-0.704018+0.329701j,0.368589+0.024871j,0.000000
0.800000+0.000000j,-0.704018+0.329701j,0.368589+0.024871j,0.000000
0.800000+0.000000j,-0.704018+0.329701j,0.368589+0.024871j,0.000000
0.800000+0.000000j,-0.704018+0.329701j,0.368589+0.024871j,0.000000
0.800000+0.000000j,-0.704018+0.329701j,0.368589+0.024871j,0.000000
0.800000+0.000000j,-0.704018+0.329701j,0.368589+0.024871j,0.000000
0.800000+0.000000j,-0.704018+0.329701j,0.368589+0.024871j,0.000000
0.800000+0.000000j,-0.704018+0.329701j,0.368589+0.024871j,0.000000
0.800000+0.000000j,-0.704018+0.329701j,0.368589+0.024871j,0.000000
0.800000+0.000000j,-0.704018+0.329701j,0.368589+0.024871j,0.000000
0.800000+0.000000j,-0.704018+0.329701j,0.368589+0.024871j,0.000000
0.800000+0.000000j,-0.704018+0.329701j,0.368589+0.024871j,0.000000
0.800000+0.000000j,-0.704018+0.329701j,0.368589+0.024871j,0.000000
0.800000+0.000000j,-0.704018+0.329701j,0.368589+0.024871j,0.000000
0.800000+0.000000j,-0.704018+0.329701j,0.368589+0.024871j,0.000000
0.800000+0.000000j,-0.704018+0.329701j,0.368589+0.024871j,0.000000
0.800000+0.000000j,-0.704018+0.329701j,0.368589+0.024871j,0.000000
0.800000+0.000000j,-0.704018+0.329701j,0.368589+0.024871j,0.000000
0.800000+0.000000j,-0.704018+0.329701j,0.368589+0.024871j,0.000000
0.800000+0.000000j,-0.704018+0.329701j,0.368589+0.024871j,0.000000
0.800000+0.000000j,-0.704018+0.329701j,0.368589+0.024871j,0.000000
0.800000+0.000000j,-0.704018+0.329701j,0.368589+0.024871j,0.000000
0.800000+0.000000j,-0.704018+0.329701j,0.368589+0.024871j,0.000000
0.800000+0.000000j,-0.704018+0.329701j,0.368589+0.024871j,0.000000
0.800000+0.000000j,-0.704018+0.329701j,0.368589+0.024871j,0.000000
0.800000+0.000000j,-0.704018+0.329701j,0.368589+0.024871j,0.000000
0.800000+0.000000j,-0.704018+0.329701j,0.368589+0.024871j,0.000000
0.800000+0.000000j,-0.704018+0.329701j,0.368589+0.024871j,0.000000
0.800000+0.000000j,-0.704018+0.329701j,0.368589+0.024871j,0.000000
0.800000+0.000000j,-0.704018+0.329701j,0.368589+0.024871j,0.000000
0.800000+0.000000j,-0.704018+0.329701j,0.368589+0.024871j,0.000000
0.800000+0.000000j,-0.704018+0.329701j,0.368589+0.024871j,0.000000
0.800000+0.000000j,-0.704018+0.329701j,0.368589+0.024871j,0.000000
0.800000+0.000000j,-0.704018+0.329701j,0.368589+0.024871j,0.000000
0.800000+0.000000j,-0.704018+0.329701j,0.368589+0.024871j,0.000000
0.800000+0.000000j,-0.704018+0.329701j,0.368589+0.024871j,0.000000
0.800000+0.000000j,-0.704018+0.329701j,0.368589+0.024871j,0.000000
0.800000+0.000000j,-0.704018+0.329701j,0.368589+0.024871j,0.000000
0.800000+0.000000j,-0.704018+0.329701j,0.368589+0.024871j,0.000000
0.800000+0.000000j,-0.704018+0.329701j,0.368589+0.024871j,0.000000
0.800000+0.000000j,-0.704018+0.329701j,0.368589+0.024871j,0.000000
0.800000+0.000000j,-0.704018+0.329701j,0.368589+0.024871j,0.000000
0.800000+0.000000j,-0.704018+0.329701j,0.368589+0.024871j,0.000000
0.800000+0.000000j,-0.704018+0.329701j,0.368589+0.024871j,0.000000
0.800000+0.000000j,-0.704018+0.329701j,0.368589+0.024871j,0.000000
0.800000+0.000000j,-0.704018+0.329701j,0.368589+0.024871j,0.000000
0.800000+0.000000j,-0.704018+0.329701j,0.368589+0.024871j,0.000000
0.800000+0.000000j,-0.704018+0.329701j,0.368589+0.024871j,0.000000
0.800000+0.000000j,-0.704018+0.329701j,0.368589+0.024871j,0.000000
0.800000+0.000000j,-0.704018+0.329701j,0.368589+0.024871j,0.000000
0.800000+0.000000j,-0.704018+0.329701j,0.368589+0.024871j,0.000000
0.800000+0.000000j,-0.704018+0.329701j,0.368589+0.024871j,0.000000
0.800000+0.000000j,-0.704018+0.329701j,0.368589+0.024871j,0.000000
0.800000+0.000000j,-0.704018+0.329701j,0.368589+0.024871j,0.000000
0.800000+0.000000j,-0.704018+0.329701j,0.368589+0.024871j,0.000000
0.800000+0.000000j,-0.704018+0.329701j,0.368589+0.024871j,0.000000
0.800000+0.000000j,-0.704018+0.329701j,0.368589+0.024871j,0.000000
0.800000+0.000000j,-0.704018+0.329701j,0.368589+0.024871j,0.000000
0.800000+0.000000j,-0.704018+0.329701j,0.368589+0.024871j,0.000000
0.800000+0.000000j,-0.704018+0.329701j,0.368589+0.024871j,0.000000
0.800000+0.000000j,-0.704018+0.329701j,0.368589+0.024871j,0.000000
0.800000+0.000000j,-0.704018+0.329701j,0.368589+0.024871j,0.000000
0.800000+0.000000j,-0.704018+0.329701j,0.368589+0.024871j,0.000000
0.800000+0.000000j,-0.704018+0.329701j,0.368589+0.024871j,0.000000
0.800000+0.000000j,-0.704018+0.329701j,0.368589+0.024871j,0.000000
0.800000+0.000000j,-0.704018+0.329701j,0.368589+0.024871j,0.000000
0.800000+0.000000j,-0.704018+0.329701j,0.368589+0.024871j,0.000000
0.800000+0.000000j,-0.704018+0.329701j,0.368589+0.024871j,0.000000
0.800000+0.000000j,-0.704018+0.329701j,0.368589+0.024871j,0.000000
0.800000+0.000000j,-0.704018+0.329701j,0.368589+0.024871j,0.000000
0.800000+0.000000j,-0.704018+0.329701j,0.368589+0.024871j,0.000000
0.800000+0.000000j,-0.704018+0.329701j,0.368589+0.024871j,0.000000
0.800000+0.000000j,-0.704018+0.329701j,0.368589+0.024871j,0.000000
0.800000+0.000000j,-0.704018+0.329701j,0.368589+0.024871j,0.000000
0.800000+0.000000j,-0.704018+0.329701j,0.368589+0.024871j,0.000000
0.800000+0.000000j,-0.704018+0.329701j,0.368589+0.024871j,0.000000
0.800000+0.000000j,-0.704018+0.329701j,0.368589+0.024871j,0.000000
0.800000+0.000000j,-0.704018+0.329701j,0.368589+0.024871j,0.000000
0.800000+0.000000j,-0.704018+0.329701j,0.368589+0.024871j,0.000000
0.800000+0.000000j,-0.704018+0.329701j,0.368589+0.024871j,0.000000
0.800000+0.000000j,-0.704018+0.329701j,0.368589+0.024871j,0.000000
0.800000+0.000000j,-0.704018+0.329701j,0.368589+0.024871j,0.000000
0.800000+0.000000j,-0.704018+0.329701j,0.368589+0.024871j,0.000000
0.800000+0.000000j,-0.704018+0.329701j,0.368589+0.024871j,0.000000
0.800000+0.000000j,-0.704018+0.329701j,0.368589+0.024871j,0.000000
0.800000+0.000000j,-0.704018+0.329701j,0.368589+0.024871j,0.000000
0.800000+0.000000j,-0.704018+0.329701j,0.368589+0.024871j,0.000000
0.800000+0.000000j,-0.704018+0.329701j,0.368589+0.024871j,0.000000
0.800000+0.000000j,-0.704018+0.329701j,0.368589+0.024871j,0.000000
0.800000+0.000000j,-0.704018+0.329701j,0.368589+0.024871j,0.000000
0.800000+0.000000j,-0.704018+0.329701j,0.368589+0.024871j,0.000000
0.800000+0.000000j,-0.704018+0.329701j,0.368589+0.024871j,0.000000
0.800000+0.000000j,-0.704018+0.329701j,0.368589+0.024871j,0.000000
0.800000+0.000000j,-0.704018+0.329701j,0.368589+0.024871j,0.000000
0.800000+0.000000j,-0.704018+0.329701j,0.368589+0.024871j,0.000000
0.800000+0.000000j,-0.704018+0.329701j,0.368589+0.024871j,0.000000
0.800000+0.000000j,-0.704018+0.329701j,0.368589+0.024871j,0.000000
0.800000+0.000000j,-0.704018+0.329701j,0.368589+0.024871j,0.000000
0.800000+0.000000j,-0.704018+0.329701j,0.368589+0.024871j,0.000000
0.800000+0.000000j,-0.704018+0.329701j,0.368589+0.024871j,0.000000
0.800000+0.000000j,-0.704018+0.329701j,0.368589+0.024871j,0.000000
0.800000+0.000000j,-0.704018+0.329701j,0.368589+0.024871j,0.000000
0.800000+0.000000j,-0.704018+0.329701j,0.368589+0.024871j,0.000000
0.800000+0.000000j,-0.704018+0.329701j,0.368589+0.024871j,0.000000
0.800000+0.000000j,-0.704018+0.329701j,0.368589+0.024871j,0.000000
0.800000+0.000000j,-0.704018+0.329701j,0.368589+0.024871j,0.000000
0.800000+0.000000j,-0.704018+0.329701j,0.368589+0.024871j,0.000000
0.800000+0.000000j,-0.704018+0.329701j,0.368589+0.024871j,0.000000
0.800000+0.000000j,-0.704018+0.329701j,0.368589+0.024871j,0.000000
0.800000+0.000000j,-0.704018+0.329701j,0.368589+0.024871j,0.000000
0.800000+0.000000j,-0.704018+0.329701j,0.368589+0.024871j,0.000000
0.800000+0.000000j,-0.704018+0.329701j,0.368589+0.024871j,0.000000
0.800000+0.000000j,-0.704018+0.329701j,0.368589+0.024871j,0.000000
0.800000+0.000000j,-0.704018+0.329701j,0.368589+0.024871j,0.000000
0.800000+0.000000j,-0.704018+0.329701j,0.368589+0.024871j,0.000000
0.800000+0.000000j,-0.704018+0.329701j,0.368589+0.024871j,0.000000
0.800000+0.000000j,-0.704018+0.329701j,0.368589+0.024871j,0.000000
0.800000+0.000000j,-0.704018+0.329701j,0.368589+0.024871j,0.000000
0.800000+0.000000j,-0.704018+0.329701j,0.368589+0.024871j,0.000000
0.800000+0.000000j,-0.704018+0.329701j,0.368589+0.024871j,0.000000
0.800000+0.000000j,-0.704018+0.329701j,0.368589+0.024871j,0.000000
0.800000+0.000000j,-0.704018+0.329701j,0.368589+0.024871j,0.000000
0.800000+0.000000j,-0.704018+0.329701j,0.368589+0.024871j,0.000000
0.800000+0.000000j,-0.704018+0.329701j,0.368589+0.024871j,0.000000
0.800000+0.000000j,-0.704018+0.329701j,0.368589+0.024871j,0.000000
0.800000+0.000000j,-0.704018+0.329701j,0.368589+0.024871j,0.000000
0.800000+0.000000j,-0.704018+0.329701j,0.368589+0.024871j,0.000000
0.800000+0.000000j,-0.704018+0.329701j,0.368589+0.024871j,0.000000
0.800000+0.000000j,-0.704018+0.329701j,0.368589+0.024871j,0.000000
0.800000+0.000000j,-0.704018+0.329701j,0.368589+0.024871j,0.000000
0.800000+0.000000j,-0.704018+0.329701j,0.368589+0.024871j,0.000000
0.800000+0.000000j,-0.704018+0.329701j,0.368589+0.024871j,0.000000
0.800000+0.000000j,-0.704018+0.329701j,0.368589+0.024871j,0.000000
0.800000+0.000000j,-0.704018+0.329701j,0.368589+0.024871j,0.000000
0.800000+0.000000j,-0.704018+0.329701j,0.368589+0.024871j,0.000000
0.800000+0.000000j,-0.704018+0.329701j,0.368589+0.024871j,0.000000
0.800000+0.000000j,-0.704018+0.329701j,0.368589+0.024871j,0.000000
0.800000+0.000000j,-0.704018+0.329701j,0.368589+0.024871j,0.000000
0.800000+0.000000j,-0.704018+0.329701j,0.368589+0.024871j,0.000000
0.800000+0.000000j,-0.704018+0.329701j,0.368589+0.024871j,0.000000
0.800000+0.000000j,-0.704018+0.329701j,0.368589+0.024871j,0.000000
0.800000+0.000000j,-0.704018+0.329701j,0.368589+0.024871j,0.000000
0.800000+0.000000j,-0.704018+0.329701j,0.368589+0.024871j,0.000000
0.800000+0.000000j,-0.704018+0.329701j,0.368589+0.024871j,0.000000
0.800000+0.000000j,-0.704018+0.329701j,0.368589+0.024871j,0.000000
0.800000+0.000000j,-0.704018+0.329701j,0.368589+0.024871j,0.000000
0.800000+0.000000j,-0.704018+0.329701j,0.368589+0.024871j,0.000000
0.800000+0.000000j,-0.704018+0.329701j,0.368589+0.024871j,0.000000
0.800000+0.000000j,-0.704018+0.329701j,0.368589+0.024871j,0.000000
0.800000+0.000000j,-0.704018+0.329701j,0.368589+0.024871j,0.000000
0.800000+0.000000j,-0.704018+0.329701j,0.368589+0.024871j,0.000000
0.800000+0.000000j,-0.704018+0.329701j,0.368589+0.024871j,0.000000
0.800000+0.000000j,-0.704018+0.329701j,0.368589+0.024871j,0.000000
0.800000+0.000000j,-0.704018+0.329701j,0.368589+0.024871j,0.000000
0.800000+0.000000j,-0.704018+0.329701j,0.368589+0.024871j,0.000000
0.800000+0.000000j,-0.704018+0.329701j,0.368589+0.024871j,0.000000
0.800000+0.000000j,-0.704018+0.329701j,0.368589+0.024871j,0.000000
0.800000+0.000000j,-0.704018+0.329701j,0.368589+0.024871j,0.000000
0.800000+0.000000j,-0.704018+0.329701j,0.368589+0.024871j,0.000000
0.800000+0.000000j,-0.704018+0.329701j,0.368589+0.024871j,0.000000
0.800000+0.000000j,-0.704018+0.329701j,0.368589+0.024871j,0.000000
0.800000+0.000000j,-0.704018+0.329701j,0.368589+0.024871j,0.000000
0.800000+0.000000j,-0.704018+0.329701j,0.368589+0.024871j,0.000000
0.800000+0.000000j,-0.704018+0.329701j,0.368589+0.024871j,0.000000
0.800000+0.000000j,-0.704018+0.329701j,0.368589+0.024871j,0.000000
0.800000+0.000000j,-0.704018+0.329701j,0.368589+0.024871j,0.000000
0.800000+0.000000j,-0.704018+0.329701j,0.368589+0.024871j,0.000000
0.800000+0.000000j,-0.704018+0.329701j,0.368589+0.024871j,0.000000
0.800000+0.000000j,-0.704018+0.329701j,0.368589+0.024871j,0.000000
0.800000+0.000000j,-0.704018+0.329701j,0.368589+0.024871j,0.000000
0.800000+0.000000j,-0.704018+0.329701j,0.368589+0.024871j,0.000000
0.800000+0.000000j,-0.704018+0.329701j,0.368589+0.024871j,0.000000
0.800000+0.000000j,-0.704018+0.329701j,0.368589+0.024871j,0.000000
0.800000+0.000000j,-0.704018+0.329701j,0.368589+0.024871j,0.000000
0.800000+0.000000j,-0.704018+0.329701j,0.368589+0.024871j,0.000000
0.800000+0.000000j,-0.704018+0.329701j,0.368589+0.024871j,0.000000
0.800000+0.000000j,-0.704018+0.329701j,0.368589+0.024871j,0.000000
0.800000+0.000000j,-0.704018+0.329701j,0.368589+0.024871j,0.000000
0.800000+0.000000j,-0.704018+0.329701j,0.368589+0.024871j,0.000000
0.800000+0.000000j,-0.704018+0.329701j,0.368589+0.024871j,0.000000
0.800000+0.000000j,-0.704018+0.329701j,0.368589+0.024871j,0.000000
0.800000+0.000000j,-0.704018+0.329701j,0.368589+0.024871j,0.000000
0.800000+0.000000j,-0.704018+0.329701j,0.368589+0.024871j,0.000000
0.800000+0.000000j,-0.704018+0.329701j,0.368589+0.024871j,0.000000
0.800000+0.000000j,-0.704018+0.329701j,0.368589+0.024871j,0.000000
0.800000+0.000000j,-0.704018+0.329701j,0.368589+0.024871j,0.000000
0.800000+0.000000j,-0.704018+0.329701j,0.368589+0.024871j,0.000000
0.800000+0.000000j,-0.704018+0.329701j,0.368589+0.024871j,0.000000
0.800000+0.000000j,-0.704018+0.329701j,0.368589+0.024871j,0.000000
0.800000+0.000000j,-0.704018+0.329701j,0.368589+0.024871j,0.000000
0.800000+0.000000j,-0.704018+0.329701j,0.368589+0.024871j,0.000000
0.800000+0.000000j,-0.704018+0.329701j,0.368589+0.024871j,0.000000
0.800000+0.000000j,-0.704018+0.329701j,0.368589+0.024871j,0.000000
0.800000+0.000000j,-0.704018+0.329701j,0.368589+0.024871j,0.000000
0.800000+0.000000j,-0.704018+0.329701j,0.368589+0.024871j,0.000000
0.800000+0.000000j,-0.704018+0.329701j,0.368589+0.024871j,0.000000
0.800000+0.000000j,-0.704018+0.329701j,0.368589+0.024871j,0.000000
0.800000+0.000000j,-0.704018+0.329701j,0.368589+0.024871j,0.000000
0.800000+0.000000j,-0.704018+0.329701j,0.368589+0.024871j,0.000000
0.800000+0.000000j,-0.704018+0.329701j,0.368589+0.024871j,0.000000
0.800000+0.000000j,-0.704018+0.329701j,0.368589+0.024871j,0.000000
0.800000+0.000000j,-0.704018+0.329701j,0.368589+0.024871j,0.000000
0.800000+0.000000j,-0.704018+0.329701j,0.368589+0.024871j,0.000000
0.800000+0.000000j,-0.704018+0.329701j,0.368589+0.024871j,0.000000
0.800000+0.000000j,-0.704018+0.329701j,0.368589+0.024871j,0.000000
0.800000+0.000000j,-0.704018+0.329701j,0.368589+0.024871j,0.000000
0.800000+0.000000j,-0.704018+0.329701j,0.368589+0.024871j,0.000000
0.800000+0.000000j,-0.704018+0.329701j,0.368589+0.024871j,0.000000
0.800000+0.000000j,-0.704018+0.329701j,0.368589+0.024871j,0.000000
0.800000+0.000000j,-0.704018+0.329701j,0.368589+0.024871j,0.000000
0.800000+0.000000j,-0.704018+0.329701j,0.368589+0.024871j,0.000000
0.800000+0.000000j,-0.704018+0.329701j,0.368589+0.024871j,0.000000
0.800000+0.000000j,-0.704018+0.329701j,0.368589+0.024871j,0.000000
0.800000+0.000000j,-0.704018+0.329701j,0.368589+0.024871j,0.000000
0.800000+0.000000j,-0.704018+0.329701j,0.368589+0.024871j,0.000000
0.800000+0.000000j,-0.704018+0.329701j,0.368589+0.024871j,0.000000
0.800000+0.000000j,-0.704018+0.329701j,0.368589+0.024871j,0.000000
0.800000+0.000000j,-0.704018+0.329701j,0.368589+0.024871j,0.000000
0.800000+0.000000j,-0.704018+0.329701j,0.368589+0.024871j,0.000000
0.800000+0.000000j,-0.704018+0.329701j,0.368589+0.024871j,0.000000
0.800000+0.000000j,-0.704018+0.329701j,0.368589+0.024871j,0.000000
0.800000+0.000000j,-0.704018+0.329701j,0.368589+0.024871j,0.000000
0.800000+0.000000j,-0.704018+0.329701j,0.368589+0.024871j,0.000000
0.800000+0.000000j,-0.704018+0.329701j,0.368589+0.024871j,0.000000
0.800000+0.000000j,-0.704018+0.329701j,0.368589+0.024871j,0.000000
0.800000+0.000000j,-0.704018+0.329701j,0.368589+0.024871j,0.000000
0.800000+0.000000j,-0.704018+0.329701j,0.368589+0.024871j,0.000000
0.800000+0.000000j,-0.704018+0.329701j,0.368589+0.024871j,0.000000
0.800000+0.000000j,-0.704018+0.329701j,0.368589+0.024871j,0.000000
0.800000+0.000000j,-0.704018+0.329701j,0.368589+0.024871j,0.000000
0.800000+0.000000j,-0.704018+0.329701j,0.368589+0.024871j,0.000000
0.800000+0.000000j,-0.704018+0.329701j,0.368589+0.024871j,0.000000
0.800000+0.000000j,-0.704018+0.329701j,0.368589+0.024871j,0.000000
0.800000+0.000000j,-0.704018+0.329701j,0.368589+0.024871j,0.000000
0.800000+0.000000j,-0.704018+0.329701j,0.368589+0.024871j,0.000000
0.800000+0.000000j,-0.704018+0.329701j,0.368589+0.024871j,0.000000
0.800000+0.000000j,-0.704018+0.329701j,0.368589+0.024871j,0.000000
0.800000+0.000000j,-0.704018+0.329701j,0.368589+0.024871j,0.000000
0.800000+0.000000j,-0.704018+0.329701j,0.368589+0.024871j,0.000000
0.800000+0.000000j,-0.704018+0.329701j,0.368589+0.024871j,0.000000
0.800000+0.000000j,-0.704018+0.329701j,0.368589+0.024871j,0.000000
0.800000+0.000000j,-0.704018+0.329701j,0.368589+0.024871j,0.000000
0.800000+0.000000j,-0.704018+0.329701j,0.368589+0.024871j,0.000000
0.800000+0.000000j,-0.704018+0.329701j,0.368589+0.024871j,0.000000
0.800000+0.000000j,-0.704018+0.329701j,0.368589+0.024871j,0.000000
0.800000+0.000000j,-0.704018+0.329701j,0.368589+0.024871j,0.000000
0.800000+0.000000j,-0.704018+0.329701j,0.368589+0.024871j,0.000000
0.800000+0.000000j,-0.704018+0.329701j,0.368589+0.024871j,0.000000
0.800000+0.000000j,-0.704018+0.329701j,0.368589+0.024871j,0.000000
0.800000+0.000000j,-0.704018+0.329701j,0.368589+0.024871j,0.000000
0.800000+0.000000j,-0.704018+0.329701j,0.368589+0.024871j,0.000000
0.800000+0.000000j,-0.704018+0.329701j,0.368589+0.024871j,0.000000
0.800000+0.000000j,-0.704018+0.329701j,0.368589+0.024871j,0.000000
0.800000+0.000000j,-0.704018+0.329701j,0.368589+0.024871j,0.000000
0.800000+0.000000j,-0.704018+0.329701j,0.368589+0.024871j,0.000000
0.800000+0.000000j,-0.704018+0.329701j,0.368589+0.024871j,0.000000
0.800000+0.000000j,-0.704018+0.329701j,0.368589+0.024871j,0.000000
0.800000+0.000000j,-0.704018+0.329701j,0.368589+0.024871j,0.000000
0.800000+0.000000j,-0.704018+0.329701j,0.368589+0.024871j,0.000000
0.800000+0.000000j,-0.704018+0.329701j,0.368589+0.024871j,0.000000
0.800000+0.000000j,-0.704018+0.329701j,0.368589+0.024871j,0.000000
0.800000+0.000000j,-0.704018+0.329701j,0.368589+0.024871j,0.000000
0.800000+0.000000j,-0.704018+0.329701j,0.368589+0.024871j,0.000000
0.800000+0.000000j,-0.704018+0.329701j,0.368589+0.024871j,0.000000
0.800000+0.000000j,-0.704018+0.329701j,0.368589+0.024871j,0.000000
0.800000+0.000000j,-0.704018+0.329701j,0.368589+0.024871j,0.000000
0.800000+0.000000j,-0.704018+0.329701j,0.368589+0.024871j,0.000000
0.800000+0.000000j,-0.704018+0.329701j,0.368589+0.024871j,0.000000
0.800000+0.000000j,-0.704018+0.329701j,0.368589+0.024871j,0.000000
0.800000+0.000000j,-0.704018+0.329701j,0.368589+0.024871j,0.000000
0.800000+0.000000j,-0.704018+0.329701j,0.368589+0.024871j,0.000000
0.800000+0.000000j,-0.704018+0.329701j,0.368589+0.024871j,0.000000
0.800000+0.000000j,-0.704018+0.329701j,0.368589+0.024871j,0.000000
0.800000+0.000000j,-0.704018+0.329701j,0.368589+0.024871j,0.000000
0.800000+0.000000j,-0.704018+0.329701j,0.368589+0.024871j,0.000000
0.800000+0.000000j,-0.704018+0.329701j,0.368589+0.024871j,0.000000
0.800000+0.000000j,-0.704018+0.329701j,0.368589+0.024871j,0.000000
0.800000+0.000000j,-0.704018+0.329701j,0.368589+0.024871j,0.000000
0.800000+0.000000j,-0.704018+0.329701j,0.368589+0.024871j,0.000000
0.800000+0.000000j,-0.704018+0.329701j,0.368589+0.024871j,0.000000
0.800000+0.000000j,-0.704018+0.329701j,0.368589+0.024871j,0.000000
0.800000+0.000000j,-0.704018+0.329701j,0.368589+0.024871j,0.000000
0.800000+0.000000j,-0.704018+0.329701j,0.368589+0.024871j,0.000000
0.800000+0.000000j,-0.704018+0.329701j,0.368589+0.024871j,0.000000
0.800000+0.000000j,-0.704018+0.329701j,0.368589+0.024871j,0.000000
0.800000+0.000000j,-0.704018+0.329701j,0.368589+0.024871j,0.000000
0.800000+0.000000j,-0.704018+0.329701j,0.368589+0.024871j,0.000000
0.800000+0.000000j,-0.704018+0.329701j,0.368589+0.024871j,0.000000
0.800000+0.000000j,-0.704018+0.329701j,0.368589+0.024871j,0.000000
0.800000+0.000000j,-0.704018+0.329701j,0.368589+0.024871j,0.000000
0.800000+0.000000j,-0.704018+0.329701j,0.368589+0.024871j,0.000000
0.800000+0.000000j,-0.704018+0.329701j,0.368589+0.024871j,0.000000
0.800000+0.000000j,-0.704018+0.329701j,0.368589+0.024871j,0.000000
0.800000+0.000000j,-0.704018+0.329701j,0.368589+0.024871j,0.000000
0.800000+0.000000j,-0.704018+0.329701j,0.368589+0.024871j,0.000000
0.800000+0.000000j,-0.704018+0.329701j,0.368589+0.024871j,0.000000
0.800000+0.000000j,-0.704018+0.329701j,0.368589+0.024871j,0.000000
0.800000+0.000000j,-0.704018+0.329701j,0.368589+0.024871j,0.000000
0.800000+0.000000j,-0.704018+0.329701j,0.368589+0.024871j,0.000000
0.800000+0.000000j,-0.704018+0.329701j,0.368589+0.024871j,0.000000
0.800000+0.000000j,-0.704018+0.329701j,0.368589+0.024871j,0.000000
0.800000+0.000000j,-0.704018+0.329701j,0.368589+0.024871j,0.000000
0.800000+0.000000j,-0.704018+0.329701j,0.368589+0.024871j,0.000000
0.800000+0.000000j,-0.704018+0.329701j,0.368589+0.024871j,0.000000
0.800000+0.000000j,-0.704018+0.329701j,0.368589+0.024871j,0.000000
0.800000+0.000000j,-0.704018+0.329701j,0.368589+0.024871j,0.000000
0.800000+0.000000j,-0.704018+0.329701j,0.368589+0.024871j,0.000000
0.800000+0.000000j,-0.704018+0.329701j,0.368589+0.024871j,0.000000
0.800000+0.000000j,-0.704018+0.329701j,0.368589+0.024871j,0.000000
0.800000+0.000000j,-0.704018+0.329701j,0.368589+0.024871j,0.000000
0.800000+0.000000j,-0.704018+0.329701j,0.368589+0.024871j,0.000000
0.800000+0.000000j,-0.704018+0.329701j,0.368589+0.024871j,0.000000
0.800000+0.000000j,-0.704018+0.329701j,0.368589+0.024871j,0.000000
0.800000+0.000000j,-0.704018+0.329701j,0.368589+0.024871j,0.000000
0.800000+0.000000j,-0.704018+0.329701j,0.368589+0.024871j,0.000000
0.800000+0.000000j,-0.704018+0.329701j,0.368589+0.024871j,0.000000
0.800000+0.000000j,-0.704018+0.329701j,0.368589+0.024871j,0.000000
0.800000+0.000000j,-0.704018+0.329701j,0.368589+0.024871j,0.000000
0.800000+0.000000j,-0.704018+0.329701j,0.368589+0.024871j,0.000000
0.800000+0.000000j,-0.704018+0.329701j,0.368589+0.024871j,0.000000
0.800000+0.000000j,-0.704018+0.329701j,0.368589+0.024871j,0.000000
0.800000+0.000000j,-0.704018+0.329701j,0.368589+0.024871j,0.000000
0.800000+0.000000j,-0.704018+0.329701j,0.368589+0.024871j,0.000000
0.800000+0.000000j,-0.704018+0.329701j,0.368589+0.024871j,0.000000
0.800000+0.000000j,-0.704018+0.329701j,0.368589+0.024871j,0.000000
0.800000+0.000000j,-0.704018+0.329701j,0.368589+0.024871j,0.000000
0.800000+0.000000j,-0.704018+0.329701j,0.368589+0.024871j,0.000000
0.800000+0.000000j,-0.704018+0.329701j,0.368589+0.024871j,0.000000
0.800000+0.000000j,-0.704018+0.329701j,0.368589+0.024871j,0.000000
0.800000+0.000000j,-0.704018+0.329701j,0.368589+0.024871j,0.000000
0.800000+0.000000j,-0.704018+0.329701j,0.368589+0.024871j,0.000000
0.800000+0.000000j,-0.704018+0.329701j,0.368589+0.024871j,0.000000
0.800000+0.000000j,-0.704018+0.329701j,0.368589+0.024871j,0.000000
0.800000+0.000000j,-0.704018+0.329701j,0.368589+0.024871j,0.000000
0.800000+0.000000j,-0.704018+0.329701j,0.368589+0.024871j,0.000000
0.800000+0.000000j,-0.704018+0.329701j,0.368589+0.024871j,0.000000
0.800000+0.000000j,-0.704018+0.329701j,0.368589+0.024871j,0.000000
0.800000+0.000000j,-0.704018+0.329701j,0.368589+0.024871j,0.000000
0.800000+0.000000j,-0.704018+0.329701j,0.368589+0.024871j,0.000000
0.800000+0.000000j,-0.704018+0.329701j,0.368589+0.024871j,0.000000
0.800000+0.000000j,-0.704018+0.329701j,0.368589+0.024871j,0.000000
0.800000+0.000000j,-0.704018+0.329701j,0.368589+0.024871j,0.000000
0.800000+0.000000j,-0.704018+0.329701j,0.368589+0.024871j,0.000000
0.800000+0.000000j,-0.704018+0.329701j,0.368589+0.024871j,0.000000
0.800000+0.000000j,-0.704018+0.329701j,0.368589+0.024871j,0.000000
0.800000+0.000000j,-0.704018+0.329701j,0.368589+0.024871j,0.000000
0.800000+0.000000j,-0.704018+0.329701j,0.368589+0.024871j,0.000000
0.800000+0.000000j,-0.704018+0.329701j,0.368589+0.024871j,0.000000
0.800000+0.000000j,-0.704018+0.329701j,0.368589+0.024871j,0.000000
0.800000+0.000000j,-0.704018+0.329701j,0.368589+0.024871j,0.000000
0.800000+0.000000j,-0.704018+0.329701j,0.368589+0.024871j,0.000000
0.800000+0.000000j,-0.704018+0.329701j,0.368589+0.024871j,0.000000
0.800000+0.000000j,-0.704018+0.329701j,0.368589+0.024871j,0.000000
0.800000+0.000000j,-0.704018+0.329701j,0.368589+0.024871j,0.000000
0.800000+0.000000j,-0.704018+0.329701j,0.368589+0.024871j,0.000000
0.800000+0.000000j,-0.704018+0.329701j,0.368589+0.024871j,0.000000
0.800000+0.000000j,-0.704018+0.329701j,0.368589+0.024871j,0.000000
0.800000+0.000000j,-0.704018+0.329701j,0.368589+0.024871j,0.000000
0.800000+0.000000j,-0.704018+0.329701j,0.368589+0.024871j,0.000000
0.800000+0.000000j,-0.704018+0.329701j,0.368589+0.024871j,0.000000
0.800000+0.000000j,-0.704018+0.329701j,0.368589+0.024871j,0.000000
0.800000+0.000000j,-0.704018+0.329701j,0.368589+0.024871j,0.000000
0.800000+0.000000j,-0.704018+0.329701j,0.368589+0.024871j,0.000000
0.800000+0.000000j,-0.704018+0.329701j,0.368589+0.024871j,0.000000
0.800000+0.000000j,-0.704018+0.329701j,0.368589+0.024871j,0.000000
0.800000+0.000000j,-0.704018+0.329701j,0.368589+0.024871j,0.000000
0.800000+0.000000j,-0.704018+0.329701j,0.368589+0.024871j,0.000000
0.800000+0.000000j,-0.704018+0.329701j,0.368589+0.024871j,0.000000
0.800000+0.000000j,-0.704018+0.329701j,0.368589+0.024871j,0.000000
0.800000+0.000000j,-0.704018+0.329701j,0.368589+0.024871j,0.000000
0.800000+0.000000j,-0.704018+0.329701j,0.368589+0.024871j,0.000000
0.800000+0.000000j,-0.704018+0.329701j,0.368589+0.024871j,0.000000
0.800000+0.000000j,-0.704018+0.329701j,0.368589+0.024871j,0.000000
0.800000+0.000000j,-0.704018+0.329701j,0.368589+0.024871j,0.000000
0.800000+0.000000j,-0.704018+0.329701j,0.368589+0.024871j,0.000000
0.800000+0.000000j,-0.704018+0.329701j,0.368589+0.024871j,0.000000
0.800000+0.000000j,-0.704018+0.329701j,0.368589+0.024871j,0.000000
0.800000+0.000000j,-0.704018+0.329701j,0.368589+0.024871j,0.000000
0.800000+0.000000j,-0.704018+0.329701j,0.368589+0.024871j,0.000000
0.800000+0.000000j,-0.704018+0.329701j,0.368589+0.024871j,0.000000
0.800000+0.000000j,-0.704018+0.329701j,0.368589+0.024871j,0.000000
0.800000+0.000000j,-0.704018+0.329701j,0.368589+0.024871j,0.000000
0.800000+0.000000j,-0.704018+0.329701j,0.368589+0.024871j,0.000000
0.800000+0.000000j,-0.704018+0.329701j,0.368589+0.024871j,0.000000
0.800000+0.000000j,-0.704018+0.329701j,0.368589+0.024871j,0.000000
0.800000+0.000000j,-0.704018+0.329701j,0.368589+0.024871j,0.000000
0.800000+0.000000j,-0.704018+0.329701j,0.368589+0.024871j,0.000000
0.800000+0.000000j,-0.704018+0.329701j,0.368589+0.024871j,0.000000
0.800000+0.000000j,-0.704018+0.329701j,0.368589+0.024871j,0.000000
0.800000+0.000000j,-0.704018+0.329701j,0.368589+0.024871j,0.000000
0.800000+0.000000j,-0.704018+0.329701j,0.368589+0.024871j,0.000000
0.800000+0.000000j,-0.704018+0.329701j,0.368589+0.024871j,0.000000
0.800000+0.000000j,-0.704018+0.329701j,0.368589+0.024871j,0.000000
0.800000+0.000000j,-0.704018+0.329701j,0.368589+0.024871j,0.000000
0.800000+0.000000j,-0.704018+0.329701j,0.368589+0.024871j,0.000000
0.800000+0.000000j,-0.704018+0.329701j,0.368589+0.024871j,0.000000
0.800000+0.000000j,-0.704018+0.329701j,0.368589+0.024871j,0.000000
0.800000+0.000000j,-0.704018+0.329701j,0.368589+0.024871j,0.000000
0.800000+0.000000j,-0.704018+0.329701j,0.368589+0.024871j,0.000000
0.800000+0.000000j,-0.704018+0.329701j,0.368589+0.024871j,0.000000
0.799937+0.010053j,-0.706117+0.334021j,0.367057+0.027882j,0.014024
0.799747+0.020104j,-0.708166+0.338363j,0.365500+0.030880j,0.028058
0.799432+0.030152j,-0.710166+0.342725j,0.363919+0.033864j,0.042102
0.798990+0.040195j,-0.712115+0.347106j,0.362313+0.036835j,0.056156
0.798421+0.050232j,-0.714014+0.351507j,0.360684+0.039790j,0.070217
0.797727+0.060261j,-0.715861+0.355925j,0.359031+0.042731j,0.084286
0.796907+0.070281j,-0.717658+0.360360j,0.357354+0.045656j,0.098362
0.795961+0.080289j,-0.719404+0.364812j,0.355654+0.048564j,0.112444
0.794889+0.090285j,-0.721098+0.369279j,0.353931+0.051456j,0.126531
0.793692+0.100267j,-0.722741+0.373761j,0.352185+0.054331j,0.140623
0.792369+0.110232j,-0.724332+0.378257j,0.350416+0.057188j,0.154718
0.790921+0.120180j,-0.725871+0.382766j,0.348626+0.060026j,0.168817
0.789349+0.130110j,-0.727358+0.387288j,0.346813+0.062846j,0.182917
0.787651+0.140018j,-0.728793+0.391821j,0.344979+0.065647j,0.197019
0.785830+0.149905j,-0.730175+0.396365j,0.343123+0.068428j,0.211122
0.783884+0.159768j,-0.731504+0.400919j,0.341246+0.071188j,0.225225
0.781814+0.169606j,-0.732780+0.405483j,0.339348+0.073929j,0.239327
0.779621+0.179417j,-0.734004+0.410055j,0.337429+0.076648j,0.253428
0.777305+0.189199j,-0.735174+0.414636j,0.335491+0.079346j,0.267527
0.774867+0.198952j,-0.736290+0.419223j,0.333532+0.082021j,0.281622
0.772305+0.208673j,-0.737353+0.423817j,0.331554+0.084675j,0.295714
0.769622+0.218362j,-0.738362+0.428417j,0.329556+0.087306j,0.309802
0.766817+0.228015j,-0.739318+0.433022j,0.327540+0.089913j,0.323885
0.763892+0.237633j,-0.740219+0.437632j,0.325505+0.092498j,0.337962
0.760845+0.247214j,-0.741065+0.442245j,0.323452+0.095058j,0.352032
0.757679+0.256755j,-0.741857+0.446861j,0.321381+0.097594j,0.366096
0.754392+0.266256j,-0.742594+0.451479j,0.319292+0.100106j,0.380151
0.750987+0.275714j,-0.743276+0.456099j,0.317187+0.102592j,0.394198
0.747463+0.285130j,-0.743903+0.460720j,0.315064+0.105054j,0.408236
0.743821+0.294500j,-0.744475+0.465341j,0.312926+0.107490j,0.422264
0.740062+0.303823j,-0.744990+0.469962j,0.310771+0.109900j,0.436281
0.736185+0.313099j,-0.745450+0.474582j,0.308601+0.112284j,0.450287
0.732193+0.322325j,-0.745854+0.479199j,0.306415+0.114641j,0.464282
0.728085+0.331500j,-0.746202+0.483815j,0.304215+0.116972j,0.478263
0.723862+0.340623j,-0.746492+0.488427j,0.302001+0.119275j,0.492232
0.719524+0.349693j,-0.746726+0.493035j,0.299772+0.121552j,0.506186
0.715073+0.358707j,-0.746903+0.497639j,0.297530+0.123801j,0.520126
0.710509+0.367664j,-0.747023+0.502237j,0.295275+0.126022j,0.534051
0.705833+0.376563j,-0.747085+0.506830j,0.293008+0.128215j,0.547960
0.701045+0.385403j,-0.747088+0.511416j,0.290728+0.130381j,0.561853
0.696147+0.394182j,-0.747034+0.515995j,0.288437+0.132518j,0.575729
0.691139+0.402899j,-0.746921+0.520566j,0.286134+0.134626j,0.589587
0.686021+0.411552j,-0.746750+0.525128j,0.283820+0.136706j,0.603426
0.680796+0.420140j,-0.746519+0.529681j,0.281496+0.138757j,0.617247
0.675462+0.428661j,-0.746229+0.534224j,0.279162+0.140779j,0.631049
0.670022+0.437115j,-0.745879+0.538756j,0.276818+0.142773j,0.644830
0.664477+0.445500j,-0.745469+0.543277j,0.274466+0.144737j,0.658590
0.658826+0.453815j,-0.744998+0.547785j,0.272104+0.146671j,0.672330
0.653071+0.462058j,-0.744467+0.552281j,0.269735+0.148577j,0.686047
0.647214+0.470228j,-0.743875+0.556763j,0.267358+0.150453j,0.699742
0.641254+0.478324j,-0.743221+0.561231j,0.264974+0.152300j,0.713413
0.635192+0.486344j,-0.742505+0.565684j,0.262583+0.154117j,0.727062
0.629031+0.494288j,-0.741727+0.570121j,0.260186+0.155904j,0.740685
0.622770+0.502153j,-0.740887+0.574542j,0.257783+0.157662j,0.754285
0.616411+0.509939j,-0.739983+0.578945j,0.255374+0.159391j,0.767858
0.609954+0.517645j,-0.739016+0.583330j,0.252961+0.161090j,0.781406
0.603401+0.525269j,-0.737986+0.587696j,0.250543+0.162759j,0.794927
0.596753+0.532809j,-0.736890+0.592043j,0.248121+0.164399j,0.808421
0.590010+0.540266j,-0.735731+0.596369j,0.245695+0.166010j,0.821888
0.583175+0.547638j,-0.734506+0.600674j,0.243267+0.167591j,0.835326
0.576247+0.554923j,-0.733216+0.604957j,0.240836+0.169143j,0.848736
0.569229+0.562120j,-0.731859+0.609217j,0.238402+0.170665j,0.862116
0.562120+0.569229j,-0.730437+0.613453j,0.235967+0.172159j,0.875466
0.554923+0.576247j,-0.728947+0.617664j,0.233530+0.173623j,0.888786
0.547638+0.583175j,-0.727390+0.621850j,0.231092+0.175058j,0.902075
0.540266+0.590010j,-0.725766+0.626009j,0.228654+0.176465j,0.915332
0.532809+0.596753j,-0.724073+0.630141j,0.226216+0.177843j,0.928558
0.525269+0.603401j,-0.722311+0.634244j,0.223778+0.179192j,0.941750
0.517645+0.609954j,-0.720480+0.638318j,0.221340+0.180513j,0.954909
0.509939+0.616411j,-0.718580+0.642362j,0.218904+0.181806j,0.968035
0.502153+0.622770j,-0.716609+0.646374j,0.216469+0.183071j,0.981126
0.494288+0.629031j,-0.714568+0.650354j,0.214037+0.184308j,0.994182
0.486344+0.635192j,-0.712456+0.654300j,0.211606+0.185517j,1.007203
0.478324+0.641254j,-0.710272+0.658212j,0.209178+0.186699j,1.020188
0.470228+0.647214j,-0.708017+0.662088j,0.206753+0.187853j,1.033136
0.462058+0.653071j,-0.705688+0.665928j,0.204331+0.188981j,1.046047
0.453815+0.658826j,-0.703287+0.669729j,0.201913+0.190082j,1.058920
0.445500+0.664477j,-0.700813+0.673491j,0.199499+0.191156j,1.071755
0.437115+0.670022j,-0.698264+0.677212j,0.197089+0.192204j,1.084551
0.428661+0.675462j,-0.695642+0.680892j,0.194684+0.193225j,1.097308
0.420140+0.680796j,-0.692945+0.684529j,0.192284+0.194221j,1.110024
0.411552+0.686021j,-0.690172+0.688121j,0.189890+0.195192j,1.122700
0.402899+0.691139j,-0.687325+0.691668j,0.187501+0.196137j,1.135334
0.394182+0.696147j,-0.684401+0.695167j,0.185117+0.197057j,1.147927
0.385403+0.701045j,-0.681401+0.698618j,0.182740+0.197952j,1.160477
0.376563+0.705833j,-0.678325+0.702018j,0.180370+0.198823j,1.172984
0.367664+0.710509j,-0.675171+0.705367j,0.178006+0.199670j,1.185447
0.358707+0.715073j,-0.671941+0.708663j,0.175649+0.200493j,1.197865
0.349693+0.719524j,-0.668633+0.711904j,0.173299+0.201292j,1.210239
0.340623+0.723862j,-0.665248+0.715088j,0.170956+0.202068j,1.222567
0.331500+0.728085j,-0.661785+0.718214j,0.168621+0.202821j,1.234849
0.322325+0.732193j,-0.658244+0.721280j,0.166295+0.203551j,1.247083
0.313099+0.736185j,-0.654625+0.724284j,0.163976+0.204259j,1.259270
0.303823+0.740062j,-0.650928+0.727225j,0.161665+0.204944j,1.271409
0.294500+0.743821j,-0.647153+0.730100j,0.159363+0.205608j,1.283498
0.285130+0.747463j,-0.643300+0.732908j,0.157070+0.206251j,1.295538
0.275714+0.750987j,-0.639369+0.735647j,0.154785+0.206872j,1.307527
0.266256+0.754392j,-0.635360+0.738314j,0.152509+0.207472j,1.319465
0.256755+0.757679j,-0.631274+0.740907j,0.150243+0.208052j,1.331352
0.247214+0.760845j,-0.627110+0.743426j,0.147986+0.208612j,1.343185
0.237633+0.763892j,-0.622870+0.745866j,0.145738+0.209151j,1.354966
0.228015+0.766817j,-0.618554+0.748227j,0.143500+0.209672j,1.366692
0.218362+0.769622j,-0.614162+0.750506j,0.141271+0.210172j,1.378363
0.208673+0.772305j,-0.609695+0.752701j,0.139052+0.210654j,1.389979
0.198952+0.774867j,-0.605154+0.754810j,0.136843+0.211117j,1.401538
0.189199+0.777305j,-0.600539+0.756830j,0.134645+0.211562j,1.413041
0.179417+0.779621j,-0.595852+0.758759j,0.132456+0.211989j,1.424485
0.169606+0.781814j,-0.591094+0.760594j,0.130277+0.212397j,1.435870
0.159768+0.783884j,-0.586266+0.762335j,0.128109+0.212789j,1.447196
0.149905+0.785830j,-0.581369+0.763977j,0.125951+0.213163j,1.458462
0.140018+0.787651j,-0.576405+0.765520j,0.123803+0.213521j,1.469666
0.130110+0.789349j,-0.571375+0.766960j,0.121666+0.213861j,1.480809
0.120180+0.790921j,-0.566282+0.768295j,0.119540+0.214186j,1.491888
0.110232+0.792369j,-0.561126+0.769524j,0.117424+0.214495j,1.502904
0.100267+0.793692j,-0.555910+0.770645j,0.115318+0.214788j,1.513856
0.090285+0.794889j,-0.550636+0.771654j,0.113224+0.215065j,1.524742
0.080289+0.795961j,-0.545307+0.772550j,0.111139+0.215328j,1.535563
0.070281+0.796907j,-0.539924+0.773332j,0.109066+0.215575j,1.546316
0.060261+0.797727j,-0.534491+0.773997j,0.107003+0.215809j,1.557002
0.050232+0.798421j,-0.529010+0.774543j,0.104951+0.216027j,1.567619
0.040195+0.798990j,-0.523483+0.774970j,0.102909+0.216232j,1.578167
0.030152+0.799432j,-0.517915+0.775274j,0.100879+0.216424j,1.588645
0.020104+0.799747j,-0.512307+0.775456j,0.098859+0.216601j,1.599051
0.010053+0.799937j,-0.506663+0.775514j,0.096849+0.216766j,1.609387
0.000000+0.800000j,-0.500986+0.775446j,0.094851+0.216917j,1.619649
-0.010053+0.799937j,-0.495280+0.775252j,0.092863+0.217056j,1.629839
-0.020104+0.799747j,-0.489548+0.774931j,0.090885+0.217183j,1.639954
-0.030152+0.799432j,-0.483793+0.774483j,0.088918+0.217297j,1.649995
-0.040195+0.798990j,-0.478020+0.773907j,0.086962+0.217399j,1.659961
-0.050232+0.798421j,-0.472230+0.773203j,0.085016+0.217490j,1.669850
-0.060261+0.797727j,-0.466430+0.772370j,0.083081+0.217569j,1.679663
-0.070281+0.796907j,-0.460621+0.771410j,0.081156+0.217637j,1.689398
-0.080289+0.795961j,-0.454807+0.770323j,0.079242+0.217694j,1.699055
-0.090285+0.794889j,-0.448992+0.769108j,0.077338+0.217741j,1.708634
-0.100267+0.793692j,-0.443180+0.767768j,0.075444+0.217776j,1.718134
-0.110232+0.792369j,-0.437375+0.766303j,0.073560+0.217802j,1.727553
-0.120180+0.790921j,-0.431578+0.764714j,0.071687+0.217817j,1.736893
-0.130110+0.789349j,-0.425795+0.763003j,0.069824+0.217822j,1.746152
-0.140018+0.787651j,-0.420027+0.761170j,0.067971+0.217818j,1.755329
-0.149905+0.785830j,-0.414279+0.759219j,0.066128+0.217804j,1.764425
-0.159768+0.783884j,-0.408554+0.757150j,0.064294+0.217781j,1.773439
-0.169606+0.781814j,-0.402853+0.754966j,0.062471+0.217749j,1.782370
-0.179417+0.779621j,-0.397181+0.752669j,0.060657+0.217708j,1.791218
-0.189199+0.777305j,-0.391539+0.750261j,0.058853+0.217658j,1.799983
-0.198952+0.774867j,-0.385931+0.747745j,0.057059+0.217600j,1.808665
-0.208673+0.772305j,-0.380358+0.745123j,0.055274+0.217533j,1.817263
-0.218362+0.769622j,-0.374822+0.742397j,0.053499+0.217458j,1.825776
-0.228015+0.766817j,-0.369327+0.739571j,0.051733+0.217375j,1.834206
-0.237633+0.763892j,-0.363873+0.736646j,0.049977+0.217284j,1.842551
-0.247214+0.760845j,-0.358462+0.733626j,0.048229+0.217186j,1.850811
-0.256755+0.757679j,-0.353097+0.730513j,0.046491+0.217080j,1.858987
-0.266256+0.754392j,-0.347777+0.727310j,0.044762+0.216967j,1.867078
-0.275714+0.750987j,-0.342505+0.724020j,0.043042+0.216847j,1.875083
-0.285130+0.747463j,-0.337282+0.720646j,0.041330+0.216719j,1.883004
-0.294500+0.743821j,-0.332108+0.717191j,0.039628+0.216585j,1.890840
-0.303823+0.740062j,-0.326984+0.713656j,0.037934+0.216444j,1.898590
-0.313099+0.736185j,-0.321912+0.710046j,0.036249+0.216296j,1.906255
-0.322325+0.732193j,-0.316891+0.706362j,0.034572+0.216142j,1.913835
-0.331500+0.728085j,-0.311922+0.702607j,0.032903+0.215982j,1.921330
-0.340623+0.723862j,-0.307005+0.698784j,0.031243+0.215816j,1.928739
-0.349693+0.719524j,-0.302141+0.694896j,0.029591+0.215643j,1.936064
-0.358707+0.715073j,-0.297329+0.690944j,0.027948+0.215465j,1.943303
-0.367664+0.710509j,-0.292570+0.686932j,0.026312+0.215280j,1.950457
-0.376563+0.705833j,-0.287864+0.682862j,0.024684+0.215090j,1.957527
-0.385403+0.701045j,-0.283210+0.678736j,0.023064+0.214895j,1.964512
-0.394182+0.696147j,-0.278608+0.674556j,0.021452+0.214694j,1.971412
-0.402899+0.691139j,-0.274058+0.670325j,0.019847+0.214488j,1.978227
-0.411552+0.686021j,-0.269560+0.666044j,0.018250+0.214276j,1.984959
-0.420140+0.680796j,-0.265112+0.661716j,0.016661+0.214060j,1.991606
-0.428661+0.675462j,-0.260715+0.657343j,0.015078+0.213838j,1.998169
-0.437115+0.670022j,-0.256369+0.652926j,0.013503+0.213612j,2.004648
-0.445500+0.664477j,-0.252072+0.648467j,0.011936+0.213381j,2.011043
-0.453815+0.658826j,-0.247823+0.643969j,0.010375+0.213145j,2.017354
-0.462058+0.653071j,-0.243624+0.639433j,0.008821+0.212905j,2.023583
-0.470228+0.647214j,-0.239471+0.634860j,0.007274+0.212660j,2.029728
-0.478324+0.641254j,-0.235366+0.630253j,0.005733+0.212410j,2.035790
-0.486344+0.635192j,-0.231307+0.625612j,0.004200+0.212157j,2.041769
-0.494288+0.629031j,-0.227293+0.620940j,0.002673+0.211899j,2.047666
-0.502153+0.622770j,-0.223325+0.616237j,0.001152+0.211637j,2.053481
-0.509939+0.616411j,-0.219400+0.611505j,-0.000362+0.211371j,2.059213
-0.517645+0.609954j,-0.215519+0.606746j,-0.001870+0.211100j,2.064863
-0.525269+0.603401j,-0.211680+0.601959j,-0.003372+0.210826j,2.070432
-0.532809+0.596753j,-0.207883+0.597148j,-0.004868+0.210549j,2.075919
-0.540266+0.590010j,-0.204127+0.592313j,-0.006358+0.210267j,2.081325
-0.547638+0.583175j,-0.200411+0.587454j,-0.007842+0.209982j,2.086650
-0.554923+0.576247j,-0.196734+0.582574j,-0.009320+0.209693j,2.091894
-0.562120+0.569229j,-0.193096+0.577673j,-0.010793+0.209400j,2.097058
-0.569229+0.562120j,-0.189496+0.572752j,-0.012260+0.209105j,2.102142
-0.576247+0.554923j,-0.185933+0.567812j,-0.013721+0.208805j,2.107145
-0.583175+0.547638j,-0.182407+0.562854j,-0.015178+0.208503j,2.112069
-0.590010+0.540266j,-0.178916+0.557878j,-0.016628+0.208197j,2.116914
-0.596753+0.532809j,-0.175459+0.552886j,-0.018074+0.207887j,2.121679
-0.603401+0.525269j,-0.172037+0.547879j,-0.019515+0.207575j,2.126365
-0.609954+0.517645j,-0.168648+0.542857j,-0.020950+0.207260j,2.130973
-0.616411+0.509939j,-0.165291+0.537821j,-0.022381+0.206941j,2.135502
-0.622770+0.502153j,-0.161966+0.532772j,-0.023807+0.206620j,2.139953
-0.629031+0.494288j,-0.158673+0.527709j,-0.025228+0.206295j,2.144326
-0.635192+0.486344j,-0.155410+0.522635j,-0.026645+0.205968j,2.148622
-0.641254+0.478324j,-0.152176+0.517550j,-0.028057+0.205638j,2.152840
-0.647214+0.470228j,-0.148971+0.512453j,-0.029465+0.205305j,2.156982
-0.653071+0.462058j,-0.145795+0.507347j,-0.030868+0.204969j,2.161047
-0.658826+0.453815j,-0.142646+0.502231j,-0.032267+0.204630j,2.165036
-0.664477+0.445500j,-0.139524+0.497106j,-0.033662+0.204289j,2.168948
-0.670022+0.437115j,-0.136429+0.491972j,-0.035053+0.203945j,2.172785
-0.675462+0.428661j,-0.133359+0.486830j,-0.036440+0.203599j,2.176547
-0.680796+0.420140j,-0.130314+0.481681j,-0.037823+0.203250j,2.180234
-0.686021+0.411552j,-0.127294+0.476524j,-0.039203+0.202899j,2.183846
-0.691139+0.402899j,-0.124297+0.471361j,-0.040578+0.202545j,2.187384
-0.696147+0.394182j,-0.121323+0.466192j,-0.041951+0.202188j,2.190848
-0.701045+0.385403j,-0.118372+0.461017j,-0.043319+0.201830j,2.194239
-0.705833+0.376563j,-0.115443+0.455836j,-0.044684+0.201468j,2.197557
-0.710509+0.367664j,-0.112536+0.450651j,-0.046046+0.201105j,2.200802
-0.715073+0.358707j,-0.109649+0.445461j,-0.047405+0.200739j,2.203976
-0.719524+0.349693j,-0.106783+0.440267j,-0.048760+0.200371j,2.207077
-0.723862+0.340623j,-0.103936+0.435069j,-0.050113+0.200001j,2.210107
-0.728085+0.331500j,-0.101109+0.429868j,-0.051462+0.199629j,2.213067
-0.732193+0.322325j,-0.098300+0.424663j,-0.052809+0.199254j,2.215957
-0.736185+0.313099j,-0.095509+0.419456j,-0.054153+0.198877j,2.218777
-0.740062+0.303823j,-0.092736+0.414247j,-0.055494+0.198498j,2.221528
-0.743821+0.294500j,-0.089980+0.409035j,-0.056833+0.198117j,2.224211
-0.747463+0.285130j,-0.087241+0.403821j,-0.058169+0.197734j,2.226827
-0.750987+0.275714j,-0.084518+0.398606j,-0.059502+0.197349j,2.229375
-0.754392+0.266256j,-0.081811+0.393390j,-0.060834+0.196962j,2.231858
-0.757679+0.256755j,-0.079119+0.388172j,-0.062163+0.196572j,2.234275
-0.760845+0.247214j,-0.076441+0.382955j,-0.063490+0.196181j,2.236627
-0.763892+0.237633j,-0.073778+0.377736j,-0.064815+0.195788j,2.238917
-0.766817+0.228015j,-0.071129+0.372518j,-0.066138+0.195393j,2.241143
-0.769622+0.218362j,-0.068493+0.367300j,-0.067458+0.194996j,2.243309
-0.772305+0.208673j,-0.065870+0.362083j,-0.068778+0.194597j,2.245413
-0.774867+0.198952j,-0.063259+0.356866j,-0.070095+0.194196j,2.247459
-0.777305+0.189199j,-0.060661+0.351650j,-0.071411+0.193793j,2.249448
-0.779621+0.179417j,-0.058074+0.346435j,-0.072725+0.193389j,2.251380
-0.781814+0.169606j,-0.055499+0.341222j,-0.074038+0.192982j,2.253257
-0.783884+0.159768j,-0.052934+0.336011j,-0.075349+0.192574j,2.255081
-0.785830+0.149905j,-0.050380+0.330802j,-0.076659+0.192164j,2.256855
-0.787651+0.140018j,-0.047836+0.325595j,-0.077968+0.191752j,2.258579
-0.789349+0.130110j,-0.045302+0.320390j,-0.079276+0.191339j,2.260256
-0.790921+0.120180j,-0.042777+0.315188j,-0.080583+0.190924j,2.261888
-0.792369+0.110232j,-0.040261+0.309990j,-0.081889+0.190506j,2.263478
-0.793692+0.100267j,-0.037753+0.304794j,-0.083193+0.190088j,2.265028
-0.794889+0.090285j,-0.035254+0.299602j,-0.084498+0.189667j,2.266542
-0.795961+0.080289j,-0.032762+0.294413j,-0.085801+0.189245j,2.268022
-0.796907+0.070281j,-0.030278+0.289229j,-0.087104+0.188821j,2.269472
-0.797727+0.060261j,-0.027801+0.284048j,-0.088406+0.188396j,2.270895
-0.798421+0.050232j,-0.025331+0.278872j,-0.089709+0.187969j,2.272295
-0.798990+0.040195j,-0.022867+0.273700j,-0.091010+0.187540j,2.273675
-0.799432+0.030152j,-0.020409+0.268534j,-0.092312+0.187110j,2.275040
-0.799747+0.020104j,-0.017957+0.263372j,-0.093613+0.186678j,2.276394
-0.799937+0.010053j,-0.015510+0.258216j,-0.094915+0.186245j,2.277740
-0.800000+0.000000j,-0.013068+0.253065j,-0.096216+0.185810j,2.279084
-0.799937-0.010053j,-0.010631+0.247920j,-0.097518+0.185373j,2.280430
-0.799747-0.020104j,-0.008198+0.242782j,-0.098820+0.184935j,2.281781
-0.799432-0.030152j,-0.005769+0.237649j,-0.100123+0.184495j,2.283142
-0.798990-0.040195j,-0.003344+0.232523j,-0.101426+0.184053j,2.284516
-0.798421-0.050232j,-0.000922+0.227404j,-0.102730+0.183610j,2.285909
-0.797727-0.060261j,0.001496+0.222293j,-0.104034+0.183166j,2.287323
-0.796907-0.070281j,0.003912+0.217188j,-0.105339+0.182719j,2.288763
-0.795961-0.080289j,0.006326+0.212091j,-0.106645+0.182271j,2.290231
-0.794889-0.090285j,0.008737+0.207002j,-0.107952+0.181822j,2.291731
-0.793692-0.100267j,0.011147+0.201921j,-0.109260+0.181371j,2.293266
-0.792369-0.110232j,0.013554+0.196849j,-0.110569+0.180918j,2.294839
-0.790921-0.120180j,0.015961+0.191785j,-0.111879+0.180463j,2.296452
-0.789349-0.130110j,0.018366+0.186731j,-0.113190+0.180007j,2.298107
-0.787651-0.140018j,0.020771+0.181685j,-0.114503+0.179550j,2.299807
-0.785830-0.149905j,0.023175+0.176649j,-0.115818+0.179090j,2.301554
-0.783884-0.159768j,0.025579+0.171623j,-0.117134+0.178629j,2.303349
-0.781814-0.169606j,0.027982+0.166607j,-0.118451+0.178167j,2.305195
-0.779621-0.179417j,0.030387+0.161601j,-0.119770+0.177703j,2.307093
-0.777305-0.189199j,0.032791+0.156606j,-0.121092+0.177237j,2.309044
-0.774867-0.198952j,0.035197+0.151622j,-0.122415+0.176770j,2.311050
-0.772305-0.208673j,0.037604+0.146649j,-0.123740+0.176301j,2.313111
-0.769622-0.218362j,0.040012+0.141688j,-0.125067+0.175831j,2.315230
-0.766817-0.228015j,0.042421+0.136738j,-0.126397+0.175359j,2.317406
-0.763892-0.237633j,0.044833+0.131801j,-0.127729+0.174886j,2.319641
-0.760845-0.247214j,0.047246+0.126876j,-0.129063+0.174411j,2.321935
-0.757679-0.256755j,0.049662+0.121964j,-0.130400+0.173934j,2.324290
-0.754392-0.266256j,0.052081+0.117065j,-0.131739+0.173456j,2.326707
-0.750987-0.275714j,0.054502+0.112180j,-0.133082+0.172977j,2.329185
-0.747463-0.285130j,0.056927+0.107308j,-0.134427+0.172496j,2.331725
-0.743821-0.294500j,0.059354+0.102451j,-0.135775+0.172013j,2.334328
-0.740062-0.303823j,0.061786+0.097608j,-0.137126+0.171529j,2.336995
-0.736185-0.313099j,0.064221+0.092780j,-0.138481+0.171043j,2.339725
-0.732193-0.322325j,0.066660+0.087967j,-0.139838+0.170556j,2.342520
-0.728085-0.331500j,0.069103+0.083170j,-0.141200+0.170068j,2.345379
-0.723862-0.340623j,0.071551+0.078388j,-0.142564+0.169578j,2.348304
-0.719524-0.349693j,0.074003+0.073624j,-0.143933+0.169086j,2.351294
-0.715073-0.358707j,0.076460+0.068876j,-0.145305+0.168593j,2.354349
-0.710509-0.367664j,0.078922+0.064145j,-0.146681+0.168098j,2.357471
-0.705833-0.376563j,0.081390+0.059432j,-0.148061+0.167602j,2.360658
-0.701045-0.385403j,0.083863+0.054736j,-0.149445+0.167105j,2.363913
-0.696147-0.394182j,0.086341+0.050060j,-0.150833+0.166606j,2.367233
-0.691139-0.402899j,0.088826+0.045402j,-0.152226+0.166105j,2.370621
-0.686021-0.411552j,0.091316+0.040763j,-0.153623+0.165603j,2.374076
-0.680796-0.420140j,0.093813+0.036145j,-0.155025+0.165100j,2.377598
-0.675462-0.428661j,0.096316+0.031546j,-0.156431+0.164595j,2.381187
-0.670022-0.437115j,0.098825+0.026968j,-0.157842+0.164089j,2.384844
-0.664477-0.445500j,0.101342+0.022411j,-0.159259+0.163582j,2.388568
-0.658826-0.453815j,0.103865+0.017876j,-0.160680+0.163073j,2.392360
-0.653071-0.462058j,0.106395+0.013363j,-0.162107+0.162562j,2.396220
-0.647214-0.470228j,0.108932+0.008873j,-0.163539+0.162051j,2.400148
-0.641254-0.478324j,0.111476+0.004406j,-0.164976+0.161537j,2.404144
-0.635192-0.486344j,0.114028-0.000037j,-0.166419+0.161023j,2.408208
-0.629031-0.494288j,0.116587-0.004457j,-0.167868+0.160507j,2.412340
-0.622770-0.502153j,0.119154-0.008851j,-0.169323+0.159990j,2.416541
-0.616411-0.509939j,0.121729-0.013220j,-0.170784+0.159472j,2.420809
-0.609954-0.517645j,0.124312-0.017564j,-0.172251+0.158952j,2.425146
-0.603401-0.525269j,0.126902-0.021881j,-0.173725+0.158431j,2.429551
-0.596753-0.532809j,0.129501-0.026171j,-0.175205+0.157909j,2.434025
-0.590010-0.540266j,0.132107-0.030433j,-0.176691+0.157385j,2.438567
-0.583175-0.547638j,0.134722-0.034668j,-0.178185+0.156861j,2.443177
-0.576247-0.554923j,0.137344-0.038873j,-0.179685+0.156335j,2.447855
-0.569229-0.562120j,0.139975-0.043049j,-0.181192+0.155808j,2.452602
-0.562120-0.569229j,0.142615-0.047196j,-0.182707+0.155280j,2.457417
-0.554923-0.576247j,0.145262-0.051311j,-0.184229+0.154751j,2.462301
-0.547638-0.583175j,0.147918-0.055396j,-0.185759+0.154220j,2.467253
-0.540266-0.590010j,0.150582-0.059448j,-0.187296+0.153689j,2.472273
-0.532809-0.596753j,0.153254-0.063468j,-0.188841+0.153156j,2.477361
-0.525269-0.603401j,0.155935-0.067455j,-0.190395+0.152623j,2.482518
-0.517645-0.609954j,0.158623-0.071408j,-0.191956+0.152088j,2.487742
-0.509939-0.616411j,0.161320-0.075326j,-0.193526+0.151553j,2.493035
-0.502153-0.622770j,0.164025-0.079209j,-0.195105+0.151017j,2.498395
-0.494288-0.629031j,0.166737-0.083056j,-0.196692+0.150480j,2.503824
-0.486344-0.635192j,0.169458-0.086867j,-0.198288+0.149942j,2.509320
-0.478324-0.641254j,0.172186-0.090640j,-0.199894+0.149403j,2.514885
-0.470228-0.647214j,0.174922-0.094375j,-0.201508+0.148864j,2.520517
-0.462058-0.653071j,0.177665-0.098072j,-0.203132+0.148324j,2.526216
-0.453815-0.658826j,0.180416-0.101729j,-0.204766+0.147783j,2.531983
-0.445500-0.664477j,0.183173-0.105345j,-0.206410+0.147242j,2.537818
-0.437115-0.670022j,0.185938-0.108921j,-0.208064+0.146700j,2.543720
-0.428661-0.675462j,0.188709-0.112455j,-0.209728+0.146158j,2.549689
-0.420140-0.680796j,0.191487-0.115947j,-0.211402+0.145615j,2.555725
-0.411552-0.686021j,0.194270-0.119396j,-0.213088+0.145072j,2.561828
-0.402899-0.691139j,0.197060-0.122800j,-0.214784+0.144529j,2.567998
-0.394182-0.696147j,0.199855-0.126160j,-0.216491+0.143985j,2.574235
-0.385403-0.701045j,0.202656-0.129475j,-0.218209+0.143441j,2.580538
-0.376563-0.705833j,0.205461-0.132744j,-0.219939+0.142898j,2.586908
-0.367664-0.710509j,0.208271-0.135966j,-0.221681+0.142354j,2.593344
-0.358707-0.715073j,0.211086-0.139140j,-0.223435+0.141811j,2.599846
-0.349693-0.719524j,0.213904-0.142265j,-0.225200+0.141267j,2.606415
-0.340623-0.723862j,0.216725-0.145342j,-0.226979+0.140724j,2.613049
-0.331500-0.728085j,0.219550-0.148369j,-0.228770+0.140182j,2.619749
-0.322325-0.732193j,0.222377-0.151345j,-0.230573+0.139639j,2.626514
-0.313099-0.736185j,0.225206-0.154271j,-0.232390+0.139098j,2.633344
-0.303823-0.740062j,0.228037-0.157144j,-0.234220+0.138557j,2.640240
-0.294500-0.743821j,0.230869-0.159964j,-0.236064+0.138017j,2.647201
-0.285130-0.747463j,0.233701-0.162731j,-0.237922+0.137478j,2.654226
-0.275714-0.750987j,0.236534-0.165444j,-0.239793+0.136939j,2.661316
-0.266256-0.754392j,0.239366-0.168103j,-0.241679+0.136402j,2.668470
-0.256755-0.757679j,0.242196-0.170706j,-0.243580+0.135867j,2.675689
-0.247214-0.760845j,0.245025-0.173253j,-0.245495+0.135333j,2.682971
-0.237633-0.763892j,0.247851-0.175743j,-0.247426+0.134800j,2.690317
-0.228015-0.766817j,0.250675-0.178176j,-0.249372+0.134269j,2.697726
-0.218362-0.769622j,0.253495-0.180551j,-0.251333+0.133740j,2.705199
-0.208673-0.772305j,0.256310-0.182867j,-0.253311+0.133214j,2.712735
-0.198952-0.774867j,0.259120-0.185125j,-0.255305+0.132689j,2.720334
-0.189199-0.777305j,0.261925-0.187323j,-0.257315+0.132167j,2.727995
-0.179417-0.779621j,0.264723-0.189460j,-0.259342+0.131648j,2.735718
-0.169606-0.781814j,0.267513-0.191537j,-0.261385+0.131131j,2.743504
-0.159768-0.783884j,0.270296-0.193553j,-0.263447+0.130617j,2.751351
-0.149905-0.785830j,0.273070-0.195507j,-0.265525+0.130107j,2.759260
-0.140018-0.787651j,0.275834-0.197399j,-0.267622+0.129600j,2.767230
-0.130110-0.789349j,0.278589-0.199229j,-0.269737+0.129097j,2.775261
-0.120180-0.790921j,0.281332-0.200996j,-0.271870+0.128597j,2.783353
-0.110232-0.792369j,0.284063-0.202699j,-0.274022+0.128102j,2.791506
-0.100267-0.793692j,0.286782-0.204339j,-0.276193+0.127612j,2.799719
-0.090285-0.794889j,0.289487-0.205914j,-0.278384+0.127125j,2.807991
-0.080289-0.795961j,0.292178-0.207426j,-0.280594+0.126644j,2.816324
-0.070281-0.796907j,0.294853-0.208873j,-0.282824+0.126169j,2.824715
-0.060261-0.797727j,0.297513-0.210255j,-0.285074+0.125698j,2.833166
-0.050232-0.798421j,0.300156-0.211572j,-0.287345+0.125234j,2.841676
-0.040195-0.798990j,0.302782-0.212824j,-0.289637+0.124776j,2.850245
-0.030152-0.799432j,0.305389-0.214010j,-0.291950+0.124324j,2.858872
-0.020104-0.799747j,0.307977-0.215131j,-0.294284+0.123880j,2.867556
-0.010053-0.799937j,0.310545-0.216186j,-0.296640+0.123442j,2.876299
-0.000000-0.800000j,0.313093-0.217175j,-0.299018+0.123012j,2.885099
0.010053-0.799937j,0.315619-0.218099j,-0.301419+0.122591j,2.893956
0.020104-0.799747j,0.318122-0.218957j,-0.303842+0.122177j,2.902870
0.030152-0.799432j,0.320602-0.219748j,-0.306289+0.121773j,2.911841
0.040195-0.798990j,0.323059-0.220474j,-0.308758+0.121377j,2.920869
0.050232-0.798421j,0.325491-0.221135j,-0.311251+0.120991j,2.929952
0.060261-0.797727j,0.327897-0.221729j,-0.313768+0.120616j,2.939091
0.070281-0.796907j,0.330278-0.222258j,-0.316310+0.120251j,2.948286
0.080289-0.795961j,0.332632-0.222722j,-0.318875+0.119897j,2.957536
0.090285-0.794889j,0.334958-0.223120j,-0.321466+0.119555j,2.966841
0.100267-0.793692j,0.337256-0.223453j,-0.324081+0.119225j,2.976201
0.110232-0.792369j,0.339525-0.223721j,-0.326721+0.118908j,2.985616
0.120180-0.790921j,0.341765-0.223924j,-0.329388+0.118604j,2.995084
0.130110-0.789349j,0.343974-0.224063j,-0.332079+0.118313j,3.004607
0.140018-0.787651j,0.346153-0.224138j,-0.334797+0.118037j,3.014184
0.149905-0.785830j,0.348300-0.224148j,-0.337541+0.117776j,3.023814
0.159768-0.783884j,0.350416-0.224095j,-0.340312+0.117531j,3.033497
0.169606-0.781814j,0.352499-0.223979j,-0.343109+0.117302j,3.043234
0.179417-0.779621j,0.354550-0.223800j,-0.345933+0.117090j,3.053023
0.189199-0.777305j,0.356567-0.223558j,-0.348784+0.116895j,3.062866
0.198952-0.774867j,0.358549-0.223254j,-0.351662+0.116719j,3.072760
0.208673-0.772305j,0.360498-0.222888j,-0.354568+0.116562j,3.082707
0.218362-0.769622j,0.362412-0.222461j,-0.357502+0.116424j,3.092706
0.228015-0.766817j,0.364290-0.221974j,-0.360462+0.116307j,3.102756
0.237633-0.763892j,0.366133-0.221425j,-0.363451+0.116212j,3.112859
0.247214-0.760845j,0.367940-0.220817j,-0.366468+0.116138j,3.123013
0.256755-0.757679j,0.369710-0.220149j,-0.369512+0.116087j,3.133218
0.266256-0.754392j,0.371444-0.219422j,-0.372585+0.116060j,3.143474
0.275714-0.750987j,0.373141-0.218637j,-0.375686+0.116057j,3.153781
0.285130-0.747463j,0.374800-0.217794j,-0.378814+0.116080j,3.164139
0.294500-0.743821j,0.376422-0.216894j,-0.381971+0.116129j,3.174547
0.303823-0.740062j,0.378007-0.215937j,-0.385155+0.116205j,3.185006
0.313099-0.736185j,0.379553-0.214923j,-0.388368+0.116308j,3.195516
0.322325-0.732193j,0.381061-0.213854j,-0.391608+0.116441j,3.206075
0.331500-0.728085j,0.382531-0.212730j,-0.394876+0.116604j,3.216685
0.340623-0.723862j,0.383963-0.211552j,-0.398172+0.116797j,3.227344
0.349693-0.719524j,0.385356-0.210319j,-0.401495+0.117022j,3.238054
0.358707-0.715073j,0.386710-0.209034j,-0.404845+0.117279j,3.248813
0.367664-0.710509j,0.388026-0.207696j,-0.408222+0.117570j,3.259621
0.376563-0.705833j,0.389302-0.206306j,-0.411625+0.117896j,3.270479
0.385403-0.701045j,0.390540-0.204865j,-0.415055+0.118257j,3.281386
0.394182-0.696147j,0.391739-0.203373j,-0.418510+0.118655j,3.292343
0.402899-0.691139j,0.392899-0.201831j,-0.421991+0.119090j,3.303348
0.411552-0.686021j,0.394020-0.200240j,-0.425497+0.119563j,3.314403
0.420140-0.680796j,0.395102-0.198601j,-0.429028+0.120076j,3.325507
0.428661-0.675462j,0.396146-0.196913j,-0.432583+0.120629j,3.336659
0.437115-0.670022j,0.397150-0.195179j,-0.436161+0.121223j,3.347860
0.445500-0.664477j,0.398116-0.193398j,-0.439762+0.121860j,3.359110
0.453815-0.658826j,0.399044-0.191571j,-0.443385+0.122540j,3.370408
0.462058-0.653071j,0.399932-0.189700j,-0.447031+0.123264j,3.381754
0.470228-0.647214j,0.400782-0.187784j,-0.450697+0.124034j,3.393149
0.478324-0.641254j,0.401594-0.185824j,-0.454383+0.124849j,3.404592
0.486344-0.635192j,0.402368-0.183822j,-0.458088+0.125711j,3.416083
0.494288-0.629031j,0.403104-0.181778j,-0.461812+0.126621j,3.427622
0.502153-0.622770j,0.403802-0.179692j,-0.465554+0.127580j,3.439209
0.509939-0.616411j,0.404462-0.177566j,-0.469312+0.128588j,3.450844
0.517645-0.609954j,0.405084-0.175400j,-0.473086+0.129646j,3.462526
0.525269-0.603401j,0.405669-0.173195j,-0.476875+0.130755j,3.474256
0.532809-0.596753j,0.406217-0.170952j,-0.480678+0.131917j,3.486033
0.540266-0.590010j,0.406728-0.168672j,-0.484494+0.133130j,3.497857
0.547638-0.583175j,0.407202-0.166355j,-0.488321+0.134397j,3.509728
0.554923-0.576247j,0.407639-0.164002j,-0.492158+0.135718j,3.521646
0.562120-0.569229j,0.408040-0.161613j,-0.496005+0.137093j,3.533610
0.569229-0.562120j,0.408404-0.159191j,-0.499860+0.138524j,3.545621
0.576247-0.554923j,0.408733-0.156735j,-0.503722+0.140010j,3.557678
0.583175-0.547638j,0.409026-0.154246j,-0.507589+0.141551j,3.569782
0.590010-0.540266j,0.409283-0.151725j,-0.511461+0.143150j,3.581931
0.596753-0.532809j,0.409505-0.149174j,-0.515337+0.144805j,3.594126
0.603401-0.525269j,0.409692-0.146592j,-0.519214+0.146518j,3.606366
0.609954-0.517645j,0.409843-0.143980j,-0.523091+0.148288j,3.618651
0.616411-0.509939j,0.409960-0.141340j,-0.526968+0.150115j,3.630982
0.622770-0.502153j,0.410043-0.138672j,-0.530843+0.152001j,3.643356
0.629031-0.494288j,0.410091-0.135977j,-0.534714+0.153945j,3.655776
0.635192-0.486344j,0.410105-0.133255j,-0.538580+0.155948j,3.668239
0.641254-0.478324j,0.410086-0.130509j,-0.542440+0.158008j,3.680745
0.647214-0.470228j,0.410033-0.127737j,-0.546292+0.160127j,3.693295
0.653071-0.462058j,0.409946-0.124942j,-0.550136+0.162305j,3.705889
0.658826-0.453815j,0.409826-0.122124j,-0.553969+0.164540j,3.718524
0.664477-0.445500j,0.409673-0.119283j,-0.557790+0.166834j,3.731202
0.670022-0.437115j,0.409488-0.116422j,-0.561599+0.169185j,3.743922
0.675462-0.428661j,0.409270-0.113539j,-0.565393+0.171595j,3.756683
0.680796-0.420140j,0.409019-0.110637j,-0.569171+0.174061j,3.769485
0.686021-0.411552j,0.408736-0.107716j,-0.572933+0.176585j,3.782328
0.691139-0.402899j,0.408422-0.104777j,-0.576676+0.179166j,3.795211
0.696147-0.394182j,0.408075-0.101821j,-0.580399+0.181802j,3.808134
0.701045-0.385403j,0.407697-0.098848j,-0.584102+0.184495j,3.821096
0.705833-0.376563j,0.407288-0.095859j,-0.587783+0.187243j,3.834096
0.710509-0.367664j,0.406847-0.092856j,-0.591440+0.190046j,3.847135
0.715073-0.358707j,0.406376-0.089838j,-0.595073+0.192903j,3.860212
0.719524-0.349693j,0.405873-0.086807j,-0.598681+0.195814j,3.873325
0.723862-0.340623j,0.405340-0.083764j,-0.602261+0.198779j,3.886475
0.728085-0.331500j,0.404777-0.080708j,-0.605814+0.201795j,3.899662
0.732193-0.322325j,0.404183-0.077642j,-0.609338+0.204864j,3.912883
0.736185-0.313099j,0.403559-0.074566j,-0.612832+0.207983j,3.926140
0.740062-0.303823j,0.402905-0.071480j,-0.616294+0.211153j,3.939431
0.743821-0.294500j,0.402221-0.068385j,-0.619725+0.214372j,3.952755
0.747463-0.285130j,0.401507-0.065283j,-0.623123+0.217640j,3.966113
0.750987-0.275714j,0.400764-0.062174j,-0.626487+0.220956j,3.979503
0.754392-0.266256j,0.399991-0.059058j,-0.629816+0.224319j,3.992925
0.757679-0.256755j,0.399190-0.055936j,-0.633109+0.227729j,4.006378
0.760845-0.247214j,0.398359-0.052810j,-0.636366+0.231184j,4.019861
0.763892-0.237633j,0.397499-0.049679j,-0.639585+0.234684j,4.033375
0.766817-0.228015j,0.396611-0.046546j,-0.642766+0.238227j,4.046917
0.769622-0.218362j,0.395694-0.043409j,-0.645909+0.241813j,4.060488
0.772305-0.208673j,0.394748-0.040271j,-0.649011+0.245441j,4.074087
0.774867-0.198952j,0.393775-0.037131j,-0.652074+0.249110j,4.087713
0.777305-0.189199j,0.392773-0.033991j,-0.655095+0.252820j,4.101365
0.779621-0.179417j,0.391743-0.030851j,-0.658075+0.256568j,4.115043
0.781814-0.169606j,0.390685-0.027711j,-0.661013+0.260355j,4.128745
0.783884-0.159768j,0.389599-0.024574j,-0.663908+0.264179j,4.142472
0.785830-0.149905j,0.388486-0.021439j,-0.666760+0.268040j,4.156223
0.787651-0.140018j,0.387346-0.018306j,-0.669567+0.271936j,4.169996
0.789349-0.130110j,0.386178-0.015177j,-0.672330+0.275867j,4.183791
0.790921-0.120180j,0.384983-0.012053j,-0.675049+0.279831j,4.197607
0.792369-0.110232j,0.383761-0.008933j,-0.677722+0.283828j,4.211444
0.793692-0.100267j,0.382513-0.005820j,-0.680349+0.287857j,4.225301
0.794889-0.090285j,0.381237-0.002712j,-0.682930+0.291917j,4.239177
0.795961-0.080289j,0.379935+0.000389j,-0.685464+0.296007j,4.253071
0.796907-0.070281j,0.378607+0.003482j,-0.687952+0.300127j,4.266982
0.797727-0.060261j,0.377253+0.006567j,-0.690392+0.304274j,4.280910
0.798421-0.050232j,0.375873+0.009643j,-0.692784+0.308449j,4.294854
0.798990-0.040195j,0.374467+0.012710j,-0.695128+0.312650j,4.308814
0.799432-0.030152j,0.373035+0.015767j,-0.697424+0.316876j,4.322788
0.799747-0.020104j,0.371578+0.018813j,-0.699671+0.321128j,4.336775
0.799937-0.010053j,0.370096+0.021848j,-0.701869+0.325403j,4.350775
0.800000-0.000000j,0.368589+0.024871j,-0.704018+0.329701j,4.364788
0.800000-0.000000j,0.368589+0.024871j,-0.704018+0.329701j,4.364788
0.800000-0.000000j,0.368589+0.024871j,-0.704018+0.329701j,4.364788
0.800000-0.000000j,0.368589+0.024871j,-0.704018+0.329701j,4.364788
0.800000-0.000000j,0.368589+0.024871j,-0.704018+0.329701j,4.364788
0.800000-0.000000j,0.368589+0.024871j,-0.704018+0.329701j,4.364788
0.800000-0.000000j,0.368589+0.024871j,-0.704018+0.329701j,4.364788
0.800000-0.000000j,0.368589+0.024871j,-0.704018+0.329701j,4.364788
0.800000-0.000000j,0.368589+0.024871j,-0.704018+0.329701j,4.364788
0.800000-0.000000j,0.368589+0.024871j,-0.704018+0.329701j,4.364788
0.800000-0.000000j,0.368589+0.024871j,-0.704018+0.329701j,4.364788
0.800000-0.000000j,0.368589+0.024871j,-0.704018+0.329701j,4.364788
0.800000-0.000000j,0.368589+0.024871j,-0.704018+0.329701j,4.364788
0.800000-0.000000j,0.368589+0.024871j,-0.704018+0.329701j,4.364788
0.800000-0.000000j,0.368589+0.024871j,-0.704018+0.329701j,4.364788
0.800000-0.000000j,0.368589+0.024871j,-0.704018+0.329701j,4.364788
0.800000-0.000000j,0.368589+0.024871j,-0.704018+0.329701j,4.364788
0.800000-0.000000j,0.368589+0.024871j,-0.704018+0.329701j,4.364788
0.800000-0.000000j,0.368589+0.024871j,-0.704018+0.329701j,4.364788
0.800000-0.000000j,0.368589+0.024871j,-0.704018+0.329701j,4.364788
0.800000-0.000000j,0.368589+0.024871j,-0.704018+0.329701j,4.364788
0.800000-0.000000j,0.368589+0.024871j,-0.704018+0.329701j,4.364788
0.800000-0.000000j,0.368589+0.024871j,-0.704018+0.329701j,4.364788
0.800000-0.000000j,0.368589+0.024871j,-0.704018+0.329701j,4.364788
0.800000-0.000000j,0.368589+0.024871j,-0.704018+0.329701j,4.364788
0.800000-0.000000j,0.368589+0.024871j,-0.704018+0.329701j,4.364788
0.800000-0.000000j,0.368589+0.024871j,-0.704018+0.329701j,4.364788
0.800000-0.000000j,0.368589+0.024871j,-0.704018+0.329701j,4.364788
0.800000-0.000000j,0.368589+0.024871j,-0.704018+0.329701j,4.364788
0.800000-0.000000j,0.368589+0.024871j,-0.704018+0.329701j,4.364788
0.800000-0.000000j,0.368589+0.024871j,-0.704018+0.329701j,4.364788
0.800000-0.000000j,0.368589+0.024871j,-0.704018+0.329701j,4.364788
0.800000-0.000000j,0.368589+0.024871j,-0.704018+0.329701j,4.364788
0.800000-0.000000j,0.368589+0.024871j,-0.704018+0.329701j,4.364788
0.800000-0.000000j,0.368589+0.024871j,-0.704018+0.329701j,4.364788
0.800000-0.000000j,0.368589+0.024871j,-0.704018+0.329701j,4.364788
0.800000-0.000000j,0.368589+0.024871j,-0.704018+0.329701j,4.364788
0.800000-0.000000j,0.368589+0.024871j,-0.704018+0.329701j,4.364788
0.800000-0.000000j,0.368589+0.024871j,-0.704018+0.329701j,4.364788
0.800000-0.000000j,0.368589+0.024871j,-0.704018+0.329701j,4.364788
0.800000-0.000000j,0.368589+0.024871j,-0.704018+0.329701j,4.364788
0.800000-0.000000j,0.368589+0.024871j,-0.704018+0.329701j,4.364788
0.800000-0.000000j,0.368589+0.024871j,-0.704018+0.329701j,4.364788
0.800000-0.000000j,0.368589+0.024871j,-0.704018+0.329701j,4.364788
0.800000-0.000000j,0.368589+0.024871j,-0.704018+0.329701j,4.364788
0.800000-0.000000j,0.368589+0.024871j,-0.704018+0.329701j,4.364788
0.800000-0.000000j,0.368589+0.024871j,-0.704018+0.329701j,4.364788
0.800000-0.000000j,0.368589+0.024871j,-0.704018+0.329701j,4.364788
0.800000-0.000000j,0.368589+0.024871j,-0.704018+0.329701j,4.364788
0.800000-0.000000j,0.368589+0.024871j,-0.704018+0.329701j,4.364788
0.800000-0.000000j,0.368589+0.024871j,-0.704018+0.329701j,4.364788
0.800000-0.000000j,0.368589+0.024871j,-0.704018+0.329701j,4.364788
0.800000-0.000000j,0.368589+0.024871j,-0.704018+0.329701j,4.364788
0.800000-0.000000j,0.368589+0.024871j,-0.704018+0.329701j,4.364788
0.800000-0.000000j,0.368589+0.024871j,-0.704018+0.329701j,4.364788
0.800000-0.000000j,0.368589+0.024871j,-0.704018+0.329701j,4.364788
0.800000-0.000000j,0.368589+0.024871j,-0.704018+0.329701j,4.364788
0.800000-0.000000j,0.368589+0.024871j,-0.704018+0.329701j,4.364788
0.800000-0.000000j,0.368589+0.024871j,-0.704018+0.329701j,4.364788
0.800000-0.000000j,0.368589+0.024871j,-0.704018+0.329701j,4.364788
0.800000-0.000000j,0.368589+0.024871j,-0.704018+0.329701j,4.364788
0.800000-0.000000j,0.368589+0.024871j,-0.704018+0.329701j,4.364788
0.800000-0.000000j,0.368589+0.024871j,-0.704018+0.329701j,4.364788
0.800000-0.000000j,0.368589+0.024871j,-0.704018+0.329701j,4.364788
0.800000-0.000000j,0.368589+0.024871j,-0.704018+0.329701j,4.364788
0.800000-0.000000j,0.368589+0.024871j,-0.704018+0.329701j,4.364788
0.800000-0.000000j,0.368589+0.024871j,-0.704018+0.329701j,4.364788
0.800000-0.000000j,0.368589+0.024871j,-0.704018+0.329701j,4.364788
0.800000-0.000000j,0.368589+0.024871j,-0.704018+0.329701j,4.364788
0.800000-0.000000j,0.368589+0.024871j,-0.704018+0.329701j,4.364788
0.800000-0.000000j,0.368589+0.024871j,-0.704018+0.329701j,4.364788
0.800000-0.000000j,0.368589+0.024871j,-0.704018+0.329701j,4.364788
0.800000-0.000000j,0.368589+0.024871j,-0.704018+0.329701j,4.364788
0.800000-0.000000j,0.368589+0.024871j,-0.704018+0.329701j,4.364788
0.800000-0.000000j,0.368589+0.024871j,-0.704018+0.329701j,4.364788
0.800000-0.000000j,0.368589+0.024871j,-0.704018+0.329701j,4.364788
0.800000-0.000000j,0.368589+0.024871j,-0.704018+0.329701j,4.364788
0.800000-0.000000j,0.368589+0.024871j,-0.704018+0.329701j,4.364788
0.800000-0.000000j,0.368589+0.024871j,-0.704018+0.329701j,4.364788
0.800000-0.000000j,0.368589+0.024871j,-0.704018+0.329701j,4.364788
0.800000-0.000000j,0.368589+0.024871j,-0.704018+0.329701j,4.364788
0.800000-0.000000j,0.368589+0.024871j,-0.704018+0.329701j,4.364788
0.800000-0.000000j,0.368589+0.024871j,-0.704018+0.329701j,4.364788
0.800000-0.000000j,0.368589+0.024871j,-0.704018+0.329701j,4.364788
0.800000-0.000000j,0.368589+0.024871j,-0.704018+0.329701j,4.364788
0.800000-0.000000j,0.368589+0.024871j,-0.704018+0.329701j,4.364788
0.800000-0.000000j,0.368589+0.024871j,-0.704018+0.329701j,4.364788
0.800000-0.000000j,0.368589+0.024871j,-0.704018+0.329701j,4.364788
0.800000-0.000000j,0.368589+0.024871j,-0.704018+0.329701j,4.364788
0.800000-0.000000j,0.368589+0.024871j,-0.704018+0.329701j,4.364788
0.800000-0.000000j,0.368589+0.024871j,-0.704018+0.329701j,4.364788
0.800000-0.000000j,0.368589+0.024871j,-0.704018+0.329701j,4.364788
0.800000-0.000000j,0.368589+0.024871j,-0.704018+0.329701j,4.364788
0.800000-0.000000j,0.368589+0.024871j,-0.704018+0.329701j,4.364788
0.800000-0.000000j,0.368589+0.024871j,-0.704018+0.329701j,4.364788
0.800000-0.000000j,0.368589+0.024871j,-0.704018+0.329701j,4.364788
0.800000-0.000000j,0.368589+0.024871j,-0.704018+0.329701j,4.364788
0.800000-0.000000j,0.368589+0.024871j,-0.704018+0.329701j,4.364788
0.800000-0.000000j,0.368589+0.024871j,-0.704018+0.329701j,4.364788
0.800000-0.000000j,0.368589+0.024871j,-0.704018+0.329701j,4.364788
0.800000-0.000000j,0.368589+0.024871j,-0.704018+0.329701j,4.364788
0.800000-0.000000j,0.368589+0.024871j,-0.704018+0.329701j,4.364788
0.800000-0.000000j,0.368589+0.024871j,-0.704018+0.329701j,4.364788
0.800000-0.000000j,0.368589+0.024871j,-0.704018+0.329701j,4.364788
0.800000-0.000000j,0.368589+0.024871j,-0.704018+0.329701j,4.364788
0.800000-0.000000j,0.368589+0.024871j,-0.704018+0.329701j,4.364788
0.800000-0.000000j,0.368589+0.024871j,-0.704018+0.329701j,4.364788
0.800000-0.000000j,0.368589+0.024871j,-0.704018+0.329701j,4.364788
0.800000-0.000000j,0.368589+0.024871j,-0.704018+0.329701j,4.364788
0.800000-0.000000j,0.368589+0.024871j,-0.704018+0.329701j,4.364788
0.800000-0.000000j,0.368589+0.024871j,-0.704018+0.329701j,4.364788
0.800000-0.000000j,0.368589+0.024871j,-0.704018+0.329701j,4.364788
0.800000-0.000000j,0.368589+0.024871j,-0.704018+0.329701j,4.364788
0.800000-0.000000j,0.368589+0.024871j,-0.704018+0.329701j,4.364788
0.800000-0.000000j,0.368589+0.024871j,-0.704018+0.329701j,4.364788
0.800000-0.000000j,0.368589+0.024871j,-0.704018+0.329701j,4.364788
0.800000-0.000000j,0.368589+0.024871j,-0.704018+0.329701j,4.364788
0.800000-0.000000j,0.368589+0.024871j,-0.704018+0.329701j,4.364788
0.800000-0.000000j,0.368589+0.024871j,-0.704018+0.329701j,4.364788
0.800000-0.000000j,0.368589+0.024871j,-0.704018+0.329701j,4.364788
0.800000-0.000000j,0.368589+0.024871j,-0.704018+0.329701j,4.364788
0.800000-0.000000j,0.368589+0.024871j,-0.704018+0.329701j,4.364788
0.800000-0.000000j,0.368589+0.024871j,-0.704018+0.329701j,4.364788
0.800000-0.000000j,0.368589+0.024871j,-0.704018+0.329701j,4.364788
0.800000-0.000000j,0.368589+0.024871j,-0.704018+0.329701j,4.364788
0.800000-0.000000j,0.368589+0.024871j,-0.704018+0.329701j,4.364788
0.800000-0.000000j,0.368589+0.024871j,-0.704018+0.329701j,4.364788
0.800000-0.000000j,0.368589+0.024871j,-0.704018+0.329701j,4.364788
0.800000-0.000000j,0.368589+0.024871j,-0.704018+0.329701j,4.364788
0.800000-0.000000j,0.368589+0.024871j,-0.704018+0.329701j,4.364788
0.800000-0.000000j,0.368589+0.024871j,-0.704018+0.329701j,4.364788
0.800000-0.000000j,0.368589+0.024871j,-0.704018+0.329701j,4.364788
0.800000-0.000000j,0.368589+0.024871j,-0.704018+0.329701j,4.364788
0.800000-0.000000j,0.368589+0.024871j,-0.704018+0.329701j,4.364788
0.800000-0.000000j,0.368589+0.024871j,-0.704018+0.329701j,4.364788
0.800000-0.000000j,0.368589+0.024871j,-0.704018+0.329701j,4.364788
0.800000-0.000000j,0.368589+0.024871j,-0.704018+0.329701j,4.364788
0.800000-0.000000j,0.368589+0.024871j,-0.704018+0.329701j,4.364788
0.800000-0.000000j,0.368589+0.024871j,-0.704018+0.329701j,4.364788
0.800000-0.000000j,0.368589+0.024871j,-0.704018+0.329701j,4.364788
0.800000-0.000000j,0.368589+0.024871j,-0.704018+0.329701j,4.364788
0.800000-0.000000j,0.368589+0.024871j,-0.704018+0.329701j,4.364788
0.800000-0.000000j,0.368589+0.024871j,-0.704018+0.329701j,4.364788
0.800000-0.000000j,0.368589+0.024871j,-0.704018+0.329701j,4.364788
0.800000-0.000000j,0.368589+0.024871j,-0.704018+0.329701j,4.364788
0.800000-0.000000j,0.368589+0.024871j,-0.704018+0.329701j,4.364788
0.800000-0.000000j,0.368589+0.024871j,-0.704018+0.329701j,4.364788
0.800000-0.000000j,0.368589+0.024871j,-0.704018+0.329701j,4.364788
0.800000-0.000000j,0.368589+0.024871j,-0.704018+0.329701j,4.364788
0.800000-0.000000j,0.368589+0.024871j,-0.704018+0.329701j,4.364788
0.800000-0.000000j,0.368589+0.024871j,-0.704018+0.329701j,4.364788
0.800000-0.000000j,0.368589+0.024871j,-0.704018+0.329701j,4.364788
0.800000-0.000000j,0.368589+0.024871j,-0.704018+0.329701j,4.364788
0.800000-0.000000j,0.368589+0.024871j,-0.704018+0.329701j,4.364788
0.800000-0.000000j,0.368589+0.024871j,-0.704018+0.329701j,4.364788
0.800000-0.000000j,0.368589+0.024871j,-0.704018+0.329701j,4.364788
0.800000-0.000000j,0.368589+0.024871j,-0.704018+0.329701j,4.364788
0.800000-0.000000j,0.368589+0.024871j,-0.704018+0.329701j,4.364788
0.800000-0.000000j,0.368589+0.024871j,-0.704018+0.329701j,4.364788
0.800000-0.000000j,0.368589+0.024871j,-0.704018+0.329701j,4.364788
0.800000-0.000000j,0.368589+0.024871j,-0.704018+0.329701j,4.364788
0.800000-0.000000j,0.368589+0.024871j,-0.704018+0.329701j,4.364788
0.800000-0.000000j,0.368589+0.024871j,-0.704018+0.329701j,4.364788
0.800000-0.000000j,0.368589+0.024871j,-0.704018+0.329701j,4.364788
0.800000-0.000000j,0.368589+0.024871j,-0.704018+0.329701j,4.364788
0.800000-0.000000j,0.368589+0.024871j,-0.704018+0.329701j,4.364788
0.800000-0.000000j,0.368589+0.024871j,-0.704018+0.329701j,4.364788
0.800000-0.000000j,0.368589+0.024871j,-0.704018+0.329701j,4.364788
0.800000-0.000000j,0.368589+0.024871j,-0.704018+0.329701j,4.364788
0.800000-0.000000j,0.368589+0.024871j,-0.704018+0.329701j,4.364788
0.800000-0.000000j,0.368589+0.024871j,-0.704018+0.329701j,4.364788
0.800000-0.000000j,0.368589+0.024871j,-0.704018+0.329701j,4.364788
0.800000-0.000000j,0.368589+0.024871j,-0.704018+0.329701j,4.364788
0.800000-0.000000j,0.368589+0.024871j,-0.704018+0.329701j,4.364788
0.800000-0.000000j,0.368589+0.024871j,-0.704018+0.329701j,4.364788
0.800000-0.000000j,0.368589+0.024871j,-0.704018+0.329701j,4.364788
0.800000-0.000000j,0.368589+0.024871j,-0.704018+0.329701j,4.364788
0.800000-0.000000j,0.368589+0.024871j,-0.704018+0.329701j,4.364788
0.800000-0.000000j,0.368589+0.024871j,-0.704018+0.329701j,4.364788
0.800000-0.000000j,0.368589+0.024871j,-0.704018+0.329701j,4.364788
0.800000-0.000000j,0.368589+0.024871j,-0.704018+0.329701j,4.364788
0.800000-0.000000j,0.368589+0.024871j,-0.704018+0.329701j,4.364788
0.800000-0.000000j,0.368589+0.024871j,-0.704018+0.329701j,4.364788
0.800000-0.000000j,0.368589+0.024871j,-0.704018+0.329701j,4.364788
0.800000-0.000000j,0.368589+0.024871j,-0.704018+0.329701j,4.364788
0.800000-0.000000j,0.368589+0.024871j,-0.704018+0.329701j,4.364788
0.800000-0.000000j,0.368589+0.024871j,-0.704018+0.329701j,4.364788
0.800000-0.000000j,0.368589+0.024871j,-0.704018+0.329701j,4.364788
0.800000-0.000000j,0.368589+0.024871j,-0.704018+0.329701j,4.364788
0.800000-0.000000j,0.368589+0.024871j,-0.704018+0.329701j,4.364788
0.800000-0.000000j,0.368589+0.024871j,-0.704018+0.329701j,4.364788
0.800000-0.000000j,0.368589+0.024871j,-0.704018+0.329701j,4.364788
0.800000-0.000000j,0.368589+0.024871j,-0.704018+0.329701j,4.364788
0.800000-0.000000j,0.368589+0.024871j,-0.704018+0.329701j,4.364788
0.800000-0.000000j,0.368589+0.024871j,-0.704018+0.329701j,4.364788
0.800000-0.000000j,0.368589+0.024871j,-0.704018+0.329701j,4.364788
0.800000-0.000000j,0.368589+0.024871j,-0.704018+0.329701j,4.364788
0.800000-0.000000j,0.368589+0.024871j,-0.704018+0.329701j,4.364788
0.800000-0.000000j,0.368589+0.024871j,-0.704018+0.329701j,4.364788
0.800000-0.000000j,0.368589+0.024871j,-0.704018+0.329701j,4.364788
0.800000-0.000000j,0.368589+0.024871j,-0.704018+0.329701j,4.364788
0.800000-0.000000j,0.368589+0.024871j,-0.704018+0.329701j,4.364788
0.800000-0.000000j,0.368589+0.024871j,-0.704018+0.329701j,4.364788
0.800000-0.000000j,0.368589+0.024871j,-0.704018+0.329701j,4.364788
0.800000-0.000000j,0.368589+0.024871j,-0.704018+0.329701j,4.364788
0.800000-0.000000j,0.368589+0.024871j,-0.704018+0.329701j,4.364788
0.800000-0.000000j,0.368589+0.024871j,-0.704018+0.329701j,4.364788
0.800000-0.000000j,0.368589+0.024871j,-0.704018+0.329701j,4.364788
0.800000-0.000000j,0.368589+0.024871j,-0.704018+0.329701j,4.364788
0.800000-0.000000j,0.368589+0.024871j,-0.704018+0.329701j,4.364788
0.800000-0.000000j,0.368589+0.024871j,-0.704018+0.329701j,4.364788
0.800000-0.000000j,0.368589+0.024871j,-0.704018+0.329701j,4.364788
0.800000-0.000000j,0.368589+0.024871j,-0.704018+0.329701j,4.364788
0.800000-0.000000j,0.368589+0.024871j,-0.704018+0.329701j,4.364788
0.800000-0.000000j,0.368589+0.024871j,-0.704018+0.329701j,4.364788
0.800000-0.000000j,0.368589+0.024871j,-0.704018+0.329701j,4.364788
0.800000-0.000000j,0.368589+0.024871j,-0.704018+0.329701j,4.364788
0.800000-0.000000j,0.368589+0.024871j,-0.704018+0.329701j,4.364788
0.800000-0.000000j,0.368589+0.024871j,-0.704018+0.329701j,4.364788
0.800000-0.000000j,0.368589+0.024871j,-0.704018+0.329701j,4.364788
0.800000-0.000000j,0.368589+0.024871j,-0.704018+0.329701j,4.364788
0.800000-0.000000j,0.368589+0.024871j,-0.704018+0.329701j,4.364788
0.800000-0.000000j,0.368589+0.024871j,-0.704018+0.329701j,4.364788
0.800000-0.000000j,0.368589+0.024871j,-0.704018+0.329701j,4.364788
0.800000-0.000000j,0.368589+0.024871j,-0.704018+0.329701j,4.364788
0.800000-0.000000j,0.368589+0.024871j,-0.704018+0.329701j,4.364788
0.800000-0.000000j,0.368589+0.024871j,-0.704018+0.329701j,4.364788
0.800000-0.000000j,0.368589+0.024871j,-0.704018+0.329701j,4.364788
0.800000-0.000000j,0.368589+0.024871j,-0.704018+0.329701j,4.364788
0.800000-0.000000j,0.368589+0.024871j,-0.704018+0.329701j,4.364788
0.800000-0.000000j,0.368589+0.024871j,-0.704018+0.329701j,4.364788
0.800000-0.000000j,0.368589+0.024871j,-0.704018+0.329701j,4.364788
0.800000-0.000000j,0.368589+0.024871j,-0.704018+0.329701j,4.364788
0.800000-0.000000j,0.368589+0.024871j,-0.704018+0.329701j,4.364788
0.800000-0.000000j,0.368589+0.024871j,-0.704018+0.329701j,4.364788
0.800000-0.000000j,0.368589+0.024871j,-0.704018+0.329701j,4.364788
0.800000-0.000000j,0.368589+0.024871j,-0.704018+0.329701j,4.364788
0.800000-0.000000j,0.368589+0.024871j,-0.704018+0.329701j,4.364788
0.800000-0.000000j,0.368589+0.024871j,-0.704018+0.329701j,4.364788
0.800000-0.000000j,0.368589+0.024871j,-0.704018+0.329701j,4.364788
0.800000-0.000000j,0.368589+0.024871j,-0.704018+0.329701j,4.364788
0.800000-0.000000j,0.368589+0.024871j,-0.704018+0.329701j,4.364788
0.800000-0.000000j,0.368589+0.024871j,-0.704018+0.329701j,4.364788
0.800000-0.000000j,0.368589+0.024871j,-0.704018+0.329701j,4.364788
0.800000-0.000000j,0.368589+0.024871j,-0.704018+0.329701j,4.364788
0.800000-0.000000j,0.368589+0.024871j,-0.704018+0.329701j,4.364788
0.800000-0.000000j,0.368589+0.024871j,-0.704018+0.329701j,4.364788
0.800000-0.000000j,0.368589+0.024871j,-0.704018+0.329701j,4.364788
0.800000-0.000000j,0.368589+0.024871j,-0.704018+0.329701j,4.364788
0.800000-0.000000j,0.368589+0.024871j,-0.704018+0.329701j,4.364788
0.800000-0.000000j,0.368589+0.024871j,-0.704018+0.329701j,4.364788
0.800000-0.000000j,0.368589+0.024871j,-0.704018+0.329701j,4.364788
0.800000-0.000000j,0.368589+0.024871j,-0.704018+0.329701j,4.364788
0.800000-0.000000j,0.368589+0.024871j,-0.704018+0.329701j,4.364788
0.800000-0.000000j,0.368589+0.024871j,-0.704018+0.329701j,4.364788
0.800000-0.000000j,0.368589+0.024871j,-0.704018+0.329701j,4.364788
0.800000-0.000000j,0.368589+0.024871j,-0.704018+0.329701j,4.364788
0.800000-0.000000j,0.368589+0.024871j,-0.704018+0.329701j,4.364788
0.800000-0.000000j,0.368589+0.024871j,-0.704018+0.329701j,4.364788
0.800000-0.000000j,0.368589+0.024871j,-0.704018+0.329701j,4.364788
0.800000-0.000000j,0.368589+0.024871j,-0.704018+0.329701j,4.364788
0.800000-0.000000j,0.368589+0.024871j,-0.704018+0.329701j,4.364788
0.800000-0.000000j,0.368589+0.024871j,-0.704018+0.329701j,4.364788
0.800000-0.000000j,0.368589+0.024871j,-0.704018+0.329701j,4.364788
0.800000-0.000000j,0.368589+0.024871j,-0.704018+0.329701j,4.364788
0.800000-0.000000j,0.368589+0.024871j,-0.704018+0.329701j,4.364788
0.800000-0.000000j,0.368589+0.024871j,-0.704018+0.329701j,4.364788
0.800000-0.000000j,0.368589+0.024871j,-0.704018+0.329701j,4.364788
0.800000-0.000000j,0.368589+0.024871j,-0.704018+0.329701j,4.364788
0.800000-0.000000j,0.368589+0.024871j,-0.704018+0.329701j,4.364788
0.800000-0.000000j,0.368589+0.024871j,-0.704018+0.329701j,4.364788
0.800000-0.000000j,0.368589+0.024871j,-0.704018+0.329701j,4.364788
0.800000-0.000000j,0.368589+0.024871j,-0.704018+0.329701j,4.364788
0.800000-0.000000j,0.368589+0.024871j,-0.704018+0.329701j,4.364788
0.800000-0.000000j,0.368589+0.024871j,-0.704018+0.329701j,4.364788
0.800000-0.000000j,0.368589+0.024871j,-0.704018+0.329701j,4.364788
0.800000-0.000000j,0.368589+0.024871j,-0.704018+0.329701j,4.364788
0.800000-0.000000j,0.368589+0.024871j,-0.704018+0.329701j,4.364788
0.800000-0.000000j,0.368589+0.024871j,-0.704018+0.329701j,4.364788
0.800000-0.000000j,0.368589+0.024871j,-0.704018+0.329701j,4.364788
0.800000-0.000000j,0.368589+0.024871j,-0.704018+0.329701j,4.364788
0.800000-0.000000j,0.368589+0.024871j,-0.704018+0.329701j,4.364788
0.800000-0.000000j,0.368589+0.024871j,-0.704018+0.329701j,4.364788
0.800000-0.000000j,0.368589+0.024871j,-0.704018+0.329701j,4.364788
0.800000-0.000000j,0.368589+0.024871j,-0.704018+0.329701j,4.364788
0.800000-0.000000j,0.368589+0.024871j,-0.704018+0.329701j,4.364788
0.800000-0.000000j,0.368589+0.024871j,-0.704018+0.329701j,4.364788
0.800000-0.000000j,0.368589+0.024871j,-0.704018+0.329701j,4.364788
0.800000-0.000000j,0.368589+0.024871j,-0.704018+0.329701j,4.364788
0.800000-0.000000j,0.368589+0.024871j,-0.704018+0.329701j,4.364788
0.800000-0.000000j,0.368589+0.024871j,-0.704018+0.329701j,4.364788
0.800000-0.000000j,0.368589+0.024871j,-0.704018+0.329701j,4.364788
0.800000-0.000000j,0.368589+0.024871j,-0.704018+0.329701j,4.364788
0.800000-0.000000j,0.368589+0.024871j,-0.704018+0.329701j,4.364788
0.800000-0.000000j,0.368589+0.024871j,-0.704018+0.329701j,4.364788
0.800000-0.000000j,0.368589+0.024871j,-0.704018+0.329701j,4.364788
0.800000-0.000000j,0.368589+0.024871j,-0.704018+0.329701j,4.364788
0.800000-0.000000j,0.368589+0.024871j,-0.704018+0.329701j,4.364788
0.800000-0.000000j,0.368589+0.024871j,-0.704018+0.329701j,4.364788
0.800000-0.000000j,0.368589+0.024871j,-0.704018+0.329701j,4.364788
0.800000-0.000000j,0.368589+0.024871j,-0.704018+0.329701j,4.364788
0.800000-0.000000j,0.368589+0.024871j,-0.704018+0.329701j,4.364788
0.800000-0.000000j,0.368589+0.024871j,-0.704018+0.329701j,4.364788
0.800000-0.000000j,0.368589+0.024871j,-0.704018+0.329701j,4.364788
0.800000-0.000000j,0.368589+0.024871j,-0.704018+0.329701j,4.364788
0.800000-0.000000j,0.368589+0.024871j,-0.704018+0.329701j,4.364788
0.800000-0.000000j,0.368589+0.024871j,-0.704018+0.329701j,4.364788
0.800000-0.000000j,0.368589+0.024871j,-0.704018+0.329701j,4.364788
0.800000-0.000000j,0.368589+0.024871j,-0.704018+0.329701j,4.364788
0.800000-0.000000j,0.368589+0.024871j,-0.704018+0.329701j,4.364788
0.800000-0.000000j,0.368589+0.024871j,-0.704018+0.329701j,4.364788
0.800000-0.000000j,0.368589+0.024871j,-0.704018+0.329701j,4.364788
0.800000-0.000000j,0.368589+0.024871j,-0.704018+0.329701j,4.364788
0.800000-0.000000j,0.368589+0.024871j,-0.704018+0.329701j,4.364788
0.800000-0.000000j,0.368589+0.024871j,-0.704018+0.329701j,4.364788
0.800000-0.000000j,0.368589+0.024871j,-0.704018+0.329701j,4.364788
0.800000-0.000000j,0.368589+0.024871j,-0.704018+0.329701j,4.364788
0.800000-0.000000j,0.368589+0.024871j,-0.704018+0.329701j,4.364788
0.800000-0.000000j,0.368589+0.024871j,-0.704018+0.329701j,4.364788
0.800000-0.000000j,0.368589+0.024871j,-0.704018+0.329701j,4.364788
0.800000-0.000000j,0.368589+0.024871j,-0.704018+0.329701j,4.364788
0.800000-0.000000j,0.368589+0.024871j,-0.704018+0.329701j,4.364788
0.800000-0.000000j,0.368589+0.024871j,-0.704018+0.329701j,4.364788
0.800000-0.000000j,0.368589+0.024871j,-0.704018+0.329701j,4.364788
0.800000-0.000000j,0.368589+0.024871j,-0.704018+0.329701j,4.364788
0.800000-0.000000j,0.368589+0.024871j,-0.704018+0.329701j,4.364788
0.800000-0.000000j,0.368589+0.024871j,-0.704018+0.329701j,4.364788
0.800000-0.000000j,0.368589+0.024871j,-0.704018+0.329701j,4.364788
0.800000-0.000000j,0.368589+0.024871j,-0.704018+0.329701j,4.364788
0.800000-0.000000j,0.368589+0.024871j,-0.704018+0.329701j,4.364788
0.800000-0.000000j,0.368589+0.024871j,-0.704018+0.329701j,4.364788
0.800000-0.000000j,0.368589+0.024871j,-0.704018+0.329701j,4.364788
0.800000-0.000000j,0.368589+0.024871j,-0.704018+0.329701j,4.364788
0.800000-0.000000j,0.368589+0.024871j,-0.704018+0.329701j,4.364788
0.800000-0.000000j,0.368589+0.024871j,-0.704018+0.329701j,4.364788
0.800000-0.000000j,0.368589+0.024871j,-0.704018+0.329701j,4.364788
0.800000-0.000000j,0.368589+0.024871j,-0.704018+0.329701j,4.364788
0.800000-0.000000j,0.368589+0.024871j,-0.704018+0.329701j,4.364788
0.800000-0.000000j,0.368589+0.024871j,-0.704018+0.329701j,4.364788
0.800000-0.000000j,0.368589+0.024871j,-0.704018+0.329701j,4.364788
0.800000-0.000000j,0.368589+0.024871j,-0.704018+0.329701j,4.364788
0.800000-0.000000j,0.368589+0.024871j,-0.704018+0.329701j,4.364788
0.800000-0.000000j,0.368589+0.024871j,-0.704018+0.329701j,4.364788
0.800000-0.000000j,0.368589+0.024871j,-0.704018+0.329701j,4.364788
0.800000-0.000000j,0.368589+0.024871j,-0.704018+0.329701j,4.364788
0.800000-0.000000j,0.368589+0.024871j,-0.704018+0.329701j,4.364788
0.800000-0.000000j,0.368589+0.024871j,-0.704018+0.329701j,4.364788
0.800000-0.000000j,0.368589+0.024871j,-0.704018+0.329701j,4.364788
0.800000-0.000000j,0.368589+0.024871j,-0.704018+0.329701j,4.364788
0.800000-0.000000j,0.368589+0.024871j,-0.704018+0.329701j,4.364788
0.800000-0.000000j,0.368589+0.024871j,-0.704018+0.329701j,4.364788
0.800000-0.000000j,0.368589+0.024871j,-0.704018+0.329701j,4.364788
0.800000-0.000000j,0.368589+0.024871j,-0.704018+0.329701j,4.364788
0.800000-0.000000j,0.368589+0.024871j,-0.704018+0.329701j,4.364788
0.800000-0.000000j,0.368589+0.024871j,-0.704018+0.329701j,4.364788
0.800000-0.000000j,0.368589+0.024871j,-0.704018+0.329701j,4.364788
0.800000-0.000000j,0.368589+0.024871j,-0.704018+0.329701j,4.364788
0.800000-0.000000j,0.368589+0.024871j,-0.704018+0.329701j,4.364788
0.800000-0.000000j,0.368589+0.024871j,-0.704018+0.329701j,4.364788
0.800000-0.000000j,0.368589+0.024871j,-0.704018+0.329701j,4.364788
0.800000-0.000000j,0.368589+0.024871j,-0.704018+0.329701j,4.364788
0.800000-0.000000j,0.368589+0.024871j,-0.704018+0.329701j,4.364788
0.800000-0.000000j,0.368589+0.024871j,-0.704018+0.329701j,4.364788
0.800000-0.000000j,0.368589+0.024871j,-0.704018+0.329701j,4.364788
0.800000-0.000000j,0.368589+0.024871j,-0.704018+0.329701j,4.364788
0.800000-0.000000j,0.368589+0.024871j,-0.704018+0.329701j,4.364788
0.800000-0.000000j,0.368589+0.024871j,-0.704018+0.329701j,4.364788
0.800000-0.000000j,0.368589+0.024871j,-0.704018+0.329701j,4.364788
0.800000-0.000000j,0.368589+0.024871j,-0.704018+0.329701j,4.364788
0.800000-0.000000j,0.368589+0.024871j,-0.704018+0.329701j,4.364788
0.800000-0.000000j,0.368589+0.024871j,-0.704018+0.329701j,4.364788
0.800000-0.000000j,0.368589+0.024871j,-0.704018+0.329701j,4.364788
0.800000-0.000000j,0.368589+0.024871j,-0.704018+0.329701j,4.364788
0.800000-0.000000j,0.368589+0.024871j,-0.704018+0.329701j,4.364788
0.800000-0.000000j,0.368589+0.024871j,-0.704018+0.329701j,4.364788
0.800000-0.000000j,0.368589+0.024871j,-0.704018+0.329701j,4.364788
0.800000-0.000000j,0.368589+0.024871j,-0.704018+0.329701j,4.364788
0.800000-0.000000j,0.368589+0.024871j,-0.704018+0.329701j,4.364788
0.800000-0.000000j,0.368589+0.024871j,-0.704018+0.329701j,4.364788
0.800000-0.000000j,0.368589+0.024871j,-0.704018+0.329701j,4.364788
0.800000-0.000000j,0.368589+0.024871j,-0.704018+0.329701j,4.364788
0.800000-0.000000j,0.368589+0.024871j,-0.704018+0.329701j,4.364788
0.800000-0.000000j,0.368589+0.024871j,-0.704018+0.329701j,4.364788
0.800000-0.000000j,0.368589+0.024871j,-0.704018+0.329701j,4.364788
0.800000-0.000000j,0.368589+0.024871j,-0.704018+0.329701j,4.364788
0.800000-0.000000j,0.368589+0.024871j,-0.704018+0.329701j,4.364788
0.800000-0.000000j,0.368589+0.024871j,-0.704018+0.329701j,4.364788
0.800000-0.000000j,0.368589+0.024871j,-0.704018+0.329701j,4.364788
0.800000-0.000000j,0.368589+0.024871j,-0.704018+0.329701j,4.364788
0.800000-0.000000j,0.368589+0.024871j,-0.704018+0.329701j,4.364788
0.800000-0.000000j,0.368589+0.024871j,-0.704018+0.329701j,4.364788
0.800000-0.000000j,0.368589+0.024871j,-0.704018+0.329701j,4.364788
0.800000-0.000000j,0.368589+0.024871j,-0.704018+0.329701j,4.364788
0.800000-0.000000j,0.368589+0.024871j,-0.704018+0.329701j,4.364788
0.800000-0.000000j,0.368589+0.024871j,-0.704018+0.329701j,4.364788
0.800000-0.000000j,0.368589+0.024871j,-0.704018+0.329701j,4.364788
0.800000-0.000000j,0.368589+0.024871j,-0.704018+0.329701j,4.364788
0.800000-0.000000j,0.368589+0.024871j,-0.704018+0.329701j,4.364788
0.800000-0.000000j,0.368589+0.024871j,-0.704018+0.329701j,4.364788
0.800000-0.000000j,0.368589+0.024871j,-0.704018+0.329701j,4.364788
0.800000-0.000000j,0.368589+0.024871j,-0.704018+0.329701j,4.364788
0.800000-0.000000j,0.368589+0.024871j,-0.704018+0.329701j,4.364788
0.800000-0.000000j,0.368589+0.024871j,-0.704018+0.329701j,4.364788
0.800000-0.000000j,0.368589+0.024871j,-0.704018+0.329701j,4.364788
0.800000-0.000000j,0.368589+0.024871j,-0.704018+0.329701j,4.364788
0.800000-0.000000j,0.368589+0.024871j,-0.704018+0.329701j,4.364788
0.800000-0.000000j,0.368589+0.024871j,-0.704018+0.329701j,4.364788
0.800000-0.000000j,0.368589+0.024871j,-0.704018+0.329701j,4.364788
0.800000-0.000000j,0.368589+0.024871j,-0.704018+0.329701j,4.364788
0.800000-0.000000j,0.368589+0.024871j,-0.704018+0.329701j,4.364788
0.800000-0.000000j,0.368589+0.024871j,-0.704018+0.329701j,4.364788
0.800000-0.000000j,0.368589+0.024871j,-0.704018+0.329701j,4.364788
0.800000-0.000000j,0.368589+0.024871j,-0.704018+0.329701j,4.364788
0.800000-0.000000j,0.368589+0.024871j,-0.704018+0.329701j,4.364788
0.800000-0.000000j,0.368589+0.024871j,-0.704018+0.329701j,4.364788
0.800000-0.000000j,0.368589+0.024871j,-0.704018+0.329701j,4.364788
0.800000-0.000000j,0.368589+0.024871j,-0.704018+0.329701j,4.364788
0.800000-0.000000j,0.368589+0.024871j,-0.704018+0.329701j,4.364788
0.800000-0.000000j,0.368589+0.024871j,-0.704018+0.329701j,4.364788
0.800000-0.000000j,0.368589+0.024871j,-0.704018+0.329701j,4.364788
0.800000-0.000000j,0.368589+0.024871j,-0.704018+0.329701j,4.364788
0.800000-0.000000j,0.368589+0.024871j,-0.704018+0.329701j,4.364788
0.800000-0.000000j,0.368589+0.024871j,-0.704018+0.329701j,4.364788
0.800000-0.000000j,0.368589+0.024871j,-0.704018+0.329701j,4.364788
0.800000-0.000000j,0.368589+0.024871j,-0.704018+0.329701j,4.364788
0.800000-0.000000j,0.368589+0.024871j,-0.704018+0.329701j,4.364788
0.800000-0.000000j,0.368589+0.024871j,-0.704018+0.329701j,4.364788
0.800000-0.000000j,0.368589+0.024871j,-0.704018+0.329701j,4.364788
0.800000-0.000000j,0.368589+0.024871j,-0.704018+0.329701j,4.364788
0.800000-0.000000j,0.368589+0.024871j,-0.704018+0.329701j,4.364788
0.800000-0.000000j,0.368589+0.024871j,-0.704018+0.329701j,4.364788
0.800000-0.000000j,0.368589+0.024871j,-0.704018+0.329701j,4.364788
0.800000-0.000000j,0.368589+0.024871j,-0.704018+0.329701j,4.364788
0.800000-0.000000j,0.368589+0.024871j,-0.704018+0.329701j,4.364788
0.800000-0.000000j,0.368589+0.024871j,-0.704018+0.329701j,4.364788
0.800000-0.000000j,0.368589+0.024871j,-0.704018+0.329701j,4.364788
0.800000-0.000000j,0.368589+0.024871j,-0.704018+0.329701j,4.364788
0.800000-0.000000j,0.368589+0.024871j,-0.704018+0.329701j,4.364788
0.800000-0.000000j,0.368589+0.024871j,-0.704018+0.329701j,4.364788
0.800000-0.000000j,0.368589+0.024871j,-0.704018+0.329701j,4.364788
0.800000-0.000000j,0.368589+0.024871j,-0.704018+0.329701j,4.364788
0.800000-0.000000j,0.368589+0.024871j,-0.704018+0.329701j,4.364788
0.800000-0.000000j,0.368589+0.024871j,-0.704018+0.329701j,4.364788
0.800000-0.000000j,0.368589+0.024871j,-0.704018+0.329701j,4.364788
0.800000-0.000000j,0.368589+0.024871j,-0.704018+0.329701j,4.364788
0.800000-0.000000j,0.368589+0.024871j,-0.704018+0.329701j,4.364788
0.800000-0.000000j,0.368589+0.024871j,-0.704018+0.329701j,4.364788
0.800000-0.000000j,0.368589+0.024871j,-0.704018+0.329701j,4.364788
0.800000-0.000000j,0.368589+0.024871j,-0.704018+0.329701j,4.364788
0.800000-0.000000j,0.368589+0.024871j,-0.704018+0.329701j,4.364788
0.800000-0.000000j,0.368589+0.024871j,-0.704018+0.329701j,4.364788
0.800000-0.000000j,0.368589+0.024871j,-0.704018+0.329701j,4.364788
0.800000-0.000000j,0.368589+0.024871j,-0.704018+0.329701j,4.364788
0.800000-0.000000j,0.368589+0.024871j,-0.704018+0.329701j,4.364788
0.800000-0.000000j,0.368589+0.024871j,-0.704018+0.329701j,4.364788
0.800000-0.000000j,0.368589+0.024871j,-0.704018+0.329701j,4.364788
0.800000-0.000000j,0.368589+0.024871j,-0.704018+0.329701j,4.364788
0.800000-0.000000j,0.368589+0.024871j,-0.704018+0.329701j,4.364788
0.800000-0.000000j,0.368589+0.024871j,-0.704018+0.329701j,4.364788
0.800000-0.000000j,0.368589+0.024871j,-0.704018+0.329701j,4.364788
0.800000-0.000000j,0.368589+0.024871j,-0.704018+0.329701j,4.364788
0.800000-0.000000j,0.368589+0.024871j,-0.704018+0.329701j,4.364788
0.800000-0.000000j,0.368589+0.024871j,-0.704018+0.329701j,4.364788
0.800000-0.000000j,0.368589+0.024871j,-0.704018+0.329701j,4.364788
0.800000-0.000000j,0.368589+0.024871j,-0.704018+0.329701j,4.364788
0.800000-0.000000j,0.368589+0.024871j,-0.704018+0.329701j,4.364788
0.800000-0.000000j,0.368589+0.024871j,-0.704018+0.329701j,4.364788
0.800000-0.000000j,0.368589+0.024871j,-0.704018+0.329701j,4.364788
0.800000-0.000000j,0.368589+0.024871j,-0.704018+0.329701j,4.364788
0.800000-0.000000j,0.368589+0.024871j,-0.704018+0.329701j,4.364788
0.800000-0.000000j,0.368589+0.024871j,-0.704018+0.329701j,4.364788
0.800000-0.000000j,0.368589+0.024871j,-0.704018+0.329701j,4.364788
0.800000-0.000000j,0.368589+0.024871j,-0.704018+0.329701j,4.364788
0.800000-0.000000j,0.368589+0.024871j,-0.704018+0.329701j,4.364788
0.800000-0.000000j,0.368589+0.024871j,-0.704018+0.329701j,4.364788
0.800000-0.000000j,0.368589+0.024871j,-0.704018+0.329701j,4.364788
0.800000-0.000000j,0.368589+0.024871j,-0.704018+0.329701j,4.364788
0.800000-0.000000j,0.368589+0.024871j,-0.704018+0.329701j,4.364788
0.800000-0.000000j,0.368589+0.024871j,-0.704018+0.329701j,4.364788
0.800000-0.000000j,0.368589+0.024871j,-0.704018+0.329701j,4.364788
0.800000-0.000000j,0.368589+0.024871j,-0.704018+0.329701j,4.364788
0.800000-0.000000j,0.368589+0.024871j,-0.704018+0.329701j,4.364788
0.800000-0.000000j,0.368589+0.024871j,-0.704018+0.329701j,4.364788
0.800000-0.000000j,0.368589+0.024871j,-0.704018+0.329701j,4.364788
0.800000-0.000000j,0.368589+0.024871j,-0.704018+0.329701j,4.364788
0.800000-0.000000j,0.368589+0.024871j,-0.704018+0.329701j,4.364788
0.800000-0.000000j,0.368589+0.024871j,-0.704018+0.329701j,4.364788
0.800000-0.000000j,0.368589+0.024871j,-0.704018+0.329701j,4.364788
0.800000-0.000000j,0.368589+0.024871j,-0.704018+0.329701j,4.364788
0.800000-0.000000j,0.368589+0.024871j,-0.704018+0.329701j,4.364788
0.800000-0.000000j,0.368589+0.024871j,-0.704018+0.329701j,4.364788
0.800000-0.000000j,0.368589+0.024871j,-0.704018+0.329701j,4.364788
0.800000-0.000000j,0.368589+0.024871j,-0.704018+0.329701j,4.364788
0.800000-0.000000j,0.368589+0.024871j,-0.704018+0.329701j,4.364788
0.800000-0.000000j,0.368589+0.024871j,-0.704018+0.329701j,4.364788
0.800000-0.000000j,0.368589+0.024871j,-0.704018+0.329701j,4.364788
0.800000-0.000000j,0.368589+0.024871j,-0.704018+0.329701j,4.364788
0.800000-0.000000j,0.368589+0.024871j,-0.704018+0.329701j,4.364788
0.800000-0.000000j,0.368589+0.024871j,-0.704018+0.329701j,4.364788
0.800000-0.000000j,0.368589+0.024871j,-0.704018+0.329701j,4.364788
0.800000-0.000000j,0.368589+0.024871j,-0.704018+0.329701j,4.364788
0.800000-0.000000j,0.368589+0.024871j,-0.704018+0.329701j,4.364788
0.800000-0.000000j,0.368589+0.024871j,-0.704018+0.329701j,4.364788
0.800000-0.000000j,0.368589+0.024871j,-0.704018+0.329701j,4.364788
0.800000-0.000000j,0.368589+0.024871j,-0.704018+0.329701j,4.364788
0.800000-0.000000j,0.368589+0.024871j,-0.704018+0.329701j,4.364788
0.800000-0.000000j,0.368589+0.024871j,-0.704018+0.329701j,4.364788
0.800000-0.000000j,0.368589+0.024871j,-0.704018+0.329701j,4.364788
0.800000-0.000000j,0.368589+0.024871j,-0.704018+0.329701j,4.364788
0.800000-0.000000j,0.368589+0.024871j,-0.704018+0.329701j,4.364788
0.800000-0.000000j,0.368589+0.024871j,-0.704018+0.329701j,4.364788
0.800000-0.000000j,0.368589+0.024871j,-0.704018+0.329701j,4.364788
0.800000-0.000000j,0.368589+0.024871j,-0.704018+0.329701j,4.364788
0.800000-0.000000j,0.368589+0.024871j,-0.704018+0.329701j,4.364788
0.800000-0.000000j,0.368589+0.024871j,-0.704018+0.329701j,4.364788
0.800000-0.000000j,0.368589+0.024871j,-0.704018+0.329701j,4.364788
0.800000-0.000000j,0.368589+0.024871j,-0.704018+0.329701j,4.364788
0.800000-0.000000j,0.368589+0.024871j,-0.704018+0.329701j,4.364788
0.800000-0.000000j,0.368589+0.024871j,-0.704018+0.329701j,4.364788
0.800000-0.000000j,0.368589+0.024871j,-0.704018+0.329701j,4.364788
0.800000-0.000000j,0.368589+0.024871j,-0.704018+0.329701j,4.364788
0.800000-0.000000j,0.368589+0.024871j,-0.704018+0.329701j,4.364788
0.800000-0.000000j,0.368589+0.024871j,-0.704018+0.329701j,4.364788
0.800000-0.000000j,0.368589+0.024871j,-0.704018+0.329701j,4.364788
0.800000-0.000000j,0.368589+0.024871j,-0.704018+0.329701j,4.364788
0.800000-0.000000j,0.368589+0.024871j,-0.704018+0.329701j,4.364788
0.800000-0.000000j,0.368589+0.024871j,-0.704018+0.329701j,4.364788
0.800000-0.000000j,0.368589+0.024871j,-0.704018+0.329701j,4.364788
0.800000-0.000000j,0.368589+0.024871j,-0.704018+0.329701j,4.364788
0.800000-0.000000j,0.368589+0.024871j,-0.704018+0.329701j,4.364788
0.800000-0.000000j,0.368589+0.024871j,-0.704018+0.329701j,4.364788
0.800000-0.000000j,0.368589+0.024871j,-0.704018+0.329701j,4.364788
0.800000-0.000000j,0.368589+0.024871j,-0.704018+0.329701j,4.364788
0.800000-0.000000j,0.368589+0.024871j,-0.704018+0.329701j,4.364788
0.800000-0.000000j,0.368589+0.024871j,-0.704018+0.329701j,4.364788
0.800000-0.000000j,0.368589+0.024871j,-0.704018+0.329701j,4.364788
0.800000-0.000000j,0.368589+0.024871j,-0.704018+0.329701j,4.364788
0.800000-0.000000j,0.368589+0.024871j,-0.704018+0.329701j,4.364788
0.800000-0.000000j,0.368589+0.024871j,-0.704018+0.329701j,4.364788
0.800000-0.000000j,0.368589+0.024871j,-0.704018+0.329701j,4.364788
0.800000-0.000000j,0.368589+0.024871j,-0.704018+0.329701j,4.364788
0.800000-0.000000j,0.368589+0.024871j,-0.704018+0.329701j,4.364788
0.800000-0.000000j,0.368589+0.024871j,-0.704018+0.329701j,4.364788
0.800000-0.000000j,0.368589+0.024871j,-0.704018+0.329701j,4.364788
0.800000-0.000000j,0.368589+0.024871j,-0.704018+0.329701j,4.364788
0.800000-0.000000j,0.368589+0.024871j,-0.704018+0.329701j,4.364788
0.800000-0.000000j,0.368589+0.024871j,-0.704018+0.329701j,4.364788
0.800000-0.000000j,0.368589+0.024871j,-0.704018+0.329701j,4.364788
0.800000-0.000000j,0.368589+0.024871j,-0.704018+0.329701j,4.364788
0.800000-0.000000j,0.368589+0.024871j,-0.704018+0.329701j,4.364788
0.800000-0.000000j,0.368589+0.024871j,-0.704018+0.329701j,4.364788
0.800000-0.000000j,0.368589+0.024871j,-0.704018+0.329701j,4.364788
0.800000-0.000000j,0.368589+0.024871j,-0.704018+0.329701j,4.364788
0.800000-0.000000j,0.368589+0.024871j,-0.704018+0.329701j,4.364788
0.800000-0.000000j,0.368589+0.024871j,-0.704018+0.329701j,4.364788
0.800000-0.000000j,0.368589+0.024871j,-0.704018+0.329701j,4.364788
0.800000-0.000000j,0.368589+0.024871j,-0.704018+0.329701j,4.364788
0.800000-0.000000j,0.368589+0.024871j,-0.704018+0.329701j,4.364788
0.800000-0.000000j,0.368589+0.024871j,-0.704018+0.329701j,4.364788
0.800000-0.000000j,0.368589+0.024871j,-0.704018+0.329701j,4.364788
0.800000-0.000000j,0.368589+0.024871j,-0.704018+0.329701j,4.364788
0.800000-0.000000j,0.368589+0.024871j,-0.704018+0.329701j,4.364788
0.800000-0.000000j,0.368589+0.024871j,-0.704018+0.329701j,4.364788
0.800000-0.000000j,0.368589+0.024871j,-0.704018+0.329701j,4.364788
0.800000-0.000000j,0.368589+0.024871j,-0.704018+0.329701j,4.364788
0.800000-0.000000j,0.368589+0.024871j,-0.704018+0.329701j,4.364788
0.800000-0.000000j,0.368589+0.024871j,-0.704018+0.329701j,4.364788
0.800000-0.000000j,0.368589+0.024871j,-0.704018+0.329701j,4.364788
0.800000-0.000000j,0.368589+0.024871j,-0.704018+0.329701j,4.364788
0.800000-0.000000j,0.368589+0.024871j,-0.704018+0.329701j,4.364788
0.800000-0.000000j,0.368589+0.024871j,-0.704018+0.329701j,4.364788
0.800000-0.000000j,0.368589+0.024871j,-0.704018+0.329701j,4.364788
0.800000-0.000000j,0.368589+0.024871j,-0.704018+0.329701j,4.364788
0.800000-0.000000j,0.368589+0.024871j,-0.704018+0.329701j,4.364788
0.800000-0.000000j,0.368589+0.024871j,-0.704018+0.329701j,4.364788
0.800000-0.000000j,0.368589+0.024871j,-0.704018+0.329701j,4.364788
0.800000-0.000000j,0.368589+0.024871j,-0.704018+0.329701j,4.364788
0.800000-0.000000j,0.368589+0.024871j,-0.704018+0.329701j,4.364788
0.800000-0.000000j,0.368589+0.024871j,-0.704018+0.329701j,4.364788
0.800000-0.000000j,0.368589+0.024871j,-0.704018+0.329701j,4.364788
0.800000-0.000000j,0.368589+0.024871j,-0.704018+0.329701j,4.364788
0.800000-0.000000j,0.368589+0.024871j,-0.704018+0.329701j,4.364788
0.800000-0.000000j,0.368589+0.024871j,-0.704018+0.329701j,4.364788
0.800000-0.000000j,0.368589+0.024871j,-0.704018+0.329701j,4.364788
0.800000-0.000000j,0.368589+0.024871j,-0.704018+0.329701j,4.364788
0.800000-0.000000j,0.368589+0.024871j,-0.704018+0.329701j,4.364788
0.800000-0.000000j,0.368589+0.024871j,-0.704018+0.329701j,4.364788
0.800000-0.000000j,0.368589+0.024871j,-0.704018+0.329701j,4.364788
0.800000-0.000000j,0.368589+0.024871j,-0.704018+0.329701j,4.364788
0.800000-0.000000j,0.368589+0.024871j,-0.704018+0.329701j,4.364788
0.800000-0.000000j,0.368589+0.024871j,-0.704018+0.329701j,4.364788
0.800000-0.000000j,0.368589+0.024871j,-0.704018+0.329701j,4.364788
0.800000-0.000000j,0.368589+0.024871j,-0.704018+0.329701j,4.364788
0.800000-0.000000j,0.368589+0.024871j,-0.704018+0.329701j,4.364788
0.800000-0.000000j,0.368589+0.024871j,-0.704018+0.329701j,4.364788
0.800000-0.000000j,0.368589+0.024871j,-0.704018+0.329701j,4.364788
0.800000-0.000000j,0.368589+0.024871j,-0.704018+0.329701j,4.364788
0.800000-0.000000j,0.368589+0.024871j,-0.704018+0.329701j,4.364788
0.800000-0.000000j,0.368589+0.024871j,-0.704018+0.329701j,4.364788
0.800000-0.000000j,0.368589+0.024871j,-0.704018+0.329701j,4.364788
0.800000-0.000000j,0.368589+0.024871j,-0.704018+0.329701j,4.364788
0.800000-0.000000j,0.368589+0.024871j,-0.704018+0.329701j,4.364788
0.800000-0.000000j,0.368589+0.024871j,-0.704018+0.329701j,4.364788
0.800000-0.000000j,0.368589+0.024871j,-0.704018+0.329701j,4.364788
0.800000-0.000000j,0.368589+0.024871j,-0.704018+0.329701j,4.364788
0.800000-0.000000j,0.368589+0.024871j,-0.704018+0.329701j,4.364788
0.800000-0.000000j,0.368589+0.024871j,-0.704018+0.329701j,4.364788
0.800000-0.000000j,0.368589+0.024871j,-0.704018+0.329701j,4.364788
0.800000-0.000000j,0.368589+0.024871j,-0.704018+0.329701j,4.364788
0.800000-0.000000j,0.368589+0.024871j,-0.704018+0.329701j,4.364788
0.800000-0.000000j,0.368589+0.024871j,-0.704018+0.329701j,4.364788
0.800000-0.000000j,0.368589+0.024871j,-0.704018+0.329701j,4.364788
0.800000-0.000000j,0.368589+0.024871j,-0.704018+0.329701j,4.364788
0.800000-0.000000j,0.368589+0.024871j,-0.704018+0.329701j,4.364788
0.800000-0.000000j,0.368589+0.024871j,-0.704018+0.329701j,4.364788
0.800000-0.000000j,0.368589+0.024871j,-0.704018+0.329701j,4.364788
0.800000-0.000000j,0.368589+0.024871j,-0.704018+0.329701j,4.364788
0.800000-0.000000j,0.368589+0.024871j,-0.704018+0.329701j,4.364788
0.800000-0.000000j,0.368589+0.024871j,-0.704018+0.329701j,4.364788
0.800000-0.000000j,0.368589+0.024871j,-0.704018+0.329701j,4.364788
0.800000-0.000000j,0.368589+0.024871j,-0.704018+0.329701j,4.364788
0.800000-0.000000j,0.368589+0.024871j,-0.704018+0.329701j,4.364788
0.800000-0.000000j,0.368589+0.024871j,-0.704018+0.329701j,4.364788
0.800000-0.000000j,0.368589+0.024871j,-0.704018+0.329701j,4.364788
0.800000-0.000000j,0.368589+0.024871j,-0.704018+0.329701j,4.364788
0.800000-0.000000j,0.368589+0.024871j,-0.704018+0.329701j,4.364788
0.800000-0.000000j,0.368589+0.024871j,-0.704018+0.329701j,4.364788
0.800000-0.000000j,0.368589+0.024871j,-0.704018+0.329701j,4.364788
0.800000-0.000000j,0.368589+0.024871j,-0.704018+0.329701j,4.364788
0.800000-0.000000j,0.368589+0.024871j,-0.704018+0.329701j,4.364788
0.800000-0.000000j,0.368589+0.024871j,-0.704018+0.329701j,4.364788
0.800000-0.000000j,0.368589+0.024871j,-0.704018+0.329701j,4.364788
0.800000-0.000000j,0.368589+0.024871j,-0.704018+0.329701j,4.364788
0.800000-0.000000j,0.368589+0.024871j,-0.704018+0.329701j,4.364788
0.800000-0.000000j,0.368589+0.024871j,-0.704018+0.329701j,4.364788
0.800000-0.000000j,0.368589+0.024871j,-0.704018+0.329701j,4.364788
0.800000-0.000000j,0.368589+0.024871j,-0.704018+0.329701j,4.364788
0.800000-0.000000j,0.368589+0.024871j,-0.704018+0.329701j,4.364788
0.800000-0.000000j,0.368589+0.024871j,-0.704018+0.329701j,4.364788
0.800000-0.000000j,0.368589+0.024871j,-0.704018+0.329701j,4.364788
0.800000-0.000000j,0.368589+0.024871j,-0.704018+0.329701j,4.364788
0.800000-0.000000j,0.368589+0.024871j,-0.704018+0.329701j,4.364788
0.800000-0.000000j,0.368589+0.024871j,-0.704018+0.329701j,4.364788
0.800000-0.000000j,0.368589+0.024871j,-0.704018+0.329701j,4.364788
0.800000-0.000000j,0.368589+0.024871j,-0.704018+0.329701j,4.364788
0.800000-0.000000j,0.368589+0.024871j,-0.704018+0.329701j,4.364788
0.800000-0.000000j,0.368589+0.024871j,-0.704018+0.329701j,4.364788
0.800000-0.000000j,0.368589+0.024871j,-0.704018+0.329701j,4.364788
0.800000-0.000000j,0.368589+0.024871j,-0.704018+0.329701j,4.364788
0.800000-0.000000j,0.368589+0.024871j,-0.704018+0.329701j,4.364788
0.800000-0.000000j,0.368589+0.024871j,-0.704018+0.329701j,4.364788
0.800000-0.000000j,0.368589+0.024871j,-0.704018+0.329701j,4.364788
0.800000-0.000000j,0.368589+0.024871j,-0.704018+0.329701j,4.364788
0.800000-0.000000j,0.368589+0.024871j,-0.704018+0.329701j,4.364788
0.800000-0.000000j,0.368589+0.024871j,-0.704018+0.329701j,4.364788
0.800000-0.000000j,0.368589+0.024871j,-0.704018+0.329701j,4.364788
0.800000-0.000000j,0.368589+0.024871j,-0.704018+0.329701j,4.364788
0.800000-0.000000j,0.368589+0.024871j,-0.704018+0.329701j,4.364788
0.800000-0.000000j,0.368589+0.024871j,-0.704018+0.329701j,4.364788
0.800000-0.000000j,0.368589+0.024871j,-0.704018+0.329701j,4.364788
0.800000-0.000000j,0.368589+0.024871j,-0.704018+0.329701j,4.364788
0.800000-0.000000j,0.368589+0.024871j,-0.704018+0.329701j,4.364788
0.800000-0.000000j,0.368589+0.024871j,-0.704018+0.329701j,4.364788
0.800000-0.000000j,0.368589+0.024871j,-0.704018+0.329701j,4.364788
0.800000-0.000000j,0.368589+0.024871j,-0.704018+0.329701j,4.364788
0.800000-0.000000j,0.368589+0.024871j,-0.704018+0.329701j,4.364788
0.800000-0.000000j,0.368589+0.024871j,-0.704018+0.329701j,4.364788
0.800000-0.000000j,0.368589+0.024871j,-0.704018+0.329701j,4.364788
0.800000-0.000000j,0.368589+0.024871j,-0.704018+0.329701j,4.364788
0.800000-0.000000j,0.368589+0.024871j,-0.704018+0.329701j,4.364788
0.800000-0.000000j,0.368589+0.024871j,-0.704018+0.329701j,4.364788
0.800000-0.000000j,0.368589+0.024871j,-0.704018+0.329701j,4.364788
0.800000-0.000000j,0.368589+0.024871j,-0.704018+0.329701j,4.364788
0.800000-0.000000j,0.368589+0.024871j,-0.704018+0.329701j,4.364788
0.800000-0.000000j,0.368589+0.024871j,-0.704018+0.329701j,4.364788
0.800000-0.000000j,0.368589+0.024871j,-0.704018+0.329701j,4.364788
0.800000-0.000000j,0.368589+0.024871j,-0.704018+0.329701j,4.364788
0.800000-0.000000j,0.368589+0.024871j,-0.704018+0.329701j,4.364788
0.800000-0.000000j,0.368589+0.024871j,-0.704018+0.329701j,4.364788
0.800000-0.000000j,0.368589+0.024871j,-0.704018+0.329701j,4.364788
0.800000-0.000000j,0.368589+0.024871j,-0.704018+0.329701j,4.364788
0.800000-0.000000j,0.368589+0.024871j,-0.704018+0.329701j,4.364788
0.800000-0.000000j,0.368589+0.024871j,-0.704018+0.329701j,4.364788
0.800000-0.000000j,0.368589+0.024871j,-0.704018+0.329701j,4.364788
0.800000-0.000000j,0.368589+0.024871j,-0.704018+0.329701j,4.364788
0.800000-0.000000j,0.368589+0.024871j,-0.704018+0.329701j,4.364788
0.800000-0.000000j,0.368589+0.024871j,-0.704018+0.329701j,4.364788
0.800000-0.000000j,0.368589+0.024871j,-0.704018+0.329701j,4.364788
0.800000-0.000000j,0.368589+0.024871j,-0.704018+0.329701j,4.364788
0.800000-0.000000j,0.368589+0.024871j,-0.704018+0.329701j,4.364788
0.800000-0.000000j,0.368589+0.024871j,-0.704018+0.329701j,4.364788
0.800000-0.000000j,0.368589+0.024871j,-0.704018+0.329701j,4.364788
0.800000-0.000000j,0.368589+0.024871j,-0.704018+0.329701j,4.364788
0.800000-0.000000j,0.368589+0.024871j,-0.704018+0.329701j,4.364788
0.800000-0.000000j,0.368589+0.024871j,-0.704018+0.329701j,4.364788
0.800000-0.000000j,0.368589+0.024871j,-0.704018+0.329701j,4.364788
0.800000-0.000000j,0.368589+0.024871j,-0.704018+0.329701j,4.364788
0.800000-0.000000j,0.368589+0.024871j,-0.704018+0.329701j,4.364788
0.800000-0.000000j,0.368589+0.024871j,-0.704018+0.329701j,4.364788
0.800000-0.000000j,0.368589+0.024871j,-0.704018+0.329701j,4.364788
0.800000-0.000000j,0.368589+0.024871j,-0.704018+0.329701j,4.364788
0.800000-0.000000j,0.368589+0.024871j,-0.704018+0.329701j,4.364788
0.800000-0.000000j,0.368589+0.024871j,-0.704018+0.329701j,4.364788
0.800000-0.000000j,0.368589+0.024871j,-0.704018+0.329701j,4.364788
0.800000-0.000000j,0.368589+0.024871j,-0.704018+0.329701j,4.364788
0.800000-0.000000j,0.368589+0.024871j,-0.704018+0.329701j,4.364788
0.800000-0.000000j,0.368589+0.024871j,-0.704018+0.329701j,4.364788
0.800000-0.000000j,0.368589+0.024871j,-0.704018+0.329701j,4.364788
0.800000-0.000000j,0.368589+0.024871j,-0.704018+0.329701j,4.364788
0.800000-0.000000j,0.368589+0.024871j,-0.704018+0.329701j,4.364788
0.800000-0.000000j,0.368589+0.024871j,-0.704018+0.329701j,4.364788
0.800000-0.000000j,0.368589+0.024871j,-0.704018+0.329701j,4.364788
0.800000-0.000000j,0.368589+0.024871j,-0.704018+0.329701j,4.364788
0.800000-0.000000j,0.368589+0.024871j,-0.704018+0.329701j,4.364788
0.800000-0.000000j,0.368589+0.024871j,-0.704018+0.329701j,4.364788
0.800000-0.000000j,0.368589+0.024871j,-0.704018+0.329701j,4.364788
0.800000-0.000000j,0.368589+0.024871j,-0.704018+0.329701j,4.364788
0.800000-0.000000j,0.368589+0.024871j,-0.704018+0.329701j,4.364788
0.800000-0.000000j,0.368589+0.024871j,-0.704018+0.329701j,4.364788
0.800000-0.000000j,0.368589+0.024871j,-0.704018+0.329701j,4.364788
0.800000-0.000000j,0.368589+0.024871j,-0.704018+0.329701j,4.364788
0.800000-0.000000j,0.368589+0.024871j,-0.704018+0.329701j,4.364788
0.800000-0.000000j,0.368589+0.024871j,-0.704018+0.329701j,4.364788
0.800000-0.000000j,0.368589+0.024871j,-0.704018+0.329701j,4.364788
0.800000-0.000000j,0.368589+0.024871j,-0.704018+0.329701j,4.364788
0.800000-0.000000j,0.368589+0.024871j,-0.704018+0.329701j,4.364788
0.800000-0.000000j,0.368589+0.024871j,-0.704018+0.329701j,4.364788
0.800000-0.000000j,0.368589+0.024871j,-0.704018+0.329701j,4.364788
0.800000-0.000000j,0.368589+0.024871j,-0.704018+0.329701j,4.364788
0.800000-0.000000j,0.368589+0.024871j,-0.704018+0.329701j,4.364788
0.800000-0.000000j,0.368589+0.024871j,-0.704018+0.329701j,4.364788
0.800000-0.000000j,0.368589+0.024871j,-0.704018+0.329701j,4.364788
0.800000-0.000000j,0.368589+0.024871j,-0.704018+0.329701j,4.364788
0.800000-0.000000j,0.368589+0.024871j,-0.704018+0.329701j,4.364788
0.800000-0.000000j,0.368589+0.024871j,-0.704018+0.329701j,4.364788
0.800000-0.000000j,0.368589+0.024871j,-0.704018+0.329701j,4.364788
0.800000-0.000000j,0.368589+0.024871j,-0.704018+0.329701j,4.364788
0.800000-0.000000j,0.368589+0.024871j,-0.704018+0.329701j,4.364788
0.800000-0.000000j,0.368589+0.024871j,-0.704018+0.329701j,4.364788
0.800000-0.000000j,0.368589+0.024871j,-0.704018+0.329701j,4.364788
0.800000-0.000000j,0.368589+0.024871j,-0.704018+0.329701j,4.364788
0.800000-0.000000j,0.368589+0.024871j,-0.704018+0.329701j,4.364788
0.800000-0.000000j,0.368589+0.024871j,-0.704018+0.329701j,4.364788
0.800000-0.000000j,0.368589+0.024871j,-0.704018+0.329701j,4.364788
0.800000-0.000000j,0.368589+0.024871j,-0.704018+0.329701j,4.364788
0.800000-0.000000j,0.368589+0.024871j,-0.704018+0.329701j,4.364788
0.800000-0.000000j,0.368589+0.024871j,-0.704018+0.329701j,4.364788
0.800000-0.000000j,0.368589+0.024871j,-0.704018+0.329701j,4.364788
0.800000-0.000000j,0.368589+0.024871j,-0.704018+0.329701j,4.364788
0.800000-0.000000j,0.368589+0.024871j,-0.704018+0.329701j,4.364788
0.800000-0.000000j,0.368589+0.024871j,-0.704018+0.329701j,4.364788
0.800000-0.000000j,0.368589+0.024871j,-0.704018+0.329701j,4.364788
0.800000-0.000000j,0.368589+0.024871j,-0.704018+0.329701j,4.364788
0.800000-0.000000j,0.368589+0.024871j,-0.704018+0.329701j,4.364788
0.800000-0.000000j,0.368589+0.024871j,-0.704018+0.329701j,4.364788
0.800000-0.000000j,0.368589+0.024871j,-0.704018+0.329701j,4.364788
0.800000-0.000000j,0.368589+0.024871j,-0.704018+0.329701j,4.364788
0.800000-0.000000j,0.368589+0.024871j,-0.704018+0.329701j,4.364788
0.800000-0.000000j,0.368589+0.024871j,-0.704018+0.329701j,4.364788
0.800000-0.000000j,0.368589+0.024871j,-0.704018+0.329701j,4.364788
0.800000-0.000000j,0.368589+0.024871j,-0.704018+0.329701j,4.364788
0.800000-0.000000j,0.368589+0.024871j,-0.704018+0.329701j,4.364788
0.800000-0.000000j,0.368589+0.024871j,-0.704018+0.329701j,4.364788
0.800000-0.000000j,0.368589+0.024871j,-0.704018+0.329701j,4.364788
0.800000-0.000000j,0.368589+0.024871j,-0.704018+0.329701j,4.364788
0.800000-0.000000j,0.368589+0.024871j,-0.704018+0.329701j,4.364788
0.800000-0.000000j,0.368589+0.024871j,-0.704018+0.329701j,4.364788
0.800000-0.000000j,0.368589+0.024871j,-0.704018+0.329701j,4.364788
0.800000-0.000000j,0.368589+0.024871j,-0.704018+0.329701j,4.364788
0.800000-0.000000j,0.368589+0.024871j,-0.704018+0.329701j,4.364788
0.800000-0.000000j,0.368589+0.024871j,-0.704018+0.329701j,4.364788
0.800000-0.000000j,0.368589+0.024871j,-0.704018+0.329701j,4.364788
0.800000-0.000000j,0.368589+0.024871j,-0.704018+0.329701j,4.364788
0.800000-0.000000j,0.368589+0.024871j,-0.704018+0.329701j,4.364788
0.800000-0.000000j,0.368589+0.024871j,-0.704018+0.329701j,4.364788
0.800000-0.000000j,0.368589+0.024871j,-0.704018+0.329701j,4.364788
0.800000-0.000000j,0.368589+0.024871j,-0.704018+0.329701j,4.364788
0.800000-0.000000j,0.368589+0.024871j,-0.704018+0.329701j,4.364788
0.800000-0.000000j,0.368589+0.024871j,-0.704018+0.329701j,4.364788
0.800000-0.000000j,0.368589+0.024871j,-0.704018+0.329701j,4.364788
0.800000-0.000000j,0.368589+0.024871j,-0.704018+0.329701j,4.364788
0.800000-0.000000j,0.368589+0.024871j,-0.704018+0.329701j,4.364788
0.800000-0.000000j,0.368589+0.024871j,-0.704018+0.329701j,4.364788
0.800000-0.000000j,0.368589+0.024871j,-0.704018+0.329701j,4.364788
0.800000-0.000000j,0.368589+0.024871j,-0.704018+0.329701j,4.364788
0.800000-0.000000j,0.368589+0.024871j,-0.704018+0.329701j,4.364788
0.800000-0.000000j,0.368589+0.024871j,-0.704018+0.329701j,4.364788
0.800000-0.000000j,0.368589+0.024871j,-0.704018+0.329701j,4.364788
0.800000-0.000000j,0.368589+0.024871j,-0.704018+0.329701j,4.364788
0.800000-0.000000j,0.368589+0.024871j,-0.704018+0.329701j,4.364788
0.800000-0.000000j,0.368589+0.024871j,-0.704018+0.329701j,4.364788
0.800000-0.000000j,0.368589+0.024871j,-0.704018+0.329701j,4.364788
0.800000-0.000000j,0.368589+0.024871j,-0.704018+0.329701j,4.364788
0.800000-0.000000j,0.368589+0.024871j,-0.704018+0.329701j,4.364788
0.800000-0.000000j,0.368589+0.024871j,-0.704018+0.329701j,4.364788
0.800000-0.000000j,0.368589+0.024871j,-0.704018+0.329701j,4.364788
0.800000-0.000000j,0.368589+0.024871j,-0.704018+0.329701j,4.364788
0.800000-0.000000j,0.368589+0.024871j,-0.704018+0.329701j,4.364788
0.800000-0.000000j,0.368589+0.024871j,-0.704018+0.329701j,4.364788
0.800000-0.000000j,0.368589+0.024871j,-0.704018+0.329701j,4.364788
0.800000-0.000000j,0.368589+0.024871j,-0.704018+0.329701j,4.364788
0.800000-0.000000j,0.368589+0.024871j,-0.704018+0.329701j,4.364788
0.800000-0.000000j,0.368589+0.024871j,-0.704018+0.329701j,4.364788
0.800000-0.000000j,0.368589+0.024871j,-0.704018+0.329701j,4.364788
0.800000-0.000000j,0.368589+0.024871j,-0.704018+0.329701j,4.364788
0.800000-0.000000j,0.368589+0.024871j,-0.704018+0.329701j,4.364788
0.800000-0.000000j,0.368589+0.024871j,-0.704018+0.329701j,4.364788
0.800000-0.000000j,0.368589+0.024871j,-0.704018+0.329701j,4.364788
0.800000-0.000000j,0.368589+0.024871j,-0.704018+0.329701j,4.364788
0.800000-0.000000j,0.368589+0.024871j,-0.704018+0.329701j,4.364788
0.800000-0.000000j,0.368589+0.024871j,-0.704018+0.329701j,4.364788
0.800000-0.000000j,0.368589+0.024871j,-0.704018+0.329701j,4.364788
0.800000-0.000000j,0.368589+0.024871j,-0.704018+0.329701j,4.364788
0.800000-0.000000j,0.368589+0.024871j,-0.704018+0.329701j,4.364788
0.800000-0.000000j,0.368589+0.024871j,-0.704018+0.329701j,4.364788
0.800000-0.000000j,0.368589+0.024871j,-0.704018+0.329701j,4.364788
0.800000-0.000000j,0.368589+0.024871j,-0.704018+0.329701j,4.364788
0.800000-0.000000j,0.368589+0.024871j,-0.704018+0.329701j,4.364788
0.800000-0.000000j,0.368589+0.024871j,-0.704018+0.329701j,4.364788
0.800000-0.000000j,0.368589+0.024871j,-0.704018+0.329701j,4.364788
0.800000-0.000000j,0.368589+0.024871j,-0.704018+0.329701j,4.364788
0.800000-0.000000j,0.368589+0.024871j,-0.704018+0.329701j,4.364788
0.800000-0.000000j,0.368589+0.024871j,-0.704018+0.329701j,4.364788
0.800000-0.000000j,0.368589+0.024871j,-0.704018+0.329701j,4.364788
0.800000-0.000000j,0.368589+0.024871j,-0.704018+0.329701j,4.364788
0.800000-0.000000j,0.368589+0.024871j,-0.704018+0.329701j,4.364788
0.800000-0.000000j,0.368589+0.024871j,-0.704018+0.329701j,4.364788
0.800000-0.000000j,0.368589+0.024871j,-0.704018+0.329701j,4.364788
0.800000-0.000000j,0.368589+0.024871j,-0.704018+0.329701j,4.364788
0.800000-0.000000j,0.368589+0.024871j,-0.704018+0.329701j,4.364788
0.800000-0.000000j,0.368589+0.024871j,-0.704018+0.329701j,4.364788
0.800000-0.000000j,0.368589+0.024871j,-0.704018+0.329701j,4.364788
0.800000-0.000000j,0.368589+0.024871j,-0.704018+0.329701j,4.364788
0.800000-0.000000j,0.368589+0.024871j,-0.704018+0.329701j,4.364788
0.800000-0.000000j,0.368589+0.024871j,-0.704018+0.329701j,4.364788
0.800000-0.000000j,0.368589+0.024871j,-0.704018+0.329701j,4.364788
0.800000-0.000000j,0.368589+0.024871j,-0.704018+0.329701j,4.364788
0.800000-0.000000j,0.368589+0.024871j,-0.704018+0.329701j,4.364788
0.800000-0.000000j,0.368589+0.024871j,-0.704018+0.329701j,4.364788
0.800000-0.000000j,0.368589+0.024871j,-0.704018+0.329701j,4.364788
0.800000-0.000000j,0.368589+0.024871j,-0.704018+0.329701j,4.364788
0.800000-0.000000j,0.368589+0.024871j,-0.704018+0.329701j,4.364788
0.800000-0.000000j,0.368589+0.024871j,-0.704018+0.329701j,4.364788
0.800000-0.000000j,0.368589+0.024871j,-0.704018+0.329701j,4.364788
0.800000-0.000000j,0.368589+0.024871j,-0.704018+0.329701j,4.364788
0.800000-0.000000j,0.368589+0.024871j,-0.704018+0.329701j,4.364788
0.800000-0.000000j,0.368589+0.024871j,-0.704018+0.329701j,4.364788
0.800000-0.000000j,0.368589+0.024871j,-0.704018+0.329701j,4.364788
0.800000-0.000000j,0.368589+0.024871j,-0.704018+0.329701j,4.364788
0.800000-0.000000j,0.368589+0.024871j,-0.704018+0.329701j,4.364788
0.800000-0.000000j,0.368589+0.024871j,-0.704018+0.329701j,4.364788
0.800000-0.000000j,0.368589+0.024871j,-0.704018+0.329701j,4.364788
0.800000-0.000000j,0.368589+0.024871j,-0.704018+0.329701j,4.364788
0.800000-0.000000j,0.368589+0.024871j,-0.704018+0.329701j,4.364788
0.800000-0.000000j,0.368589+0.024871j,-0.704018+0.329701j,4.364788
0.800000-0.000000j,0.368589+0.024871j,-0.704018+0.329701j,4.364788
0.800000-0.000000j,0.368589+0.024871j,-0.704018+0.329701j,4.364788
0.800000-0.000000j,0.368589+0.024871j,-0.704018+0.329701j,4.364788
0.800000-0.000000j,0.368589+0.024871j,-0.704018+0.329701j,4.364788
0.800000-0.000000j,0.368589+0.024871j,-0.704018+0.329701j,4.364788
0.800000-0.000000j,0.368589+0.024871j,-0.704018+0.329701j,4.364788
0.800000-0.000000j,0.368589+0.024871j,-0.704018+0.329701j,4.364788
0.800000-0.000000j,0.368589+0.024871j,-0.704018+0.329701j,4.364788
0.800000-0.000000j,0.368589+0.024871j,-0.704018+0.329701j,4.364788
0.800000-0.000000j,0.368589+0.024871j,-0.704018+0.329701j,4.364788
0.800000-0.000000j,0.368589+0.024871j,-0.704018+0.329701j,4.364788
0.800000-0.000000j,0.368589+0.024871j,-0.704018+0.329701j,4.364788
0.800000-0.000000j,0.368589+0.024871j,-0.704018+0.329701j,4.364788
0.800000-0.000000j,0.368589+0.024871j,-0.704018+0.329701j,4.364788
0.800000-0.000000j,0.368589+0.024871j,-0.704018+0.329701j,4.364788
0.800000-0.000000j,0.368589+0.024871j,-0.704018+0.329701j,4.364788
0.800000-0.000000j,0.368589+0.024871j,-0.704018+0.329701j,4.364788
0.800000-0.000000j,0.368589+0.024871j,-0.704018+0.329701j,4.364788
0.800000-0.000000j,0.368589+0.024871j,-0.704018+0.329701j,4.364788
0.800000-0.000000j,0.368589+0.024871j,-0.704018+0.329701j,4.364788
0.800000-0.000000j,0.368589+0.024871j,-0.704018+0.329701j,4.364788
0.800000-0.000000j,0.368589+0.024871j,-0.704018+0.329701j,4.364788
0.800000-0.000000j,0.368589+0.024871j,-0.704018+0.329701j,4.364788
0.800000-0.000000j,0.368589+0.024871j,-0.704018+0.329701j,4.364788
0.800000-0.000000j,0.368589+0.024871j,-0.704018+0.329701j,4.364788
0.800000-0.000000j,0.368589+0.024871j,-0.704018+0.329701j,4.364788
0.800000-0.000000j,0.368589+0.024871j,-0.704018+0.329701j,4.364788
0.800000-0.000000j,0.368589+0.024871j,-0.704018+0.329701j,4.364788
0.800000-0.000000j,0.368589+0.024871j,-0.704018+0.329701j,4.364788
0.800000-0.000000j,0.368589+0.024871j,-0.704018+0.329701j,4.364788
0.800000-0.000000j,0.368589+0.024871j,-0.704018+0.329701j,4.364788
0.800000-0.000000j,0.368589+0.024871j,-0.704018+0.329701j,4.364788
0.800000-0.000000j,0.368589+0.024871j,-0.704018+0.329701j,4.364788
0.800000-0.000000j,0.368589+0.024871j,-0.704018+0.329701j,4.364788
0.800000-0.000000j,0.368589+0.024871j,-0.704018+0.329701j,4.364788
0.800000-0.000000j,0.368589+0.024871j,-0.704018+0.329701j,4.364788
0.800000-0.000000j,0.368589+0.024871j,-0.704018+0.329701j,4.364788
0.800000-0.000000j,0.368589+0.024871j,-0.704018+0.329701j,4.364788
0.800000-0.000000j,0.368589+0.024871j,-0.704018+0.329701j,4.364788
0.800000-0.000000j,0.368589+0.024871j,-0.704018+0.329701j,4.364788
0.800000-0.000000j,0.368589+0.024871j,-0.704018+0.329701j,4.364788
0.800000-0.000000j,0.368589+0.024871j,-0.704018+0.329701j,4.364788
0.800000-0.000000j,0.368589+0.024871j,-0.704018+0.329701j,4.364788
0.800000-0.000000j,0.368589+0.024871j,-0.704018+0.329701j,4.364788
0.800000-0.000000j,0.368589+0.024871j,-0.704018+0.329701j,4.364788
0.800000-0.000000j,0.368589+0.024871j,-0.704018+0.329701j,4.364788
0.800000-0.000000j,0.368589+0.024871j,-0.704018+0.329701j,4.364788
0.800000-0.000000j,0.368589+0.024871j,-0.704018+0.329701j,4.364788
0.800000-0.000000j,0.368589+0.024871j,-0.704018+0.329701j,4.364788
0.800000-0.000000j,0.368589+0.024871j,-0.704018+0.329701j,4.364788
0.800000-0.000000j,0.368589+0.024871j,-0.704018+0.329701j,4.364788
0.800000-0.000000j,0.368589+0.024871j,-0.704018+0.329701j,4.364788
0.800000-0.000000j,0.368589+0.024871j,-0.704018+0.329701j,4.364788
0.800000-0.000000j,0.368589+0.024871j,-0.704018+0.329701j,4.364788
0.800000-0.000000j,0.368589+0.024871j,-0.704018+0.329701j,4.364788
0.800000-0.000000j,0.368589+0.024871j,-0.704018+0.329701j,4.364788
0.800000-0.000000j,0.368589+0.024871j,-0.704018+0.329701j,4.364788
0.800000-0.000000j,0.368589+0.024871j,-0.704018+0.329701j,4.364788
0.800000-0.000000j,0.368589+0.024871j,-0.704018+0.329701j,4.364788
0.800000-0.000000j,0.368589+0.024871j,-0.704018+0.329701j,4.364788
0.800000-0.000000j,0.368589+0.024871j,-0.704018+0.329701j,4.364788
0.800000-0.000000j,0.368589+0.024871j,-0.704018+0.329701j,4.364788
0.800000-0.000000j,0.368589+0.024871j,-0.704018+0.329701j,4.364788
0.800000-0.000000j,0.368589+0.024871j,-0.704018+0.329701j,4.364788
0.800000-0.000000j,0.368589+0.024871j,-0.704018+0.329701j,4.364788
0.800000-0.000000j,0.368589+0.024871j,-0.704018+0.329701j,4.364788
0.800000-0.000000j,0.368589+0.024871j,-0.704018+0.329701j,4.364788
0.800000-0.000000j,0.368589+0.024871j,-0.704018+0.329701j,4.364788
0.800000-0.000000j,0.368589+0.024871j,-0.704018+0.329701j,4.364788
0.800000-0.000000j,0.368589+0.024871j,-0.704018+0.329701j,4.364788
0.800000-0.000000j,0.368589+0.024871j,-0.704018+0.329701j,4.364788
0.800000-0.000000j,0.368589+0.024871j,-0.704018+0.329701j,4.364788
0.800000-0.000000j,0.368589+0.024871j,-0.704018+0.329701j,4.364788
0.800000-0.000000j,0.368589+0.024871j,-0.704018+0.329701j,4.364788
0.800000-0.000000j,0.368589+0.024871j,-0.704018+0.329701j,4.364788
0.800000-0.000000j,0.368589+0.024871j,-0.704018+0.329701j,4.364788
0.800000-0.000000j,0.368589+0.024871j,-0.704018+0.329701j,4.364788
0.800000-0.000000j,0.368589+0.024871j,-0.704018+0.329701j,4.364788
0.800000-0.000000j,0.368589+0.024871j,-0.704018+0.329701j,4.364788
0.800000-0.000000j,0.368589+0.024871j,-0.704018+0.329701j,4.364788
0.800000-0.000000j,0.368589+0.024871j,-0.704018+0.329701j,4.364788
0.800000-0.000000j,0.368589+0.024871j,-0.704018+0.329701j,4.364788
0.800000-0.000000j,0.368589+0.024871j,-0.704018+0.329701j,4.364788
0.800000-0.000000j,0.368589+0.024871j,-0.704018+0.329701j,4.364788
0.800000-0.000000j,0.368589+0.024871j,-0.704018+0.329701j,4.364788
0.800000-0.000000j,0.368589+0.024871j,-0.704018+0.329701j,4.364788
0.800000-0.000000j,0.368589+0.024871j,-0.704018+0.329701j,4.364788
0.800000-0.000000j,0.368589+0.024871j,-0.704018+0.329701j,4.364788
0.800000-0.000000j,0.368589+0.024871j,-0.704018+0.329701j,4.364788
0.800000-0.000000j,0.368589+0.024871j,-0.704018+0.329701j,4.364788
0.800000-0.000000j,0.368589+0.024871j,-0.704018+0.329701j,4.364788
0.800000-0.000000j,0.368589+0.024871j,-0.704018+0.329701j,4.364788
0.800000-0.000000j,0.368589+0.024871j,-0.704018+0.329701j,4.364788
0.800000-0.000000j,0.368589+0.024871j,-0.704018+0.329701j,4.364788
0.800000-0.000000j,0.368589+0.024871j,-0.704018+0.329701j,4.364788
0.800000-0.000000j,0.368589+0.024871j,-0.704018+0.329701j,4.364788
0.800000-0.000000j,0.368589+0.024871j,-0.704018+0.329701j,4.364788
0.800000-0.000000j,0.368589+0.024871j,-0.704018+0.329701j,4.364788
0.800000-0.000000j,0.368589+0.024871j,-0.704018+0.329701j,4.364788
0.800000-0.000000j,0.368589+0.024871j,-0.704018+0.329701j,4.364788
0.800000-0.000000j,0.368589+0.024871j,-0.704018+0.329701j,4.364788
0.800000-0.000000j,0.368589+0.024871j,-0.704018+0.329701j,4.364788
0.800000-0.000000j,0.368589+0.024871j,-0.704018+0.329701j,4.364788
0.800000-0.000000j,0.368589+0.024871j,-0.704018+0.329701j,4.364788
0.800000-0.000000j,0.368589+0.024871j,-0.704018+0.329701j,4.364788
0.800000-0.000000j,0.368589+0.024871j,-0.704018+0.329701j,4.364788
0.800000-0.000000j,0.368589+0.024871j,-0.704018+0.329701j,4.364788
0.800000-0.000000j,0.368589+0.024871j,-0.704018+0.329701j,4.364788
0.800000-0.000000j,0.368589+0.024871j,-0.704018+0.329701j,4.364788
0.800000-0.000000j,0.368589+0.024871j,-0.704018+0.329701j,4.364788
0.800000-0.000000j,0.368589+0.024871j,-0.704018+0.329701j,4.364788
0.800000-0.000000j,0.368589+0.024871j,-0.704018+0.329701j,4.364788
0.800000-0.000000j,0.368589+0.024871j,-0.704018+0.329701j,4.364788
0.800000-0.000000j,0.368589+0.024871j,-0.704018+0.329701j,4.364788
0.800000-0.000000j,0.368589+0.024871j,-0.704018+0.329701j,4.364788
0.800000-0.000000j,0.368589+0.024871j,-0.704018+0.329701j,4.364788
0.800000-0.000000j,0.368589+0.024871j,-0.704018+0.329701j,4.364788
0.800000-0.000000j,0.368589+0.024871j,-0.704018+0.329701j,4.364788
0.800000-0.000000j,0.368589+0.024871j,-0.704018+0.329701j,4.364788
0.800000-0.000000j,0.368589+0.024871j,-0.704018+0.329701j,4.364788
0.800000-0.000000j,0.368589+0.024871j,-0.704018+0.329701j,4.364788
0.800000-0.000000j,0.368589+0.024871j,-0.704018+0.329701j,4.364788
0.800000-0.000000j,0.368589+0.024871j,-0.704018+0.329701j,4.364788
0.800000-0.000000j,0.368589+0.024871j,-0.704018+0.329701j,4.364788
0.800000-0.000000j,0.368589+0.024871j,-0.704018+0.329701j,4.364788
0.800000-0.000000j,0.368589+0.024871j,-0.704018+0.329701j,4.364788
0.800000-0.000000j,0.368589+0.024871j,-0.704018+0.329701j,4.364788
0.800000-0.000000j,0.368589+0.024871j,-0.704018+0.329701j,4.364788
0.800000-0.000000j,0.368589+0.024871j,-0.704018+0.329701j,4.364788
0.800000-0.000000j,0.368589+0.024871j,-0.704018+0.329701j,4.364788
0.800000-0.000000j,0.368589+0.024871j,-0.704018+0.329701j,4.364788
0.800000-0.000000j,0.368589+0.024871j,-0.704018+0.329701j,4.364788
0.800000-0.000000j,0.368589+0.024871j,-0.704018+0.329701j,4.364788
0.800000-0.000000j,0.368589+0.024871j,-0.704018+0.329701j,4.364788
0.800000-0.000000j,0.368589+0.024871j,-0.704018+0.329701j,4.364788
0.800000-0.000000j,0.368589+0.024871j,-0.704018+0.329701j,4.364788
0.800000-0.000000j,0.368589+0.024871j,-0.704018+0.329701j,4.364788
0.800000-0.000000j,0.368589+0.024871j,-0.704018+0.329701j,4.364788
0.800000-0.000000j,0.368589+0.024871j,-0.704018+0.329701j,4.364788
0.800000-0.000000j,0.368589+0.024871j,-0.704018+0.329701j,4.364788
0.800000-0.000000j,0.368589+0.024871j,-0.704018+0.329701j,4.364788
0.800000-0.000000j,0.368589+0.024871j,-0.704018+0.329701j,4.364788
0.800000-0.000000j,0.368589+0.024871j,-0.704018+0.329701j,4.364788
0.800000-0.000000j,0.368589+0.024871j,-0.704018+0.329701j,4.364788
0.800000-0.000000j,0.368589+0.024871j,-0.704018+0.329701j,4.364788
0.800000-0.000000j,0.368589+0.024871j,-0.704018+0.329701j,4.364788
0.800000-0.000000j,0.368589+0.024871j,-0.704018+0.329701j,4.364788
0.800000-0.000000j,0.368589+0.024871j,-0.704018+0.329701j,4.364788
0.800000-0.000000j,0.368589+0.024871j,-0.704018+0.329701j,4.364788
0.800000-0.000000j,0.368589+0.024871j,-0.704018+0.329701j,4.364788
0.800000-0.000000j,0.368589+0.024871j,-0.704018+0.329701j,4.364788
0.800000-0.000000j,0.368589+0.024871j,-0.704018+0.329701j,4.364788
0.800000-0.000000j,0.368589+0.024871j,-0.704018+0.329701j,4.364788
0.800000-0.000000j,0.368589+0.024871j,-0.704018+0.329701j,4.364788
0.800000-0.000000j,0.368589+0.024871j,-0.704018+0.329701j,4.364788
0.800000-0.000000j,0.368589+0.024871j,-0.704018+0.329701j,4.364788
0.800000-0.000000j,0.368589+0.024871j,-0.704018+0.329701j,4.364788
0.800000-0.000000j,0.368589+0.024871j,-0.704018+0.329701j,4.364788
0.800000-0.000000j,0.368589+0.024871j,-0.704018+0.329701j,4.364788
0.800000-0.000000j,0.368589+0.024871j,-0.704018+0.329701j,4.364788
0.800000-0.000000j,0.368589+0.024871j,-0.704018+0.329701j,4.364788
0.800000-0.000000j,0.368589+0.024871j,-0.704018+0.329701j,4.364788
0.800000-0.000000j,0.368589+0.024871j,-0.704018+0.329701j,4.364788
0.800000-0.000000j,0.368589+0.024871j,-0.704018+0.329701j,4.364788
0.800000-0.000000j,0.368589+0.024871j,-0.704018+0.329701j,4.364788
0.800000-0.000000j,0.368589+0.024871j,-0.704018+0.329701j,4.364788
0.800000-0.000000j,0.368589+0.024871j,-0.704018+0.329701j,4.364788
0.800000-0.000000j,0.368589+0.024871j,-0.704018+0.329701j,4.364788
0.800000-0.000000j,0.368589+0.024871j,-0.704018+0.329701j,4.364788
0.800000-0.000000j,0.368589+0.024871j,-0.704018+0.329701j,4.364788
0.800000-0.000000j,0.368589+0.024871j,-0.704018+0.329701j,4.364788
0.800000-0.000000j,0.368589+0.024871j,-0.704018+0.329701j,4.364788
0.800000-0.000000j,0.368589+0.024871j,-0.704018+0.329701j,4.364788
0.800000-0.000000j,0.368589+0.024871j,-0.704018+0.329701j,4.364788
0.800000-0.000000j,0.368589+0.024871j,-0.704018+0.329701j,4.364788
0.800000-0.000000j,0.368589+0.024871j,-0.704018+0.329701j,4.364788
0.800000-0.000000j,0.368589+0.024871j,-0.704018+0.329701j,4.364788
0.800000-0.000000j,0.368589+0.024871j,-0.704018+0.329701j,4.364788
0.800000-0.000000j,0.368589+0.024871j,-0.704018+0.329701j,4.364788
0.800000-0.000000j,0.368589+0.024871j,-0.704018+0.329701j,4.364788
0.800000-0.000000j,0.368589+0.024871j,-0.704018+0.329701j,4.364788
0.800000-0.000000j,0.368589+0.024871j,-0.704018+0.329701j,4.364788
0.800000-0.000000j,0.368589+0.024871j,-0.704018+0.329701j,4.364788
0.800000-0.000000j,0.368589+0.024871j,-0.704018+0.329701j,4.364788
0.800000-0.000000j,0.368589+0.024871j,-0.704018+0.329701j,4.364788
0.800000-0.000000j,0.368589+0.024871j,-0.704018+0.329701j,4.364788
0.800000-0.000000j,0.368589+0.024871j,-0.704018+0.329701j,4.364788
0.800000-0.000000j,0.368589+0.024871j,-0.704018+0.329701j,4.364788
0.800000-0.000000j,0.368589+0.024871j,-0.704018+0.329701j,4.364788
0.800000-0.000000j,0.368589+0.024871j,-0.704018+0.329701j,4.364788
0.800000-0.000000j,0.368589+0.024871j,-0.704018+0.329701j,4.364788
0.800000-0.000000j,0.368589+0.024871j,-0.704018+0.329701j,4.364788
0.800000-0.000000j,0.368589+0.024871j,-0.704018+0.329701j,4.364788
0.800000-0.000000j,0.368589+0.024871j,-0.704018+0.329701j,4.364788
0.800000-0.000000j,0.368589+0.024871j,-0.704018+0.329701j,4.364788
0.800000-0.000000j,0.368589+0.024871j,-0.704018+0.329701j,4.364788
0.800000-0.000000j,0.368589+0.024871j,-0.704018+0.329701j,4.364788
0.800000-0.000000j,0.368589+0.024871j,-0.704018+0.329701j,4.364788
0.800000-0.000000j,0.368589+0.024871j,-0.704018+0.329701j,4.364788
0.800000-0.000000j,0.368589+0.024871j,-0.704018+0.329701j,4.364788
0.800000-0.000000j,0.368589+0.024871j,-0.704018+0.329701j,4.364788
0.800000-0.000000j,0.368589+0.024871j,-0.704018+0.329701j,4.364788
0.800000-0.000000j,0.368589+0.024871j,-0.704018+0.329701j,4.364788
0.800000-0.000000j,0.368589+0.024871j,-0.704018+0.329701j,4.364788
0.800000-0.000000j,0.368589+0.024871j,-0.704018+0.329701j,4.364788
0.800000-0.000000j,0.368589+0.024871j,-0.704018+0.329701j,4.364788
0.800000-0.000000j,0.368589+0.024871j,-0.704018+0.329701j,4.364788
0.800000-0.000000j,0.368589+0.024871j,-0.704018+0.329701j,4.364788
0.800000-0.000000j,0.368589+0.024871j,-0.704018+0.329701j,4.364788
0.800000-0.000000j,0.368589+0.024871j,-0.704018+0.329701j,4.364788
0.800000-0.000000j,0.368589+0.024871j,-0.704018+0.329701j,4.364788
0.800000-0.000000j,0.368589+0.024871j,-0.704018+0.329701j,4.364788
0.800000-0.000000j,0.368589+0.024871j,-0.704018+0.329701j,4.364788
0.800000-0.000000j,0.368589+0.024871j,-0.704018+0.329701j,4.364788
0.800000-0.000000j,0.368589+0.024871j,-0.704018+0.329701j,4.364788
0.800000-0.000000j,0.368589+0.024871j,-0.704018+0.329701j,4.364788
0.800000-0.000000j,0.368589+0.024871j,-0.704018+0.329701j,4.364788
0.800000-0.000000j,0.368589+0.024871j,-0.704018+0.329701j,4.364788
0.800000-0.000000j,0.368589+0.024871j,-0.704018+0.329701j,4.364788
0.800000-0.000000j,0.368589+0.024871j,-0.704018+0.329701j,4.364788
0.800000-0.000000j,0.368589+0.024871j,-0.704018+0.329701j,4.364788
0.800000-0.000000j,0.368589+0.024871j,-0.704018+0.329701j,4.364788
0.800000-0.000000j,0.368589+0.024871j,-0.704018+0.329701j,4.364788
0.800000-0.000000j,0.368589+0.024871j,-0.704018+0.329701j,4.364788
0.800000-0.000000j,0.368589+0.024871j,-0.704018+0.329701j,4.364788
0.800000-0.000000j,0.368589+0.024871j,-0.704018+0.329701j,4.364788
0.800000-0.000000j,0.368589+0.024871j,-0.704018+0.329701j,4.364788
0.800000-0.000000j,0.368589+0.024871j,-0.704018+0.329701j,4.364788
0.800000-0.000000j,0.368589+0.024871j,-0.704018+0.329701j,4.364788
0.800000-0.000000j,0.368589+0.024871j,-0.704018+0.329701j,4.364788
0.800000-0.000000j,0.368589+0.024871j,-0.704018+0.329701j,4.364788
0.800000-0.000000j,0.368589+0.024871j,-0.704018+0.329701j,4.364788
0.800000-0.000000j,0.368589+0.024871j,-0.704018+0.329701j,4.364788
0.800000-0.000000j,0.368589+0.024871j,-0.704018+0.329701j,4.364788
0.800000-0.000000j,0.368589+0.024871j,-0.704018+0.329701j,4.364788
0.800000-0.000000j,0.368589+0.024871j,-0.704018+0.329701j,4.364788
0.800000-0.000000j,0.368589+0.024871j,-0.704018+0.329701j,4.364788
0.800000-0.000000j,0.368589+0.024871j,-0.704018+0.329701j,4.364788
0.800000-0.000000j,0.368589+0.024871j,-0.704018+0.329701j,4.364788
0.800000-0.000000j,0.368589+0.024871j,-0.704018+0.329701j,4.364788
0.800000-0.000000j,0.368589+0.024871j,-0.704018+0.329701j,4.364788
0.800000-0.000000j,0.368589+0.024871j,-0.704018+0.329701j,4.364788
0.800000-0.000000j,0.368589+0.024871j,-0.704018+0.329701j,4.364788
0.800000-0.000000j,0.368589+0.024871j,-0.704018+0.329701j,4.364788
0.800000-0.000000j,0.368589+0.024871j,-0.704018+0.329701j,4.364788
0.800000-0.000000j,0.368589+0.024871j,-0.704018+0.329701j,4.364788
0.800000-0.000000j,0.368589+0.024871j,-0.704018+0.329701j,4.364788
0.800000-0.000000j,0.368589+0.024871j,-0.704018+0.329701j,4.364788
0.800000-0.000000j,0.368589+0.024871j,-0.704018+0.329701j,4.364788
0.800000-0.000000j,0.368589+0.024871j,-0.704018+0.329701j,4.364788
0.800000-0.000000j,0.368589+0.024871j,-0.704018+0.329701j,4.364788
0.800000-0.000000j,0.368589+0.024871j,-0.704018+0.329701j,4.364788
0.800000-0.000000j,0.368589+0.024871j,-0.704018+0.329701j,4.364788
0.800000-0.000000j,0.368589+0.024871j,-0.704018+0.329701j,4.364788
0.800000-0.000000j,0.368589+0.024871j,-0.704018+0.329701j,4.364788
0.800000-0.000000j,0.368589+0.024871j,-0.704018+0.329701j,4.364788
0.800000-0.000000j,0.368589+0.024871j,-0.704018+0.329701j,4.364788
0.800000-0.000000j,0.368589+0.024871j,-0.704018+0.329701j,4.364788
0.800000-0.000000j,0.368589+0.024871j,-0.704018+0.329701j,4.364788
0.800000-0.000000j,0.368589+0.024871j,-0.704018+0.329701j,4.364788
0.800000-0.000000j,0.368589+0.024871j,-0.704018+0.329701j,4.364788
0.800000-0.000000j,0.368589+0.024871j,-0.704018+0.329701j,4.364788
0.800000-0.000000j,0.368589+0.024871j,-0.704018+0.329701j,4.364788
0.800000-0.000000j,0.368589+0.024871j,-0.704018+0.329701j,4.364788
0.800000-0.000000j,0.368589+0.024871j,-0.704018+0.329701j,4.364788
0.800000-0.000000j,0.368589+0.024871j,-0.704018+0.329701j,4.364788
0.800000-0.000000j,0.368589+0.024871j,-0.704018+0.329701j,4.364788
0.800000-0.000000j,0.368589+0.024871j,-0.704018+0.329701j,4.364788
0.800000-0.000000j,0.368589+0.024871j,-0.704018+0.329701j,4.364788
0.800000-0.000000j,0.368589+0.024871j,-0.704018+0.329701j,4.364788
0.800000-0.000000j,0.368589+0.024871j,-0.704018+0.329701j,4.364788
0.800000-0.000000j,0.368589+0.024871j,-0.704018+0.329701j,4.364788
0.800000-0.000000j,0.368589+0.024871j,-0.704018+0.329701j,4.364788
0.800000-0.000000j,0.368589+0.024871j,-0.704018+0.329701j,4.364788
0.800000-0.000000j,0.368589+0.024871j,-0.704018+0.329701j,4.364788
0.800000-0.000000j,0.368589+0.024871j,-0.704018+0.329701j,4.364788
0.800000-0.000000j,0.368589+0.024871j,-0.704018+0.329701j,4.364788
0.800000-0.000000j,0.368589+0.024871j,-0.704018+0.329701j,4.364788
0.800000-0.000000j,0.368589+0.024871j,-0.704018+0.329701j,4.364788
0.800000-0.000000j,0.368589+0.024871j,-0.704018+0.329701j,4.364788
0.800000-0.000000j,0.368589+0.024871j,-0.704018+0.329701j,4.364788
0.800000-0.000000j,0.368589+0.024871j,-0.704018+0.329701j,4.364788
0.800000-0.000000j,0.368589+0.024871j,-0.704018+0.329701j,4.364788
0.800000-0.000000j,0.368589+0.024871j,-0.704018+0.329701j,4.364788
0.800000-0.000000j,0.368589+0.024871j,-0.704018+0.329701j,4.364788
0.800000-0.000000j,0.368589+0.024871j,-0.704018+0.329701j,4.364788
0.800000-0.000000j,0.368589+0.024871j,-0.704018+0.329701j,4.364788
0.800000-0.000000j,0.368589+0.024871j,-0.704018+0.329701j,4.364788
0.800000-0.000000j,0.368589+0.024871j,-0.704018+0.329701j,4.364788
0.800000-0.000000j,0.368589+0.024871j,-0.704018+0.329701j,4.364788
0.800000-0.000000j,0.368589+0.024871j,-0.704018+0.329701j,4.364788
0.800000-0.000000j,0.368589+0.024871j,-0.704018+0.329701j,4.364788
0.800000-0.000000j,0.368589+0.024871j,-0.704018+0.329701j,4.364788
0.800000-0.000000j,0.368589+0.024871j,-0.704018+0.329701j,4.364788
0.800000-0.000000j,0.368589+0.024871j,-0.704018+0.329701j,4.364788
0.800000-0.000000j,0.368589+0.024871j,-0.704018+0.329701j,4.364788
0.800000-0.000000j,0.368589+0.024871j,-0.704018+0.329701j,4.364788
0.800000-0.000000j,0.368589+0.024871j,-0.704018+0.329701j,4.364788
0.800000-0.000000j,0.368589+0.024871j,-0.704018+0.329701j,4.364788
0.800000-0.000000j,0.368589+0.024871j,-0.704018+0.329701j,4.364788
0.800000-0.000000j,0.368589+0.024871j,-0.704018+0.329701j,4.364788
0.800000-0.000000j,0.368589+0.024871j,-0.704018+0.329701j,4.364788
0.800000-0.000000j,0.368589+0.024871j,-0.704018+0.329701j,4.364788
0.800000-0.000000j,0.368589+0.024871j,-0.704018+0.329701j,4.364788
0.800000-0.000000j,0.368589+0.024871j,-0.704018+0.329701j,4.364788
0.800000-0.000000j,0.368589+0.024871j,-0.704018+0.329701j,4.364788
0.800000-0.000000j,0.368589+0.024871j,-0.704018+0.329701j,4.364788
0.800000-0.000000j,0.368589+0.024871j,-0.704018+0.329701j,4.364788
0.800000-0.000000j,0.368589+0.024871j,-0.704018+0.329701j,4.364788
0.800000-0.000000j,0.368589+0.024871j,-0.704018+0.329701j,4.364788
0.800000-0.000000j,0.368589+0.024871j,-0.704018+0.329701j,4.364788
0.800000-0.000000j,0.368589+0.024871j,-0.704018+0.329701j,4.364788
0.800000-0.000000j,0.368589+0.024871j,-0.704018+0.329701j,4.364788
0.800000-0.000000j,0.368589+0.024871j,-0.704018+0.329701j,4.364788
0.800000-0.000000j,0.368589+0.024871j,-0.704018+0.329701j,4.364788
0.800000-0.000000j,0.368589+0.024871j,-0.704018+0.329701j,4.364788
0.800000-0.000000j,0.368589+0.024871j,-0.704018+0.329701j,4.364788
0.800000-0.000000j,0.368589+0.024871j,-0.704018+0.329701j,4.364788
0.800000-0.000000j,0.368589+0.024871j,-0.704018+0.329701j,4.364788
0.800000-0.000000j,0.368589+0.024871j,-0.704018+0.329701j,4.364788
0.800000-0.000000j,0.368589+0.024871j,-0.704018+0.329701j,4.364788
0.800000-0.000000j,0.368589+0.024871j,-0.704018+0.329701j,4.364788
0.800000-0.000000j,0.368589+0.024871j,-0.704018+0.329701j,4.364788
0.800000-0.000000j,0.368589+0.024871j,-0.704018+0.329701j,4.364788
0.800000-0.000000j,0.368589+0.024871j,-0.704018+0.329701j,4.364788
0.800000-0.000000j,0.368589+0.024871j,-0.704018+0.329701j,4.364788
0.800000-0.000000j,0.368589+0.024871j,-0.704018+0.329701j,4.364788
0.800000-0.000000j,0.368589+0.024871j,-0.704018+0.329701j,4.364788
0.800000-0.000000j,0.368589+0.024871j,-0.704018+0.329701j,4.364788
0.800000-0.000000j,0.368589+0.024871j,-0.704018+0.329701j,4.364788
0.800000-0.000000j,0.368589+0.024871j,-0.704018+0.329701j,4.364788
0.800000-0.000000j,0.368589+0.024871j,-0.704018+0.329701j,4.364788
0.800000-0.000000j,0.368589+0.024871j,-0.704018+0.329701j,4.364788
0.800000-0.000000j,0.368589+0.024871j,-0.704018+0.329701j,4.364788
0.800000-0.000000j,0.368589+0.024871j,-0.704018+0.329701j,4.364788
0.800000-0.000000j,0.368589+0.024871j,-0.704018+0.329701j,4.364788
0.800000-0.000000j,0.368589+0.024871j,-0.704018+0.329701j,4.364788
0.800000-0.000000j,0.368589+0.024871j,-0.704018+0.329701j,4.364788
0.800000-0.000000j,0.368589+0.024871j,-0.704018+0.329701j,4.364788
0.800000-0.000000j,0.368589+0.024871j,-0.704018+0.329701j,4.364788
0.800000-0.000000j,0.368589+0.024871j,-0.704018+0.329701j,4.364788
0.800000-0.000000j,0.368589+0.024871j,-0.704018+0.329701j,4.364788
0.800000-0.000000j,0.368589+0.024871j,-0.704018+0.329701j,4.364788
0.800000-0.000000j,0.368589+0.024871j,-0.704018+0.329701j,4.364788
0.800000-0.000000j,0.368589+0.024871j,-0.704018+0.329701j,4.364788
0.800000-0.000000j,0.368589+0.024871j,-0.704018+0.329701j,4.364788
0.800000-0.000000j,0.368589+0.024871j,-0.704018+0.329701j,4.364788
0.800000-0.000000j,0.368589+0.024871j,-0.704018+0.329701j,4.364788
0.800000-0.000000j,0.368589+0.024871j,-0.704018+0.329701j,4.364788
0.800000-0.000000j,0.368589+0.024871j,-0.704018+0.329701j,4.364788
0.800000-0.000000j,0.368589+0.024871j,-0.704018+0.329701j,4.364788
0.800000-0.000000j,0.368589+0.024871j,-0.704018+0.329701j,4.364788
0.800000-0.000000j,0.368589+0.024871j,-0.704018+0.329701j,4.364788
0.800000-0.000000j,0.368589+0.024871j,-0.704018+0.329701j,4.364788
0.800000-0.000000j,0.368589+0.024871j,-0.704018+0.329701j,4.364788
0.800000-0.000000j,0.368589+0.024871j,-0.704018+0.329701j,4.364788
0.800000-0.000000j,0.368589+0.024871j,-0.704018+0.329701j,4.364788
0.800000-0.000000j,0.368589+0.024871j,-0.704018+0.329701j,4.364788
0.800000-0.000000j,0.368589+0.024871j,-0.704018+0.329701j,4.364788
0.800000-0.000000j,0.368589+0.024871j,-0.704018+0.329701j,4.364788
0.800000-0.000000j,0.368589+0.024871j,-0.704018+0.329701j,4.364788
0.800000-0.000000j,0.368589+0.024871j,-0.704018+0.329701j,4.364788
0.800000-0.000000j,0.368589+0.024871j,-0.704018+0.329701j,4.364788
0.800000-0.000000j,0.368589+0.024871j,-0.704018+0.329701j,4.364788
0.800000-0.000000j,0.368589+0.024871j,-0.704018+0.329701j,4.364788
0.800000-0.000000j,0.368589+0.024871j,-0.704018+0.329701j,4.364788
0.800000-0.000000j,0.368589+0.024871j,-0.704018+0.329701j,4.364788
0.800000-0.000000j,0.368589+0.024871j,-0.704018+0.329701j,4.364788
0.800000-0.000000j,0.368589+0.024871j,-0.704018+0.329701j,4.364788
0.800000-0.000000j,0.368589+0.024871j,-0.704018+0.329701j,4.364788
0.800000-0.000000j,0.368589+0.024871j,-0.704018+0.329701j,4.364788
0.800000-0.000000j,0.368589+0.024871j,-0.704018+0.329701j,4.364788
0.800000-0.000000j,0.368589+0.024871j,-0.704018+0.329701j,4.364788
0.800000-0.000000j,0.368589+0.024871j,-0.704018+0.329701j,4.364788
0.800000-0.000000j,0.368589+0.024871j,-0.704018+0.329701j,4.364788
0.800000-0.000000j,0.368589+0.024871j,-0.704018+0.329701j,4.364788
0.800000-0.000000j,0.368589+0.024871j,-0.704018+0.329701j,4.364788
0.800000-0.000000j,0.368589+0.024871j,-0.704018+0.329701j,4.364788
0.800000-0.000000j,0.368589+0.024871j,-0.704018+0.329701j,4.364788
0.800000-0.000000j,0.368589+0.024871j,-0.704018+0.329701j,4.364788
0.800000-0.000000j,0.368589+0.024871j,-0.704018+0.329701j,4.364788
0.800000-0.000000j,0.368589+0.024871j,-0.704018+0.329701j,4.364788
0.800000-0.000000j,0.368589+0.024871j,-0.704018+0.329701j,4.364788
0.800000-0.000000j,0.368589+0.024871j,-0.704018+0.329701j,4.364788
0.800000-0.000000j,0.368589+0.024871j,-0.704018+0.329701j,4.364788
0.800000-0.000000j,0.368589+0.024871j,-0.704018+0.329701j,4.364788
0.800000-0.000000j,0.368589+0.024871j,-0.704018+0.329701j,4.364788
0.800000-0.000000j,0.368589+0.024871j,-0.704018+0.329701j,4.364788
0.800000-0.000000j,0.368589+0.024871j,-0.704018+0.329701j,4.364788
0.800000-0.000000j,0.368589+0.024871j,-0.704018+0.329701j,4.364788
0.800000-0.000000j,0.368589+0.024871j,-0.704018+0.329701j,4.364788
0.800000-0.000000j,0.368589+0.024871j,-0.704018+0.329701j,4.364788
0.800000-0.000000j,0.368589+0.024871j,-0.704018+0.329701j,4.364788
0.800000-0.000000j,0.368589+0.024871j,-0.704018+0.329701j,4.364788
0.800000-0.000000j,0.368589+0.024871j,-0.704018+0.329701j,4.364788
0.800000-0.000000j,0.368589+0.024871j,-0.704018+0.329701j,4.364788
0.800000-0.000000j,0.368589+0.024871j,-0.704018+0.329701j,4.364788
0.800000-0.000000j,0.368589+0.024871j,-0.704018+0.329701j,4.364788
0.800000-0.000000j,0.368589+0.024871j,-0.704018+0.329701j,4.364788
0.800000-0.000000j,0.368589+0.024871j,-0.704018+0.329701j,4.364788
0.800000-0.000000j,0.368589+0.024871j,-0.704018+0.329701j,4.364788
0.800000-0.000000j,0.368589+0.024871j,-0.704018+0.329701j,4.364788
0.800000-0.000000j,0.368589+0.024871j,-0.704018+0.329701j,4.364788
0.800000-0.000000j,0.368589+0.024871j,-0.704018+0.329701j,4.364788
0.800000-0.000000j,0.368589+0.024871j,-0.704018+0.329701j,4.364788
0.800000-0.000000j,0.368589+0.024871j,-0.704018+0.329701j,4.364788
0.800000-0.000000j,0.368589+0.024871j,-0.704018+0.329701j,4.364788
0.800000-0.000000j,0.368589+0.024871j,-0.704018+0.329701j,4.364788
0.800000-0.000000j,0.368589+0.024871j,-0.704018+0.329701j,4.364788
0.800000-0.000000j,0.368589+0.024871j,-0.704018+0.329701j,4.364788
0.800000-0.000000j,0.368589+0.024871j,-0.704018+0.329701j,4.364788
0.800000-0.000000j,0.368589+0.024871j,-0.704018+0.329701j,4.364788
0.800000-0.000000j,0.368589+0.024871j,-0.704018+0.329701j,4.364788
0.800000-0.000000j,0.368589+0.024871j,-0.704018+0.329701j,4.364788
0.800000-0.000000j,0.368589+0.024871j,-0.704018+0.329701j,4.364788
0.800000-0.000000j,0.368589+0.024871j,-0.704018+0.329701j,4.364788
0.800000-0.000000j,0.368589+0.024871j,-0.704018+0.329701j,4.364788
0.800000-0.000000j,0.368589+0.024871j,-0.704018+0.329701j,4.364788
0.800000-0.000000j,0.368589+0.024871j,-0.704018+0.329701j,4.364788
0.800000-0.000000j,0.368589+0.024871j,-0.704018+0.329701j,4.364788
0.800000-0.000000j,0.368589+0.024871j,-0.704018+0.329701j,4.364788
0.800000-0.000000j,0.368589+0.024871j,-0.704018+0.329701j,4.364788
0.800000-0.000000j,0.368589+0.024871j,-0.704018+0.329701j,4.364788
0.800000-0.000000j,0.368589+0.024871j,-0.704018+0.329701j,4.364788
0.800000-0.000000j,0.368589+0.024871j,-0.704018+0.329701j,4.364788
0.800000-0.000000j,0.368589+0.024871j,-0.704018+0.329701j,4.364788
0.800000-0.000000j,0.368589+0.024871j,-0.704018+0.329701j,4.364788
0.800000-0.000000j,0.368589+0.024871j,-0.704018+0.329701j,4.364788
0.800000-0.000000j,0.368589+0.024871j,-0.704018+0.329701j,4.364788
0.800000-0.000000j,0.368589+0.024871j,-0.704018+0.329701j,4.364788
0.800000-0.000000j,0.368589+0.024871j,-0.704018+0.329701j,4.364788
0.800000-0.000000j,0.368589+0.024871j,-0.704018+0.329701j,4.364788
0.800000-0.000000j,0.368589+0.024871j,-0.704018+0.329701j,4.364788
0.800000-0.000000j,0.368589+0.024871j,-0.704018+0.329701j,4.364788
0.800000-0.000000j,0.368589+0.024871j,-0.704018+0.329701j,4.364788
0.800000-0.000000j,0.368589+0.024871j,-0.704018+0.329701j,4.364788
0.800000-0.000000j,0.368589+0.024871j,-0.704018+0.329701j,4.364788
0.800000-0.000000j,0.368589+0.024871j,-0.704018+0.329701j,4.364788
0.800000-0.000000j,0.368589+0.024871j,-0.704018+0.329701j,4.364788
0.800000-0.000000j,0.368589+0.024871j,-0.704018+0.329701j,4.364788
0.800000-0.000000j,0.368589+0.024871j,-0.704018+0.329701j,4.364788
0.800000-0.000000j,0.368589+0.024871j,-0.704018+0.329701j,4.364788
0.800000-0.000000j,0.368589+0.024871j,-0.704018+0.329701j,4.364788
0.800000-0.000000j,0.368589+0.024871j,-0.704018+0.329701j,4.364788
0.800000-0.000000j,0.368589+0.024871j,-0.704018+0.329701j,4.364788
0.800000-0.000000j,0.368589+0.024871j,-0.704018+0.329701j,4.364788
0.800000-0.000000j,0.368589+0.024871j,-0.704018+0.329701j,4.364788
0.800000-0.000000j,0.368589+0.024871j,-0.704018+0.329701j,4.364788
0.800000-0.000000j,0.368589+0.024871j,-0.704018+0.329701j,4.364788
0.800000-0.000000j,0.368589+0.024871j,-0.704018+0.329701j,4.364788
0.800000-0.000000j,0.368589+0.024871j,-0.704018+0.329701j,4.364788
0.800000-0.000000j,0.368589+0.024871j,-0.704018+0.329701j,4.364788
0.800000-0.000000j,0.368589+0.024871j,-0.704018+0.329701j,4.364788
0.800000-0.000000j,0.368589+0.024871j,-0.704018+0.329701j,4.364788
0.800000-0.000000j,0.368589+0.024871j,-0.704018+0.329701j,4.364788
0.800000-0.000000j,0.368589+0.024871j,-0.704018+0.329701j,4.364788
0.800000-0.000000j,0.368589+0.024871j,-0.704018+0.329701j,4.364788
0.800000-0.000000j,0.368589+0.024871j,-0.704018+0.329701j,4.364788
0.800000-0.000000j,0.368589+0.024871j,-0.704018+0.329701j,4.364788
0.800000-0.000000j,0.368589+0.024871j,-0.704018+0.329701j,4.364788
0.800000-0.000000j,0.368589+0.024871j,-0.704018+0.329701j,4.364788
0.800000-0.000000j,0.368589+0.024871j,-0.704018+0.329701j,4.364788
0.800000-0.000000j,0.368589+0.024871j,-0.704018+0.329701j,4.364788
0.800000-0.000000j,0.368589+0.024871j,-0.704018+0.329701j,4.364788
0.800000-0.000000j,0.368589+0.024871j,-0.704018+0.329701j,4.364788
0.800000-0.000000j,0.368589+0.024871j,-0.704018+0.329701j,4.364788
0.800000-0.000000j,0.368589+0.024871j,-0.704018+0.329701j,4.364788
0.800000-0.000000j,0.368589+0.024871j,-0.704018+0.329701j,4.364788
0.800000-0.000000j,0.368589+0.024871j,-0.704018+0.329701j,4.364788
0.800000-0.000000j,0.368589+0.024871j,-0.704018+0.329701j,4.364788
0.800000-0.000000j,0.368589+0.024871j,-0.704018+0.329701j,4.364788
0.800000-0.000000j,0.368589+0.024871j,-0.704018+0.329701j,4.364788
0.800000-0.000000j,0.368589+0.024871j,-0.704018+0.329701j,4.364788
0.800000-0.000000j,0.368589+0.024871j,-0.704018+0.329701j,4.364788
0.800000-0.000000j,0.368589+0.024871j,-0.704018+0.329701j,4.364788
0.800000-0.000000j,0.368589+0.024871j,-0.704018+0.329701j,4.364788
0.800000-0.000000j,0.368589+0.024871j,-0.704018+0.329701j,4.364788
0.800000-0.000000j,0.368589+0.024871j,-0.704018+0.329701j,4.364788
0.800000-0.000000j,0.368589+0.024871j,-0.704018+0.329701j,4.364788
0.800000-0.000000j,0.368589+0.024871j,-0.704018+0.329701j,4.364788
0.800000-0.000000j,0.368589+0.024871j,-0.704018+0.329701j,4.364788
0.800000-0.000000j,0.368589+0.024871j,-0.704018+0.329701j,4.364788
0.800000-0.000000j,0.368589+0.024871j,-0.704018+0.329701j,4.364788
0.800000-0.000000j,0.368589+0.024871j,-0.704018+0.329701j,4.364788
0.800000-0.000000j,0.368589+0.024871j,-0.704018+0.329701j,4.364788
0.800000-0.000000j,0.368589+0.024871j,-0.704018+0.329701j,4.364788
0.800000-0.000000j,0.368589+0.024871j,-0.704018+0.329701j,4.364788
0.800000-0.000000j,0.368589+0.024871j,-0.704018+0.329701j,4.364788
0.800000-0.000000j,0.368589+0.024871j,-0.704018+0.329701j,4.364788
0.800000-0.000000j,0.368589+0.024871j,-0.704018+0.329701j,4.364788
0.800000-0.000000j,0.368589+0.024871j,-0.704018+0.329701j,4.364788
0.800000-0.000000j,0.368589+0.024871j,-0.704018+0.329701j,4.364788
0.800000-0.000000j,0.368589+0.024871j,-0.704018+0.329701j,4.364788
0.800000-0.000000j,0.368589+0.024871j,-0.704018+0.329701j,4.364788
0.800000-0.000000j,0.368589+0.024871j,-0.704018+0.329701j,4.364788
0.800000-0.000000j,0.368589+0.024871j,-0.704018+0.329701j,4.364788
0.800000-0.000000j,0.368589+0.024871j,-0.704018+0.329701j,4.364788
0.800000-0.000000j,0.368589+0.024871j,-0.704018+0.329701j,4.364788
0.800000-0.000000j,0.368589+0.024871j,-0.704018+0.329701j,4.364788
0.800000-0.000000j,0.368589+0.024871j,-0.704018+0.329701j,4.364788
0.800000-0.000000j,0.368589+0.024871j,-0.704018+0.329701j,4.364788
0.800000-0.000000j,0.368589+0.024871j,-0.704018+0.329701j,4.364788
0.800000-0.000000j,0.368589+0.024871j,-0.704018+0.329701j,4.364788
0.800000-0.000000j,0.368589+0.024871j,-0.704018+0.329701j,4.364788
0.800000-0.000000j,0.368589+0.024871j,-0.704018+0.329701j,4.364788
0.800000-0.000000j,0.368589+0.024871j,-0.704018+0.329701j,4.364788
0.800000-0.000000j,0.368589+0.024871j,-0.704018+0.329701j,4.364788
0.800000-0.000000j,0.368589+0.024871j,-0.704018+0.329701j,4.364788
0.800000-0.000000j,0.368589+0.024871j,-0.704018+0.329701j,4.364788
0.800000-0.000000j,0.368589+0.024871j,-0.704018+0.329701j,4.364788
0.800000-0.000000j,0.368589+0.024871j,-0.704018+0.329701j,4.364788
0.800000-0.000000j,0.368589+0.024871j,-0.704018+0.329701j,4.364788
0.800000-0.000000j,0.368589+0.024871j,-0.704018+0.329701j,4.364788
0.800000-0.000000j,0.368589+0.024871j,-0.704018+0.329701j,4.364788
0.800000-0.000000j,0.368589+0.024871j,-0.704018+0.329701j,4.364788
0.800000-0.000000j,0.368589+0.024871j,-0.704018+0.329701j,4.364788
0.800000-0.000000j,0.368589+0.024871j,-0.704018+0.329701j,4.364788
0.800000-0.000000j,0.368589+0.024871j,-0.704018+0.329701j,4.364788
0.800000-0.000000j,0.368589+0.024871j,-0.704018+0.329701j,4.364788
0.800000-0.000000j,0.368589+0.024871j,-0.704018+0.329701j,4.364788
0.800000-0.000000j,0.368589+0.024871j,-0.704018+0.329701j,4.364788
0.800000-0.000000j,0.368589+0.024871j,-0.704018+0.329701j,4.364788
0.800000-0.000000j,0.368589+0.024871j,-0.704018+0.329701j,4.364788
0.800000-0.000000j,0.368589+0.024871j,-0.704018+0.329701j,4.364788
0.800000-0.000000j,0.368589+0.024871j,-0.704018+0.329701j,4.364788
0.800000-0.000000j,0.368589+0.024871j,-0.704018+0.329701j,4.364788
0.800000-0.000000j,0.368589+0.024871j,-0.704018+0.329701j,4.364788
0.800000-0.000000j,0.368589+0.024871j,-0.704018+0.329701j,4.364788
0.800000-0.000000j,0.368589+0.024871j,-0.704018+0.329701j,4.364788
0.800000-0.000000j,0.368589+0.024871j,-0.704018+0.329701j,4.364788
0.800000-0.000000j,0.368589+0.024871j,-0.704018+0.329701j,4.364788
0.800000-0.000000j,0.368589+0.024871j,-0.704018+0.329701j,4.364788
0.800000-0.000000j,0.368589+0.024871j,-0.704018+0.329701j,4.364788
0.800000-0.000000j,0.368589+0.024871j,-0.704018+0.329701j,4.364788
0.800000-0.000000j,0.368589+0.024871j,-0.704018+0.329701j,4.364788
0.800000-0.000000j,0.368589+0.024871j,-0.704018+0.329701j,4.364788
0.800000-0.000000j,0.368589+0.024871j,-0.704018+0.329701j,4.364788
0.800000-0.000000j,0.368589+0.024871j,-0.704018+0.329701j,4.364788
0.800000-0.000000j,0.368589+0.024871j,-0.704018+0.329701j,4.364788
0.800000-0.000000j,0.368589+0.024871j,-0.704018+0.329701j,4.364788
0.800000-0.000000j,0.368589+0.024871j,-0.704018+0.329701j,4.364788
0.800000-0.000000j,0.368589+0.024871j,-0.704018+0.329701j,4.364788
0.800000-0.000000j,0.368589+0.024871j,-0.704018+0.329701j,4.364788
0.800000-0.000000j,0.368589+0.024871j,-0.704018+0.329701j,4.364788
0.800000-0.000000j,0.368589+0.024871j,-0.704018+0.329701j,4.364788
0.800000-0.000000j,0.368589+0.024871j,-0.704018+0.329701j,4.364788
0.800000-0.000000j,0.368589+0.024871j,-0.704018+0.329701j,4.364788
0.800000-0.000000j,0.368589+0.024871j,-0.704018+0.329701j,4.364788
0.800000-0.000000j,0.368589+0.024871j,-0.704018+0.329701j,4.364788
0.800000-0.000000j,0.368589+0.024871j,-0.704018+0.329701j,4.364788
0.800000-0.000000j,0.368589+0.024871j,-0.704018+0.329701j,4.364788
0.800000-0.000000j,0.368589+0.024871j,-0.704018+0.329701j,4.364788
0.800000-0.000000j,0.368589+0.024871j,-0.704018+0.329701j,4.364788
0.800000-0.000000j,0.368589+0.024871j,-0.704018+0.329701j,4.364788
0.800000-0.000000j,0.368589+0.024871j,-0.704018+0.329701j,4.364788
0.800000-0.000000j,0.368589+0.024871j,-0.704018+0.329701j,4.364788
0.800000-0.000000j,0.368589+0.024871j,-0.704018+0.329701j,4.364788
0.800000-0.000000j,0.368589+0.024871j,-0.704018+0.329701j,4.364788
0.800000-0.000000j,0.368589+0.024871j,-0.704018+0.329701j,4.364788
0.800000-0.000000j,0.368589+0.024871j,-0.704018+0.329701j,4.364788
0.800000-0.000000j,0.368589+0.024871j,-0.704018+0.329701j,4.364788
0.800000-0.000000j,0.368589+0.024871j,-0.704018+0.329701j,4.364788
0.800000-0.000000j,0.368589+0.024871j,-0.704018+0.329701j,4.364788
0.800000-0.000000j,0.368589+0.024871j,-0.704018+0.329701j,4.364788
0.800000-0.000000j,0.368589+0.024871j,-0.704018+0.329701j,4.364788
0.800000-0.000000j,0.368589+0.024871j,-0.704018+0.329701j,4.364788
0.800000-0.000000j,0.368589+0.024871j,-0.704018+0.329701j,4.364788
0.800000-0.000000j,0.368589+0.024871j,-0.704018+0.329701j,4.364788
0.800000-0.000000j,0.368589+0.024871j,-0.704018+0.329701j,4.364788
0.800000-0.000000j,0.368589+0.024871j,-0.704018+0.329701j,4.364788
0.800000-0.000000j,0.368589+0.024871j,-0.704018+0.329701j,4.364788
0.800000-0.000000j,0.368589+0.024871j,-0.704018+0.329701j,4.364788
0.800000-0.000000j,0.368589+0.024871j,-0.704018+0.329701j,4.364788
0.800000-0.000000j,0.368589+0.024871j,-0.704018+0.329701j,4.364788
0.800000-0.000000j,0.368589+0.024871j,-0.704018+0.329701j,4.364788
0.800000-0.000000j,0.368589+0.024871j,-0.704018+0.329701j,4.364788
0.800000-0.000000j,0.368589+0.024871j,-0.704018+0.329701j,4.364788
0.800000-0.000000j,0.368589+0.024871j,-0.704018+0.329701j,4.364788
0.800000-0.000000j,0.368589+0.024871j,-0.704018+0.329701j,4.364788
0.800000-0.000000j,0.368589+0.024871j,-0.704018+0.329701j,4.364788
0.800000-0.000000j,0.368589+0.024871j,-0.704018+0.329701j,4.364788
0.800000-0.000000j,0.368589+0.024871j,-0.704018+0.329701j,4.364788
0.800000-0.000000j,0.368589+0.024871j,-0.704018+0.329701j,4.364788
0.800000-0.000000j,0.368589+0.024871j,-0.704018+0.329701j,4.364788
0.800000-0.000000j,0.368589+0.024871j,-0.704018+0.329701j,4.364788
0.800000-0.000000j,0.368589+0.024871j,-0.704018+0.329701j,4.364788
0.800000-0.000000j,0.368589+0.024871j,-0.704018+0.329701j,4.364788
0.800000-0.000000j,0.368589+0.024871j,-0.704018+0.329701j,4.364788
0.800000-0.000000j,0.368589+0.024871j,-0.704018+0.329701j,4.364788
0.800000-0.000000j,0.368589+0.024871j,-0.704018+0.329701j,4.364788
0.800000-0.000000j,0.368589+0.024871j,-0.704018+0.329701j,4.364788
0.800000-0.000000j,0.368589+0.024871j,-0.704018+0.329701j,4.364788
0.800000-0.000000j,0.368589+0.024871j,-0.704018+0.329701j,4.364788
0.800000-0.000000j,0.368589+0.024871j,-0.704018+0.329701j,4.364788
0.800000-0.000000j,0.368589+0.024871j,-0.704018+0.329701j,4.364788
0.800000-0.000000j,0.368589+0.024871j,-0.704018+0.329701j,4.364788
0.800000-0.000000j,0.368589+0.024871j,-0.704018+0.329701j,4.364788
0.800000-0.000000j,0.368589+0.024871j,-0.704018+0.329701j,4.364788
0.800000-0.000000j,0.368589+0.024871j,-0.704018+0.329701j,4.364788
0.800000-0.000000j,0.368589+0.024871j,-0.704018+0.329701j,4.364788
0.800000-0.000000j,0.368589+0.024871j,-0.704018+0.329701j,4.364788
0.800000-0.000000j,0.368589+0.024871j,-0.704018+0.329701j,4.364788
0.800000-0.000000j,0.368589+0.024871j,-0.704018+0.329701j,4.364788
0.800000-0.000000j,0.368589+0.024871j,-0.704018+0.329701j,4.364788
0.800000-0.000000j,0.368589+0.024871j,-0.704018+0.329701j,4.364788
0.800000-0.000000j,0.368589+0.024871j,-0.704018+0.329701j,4.364788
0.800000-0.000000j,0.368589+0.024871j,-0.704018+0.329701j,4.364788
0.800000-0.000000j,0.368589+0.024871j,-0.704018+0.329701j,4.364788
0.800000-0.000000j,0.368589+0.024871j,-0.704018+0.329701j,4.364788
0.800000-0.000000j,0.368589+0.024871j,-0.704018+0.329701j,4.364788
0.800000-0.000000j,0.368589+0.024871j,-0.704018+0.329701j,4.364788
0.800000-0.000000j,0.368589+0.024871j,-0.704018+0.329701j,4.364788
0.800000-0.000000j,0.368589+0.024871j,-0.704018+0.329701j,4.364788
0.800000-0.000000j,0.368589+0.024871j,-0.704018+0.329701j,4.364788
0.800000-0.000000j,0.368589+0.024871j,-0.704018+0.329701j,4.364788
0.800000-0.000000j,0.368589+0.024871j,-0.704018+0.329701j,4.364788
0.800000-0.000000j,0.368589+0.024871j,-0.704018+0.329701j,4.364788
0.800000-0.000000j,0.368589+0.024871j,-0.704018+0.329701j,4.364788
0.800000-0.000000j,0.368589+0.024871j,-0.704018+0.329701j,4.364788
0.800000-0.000000j,0.368589+0.024871j,-0.704018+0.329701j,4.364788
0.800000-0.000000j,0.368589+0.024871j,-0.704018+0.329701j,4.364788
0.800000-0.000000j,0.368589+0.024871j,-0.704018+0.329701j,4.364788
0.800000-0.000000j,0.368589+0.024871j,-0.704018+0.329701j,4.364788
0.800000-0.000000j,0.368589+0.024871j,-0.704018+0.329701j,4.364788
0.800000-0.000000j,0.368589+0.024871j,-0.704018+0.329701j,4.364788
0.800000-0.000000j,0.368589+0.024871j,-0.704018+0.329701j,4.364788
0.800000-0.000000j,0.368589+0.024871j,-0.704018+0.329701j,4.364788
0.800000-0.000000j,0.368589+0.024871j,-0.704018+0.329701j,4.364788
0.800000-0.000000j,0.368589+0.024871j,-0.704018+0.329701j,4.364788
0.800000-0.000000j,0.368589+0.024871j,-0.704018+0.329701j,4.364788
0.800000-0.000000j,0.368589+0.024871j,-0.704018+0.329701j,4.364788
0.800000-0.000000j,0.368589+0.024871j,-0.704018+0.329701j,4.364788
0.800000-0.000000j,0.368589+0.024871j,-0.704018+0.329701j,4.364788
0.800000-0.000000j,0.368589+0.024871j,-0.704018+0.329701j,4.364788
0.800000-0.000000j,0.368589+0.024871j,-0.704018+0.329701j,4.364788
0.800000-0.000000j,0.368589+0.024871j,-0.704018+0.329701j,4.364788
0.800000-0.000000j,0.368589+0.024871j,-0.704018+0.329701j,4.364788
0.800000-0.000000j,0.368589+0.024871j,-0.704018+0.329701j,4.364788
0.800000-0.000000j,0.368589+0.024871j,-0.704018+0.329701j,4.364788
0.800000-0.000000j,0.368589+0.024871j,-0.704018+0.329701j,4.364788
0.800000-0.000000j,0.368589+0.024871j,-0.704018+0.329701j,4.364788
0.800000-0.000000j,0.368589+0.024871j,-0.704018+0.329701j,4.364788
0.800000-0.000000j,0.368589+0.024871j,-0.704018+0.329701j,4.364788
0.800000-0.000000j,0.368589+0.024871j,-0.704018+0.329701j,4.364788
0.800000-0.000000j,0.368589+0.024871j,-0.704018+0.329701j,4.364788
0.800000-0.000000j,0.368589+0.024871j,-0.704018+0.329701j,4.364788
0.800000-0.000000j,0.368589+0.024871j,-0.704018+0.329701j,4.364788
0.800000-0.000000j,0.368589+0.024871j,-0.704018+0.329701j,4.364788
0.800000-0.000000j,0.368589+0.024871j,-0.704018+0.329701j,4.364788
0.800000-0.000000j,0.368589+0.024871j,-0.704018+0.329701j,4.364788
0.800000-0.000000j,0.368589+0.024871j,-0.704018+0.329701j,4.364788
0.800000-0.000000j,0.368589+0.024871j,-0.704018+0.329701j,4.364788
0.800000-0.000000j,0.368589+0.024871j,-0.704018+0.329701j,4.364788
0.800000-0.000000j,0.368589+0.024871j,-0.704018+0.329701j,4.364788
0.800000-0.000000j,0.368589+0.024871j,-0.704018+0.329701j,4.364788
0.800000-0.000000j,0.368589+0.024871j,-0.704018+0.329701j,4.364788
0.800000-0.000000j,0.368589+0.024871j,-0.704018+0.329701j,4.364788
0.800000-0.000000j,0.368589+0.024871j,-0.704018+0.329701j,4.364788
0.800000-0.000000j,0.368589+0.024871j,-0.704018+0.329701j,4.364788
0.800000-0.000000j,0.368589+0.024871j,-0.704018+0.329701j,4.364788
0.800000-0.000000j,0.368589+0.024871j,-0.704018+0.329701j,4.364788
0.800000-0.000000j,0.368589+0.024871j,-0.704018+0.329701j,4.364788
0.800000-0.000000j,0.368589+0.024871j,-0.704018+0.329701j,4.364788
0.800000-0.000000j,0.368589+0.024871j,-0.704018+0.329701j,4.364788
0.800000-0.000000j,0.368589+0.024871j,-0.704018+0.329701j,4.364788
0.800000-0.000000j,0.368589+0.024871j,-0.704018+0.329701j,4.364788
0.800000-0.000000j,0.368589+0.024871j,-0.704018+0.329701j,4.364788
0.800000-0.000000j,0.368589+0.024871j,-0.704018+0.329701j,4.364788
0.800000-0.000000j,0.368589+0.024871j,-0.704018+0.329701j,4.364788
0.800000-0.000000j,0.368589+0.024871j,-0.704018+0.329701j,4.364788
0.800000-0.000000j,0.368589+0.024871j,-0.704018+0.329701j,4.364788
0.800000-0.000000j,0.368589+0.024871j,-0.704018+0.329701j,4.364788
0.800000-0.000000j,0.368589+0.024871j,-0.704018+0.329701j,4.364788
0.800000-0.000000j,0.368589+0.024871j,-0.704018+0.329701j,4.364788
0.800000-0.000000j,0.368589+0.024871j,-0.704018+0.329701j,4.364788
0.800000-0.000000j,0.368589+0.024871j,-0.704018+0.329701j,4.364788
0.800000-0.000000j,0.368589+0.024871j,-0.704018+0.329701j,4.364788
0.800000-0.000000j,0.368589+0.024871j,-0.704018+0.329701j,4.364788
0.800000-0.000000j,0.368589+0.024871j,-0.704018+0.329701j,4.364788
0.800000-0.000000j,0.368589+0.024871j,-0.704018+0.329701j,4.364788
0.800000-0.000000j,0.368589+0.024871j,-0.704018+0.329701j,4.364788
0.800000-0.000000j,0.368589+0.024871j,-0.704018+0.329701j,4.364788
0.800000-0.000000j,0.368589+0.024871j,-0.704018+0.329701j,4.364788
0.800000-0.000000j,0.368589+0.024871j,-0.704018+0.329701j,4.364788
0.800000-0.000000j,0.368589+0.024871j,-0.704018+0.329701j,4.364788
0.800000-0.000000j,0.368589+0.024871j,-0.704018+0.329701j,4.364788
0.800000-0.000000j,0.368589+0.024871j,-0.704018+0.329701j,4.364788
0.800000-0.000000j,0.368589+0.024871j,-0.704018+0.329701j,4.364788
0.800000-0.000000j,0.368589+0.024871j,-0.704018+0.329701j,4.364788
0.800000-0.000000j,0.368589+0.024871j,-0.704018+0.329701j,4.364788
0.800000-0.000000j,0.368589+0.024871j,-0.704018+0.329701j,4.364788
0.800000-0.000000j,0.368589+0.024871j,-0.704018+0.329701j,4.364788
0.800000-0.000000j,0.368589+0.024871j,-0.704018+0.329701j,4.364788
0.800000-0.000000j,0.368589+0.024871j,-0.704018+0.329701j,4.364788
0.800000-0.000000j,0.368589+0.024871j,-0.704018+0.329701j,4.364788
0.800000-0.000000j,0.368589+0.024871j,-0.704018+0.329701j,4.364788
0.800000-0.000000j,0.368589+0.024871j,-0.704018+0.329701j,4.364788
0.800000-0.000000j,0.368589+0.024871j,-0.704018+0.329701j,4.364788
0.800000-0.000000j,0.368589+0.024871j,-0.704018+0.329701j,4.364788
0.800000-0.000000j,0.368589+0.024871j,-0.704018+0.329701j,4.364788
0.800000-0.000000j,0.368589+0.024871j,-0.704018+0.329701j,4.364788
0.800000-0.000000j,0.368589+0.024871j,-0.704018+0.329701j,4.364788
0.800000-0.000000j,0.368589+0.024871j,-0.704018+0.329701j,4.364788
0.800000-0.000000j,0.368589+0.024871j,-0.704018+0.329701j,4.364788
0.800000-0.000000j,0.368589+0.024871j,-0.704018+0.329701j,4.364788
0.800000-0.000000j,0.368589+0.024871j,-0.704018+0.329701j,4.364788
0.800000-0.000000j,0.368589+0.024871j,-0.704018+0.329701j,4.364788
0.800000-0.000000j,0.368589+0.024871j,-0.704018+0.329701j,4.364788
0.800000-0.000000j,0.368589+0.024871j,-0.704018+0.329701j,4.364788
0.800000-0.000000j,0.368589+0.024871j,-0.704018+0.329701j,4.364788
0.800000-0.000000j,0.368589+0.024871j,-0.704018+0.329701j,4.364788
0.800000-0.000000j,0.368589+0.024871j,-0.704018+0.329701j,4.364788
0.800000-0.000000j,0.368589+0.024871j,-0.704018+0.329701j,4.364788
0.800000-0.000000j,0.368589+0.024871j,-0.704018+0.329701j,4.364788
0.800000-0.000000j,0.368589+0.024871j,-0.704018+0.329701j,4.364788
0.800000-0.000000j,0.368589+0.024871j,-0.704018+0.329701j,4.364788
0.800000-0.000000j,0.368589+0.024871j,-0.704018+0.329701j,4.364788
0.800000-0.000000j,0.368589+0.024871j,-0.704018+0.329701j,4.364788
0.800000-0.000000j,0.368589+0.024871j,-0.704018+0.329701j,4.364788
0.800000-0.000000j,0.368589+0.024871j,-0.704018+0.329701j,4.364788
0.800000-0.000000j,0.368589+0.024871j,-0.704018+0.329701j,4.364788
0.800000-0.000000j,0.368589+0.024871j,-0.704018+0.329701j,4.364788
0.800000-0.000000j,0.368589+0.024871j,-0.704018+0.329701j,4.364788
0.800000-0.000000j,0.368589+0.024871j,-0.704018+0.329701j,4.364788
0.800000-0.000000j,0.368589+0.024871j,-0.704018+0.329701j,4.364788
0.800000-0.000000j,0.368589+0.024871j,-0.704018+0.329701j,4.364788
0.800000-0.000000j,0.368589+0.024871j,-0.704018+0.329701j,4.364788
0.800000-0.000000j,0.368589+0.024871j,-0.704018+0.329701j,4.364788
0.800000-0.000000j,0.368589+0.024871j,-0.704018+0.329701j,4.364788
0.800000-0.000000j,0.368589+0.024871j,-0.704018+0.329701j,4.364788
0.800000-0.000000j,0.368589+0.024871j,-0.704018+0.329701j,4.364788
0.800000-0.000000j,0.368589+0.024871j,-0.704018+0.329701j,4.364788
0.800000-0.000000j,0.368589+0.024871j,-0.704018+0.329701j,4.364788
0.800000-0.000000j,0.368589+0.024871j,-0.704018+0.329701j,4.364788
0.800000-0.000000j,0.368589+0.024871j,-0.704018+0.329701j,4.364788
0.800000-0.000000j,0.368589+0.024871j,-0.704018+0.329701j,4.364788
0.800000-0.000000j,0.368589+0.024871j,-0.704018+0.329701j,4.364788
0.800000-0.000000j,0.368589+0.024871j,-0.704018+0.329701j,4.364788
0.800000-0.000000j,0.368589+0.024871j,-0.704018+0.329701j,4.364788
0.800000-0.000000j,0.368589+0.024871j,-0.704018+0.329701j,4.364788
0.800000-0.000000j,0.368589+0.024871j,-0.704018+0.329701j,4.364788
0.800000-0.000000j,0.368589+0.024871j,-0.704018+0.329701j,4.364788
0.800000-0.000000j,0.368589+0.024871j,-0.704018+0.329701j,4.364788
0.800000-0.000000j,0.368589+0.024871j,-0.704018+0.329701j,4.364788
0.800000-0.000000j,0.368589+0.024871j,-0.704018+0.329701j,4.364788
0.800000-0.000000j,0.368589+0.024871j,-0.704018+0.329701j,4.364788
0.800000-0.000000j,0.368589+0.024871j,-0.704018+0.329701j,4.364788
0.800000-0.000000j,0.368589+0.024871j,-0.704018+0.329701j,4.364788
0.800000-0.000000j,0.368589+0.024871j,-0.704018+0.329701j,4.364788
0.800000-0.000000j,0.368589+0.024871j,-0.704018+0.329701j,4.364788
0.800000-0.000000j,0.368589+0.024871j,-0.704018+0.329701j,4.364788
0.800000-0.000000j,0.368589+0.024871j,-0.704018+0.329701j,4.364788
0.800000-0.000000j,0.368589+0.024871j,-0.704018+0.329701j,4.364788
0.800000-0.000000j,0.368589+0.024871j,-0.704018+0.329701j,4.364788
0.800000-0.000000j,0.368589+0.024871j,-0.704018+0.329701j,4.364788
0.800000-0.000000j,0.368589+0.024871j,-0.704018+0.329701j,4.364788
0.800000-0.000000j,0.368589+0.024871j,-0.704018+0.329701j,4.364788
0.800000-0.000000j,0.368589+0.024871j,-0.704018+0.329701j,4.364788
0.800000-0.000000j,0.368589+0.024871j,-0.704018+0.329701j,4.364788
0.800000-0.000000j,0.368589+0.024871j,-0.704018+0.329701j,4.364788
0.800000-0.000000j,0.368589+0.024871j,-0.704018+0.329701j,4.364788
0.800000-0.000000j,0.368589+0.024871j,-0.704018+0.329701j,4.364788
0.800000-0.000000j,0.368589+0.024871j,-0.704018+0.329701j,4.364788
0.800000-0.000000j,0.368589+0.024871j,-0.704018+0.329701j,4.364788
0.800000-0.000000j,0.368589+0.024871j,-0.704018+0.329701j,4.364788
0.800000-0.000000j,0.368589+0.024871j,-0.704018+0.329701j,4.364788
0.800000-0.000000j,0.368589+0.024871j,-0.704018+0.329701j,4.364788
0.800000-0.000000j,0.368589+0.024871j,-0.704018+0.329701j,4.364788
0.800000-0.000000j,0.368589+0.024871j,-0.704018+0.329701j,4.364788
0.800000-0.000000j,0.368589+0.024871j,-0.704018+0.329701j,4.364788
0.800000-0.000000j,0.368589+0.024871j,-0.704018+0.329701j,4.364788
0.800000-0.000000j,0.368589+0.024871j,-0.704018+0.329701j,4.364788
0.800000-0.000000j,0.368589+0.024871j,-0.704018+0.329701j,4.364788
0.800000-0.000000j,0.368589+0.024871j,-0.704018+0.329701j,4.364788
0.800000-0.000000j,0.368589+0.024871j,-0.704018+0.329701j,4.364788
0.800000-0.000000j,0.368589+0.024871j,-0.704018+0.329701j,4.364788
0.800000-0.000000j,0.368589+0.024871j,-0.704018+0.329701j,4.364788
0.800000-0.000000j,0.368589+0.024871j,-0.704018+0.329701j,4.364788
0.800000-0.000000j,0.368589+0.024871j,-0.704018+0.329701j,4.364788
0.800000-0.000000j,0.368589+0.024871j,-0.704018+0.329701j,4.364788
0.800000-0.000000j,0.368589+0.024871j,-0.704018+0.329701j,4.364788
0.800000-0.000000j,0.368589+0.024871j,-0.704018+0.329701j,4.364788
0.800000-0.000000j,0.368589+0.024871j,-0.704018+0.329701j,4.364788
0.800000-0.000000j,0.368589+0.024871j,-0.704018+0.329701j,4.364788
0.800000-0.000000j,0.368589+0.024871j,-0.704018+0.329701j,4.364788
0.800000-0.000000j,0.368589+0.024871j,-0.704018+0.329701j,4.364788
0.800000-0.000000j,0.368589+0.024871j,-0.704018+0.329701j,4.364788
0.800000-0.000000j,0.368589+0.024871j,-0.704018+0.329701j,4.364788
0.800000-0.000000j,0.368589+0.024871j,-0.704018+0.329701j,4.364788
0.800000-0.000000j,0.368589+0.024871j,-0.704018+0.329701j,4.364788
0.800000-0.000000j,0.368589+0.024871j,-0.704018+0.329701j,4.364788
0.800000-0.000000j,0.368589+0.024871j,-0.704018+0.329701j,4.364788
0.800000-0.000000j,0.368589+0.024871j,-0.704018+0.329701j,4.364788
0.800000-0.000000j,0.368589+0.024871j,-0.704018+0.329701j,4.364788
0.800000-0.000000j,0.368589+0.024871j,-0.704018+0.329701j,4.364788
0.800000-0.000000j,0.368589+0.024871j,-0.704018+0.329701j,4.364788
0.800000-0.000000j,0.368589+0.024871j,-0.704018+0.329701j,4.364788
0.800000-0.000000j,0.368589+0.024871j,-0.704018+0.329701j,4.364788
0.800000-0.000000j,0.368589+0.024871j,-0.704018+0.329701j,4.364788
0.800000-0.000000j,0.368589+0.024871j,-0.704018+0.329701j,4.364788
0.800000-0.000000j,0.368589+0.024871j,-0.704018+0.329701j,4.364788
0.800000-0.000000j,0.368589+0.024871j,-0.704018+0.329701j,4.364788
0.800000-0.000000j,0.368589+0.024871j,-0.704018+0.329701j,4.364788
0.800000-0.000000j,0.368589+0.024871j,-0.704018+0.329701j,4.364788
0.800000-0.000000j,0.368589+0.024871j,-0.704018+0.329701j,4.364788
0.800000-0.000000j,0.368589+0.024871j,-0.704018+0.329701j,4.364788
0.800000-0.000000j,0.368589+0.024871j,-0.704018+0.329701j,4.364788
0.800000-0.000000j,0.368589+0.024871j,-0.704018+0.329701j,4.364788
0.800000-0.000000j,0.368589+0.024871j,-0.704018+0.329701j,4.364788
0.800000-0.000000j,0.368589+0.024871j,-0.704018+0.329701j,4.364788
0.800000-0.000000j,0.368589+0.024871j,-0.704018+0.329701j,4.364788
0.800000-0.000000j,0.368589+0.024871j,-0.704018+0.329701j,4.364788
0.800000-0.000000j,0.368589+0.024871j,-0.704018+0.329701j,4.364788
0.800000-0.000000j,0.368589+0.024871j,-0.704018+0.329701j,4.364788
0.800000-0.000000j,0.368589+0.024871j,-0.704018+0.329701j,4.364788
0.800000-0.000000j,0.368589+0.024871j,-0.704018+0.329701j,4.364788
0.800000-0.000000j,0.368589+0.024871j,-0.704018+0.329701j,4.364788
0.800000-0.000000j,0.368589+0.024871j,-0.704018+0.329701j,4.364788
0.800000-0.000000j,0.368589+0.024871j,-0.704018+0.329701j,4.364788
0.800000-0.000000j,0.368589+0.024871j,-0.704018+0.329701j,4.364788
0.800000-0.000000j,0.368589+0.024871j,-0.704018+0.329701j,4.364788
0.800000-0.000000j,0.368589+0.024871j,-0.704018+0.329701j,4.364788
0.800000-0.000000j,0.368589+0.024871j,-0.704018+0.329701j,4.364788
0.800000-0.000000j,0.368589+0.024871j,-0.704018+0.329701j,4.364788
0.800000-0.000000j,0.368589+0.024871j,-0.704018+0.329701j,4.364788
0.800000-0.000000j,0.368589+0.024871j,-0.704018+0.329701j,4.364788
0.800000-0.000000j,0.368589+0.024871j,-0.704018+0.329701j,4.364788
0.800000-0.000000j,0.368589+0.024871j,-0.704018+0.329701j,4.364788
0.800000-0.000000j,0.368589+0.024871j,-0.704018+0.329701j,4.364788
0.800000-0.000000j,0.368589+0.024871j,-0.704018+0.329701j,4.364788
0.800000-0.000000j,0.368589+0.024871j,-0.704018+0.329701j,4.364788
0.800000-0.000000j,0.368589+0.024871j,-0.704018+0.329701j,4.364788
0.800000-0.000000j,0.368589+0.024871j,-0.704018+0.329701j,4.364788
0.800000-0.000000j,0.368589+0.024871j,-0.704018+0.329701j,4.364788
0.800000-0.000000j,0.368589+0.024871j,-0.704018+0.329701j,4.364788
0.800000-0.000000j,0.368589+0.024871j,-0.704018+0.329701j,4.364788
0.800000-0.000000j,0.368589+0.024871j,-0.704018+0.329701j,4.364788
0.800000-0.000000j,0.368589+0.024871j,-0.704018+0.329701j,4.364788
0.800000-0.000000j,0.368589+0.024871j,-0.704018+0.329701j,4.364788
0.800000-0.000000j,0.368589+0.024871j,-0.704018+0.329701j,4.364788
0.800000-0.000000j,0.368589+0.024871j,-0.704018+0.329701j,4.364788
0.800000-0.000000j,0.368589+0.024871j,-0.704018+0.329701j,4.364788
0.800000-0.000000j,0.368589+0.024871j,-0.704018+0.329701j,4.364788
0.800000-0.000000j,0.368589+0.024871j,-0.704018+0.329701j,4.364788
0.800000-0.000000j,0.368589+0.024871j,-0.704018+0.329701j,4.364788
0.800000-0.000000j,0.368589+0.024871j,-0.704018+0.329701j,4.364788
0.800000-0.000000j,0.368589+0.024871j,-0.704018+0.329701j,4.364788
0.800000-0.000000j,0.368589+0.024871j,-0.704018+0.329701j,4.364788
0.800000-0.000000j,0.368589+0.024871j,-0.704018+0.329701j,4.364788
0.800000-0.000000j,0.368589+0.024871j,-0.704018+0.329701j,4.364788
0.800000-0.000000j,0.368589+0.024871j,-0.704018+0.329701j,4.364788
0.800000-0.000000j,0.368589+0.024871j,-0.704018+0.329701j,4.364788
0.800000-0.000000j,0.368589+0.024871j,-0.704018+0.329701j,4.364788
0.800000-0.000000j,0.368589+0.024871j,-0.704018+0.329701j,4.364788
0.800000-0.000000j,0.368589+0.024871j,-0.704018+0.329701j,4.364788
0.800000-0.000000j,0.368589+0.024871j,-0.704018+0.329701j,4.364788
0.800000-0.000000j,0.368589+0.024871j,-0.704018+0.329701j,4.364788
0.800000-0.000000j,0.368589+0.024871j,-0.704018+0.329701j,4.364788
0.800000-0.000000j,0.368589+0.024871j,-0.704018+0.329701j,4.364788
0.800000-0.000000j,0.368589+0.024871j,-0.704018+0.329701j,4.364788
0.800000-0.000000j,0.368589+0.024871j,-0.704018+0.329701j,4.364788
0.800000-0.000000j,0.368589+0.024871j,-0.704018+0.329701j,4.364788
0.800000-0.000000j,0.368589+0.024871j,-0.704018+0.329701j,4.364788
0.800000-0.000000j,0.368589+0.024871j,-0.704018+0.329701j,4.364788
0.800000-0.000000j,0.368589+0.024871j,-0.704018+0.329701j,4.364788
0.800000-0.000000j,0.368589+0.024871j,-0.704018+0.329701j,4.364788
0.800000-0.000000j,0.368589+0.024871j,-0.704018+0.329701j,4.364788
0.800000-0.000000j,0.368589+0.024871j,-0.704018+0.329701j,4.364788
0.800000-0.000000j,0.368589+0.024871j,-0.704018+0.329701j,4.364788
0.800000-0.000000j,0.368589+0.024871j,-0.704018+0.329701j,4.364788
0.800000-0.000000j,0.368589+0.024871j,-0.704018+0.329701j,4.364788
0.800000-0.000000j,0.368589+0.024871j,-0.704018+0.329701j,4.364788
0.800000-0.000000j,0.368589+0.024871j,-0.704018+0.329701j,4.364788
0.800000-0.000000j,0.368589+0.024871j,-0.704018+0.329701j,4.364788
0.800000-0.000000j,0.368589+0.024871j,-0.704018+0.329701j,4.364788
0.800000-0.000000j,0.368589+0.024871j,-0.704018+0.329701j,4.364788
0.800000-0.000000j,0.368589+0.024871j,-0.704018+0.329701j,4.364788
0.800000-0.000000j,0.368589+0.024871j,-0.704018+0.329701j,4.364788
0.800000-0.000000j,0.368589+0.024871j,-0.704018+0.329701j,4.364788
0.800000-0.000000j,0.368589+0.024871j,-0.704018+0.329701j,4.364788
0.800000-0.000000j,0.368589+0.024871j,-0.704018+0.329701j,4.364788
0.800000-0.000000j,0.368589+0.024871j,-0.704018+0.329701j,4.364788
0.800000-0.000000j,0.368589+0.024871j,-0.704018+0.329701j,4.364788
0.800000-0.000000j,0.368589+0.024871j,-0.704018+0.329701j,4.364788
0.800000-0.000000j,0.368589+0.024871j,-0.704018+0.329701j,4.364788
0.800000-0.000000j,0.368589+0.024871j,-0.704018+0.329701j,4.364788
0.800000-0.000000j,0.368589+0.024871j,-0.704018+0.329701j,4.364788
0.800000-0.000000j,0.368589+0.024871j,-0.704018+0.329701j,4.364788
0.800000-0.000000j,0.368589+0.024871j,-0.704018+0.329701j,4.364788
0.800000-0.000000j,0.368589+0.024871j,-0.704018+0.329701j,4.364788
0.800000-0.000000j,0.368589+0.024871j,-0.704018+0.329701j,4.364788
0.800000-0.000000j,0.368589+0.024871j,-0.704018+0.329701j,4.364788
0.800000-0.000000j,0.368589+0.024871j,-0.704018+0.329701j,4.364788
0.800000-0.000000j,0.368589+0.024871j,-0.704018+0.329701j,4.364788
0.800000-0.000000j,0.368589+0.024871j,-0.704018+0.329701j,4.364788
0.800000-0.000000j,0.368589+0.024871j,-0.704018+0.329701j,4.364788
0.800000-0.000000j,0.368589+0.024871j,-0.704018+0.329701j,4.364788
0.800000-0.000000j,0.368589+0.024871j,-0.704018+0.329701j,4.364788
0.800000-0.000000j,0.368589+0.024871j,-0.704018+0.329701j,4.364788
0.800000-0.000000j,0.368589+0.024871j,-0.704018+0.329701j,4.364788
0.800000-0.000000j,0.368589+0.024871j,-0.704018+0.329701j,4.364788
0.800000-0.000000j,0.368589+0.024871j,-0.704018+0.329701j,4.364788
0.800000-0.000000j,0.368589+0.024871j,-0.704018+0.329701j,4.364788
0.800000-0.000000j,0.368589+0.024871j,-0.704018+0.329701j,4.364788
0.800000-0.000000j,0.368589+0.024871j,-0.704018+0.329701j,4.364788
0.800000-0.000000j,0.368589+0.024871j,-0.704018+0.329701j,4.364788
0.800000-0.000000j,0.368589+0.024871j,-0.704018+0.329701j,4.364788
0.800000-0.000000j,0.368589+0.024871j,-0.704018+0.329701j,4.364788
0.800000-0.000000j,0.368589+0.024871j,-0.704018+0.329701j,4.364788
0.800000-0.000000j,0.368589+0.024871j,-0.704018+0.329701j,4.364788
0.800000-0.000000j,0.368589+0.024871j,-0.704018+0.329701j,4.364788
0.800000-0.000000j,0.368589+0.024871j,-0.704018+0.329701j,4.364788
0.800000-0.000000j,0.368589+0.024871j,-0.704018+0.329701j,4.364788
0.800000-0.000000j,0.368589+0.024871j,-0.704018+0.329701j,4.364788
0.800000-0.000000j,0.368589+0.024871j,-0.704018+0.329701j,4.364788
0.800000-0.000000j,0.368589+0.024871j,-0.704018+0.329701j,4.364788
0.800000-0.000000j,0.368589+0.024871j,-0.704018+0.329701j,4.364788
0.800000-0.000000j,0.368589+0.024871j,-0.704018+0.329701j,4.364788
0.800000-0.000000j,0.368589+0.024871j,-0.704018+0.329701j,4.364788
0.800000-0.000000j,0.368589+0.024871j,-0.704018+0.329701j,4.364788
0.800000-0.000000j,0.368589+0.024871j,-0.704018+0.329701j,4.364788
0.800000-0.000000j,0.368589+0.024871j,-0.704018+0.329701j,4.364788
0.800000-0.000000j,0.368589+0.024871j,-0.704018+0.329701j,4.364788
0.800000-0.000000j,0.368589+0.024871j,-0.704018+0.329701j,4.364788
0.800000-0.000000j,0.368589+0.024871j,-0.704018+0.329701j,4.364788
0.800000-0.000000j,0.368589+0.024871j,-0.704018+0.329701j,4.364788
0.800000-0.000000j,0.368589+0.024871j,-0.704018+0.329701j,4.364788
0.800000-0.000000j,0.368589+0.024871j,-0.704018+0.329701j,4.364788
0.800000-0.000000j,0.368589+0.024871j,-0.704018+0.329701j,4.364788
0.800000-0.000000j,0.368589+0.024871j,-0.704018+0.329701j,4.364788
0.800000-0.000000j,0.368589+0.024871j,-0.704018+0.329701j,4.364788
0.800000-0.000000j,0.368589+0.024871j,-0.704018+0.329701j,4.364788
0.800000-0.000000j,0.368589+0.024871j,-0.704018+0.329701j,4.364788
0.800000-0.000000j,0.368589+0.024871j,-0.704018+0.329701j,4.364788
0.800000-0.000000j,0.368589+0.024871j,-0.704018+0.329701j,4.364788
0.800000-0.000000j,0.368589+0.024871j,-0.704018+0.329701j,4.364788
0.800000-0.000000j,0.368589+0.024871j,-0.704018+0.329701j,4.364788
0.800000-0.000000j,0.368589+0.024871j,-0.704018+0.329701j,4.364788
0.800000-0.000000j,0.368589+0.024871j,-0.704018+0.329701j,4.364788
0.800000-0.000000j,0.368589+0.024871j,-0.704018+0.329701j,4.364788
0.800000-0.000000j,0.368589+0.024871j,-0.704018+0.329701j,4.364788
0.800000-0.000000j,0.368589+0.024871j,-0.704018+0.329701j,4.364788
0.800000-0.000000j,0.368589+0.024871j,-0.704018+0.329701j,4.364788
0.800000-0.000000j,0.368589+0.024871j,-0.704018+0.329701j,4.364788
0.800000-0.000000j,0.368589+0.024871j,-0.704018+0.329701j,4.364788
0.800000-0.000000j,0.368589+0.024871j,-0.704018+0.329701j,4.364788
0.800000-0.000000j,0.368589+0.024871j,-0.704018+0.329701j,4.364788
0.800000-0.000000j,0.368589+0.024871j,-0.704018+0.329701j,4.364788
0.800000-0.000000j,0.368589+0.024871j,-0.704018+0.329701j,4.364788
0.800000-0.000000j,0.368589+0.024871j,-0.704018+0.329701j,4.364788
0.800000-0.000000j,0.368589+0.024871j,-0.704018+0.329701j,4.364788
0.800000-0.000000j,0.368589+0.024871j,-0.704018+0.329701j,4.364788
0.800000-0.000000j,0.368589+0.024871j,-0.704018+0.329701j,4.364788
0.800000-0.000000j,0.368589+0.024871j,-0.704018+0.329701j,4.364788
0.800000-0.000000j,0.368589+0.024871j,-0.704018+0.329701j,4.364788
0.800000-0.000000j,0.368589+0.024871j,-0.704018+0.329701j,4.364788
0.800000-0.000000j,0.368589+0.024871j,-0.704018+0.329701j,4.364788
0.800000-0.000000j,0.368589+0.024871j,-0.704018+0.329701j,4.364788
0.800000-0.000000j,0.368589+0.024871j,-0.704018+0.329701j,4.364788
0.800000-0.000000j,0.368589+0.024871j,-0.704018+0.329701j,4.364788
0.800000-0.000000j,0.368589+0.024871j,-0.704018+0.329701j,4.364788
0.800000-0.000000j,0.368589+0.024871j,-0.704018+0.329701j,4.364788
0.800000-0.000000j,0.368589+0.024871j,-0.704018+0.329701j,4.364788
0.800000-0.000000j,0.368589+0.024871j,-0.704018+0.329701j,4.364788
0.800000-0.000000j,0.368589+0.024871j,-0.704018+0.329701j,4.364788
0.800000-0.000000j,0.368589+0.024871j,-0.704018+0.329701j,4.364788
0.800000-0.000000j,0.368589+0.024871j,-0.704018+0.329701j,4.364788
0.800000-0.000000j,0.368589+0.024871j,-0.704018+0.329701j,4.364788
0.800000-0.000000j,0.368589+0.024871j,-0.704018+0.329701j,4.364788
0.800000-0.000000j,0.368589+0.024871j,-0.704018+0.329701j,4.364788
0.800000-0.000000j,0.368589+0.024871j,-0.704018+0.329701j,4.364788
0.800000-0.000000j,0.368589+0.024871j,-0.704018+0.329701j,4.364788
0.800000-0.000000j,0.368589+0.024871j,-0.704018+0.329701j,4.364788
0.800000-0.000000j,0.368589+0.024871j,-0.704018+0.329701j,4.364788
0.800000-0.000000j,0.368589+0.024871j,-0.704018+0.329701j,4.364788
0.800000-0.000000j,0.368589+0.024871j,-0.704018+0.329701j,4.364788
0.800000-0.000000j,0.368589+0.024871j,-0.704018+0.329701j,4.364788
0.800000-0.000000j,0.368589+0.024871j,-0.704018+0.329701j,4.364788
0.800000-0.000000j,0.368589+0.024871j,-0.704018+0.329701j,4.364788
0.800000-0.000000j,0.368589+0.024871j,-0.704018+0.329701j,4.364788
0.800000-0.000000j,0.368589+0.024871j,-0.704018+0.329701j,4.364788
0.800000-0.000000j,0.368589+0.024871j,-0.704018+0.329701j,4.364788
0.800000-0.000000j,0.368589+0.024871j,-0.704018+0.329701j,4.364788
0.800000-0.000000j,0.368589+0.024871j,-0.704018+0.329701j,4.364788
0.800000-0.000000j,0.368589+0.024871j,-0.704018+0.329701j,4.364788
0.800000-0.000000j,0.368589+0.024871j,-0.704018+0.329701j,4.364788
0.800000-0.000000j,0.368589+0.024871j,-0.704018+0.329701j,4.364788
0.800000-0.000000j,0.368589+0.024871j,-0.704018+0.329701j,4.364788
0.800000-0.000000j,0.368589+0.024871j,-0.704018+0.329701j,4.364788
0.800000-0.000000j,0.368589+0.024871j,-0.704018+0.329701j,4.364788
0.800000-0.000000j,0.368589+0.024871j,-0.704018+0.329701j,4.364788
0.800000-0.000000j,0.368589+0.024871j,-0.704018+0.329701j,4.364788
0.800000-0.000000j,0.368589+0.024871j,-0.704018+0.329701j,4.364788
0.800000-0.000000j,0.368589+0.024871j,-0.704018+0.329701j,4.364788
0.800000-0.000000j,0.368589+0.024871j,-0.704018+0.329701j,4.364788
0.800000-0.000000j,0.368589+0.024871j,-0.704018+0.329701j,4.364788
0.800000-0.000000j,0.368589+0.024871j,-0.704018+0.329701j,4.364788
0.800000-0.000000j,0.368589+0.024871j,-0.704018+0.329701j,4.364788
0.800000-0.000000j,0.368589+0.024871j,-0.704018+0.329701j,4.364788
0.800000-0.000000j,0.368589+0.024871j,-0.704018+0.329701j,4.364788
0.800000-0.000000j,0.368589+0.024871j,-0.704018+0.329701j,4.364788
0.800000-0.000000j,0.368589+0.024871j,-0.704018+0.329701j,4.364788
0.800000-0.000000j,0.368589+0.024871j,-0.704018+0.329701j,4.364788
0.800000-0.000000j,0.368589+0.024871j,-0.704018+0.329701j,4.364788
0.800000-0.000000j,0.368589+0.024871j,-0.704018+0.329701j,4.364788
0.800000-0.000000j,0.368589+0.024871j,-0.704018+0.329701j,4.364788
0.800000-0.000000j,0.368589+0.024871j,-0.704018+0.329701j,4.364788
0.800000-0.000000j,0.368589+0.024871j,-0.704018+0.329701j,4.364788
0.800000-0.000000j,0.368589+0.024871j,-0.704018+0.329701j,4.364788
0.800000-0.000000j,0.368589+0.024871j,-0.704018+0.329701j,4.364788
0.800000-0.000000j,0.368589+0.024871j,-0.704018+0.329701j,4.364788
0.800000-0.000000j,0.368589+0.024871j,-0.704018+0.329701j,4.364788
0.800000-0.000000j,0.368589+0.024871j,-0.704018+0.329701j,4.364788
0.800000-0.000000j,0.368589+0.024871j,-0.704018+0.329701j,4.364788
0.800000-0.000000j,0.368589+0.024871j,-0.704018+0.329701j,4.364788
0.800000-0.000000j,0.368589+0.024871j,-0.704018+0.329701j,4.364788
0.800000-0.000000j,0.368589+0.024871j,-0.704018+0.329701j,4.364788
0.800000-0.000000j,0.368589+0.024871j,-0.704018+0.329701j,4.364788
0.800000-0.000000j,0.368589+0.024871j,-0.704018+0.329701j,4.364788
0.800000-0.000000j,0.368589+0.024871j,-0.704018+0.329701j,4.364788
0.800000-0.000000j,0.368589+0.024871j,-0.704018+0.329701j,4.364788
0.800000-0.000000j,0.368589+0.024871j,-0.704018+0.329701j,4.364788
0.800000-0.000000j,0.368589+0.024871j,-0.704018+0.329701j,4.364788
0.800000-0.000000j,0.368589+0.024871j,-0.704018+0.329701j,4.364788
0.800000-0.000000j,0.368589+0.024871j,-0.704018+0.329701j,4.364788
0.800000-0.000000j,0.368589+0.024871j,-0.704018+0.329701j,4.364788
0.800000-0.000000j,0.368589+0.024871j,-0.704018+0.329701j,4.364788
0.800000-0.000000j,0.368589+0.024871j,-0.704018+0.329701j,4.364788
0.800000-0.000000j,0.368589+0.024871j,-0.704018+0.329701j,4.364788
0.800000-0.000000j,0.368589+0.024871j,-0.704018+0.329701j,4.364788
0.800000-0.000000j,0.368589+0.024871j,-0.704018+0.329701j,4.364788
0.800000-0.000000j,0.368589+0.024871j,-0.704018+0.329701j,4.364788
0.800000-0.000000j,0.368589+0.024871j,-0.704018+0.329701j,4.364788
0.800000-0.000000j,0.368589+0.024871j,-0.704018+0.329701j,4.364788
0.800000-0.000000j,0.368589+0.024871j,-0.704018+0.329701j,4.364788
0.800000-0.000000j,0.368589+0.024871j,-0.704018+0.329701j,4.364788
0.800000-0.000000j,0.368589+0.024871j,-0.704018+0.329701j,4.364788
0.800000-0.000000j,0.368589+0.024871j,-0.704018+0.329701j,4.364788
0.800000-0.000000j,0.368589+0.024871j,-0.704018+0.329701j,4.364788
0.800000-0.000000j,0.368589+0.024871j,-0.704018+0.329701j,4.364788
0.800000-0.000000j,0.368589+0.024871j,-0.704018+0.329701j,4.364788
0.800000-0.000000j,0.368589+0.024871j,-0.704018+0.329701j,4.364788
0.800000-0.000000j,0.368589+0.024871j,-0.704018+0.329701j,4.364788
0.800000-0.000000j,0.368589+0.024871j,-0.704018+0.329701j,4.364788
0.800000-0.000000j,0.368589+0.024871j,-0.704018+0.329701j,4.364788
0.800000-0.000000j,0.368589+0.024871j,-0.704018+0.329701j,4.364788
0.800000-0.000000j,0.368589+0.024871j,-0.704018+0.329701j,4.364788
0.800000-0.000000j,0.368589+0.024871j,-0.704018+0.329701j,4.364788
0.800000-0.000000j,0.368589+0.024871j,-0.704018+0.329701j,4.364788
0.800000-0.000000j,0.368589+0.024871j,-0.704018+0.329701j,4.364788
0.800000-0.000000j,0.368589+0.024871j,-0.704018+0.329701j,4.364788
0.800000-0.000000j,0.368589+0.024871j,-0.704018+0.329701j,4.364788
0.800000-0.000000j,0.368589+0.024871j,-0.704018+0.329701j,4.364788
0.800000-0.000000j,0.368589+0.024871j,-0.704018+0.329701j,4.364788
0.800000-0.000000j,0.368589+0.024871j,-0.704018+0.329701j,4.364788
0.800000-0.000000j,0.368589+0.024871j,-0.704018+0.329701j,4.364788
0.800000-0.000000j,0.368589+0.024871j,-0.704018+0.329701j,4.364788
0.800000-0.000000j,0.368589+0.024871j,-0.704018+0.329701j,4.364788
0.800000-0.000000j,0.368589+0.024871j,-0.704018+0.329701j,4.364788
0.800000-0.000000j,0.368589+0.024871j,-0.704018+0.329701j,4.364788
0.800000-0.000000j,0.368589+0.024871j,-0.704018+0.329701j,4.364788
0.800000-0.000000j,0.368589+0.024871j,-0.704018+0.329701j,4.364788
0.800000-0.000000j,0.368589+0.024871j,-0.704018+0.329701j,4.364788
0.800000-0.000000j,0.368589+0.024871j,-0.704018+0.329701j,4.364788
0.800000-0.000000j,0.368589+0.024871j,-0.704018+0.329701j,4.364788
0.800000-0.000000j,0.368589+0.024871j,-0.704018+0.329701j,4.364788
0.800000-0.000000j,0.368589+0.024871j,-0.704018+0.329701j,4.364788
0.800000-0.000000j,0.368589+0.024871j,-0.704018+0.329701j,4.364788
0.800000-0.000000j,0.368589+0.024871j,-0.704018+0.329701j,4.364788
0.800000-0.000000j,0.368589+0.024871j,-0.704018+0.329701j,4.364788
0.800000-0.000000j,0.368589+0.024871j,-0.704018+0.329701j,4.364788
0.800000-0.000000j,0.368589+0.024871j,-0.704018+0.329701j,4.364788
0.800000-0.000000j,0.368589+0.024871j,-0.704018+0.329701j,4.364788
0.800000-0.000000j,0.368589+0.024871j,-0.704018+0.329701j,4.364788
0.800000-0.000000j,0.368589+0.024871j,-0.704018+0.329701j,4.364788
0.800000-0.000000j,0.368589+0.024871j,-0.704018+0.329701j,4.364788
0.800000-0.000000j,0.368589+0.024871j,-0.704018+0.329701j,4.364788
0.800000-0.000000j,0.368589+0.024871j,-0.704018+0.329701j,4.364788
0.800000-0.000000j,0.368589+0.024871j,-0.704018+0.329701j,4.364788
0.800000-0.000000j,0.368589+0.024871j,-0.704018+0.329701j,4.364788
0.800000-0.000000j,0.368589+0.024871j,-0.704018+0.329701j,4.364788
0.800000-0.000000j,0.368589+0.024871j,-0.704018+0.329701j,4.364788
0.800000-0.000000j,0.368589+0.024871j,-0.704018+0.329701j,4.364788
0.800000-0.000000j,0.368589+0.024871j,-0.704018+0.329701j,4.364788
0.800000-0.000000j,0.368589+0.024871j,-0.704018+0.329701j,4.364788
0.800000-0.000000j,0.368589+0.024871j,-0.704018+0.329701j,4.364788
0.800000-0.000000j,0.368589+0.024871j,-0.704018+0.329701j,4.364788
0.800000-0.000000j,0.368589+0.024871j,-0.704018+0.329701j,4.364788
0.800000-0.000000j,0.368589+0.024871j,-0.704018+0.329701j,4.364788
0.800000-0.000000j,0.368589+0.024871j,-0.704018+0.329701j,4.364788
0.800000-0.000000j,0.368589+0.024871j,-0.704018+0.329701j,4.364788
0.800000-0.000000j,0.368589+0.024871j,-0.704018+0.329701j,4.364788
0.800000-0.000000j,0.368589+0.024871j,-0.704018+0.329701j,4.364788
0.800000-0.000000j,0.368589+0.024871j,-0.704018+0.329701j,4.364788
0.800000-0.000000j,0.368589+0.024871j,-0.704018+0.329701j,4.364788
0.800000-0.000000j,0.368589+0.024871j,-0.704018+0.329701j,4.364788
0.800000-0.000000j,0.368589+0.024871j,-0.704018+0.329701j,4.364788
0.800000-0.000000j,0.368589+0.024871j,-0.704018+0.329701j,4.364788
0.800000-0.000000j,0.368589+0.024871j,-0.704018+0.329701j,4.364788
0.800000-0.000000j,0.368589+0.024871j,-0.704018+0.329701j,4.364788
0.800000-0.000000j,0.368589+0.024871j,-0.704018+0.329701j,4.364788
0.800000-0.000000j,0.368589+0.024871j,-0.704018+0.329701j,4.364788
0.800000-0.000000j,0.368589+0.024871j,-0.704018+0.329701j,4.364788
0.800000-0.000000j,0.368589+0.024871j,-0.704018+0.329701j,4.364788
0.800000-0.000000j,0.368589+0.024871j,-0.704018+0.329701j,4.364788
0.800000-0.000000j,0.368589+0.024871j,-0.704018+0.329701j,4.364788
0.800000-0.000000j,0.368589+0.024871j,-0.704018+0.329701j,4.364788
0.800000-0.000000j,0.368589+0.024871j,-0.704018+0.329701j,4.364788
0.800000-0.000000j,0.368589+0.024871j,-0.704018+0.329701j,4.364788
0.800000-0.000000j,0.368589+0.024871j,-0.704018+0.329701j,4.364788
0.800000-0.000000j,0.368589+0.024871j,-0.704018+0.329701j,4.364788
0.800000-0.000000j,0.368589+0.024871j,-0.704018+0.329701j,4.364788
0.800000-0.000000j,0.368589+0.024871j,-0.704018+0.329701j,4.364788
0.800000-0.000000j,0.368589+0.024871j,-0.704018+0.329701j,4.364788
0.800000-0.000000j,0.368589+0.024871j,-0.704018+0.329701j,4.364788
0.800000-0.000000j,0.368589+0.024871j,-0.704018+0.329701j,4.364788
0.800000-0.000000j,0.368589+0.024871j,-0.704018+0.329701j,4.364788
0.800000-0.000000j,0.368589+0.024871j,-0.704018+0.329701j,4.364788
0.800000-0.000000j,0.368589+0.024871j,-0.704018+0.329701j,4.364788
0.800000-0.000000j,0.368589+0.024871j,-0.704018+0.329701j,4.364788
0.800000-0.000000j,0.368589+0.024871j,-0.704018+0.329701j,4.364788
0.800000-0.000000j,0.368589+0.024871j,-0.704018+0.329701j,4.364788
0.800000-0.000000j,0.368589+0.024871j,-0.704018+0.329701j,4.364788
0.800000-0.000000j,0.368589+0.024871j,-0.704018+0.329701j,4.364788
0.800000-0.000000j,0.368589+0.024871j,-0.704018+0.329701j,4.364788
0.800000-0.000000j,0.368589+0.024871j,-0.704018+0.329701j,4.364788
0.800000-0.000000j,0.368589+0.024871j,-0.704018+0.329701j,4.364788
0.800000-0.000000j,0.368589+0.024871j,-0.704018+0.329701j,4.364788
0.800000-0.000000j,0.368589+0.024871j,-0.704018+0.329701j,4.364788
0.800000-0.000000j,0.368589+0.024871j,-0.704018+0.329701j,4.364788
0.800000-0.000000j,0.368589+0.024871j,-0.704018+0.329701j,4.364788
0.800000-0.000000j,0.368589+0.024871j,-0.704018+0.329701j,4.364788
0.800000-0.000000j,0.368589+0.024871j,-0.704018+0.329701j,4.364788
0.800000-0.000000j,0.368589+0.024871j,-0.704018+0.329701j,4.364788
0.800000-0.000000j,0.368589+0.024871j,-0.704018+0.329701j,4.364788
0.800000-0.000000j,0.368589+0.024871j,-0.704018+0.329701j,4.364788
0.800000-0.000000j,0.368589+0.024871j,-0.704018+0.329701j,4.364788
0.800000-0.000000j,0.368589+0.024871j,-0.704018+0.329701j,4.364788
0.800000-0.000000j,0.368589+0.024871j,-0.704018+0.329701j,4.364788
0.800000-0.000000j,0.368589+0.024871j,-0.704018+0.329701j,4.364788
0.800000-0.000000j,0.368589+0.024871j,-0.704018+0.329701j,4.364788
0.800000-0.000000j,0.368589+0.024871j,-0.704018+0.329701j,4.364788
0.800000-0.000000j,0.368589+0.024871j,-0.704018+0.329701j,4.364788
0.800000-0.000000j,0.368589+0.024871j,-0.704018+0.329701j,4.364788
0.800000-0.000000j,0.368589+0.024871j,-0.704018+0.329701j,4.364788
